name,delta,u_mid,u_high,c_mid,c_high,hyst,pout_1s,avg_power_mW,adv_rate,switch_rate
P_minPower@0.02,0.02,0.15,0.35,0.1,0.35,0.08,0.0111693487747566,196.11531722054377,8.8987915407855,0.0258475998657267
P_minPower@0.03,0.03,0.1,0.35,0.15,0.35,0.08,0.0296570800604229,195.08747734138973,8.435800604229605,0.0287009063444108
P_minPower@0.04,0.04,0.1,0.35,0.2,0.35,0.08,0.0399961188318227,194.9276283987915,8.363796576032225,0.0278616985565626
