name,delta,u_mid,u_high,c_mid,c_high,hyst,pout_1s,avg_power_mW,adv_rate,switch_rate
P_minPower,0.13,0.2,0.35,0.2,0.35,0.02,0.124958217354817,187.93504531722053,4.0885364216179925,0.0715005035246727
P_mid,0.15,0.2,0.25,0.2,0.35,0.08,0.1289191253776435,190.35334004699564,5.146106075864383,0.0521987244041624
P_safe,0.17,0.1,0.25,0.1,0.35,0.08,0.1412687779456193,199.24942933870423,9.046743873783148,0.0231621349446122
