run,condition_label,n_trials,mean_ms_total,mean_rx,mean_rate_hz,std_rate_hz
on_off_test_01,I1000_OFF,2,58204,48.5,0.8333919273598263,0.01501946559316475
on_off_test_01,I1000_ON,2,58680.5,48,0.8180073794676886,0.017884807499216837
on_off_test_01,I100_OFF,2,59665,468.5,7.852003375634805,0.15027342278482925
on_off_test_01,I100_ON,2,59799.5,467,7.809474050264074,0.1036654418227867
on_off_test_01,I2000_OFF,2,57545.5,25,0.4344295055142236,0.03463809233848919
on_off_test_01,I2000_ON,2,57513,25,0.43468477431538827,0.00043836553318887805
on_off_test_01,I500_OFF,2,59499.5,96.5,1.6218506650822153,0.024433436517032114
on_off_test_01,I500_ON,2,59520,97,1.6297176118438144,0.018005839632411424
