run,condition,interval_ms,n_trials,mean_ms_total,mean_mean_p_mw,std_mean_p_mw
on_off_test_01,sleep_off,100.0,2,59296.0,202.2,0.7071067811865476
on_off_test_01,sleep_off,500.0,2,59442.5,183.75,0.2121320343559723
on_off_test_01,sleep_off,1000.0,2,58983.5,180.7,0.1414213562373316
on_off_test_01,sleep_off,2000.0,2,59021.0,178.35,1.2020815280171229
on_off_test_01,sleep_on,100.0,2,59427.5,202.3,0.9899494936611605
on_off_test_01,sleep_on,500.0,2,59463.5,183.55,0.4949747468305853
on_off_test_01,sleep_on,1000.0,2,58999.5,179.85000000000002,0.7778174593052083
on_off_test_01,sleep_on,2000.0,2,59041.5,178.7,1.4142135623730951
