prog_id,ms,event,rssi,addr,mfd
# meta, firmware=RX_CCS_E2, program_id=RX_CCS_E2_20260121, trial_index=8, scan_interval_ms=100, scan_window_ms=90, active_scan=0, dup_filter=0, buf_size=512, build=Jan 21 2026 06:00:00
RX_CCS_E2_20260121,80,ADV,-32,e0:5a:1b:15:b2:ee,MF0000
RX_CCS_E2_20260121,190,ADV,-35,e0:5a:1b:15:b2:ee,MF0000
RX_CCS_E2_20260121,295,ADV,-36,e0:5a:1b:15:b2:ee,MF0000
RX_CCS_E2_20260121,392,ADV,-32,e0:5a:1b:15:b2:ee,MF0000
RX_CCS_E2_20260121,506,ADV,-35,e0:5a:1b:15:b2:ee,MF0001
RX_CCS_E2_20260121,603,ADV,-35,e0:5a:1b:15:b2:ee,MF0002
RX_CCS_E2_20260121,704,ADV,-32,e0:5a:1b:15:b2:ee,MF0003
RX_CCS_E2_20260121,814,ADV,-35,e0:5a:1b:15:b2:ee,MF0004
RX_CCS_E2_20260121,920,ADV,-35,e0:5a:1b:15:b2:ee,MF0005
RX_CCS_E2_20260121,1020,ADV,-32,e0:5a:1b:15:b2:ee,MF0006
RX_CCS_E2_20260121,1129,ADV,-35,e0:5a:1b:15:b2:ee,MF0007
RX_CCS_E2_20260121,1243,ADV,-35,e0:5a:1b:15:b2:ee,MF0008
RX_CCS_E2_20260121,1341,ADV,-32,e0:5a:1b:15:b2:ee,MF000A
RX_CCS_E2_20260121,1663,ADV,-35,e0:5a:1b:15:b2:ee,MF000D
RX_CCS_E2_20260121,1774,ADV,-36,e0:5a:1b:15:b2:ee,MF000E
RX_CCS_E2_20260121,1865,ADV,-32,e0:5a:1b:15:b2:ee,MF000F
RX_CCS_E2_20260121,1993,ADV,-35,e0:5a:1b:15:b2:ee,MF0010
RX_CCS_E2_20260121,2084,ADV,-35,e0:5a:1b:15:b2:ee,MF0011
RX_CCS_E2_20260121,2185,ADV,-32,e0:5a:1b:15:b2:ee,MF0012
RX_CCS_E2_20260121,2294,ADV,-38,e0:5a:1b:15:b2:ee,MF0013
RX_CCS_E2_20260121,2396,ADV,-35,e0:5a:1b:15:b2:ee,MF0014
RX_CCS_E2_20260121,2600,ADV,-35,e0:5a:1b:15:b2:ee,MF0016
RX_CCS_E2_20260121,2715,ADV,-35,e0:5a:1b:15:b2:ee,MF0017
RX_CCS_E2_20260121,2811,ADV,-77,e0:5a:1b:15:b2:ee,MF0018
RX_CCS_E2_20260121,2914,ADV,-35,e0:5a:1b:15:b2:ee,MF0019
RX_CCS_E2_20260121,3024,ADV,-35,e0:5a:1b:15:b2:ee,MF001A
RX_CCS_E2_20260121,3131,ADV,-32,e0:5a:1b:15:b2:ee,MF001B
RX_CCS_E2_20260121,3243,ADV,-35,e0:5a:1b:15:b2:ee,MF001D
RX_CCS_E2_20260121,3762,ADV,-35,e0:5a:1b:15:b2:ee,MF0022
RX_CCS_E2_20260121,3861,ADV,-35,e0:5a:1b:15:b2:ee,MF0023
RX_CCS_E2_20260121,3968,ADV,-32,e0:5a:1b:15:b2:ee,MF0024
RX_CCS_E2_20260121,4083,ADV,-35,e0:5a:1b:15:b2:ee,MF0025
RX_CCS_E2_20260121,4195,ADV,-36,e0:5a:1b:15:b2:ee,MF0026
RX_CCS_E2_20260121,4291,ADV,-32,e0:5a:1b:15:b2:ee,MF0027
RX_CCS_E2_20260121,4394,ADV,-35,e0:5a:1b:15:b2:ee,MF0028
RX_CCS_E2_20260121,4499,ADV,-35,e0:5a:1b:15:b2:ee,MF0029
RX_CCS_E2_20260121,4729,ADV,-35,e0:5a:1b:15:b2:ee,MF002B
RX_CCS_E2_20260121,4819,ADV,-35,e0:5a:1b:15:b2:ee,MF002C
RX_CCS_E2_20260121,4909,ADV,-32,e0:5a:1b:15:b2:ee,MF002D
RX_CCS_E2_20260121,5021,ADV,-35,e0:5a:1b:15:b2:ee,MF002E
RX_CCS_E2_20260121,5121,ADV,-35,e0:5a:1b:15:b2:ee,MF002F
RX_CCS_E2_20260121,5221,ADV,-32,e0:5a:1b:15:b2:ee,MF0030
RX_CCS_E2_20260121,5332,ADV,-38,e0:5a:1b:15:b2:ee,MF0031
RX_CCS_E2_20260121,5438,ADV,-35,e0:5a:1b:15:b2:ee,MF0032
RX_CCS_E2_20260121,5534,ADV,-32,e0:5a:1b:15:b2:ee,MF0033
RX_CCS_E2_20260121,5856,ADV,-35,e0:5a:1b:15:b2:ee,MF0037
RX_CCS_E2_20260121,5968,ADV,-35,e0:5a:1b:15:b2:ee,MF0038
RX_CCS_E2_20260121,6064,ADV,-32,e0:5a:1b:15:b2:ee,MF0039
RX_CCS_E2_20260121,6172,ADV,-35,e0:5a:1b:15:b2:ee,MF003A
RX_CCS_E2_20260121,6289,ADV,-35,e0:5a:1b:15:b2:ee,MF003B
RX_CCS_E2_20260121,6381,ADV,-32,e0:5a:1b:15:b2:ee,MF003C
RX_CCS_E2_20260121,6493,ADV,-38,e0:5a:1b:15:b2:ee,MF003D
RX_CCS_E2_20260121,6613,ADV,-35,e0:5a:1b:15:b2:ee,MF003E
RX_CCS_E2_20260121,6700,ADV,-32,e0:5a:1b:15:b2:ee,MF003F
RX_CCS_E2_20260121,6809,ADV,-35,e0:5a:1b:15:b2:ee,MF0040
RX_CCS_E2_20260121,6918,ADV,-35,e0:5a:1b:15:b2:ee,MF0041
RX_CCS_E2_20260121,7026,ADV,-32,e0:5a:1b:15:b2:ee,MF0042
RX_CCS_E2_20260121,7123,ADV,-35,e0:5a:1b:15:b2:ee,MF0043
RX_CCS_E2_20260121,7228,ADV,-35,e0:5a:1b:15:b2:ee,MF0044
RX_CCS_E2_20260121,7329,ADV,-32,e0:5a:1b:15:b2:ee,MF0045
RX_CCS_E2_20260121,7437,ADV,-35,e0:5a:1b:15:b2:ee,MF0047
RX_CCS_E2_20260121,7541,ADV,-35,e0:5a:1b:15:b2:ee,MF0048
RX_CCS_E2_20260121,7643,ADV,-32,e0:5a:1b:15:b2:ee,MF0049
RX_CCS_E2_20260121,8067,ADV,-35,e0:5a:1b:15:b2:ee,MF004D
RX_CCS_E2_20260121,8189,ADV,-32,e0:5a:1b:15:b2:ee,MF004E
RX_CCS_E2_20260121,8276,ADV,-38,e0:5a:1b:15:b2:ee,MF004F
RX_CCS_E2_20260121,8395,ADV,-35,e0:5a:1b:15:b2:ee,MF0050
RX_CCS_E2_20260121,8480,ADV,-32,e0:5a:1b:15:b2:ee,MF0051
RX_CCS_E2_20260121,8588,ADV,-35,e0:5a:1b:15:b2:ee,MF0052
RX_CCS_E2_20260121,8695,ADV,-35,e0:5a:1b:15:b2:ee,MF0053
RX_CCS_E2_20260121,8790,ADV,-32,e0:5a:1b:15:b2:ee,MF0054
RX_CCS_E2_20260121,8894,ADV,-35,e0:5a:1b:15:b2:ee,MF0055
RX_CCS_E2_20260121,9035,ADV,-35,e0:5a:1b:15:b2:ee,MF0056
RX_CCS_E2_20260121,9215,ADV,-35,e0:5a:1b:15:b2:ee,MF0058
RX_CCS_E2_20260121,9316,ADV,-35,e0:5a:1b:15:b2:ee,MF0059
RX_CCS_E2_20260121,9413,ADV,-32,e0:5a:1b:15:b2:ee,MF005A
RX_CCS_E2_20260121,9536,ADV,-35,e0:5a:1b:15:b2:ee,MF005B
RX_CCS_E2_20260121,9633,ADV,-35,e0:5a:1b:15:b2:ee,MF005C
RX_CCS_E2_20260121,9736,ADV,-32,e0:5a:1b:15:b2:ee,MF005E
RX_CCS_E2_20260121,9843,ADV,-35,e0:5a:1b:15:b2:ee,MF005F
RX_CCS_E2_20260121,10171,ADV,-35,e0:5a:1b:15:b2:ee,MF0062
RX_CCS_E2_20260121,10273,ADV,-32,e0:5a:1b:15:b2:ee,MF0063
RX_CCS_E2_20260121,10372,ADV,-35,e0:5a:1b:15:b2:ee,MF0064
RX_CCS_E2_20260121,10473,ADV,-35,e0:5a:1b:15:b2:ee,MF0065
RX_CCS_E2_20260121,10577,ADV,-32,e0:5a:1b:15:b2:ee,MF0066
RX_CCS_E2_20260121,10687,ADV,-35,e0:5a:1b:15:b2:ee,MF0067
RX_CCS_E2_20260121,10791,ADV,-35,e0:5a:1b:15:b2:ee,MF0068
RX_CCS_E2_20260121,10997,ADV,-35,e0:5a:1b:15:b2:ee,MF006A
RX_CCS_E2_20260121,11119,ADV,-35,e0:5a:1b:15:b2:ee,MF006B
RX_CCS_E2_20260121,11210,ADV,-32,e0:5a:1b:15:b2:ee,MF006C
RX_CCS_E2_20260121,11312,ADV,-35,e0:5a:1b:15:b2:ee,MF006D
RX_CCS_E2_20260121,11422,ADV,-35,e0:5a:1b:15:b2:ee,MF006E
RX_CCS_E2_20260121,11525,ADV,-32,e0:5a:1b:15:b2:ee,MF006F
RX_CCS_E2_20260121,11629,ADV,-35,e0:5a:1b:15:b2:ee,MF0070
RX_CCS_E2_20260121,11737,ADV,-35,e0:5a:1b:15:b2:ee,MF0071
RX_CCS_E2_20260121,11843,ADV,-32,e0:5a:1b:15:b2:ee,MF0073
RX_CCS_E2_20260121,12175,ADV,-35,e0:5a:1b:15:b2:ee,MF0076
RX_CCS_E2_20260121,12270,ADV,-35,e0:5a:1b:15:b2:ee,MF0077
RX_CCS_E2_20260121,12374,ADV,-32,e0:5a:1b:15:b2:ee,MF0078
RX_CCS_E2_20260121,12482,ADV,-35,e0:5a:1b:15:b2:ee,MF0079
RX_CCS_E2_20260121,12595,ADV,-35,e0:5a:1b:15:b2:ee,MF007A
RX_CCS_E2_20260121,12699,ADV,-32,e0:5a:1b:15:b2:ee,MF007B
RX_CCS_E2_20260121,12794,ADV,-38,e0:5a:1b:15:b2:ee,MF007C
RX_CCS_E2_20260121,12904,ADV,-35,e0:5a:1b:15:b2:ee,MF007D
RX_CCS_E2_20260121,13117,ADV,-35,e0:5a:1b:15:b2:ee,MF007F
RX_CCS_E2_20260121,13225,ADV,-35,e0:5a:1b:15:b2:ee,MF0080
RX_CCS_E2_20260121,13323,ADV,-32,e0:5a:1b:15:b2:ee,MF0081
RX_CCS_E2_20260121,13427,ADV,-35,e0:5a:1b:15:b2:ee,MF0082
RX_CCS_E2_20260121,13542,ADV,-35,e0:5a:1b:15:b2:ee,MF0084
RX_CCS_E2_20260121,13643,ADV,-32,e0:5a:1b:15:b2:ee,MF0085
RX_CCS_E2_20260121,13856,ADV,-32,e0:5a:1b:15:b2:ee,MF0087
RX_CCS_E2_20260121,13966,ADV,-35,e0:5a:1b:15:b2:ee,MF0088
RX_CCS_E2_20260121,14077,ADV,-35,e0:5a:1b:15:b2:ee,MF0089
RX_CCS_E2_20260121,14175,ADV,-32,e0:5a:1b:15:b2:ee,MF008A
RX_CCS_E2_20260121,14275,ADV,-38,e0:5a:1b:15:b2:ee,MF008B
RX_CCS_E2_20260121,14381,ADV,-35,e0:5a:1b:15:b2:ee,MF008C
RX_CCS_E2_20260121,14591,ADV,-35,e0:5a:1b:15:b2:ee,MF008E
RX_CCS_E2_20260121,14700,ADV,-35,e0:5a:1b:15:b2:ee,MF008F
RX_CCS_E2_20260121,14803,ADV,-32,e0:5a:1b:15:b2:ee,MF0090
RX_CCS_E2_20260121,14906,ADV,-38,e0:5a:1b:15:b2:ee,MF0091
RX_CCS_E2_20260121,15016,ADV,-35,e0:5a:1b:15:b2:ee,MF0092
RX_CCS_E2_20260121,15115,ADV,-32,e0:5a:1b:15:b2:ee,MF0093
RX_CCS_E2_20260121,15222,ADV,-35,e0:5a:1b:15:b2:ee,MF0094
RX_CCS_E2_20260121,15336,ADV,-35,e0:5a:1b:15:b2:ee,MF0095
RX_CCS_E2_20260121,15438,ADV,-32,e0:5a:1b:15:b2:ee,MF0097
RX_CCS_E2_20260121,15863,ADV,-35,e0:5a:1b:15:b2:ee,MF009B
RX_CCS_E2_20260121,15974,ADV,-32,e0:5a:1b:15:b2:ee,MF009C
RX_CCS_E2_20260121,16076,ADV,-35,e0:5a:1b:15:b2:ee,MF009D
RX_CCS_E2_20260121,16183,ADV,-35,e0:5a:1b:15:b2:ee,MF009E
RX_CCS_E2_20260121,16278,ADV,-32,e0:5a:1b:15:b2:ee,MF009F
RX_CCS_E2_20260121,16384,ADV,-35,e0:5a:1b:15:b2:ee,MF00A0
RX_CCS_E2_20260121,16492,ADV,-35,e0:5a:1b:15:b2:ee,MF00A1
RX_CCS_E2_20260121,16594,ADV,-32,e0:5a:1b:15:b2:ee,MF00A2
RX_CCS_E2_20260121,16703,ADV,-35,e0:5a:1b:15:b2:ee,MF00A3
RX_CCS_E2_20260121,16810,ADV,-35,e0:5a:1b:15:b2:ee,MF00A4
RX_CCS_E2_20260121,16914,ADV,-32,e0:5a:1b:15:b2:ee,MF00A5
RX_CCS_E2_20260121,17031,ADV,-38,e0:5a:1b:15:b2:ee,MF00A6
RX_CCS_E2_20260121,17133,ADV,-35,e0:5a:1b:15:b2:ee,MF00A7
RX_CCS_E2_20260121,17240,ADV,-32,e0:5a:1b:15:b2:ee,MF00A9
RX_CCS_E2_20260121,17560,ADV,-34,e0:5a:1b:15:b2:ee,MF00AC
RX_CCS_E2_20260121,17759,ADV,-32,e0:5a:1b:15:b2:ee,MF00AE
RX_CCS_E2_20260121,17866,ADV,-35,e0:5a:1b:15:b2:ee,MF00AF
RX_CCS_E2_20260121,17970,ADV,-35,e0:5a:1b:15:b2:ee,MF00B0
RX_CCS_E2_20260121,18078,ADV,-32,e0:5a:1b:15:b2:ee,MF00B1
RX_CCS_E2_20260121,18172,ADV,-38,e0:5a:1b:15:b2:ee,MF00B2
RX_CCS_E2_20260121,18278,ADV,-35,e0:5a:1b:15:b2:ee,MF00B3
RX_CCS_E2_20260121,18388,ADV,-32,e0:5a:1b:15:b2:ee,MF00B4
RX_CCS_E2_20260121,18489,ADV,-35,e0:5a:1b:15:b2:ee,MF00B5
RX_CCS_E2_20260121,18595,ADV,-35,e0:5a:1b:15:b2:ee,MF00B6
RX_CCS_E2_20260121,18728,ADV,-32,e0:5a:1b:15:b2:ee,MF00B7
RX_CCS_E2_20260121,18797,ADV,-35,e0:5a:1b:15:b2:ee,MF00B8
RX_CCS_E2_20260121,18906,ADV,-35,e0:5a:1b:15:b2:ee,MF00B9
RX_CCS_E2_20260121,19033,ADV,-32,e0:5a:1b:15:b2:ee,MF00BA
RX_CCS_E2_20260121,19121,ADV,-35,e0:5a:1b:15:b2:ee,MF00BB
RX_CCS_E2_20260121,19230,ADV,-35,e0:5a:1b:15:b2:ee,MF00BC
RX_CCS_E2_20260121,19332,ADV,-32,e0:5a:1b:15:b2:ee,MF00BD
RX_CCS_E2_20260121,19439,ADV,-35,e0:5a:1b:15:b2:ee,MF00BF
RX_CCS_E2_20260121,19769,ADV,-35,e0:5a:1b:15:b2:ee,MF00C2
RX_CCS_E2_20260121,19867,ADV,-32,e0:5a:1b:15:b2:ee,MF00C3
RX_CCS_E2_20260121,19975,ADV,-38,e0:5a:1b:15:b2:ee,MF00C4
RX_CCS_E2_20260121,20085,ADV,-35,e0:5a:1b:15:b2:ee,MF00C5
RX_CCS_E2_20260121,20188,ADV,-32,e0:5a:1b:15:b2:ee,MF00C6
RX_CCS_E2_20260121,20294,ADV,-35,e0:5a:1b:15:b2:ee,MF00C7
RX_CCS_E2_20260121,20392,ADV,-36,e0:5a:1b:15:b2:ee,MF00C8
RX_CCS_E2_20260121,20518,ADV,-32,e0:5a:1b:15:b2:ee,MF00C9
RX_CCS_E2_20260121,20603,ADV,-35,e0:5a:1b:15:b2:ee,MF00CA
RX_CCS_E2_20260121,20700,ADV,-35,e0:5a:1b:15:b2:ee,MF00CB
RX_CCS_E2_20260121,20806,ADV,-32,e0:5a:1b:15:b2:ee,MF00CC
RX_CCS_E2_20260121,20899,ADV,-35,e0:5a:1b:15:b2:ee,MF00CD
RX_CCS_E2_20260121,21007,ADV,-35,e0:5a:1b:15:b2:ee,MF00CE
RX_CCS_E2_20260121,21108,ADV,-32,e0:5a:1b:15:b2:ee,MF00CF
RX_CCS_E2_20260121,21218,ADV,-38,e0:5a:1b:15:b2:ee,MF00D0
RX_CCS_E2_20260121,21326,ADV,-35,e0:5a:1b:15:b2:ee,MF00D1
RX_CCS_E2_20260121,21425,ADV,-32,e0:5a:1b:15:b2:ee,MF00D2
RX_CCS_E2_20260121,21543,ADV,-35,e0:5a:1b:15:b2:ee,MF00D4
RX_CCS_E2_20260121,21638,ADV,-35,e0:5a:1b:15:b2:ee,MF00D5
RX_CCS_E2_20260121,21741,ADV,-32,e0:5a:1b:15:b2:ee,MF00D6
RX_CCS_E2_20260121,21841,ADV,-35,e0:5a:1b:15:b2:ee,MF00D7
RX_CCS_E2_20260121,21943,ADV,-35,e0:5a:1b:15:b2:ee,MF00D8
RX_CCS_E2_20260121,22156,ADV,-35,e0:5a:1b:15:b2:ee,MF00DA
RX_CCS_E2_20260121,22259,ADV,-32,e0:5a:1b:15:b2:ee,MF00DB
RX_CCS_E2_20260121,22368,ADV,-35,e0:5a:1b:15:b2:ee,MF00DC
RX_CCS_E2_20260121,22471,ADV,-36,e0:5a:1b:15:b2:ee,MF00DD
RX_CCS_E2_20260121,22575,ADV,-31,e0:5a:1b:15:b2:ee,MF00DE
RX_CCS_E2_20260121,22681,ADV,-38,e0:5a:1b:15:b2:ee,MF00DF
RX_CCS_E2_20260121,22790,ADV,-35,e0:5a:1b:15:b2:ee,MF00E0
RX_CCS_E2_20260121,22892,ADV,-32,e0:5a:1b:15:b2:ee,MF00E1
RX_CCS_E2_20260121,23020,ADV,-38,e0:5a:1b:15:b2:ee,MF00E2
RX_CCS_E2_20260121,23111,ADV,-35,e0:5a:1b:15:b2:ee,MF00E3
RX_CCS_E2_20260121,23325,ADV,-35,e0:5a:1b:15:b2:ee,MF00E5
RX_CCS_E2_20260121,23437,ADV,-35,e0:5a:1b:15:b2:ee,MF00E6
RX_CCS_E2_20260121,23532,ADV,-32,e0:5a:1b:15:b2:ee,MF00E7
RX_CCS_E2_20260121,23643,ADV,-34,e0:5a:1b:15:b2:ee,MF00E9
RX_CCS_E2_20260121,24165,ADV,-35,e0:5a:1b:15:b2:ee,MF00EE
RX_CCS_E2_20260121,24269,ADV,-35,e0:5a:1b:15:b2:ee,MF00EF
RX_CCS_E2_20260121,24404,ADV,-32,e0:5a:1b:15:b2:ee,MF00F0
RX_CCS_E2_20260121,24473,ADV,-35,e0:5a:1b:15:b2:ee,MF00F1
RX_CCS_E2_20260121,24584,ADV,-35,e0:5a:1b:15:b2:ee,MF00F2
RX_CCS_E2_20260121,24683,ADV,-32,e0:5a:1b:15:b2:ee,MF00F3
RX_CCS_E2_20260121,24795,ADV,-35,e0:5a:1b:15:b2:ee,MF00F4
RX_CCS_E2_20260121,24891,ADV,-35,e0:5a:1b:15:b2:ee,MF00F5
RX_CCS_E2_20260121,24992,ADV,-32,e0:5a:1b:15:b2:ee,MF00F6
RX_CCS_E2_20260121,25119,ADV,-35,e0:5a:1b:15:b2:ee,MF00F7
RX_CCS_E2_20260121,25218,ADV,-35,e0:5a:1b:15:b2:ee,MF00F8
RX_CCS_E2_20260121,25306,ADV,-32,e0:5a:1b:15:b2:ee,MF00F9
RX_CCS_E2_20260121,25422,ADV,-35,e0:5a:1b:15:b2:ee,MF00FA
RX_CCS_E2_20260121,25520,ADV,-35,e0:5a:1b:15:b2:ee,MF00FB
RX_CCS_E2_20260121,25717,ADV,-38,e0:5a:1b:15:b2:ee,MF00FD
RX_CCS_E2_20260121,25822,ADV,-36,e0:5a:1b:15:b2:ee,MF00FE
RX_CCS_E2_20260121,25926,ADV,-108,e0:5a:1b:15:b2:ee,MF00FF
RX_CCS_E2_20260121,26029,ADV,-38,e0:5a:1b:15:b2:ee,MF0100
RX_CCS_E2_20260121,26134,ADV,-35,e0:5a:1b:15:b2:ee,MF0101
RX_CCS_E2_20260121,26234,ADV,-32,e0:5a:1b:15:b2:ee,MF0102
RX_CCS_E2_20260121,26337,ADV,-35,e0:5a:1b:15:b2:ee,MF0104
RX_CCS_E2_20260121,26443,ADV,-35,e0:5a:1b:15:b2:ee,MF0105
RX_CCS_E2_20260121,26543,ADV,-32,e0:5a:1b:15:b2:ee,MF0106
RX_CCS_E2_20260121,26756,ADV,-32,e0:5a:1b:15:b2:ee,MF0108
RX_CCS_E2_20260121,26867,ADV,-35,e0:5a:1b:15:b2:ee,MF0109
RX_CCS_E2_20260121,27107,ADV,-32,e0:5a:1b:15:b2:ee,MF010B
RX_CCS_E2_20260121,27201,ADV,-35,e0:5a:1b:15:b2:ee,MF010C
RX_CCS_E2_20260121,27287,ADV,-35,e0:5a:1b:15:b2:ee,MF010D
RX_CCS_E2_20260121,27383,ADV,-32,e0:5a:1b:15:b2:ee,MF010E
RX_CCS_E2_20260121,27490,ADV,-35,e0:5a:1b:15:b2:ee,MF010F
RX_CCS_E2_20260121,27590,ADV,-35,e0:5a:1b:15:b2:ee,MF0110
RX_CCS_E2_20260121,27703,ADV,-32,e0:5a:1b:15:b2:ee,MF0111
RX_CCS_E2_20260121,27806,ADV,-38,e0:5a:1b:15:b2:ee,MF0112
RX_CCS_E2_20260121,27942,ADV,-35,e0:5a:1b:15:b2:ee,MF0113
RX_CCS_E2_20260121,28021,ADV,-32,e0:5a:1b:15:b2:ee,MF0114
RX_CCS_E2_20260121,28143,ADV,-35,e0:5a:1b:15:b2:ee,MF0115
RX_CCS_E2_20260121,28233,ADV,-35,e0:5a:1b:15:b2:ee,MF0116
RX_CCS_E2_20260121,28438,ADV,-38,e0:5a:1b:15:b2:ee,MF0119
RX_CCS_E2_20260121,28878,ADV,-32,e0:5a:1b:15:b2:ee,MF011D
RX_CCS_E2_20260121,28972,ADV,-35,e0:5a:1b:15:b2:ee,MF011E
RX_CCS_E2_20260121,29071,ADV,-35,e0:5a:1b:15:b2:ee,MF011F
RX_CCS_E2_20260121,29169,ADV,-32,e0:5a:1b:15:b2:ee,MF0120
RX_CCS_E2_20260121,29278,ADV,-35,e0:5a:1b:15:b2:ee,MF0121
RX_CCS_E2_20260121,29380,ADV,-35,e0:5a:1b:15:b2:ee,MF0122
RX_CCS_E2_20260121,29478,ADV,-32,e0:5a:1b:15:b2:ee,MF0123
RX_CCS_E2_20260121,29586,ADV,-38,e0:5a:1b:15:b2:ee,MF0124
RX_CCS_E2_20260121,29689,ADV,-35,e0:5a:1b:15:b2:ee,MF0125
RX_CCS_E2_20260121,29793,ADV,-32,e0:5a:1b:15:b2:ee,MF0126
RX_CCS_E2_20260121,29900,ADV,-35,e0:5a:1b:15:b2:ee,MF0127
RX_CCS_E2_20260121,30009,ADV,-35,e0:5a:1b:15:b2:ee,MF0128
RX_CCS_E2_20260121,30112,ADV,-32,e0:5a:1b:15:b2:ee,MF0129
RX_CCS_E2_20260121,30217,ADV,-35,e0:5a:1b:15:b2:ee,MF012A
RX_CCS_E2_20260121,30317,ADV,-35,e0:5a:1b:15:b2:ee,MF012B
RX_CCS_E2_20260121,30419,ADV,-32,e0:5a:1b:15:b2:ee,MF012C
RX_CCS_E2_20260121,30527,ADV,-38,e0:5a:1b:15:b2:ee,MF012D
RX_CCS_E2_20260121,30635,ADV,-35,e0:5a:1b:15:b2:ee,MF012E
RX_CCS_E2_20260121,30844,ADV,-38,e0:5a:1b:15:b2:ee,MF0130
RX_CCS_E2_20260121,31078,ADV,-35,e0:5a:1b:15:b2:ee,MF0133
RX_CCS_E2_20260121,31162,ADV,-35,e0:5a:1b:15:b2:ee,MF0134
RX_CCS_E2_20260121,31263,ADV,-32,e0:5a:1b:15:b2:ee,MF0135
RX_CCS_E2_20260121,31380,ADV,-35,e0:5a:1b:15:b2:ee,MF0136
RX_CCS_E2_20260121,31476,ADV,-35,e0:5a:1b:15:b2:ee,MF0137
RX_CCS_E2_20260121,31581,ADV,-32,e0:5a:1b:15:b2:ee,MF0138
RX_CCS_E2_20260121,31690,ADV,-35,e0:5a:1b:15:b2:ee,MF0139
RX_CCS_E2_20260121,31796,ADV,-35,e0:5a:1b:15:b2:ee,MF013A
RX_CCS_E2_20260121,31892,ADV,-32,e0:5a:1b:15:b2:ee,MF013B
RX_CCS_E2_20260121,32000,ADV,-35,e0:5a:1b:15:b2:ee,MF013C
RX_CCS_E2_20260121,32111,ADV,-35,e0:5a:1b:15:b2:ee,MF013D
RX_CCS_E2_20260121,32211,ADV,-32,e0:5a:1b:15:b2:ee,MF013E
RX_CCS_E2_20260121,32316,ADV,-38,e0:5a:1b:15:b2:ee,MF013F
RX_CCS_E2_20260121,32433,ADV,-35,e0:5a:1b:15:b2:ee,MF0140
RX_CCS_E2_20260121,32636,ADV,-35,e0:5a:1b:15:b2:ee,MF0142
RX_CCS_E2_20260121,32967,ADV,-35,e0:5a:1b:15:b2:ee,MF0146
RX_CCS_E2_20260121,33064,ADV,-32,e0:5a:1b:15:b2:ee,MF0147
RX_CCS_E2_20260121,33157,ADV,-38,e0:5a:1b:15:b2:ee,MF0148
RX_CCS_E2_20260121,33260,ADV,-35,e0:5a:1b:15:b2:ee,MF0149
RX_CCS_E2_20260121,33471,ADV,-35,e0:5a:1b:15:b2:ee,MF014B
RX_CCS_E2_20260121,33596,ADV,-36,e0:5a:1b:15:b2:ee,MF014C
RX_CCS_E2_20260121,33684,ADV,-32,e0:5a:1b:15:b2:ee,MF014D
RX_CCS_E2_20260121,33812,ADV,-35,e0:5a:1b:15:b2:ee,MF014E
RX_CCS_E2_20260121,33895,ADV,-35,e0:5a:1b:15:b2:ee,MF014F
RX_CCS_E2_20260121,33997,ADV,-32,e0:5a:1b:15:b2:ee,MF0150
RX_CCS_E2_20260121,34111,ADV,-35,e0:5a:1b:15:b2:ee,MF0151
RX_CCS_E2_20260121,34216,ADV,-35,e0:5a:1b:15:b2:ee,MF0152
RX_CCS_E2_20260121,34312,ADV,-32,e0:5a:1b:15:b2:ee,MF0153
RX_CCS_E2_20260121,34427,ADV,-35,e0:5a:1b:15:b2:ee,MF0154
RX_CCS_E2_20260121,34536,ADV,-35,e0:5a:1b:15:b2:ee,MF0155
RX_CCS_E2_20260121,34633,ADV,-32,e0:5a:1b:15:b2:ee,MF0156
RX_CCS_E2_20260121,34740,ADV,-35,e0:5a:1b:15:b2:ee,MF0158
RX_CCS_E2_20260121,35059,ADV,-35,e0:5a:1b:15:b2:ee,MF015B
RX_CCS_E2_20260121,35186,ADV,-32,e0:5a:1b:15:b2:ee,MF015C
RX_CCS_E2_20260121,35278,ADV,-35,e0:5a:1b:15:b2:ee,MF015D
RX_CCS_E2_20260121,35380,ADV,-35,e0:5a:1b:15:b2:ee,MF015E
RX_CCS_E2_20260121,35477,ADV,-32,e0:5a:1b:15:b2:ee,MF015F
RX_CCS_E2_20260121,35585,ADV,-35,e0:5a:1b:15:b2:ee,MF0160
RX_CCS_E2_20260121,35690,ADV,-35,e0:5a:1b:15:b2:ee,MF0161
RX_CCS_E2_20260121,35787,ADV,-32,e0:5a:1b:15:b2:ee,MF0162
RX_CCS_E2_20260121,35895,ADV,-35,e0:5a:1b:15:b2:ee,MF0163
RX_CCS_E2_20260121,35996,ADV,-35,e0:5a:1b:15:b2:ee,MF0164
RX_CCS_E2_20260121,36099,ADV,-32,e0:5a:1b:15:b2:ee,MF0165
RX_CCS_E2_20260121,36205,ADV,-35,e0:5a:1b:15:b2:ee,MF0166
RX_CCS_E2_20260121,36315,ADV,-35,e0:5a:1b:15:b2:ee,MF0167
RX_CCS_E2_20260121,36411,ADV,-32,e0:5a:1b:15:b2:ee,MF0168
RX_CCS_E2_20260121,36521,ADV,-35,e0:5a:1b:15:b2:ee,MF0169
RX_CCS_E2_20260121,36624,ADV,-35,e0:5a:1b:15:b2:ee,MF016A
RX_CCS_E2_20260121,36723,ADV,-32,e0:5a:1b:15:b2:ee,MF016B
RX_CCS_E2_20260121,36832,ADV,-35,e0:5a:1b:15:b2:ee,MF016C
RX_CCS_E2_20260121,36936,ADV,-35,e0:5a:1b:15:b2:ee,MF016D
RX_CCS_E2_20260121,37044,ADV,-32,e0:5a:1b:15:b2:ee,MF016F
RX_CCS_E2_20260121,37364,ADV,-35,e0:5a:1b:15:b2:ee,MF0172
RX_CCS_E2_20260121,37457,ADV,-35,e0:5a:1b:15:b2:ee,MF0173
RX_CCS_E2_20260121,37564,ADV,-32,e0:5a:1b:15:b2:ee,MF0174
RX_CCS_E2_20260121,37667,ADV,-35,e0:5a:1b:15:b2:ee,MF0175
RX_CCS_E2_20260121,37772,ADV,-36,e0:5a:1b:15:b2:ee,MF0176
RX_CCS_E2_20260121,37879,ADV,-32,e0:5a:1b:15:b2:ee,MF0177
RX_CCS_E2_20260121,37975,ADV,-35,e0:5a:1b:15:b2:ee,MF0178
RX_CCS_E2_20260121,38084,ADV,-35,e0:5a:1b:15:b2:ee,MF0179
RX_CCS_E2_20260121,38183,ADV,-32,e0:5a:1b:15:b2:ee,MF017A
RX_CCS_E2_20260121,38295,ADV,-35,e0:5a:1b:15:b2:ee,MF017B
RX_CCS_E2_20260121,38396,ADV,-35,e0:5a:1b:15:b2:ee,MF017C
RX_CCS_E2_20260121,38511,ADV,-32,e0:5a:1b:15:b2:ee,MF017D
RX_CCS_E2_20260121,38605,ADV,-35,e0:5a:1b:15:b2:ee,MF017E
RX_CCS_E2_20260121,38710,ADV,-35,e0:5a:1b:15:b2:ee,MF017F
RX_CCS_E2_20260121,38815,ADV,-32,e0:5a:1b:15:b2:ee,MF0180
RX_CCS_E2_20260121,38925,ADV,-35,e0:5a:1b:15:b2:ee,MF0181
RX_CCS_E2_20260121,39034,ADV,-35,e0:5a:1b:15:b2:ee,MF0182
RX_CCS_E2_20260121,39136,ADV,-32,e0:5a:1b:15:b2:ee,MF0184
RX_CCS_E2_20260121,39244,ADV,-38,e0:5a:1b:15:b2:ee,MF0185
RX_CCS_E2_20260121,39456,ADV,-35,e0:5a:1b:15:b2:ee,MF0187
RX_CCS_E2_20260121,39562,ADV,-36,e0:5a:1b:15:b2:ee,MF0188
RX_CCS_E2_20260121,39671,ADV,-32,e0:5a:1b:15:b2:ee,MF0189
RX_CCS_E2_20260121,39787,ADV,-35,e0:5a:1b:15:b2:ee,MF018A
RX_CCS_E2_20260121,39883,ADV,-35,e0:5a:1b:15:b2:ee,MF018B
RX_CCS_E2_20260121,39983,ADV,-32,e0:5a:1b:15:b2:ee,MF018C
RX_CCS_E2_20260121,40094,ADV,-35,e0:5a:1b:15:b2:ee,MF018D
RX_CCS_E2_20260121,40296,ADV,-32,e0:5a:1b:15:b2:ee,MF018F
RX_CCS_E2_20260121,40404,ADV,-35,e0:5a:1b:15:b2:ee,MF0190
RX_CCS_E2_20260121,40516,ADV,-35,e0:5a:1b:15:b2:ee,MF0191
RX_CCS_E2_20260121,40623,ADV,-32,e0:5a:1b:15:b2:ee,MF0192
RX_CCS_E2_20260121,40721,ADV,-38,e0:5a:1b:15:b2:ee,MF0193
RX_CCS_E2_20260121,40831,ADV,-35,e0:5a:1b:15:b2:ee,MF0194
RX_CCS_E2_20260121,40933,ADV,-32,e0:5a:1b:15:b2:ee,MF0195
RX_CCS_E2_20260121,41038,ADV,-38,e0:5a:1b:15:b2:ee,MF0196
RX_CCS_E2_20260121,41142,ADV,-35,e0:5a:1b:15:b2:ee,MF0197
RX_CCS_E2_20260121,41564,ADV,-35,e0:5a:1b:15:b2:ee,MF019C
RX_CCS_E2_20260121,41663,ADV,-35,e0:5a:1b:15:b2:ee,MF019D
RX_CCS_E2_20260121,41773,ADV,-32,e0:5a:1b:15:b2:ee,MF019E
RX_CCS_E2_20260121,41977,ADV,-35,e0:5a:1b:15:b2:ee,MF01A0
RX_CCS_E2_20260121,42075,ADV,-32,e0:5a:1b:15:b2:ee,MF01A1
RX_CCS_E2_20260121,42182,ADV,-35,e0:5a:1b:15:b2:ee,MF01A2
RX_CCS_E2_20260121,42289,ADV,-35,e0:5a:1b:15:b2:ee,MF01A3
RX_CCS_E2_20260121,42393,ADV,-32,e0:5a:1b:15:b2:ee,MF01A4
RX_CCS_E2_20260121,42503,ADV,-35,e0:5a:1b:15:b2:ee,MF01A5
RX_CCS_E2_20260121,42605,ADV,-35,e0:5a:1b:15:b2:ee,MF01A6
RX_CCS_E2_20260121,42715,ADV,-32,e0:5a:1b:15:b2:ee,MF01A7
RX_CCS_E2_20260121,42815,ADV,-35,e0:5a:1b:15:b2:ee,MF01A8
RX_CCS_E2_20260121,42922,ADV,-35,e0:5a:1b:15:b2:ee,MF01A9
RX_CCS_E2_20260121,43033,ADV,-32,e0:5a:1b:15:b2:ee,MF01AA
RX_CCS_E2_20260121,43141,ADV,-38,e0:5a:1b:15:b2:ee,MF01AC
RX_CCS_E2_20260121,43244,ADV,-36,e0:5a:1b:15:b2:ee,MF01AD
RX_CCS_E2_20260121,43341,ADV,-32,e0:5a:1b:15:b2:ee,MF01AE
RX_CCS_E2_20260121,43760,ADV,-35,e0:5a:1b:15:b2:ee,MF01B2
RX_CCS_E2_20260121,43865,ADV,-32,e0:5a:1b:15:b2:ee,MF01B3
RX_CCS_E2_20260121,43975,ADV,-35,e0:5a:1b:15:b2:ee,MF01B4
RX_CCS_E2_20260121,44082,ADV,-35,e0:5a:1b:15:b2:ee,MF01B5
RX_CCS_E2_20260121,44186,ADV,-32,e0:5a:1b:15:b2:ee,MF01B6
RX_CCS_E2_20260121,44398,ADV,-35,e0:5a:1b:15:b2:ee,MF01B8
RX_CCS_E2_20260121,44500,ADV,-32,e0:5a:1b:15:b2:ee,MF01B9
RX_CCS_E2_20260121,44608,ADV,-35,e0:5a:1b:15:b2:ee,MF01BA
RX_CCS_E2_20260121,44727,ADV,-35,e0:5a:1b:15:b2:ee,MF01BB
RX_CCS_E2_20260121,44817,ADV,-32,e0:5a:1b:15:b2:ee,MF01BC
RX_CCS_E2_20260121,44931,ADV,-34,e0:5a:1b:15:b2:ee,MF01BD
RX_CCS_E2_20260121,45036,ADV,-35,e0:5a:1b:15:b2:ee,MF01BE
RX_CCS_E2_20260121,45144,ADV,-32,e0:5a:1b:15:b2:ee,MF01C0
RX_CCS_E2_20260121,45242,ADV,-35,e0:5a:1b:15:b2:ee,MF01C1
RX_CCS_E2_20260121,45656,ADV,-32,e0:5a:1b:15:b2:ee,MF01C5
RX_CCS_E2_20260121,45766,ADV,-35,e0:5a:1b:15:b2:ee,MF01C6
RX_CCS_E2_20260121,45869,ADV,-35,e0:5a:1b:15:b2:ee,MF01C7
RX_CCS_E2_20260121,45990,ADV,-32,e0:5a:1b:15:b2:ee,MF01C8
RX_CCS_E2_20260121,46195,ADV,-36,e0:5a:1b:15:b2:ee,MF01CA
RX_CCS_E2_20260121,46296,ADV,-32,e0:5a:1b:15:b2:ee,MF01CB
RX_CCS_E2_20260121,46401,ADV,-35,e0:5a:1b:15:b2:ee,MF01CC
RX_CCS_E2_20260121,46526,ADV,-35,e0:5a:1b:15:b2:ee,MF01CD
RX_CCS_E2_20260121,46610,ADV,-32,e0:5a:1b:15:b2:ee,MF01CE
RX_CCS_E2_20260121,46710,ADV,-36,e0:5a:1b:15:b2:ee,MF01CF
RX_CCS_E2_20260121,46820,ADV,-35,e0:5a:1b:15:b2:ee,MF01D0
RX_CCS_E2_20260121,46944,ADV,-32,e0:5a:1b:15:b2:ee,MF01D1
RX_CCS_E2_20260121,47024,ADV,-36,e0:5a:1b:15:b2:ee,MF01D2
RX_CCS_E2_20260121,47135,ADV,-35,e0:5a:1b:15:b2:ee,MF01D3
RX_CCS_E2_20260121,47244,ADV,-32,e0:5a:1b:15:b2:ee,MF01D4
RX_CCS_E2_20260121,47344,ADV,-35,e0:5a:1b:15:b2:ee,MF01D6
RX_CCS_E2_20260121,47556,ADV,-35,e0:5a:1b:15:b2:ee,MF01D8
RX_CCS_E2_20260121,47679,ADV,-35,e0:5a:1b:15:b2:ee,MF01D9
RX_CCS_E2_20260121,47764,ADV,-32,e0:5a:1b:15:b2:ee,MF01DA
RX_CCS_E2_20260121,47895,ADV,-35,e0:5a:1b:15:b2:ee,MF01DB
RX_CCS_E2_20260121,47978,ADV,-35,e0:5a:1b:15:b2:ee,MF01DC
RX_CCS_E2_20260121,48083,ADV,-31,e0:5a:1b:15:b2:ee,MF01DD
RX_CCS_E2_20260121,48189,ADV,-35,e0:5a:1b:15:b2:ee,MF01DE
RX_CCS_E2_20260121,48296,ADV,-35,e0:5a:1b:15:b2:ee,MF01DF
RX_CCS_E2_20260121,48392,ADV,-32,e0:5a:1b:15:b2:ee,MF01E0
RX_CCS_E2_20260121,48496,ADV,-35,e0:5a:1b:15:b2:ee,MF01E1
RX_CCS_E2_20260121,48606,ADV,-35,e0:5a:1b:15:b2:ee,MF01E2
RX_CCS_E2_20260121,48708,ADV,-32,e0:5a:1b:15:b2:ee,MF01E3
RX_CCS_E2_20260121,48813,ADV,-38,e0:5a:1b:15:b2:ee,MF01E4
RX_CCS_E2_20260121,48913,ADV,-35,e0:5a:1b:15:b2:ee,MF01E5
RX_CCS_E2_20260121,49011,ADV,-32,e0:5a:1b:15:b2:ee,MF01E6
RX_CCS_E2_20260121,49126,ADV,-38,e0:5a:1b:15:b2:ee,MF01E7
RX_CCS_E2_20260121,49226,ADV,-35,e0:5a:1b:15:b2:ee,MF01E8
RX_CCS_E2_20260121,49323,ADV,-32,e0:5a:1b:15:b2:ee,MF01E9
RX_CCS_E2_20260121,49427,ADV,-35,e0:5a:1b:15:b2:ee,MF01EA
RX_CCS_E2_20260121,49533,ADV,-35,e0:5a:1b:15:b2:ee,MF01EB
RX_CCS_E2_20260121,49640,ADV,-32,e0:5a:1b:15:b2:ee,MF01ED
RX_CCS_E2_20260121,49744,ADV,-38,e0:5a:1b:15:b2:ee,MF01EE
RX_CCS_E2_20260121,50060,ADV,-35,e0:5a:1b:15:b2:ee,MF01F1
RX_CCS_E2_20260121,50167,ADV,-32,e0:5a:1b:15:b2:ee,MF01F2
RX_CCS_E2_20260121,50264,ADV,-38,e0:5a:1b:15:b2:ee,MF01F3
RX_CCS_E2_20260121,50372,ADV,-35,e0:5a:1b:15:b2:ee,MF01F4
RX_CCS_E2_20260121,50471,ADV,-83,e0:5a:1b:15:b2:ee,MF01F5
RX_CCS_E2_20260121,50595,ADV,-38,e0:5a:1b:15:b2:ee,MF01F6
RX_CCS_E2_20260121,50688,ADV,-35,e0:5a:1b:15:b2:ee,MF01F7
RX_CCS_E2_20260121,50786,ADV,-32,e0:5a:1b:15:b2:ee,MF01F8
RX_CCS_E2_20260121,50894,ADV,-38,e0:5a:1b:15:b2:ee,MF01F9
RX_CCS_E2_20260121,51005,ADV,-35,e0:5a:1b:15:b2:ee,MF01FA
RX_CCS_E2_20260121,51102,ADV,-32,e0:5a:1b:15:b2:ee,MF01FB
RX_CCS_E2_20260121,51209,ADV,-35,e0:5a:1b:15:b2:ee,MF01FC
RX_CCS_E2_20260121,51312,ADV,-35,e0:5a:1b:15:b2:ee,MF01FD
RX_CCS_E2_20260121,51416,ADV,-33,e0:5a:1b:15:b2:ee,MF01FE
RX_CCS_E2_20260121,51523,ADV,-35,e0:5a:1b:15:b2:ee,MF01FF
RX_CCS_E2_20260121,51644,ADV,-36,e0:5a:1b:15:b2:ee,MF0200
RX_CCS_E2_20260121,51738,ADV,-32,e0:5a:1b:15:b2:ee,MF0202
RX_CCS_E2_20260121,51840,ADV,-35,e0:5a:1b:15:b2:ee,MF0203
RX_CCS_E2_20260121,52174,ADV,-35,e0:5a:1b:15:b2:ee,MF0206
RX_CCS_E2_20260121,52265,ADV,-32,e0:5a:1b:15:b2:ee,MF0207
RX_CCS_E2_20260121,52380,ADV,-35,e0:5a:1b:15:b2:ee,MF0208
RX_CCS_E2_20260121,52478,ADV,-35,e0:5a:1b:15:b2:ee,MF0209
RX_CCS_E2_20260121,52602,ADV,-32,e0:5a:1b:15:b2:ee,MF020A
RX_CCS_E2_20260121,52684,ADV,-38,e0:5a:1b:15:b2:ee,MF020B
RX_CCS_E2_20260121,52790,ADV,-35,e0:5a:1b:15:b2:ee,MF020C
RX_CCS_E2_20260121,52893,ADV,-32,e0:5a:1b:15:b2:ee,MF020D
RX_CCS_E2_20260121,53003,ADV,-35,e0:5a:1b:15:b2:ee,MF020E
RX_CCS_E2_20260121,53121,ADV,-35,e0:5a:1b:15:b2:ee,MF020F
RX_CCS_E2_20260121,53208,ADV,-32,e0:5a:1b:15:b2:ee,MF0210
RX_CCS_E2_20260121,53324,ADV,-35,e0:5a:1b:15:b2:ee,MF0211
RX_CCS_E2_20260121,53444,ADV,-35,e0:5a:1b:15:b2:ee,MF0212
RX_CCS_E2_20260121,53544,ADV,-32,e0:5a:1b:15:b2:ee,MF0213
RX_CCS_E2_20260121,53630,ADV,-38,e0:5a:1b:15:b2:ee,MF0214
RX_CCS_E2_20260121,53734,ADV,-35,e0:5a:1b:15:b2:ee,MF0215
RX_CCS_E2_20260121,53844,ADV,-32,e0:5a:1b:15:b2:ee,MF0216
RX_CCS_E2_20260121,53944,ADV,-35,e0:5a:1b:15:b2:ee,MF0218
RX_CCS_E2_20260121,54168,ADV,-35,e0:5a:1b:15:b2:ee,MF021A
RX_CCS_E2_20260121,54265,ADV,-35,e0:5a:1b:15:b2:ee,MF021B
RX_CCS_E2_20260121,54375,ADV,-32,e0:5a:1b:15:b2:ee,MF021C
RX_CCS_E2_20260121,54475,ADV,-35,e0:5a:1b:15:b2:ee,MF021D
RX_CCS_E2_20260121,54587,ADV,-35,e0:5a:1b:15:b2:ee,MF021E
RX_CCS_E2_20260121,54683,ADV,-32,e0:5a:1b:15:b2:ee,MF021F
RX_CCS_E2_20260121,54786,ADV,-35,e0:5a:1b:15:b2:ee,MF0220
RX_CCS_E2_20260121,54897,ADV,-35,e0:5a:1b:15:b2:ee,MF0221
RX_CCS_E2_20260121,54995,ADV,-32,e0:5a:1b:15:b2:ee,MF0222
RX_CCS_E2_20260121,55103,ADV,-35,e0:5a:1b:15:b2:ee,MF0223
RX_CCS_E2_20260121,55209,ADV,-36,e0:5a:1b:15:b2:ee,MF0224
RX_CCS_E2_20260121,55308,ADV,-32,e0:5a:1b:15:b2:ee,MF0225
RX_CCS_E2_20260121,55414,ADV,-35,e0:5a:1b:15:b2:ee,MF0226
RX_CCS_E2_20260121,55527,ADV,-35,e0:5a:1b:15:b2:ee,MF0227
RX_CCS_E2_20260121,55621,ADV,-32,e0:5a:1b:15:b2:ee,MF0228
RX_CCS_E2_20260121,55734,ADV,-35,e0:5a:1b:15:b2:ee,MF0229
RX_CCS_E2_20260121,55835,ADV,-35,e0:5a:1b:15:b2:ee,MF022A
RX_CCS_E2_20260121,55944,ADV,-32,e0:5a:1b:15:b2:ee,MF022B
RX_CCS_E2_20260121,56359,ADV,-35,e0:5a:1b:15:b2:ee,MF0230
RX_CCS_E2_20260121,56476,ADV,-32,e0:5a:1b:15:b2:ee,MF0231
RX_CCS_E2_20260121,56561,ADV,-35,e0:5a:1b:15:b2:ee,MF0232
RX_CCS_E2_20260121,56667,ADV,-35,e0:5a:1b:15:b2:ee,MF0233
RX_CCS_E2_20260121,56869,ADV,-35,e0:5a:1b:15:b2:ee,MF0235
RX_CCS_E2_20260121,56975,ADV,-35,e0:5a:1b:15:b2:ee,MF0236
RX_CCS_E2_20260121,57075,ADV,-32,e0:5a:1b:15:b2:ee,MF0237
RX_CCS_E2_20260121,57187,ADV,-35,e0:5a:1b:15:b2:ee,MF0238
RX_CCS_E2_20260121,57288,ADV,-35,e0:5a:1b:15:b2:ee,MF0239
RX_CCS_E2_20260121,57402,ADV,-32,e0:5a:1b:15:b2:ee,MF023A
RX_CCS_E2_20260121,57602,ADV,-36,e0:5a:1b:15:b2:ee,MF023C
RX_CCS_E2_20260121,57701,ADV,-32,e0:5a:1b:15:b2:ee,MF023D
RX_CCS_E2_20260121,57806,ADV,-35,e0:5a:1b:15:b2:ee,MF023E
RX_CCS_E2_20260121,57909,ADV,-35,e0:5a:1b:15:b2:ee,MF023F
RX_CCS_E2_20260121,58009,ADV,-32,e0:5a:1b:15:b2:ee,MF0240
RX_CCS_E2_20260121,58117,ADV,-35,e0:5a:1b:15:b2:ee,MF0241
RX_CCS_E2_20260121,58220,ADV,-35,e0:5a:1b:15:b2:ee,MF0242
RX_CCS_E2_20260121,58322,ADV,-32,e0:5a:1b:15:b2:ee,MF0243
RX_CCS_E2_20260121,58436,ADV,-35,e0:5a:1b:15:b2:ee,MF0244
RX_CCS_E2_20260121,58534,ADV,-35,e0:5a:1b:15:b2:ee,MF0245
RX_CCS_E2_20260121,58639,ADV,-32,e0:5a:1b:15:b2:ee,MF0247
RX_CCS_E2_20260121,58743,ADV,-35,e0:5a:1b:15:b2:ee,MF0248
RX_CCS_E2_20260121,58944,ADV,-32,e0:5a:1b:15:b2:ee,MF024A
RX_CCS_E2_20260121,59158,ADV,-32,e0:5a:1b:15:b2:ee,MF024C
RX_CCS_E2_20260121,59262,ADV,-35,e0:5a:1b:15:b2:ee,MF024D
RX_CCS_E2_20260121,59467,ADV,-32,e0:5a:1b:15:b2:ee,MF024F
RX_CCS_E2_20260121,59575,ADV,-35,e0:5a:1b:15:b2:ee,MF0250
RX_CCS_E2_20260121,59677,ADV,-35,e0:5a:1b:15:b2:ee,MF0251
RX_CCS_E2_20260121,59780,ADV,-32,e0:5a:1b:15:b2:ee,MF0252
RX_CCS_E2_20260121,59891,ADV,-35,e0:5a:1b:15:b2:ee,MF0253
RX_CCS_E2_20260121,59997,ADV,-35,e0:5a:1b:15:b2:ee,MF0254
RX_CCS_E2_20260121,60100,ADV,-32,e0:5a:1b:15:b2:ee,MF0255
RX_CCS_E2_20260121,60196,ADV,-35,e0:5a:1b:15:b2:ee,MF0256
RX_CCS_E2_20260121,60310,ADV,-35,e0:5a:1b:15:b2:ee,MF0257
RX_CCS_E2_20260121,60407,ADV,-32,e0:5a:1b:15:b2:ee,MF0258
RX_CCS_E2_20260121,60533,ADV,-35,e0:5a:1b:15:b2:ee,MF0259
RX_CCS_E2_20260121,60625,ADV,-36,e0:5a:1b:15:b2:ee,MF025A
RX_CCS_E2_20260121,60729,ADV,-32,e0:5a:1b:15:b2:ee,MF025B
RX_CCS_E2_20260121,60844,ADV,-38,e0:5a:1b:15:b2:ee,MF025D
RX_CCS_E2_20260121,61264,ADV,-32,e0:5a:1b:15:b2:ee,MF0261
RX_CCS_E2_20260121,61364,ADV,-35,e0:5a:1b:15:b2:ee,MF0262
RX_CCS_E2_20260121,61574,ADV,-32,e0:5a:1b:15:b2:ee,MF0264
RX_CCS_E2_20260121,61687,ADV,-35,e0:5a:1b:15:b2:ee,MF0265
RX_CCS_E2_20260121,61788,ADV,-35,e0:5a:1b:15:b2:ee,MF0266
RX_CCS_E2_20260121,61927,ADV,-32,e0:5a:1b:15:b2:ee,MF0267
RX_CCS_E2_20260121,62032,ADV,-35,e0:5a:1b:15:b2:ee,MF0268
RX_CCS_E2_20260121,62127,ADV,-35,e0:5a:1b:15:b2:ee,MF0269
RX_CCS_E2_20260121,62231,ADV,-32,e0:5a:1b:15:b2:ee,MF026A
RX_CCS_E2_20260121,62319,ADV,-35,e0:5a:1b:15:b2:ee,MF026B
RX_CCS_E2_20260121,62424,ADV,-35,e0:5a:1b:15:b2:ee,MF026C
RX_CCS_E2_20260121,62544,ADV,-32,e0:5a:1b:15:b2:ee,MF026D
RX_CCS_E2_20260121,62644,ADV,-38,e0:5a:1b:15:b2:ee,MF026E
RX_CCS_E2_20260121,62739,ADV,-35,e0:5a:1b:15:b2:ee,MF0270
RX_CCS_E2_20260121,62844,ADV,-32,e0:5a:1b:15:b2:ee,MF0271
RX_CCS_E2_20260121,63560,ADV,-35,e0:5a:1b:15:b2:ee,MF0278
RX_CCS_E2_20260121,63664,ADV,-32,e0:5a:1b:15:b2:ee,MF0279
RX_CCS_E2_20260121,63772,ADV,-38,e0:5a:1b:15:b2:ee,MF027A
RX_CCS_E2_20260121,63879,ADV,-35,e0:5a:1b:15:b2:ee,MF027B
RX_CCS_E2_20260121,63978,ADV,-32,e0:5a:1b:15:b2:ee,MF027C
RX_CCS_E2_20260121,64084,ADV,-35,e0:5a:1b:15:b2:ee,MF027D
RX_CCS_E2_20260121,64197,ADV,-35,e0:5a:1b:15:b2:ee,MF027E
RX_CCS_E2_20260121,64290,ADV,-32,e0:5a:1b:15:b2:ee,MF027F
RX_CCS_E2_20260121,64502,ADV,-35,e0:5a:1b:15:b2:ee,MF0281
RX_CCS_E2_20260121,64599,ADV,-32,e0:5a:1b:15:b2:ee,MF0282
RX_CCS_E2_20260121,64700,ADV,-35,e0:5a:1b:15:b2:ee,MF0283
RX_CCS_E2_20260121,64821,ADV,-35,e0:5a:1b:15:b2:ee,MF0284
RX_CCS_E2_20260121,64915,ADV,-32,e0:5a:1b:15:b2:ee,MF0285
RX_CCS_E2_20260121,65020,ADV,-38,e0:5a:1b:15:b2:ee,MF0286
RX_CCS_E2_20260121,65126,ADV,-35,e0:5a:1b:15:b2:ee,MF0287
RX_CCS_E2_20260121,65230,ADV,-32,e0:5a:1b:15:b2:ee,MF0288
RX_CCS_E2_20260121,65341,ADV,-35,e0:5a:1b:15:b2:ee,MF028A
RX_CCS_E2_20260121,65664,ADV,-35,e0:5a:1b:15:b2:ee,MF028D
RX_CCS_E2_20260121,65872,ADV,-35,e0:5a:1b:15:b2:ee,MF028F
RX_CCS_E2_20260121,65979,ADV,-35,e0:5a:1b:15:b2:ee,MF0290
RX_CCS_E2_20260121,66081,ADV,-32,e0:5a:1b:15:b2:ee,MF0291
RX_CCS_E2_20260121,66189,ADV,-35,e0:5a:1b:15:b2:ee,MF0292
RX_CCS_E2_20260121,66293,ADV,-35,e0:5a:1b:15:b2:ee,MF0293
RX_CCS_E2_20260121,66402,ADV,-32,e0:5a:1b:15:b2:ee,MF0294
RX_CCS_E2_20260121,66505,ADV,-38,e0:5a:1b:15:b2:ee,MF0295
RX_CCS_E2_20260121,66618,ADV,-36,e0:5a:1b:15:b2:ee,MF0296
RX_CCS_E2_20260121,66734,ADV,-32,e0:5a:1b:15:b2:ee,MF0297
RX_CCS_E2_20260121,66828,ADV,-35,e0:5a:1b:15:b2:ee,MF0298
RX_CCS_E2_20260121,66944,ADV,-35,e0:5a:1b:15:b2:ee,MF0299
RX_CCS_E2_20260121,67042,ADV,-32,e0:5a:1b:15:b2:ee,MF029B
RX_CCS_E2_20260121,67357,ADV,-35,e0:5a:1b:15:b2:ee,MF029E
RX_CCS_E2_20260121,67467,ADV,-35,e0:5a:1b:15:b2:ee,MF029F
RX_CCS_E2_20260121,67596,ADV,-32,e0:5a:1b:15:b2:ee,MF02A0
RX_CCS_E2_20260121,67683,ADV,-35,e0:5a:1b:15:b2:ee,MF02A1
RX_CCS_E2_20260121,67787,ADV,-35,e0:5a:1b:15:b2:ee,MF02A2
RX_CCS_E2_20260121,67889,ADV,-32,e0:5a:1b:15:b2:ee,MF02A3
RX_CCS_E2_20260121,67990,ADV,-35,e0:5a:1b:15:b2:ee,MF02A4
RX_CCS_E2_20260121,68099,ADV,-35,e0:5a:1b:15:b2:ee,MF02A5
RX_CCS_E2_20260121,68201,ADV,-32,e0:5a:1b:15:b2:ee,MF02A6
RX_CCS_E2_20260121,68304,ADV,-38,e0:5a:1b:15:b2:ee,MF02A7
RX_CCS_E2_20260121,68431,ADV,-35,e0:5a:1b:15:b2:ee,MF02A8
RX_CCS_E2_20260121,68527,ADV,-32,e0:5a:1b:15:b2:ee,MF02A9
RX_CCS_E2_20260121,68738,ADV,-35,e0:5a:1b:15:b2:ee,MF02AB
RX_CCS_E2_20260121,68828,ADV,-32,e0:5a:1b:15:b2:ee,MF02AC
RX_CCS_E2_20260121,68941,ADV,-35,e0:5a:1b:15:b2:ee,MF02AE
RX_CCS_E2_20260121,69041,ADV,-36,e0:5a:1b:15:b2:ee,MF02AF
RX_CCS_E2_20260121,69141,ADV,-32,e0:5a:1b:15:b2:ee,MF02B0
RX_CCS_E2_20260121,69562,ADV,-36,e0:5a:1b:15:b2:ee,MF02B4
RX_CCS_E2_20260121,69664,ADV,-32,e0:5a:1b:15:b2:ee,MF02B5
RX_CCS_E2_20260121,69774,ADV,-35,e0:5a:1b:15:b2:ee,MF02B6
RX_CCS_E2_20260121,69879,ADV,-35,e0:5a:1b:15:b2:ee,MF02B7
RX_CCS_E2_20260121,69980,ADV,-32,e0:5a:1b:15:b2:ee,MF02B8
RX_CCS_E2_20260121,70193,ADV,-36,e0:5a:1b:15:b2:ee,MF02BA
RX_CCS_E2_20260121,70291,ADV,-32,e0:5a:1b:15:b2:ee,MF02BB
RX_CCS_E2_20260121,70418,ADV,-35,e0:5a:1b:15:b2:ee,MF02BC
RX_CCS_E2_20260121,70518,ADV,-36,e0:5a:1b:15:b2:ee,MF02BD
RX_CCS_E2_20260121,70615,ADV,-32,e0:5a:1b:15:b2:ee,MF02BE
RX_CCS_E2_20260121,70727,ADV,-35,e0:5a:1b:15:b2:ee,MF02BF
RX_CCS_E2_20260121,70833,ADV,-35,e0:5a:1b:15:b2:ee,MF02C0
RX_CCS_E2_20260121,70941,ADV,-32,e0:5a:1b:15:b2:ee,MF02C2
RX_CCS_E2_20260121,71365,ADV,-35,e0:5a:1b:15:b2:ee,MF02C6
RX_CCS_E2_20260121,71564,ADV,-35,e0:5a:1b:15:b2:ee,MF02C8
RX_CCS_E2_20260121,71676,ADV,-35,e0:5a:1b:15:b2:ee,MF02C9
RX_CCS_E2_20260121,71783,ADV,-32,e0:5a:1b:15:b2:ee,MF02CA
RX_CCS_E2_20260121,71884,ADV,-35,e0:5a:1b:15:b2:ee,MF02CB
RX_CCS_E2_20260121,71991,ADV,-35,e0:5a:1b:15:b2:ee,MF02CC
RX_CCS_E2_20260121,72095,ADV,-32,e0:5a:1b:15:b2:ee,MF02CD
RX_CCS_E2_20260121,72202,ADV,-35,e0:5a:1b:15:b2:ee,MF02CE
RX_CCS_E2_20260121,72318,ADV,-35,e0:5a:1b:15:b2:ee,MF02CF
RX_CCS_E2_20260121,72432,ADV,-32,e0:5a:1b:15:b2:ee,MF02D0
RX_CCS_E2_20260121,72522,ADV,-38,e0:5a:1b:15:b2:ee,MF02D1
RX_CCS_E2_20260121,72626,ADV,-35,e0:5a:1b:15:b2:ee,MF02D2
RX_CCS_E2_20260121,72728,ADV,-32,e0:5a:1b:15:b2:ee,MF02D3
RX_CCS_E2_20260121,72939,ADV,-36,e0:5a:1b:15:b2:ee,MF02D6
RX_CCS_E2_20260121,73369,ADV,-35,e0:5a:1b:15:b2:ee,MF02DA
RX_CCS_E2_20260121,73465,ADV,-35,e0:5a:1b:15:b2:ee,MF02DB
RX_CCS_E2_20260121,73563,ADV,-32,e0:5a:1b:15:b2:ee,MF02DC
RX_CCS_E2_20260121,73680,ADV,-35,e0:5a:1b:15:b2:ee,MF02DD
RX_CCS_E2_20260121,73776,ADV,-35,e0:5a:1b:15:b2:ee,MF02DE
RX_CCS_E2_20260121,73887,ADV,-32,e0:5a:1b:15:b2:ee,MF02DF
RX_CCS_E2_20260121,73983,ADV,-35,e0:5a:1b:15:b2:ee,MF02E0
RX_CCS_E2_20260121,74095,ADV,-35,e0:5a:1b:15:b2:ee,MF02E1
RX_CCS_E2_20260121,74216,ADV,-32,e0:5a:1b:15:b2:ee,MF02E2
RX_CCS_E2_20260121,74295,ADV,-35,e0:5a:1b:15:b2:ee,MF02E3
RX_CCS_E2_20260121,74399,ADV,-35,e0:5a:1b:15:b2:ee,MF02E4
RX_CCS_E2_20260121,74509,ADV,-32,e0:5a:1b:15:b2:ee,MF02E5
RX_CCS_E2_20260121,74613,ADV,-35,e0:5a:1b:15:b2:ee,MF02E6
RX_CCS_E2_20260121,74727,ADV,-35,e0:5a:1b:15:b2:ee,MF02E7
RX_CCS_E2_20260121,74816,ADV,-32,e0:5a:1b:15:b2:ee,MF02E8
RX_CCS_E2_20260121,74923,ADV,-35,e0:5a:1b:15:b2:ee,MF02E9
RX_CCS_E2_20260121,75027,ADV,-35,e0:5a:1b:15:b2:ee,MF02EA
RX_CCS_E2_20260121,75132,ADV,-32,e0:5a:1b:15:b2:ee,MF02EB
RX_CCS_E2_20260121,75244,ADV,-35,e0:5a:1b:15:b2:ee,MF02EC
RX_CCS_E2_20260121,75340,ADV,-35,e0:5a:1b:15:b2:ee,MF02EE
RX_CCS_E2_20260121,75861,ADV,-36,e0:5a:1b:15:b2:ee,MF02F3
RX_CCS_E2_20260121,75964,ADV,-32,e0:5a:1b:15:b2:ee,MF02F4
RX_CCS_E2_20260121,76075,ADV,-35,e0:5a:1b:15:b2:ee,MF02F5
RX_CCS_E2_20260121,76196,ADV,-35,e0:5a:1b:15:b2:ee,MF02F6
RX_CCS_E2_20260121,76289,ADV,-32,e0:5a:1b:15:b2:ee,MF02F7
RX_CCS_E2_20260121,76392,ADV,-35,e0:5a:1b:15:b2:ee,MF02F8
RX_CCS_E2_20260121,76497,ADV,-36,e0:5a:1b:15:b2:ee,MF02F9
RX_CCS_E2_20260121,76604,ADV,-32,e0:5a:1b:15:b2:ee,MF02FA
RX_CCS_E2_20260121,76705,ADV,-35,e0:5a:1b:15:b2:ee,MF02FB
RX_CCS_E2_20260121,76819,ADV,-35,e0:5a:1b:15:b2:ee,MF02FC
RX_CCS_E2_20260121,76913,ADV,-32,e0:5a:1b:15:b2:ee,MF02FD
RX_CCS_E2_20260121,77022,ADV,-38,e0:5a:1b:15:b2:ee,MF02FE
RX_CCS_E2_20260121,77122,ADV,-35,e0:5a:1b:15:b2:ee,MF02FF
RX_CCS_E2_20260121,77220,ADV,-32,e0:5a:1b:15:b2:ee,MF0300
RX_CCS_E2_20260121,77327,ADV,-38,e0:5a:1b:15:b2:ee,MF0301
RX_CCS_E2_20260121,77440,ADV,-35,e0:5a:1b:15:b2:ee,MF0303
RX_CCS_E2_20260121,77544,ADV,-32,e0:5a:1b:15:b2:ee,MF0304
RX_CCS_E2_20260121,77670,ADV,-35,e0:5a:1b:15:b2:ee,MF0305
RX_CCS_E2_20260121,77859,ADV,-35,e0:5a:1b:15:b2:ee,MF0307
RX_CCS_E2_20260121,77963,ADV,-36,e0:5a:1b:15:b2:ee,MF0308
RX_CCS_E2_20260121,78063,ADV,-32,e0:5a:1b:15:b2:ee,MF0309
RX_CCS_E2_20260121,78176,ADV,-35,e0:5a:1b:15:b2:ee,MF030A
RX_CCS_E2_20260121,78277,ADV,-35,e0:5a:1b:15:b2:ee,MF030B
RX_CCS_E2_20260121,78383,ADV,-32,e0:5a:1b:15:b2:ee,MF030C
RX_CCS_E2_20260121,78487,ADV,-35,e0:5a:1b:15:b2:ee,MF030D
RX_CCS_E2_20260121,78590,ADV,-35,e0:5a:1b:15:b2:ee,MF030E
RX_CCS_E2_20260121,78694,ADV,-32,e0:5a:1b:15:b2:ee,MF030F
RX_CCS_E2_20260121,78802,ADV,-38,e0:5a:1b:15:b2:ee,MF0310
RX_CCS_E2_20260121,78908,ADV,-35,e0:5a:1b:15:b2:ee,MF0311
RX_CCS_E2_20260121,79009,ADV,-32,e0:5a:1b:15:b2:ee,MF0312
RX_CCS_E2_20260121,79114,ADV,-35,e0:5a:1b:15:b2:ee,MF0313
RX_CCS_E2_20260121,79223,ADV,-35,e0:5a:1b:15:b2:ee,MF0314
RX_CCS_E2_20260121,79322,ADV,-32,e0:5a:1b:15:b2:ee,MF0315
RX_CCS_E2_20260121,79423,ADV,-35,e0:5a:1b:15:b2:ee,MF0316
RX_CCS_E2_20260121,79530,ADV,-35,e0:5a:1b:15:b2:ee,MF0317
RX_CCS_E2_20260121,79630,ADV,-32,e0:5a:1b:15:b2:ee,MF0318
RX_CCS_E2_20260121,79742,ADV,-35,e0:5a:1b:15:b2:ee,MF0319
RX_CCS_E2_20260121,80072,ADV,-35,e0:5a:1b:15:b2:ee,MF031D
RX_CCS_E2_20260121,80182,ADV,-32,e0:5a:1b:15:b2:ee,MF031E
RX_CCS_E2_20260121,80268,ADV,-35,e0:5a:1b:15:b2:ee,MF031F
RX_CCS_E2_20260121,80372,ADV,-35,e0:5a:1b:15:b2:ee,MF0320
RX_CCS_E2_20260121,80594,ADV,-35,e0:5a:1b:15:b2:ee,MF0322
RX_CCS_E2_20260121,80693,ADV,-35,e0:5a:1b:15:b2:ee,MF0323
RX_CCS_E2_20260121,80809,ADV,-32,e0:5a:1b:15:b2:ee,MF0324
RX_CCS_E2_20260121,80899,ADV,-35,e0:5a:1b:15:b2:ee,MF0325
RX_CCS_E2_20260121,81007,ADV,-35,e0:5a:1b:15:b2:ee,MF0326
RX_CCS_E2_20260121,81105,ADV,-32,e0:5a:1b:15:b2:ee,MF0327
RX_CCS_E2_20260121,81208,ADV,-35,e0:5a:1b:15:b2:ee,MF0328
RX_CCS_E2_20260121,81314,ADV,-35,e0:5a:1b:15:b2:ee,MF0329
RX_CCS_E2_20260121,81518,ADV,-35,e0:5a:1b:15:b2:ee,MF032B
RX_CCS_E2_20260121,81619,ADV,-35,e0:5a:1b:15:b2:ee,MF032C
RX_CCS_E2_20260121,81738,ADV,-32,e0:5a:1b:15:b2:ee,MF032D
RX_CCS_E2_20260121,81831,ADV,-35,e0:5a:1b:15:b2:ee,MF032E
RX_CCS_E2_20260121,81940,ADV,-35,e0:5a:1b:15:b2:ee,MF0330
RX_CCS_E2_20260121,82261,ADV,-32,e0:5a:1b:15:b2:ee,MF0333
RX_CCS_E2_20260121,82373,ADV,-35,e0:5a:1b:15:b2:ee,MF0334
RX_CCS_E2_20260121,82497,ADV,-35,e0:5a:1b:15:b2:ee,MF0335
RX_CCS_E2_20260121,82587,ADV,-32,e0:5a:1b:15:b2:ee,MF0336
RX_CCS_E2_20260121,82701,ADV,-35,e0:5a:1b:15:b2:ee,MF0337
RX_CCS_E2_20260121,82801,ADV,-36,e0:5a:1b:15:b2:ee,MF0338
RX_CCS_E2_20260121,82900,ADV,-33,e0:5a:1b:15:b2:ee,MF0339
RX_CCS_E2_20260121,83004,ADV,-34,e0:5a:1b:15:b2:ee,MF033A
RX_CCS_E2_20260121,83115,ADV,-35,e0:5a:1b:15:b2:ee,MF033B
RX_CCS_E2_20260121,83222,ADV,-32,e0:5a:1b:15:b2:ee,MF033C
RX_CCS_E2_20260121,83328,ADV,-35,e0:5a:1b:15:b2:ee,MF033D
RX_CCS_E2_20260121,83425,ADV,-35,e0:5a:1b:15:b2:ee,MF033E
RX_CCS_E2_20260121,83534,ADV,-32,e0:5a:1b:15:b2:ee,MF033F
RX_CCS_E2_20260121,83964,ADV,-35,e0:5a:1b:15:b2:ee,MF0344
RX_CCS_E2_20260121,84172,ADV,-35,e0:5a:1b:15:b2:ee,MF0346
RX_CCS_E2_20260121,84268,ADV,-36,e0:5a:1b:15:b2:ee,MF0347
RX_CCS_E2_20260121,84370,ADV,-32,e0:5a:1b:15:b2:ee,MF0348
RX_CCS_E2_20260121,84476,ADV,-36,e0:5a:1b:15:b2:ee,MF0349
RX_CCS_E2_20260121,84584,ADV,-35,e0:5a:1b:15:b2:ee,MF034A
RX_CCS_E2_20260121,84789,ADV,-38,e0:5a:1b:15:b2:ee,MF034C
RX_CCS_E2_20260121,84893,ADV,-35,e0:5a:1b:15:b2:ee,MF034D
RX_CCS_E2_20260121,84997,ADV,-32,e0:5a:1b:15:b2:ee,MF034E
RX_CCS_E2_20260121,85109,ADV,-35,e0:5a:1b:15:b2:ee,MF034F
RX_CCS_E2_20260121,85202,ADV,-35,e0:5a:1b:15:b2:ee,MF0350
RX_CCS_E2_20260121,85299,ADV,-32,e0:5a:1b:15:b2:ee,MF0351
RX_CCS_E2_20260121,85408,ADV,-35,e0:5a:1b:15:b2:ee,MF0352
RX_CCS_E2_20260121,85516,ADV,-36,e0:5a:1b:15:b2:ee,MF0353
RX_CCS_E2_20260121,85625,ADV,-32,e0:5a:1b:15:b2:ee,MF0354
RX_CCS_E2_20260121,85726,ADV,-38,e0:5a:1b:15:b2:ee,MF0355
RX_CCS_E2_20260121,85828,ADV,-35,e0:5a:1b:15:b2:ee,MF0356
RX_CCS_E2_20260121,85933,ADV,-32,e0:5a:1b:15:b2:ee,MF0357
RX_CCS_E2_20260121,86037,ADV,-35,e0:5a:1b:15:b2:ee,MF0359
RX_CCS_E2_20260121,86360,ADV,-35,e0:5a:1b:15:b2:ee,MF035C
RX_CCS_E2_20260121,86467,ADV,-32,e0:5a:1b:15:b2:ee,MF035D
RX_CCS_E2_20260121,86576,ADV,-38,e0:5a:1b:15:b2:ee,MF035E
RX_CCS_E2_20260121,86686,ADV,-35,e0:5a:1b:15:b2:ee,MF035F
RX_CCS_E2_20260121,86783,ADV,-32,e0:5a:1b:15:b2:ee,MF0360
RX_CCS_E2_20260121,86884,ADV,-35,e0:5a:1b:15:b2:ee,MF0361
RX_CCS_E2_20260121,86992,ADV,-35,e0:5a:1b:15:b2:ee,MF0362
RX_CCS_E2_20260121,87120,ADV,-32,e0:5a:1b:15:b2:ee,MF0363
RX_CCS_E2_20260121,87327,ADV,-35,e0:5a:1b:15:b2:ee,MF0365
RX_CCS_E2_20260121,87404,ADV,-32,e0:5a:1b:15:b2:ee,MF0366
RX_CCS_E2_20260121,87509,ADV,-35,e0:5a:1b:15:b2:ee,MF0367
RX_CCS_E2_20260121,87618,ADV,-35,e0:5a:1b:15:b2:ee,MF0368
RX_CCS_E2_20260121,87730,ADV,-32,e0:5a:1b:15:b2:ee,MF0369
RX_CCS_E2_20260121,87823,ADV,-35,e0:5a:1b:15:b2:ee,MF036A
RX_CCS_E2_20260121,87927,ADV,-35,e0:5a:1b:15:b2:ee,MF036B
RX_CCS_E2_20260121,88030,ADV,-32,e0:5a:1b:15:b2:ee,MF036C
RX_CCS_E2_20260121,88144,ADV,-38,e0:5a:1b:15:b2:ee,MF036D
RX_CCS_E2_20260121,88244,ADV,-35,e0:5a:1b:15:b2:ee,MF036E
RX_CCS_E2_20260121,88334,ADV,-32,e0:5a:1b:15:b2:ee,MF036F
RX_CCS_E2_20260121,88688,ADV,-35,e0:5a:1b:15:b2:ee,MF0373
RX_CCS_E2_20260121,88774,ADV,-36,e0:5a:1b:15:b2:ee,MF0374
RX_CCS_E2_20260121,88872,ADV,-32,e0:5a:1b:15:b2:ee,MF0375
RX_CCS_E2_20260121,88982,ADV,-35,e0:5a:1b:15:b2:ee,MF0376
RX_CCS_E2_20260121,89087,ADV,-36,e0:5a:1b:15:b2:ee,MF0377
RX_CCS_E2_20260121,89188,ADV,-32,e0:5a:1b:15:b2:ee,MF0378
RX_CCS_E2_20260121,89405,ADV,-35,e0:5a:1b:15:b2:ee,MF037A
RX_CCS_E2_20260121,89514,ADV,-32,e0:5a:1b:15:b2:ee,MF037B
RX_CCS_E2_20260121,89708,ADV,-35,e0:5a:1b:15:b2:ee,MF037D
RX_CCS_E2_20260121,89818,ADV,-32,e0:5a:1b:15:b2:ee,MF037E
RX_CCS_E2_20260121,90022,ADV,-35,e0:5a:1b:15:b2:ee,MF0380
RX_CCS_E2_20260121,90118,ADV,-32,e0:5a:1b:15:b2:ee,MF0381
RX_CCS_E2_20260121,90222,ADV,-35,e0:5a:1b:15:b2:ee,MF0382
RX_CCS_E2_20260121,90330,ADV,-35,e0:5a:1b:15:b2:ee,MF0383
RX_CCS_E2_20260121,90434,ADV,-32,e0:5a:1b:15:b2:ee,MF0384
RX_CCS_E2_20260121,90544,ADV,-35,e0:5a:1b:15:b2:ee,MF0386
RX_CCS_E2_20260121,90871,ADV,-35,e0:5a:1b:15:b2:ee,MF0389
RX_CCS_E2_20260121,90962,ADV,-32,e0:5a:1b:15:b2:ee,MF038A
RX_CCS_E2_20260121,91069,ADV,-35,e0:5a:1b:15:b2:ee,MF038B
RX_CCS_E2_20260121,91175,ADV,-35,e0:5a:1b:15:b2:ee,MF038C
RX_CCS_E2_20260121,91276,ADV,-32,e0:5a:1b:15:b2:ee,MF038D
RX_CCS_E2_20260121,91384,ADV,-35,e0:5a:1b:15:b2:ee,MF038E
RX_CCS_E2_20260121,91498,ADV,-35,e0:5a:1b:15:b2:ee,MF038F
RX_CCS_E2_20260121,91591,ADV,-32,e0:5a:1b:15:b2:ee,MF0390
RX_CCS_E2_20260121,91691,ADV,-36,e0:5a:1b:15:b2:ee,MF0391
RX_CCS_E2_20260121,91799,ADV,-35,e0:5a:1b:15:b2:ee,MF0392
RX_CCS_E2_20260121,91906,ADV,-32,e0:5a:1b:15:b2:ee,MF0393
RX_CCS_E2_20260121,92004,ADV,-35,e0:5a:1b:15:b2:ee,MF0394
RX_CCS_E2_20260121,92107,ADV,-35,e0:5a:1b:15:b2:ee,MF0395
RX_CCS_E2_20260121,92204,ADV,-32,e0:5a:1b:15:b2:ee,MF0396
RX_CCS_E2_20260121,92316,ADV,-38,e0:5a:1b:15:b2:ee,MF0397
RX_CCS_E2_20260121,92429,ADV,-35,e0:5a:1b:15:b2:ee,MF0398
RX_CCS_E2_20260121,92529,ADV,-32,e0:5a:1b:15:b2:ee,MF0399
RX_CCS_E2_20260121,92644,ADV,-35,e0:5a:1b:15:b2:ee,MF039B
RX_CCS_E2_20260121,92961,ADV,-35,e0:5a:1b:15:b2:ee,MF039E
RX_CCS_E2_20260121,93061,ADV,-32,e0:5a:1b:15:b2:ee,MF039F
RX_CCS_E2_20260121,93174,ADV,-35,e0:5a:1b:15:b2:ee,MF03A0
RX_CCS_E2_20260121,93277,ADV,-35,e0:5a:1b:15:b2:ee,MF03A1
RX_CCS_E2_20260121,93378,ADV,-32,e0:5a:1b:15:b2:ee,MF03A2
RX_CCS_E2_20260121,93490,ADV,-35,e0:5a:1b:15:b2:ee,MF03A3
RX_CCS_E2_20260121,93598,ADV,-35,e0:5a:1b:15:b2:ee,MF03A4
RX_CCS_E2_20260121,93694,ADV,-32,e0:5a:1b:15:b2:ee,MF03A5
RX_CCS_E2_20260121,93806,ADV,-35,e0:5a:1b:15:b2:ee,MF03A6
RX_CCS_E2_20260121,94009,ADV,-32,e0:5a:1b:15:b2:ee,MF03A8
RX_CCS_E2_20260121,94112,ADV,-35,e0:5a:1b:15:b2:ee,MF03A9
RX_CCS_E2_20260121,94225,ADV,-35,e0:5a:1b:15:b2:ee,MF03AA
RX_CCS_E2_20260121,94320,ADV,-32,e0:5a:1b:15:b2:ee,MF03AB
RX_CCS_E2_20260121,94430,ADV,-38,e0:5a:1b:15:b2:ee,MF03AC
RX_CCS_E2_20260121,94540,ADV,-36,e0:5a:1b:15:b2:ee,MF03AE
RX_CCS_E2_20260121,94644,ADV,-32,e0:5a:1b:15:b2:ee,MF03AF
RX_CCS_E2_20260121,94873,ADV,-32,e0:5a:1b:15:b2:ee,MF03B1
RX_CCS_E2_20260121,94977,ADV,-34,e0:5a:1b:15:b2:ee,MF03B2
RX_CCS_E2_20260121,95067,ADV,-35,e0:5a:1b:15:b2:ee,MF03B3
RX_CCS_E2_20260121,95167,ADV,-32,e0:5a:1b:15:b2:ee,MF03B4
RX_CCS_E2_20260121,95295,ADV,-35,e0:5a:1b:15:b2:ee,MF03B5
RX_CCS_E2_20260121,95391,ADV,-35,e0:5a:1b:15:b2:ee,MF03B6
RX_CCS_E2_20260121,95484,ADV,-32,e0:5a:1b:15:b2:ee,MF03B7
RX_CCS_E2_20260121,95596,ADV,-35,e0:5a:1b:15:b2:ee,MF03B8
RX_CCS_E2_20260121,95711,ADV,-35,e0:5a:1b:15:b2:ee,MF03B9
RX_CCS_E2_20260121,95812,ADV,-32,e0:5a:1b:15:b2:ee,MF03BA
RX_CCS_E2_20260121,95909,ADV,-35,e0:5a:1b:15:b2:ee,MF03BB
RX_CCS_E2_20260121,96044,ADV,-36,e0:5a:1b:15:b2:ee,MF03BC
RX_CCS_E2_20260121,96117,ADV,-32,e0:5a:1b:15:b2:ee,MF03BD
RX_CCS_E2_20260121,96227,ADV,-38,e0:5a:1b:15:b2:ee,MF03BE
RX_CCS_E2_20260121,96344,ADV,-35,e0:5a:1b:15:b2:ee,MF03BF
RX_CCS_E2_20260121,96429,ADV,-32,e0:5a:1b:15:b2:ee,MF03C0
RX_CCS_E2_20260121,96540,ADV,-38,e0:5a:1b:15:b2:ee,MF03C1
RX_CCS_E2_20260121,96644,ADV,-36,e0:5a:1b:15:b2:ee,MF03C2
RX_CCS_E2_20260121,96738,ADV,-32,e0:5a:1b:15:b2:ee,MF03C3
RX_CCS_E2_20260121,96844,ADV,-35,e0:5a:1b:15:b2:ee,MF03C5
RX_CCS_E2_20260121,97165,ADV,-36,e0:5a:1b:15:b2:ee,MF03C8
RX_CCS_E2_20260121,97262,ADV,-31,e0:5a:1b:15:b2:ee,MF03C9
RX_CCS_E2_20260121,97365,ADV,-35,e0:5a:1b:15:b2:ee,MF03CA
RX_CCS_E2_20260121,97472,ADV,-36,e0:5a:1b:15:b2:ee,MF03CB
RX_CCS_E2_20260121,97571,ADV,-32,e0:5a:1b:15:b2:ee,MF03CC
RX_CCS_E2_20260121,97706,ADV,-38,e0:5a:1b:15:b2:ee,MF03CD
RX_CCS_E2_20260121,97798,ADV,-35,e0:5a:1b:15:b2:ee,MF03CE
RX_CCS_E2_20260121,98000,ADV,-38,e0:5a:1b:15:b2:ee,MF03D0
RX_CCS_E2_20260121,98115,ADV,-35,e0:5a:1b:15:b2:ee,MF03D1
RX_CCS_E2_20260121,98213,ADV,-32,e0:5a:1b:15:b2:ee,MF03D2
RX_CCS_E2_20260121,98320,ADV,-35,e0:5a:1b:15:b2:ee,MF03D3
RX_CCS_E2_20260121,98444,ADV,-35,e0:5a:1b:15:b2:ee,MF03D4
RX_CCS_E2_20260121,98527,ADV,-32,e0:5a:1b:15:b2:ee,MF03D5
RX_CCS_E2_20260121,98637,ADV,-35,e0:5a:1b:15:b2:ee,MF03D7
RX_CCS_E2_20260121,98744,ADV,-35,e0:5a:1b:15:b2:ee,MF03D8
RX_CCS_E2_20260121,99059,ADV,-32,e0:5a:1b:15:b2:ee,MF03DB
RX_CCS_E2_20260121,99169,ADV,-35,e0:5a:1b:15:b2:ee,MF03DC
RX_CCS_E2_20260121,99269,ADV,-35,e0:5a:1b:15:b2:ee,MF03DD
RX_CCS_E2_20260121,99364,ADV,-32,e0:5a:1b:15:b2:ee,MF03DE
RX_CCS_E2_20260121,99471,ADV,-38,e0:5a:1b:15:b2:ee,MF03DF
RX_CCS_E2_20260121,99580,ADV,-35,e0:5a:1b:15:b2:ee,MF03E0
RX_CCS_E2_20260121,99677,ADV,-32,e0:5a:1b:15:b2:ee,MF03E1
RX_CCS_E2_20260121,99788,ADV,-35,e0:5a:1b:15:b2:ee,MF03E2
RX_CCS_E2_20260121,99898,ADV,-35,e0:5a:1b:15:b2:ee,MF03E3
RX_CCS_E2_20260121,99992,ADV,-32,e0:5a:1b:15:b2:ee,MF03E4
RX_CCS_E2_20260121,100097,ADV,-35,e0:5a:1b:15:b2:ee,MF03E5
RX_CCS_E2_20260121,100296,ADV,-32,e0:5a:1b:15:b2:ee,MF03E7
RX_CCS_E2_20260121,100425,ADV,-35,e0:5a:1b:15:b2:ee,MF03E8
RX_CCS_E2_20260121,100528,ADV,-35,e0:5a:1b:15:b2:ee,MF03E9
RX_CCS_E2_20260121,100609,ADV,-32,e0:5a:1b:15:b2:ee,MF03EA
RX_CCS_E2_20260121,100719,ADV,-35,e0:5a:1b:15:b2:ee,MF03EB
RX_CCS_E2_20260121,100825,ADV,-35,e0:5a:1b:15:b2:ee,MF03EC
RX_CCS_E2_20260121,100932,ADV,-32,e0:5a:1b:15:b2:ee,MF03ED
RX_CCS_E2_20260121,101039,ADV,-35,e0:5a:1b:15:b2:ee,MF03EE
RX_CCS_E2_20260121,101144,ADV,-36,e0:5a:1b:15:b2:ee,MF03F0
RX_CCS_E2_20260121,101366,ADV,-35,e0:5a:1b:15:b2:ee,MF03F2
RX_CCS_E2_20260121,101462,ADV,-32,e0:5a:1b:15:b2:ee,MF03F3
RX_CCS_E2_20260121,101576,ADV,-35,e0:5a:1b:15:b2:ee,MF03F4
RX_CCS_E2_20260121,101685,ADV,-35,e0:5a:1b:15:b2:ee,MF03F5
RX_CCS_E2_20260121,101791,ADV,-32,e0:5a:1b:15:b2:ee,MF03F6
RX_CCS_E2_20260121,102006,ADV,-35,e0:5a:1b:15:b2:ee,MF03F8
RX_CCS_E2_20260121,102103,ADV,-32,e0:5a:1b:15:b2:ee,MF03F9
RX_CCS_E2_20260121,102224,ADV,-38,e0:5a:1b:15:b2:ee,MF03FA
RX_CCS_E2_20260121,102327,ADV,-36,e0:5a:1b:15:b2:ee,MF03FB
RX_CCS_E2_20260121,102425,ADV,-32,e0:5a:1b:15:b2:ee,MF03FC
RX_CCS_E2_20260121,102529,ADV,-38,e0:5a:1b:15:b2:ee,MF03FD
RX_CCS_E2_20260121,102635,ADV,-35,e0:5a:1b:15:b2:ee,MF03FE
RX_CCS_E2_20260121,102740,ADV,-32,e0:5a:1b:15:b2:ee,MF0400
RX_CCS_E2_20260121,103066,ADV,-35,e0:5a:1b:15:b2:ee,MF0403
RX_CCS_E2_20260121,103165,ADV,-35,e0:5a:1b:15:b2:ee,MF0404
RX_CCS_E2_20260121,103271,ADV,-32,e0:5a:1b:15:b2:ee,MF0405
RX_CCS_E2_20260121,103376,ADV,-38,e0:5a:1b:15:b2:ee,MF0406
RX_CCS_E2_20260121,103490,ADV,-36,e0:5a:1b:15:b2:ee,MF0407
RX_CCS_E2_20260121,103603,ADV,-32,e0:5a:1b:15:b2:ee,MF0408
RX_CCS_E2_20260121,103711,ADV,-34,e0:5a:1b:15:b2:ee,MF0409
RX_CCS_E2_20260121,103815,ADV,-35,e0:5a:1b:15:b2:ee,MF040A
RX_CCS_E2_20260121,103913,ADV,-32,e0:5a:1b:15:b2:ee,MF040B
RX_CCS_E2_20260121,104016,ADV,-35,e0:5a:1b:15:b2:ee,MF040C
RX_CCS_E2_20260121,104129,ADV,-35,e0:5a:1b:15:b2:ee,MF040D
RX_CCS_E2_20260121,104234,ADV,-32,e0:5a:1b:15:b2:ee,MF040E
RX_CCS_E2_20260121,104326,ADV,-35,e0:5a:1b:15:b2:ee,MF040F
RX_CCS_E2_20260121,104430,ADV,-36,e0:5a:1b:15:b2:ee,MF0410
RX_CCS_E2_20260121,104528,ADV,-33,e0:5a:1b:15:b2:ee,MF0411
RX_CCS_E2_20260121,104631,ADV,-35,e0:5a:1b:15:b2:ee,MF0412
RX_CCS_E2_20260121,104742,ADV,-35,e0:5a:1b:15:b2:ee,MF0413
RX_CCS_E2_20260121,104836,ADV,-32,e0:5a:1b:15:b2:ee,MF0415
RX_CCS_E2_20260121,105157,ADV,-38,e0:5a:1b:15:b2:ee,MF0418
RX_CCS_E2_20260121,105269,ADV,-36,e0:5a:1b:15:b2:ee,MF0419
RX_CCS_E2_20260121,105370,ADV,-33,e0:5a:1b:15:b2:ee,MF041A
RX_CCS_E2_20260121,105474,ADV,-35,e0:5a:1b:15:b2:ee,MF041B
RX_CCS_E2_20260121,105585,ADV,-35,e0:5a:1b:15:b2:ee,MF041C
RX_CCS_E2_20260121,105790,ADV,-35,e0:5a:1b:15:b2:ee,MF041E
RX_CCS_E2_20260121,105900,ADV,-35,e0:5a:1b:15:b2:ee,MF041F
RX_CCS_E2_20260121,106004,ADV,-32,e0:5a:1b:15:b2:ee,MF0420
RX_CCS_E2_20260121,106117,ADV,-35,e0:5a:1b:15:b2:ee,MF0421
RX_CCS_E2_20260121,106217,ADV,-35,e0:5a:1b:15:b2:ee,MF0422
RX_CCS_E2_20260121,106330,ADV,-32,e0:5a:1b:15:b2:ee,MF0423
RX_CCS_E2_20260121,106431,ADV,-36,e0:5a:1b:15:b2:ee,MF0424
RX_CCS_E2_20260121,106539,ADV,-36,e0:5a:1b:15:b2:ee,MF0425
RX_CCS_E2_20260121,106631,ADV,-32,e0:5a:1b:15:b2:ee,MF0426
RX_CCS_E2_20260121,106744,ADV,-38,e0:5a:1b:15:b2:ee,MF0428
RX_CCS_E2_20260121,107080,ADV,-35,e0:5a:1b:15:b2:ee,MF042B
RX_CCS_E2_20260121,107171,ADV,-32,e0:5a:1b:15:b2:ee,MF042C
RX_CCS_E2_20260121,107273,ADV,-35,e0:5a:1b:15:b2:ee,MF042D
RX_CCS_E2_20260121,107388,ADV,-35,e0:5a:1b:15:b2:ee,MF042E
RX_CCS_E2_20260121,107477,ADV,-32,e0:5a:1b:15:b2:ee,MF042F
RX_CCS_E2_20260121,107586,ADV,-35,e0:5a:1b:15:b2:ee,MF0430
RX_CCS_E2_20260121,107698,ADV,-35,e0:5a:1b:15:b2:ee,MF0431
RX_CCS_E2_20260121,107794,ADV,-32,e0:5a:1b:15:b2:ee,MF0432
RX_CCS_E2_20260121,107896,ADV,-35,e0:5a:1b:15:b2:ee,MF0433
RX_CCS_E2_20260121,108007,ADV,-35,e0:5a:1b:15:b2:ee,MF0434
RX_CCS_E2_20260121,108115,ADV,-32,e0:5a:1b:15:b2:ee,MF0435
RX_CCS_E2_20260121,108221,ADV,-35,e0:5a:1b:15:b2:ee,MF0436
RX_CCS_E2_20260121,108330,ADV,-35,e0:5a:1b:15:b2:ee,MF0437
RX_CCS_E2_20260121,108430,ADV,-32,e0:5a:1b:15:b2:ee,MF0438
RX_CCS_E2_20260121,108534,ADV,-35,e0:5a:1b:15:b2:ee,MF0439
RX_CCS_E2_20260121,108868,ADV,-36,e0:5a:1b:15:b2:ee,MF043D
RX_CCS_E2_20260121,108961,ADV,-32,e0:5a:1b:15:b2:ee,MF043E
RX_CCS_E2_20260121,109081,ADV,-35,e0:5a:1b:15:b2:ee,MF043F
RX_CCS_E2_20260121,109182,ADV,-35,e0:5a:1b:15:b2:ee,MF0440
RX_CCS_E2_20260121,109286,ADV,-33,e0:5a:1b:15:b2:ee,MF0441
RX_CCS_E2_20260121,109388,ADV,-35,e0:5a:1b:15:b2:ee,MF0442
RX_CCS_E2_20260121,109498,ADV,-35,e0:5a:1b:15:b2:ee,MF0443
RX_CCS_E2_20260121,109609,ADV,-32,e0:5a:1b:15:b2:ee,MF0444
RX_CCS_E2_20260121,109713,ADV,-35,e0:5a:1b:15:b2:ee,MF0445
RX_CCS_E2_20260121,109809,ADV,-35,e0:5a:1b:15:b2:ee,MF0446
RX_CCS_E2_20260121,109907,ADV,-32,e0:5a:1b:15:b2:ee,MF0447
RX_CCS_E2_20260121,110017,ADV,-38,e0:5a:1b:15:b2:ee,MF0448
RX_CCS_E2_20260121,110125,ADV,-35,e0:5a:1b:15:b2:ee,MF0449
RX_CCS_E2_20260121,110227,ADV,-32,e0:5a:1b:15:b2:ee,MF044A
RX_CCS_E2_20260121,110335,ADV,-38,e0:5a:1b:15:b2:ee,MF044B
RX_CCS_E2_20260121,110440,ADV,-35,e0:5a:1b:15:b2:ee,MF044D
RX_CCS_E2_20260121,110541,ADV,-32,e0:5a:1b:15:b2:ee,MF044E
RX_CCS_E2_20260121,110981,ADV,-35,e0:5a:1b:15:b2:ee,MF0452
RX_CCS_E2_20260121,111068,ADV,-32,e0:5a:1b:15:b2:ee,MF0453
RX_CCS_E2_20260121,111180,ADV,-35,e0:5a:1b:15:b2:ee,MF0454
RX_CCS_E2_20260121,111290,ADV,-35,e0:5a:1b:15:b2:ee,MF0455
RX_CCS_E2_20260121,111492,ADV,-35,e0:5a:1b:15:b2:ee,MF0457
RX_CCS_E2_20260121,111595,ADV,-36,e0:5a:1b:15:b2:ee,MF0458
RX_CCS_E2_20260121,111693,ADV,-32,e0:5a:1b:15:b2:ee,MF0459
RX_CCS_E2_20260121,111796,ADV,-38,e0:5a:1b:15:b2:ee,MF045A
RX_CCS_E2_20260121,111900,ADV,-35,e0:5a:1b:15:b2:ee,MF045B
RX_CCS_E2_20260121,112007,ADV,-32,e0:5a:1b:15:b2:ee,MF045C
RX_CCS_E2_20260121,112128,ADV,-38,e0:5a:1b:15:b2:ee,MF045D
RX_CCS_E2_20260121,112223,ADV,-35,e0:5a:1b:15:b2:ee,MF045E
RX_CCS_E2_20260121,112322,ADV,-32,e0:5a:1b:15:b2:ee,MF045F
RX_CCS_E2_20260121,112441,ADV,-38,e0:5a:1b:15:b2:ee,MF0460
RX_CCS_E2_20260121,112544,ADV,-35,e0:5a:1b:15:b2:ee,MF0462
RX_CCS_E2_20260121,112760,ADV,-36,e0:5a:1b:15:b2:ee,MF0464
RX_CCS_E2_20260121,112862,ADV,-32,e0:5a:1b:15:b2:ee,MF0465
RX_CCS_E2_20260121,112974,ADV,-35,e0:5a:1b:15:b2:ee,MF0466
RX_CCS_E2_20260121,113076,ADV,-35,e0:5a:1b:15:b2:ee,MF0467
RX_CCS_E2_20260121,113284,ADV,-38,e0:5a:1b:15:b2:ee,MF0469
RX_CCS_E2_20260121,113386,ADV,-35,e0:5a:1b:15:b2:ee,MF046A
RX_CCS_E2_20260121,113505,ADV,-32,e0:5a:1b:15:b2:ee,MF046B
RX_CCS_E2_20260121,113598,ADV,-35,e0:5a:1b:15:b2:ee,MF046C
RX_CCS_E2_20260121,113703,ADV,-35,e0:5a:1b:15:b2:ee,MF046D
RX_CCS_E2_20260121,113820,ADV,-31,e0:5a:1b:15:b2:ee,MF046E
RX_CCS_E2_20260121,113921,ADV,-35,e0:5a:1b:15:b2:ee,MF046F
RX_CCS_E2_20260121,114014,ADV,-36,e0:5a:1b:15:b2:ee,MF0470
RX_CCS_E2_20260121,114118,ADV,-32,e0:5a:1b:15:b2:ee,MF0471
RX_CCS_E2_20260121,114333,ADV,-36,e0:5a:1b:15:b2:ee,MF0473
RX_CCS_E2_20260121,114431,ADV,-32,e0:5a:1b:15:b2:ee,MF0474
RX_CCS_E2_20260121,114633,ADV,-35,e0:5a:1b:15:b2:ee,MF0476
RX_CCS_E2_20260121,114733,ADV,-33,e0:5a:1b:15:b2:ee,MF0477
RX_CCS_E2_20260121,114836,ADV,-38,e0:5a:1b:15:b2:ee,MF0478
RX_CCS_E2_20260121,114941,ADV,-35,e0:5a:1b:15:b2:ee,MF047A
RX_CCS_E2_20260121,115163,ADV,-35,e0:5a:1b:15:b2:ee,MF047C
RX_CCS_E2_20260121,115262,ADV,-32,e0:5a:1b:15:b2:ee,MF047D
RX_CCS_E2_20260121,115372,ADV,-35,e0:5a:1b:15:b2:ee,MF047E
RX_CCS_E2_20260121,115481,ADV,-35,e0:5a:1b:15:b2:ee,MF047F
RX_CCS_E2_20260121,115582,ADV,-32,e0:5a:1b:15:b2:ee,MF0480
RX_CCS_E2_20260121,115692,ADV,-35,e0:5a:1b:15:b2:ee,MF0481
RX_CCS_E2_20260121,115804,ADV,-35,e0:5a:1b:15:b2:ee,MF0482
RX_CCS_E2_20260121,115905,ADV,-32,e0:5a:1b:15:b2:ee,MF0483
RX_CCS_E2_20260121,116032,ADV,-36,e0:5a:1b:15:b2:ee,MF0484
RX_CCS_E2_20260121,116117,ADV,-35,e0:5a:1b:15:b2:ee,MF0485
RX_CCS_E2_20260121,116244,ADV,-32,e0:5a:1b:15:b2:ee,MF0486
RX_CCS_E2_20260121,116320,ADV,-35,e0:5a:1b:15:b2:ee,MF0487
RX_CCS_E2_20260121,116429,ADV,-35,e0:5a:1b:15:b2:ee,MF0488
RX_CCS_E2_20260121,116637,ADV,-35,e0:5a:1b:15:b2:ee,MF048B
RX_CCS_E2_20260121,116739,ADV,-35,e0:5a:1b:15:b2:ee,MF048C
RX_CCS_E2_20260121,116844,ADV,-32,e0:5a:1b:15:b2:ee,MF048D
RX_CCS_E2_20260121,117162,ADV,-35,e0:5a:1b:15:b2:ee,MF0490
RX_CCS_E2_20260121,117265,ADV,-36,e0:5a:1b:15:b2:ee,MF0491
RX_CCS_E2_20260121,117365,ADV,-32,e0:5a:1b:15:b2:ee,MF0492
RX_CCS_E2_20260121,117473,ADV,-35,e0:5a:1b:15:b2:ee,MF0493
RX_CCS_E2_20260121,117584,ADV,-35,e0:5a:1b:15:b2:ee,MF0494
RX_CCS_E2_20260121,117698,ADV,-32,e0:5a:1b:15:b2:ee,MF0495
RX_CCS_E2_20260121,117925,ADV,-35,e0:5a:1b:15:b2:ee,MF0497
RX_CCS_E2_20260121,118030,ADV,-32,e0:5a:1b:15:b2:ee,MF0498
RX_CCS_E2_20260121,118219,ADV,-35,e0:5a:1b:15:b2:ee,MF049A
RX_CCS_E2_20260121,118315,ADV,-32,e0:5a:1b:15:b2:ee,MF049B
RX_CCS_E2_20260121,118423,ADV,-38,e0:5a:1b:15:b2:ee,MF049C
RX_CCS_E2_20260121,118526,ADV,-35,e0:5a:1b:15:b2:ee,MF049D
RX_CCS_E2_20260121,118625,ADV,-32,e0:5a:1b:15:b2:ee,MF049E
RX_CCS_E2_20260121,118733,ADV,-36,e0:5a:1b:15:b2:ee,MF049F
RX_CCS_E2_20260121,118841,ADV,-35,e0:5a:1b:15:b2:ee,MF04A0
RX_CCS_E2_20260121,118944,ADV,-32,e0:5a:1b:15:b2:ee,MF04A2
RX_CCS_E2_20260121,119262,ADV,-35,e0:5a:1b:15:b2:ee,MF04A5
RX_CCS_E2_20260121,119363,ADV,-35,e0:5a:1b:15:b2:ee,MF04A6
RX_CCS_E2_20260121,119476,ADV,-32,e0:5a:1b:15:b2:ee,MF04A7
RX_CCS_E2_20260121,119680,ADV,-35,e0:5a:1b:15:b2:ee,MF04A9
RX_CCS_E2_20260121,119782,ADV,-31,e0:5a:1b:15:b2:ee,MF04AA
RX_CCS_E2_20260121,119887,ADV,-35,e0:5a:1b:15:b2:ee,MF04AB
RX_CCS_E2_20260121,119993,ADV,-35,e0:5a:1b:15:b2:ee,MF04AC
RX_CCS_E2_20260121,120094,ADV,-32,e0:5a:1b:15:b2:ee,MF04AD
RX_CCS_E2_20260121,120204,ADV,-35,e0:5a:1b:15:b2:ee,MF04AE
RX_CCS_E2_20260121,120313,ADV,-35,e0:5a:1b:15:b2:ee,MF04AF
RX_CCS_E2_20260121,120412,ADV,-32,e0:5a:1b:15:b2:ee,MF04B0
RX_CCS_E2_20260121,120515,ADV,-35,e0:5a:1b:15:b2:ee,MF04B1
RX_CCS_E2_20260121,120723,ADV,-32,e0:5a:1b:15:b2:ee,MF04B3
RX_CCS_E2_20260121,120844,ADV,-35,e0:5a:1b:15:b2:ee,MF04B4
RX_CCS_E2_20260121,120938,ADV,-35,e0:5a:1b:15:b2:ee,MF04B5
RX_CCS_E2_20260121,121042,ADV,-32,e0:5a:1b:15:b2:ee,MF04B7
RX_CCS_E2_20260121,121358,ADV,-35,e0:5a:1b:15:b2:ee,MF04BA
RX_CCS_E2_20260121,121469,ADV,-35,e0:5a:1b:15:b2:ee,MF04BB
RX_CCS_E2_20260121,121568,ADV,-32,e0:5a:1b:15:b2:ee,MF04BC
RX_CCS_E2_20260121,121678,ADV,-35,e0:5a:1b:15:b2:ee,MF04BD
RX_CCS_E2_20260121,121783,ADV,-35,e0:5a:1b:15:b2:ee,MF04BE
RX_CCS_E2_20260121,121883,ADV,-32,e0:5a:1b:15:b2:ee,MF04BF
RX_CCS_E2_20260121,121986,ADV,-35,e0:5a:1b:15:b2:ee,MF04C0
RX_CCS_E2_20260121,122094,ADV,-36,e0:5a:1b:15:b2:ee,MF04C1
RX_CCS_E2_20260121,122196,ADV,-32,e0:5a:1b:15:b2:ee,MF04C2
RX_CCS_E2_20260121,122305,ADV,-35,e0:5a:1b:15:b2:ee,MF04C3
RX_CCS_E2_20260121,122413,ADV,-36,e0:5a:1b:15:b2:ee,MF04C4
RX_CCS_E2_20260121,122524,ADV,-32,e0:5a:1b:15:b2:ee,MF04C5
RX_CCS_E2_20260121,122620,ADV,-35,e0:5a:1b:15:b2:ee,MF04C6
RX_CCS_E2_20260121,122743,ADV,-36,e0:5a:1b:15:b2:ee,MF04C7
RX_CCS_E2_20260121,122831,ADV,-32,e0:5a:1b:15:b2:ee,MF04C8
RX_CCS_E2_20260121,123160,ADV,-35,e0:5a:1b:15:b2:ee,MF04CC
RX_CCS_E2_20260121,123269,ADV,-35,e0:5a:1b:15:b2:ee,MF04CD
RX_CCS_E2_20260121,123390,ADV,-32,e0:5a:1b:15:b2:ee,MF04CE
RX_CCS_E2_20260121,123468,ADV,-36,e0:5a:1b:15:b2:ee,MF04CF
RX_CCS_E2_20260121,123575,ADV,-35,e0:5a:1b:15:b2:ee,MF04D0
RX_CCS_E2_20260121,123677,ADV,-32,e0:5a:1b:15:b2:ee,MF04D1
RX_CCS_E2_20260121,123787,ADV,-38,e0:5a:1b:15:b2:ee,MF04D2
RX_CCS_E2_20260121,123889,ADV,-35,e0:5a:1b:15:b2:ee,MF04D3
RX_CCS_E2_20260121,123996,ADV,-32,e0:5a:1b:15:b2:ee,MF04D4
RX_CCS_E2_20260121,124104,ADV,-35,e0:5a:1b:15:b2:ee,MF04D5
RX_CCS_E2_20260121,124214,ADV,-35,e0:5a:1b:15:b2:ee,MF04D6
RX_CCS_E2_20260121,124314,ADV,-32,e0:5a:1b:15:b2:ee,MF04D7
RX_CCS_E2_20260121,124434,ADV,-35,e0:5a:1b:15:b2:ee,MF04D8
RX_CCS_E2_20260121,124528,ADV,-35,e0:5a:1b:15:b2:ee,MF04D9
RX_CCS_E2_20260121,124641,ADV,-32,e0:5a:1b:15:b2:ee,MF04DA
RX_CCS_E2_20260121,124739,ADV,-35,e0:5a:1b:15:b2:ee,MF04DC
RX_CCS_E2_20260121,125070,ADV,-35,e0:5a:1b:15:b2:ee,MF04DF
RX_CCS_E2_20260121,125161,ADV,-32,e0:5a:1b:15:b2:ee,MF04E0
RX_CCS_E2_20260121,125270,ADV,-35,e0:5a:1b:15:b2:ee,MF04E1
RX_CCS_E2_20260121,125370,ADV,-35,e0:5a:1b:15:b2:ee,MF04E2
RX_CCS_E2_20260121,125468,ADV,-32,e0:5a:1b:15:b2:ee,MF04E3
RX_CCS_E2_20260121,125584,ADV,-35,e0:5a:1b:15:b2:ee,MF04E4
RX_CCS_E2_20260121,125679,ADV,-35,e0:5a:1b:15:b2:ee,MF04E5
RX_CCS_E2_20260121,125795,ADV,-32,e0:5a:1b:15:b2:ee,MF04E6
RX_CCS_E2_20260121,125890,ADV,-35,e0:5a:1b:15:b2:ee,MF04E7
RX_CCS_E2_20260121,126020,ADV,-35,e0:5a:1b:15:b2:ee,MF04E8
RX_CCS_E2_20260121,126113,ADV,-32,e0:5a:1b:15:b2:ee,MF04E9
RX_CCS_E2_20260121,126200,ADV,-35,e0:5a:1b:15:b2:ee,MF04EA
RX_CCS_E2_20260121,126316,ADV,-35,e0:5a:1b:15:b2:ee,MF04EB
RX_CCS_E2_20260121,126412,ADV,-32,e0:5a:1b:15:b2:ee,MF04EC
RX_CCS_E2_20260121,126523,ADV,-35,e0:5a:1b:15:b2:ee,MF04ED
RX_CCS_E2_20260121,126627,ADV,-35,e0:5a:1b:15:b2:ee,MF04EE
RX_CCS_E2_20260121,126730,ADV,-32,e0:5a:1b:15:b2:ee,MF04EF
RX_CCS_E2_20260121,126840,ADV,-35,e0:5a:1b:15:b2:ee,MF04F1
RX_CCS_E2_20260121,127044,ADV,-32,e0:5a:1b:15:b2:ee,MF04F3
RX_CCS_E2_20260121,127160,ADV,-35,e0:5a:1b:15:b2:ee,MF04F4
RX_CCS_E2_20260121,127365,ADV,-35,e0:5a:1b:15:b2:ee,MF04F6
RX_CCS_E2_20260121,127478,ADV,-35,e0:5a:1b:15:b2:ee,MF04F7
RX_CCS_E2_20260121,127576,ADV,-32,e0:5a:1b:15:b2:ee,MF04F8
RX_CCS_E2_20260121,127683,ADV,-35,e0:5a:1b:15:b2:ee,MF04F9
RX_CCS_E2_20260121,127789,ADV,-35,e0:5a:1b:15:b2:ee,MF04FA
RX_CCS_E2_20260121,127891,ADV,-32,e0:5a:1b:15:b2:ee,MF04FB
RX_CCS_E2_20260121,128007,ADV,-35,e0:5a:1b:15:b2:ee,MF04FC
RX_CCS_E2_20260121,128112,ADV,-36,e0:5a:1b:15:b2:ee,MF04FD
RX_CCS_E2_20260121,128211,ADV,-32,e0:5a:1b:15:b2:ee,MF04FE
RX_CCS_E2_20260121,128335,ADV,-35,e0:5a:1b:15:b2:ee,MF04FF
RX_CCS_E2_20260121,128426,ADV,-35,e0:5a:1b:15:b2:ee,MF0500
RX_CCS_E2_20260121,128534,ADV,-32,e0:5a:1b:15:b2:ee,MF0501
RX_CCS_E2_20260121,128644,ADV,-35,e0:5a:1b:15:b2:ee,MF0503
RX_CCS_E2_20260121,128960,ADV,-35,e0:5a:1b:15:b2:ee,MF0506
RX_CCS_E2_20260121,129066,ADV,-32,e0:5a:1b:15:b2:ee,MF0507
RX_CCS_E2_20260121,129168,ADV,-38,e0:5a:1b:15:b2:ee,MF0508
RX_CCS_E2_20260121,129283,ADV,-35,e0:5a:1b:15:b2:ee,MF0509
RX_CCS_E2_20260121,129374,ADV,-32,e0:5a:1b:15:b2:ee,MF050A
RX_CCS_E2_20260121,129480,ADV,-35,e0:5a:1b:15:b2:ee,MF050B
RX_CCS_E2_20260121,129585,ADV,-35,e0:5a:1b:15:b2:ee,MF050C
RX_CCS_E2_20260121,129693,ADV,-33,e0:5a:1b:15:b2:ee,MF050D
RX_CCS_E2_20260121,129791,ADV,-35,e0:5a:1b:15:b2:ee,MF050E
RX_CCS_E2_20260121,129894,ADV,-35,e0:5a:1b:15:b2:ee,MF050F
RX_CCS_E2_20260121,130000,ADV,-32,e0:5a:1b:15:b2:ee,MF0510
RX_CCS_E2_20260121,130120,ADV,-38,e0:5a:1b:15:b2:ee,MF0511
RX_CCS_E2_20260121,130215,ADV,-35,e0:5a:1b:15:b2:ee,MF0512
RX_CCS_E2_20260121,130328,ADV,-32,e0:5a:1b:15:b2:ee,MF0513
RX_CCS_E2_20260121,130426,ADV,-35,e0:5a:1b:15:b2:ee,MF0514
RX_CCS_E2_20260121,130535,ADV,-35,e0:5a:1b:15:b2:ee,MF0515
RX_CCS_E2_20260121,130645,ADV,-32,e0:5a:1b:15:b2:ee,MF0517
RX_CCS_E2_20260121,130864,ADV,-32,e0:5a:1b:15:b2:ee,MF0519
RX_CCS_E2_20260121,130967,ADV,-35,e0:5a:1b:15:b2:ee,MF051A
RX_CCS_E2_20260121,131077,ADV,-35,e0:5a:1b:15:b2:ee,MF051B
RX_CCS_E2_20260121,131159,ADV,-32,e0:5a:1b:15:b2:ee,MF051C
RX_CCS_E2_20260121,131260,ADV,-35,e0:5a:1b:15:b2:ee,MF051D
RX_CCS_E2_20260121,131367,ADV,-36,e0:5a:1b:15:b2:ee,MF051E
RX_CCS_E2_20260121,131474,ADV,-32,e0:5a:1b:15:b2:ee,MF051F
RX_CCS_E2_20260121,131583,ADV,-38,e0:5a:1b:15:b2:ee,MF0520
RX_CCS_E2_20260121,131694,ADV,-35,e0:5a:1b:15:b2:ee,MF0521
RX_CCS_E2_20260121,131795,ADV,-32,e0:5a:1b:15:b2:ee,MF0522
RX_CCS_E2_20260121,131901,ADV,-35,e0:5a:1b:15:b2:ee,MF0523
RX_CCS_E2_20260121,132007,ADV,-35,e0:5a:1b:15:b2:ee,MF0524
RX_CCS_E2_20260121,132125,ADV,-32,e0:5a:1b:15:b2:ee,MF0525
RX_CCS_E2_20260121,132226,ADV,-35,e0:5a:1b:15:b2:ee,MF0526
RX_CCS_E2_20260121,132323,ADV,-35,e0:5a:1b:15:b2:ee,MF0527
RX_CCS_E2_20260121,132442,ADV,-32,e0:5a:1b:15:b2:ee,MF0528
RX_CCS_E2_20260121,132532,ADV,-35,e0:5a:1b:15:b2:ee,MF0529
RX_CCS_E2_20260121,132642,ADV,-35,e0:5a:1b:15:b2:ee,MF052B
RX_CCS_E2_20260121,132865,ADV,-35,e0:5a:1b:15:b2:ee,MF052D
RX_CCS_E2_20260121,132994,ADV,-32,e0:5a:1b:15:b2:ee,MF052E
RX_CCS_E2_20260121,133091,ADV,-35,e0:5a:1b:15:b2:ee,MF052F
RX_CCS_E2_20260121,133182,ADV,-35,e0:5a:1b:15:b2:ee,MF0530
RX_CCS_E2_20260121,133297,ADV,-32,e0:5a:1b:15:b2:ee,MF0531
RX_CCS_E2_20260121,133384,ADV,-35,e0:5a:1b:15:b2:ee,MF0532
RX_CCS_E2_20260121,133502,ADV,-36,e0:5a:1b:15:b2:ee,MF0533
RX_CCS_E2_20260121,133590,ADV,-32,e0:5a:1b:15:b2:ee,MF0534
RX_CCS_E2_20260121,133701,ADV,-35,e0:5a:1b:15:b2:ee,MF0535
RX_CCS_E2_20260121,133807,ADV,-35,e0:5a:1b:15:b2:ee,MF0536
RX_CCS_E2_20260121,133909,ADV,-32,e0:5a:1b:15:b2:ee,MF0537
RX_CCS_E2_20260121,134021,ADV,-38,e0:5a:1b:15:b2:ee,MF0538
RX_CCS_E2_20260121,134117,ADV,-35,e0:5a:1b:15:b2:ee,MF0539
RX_CCS_E2_20260121,134218,ADV,-32,e0:5a:1b:15:b2:ee,MF053A
RX_CCS_E2_20260121,134437,ADV,-35,e0:5a:1b:15:b2:ee,MF053C
RX_CCS_E2_20260121,134539,ADV,-32,e0:5a:1b:15:b2:ee,MF053E
RX_CCS_E2_20260121,134645,ADV,-35,e0:5a:1b:15:b2:ee,MF053F
RX_CCS_E2_20260121,134863,ADV,-35,e0:5a:1b:15:b2:ee,MF0541
RX_CCS_E2_20260121,134967,ADV,-35,e0:5a:1b:15:b2:ee,MF0542
RX_CCS_E2_20260121,135065,ADV,-32,e0:5a:1b:15:b2:ee,MF0543
RX_CCS_E2_20260121,135174,ADV,-35,e0:5a:1b:15:b2:ee,MF0544
RX_CCS_E2_20260121,135277,ADV,-35,e0:5a:1b:15:b2:ee,MF0545
RX_CCS_E2_20260121,135383,ADV,-32,e0:5a:1b:15:b2:ee,MF0546
RX_CCS_E2_20260121,135490,ADV,-35,e0:5a:1b:15:b2:ee,MF0547
RX_CCS_E2_20260121,135697,ADV,-32,e0:5a:1b:15:b2:ee,MF0549
RX_CCS_E2_20260121,135794,ADV,-35,e0:5a:1b:15:b2:ee,MF054A
RX_CCS_E2_20260121,135899,ADV,-35,e0:5a:1b:15:b2:ee,MF054B
RX_CCS_E2_20260121,136006,ADV,-32,e0:5a:1b:15:b2:ee,MF054C
RX_CCS_E2_20260121,136107,ADV,-38,e0:5a:1b:15:b2:ee,MF054D
RX_CCS_E2_20260121,136218,ADV,-35,e0:5a:1b:15:b2:ee,MF054E
RX_CCS_E2_20260121,136335,ADV,-32,e0:5a:1b:15:b2:ee,MF054F
RX_CCS_E2_20260121,136420,ADV,-35,e0:5a:1b:15:b2:ee,MF0550
RX_CCS_E2_20260121,136527,ADV,-35,e0:5a:1b:15:b2:ee,MF0551
RX_CCS_E2_20260121,136628,ADV,-32,e0:5a:1b:15:b2:ee,MF0552
RX_CCS_E2_20260121,136732,ADV,-35,e0:5a:1b:15:b2:ee,MF0553
RX_CCS_E2_20260121,136841,ADV,-35,e0:5a:1b:15:b2:ee,MF0555
RX_CCS_E2_20260121,136945,ADV,-32,e0:5a:1b:15:b2:ee,MF0556
RX_CCS_E2_20260121,137260,ADV,-38,e0:5a:1b:15:b2:ee,MF0559
RX_CCS_E2_20260121,137375,ADV,-36,e0:5a:1b:15:b2:ee,MF055A
RX_CCS_E2_20260121,137472,ADV,-32,e0:5a:1b:15:b2:ee,MF055B
RX_CCS_E2_20260121,137568,ADV,-35,e0:5a:1b:15:b2:ee,MF055C
RX_CCS_E2_20260121,137681,ADV,-35,e0:5a:1b:15:b2:ee,MF055D
RX_CCS_E2_20260121,137786,ADV,-32,e0:5a:1b:15:b2:ee,MF055E
RX_CCS_E2_20260121,137884,ADV,-35,e0:5a:1b:15:b2:ee,MF055F
RX_CCS_E2_20260121,138104,ADV,-32,e0:5a:1b:15:b2:ee,MF0561
RX_CCS_E2_20260121,138208,ADV,-99,e0:5a:1b:15:b2:ee,MF0562
RX_CCS_E2_20260121,138309,ADV,-35,e0:5a:1b:15:b2:ee,MF0563
RX_CCS_E2_20260121,138414,ADV,-31,e0:5a:1b:15:b2:ee,MF0564
RX_CCS_E2_20260121,138517,ADV,-35,e0:5a:1b:15:b2:ee,MF0565
RX_CCS_E2_20260121,138626,ADV,-35,e0:5a:1b:15:b2:ee,MF0566
RX_CCS_E2_20260121,138726,ADV,-32,e0:5a:1b:15:b2:ee,MF0567
RX_CCS_E2_20260121,138834,ADV,-38,e0:5a:1b:15:b2:ee,MF0568
RX_CCS_E2_20260121,138945,ADV,-36,e0:5a:1b:15:b2:ee,MF056A
RX_CCS_E2_20260121,139160,ADV,-35,e0:5a:1b:15:b2:ee,MF056C
RX_CCS_E2_20260121,139377,ADV,-38,e0:5a:1b:15:b2:ee,MF056E
RX_CCS_E2_20260121,139473,ADV,-35,e0:5a:1b:15:b2:ee,MF056F
RX_CCS_E2_20260121,139587,ADV,-32,e0:5a:1b:15:b2:ee,MF0570
RX_CCS_E2_20260121,139690,ADV,-38,e0:5a:1b:15:b2:ee,MF0571
RX_CCS_E2_20260121,139815,ADV,-35,e0:5a:1b:15:b2:ee,MF0572
RX_CCS_E2_20260121,139904,ADV,-32,e0:5a:1b:15:b2:ee,MF0573
RX_CCS_E2_20260121,140015,ADV,-35,e0:5a:1b:15:b2:ee,MF0574
RX_CCS_E2_20260121,140119,ADV,-35,e0:5a:1b:15:b2:ee,MF0575
RX_CCS_E2_20260121,140228,ADV,-32,e0:5a:1b:15:b2:ee,MF0576
RX_CCS_E2_20260121,140332,ADV,-35,e0:5a:1b:15:b2:ee,MF0577
RX_CCS_E2_20260121,140445,ADV,-35,e0:5a:1b:15:b2:ee,MF0579
RX_CCS_E2_20260121,140545,ADV,-31,e0:5a:1b:15:b2:ee,MF057A
RX_CCS_E2_20260121,140861,ADV,-35,e0:5a:1b:15:b2:ee,MF057D
RX_CCS_E2_20260121,140972,ADV,-35,e0:5a:1b:15:b2:ee,MF057E
RX_CCS_E2_20260121,141074,ADV,-32,e0:5a:1b:15:b2:ee,MF057F
RX_CCS_E2_20260121,141179,ADV,-38,e0:5a:1b:15:b2:ee,MF0580
RX_CCS_E2_20260121,141284,ADV,-35,e0:5a:1b:15:b2:ee,MF0581
RX_CCS_E2_20260121,141388,ADV,-32,e0:5a:1b:15:b2:ee,MF0582
RX_CCS_E2_20260121,141499,ADV,-35,e0:5a:1b:15:b2:ee,MF0583
RX_CCS_E2_20260121,141599,ADV,-35,e0:5a:1b:15:b2:ee,MF0584
RX_CCS_E2_20260121,141701,ADV,-32,e0:5a:1b:15:b2:ee,MF0585
RX_CCS_E2_20260121,141811,ADV,-38,e0:5a:1b:15:b2:ee,MF0586
RX_CCS_E2_20260121,141913,ADV,-35,e0:5a:1b:15:b2:ee,MF0587
RX_CCS_E2_20260121,142016,ADV,-32,e0:5a:1b:15:b2:ee,MF0588
RX_CCS_E2_20260121,142121,ADV,-35,e0:5a:1b:15:b2:ee,MF0589
RX_CCS_E2_20260121,142223,ADV,-35,e0:5a:1b:15:b2:ee,MF058A
RX_CCS_E2_20260121,142332,ADV,-32,e0:5a:1b:15:b2:ee,MF058B
RX_CCS_E2_20260121,142445,ADV,-38,e0:5a:1b:15:b2:ee,MF058D
RX_CCS_E2_20260121,142545,ADV,-35,e0:5a:1b:15:b2:ee,MF058E
RX_CCS_E2_20260121,142645,ADV,-32,e0:5a:1b:15:b2:ee,MF058F
RX_CCS_E2_20260121,142742,ADV,-35,e0:5a:1b:15:b2:ee,MF0590
RX_CCS_E2_20260121,143067,ADV,-35,e0:5a:1b:15:b2:ee,MF0593
RX_CCS_E2_20260121,143163,ADV,-32,e0:5a:1b:15:b2:ee,MF0594
RX_CCS_E2_20260121,143269,ADV,-35,e0:5a:1b:15:b2:ee,MF0595
RX_CCS_E2_20260121,143372,ADV,-35,e0:5a:1b:15:b2:ee,MF0596
RX_CCS_E2_20260121,143488,ADV,-32,e0:5a:1b:15:b2:ee,MF0597
RX_CCS_E2_20260121,143580,ADV,-38,e0:5a:1b:15:b2:ee,MF0598
RX_CCS_E2_20260121,143687,ADV,-35,e0:5a:1b:15:b2:ee,MF0599
RX_CCS_E2_20260121,143892,ADV,-35,e0:5a:1b:15:b2:ee,MF059B
RX_CCS_E2_20260121,144001,ADV,-35,e0:5a:1b:15:b2:ee,MF059C
RX_CCS_E2_20260121,144103,ADV,-32,e0:5a:1b:15:b2:ee,MF059D
RX_CCS_E2_20260121,144316,ADV,-35,e0:5a:1b:15:b2:ee,MF059F
RX_CCS_E2_20260121,144431,ADV,-32,e0:5a:1b:15:b2:ee,MF05A0
RX_CCS_E2_20260121,144534,ADV,-38,e0:5a:1b:15:b2:ee,MF05A1
RX_CCS_E2_20260121,144637,ADV,-35,e0:5a:1b:15:b2:ee,MF05A2
RX_CCS_E2_20260121,144745,ADV,-32,e0:5a:1b:15:b2:ee,MF05A4
RX_CCS_E2_20260121,144845,ADV,-38,e0:5a:1b:15:b2:ee,MF05A5
RX_CCS_E2_20260121,145173,ADV,-36,e0:5a:1b:15:b2:ee,MF05A8
RX_CCS_E2_20260121,145261,ADV,-32,e0:5a:1b:15:b2:ee,MF05A9
RX_CCS_E2_20260121,145367,ADV,-35,e0:5a:1b:15:b2:ee,MF05AA
RX_CCS_E2_20260121,145476,ADV,-35,e0:5a:1b:15:b2:ee,MF05AB
RX_CCS_E2_20260121,145589,ADV,-32,e0:5a:1b:15:b2:ee,MF05AC
RX_CCS_E2_20260121,145679,ADV,-35,e0:5a:1b:15:b2:ee,MF05AD
RX_CCS_E2_20260121,145791,ADV,-35,e0:5a:1b:15:b2:ee,MF05AE
RX_CCS_E2_20260121,146005,ADV,-35,e0:5a:1b:15:b2:ee,MF05B0
RX_CCS_E2_20260121,146117,ADV,-35,e0:5a:1b:15:b2:ee,MF05B1
RX_CCS_E2_20260121,146231,ADV,-32,e0:5a:1b:15:b2:ee,MF05B2
RX_CCS_E2_20260121,146331,ADV,-38,e0:5a:1b:15:b2:ee,MF05B3
RX_CCS_E2_20260121,146434,ADV,-35,e0:5a:1b:15:b2:ee,MF05B4
RX_CCS_E2_20260121,146537,ADV,-32,e0:5a:1b:15:b2:ee,MF05B5
RX_CCS_E2_20260121,146636,ADV,-35,e0:5a:1b:15:b2:ee,MF05B6
RX_CCS_E2_20260121,146745,ADV,-35,e0:5a:1b:15:b2:ee,MF05B8
RX_CCS_E2_20260121,147263,ADV,-35,e0:5a:1b:15:b2:ee,MF05BD
RX_CCS_E2_20260121,147365,ADV,-32,e0:5a:1b:15:b2:ee,MF05BE
RX_CCS_E2_20260121,147477,ADV,-35,e0:5a:1b:15:b2:ee,MF05BF
RX_CCS_E2_20260121,147581,ADV,-35,e0:5a:1b:15:b2:ee,MF05C0
RX_CCS_E2_20260121,147688,ADV,-32,e0:5a:1b:15:b2:ee,MF05C1
RX_CCS_E2_20260121,147793,ADV,-38,e0:5a:1b:15:b2:ee,MF05C2
RX_CCS_E2_20260121,147892,ADV,-35,e0:5a:1b:15:b2:ee,MF05C3
RX_CCS_E2_20260121,148010,ADV,-32,e0:5a:1b:15:b2:ee,MF05C4
RX_CCS_E2_20260121,148108,ADV,-38,e0:5a:1b:15:b2:ee,MF05C5
RX_CCS_E2_20260121,148223,ADV,-35,e0:5a:1b:15:b2:ee,MF05C6
RX_CCS_E2_20260121,148328,ADV,-32,e0:5a:1b:15:b2:ee,MF05C7
RX_CCS_E2_20260121,148432,ADV,-35,e0:5a:1b:15:b2:ee,MF05C8
RX_CCS_E2_20260121,148540,ADV,-35,e0:5a:1b:15:b2:ee,MF05CA
RX_CCS_E2_20260121,148636,ADV,-32,e0:5a:1b:15:b2:ee,MF05CB
RX_CCS_E2_20260121,148745,ADV,-35,e0:5a:1b:15:b2:ee,MF05CC
RX_CCS_E2_20260121,149164,ADV,-32,e0:5a:1b:15:b2:ee,MF05D0
RX_CCS_E2_20260121,149268,ADV,-35,e0:5a:1b:15:b2:ee,MF05D1
RX_CCS_E2_20260121,149375,ADV,-36,e0:5a:1b:15:b2:ee,MF05D2
RX_CCS_E2_20260121,149482,ADV,-32,e0:5a:1b:15:b2:ee,MF05D3
RX_CCS_E2_20260121,149579,ADV,-38,e0:5a:1b:15:b2:ee,MF05D4
RX_CCS_E2_20260121,149690,ADV,-35,e0:5a:1b:15:b2:ee,MF05D5
RX_CCS_E2_20260121,149823,ADV,-32,e0:5a:1b:15:b2:ee,MF05D6
RX_CCS_E2_20260121,149899,ADV,-38,e0:5a:1b:15:b2:ee,MF05D7
RX_CCS_E2_20260121,150000,ADV,-35,e0:5a:1b:15:b2:ee,MF05D8
RX_CCS_E2_20260121,150103,ADV,-32,e0:5a:1b:15:b2:ee,MF05D9
RX_CCS_E2_20260121,150222,ADV,-35,e0:5a:1b:15:b2:ee,MF05DA
RX_CCS_E2_20260121,150318,ADV,-35,e0:5a:1b:15:b2:ee,MF05DB
RX_CCS_E2_20260121,150422,ADV,-32,e0:5a:1b:15:b2:ee,MF05DC
RX_CCS_E2_20260121,150544,ADV,-35,e0:5a:1b:15:b2:ee,MF05DD
RX_CCS_E2_20260121,150638,ADV,-35,e0:5a:1b:15:b2:ee,MF05DF
RX_CCS_E2_20260121,150745,ADV,-32,e0:5a:1b:15:b2:ee,MF05E0
RX_CCS_E2_20260121,150959,ADV,-32,e0:5a:1b:15:b2:ee,MF05E2
RX_CCS_E2_20260121,151064,ADV,-38,e0:5a:1b:15:b2:ee,MF05E3
RX_CCS_E2_20260121,151175,ADV,-35,e0:5a:1b:15:b2:ee,MF05E4
RX_CCS_E2_20260121,151273,ADV,-32,e0:5a:1b:15:b2:ee,MF05E5
RX_CCS_E2_20260121,151378,ADV,-35,e0:5a:1b:15:b2:ee,MF05E6
RX_CCS_E2_20260121,151481,ADV,-35,e0:5a:1b:15:b2:ee,MF05E7
RX_CCS_E2_20260121,151693,ADV,-35,e0:5a:1b:15:b2:ee,MF05E9
RX_CCS_E2_20260121,151800,ADV,-35,e0:5a:1b:15:b2:ee,MF05EA
RX_CCS_E2_20260121,151898,ADV,-32,e0:5a:1b:15:b2:ee,MF05EB
RX_CCS_E2_20260121,152003,ADV,-38,e0:5a:1b:15:b2:ee,MF05EC
RX_CCS_E2_20260121,152112,ADV,-35,e0:5a:1b:15:b2:ee,MF05ED
RX_CCS_E2_20260121,152224,ADV,-32,e0:5a:1b:15:b2:ee,MF05EE
RX_CCS_E2_20260121,152328,ADV,-35,e0:5a:1b:15:b2:ee,MF05EF
RX_CCS_E2_20260121,152522,ADV,-32,e0:5a:1b:15:b2:ee,MF05F1
RX_CCS_E2_20260121,152631,ADV,-38,e0:5a:1b:15:b2:ee,MF05F2
RX_CCS_E2_20260121,152745,ADV,-35,e0:5a:1b:15:b2:ee,MF05F3
RX_CCS_E2_20260121,152845,ADV,-32,e0:5a:1b:15:b2:ee,MF05F5
RX_CCS_E2_20260121,152942,ADV,-35,e0:5a:1b:15:b2:ee,MF05F6
RX_CCS_E2_20260121,153291,ADV,-35,e0:5a:1b:15:b2:ee,MF05F9
RX_CCS_E2_20260121,153378,ADV,-32,e0:5a:1b:15:b2:ee,MF05FA
RX_CCS_E2_20260121,153483,ADV,-35,e0:5a:1b:15:b2:ee,MF05FB
RX_CCS_E2_20260121,153673,ADV,-32,e0:5a:1b:15:b2:ee,MF05FD
RX_CCS_E2_20260121,153784,ADV,-35,e0:5a:1b:15:b2:ee,MF05FE
RX_CCS_E2_20260121,153890,ADV,-35,e0:5a:1b:15:b2:ee,MF05FF
RX_CCS_E2_20260121,154099,ADV,-35,e0:5a:1b:15:b2:ee,MF0601
RX_CCS_E2_20260121,154209,ADV,-36,e0:5a:1b:15:b2:ee,MF0602
RX_CCS_E2_20260121,154324,ADV,-32,e0:5a:1b:15:b2:ee,MF0603
RX_CCS_E2_20260121,154412,ADV,-38,e0:5a:1b:15:b2:ee,MF0604
RX_CCS_E2_20260121,154517,ADV,-35,e0:5a:1b:15:b2:ee,MF0605
RX_CCS_E2_20260121,154620,ADV,-31,e0:5a:1b:15:b2:ee,MF0606
RX_CCS_E2_20260121,154717,ADV,-35,e0:5a:1b:15:b2:ee,MF0607
RX_CCS_E2_20260121,154818,ADV,-35,e0:5a:1b:15:b2:ee,MF0608
RX_CCS_E2_20260121,154925,ADV,-32,e0:5a:1b:15:b2:ee,MF0609
RX_CCS_E2_20260121,155044,ADV,-38,e0:5a:1b:15:b2:ee,MF060A
RX_CCS_E2_20260121,155137,ADV,-35,e0:5a:1b:15:b2:ee,MF060B
RX_CCS_E2_20260121,155245,ADV,-32,e0:5a:1b:15:b2:ee,MF060D
RX_CCS_E2_20260121,155666,ADV,-35,e0:5a:1b:15:b2:ee,MF0611
RX_CCS_E2_20260121,155768,ADV,-32,e0:5a:1b:15:b2:ee,MF0612
RX_CCS_E2_20260121,155871,ADV,-38,e0:5a:1b:15:b2:ee,MF0613
RX_CCS_E2_20260121,155990,ADV,-35,e0:5a:1b:15:b2:ee,MF0614
RX_CCS_E2_20260121,156083,ADV,-32,e0:5a:1b:15:b2:ee,MF0615
RX_CCS_E2_20260121,156174,ADV,-36,e0:5a:1b:15:b2:ee,MF0616
RX_CCS_E2_20260121,156282,ADV,-36,e0:5a:1b:15:b2:ee,MF0617
RX_CCS_E2_20260121,156398,ADV,-32,e0:5a:1b:15:b2:ee,MF0618
RX_CCS_E2_20260121,156597,ADV,-35,e0:5a:1b:15:b2:ee,MF061A
RX_CCS_E2_20260121,156701,ADV,-32,e0:5a:1b:15:b2:ee,MF061B
RX_CCS_E2_20260121,156810,ADV,-38,e0:5a:1b:15:b2:ee,MF061C
RX_CCS_E2_20260121,156933,ADV,-35,e0:5a:1b:15:b2:ee,MF061D
RX_CCS_E2_20260121,157030,ADV,-32,e0:5a:1b:15:b2:ee,MF061E
RX_CCS_E2_20260121,157125,ADV,-35,e0:5a:1b:15:b2:ee,MF061F
RX_CCS_E2_20260121,157229,ADV,-35,e0:5a:1b:15:b2:ee,MF0620
RX_CCS_E2_20260121,157329,ADV,-32,e0:5a:1b:15:b2:ee,MF0621
RX_CCS_E2_20260121,157542,ADV,-35,e0:5a:1b:15:b2:ee,MF0624
RX_CCS_E2_20260121,157641,ADV,-32,e0:5a:1b:15:b2:ee,MF0625
RX_CCS_E2_20260121,157965,ADV,-35,e0:5a:1b:15:b2:ee,MF0628
RX_CCS_E2_20260121,158070,ADV,-35,e0:5a:1b:15:b2:ee,MF0629
RX_CCS_E2_20260121,158172,ADV,-32,e0:5a:1b:15:b2:ee,MF062A
RX_CCS_E2_20260121,158293,ADV,-35,e0:5a:1b:15:b2:ee,MF062B
RX_CCS_E2_20260121,158390,ADV,-35,e0:5a:1b:15:b2:ee,MF062C
RX_CCS_E2_20260121,158493,ADV,-32,e0:5a:1b:15:b2:ee,MF062D
RX_CCS_E2_20260121,158710,ADV,-35,e0:5a:1b:15:b2:ee,MF062F
RX_CCS_E2_20260121,158814,ADV,-32,e0:5a:1b:15:b2:ee,MF0630
RX_CCS_E2_20260121,158923,ADV,-35,e0:5a:1b:15:b2:ee,MF0631
RX_CCS_E2_20260121,159030,ADV,-36,e0:5a:1b:15:b2:ee,MF0632
RX_CCS_E2_20260121,159135,ADV,-32,e0:5a:1b:15:b2:ee,MF0633
RX_CCS_E2_20260121,159245,ADV,-35,e0:5a:1b:15:b2:ee,MF0635
RX_CCS_E2_20260121,159568,ADV,-35,e0:5a:1b:15:b2:ee,MF0638
RX_CCS_E2_20260121,159659,ADV,-32,e0:5a:1b:15:b2:ee,MF0639
RX_CCS_E2_20260121,159762,ADV,-38,e0:5a:1b:15:b2:ee,MF063A
RX_CCS_E2_20260121,159870,ADV,-35,e0:5a:1b:15:b2:ee,MF063B
RX_CCS_E2_20260121,159991,ADV,-32,e0:5a:1b:15:b2:ee,MF063C
RX_CCS_E2_20260121,160086,ADV,-35,e0:5a:1b:15:b2:ee,MF063D
RX_CCS_E2_20260121,160184,ADV,-35,e0:5a:1b:15:b2:ee,MF063E
RX_CCS_E2_20260121,160290,ADV,-31,e0:5a:1b:15:b2:ee,MF063F
RX_CCS_E2_20260121,160390,ADV,-35,e0:5a:1b:15:b2:ee,MF0640
RX_CCS_E2_20260121,160494,ADV,-35,e0:5a:1b:15:b2:ee,MF0641
RX_CCS_E2_20260121,160596,ADV,-32,e0:5a:1b:15:b2:ee,MF0642
RX_CCS_E2_20260121,160699,ADV,-35,e0:5a:1b:15:b2:ee,MF0643
RX_CCS_E2_20260121,160802,ADV,-35,e0:5a:1b:15:b2:ee,MF0644
RX_CCS_E2_20260121,160927,ADV,-32,e0:5a:1b:15:b2:ee,MF0645
RX_CCS_E2_20260121,161008,ADV,-38,e0:5a:1b:15:b2:ee,MF0646
RX_CCS_E2_20260121,161109,ADV,-35,e0:5a:1b:15:b2:ee,MF0647
RX_CCS_E2_20260121,161208,ADV,-32,e0:5a:1b:15:b2:ee,MF0648
RX_CCS_E2_20260121,161316,ADV,-35,e0:5a:1b:15:b2:ee,MF0649
RX_CCS_E2_20260121,161426,ADV,-35,e0:5a:1b:15:b2:ee,MF064A
RX_CCS_E2_20260121,161537,ADV,-32,e0:5a:1b:15:b2:ee,MF064B
RX_CCS_E2_20260121,161636,ADV,-35,e0:5a:1b:15:b2:ee,MF064C
RX_CCS_E2_20260121,161745,ADV,-36,e0:5a:1b:15:b2:ee,MF064E
RX_CCS_E2_20260121,161962,ADV,-36,e0:5a:1b:15:b2:ee,MF0650
RX_CCS_E2_20260121,162061,ADV,-32,e0:5a:1b:15:b2:ee,MF0651
RX_CCS_E2_20260121,162194,ADV,-38,e0:5a:1b:15:b2:ee,MF0652
RX_CCS_E2_20260121,162284,ADV,-35,e0:5a:1b:15:b2:ee,MF0653
RX_CCS_E2_20260121,162377,ADV,-32,e0:5a:1b:15:b2:ee,MF0654
RX_CCS_E2_20260121,162493,ADV,-38,e0:5a:1b:15:b2:ee,MF0655
RX_CCS_E2_20260121,162596,ADV,-35,e0:5a:1b:15:b2:ee,MF0656
RX_CCS_E2_20260121,162698,ADV,-32,e0:5a:1b:15:b2:ee,MF0657
RX_CCS_E2_20260121,162805,ADV,-35,e0:5a:1b:15:b2:ee,MF0658
RX_CCS_E2_20260121,162907,ADV,-35,e0:5a:1b:15:b2:ee,MF0659
RX_CCS_E2_20260121,163022,ADV,-32,e0:5a:1b:15:b2:ee,MF065A
RX_CCS_E2_20260121,163117,ADV,-35,e0:5a:1b:15:b2:ee,MF065B
RX_CCS_E2_20260121,163225,ADV,-35,e0:5a:1b:15:b2:ee,MF065C
RX_CCS_E2_20260121,163336,ADV,-31,e0:5a:1b:15:b2:ee,MF065D
RX_CCS_E2_20260121,163430,ADV,-35,e0:5a:1b:15:b2:ee,MF065E
RX_CCS_E2_20260121,163545,ADV,-35,e0:5a:1b:15:b2:ee,MF065F
RX_CCS_E2_20260121,163634,ADV,-32,e0:5a:1b:15:b2:ee,MF0660
RX_CCS_E2_20260121,163745,ADV,-35,e0:5a:1b:15:b2:ee,MF0662
RX_CCS_E2_20260121,163845,ADV,-36,e0:5a:1b:15:b2:ee,MF0663
RX_CCS_E2_20260121,164381,ADV,-35,e0:5a:1b:15:b2:ee,MF0668
RX_CCS_E2_20260121,164465,ADV,-32,e0:5a:1b:15:b2:ee,MF0669
RX_CCS_E2_20260121,164574,ADV,-38,e0:5a:1b:15:b2:ee,MF066A
RX_CCS_E2_20260121,164688,ADV,-35,e0:5a:1b:15:b2:ee,MF066B
RX_CCS_E2_20260121,164786,ADV,-32,e0:5a:1b:15:b2:ee,MF066C
RX_CCS_E2_20260121,164899,ADV,-38,e0:5a:1b:15:b2:ee,MF066D
RX_CCS_E2_20260121,164999,ADV,-35,e0:5a:1b:15:b2:ee,MF066E
RX_CCS_E2_20260121,165097,ADV,-32,e0:5a:1b:15:b2:ee,MF066F
RX_CCS_E2_20260121,165316,ADV,-35,e0:5a:1b:15:b2:ee,MF0671
RX_CCS_E2_20260121,165424,ADV,-32,e0:5a:1b:15:b2:ee,MF0672
RX_CCS_E2_20260121,165517,ADV,-35,e0:5a:1b:15:b2:ee,MF0673
RX_CCS_E2_20260121,165630,ADV,-35,e0:5a:1b:15:b2:ee,MF0674
RX_CCS_E2_20260121,165723,ADV,-32,e0:5a:1b:15:b2:ee,MF0675
RX_CCS_E2_20260121,165831,ADV,-35,e0:5a:1b:15:b2:ee,MF0676
RX_CCS_E2_20260121,165945,ADV,-35,e0:5a:1b:15:b2:ee,MF0677
RX_CCS_E2_20260121,166043,ADV,-32,e0:5a:1b:15:b2:ee,MF0679
RX_CCS_E2_20260121,166145,ADV,-35,e0:5a:1b:15:b2:ee,MF067A
RX_CCS_E2_20260121,166472,ADV,-35,e0:5a:1b:15:b2:ee,MF067D
RX_CCS_E2_20260121,166561,ADV,-32,e0:5a:1b:15:b2:ee,MF067E
RX_CCS_E2_20260121,166677,ADV,-35,e0:5a:1b:15:b2:ee,MF067F
RX_CCS_E2_20260121,166793,ADV,-35,e0:5a:1b:15:b2:ee,MF0680
RX_CCS_E2_20260121,166873,ADV,-32,e0:5a:1b:15:b2:ee,MF0681
RX_CCS_E2_20260121,167085,ADV,-35,e0:5a:1b:15:b2:ee,MF0683
RX_CCS_E2_20260121,167187,ADV,-32,e0:5a:1b:15:b2:ee,MF0684
RX_CCS_E2_20260121,167298,ADV,-35,e0:5a:1b:15:b2:ee,MF0685
RX_CCS_E2_20260121,167409,ADV,-36,e0:5a:1b:15:b2:ee,MF0686
RX_CCS_E2_20260121,167533,ADV,-32,e0:5a:1b:15:b2:ee,MF0687
RX_CCS_E2_20260121,167631,ADV,-35,e0:5a:1b:15:b2:ee,MF0688
RX_CCS_E2_20260121,167729,ADV,-36,e0:5a:1b:15:b2:ee,MF0689
RX_CCS_E2_20260121,167831,ADV,-32,e0:5a:1b:15:b2:ee,MF068A
RX_CCS_E2_20260121,168037,ADV,-35,e0:5a:1b:15:b2:ee,MF068C
RX_CCS_E2_20260121,168140,ADV,-32,e0:5a:1b:15:b2:ee,MF068E
RX_CCS_E2_20260121,168566,ADV,-35,e0:5a:1b:15:b2:ee,MF0692
RX_CCS_E2_20260121,168670,ADV,-32,e0:5a:1b:15:b2:ee,MF0693
RX_CCS_E2_20260121,168784,ADV,-35,e0:5a:1b:15:b2:ee,MF0694
RX_CCS_E2_20260121,168886,ADV,-36,e0:5a:1b:15:b2:ee,MF0695
RX_CCS_E2_20260121,169103,ADV,-35,e0:5a:1b:15:b2:ee,MF0697
RX_CCS_E2_20260121,169225,ADV,-35,e0:5a:1b:15:b2:ee,MF0698
RX_CCS_E2_20260121,169336,ADV,-33,e0:5a:1b:15:b2:ee,MF0699
RX_CCS_E2_20260121,169431,ADV,-35,e0:5a:1b:15:b2:ee,MF069A
RX_CCS_E2_20260121,169543,ADV,-35,e0:5a:1b:15:b2:ee,MF069B
RX_CCS_E2_20260121,169638,ADV,-32,e0:5a:1b:15:b2:ee,MF069D
RX_CCS_E2_20260121,169967,ADV,-35,e0:5a:1b:15:b2:ee,MF06A0
RX_CCS_E2_20260121,170068,ADV,-35,e0:5a:1b:15:b2:ee,MF06A1
RX_CCS_E2_20260121,170173,ADV,-32,e0:5a:1b:15:b2:ee,MF06A2
RX_CCS_E2_20260121,170281,ADV,-35,e0:5a:1b:15:b2:ee,MF06A3
RX_CCS_E2_20260121,170388,ADV,-36,e0:5a:1b:15:b2:ee,MF06A4
RX_CCS_E2_20260121,170491,ADV,-32,e0:5a:1b:15:b2:ee,MF06A5
RX_CCS_E2_20260121,170599,ADV,-38,e0:5a:1b:15:b2:ee,MF06A6
RX_CCS_E2_20260121,170718,ADV,-35,e0:5a:1b:15:b2:ee,MF06A7
RX_CCS_E2_20260121,170828,ADV,-32,e0:5a:1b:15:b2:ee,MF06A8
RX_CCS_E2_20260121,170925,ADV,-38,e0:5a:1b:15:b2:ee,MF06A9
RX_CCS_E2_20260121,171031,ADV,-35,e0:5a:1b:15:b2:ee,MF06AA
RX_CCS_E2_20260121,171133,ADV,-32,e0:5a:1b:15:b2:ee,MF06AB
RX_CCS_E2_20260121,171245,ADV,-38,e0:5a:1b:15:b2:ee,MF06AC
RX_CCS_E2_20260121,171334,ADV,-35,e0:5a:1b:15:b2:ee,MF06AD
RX_CCS_E2_20260121,171437,ADV,-32,e0:5a:1b:15:b2:ee,MF06AE
RX_CCS_E2_20260121,171542,ADV,-35,e0:5a:1b:15:b2:ee,MF06B0
RX_CCS_E2_20260121,171863,ADV,-35,e0:5a:1b:15:b2:ee,MF06B3
RX_CCS_E2_20260121,171966,ADV,-32,e0:5a:1b:15:b2:ee,MF06B4
RX_CCS_E2_20260121,172079,ADV,-35,e0:5a:1b:15:b2:ee,MF06B5
RX_CCS_E2_20260121,172171,ADV,-35,e0:5a:1b:15:b2:ee,MF06B6
RX_CCS_E2_20260121,172275,ADV,-32,e0:5a:1b:15:b2:ee,MF06B7
RX_CCS_E2_20260121,172400,ADV,-35,e0:5a:1b:15:b2:ee,MF06B8
RX_CCS_E2_20260121,172488,ADV,-35,e0:5a:1b:15:b2:ee,MF06B9
RX_CCS_E2_20260121,172592,ADV,-32,e0:5a:1b:15:b2:ee,MF06BA
RX_CCS_E2_20260121,172699,ADV,-38,e0:5a:1b:15:b2:ee,MF06BB
RX_CCS_E2_20260121,172805,ADV,-35,e0:5a:1b:15:b2:ee,MF06BC
RX_CCS_E2_20260121,172910,ADV,-33,e0:5a:1b:15:b2:ee,MF06BD
RX_CCS_E2_20260121,173122,ADV,-35,e0:5a:1b:15:b2:ee,MF06BF
RX_CCS_E2_20260121,173230,ADV,-32,e0:5a:1b:15:b2:ee,MF06C0
RX_CCS_E2_20260121,173337,ADV,-38,e0:5a:1b:15:b2:ee,MF06C1
RX_CCS_E2_20260121,173445,ADV,-35,e0:5a:1b:15:b2:ee,MF06C3
RX_CCS_E2_20260121,173545,ADV,-32,e0:5a:1b:15:b2:ee,MF06C4
RX_CCS_E2_20260121,173671,ADV,-35,e0:5a:1b:15:b2:ee,MF06C5
RX_CCS_E2_20260121,173773,ADV,-32,e0:5a:1b:15:b2:ee,MF06C6
RX_CCS_E2_20260121,173876,ADV,-35,e0:5a:1b:15:b2:ee,MF06C7
RX_CCS_E2_20260121,173977,ADV,-35,e0:5a:1b:15:b2:ee,MF06C8
RX_CCS_E2_20260121,174085,ADV,-32,e0:5a:1b:15:b2:ee,MF06C9
RX_CCS_E2_20260121,174188,ADV,-38,e0:5a:1b:15:b2:ee,MF06CA
RX_CCS_E2_20260121,174291,ADV,-35,e0:5a:1b:15:b2:ee,MF06CB
RX_CCS_E2_20260121,174397,ADV,-32,e0:5a:1b:15:b2:ee,MF06CC
RX_CCS_E2_20260121,174502,ADV,-35,e0:5a:1b:15:b2:ee,MF06CD
RX_CCS_E2_20260121,174603,ADV,-35,e0:5a:1b:15:b2:ee,MF06CE
RX_CCS_E2_20260121,174717,ADV,-32,e0:5a:1b:15:b2:ee,MF06CF
RX_CCS_E2_20260121,174810,ADV,-35,e0:5a:1b:15:b2:ee,MF06D0
RX_CCS_E2_20260121,174914,ADV,-35,e0:5a:1b:15:b2:ee,MF06D1
RX_CCS_E2_20260121,175020,ADV,-32,e0:5a:1b:15:b2:ee,MF06D2
RX_CCS_E2_20260121,175125,ADV,-35,e0:5a:1b:15:b2:ee,MF06D3
RX_CCS_E2_20260121,175234,ADV,-35,e0:5a:1b:15:b2:ee,MF06D4
RX_CCS_E2_20260121,175332,ADV,-32,e0:5a:1b:15:b2:ee,MF06D5
RX_CCS_E2_20260121,175436,ADV,-35,e0:5a:1b:15:b2:ee,MF06D6
RX_CCS_E2_20260121,175545,ADV,-35,e0:5a:1b:15:b2:ee,MF06D8
RX_CCS_E2_20260121,175645,ADV,-32,e0:5a:1b:15:b2:ee,MF06D9
RX_CCS_E2_20260121,176071,ADV,-35,e0:5a:1b:15:b2:ee,MF06DD
RX_CCS_E2_20260121,176214,ADV,-32,e0:5a:1b:15:b2:ee,MF06DE
RX_CCS_E2_20260121,176294,ADV,-35,e0:5a:1b:15:b2:ee,MF06DF
RX_CCS_E2_20260121,176387,ADV,-35,e0:5a:1b:15:b2:ee,MF06E0
RX_CCS_E2_20260121,176491,ADV,-32,e0:5a:1b:15:b2:ee,MF06E1
RX_CCS_E2_20260121,176596,ADV,-35,e0:5a:1b:15:b2:ee,MF06E2
RX_CCS_E2_20260121,176701,ADV,-35,e0:5a:1b:15:b2:ee,MF06E3
RX_CCS_E2_20260121,176820,ADV,-32,e0:5a:1b:15:b2:ee,MF06E4
RX_CCS_E2_20260121,176907,ADV,-38,e0:5a:1b:15:b2:ee,MF06E5
RX_CCS_E2_20260121,177117,ADV,-32,e0:5a:1b:15:b2:ee,MF06E7
RX_CCS_E2_20260121,177218,ADV,-38,e0:5a:1b:15:b2:ee,MF06E8
RX_CCS_E2_20260121,177324,ADV,-35,e0:5a:1b:15:b2:ee,MF06E9
RX_CCS_E2_20260121,177423,ADV,-32,e0:5a:1b:15:b2:ee,MF06EA
RX_CCS_E2_20260121,177545,ADV,-35,e0:5a:1b:15:b2:ee,MF06EB
RX_CCS_E2_20260121,177645,ADV,-35,e0:5a:1b:15:b2:ee,MF06ED
RX_CCS_E2_20260121,178064,ADV,-35,e0:5a:1b:15:b2:ee,MF06F1
RX_CCS_E2_20260121,178167,ADV,-35,e0:5a:1b:15:b2:ee,MF06F2
RX_CCS_E2_20260121,178267,ADV,-32,e0:5a:1b:15:b2:ee,MF06F3
RX_CCS_E2_20260121,178377,ADV,-35,e0:5a:1b:15:b2:ee,MF06F4
RX_CCS_E2_20260121,178485,ADV,-35,e0:5a:1b:15:b2:ee,MF06F5
RX_CCS_E2_20260121,178580,ADV,-32,e0:5a:1b:15:b2:ee,MF06F6
RX_CCS_E2_20260121,178687,ADV,-38,e0:5a:1b:15:b2:ee,MF06F7
RX_CCS_E2_20260121,178800,ADV,-35,e0:5a:1b:15:b2:ee,MF06F8
RX_CCS_E2_20260121,178906,ADV,-32,e0:5a:1b:15:b2:ee,MF06F9
RX_CCS_E2_20260121,179015,ADV,-36,e0:5a:1b:15:b2:ee,MF06FA
RX_CCS_E2_20260121,179131,ADV,-35,e0:5a:1b:15:b2:ee,MF06FB
RX_CCS_E2_20260121,179223,ADV,-32,e0:5a:1b:15:b2:ee,MF06FC
RX_CCS_E2_20260121,179441,ADV,-35,e0:5a:1b:15:b2:ee,MF06FF
RX_CCS_E2_20260121,179662,ADV,-35,e0:5a:1b:15:b2:ee,MF0701
RX_CCS_E2_20260121,179758,ADV,-32,e0:5a:1b:15:b2:ee,MF0702
RX_CCS_E2_20260121,179865,ADV,-35,e0:5a:1b:15:b2:ee,MF0703
RX_CCS_E2_20260121,179982,ADV,-35,e0:5a:1b:15:b2:ee,MF0704
RX_CCS_E2_20260121,180075,ADV,-32,e0:5a:1b:15:b2:ee,MF0705
RX_CCS_E2_20260121,180177,ADV,-35,e0:5a:1b:15:b2:ee,MF0706
RX_CCS_E2_20260121,180285,ADV,-35,e0:5a:1b:15:b2:ee,MF0707
RX_CCS_E2_20260121,180386,ADV,-32,e0:5a:1b:15:b2:ee,MF0708
RX_CCS_E2_20260121,180533,ADV,-35,e0:5a:1b:15:b2:ee,MF0709
RX_CCS_E2_20260121,180598,ADV,-35,e0:5a:1b:15:b2:ee,MF070A
RX_CCS_E2_20260121,180695,ADV,-32,e0:5a:1b:15:b2:ee,MF070B
RX_CCS_E2_20260121,180798,ADV,-35,e0:5a:1b:15:b2:ee,MF070C
RX_CCS_E2_20260121,181011,ADV,-32,e0:5a:1b:15:b2:ee,MF070E
RX_CCS_E2_20260121,181115,ADV,-38,e0:5a:1b:15:b2:ee,MF070F
RX_CCS_E2_20260121,181223,ADV,-35,e0:5a:1b:15:b2:ee,MF0710
RX_CCS_E2_20260121,181321,ADV,-32,e0:5a:1b:15:b2:ee,MF0711
RX_CCS_E2_20260121,181424,ADV,-34,e0:5a:1b:15:b2:ee,MF0712
RX_CCS_E2_20260121,181539,ADV,-36,e0:5a:1b:15:b2:ee,MF0713
RX_CCS_E2_20260121,181638,ADV,-32,e0:5a:1b:15:b2:ee,MF0715
RX_CCS_E2_20260121,181745,ADV,-35,e0:5a:1b:15:b2:ee,MF0716
RX_CCS_E2_20260121,181980,ADV,-38,e0:5a:1b:15:b2:ee,MF0718
RX_CCS_E2_20260121,182073,ADV,-35,e0:5a:1b:15:b2:ee,MF0719
RX_CCS_E2_20260121,182178,ADV,-32,e0:5a:1b:15:b2:ee,MF071A
RX_CCS_E2_20260121,182300,ADV,-35,e0:5a:1b:15:b2:ee,MF071B
RX_CCS_E2_20260121,182394,ADV,-35,e0:5a:1b:15:b2:ee,MF071C
RX_CCS_E2_20260121,182496,ADV,-32,e0:5a:1b:15:b2:ee,MF071D
RX_CCS_E2_20260121,182597,ADV,-35,e0:5a:1b:15:b2:ee,MF071E
RX_CCS_E2_20260121,182711,ADV,-35,e0:5a:1b:15:b2:ee,MF071F
RX_CCS_E2_20260121,182803,ADV,-32,e0:5a:1b:15:b2:ee,MF0720
RX_CCS_E2_20260121,182918,ADV,-35,e0:5a:1b:15:b2:ee,MF0721
RX_CCS_E2_20260121,183036,ADV,-35,e0:5a:1b:15:b2:ee,MF0722
RX_CCS_E2_20260121,183119,ADV,-83,e0:5a:1b:15:b2:ee,MF0723
RX_CCS_E2_20260121,183337,ADV,-35,e0:5a:1b:15:b2:ee,MF0725
RX_CCS_E2_20260121,183427,ADV,-32,e0:5a:1b:15:b2:ee,MF0726
RX_CCS_E2_20260121,183538,ADV,-38,e0:5a:1b:15:b2:ee,MF0728
RX_CCS_E2_20260121,183645,ADV,-35,e0:5a:1b:15:b2:ee,MF0729
RX_CCS_E2_20260121,183959,ADV,-32,e0:5a:1b:15:b2:ee,MF072C
RX_CCS_E2_20260121,184069,ADV,-35,e0:5a:1b:15:b2:ee,MF072D
RX_CCS_E2_20260121,184168,ADV,-35,e0:5a:1b:15:b2:ee,MF072E
RX_CCS_E2_20260121,184271,ADV,-32,e0:5a:1b:15:b2:ee,MF072F
RX_CCS_E2_20260121,184387,ADV,-35,e0:5a:1b:15:b2:ee,MF0730
RX_CCS_E2_20260121,184480,ADV,-35,e0:5a:1b:15:b2:ee,MF0731
RX_CCS_E2_20260121,184581,ADV,-32,e0:5a:1b:15:b2:ee,MF0732
RX_CCS_E2_20260121,184689,ADV,-35,e0:5a:1b:15:b2:ee,MF0733
RX_CCS_E2_20260121,184801,ADV,-35,e0:5a:1b:15:b2:ee,MF0734
RX_CCS_E2_20260121,184903,ADV,-32,e0:5a:1b:15:b2:ee,MF0735
RX_CCS_E2_20260121,185024,ADV,-35,e0:5a:1b:15:b2:ee,MF0736
RX_CCS_E2_20260121,185133,ADV,-35,e0:5a:1b:15:b2:ee,MF0737
RX_CCS_E2_20260121,185231,ADV,-32,e0:5a:1b:15:b2:ee,MF0738
RX_CCS_E2_20260121,185329,ADV,-35,e0:5a:1b:15:b2:ee,MF0739
RX_CCS_E2_20260121,185436,ADV,-35,e0:5a:1b:15:b2:ee,MF073A
RX_CCS_E2_20260121,185545,ADV,-32,e0:5a:1b:15:b2:ee,MF073C
RX_CCS_E2_20260121,185645,ADV,-35,e0:5a:1b:15:b2:ee,MF073D
RX_CCS_E2_20260121,185859,ADV,-35,e0:5a:1b:15:b2:ee,MF073F
RX_CCS_E2_20260121,185964,ADV,-35,e0:5a:1b:15:b2:ee,MF0740
RX_CCS_E2_20260121,186062,ADV,-32,e0:5a:1b:15:b2:ee,MF0741
RX_CCS_E2_20260121,186164,ADV,-38,e0:5a:1b:15:b2:ee,MF0742
RX_CCS_E2_20260121,186278,ADV,-35,e0:5a:1b:15:b2:ee,MF0743
RX_CCS_E2_20260121,186362,ADV,-32,e0:5a:1b:15:b2:ee,MF0744
RX_CCS_E2_20260121,186469,ADV,-38,e0:5a:1b:15:b2:ee,MF0745
RX_CCS_E2_20260121,186573,ADV,-35,e0:5a:1b:15:b2:ee,MF0746
RX_CCS_E2_20260121,186800,ADV,-35,e0:5a:1b:15:b2:ee,MF0748
RX_CCS_E2_20260121,186894,ADV,-35,e0:5a:1b:15:b2:ee,MF0749
RX_CCS_E2_20260121,186993,ADV,-32,e0:5a:1b:15:b2:ee,MF074A
RX_CCS_E2_20260121,187100,ADV,-35,e0:5a:1b:15:b2:ee,MF074B
RX_CCS_E2_20260121,187208,ADV,-36,e0:5a:1b:15:b2:ee,MF074C
RX_CCS_E2_20260121,187316,ADV,-32,e0:5a:1b:15:b2:ee,MF074D
RX_CCS_E2_20260121,187434,ADV,-35,e0:5a:1b:15:b2:ee,MF074E
RX_CCS_E2_20260121,187526,ADV,-35,e0:5a:1b:15:b2:ee,MF074F
RX_CCS_E2_20260121,187639,ADV,-32,e0:5a:1b:15:b2:ee,MF0750
RX_CCS_E2_20260121,187737,ADV,-35,e0:5a:1b:15:b2:ee,MF0751
RX_CCS_E2_20260121,188159,ADV,-32,e0:5a:1b:15:b2:ee,MF0756
RX_CCS_E2_20260121,188260,ADV,-35,e0:5a:1b:15:b2:ee,MF0757
RX_CCS_E2_20260121,188369,ADV,-35,e0:5a:1b:15:b2:ee,MF0758
RX_CCS_E2_20260121,188474,ADV,-32,e0:5a:1b:15:b2:ee,MF0759
RX_CCS_E2_20260121,188568,ADV,-35,e0:5a:1b:15:b2:ee,MF075A
RX_CCS_E2_20260121,188780,ADV,-33,e0:5a:1b:15:b2:ee,MF075C
RX_CCS_E2_20260121,188886,ADV,-35,e0:5a:1b:15:b2:ee,MF075D
RX_CCS_E2_20260121,189001,ADV,-36,e0:5a:1b:15:b2:ee,MF075E
RX_CCS_E2_20260121,189082,ADV,-32,e0:5a:1b:15:b2:ee,MF075F
RX_CCS_E2_20260121,189184,ADV,-38,e0:5a:1b:15:b2:ee,MF0760
RX_CCS_E2_20260121,189291,ADV,-35,e0:5a:1b:15:b2:ee,MF0761
RX_CCS_E2_20260121,189385,ADV,-32,e0:5a:1b:15:b2:ee,MF0762
RX_CCS_E2_20260121,189496,ADV,-35,e0:5a:1b:15:b2:ee,MF0763
RX_CCS_E2_20260121,189605,ADV,-35,e0:5a:1b:15:b2:ee,MF0764
RX_CCS_E2_20260121,189708,ADV,-32,e0:5a:1b:15:b2:ee,MF0765
RX_CCS_E2_20260121,189845,ADV,-35,e0:5a:1b:15:b2:ee,MF0766
RX_CCS_E2_20260121,189919,ADV,-35,e0:5a:1b:15:b2:ee,MF0767
RX_CCS_E2_20260121,190021,ADV,-32,e0:5a:1b:15:b2:ee,MF0768
RX_CCS_E2_20260121,190126,ADV,-35,e0:5a:1b:15:b2:ee,MF0769
RX_CCS_E2_20260121,190234,ADV,-35,e0:5a:1b:15:b2:ee,MF076A
RX_CCS_E2_20260121,190339,ADV,-32,e0:5a:1b:15:b2:ee,MF076B
RX_CCS_E2_20260121,190445,ADV,-38,e0:5a:1b:15:b2:ee,MF076D
RX_CCS_E2_20260121,190659,ADV,-35,e0:5a:1b:15:b2:ee,MF076F
RX_CCS_E2_20260121,190770,ADV,-35,e0:5a:1b:15:b2:ee,MF0770
RX_CCS_E2_20260121,190876,ADV,-32,e0:5a:1b:15:b2:ee,MF0771
RX_CCS_E2_20260121,190971,ADV,-35,e0:5a:1b:15:b2:ee,MF0772
RX_CCS_E2_20260121,191074,ADV,-35,e0:5a:1b:15:b2:ee,MF0773
RX_CCS_E2_20260121,191176,ADV,-32,e0:5a:1b:15:b2:ee,MF0774
RX_CCS_E2_20260121,191280,ADV,-35,e0:5a:1b:15:b2:ee,MF0775
RX_CCS_E2_20260121,191391,ADV,-35,e0:5a:1b:15:b2:ee,MF0776
RX_CCS_E2_20260121,191491,ADV,-32,e0:5a:1b:15:b2:ee,MF0777
RX_CCS_E2_20260121,191600,ADV,-35,e0:5a:1b:15:b2:ee,MF0778
RX_CCS_E2_20260121,191807,ADV,-32,e0:5a:1b:15:b2:ee,MF077A
RX_CCS_E2_20260121,191911,ADV,-77,e0:5a:1b:15:b2:ee,MF077B
RX_CCS_E2_20260121,192017,ADV,-35,e0:5a:1b:15:b2:ee,MF077C
RX_CCS_E2_20260121,192131,ADV,-33,e0:5a:1b:15:b2:ee,MF077D
RX_CCS_E2_20260121,192221,ADV,-35,e0:5a:1b:15:b2:ee,MF077E
RX_CCS_E2_20260121,192323,ADV,-35,e0:5a:1b:15:b2:ee,MF077F
RX_CCS_E2_20260121,192425,ADV,-32,e0:5a:1b:15:b2:ee,MF0780
RX_CCS_E2_20260121,192533,ADV,-35,e0:5a:1b:15:b2:ee,MF0781
RX_CCS_E2_20260121,192637,ADV,-35,e0:5a:1b:15:b2:ee,MF0782
RX_CCS_E2_20260121,192745,ADV,-32,e0:5a:1b:15:b2:ee,MF0784
RX_CCS_E2_20260121,192845,ADV,-38,e0:5a:1b:15:b2:ee,MF0785
RX_CCS_E2_20260121,193071,ADV,-38,e0:5a:1b:15:b2:ee,MF0787
RX_CCS_E2_20260121,193164,ADV,-35,e0:5a:1b:15:b2:ee,MF0788
RX_CCS_E2_20260121,193270,ADV,-32,e0:5a:1b:15:b2:ee,MF0789
RX_CCS_E2_20260121,193381,ADV,-36,e0:5a:1b:15:b2:ee,MF078A
RX_CCS_E2_20260121,193488,ADV,-35,e0:5a:1b:15:b2:ee,MF078B
RX_CCS_E2_20260121,193590,ADV,-32,e0:5a:1b:15:b2:ee,MF078C
RX_CCS_E2_20260121,193808,ADV,-35,e0:5a:1b:15:b2:ee,MF078E
RX_CCS_E2_20260121,193911,ADV,-32,e0:5a:1b:15:b2:ee,MF078F
RX_CCS_E2_20260121,194036,ADV,-35,e0:5a:1b:15:b2:ee,MF0790
RX_CCS_E2_20260121,194135,ADV,-35,e0:5a:1b:15:b2:ee,MF0791
RX_CCS_E2_20260121,194226,ADV,-32,e0:5a:1b:15:b2:ee,MF0792
RX_CCS_E2_20260121,194333,ADV,-35,e0:5a:1b:15:b2:ee,MF0793
RX_CCS_E2_20260121,194445,ADV,-35,e0:5a:1b:15:b2:ee,MF0794
RX_CCS_E2_20260121,194536,ADV,-32,e0:5a:1b:15:b2:ee,MF0796
RX_CCS_E2_20260121,194645,ADV,-35,e0:5a:1b:15:b2:ee,MF0797
RX_CCS_E2_20260121,194961,ADV,-35,e0:5a:1b:15:b2:ee,MF079A
RX_CCS_E2_20260121,195061,ADV,-32,e0:5a:1b:15:b2:ee,MF079B
RX_CCS_E2_20260121,195169,ADV,-35,e0:5a:1b:15:b2:ee,MF079C
RX_CCS_E2_20260121,195268,ADV,-35,e0:5a:1b:15:b2:ee,MF079D
RX_CCS_E2_20260121,195379,ADV,-32,e0:5a:1b:15:b2:ee,MF079E
RX_CCS_E2_20260121,195489,ADV,-35,e0:5a:1b:15:b2:ee,MF079F
RX_CCS_E2_20260121,195597,ADV,-35,e0:5a:1b:15:b2:ee,MF07A0
RX_CCS_E2_20260121,195685,ADV,-32,e0:5a:1b:15:b2:ee,MF07A1
RX_CCS_E2_20260121,195793,ADV,-35,e0:5a:1b:15:b2:ee,MF07A2
RX_CCS_E2_20260121,195908,ADV,-35,e0:5a:1b:15:b2:ee,MF07A3
RX_CCS_E2_20260121,196002,ADV,-32,e0:5a:1b:15:b2:ee,MF07A4
RX_CCS_E2_20260121,196110,ADV,-38,e0:5a:1b:15:b2:ee,MF07A5
RX_CCS_E2_20260121,196222,ADV,-35,e0:5a:1b:15:b2:ee,MF07A6
RX_CCS_E2_20260121,196322,ADV,-32,e0:5a:1b:15:b2:ee,MF07A7
RX_CCS_E2_20260121,196414,ADV,-35,e0:5a:1b:15:b2:ee,MF07A8
RX_CCS_E2_20260121,196528,ADV,-35,e0:5a:1b:15:b2:ee,MF07A9
RX_CCS_E2_20260121,196614,ADV,-32,e0:5a:1b:15:b2:ee,MF07AA
RX_CCS_E2_20260121,196718,ADV,-38,e0:5a:1b:15:b2:ee,MF07AB
RX_CCS_E2_20260121,196823,ADV,-35,e0:5a:1b:15:b2:ee,MF07AC
RX_CCS_E2_20260121,196925,ADV,-33,e0:5a:1b:15:b2:ee,MF07AD
RX_CCS_E2_20260121,197039,ADV,-35,e0:5a:1b:15:b2:ee,MF07AE
RX_CCS_E2_20260121,197137,ADV,-35,e0:5a:1b:15:b2:ee,MF07AF
RX_CCS_E2_20260121,197245,ADV,-32,e0:5a:1b:15:b2:ee,MF07B1
RX_CCS_E2_20260121,197571,ADV,-35,e0:5a:1b:15:b2:ee,MF07B4
RX_CCS_E2_20260121,197672,ADV,-36,e0:5a:1b:15:b2:ee,MF07B5
RX_CCS_E2_20260121,197778,ADV,-32,e0:5a:1b:15:b2:ee,MF07B6
RX_CCS_E2_20260121,197888,ADV,-35,e0:5a:1b:15:b2:ee,MF07B7
RX_CCS_E2_20260121,197991,ADV,-36,e0:5a:1b:15:b2:ee,MF07B8
RX_CCS_E2_20260121,198089,ADV,-32,e0:5a:1b:15:b2:ee,MF07B9
RX_CCS_E2_20260121,198192,ADV,-35,e0:5a:1b:15:b2:ee,MF07BA
RX_CCS_E2_20260121,198297,ADV,-36,e0:5a:1b:15:b2:ee,MF07BB
RX_CCS_E2_20260121,198395,ADV,-32,e0:5a:1b:15:b2:ee,MF07BC
RX_CCS_E2_20260121,198500,ADV,-35,e0:5a:1b:15:b2:ee,MF07BD
RX_CCS_E2_20260121,198607,ADV,-35,e0:5a:1b:15:b2:ee,MF07BE
RX_CCS_E2_20260121,198722,ADV,-32,e0:5a:1b:15:b2:ee,MF07BF
RX_CCS_E2_20260121,198810,ADV,-35,e0:5a:1b:15:b2:ee,MF07C0
RX_CCS_E2_20260121,198913,ADV,-35,e0:5a:1b:15:b2:ee,MF07C1
RX_CCS_E2_20260121,199035,ADV,-32,e0:5a:1b:15:b2:ee,MF07C2
RX_CCS_E2_20260121,199123,ADV,-38,e0:5a:1b:15:b2:ee,MF07C3
RX_CCS_E2_20260121,199240,ADV,-35,e0:5a:1b:15:b2:ee,MF07C4
RX_CCS_E2_20260121,199338,ADV,-32,e0:5a:1b:15:b2:ee,MF07C5
RX_CCS_E2_20260121,199439,ADV,-35,e0:5a:1b:15:b2:ee,MF07C7
RX_CCS_E2_20260121,199672,ADV,-38,e0:5a:1b:15:b2:ee,MF07C9
RX_CCS_E2_20260121,199767,ADV,-35,e0:5a:1b:15:b2:ee,MF07CA
RX_CCS_E2_20260121,199866,ADV,-32,e0:5a:1b:15:b2:ee,MF07CB
RX_CCS_E2_20260121,199974,ADV,-35,e0:5a:1b:15:b2:ee,MF07CC
RX_CCS_E2_20260121,200078,ADV,-35,e0:5a:1b:15:b2:ee,MF07CD
RX_CCS_E2_20260121,200178,ADV,-32,e0:5a:1b:15:b2:ee,MF07CE
RX_CCS_E2_20260121,200285,ADV,-38,e0:5a:1b:15:b2:ee,MF07CF
RX_CCS_E2_20260121,200485,ADV,-32,e0:5a:1b:15:b2:ee,MF07D1
RX_CCS_E2_20260121,200591,ADV,-35,e0:5a:1b:15:b2:ee,MF07D2
RX_CCS_E2_20260121,200701,ADV,-35,e0:5a:1b:15:b2:ee,MF07D3
RX_CCS_E2_20260121,200811,ADV,-32,e0:5a:1b:15:b2:ee,MF07D4
RX_CCS_E2_20260121,200903,ADV,-35,e0:5a:1b:15:b2:ee,MF07D5
RX_CCS_E2_20260121,201012,ADV,-35,e0:5a:1b:15:b2:ee,MF07D6
RX_CCS_E2_20260121,201110,ADV,-32,e0:5a:1b:15:b2:ee,MF07D7
RX_CCS_E2_20260121,201215,ADV,-38,e0:5a:1b:15:b2:ee,MF07D8
RX_CCS_E2_20260121,201324,ADV,-35,e0:5a:1b:15:b2:ee,MF07D9
RX_CCS_E2_20260121,201545,ADV,-35,e0:5a:1b:15:b2:ee,MF07DB
RX_CCS_E2_20260121,201641,ADV,-35,e0:5a:1b:15:b2:ee,MF07DD
RX_CCS_E2_20260121,202058,ADV,-35,e0:5a:1b:15:b2:ee,MF07E1
RX_CCS_E2_20260121,202169,ADV,-36,e0:5a:1b:15:b2:ee,MF07E2
RX_CCS_E2_20260121,202269,ADV,-32,e0:5a:1b:15:b2:ee,MF07E3
RX_CCS_E2_20260121,202483,ADV,-35,e0:5a:1b:15:b2:ee,MF07E5
RX_CCS_E2_20260121,202635,ADV,-32,e0:5a:1b:15:b2:ee,MF07E6
RX_CCS_E2_20260121,202701,ADV,-35,e0:5a:1b:15:b2:ee,MF07E7
RX_CCS_E2_20260121,202803,ADV,-35,e0:5a:1b:15:b2:ee,MF07E8
RX_CCS_E2_20260121,202911,ADV,-32,e0:5a:1b:15:b2:ee,MF07E9
RX_CCS_E2_20260121,203017,ADV,-35,e0:5a:1b:15:b2:ee,MF07EA
RX_CCS_E2_20260121,203123,ADV,-35,e0:5a:1b:15:b2:ee,MF07EB
RX_CCS_E2_20260121,203218,ADV,-32,e0:5a:1b:15:b2:ee,MF07EC
RX_CCS_E2_20260121,203331,ADV,-38,e0:5a:1b:15:b2:ee,MF07ED
RX_CCS_E2_20260121,203432,ADV,-35,e0:5a:1b:15:b2:ee,MF07EE
RX_CCS_E2_20260121,203539,ADV,-32,e0:5a:1b:15:b2:ee,MF07EF
RX_CCS_E2_20260121,203741,ADV,-35,e0:5a:1b:15:b2:ee,MF07F2
RX_CCS_E2_20260121,203970,ADV,-35,e0:5a:1b:15:b2:ee,MF07F4
RX_CCS_E2_20260121,204062,ADV,-32,e0:5a:1b:15:b2:ee,MF07F5
RX_CCS_E2_20260121,204170,ADV,-35,e0:5a:1b:15:b2:ee,MF07F6
RX_CCS_E2_20260121,204273,ADV,-35,e0:5a:1b:15:b2:ee,MF07F7
RX_CCS_E2_20260121,204372,ADV,-32,e0:5a:1b:15:b2:ee,MF07F8
RX_CCS_E2_20260121,204482,ADV,-35,e0:5a:1b:15:b2:ee,MF07F9
RX_CCS_E2_20260121,204593,ADV,-35,e0:5a:1b:15:b2:ee,MF07FA
RX_CCS_E2_20260121,204699,ADV,-32,e0:5a:1b:15:b2:ee,MF07FB
RX_CCS_E2_20260121,204802,ADV,-35,e0:5a:1b:15:b2:ee,MF07FC
RX_CCS_E2_20260121,204931,ADV,-35,e0:5a:1b:15:b2:ee,MF07FD
RX_CCS_E2_20260121,205026,ADV,-32,e0:5a:1b:15:b2:ee,MF07FE
RX_CCS_E2_20260121,205119,ADV,-35,e0:5a:1b:15:b2:ee,MF07FF
RX_CCS_E2_20260121,205226,ADV,-35,e0:5a:1b:15:b2:ee,MF0800
RX_CCS_E2_20260121,205329,ADV,-32,e0:5a:1b:15:b2:ee,MF0801
RX_CCS_E2_20260121,205433,ADV,-38,e0:5a:1b:15:b2:ee,MF0802
RX_CCS_E2_20260121,205538,ADV,-35,e0:5a:1b:15:b2:ee,MF0803
RX_CCS_E2_20260121,205639,ADV,-32,e0:5a:1b:15:b2:ee,MF0805
RX_CCS_E2_20260121,205740,ADV,-35,e0:5a:1b:15:b2:ee,MF0806
RX_CCS_E2_20260121,206061,ADV,-36,e0:5a:1b:15:b2:ee,MF0809
RX_CCS_E2_20260121,206167,ADV,-32,e0:5a:1b:15:b2:ee,MF080A
RX_CCS_E2_20260121,206376,ADV,-35,e0:5a:1b:15:b2:ee,MF080C
RX_CCS_E2_20260121,206480,ADV,-32,e0:5a:1b:15:b2:ee,MF080D
RX_CCS_E2_20260121,206586,ADV,-35,e0:5a:1b:15:b2:ee,MF080E
RX_CCS_E2_20260121,206702,ADV,-36,e0:5a:1b:15:b2:ee,MF080F
RX_CCS_E2_20260121,206802,ADV,-32,e0:5a:1b:15:b2:ee,MF0810
RX_CCS_E2_20260121,206906,ADV,-35,e0:5a:1b:15:b2:ee,MF0811
RX_CCS_E2_20260121,207016,ADV,-35,e0:5a:1b:15:b2:ee,MF0812
RX_CCS_E2_20260121,207120,ADV,-32,e0:5a:1b:15:b2:ee,MF0813
RX_CCS_E2_20260121,207232,ADV,-35,e0:5a:1b:15:b2:ee,MF0814
RX_CCS_E2_20260121,207445,ADV,-32,e0:5a:1b:15:b2:ee,MF0817
RX_CCS_E2_20260121,207768,ADV,-38,e0:5a:1b:15:b2:ee,MF081A
RX_CCS_E2_20260121,207867,ADV,-35,e0:5a:1b:15:b2:ee,MF081B
RX_CCS_E2_20260121,207965,ADV,-32,e0:5a:1b:15:b2:ee,MF081C
RX_CCS_E2_20260121,208073,ADV,-35,e0:5a:1b:15:b2:ee,MF081D
RX_CCS_E2_20260121,208198,ADV,-36,e0:5a:1b:15:b2:ee,MF081E
RX_CCS_E2_20260121,208281,ADV,-32,e0:5a:1b:15:b2:ee,MF081F
RX_CCS_E2_20260121,208401,ADV,-35,e0:5a:1b:15:b2:ee,MF0820
RX_CCS_E2_20260121,208489,ADV,-35,e0:5a:1b:15:b2:ee,MF0821
RX_CCS_E2_20260121,208595,ADV,-32,e0:5a:1b:15:b2:ee,MF0822
RX_CCS_E2_20260121,208702,ADV,-35,e0:5a:1b:15:b2:ee,MF0823
RX_CCS_E2_20260121,208817,ADV,-35,e0:5a:1b:15:b2:ee,MF0824
RX_CCS_E2_20260121,208915,ADV,-32,e0:5a:1b:15:b2:ee,MF0825
RX_CCS_E2_20260121,209033,ADV,-35,e0:5a:1b:15:b2:ee,MF0826
RX_CCS_E2_20260121,209128,ADV,-35,e0:5a:1b:15:b2:ee,MF0827
RX_CCS_E2_20260121,209245,ADV,-32,e0:5a:1b:15:b2:ee,MF0828
RX_CCS_E2_20260121,209345,ADV,-35,e0:5a:1b:15:b2:ee,MF0829
RX_CCS_E2_20260121,209440,ADV,-35,e0:5a:1b:15:b2:ee,MF082B
RX_CCS_E2_20260121,209538,ADV,-32,e0:5a:1b:15:b2:ee,MF082C
RX_CCS_E2_20260121,209642,ADV,-35,e0:5a:1b:15:b2:ee,MF082D
RX_CCS_E2_20260121,209962,ADV,-36,e0:5a:1b:15:b2:ee,MF0830
RX_CCS_E2_20260121,210059,ADV,-32,e0:5a:1b:15:b2:ee,MF0831
RX_CCS_E2_20260121,210185,ADV,-35,e0:5a:1b:15:b2:ee,MF0832
RX_CCS_E2_20260121,210270,ADV,-35,e0:5a:1b:15:b2:ee,MF0833
RX_CCS_E2_20260121,210472,ADV,-35,e0:5a:1b:15:b2:ee,MF0835
RX_CCS_E2_20260121,210595,ADV,-35,e0:5a:1b:15:b2:ee,MF0836
RX_CCS_E2_20260121,210683,ADV,-32,e0:5a:1b:15:b2:ee,MF0837
RX_CCS_E2_20260121,210788,ADV,-35,e0:5a:1b:15:b2:ee,MF0838
RX_CCS_E2_20260121,210893,ADV,-35,e0:5a:1b:15:b2:ee,MF0839
RX_CCS_E2_20260121,211004,ADV,-32,e0:5a:1b:15:b2:ee,MF083A
RX_CCS_E2_20260121,211093,ADV,-38,e0:5a:1b:15:b2:ee,MF083B
RX_CCS_E2_20260121,211197,ADV,-35,e0:5a:1b:15:b2:ee,MF083C
RX_CCS_E2_20260121,211300,ADV,-32,e0:5a:1b:15:b2:ee,MF083D
RX_CCS_E2_20260121,211432,ADV,-35,e0:5a:1b:15:b2:ee,MF083E
RX_CCS_E2_20260121,211512,ADV,-35,e0:5a:1b:15:b2:ee,MF083F
RX_CCS_E2_20260121,211610,ADV,-32,e0:5a:1b:15:b2:ee,MF0840
RX_CCS_E2_20260121,211716,ADV,-35,e0:5a:1b:15:b2:ee,MF0841
RX_CCS_E2_20260121,211821,ADV,-35,e0:5a:1b:15:b2:ee,MF0842
RX_CCS_E2_20260121,211921,ADV,-32,e0:5a:1b:15:b2:ee,MF0843
RX_CCS_E2_20260121,212040,ADV,-35,e0:5a:1b:15:b2:ee,MF0844
RX_CCS_E2_20260121,212142,ADV,-35,e0:5a:1b:15:b2:ee,MF0846
RX_CCS_E2_20260121,212238,ADV,-32,e0:5a:1b:15:b2:ee,MF0847
RX_CCS_E2_20260121,212340,ADV,-35,e0:5a:1b:15:b2:ee,MF0848
RX_CCS_E2_20260121,212665,ADV,-35,e0:5a:1b:15:b2:ee,MF084B
RX_CCS_E2_20260121,212762,ADV,-32,e0:5a:1b:15:b2:ee,MF084C
RX_CCS_E2_20260121,212869,ADV,-35,e0:5a:1b:15:b2:ee,MF084D
RX_CCS_E2_20260121,212975,ADV,-35,e0:5a:1b:15:b2:ee,MF084E
RX_CCS_E2_20260121,213083,ADV,-32,e0:5a:1b:15:b2:ee,MF084F
RX_CCS_E2_20260121,213188,ADV,-35,e0:5a:1b:15:b2:ee,MF0850
RX_CCS_E2_20260121,213292,ADV,-36,e0:5a:1b:15:b2:ee,MF0851
RX_CCS_E2_20260121,213408,ADV,-32,e0:5a:1b:15:b2:ee,MF0852
RX_CCS_E2_20260121,213524,ADV,-35,e0:5a:1b:15:b2:ee,MF0853
RX_CCS_E2_20260121,213605,ADV,-35,e0:5a:1b:15:b2:ee,MF0854
RX_CCS_E2_20260121,213704,ADV,-32,e0:5a:1b:15:b2:ee,MF0855
RX_CCS_E2_20260121,213831,ADV,-35,e0:5a:1b:15:b2:ee,MF0856
RX_CCS_E2_20260121,213931,ADV,-35,e0:5a:1b:15:b2:ee,MF0857
RX_CCS_E2_20260121,214025,ADV,-32,e0:5a:1b:15:b2:ee,MF0858
RX_CCS_E2_20260121,214137,ADV,-35,e0:5a:1b:15:b2:ee,MF085A
RX_CCS_E2_20260121,214461,ADV,-36,e0:5a:1b:15:b2:ee,MF085D
RX_CCS_E2_20260121,214567,ADV,-32,e0:5a:1b:15:b2:ee,MF085E
RX_CCS_E2_20260121,214668,ADV,-35,e0:5a:1b:15:b2:ee,MF085F
RX_CCS_E2_20260121,214777,ADV,-35,e0:5a:1b:15:b2:ee,MF0860
RX_CCS_E2_20260121,214876,ADV,-32,e0:5a:1b:15:b2:ee,MF0861
RX_CCS_E2_20260121,215082,ADV,-36,e0:5a:1b:15:b2:ee,MF0863
RX_CCS_E2_20260121,215196,ADV,-32,e0:5a:1b:15:b2:ee,MF0864
RX_CCS_E2_20260121,215293,ADV,-35,e0:5a:1b:15:b2:ee,MF0865
RX_CCS_E2_20260121,215388,ADV,-35,e0:5a:1b:15:b2:ee,MF0866
RX_CCS_E2_20260121,215499,ADV,-32,e0:5a:1b:15:b2:ee,MF0867
RX_CCS_E2_20260121,215599,ADV,-35,e0:5a:1b:15:b2:ee,MF0868
RX_CCS_E2_20260121,215702,ADV,-35,e0:5a:1b:15:b2:ee,MF0869
RX_CCS_E2_20260121,215798,ADV,-32,e0:5a:1b:15:b2:ee,MF086A
RX_CCS_E2_20260121,215915,ADV,-38,e0:5a:1b:15:b2:ee,MF086B
RX_CCS_E2_20260121,216020,ADV,-35,e0:5a:1b:15:b2:ee,MF086C
RX_CCS_E2_20260121,216118,ADV,-32,e0:5a:1b:15:b2:ee,MF086D
RX_CCS_E2_20260121,216227,ADV,-35,e0:5a:1b:15:b2:ee,MF086E
RX_CCS_E2_20260121,216335,ADV,-35,e0:5a:1b:15:b2:ee,MF086F
RX_CCS_E2_20260121,216435,ADV,-32,e0:5a:1b:15:b2:ee,MF0871
RX_CCS_E2_20260121,216775,ADV,-35,e0:5a:1b:15:b2:ee,MF0874
RX_CCS_E2_20260121,216865,ADV,-35,e0:5a:1b:15:b2:ee,MF0875
RX_CCS_E2_20260121,216987,ADV,-32,e0:5a:1b:15:b2:ee,MF0876
RX_CCS_E2_20260121,217076,ADV,-35,e0:5a:1b:15:b2:ee,MF0877
RX_CCS_E2_20260121,217186,ADV,-35,e0:5a:1b:15:b2:ee,MF0878
RX_CCS_E2_20260121,217288,ADV,-33,e0:5a:1b:15:b2:ee,MF0879
RX_CCS_E2_20260121,217401,ADV,-35,e0:5a:1b:15:b2:ee,MF087A
RX_CCS_E2_20260121,217607,ADV,-32,e0:5a:1b:15:b2:ee,MF087C
RX_CCS_E2_20260121,217718,ADV,-38,e0:5a:1b:15:b2:ee,MF087D
RX_CCS_E2_20260121,217821,ADV,-35,e0:5a:1b:15:b2:ee,MF087E
RX_CCS_E2_20260121,217923,ADV,-32,e0:5a:1b:15:b2:ee,MF087F
RX_CCS_E2_20260121,218034,ADV,-35,e0:5a:1b:15:b2:ee,MF0880
RX_CCS_E2_20260121,218145,ADV,-35,e0:5a:1b:15:b2:ee,MF0882
RX_CCS_E2_20260121,218239,ADV,-32,e0:5a:1b:15:b2:ee,MF0883
RX_CCS_E2_20260121,218670,ADV,-35,e0:5a:1b:15:b2:ee,MF0887
RX_CCS_E2_20260121,218764,ADV,-32,e0:5a:1b:15:b2:ee,MF0888
RX_CCS_E2_20260121,218868,ADV,-35,e0:5a:1b:15:b2:ee,MF0889
RX_CCS_E2_20260121,218972,ADV,-36,e0:5a:1b:15:b2:ee,MF088A
RX_CCS_E2_20260121,219072,ADV,-32,e0:5a:1b:15:b2:ee,MF088B
RX_CCS_E2_20260121,219190,ADV,-38,e0:5a:1b:15:b2:ee,MF088C
RX_CCS_E2_20260121,219290,ADV,-35,e0:5a:1b:15:b2:ee,MF088D
RX_CCS_E2_20260121,219397,ADV,-32,e0:5a:1b:15:b2:ee,MF088E
RX_CCS_E2_20260121,219492,ADV,-35,e0:5a:1b:15:b2:ee,MF088F
RX_CCS_E2_20260121,219705,ADV,-32,e0:5a:1b:15:b2:ee,MF0891
RX_CCS_E2_20260121,219809,ADV,-38,e0:5a:1b:15:b2:ee,MF0892
RX_CCS_E2_20260121,219917,ADV,-35,e0:5a:1b:15:b2:ee,MF0893
RX_CCS_E2_20260121,220020,ADV,-32,e0:5a:1b:15:b2:ee,MF0894
RX_CCS_E2_20260121,220142,ADV,-35,e0:5a:1b:15:b2:ee,MF0895
RX_CCS_E2_20260121,220245,ADV,-35,e0:5a:1b:15:b2:ee,MF0896
RX_CCS_E2_20260121,220337,ADV,-32,e0:5a:1b:15:b2:ee,MF0898
RX_CCS_E2_20260121,220759,ADV,-35,e0:5a:1b:15:b2:ee,MF089C
RX_CCS_E2_20260121,220869,ADV,-32,e0:5a:1b:15:b2:ee,MF089D
RX_CCS_E2_20260121,220977,ADV,-38,e0:5a:1b:15:b2:ee,MF089E
RX_CCS_E2_20260121,221075,ADV,-35,e0:5a:1b:15:b2:ee,MF089F
RX_CCS_E2_20260121,221176,ADV,-32,e0:5a:1b:15:b2:ee,MF08A0
RX_CCS_E2_20260121,221287,ADV,-35,e0:5a:1b:15:b2:ee,MF08A1
RX_CCS_E2_20260121,221385,ADV,-35,e0:5a:1b:15:b2:ee,MF08A2
RX_CCS_E2_20260121,221499,ADV,-32,e0:5a:1b:15:b2:ee,MF08A3
RX_CCS_E2_20260121,221596,ADV,-35,e0:5a:1b:15:b2:ee,MF08A4
RX_CCS_E2_20260121,221725,ADV,-35,e0:5a:1b:15:b2:ee,MF08A5
RX_CCS_E2_20260121,221811,ADV,-32,e0:5a:1b:15:b2:ee,MF08A6
RX_CCS_E2_20260121,221916,ADV,-35,e0:5a:1b:15:b2:ee,MF08A7
RX_CCS_E2_20260121,222045,ADV,-35,e0:5a:1b:15:b2:ee,MF08A8
RX_CCS_E2_20260121,222130,ADV,-32,e0:5a:1b:15:b2:ee,MF08A9
RX_CCS_E2_20260121,222243,ADV,-38,e0:5a:1b:15:b2:ee,MF08AB
RX_CCS_E2_20260121,222444,ADV,-32,e0:5a:1b:15:b2:ee,MF08AD
RX_CCS_E2_20260121,222768,ADV,-38,e0:5a:1b:15:b2:ee,MF08B0
RX_CCS_E2_20260121,222883,ADV,-35,e0:5a:1b:15:b2:ee,MF08B1
RX_CCS_E2_20260121,222968,ADV,-33,e0:5a:1b:15:b2:ee,MF08B2
RX_CCS_E2_20260121,223091,ADV,-36,e0:5a:1b:15:b2:ee,MF08B3
RX_CCS_E2_20260121,223177,ADV,-35,e0:5a:1b:15:b2:ee,MF08B4
RX_CCS_E2_20260121,223286,ADV,-32,e0:5a:1b:15:b2:ee,MF08B5
RX_CCS_E2_20260121,223386,ADV,-38,e0:5a:1b:15:b2:ee,MF08B6
RX_CCS_E2_20260121,223489,ADV,-35,e0:5a:1b:15:b2:ee,MF08B7
RX_CCS_E2_20260121,223588,ADV,-32,e0:5a:1b:15:b2:ee,MF08B8
RX_CCS_E2_20260121,223697,ADV,-38,e0:5a:1b:15:b2:ee,MF08B9
RX_CCS_E2_20260121,223806,ADV,-36,e0:5a:1b:15:b2:ee,MF08BA
RX_CCS_E2_20260121,223909,ADV,-32,e0:5a:1b:15:b2:ee,MF08BB
RX_CCS_E2_20260121,224045,ADV,-35,e0:5a:1b:15:b2:ee,MF08BC
RX_CCS_E2_20260121,224125,ADV,-35,e0:5a:1b:15:b2:ee,MF08BD
RX_CCS_E2_20260121,224231,ADV,-32,e0:5a:1b:15:b2:ee,MF08BE
RX_CCS_E2_20260121,224333,ADV,-35,e0:5a:1b:15:b2:ee,MF08BF
RX_CCS_E2_20260121,224440,ADV,-35,e0:5a:1b:15:b2:ee,MF08C1
RX_CCS_E2_20260121,224538,ADV,-33,e0:5a:1b:15:b2:ee,MF08C2
RX_CCS_E2_20260121,224640,ADV,-35,e0:5a:1b:15:b2:ee,MF08C3
RX_CCS_E2_20260121,225264,ADV,-35,e0:5a:1b:15:b2:ee,MF08C9
RX_CCS_E2_20260121,225365,ADV,-32,e0:5a:1b:15:b2:ee,MF08CA
RX_CCS_E2_20260121,225468,ADV,-35,e0:5a:1b:15:b2:ee,MF08CB
RX_CCS_E2_20260121,225675,ADV,-32,e0:5a:1b:15:b2:ee,MF08CD
RX_CCS_E2_20260121,225782,ADV,-35,e0:5a:1b:15:b2:ee,MF08CE
RX_CCS_E2_20260121,225884,ADV,-35,e0:5a:1b:15:b2:ee,MF08CF
RX_CCS_E2_20260121,226092,ADV,-38,e0:5a:1b:15:b2:ee,MF08D1
RX_CCS_E2_20260121,226196,ADV,-35,e0:5a:1b:15:b2:ee,MF08D2
RX_CCS_E2_20260121,226296,ADV,-32,e0:5a:1b:15:b2:ee,MF08D3
RX_CCS_E2_20260121,226409,ADV,-35,e0:5a:1b:15:b2:ee,MF08D4
RX_CCS_E2_20260121,226510,ADV,-36,e0:5a:1b:15:b2:ee,MF08D5
RX_CCS_E2_20260121,226615,ADV,-32,e0:5a:1b:15:b2:ee,MF08D6
RX_CCS_E2_20260121,226718,ADV,-34,e0:5a:1b:15:b2:ee,MF08D7
RX_CCS_E2_20260121,226826,ADV,-35,e0:5a:1b:15:b2:ee,MF08D8
RX_CCS_E2_20260121,226929,ADV,-32,e0:5a:1b:15:b2:ee,MF08D9
RX_CCS_E2_20260121,227035,ADV,-37,e0:5a:1b:15:b2:ee,MF08DA
RX_CCS_E2_20260121,227145,ADV,-36,e0:5a:1b:15:b2:ee,MF08DC
RX_CCS_E2_20260121,227242,ADV,-32,e0:5a:1b:15:b2:ee,MF08DD
RX_CCS_E2_20260121,227666,ADV,-35,e0:5a:1b:15:b2:ee,MF08E1
RX_CCS_E2_20260121,227875,ADV,-35,e0:5a:1b:15:b2:ee,MF08E3
RX_CCS_E2_20260121,227977,ADV,-35,e0:5a:1b:15:b2:ee,MF08E4
RX_CCS_E2_20260121,228075,ADV,-32,e0:5a:1b:15:b2:ee,MF08E5
RX_CCS_E2_20260121,228177,ADV,-35,e0:5a:1b:15:b2:ee,MF08E6
RX_CCS_E2_20260121,228282,ADV,-35,e0:5a:1b:15:b2:ee,MF08E7
RX_CCS_E2_20260121,228389,ADV,-32,e0:5a:1b:15:b2:ee,MF08E8
RX_CCS_E2_20260121,228490,ADV,-36,e0:5a:1b:15:b2:ee,MF08E9
RX_CCS_E2_20260121,228596,ADV,-35,e0:5a:1b:15:b2:ee,MF08EA
RX_CCS_E2_20260121,228713,ADV,-32,e0:5a:1b:15:b2:ee,MF08EB
RX_CCS_E2_20260121,228815,ADV,-35,e0:5a:1b:15:b2:ee,MF08EC
RX_CCS_E2_20260121,228918,ADV,-35,e0:5a:1b:15:b2:ee,MF08ED
RX_CCS_E2_20260121,229030,ADV,-32,e0:5a:1b:15:b2:ee,MF08EE
RX_CCS_E2_20260121,229132,ADV,-35,e0:5a:1b:15:b2:ee,MF08EF
RX_CCS_E2_20260121,229246,ADV,-35,e0:5a:1b:15:b2:ee,MF08F1
RX_CCS_E2_20260121,229343,ADV,-32,e0:5a:1b:15:b2:ee,MF08F2
RX_CCS_E2_20260121,229777,ADV,-35,e0:5a:1b:15:b2:ee,MF08F6
RX_CCS_E2_20260121,229860,ADV,-32,e0:5a:1b:15:b2:ee,MF08F7
RX_CCS_E2_20260121,229966,ADV,-38,e0:5a:1b:15:b2:ee,MF08F8
RX_CCS_E2_20260121,230075,ADV,-36,e0:5a:1b:15:b2:ee,MF08F9
RX_CCS_E2_20260121,230183,ADV,-31,e0:5a:1b:15:b2:ee,MF08FA
RX_CCS_E2_20260121,230281,ADV,-38,e0:5a:1b:15:b2:ee,MF08FB
RX_CCS_E2_20260121,230389,ADV,-35,e0:5a:1b:15:b2:ee,MF08FC
RX_CCS_E2_20260121,230489,ADV,-32,e0:5a:1b:15:b2:ee,MF08FD
RX_CCS_E2_20260121,230601,ADV,-35,e0:5a:1b:15:b2:ee,MF08FE
RX_CCS_E2_20260121,230704,ADV,-35,e0:5a:1b:15:b2:ee,MF08FF
RX_CCS_E2_20260121,230804,ADV,-33,e0:5a:1b:15:b2:ee,MF0900
RX_CCS_E2_20260121,230915,ADV,-35,e0:5a:1b:15:b2:ee,MF0901
RX_CCS_E2_20260121,231024,ADV,-35,e0:5a:1b:15:b2:ee,MF0902
RX_CCS_E2_20260121,231129,ADV,-32,e0:5a:1b:15:b2:ee,MF0903
RX_CCS_E2_20260121,231236,ADV,-38,e0:5a:1b:15:b2:ee,MF0904
RX_CCS_E2_20260121,231346,ADV,-35,e0:5a:1b:15:b2:ee,MF0905
RX_CCS_E2_20260121,231438,ADV,-68,e0:5a:1b:15:b2:ee,MF0907
RX_CCS_E2_20260121,231541,ADV,-35,e0:5a:1b:15:b2:ee,MF0908
RX_CCS_E2_20260121,231865,ADV,-35,e0:5a:1b:15:b2:ee,MF090B
RX_CCS_E2_20260121,232063,ADV,-35,e0:5a:1b:15:b2:ee,MF090D
RX_CCS_E2_20260121,232175,ADV,-35,e0:5a:1b:15:b2:ee,MF090E
RX_CCS_E2_20260121,232278,ADV,-32,e0:5a:1b:15:b2:ee,MF090F
RX_CCS_E2_20260121,232381,ADV,-35,e0:5a:1b:15:b2:ee,MF0910
RX_CCS_E2_20260121,232489,ADV,-35,e0:5a:1b:15:b2:ee,MF0911
RX_CCS_E2_20260121,232607,ADV,-32,e0:5a:1b:15:b2:ee,MF0912
RX_CCS_E2_20260121,232702,ADV,-35,e0:5a:1b:15:b2:ee,MF0913
RX_CCS_E2_20260121,232807,ADV,-35,e0:5a:1b:15:b2:ee,MF0914
RX_CCS_E2_20260121,232909,ADV,-32,e0:5a:1b:15:b2:ee,MF0915
RX_CCS_E2_20260121,233035,ADV,-38,e0:5a:1b:15:b2:ee,MF0916
RX_CCS_E2_20260121,233118,ADV,-35,e0:5a:1b:15:b2:ee,MF0917
RX_CCS_E2_20260121,233221,ADV,-32,e0:5a:1b:15:b2:ee,MF0918
RX_CCS_E2_20260121,233333,ADV,-35,e0:5a:1b:15:b2:ee,MF0919
RX_CCS_E2_20260121,233435,ADV,-35,e0:5a:1b:15:b2:ee,MF091A
RX_CCS_E2_20260121,233540,ADV,-32,e0:5a:1b:15:b2:ee,MF091C
RX_CCS_E2_20260121,233638,ADV,-35,e0:5a:1b:15:b2:ee,MF091D
RX_CCS_E2_20260121,233746,ADV,-35,e0:5a:1b:15:b2:ee,MF091E
RX_CCS_E2_20260121,233846,ADV,-32,e0:5a:1b:15:b2:ee,MF091F
RX_CCS_E2_20260121,233946,ADV,-35,e0:5a:1b:15:b2:ee,MF0920
RX_CCS_E2_20260121,234159,ADV,-38,e0:5a:1b:15:b2:ee,MF0922
RX_CCS_E2_20260121,234267,ADV,-35,e0:5a:1b:15:b2:ee,MF0923
RX_CCS_E2_20260121,234388,ADV,-32,e0:5a:1b:15:b2:ee,MF0924
RX_CCS_E2_20260121,234475,ADV,-35,e0:5a:1b:15:b2:ee,MF0925
RX_CCS_E2_20260121,234579,ADV,-35,e0:5a:1b:15:b2:ee,MF0926
RX_CCS_E2_20260121,234706,ADV,-32,e0:5a:1b:15:b2:ee,MF0927
RX_CCS_E2_20260121,234802,ADV,-34,e0:5a:1b:15:b2:ee,MF0928
RX_CCS_E2_20260121,234904,ADV,-35,e0:5a:1b:15:b2:ee,MF0929
RX_CCS_E2_20260121,235006,ADV,-32,e0:5a:1b:15:b2:ee,MF092A
RX_CCS_E2_20260121,235112,ADV,-35,e0:5a:1b:15:b2:ee,MF092B
RX_CCS_E2_20260121,235224,ADV,-35,e0:5a:1b:15:b2:ee,MF092C
RX_CCS_E2_20260121,235328,ADV,-32,e0:5a:1b:15:b2:ee,MF092D
RX_CCS_E2_20260121,235435,ADV,-35,e0:5a:1b:15:b2:ee,MF092E
RX_CCS_E2_20260121,235546,ADV,-35,e0:5a:1b:15:b2:ee,MF092F
RX_CCS_E2_20260121,235639,ADV,-32,e0:5a:1b:15:b2:ee,MF0930
RX_CCS_E2_20260121,235745,ADV,-35,e0:5a:1b:15:b2:ee,MF0932
RX_CCS_E2_20260121,235844,ADV,-35,e0:5a:1b:15:b2:ee,MF0933
RX_CCS_E2_20260121,235944,ADV,-32,e0:5a:1b:15:b2:ee,MF0934
RX_CCS_E2_20260121,236265,ADV,-35,e0:5a:1b:15:b2:ee,MF0937
RX_CCS_E2_20260121,236368,ADV,-35,e0:5a:1b:15:b2:ee,MF0938
RX_CCS_E2_20260121,236470,ADV,-32,e0:5a:1b:15:b2:ee,MF0939
RX_CCS_E2_20260121,236580,ADV,-38,e0:5a:1b:15:b2:ee,MF093A
RX_CCS_E2_20260121,236688,ADV,-35,e0:5a:1b:15:b2:ee,MF093B
RX_CCS_E2_20260121,236788,ADV,-32,e0:5a:1b:15:b2:ee,MF093C
RX_CCS_E2_20260121,236902,ADV,-35,e0:5a:1b:15:b2:ee,MF093D
RX_CCS_E2_20260121,237003,ADV,-36,e0:5a:1b:15:b2:ee,MF093E
RX_CCS_E2_20260121,237095,ADV,-32,e0:5a:1b:15:b2:ee,MF093F
RX_CCS_E2_20260121,237208,ADV,-38,e0:5a:1b:15:b2:ee,MF0940
RX_CCS_E2_20260121,237318,ADV,-35,e0:5a:1b:15:b2:ee,MF0941
RX_CCS_E2_20260121,237412,ADV,-32,e0:5a:1b:15:b2:ee,MF0942
RX_CCS_E2_20260121,237517,ADV,-35,e0:5a:1b:15:b2:ee,MF0943
RX_CCS_E2_20260121,237621,ADV,-35,e0:5a:1b:15:b2:ee,MF0944
RX_CCS_E2_20260121,237726,ADV,-32,e0:5a:1b:15:b2:ee,MF0945
RX_CCS_E2_20260121,237846,ADV,-35,e0:5a:1b:15:b2:ee,MF0946
RX_CCS_E2_20260121,237945,ADV,-35,e0:5a:1b:15:b2:ee,MF0947
RX_CCS_E2_20260121,238043,ADV,-32,e0:5a:1b:15:b2:ee,MF0949
RX_CCS_E2_20260121,238362,ADV,-35,e0:5a:1b:15:b2:ee,MF094C
RX_CCS_E2_20260121,238471,ADV,-36,e0:5a:1b:15:b2:ee,MF094D
RX_CCS_E2_20260121,238571,ADV,-32,e0:5a:1b:15:b2:ee,MF094E
RX_CCS_E2_20260121,238674,ADV,-38,e0:5a:1b:15:b2:ee,MF094F
RX_CCS_E2_20260121,238781,ADV,-35,e0:5a:1b:15:b2:ee,MF0950
RX_CCS_E2_20260121,238882,ADV,-32,e0:5a:1b:15:b2:ee,MF0951
RX_CCS_E2_20260121,238986,ADV,-35,e0:5a:1b:15:b2:ee,MF0952
RX_CCS_E2_20260121,239089,ADV,-35,e0:5a:1b:15:b2:ee,MF0953
RX_CCS_E2_20260121,239193,ADV,-32,e0:5a:1b:15:b2:ee,MF0954
RX_CCS_E2_20260121,239301,ADV,-38,e0:5a:1b:15:b2:ee,MF0955
RX_CCS_E2_20260121,239404,ADV,-35,e0:5a:1b:15:b2:ee,MF0956
RX_CCS_E2_20260121,239506,ADV,-32,e0:5a:1b:15:b2:ee,MF0957
RX_CCS_E2_20260121,239629,ADV,-35,e0:5a:1b:15:b2:ee,MF0958
RX_CCS_E2_20260121,239721,ADV,-35,e0:5a:1b:15:b2:ee,MF0959
RX_CCS_E2_20260121,239824,ADV,-32,e0:5a:1b:15:b2:ee,MF095A
RX_CCS_E2_20260121,239934,ADV,-35,e0:5a:1b:15:b2:ee,MF095B
RX_CCS_E2_20260121,240046,ADV,-35,e0:5a:1b:15:b2:ee,MF095C
RX_CCS_E2_20260121,240138,ADV,-32,e0:5a:1b:15:b2:ee,MF095E
RX_CCS_E2_20260121,240459,ADV,-35,e0:5a:1b:15:b2:ee,MF0961
RX_CCS_E2_20260121,240571,ADV,-35,e0:5a:1b:15:b2:ee,MF0962
RX_CCS_E2_20260121,240670,ADV,-32,e0:5a:1b:15:b2:ee,MF0963
RX_CCS_E2_20260121,240779,ADV,-35,e0:5a:1b:15:b2:ee,MF0964
RX_CCS_E2_20260121,240881,ADV,-35,e0:5a:1b:15:b2:ee,MF0965
RX_CCS_E2_20260121,240987,ADV,-32,e0:5a:1b:15:b2:ee,MF0966
RX_CCS_E2_20260121,241095,ADV,-35,e0:5a:1b:15:b2:ee,MF0967
RX_CCS_E2_20260121,241193,ADV,-35,e0:5a:1b:15:b2:ee,MF0968
RX_CCS_E2_20260121,241293,ADV,-32,e0:5a:1b:15:b2:ee,MF0969
RX_CCS_E2_20260121,241508,ADV,-36,e0:5a:1b:15:b2:ee,MF096B
RX_CCS_E2_20260121,241607,ADV,-32,e0:5a:1b:15:b2:ee,MF096C
RX_CCS_E2_20260121,241717,ADV,-35,e0:5a:1b:15:b2:ee,MF096D
RX_CCS_E2_20260121,241818,ADV,-35,e0:5a:1b:15:b2:ee,MF096E
RX_CCS_E2_20260121,241916,ADV,-31,e0:5a:1b:15:b2:ee,MF096F
RX_CCS_E2_20260121,242023,ADV,-35,e0:5a:1b:15:b2:ee,MF0970
RX_CCS_E2_20260121,242128,ADV,-35,e0:5a:1b:15:b2:ee,MF0971
RX_CCS_E2_20260121,242232,ADV,-32,e0:5a:1b:15:b2:ee,MF0972
RX_CCS_E2_20260121,242335,ADV,-36,e0:5a:1b:15:b2:ee,MF0973
RX_CCS_E2_20260121,242440,ADV,-35,e0:5a:1b:15:b2:ee,MF0975
RX_CCS_E2_20260121,242542,ADV,-32,e0:5a:1b:15:b2:ee,MF0976
RX_CCS_E2_20260121,242972,ADV,-35,e0:5a:1b:15:b2:ee,MF097A
RX_CCS_E2_20260121,243069,ADV,-32,e0:5a:1b:15:b2:ee,MF097B
RX_CCS_E2_20260121,243182,ADV,-35,e0:5a:1b:15:b2:ee,MF097C
RX_CCS_E2_20260121,243283,ADV,-35,e0:5a:1b:15:b2:ee,MF097D
RX_CCS_E2_20260121,243401,ADV,-32,e0:5a:1b:15:b2:ee,MF097E
RX_CCS_E2_20260121,243500,ADV,-35,e0:5a:1b:15:b2:ee,MF097F
RX_CCS_E2_20260121,243596,ADV,-35,e0:5a:1b:15:b2:ee,MF0980
RX_CCS_E2_20260121,243699,ADV,-33,e0:5a:1b:15:b2:ee,MF0981
RX_CCS_E2_20260121,243805,ADV,-35,e0:5a:1b:15:b2:ee,MF0982
RX_CCS_E2_20260121,243940,ADV,-35,e0:5a:1b:15:b2:ee,MF0983
RX_CCS_E2_20260121,244032,ADV,-32,e0:5a:1b:15:b2:ee,MF0984
RX_CCS_E2_20260121,244124,ADV,-35,e0:5a:1b:15:b2:ee,MF0985
RX_CCS_E2_20260121,244331,ADV,-32,e0:5a:1b:15:b2:ee,MF0987
RX_CCS_E2_20260121,244446,ADV,-36,e0:5a:1b:15:b2:ee,MF0989
RX_CCS_E2_20260121,244961,ADV,-38,e0:5a:1b:15:b2:ee,MF098E
RX_CCS_E2_20260121,245177,ADV,-32,e0:5a:1b:15:b2:ee,MF0990
RX_CCS_E2_20260121,245381,ADV,-36,e0:5a:1b:15:b2:ee,MF0992
RX_CCS_E2_20260121,245486,ADV,-32,e0:5a:1b:15:b2:ee,MF0993
RX_CCS_E2_20260121,245597,ADV,-35,e0:5a:1b:15:b2:ee,MF0994
RX_CCS_E2_20260121,245702,ADV,-35,e0:5a:1b:15:b2:ee,MF0995
RX_CCS_E2_20260121,245805,ADV,-32,e0:5a:1b:15:b2:ee,MF0996
RX_CCS_E2_20260121,245919,ADV,-35,e0:5a:1b:15:b2:ee,MF0997
RX_CCS_E2_20260121,246015,ADV,-35,e0:5a:1b:15:b2:ee,MF0998
RX_CCS_E2_20260121,246115,ADV,-32,e0:5a:1b:15:b2:ee,MF0999
RX_CCS_E2_20260121,246220,ADV,-35,e0:5a:1b:15:b2:ee,MF099A
RX_CCS_E2_20260121,246346,ADV,-35,e0:5a:1b:15:b2:ee,MF099B
RX_CCS_E2_20260121,246431,ADV,-32,e0:5a:1b:15:b2:ee,MF099C
RX_CCS_E2_20260121,246539,ADV,-35,e0:5a:1b:15:b2:ee,MF099D
RX_CCS_E2_20260121,246646,ADV,-35,e0:5a:1b:15:b2:ee,MF099F
RX_CCS_E2_20260121,246746,ADV,-32,e0:5a:1b:15:b2:ee,MF09A0
RX_CCS_E2_20260121,247064,ADV,-38,e0:5a:1b:15:b2:ee,MF09A3
RX_CCS_E2_20260121,247176,ADV,-36,e0:5a:1b:15:b2:ee,MF09A4
RX_CCS_E2_20260121,247261,ADV,-32,e0:5a:1b:15:b2:ee,MF09A5
RX_CCS_E2_20260121,247369,ADV,-35,e0:5a:1b:15:b2:ee,MF09A6
RX_CCS_E2_20260121,247482,ADV,-35,e0:5a:1b:15:b2:ee,MF09A7
RX_CCS_E2_20260121,247595,ADV,-32,e0:5a:1b:15:b2:ee,MF09A8
RX_CCS_E2_20260121,247680,ADV,-35,e0:5a:1b:15:b2:ee,MF09A9
RX_CCS_E2_20260121,247788,ADV,-35,e0:5a:1b:15:b2:ee,MF09AA
RX_CCS_E2_20260121,247893,ADV,-32,e0:5a:1b:15:b2:ee,MF09AB
RX_CCS_E2_20260121,247999,ADV,-38,e0:5a:1b:15:b2:ee,MF09AC
RX_CCS_E2_20260121,248104,ADV,-35,e0:5a:1b:15:b2:ee,MF09AD
RX_CCS_E2_20260121,248202,ADV,-32,e0:5a:1b:15:b2:ee,MF09AE
RX_CCS_E2_20260121,248318,ADV,-38,e0:5a:1b:15:b2:ee,MF09AF
RX_CCS_E2_20260121,248411,ADV,-35,e0:5a:1b:15:b2:ee,MF09B0
RX_CCS_E2_20260121,248517,ADV,-32,e0:5a:1b:15:b2:ee,MF09B1
RX_CCS_E2_20260121,248619,ADV,-35,e0:5a:1b:15:b2:ee,MF09B2
RX_CCS_E2_20260121,248721,ADV,-35,e0:5a:1b:15:b2:ee,MF09B3
RX_CCS_E2_20260121,248818,ADV,-32,e0:5a:1b:15:b2:ee,MF09B4
RX_CCS_E2_20260121,249041,ADV,-35,e0:5a:1b:15:b2:ee,MF09B6
RX_CCS_E2_20260121,249134,ADV,-32,e0:5a:1b:15:b2:ee,MF09B7
RX_CCS_E2_20260121,249231,ADV,-39,e0:5a:1b:15:b2:ee,MF09B8
RX_CCS_E2_20260121,249346,ADV,-35,e0:5a:1b:15:b2:ee,MF09BA
RX_CCS_E2_20260121,249658,ADV,-32,e0:5a:1b:15:b2:ee,MF09BD
RX_CCS_E2_20260121,249769,ADV,-35,e0:5a:1b:15:b2:ee,MF09BE
RX_CCS_E2_20260121,249882,ADV,-36,e0:5a:1b:15:b2:ee,MF09BF
RX_CCS_E2_20260121,249974,ADV,-32,e0:5a:1b:15:b2:ee,MF09C0
RX_CCS_E2_20260121,250070,ADV,-35,e0:5a:1b:15:b2:ee,MF09C1
RX_CCS_E2_20260121,250177,ADV,-36,e0:5a:1b:15:b2:ee,MF09C2
RX_CCS_E2_20260121,250279,ADV,-32,e0:5a:1b:15:b2:ee,MF09C3
RX_CCS_E2_20260121,250387,ADV,-38,e0:5a:1b:15:b2:ee,MF09C4
RX_CCS_E2_20260121,250495,ADV,-36,e0:5a:1b:15:b2:ee,MF09C5
RX_CCS_E2_20260121,250600,ADV,-32,e0:5a:1b:15:b2:ee,MF09C6
RX_CCS_E2_20260121,250715,ADV,-38,e0:5a:1b:15:b2:ee,MF09C7
RX_CCS_E2_20260121,250816,ADV,-35,e0:5a:1b:15:b2:ee,MF09C8
RX_CCS_E2_20260121,250920,ADV,-32,e0:5a:1b:15:b2:ee,MF09C9
RX_CCS_E2_20260121,251023,ADV,-35,e0:5a:1b:15:b2:ee,MF09CA
RX_CCS_E2_20260121,251142,ADV,-36,e0:5a:1b:15:b2:ee,MF09CB
RX_CCS_E2_20260121,251230,ADV,-33,e0:5a:1b:15:b2:ee,MF09CC
RX_CCS_E2_20260121,251346,ADV,-35,e0:5a:1b:15:b2:ee,MF09CD
RX_CCS_E2_20260121,251446,ADV,-35,e0:5a:1b:15:b2:ee,MF09CF
RX_CCS_E2_20260121,251537,ADV,-32,e0:5a:1b:15:b2:ee,MF09D0
RX_CCS_E2_20260121,251643,ADV,-35,e0:5a:1b:15:b2:ee,MF09D1
RX_CCS_E2_20260121,251745,ADV,-35,e0:5a:1b:15:b2:ee,MF09D2
RX_CCS_E2_20260121,251977,ADV,-35,e0:5a:1b:15:b2:ee,MF09D4
RX_CCS_E2_20260121,252062,ADV,-32,e0:5a:1b:15:b2:ee,MF09D5
RX_CCS_E2_20260121,252170,ADV,-35,e0:5a:1b:15:b2:ee,MF09D6
RX_CCS_E2_20260121,252285,ADV,-35,e0:5a:1b:15:b2:ee,MF09D7
RX_CCS_E2_20260121,252379,ADV,-32,e0:5a:1b:15:b2:ee,MF09D8
RX_CCS_E2_20260121,252479,ADV,-35,e0:5a:1b:15:b2:ee,MF09D9
RX_CCS_E2_20260121,252602,ADV,-35,e0:5a:1b:15:b2:ee,MF09DA
RX_CCS_E2_20260121,252711,ADV,-32,e0:5a:1b:15:b2:ee,MF09DB
RX_CCS_E2_20260121,252793,ADV,-35,e0:5a:1b:15:b2:ee,MF09DC
RX_CCS_E2_20260121,252907,ADV,-35,e0:5a:1b:15:b2:ee,MF09DD
RX_CCS_E2_20260121,253025,ADV,-32,e0:5a:1b:15:b2:ee,MF09DE
RX_CCS_E2_20260121,253115,ADV,-35,e0:5a:1b:15:b2:ee,MF09DF
RX_CCS_E2_20260121,253227,ADV,-35,e0:5a:1b:15:b2:ee,MF09E0
RX_CCS_E2_20260121,253330,ADV,-32,e0:5a:1b:15:b2:ee,MF09E1
RX_CCS_E2_20260121,253446,ADV,-35,e0:5a:1b:15:b2:ee,MF09E2
RX_CCS_E2_20260121,253762,ADV,-35,e0:5a:1b:15:b2:ee,MF09E6
RX_CCS_E2_20260121,253867,ADV,-32,e0:5a:1b:15:b2:ee,MF09E7
RX_CCS_E2_20260121,253974,ADV,-35,e0:5a:1b:15:b2:ee,MF09E8
RX_CCS_E2_20260121,254100,ADV,-35,e0:5a:1b:15:b2:ee,MF09E9
RX_CCS_E2_20260121,254179,ADV,-32,e0:5a:1b:15:b2:ee,MF09EA
RX_CCS_E2_20260121,254280,ADV,-35,e0:5a:1b:15:b2:ee,MF09EB
RX_CCS_E2_20260121,254390,ADV,-35,e0:5a:1b:15:b2:ee,MF09EC
RX_CCS_E2_20260121,254492,ADV,-32,e0:5a:1b:15:b2:ee,MF09ED
RX_CCS_E2_20260121,254708,ADV,-35,e0:5a:1b:15:b2:ee,MF09EF
RX_CCS_E2_20260121,254810,ADV,-32,e0:5a:1b:15:b2:ee,MF09F0
RX_CCS_E2_20260121,254916,ADV,-35,e0:5a:1b:15:b2:ee,MF09F1
RX_CCS_E2_20260121,255023,ADV,-35,e0:5a:1b:15:b2:ee,MF09F2
RX_CCS_E2_20260121,255132,ADV,-32,e0:5a:1b:15:b2:ee,MF09F3
RX_CCS_E2_20260121,255240,ADV,-35,e0:5a:1b:15:b2:ee,MF09F5
RX_CCS_E2_20260121,255346,ADV,-35,e0:5a:1b:15:b2:ee,MF09F6
RX_CCS_E2_20260121,255772,ADV,-35,e0:5a:1b:15:b2:ee,MF09FA
RX_CCS_E2_20260121,255860,ADV,-35,e0:5a:1b:15:b2:ee,MF09FB
RX_CCS_E2_20260121,255967,ADV,-32,e0:5a:1b:15:b2:ee,MF09FC
RX_CCS_E2_20260121,256078,ADV,-35,e0:5a:1b:15:b2:ee,MF09FD
RX_CCS_E2_20260121,256167,ADV,-35,e0:5a:1b:15:b2:ee,MF09FE
RX_CCS_E2_20260121,256274,ADV,-32,e0:5a:1b:15:b2:ee,MF09FF
RX_CCS_E2_20260121,256382,ADV,-35,e0:5a:1b:15:b2:ee,MF0A00
RX_CCS_E2_20260121,256489,ADV,-35,e0:5a:1b:15:b2:ee,MF0A01
RX_CCS_E2_20260121,256588,ADV,-32,e0:5a:1b:15:b2:ee,MF0A02
RX_CCS_E2_20260121,256702,ADV,-35,e0:5a:1b:15:b2:ee,MF0A03
RX_CCS_E2_20260121,256803,ADV,-35,e0:5a:1b:15:b2:ee,MF0A04
RX_CCS_E2_20260121,256924,ADV,-32,e0:5a:1b:15:b2:ee,MF0A05
RX_CCS_E2_20260121,257011,ADV,-35,e0:5a:1b:15:b2:ee,MF0A06
RX_CCS_E2_20260121,257124,ADV,-35,e0:5a:1b:15:b2:ee,MF0A07
RX_CCS_E2_20260121,257217,ADV,-32,e0:5a:1b:15:b2:ee,MF0A08
RX_CCS_E2_20260121,257321,ADV,-35,e0:5a:1b:15:b2:ee,MF0A09
RX_CCS_E2_20260121,257434,ADV,-35,e0:5a:1b:15:b2:ee,MF0A0A
RX_CCS_E2_20260121,257527,ADV,-32,e0:5a:1b:15:b2:ee,MF0A0B
RX_CCS_E2_20260121,257638,ADV,-35,e0:5a:1b:15:b2:ee,MF0A0C
RX_CCS_E2_20260121,257746,ADV,-35,e0:5a:1b:15:b2:ee,MF0A0D
RX_CCS_E2_20260121,257841,ADV,-32,e0:5a:1b:15:b2:ee,MF0A0F
RX_CCS_E2_20260121,258063,ADV,-32,e0:5a:1b:15:b2:ee,MF0A11
RX_CCS_E2_20260121,258174,ADV,-38,e0:5a:1b:15:b2:ee,MF0A12
RX_CCS_E2_20260121,258290,ADV,-35,e0:5a:1b:15:b2:ee,MF0A13
RX_CCS_E2_20260121,258382,ADV,-32,e0:5a:1b:15:b2:ee,MF0A14
RX_CCS_E2_20260121,258486,ADV,-35,e0:5a:1b:15:b2:ee,MF0A15
RX_CCS_E2_20260121,258603,ADV,-35,e0:5a:1b:15:b2:ee,MF0A16
RX_CCS_E2_20260121,258690,ADV,-32,e0:5a:1b:15:b2:ee,MF0A17
RX_CCS_E2_20260121,258809,ADV,-38,e0:5a:1b:15:b2:ee,MF0A18
RX_CCS_E2_20260121,258907,ADV,-35,e0:5a:1b:15:b2:ee,MF0A19
RX_CCS_E2_20260121,259012,ADV,-32,e0:5a:1b:15:b2:ee,MF0A1A
RX_CCS_E2_20260121,259123,ADV,-38,e0:5a:1b:15:b2:ee,MF0A1B
RX_CCS_E2_20260121,259232,ADV,-35,e0:5a:1b:15:b2:ee,MF0A1C
RX_CCS_E2_20260121,259341,ADV,-32,e0:5a:1b:15:b2:ee,MF0A1E
RX_CCS_E2_20260121,259441,ADV,-35,e0:5a:1b:15:b2:ee,MF0A1F
RX_CCS_E2_20260121,259542,ADV,-35,e0:5a:1b:15:b2:ee,MF0A20
RX_CCS_E2_20260121,259646,ADV,-32,e0:5a:1b:15:b2:ee,MF0A21
RX_CCS_E2_20260121,260064,ADV,-35,e0:5a:1b:15:b2:ee,MF0A25
RX_CCS_E2_20260121,260170,ADV,-32,e0:5a:1b:15:b2:ee,MF0A26
RX_CCS_E2_20260121,260273,ADV,-35,e0:5a:1b:15:b2:ee,MF0A27
RX_CCS_E2_20260121,260395,ADV,-35,e0:5a:1b:15:b2:ee,MF0A28
RX_CCS_E2_20260121,260481,ADV,-32,e0:5a:1b:15:b2:ee,MF0A29
RX_CCS_E2_20260121,260586,ADV,-35,e0:5a:1b:15:b2:ee,MF0A2A
RX_CCS_E2_20260121,260689,ADV,-35,e0:5a:1b:15:b2:ee,MF0A2B
RX_CCS_E2_20260121,260799,ADV,-32,e0:5a:1b:15:b2:ee,MF0A2C
RX_CCS_E2_20260121,260900,ADV,-35,e0:5a:1b:15:b2:ee,MF0A2D
RX_CCS_E2_20260121,261005,ADV,-35,e0:5a:1b:15:b2:ee,MF0A2E
RX_CCS_E2_20260121,261112,ADV,-32,e0:5a:1b:15:b2:ee,MF0A2F
RX_CCS_E2_20260121,261227,ADV,-35,e0:5a:1b:15:b2:ee,MF0A30
RX_CCS_E2_20260121,261319,ADV,-35,e0:5a:1b:15:b2:ee,MF0A31
RX_CCS_E2_20260121,261424,ADV,-32,e0:5a:1b:15:b2:ee,MF0A32
RX_CCS_E2_20260121,261528,ADV,-38,e0:5a:1b:15:b2:ee,MF0A33
RX_CCS_E2_20260121,261632,ADV,-35,e0:5a:1b:15:b2:ee,MF0A34
RX_CCS_E2_20260121,261730,ADV,-32,e0:5a:1b:15:b2:ee,MF0A35
RX_CCS_E2_20260121,261846,ADV,-38,e0:5a:1b:15:b2:ee,MF0A37
RX_CCS_E2_20260121,261943,ADV,-35,e0:5a:1b:15:b2:ee,MF0A38
RX_CCS_E2_20260121,262046,ADV,-32,e0:5a:1b:15:b2:ee,MF0A39
RX_CCS_E2_20260121,262145,ADV,-35,e0:5a:1b:15:b2:ee,MF0A3A
RX_CCS_E2_20260121,262364,ADV,-38,e0:5a:1b:15:b2:ee,MF0A3C
RX_CCS_E2_20260121,262478,ADV,-35,e0:5a:1b:15:b2:ee,MF0A3D
RX_CCS_E2_20260121,262563,ADV,-32,e0:5a:1b:15:b2:ee,MF0A3E
RX_CCS_E2_20260121,262686,ADV,-38,e0:5a:1b:15:b2:ee,MF0A3F
RX_CCS_E2_20260121,262775,ADV,-35,e0:5a:1b:15:b2:ee,MF0A40
RX_CCS_E2_20260121,262875,ADV,-32,e0:5a:1b:15:b2:ee,MF0A41
RX_CCS_E2_20260121,262979,ADV,-35,e0:5a:1b:15:b2:ee,MF0A42
RX_CCS_E2_20260121,263089,ADV,-35,e0:5a:1b:15:b2:ee,MF0A43
RX_CCS_E2_20260121,263204,ADV,-32,e0:5a:1b:15:b2:ee,MF0A44
RX_CCS_E2_20260121,263293,ADV,-35,e0:5a:1b:15:b2:ee,MF0A45
RX_CCS_E2_20260121,263398,ADV,-35,e0:5a:1b:15:b2:ee,MF0A46
RX_CCS_E2_20260121,263498,ADV,-32,e0:5a:1b:15:b2:ee,MF0A47
RX_CCS_E2_20260121,263608,ADV,-35,e0:5a:1b:15:b2:ee,MF0A48
RX_CCS_E2_20260121,263720,ADV,-35,e0:5a:1b:15:b2:ee,MF0A49
RX_CCS_E2_20260121,263833,ADV,-32,e0:5a:1b:15:b2:ee,MF0A4A
RX_CCS_E2_20260121,263925,ADV,-38,e0:5a:1b:15:b2:ee,MF0A4B
RX_CCS_E2_20260121,264029,ADV,-35,e0:5a:1b:15:b2:ee,MF0A4C
RX_CCS_E2_20260121,264240,ADV,-35,e0:5a:1b:15:b2:ee,MF0A4F
RX_CCS_E2_20260121,264346,ADV,-35,e0:5a:1b:15:b2:ee,MF0A50
RX_CCS_E2_20260121,264559,ADV,-35,e0:5a:1b:15:b2:ee,MF0A52
RX_CCS_E2_20260121,264697,ADV,-32,e0:5a:1b:15:b2:ee,MF0A53
RX_CCS_E2_20260121,264774,ADV,-35,e0:5a:1b:15:b2:ee,MF0A54
RX_CCS_E2_20260121,264881,ADV,-36,e0:5a:1b:15:b2:ee,MF0A55
RX_CCS_E2_20260121,264997,ADV,-32,e0:5a:1b:15:b2:ee,MF0A56
RX_CCS_E2_20260121,265077,ADV,-35,e0:5a:1b:15:b2:ee,MF0A57
RX_CCS_E2_20260121,265190,ADV,-35,e0:5a:1b:15:b2:ee,MF0A58
RX_CCS_E2_20260121,265299,ADV,-32,e0:5a:1b:15:b2:ee,MF0A59
RX_CCS_E2_20260121,265395,ADV,-35,e0:5a:1b:15:b2:ee,MF0A5A
RX_CCS_E2_20260121,265511,ADV,-36,e0:5a:1b:15:b2:ee,MF0A5B
RX_CCS_E2_20260121,265622,ADV,-32,e0:5a:1b:15:b2:ee,MF0A5C
RX_CCS_E2_20260121,265739,ADV,-38,e0:5a:1b:15:b2:ee,MF0A5D
RX_CCS_E2_20260121,265820,ADV,-35,e0:5a:1b:15:b2:ee,MF0A5E
RX_CCS_E2_20260121,266032,ADV,-35,e0:5a:1b:15:b2:ee,MF0A60
RX_CCS_E2_20260121,266135,ADV,-35,e0:5a:1b:15:b2:ee,MF0A61
RX_CCS_E2_20260121,266236,ADV,-32,e0:5a:1b:15:b2:ee,MF0A62
RX_CCS_E2_20260121,266341,ADV,-35,e0:5a:1b:15:b2:ee,MF0A64
RX_CCS_E2_20260121,266678,ADV,-35,e0:5a:1b:15:b2:ee,MF0A67
RX_CCS_E2_20260121,266777,ADV,-32,e0:5a:1b:15:b2:ee,MF0A68
RX_CCS_E2_20260121,266887,ADV,-35,e0:5a:1b:15:b2:ee,MF0A69
RX_CCS_E2_20260121,267083,ADV,-32,e0:5a:1b:15:b2:ee,MF0A6B
RX_CCS_E2_20260121,267191,ADV,-35,e0:5a:1b:15:b2:ee,MF0A6C
RX_CCS_E2_20260121,267298,ADV,-35,e0:5a:1b:15:b2:ee,MF0A6D
RX_CCS_E2_20260121,267424,ADV,-32,e0:5a:1b:15:b2:ee,MF0A6E
RX_CCS_E2_20260121,267507,ADV,-35,e0:5a:1b:15:b2:ee,MF0A6F
RX_CCS_E2_20260121,267622,ADV,-35,e0:5a:1b:15:b2:ee,MF0A70
RX_CCS_E2_20260121,267719,ADV,-32,e0:5a:1b:15:b2:ee,MF0A71
RX_CCS_E2_20260121,267825,ADV,-36,e0:5a:1b:15:b2:ee,MF0A72
RX_CCS_E2_20260121,268038,ADV,-32,e0:5a:1b:15:b2:ee,MF0A75
RX_CCS_E2_20260121,268366,ADV,-38,e0:5a:1b:15:b2:ee,MF0A78
RX_CCS_E2_20260121,268468,ADV,-35,e0:5a:1b:15:b2:ee,MF0A79
RX_CCS_E2_20260121,268569,ADV,-33,e0:5a:1b:15:b2:ee,MF0A7A
RX_CCS_E2_20260121,268672,ADV,-38,e0:5a:1b:15:b2:ee,MF0A7B
RX_CCS_E2_20260121,268782,ADV,-35,e0:5a:1b:15:b2:ee,MF0A7C
RX_CCS_E2_20260121,269097,ADV,-35,e0:5a:1b:15:b2:ee,MF0A7F
RX_CCS_E2_20260121,269193,ADV,-32,e0:5a:1b:15:b2:ee,MF0A80
RX_CCS_E2_20260121,269300,ADV,-35,e0:5a:1b:15:b2:ee,MF0A81
RX_CCS_E2_20260121,269402,ADV,-35,e0:5a:1b:15:b2:ee,MF0A82
RX_CCS_E2_20260121,269503,ADV,-32,e0:5a:1b:15:b2:ee,MF0A83
RX_CCS_E2_20260121,269616,ADV,-38,e0:5a:1b:15:b2:ee,MF0A84
RX_CCS_E2_20260121,269746,ADV,-35,e0:5a:1b:15:b2:ee,MF0A85
RX_CCS_E2_20260121,269837,ADV,-32,e0:5a:1b:15:b2:ee,MF0A86
RX_CCS_E2_20260121,269939,ADV,-35,e0:5a:1b:15:b2:ee,MF0A87
RX_CCS_E2_20260121,270041,ADV,-35,e0:5a:1b:15:b2:ee,MF0A89
RX_CCS_E2_20260121,270139,ADV,-32,e0:5a:1b:15:b2:ee,MF0A8A
RX_CCS_E2_20260121,270246,ADV,-35,e0:5a:1b:15:b2:ee,MF0A8B
RX_CCS_E2_20260121,270560,ADV,-35,e0:5a:1b:15:b2:ee,MF0A8E
RX_CCS_E2_20260121,270658,ADV,-32,e0:5a:1b:15:b2:ee,MF0A8F
RX_CCS_E2_20260121,270877,ADV,-35,e0:5a:1b:15:b2:ee,MF0A91
RX_CCS_E2_20260121,270988,ADV,-32,e0:5a:1b:15:b2:ee,MF0A92
RX_CCS_E2_20260121,271088,ADV,-38,e0:5a:1b:15:b2:ee,MF0A93
RX_CCS_E2_20260121,271193,ADV,-35,e0:5a:1b:15:b2:ee,MF0A94
RX_CCS_E2_20260121,271294,ADV,-68,e0:5a:1b:15:b2:ee,MF0A95
RX_CCS_E2_20260121,271399,ADV,-38,e0:5a:1b:15:b2:ee,MF0A96
RX_CCS_E2_20260121,271504,ADV,-35,e0:5a:1b:15:b2:ee,MF0A97
RX_CCS_E2_20260121,271603,ADV,-32,e0:5a:1b:15:b2:ee,MF0A98
RX_CCS_E2_20260121,271741,ADV,-35,e0:5a:1b:15:b2:ee,MF0A99
RX_CCS_E2_20260121,271814,ADV,-35,e0:5a:1b:15:b2:ee,MF0A9A
RX_CCS_E2_20260121,271911,ADV,-32,e0:5a:1b:15:b2:ee,MF0A9B
RX_CCS_E2_20260121,272029,ADV,-35,e0:5a:1b:15:b2:ee,MF0A9C
RX_CCS_E2_20260121,272123,ADV,-36,e0:5a:1b:15:b2:ee,MF0A9D
RX_CCS_E2_20260121,272225,ADV,-31,e0:5a:1b:15:b2:ee,MF0A9E
RX_CCS_E2_20260121,272334,ADV,-38,e0:5a:1b:15:b2:ee,MF0A9F
RX_CCS_E2_20260121,272445,ADV,-35,e0:5a:1b:15:b2:ee,MF0AA0
RX_CCS_E2_20260121,272541,ADV,-32,e0:5a:1b:15:b2:ee,MF0AA2
RX_CCS_E2_20260121,272960,ADV,-35,e0:5a:1b:15:b2:ee,MF0AA6
RX_CCS_E2_20260121,273068,ADV,-32,e0:5a:1b:15:b2:ee,MF0AA7
RX_CCS_E2_20260121,273175,ADV,-35,e0:5a:1b:15:b2:ee,MF0AA8
RX_CCS_E2_20260121,273285,ADV,-35,e0:5a:1b:15:b2:ee,MF0AA9
RX_CCS_E2_20260121,273380,ADV,-32,e0:5a:1b:15:b2:ee,MF0AAA
RX_CCS_E2_20260121,273488,ADV,-35,e0:5a:1b:15:b2:ee,MF0AAB
RX_CCS_E2_20260121,273597,ADV,-35,e0:5a:1b:15:b2:ee,MF0AAC
RX_CCS_E2_20260121,273699,ADV,-32,e0:5a:1b:15:b2:ee,MF0AAD
RX_CCS_E2_20260121,273804,ADV,-35,e0:5a:1b:15:b2:ee,MF0AAE
RX_CCS_E2_20260121,273911,ADV,-35,e0:5a:1b:15:b2:ee,MF0AAF
RX_CCS_E2_20260121,274013,ADV,-32,e0:5a:1b:15:b2:ee,MF0AB0
RX_CCS_E2_20260121,274223,ADV,-36,e0:5a:1b:15:b2:ee,MF0AB2
RX_CCS_E2_20260121,274322,ADV,-32,e0:5a:1b:15:b2:ee,MF0AB3
RX_CCS_E2_20260121,274429,ADV,-38,e0:5a:1b:15:b2:ee,MF0AB4
RX_CCS_E2_20260121,274536,ADV,-35,e0:5a:1b:15:b2:ee,MF0AB5
RX_CCS_E2_20260121,274643,ADV,-33,e0:5a:1b:15:b2:ee,MF0AB6
RX_CCS_E2_20260121,274739,ADV,-38,e0:5a:1b:15:b2:ee,MF0AB8
RX_CCS_E2_20260121,274841,ADV,-35,e0:5a:1b:15:b2:ee,MF0AB9
RX_CCS_E2_20260121,274942,ADV,-32,e0:5a:1b:15:b2:ee,MF0ABA
RX_CCS_E2_20260121,275173,ADV,-32,e0:5a:1b:15:b2:ee,MF0ABC
RX_CCS_E2_20260121,275265,ADV,-35,e0:5a:1b:15:b2:ee,MF0ABD
RX_CCS_E2_20260121,275366,ADV,-35,e0:5a:1b:15:b2:ee,MF0ABE
RX_CCS_E2_20260121,275467,ADV,-32,e0:5a:1b:15:b2:ee,MF0ABF
RX_CCS_E2_20260121,275576,ADV,-35,e0:5a:1b:15:b2:ee,MF0AC0
RX_CCS_E2_20260121,275688,ADV,-35,e0:5a:1b:15:b2:ee,MF0AC1
RX_CCS_E2_20260121,275782,ADV,-32,e0:5a:1b:15:b2:ee,MF0AC2
RX_CCS_E2_20260121,275899,ADV,-35,e0:5a:1b:15:b2:ee,MF0AC3
RX_CCS_E2_20260121,275994,ADV,-35,e0:5a:1b:15:b2:ee,MF0AC4
RX_CCS_E2_20260121,276127,ADV,-32,e0:5a:1b:15:b2:ee,MF0AC5
RX_CCS_E2_20260121,276199,ADV,-35,e0:5a:1b:15:b2:ee,MF0AC6
RX_CCS_E2_20260121,276314,ADV,-36,e0:5a:1b:15:b2:ee,MF0AC7
RX_CCS_E2_20260121,276414,ADV,-32,e0:5a:1b:15:b2:ee,MF0AC8
RX_CCS_E2_20260121,276517,ADV,-35,e0:5a:1b:15:b2:ee,MF0AC9
RX_CCS_E2_20260121,276639,ADV,-35,e0:5a:1b:15:b2:ee,MF0ACA
RX_CCS_E2_20260121,276740,ADV,-32,e0:5a:1b:15:b2:ee,MF0ACB
RX_CCS_E2_20260121,276836,ADV,-35,e0:5a:1b:15:b2:ee,MF0ACC
RX_CCS_E2_20260121,276937,ADV,-35,e0:5a:1b:15:b2:ee,MF0ACD
RX_CCS_E2_20260121,277046,ADV,-32,e0:5a:1b:15:b2:ee,MF0ACF
RX_CCS_E2_20260121,277146,ADV,-35,e0:5a:1b:15:b2:ee,MF0AD0
RX_CCS_E2_20260121,277459,ADV,-35,e0:5a:1b:15:b2:ee,MF0AD3
RX_CCS_E2_20260121,277663,ADV,-35,e0:5a:1b:15:b2:ee,MF0AD5
RX_CCS_E2_20260121,277775,ADV,-35,e0:5a:1b:15:b2:ee,MF0AD6
RX_CCS_E2_20260121,277872,ADV,-32,e0:5a:1b:15:b2:ee,MF0AD7
RX_CCS_E2_20260121,278080,ADV,-35,e0:5a:1b:15:b2:ee,MF0AD9
RX_CCS_E2_20260121,278179,ADV,-32,e0:5a:1b:15:b2:ee,MF0ADA
RX_CCS_E2_20260121,278293,ADV,-37,e0:5a:1b:15:b2:ee,MF0ADB
RX_CCS_E2_20260121,278399,ADV,-36,e0:5a:1b:15:b2:ee,MF0ADC
RX_CCS_E2_20260121,278498,ADV,-32,e0:5a:1b:15:b2:ee,MF0ADD
RX_CCS_E2_20260121,278602,ADV,-35,e0:5a:1b:15:b2:ee,MF0ADE
RX_CCS_E2_20260121,278711,ADV,-35,e0:5a:1b:15:b2:ee,MF0ADF
RX_CCS_E2_20260121,278825,ADV,-32,e0:5a:1b:15:b2:ee,MF0AE0
RX_CCS_E2_20260121,278918,ADV,-35,e0:5a:1b:15:b2:ee,MF0AE1
RX_CCS_E2_20260121,279028,ADV,-35,e0:5a:1b:15:b2:ee,MF0AE2
RX_CCS_E2_20260121,279138,ADV,-32,e0:5a:1b:15:b2:ee,MF0AE3
RX_CCS_E2_20260121,279246,ADV,-38,e0:5a:1b:15:b2:ee,MF0AE4
RX_CCS_E2_20260121,279336,ADV,-35,e0:5a:1b:15:b2:ee,MF0AE5
RX_CCS_E2_20260121,279442,ADV,-32,e0:5a:1b:15:b2:ee,MF0AE7
RX_CCS_E2_20260121,279546,ADV,-36,e0:5a:1b:15:b2:ee,MF0AE8
RX_CCS_E2_20260121,279870,ADV,-35,e0:5a:1b:15:b2:ee,MF0AEB
RX_CCS_E2_20260121,279969,ADV,-32,e0:5a:1b:15:b2:ee,MF0AEC
RX_CCS_E2_20260121,280067,ADV,-35,e0:5a:1b:15:b2:ee,MF0AED
RX_CCS_E2_20260121,280286,ADV,-32,e0:5a:1b:15:b2:ee,MF0AEF
RX_CCS_E2_20260121,280373,ADV,-35,e0:5a:1b:15:b2:ee,MF0AF0
RX_CCS_E2_20260121,280483,ADV,-35,e0:5a:1b:15:b2:ee,MF0AF1
RX_CCS_E2_20260121,280582,ADV,-32,e0:5a:1b:15:b2:ee,MF0AF2
RX_CCS_E2_20260121,280686,ADV,-35,e0:5a:1b:15:b2:ee,MF0AF3
RX_CCS_E2_20260121,280788,ADV,-35,e0:5a:1b:15:b2:ee,MF0AF4
RX_CCS_E2_20260121,280914,ADV,-32,e0:5a:1b:15:b2:ee,MF0AF5
RX_CCS_E2_20260121,280999,ADV,-38,e0:5a:1b:15:b2:ee,MF0AF6
RX_CCS_E2_20260121,281103,ADV,-36,e0:5a:1b:15:b2:ee,MF0AF7
RX_CCS_E2_20260121,281198,ADV,-32,e0:5a:1b:15:b2:ee,MF0AF8
RX_CCS_E2_20260121,281306,ADV,-35,e0:5a:1b:15:b2:ee,MF0AF9
RX_CCS_E2_20260121,281408,ADV,-36,e0:5a:1b:15:b2:ee,MF0AFA
RX_CCS_E2_20260121,281517,ADV,-32,e0:5a:1b:15:b2:ee,MF0AFB
RX_CCS_E2_20260121,281625,ADV,-38,e0:5a:1b:15:b2:ee,MF0AFC
RX_CCS_E2_20260121,281734,ADV,-35,e0:5a:1b:15:b2:ee,MF0AFD
RX_CCS_E2_20260121,281829,ADV,-32,e0:5a:1b:15:b2:ee,MF0AFE
RX_CCS_E2_20260121,281939,ADV,-35,e0:5a:1b:15:b2:ee,MF0AFF
RX_CCS_E2_20260121,282046,ADV,-35,e0:5a:1b:15:b2:ee,MF0B01
RX_CCS_E2_20260121,282138,ADV,-32,e0:5a:1b:15:b2:ee,MF0B02
RX_CCS_E2_20260121,282241,ADV,-35,e0:5a:1b:15:b2:ee,MF0B03
RX_CCS_E2_20260121,282564,ADV,-35,e0:5a:1b:15:b2:ee,MF0B06
RX_CCS_E2_20260121,282665,ADV,-32,e0:5a:1b:15:b2:ee,MF0B07
RX_CCS_E2_20260121,282768,ADV,-35,e0:5a:1b:15:b2:ee,MF0B08
RX_CCS_E2_20260121,282902,ADV,-36,e0:5a:1b:15:b2:ee,MF0B09
RX_CCS_E2_20260121,282974,ADV,-32,e0:5a:1b:15:b2:ee,MF0B0A
RX_CCS_E2_20260121,283078,ADV,-35,e0:5a:1b:15:b2:ee,MF0B0B
RX_CCS_E2_20260121,283182,ADV,-35,e0:5a:1b:15:b2:ee,MF0B0C
RX_CCS_E2_20260121,283285,ADV,-33,e0:5a:1b:15:b2:ee,MF0B0D
RX_CCS_E2_20260121,283394,ADV,-35,e0:5a:1b:15:b2:ee,MF0B0E
RX_CCS_E2_20260121,283504,ADV,-35,e0:5a:1b:15:b2:ee,MF0B0F
RX_CCS_E2_20260121,283603,ADV,-32,e0:5a:1b:15:b2:ee,MF0B10
RX_CCS_E2_20260121,283708,ADV,-35,e0:5a:1b:15:b2:ee,MF0B11
RX_CCS_E2_20260121,283810,ADV,-35,e0:5a:1b:15:b2:ee,MF0B12
RX_CCS_E2_20260121,283929,ADV,-31,e0:5a:1b:15:b2:ee,MF0B13
RX_CCS_E2_20260121,284016,ADV,-35,e0:5a:1b:15:b2:ee,MF0B14
RX_CCS_E2_20260121,284125,ADV,-36,e0:5a:1b:15:b2:ee,MF0B15
RX_CCS_E2_20260121,284239,ADV,-32,e0:5a:1b:15:b2:ee,MF0B16
RX_CCS_E2_20260121,284334,ADV,-34,e0:5a:1b:15:b2:ee,MF0B17
RX_CCS_E2_20260121,284441,ADV,-35,e0:5a:1b:15:b2:ee,MF0B19
RX_CCS_E2_20260121,284546,ADV,-32,e0:5a:1b:15:b2:ee,MF0B1A
RX_CCS_E2_20260121,284765,ADV,-32,e0:5a:1b:15:b2:ee,MF0B1C
RX_CCS_E2_20260121,284864,ADV,-38,e0:5a:1b:15:b2:ee,MF0B1D
RX_CCS_E2_20260121,284976,ADV,-36,e0:5a:1b:15:b2:ee,MF0B1E
RX_CCS_E2_20260121,285075,ADV,-32,e0:5a:1b:15:b2:ee,MF0B1F
RX_CCS_E2_20260121,285179,ADV,-35,e0:5a:1b:15:b2:ee,MF0B20
RX_CCS_E2_20260121,285286,ADV,-35,e0:5a:1b:15:b2:ee,MF0B21
RX_CCS_E2_20260121,285384,ADV,-32,e0:5a:1b:15:b2:ee,MF0B22
RX_CCS_E2_20260121,285503,ADV,-34,e0:5a:1b:15:b2:ee,MF0B23
RX_CCS_E2_20260121,285600,ADV,-35,e0:5a:1b:15:b2:ee,MF0B24
RX_CCS_E2_20260121,285698,ADV,-32,e0:5a:1b:15:b2:ee,MF0B25
RX_CCS_E2_20260121,285801,ADV,-35,e0:5a:1b:15:b2:ee,MF0B26
RX_CCS_E2_20260121,286019,ADV,-32,e0:5a:1b:15:b2:ee,MF0B28
RX_CCS_E2_20260121,286124,ADV,-35,e0:5a:1b:15:b2:ee,MF0B29
RX_CCS_E2_20260121,286222,ADV,-36,e0:5a:1b:15:b2:ee,MF0B2A
RX_CCS_E2_20260121,286331,ADV,-32,e0:5a:1b:15:b2:ee,MF0B2B
RX_CCS_E2_20260121,286439,ADV,-38,e0:5a:1b:15:b2:ee,MF0B2C
RX_CCS_E2_20260121,286542,ADV,-35,e0:5a:1b:15:b2:ee,MF0B2E
RX_CCS_E2_20260121,286759,ADV,-36,e0:5a:1b:15:b2:ee,MF0B30
RX_CCS_E2_20260121,286864,ADV,-33,e0:5a:1b:15:b2:ee,MF0B31
RX_CCS_E2_20260121,286995,ADV,-38,e0:5a:1b:15:b2:ee,MF0B32
RX_CCS_E2_20260121,287084,ADV,-35,e0:5a:1b:15:b2:ee,MF0B33
RX_CCS_E2_20260121,287209,ADV,-32,e0:5a:1b:15:b2:ee,MF0B34
RX_CCS_E2_20260121,287286,ADV,-35,e0:5a:1b:15:b2:ee,MF0B35
RX_CCS_E2_20260121,287392,ADV,-35,e0:5a:1b:15:b2:ee,MF0B36
RX_CCS_E2_20260121,287501,ADV,-32,e0:5a:1b:15:b2:ee,MF0B37
RX_CCS_E2_20260121,287597,ADV,-35,e0:5a:1b:15:b2:ee,MF0B38
RX_CCS_E2_20260121,287704,ADV,-35,e0:5a:1b:15:b2:ee,MF0B39
RX_CCS_E2_20260121,287802,ADV,-32,e0:5a:1b:15:b2:ee,MF0B3A
RX_CCS_E2_20260121,287921,ADV,-35,e0:5a:1b:15:b2:ee,MF0B3B
RX_CCS_E2_20260121,288027,ADV,-35,e0:5a:1b:15:b2:ee,MF0B3C
RX_CCS_E2_20260121,288142,ADV,-32,e0:5a:1b:15:b2:ee,MF0B3D
RX_CCS_E2_20260121,288235,ADV,-38,e0:5a:1b:15:b2:ee,MF0B3E
RX_CCS_E2_20260121,288333,ADV,-36,e0:5a:1b:15:b2:ee,MF0B3F
RX_CCS_E2_20260121,288437,ADV,-32,e0:5a:1b:15:b2:ee,MF0B41
RX_CCS_E2_20260121,288870,ADV,-35,e0:5a:1b:15:b2:ee,MF0B45
RX_CCS_E2_20260121,288971,ADV,-32,e0:5a:1b:15:b2:ee,MF0B46
RX_CCS_E2_20260121,289068,ADV,-38,e0:5a:1b:15:b2:ee,MF0B47
RX_CCS_E2_20260121,289183,ADV,-35,e0:5a:1b:15:b2:ee,MF0B48
RX_CCS_E2_20260121,289283,ADV,-32,e0:5a:1b:15:b2:ee,MF0B49
RX_CCS_E2_20260121,289390,ADV,-35,e0:5a:1b:15:b2:ee,MF0B4A
RX_CCS_E2_20260121,289494,ADV,-35,e0:5a:1b:15:b2:ee,MF0B4B
RX_CCS_E2_20260121,289599,ADV,-32,e0:5a:1b:15:b2:ee,MF0B4C
RX_CCS_E2_20260121,289698,ADV,-36,e0:5a:1b:15:b2:ee,MF0B4D
RX_CCS_E2_20260121,289806,ADV,-35,e0:5a:1b:15:b2:ee,MF0B4E
RX_CCS_E2_20260121,289908,ADV,-32,e0:5a:1b:15:b2:ee,MF0B4F
RX_CCS_E2_20260121,290017,ADV,-36,e0:5a:1b:15:b2:ee,MF0B50
RX_CCS_E2_20260121,290121,ADV,-35,e0:5a:1b:15:b2:ee,MF0B51
RX_CCS_E2_20260121,290246,ADV,-32,e0:5a:1b:15:b2:ee,MF0B52
RX_CCS_E2_20260121,290332,ADV,-35,e0:5a:1b:15:b2:ee,MF0B53
RX_CCS_E2_20260121,290442,ADV,-35,e0:5a:1b:15:b2:ee,MF0B55
RX_CCS_E2_20260121,290546,ADV,-33,e0:5a:1b:15:b2:ee,MF0B56
RX_CCS_E2_20260121,290878,ADV,-35,e0:5a:1b:15:b2:ee,MF0B59
RX_CCS_E2_20260121,290980,ADV,-35,e0:5a:1b:15:b2:ee,MF0B5A
RX_CCS_E2_20260121,291071,ADV,-32,e0:5a:1b:15:b2:ee,MF0B5B
RX_CCS_E2_20260121,291181,ADV,-35,e0:5a:1b:15:b2:ee,MF0B5C
RX_CCS_E2_20260121,291289,ADV,-35,e0:5a:1b:15:b2:ee,MF0B5D
RX_CCS_E2_20260121,291408,ADV,-32,e0:5a:1b:15:b2:ee,MF0B5E
RX_CCS_E2_20260121,291501,ADV,-38,e0:5a:1b:15:b2:ee,MF0B5F
RX_CCS_E2_20260121,291643,ADV,-35,e0:5a:1b:15:b2:ee,MF0B60
RX_CCS_E2_20260121,291724,ADV,-32,e0:5a:1b:15:b2:ee,MF0B61
RX_CCS_E2_20260121,291812,ADV,-35,e0:5a:1b:15:b2:ee,MF0B62
RX_CCS_E2_20260121,291920,ADV,-36,e0:5a:1b:15:b2:ee,MF0B63
RX_CCS_E2_20260121,292029,ADV,-32,e0:5a:1b:15:b2:ee,MF0B64
RX_CCS_E2_20260121,292128,ADV,-38,e0:5a:1b:15:b2:ee,MF0B65
RX_CCS_E2_20260121,292236,ADV,-35,e0:5a:1b:15:b2:ee,MF0B66
RX_CCS_E2_20260121,292343,ADV,-32,e0:5a:1b:15:b2:ee,MF0B68
RX_CCS_E2_20260121,292658,ADV,-35,e0:5a:1b:15:b2:ee,MF0B6B
RX_CCS_E2_20260121,292772,ADV,-35,e0:5a:1b:15:b2:ee,MF0B6C
RX_CCS_E2_20260121,292867,ADV,-32,e0:5a:1b:15:b2:ee,MF0B6D
RX_CCS_E2_20260121,292977,ADV,-38,e0:5a:1b:15:b2:ee,MF0B6E
RX_CCS_E2_20260121,293182,ADV,-32,e0:5a:1b:15:b2:ee,MF0B70
RX_CCS_E2_20260121,293287,ADV,-38,e0:5a:1b:15:b2:ee,MF0B71
RX_CCS_E2_20260121,293390,ADV,-35,e0:5a:1b:15:b2:ee,MF0B72
RX_CCS_E2_20260121,293527,ADV,-32,e0:5a:1b:15:b2:ee,MF0B73
RX_CCS_E2_20260121,293700,ADV,-35,e0:5a:1b:15:b2:ee,MF0B75
RX_CCS_E2_20260121,293805,ADV,-32,e0:5a:1b:15:b2:ee,MF0B76
RX_CCS_E2_20260121,293927,ADV,-38,e0:5a:1b:15:b2:ee,MF0B77
RX_CCS_E2_20260121,294026,ADV,-35,e0:5a:1b:15:b2:ee,MF0B78
RX_CCS_E2_20260121,294129,ADV,-32,e0:5a:1b:15:b2:ee,MF0B79
RX_CCS_E2_20260121,294233,ADV,-38,e0:5a:1b:15:b2:ee,MF0B7A
RX_CCS_E2_20260121,294345,ADV,-35,e0:5a:1b:15:b2:ee,MF0B7C
RX_CCS_E2_20260121,294443,ADV,-32,e0:5a:1b:15:b2:ee,MF0B7D
RX_CCS_E2_20260121,294774,ADV,-35,e0:5a:1b:15:b2:ee,MF0B80
RX_CCS_E2_20260121,294881,ADV,-35,e0:5a:1b:15:b2:ee,MF0B81
RX_CCS_E2_20260121,294976,ADV,-32,e0:5a:1b:15:b2:ee,MF0B82
RX_CCS_E2_20260121,295186,ADV,-35,e0:5a:1b:15:b2:ee,MF0B84
RX_CCS_E2_20260121,295285,ADV,-32,e0:5a:1b:15:b2:ee,MF0B85
RX_CCS_E2_20260121,295392,ADV,-35,e0:5a:1b:15:b2:ee,MF0B86
RX_CCS_E2_20260121,295496,ADV,-35,e0:5a:1b:15:b2:ee,MF0B87
RX_CCS_E2_20260121,295594,ADV,-32,e0:5a:1b:15:b2:ee,MF0B88
RX_CCS_E2_20260121,295703,ADV,-38,e0:5a:1b:15:b2:ee,MF0B89
RX_CCS_E2_20260121,295917,ADV,-32,e0:5a:1b:15:b2:ee,MF0B8B
RX_CCS_E2_20260121,296018,ADV,-35,e0:5a:1b:15:b2:ee,MF0B8C
RX_CCS_E2_20260121,296140,ADV,-35,e0:5a:1b:15:b2:ee,MF0B8D
RX_CCS_E2_20260121,296243,ADV,-32,e0:5a:1b:15:b2:ee,MF0B8E
RX_CCS_E2_20260121,296340,ADV,-38,e0:5a:1b:15:b2:ee,MF0B90
RX_CCS_E2_20260121,296664,ADV,-35,e0:5a:1b:15:b2:ee,MF0B93
RX_CCS_E2_20260121,296780,ADV,-32,e0:5a:1b:15:b2:ee,MF0B94
RX_CCS_E2_20260121,296873,ADV,-35,e0:5a:1b:15:b2:ee,MF0B95
RX_CCS_E2_20260121,296977,ADV,-36,e0:5a:1b:15:b2:ee,MF0B96
RX_CCS_E2_20260121,297083,ADV,-32,e0:5a:1b:15:b2:ee,MF0B97
RX_CCS_E2_20260121,297301,ADV,-35,e0:5a:1b:15:b2:ee,MF0B99
RX_CCS_E2_20260121,297422,ADV,-32,e0:5a:1b:15:b2:ee,MF0B9A
RX_CCS_E2_20260121,297504,ADV,-38,e0:5a:1b:15:b2:ee,MF0B9B
RX_CCS_E2_20260121,297621,ADV,-35,e0:5a:1b:15:b2:ee,MF0B9C
RX_CCS_E2_20260121,297713,ADV,-32,e0:5a:1b:15:b2:ee,MF0B9D
RX_CCS_E2_20260121,297822,ADV,-35,e0:5a:1b:15:b2:ee,MF0B9E
RX_CCS_E2_20260121,297934,ADV,-35,e0:5a:1b:15:b2:ee,MF0B9F
RX_CCS_E2_20260121,298040,ADV,-32,e0:5a:1b:15:b2:ee,MF0BA1
RX_CCS_E2_20260121,298145,ADV,-35,e0:5a:1b:15:b2:ee,MF0BA2
RX_CCS_E2_20260121,298464,ADV,-35,e0:5a:1b:15:b2:ee,MF0BA5
RX_CCS_E2_20260121,298566,ADV,-32,e0:5a:1b:15:b2:ee,MF0BA6
RX_CCS_E2_20260121,298675,ADV,-38,e0:5a:1b:15:b2:ee,MF0BA7
RX_CCS_E2_20260121,298888,ADV,-31,e0:5a:1b:15:b2:ee,MF0BA9
RX_CCS_E2_20260121,298993,ADV,-38,e0:5a:1b:15:b2:ee,MF0BAA
RX_CCS_E2_20260121,299090,ADV,-35,e0:5a:1b:15:b2:ee,MF0BAB
RX_CCS_E2_20260121,299196,ADV,-32,e0:5a:1b:15:b2:ee,MF0BAC
RX_CCS_E2_20260121,299307,ADV,-35,e0:5a:1b:15:b2:ee,MF0BAD
RX_CCS_E2_20260121,299416,ADV,-35,e0:5a:1b:15:b2:ee,MF0BAE
RX_CCS_E2_20260121,299526,ADV,-32,e0:5a:1b:15:b2:ee,MF0BAF
RX_CCS_E2_20260121,299632,ADV,-35,e0:5a:1b:15:b2:ee,MF0BB0
RX_CCS_E2_20260121,299746,ADV,-35,e0:5a:1b:15:b2:ee,MF0BB1
RX_CCS_E2_20260121,299838,ADV,-32,e0:5a:1b:15:b2:ee,MF0BB3
RX_CCS_E2_20260121,300177,ADV,-35,e0:5a:1b:15:b2:ee,MF0BB6
RX_CCS_E2_20260121,300410,ADV,-32,e0:5a:1b:15:b2:ee,MF0BB8
RX_CCS_E2_20260121,300480,ADV,-35,e0:5a:1b:15:b2:ee,MF0BB9
RX_CCS_E2_20260121,300596,ADV,-35,e0:5a:1b:15:b2:ee,MF0BBA
RX_CCS_E2_20260121,300688,ADV,-32,e0:5a:1b:15:b2:ee,MF0BBB
RX_CCS_E2_20260121,300805,ADV,-35,e0:5a:1b:15:b2:ee,MF0BBC
RX_CCS_E2_20260121,300907,ADV,-36,e0:5a:1b:15:b2:ee,MF0BBD
RX_CCS_E2_20260121,301006,ADV,-32,e0:5a:1b:15:b2:ee,MF0BBE
RX_CCS_E2_20260121,301115,ADV,-35,e0:5a:1b:15:b2:ee,MF0BBF
RX_CCS_E2_20260121,301217,ADV,-36,e0:5a:1b:15:b2:ee,MF0BC0
RX_CCS_E2_20260121,301439,ADV,-35,e0:5a:1b:15:b2:ee,MF0BC2
RX_CCS_E2_20260121,301542,ADV,-35,e0:5a:1b:15:b2:ee,MF0BC4
RX_CCS_E2_20260121,301641,ADV,-33,e0:5a:1b:15:b2:ee,MF0BC5
RX_CCS_E2_20260121,301746,ADV,-35,e0:5a:1b:15:b2:ee,MF0BC6
RX_CCS_E2_20260121,302263,ADV,-35,e0:5a:1b:15:b2:ee,MF0BCB
RX_CCS_E2_20260121,302371,ADV,-35,e0:5a:1b:15:b2:ee,MF0BCC
RX_CCS_E2_20260121,302496,ADV,-32,e0:5a:1b:15:b2:ee,MF0BCD
RX_CCS_E2_20260121,302586,ADV,-35,e0:5a:1b:15:b2:ee,MF0BCE
RX_CCS_E2_20260121,302704,ADV,-35,e0:5a:1b:15:b2:ee,MF0BCF
RX_CCS_E2_20260121,302804,ADV,-32,e0:5a:1b:15:b2:ee,MF0BD0
RX_CCS_E2_20260121,302903,ADV,-35,e0:5a:1b:15:b2:ee,MF0BD1
RX_CCS_E2_20260121,303027,ADV,-35,e0:5a:1b:15:b2:ee,MF0BD2
RX_CCS_E2_20260121,303110,ADV,-32,e0:5a:1b:15:b2:ee,MF0BD3
RX_CCS_E2_20260121,303216,ADV,-35,e0:5a:1b:15:b2:ee,MF0BD4
RX_CCS_E2_20260121,303315,ADV,-35,e0:5a:1b:15:b2:ee,MF0BD5
RX_CCS_E2_20260121,303412,ADV,-32,e0:5a:1b:15:b2:ee,MF0BD6
RX_CCS_E2_20260121,303522,ADV,-35,e0:5a:1b:15:b2:ee,MF0BD7
RX_CCS_E2_20260121,303642,ADV,-35,e0:5a:1b:15:b2:ee,MF0BD8
RX_CCS_E2_20260121,303746,ADV,-32,e0:5a:1b:15:b2:ee,MF0BD9
RX_CCS_E2_20260121,303842,ADV,-35,e0:5a:1b:15:b2:ee,MF0BDB
RX_CCS_E2_20260121,303946,ADV,-35,e0:5a:1b:15:b2:ee,MF0BDC
RX_CCS_E2_20260121,304046,ADV,-32,e0:5a:1b:15:b2:ee,MF0BDD
RX_CCS_E2_20260121,304283,ADV,-32,e0:5a:1b:15:b2:ee,MF0BDF
RX_CCS_E2_20260121,304360,ADV,-35,e0:5a:1b:15:b2:ee,MF0BE0
RX_CCS_E2_20260121,304483,ADV,-36,e0:5a:1b:15:b2:ee,MF0BE1
RX_CCS_E2_20260121,304586,ADV,-32,e0:5a:1b:15:b2:ee,MF0BE2
RX_CCS_E2_20260121,304681,ADV,-35,e0:5a:1b:15:b2:ee,MF0BE3
RX_CCS_E2_20260121,304789,ADV,-35,e0:5a:1b:15:b2:ee,MF0BE4
RX_CCS_E2_20260121,304898,ADV,-32,e0:5a:1b:15:b2:ee,MF0BE5
RX_CCS_E2_20260121,304986,ADV,-35,e0:5a:1b:15:b2:ee,MF0BE6
RX_CCS_E2_20260121,305107,ADV,-35,e0:5a:1b:15:b2:ee,MF0BE7
RX_CCS_E2_20260121,305195,ADV,-32,e0:5a:1b:15:b2:ee,MF0BE8
RX_CCS_E2_20260121,305302,ADV,-35,e0:5a:1b:15:b2:ee,MF0BE9
RX_CCS_E2_20260121,305421,ADV,-35,e0:5a:1b:15:b2:ee,MF0BEA
RX_CCS_E2_20260121,305519,ADV,-32,e0:5a:1b:15:b2:ee,MF0BEB
RX_CCS_E2_20260121,305621,ADV,-38,e0:5a:1b:15:b2:ee,MF0BEC
RX_CCS_E2_20260121,305724,ADV,-35,e0:5a:1b:15:b2:ee,MF0BED
RX_CCS_E2_20260121,305836,ADV,-32,e0:5a:1b:15:b2:ee,MF0BEE
RX_CCS_E2_20260121,305936,ADV,-35,e0:5a:1b:15:b2:ee,MF0BEF
RX_CCS_E2_20260121,306046,ADV,-35,e0:5a:1b:15:b2:ee,MF0BF1
RX_CCS_E2_20260121,306143,ADV,-32,e0:5a:1b:15:b2:ee,MF0BF2
RX_CCS_E2_20260121,306603,ADV,-35,e0:5a:1b:15:b2:ee,MF0BF6
RX_CCS_E2_20260121,306666,ADV,-32,e0:5a:1b:15:b2:ee,MF0BF7
RX_CCS_E2_20260121,306771,ADV,-35,e0:5a:1b:15:b2:ee,MF0BF8
RX_CCS_E2_20260121,306876,ADV,-35,e0:5a:1b:15:b2:ee,MF0BF9
RX_CCS_E2_20260121,306987,ADV,-32,e0:5a:1b:15:b2:ee,MF0BFA
RX_CCS_E2_20260121,307096,ADV,-35,e0:5a:1b:15:b2:ee,MF0BFB
RX_CCS_E2_20260121,307301,ADV,-32,e0:5a:1b:15:b2:ee,MF0BFD
RX_CCS_E2_20260121,307406,ADV,-38,e0:5a:1b:15:b2:ee,MF0BFE
RX_CCS_E2_20260121,307512,ADV,-35,e0:5a:1b:15:b2:ee,MF0BFF
RX_CCS_E2_20260121,307627,ADV,-33,e0:5a:1b:15:b2:ee,MF0C00
RX_CCS_E2_20260121,307729,ADV,-38,e0:5a:1b:15:b2:ee,MF0C01
RX_CCS_E2_20260121,307842,ADV,-35,e0:5a:1b:15:b2:ee,MF0C02
RX_CCS_E2_20260121,307937,ADV,-32,e0:5a:1b:15:b2:ee,MF0C04
RX_CCS_E2_20260121,308564,ADV,-35,e0:5a:1b:15:b2:ee,MF0C0A
RX_CCS_E2_20260121,308669,ADV,-35,e0:5a:1b:15:b2:ee,MF0C0B
RX_CCS_E2_20260121,308875,ADV,-35,e0:5a:1b:15:b2:ee,MF0C0D
RX_CCS_E2_20260121,308987,ADV,-35,e0:5a:1b:15:b2:ee,MF0C0E
RX_CCS_E2_20260121,309079,ADV,-32,e0:5a:1b:15:b2:ee,MF0C0F
RX_CCS_E2_20260121,309192,ADV,-38,e0:5a:1b:15:b2:ee,MF0C10
RX_CCS_E2_20260121,309291,ADV,-35,e0:5a:1b:15:b2:ee,MF0C11
RX_CCS_E2_20260121,309406,ADV,-32,e0:5a:1b:15:b2:ee,MF0C12
RX_CCS_E2_20260121,309502,ADV,-38,e0:5a:1b:15:b2:ee,MF0C13
RX_CCS_E2_20260121,309605,ADV,-35,e0:5a:1b:15:b2:ee,MF0C14
RX_CCS_E2_20260121,309712,ADV,-32,e0:5a:1b:15:b2:ee,MF0C15
RX_CCS_E2_20260121,309824,ADV,-35,e0:5a:1b:15:b2:ee,MF0C16
RX_CCS_E2_20260121,309924,ADV,-35,e0:5a:1b:15:b2:ee,MF0C17
RX_CCS_E2_20260121,310032,ADV,-32,e0:5a:1b:15:b2:ee,MF0C18
RX_CCS_E2_20260121,310138,ADV,-35,e0:5a:1b:15:b2:ee,MF0C19
RX_CCS_E2_20260121,310238,ADV,-35,e0:5a:1b:15:b2:ee,MF0C1A
RX_CCS_E2_20260121,310340,ADV,-31,e0:5a:1b:15:b2:ee,MF0C1C
RX_CCS_E2_20260121,310773,ADV,-35,e0:5a:1b:15:b2:ee,MF0C20
RX_CCS_E2_20260121,310875,ADV,-32,e0:5a:1b:15:b2:ee,MF0C21
RX_CCS_E2_20260121,311078,ADV,-35,e0:5a:1b:15:b2:ee,MF0C23
RX_CCS_E2_20260121,311192,ADV,-32,e0:5a:1b:15:b2:ee,MF0C24
RX_CCS_E2_20260121,311296,ADV,-38,e0:5a:1b:15:b2:ee,MF0C25
RX_CCS_E2_20260121,311398,ADV,-35,e0:5a:1b:15:b2:ee,MF0C26
RX_CCS_E2_20260121,311605,ADV,-35,e0:5a:1b:15:b2:ee,MF0C28
RX_CCS_E2_20260121,311734,ADV,-35,e0:5a:1b:15:b2:ee,MF0C29
RX_CCS_E2_20260121,311935,ADV,-35,e0:5a:1b:15:b2:ee,MF0C2B
RX_CCS_E2_20260121,312046,ADV,-36,e0:5a:1b:15:b2:ee,MF0C2C
RX_CCS_E2_20260121,312131,ADV,-32,e0:5a:1b:15:b2:ee,MF0C2D
RX_CCS_E2_20260121,312236,ADV,-38,e0:5a:1b:15:b2:ee,MF0C2E
RX_CCS_E2_20260121,312345,ADV,-35,e0:5a:1b:15:b2:ee,MF0C30
RX_CCS_E2_20260121,312758,ADV,-35,e0:5a:1b:15:b2:ee,MF0C34
RX_CCS_E2_20260121,312861,ADV,-36,e0:5a:1b:15:b2:ee,MF0C35
RX_CCS_E2_20260121,312967,ADV,-32,e0:5a:1b:15:b2:ee,MF0C36
RX_CCS_E2_20260121,313093,ADV,-38,e0:5a:1b:15:b2:ee,MF0C37
RX_CCS_E2_20260121,313282,ADV,-32,e0:5a:1b:15:b2:ee,MF0C39
RX_CCS_E2_20260121,313392,ADV,-83,e0:5a:1b:15:b2:ee,MF0C3A
RX_CCS_E2_20260121,313498,ADV,-35,e0:5a:1b:15:b2:ee,MF0C3B
RX_CCS_E2_20260121,313593,ADV,-32,e0:5a:1b:15:b2:ee,MF0C3C
RX_CCS_E2_20260121,313695,ADV,-35,e0:5a:1b:15:b2:ee,MF0C3D
RX_CCS_E2_20260121,313799,ADV,-35,e0:5a:1b:15:b2:ee,MF0C3E
RX_CCS_E2_20260121,313899,ADV,-32,e0:5a:1b:15:b2:ee,MF0C3F
RX_CCS_E2_20260121,314024,ADV,-39,e0:5a:1b:15:b2:ee,MF0C40
RX_CCS_E2_20260121,314122,ADV,-35,e0:5a:1b:15:b2:ee,MF0C41
RX_CCS_E2_20260121,314225,ADV,-32,e0:5a:1b:15:b2:ee,MF0C42
RX_CCS_E2_20260121,314327,ADV,-38,e0:5a:1b:15:b2:ee,MF0C43
RX_CCS_E2_20260121,314438,ADV,-35,e0:5a:1b:15:b2:ee,MF0C44
RX_CCS_E2_20260121,314546,ADV,-32,e0:5a:1b:15:b2:ee,MF0C46
RX_CCS_E2_20260121,314771,ADV,-32,e0:5a:1b:15:b2:ee,MF0C48
RX_CCS_E2_20260121,314870,ADV,-38,e0:5a:1b:15:b2:ee,MF0C49
RX_CCS_E2_20260121,315018,ADV,-35,e0:5a:1b:15:b2:ee,MF0C4A
RX_CCS_E2_20260121,315081,ADV,-32,e0:5a:1b:15:b2:ee,MF0C4B
RX_CCS_E2_20260121,315186,ADV,-35,e0:5a:1b:15:b2:ee,MF0C4C
RX_CCS_E2_20260121,315298,ADV,-35,e0:5a:1b:15:b2:ee,MF0C4D
RX_CCS_E2_20260121,315405,ADV,-33,e0:5a:1b:15:b2:ee,MF0C4E
RX_CCS_E2_20260121,315511,ADV,-35,e0:5a:1b:15:b2:ee,MF0C4F
RX_CCS_E2_20260121,315619,ADV,-35,e0:5a:1b:15:b2:ee,MF0C50
RX_CCS_E2_20260121,315721,ADV,-32,e0:5a:1b:15:b2:ee,MF0C51
RX_CCS_E2_20260121,315830,ADV,-35,e0:5a:1b:15:b2:ee,MF0C52
RX_CCS_E2_20260121,315934,ADV,-36,e0:5a:1b:15:b2:ee,MF0C53
RX_CCS_E2_20260121,316041,ADV,-32,e0:5a:1b:15:b2:ee,MF0C55
RX_CCS_E2_20260121,316145,ADV,-38,e0:5a:1b:15:b2:ee,MF0C56
RX_CCS_E2_20260121,316467,ADV,-35,e0:5a:1b:15:b2:ee,MF0C59
RX_CCS_E2_20260121,316562,ADV,-32,e0:5a:1b:15:b2:ee,MF0C5A
RX_CCS_E2_20260121,316679,ADV,-35,e0:5a:1b:15:b2:ee,MF0C5B
RX_CCS_E2_20260121,316768,ADV,-36,e0:5a:1b:15:b2:ee,MF0C5C
RX_CCS_E2_20260121,316871,ADV,-32,e0:5a:1b:15:b2:ee,MF0C5D
RX_CCS_E2_20260121,316981,ADV,-35,e0:5a:1b:15:b2:ee,MF0C5E
RX_CCS_E2_20260121,317092,ADV,-36,e0:5a:1b:15:b2:ee,MF0C5F
RX_CCS_E2_20260121,317211,ADV,-32,e0:5a:1b:15:b2:ee,MF0C60
RX_CCS_E2_20260121,317300,ADV,-35,e0:5a:1b:15:b2:ee,MF0C61
RX_CCS_E2_20260121,317403,ADV,-35,e0:5a:1b:15:b2:ee,MF0C62
RX_CCS_E2_20260121,317527,ADV,-32,e0:5a:1b:15:b2:ee,MF0C63
RX_CCS_E2_20260121,317614,ADV,-38,e0:5a:1b:15:b2:ee,MF0C64
RX_CCS_E2_20260121,317724,ADV,-35,e0:5a:1b:15:b2:ee,MF0C65
RX_CCS_E2_20260121,317830,ADV,-32,e0:5a:1b:15:b2:ee,MF0C66
RX_CCS_E2_20260121,317941,ADV,-35,e0:5a:1b:15:b2:ee,MF0C67
RX_CCS_E2_20260121,318044,ADV,-35,e0:5a:1b:15:b2:ee,MF0C69
RX_CCS_E2_20260121,318264,ADV,-35,e0:5a:1b:15:b2:ee,MF0C6B
RX_CCS_E2_20260121,318367,ADV,-32,e0:5a:1b:15:b2:ee,MF0C6C
RX_CCS_E2_20260121,318473,ADV,-35,e0:5a:1b:15:b2:ee,MF0C6D
RX_CCS_E2_20260121,318583,ADV,-35,e0:5a:1b:15:b2:ee,MF0C6E
RX_CCS_E2_20260121,318681,ADV,-32,e0:5a:1b:15:b2:ee,MF0C6F
RX_CCS_E2_20260121,318791,ADV,-38,e0:5a:1b:15:b2:ee,MF0C70
RX_CCS_E2_20260121,318893,ADV,-35,e0:5a:1b:15:b2:ee,MF0C71
RX_CCS_E2_20260121,318998,ADV,-32,e0:5a:1b:15:b2:ee,MF0C72
RX_CCS_E2_20260121,319101,ADV,-35,e0:5a:1b:15:b2:ee,MF0C73
RX_CCS_E2_20260121,319207,ADV,-35,e0:5a:1b:15:b2:ee,MF0C74
RX_CCS_E2_20260121,319309,ADV,-32,e0:5a:1b:15:b2:ee,MF0C75
RX_CCS_E2_20260121,319418,ADV,-35,e0:5a:1b:15:b2:ee,MF0C76
RX_CCS_E2_20260121,319526,ADV,-35,e0:5a:1b:15:b2:ee,MF0C77
RX_CCS_E2_20260121,319646,ADV,-32,e0:5a:1b:15:b2:ee,MF0C78
RX_CCS_E2_20260121,319840,ADV,-36,e0:5a:1b:15:b2:ee,MF0C7B
RX_CCS_E2_20260121,319940,ADV,-32,e0:5a:1b:15:b2:ee,MF0C7C
RX_CCS_E2_20260121,320281,ADV,-35,e0:5a:1b:15:b2:ee,MF0C7F
RX_CCS_E2_20260121,320390,ADV,-35,e0:5a:1b:15:b2:ee,MF0C80
RX_CCS_E2_20260121,320472,ADV,-32,e0:5a:1b:15:b2:ee,MF0C81
RX_CCS_E2_20260121,320581,ADV,-38,e0:5a:1b:15:b2:ee,MF0C82
RX_CCS_E2_20260121,320692,ADV,-35,e0:5a:1b:15:b2:ee,MF0C83
RX_CCS_E2_20260121,320819,ADV,-32,e0:5a:1b:15:b2:ee,MF0C84
RX_CCS_E2_20260121,320904,ADV,-35,e0:5a:1b:15:b2:ee,MF0C85
RX_CCS_E2_20260121,321000,ADV,-36,e0:5a:1b:15:b2:ee,MF0C86
RX_CCS_E2_20260121,321101,ADV,-32,e0:5a:1b:15:b2:ee,MF0C87
RX_CCS_E2_20260121,321213,ADV,-35,e0:5a:1b:15:b2:ee,MF0C88
RX_CCS_E2_20260121,321318,ADV,-35,e0:5a:1b:15:b2:ee,MF0C89
RX_CCS_E2_20260121,321423,ADV,-32,e0:5a:1b:15:b2:ee,MF0C8A
RX_CCS_E2_20260121,321519,ADV,-35,e0:5a:1b:15:b2:ee,MF0C8B
RX_CCS_E2_20260121,321646,ADV,-36,e0:5a:1b:15:b2:ee,MF0C8C
RX_CCS_E2_20260121,321732,ADV,-32,e0:5a:1b:15:b2:ee,MF0C8D
RX_CCS_E2_20260121,321846,ADV,-35,e0:5a:1b:15:b2:ee,MF0C8F
RX_CCS_E2_20260121,321946,ADV,-35,e0:5a:1b:15:b2:ee,MF0C90
RX_CCS_E2_20260121,322362,ADV,-38,e0:5a:1b:15:b2:ee,MF0C94
RX_CCS_E2_20260121,322465,ADV,-35,e0:5a:1b:15:b2:ee,MF0C95
RX_CCS_E2_20260121,322569,ADV,-32,e0:5a:1b:15:b2:ee,MF0C96
RX_CCS_E2_20260121,322681,ADV,-35,e0:5a:1b:15:b2:ee,MF0C97
RX_CCS_E2_20260121,322779,ADV,-35,e0:5a:1b:15:b2:ee,MF0C98
RX_CCS_E2_20260121,322888,ADV,-32,e0:5a:1b:15:b2:ee,MF0C99
RX_CCS_E2_20260121,322995,ADV,-35,e0:5a:1b:15:b2:ee,MF0C9A
RX_CCS_E2_20260121,323102,ADV,-35,e0:5a:1b:15:b2:ee,MF0C9B
RX_CCS_E2_20260121,323199,ADV,-32,e0:5a:1b:15:b2:ee,MF0C9C
RX_CCS_E2_20260121,323304,ADV,-35,e0:5a:1b:15:b2:ee,MF0C9D
RX_CCS_E2_20260121,323417,ADV,-35,e0:5a:1b:15:b2:ee,MF0C9E
RX_CCS_E2_20260121,323529,ADV,-32,e0:5a:1b:15:b2:ee,MF0C9F
RX_CCS_E2_20260121,323618,ADV,-35,e0:5a:1b:15:b2:ee,MF0CA0
RX_CCS_E2_20260121,323732,ADV,-35,e0:5a:1b:15:b2:ee,MF0CA1
RX_CCS_E2_20260121,323830,ADV,-32,e0:5a:1b:15:b2:ee,MF0CA2
RX_CCS_E2_20260121,323935,ADV,-35,e0:5a:1b:15:b2:ee,MF0CA3
RX_CCS_E2_20260121,324045,ADV,-35,e0:5a:1b:15:b2:ee,MF0CA5
RX_CCS_E2_20260121,324259,ADV,-35,e0:5a:1b:15:b2:ee,MF0CA7
RX_CCS_E2_20260121,324464,ADV,-35,e0:5a:1b:15:b2:ee,MF0CA9
RX_CCS_E2_20260121,324568,ADV,-35,e0:5a:1b:15:b2:ee,MF0CAA
RX_CCS_E2_20260121,324666,ADV,-32,e0:5a:1b:15:b2:ee,MF0CAB
RX_CCS_E2_20260121,324785,ADV,-38,e0:5a:1b:15:b2:ee,MF0CAC
RX_CCS_E2_20260121,324875,ADV,-35,e0:5a:1b:15:b2:ee,MF0CAD
RX_CCS_E2_20260121,324982,ADV,-32,e0:5a:1b:15:b2:ee,MF0CAE
RX_CCS_E2_20260121,325080,ADV,-35,e0:5a:1b:15:b2:ee,MF0CAF
RX_CCS_E2_20260121,325184,ADV,-35,e0:5a:1b:15:b2:ee,MF0CB0
RX_CCS_E2_20260121,325286,ADV,-32,e0:5a:1b:15:b2:ee,MF0CB1
RX_CCS_E2_20260121,325398,ADV,-36,e0:5a:1b:15:b2:ee,MF0CB2
RX_CCS_E2_20260121,325499,ADV,-35,e0:5a:1b:15:b2:ee,MF0CB3
RX_CCS_E2_20260121,325600,ADV,-64,e0:5a:1b:15:b2:ee,MF0CB4
RX_CCS_E2_20260121,325711,ADV,-38,e0:5a:1b:15:b2:ee,MF0CB5
RX_CCS_E2_20260121,325916,ADV,-32,e0:5a:1b:15:b2:ee,MF0CB7
RX_CCS_E2_20260121,326028,ADV,-38,e0:5a:1b:15:b2:ee,MF0CB8
RX_CCS_E2_20260121,326137,ADV,-36,e0:5a:1b:15:b2:ee,MF0CB9
RX_CCS_E2_20260121,326246,ADV,-32,e0:5a:1b:15:b2:ee,MF0CBB
RX_CCS_E2_20260121,326344,ADV,-35,e0:5a:1b:15:b2:ee,MF0CBC
RX_CCS_E2_20260121,326860,ADV,-35,e0:5a:1b:15:b2:ee,MF0CC1
RX_CCS_E2_20260121,326959,ADV,-35,e0:5a:1b:15:b2:ee,MF0CC2
RX_CCS_E2_20260121,327059,ADV,-32,e0:5a:1b:15:b2:ee,MF0CC3
RX_CCS_E2_20260121,327168,ADV,-35,e0:5a:1b:15:b2:ee,MF0CC4
RX_CCS_E2_20260121,327276,ADV,-35,e0:5a:1b:15:b2:ee,MF0CC5
RX_CCS_E2_20260121,327379,ADV,-32,e0:5a:1b:15:b2:ee,MF0CC6
RX_CCS_E2_20260121,327485,ADV,-35,e0:5a:1b:15:b2:ee,MF0CC7
RX_CCS_E2_20260121,327591,ADV,-35,e0:5a:1b:15:b2:ee,MF0CC8
RX_CCS_E2_20260121,327707,ADV,-32,e0:5a:1b:15:b2:ee,MF0CC9
RX_CCS_E2_20260121,327796,ADV,-38,e0:5a:1b:15:b2:ee,MF0CCA
RX_CCS_E2_20260121,327900,ADV,-35,e0:5a:1b:15:b2:ee,MF0CCB
RX_CCS_E2_20260121,328002,ADV,-32,e0:5a:1b:15:b2:ee,MF0CCC
RX_CCS_E2_20260121,328112,ADV,-35,e0:5a:1b:15:b2:ee,MF0CCD
RX_CCS_E2_20260121,328223,ADV,-35,e0:5a:1b:15:b2:ee,MF0CCE
RX_CCS_E2_20260121,328330,ADV,-32,e0:5a:1b:15:b2:ee,MF0CCF
RX_CCS_E2_20260121,328442,ADV,-35,e0:5a:1b:15:b2:ee,MF0CD0
RX_CCS_E2_20260121,328530,ADV,-35,e0:5a:1b:15:b2:ee,MF0CD1
RX_CCS_E2_20260121,328622,ADV,-32,e0:5a:1b:15:b2:ee,MF0CD2
RX_CCS_E2_20260121,328735,ADV,-35,e0:5a:1b:15:b2:ee,MF0CD3
RX_CCS_E2_20260121,328839,ADV,-35,e0:5a:1b:15:b2:ee,MF0CD5
RX_CCS_E2_20260121,328942,ADV,-32,e0:5a:1b:15:b2:ee,MF0CD6
RX_CCS_E2_20260121,329166,ADV,-32,e0:5a:1b:15:b2:ee,MF0CD8
RX_CCS_E2_20260121,329278,ADV,-35,e0:5a:1b:15:b2:ee,MF0CD9
RX_CCS_E2_20260121,329373,ADV,-35,e0:5a:1b:15:b2:ee,MF0CDA
RX_CCS_E2_20260121,329476,ADV,-32,e0:5a:1b:15:b2:ee,MF0CDB
RX_CCS_E2_20260121,329581,ADV,-35,e0:5a:1b:15:b2:ee,MF0CDC
RX_CCS_E2_20260121,329689,ADV,-35,e0:5a:1b:15:b2:ee,MF0CDD
RX_CCS_E2_20260121,329786,ADV,-32,e0:5a:1b:15:b2:ee,MF0CDE
RX_CCS_E2_20260121,329894,ADV,-35,e0:5a:1b:15:b2:ee,MF0CDF
RX_CCS_E2_20260121,329999,ADV,-35,e0:5a:1b:15:b2:ee,MF0CE0
RX_CCS_E2_20260121,330100,ADV,-32,e0:5a:1b:15:b2:ee,MF0CE1
RX_CCS_E2_20260121,330323,ADV,-35,e0:5a:1b:15:b2:ee,MF0CE3
RX_CCS_E2_20260121,330424,ADV,-32,e0:5a:1b:15:b2:ee,MF0CE4
RX_CCS_E2_20260121,330529,ADV,-35,e0:5a:1b:15:b2:ee,MF0CE5
RX_CCS_E2_20260121,330638,ADV,-35,e0:5a:1b:15:b2:ee,MF0CE6
RX_CCS_E2_20260121,330744,ADV,-32,e0:5a:1b:15:b2:ee,MF0CE8
RX_CCS_E2_20260121,330847,ADV,-38,e0:5a:1b:15:b2:ee,MF0CE9
RX_CCS_E2_20260121,331077,ADV,-38,e0:5a:1b:15:b2:ee,MF0CEB
RX_CCS_E2_20260121,331173,ADV,-35,e0:5a:1b:15:b2:ee,MF0CEC
RX_CCS_E2_20260121,331272,ADV,-32,e0:5a:1b:15:b2:ee,MF0CED
RX_CCS_E2_20260121,331370,ADV,-35,e0:5a:1b:15:b2:ee,MF0CEE
RX_CCS_E2_20260121,331493,ADV,-35,e0:5a:1b:15:b2:ee,MF0CEF
RX_CCS_E2_20260121,331571,ADV,-32,e0:5a:1b:15:b2:ee,MF0CF0
RX_CCS_E2_20260121,331682,ADV,-38,e0:5a:1b:15:b2:ee,MF0CF1
RX_CCS_E2_20260121,331789,ADV,-35,e0:5a:1b:15:b2:ee,MF0CF2
RX_CCS_E2_20260121,331884,ADV,-32,e0:5a:1b:15:b2:ee,MF0CF3
RX_CCS_E2_20260121,331999,ADV,-35,e0:5a:1b:15:b2:ee,MF0CF4
RX_CCS_E2_20260121,332107,ADV,-35,e0:5a:1b:15:b2:ee,MF0CF5
RX_CCS_E2_20260121,332195,ADV,-32,e0:5a:1b:15:b2:ee,MF0CF6
RX_CCS_E2_20260121,332312,ADV,-35,e0:5a:1b:15:b2:ee,MF0CF7
RX_CCS_E2_20260121,332407,ADV,-35,e0:5a:1b:15:b2:ee,MF0CF8
RX_CCS_E2_20260121,332517,ADV,-32,e0:5a:1b:15:b2:ee,MF0CF9
RX_CCS_E2_20260121,332621,ADV,-35,e0:5a:1b:15:b2:ee,MF0CFA
RX_CCS_E2_20260121,332728,ADV,-35,e0:5a:1b:15:b2:ee,MF0CFB
RX_CCS_E2_20260121,332844,ADV,-32,e0:5a:1b:15:b2:ee,MF0CFC
RX_CCS_E2_20260121,333039,ADV,-35,e0:5a:1b:15:b2:ee,MF0CFF
RX_CCS_E2_20260121,333139,ADV,-32,e0:5a:1b:15:b2:ee,MF0D00
RX_CCS_E2_20260121,333247,ADV,-38,e0:5a:1b:15:b2:ee,MF0D01
RX_CCS_E2_20260121,333558,ADV,-35,e0:5a:1b:15:b2:ee,MF0D04
RX_CCS_E2_20260121,333672,ADV,-32,e0:5a:1b:15:b2:ee,MF0D05
RX_CCS_E2_20260121,333773,ADV,-35,e0:5a:1b:15:b2:ee,MF0D06
RX_CCS_E2_20260121,333882,ADV,-36,e0:5a:1b:15:b2:ee,MF0D07
RX_CCS_E2_20260121,333988,ADV,-32,e0:5a:1b:15:b2:ee,MF0D08
RX_CCS_E2_20260121,334092,ADV,-35,e0:5a:1b:15:b2:ee,MF0D09
RX_CCS_E2_20260121,334201,ADV,-35,e0:5a:1b:15:b2:ee,MF0D0A
RX_CCS_E2_20260121,334322,ADV,-32,e0:5a:1b:15:b2:ee,MF0D0B
RX_CCS_E2_20260121,334417,ADV,-35,e0:5a:1b:15:b2:ee,MF0D0C
RX_CCS_E2_20260121,334531,ADV,-35,e0:5a:1b:15:b2:ee,MF0D0D
RX_CCS_E2_20260121,334635,ADV,-31,e0:5a:1b:15:b2:ee,MF0D0E
RX_CCS_E2_20260121,334746,ADV,-35,e0:5a:1b:15:b2:ee,MF0D10
RX_CCS_E2_20260121,334847,ADV,-36,e0:5a:1b:15:b2:ee,MF0D11
RX_CCS_E2_20260121,334947,ADV,-32,e0:5a:1b:15:b2:ee,MF0D12
RX_CCS_E2_20260121,335047,ADV,-35,e0:5a:1b:15:b2:ee,MF0D13
RX_CCS_E2_20260121,335246,ADV,-32,e0:5a:1b:15:b2:ee,MF0D15
RX_CCS_E2_20260121,335358,ADV,-35,e0:5a:1b:15:b2:ee,MF0D16
RX_CCS_E2_20260121,335588,ADV,-35,e0:5a:1b:15:b2:ee,MF0D18
RX_CCS_E2_20260121,335700,ADV,-35,e0:5a:1b:15:b2:ee,MF0D19
RX_CCS_E2_20260121,335790,ADV,-32,e0:5a:1b:15:b2:ee,MF0D1A
RX_CCS_E2_20260121,335890,ADV,-38,e0:5a:1b:15:b2:ee,MF0D1B
RX_CCS_E2_20260121,335992,ADV,-35,e0:5a:1b:15:b2:ee,MF0D1C
RX_CCS_E2_20260121,336090,ADV,-32,e0:5a:1b:15:b2:ee,MF0D1D
RX_CCS_E2_20260121,336199,ADV,-35,e0:5a:1b:15:b2:ee,MF0D1E
RX_CCS_E2_20260121,336302,ADV,-35,e0:5a:1b:15:b2:ee,MF0D1F
RX_CCS_E2_20260121,336400,ADV,-32,e0:5a:1b:15:b2:ee,MF0D20
RX_CCS_E2_20260121,336510,ADV,-35,e0:5a:1b:15:b2:ee,MF0D21
RX_CCS_E2_20260121,336620,ADV,-36,e0:5a:1b:15:b2:ee,MF0D22
RX_CCS_E2_20260121,336721,ADV,-32,e0:5a:1b:15:b2:ee,MF0D23
RX_CCS_E2_20260121,336831,ADV,-35,e0:5a:1b:15:b2:ee,MF0D24
RX_CCS_E2_20260121,336934,ADV,-35,e0:5a:1b:15:b2:ee,MF0D25
RX_CCS_E2_20260121,337040,ADV,-32,e0:5a:1b:15:b2:ee,MF0D27
RX_CCS_E2_20260121,337468,ADV,-35,e0:5a:1b:15:b2:ee,MF0D2B
RX_CCS_E2_20260121,337569,ADV,-32,e0:5a:1b:15:b2:ee,MF0D2C
RX_CCS_E2_20260121,337680,ADV,-39,e0:5a:1b:15:b2:ee,MF0D2D
RX_CCS_E2_20260121,337787,ADV,-36,e0:5a:1b:15:b2:ee,MF0D2E
RX_CCS_E2_20260121,337883,ADV,-32,e0:5a:1b:15:b2:ee,MF0D2F
RX_CCS_E2_20260121,338001,ADV,-38,e0:5a:1b:15:b2:ee,MF0D30
RX_CCS_E2_20260121,338097,ADV,-36,e0:5a:1b:15:b2:ee,MF0D31
RX_CCS_E2_20260121,338199,ADV,-32,e0:5a:1b:15:b2:ee,MF0D32
RX_CCS_E2_20260121,338302,ADV,-38,e0:5a:1b:15:b2:ee,MF0D33
RX_CCS_E2_20260121,338404,ADV,-35,e0:5a:1b:15:b2:ee,MF0D34
RX_CCS_E2_20260121,338515,ADV,-32,e0:5a:1b:15:b2:ee,MF0D35
RX_CCS_E2_20260121,338711,ADV,-35,e0:5a:1b:15:b2:ee,MF0D37
RX_CCS_E2_20260121,338818,ADV,-32,e0:5a:1b:15:b2:ee,MF0D38
RX_CCS_E2_20260121,338925,ADV,-35,e0:5a:1b:15:b2:ee,MF0D39
RX_CCS_E2_20260121,339033,ADV,-35,e0:5a:1b:15:b2:ee,MF0D3A
RX_CCS_E2_20260121,339136,ADV,-32,e0:5a:1b:15:b2:ee,MF0D3B
RX_CCS_E2_20260121,339245,ADV,-35,e0:5a:1b:15:b2:ee,MF0D3D
RX_CCS_E2_20260121,339764,ADV,-35,e0:5a:1b:15:b2:ee,MF0D42
RX_CCS_E2_20260121,339964,ADV,-32,e0:5a:1b:15:b2:ee,MF0D44
RX_CCS_E2_20260121,340073,ADV,-35,e0:5a:1b:15:b2:ee,MF0D45
RX_CCS_E2_20260121,340199,ADV,-35,e0:5a:1b:15:b2:ee,MF0D46
RX_CCS_E2_20260121,340286,ADV,-32,e0:5a:1b:15:b2:ee,MF0D47
RX_CCS_E2_20260121,340387,ADV,-38,e0:5a:1b:15:b2:ee,MF0D48
RX_CCS_E2_20260121,340507,ADV,-35,e0:5a:1b:15:b2:ee,MF0D49
RX_CCS_E2_20260121,340599,ADV,-32,e0:5a:1b:15:b2:ee,MF0D4A
RX_CCS_E2_20260121,340714,ADV,-35,e0:5a:1b:15:b2:ee,MF0D4B
RX_CCS_E2_20260121,340811,ADV,-35,e0:5a:1b:15:b2:ee,MF0D4C
RX_CCS_E2_20260121,340908,ADV,-32,e0:5a:1b:15:b2:ee,MF0D4D
RX_CCS_E2_20260121,341022,ADV,-38,e0:5a:1b:15:b2:ee,MF0D4E
RX_CCS_E2_20260121,341124,ADV,-35,e0:5a:1b:15:b2:ee,MF0D4F
RX_CCS_E2_20260121,341247,ADV,-32,e0:5a:1b:15:b2:ee,MF0D50
RX_CCS_E2_20260121,341334,ADV,-35,e0:5a:1b:15:b2:ee,MF0D51
RX_CCS_E2_20260121,341436,ADV,-35,e0:5a:1b:15:b2:ee,MF0D52
RX_CCS_E2_20260121,341644,ADV,-35,e0:5a:1b:15:b2:ee,MF0D54
RX_CCS_E2_20260121,342078,ADV,-32,e0:5a:1b:15:b2:ee,MF0D59
RX_CCS_E2_20260121,342165,ADV,-38,e0:5a:1b:15:b2:ee,MF0D5A
RX_CCS_E2_20260121,342282,ADV,-35,e0:5a:1b:15:b2:ee,MF0D5B
RX_CCS_E2_20260121,342375,ADV,-32,e0:5a:1b:15:b2:ee,MF0D5C
RX_CCS_E2_20260121,342476,ADV,-35,e0:5a:1b:15:b2:ee,MF0D5D
RX_CCS_E2_20260121,342580,ADV,-35,e0:5a:1b:15:b2:ee,MF0D5E
RX_CCS_E2_20260121,342683,ADV,-32,e0:5a:1b:15:b2:ee,MF0D5F
RX_CCS_E2_20260121,342789,ADV,-38,e0:5a:1b:15:b2:ee,MF0D60
RX_CCS_E2_20260121,342894,ADV,-35,e0:5a:1b:15:b2:ee,MF0D61
RX_CCS_E2_20260121,342990,ADV,-32,e0:5a:1b:15:b2:ee,MF0D62
RX_CCS_E2_20260121,343099,ADV,-35,e0:5a:1b:15:b2:ee,MF0D63
RX_CCS_E2_20260121,343205,ADV,-35,e0:5a:1b:15:b2:ee,MF0D64
RX_CCS_E2_20260121,343320,ADV,-32,e0:5a:1b:15:b2:ee,MF0D65
RX_CCS_E2_20260121,343410,ADV,-35,e0:5a:1b:15:b2:ee,MF0D66
RX_CCS_E2_20260121,343521,ADV,-35,e0:5a:1b:15:b2:ee,MF0D67
RX_CCS_E2_20260121,343623,ADV,-32,e0:5a:1b:15:b2:ee,MF0D68
RX_CCS_E2_20260121,343729,ADV,-35,e0:5a:1b:15:b2:ee,MF0D69
RX_CCS_E2_20260121,343835,ADV,-35,e0:5a:1b:15:b2:ee,MF0D6A
RX_CCS_E2_20260121,343934,ADV,-32,e0:5a:1b:15:b2:ee,MF0D6B
RX_CCS_E2_20260121,344047,ADV,-35,e0:5a:1b:15:b2:ee,MF0D6C
RX_CCS_E2_20260121,344147,ADV,-35,e0:5a:1b:15:b2:ee,MF0D6E
RX_CCS_E2_20260121,344360,ADV,-35,e0:5a:1b:15:b2:ee,MF0D70
RX_CCS_E2_20260121,344668,ADV,-36,e0:5a:1b:15:b2:ee,MF0D73
RX_CCS_E2_20260121,344776,ADV,-32,e0:5a:1b:15:b2:ee,MF0D74
RX_CCS_E2_20260121,344876,ADV,-38,e0:5a:1b:15:b2:ee,MF0D75
RX_CCS_E2_20260121,344985,ADV,-36,e0:5a:1b:15:b2:ee,MF0D76
RX_CCS_E2_20260121,345086,ADV,-32,e0:5a:1b:15:b2:ee,MF0D77
RX_CCS_E2_20260121,345187,ADV,-38,e0:5a:1b:15:b2:ee,MF0D78
RX_CCS_E2_20260121,345297,ADV,-35,e0:5a:1b:15:b2:ee,MF0D79
RX_CCS_E2_20260121,345399,ADV,-32,e0:5a:1b:15:b2:ee,MF0D7A
RX_CCS_E2_20260121,345503,ADV,-35,e0:5a:1b:15:b2:ee,MF0D7B
RX_CCS_E2_20260121,345606,ADV,-35,e0:5a:1b:15:b2:ee,MF0D7C
RX_CCS_E2_20260121,345718,ADV,-32,e0:5a:1b:15:b2:ee,MF0D7D
RX_CCS_E2_20260121,345809,ADV,-35,e0:5a:1b:15:b2:ee,MF0D7E
RX_CCS_E2_20260121,345918,ADV,-35,e0:5a:1b:15:b2:ee,MF0D7F
RX_CCS_E2_20260121,346025,ADV,-32,e0:5a:1b:15:b2:ee,MF0D80
RX_CCS_E2_20260121,346136,ADV,-35,e0:5a:1b:15:b2:ee,MF0D81
RX_CCS_E2_20260121,346493,ADV,-35,e0:5a:1b:15:b2:ee,MF0D85
RX_CCS_E2_20260121,346679,ADV,-35,e0:5a:1b:15:b2:ee,MF0D87
RX_CCS_E2_20260121,346789,ADV,-35,e0:5a:1b:15:b2:ee,MF0D88
RX_CCS_E2_20260121,346887,ADV,-32,e0:5a:1b:15:b2:ee,MF0D89
RX_CCS_E2_20260121,346993,ADV,-35,e0:5a:1b:15:b2:ee,MF0D8A
RX_CCS_E2_20260121,347114,ADV,-35,e0:5a:1b:15:b2:ee,MF0D8B
RX_CCS_E2_20260121,347200,ADV,-32,e0:5a:1b:15:b2:ee,MF0D8C
RX_CCS_E2_20260121,347302,ADV,-38,e0:5a:1b:15:b2:ee,MF0D8D
RX_CCS_E2_20260121,347410,ADV,-36,e0:5a:1b:15:b2:ee,MF0D8E
RX_CCS_E2_20260121,347512,ADV,-32,e0:5a:1b:15:b2:ee,MF0D8F
RX_CCS_E2_20260121,347619,ADV,-35,e0:5a:1b:15:b2:ee,MF0D90
RX_CCS_E2_20260121,347725,ADV,-35,e0:5a:1b:15:b2:ee,MF0D91
RX_CCS_E2_20260121,347847,ADV,-32,e0:5a:1b:15:b2:ee,MF0D92
RX_CCS_E2_20260121,347933,ADV,-35,e0:5a:1b:15:b2:ee,MF0D93
RX_CCS_E2_20260121,348043,ADV,-36,e0:5a:1b:15:b2:ee,MF0D95
RX_CCS_E2_20260121,348140,ADV,-32,e0:5a:1b:15:b2:ee,MF0D96
RX_CCS_E2_20260121,348561,ADV,-35,e0:5a:1b:15:b2:ee,MF0D9A
RX_CCS_E2_20260121,348669,ADV,-32,e0:5a:1b:15:b2:ee,MF0D9B
RX_CCS_E2_20260121,348772,ADV,-38,e0:5a:1b:15:b2:ee,MF0D9C
RX_CCS_E2_20260121,348882,ADV,-35,e0:5a:1b:15:b2:ee,MF0D9D
RX_CCS_E2_20260121,348983,ADV,-33,e0:5a:1b:15:b2:ee,MF0D9E
RX_CCS_E2_20260121,349093,ADV,-35,e0:5a:1b:15:b2:ee,MF0D9F
RX_CCS_E2_20260121,349197,ADV,-35,e0:5a:1b:15:b2:ee,MF0DA0
RX_CCS_E2_20260121,349300,ADV,-32,e0:5a:1b:15:b2:ee,MF0DA1
RX_CCS_E2_20260121,349397,ADV,-38,e0:5a:1b:15:b2:ee,MF0DA2
RX_CCS_E2_20260121,349498,ADV,-35,e0:5a:1b:15:b2:ee,MF0DA3
RX_CCS_E2_20260121,349597,ADV,-33,e0:5a:1b:15:b2:ee,MF0DA4
RX_CCS_E2_20260121,349719,ADV,-39,e0:5a:1b:15:b2:ee,MF0DA5
RX_CCS_E2_20260121,349812,ADV,-35,e0:5a:1b:15:b2:ee,MF0DA6
RX_CCS_E2_20260121,349910,ADV,-32,e0:5a:1b:15:b2:ee,MF0DA7
RX_CCS_E2_20260121,350014,ADV,-38,e0:5a:1b:15:b2:ee,MF0DA8
RX_CCS_E2_20260121,350143,ADV,-36,e0:5a:1b:15:b2:ee,MF0DA9
RX_CCS_E2_20260121,350225,ADV,-32,e0:5a:1b:15:b2:ee,MF0DAA
RX_CCS_E2_20260121,350337,ADV,-38,e0:5a:1b:15:b2:ee,MF0DAB
RX_CCS_E2_20260121,350440,ADV,-35,e0:5a:1b:15:b2:ee,MF0DAD
RX_CCS_E2_20260121,350544,ADV,-32,e0:5a:1b:15:b2:ee,MF0DAE
RX_CCS_E2_20260121,351064,ADV,-32,e0:5a:1b:15:b2:ee,MF0DB3
RX_CCS_E2_20260121,351165,ADV,-34,e0:5a:1b:15:b2:ee,MF0DB4
RX_CCS_E2_20260121,351271,ADV,-35,e0:5a:1b:15:b2:ee,MF0DB5
RX_CCS_E2_20260121,351382,ADV,-32,e0:5a:1b:15:b2:ee,MF0DB6
RX_CCS_E2_20260121,351491,ADV,-38,e0:5a:1b:15:b2:ee,MF0DB7
RX_CCS_E2_20260121,351592,ADV,-35,e0:5a:1b:15:b2:ee,MF0DB8
RX_CCS_E2_20260121,351695,ADV,-32,e0:5a:1b:15:b2:ee,MF0DB9
RX_CCS_E2_20260121,351806,ADV,-38,e0:5a:1b:15:b2:ee,MF0DBA
RX_CCS_E2_20260121,351918,ADV,-35,e0:5a:1b:15:b2:ee,MF0DBB
RX_CCS_E2_20260121,352013,ADV,-32,e0:5a:1b:15:b2:ee,MF0DBC
RX_CCS_E2_20260121,352123,ADV,-35,e0:5a:1b:15:b2:ee,MF0DBD
RX_CCS_E2_20260121,352226,ADV,-35,e0:5a:1b:15:b2:ee,MF0DBE
RX_CCS_E2_20260121,352432,ADV,-35,e0:5a:1b:15:b2:ee,MF0DC0
RX_CCS_E2_20260121,352537,ADV,-35,e0:5a:1b:15:b2:ee,MF0DC1
RX_CCS_E2_20260121,352643,ADV,-32,e0:5a:1b:15:b2:ee,MF0DC3
RX_CCS_E2_20260121,353168,ADV,-32,e0:5a:1b:15:b2:ee,MF0DC8
RX_CCS_E2_20260121,353267,ADV,-35,e0:5a:1b:15:b2:ee,MF0DC9
RX_CCS_E2_20260121,353374,ADV,-35,e0:5a:1b:15:b2:ee,MF0DCA
RX_CCS_E2_20260121,353479,ADV,-32,e0:5a:1b:15:b2:ee,MF0DCB
RX_CCS_E2_20260121,353590,ADV,-35,e0:5a:1b:15:b2:ee,MF0DCC
RX_CCS_E2_20260121,353702,ADV,-35,e0:5a:1b:15:b2:ee,MF0DCD
RX_CCS_E2_20260121,353805,ADV,-32,e0:5a:1b:15:b2:ee,MF0DCE
RX_CCS_E2_20260121,353907,ADV,-36,e0:5a:1b:15:b2:ee,MF0DCF
RX_CCS_E2_20260121,354024,ADV,-35,e0:5a:1b:15:b2:ee,MF0DD0
RX_CCS_E2_20260121,354128,ADV,-33,e0:5a:1b:15:b2:ee,MF0DD1
RX_CCS_E2_20260121,354234,ADV,-38,e0:5a:1b:15:b2:ee,MF0DD2
RX_CCS_E2_20260121,354343,ADV,-35,e0:5a:1b:15:b2:ee,MF0DD3
RX_CCS_E2_20260121,354436,ADV,-32,e0:5a:1b:15:b2:ee,MF0DD5
RX_CCS_E2_20260121,354541,ADV,-38,e0:5a:1b:15:b2:ee,MF0DD6
RX_CCS_E2_20260121,354747,ADV,-33,e0:5a:1b:15:b2:ee,MF0DD8
RX_CCS_E2_20260121,355060,ADV,-35,e0:5a:1b:15:b2:ee,MF0DDB
RX_CCS_E2_20260121,355180,ADV,-35,e0:5a:1b:15:b2:ee,MF0DDC
RX_CCS_E2_20260121,355282,ADV,-31,e0:5a:1b:15:b2:ee,MF0DDD
RX_CCS_E2_20260121,355378,ADV,-35,e0:5a:1b:15:b2:ee,MF0DDE
RX_CCS_E2_20260121,355496,ADV,-35,e0:5a:1b:15:b2:ee,MF0DDF
RX_CCS_E2_20260121,355589,ADV,-33,e0:5a:1b:15:b2:ee,MF0DE0
RX_CCS_E2_20260121,355690,ADV,-38,e0:5a:1b:15:b2:ee,MF0DE1
RX_CCS_E2_20260121,355796,ADV,-35,e0:5a:1b:15:b2:ee,MF0DE2
RX_CCS_E2_20260121,355894,ADV,-32,e0:5a:1b:15:b2:ee,MF0DE3
RX_CCS_E2_20260121,356001,ADV,-35,e0:5a:1b:15:b2:ee,MF0DE4
RX_CCS_E2_20260121,356105,ADV,-35,e0:5a:1b:15:b2:ee,MF0DE5
RX_CCS_E2_20260121,356204,ADV,-32,e0:5a:1b:15:b2:ee,MF0DE6
RX_CCS_E2_20260121,356315,ADV,-35,e0:5a:1b:15:b2:ee,MF0DE7
RX_CCS_E2_20260121,356526,ADV,-32,e0:5a:1b:15:b2:ee,MF0DE9
RX_CCS_E2_20260121,356630,ADV,-36,e0:5a:1b:15:b2:ee,MF0DEA
RX_CCS_E2_20260121,356737,ADV,-35,e0:5a:1b:15:b2:ee,MF0DEB
RX_CCS_E2_20260121,356847,ADV,-32,e0:5a:1b:15:b2:ee,MF0DED
RX_CCS_E2_20260121,357159,ADV,-35,e0:5a:1b:15:b2:ee,MF0DF0
RX_CCS_E2_20260121,357261,ADV,-35,e0:5a:1b:15:b2:ee,MF0DF1
RX_CCS_E2_20260121,357359,ADV,-32,e0:5a:1b:15:b2:ee,MF0DF2
RX_CCS_E2_20260121,357465,ADV,-35,e0:5a:1b:15:b2:ee,MF0DF3
RX_CCS_E2_20260121,357566,ADV,-35,e0:5a:1b:15:b2:ee,MF0DF4
RX_CCS_E2_20260121,357669,ADV,-33,e0:5a:1b:15:b2:ee,MF0DF5
RX_CCS_E2_20260121,357772,ADV,-35,e0:5a:1b:15:b2:ee,MF0DF6
RX_CCS_E2_20260121,357890,ADV,-35,e0:5a:1b:15:b2:ee,MF0DF7
RX_CCS_E2_20260121,357976,ADV,-32,e0:5a:1b:15:b2:ee,MF0DF8
RX_CCS_E2_20260121,358095,ADV,-35,e0:5a:1b:15:b2:ee,MF0DF9
RX_CCS_E2_20260121,358190,ADV,-36,e0:5a:1b:15:b2:ee,MF0DFA
RX_CCS_E2_20260121,358292,ADV,-32,e0:5a:1b:15:b2:ee,MF0DFB
RX_CCS_E2_20260121,358403,ADV,-35,e0:5a:1b:15:b2:ee,MF0DFC
RX_CCS_E2_20260121,358513,ADV,-35,e0:5a:1b:15:b2:ee,MF0DFD
RX_CCS_E2_20260121,358620,ADV,-32,e0:5a:1b:15:b2:ee,MF0DFE
RX_CCS_E2_20260121,358721,ADV,-38,e0:5a:1b:15:b2:ee,MF0DFF
RX_CCS_E2_20260121,358843,ADV,-35,e0:5a:1b:15:b2:ee,MF0E00
RX_CCS_E2_20260121,359030,ADV,-35,e0:5a:1b:15:b2:ee,MF0E02
RX_CCS_E2_20260121,359147,ADV,-35,e0:5a:1b:15:b2:ee,MF0E03
RX_CCS_E2_20260121,359243,ADV,-32,e0:5a:1b:15:b2:ee,MF0E05
RX_CCS_E2_20260121,359342,ADV,-38,e0:5a:1b:15:b2:ee,MF0E06
RX_CCS_E2_20260121,359447,ADV,-36,e0:5a:1b:15:b2:ee,MF0E07
RX_CCS_E2_20260121,359863,ADV,-35,e0:5a:1b:15:b2:ee,MF0E0B
RX_CCS_E2_20260121,359970,ADV,-35,e0:5a:1b:15:b2:ee,MF0E0C
RX_CCS_E2_20260121,360071,ADV,-32,e0:5a:1b:15:b2:ee,MF0E0D
RX_CCS_E2_20260121,360180,ADV,-38,e0:5a:1b:15:b2:ee,MF0E0E
RX_CCS_E2_20260121,360281,ADV,-35,e0:5a:1b:15:b2:ee,MF0E0F
RX_CCS_E2_20260121,360386,ADV,-32,e0:5a:1b:15:b2:ee,MF0E10
RX_CCS_E2_20260121,360491,ADV,-35,e0:5a:1b:15:b2:ee,MF0E11
RX_CCS_E2_20260121,360621,ADV,-35,e0:5a:1b:15:b2:ee,MF0E12
RX_CCS_E2_20260121,360697,ADV,-32,e0:5a:1b:15:b2:ee,MF0E13
RX_CCS_E2_20260121,360803,ADV,-35,e0:5a:1b:15:b2:ee,MF0E14
RX_CCS_E2_20260121,360912,ADV,-35,e0:5a:1b:15:b2:ee,MF0E15
RX_CCS_E2_20260121,361018,ADV,-32,e0:5a:1b:15:b2:ee,MF0E16
RX_CCS_E2_20260121,361120,ADV,-39,e0:5a:1b:15:b2:ee,MF0E17
RX_CCS_E2_20260121,361247,ADV,-35,e0:5a:1b:15:b2:ee,MF0E18
RX_CCS_E2_20260121,361329,ADV,-32,e0:5a:1b:15:b2:ee,MF0E19
RX_CCS_E2_20260121,361432,ADV,-35,e0:5a:1b:15:b2:ee,MF0E1A
RX_CCS_E2_20260121,361544,ADV,-36,e0:5a:1b:15:b2:ee,MF0E1B
RX_CCS_E2_20260121,361643,ADV,-33,e0:5a:1b:15:b2:ee,MF0E1D
RX_CCS_E2_20260121,361862,ADV,-32,e0:5a:1b:15:b2:ee,MF0E1F
RX_CCS_E2_20260121,361970,ADV,-35,e0:5a:1b:15:b2:ee,MF0E20
RX_CCS_E2_20260121,362074,ADV,-35,e0:5a:1b:15:b2:ee,MF0E21
RX_CCS_E2_20260121,362178,ADV,-32,e0:5a:1b:15:b2:ee,MF0E22
RX_CCS_E2_20260121,362282,ADV,-35,e0:5a:1b:15:b2:ee,MF0E23
RX_CCS_E2_20260121,362389,ADV,-35,e0:5a:1b:15:b2:ee,MF0E24
RX_CCS_E2_20260121,362491,ADV,-32,e0:5a:1b:15:b2:ee,MF0E25
RX_CCS_E2_20260121,362606,ADV,-38,e0:5a:1b:15:b2:ee,MF0E26
RX_CCS_E2_20260121,362727,ADV,-35,e0:5a:1b:15:b2:ee,MF0E27
RX_CCS_E2_20260121,362812,ADV,-32,e0:5a:1b:15:b2:ee,MF0E28
RX_CCS_E2_20260121,362918,ADV,-35,e0:5a:1b:15:b2:ee,MF0E29
RX_CCS_E2_20260121,363037,ADV,-35,e0:5a:1b:15:b2:ee,MF0E2A
RX_CCS_E2_20260121,363137,ADV,-32,e0:5a:1b:15:b2:ee,MF0E2B
RX_CCS_E2_20260121,363238,ADV,-38,e0:5a:1b:15:b2:ee,MF0E2D
RX_CCS_E2_20260121,363345,ADV,-35,e0:5a:1b:15:b2:ee,MF0E2E
RX_CCS_E2_20260121,363766,ADV,-38,e0:5a:1b:15:b2:ee,MF0E32
RX_CCS_E2_20260121,363870,ADV,-35,e0:5a:1b:15:b2:ee,MF0E33
RX_CCS_E2_20260121,363977,ADV,-32,e0:5a:1b:15:b2:ee,MF0E34
RX_CCS_E2_20260121,364080,ADV,-38,e0:5a:1b:15:b2:ee,MF0E35
RX_CCS_E2_20260121,364190,ADV,-35,e0:5a:1b:15:b2:ee,MF0E36
RX_CCS_E2_20260121,364292,ADV,-32,e0:5a:1b:15:b2:ee,MF0E37
RX_CCS_E2_20260121,364401,ADV,-38,e0:5a:1b:15:b2:ee,MF0E38
RX_CCS_E2_20260121,364517,ADV,-35,e0:5a:1b:15:b2:ee,MF0E39
RX_CCS_E2_20260121,364607,ADV,-32,e0:5a:1b:15:b2:ee,MF0E3A
RX_CCS_E2_20260121,364713,ADV,-35,e0:5a:1b:15:b2:ee,MF0E3B
RX_CCS_E2_20260121,364825,ADV,-35,e0:5a:1b:15:b2:ee,MF0E3C
RX_CCS_E2_20260121,364945,ADV,-32,e0:5a:1b:15:b2:ee,MF0E3D
RX_CCS_E2_20260121,365037,ADV,-38,e0:5a:1b:15:b2:ee,MF0E3F
RX_CCS_E2_20260121,365145,ADV,-35,e0:5a:1b:15:b2:ee,MF0E40
RX_CCS_E2_20260121,365464,ADV,-32,e0:5a:1b:15:b2:ee,MF0E43
RX_CCS_E2_20260121,365573,ADV,-35,e0:5a:1b:15:b2:ee,MF0E44
RX_CCS_E2_20260121,365677,ADV,-35,e0:5a:1b:15:b2:ee,MF0E45
RX_CCS_E2_20260121,365775,ADV,-33,e0:5a:1b:15:b2:ee,MF0E46
RX_CCS_E2_20260121,365888,ADV,-35,e0:5a:1b:15:b2:ee,MF0E47
RX_CCS_E2_20260121,365994,ADV,-35,e0:5a:1b:15:b2:ee,MF0E48
RX_CCS_E2_20260121,366110,ADV,-32,e0:5a:1b:15:b2:ee,MF0E49
RX_CCS_E2_20260121,366202,ADV,-35,e0:5a:1b:15:b2:ee,MF0E4A
RX_CCS_E2_20260121,366308,ADV,-35,e0:5a:1b:15:b2:ee,MF0E4B
RX_CCS_E2_20260121,366406,ADV,-32,e0:5a:1b:15:b2:ee,MF0E4C
RX_CCS_E2_20260121,366517,ADV,-35,e0:5a:1b:15:b2:ee,MF0E4D
RX_CCS_E2_20260121,366628,ADV,-35,e0:5a:1b:15:b2:ee,MF0E4E
RX_CCS_E2_20260121,366726,ADV,-32,e0:5a:1b:15:b2:ee,MF0E4F
RX_CCS_E2_20260121,366830,ADV,-35,e0:5a:1b:15:b2:ee,MF0E50
RX_CCS_E2_20260121,366936,ADV,-35,e0:5a:1b:15:b2:ee,MF0E51
RX_CCS_E2_20260121,367047,ADV,-32,e0:5a:1b:15:b2:ee,MF0E53
RX_CCS_E2_20260121,367147,ADV,-35,e0:5a:1b:15:b2:ee,MF0E54
RX_CCS_E2_20260121,367362,ADV,-35,e0:5a:1b:15:b2:ee,MF0E56
RX_CCS_E2_20260121,367470,ADV,-35,e0:5a:1b:15:b2:ee,MF0E57
RX_CCS_E2_20260121,367572,ADV,-32,e0:5a:1b:15:b2:ee,MF0E58
RX_CCS_E2_20260121,367677,ADV,-38,e0:5a:1b:15:b2:ee,MF0E59
RX_CCS_E2_20260121,367780,ADV,-35,e0:5a:1b:15:b2:ee,MF0E5A
RX_CCS_E2_20260121,367877,ADV,-32,e0:5a:1b:15:b2:ee,MF0E5B
RX_CCS_E2_20260121,367982,ADV,-35,e0:5a:1b:15:b2:ee,MF0E5C
RX_CCS_E2_20260121,368089,ADV,-36,e0:5a:1b:15:b2:ee,MF0E5D
RX_CCS_E2_20260121,368187,ADV,-32,e0:5a:1b:15:b2:ee,MF0E5E
RX_CCS_E2_20260121,368298,ADV,-38,e0:5a:1b:15:b2:ee,MF0E5F
RX_CCS_E2_20260121,368408,ADV,-36,e0:5a:1b:15:b2:ee,MF0E60
RX_CCS_E2_20260121,368509,ADV,-32,e0:5a:1b:15:b2:ee,MF0E61
RX_CCS_E2_20260121,368609,ADV,-35,e0:5a:1b:15:b2:ee,MF0E62
RX_CCS_E2_20260121,368719,ADV,-35,e0:5a:1b:15:b2:ee,MF0E63
RX_CCS_E2_20260121,368827,ADV,-32,e0:5a:1b:15:b2:ee,MF0E64
RX_CCS_E2_20260121,368931,ADV,-35,e0:5a:1b:15:b2:ee,MF0E65
RX_CCS_E2_20260121,369043,ADV,-35,e0:5a:1b:15:b2:ee,MF0E67
RX_CCS_E2_20260121,369260,ADV,-35,e0:5a:1b:15:b2:ee,MF0E69
RX_CCS_E2_20260121,369365,ADV,-32,e0:5a:1b:15:b2:ee,MF0E6A
RX_CCS_E2_20260121,369483,ADV,-35,e0:5a:1b:15:b2:ee,MF0E6B
RX_CCS_E2_20260121,369584,ADV,-35,e0:5a:1b:15:b2:ee,MF0E6C
RX_CCS_E2_20260121,369693,ADV,-32,e0:5a:1b:15:b2:ee,MF0E6D
RX_CCS_E2_20260121,369788,ADV,-35,e0:5a:1b:15:b2:ee,MF0E6E
RX_CCS_E2_20260121,369907,ADV,-35,e0:5a:1b:15:b2:ee,MF0E6F
RX_CCS_E2_20260121,370000,ADV,-32,e0:5a:1b:15:b2:ee,MF0E70
RX_CCS_E2_20260121,370105,ADV,-35,e0:5a:1b:15:b2:ee,MF0E71
RX_CCS_E2_20260121,370208,ADV,-35,e0:5a:1b:15:b2:ee,MF0E72
RX_CCS_E2_20260121,370307,ADV,-32,e0:5a:1b:15:b2:ee,MF0E73
RX_CCS_E2_20260121,370425,ADV,-38,e0:5a:1b:15:b2:ee,MF0E74
RX_CCS_E2_20260121,370540,ADV,-35,e0:5a:1b:15:b2:ee,MF0E75
RX_CCS_E2_20260121,370619,ADV,-32,e0:5a:1b:15:b2:ee,MF0E76
RX_CCS_E2_20260121,370732,ADV,-38,e0:5a:1b:15:b2:ee,MF0E77
RX_CCS_E2_20260121,370826,ADV,-35,e0:5a:1b:15:b2:ee,MF0E78
RX_CCS_E2_20260121,370931,ADV,-32,e0:5a:1b:15:b2:ee,MF0E79
RX_CCS_E2_20260121,371041,ADV,-35,e0:5a:1b:15:b2:ee,MF0E7B
RX_CCS_E2_20260121,371462,ADV,-32,e0:5a:1b:15:b2:ee,MF0E7F
RX_CCS_E2_20260121,371566,ADV,-35,e0:5a:1b:15:b2:ee,MF0E80
RX_CCS_E2_20260121,371673,ADV,-35,e0:5a:1b:15:b2:ee,MF0E81
RX_CCS_E2_20260121,371767,ADV,-32,e0:5a:1b:15:b2:ee,MF0E82
RX_CCS_E2_20260121,371889,ADV,-35,e0:5a:1b:15:b2:ee,MF0E83
RX_CCS_E2_20260121,371981,ADV,-35,e0:5a:1b:15:b2:ee,MF0E84
RX_CCS_E2_20260121,372087,ADV,-32,e0:5a:1b:15:b2:ee,MF0E85
RX_CCS_E2_20260121,372199,ADV,-35,e0:5a:1b:15:b2:ee,MF0E86
RX_CCS_E2_20260121,372300,ADV,-35,e0:5a:1b:15:b2:ee,MF0E87
RX_CCS_E2_20260121,372400,ADV,-32,e0:5a:1b:15:b2:ee,MF0E88
RX_CCS_E2_20260121,372516,ADV,-35,e0:5a:1b:15:b2:ee,MF0E89
RX_CCS_E2_20260121,372609,ADV,-35,e0:5a:1b:15:b2:ee,MF0E8A
RX_CCS_E2_20260121,372712,ADV,-32,e0:5a:1b:15:b2:ee,MF0E8B
RX_CCS_E2_20260121,372825,ADV,-35,e0:5a:1b:15:b2:ee,MF0E8C
RX_CCS_E2_20260121,372925,ADV,-35,e0:5a:1b:15:b2:ee,MF0E8D
RX_CCS_E2_20260121,373040,ADV,-32,e0:5a:1b:15:b2:ee,MF0E8E
RX_CCS_E2_20260121,373147,ADV,-35,e0:5a:1b:15:b2:ee,MF0E90
RX_CCS_E2_20260121,373463,ADV,-35,e0:5a:1b:15:b2:ee,MF0E93
RX_CCS_E2_20260121,373568,ADV,-32,e0:5a:1b:15:b2:ee,MF0E94
RX_CCS_E2_20260121,373672,ADV,-35,e0:5a:1b:15:b2:ee,MF0E95
RX_CCS_E2_20260121,373795,ADV,-35,e0:5a:1b:15:b2:ee,MF0E96
RX_CCS_E2_20260121,373883,ADV,-32,e0:5a:1b:15:b2:ee,MF0E97
RX_CCS_E2_20260121,373990,ADV,-35,e0:5a:1b:15:b2:ee,MF0E98
RX_CCS_E2_20260121,374095,ADV,-35,e0:5a:1b:15:b2:ee,MF0E99
RX_CCS_E2_20260121,374202,ADV,-32,e0:5a:1b:15:b2:ee,MF0E9A
RX_CCS_E2_20260121,374324,ADV,-38,e0:5a:1b:15:b2:ee,MF0E9B
RX_CCS_E2_20260121,374418,ADV,-36,e0:5a:1b:15:b2:ee,MF0E9C
RX_CCS_E2_20260121,374526,ADV,-32,e0:5a:1b:15:b2:ee,MF0E9D
RX_CCS_E2_20260121,374632,ADV,-35,e0:5a:1b:15:b2:ee,MF0E9E
RX_CCS_E2_20260121,374747,ADV,-35,e0:5a:1b:15:b2:ee,MF0EA0
RX_CCS_E2_20260121,374959,ADV,-36,e0:5a:1b:15:b2:ee,MF0EA2
RX_CCS_E2_20260121,375161,ADV,-38,e0:5a:1b:15:b2:ee,MF0EA4
RX_CCS_E2_20260121,375300,ADV,-35,e0:5a:1b:15:b2:ee,MF0EA5
RX_CCS_E2_20260121,375378,ADV,-32,e0:5a:1b:15:b2:ee,MF0EA6
RX_CCS_E2_20260121,375482,ADV,-35,e0:5a:1b:15:b2:ee,MF0EA7
RX_CCS_E2_20260121,375593,ADV,-35,e0:5a:1b:15:b2:ee,MF0EA8
RX_CCS_E2_20260121,375695,ADV,-32,e0:5a:1b:15:b2:ee,MF0EA9
RX_CCS_E2_20260121,375801,ADV,-38,e0:5a:1b:15:b2:ee,MF0EAA
RX_CCS_E2_20260121,375909,ADV,-35,e0:5a:1b:15:b2:ee,MF0EAB
RX_CCS_E2_20260121,376034,ADV,-32,e0:5a:1b:15:b2:ee,MF0EAC
RX_CCS_E2_20260121,376112,ADV,-35,e0:5a:1b:15:b2:ee,MF0EAD
RX_CCS_E2_20260121,376214,ADV,-35,e0:5a:1b:15:b2:ee,MF0EAE
RX_CCS_E2_20260121,376313,ADV,-32,e0:5a:1b:15:b2:ee,MF0EAF
RX_CCS_E2_20260121,376419,ADV,-35,e0:5a:1b:15:b2:ee,MF0EB0
RX_CCS_E2_20260121,376520,ADV,-35,e0:5a:1b:15:b2:ee,MF0EB1
RX_CCS_E2_20260121,376623,ADV,-32,e0:5a:1b:15:b2:ee,MF0EB2
RX_CCS_E2_20260121,376739,ADV,-38,e0:5a:1b:15:b2:ee,MF0EB3
RX_CCS_E2_20260121,376838,ADV,-35,e0:5a:1b:15:b2:ee,MF0EB4
RX_CCS_E2_20260121,376946,ADV,-32,e0:5a:1b:15:b2:ee,MF0EB6
RX_CCS_E2_20260121,377378,ADV,-36,e0:5a:1b:15:b2:ee,MF0EBA
RX_CCS_E2_20260121,377571,ADV,-35,e0:5a:1b:15:b2:ee,MF0EBC
RX_CCS_E2_20260121,377675,ADV,-35,e0:5a:1b:15:b2:ee,MF0EBD
RX_CCS_E2_20260121,377780,ADV,-32,e0:5a:1b:15:b2:ee,MF0EBE
RX_CCS_E2_20260121,377899,ADV,-35,e0:5a:1b:15:b2:ee,MF0EBF
RX_CCS_E2_20260121,378014,ADV,-35,e0:5a:1b:15:b2:ee,MF0EC0
RX_CCS_E2_20260121,378097,ADV,-32,e0:5a:1b:15:b2:ee,MF0EC1
RX_CCS_E2_20260121,378205,ADV,-35,e0:5a:1b:15:b2:ee,MF0EC2
RX_CCS_E2_20260121,378321,ADV,-35,e0:5a:1b:15:b2:ee,MF0EC3
RX_CCS_E2_20260121,378422,ADV,-32,e0:5a:1b:15:b2:ee,MF0EC4
RX_CCS_E2_20260121,378523,ADV,-35,e0:5a:1b:15:b2:ee,MF0EC5
RX_CCS_E2_20260121,378619,ADV,-35,e0:5a:1b:15:b2:ee,MF0EC6
RX_CCS_E2_20260121,378725,ADV,-32,e0:5a:1b:15:b2:ee,MF0EC7
RX_CCS_E2_20260121,378837,ADV,-35,e0:5a:1b:15:b2:ee,MF0EC8
RX_CCS_E2_20260121,378938,ADV,-35,e0:5a:1b:15:b2:ee,MF0EC9
RX_CCS_E2_20260121,379047,ADV,-32,e0:5a:1b:15:b2:ee,MF0ECB
RX_CCS_E2_20260121,379462,ADV,-35,e0:5a:1b:15:b2:ee,MF0ECF
RX_CCS_E2_20260121,379580,ADV,-32,e0:5a:1b:15:b2:ee,MF0ED0
RX_CCS_E2_20260121,379665,ADV,-35,e0:5a:1b:15:b2:ee,MF0ED1
RX_CCS_E2_20260121,379775,ADV,-35,e0:5a:1b:15:b2:ee,MF0ED2
RX_CCS_E2_20260121,379873,ADV,-32,e0:5a:1b:15:b2:ee,MF0ED3
RX_CCS_E2_20260121,379983,ADV,-38,e0:5a:1b:15:b2:ee,MF0ED4
RX_CCS_E2_20260121,380111,ADV,-35,e0:5a:1b:15:b2:ee,MF0ED5
RX_CCS_E2_20260121,380202,ADV,-32,e0:5a:1b:15:b2:ee,MF0ED6
RX_CCS_E2_20260121,380299,ADV,-35,e0:5a:1b:15:b2:ee,MF0ED7
RX_CCS_E2_20260121,380398,ADV,-35,e0:5a:1b:15:b2:ee,MF0ED8
RX_CCS_E2_20260121,380507,ADV,-32,e0:5a:1b:15:b2:ee,MF0ED9
RX_CCS_E2_20260121,380605,ADV,-35,e0:5a:1b:15:b2:ee,MF0EDA
RX_CCS_E2_20260121,380708,ADV,-35,e0:5a:1b:15:b2:ee,MF0EDB
RX_CCS_E2_20260121,380827,ADV,-32,e0:5a:1b:15:b2:ee,MF0EDC
RX_CCS_E2_20260121,380928,ADV,-35,e0:5a:1b:15:b2:ee,MF0EDD
RX_CCS_E2_20260121,381026,ADV,-35,e0:5a:1b:15:b2:ee,MF0EDE
RX_CCS_E2_20260121,381147,ADV,-32,e0:5a:1b:15:b2:ee,MF0EDF
RX_CCS_E2_20260121,381239,ADV,-35,e0:5a:1b:15:b2:ee,MF0EE1
RX_CCS_E2_20260121,381343,ADV,-36,e0:5a:1b:15:b2:ee,MF0EE2
RX_CCS_E2_20260121,381768,ADV,-35,e0:5a:1b:15:b2:ee,MF0EE6
RX_CCS_E2_20260121,381877,ADV,-35,e0:5a:1b:15:b2:ee,MF0EE7
RX_CCS_E2_20260121,381974,ADV,-32,e0:5a:1b:15:b2:ee,MF0EE8
RX_CCS_E2_20260121,382070,ADV,-35,e0:5a:1b:15:b2:ee,MF0EE9
RX_CCS_E2_20260121,382181,ADV,-35,e0:5a:1b:15:b2:ee,MF0EEA
RX_CCS_E2_20260121,382287,ADV,-32,e0:5a:1b:15:b2:ee,MF0EEB
RX_CCS_E2_20260121,382392,ADV,-35,e0:5a:1b:15:b2:ee,MF0EEC
RX_CCS_E2_20260121,382498,ADV,-36,e0:5a:1b:15:b2:ee,MF0EED
RX_CCS_E2_20260121,382597,ADV,-33,e0:5a:1b:15:b2:ee,MF0EEE
RX_CCS_E2_20260121,382710,ADV,-38,e0:5a:1b:15:b2:ee,MF0EEF
RX_CCS_E2_20260121,382814,ADV,-35,e0:5a:1b:15:b2:ee,MF0EF0
RX_CCS_E2_20260121,382916,ADV,-32,e0:5a:1b:15:b2:ee,MF0EF1
RX_CCS_E2_20260121,383028,ADV,-35,e0:5a:1b:15:b2:ee,MF0EF2
RX_CCS_E2_20260121,383124,ADV,-35,e0:5a:1b:15:b2:ee,MF0EF3
RX_CCS_E2_20260121,383230,ADV,-32,e0:5a:1b:15:b2:ee,MF0EF4
RX_CCS_E2_20260121,383334,ADV,-38,e0:5a:1b:15:b2:ee,MF0EF5
RX_CCS_E2_20260121,383446,ADV,-36,e0:5a:1b:15:b2:ee,MF0EF7
RX_CCS_E2_20260121,383544,ADV,-32,e0:5a:1b:15:b2:ee,MF0EF8
RX_CCS_E2_20260121,383859,ADV,-35,e0:5a:1b:15:b2:ee,MF0EFB
RX_CCS_E2_20260121,383973,ADV,-35,e0:5a:1b:15:b2:ee,MF0EFC
RX_CCS_E2_20260121,384170,ADV,-35,e0:5a:1b:15:b2:ee,MF0EFE
RX_CCS_E2_20260121,384274,ADV,-35,e0:5a:1b:15:b2:ee,MF0EFF
RX_CCS_E2_20260121,384370,ADV,-31,e0:5a:1b:15:b2:ee,MF0F00
RX_CCS_E2_20260121,384491,ADV,-35,e0:5a:1b:15:b2:ee,MF0F01
RX_CCS_E2_20260121,384592,ADV,-35,e0:5a:1b:15:b2:ee,MF0F02
RX_CCS_E2_20260121,384685,ADV,-32,e0:5a:1b:15:b2:ee,MF0F03
RX_CCS_E2_20260121,384796,ADV,-35,e0:5a:1b:15:b2:ee,MF0F04
RX_CCS_E2_20260121,384891,ADV,-35,e0:5a:1b:15:b2:ee,MF0F05
RX_CCS_E2_20260121,385096,ADV,-38,e0:5a:1b:15:b2:ee,MF0F07
RX_CCS_E2_20260121,385207,ADV,-35,e0:5a:1b:15:b2:ee,MF0F08
RX_CCS_E2_20260121,385312,ADV,-32,e0:5a:1b:15:b2:ee,MF0F09
RX_CCS_E2_20260121,385415,ADV,-35,e0:5a:1b:15:b2:ee,MF0F0A
RX_CCS_E2_20260121,385541,ADV,-35,e0:5a:1b:15:b2:ee,MF0F0B
RX_CCS_E2_20260121,385637,ADV,-32,e0:5a:1b:15:b2:ee,MF0F0C
RX_CCS_E2_20260121,385726,ADV,-35,e0:5a:1b:15:b2:ee,MF0F0D
RX_CCS_E2_20260121,385834,ADV,-35,e0:5a:1b:15:b2:ee,MF0F0E
RX_CCS_E2_20260121,385935,ADV,-32,e0:5a:1b:15:b2:ee,MF0F0F
RX_CCS_E2_20260121,386047,ADV,-38,e0:5a:1b:15:b2:ee,MF0F11
RX_CCS_E2_20260121,386466,ADV,-32,e0:5a:1b:15:b2:ee,MF0F15
RX_CCS_E2_20260121,386588,ADV,-35,e0:5a:1b:15:b2:ee,MF0F16
RX_CCS_E2_20260121,386680,ADV,-35,e0:5a:1b:15:b2:ee,MF0F17
RX_CCS_E2_20260121,386780,ADV,-32,e0:5a:1b:15:b2:ee,MF0F18
RX_CCS_E2_20260121,386885,ADV,-35,e0:5a:1b:15:b2:ee,MF0F19
RX_CCS_E2_20260121,386990,ADV,-36,e0:5a:1b:15:b2:ee,MF0F1A
RX_CCS_E2_20260121,387091,ADV,-32,e0:5a:1b:15:b2:ee,MF0F1B
RX_CCS_E2_20260121,387190,ADV,-35,e0:5a:1b:15:b2:ee,MF0F1C
RX_CCS_E2_20260121,387300,ADV,-35,e0:5a:1b:15:b2:ee,MF0F1D
RX_CCS_E2_20260121,387406,ADV,-32,e0:5a:1b:15:b2:ee,MF0F1E
RX_CCS_E2_20260121,387510,ADV,-35,e0:5a:1b:15:b2:ee,MF0F1F
RX_CCS_E2_20260121,387625,ADV,-36,e0:5a:1b:15:b2:ee,MF0F20
RX_CCS_E2_20260121,387726,ADV,-32,e0:5a:1b:15:b2:ee,MF0F21
RX_CCS_E2_20260121,387834,ADV,-38,e0:5a:1b:15:b2:ee,MF0F22
RX_CCS_E2_20260121,387940,ADV,-35,e0:5a:1b:15:b2:ee,MF0F24
RX_CCS_E2_20260121,388147,ADV,-35,e0:5a:1b:15:b2:ee,MF0F26
RX_CCS_E2_20260121,388467,ADV,-35,e0:5a:1b:15:b2:ee,MF0F29
RX_CCS_E2_20260121,388580,ADV,-32,e0:5a:1b:15:b2:ee,MF0F2A
RX_CCS_E2_20260121,388675,ADV,-35,e0:5a:1b:15:b2:ee,MF0F2B
RX_CCS_E2_20260121,388783,ADV,-35,e0:5a:1b:15:b2:ee,MF0F2C
RX_CCS_E2_20260121,388885,ADV,-32,e0:5a:1b:15:b2:ee,MF0F2D
RX_CCS_E2_20260121,388996,ADV,-38,e0:5a:1b:15:b2:ee,MF0F2E
RX_CCS_E2_20260121,389106,ADV,-36,e0:5a:1b:15:b2:ee,MF0F2F
RX_CCS_E2_20260121,389205,ADV,-32,e0:5a:1b:15:b2:ee,MF0F30
RX_CCS_E2_20260121,389309,ADV,-35,e0:5a:1b:15:b2:ee,MF0F31
RX_CCS_E2_20260121,389428,ADV,-35,e0:5a:1b:15:b2:ee,MF0F32
RX_CCS_E2_20260121,389515,ADV,-32,e0:5a:1b:15:b2:ee,MF0F33
RX_CCS_E2_20260121,389625,ADV,-35,e0:5a:1b:15:b2:ee,MF0F34
RX_CCS_E2_20260121,389733,ADV,-35,e0:5a:1b:15:b2:ee,MF0F35
RX_CCS_E2_20260121,389847,ADV,-32,e0:5a:1b:15:b2:ee,MF0F37
RX_CCS_E2_20260121,389946,ADV,-38,e0:5a:1b:15:b2:ee,MF0F38
RX_CCS_E2_20260121,390279,ADV,-35,e0:5a:1b:15:b2:ee,MF0F3B
RX_CCS_E2_20260121,390363,ADV,-32,e0:5a:1b:15:b2:ee,MF0F3C
RX_CCS_E2_20260121,390471,ADV,-38,e0:5a:1b:15:b2:ee,MF0F3D
RX_CCS_E2_20260121,390578,ADV,-35,e0:5a:1b:15:b2:ee,MF0F3E
RX_CCS_E2_20260121,390671,ADV,-32,e0:5a:1b:15:b2:ee,MF0F3F
RX_CCS_E2_20260121,390784,ADV,-35,e0:5a:1b:15:b2:ee,MF0F40
RX_CCS_E2_20260121,390893,ADV,-35,e0:5a:1b:15:b2:ee,MF0F41
RX_CCS_E2_20260121,390996,ADV,-32,e0:5a:1b:15:b2:ee,MF0F42
RX_CCS_E2_20260121,391104,ADV,-35,e0:5a:1b:15:b2:ee,MF0F43
RX_CCS_E2_20260121,391312,ADV,-32,e0:5a:1b:15:b2:ee,MF0F45
RX_CCS_E2_20260121,391419,ADV,-35,e0:5a:1b:15:b2:ee,MF0F46
RX_CCS_E2_20260121,391528,ADV,-35,e0:5a:1b:15:b2:ee,MF0F47
RX_CCS_E2_20260121,391639,ADV,-32,e0:5a:1b:15:b2:ee,MF0F48
RX_CCS_E2_20260121,391739,ADV,-83,e0:5a:1b:15:b2:ee,MF0F4A
RX_CCS_E2_20260121,392071,ADV,-35,e0:5a:1b:15:b2:ee,MF0F4D
RX_CCS_E2_20260121,392171,ADV,-33,e0:5a:1b:15:b2:ee,MF0F4E
RX_CCS_E2_20260121,392280,ADV,-38,e0:5a:1b:15:b2:ee,MF0F4F
RX_CCS_E2_20260121,392387,ADV,-35,e0:5a:1b:15:b2:ee,MF0F50
RX_CCS_E2_20260121,392491,ADV,-32,e0:5a:1b:15:b2:ee,MF0F51
RX_CCS_E2_20260121,392593,ADV,-38,e0:5a:1b:15:b2:ee,MF0F52
RX_CCS_E2_20260121,392699,ADV,-35,e0:5a:1b:15:b2:ee,MF0F53
RX_CCS_E2_20260121,392800,ADV,-32,e0:5a:1b:15:b2:ee,MF0F54
RX_CCS_E2_20260121,392901,ADV,-35,e0:5a:1b:15:b2:ee,MF0F55
RX_CCS_E2_20260121,393012,ADV,-35,e0:5a:1b:15:b2:ee,MF0F56
RX_CCS_E2_20260121,393126,ADV,-33,e0:5a:1b:15:b2:ee,MF0F57
RX_CCS_E2_20260121,393233,ADV,-38,e0:5a:1b:15:b2:ee,MF0F58
RX_CCS_E2_20260121,393332,ADV,-35,e0:5a:1b:15:b2:ee,MF0F59
RX_CCS_E2_20260121,393432,ADV,-32,e0:5a:1b:15:b2:ee,MF0F5A
RX_CCS_E2_20260121,393547,ADV,-35,e0:5a:1b:15:b2:ee,MF0F5C
RX_CCS_E2_20260121,393647,ADV,-35,e0:5a:1b:15:b2:ee,MF0F5D
RX_CCS_E2_20260121,393741,ADV,-32,e0:5a:1b:15:b2:ee,MF0F5E
RX_CCS_E2_20260121,394065,ADV,-35,e0:5a:1b:15:b2:ee,MF0F61
RX_CCS_E2_20260121,394172,ADV,-36,e0:5a:1b:15:b2:ee,MF0F62
RX_CCS_E2_20260121,394287,ADV,-32,e0:5a:1b:15:b2:ee,MF0F63
RX_CCS_E2_20260121,394381,ADV,-38,e0:5a:1b:15:b2:ee,MF0F64
RX_CCS_E2_20260121,394482,ADV,-35,e0:5a:1b:15:b2:ee,MF0F65
RX_CCS_E2_20260121,394585,ADV,-32,e0:5a:1b:15:b2:ee,MF0F66
RX_CCS_E2_20260121,394696,ADV,-38,e0:5a:1b:15:b2:ee,MF0F67
RX_CCS_E2_20260121,394804,ADV,-35,e0:5a:1b:15:b2:ee,MF0F68
RX_CCS_E2_20260121,394908,ADV,-32,e0:5a:1b:15:b2:ee,MF0F69
RX_CCS_E2_20260121,395044,ADV,-35,e0:5a:1b:15:b2:ee,MF0F6A
RX_CCS_E2_20260121,395111,ADV,-35,e0:5a:1b:15:b2:ee,MF0F6B
RX_CCS_E2_20260121,395214,ADV,-32,e0:5a:1b:15:b2:ee,MF0F6C
RX_CCS_E2_20260121,395333,ADV,-38,e0:5a:1b:15:b2:ee,MF0F6D
RX_CCS_E2_20260121,395432,ADV,-35,e0:5a:1b:15:b2:ee,MF0F6E
RX_CCS_E2_20260121,395643,ADV,-38,e0:5a:1b:15:b2:ee,MF0F71
RX_CCS_E2_20260121,395846,ADV,-32,e0:5a:1b:15:b2:ee,MF0F73
RX_CCS_E2_20260121,396073,ADV,-32,e0:5a:1b:15:b2:ee,MF0F75
RX_CCS_E2_20260121,396276,ADV,-35,e0:5a:1b:15:b2:ee,MF0F77
RX_CCS_E2_20260121,396383,ADV,-32,e0:5a:1b:15:b2:ee,MF0F78
RX_CCS_E2_20260121,396488,ADV,-35,e0:5a:1b:15:b2:ee,MF0F79
RX_CCS_E2_20260121,396586,ADV,-35,e0:5a:1b:15:b2:ee,MF0F7A
RX_CCS_E2_20260121,396688,ADV,-32,e0:5a:1b:15:b2:ee,MF0F7B
RX_CCS_E2_20260121,396812,ADV,-38,e0:5a:1b:15:b2:ee,MF0F7C
RX_CCS_E2_20260121,396896,ADV,-35,e0:5a:1b:15:b2:ee,MF0F7D
RX_CCS_E2_20260121,396998,ADV,-32,e0:5a:1b:15:b2:ee,MF0F7E
RX_CCS_E2_20260121,397107,ADV,-35,e0:5a:1b:15:b2:ee,MF0F7F
RX_CCS_E2_20260121,397213,ADV,-35,e0:5a:1b:15:b2:ee,MF0F80
RX_CCS_E2_20260121,397426,ADV,-35,e0:5a:1b:15:b2:ee,MF0F82
RX_CCS_E2_20260121,397529,ADV,-35,e0:5a:1b:15:b2:ee,MF0F83
RX_CCS_E2_20260121,397626,ADV,-32,e0:5a:1b:15:b2:ee,MF0F84
RX_CCS_E2_20260121,397737,ADV,-35,e0:5a:1b:15:b2:ee,MF0F85
RX_CCS_E2_20260121,397947,ADV,-31,e0:5a:1b:15:b2:ee,MF0F88
RX_CCS_E2_20260121,398263,ADV,-35,e0:5a:1b:15:b2:ee,MF0F8B
RX_CCS_E2_20260121,398369,ADV,-35,e0:5a:1b:15:b2:ee,MF0F8C
RX_CCS_E2_20260121,398473,ADV,-32,e0:5a:1b:15:b2:ee,MF0F8D
RX_CCS_E2_20260121,398583,ADV,-35,e0:5a:1b:15:b2:ee,MF0F8E
RX_CCS_E2_20260121,398691,ADV,-36,e0:5a:1b:15:b2:ee,MF0F8F
RX_CCS_E2_20260121,398791,ADV,-32,e0:5a:1b:15:b2:ee,MF0F90
RX_CCS_E2_20260121,398898,ADV,-38,e0:5a:1b:15:b2:ee,MF0F91
RX_CCS_E2_20260121,399012,ADV,-35,e0:5a:1b:15:b2:ee,MF0F92
RX_CCS_E2_20260121,399115,ADV,-32,e0:5a:1b:15:b2:ee,MF0F93
RX_CCS_E2_20260121,399218,ADV,-36,e0:5a:1b:15:b2:ee,MF0F94
RX_CCS_E2_20260121,399325,ADV,-36,e0:5a:1b:15:b2:ee,MF0F95
RX_CCS_E2_20260121,399430,ADV,-32,e0:5a:1b:15:b2:ee,MF0F96
RX_CCS_E2_20260121,399520,ADV,-38,e0:5a:1b:15:b2:ee,MF0F97
RX_CCS_E2_20260121,399638,ADV,-35,e0:5a:1b:15:b2:ee,MF0F98
RX_CCS_E2_20260121,399726,ADV,-32,e0:5a:1b:15:b2:ee,MF0F99
RX_CCS_E2_20260121,399829,ADV,-38,e0:5a:1b:15:b2:ee,MF0F9A
RX_CCS_E2_20260121,399932,ADV,-35,e0:5a:1b:15:b2:ee,MF0F9B
RX_CCS_E2_20260121,400030,ADV,-32,e0:5a:1b:15:b2:ee,MF0F9C
RX_CCS_E2_20260121,400246,ADV,-35,e0:5a:1b:15:b2:ee,MF0F9F
RX_CCS_E2_20260121,400347,ADV,-32,e0:5a:1b:15:b2:ee,MF0FA0
RX_CCS_E2_20260121,400659,ADV,-35,e0:5a:1b:15:b2:ee,MF0FA3
RX_CCS_E2_20260121,400771,ADV,-35,e0:5a:1b:15:b2:ee,MF0FA4
RX_CCS_E2_20260121,400879,ADV,-32,e0:5a:1b:15:b2:ee,MF0FA5
RX_CCS_E2_20260121,400979,ADV,-35,e0:5a:1b:15:b2:ee,MF0FA6
RX_CCS_E2_20260121,401084,ADV,-35,e0:5a:1b:15:b2:ee,MF0FA7
RX_CCS_E2_20260121,401191,ADV,-32,e0:5a:1b:15:b2:ee,MF0FA8
RX_CCS_E2_20260121,401297,ADV,-35,e0:5a:1b:15:b2:ee,MF0FA9
RX_CCS_E2_20260121,401404,ADV,-36,e0:5a:1b:15:b2:ee,MF0FAA
RX_CCS_E2_20260121,401508,ADV,-32,e0:5a:1b:15:b2:ee,MF0FAB
RX_CCS_E2_20260121,401647,ADV,-36,e0:5a:1b:15:b2:ee,MF0FAC
RX_CCS_E2_20260121,401732,ADV,-35,e0:5a:1b:15:b2:ee,MF0FAD
RX_CCS_E2_20260121,401818,ADV,-32,e0:5a:1b:15:b2:ee,MF0FAE
RX_CCS_E2_20260121,401937,ADV,-35,e0:5a:1b:15:b2:ee,MF0FAF
RX_CCS_E2_20260121,402038,ADV,-35,e0:5a:1b:15:b2:ee,MF0FB0
RX_CCS_E2_20260121,402147,ADV,-32,e0:5a:1b:15:b2:ee,MF0FB2
RX_CCS_E2_20260121,402458,ADV,-35,e0:5a:1b:15:b2:ee,MF0FB5
RX_CCS_E2_20260121,402561,ADV,-35,e0:5a:1b:15:b2:ee,MF0FB6
RX_CCS_E2_20260121,402677,ADV,-32,e0:5a:1b:15:b2:ee,MF0FB7
RX_CCS_E2_20260121,402765,ADV,-38,e0:5a:1b:15:b2:ee,MF0FB8
RX_CCS_E2_20260121,402868,ADV,-35,e0:5a:1b:15:b2:ee,MF0FB9
RX_CCS_E2_20260121,403001,ADV,-32,e0:5a:1b:15:b2:ee,MF0FBA
RX_CCS_E2_20260121,403084,ADV,-38,e0:5a:1b:15:b2:ee,MF0FBB
RX_CCS_E2_20260121,403182,ADV,-35,e0:5a:1b:15:b2:ee,MF0FBC
RX_CCS_E2_20260121,403395,ADV,-35,e0:5a:1b:15:b2:ee,MF0FBE
RX_CCS_E2_20260121,403503,ADV,-34,e0:5a:1b:15:b2:ee,MF0FBF
RX_CCS_E2_20260121,403608,ADV,-32,e0:5a:1b:15:b2:ee,MF0FC0
RX_CCS_E2_20260121,403717,ADV,-35,e0:5a:1b:15:b2:ee,MF0FC1
RX_CCS_E2_20260121,403826,ADV,-35,e0:5a:1b:15:b2:ee,MF0FC2
RX_CCS_E2_20260121,403928,ADV,-32,e0:5a:1b:15:b2:ee,MF0FC3
RX_CCS_E2_20260121,404042,ADV,-35,e0:5a:1b:15:b2:ee,MF0FC4
RX_CCS_E2_20260121,404144,ADV,-35,e0:5a:1b:15:b2:ee,MF0FC6
RX_CCS_E2_20260121,404559,ADV,-35,e0:5a:1b:15:b2:ee,MF0FCA
RX_CCS_E2_20260121,404678,ADV,-35,e0:5a:1b:15:b2:ee,MF0FCB
RX_CCS_E2_20260121,404792,ADV,-32,e0:5a:1b:15:b2:ee,MF0FCC
RX_CCS_E2_20260121,404873,ADV,-35,e0:5a:1b:15:b2:ee,MF0FCD
RX_CCS_E2_20260121,404983,ADV,-35,e0:5a:1b:15:b2:ee,MF0FCE
RX_CCS_E2_20260121,405080,ADV,-32,e0:5a:1b:15:b2:ee,MF0FCF
RX_CCS_E2_20260121,405187,ADV,-35,e0:5a:1b:15:b2:ee,MF0FD0
RX_CCS_E2_20260121,405289,ADV,-35,e0:5a:1b:15:b2:ee,MF0FD1
RX_CCS_E2_20260121,405394,ADV,-32,e0:5a:1b:15:b2:ee,MF0FD2
RX_CCS_E2_20260121,405489,ADV,-35,e0:5a:1b:15:b2:ee,MF0FD3
RX_CCS_E2_20260121,405597,ADV,-35,e0:5a:1b:15:b2:ee,MF0FD4
RX_CCS_E2_20260121,405720,ADV,-32,e0:5a:1b:15:b2:ee,MF0FD5
RX_CCS_E2_20260121,405813,ADV,-38,e0:5a:1b:15:b2:ee,MF0FD6
RX_CCS_E2_20260121,405921,ADV,-35,e0:5a:1b:15:b2:ee,MF0FD7
RX_CCS_E2_20260121,406035,ADV,-32,e0:5a:1b:15:b2:ee,MF0FD8
RX_CCS_E2_20260121,406119,ADV,-35,e0:5a:1b:15:b2:ee,MF0FD9
RX_CCS_E2_20260121,406234,ADV,-35,e0:5a:1b:15:b2:ee,MF0FDA
RX_CCS_E2_20260121,406338,ADV,-32,e0:5a:1b:15:b2:ee,MF0FDB
RX_CCS_E2_20260121,406442,ADV,-35,e0:5a:1b:15:b2:ee,MF0FDC
RX_CCS_E2_20260121,406542,ADV,-35,e0:5a:1b:15:b2:ee,MF0FDE
RX_CCS_E2_20260121,406640,ADV,-32,e0:5a:1b:15:b2:ee,MF0FDF
RX_CCS_E2_20260121,406747,ADV,-36,e0:5a:1b:15:b2:ee,MF0FE0
RX_CCS_E2_20260121,406847,ADV,-36,e0:5a:1b:15:b2:ee,MF0FE1
RX_CCS_E2_20260121,407167,ADV,-32,e0:5a:1b:15:b2:ee,MF0FE4
RX_CCS_E2_20260121,407269,ADV,-35,e0:5a:1b:15:b2:ee,MF0FE5
RX_CCS_E2_20260121,407368,ADV,-35,e0:5a:1b:15:b2:ee,MF0FE6
RX_CCS_E2_20260121,407481,ADV,-32,e0:5a:1b:15:b2:ee,MF0FE7
RX_CCS_E2_20260121,407576,ADV,-38,e0:5a:1b:15:b2:ee,MF0FE8
RX_CCS_E2_20260121,407682,ADV,-35,e0:5a:1b:15:b2:ee,MF0FE9
RX_CCS_E2_20260121,407790,ADV,-32,e0:5a:1b:15:b2:ee,MF0FEA
RX_CCS_E2_20260121,407891,ADV,-38,e0:5a:1b:15:b2:ee,MF0FEB
RX_CCS_E2_20260121,407998,ADV,-36,e0:5a:1b:15:b2:ee,MF0FEC
RX_CCS_E2_20260121,408101,ADV,-32,e0:5a:1b:15:b2:ee,MF0FED
RX_CCS_E2_20260121,408208,ADV,-35,e0:5a:1b:15:b2:ee,MF0FEE
RX_CCS_E2_20260121,408329,ADV,-35,e0:5a:1b:15:b2:ee,MF0FEF
RX_CCS_E2_20260121,408412,ADV,-32,e0:5a:1b:15:b2:ee,MF0FF0
RX_CCS_E2_20260121,408540,ADV,-38,e0:5a:1b:15:b2:ee,MF0FF1
RX_CCS_E2_20260121,408647,ADV,-36,e0:5a:1b:15:b2:ee,MF0FF2
RX_CCS_E2_20260121,408725,ADV,-32,e0:5a:1b:15:b2:ee,MF0FF3
RX_CCS_E2_20260121,408837,ADV,-35,e0:5a:1b:15:b2:ee,MF0FF4
RX_CCS_E2_20260121,409359,ADV,-35,e0:5a:1b:15:b2:ee,MF0FFA
RX_CCS_E2_20260121,409462,ADV,-35,e0:5a:1b:15:b2:ee,MF0FFB
RX_CCS_E2_20260121,409564,ADV,-32,e0:5a:1b:15:b2:ee,MF0FFC
RX_CCS_E2_20260121,409668,ADV,-35,e0:5a:1b:15:b2:ee,MF0FFD
RX_CCS_E2_20260121,409772,ADV,-35,e0:5a:1b:15:b2:ee,MF0FFE
RX_CCS_E2_20260121,409876,ADV,-32,e0:5a:1b:15:b2:ee,MF0FFF
RX_CCS_E2_20260121,409988,ADV,-35,e0:5a:1b:15:b2:ee,MF1000
RX_CCS_E2_20260121,410095,ADV,-35,e0:5a:1b:15:b2:ee,MF1001
RX_CCS_E2_20260121,410305,ADV,-35,e0:5a:1b:15:b2:ee,MF1003
RX_CCS_E2_20260121,410406,ADV,-35,e0:5a:1b:15:b2:ee,MF1004
RX_CCS_E2_20260121,410512,ADV,-32,e0:5a:1b:15:b2:ee,MF1005
RX_CCS_E2_20260121,410623,ADV,-38,e0:5a:1b:15:b2:ee,MF1006
RX_CCS_E2_20260121,410947,ADV,-38,e0:5a:1b:15:b2:ee,MF100A
RX_CCS_E2_20260121,411047,ADV,-35,e0:5a:1b:15:b2:ee,MF100B
RX_CCS_E2_20260121,411360,ADV,-32,e0:5a:1b:15:b2:ee,MF100E
RX_CCS_E2_20260121,411464,ADV,-35,e0:5a:1b:15:b2:ee,MF100F
RX_CCS_E2_20260121,411570,ADV,-35,e0:5a:1b:15:b2:ee,MF1010
RX_CCS_E2_20260121,411774,ADV,-35,e0:5a:1b:15:b2:ee,MF1012
RX_CCS_E2_20260121,411877,ADV,-35,e0:5a:1b:15:b2:ee,MF1013
RX_CCS_E2_20260121,412197,ADV,-35,e0:5a:1b:15:b2:ee,MF1016
RX_CCS_E2_20260121,412294,ADV,-32,e0:5a:1b:15:b2:ee,MF1017
RX_CCS_E2_20260121,412420,ADV,-35,e0:5a:1b:15:b2:ee,MF1018
RX_CCS_E2_20260121,412512,ADV,-35,e0:5a:1b:15:b2:ee,MF1019
RX_CCS_E2_20260121,412610,ADV,-32,e0:5a:1b:15:b2:ee,MF101A
RX_CCS_E2_20260121,412721,ADV,-38,e0:5a:1b:15:b2:ee,MF101B
RX_CCS_E2_20260121,412841,ADV,-35,e0:5a:1b:15:b2:ee,MF101C
RX_CCS_E2_20260121,412937,ADV,-32,e0:5a:1b:15:b2:ee,MF101E
RX_CCS_E2_20260121,413261,ADV,-35,e0:5a:1b:15:b2:ee,MF1021
RX_CCS_E2_20260121,413475,ADV,-32,e0:5a:1b:15:b2:ee,MF1023
RX_CCS_E2_20260121,413582,ADV,-35,e0:5a:1b:15:b2:ee,MF1024
RX_CCS_E2_20260121,413693,ADV,-35,e0:5a:1b:15:b2:ee,MF1025
RX_CCS_E2_20260121,413798,ADV,-33,e0:5a:1b:15:b2:ee,MF1026
RX_CCS_E2_20260121,413896,ADV,-35,e0:5a:1b:15:b2:ee,MF1027
RX_CCS_E2_20260121,414016,ADV,-35,e0:5a:1b:15:b2:ee,MF1028
RX_CCS_E2_20260121,414098,ADV,-32,e0:5a:1b:15:b2:ee,MF1029
RX_CCS_E2_20260121,414206,ADV,-35,e0:5a:1b:15:b2:ee,MF102A
RX_CCS_E2_20260121,414322,ADV,-35,e0:5a:1b:15:b2:ee,MF102B
RX_CCS_E2_20260121,414425,ADV,-32,e0:5a:1b:15:b2:ee,MF102C
RX_CCS_E2_20260121,414523,ADV,-38,e0:5a:1b:15:b2:ee,MF102D
RX_CCS_E2_20260121,414627,ADV,-35,e0:5a:1b:15:b2:ee,MF102E
RX_CCS_E2_20260121,414730,ADV,-32,e0:5a:1b:15:b2:ee,MF102F
RX_CCS_E2_20260121,414840,ADV,-35,e0:5a:1b:15:b2:ee,MF1030
RX_CCS_E2_20260121,414947,ADV,-35,e0:5a:1b:15:b2:ee,MF1032
RX_CCS_E2_20260121,415043,ADV,-32,e0:5a:1b:15:b2:ee,MF1033
RX_CCS_E2_20260121,415143,ADV,-35,e0:5a:1b:15:b2:ee,MF1034
RX_CCS_E2_20260121,415245,ADV,-35,e0:5a:1b:15:b2:ee,MF1035
RX_CCS_E2_20260121,415345,ADV,-32,e0:5a:1b:15:b2:ee,MF1036
RX_CCS_E2_20260121,415446,ADV,-38,e0:5a:1b:15:b2:ee,MF1037
RX_CCS_E2_20260121,415760,ADV,-35,e0:5a:1b:15:b2:ee,MF103A
RX_CCS_E2_20260121,415874,ADV,-32,e0:5a:1b:15:b2:ee,MF103B
RX_CCS_E2_20260121,415964,ADV,-35,e0:5a:1b:15:b2:ee,MF103C
RX_CCS_E2_20260121,416072,ADV,-35,e0:5a:1b:15:b2:ee,MF103D
RX_CCS_E2_20260121,416173,ADV,-32,e0:5a:1b:15:b2:ee,MF103E
RX_CCS_E2_20260121,416309,ADV,-37,e0:5a:1b:15:b2:ee,MF103F
RX_CCS_E2_20260121,416396,ADV,-35,e0:5a:1b:15:b2:ee,MF1040
RX_CCS_E2_20260121,416494,ADV,-32,e0:5a:1b:15:b2:ee,MF1041
RX_CCS_E2_20260121,416612,ADV,-35,e0:5a:1b:15:b2:ee,MF1042
RX_CCS_E2_20260121,416713,ADV,-36,e0:5a:1b:15:b2:ee,MF1043
RX_CCS_E2_20260121,416817,ADV,-32,e0:5a:1b:15:b2:ee,MF1044
RX_CCS_E2_20260121,416924,ADV,-35,e0:5a:1b:15:b2:ee,MF1045
RX_CCS_E2_20260121,417132,ADV,-32,e0:5a:1b:15:b2:ee,MF1047
RX_CCS_E2_20260121,417234,ADV,-38,e0:5a:1b:15:b2:ee,MF1048
RX_CCS_E2_20260121,417347,ADV,-35,e0:5a:1b:15:b2:ee,MF104A
RX_CCS_E2_20260121,417447,ADV,-32,e0:5a:1b:15:b2:ee,MF104B
RX_CCS_E2_20260121,417670,ADV,-33,e0:5a:1b:15:b2:ee,MF104D
RX_CCS_E2_20260121,417762,ADV,-35,e0:5a:1b:15:b2:ee,MF104E
RX_CCS_E2_20260121,417873,ADV,-35,e0:5a:1b:15:b2:ee,MF104F
RX_CCS_E2_20260121,418074,ADV,-38,e0:5a:1b:15:b2:ee,MF1051
RX_CCS_E2_20260121,418185,ADV,-35,e0:5a:1b:15:b2:ee,MF1052
RX_CCS_E2_20260121,418281,ADV,-33,e0:5a:1b:15:b2:ee,MF1053
RX_CCS_E2_20260121,418392,ADV,-35,e0:5a:1b:15:b2:ee,MF1054
RX_CCS_E2_20260121,418494,ADV,-35,e0:5a:1b:15:b2:ee,MF1055
RX_CCS_E2_20260121,418604,ADV,-32,e0:5a:1b:15:b2:ee,MF1056
RX_CCS_E2_20260121,418706,ADV,-38,e0:5a:1b:15:b2:ee,MF1057
RX_CCS_E2_20260121,418921,ADV,-32,e0:5a:1b:15:b2:ee,MF1059
RX_CCS_E2_20260121,419030,ADV,-35,e0:5a:1b:15:b2:ee,MF105A
RX_CCS_E2_20260121,419131,ADV,-35,e0:5a:1b:15:b2:ee,MF105B
RX_CCS_E2_20260121,419338,ADV,-35,e0:5a:1b:15:b2:ee,MF105D
RX_CCS_E2_20260121,419447,ADV,-35,e0:5a:1b:15:b2:ee,MF105F
RX_CCS_E2_20260121,419547,ADV,-32,e0:5a:1b:15:b2:ee,MF1060
RX_CCS_E2_20260121,419865,ADV,-35,e0:5a:1b:15:b2:ee,MF1063
RX_CCS_E2_20260121,419969,ADV,-35,e0:5a:1b:15:b2:ee,MF1064
RX_CCS_E2_20260121,420073,ADV,-32,e0:5a:1b:15:b2:ee,MF1065
RX_CCS_E2_20260121,420186,ADV,-35,e0:5a:1b:15:b2:ee,MF1066
RX_CCS_E2_20260121,420373,ADV,-32,e0:5a:1b:15:b2:ee,MF1068
RX_CCS_E2_20260121,420486,ADV,-35,e0:5a:1b:15:b2:ee,MF1069
RX_CCS_E2_20260121,420589,ADV,-35,e0:5a:1b:15:b2:ee,MF106A
RX_CCS_E2_20260121,420688,ADV,-32,e0:5a:1b:15:b2:ee,MF106B
RX_CCS_E2_20260121,420808,ADV,-35,e0:5a:1b:15:b2:ee,MF106C
RX_CCS_E2_20260121,420910,ADV,-35,e0:5a:1b:15:b2:ee,MF106D
RX_CCS_E2_20260121,421022,ADV,-32,e0:5a:1b:15:b2:ee,MF106E
RX_CCS_E2_20260121,421110,ADV,-35,e0:5a:1b:15:b2:ee,MF106F
RX_CCS_E2_20260121,421216,ADV,-35,e0:5a:1b:15:b2:ee,MF1070
RX_CCS_E2_20260121,421323,ADV,-32,e0:5a:1b:15:b2:ee,MF1071
RX_CCS_E2_20260121,421440,ADV,-38,e0:5a:1b:15:b2:ee,MF1072
RX_CCS_E2_20260121,421539,ADV,-35,e0:5a:1b:15:b2:ee,MF1073
RX_CCS_E2_20260121,421633,ADV,-32,e0:5a:1b:15:b2:ee,MF1074
RX_CCS_E2_20260121,421738,ADV,-35,e0:5a:1b:15:b2:ee,MF1076
RX_CCS_E2_20260121,421847,ADV,-35,e0:5a:1b:15:b2:ee,MF1077
RX_CCS_E2_20260121,422260,ADV,-35,e0:5a:1b:15:b2:ee,MF107B
RX_CCS_E2_20260121,422363,ADV,-35,e0:5a:1b:15:b2:ee,MF107C
RX_CCS_E2_20260121,422579,ADV,-35,e0:5a:1b:15:b2:ee,MF107E
RX_CCS_E2_20260121,422679,ADV,-35,e0:5a:1b:15:b2:ee,MF107F
RX_CCS_E2_20260121,422777,ADV,-32,e0:5a:1b:15:b2:ee,MF1080
RX_CCS_E2_20260121,422893,ADV,-35,e0:5a:1b:15:b2:ee,MF1081
RX_CCS_E2_20260121,422982,ADV,-35,e0:5a:1b:15:b2:ee,MF1082
RX_CCS_E2_20260121,423207,ADV,-35,e0:5a:1b:15:b2:ee,MF1084
RX_CCS_E2_20260121,423312,ADV,-35,e0:5a:1b:15:b2:ee,MF1085
RX_CCS_E2_20260121,423397,ADV,-32,e0:5a:1b:15:b2:ee,MF1086
RX_CCS_E2_20260121,423508,ADV,-38,e0:5a:1b:15:b2:ee,MF1087
RX_CCS_E2_20260121,423619,ADV,-35,e0:5a:1b:15:b2:ee,MF1088
RX_CCS_E2_20260121,423722,ADV,-32,e0:5a:1b:15:b2:ee,MF1089
RX_CCS_E2_20260121,423831,ADV,-35,e0:5a:1b:15:b2:ee,MF108A
RX_CCS_E2_20260121,423937,ADV,-35,e0:5a:1b:15:b2:ee,MF108B
RX_CCS_E2_20260121,424047,ADV,-32,e0:5a:1b:15:b2:ee,MF108C
RX_CCS_E2_20260121,424145,ADV,-35,e0:5a:1b:15:b2:ee,MF108E
RX_CCS_E2_20260121,424460,ADV,-35,e0:5a:1b:15:b2:ee,MF1091
RX_CCS_E2_20260121,424572,ADV,-32,e0:5a:1b:15:b2:ee,MF1092
RX_CCS_E2_20260121,424672,ADV,-36,e0:5a:1b:15:b2:ee,MF1093
RX_CCS_E2_20260121,424791,ADV,-35,e0:5a:1b:15:b2:ee,MF1094
RX_CCS_E2_20260121,424895,ADV,-32,e0:5a:1b:15:b2:ee,MF1095
RX_CCS_E2_20260121,425001,ADV,-38,e0:5a:1b:15:b2:ee,MF1096
RX_CCS_E2_20260121,425101,ADV,-35,e0:5a:1b:15:b2:ee,MF1097
RX_CCS_E2_20260121,425203,ADV,-32,e0:5a:1b:15:b2:ee,MF1098
RX_CCS_E2_20260121,425313,ADV,-35,e0:5a:1b:15:b2:ee,MF1099
RX_CCS_E2_20260121,425422,ADV,-35,e0:5a:1b:15:b2:ee,MF109A
RX_CCS_E2_20260121,425524,ADV,-33,e0:5a:1b:15:b2:ee,MF109B
RX_CCS_E2_20260121,425637,ADV,-38,e0:5a:1b:15:b2:ee,MF109C
RX_CCS_E2_20260121,425747,ADV,-35,e0:5a:1b:15:b2:ee,MF109E
RX_CCS_E2_20260121,425847,ADV,-32,e0:5a:1b:15:b2:ee,MF109F
RX_CCS_E2_20260121,426160,ADV,-38,e0:5a:1b:15:b2:ee,MF10A2
RX_CCS_E2_20260121,426362,ADV,-32,e0:5a:1b:15:b2:ee,MF10A4
RX_CCS_E2_20260121,426463,ADV,-38,e0:5a:1b:15:b2:ee,MF10A5
RX_CCS_E2_20260121,426582,ADV,-35,e0:5a:1b:15:b2:ee,MF10A6
RX_CCS_E2_20260121,426774,ADV,-35,e0:5a:1b:15:b2:ee,MF10A8
RX_CCS_E2_20260121,426880,ADV,-35,e0:5a:1b:15:b2:ee,MF10A9
RX_CCS_E2_20260121,426983,ADV,-32,e0:5a:1b:15:b2:ee,MF10AA
RX_CCS_E2_20260121,427093,ADV,-35,e0:5a:1b:15:b2:ee,MF10AB
RX_CCS_E2_20260121,427205,ADV,-35,e0:5a:1b:15:b2:ee,MF10AC
RX_CCS_E2_20260121,427311,ADV,-32,e0:5a:1b:15:b2:ee,MF10AD
RX_CCS_E2_20260121,427438,ADV,-35,e0:5a:1b:15:b2:ee,MF10AE
RX_CCS_E2_20260121,427524,ADV,-35,e0:5a:1b:15:b2:ee,MF10AF
RX_CCS_E2_20260121,427645,ADV,-32,e0:5a:1b:15:b2:ee,MF10B0
RX_CCS_E2_20260121,427737,ADV,-35,e0:5a:1b:15:b2:ee,MF10B2
RX_CCS_E2_20260121,427847,ADV,-35,e0:5a:1b:15:b2:ee,MF10B3
RX_CCS_E2_20260121,427942,ADV,-32,e0:5a:1b:15:b2:ee,MF10B4
RX_CCS_E2_20260121,428046,ADV,-35,e0:5a:1b:15:b2:ee,MF10B5
RX_CCS_E2_20260121,428260,ADV,-35,e0:5a:1b:15:b2:ee,MF10B7
RX_CCS_E2_20260121,428369,ADV,-35,e0:5a:1b:15:b2:ee,MF10B8
RX_CCS_E2_20260121,428470,ADV,-32,e0:5a:1b:15:b2:ee,MF10B9
RX_CCS_E2_20260121,428572,ADV,-35,e0:5a:1b:15:b2:ee,MF10BA
RX_CCS_E2_20260121,428679,ADV,-35,e0:5a:1b:15:b2:ee,MF10BB
RX_CCS_E2_20260121,428778,ADV,-32,e0:5a:1b:15:b2:ee,MF10BC
RX_CCS_E2_20260121,428884,ADV,-35,e0:5a:1b:15:b2:ee,MF10BD
RX_CCS_E2_20260121,429119,ADV,-32,e0:5a:1b:15:b2:ee,MF10BF
RX_CCS_E2_20260121,429198,ADV,-35,e0:5a:1b:15:b2:ee,MF10C0
RX_CCS_E2_20260121,429310,ADV,-35,e0:5a:1b:15:b2:ee,MF10C1
RX_CCS_E2_20260121,429413,ADV,-32,e0:5a:1b:15:b2:ee,MF10C2
RX_CCS_E2_20260121,429520,ADV,-35,e0:5a:1b:15:b2:ee,MF10C3
RX_CCS_E2_20260121,429648,ADV,-35,e0:5a:1b:15:b2:ee,MF10C4
RX_CCS_E2_20260121,429733,ADV,-32,e0:5a:1b:15:b2:ee,MF10C5
RX_CCS_E2_20260121,429838,ADV,-35,e0:5a:1b:15:b2:ee,MF10C7
RX_CCS_E2_20260121,429942,ADV,-35,e0:5a:1b:15:b2:ee,MF10C8
RX_CCS_E2_20260121,430041,ADV,-32,e0:5a:1b:15:b2:ee,MF10C9
RX_CCS_E2_20260121,430362,ADV,-35,e0:5a:1b:15:b2:ee,MF10CC
RX_CCS_E2_20260121,430475,ADV,-36,e0:5a:1b:15:b2:ee,MF10CD
RX_CCS_E2_20260121,430587,ADV,-32,e0:5a:1b:15:b2:ee,MF10CE
RX_CCS_E2_20260121,430682,ADV,-35,e0:5a:1b:15:b2:ee,MF10CF
RX_CCS_E2_20260121,430782,ADV,-35,e0:5a:1b:15:b2:ee,MF10D0
RX_CCS_E2_20260121,430893,ADV,-32,e0:5a:1b:15:b2:ee,MF10D1
RX_CCS_E2_20260121,430999,ADV,-35,e0:5a:1b:15:b2:ee,MF10D2
RX_CCS_E2_20260121,431216,ADV,-32,e0:5a:1b:15:b2:ee,MF10D4
RX_CCS_E2_20260121,431303,ADV,-35,e0:5a:1b:15:b2:ee,MF10D5
RX_CCS_E2_20260121,431407,ADV,-35,e0:5a:1b:15:b2:ee,MF10D6
RX_CCS_E2_20260121,431513,ADV,-32,e0:5a:1b:15:b2:ee,MF10D7
RX_CCS_E2_20260121,431612,ADV,-35,e0:5a:1b:15:b2:ee,MF10D8
RX_CCS_E2_20260121,431721,ADV,-36,e0:5a:1b:15:b2:ee,MF10D9
RX_CCS_E2_20260121,431823,ADV,-32,e0:5a:1b:15:b2:ee,MF10DA
RX_CCS_E2_20260121,431935,ADV,-35,e0:5a:1b:15:b2:ee,MF10DB
RX_CCS_E2_20260121,432041,ADV,-35,e0:5a:1b:15:b2:ee,MF10DC
RX_CCS_E2_20260121,432146,ADV,-32,e0:5a:1b:15:b2:ee,MF10DE
RX_CCS_E2_20260121,432459,ADV,-38,e0:5a:1b:15:b2:ee,MF10E1
RX_CCS_E2_20260121,432562,ADV,-35,e0:5a:1b:15:b2:ee,MF10E2
RX_CCS_E2_20260121,432665,ADV,-32,e0:5a:1b:15:b2:ee,MF10E3
RX_CCS_E2_20260121,432770,ADV,-35,e0:5a:1b:15:b2:ee,MF10E4
RX_CCS_E2_20260121,432904,ADV,-35,e0:5a:1b:15:b2:ee,MF10E5
RX_CCS_E2_20260121,432979,ADV,-33,e0:5a:1b:15:b2:ee,MF10E6
RX_CCS_E2_20260121,433082,ADV,-35,e0:5a:1b:15:b2:ee,MF10E7
RX_CCS_E2_20260121,433192,ADV,-35,e0:5a:1b:15:b2:ee,MF10E8
RX_CCS_E2_20260121,433292,ADV,-32,e0:5a:1b:15:b2:ee,MF10E9
RX_CCS_E2_20260121,433397,ADV,-38,e0:5a:1b:15:b2:ee,MF10EA
RX_CCS_E2_20260121,433502,ADV,-35,e0:5a:1b:15:b2:ee,MF10EB
RX_CCS_E2_20260121,433602,ADV,-32,e0:5a:1b:15:b2:ee,MF10EC
RX_CCS_E2_20260121,433705,ADV,-38,e0:5a:1b:15:b2:ee,MF10ED
RX_CCS_E2_20260121,433809,ADV,-35,e0:5a:1b:15:b2:ee,MF10EE
RX_CCS_E2_20260121,433909,ADV,-32,e0:5a:1b:15:b2:ee,MF10EF
RX_CCS_E2_20260121,434014,ADV,-35,e0:5a:1b:15:b2:ee,MF10F0
RX_CCS_E2_20260121,434128,ADV,-35,e0:5a:1b:15:b2:ee,MF10F1
RX_CCS_E2_20260121,434228,ADV,-31,e0:5a:1b:15:b2:ee,MF10F2
RX_CCS_E2_20260121,434331,ADV,-35,e0:5a:1b:15:b2:ee,MF10F3
RX_CCS_E2_20260121,434433,ADV,-35,e0:5a:1b:15:b2:ee,MF10F4
RX_CCS_E2_20260121,434543,ADV,-32,e0:5a:1b:15:b2:ee,MF10F6
RX_CCS_E2_20260121,434648,ADV,-38,e0:5a:1b:15:b2:ee,MF10F7
RX_CCS_E2_20260121,435061,ADV,-33,e0:5a:1b:15:b2:ee,MF10FB
RX_CCS_E2_20260121,435170,ADV,-35,e0:5a:1b:15:b2:ee,MF10FC
RX_CCS_E2_20260121,435275,ADV,-35,e0:5a:1b:15:b2:ee,MF10FD
RX_CCS_E2_20260121,435382,ADV,-32,e0:5a:1b:15:b2:ee,MF10FE
RX_CCS_E2_20260121,435491,ADV,-38,e0:5a:1b:15:b2:ee,MF10FF
RX_CCS_E2_20260121,435599,ADV,-35,e0:5a:1b:15:b2:ee,MF1100
RX_CCS_E2_20260121,435704,ADV,-32,e0:5a:1b:15:b2:ee,MF1101
RX_CCS_E2_20260121,435809,ADV,-38,e0:5a:1b:15:b2:ee,MF1102
RX_CCS_E2_20260121,435919,ADV,-35,e0:5a:1b:15:b2:ee,MF1103
RX_CCS_E2_20260121,436015,ADV,-32,e0:5a:1b:15:b2:ee,MF1104
RX_CCS_E2_20260121,436119,ADV,-35,e0:5a:1b:15:b2:ee,MF1105
RX_CCS_E2_20260121,436219,ADV,-35,e0:5a:1b:15:b2:ee,MF1106
RX_CCS_E2_20260121,436322,ADV,-32,e0:5a:1b:15:b2:ee,MF1107
RX_CCS_E2_20260121,436431,ADV,-35,e0:5a:1b:15:b2:ee,MF1108
RX_CCS_E2_20260121,436542,ADV,-36,e0:5a:1b:15:b2:ee,MF110A
RX_CCS_E2_20260121,436646,ADV,-32,e0:5a:1b:15:b2:ee,MF110B
RX_CCS_E2_20260121,436748,ADV,-38,e0:5a:1b:15:b2:ee,MF110C
RX_CCS_E2_20260121,437162,ADV,-32,e0:5a:1b:15:b2:ee,MF1110
RX_CCS_E2_20260121,437267,ADV,-38,e0:5a:1b:15:b2:ee,MF1111
RX_CCS_E2_20260121,437377,ADV,-35,e0:5a:1b:15:b2:ee,MF1112
RX_CCS_E2_20260121,437477,ADV,-32,e0:5a:1b:15:b2:ee,MF1113
RX_CCS_E2_20260121,437579,ADV,-35,e0:5a:1b:15:b2:ee,MF1114
RX_CCS_E2_20260121,437681,ADV,-35,e0:5a:1b:15:b2:ee,MF1115
RX_CCS_E2_20260121,437784,ADV,-32,e0:5a:1b:15:b2:ee,MF1116
RX_CCS_E2_20260121,437906,ADV,-35,e0:5a:1b:15:b2:ee,MF1117
RX_CCS_E2_20260121,438005,ADV,-35,e0:5a:1b:15:b2:ee,MF1118
RX_CCS_E2_20260121,438096,ADV,-32,e0:5a:1b:15:b2:ee,MF1119
RX_CCS_E2_20260121,438204,ADV,-38,e0:5a:1b:15:b2:ee,MF111A
RX_CCS_E2_20260121,438329,ADV,-35,e0:5a:1b:15:b2:ee,MF111B
RX_CCS_E2_20260121,438413,ADV,-32,e0:5a:1b:15:b2:ee,MF111C
RX_CCS_E2_20260121,438518,ADV,-35,e0:5a:1b:15:b2:ee,MF111D
RX_CCS_E2_20260121,438648,ADV,-35,e0:5a:1b:15:b2:ee,MF111E
RX_CCS_E2_20260121,438740,ADV,-32,e0:5a:1b:15:b2:ee,MF111F
RX_CCS_E2_20260121,438848,ADV,-35,e0:5a:1b:15:b2:ee,MF1121
RX_CCS_E2_20260121,439164,ADV,-35,e0:5a:1b:15:b2:ee,MF1124
RX_CCS_E2_20260121,439272,ADV,-32,e0:5a:1b:15:b2:ee,MF1125
RX_CCS_E2_20260121,439383,ADV,-34,e0:5a:1b:15:b2:ee,MF1126
RX_CCS_E2_20260121,439478,ADV,-35,e0:5a:1b:15:b2:ee,MF1127
RX_CCS_E2_20260121,439604,ADV,-32,e0:5a:1b:15:b2:ee,MF1128
RX_CCS_E2_20260121,439688,ADV,-35,e0:5a:1b:15:b2:ee,MF1129
RX_CCS_E2_20260121,439818,ADV,-36,e0:5a:1b:15:b2:ee,MF112A
RX_CCS_E2_20260121,439897,ADV,-32,e0:5a:1b:15:b2:ee,MF112B
RX_CCS_E2_20260121,440004,ADV,-35,e0:5a:1b:15:b2:ee,MF112C
RX_CCS_E2_20260121,440216,ADV,-32,e0:5a:1b:15:b2:ee,MF112E
RX_CCS_E2_20260121,440317,ADV,-35,e0:5a:1b:15:b2:ee,MF112F
RX_CCS_E2_20260121,440448,ADV,-35,e0:5a:1b:15:b2:ee,MF1130
RX_CCS_E2_20260121,440525,ADV,-33,e0:5a:1b:15:b2:ee,MF1131
RX_CCS_E2_20260121,440648,ADV,-35,e0:5a:1b:15:b2:ee,MF1132
RX_CCS_E2_20260121,440833,ADV,-32,e0:5a:1b:15:b2:ee,MF1134
RX_CCS_E2_20260121,440937,ADV,-35,e0:5a:1b:15:b2:ee,MF1135
RX_CCS_E2_20260121,441046,ADV,-35,e0:5a:1b:15:b2:ee,MF1137
RX_CCS_E2_20260121,441148,ADV,-32,e0:5a:1b:15:b2:ee,MF1138
RX_CCS_E2_20260121,441464,ADV,-35,e0:5a:1b:15:b2:ee,MF113B
RX_CCS_E2_20260121,441569,ADV,-35,e0:5a:1b:15:b2:ee,MF113C
RX_CCS_E2_20260121,441676,ADV,-32,e0:5a:1b:15:b2:ee,MF113D
RX_CCS_E2_20260121,441780,ADV,-35,e0:5a:1b:15:b2:ee,MF113E
RX_CCS_E2_20260121,441883,ADV,-35,e0:5a:1b:15:b2:ee,MF113F
RX_CCS_E2_20260121,441980,ADV,-32,e0:5a:1b:15:b2:ee,MF1140
RX_CCS_E2_20260121,442097,ADV,-35,e0:5a:1b:15:b2:ee,MF1141
RX_CCS_E2_20260121,442206,ADV,-35,e0:5a:1b:15:b2:ee,MF1142
RX_CCS_E2_20260121,442407,ADV,-38,e0:5a:1b:15:b2:ee,MF1144
RX_CCS_E2_20260121,442508,ADV,-35,e0:5a:1b:15:b2:ee,MF1145
RX_CCS_E2_20260121,442607,ADV,-32,e0:5a:1b:15:b2:ee,MF1146
RX_CCS_E2_20260121,442725,ADV,-35,e0:5a:1b:15:b2:ee,MF1147
RX_CCS_E2_20260121,442826,ADV,-35,e0:5a:1b:15:b2:ee,MF1148
RX_CCS_E2_20260121,442930,ADV,-32,e0:5a:1b:15:b2:ee,MF1149
RX_CCS_E2_20260121,443035,ADV,-35,e0:5a:1b:15:b2:ee,MF114A
RX_CCS_E2_20260121,443139,ADV,-35,e0:5a:1b:15:b2:ee,MF114C
RX_CCS_E2_20260121,443248,ADV,-32,e0:5a:1b:15:b2:ee,MF114D
RX_CCS_E2_20260121,443348,ADV,-35,e0:5a:1b:15:b2:ee,MF114E
RX_CCS_E2_20260121,443664,ADV,-35,e0:5a:1b:15:b2:ee,MF1151
RX_CCS_E2_20260121,443762,ADV,-32,e0:5a:1b:15:b2:ee,MF1152
RX_CCS_E2_20260121,443870,ADV,-38,e0:5a:1b:15:b2:ee,MF1153
RX_CCS_E2_20260121,444082,ADV,-32,e0:5a:1b:15:b2:ee,MF1155
RX_CCS_E2_20260121,444179,ADV,-35,e0:5a:1b:15:b2:ee,MF1156
RX_CCS_E2_20260121,444289,ADV,-35,e0:5a:1b:15:b2:ee,MF1157
RX_CCS_E2_20260121,444415,ADV,-32,e0:5a:1b:15:b2:ee,MF1158
RX_CCS_E2_20260121,444605,ADV,-35,e0:5a:1b:15:b2:ee,MF115A
RX_CCS_E2_20260121,444712,ADV,-32,e0:5a:1b:15:b2:ee,MF115B
RX_CCS_E2_20260121,444808,ADV,-35,e0:5a:1b:15:b2:ee,MF115C
RX_CCS_E2_20260121,444919,ADV,-35,e0:5a:1b:15:b2:ee,MF115D
RX_CCS_E2_20260121,445024,ADV,-32,e0:5a:1b:15:b2:ee,MF115E
RX_CCS_E2_20260121,445134,ADV,-35,e0:5a:1b:15:b2:ee,MF115F
RX_CCS_E2_20260121,445236,ADV,-35,e0:5a:1b:15:b2:ee,MF1160
RX_CCS_E2_20260121,445336,ADV,-32,e0:5a:1b:15:b2:ee,MF1162
RX_CCS_E2_20260121,445444,ADV,-35,e0:5a:1b:15:b2:ee,MF1163
RX_CCS_E2_20260121,445762,ADV,-35,e0:5a:1b:15:b2:ee,MF1166
RX_CCS_E2_20260121,445869,ADV,-32,e0:5a:1b:15:b2:ee,MF1167
RX_CCS_E2_20260121,445978,ADV,-35,e0:5a:1b:15:b2:ee,MF1168
RX_CCS_E2_20260121,446091,ADV,-36,e0:5a:1b:15:b2:ee,MF1169
RX_CCS_E2_20260121,446188,ADV,-32,e0:5a:1b:15:b2:ee,MF116A
RX_CCS_E2_20260121,446294,ADV,-38,e0:5a:1b:15:b2:ee,MF116B
RX_CCS_E2_20260121,446416,ADV,-35,e0:5a:1b:15:b2:ee,MF116C
RX_CCS_E2_20260121,446541,ADV,-32,e0:5a:1b:15:b2:ee,MF116D
RX_CCS_E2_20260121,446728,ADV,-35,e0:5a:1b:15:b2:ee,MF116F
RX_CCS_E2_20260121,446848,ADV,-32,e0:5a:1b:15:b2:ee,MF1170
RX_CCS_E2_20260121,446940,ADV,-35,e0:5a:1b:15:b2:ee,MF1172
RX_CCS_E2_20260121,447045,ADV,-35,e0:5a:1b:15:b2:ee,MF1173
RX_CCS_E2_20260121,447148,ADV,-32,e0:5a:1b:15:b2:ee,MF1174
RX_CCS_E2_20260121,447569,ADV,-35,e0:5a:1b:15:b2:ee,MF1178
RX_CCS_E2_20260121,447667,ADV,-32,e0:5a:1b:15:b2:ee,MF1179
RX_CCS_E2_20260121,447888,ADV,-36,e0:5a:1b:15:b2:ee,MF117B
RX_CCS_E2_20260121,448011,ADV,-31,e0:5a:1b:15:b2:ee,MF117C
RX_CCS_E2_20260121,448092,ADV,-35,e0:5a:1b:15:b2:ee,MF117D
RX_CCS_E2_20260121,448196,ADV,-35,e0:5a:1b:15:b2:ee,MF117E
RX_CCS_E2_20260121,448299,ADV,-33,e0:5a:1b:15:b2:ee,MF117F
RX_CCS_E2_20260121,448406,ADV,-35,e0:5a:1b:15:b2:ee,MF1180
RX_CCS_E2_20260121,448514,ADV,-35,e0:5a:1b:15:b2:ee,MF1181
RX_CCS_E2_20260121,448616,ADV,-32,e0:5a:1b:15:b2:ee,MF1182
RX_CCS_E2_20260121,448723,ADV,-36,e0:5a:1b:15:b2:ee,MF1183
RX_CCS_E2_20260121,448830,ADV,-35,e0:5a:1b:15:b2:ee,MF1184
RX_CCS_E2_20260121,448932,ADV,-32,e0:5a:1b:15:b2:ee,MF1185
RX_CCS_E2_20260121,449043,ADV,-35,e0:5a:1b:15:b2:ee,MF1187
RX_CCS_E2_20260121,449145,ADV,-35,e0:5a:1b:15:b2:ee,MF1188
RX_CCS_E2_20260121,449669,ADV,-35,e0:5a:1b:15:b2:ee,MF118D
RX_CCS_E2_20260121,449780,ADV,-32,e0:5a:1b:15:b2:ee,MF118E
RX_CCS_E2_20260121,449970,ADV,-36,e0:5a:1b:15:b2:ee,MF1190
RX_CCS_E2_20260121,450070,ADV,-32,e0:5a:1b:15:b2:ee,MF1191
RX_CCS_E2_20260121,450181,ADV,-35,e0:5a:1b:15:b2:ee,MF1192
RX_CCS_E2_20260121,450290,ADV,-35,e0:5a:1b:15:b2:ee,MF1193
RX_CCS_E2_20260121,450391,ADV,-32,e0:5a:1b:15:b2:ee,MF1194
RX_CCS_E2_20260121,450505,ADV,-38,e0:5a:1b:15:b2:ee,MF1195
RX_CCS_E2_20260121,450608,ADV,-35,e0:5a:1b:15:b2:ee,MF1196
RX_CCS_E2_20260121,450715,ADV,-32,e0:5a:1b:15:b2:ee,MF1197
RX_CCS_E2_20260121,450818,ADV,-35,e0:5a:1b:15:b2:ee,MF1198
RX_CCS_E2_20260121,450920,ADV,-35,e0:5a:1b:15:b2:ee,MF1199
RX_CCS_E2_20260121,451022,ADV,-31,e0:5a:1b:15:b2:ee,MF119A
RX_CCS_E2_20260121,451143,ADV,-38,e0:5a:1b:15:b2:ee,MF119B
RX_CCS_E2_20260121,451248,ADV,-35,e0:5a:1b:15:b2:ee,MF119D
RX_CCS_E2_20260121,451663,ADV,-35,e0:5a:1b:15:b2:ee,MF11A1
RX_CCS_E2_20260121,451767,ADV,-35,e0:5a:1b:15:b2:ee,MF11A2
RX_CCS_E2_20260121,451882,ADV,-32,e0:5a:1b:15:b2:ee,MF11A3
RX_CCS_E2_20260121,451971,ADV,-35,e0:5a:1b:15:b2:ee,MF11A4
RX_CCS_E2_20260121,452080,ADV,-35,e0:5a:1b:15:b2:ee,MF11A5
RX_CCS_E2_20260121,452186,ADV,-32,e0:5a:1b:15:b2:ee,MF11A6
RX_CCS_E2_20260121,452295,ADV,-35,e0:5a:1b:15:b2:ee,MF11A7
RX_CCS_E2_20260121,452510,ADV,-32,e0:5a:1b:15:b2:ee,MF11A9
RX_CCS_E2_20260121,452627,ADV,-38,e0:5a:1b:15:b2:ee,MF11AA
RX_CCS_E2_20260121,452717,ADV,-35,e0:5a:1b:15:b2:ee,MF11AB
RX_CCS_E2_20260121,452816,ADV,-32,e0:5a:1b:15:b2:ee,MF11AC
RX_CCS_E2_20260121,452921,ADV,-35,e0:5a:1b:15:b2:ee,MF11AD
RX_CCS_E2_20260121,453048,ADV,-35,e0:5a:1b:15:b2:ee,MF11AE
RX_CCS_E2_20260121,453129,ADV,-32,e0:5a:1b:15:b2:ee,MF11AF
RX_CCS_E2_20260121,453239,ADV,-35,e0:5a:1b:15:b2:ee,MF11B1
RX_CCS_E2_20260121,453342,ADV,-36,e0:5a:1b:15:b2:ee,MF11B2
RX_CCS_E2_20260121,453441,ADV,-32,e0:5a:1b:15:b2:ee,MF11B3
RX_CCS_E2_20260121,453871,ADV,-35,e0:5a:1b:15:b2:ee,MF11B7
RX_CCS_E2_20260121,453976,ADV,-32,e0:5a:1b:15:b2:ee,MF11B8
RX_CCS_E2_20260121,454079,ADV,-35,e0:5a:1b:15:b2:ee,MF11B9
RX_CCS_E2_20260121,454187,ADV,-35,e0:5a:1b:15:b2:ee,MF11BA
RX_CCS_E2_20260121,454294,ADV,-32,e0:5a:1b:15:b2:ee,MF11BB
RX_CCS_E2_20260121,454401,ADV,-35,e0:5a:1b:15:b2:ee,MF11BC
RX_CCS_E2_20260121,454605,ADV,-32,e0:5a:1b:15:b2:ee,MF11BE
RX_CCS_E2_20260121,454715,ADV,-35,e0:5a:1b:15:b2:ee,MF11BF
RX_CCS_E2_20260121,454838,ADV,-35,e0:5a:1b:15:b2:ee,MF11C0
RX_CCS_E2_20260121,454924,ADV,-32,e0:5a:1b:15:b2:ee,MF11C1
RX_CCS_E2_20260121,455044,ADV,-35,e0:5a:1b:15:b2:ee,MF11C2
RX_CCS_E2_20260121,455140,ADV,-35,e0:5a:1b:15:b2:ee,MF11C4
RX_CCS_E2_20260121,455248,ADV,-32,e0:5a:1b:15:b2:ee,MF11C5
RX_CCS_E2_20260121,455564,ADV,-35,e0:5a:1b:15:b2:ee,MF11C8
RX_CCS_E2_20260121,455683,ADV,-35,e0:5a:1b:15:b2:ee,MF11C9
RX_CCS_E2_20260121,455778,ADV,-32,e0:5a:1b:15:b2:ee,MF11CA
RX_CCS_E2_20260121,455878,ADV,-35,e0:5a:1b:15:b2:ee,MF11CB
RX_CCS_E2_20260121,455978,ADV,-35,e0:5a:1b:15:b2:ee,MF11CC
RX_CCS_E2_20260121,456089,ADV,-32,e0:5a:1b:15:b2:ee,MF11CD
RX_CCS_E2_20260121,456191,ADV,-38,e0:5a:1b:15:b2:ee,MF11CE
RX_CCS_E2_20260121,456293,ADV,-36,e0:5a:1b:15:b2:ee,MF11CF
RX_CCS_E2_20260121,456400,ADV,-32,e0:5a:1b:15:b2:ee,MF11D0
RX_CCS_E2_20260121,456508,ADV,-35,e0:5a:1b:15:b2:ee,MF11D1
RX_CCS_E2_20260121,456605,ADV,-35,e0:5a:1b:15:b2:ee,MF11D2
RX_CCS_E2_20260121,456705,ADV,-32,e0:5a:1b:15:b2:ee,MF11D3
RX_CCS_E2_20260121,456806,ADV,-38,e0:5a:1b:15:b2:ee,MF11D4
RX_CCS_E2_20260121,456914,ADV,-35,e0:5a:1b:15:b2:ee,MF11D5
RX_CCS_E2_20260121,457025,ADV,-32,e0:5a:1b:15:b2:ee,MF11D6
RX_CCS_E2_20260121,457123,ADV,-35,e0:5a:1b:15:b2:ee,MF11D7
RX_CCS_E2_20260121,457340,ADV,-32,e0:5a:1b:15:b2:ee,MF11D9
RX_CCS_E2_20260121,457435,ADV,-35,e0:5a:1b:15:b2:ee,MF11DA
RX_CCS_E2_20260121,457548,ADV,-35,e0:5a:1b:15:b2:ee,MF11DC
RX_CCS_E2_20260121,457648,ADV,-32,e0:5a:1b:15:b2:ee,MF11DD
RX_CCS_E2_20260121,457961,ADV,-35,e0:5a:1b:15:b2:ee,MF11E0
RX_CCS_E2_20260121,458062,ADV,-35,e0:5a:1b:15:b2:ee,MF11E1
RX_CCS_E2_20260121,458165,ADV,-32,e0:5a:1b:15:b2:ee,MF11E2
RX_CCS_E2_20260121,458267,ADV,-35,e0:5a:1b:15:b2:ee,MF11E3
RX_CCS_E2_20260121,458368,ADV,-35,e0:5a:1b:15:b2:ee,MF11E4
RX_CCS_E2_20260121,458466,ADV,-32,e0:5a:1b:15:b2:ee,MF11E5
RX_CCS_E2_20260121,458589,ADV,-35,e0:5a:1b:15:b2:ee,MF11E6
RX_CCS_E2_20260121,458686,ADV,-35,e0:5a:1b:15:b2:ee,MF11E7
RX_CCS_E2_20260121,458784,ADV,-32,e0:5a:1b:15:b2:ee,MF11E8
RX_CCS_E2_20260121,458893,ADV,-37,e0:5a:1b:15:b2:ee,MF11E9
RX_CCS_E2_20260121,459033,ADV,-35,e0:5a:1b:15:b2:ee,MF11EA
RX_CCS_E2_20260121,459099,ADV,-32,e0:5a:1b:15:b2:ee,MF11EB
RX_CCS_E2_20260121,459221,ADV,-35,e0:5a:1b:15:b2:ee,MF11EC
RX_CCS_E2_20260121,459312,ADV,-35,e0:5a:1b:15:b2:ee,MF11ED
RX_CCS_E2_20260121,459414,ADV,-32,e0:5a:1b:15:b2:ee,MF11EE
RX_CCS_E2_20260121,459524,ADV,-38,e0:5a:1b:15:b2:ee,MF11EF
RX_CCS_E2_20260121,459631,ADV,-35,e0:5a:1b:15:b2:ee,MF11F0
RX_CCS_E2_20260121,459745,ADV,-32,e0:5a:1b:15:b2:ee,MF11F1
RX_CCS_E2_20260121,459842,ADV,-35,e0:5a:1b:15:b2:ee,MF11F3
RX_CCS_E2_20260121,460167,ADV,-35,e0:5a:1b:15:b2:ee,MF11F6
RX_CCS_E2_20260121,460276,ADV,-32,e0:5a:1b:15:b2:ee,MF11F7
RX_CCS_E2_20260121,460376,ADV,-35,e0:5a:1b:15:b2:ee,MF11F8
RX_CCS_E2_20260121,460485,ADV,-35,e0:5a:1b:15:b2:ee,MF11F9
RX_CCS_E2_20260121,460583,ADV,-32,e0:5a:1b:15:b2:ee,MF11FA
RX_CCS_E2_20260121,460706,ADV,-35,e0:5a:1b:15:b2:ee,MF11FB
RX_CCS_E2_20260121,460802,ADV,-35,e0:5a:1b:15:b2:ee,MF11FC
RX_CCS_E2_20260121,460906,ADV,-32,e0:5a:1b:15:b2:ee,MF11FD
RX_CCS_E2_20260121,460999,ADV,-35,e0:5a:1b:15:b2:ee,MF11FE
RX_CCS_E2_20260121,461109,ADV,-36,e0:5a:1b:15:b2:ee,MF11FF
RX_CCS_E2_20260121,461206,ADV,-32,e0:5a:1b:15:b2:ee,MF1200
RX_CCS_E2_20260121,461312,ADV,-35,e0:5a:1b:15:b2:ee,MF1201
RX_CCS_E2_20260121,461419,ADV,-35,e0:5a:1b:15:b2:ee,MF1202
RX_CCS_E2_20260121,461516,ADV,-32,e0:5a:1b:15:b2:ee,MF1203
RX_CCS_E2_20260121,461624,ADV,-35,e0:5a:1b:15:b2:ee,MF1204
RX_CCS_E2_20260121,461726,ADV,-36,e0:5a:1b:15:b2:ee,MF1205
RX_CCS_E2_20260121,461828,ADV,-32,e0:5a:1b:15:b2:ee,MF1206
RX_CCS_E2_20260121,462044,ADV,-36,e0:5a:1b:15:b2:ee,MF1209
RX_CCS_E2_20260121,462146,ADV,-32,e0:5a:1b:15:b2:ee,MF120A
RX_CCS_E2_20260121,462364,ADV,-32,e0:5a:1b:15:b2:ee,MF120C
RX_CCS_E2_20260121,462472,ADV,-38,e0:5a:1b:15:b2:ee,MF120D
RX_CCS_E2_20260121,462586,ADV,-35,e0:5a:1b:15:b2:ee,MF120E
RX_CCS_E2_20260121,462683,ADV,-32,e0:5a:1b:15:b2:ee,MF120F
RX_CCS_E2_20260121,462787,ADV,-35,e0:5a:1b:15:b2:ee,MF1210
RX_CCS_E2_20260121,462892,ADV,-35,e0:5a:1b:15:b2:ee,MF1211
RX_CCS_E2_20260121,462999,ADV,-32,e0:5a:1b:15:b2:ee,MF1212
RX_CCS_E2_20260121,463124,ADV,-83,e0:5a:1b:15:b2:ee,MF1213
RX_CCS_E2_20260121,463218,ADV,-35,e0:5a:1b:15:b2:ee,MF1214
RX_CCS_E2_20260121,463310,ADV,-32,e0:5a:1b:15:b2:ee,MF1215
RX_CCS_E2_20260121,463417,ADV,-38,e0:5a:1b:15:b2:ee,MF1216
RX_CCS_E2_20260121,463521,ADV,-35,e0:5a:1b:15:b2:ee,MF1217
RX_CCS_E2_20260121,463633,ADV,-32,e0:5a:1b:15:b2:ee,MF1218
RX_CCS_E2_20260121,463733,ADV,-35,e0:5a:1b:15:b2:ee,MF1219
RX_CCS_E2_20260121,463841,ADV,-36,e0:5a:1b:15:b2:ee,MF121B
RX_CCS_E2_20260121,463948,ADV,-32,e0:5a:1b:15:b2:ee,MF121C
RX_CCS_E2_20260121,464366,ADV,-35,e0:5a:1b:15:b2:ee,MF1220
RX_CCS_E2_20260121,464468,ADV,-32,e0:5a:1b:15:b2:ee,MF1221
RX_CCS_E2_20260121,464579,ADV,-35,e0:5a:1b:15:b2:ee,MF1222
RX_CCS_E2_20260121,464684,ADV,-35,e0:5a:1b:15:b2:ee,MF1223
RX_CCS_E2_20260121,464792,ADV,-32,e0:5a:1b:15:b2:ee,MF1224
RX_CCS_E2_20260121,464892,ADV,-38,e0:5a:1b:15:b2:ee,MF1225
RX_CCS_E2_20260121,465012,ADV,-35,e0:5a:1b:15:b2:ee,MF1226
RX_CCS_E2_20260121,465111,ADV,-32,e0:5a:1b:15:b2:ee,MF1227
RX_CCS_E2_20260121,465209,ADV,-35,e0:5a:1b:15:b2:ee,MF1228
RX_CCS_E2_20260121,465321,ADV,-35,e0:5a:1b:15:b2:ee,MF1229
RX_CCS_E2_20260121,465425,ADV,-32,e0:5a:1b:15:b2:ee,MF122A
RX_CCS_E2_20260121,465524,ADV,-35,e0:5a:1b:15:b2:ee,MF122B
RX_CCS_E2_20260121,465642,ADV,-35,e0:5a:1b:15:b2:ee,MF122C
RX_CCS_E2_20260121,465734,ADV,-32,e0:5a:1b:15:b2:ee,MF122D
RX_CCS_E2_20260121,465848,ADV,-35,e0:5a:1b:15:b2:ee,MF122F
RX_CCS_E2_20260121,466364,ADV,-35,e0:5a:1b:15:b2:ee,MF1234
RX_CCS_E2_20260121,466472,ADV,-35,e0:5a:1b:15:b2:ee,MF1235
RX_CCS_E2_20260121,466574,ADV,-32,e0:5a:1b:15:b2:ee,MF1236
RX_CCS_E2_20260121,466683,ADV,-35,e0:5a:1b:15:b2:ee,MF1237
RX_CCS_E2_20260121,466802,ADV,-36,e0:5a:1b:15:b2:ee,MF1238
RX_CCS_E2_20260121,466917,ADV,-32,e0:5a:1b:15:b2:ee,MF1239
RX_CCS_E2_20260121,466997,ADV,-38,e0:5a:1b:15:b2:ee,MF123A
RX_CCS_E2_20260121,467099,ADV,-35,e0:5a:1b:15:b2:ee,MF123B
RX_CCS_E2_20260121,467208,ADV,-32,e0:5a:1b:15:b2:ee,MF123C
RX_CCS_E2_20260121,467308,ADV,-35,e0:5a:1b:15:b2:ee,MF123D
RX_CCS_E2_20260121,467420,ADV,-35,e0:5a:1b:15:b2:ee,MF123E
RX_CCS_E2_20260121,467513,ADV,-32,e0:5a:1b:15:b2:ee,MF123F
RX_CCS_E2_20260121,467621,ADV,-38,e0:5a:1b:15:b2:ee,MF1240
RX_CCS_E2_20260121,467727,ADV,-35,e0:5a:1b:15:b2:ee,MF1241
RX_CCS_E2_20260121,467825,ADV,-32,e0:5a:1b:15:b2:ee,MF1242
RX_CCS_E2_20260121,467934,ADV,-38,e0:5a:1b:15:b2:ee,MF1243
RX_CCS_E2_20260121,468048,ADV,-35,e0:5a:1b:15:b2:ee,MF1244
RX_CCS_E2_20260121,468143,ADV,-32,e0:5a:1b:15:b2:ee,MF1246
RX_CCS_E2_20260121,468242,ADV,-35,e0:5a:1b:15:b2:ee,MF1247
RX_CCS_E2_20260121,468460,ADV,-38,e0:5a:1b:15:b2:ee,MF1249
RX_CCS_E2_20260121,468574,ADV,-36,e0:5a:1b:15:b2:ee,MF124A
RX_CCS_E2_20260121,468671,ADV,-32,e0:5a:1b:15:b2:ee,MF124B
RX_CCS_E2_20260121,468779,ADV,-35,e0:5a:1b:15:b2:ee,MF124C
RX_CCS_E2_20260121,468896,ADV,-35,e0:5a:1b:15:b2:ee,MF124D
RX_CCS_E2_20260121,468991,ADV,-32,e0:5a:1b:15:b2:ee,MF124E
RX_CCS_E2_20260121,469098,ADV,-38,e0:5a:1b:15:b2:ee,MF124F
RX_CCS_E2_20260121,469204,ADV,-35,e0:5a:1b:15:b2:ee,MF1250
RX_CCS_E2_20260121,469304,ADV,-32,e0:5a:1b:15:b2:ee,MF1251
RX_CCS_E2_20260121,469409,ADV,-38,e0:5a:1b:15:b2:ee,MF1252
RX_CCS_E2_20260121,469521,ADV,-36,e0:5a:1b:15:b2:ee,MF1253
RX_CCS_E2_20260121,469624,ADV,-32,e0:5a:1b:15:b2:ee,MF1254
RX_CCS_E2_20260121,469732,ADV,-35,e0:5a:1b:15:b2:ee,MF1255
RX_CCS_E2_20260121,469838,ADV,-35,e0:5a:1b:15:b2:ee,MF1256
RX_CCS_E2_20260121,469935,ADV,-32,e0:5a:1b:15:b2:ee,MF1257
RX_CCS_E2_20260121,470048,ADV,-38,e0:5a:1b:15:b2:ee,MF1259
RX_CCS_E2_20260121,470148,ADV,-35,e0:5a:1b:15:b2:ee,MF125A
RX_CCS_E2_20260121,470460,ADV,-32,e0:5a:1b:15:b2:ee,MF125D
RX_CCS_E2_20260121,470568,ADV,-38,e0:5a:1b:15:b2:ee,MF125E
RX_CCS_E2_20260121,470671,ADV,-35,e0:5a:1b:15:b2:ee,MF125F
RX_CCS_E2_20260121,470778,ADV,-32,e0:5a:1b:15:b2:ee,MF1260
RX_CCS_E2_20260121,470886,ADV,-35,e0:5a:1b:15:b2:ee,MF1261
RX_CCS_E2_20260121,470997,ADV,-35,e0:5a:1b:15:b2:ee,MF1262
RX_CCS_E2_20260121,471101,ADV,-32,e0:5a:1b:15:b2:ee,MF1263
RX_CCS_E2_20260121,471209,ADV,-35,e0:5a:1b:15:b2:ee,MF1264
RX_CCS_E2_20260121,471321,ADV,-35,e0:5a:1b:15:b2:ee,MF1265
RX_CCS_E2_20260121,471428,ADV,-32,e0:5a:1b:15:b2:ee,MF1266
RX_CCS_E2_20260121,471535,ADV,-35,e0:5a:1b:15:b2:ee,MF1267
RX_CCS_E2_20260121,471642,ADV,-35,e0:5a:1b:15:b2:ee,MF1269
RX_CCS_E2_20260121,472177,ADV,-35,e0:5a:1b:15:b2:ee,MF126E
RX_CCS_E2_20260121,472291,ADV,-32,e0:5a:1b:15:b2:ee,MF126F
RX_CCS_E2_20260121,472371,ADV,-36,e0:5a:1b:15:b2:ee,MF1270
RX_CCS_E2_20260121,472480,ADV,-35,e0:5a:1b:15:b2:ee,MF1271
RX_CCS_E2_20260121,472581,ADV,-33,e0:5a:1b:15:b2:ee,MF1272
RX_CCS_E2_20260121,472687,ADV,-35,e0:5a:1b:15:b2:ee,MF1273
RX_CCS_E2_20260121,472795,ADV,-35,e0:5a:1b:15:b2:ee,MF1274
RX_CCS_E2_20260121,472897,ADV,-32,e0:5a:1b:15:b2:ee,MF1275
RX_CCS_E2_20260121,473002,ADV,-35,e0:5a:1b:15:b2:ee,MF1276
RX_CCS_E2_20260121,473108,ADV,-35,e0:5a:1b:15:b2:ee,MF1277
RX_CCS_E2_20260121,473207,ADV,-32,e0:5a:1b:15:b2:ee,MF1278
RX_CCS_E2_20260121,473342,ADV,-38,e0:5a:1b:15:b2:ee,MF1279
RX_CCS_E2_20260121,473432,ADV,-35,e0:5a:1b:15:b2:ee,MF127A
RX_CCS_E2_20260121,473533,ADV,-32,e0:5a:1b:15:b2:ee,MF127B
RX_CCS_E2_20260121,473639,ADV,-35,e0:5a:1b:15:b2:ee,MF127D
RX_CCS_E2_20260121,473748,ADV,-35,e0:5a:1b:15:b2:ee,MF127E
RX_CCS_E2_20260121,474062,ADV,-32,e0:5a:1b:15:b2:ee,MF1281
RX_CCS_E2_20260121,474185,ADV,-38,e0:5a:1b:15:b2:ee,MF1282
RX_CCS_E2_20260121,474286,ADV,-35,e0:5a:1b:15:b2:ee,MF1283
RX_CCS_E2_20260121,474382,ADV,-32,e0:5a:1b:15:b2:ee,MF1284
RX_CCS_E2_20260121,474495,ADV,-38,e0:5a:1b:15:b2:ee,MF1285
RX_CCS_E2_20260121,474600,ADV,-35,e0:5a:1b:15:b2:ee,MF1286
RX_CCS_E2_20260121,474714,ADV,-32,e0:5a:1b:15:b2:ee,MF1287
RX_CCS_E2_20260121,474816,ADV,-38,e0:5a:1b:15:b2:ee,MF1288
RX_CCS_E2_20260121,474923,ADV,-35,e0:5a:1b:15:b2:ee,MF1289
RX_CCS_E2_20260121,475017,ADV,-32,e0:5a:1b:15:b2:ee,MF128A
RX_CCS_E2_20260121,475122,ADV,-35,e0:5a:1b:15:b2:ee,MF128B
RX_CCS_E2_20260121,475248,ADV,-36,e0:5a:1b:15:b2:ee,MF128C
RX_CCS_E2_20260121,475336,ADV,-32,e0:5a:1b:15:b2:ee,MF128D
RX_CCS_E2_20260121,475432,ADV,-35,e0:5a:1b:15:b2:ee,MF128E
RX_CCS_E2_20260121,475536,ADV,-35,e0:5a:1b:15:b2:ee,MF128F
RX_CCS_E2_20260121,475646,ADV,-32,e0:5a:1b:15:b2:ee,MF1291
RX_CCS_E2_20260121,475748,ADV,-35,e0:5a:1b:15:b2:ee,MF1292
RX_CCS_E2_20260121,475847,ADV,-35,e0:5a:1b:15:b2:ee,MF1293
RX_CCS_E2_20260121,475947,ADV,-32,e0:5a:1b:15:b2:ee,MF1294
RX_CCS_E2_20260121,476287,ADV,-35,e0:5a:1b:15:b2:ee,MF1297
RX_CCS_E2_20260121,476370,ADV,-35,e0:5a:1b:15:b2:ee,MF1298
RX_CCS_E2_20260121,476473,ADV,-32,e0:5a:1b:15:b2:ee,MF1299
RX_CCS_E2_20260121,476578,ADV,-38,e0:5a:1b:15:b2:ee,MF129A
RX_CCS_E2_20260121,476683,ADV,-35,e0:5a:1b:15:b2:ee,MF129B
RX_CCS_E2_20260121,476813,ADV,-32,e0:5a:1b:15:b2:ee,MF129C
RX_CCS_E2_20260121,476883,ADV,-38,e0:5a:1b:15:b2:ee,MF129D
RX_CCS_E2_20260121,477003,ADV,-35,e0:5a:1b:15:b2:ee,MF129E
RX_CCS_E2_20260121,477100,ADV,-32,e0:5a:1b:15:b2:ee,MF129F
RX_CCS_E2_20260121,477207,ADV,-35,e0:5a:1b:15:b2:ee,MF12A0
RX_CCS_E2_20260121,477314,ADV,-35,e0:5a:1b:15:b2:ee,MF12A1
RX_CCS_E2_20260121,477412,ADV,-32,e0:5a:1b:15:b2:ee,MF12A2
RX_CCS_E2_20260121,477518,ADV,-35,e0:5a:1b:15:b2:ee,MF12A3
RX_CCS_E2_20260121,477629,ADV,-35,e0:5a:1b:15:b2:ee,MF12A4
RX_CCS_E2_20260121,477733,ADV,-32,e0:5a:1b:15:b2:ee,MF12A5
RX_CCS_E2_20260121,477846,ADV,-38,e0:5a:1b:15:b2:ee,MF12A7
RX_CCS_E2_20260121,478160,ADV,-35,e0:5a:1b:15:b2:ee,MF12AA
RX_CCS_E2_20260121,478265,ADV,-31,e0:5a:1b:15:b2:ee,MF12AB
RX_CCS_E2_20260121,478371,ADV,-35,e0:5a:1b:15:b2:ee,MF12AC
RX_CCS_E2_20260121,478477,ADV,-35,e0:5a:1b:15:b2:ee,MF12AD
RX_CCS_E2_20260121,478575,ADV,-32,e0:5a:1b:15:b2:ee,MF12AE
RX_CCS_E2_20260121,478679,ADV,-35,e0:5a:1b:15:b2:ee,MF12AF
RX_CCS_E2_20260121,478787,ADV,-35,e0:5a:1b:15:b2:ee,MF12B0
RX_CCS_E2_20260121,478894,ADV,-32,e0:5a:1b:15:b2:ee,MF12B1
RX_CCS_E2_20260121,479004,ADV,-35,e0:5a:1b:15:b2:ee,MF12B2
RX_CCS_E2_20260121,479117,ADV,-35,e0:5a:1b:15:b2:ee,MF12B3
RX_CCS_E2_20260121,479213,ADV,-32,e0:5a:1b:15:b2:ee,MF12B4
RX_CCS_E2_20260121,479348,ADV,-38,e0:5a:1b:15:b2:ee,MF12B5
RX_CCS_E2_20260121,479418,ADV,-35,e0:5a:1b:15:b2:ee,MF12B6
RX_CCS_E2_20260121,479518,ADV,-32,e0:5a:1b:15:b2:ee,MF12B7
RX_CCS_E2_20260121,479625,ADV,-38,e0:5a:1b:15:b2:ee,MF12B8
RX_CCS_E2_20260121,479726,ADV,-35,e0:5a:1b:15:b2:ee,MF12B9
RX_CCS_E2_20260121,479834,ADV,-32,e0:5a:1b:15:b2:ee,MF12BA
RX_CCS_E2_20260121,479948,ADV,-35,e0:5a:1b:15:b2:ee,MF12BB
RX_CCS_E2_20260121,480048,ADV,-36,e0:5a:1b:15:b2:ee,MF12BD
RX_CCS_E2_20260121,480145,ADV,-32,e0:5a:1b:15:b2:ee,MF12BE
RX_CCS_E2_20260121,480360,ADV,-32,e0:5a:1b:15:b2:ee,MF12C0
RX_CCS_E2_20260121,480565,ADV,-35,e0:5a:1b:15:b2:ee,MF12C2
RX_CCS_E2_20260121,480667,ADV,-33,e0:5a:1b:15:b2:ee,MF12C3
RX_CCS_E2_20260121,480881,ADV,-35,e0:5a:1b:15:b2:ee,MF12C5
RX_CCS_E2_20260121,480980,ADV,-32,e0:5a:1b:15:b2:ee,MF12C6
RX_CCS_E2_20260121,481088,ADV,-35,e0:5a:1b:15:b2:ee,MF12C7
RX_CCS_E2_20260121,481195,ADV,-35,e0:5a:1b:15:b2:ee,MF12C8
RX_CCS_E2_20260121,481307,ADV,-32,e0:5a:1b:15:b2:ee,MF12C9
RX_CCS_E2_20260121,481409,ADV,-38,e0:5a:1b:15:b2:ee,MF12CA
RX_CCS_E2_20260121,481507,ADV,-35,e0:5a:1b:15:b2:ee,MF12CB
RX_CCS_E2_20260121,481608,ADV,-32,e0:5a:1b:15:b2:ee,MF12CC
RX_CCS_E2_20260121,481716,ADV,-35,e0:5a:1b:15:b2:ee,MF12CD
RX_CCS_E2_20260121,481817,ADV,-36,e0:5a:1b:15:b2:ee,MF12CE
RX_CCS_E2_20260121,481918,ADV,-32,e0:5a:1b:15:b2:ee,MF12CF
RX_CCS_E2_20260121,482023,ADV,-35,e0:5a:1b:15:b2:ee,MF12D0
RX_CCS_E2_20260121,482123,ADV,-35,e0:5a:1b:15:b2:ee,MF12D1
RX_CCS_E2_20260121,482222,ADV,-32,e0:5a:1b:15:b2:ee,MF12D2
RX_CCS_E2_20260121,482343,ADV,-38,e0:5a:1b:15:b2:ee,MF12D3
RX_CCS_E2_20260121,482446,ADV,-35,e0:5a:1b:15:b2:ee,MF12D4
RX_CCS_E2_20260121,482535,ADV,-32,e0:5a:1b:15:b2:ee,MF12D5
RX_CCS_E2_20260121,482648,ADV,-35,e0:5a:1b:15:b2:ee,MF12D7
RX_CCS_E2_20260121,482962,ADV,-36,e0:5a:1b:15:b2:ee,MF12DA
RX_CCS_E2_20260121,483125,ADV,-32,e0:5a:1b:15:b2:ee,MF12DB
RX_CCS_E2_20260121,483168,ADV,-38,e0:5a:1b:15:b2:ee,MF12DC
RX_CCS_E2_20260121,483273,ADV,-35,e0:5a:1b:15:b2:ee,MF12DD
RX_CCS_E2_20260121,483482,ADV,-35,e0:5a:1b:15:b2:ee,MF12DF
RX_CCS_E2_20260121,483590,ADV,-35,e0:5a:1b:15:b2:ee,MF12E0
RX_CCS_E2_20260121,483701,ADV,-32,e0:5a:1b:15:b2:ee,MF12E1
RX_CCS_E2_20260121,483801,ADV,-35,e0:5a:1b:15:b2:ee,MF12E2
RX_CCS_E2_20260121,483926,ADV,-35,e0:5a:1b:15:b2:ee,MF12E3
RX_CCS_E2_20260121,484026,ADV,-32,e0:5a:1b:15:b2:ee,MF12E4
RX_CCS_E2_20260121,484116,ADV,-35,e0:5a:1b:15:b2:ee,MF12E5
RX_CCS_E2_20260121,484225,ADV,-35,e0:5a:1b:15:b2:ee,MF12E6
RX_CCS_E2_20260121,484324,ADV,-32,e0:5a:1b:15:b2:ee,MF12E7
RX_CCS_E2_20260121,484434,ADV,-35,e0:5a:1b:15:b2:ee,MF12E8
RX_CCS_E2_20260121,484538,ADV,-35,e0:5a:1b:15:b2:ee,MF12EA
RX_CCS_E2_20260121,484648,ADV,-32,e0:5a:1b:15:b2:ee,MF12EB
RX_CCS_E2_20260121,484749,ADV,-38,e0:5a:1b:15:b2:ee,MF12EC
RX_CCS_E2_20260121,485067,ADV,-35,e0:5a:1b:15:b2:ee,MF12EF
RX_CCS_E2_20260121,485169,ADV,-32,e0:5a:1b:15:b2:ee,MF12F0
RX_CCS_E2_20260121,485272,ADV,-35,e0:5a:1b:15:b2:ee,MF12F1
RX_CCS_E2_20260121,485388,ADV,-35,e0:5a:1b:15:b2:ee,MF12F2
RX_CCS_E2_20260121,485494,ADV,-32,e0:5a:1b:15:b2:ee,MF12F3
RX_CCS_E2_20260121,485589,ADV,-35,e0:5a:1b:15:b2:ee,MF12F4
RX_CCS_E2_20260121,485735,ADV,-35,e0:5a:1b:15:b2:ee,MF12F5
RX_CCS_E2_20260121,485799,ADV,-32,e0:5a:1b:15:b2:ee,MF12F6
RX_CCS_E2_20260121,485913,ADV,-38,e0:5a:1b:15:b2:ee,MF12F7
RX_CCS_E2_20260121,486017,ADV,-35,e0:5a:1b:15:b2:ee,MF12F8
RX_CCS_E2_20260121,486128,ADV,-32,e0:5a:1b:15:b2:ee,MF12F9
RX_CCS_E2_20260121,486233,ADV,-35,e0:5a:1b:15:b2:ee,MF12FA
RX_CCS_E2_20260121,486348,ADV,-35,e0:5a:1b:15:b2:ee,MF12FC
RX_CCS_E2_20260121,486447,ADV,-32,e0:5a:1b:15:b2:ee,MF12FD
RX_CCS_E2_20260121,486666,ADV,-32,e0:5a:1b:15:b2:ee,MF12FF
RX_CCS_E2_20260121,486770,ADV,-35,e0:5a:1b:15:b2:ee,MF1300
RX_CCS_E2_20260121,486871,ADV,-35,e0:5a:1b:15:b2:ee,MF1301
RX_CCS_E2_20260121,487081,ADV,-38,e0:5a:1b:15:b2:ee,MF1303
RX_CCS_E2_20260121,487186,ADV,-35,e0:5a:1b:15:b2:ee,MF1304
RX_CCS_E2_20260121,487302,ADV,-32,e0:5a:1b:15:b2:ee,MF1305
RX_CCS_E2_20260121,487391,ADV,-38,e0:5a:1b:15:b2:ee,MF1306
RX_CCS_E2_20260121,487494,ADV,-35,e0:5a:1b:15:b2:ee,MF1307
RX_CCS_E2_20260121,487610,ADV,-32,e0:5a:1b:15:b2:ee,MF1308
RX_CCS_E2_20260121,487697,ADV,-38,e0:5a:1b:15:b2:ee,MF1309
RX_CCS_E2_20260121,487815,ADV,-35,e0:5a:1b:15:b2:ee,MF130A
RX_CCS_E2_20260121,487904,ADV,-32,e0:5a:1b:15:b2:ee,MF130B
RX_CCS_E2_20260121,488012,ADV,-35,e0:5a:1b:15:b2:ee,MF130C
RX_CCS_E2_20260121,488124,ADV,-35,e0:5a:1b:15:b2:ee,MF130D
RX_CCS_E2_20260121,488326,ADV,-35,e0:5a:1b:15:b2:ee,MF130F
RX_CCS_E2_20260121,488436,ADV,-36,e0:5a:1b:15:b2:ee,MF1310
RX_CCS_E2_20260121,488637,ADV,-35,e0:5a:1b:15:b2:ee,MF1313
RX_CCS_E2_20260121,488741,ADV,-35,e0:5a:1b:15:b2:ee,MF1314
RX_CCS_E2_20260121,488848,ADV,-32,e0:5a:1b:15:b2:ee,MF1315
RX_CCS_E2_20260121,489262,ADV,-35,e0:5a:1b:15:b2:ee,MF1319
RX_CCS_E2_20260121,489366,ADV,-32,e0:5a:1b:15:b2:ee,MF131A
RX_CCS_E2_20260121,489484,ADV,-35,e0:5a:1b:15:b2:ee,MF131B
RX_CCS_E2_20260121,489600,ADV,-35,e0:5a:1b:15:b2:ee,MF131C
RX_CCS_E2_20260121,489688,ADV,-32,e0:5a:1b:15:b2:ee,MF131D
RX_CCS_E2_20260121,489826,ADV,-34,e0:5a:1b:15:b2:ee,MF131E
RX_CCS_E2_20260121,489897,ADV,-35,e0:5a:1b:15:b2:ee,MF131F
RX_CCS_E2_20260121,489991,ADV,-32,e0:5a:1b:15:b2:ee,MF1320
RX_CCS_E2_20260121,490108,ADV,-35,e0:5a:1b:15:b2:ee,MF1321
RX_CCS_E2_20260121,490209,ADV,-35,e0:5a:1b:15:b2:ee,MF1322
RX_CCS_E2_20260121,490310,ADV,-32,e0:5a:1b:15:b2:ee,MF1323
RX_CCS_E2_20260121,490416,ADV,-35,e0:5a:1b:15:b2:ee,MF1324
RX_CCS_E2_20260121,490530,ADV,-35,e0:5a:1b:15:b2:ee,MF1325
RX_CCS_E2_20260121,490633,ADV,-32,e0:5a:1b:15:b2:ee,MF1326
RX_CCS_E2_20260121,490737,ADV,-35,e0:5a:1b:15:b2:ee,MF1328
RX_CCS_E2_20260121,490948,ADV,-32,e0:5a:1b:15:b2:ee,MF132A
RX_CCS_E2_20260121,491062,ADV,-35,e0:5a:1b:15:b2:ee,MF132B
RX_CCS_E2_20260121,491160,ADV,-32,e0:5a:1b:15:b2:ee,MF132C
RX_CCS_E2_20260121,491267,ADV,-35,e0:5a:1b:15:b2:ee,MF132D
RX_CCS_E2_20260121,491374,ADV,-35,e0:5a:1b:15:b2:ee,MF132E
RX_CCS_E2_20260121,491493,ADV,-32,e0:5a:1b:15:b2:ee,MF132F
RX_CCS_E2_20260121,491580,ADV,-35,e0:5a:1b:15:b2:ee,MF1330
RX_CCS_E2_20260121,491687,ADV,-35,e0:5a:1b:15:b2:ee,MF1331
RX_CCS_E2_20260121,491786,ADV,-32,e0:5a:1b:15:b2:ee,MF1332
RX_CCS_E2_20260121,491896,ADV,-35,e0:5a:1b:15:b2:ee,MF1333
RX_CCS_E2_20260121,492023,ADV,-35,e0:5a:1b:15:b2:ee,MF1334
RX_CCS_E2_20260121,492106,ADV,-32,e0:5a:1b:15:b2:ee,MF1335
RX_CCS_E2_20260121,492220,ADV,-38,e0:5a:1b:15:b2:ee,MF1336
RX_CCS_E2_20260121,492315,ADV,-35,e0:5a:1b:15:b2:ee,MF1337
RX_CCS_E2_20260121,492413,ADV,-32,e0:5a:1b:15:b2:ee,MF1338
RX_CCS_E2_20260121,492516,ADV,-35,e0:5a:1b:15:b2:ee,MF1339
RX_CCS_E2_20260121,492626,ADV,-35,e0:5a:1b:15:b2:ee,MF133A
RX_CCS_E2_20260121,492724,ADV,-32,e0:5a:1b:15:b2:ee,MF133B
RX_CCS_E2_20260121,492834,ADV,-35,e0:5a:1b:15:b2:ee,MF133C
RX_CCS_E2_20260121,492948,ADV,-35,e0:5a:1b:15:b2:ee,MF133E
RX_CCS_E2_20260121,493043,ADV,-32,e0:5a:1b:15:b2:ee,MF133F
RX_CCS_E2_20260121,493361,ADV,-35,e0:5a:1b:15:b2:ee,MF1342
RX_CCS_E2_20260121,493467,ADV,-36,e0:5a:1b:15:b2:ee,MF1343
RX_CCS_E2_20260121,493579,ADV,-32,e0:5a:1b:15:b2:ee,MF1344
RX_CCS_E2_20260121,493690,ADV,-38,e0:5a:1b:15:b2:ee,MF1345
RX_CCS_E2_20260121,493789,ADV,-36,e0:5a:1b:15:b2:ee,MF1346
RX_CCS_E2_20260121,493894,ADV,-32,e0:5a:1b:15:b2:ee,MF1347
RX_CCS_E2_20260121,494013,ADV,-35,e0:5a:1b:15:b2:ee,MF1348
RX_CCS_E2_20260121,494111,ADV,-35,e0:5a:1b:15:b2:ee,MF1349
RX_CCS_E2_20260121,494216,ADV,-32,e0:5a:1b:15:b2:ee,MF134A
RX_CCS_E2_20260121,494313,ADV,-35,e0:5a:1b:15:b2:ee,MF134B
RX_CCS_E2_20260121,494420,ADV,-35,e0:5a:1b:15:b2:ee,MF134C
RX_CCS_E2_20260121,494529,ADV,-32,e0:5a:1b:15:b2:ee,MF134D
RX_CCS_E2_20260121,494639,ADV,-35,e0:5a:1b:15:b2:ee,MF134E
RX_CCS_E2_20260121,494731,ADV,-35,e0:5a:1b:15:b2:ee,MF134F
RX_CCS_E2_20260121,494831,ADV,-32,e0:5a:1b:15:b2:ee,MF1350
RX_CCS_E2_20260121,494936,ADV,-35,e0:5a:1b:15:b2:ee,MF1351
RX_CCS_E2_20260121,495048,ADV,-35,e0:5a:1b:15:b2:ee,MF1353
RX_CCS_E2_20260121,495148,ADV,-32,e0:5a:1b:15:b2:ee,MF1354
RX_CCS_E2_20260121,495246,ADV,-35,e0:5a:1b:15:b2:ee,MF1355
RX_CCS_E2_20260121,495347,ADV,-35,e0:5a:1b:15:b2:ee,MF1356
RX_CCS_E2_20260121,495560,ADV,-36,e0:5a:1b:15:b2:ee,MF1358
RX_CCS_E2_20260121,495660,ADV,-33,e0:5a:1b:15:b2:ee,MF1359
RX_CCS_E2_20260121,495775,ADV,-35,e0:5a:1b:15:b2:ee,MF135A
RX_CCS_E2_20260121,495881,ADV,-35,e0:5a:1b:15:b2:ee,MF135B
RX_CCS_E2_20260121,495998,ADV,-33,e0:5a:1b:15:b2:ee,MF135C
RX_CCS_E2_20260121,496106,ADV,-35,e0:5a:1b:15:b2:ee,MF135D
RX_CCS_E2_20260121,496203,ADV,-36,e0:5a:1b:15:b2:ee,MF135E
RX_CCS_E2_20260121,496302,ADV,-32,e0:5a:1b:15:b2:ee,MF135F
RX_CCS_E2_20260121,496420,ADV,-35,e0:5a:1b:15:b2:ee,MF1360
RX_CCS_E2_20260121,496510,ADV,-35,e0:5a:1b:15:b2:ee,MF1361
RX_CCS_E2_20260121,496619,ADV,-32,e0:5a:1b:15:b2:ee,MF1362
RX_CCS_E2_20260121,496718,ADV,-35,e0:5a:1b:15:b2:ee,MF1363
RX_CCS_E2_20260121,496827,ADV,-36,e0:5a:1b:15:b2:ee,MF1364
RX_CCS_E2_20260121,496939,ADV,-32,e0:5a:1b:15:b2:ee,MF1365
RX_CCS_E2_20260121,497038,ADV,-35,e0:5a:1b:15:b2:ee,MF1366
RX_CCS_E2_20260121,497144,ADV,-35,e0:5a:1b:15:b2:ee,MF1368
RX_CCS_E2_20260121,497360,ADV,-35,e0:5a:1b:15:b2:ee,MF136A
RX_CCS_E2_20260121,497462,ADV,-32,e0:5a:1b:15:b2:ee,MF136B
RX_CCS_E2_20260121,497677,ADV,-35,e0:5a:1b:15:b2:ee,MF136D
RX_CCS_E2_20260121,497791,ADV,-32,e0:5a:1b:15:b2:ee,MF136E
RX_CCS_E2_20260121,497890,ADV,-34,e0:5a:1b:15:b2:ee,MF136F
RX_CCS_E2_20260121,497997,ADV,-35,e0:5a:1b:15:b2:ee,MF1370
RX_CCS_E2_20260121,498094,ADV,-32,e0:5a:1b:15:b2:ee,MF1371
RX_CCS_E2_20260121,498200,ADV,-35,e0:5a:1b:15:b2:ee,MF1372
RX_CCS_E2_20260121,498305,ADV,-35,e0:5a:1b:15:b2:ee,MF1373
RX_CCS_E2_20260121,498418,ADV,-32,e0:5a:1b:15:b2:ee,MF1374
RX_CCS_E2_20260121,498518,ADV,-35,e0:5a:1b:15:b2:ee,MF1375
RX_CCS_E2_20260121,498626,ADV,-35,e0:5a:1b:15:b2:ee,MF1376
RX_CCS_E2_20260121,498740,ADV,-32,e0:5a:1b:15:b2:ee,MF1377
RX_CCS_E2_20260121,498832,ADV,-38,e0:5a:1b:15:b2:ee,MF1378
RX_CCS_E2_20260121,498940,ADV,-35,e0:5a:1b:15:b2:ee,MF1379
RX_CCS_E2_20260121,499037,ADV,-32,e0:5a:1b:15:b2:ee,MF137B
RX_CCS_E2_20260121,499148,ADV,-35,e0:5a:1b:15:b2:ee,MF137C
RX_CCS_E2_20260121,499463,ADV,-35,e0:5a:1b:15:b2:ee,MF137F
RX_CCS_E2_20260121,499565,ADV,-32,e0:5a:1b:15:b2:ee,MF1380
RX_CCS_E2_20260121,499669,ADV,-35,e0:5a:1b:15:b2:ee,MF1381
RX_CCS_E2_20260121,499777,ADV,-35,e0:5a:1b:15:b2:ee,MF1382
RX_CCS_E2_20260121,499877,ADV,-32,e0:5a:1b:15:b2:ee,MF1383
RX_CCS_E2_20260121,499993,ADV,-35,e0:5a:1b:15:b2:ee,MF1384
RX_CCS_E2_20260121,500108,ADV,-35,e0:5a:1b:15:b2:ee,MF1385
RX_CCS_E2_20260121,500201,ADV,-32,e0:5a:1b:15:b2:ee,MF1386
RX_CCS_E2_20260121,500317,ADV,-35,e0:5a:1b:15:b2:ee,MF1387
RX_CCS_E2_20260121,500405,ADV,-35,e0:5a:1b:15:b2:ee,MF1388
RX_CCS_E2_20260121,500506,ADV,-32,e0:5a:1b:15:b2:ee,MF1389
RX_CCS_E2_20260121,500614,ADV,-35,e0:5a:1b:15:b2:ee,MF138A
RX_CCS_E2_20260121,500729,ADV,-36,e0:5a:1b:15:b2:ee,MF138B
RX_CCS_E2_20260121,500932,ADV,-38,e0:5a:1b:15:b2:ee,MF138D
RX_CCS_E2_20260121,501043,ADV,-35,e0:5a:1b:15:b2:ee,MF138F
RX_CCS_E2_20260121,501141,ADV,-32,e0:5a:1b:15:b2:ee,MF1390
RX_CCS_E2_20260121,501248,ADV,-35,e0:5a:1b:15:b2:ee,MF1391
RX_CCS_E2_20260121,501464,ADV,-35,e0:5a:1b:15:b2:ee,MF1393
RX_CCS_E2_20260121,501584,ADV,-35,e0:5a:1b:15:b2:ee,MF1394
RX_CCS_E2_20260121,501666,ADV,-32,e0:5a:1b:15:b2:ee,MF1395
RX_CCS_E2_20260121,501781,ADV,-35,e0:5a:1b:15:b2:ee,MF1396
RX_CCS_E2_20260121,501880,ADV,-35,e0:5a:1b:15:b2:ee,MF1397
RX_CCS_E2_20260121,501987,ADV,-32,e0:5a:1b:15:b2:ee,MF1398
RX_CCS_E2_20260121,502092,ADV,-38,e0:5a:1b:15:b2:ee,MF1399
RX_CCS_E2_20260121,502200,ADV,-35,e0:5a:1b:15:b2:ee,MF139A
RX_CCS_E2_20260121,502305,ADV,-32,e0:5a:1b:15:b2:ee,MF139B
RX_CCS_E2_20260121,502409,ADV,-35,e0:5a:1b:15:b2:ee,MF139C
RX_CCS_E2_20260121,502524,ADV,-35,e0:5a:1b:15:b2:ee,MF139D
RX_CCS_E2_20260121,502631,ADV,-32,e0:5a:1b:15:b2:ee,MF139E
RX_CCS_E2_20260121,502732,ADV,-34,e0:5a:1b:15:b2:ee,MF139F
RX_CCS_E2_20260121,502842,ADV,-35,e0:5a:1b:15:b2:ee,MF13A1
RX_CCS_E2_20260121,502945,ADV,-32,e0:5a:1b:15:b2:ee,MF13A2
RX_CCS_E2_20260121,503048,ADV,-38,e0:5a:1b:15:b2:ee,MF13A3
RX_CCS_E2_20260121,503261,ADV,-35,e0:5a:1b:15:b2:ee,MF13A5
RX_CCS_E2_20260121,503363,ADV,-35,e0:5a:1b:15:b2:ee,MF13A6
RX_CCS_E2_20260121,503465,ADV,-32,e0:5a:1b:15:b2:ee,MF13A7
RX_CCS_E2_20260121,503571,ADV,-38,e0:5a:1b:15:b2:ee,MF13A8
RX_CCS_E2_20260121,503681,ADV,-35,e0:5a:1b:15:b2:ee,MF13A9
RX_CCS_E2_20260121,503788,ADV,-32,e0:5a:1b:15:b2:ee,MF13AA
RX_CCS_E2_20260121,503881,ADV,-38,e0:5a:1b:15:b2:ee,MF13AB
RX_CCS_E2_20260121,504081,ADV,-32,e0:5a:1b:15:b2:ee,MF13AD
RX_CCS_E2_20260121,504199,ADV,-35,e0:5a:1b:15:b2:ee,MF13AE
RX_CCS_E2_20260121,504291,ADV,-35,e0:5a:1b:15:b2:ee,MF13AF
RX_CCS_E2_20260121,504391,ADV,-33,e0:5a:1b:15:b2:ee,MF13B0
RX_CCS_E2_20260121,504495,ADV,-35,e0:5a:1b:15:b2:ee,MF13B1
RX_CCS_E2_20260121,504609,ADV,-35,e0:5a:1b:15:b2:ee,MF13B2
RX_CCS_E2_20260121,504703,ADV,-32,e0:5a:1b:15:b2:ee,MF13B3
RX_CCS_E2_20260121,504812,ADV,-35,e0:5a:1b:15:b2:ee,MF13B4
RX_CCS_E2_20260121,504912,ADV,-35,e0:5a:1b:15:b2:ee,MF13B5
RX_CCS_E2_20260121,505016,ADV,-32,e0:5a:1b:15:b2:ee,MF13B6
RX_CCS_E2_20260121,505117,ADV,-35,e0:5a:1b:15:b2:ee,MF13B7
RX_CCS_E2_20260121,505231,ADV,-35,e0:5a:1b:15:b2:ee,MF13B8
RX_CCS_E2_20260121,505326,ADV,-32,e0:5a:1b:15:b2:ee,MF13B9
RX_CCS_E2_20260121,505431,ADV,-35,e0:5a:1b:15:b2:ee,MF13BA
RX_CCS_E2_20260121,505641,ADV,-32,e0:5a:1b:15:b2:ee,MF13BD
RX_CCS_E2_20260121,505745,ADV,-35,e0:5a:1b:15:b2:ee,MF13BE
RX_CCS_E2_20260121,505848,ADV,-35,e0:5a:1b:15:b2:ee,MF13BF
RX_CCS_E2_20260121,506069,ADV,-36,e0:5a:1b:15:b2:ee,MF13C1
RX_CCS_E2_20260121,506276,ADV,-38,e0:5a:1b:15:b2:ee,MF13C3
RX_CCS_E2_20260121,506371,ADV,-35,e0:5a:1b:15:b2:ee,MF13C4
RX_CCS_E2_20260121,506580,ADV,-35,e0:5a:1b:15:b2:ee,MF13C6
RX_CCS_E2_20260121,506693,ADV,-35,e0:5a:1b:15:b2:ee,MF13C7
RX_CCS_E2_20260121,506789,ADV,-32,e0:5a:1b:15:b2:ee,MF13C8
RX_CCS_E2_20260121,506894,ADV,-35,e0:5a:1b:15:b2:ee,MF13C9
RX_CCS_E2_20260121,507003,ADV,-35,e0:5a:1b:15:b2:ee,MF13CA
RX_CCS_E2_20260121,507105,ADV,-32,e0:5a:1b:15:b2:ee,MF13CB
RX_CCS_E2_20260121,507214,ADV,-35,e0:5a:1b:15:b2:ee,MF13CC
RX_CCS_E2_20260121,507321,ADV,-35,e0:5a:1b:15:b2:ee,MF13CD
RX_CCS_E2_20260121,507437,ADV,-32,e0:5a:1b:15:b2:ee,MF13CE
RX_CCS_E2_20260121,507543,ADV,-38,e0:5a:1b:15:b2:ee,MF13CF
RX_CCS_E2_20260121,507648,ADV,-35,e0:5a:1b:15:b2:ee,MF13D0
RX_CCS_E2_20260121,507748,ADV,-32,e0:5a:1b:15:b2:ee,MF13D2
RX_CCS_E2_20260121,508478,ADV,-35,e0:5a:1b:15:b2:ee,MF13D9
RX_CCS_E2_20260121,508564,ADV,-32,e0:5a:1b:15:b2:ee,MF13DA
RX_CCS_E2_20260121,508675,ADV,-100,e0:5a:1b:15:b2:ee,MF13DB
RX_CCS_E2_20260121,508796,ADV,-35,e0:5a:1b:15:b2:ee,MF13DC
RX_CCS_E2_20260121,508883,ADV,-32,e0:5a:1b:15:b2:ee,MF13DD
RX_CCS_E2_20260121,508990,ADV,-36,e0:5a:1b:15:b2:ee,MF13DE
RX_CCS_E2_20260121,509101,ADV,-35,e0:5a:1b:15:b2:ee,MF13DF
RX_CCS_E2_20260121,509191,ADV,-32,e0:5a:1b:15:b2:ee,MF13E0
RX_CCS_E2_20260121,509296,ADV,-35,e0:5a:1b:15:b2:ee,MF13E1
RX_CCS_E2_20260121,509398,ADV,-35,e0:5a:1b:15:b2:ee,MF13E2
RX_CCS_E2_20260121,509504,ADV,-32,e0:5a:1b:15:b2:ee,MF13E3
RX_CCS_E2_20260121,509607,ADV,-35,e0:5a:1b:15:b2:ee,MF13E4
RX_CCS_E2_20260121,509710,ADV,-36,e0:5a:1b:15:b2:ee,MF13E5
RX_CCS_E2_20260121,509813,ADV,-32,e0:5a:1b:15:b2:ee,MF13E6
RX_CCS_E2_20260121,509927,ADV,-36,e0:5a:1b:15:b2:ee,MF13E7
RX_CCS_E2_20260121,510025,ADV,-36,e0:5a:1b:15:b2:ee,MF13E8
RX_CCS_E2_20260121,510126,ADV,-32,e0:5a:1b:15:b2:ee,MF13E9
RX_CCS_E2_20260121,510232,ADV,-35,e0:5a:1b:15:b2:ee,MF13EA
RX_CCS_E2_20260121,510344,ADV,-35,e0:5a:1b:15:b2:ee,MF13EC
RX_CCS_E2_20260121,510441,ADV,-32,e0:5a:1b:15:b2:ee,MF13ED
RX_CCS_E2_20260121,510544,ADV,-35,e0:5a:1b:15:b2:ee,MF13EE
RX_CCS_E2_20260121,510870,ADV,-36,e0:5a:1b:15:b2:ee,MF13F1
RX_CCS_E2_20260121,510976,ADV,-32,e0:5a:1b:15:b2:ee,MF13F2
RX_CCS_E2_20260121,511095,ADV,-35,e0:5a:1b:15:b2:ee,MF13F3
RX_CCS_E2_20260121,511290,ADV,-32,e0:5a:1b:15:b2:ee,MF13F5
RX_CCS_E2_20260121,511408,ADV,-35,e0:5a:1b:15:b2:ee,MF13F6
RX_CCS_E2_20260121,511503,ADV,-35,e0:5a:1b:15:b2:ee,MF13F7
RX_CCS_E2_20260121,511608,ADV,-32,e0:5a:1b:15:b2:ee,MF13F8
RX_CCS_E2_20260121,511705,ADV,-38,e0:5a:1b:15:b2:ee,MF13F9
RX_CCS_E2_20260121,511815,ADV,-35,e0:5a:1b:15:b2:ee,MF13FA
RX_CCS_E2_20260121,511915,ADV,-32,e0:5a:1b:15:b2:ee,MF13FB
RX_CCS_E2_20260121,512018,ADV,-35,e0:5a:1b:15:b2:ee,MF13FC
RX_CCS_E2_20260121,512136,ADV,-35,e0:5a:1b:15:b2:ee,MF13FD
RX_CCS_E2_20260121,512230,ADV,-83,e0:5a:1b:15:b2:ee,MF13FE
RX_CCS_E2_20260121,512346,ADV,-35,e0:5a:1b:15:b2:ee,MF13FF
RX_CCS_E2_20260121,512438,ADV,-35,e0:5a:1b:15:b2:ee,MF1400
RX_CCS_E2_20260121,512545,ADV,-32,e0:5a:1b:15:b2:ee,MF1402
RX_CCS_E2_20260121,512760,ADV,-32,e0:5a:1b:15:b2:ee,MF1404
RX_CCS_E2_20260121,512869,ADV,-38,e0:5a:1b:15:b2:ee,MF1405
RX_CCS_E2_20260121,512979,ADV,-35,e0:5a:1b:15:b2:ee,MF1406
RX_CCS_E2_20260121,513077,ADV,-32,e0:5a:1b:15:b2:ee,MF1407
RX_CCS_E2_20260121,513184,ADV,-38,e0:5a:1b:15:b2:ee,MF1408
RX_CCS_E2_20260121,513282,ADV,-35,e0:5a:1b:15:b2:ee,MF1409
RX_CCS_E2_20260121,513383,ADV,-32,e0:5a:1b:15:b2:ee,MF140A
RX_CCS_E2_20260121,513606,ADV,-35,e0:5a:1b:15:b2:ee,MF140C
RX_CCS_E2_20260121,513701,ADV,-32,e0:5a:1b:15:b2:ee,MF140D
RX_CCS_E2_20260121,513816,ADV,-35,e0:5a:1b:15:b2:ee,MF140E
RX_CCS_E2_20260121,513910,ADV,-35,e0:5a:1b:15:b2:ee,MF140F
RX_CCS_E2_20260121,514112,ADV,-35,e0:5a:1b:15:b2:ee,MF1411
RX_CCS_E2_20260121,514227,ADV,-35,e0:5a:1b:15:b2:ee,MF1412
RX_CCS_E2_20260121,514320,ADV,-32,e0:5a:1b:15:b2:ee,MF1413
RX_CCS_E2_20260121,514435,ADV,-35,e0:5a:1b:15:b2:ee,MF1414
RX_CCS_E2_20260121,514539,ADV,-35,e0:5a:1b:15:b2:ee,MF1415
RX_CCS_E2_20260121,514646,ADV,-32,e0:5a:1b:15:b2:ee,MF1417
RX_CCS_E2_20260121,514961,ADV,-35,e0:5a:1b:15:b2:ee,MF141A
RX_CCS_E2_20260121,515070,ADV,-35,e0:5a:1b:15:b2:ee,MF141B
RX_CCS_E2_20260121,515185,ADV,-32,e0:5a:1b:15:b2:ee,MF141C
RX_CCS_E2_20260121,515297,ADV,-35,e0:5a:1b:15:b2:ee,MF141D
RX_CCS_E2_20260121,515395,ADV,-35,e0:5a:1b:15:b2:ee,MF141E
RX_CCS_E2_20260121,515484,ADV,-32,e0:5a:1b:15:b2:ee,MF141F
RX_CCS_E2_20260121,515607,ADV,-35,e0:5a:1b:15:b2:ee,MF1420
RX_CCS_E2_20260121,515700,ADV,-35,e0:5a:1b:15:b2:ee,MF1421
RX_CCS_E2_20260121,515800,ADV,-32,e0:5a:1b:15:b2:ee,MF1422
RX_CCS_E2_20260121,515901,ADV,-35,e0:5a:1b:15:b2:ee,MF1423
RX_CCS_E2_20260121,516008,ADV,-34,e0:5a:1b:15:b2:ee,MF1424
RX_CCS_E2_20260121,516106,ADV,-33,e0:5a:1b:15:b2:ee,MF1425
RX_CCS_E2_20260121,516218,ADV,-35,e0:5a:1b:15:b2:ee,MF1426
RX_CCS_E2_20260121,516320,ADV,-36,e0:5a:1b:15:b2:ee,MF1427
RX_CCS_E2_20260121,516427,ADV,-32,e0:5a:1b:15:b2:ee,MF1428
RX_CCS_E2_20260121,516535,ADV,-38,e0:5a:1b:15:b2:ee,MF1429
RX_CCS_E2_20260121,516637,ADV,-35,e0:5a:1b:15:b2:ee,MF142A
RX_CCS_E2_20260121,516845,ADV,-35,e0:5a:1b:15:b2:ee,MF142D
RX_CCS_E2_20260121,517261,ADV,-32,e0:5a:1b:15:b2:ee,MF1431
RX_CCS_E2_20260121,517386,ADV,-35,e0:5a:1b:15:b2:ee,MF1432
RX_CCS_E2_20260121,517479,ADV,-35,e0:5a:1b:15:b2:ee,MF1433
RX_CCS_E2_20260121,517584,ADV,-32,e0:5a:1b:15:b2:ee,MF1434
RX_CCS_E2_20260121,517693,ADV,-38,e0:5a:1b:15:b2:ee,MF1435
RX_CCS_E2_20260121,517802,ADV,-35,e0:5a:1b:15:b2:ee,MF1436
RX_CCS_E2_20260121,517906,ADV,-32,e0:5a:1b:15:b2:ee,MF1437
RX_CCS_E2_20260121,518015,ADV,-34,e0:5a:1b:15:b2:ee,MF1438
RX_CCS_E2_20260121,518137,ADV,-35,e0:5a:1b:15:b2:ee,MF1439
RX_CCS_E2_20260121,518330,ADV,-35,e0:5a:1b:15:b2:ee,MF143B
RX_CCS_E2_20260121,518448,ADV,-35,e0:5a:1b:15:b2:ee,MF143C
RX_CCS_E2_20260121,518530,ADV,-32,e0:5a:1b:15:b2:ee,MF143D
RX_CCS_E2_20260121,518638,ADV,-35,e0:5a:1b:15:b2:ee,MF143F
RX_CCS_E2_20260121,518743,ADV,-35,e0:5a:1b:15:b2:ee,MF1440
RX_CCS_E2_20260121,518848,ADV,-32,e0:5a:1b:15:b2:ee,MF1441
RX_CCS_E2_20260121,519048,ADV,-35,e0:5a:1b:15:b2:ee,MF1443
RX_CCS_E2_20260121,519148,ADV,-32,e0:5a:1b:15:b2:ee,MF1444
RX_CCS_E2_20260121,519461,ADV,-36,e0:5a:1b:15:b2:ee,MF1447
RX_CCS_E2_20260121,519578,ADV,-35,e0:5a:1b:15:b2:ee,MF1448
RX_CCS_E2_20260121,519694,ADV,-32,e0:5a:1b:15:b2:ee,MF1449
RX_CCS_E2_20260121,519877,ADV,-35,e0:5a:1b:15:b2:ee,MF144B
RX_CCS_E2_20260121,519981,ADV,-32,e0:5a:1b:15:b2:ee,MF144C
RX_CCS_E2_20260121,520084,ADV,-35,e0:5a:1b:15:b2:ee,MF144D
RX_CCS_E2_20260121,520192,ADV,-35,e0:5a:1b:15:b2:ee,MF144E
RX_CCS_E2_20260121,520348,ADV,-32,e0:5a:1b:15:b2:ee,MF144F
RX_CCS_E2_20260121,520406,ADV,-38,e0:5a:1b:15:b2:ee,MF1450
RX_CCS_E2_20260121,520533,ADV,-35,e0:5a:1b:15:b2:ee,MF1451
RX_CCS_E2_20260121,520616,ADV,-32,e0:5a:1b:15:b2:ee,MF1452
RX_CCS_E2_20260121,520735,ADV,-35,e0:5a:1b:15:b2:ee,MF1453
RX_CCS_E2_20260121,520831,ADV,-35,e0:5a:1b:15:b2:ee,MF1454
RX_CCS_E2_20260121,520931,ADV,-32,e0:5a:1b:15:b2:ee,MF1455
RX_CCS_E2_20260121,521049,ADV,-35,e0:5a:1b:15:b2:ee,MF1456
RX_CCS_E2_20260121,521148,ADV,-35,e0:5a:1b:15:b2:ee,MF1458
RX_CCS_E2_20260121,521246,ADV,-33,e0:5a:1b:15:b2:ee,MF1459
RX_CCS_E2_20260121,521562,ADV,-38,e0:5a:1b:15:b2:ee,MF145C
RX_CCS_E2_20260121,521677,ADV,-35,e0:5a:1b:15:b2:ee,MF145D
RX_CCS_E2_20260121,521771,ADV,-33,e0:5a:1b:15:b2:ee,MF145E
RX_CCS_E2_20260121,521884,ADV,-35,e0:5a:1b:15:b2:ee,MF145F
RX_CCS_E2_20260121,521983,ADV,-35,e0:5a:1b:15:b2:ee,MF1460
RX_CCS_E2_20260121,522107,ADV,-32,e0:5a:1b:15:b2:ee,MF1461
RX_CCS_E2_20260121,522191,ADV,-35,e0:5a:1b:15:b2:ee,MF1462
RX_CCS_E2_20260121,522295,ADV,-35,e0:5a:1b:15:b2:ee,MF1463
RX_CCS_E2_20260121,522401,ADV,-32,e0:5a:1b:15:b2:ee,MF1464
RX_CCS_E2_20260121,522511,ADV,-35,e0:5a:1b:15:b2:ee,MF1465
RX_CCS_E2_20260121,522615,ADV,-35,e0:5a:1b:15:b2:ee,MF1466
RX_CCS_E2_20260121,522711,ADV,-32,e0:5a:1b:15:b2:ee,MF1467
RX_CCS_E2_20260121,522834,ADV,-38,e0:5a:1b:15:b2:ee,MF1468
RX_CCS_E2_20260121,522936,ADV,-35,e0:5a:1b:15:b2:ee,MF1469
RX_CCS_E2_20260121,523033,ADV,-32,e0:5a:1b:15:b2:ee,MF146A
RX_CCS_E2_20260121,523139,ADV,-35,e0:5a:1b:15:b2:ee,MF146C
RX_CCS_E2_20260121,523243,ADV,-35,e0:5a:1b:15:b2:ee,MF146D
RX_CCS_E2_20260121,523346,ADV,-32,e0:5a:1b:15:b2:ee,MF146E
RX_CCS_E2_20260121,523662,ADV,-38,e0:5a:1b:15:b2:ee,MF1471
RX_CCS_E2_20260121,523775,ADV,-35,e0:5a:1b:15:b2:ee,MF1472
RX_CCS_E2_20260121,523875,ADV,-32,e0:5a:1b:15:b2:ee,MF1473
RX_CCS_E2_20260121,523986,ADV,-35,e0:5a:1b:15:b2:ee,MF1474
RX_CCS_E2_20260121,524096,ADV,-35,e0:5a:1b:15:b2:ee,MF1475
RX_CCS_E2_20260121,524203,ADV,-32,e0:5a:1b:15:b2:ee,MF1476
RX_CCS_E2_20260121,524311,ADV,-35,e0:5a:1b:15:b2:ee,MF1477
RX_CCS_E2_20260121,524408,ADV,-35,e0:5a:1b:15:b2:ee,MF1478
RX_CCS_E2_20260121,524530,ADV,-32,e0:5a:1b:15:b2:ee,MF1479
RX_CCS_E2_20260121,524614,ADV,-35,e0:5a:1b:15:b2:ee,MF147A
RX_CCS_E2_20260121,524723,ADV,-35,e0:5a:1b:15:b2:ee,MF147B
RX_CCS_E2_20260121,524827,ADV,-32,e0:5a:1b:15:b2:ee,MF147C
RX_CCS_E2_20260121,524938,ADV,-35,e0:5a:1b:15:b2:ee,MF147E
RX_CCS_E2_20260121,525040,ADV,-35,e0:5a:1b:15:b2:ee,MF147F
RX_CCS_E2_20260121,525148,ADV,-32,e0:5a:1b:15:b2:ee,MF1480
RX_CCS_E2_20260121,525248,ADV,-35,e0:5a:1b:15:b2:ee,MF1481
RX_CCS_E2_20260121,525564,ADV,-35,e0:5a:1b:15:b2:ee,MF1484
RX_CCS_E2_20260121,525765,ADV,-35,e0:5a:1b:15:b2:ee,MF1486
RX_CCS_E2_20260121,525873,ADV,-35,e0:5a:1b:15:b2:ee,MF1487
RX_CCS_E2_20260121,525979,ADV,-32,e0:5a:1b:15:b2:ee,MF1488
RX_CCS_E2_20260121,526089,ADV,-36,e0:5a:1b:15:b2:ee,MF1489
RX_CCS_E2_20260121,526214,ADV,-35,e0:5a:1b:15:b2:ee,MF148A
RX_CCS_E2_20260121,526293,ADV,-32,e0:5a:1b:15:b2:ee,MF148B
RX_CCS_E2_20260121,526397,ADV,-35,e0:5a:1b:15:b2:ee,MF148C
RX_CCS_E2_20260121,526513,ADV,-35,e0:5a:1b:15:b2:ee,MF148D
RX_CCS_E2_20260121,526613,ADV,-32,e0:5a:1b:15:b2:ee,MF148E
RX_CCS_E2_20260121,526715,ADV,-35,e0:5a:1b:15:b2:ee,MF148F
RX_CCS_E2_20260121,526817,ADV,-35,e0:5a:1b:15:b2:ee,MF1490
RX_CCS_E2_20260121,527033,ADV,-38,e0:5a:1b:15:b2:ee,MF1492
RX_CCS_E2_20260121,527148,ADV,-35,e0:5a:1b:15:b2:ee,MF1493
RX_CCS_E2_20260121,527239,ADV,-32,e0:5a:1b:15:b2:ee,MF1495
RX_CCS_E2_20260121,527347,ADV,-35,e0:5a:1b:15:b2:ee,MF1496
RX_CCS_E2_20260121,527768,ADV,-32,e0:5a:1b:15:b2:ee,MF149A
RX_CCS_E2_20260121,527870,ADV,-35,e0:5a:1b:15:b2:ee,MF149B
RX_CCS_E2_20260121,527979,ADV,-35,e0:5a:1b:15:b2:ee,MF149C
RX_CCS_E2_20260121,528203,ADV,-35,e0:5a:1b:15:b2:ee,MF149E
RX_CCS_E2_20260121,528298,ADV,-35,e0:5a:1b:15:b2:ee,MF149F
RX_CCS_E2_20260121,528405,ADV,-32,e0:5a:1b:15:b2:ee,MF14A0
RX_CCS_E2_20260121,528505,ADV,-38,e0:5a:1b:15:b2:ee,MF14A1
RX_CCS_E2_20260121,528638,ADV,-35,e0:5a:1b:15:b2:ee,MF14A2
RX_CCS_E2_20260121,528711,ADV,-32,e0:5a:1b:15:b2:ee,MF14A3
RX_CCS_E2_20260121,528819,ADV,-35,e0:5a:1b:15:b2:ee,MF14A4
RX_CCS_E2_20260121,528923,ADV,-35,e0:5a:1b:15:b2:ee,MF14A5
RX_CCS_E2_20260121,529021,ADV,-32,e0:5a:1b:15:b2:ee,MF14A6
RX_CCS_E2_20260121,529128,ADV,-38,e0:5a:1b:15:b2:ee,MF14A7
RX_CCS_E2_20260121,529237,ADV,-35,e0:5a:1b:15:b2:ee,MF14A8
RX_CCS_E2_20260121,529349,ADV,-32,e0:5a:1b:15:b2:ee,MF14A9
RX_CCS_E2_20260121,529448,ADV,-35,e0:5a:1b:15:b2:ee,MF14AB
RX_CCS_E2_20260121,529548,ADV,-35,e0:5a:1b:15:b2:ee,MF14AC
RX_CCS_E2_20260121,529762,ADV,-35,e0:5a:1b:15:b2:ee,MF14AE
RX_CCS_E2_20260121,529863,ADV,-32,e0:5a:1b:15:b2:ee,MF14AF
RX_CCS_E2_20260121,529965,ADV,-35,e0:5a:1b:15:b2:ee,MF14B0
RX_CCS_E2_20260121,530073,ADV,-35,e0:5a:1b:15:b2:ee,MF14B1
RX_CCS_E2_20260121,530173,ADV,-32,e0:5a:1b:15:b2:ee,MF14B2
RX_CCS_E2_20260121,530277,ADV,-35,e0:5a:1b:15:b2:ee,MF14B3
RX_CCS_E2_20260121,530383,ADV,-35,e0:5a:1b:15:b2:ee,MF14B4
RX_CCS_E2_20260121,530481,ADV,-32,e0:5a:1b:15:b2:ee,MF14B5
RX_CCS_E2_20260121,530584,ADV,-35,e0:5a:1b:15:b2:ee,MF14B6
RX_CCS_E2_20260121,530709,ADV,-35,e0:5a:1b:15:b2:ee,MF14B7
RX_CCS_E2_20260121,530793,ADV,-32,e0:5a:1b:15:b2:ee,MF14B8
RX_CCS_E2_20260121,530898,ADV,-35,e0:5a:1b:15:b2:ee,MF14B9
RX_CCS_E2_20260121,531009,ADV,-36,e0:5a:1b:15:b2:ee,MF14BA
RX_CCS_E2_20260121,531111,ADV,-32,e0:5a:1b:15:b2:ee,MF14BB
RX_CCS_E2_20260121,531217,ADV,-35,e0:5a:1b:15:b2:ee,MF14BC
RX_CCS_E2_20260121,531327,ADV,-35,e0:5a:1b:15:b2:ee,MF14BD
RX_CCS_E2_20260121,531432,ADV,-32,e0:5a:1b:15:b2:ee,MF14BE
RX_CCS_E2_20260121,531549,ADV,-35,e0:5a:1b:15:b2:ee,MF14C0
RX_CCS_E2_20260121,531649,ADV,-35,e0:5a:1b:15:b2:ee,MF14C1
RX_CCS_E2_20260121,532062,ADV,-35,e0:5a:1b:15:b2:ee,MF14C5
RX_CCS_E2_20260121,532264,ADV,-32,e0:5a:1b:15:b2:ee,MF14C7
RX_CCS_E2_20260121,532382,ADV,-35,e0:5a:1b:15:b2:ee,MF14C8
RX_CCS_E2_20260121,532473,ADV,-36,e0:5a:1b:15:b2:ee,MF14C9
RX_CCS_E2_20260121,532576,ADV,-32,e0:5a:1b:15:b2:ee,MF14CA
RX_CCS_E2_20260121,532695,ADV,-35,e0:5a:1b:15:b2:ee,MF14CB
RX_CCS_E2_20260121,532900,ADV,-32,e0:5a:1b:15:b2:ee,MF14CD
RX_CCS_E2_20260121,533014,ADV,-35,e0:5a:1b:15:b2:ee,MF14CE
RX_CCS_E2_20260121,533106,ADV,-35,e0:5a:1b:15:b2:ee,MF14CF
RX_CCS_E2_20260121,533205,ADV,-32,e0:5a:1b:15:b2:ee,MF14D0
RX_CCS_E2_20260121,533319,ADV,-35,e0:5a:1b:15:b2:ee,MF14D1
RX_CCS_E2_20260121,533418,ADV,-35,e0:5a:1b:15:b2:ee,MF14D2
RX_CCS_E2_20260121,533518,ADV,-32,e0:5a:1b:15:b2:ee,MF14D3
RX_CCS_E2_20260121,533630,ADV,-35,e0:5a:1b:15:b2:ee,MF14D4
RX_CCS_E2_20260121,533749,ADV,-35,e0:5a:1b:15:b2:ee,MF14D5
RX_CCS_E2_20260121,533829,ADV,-32,e0:5a:1b:15:b2:ee,MF14D6
RX_CCS_E2_20260121,533949,ADV,-35,e0:5a:1b:15:b2:ee,MF14D7
RX_CCS_E2_20260121,534038,ADV,-35,e0:5a:1b:15:b2:ee,MF14D8
RX_CCS_E2_20260121,534139,ADV,-32,e0:5a:1b:15:b2:ee,MF14DA
RX_CCS_E2_20260121,534243,ADV,-35,e0:5a:1b:15:b2:ee,MF14DB
RX_CCS_E2_20260121,534347,ADV,-35,e0:5a:1b:15:b2:ee,MF14DC
RX_CCS_E2_20260121,534448,ADV,-32,e0:5a:1b:15:b2:ee,MF14DD
RX_CCS_E2_20260121,534764,ADV,-35,e0:5a:1b:15:b2:ee,MF14E0
RX_CCS_E2_20260121,534871,ADV,-35,e0:5a:1b:15:b2:ee,MF14E1
RX_CCS_E2_20260121,534975,ADV,-32,e0:5a:1b:15:b2:ee,MF14E2
RX_CCS_E2_20260121,535072,ADV,-35,e0:5a:1b:15:b2:ee,MF14E3
RX_CCS_E2_20260121,535190,ADV,-35,e0:5a:1b:15:b2:ee,MF14E4
RX_CCS_E2_20260121,535294,ADV,-32,e0:5a:1b:15:b2:ee,MF14E5
RX_CCS_E2_20260121,535397,ADV,-35,e0:5a:1b:15:b2:ee,MF14E6
RX_CCS_E2_20260121,535492,ADV,-35,e0:5a:1b:15:b2:ee,MF14E7
RX_CCS_E2_20260121,535597,ADV,-32,e0:5a:1b:15:b2:ee,MF14E8
RX_CCS_E2_20260121,535699,ADV,-38,e0:5a:1b:15:b2:ee,MF14E9
RX_CCS_E2_20260121,535813,ADV,-35,e0:5a:1b:15:b2:ee,MF14EA
RX_CCS_E2_20260121,535910,ADV,-32,e0:5a:1b:15:b2:ee,MF14EB
RX_CCS_E2_20260121,536017,ADV,-35,e0:5a:1b:15:b2:ee,MF14EC
RX_CCS_E2_20260121,536126,ADV,-35,e0:5a:1b:15:b2:ee,MF14ED
RX_CCS_E2_20260121,536233,ADV,-32,e0:5a:1b:15:b2:ee,MF14EE
RX_CCS_E2_20260121,536338,ADV,-35,e0:5a:1b:15:b2:ee,MF14EF
RX_CCS_E2_20260121,536449,ADV,-35,e0:5a:1b:15:b2:ee,MF14F0
RX_CCS_E2_20260121,536540,ADV,-32,e0:5a:1b:15:b2:ee,MF14F2
RX_CCS_E2_20260121,536862,ADV,-38,e0:5a:1b:15:b2:ee,MF14F5
RX_CCS_E2_20260121,537092,ADV,-33,e0:5a:1b:15:b2:ee,MF14F7
RX_CCS_E2_20260121,537173,ADV,-35,e0:5a:1b:15:b2:ee,MF14F8
RX_CCS_E2_20260121,537286,ADV,-35,e0:5a:1b:15:b2:ee,MF14F9
RX_CCS_E2_20260121,537390,ADV,-32,e0:5a:1b:15:b2:ee,MF14FA
RX_CCS_E2_20260121,537511,ADV,-35,e0:5a:1b:15:b2:ee,MF14FB
RX_CCS_E2_20260121,537611,ADV,-35,e0:5a:1b:15:b2:ee,MF14FC
RX_CCS_E2_20260121,537710,ADV,-32,e0:5a:1b:15:b2:ee,MF14FD
RX_CCS_E2_20260121,537812,ADV,-38,e0:5a:1b:15:b2:ee,MF14FE
RX_CCS_E2_20260121,537917,ADV,-35,e0:5a:1b:15:b2:ee,MF14FF
RX_CCS_E2_20260121,538022,ADV,-32,e0:5a:1b:15:b2:ee,MF1500
RX_CCS_E2_20260121,538124,ADV,-38,e0:5a:1b:15:b2:ee,MF1501
RX_CCS_E2_20260121,538330,ADV,-32,e0:5a:1b:15:b2:ee,MF1503
RX_CCS_E2_20260121,538432,ADV,-35,e0:5a:1b:15:b2:ee,MF1504
RX_CCS_E2_20260121,538547,ADV,-35,e0:5a:1b:15:b2:ee,MF1506
RX_CCS_E2_20260121,538649,ADV,-32,e0:5a:1b:15:b2:ee,MF1507
RX_CCS_E2_20260121,538749,ADV,-35,e0:5a:1b:15:b2:ee,MF1508
RX_CCS_E2_20260121,539063,ADV,-35,e0:5a:1b:15:b2:ee,MF150B
RX_CCS_E2_20260121,539262,ADV,-35,e0:5a:1b:15:b2:ee,MF150D
RX_CCS_E2_20260121,539365,ADV,-35,e0:5a:1b:15:b2:ee,MF150E
RX_CCS_E2_20260121,539468,ADV,-33,e0:5a:1b:15:b2:ee,MF150F
RX_CCS_E2_20260121,539578,ADV,-35,e0:5a:1b:15:b2:ee,MF1510
RX_CCS_E2_20260121,539800,ADV,-32,e0:5a:1b:15:b2:ee,MF1512
RX_CCS_E2_20260121,539898,ADV,-35,e0:5a:1b:15:b2:ee,MF1513
RX_CCS_E2_20260121,540004,ADV,-35,e0:5a:1b:15:b2:ee,MF1514
RX_CCS_E2_20260121,540100,ADV,-32,e0:5a:1b:15:b2:ee,MF1515
RX_CCS_E2_20260121,540208,ADV,-35,e0:5a:1b:15:b2:ee,MF1516
RX_CCS_E2_20260121,540312,ADV,-35,e0:5a:1b:15:b2:ee,MF1517
RX_CCS_E2_20260121,540414,ADV,-32,e0:5a:1b:15:b2:ee,MF1518
RX_CCS_E2_20260121,540519,ADV,-35,e0:5a:1b:15:b2:ee,MF1519
RX_CCS_E2_20260121,540628,ADV,-36,e0:5a:1b:15:b2:ee,MF151A
RX_CCS_E2_20260121,540733,ADV,-32,e0:5a:1b:15:b2:ee,MF151B
RX_CCS_E2_20260121,540839,ADV,-35,e0:5a:1b:15:b2:ee,MF151C
RX_CCS_E2_20260121,540938,ADV,-35,e0:5a:1b:15:b2:ee,MF151D
RX_CCS_E2_20260121,541039,ADV,-32,e0:5a:1b:15:b2:ee,MF151F
RX_CCS_E2_20260121,541143,ADV,-35,e0:5a:1b:15:b2:ee,MF1520
RX_CCS_E2_20260121,541362,ADV,-35,e0:5a:1b:15:b2:ee,MF1522
RX_CCS_E2_20260121,541463,ADV,-35,e0:5a:1b:15:b2:ee,MF1523
RX_CCS_E2_20260121,541580,ADV,-32,e0:5a:1b:15:b2:ee,MF1524
RX_CCS_E2_20260121,541683,ADV,-38,e0:5a:1b:15:b2:ee,MF1525
RX_CCS_E2_20260121,541787,ADV,-35,e0:5a:1b:15:b2:ee,MF1526
RX_CCS_E2_20260121,541891,ADV,-33,e0:5a:1b:15:b2:ee,MF1527
RX_CCS_E2_20260121,541989,ADV,-38,e0:5a:1b:15:b2:ee,MF1528
RX_CCS_E2_20260121,542108,ADV,-35,e0:5a:1b:15:b2:ee,MF1529
RX_CCS_E2_20260121,542190,ADV,-32,e0:5a:1b:15:b2:ee,MF152A
RX_CCS_E2_20260121,542296,ADV,-35,e0:5a:1b:15:b2:ee,MF152B
RX_CCS_E2_20260121,542407,ADV,-35,e0:5a:1b:15:b2:ee,MF152C
RX_CCS_E2_20260121,542518,ADV,-32,e0:5a:1b:15:b2:ee,MF152D
RX_CCS_E2_20260121,542613,ADV,-38,e0:5a:1b:15:b2:ee,MF152E
RX_CCS_E2_20260121,542749,ADV,-35,e0:5a:1b:15:b2:ee,MF152F
RX_CCS_E2_20260121,542817,ADV,-32,e0:5a:1b:15:b2:ee,MF1530
RX_CCS_E2_20260121,543035,ADV,-35,e0:5a:1b:15:b2:ee,MF1532
RX_CCS_E2_20260121,543134,ADV,-33,e0:5a:1b:15:b2:ee,MF1533
RX_CCS_E2_20260121,543249,ADV,-35,e0:5a:1b:15:b2:ee,MF1535
RX_CCS_E2_20260121,543772,ADV,-35,e0:5a:1b:15:b2:ee,MF153A
RX_CCS_E2_20260121,543882,ADV,-36,e0:5a:1b:15:b2:ee,MF153B
RX_CCS_E2_20260121,543985,ADV,-32,e0:5a:1b:15:b2:ee,MF153C
RX_CCS_E2_20260121,544107,ADV,-35,e0:5a:1b:15:b2:ee,MF153D
RX_CCS_E2_20260121,544312,ADV,-32,e0:5a:1b:15:b2:ee,MF153F
RX_CCS_E2_20260121,544511,ADV,-35,e0:5a:1b:15:b2:ee,MF1541
RX_CCS_E2_20260121,544614,ADV,-32,e0:5a:1b:15:b2:ee,MF1542
RX_CCS_E2_20260121,544717,ADV,-35,e0:5a:1b:15:b2:ee,MF1543
RX_CCS_E2_20260121,544830,ADV,-35,e0:5a:1b:15:b2:ee,MF1544
RX_CCS_E2_20260121,544937,ADV,-32,e0:5a:1b:15:b2:ee,MF1545
RX_CCS_E2_20260121,545049,ADV,-38,e0:5a:1b:15:b2:ee,MF1547
RX_CCS_E2_20260121,545149,ADV,-35,e0:5a:1b:15:b2:ee,MF1548
RX_CCS_E2_20260121,545249,ADV,-32,e0:5a:1b:15:b2:ee,MF1549
RX_CCS_E2_20260121,545562,ADV,-35,e0:5a:1b:15:b2:ee,MF154C
RX_CCS_E2_20260121,545666,ADV,-35,e0:5a:1b:15:b2:ee,MF154D
RX_CCS_E2_20260121,545768,ADV,-32,e0:5a:1b:15:b2:ee,MF154E
RX_CCS_E2_20260121,545872,ADV,-35,e0:5a:1b:15:b2:ee,MF154F
RX_CCS_E2_20260121,545989,ADV,-35,e0:5a:1b:15:b2:ee,MF1550
RX_CCS_E2_20260121,546106,ADV,-32,e0:5a:1b:15:b2:ee,MF1551
RX_CCS_E2_20260121,546192,ADV,-35,e0:5a:1b:15:b2:ee,MF1552
RX_CCS_E2_20260121,546296,ADV,-35,e0:5a:1b:15:b2:ee,MF1553
RX_CCS_E2_20260121,546398,ADV,-32,e0:5a:1b:15:b2:ee,MF1554
RX_CCS_E2_20260121,546503,ADV,-35,e0:5a:1b:15:b2:ee,MF1555
RX_CCS_E2_20260121,546712,ADV,-32,e0:5a:1b:15:b2:ee,MF1557
RX_CCS_E2_20260121,546825,ADV,-35,e0:5a:1b:15:b2:ee,MF1558
RX_CCS_E2_20260121,546931,ADV,-35,e0:5a:1b:15:b2:ee,MF1559
RX_CCS_E2_20260121,547037,ADV,-32,e0:5a:1b:15:b2:ee,MF155A
RX_CCS_E2_20260121,547132,ADV,-35,e0:5a:1b:15:b2:ee,MF155B
RX_CCS_E2_20260121,547340,ADV,-32,e0:5a:1b:15:b2:ee,MF155E
RX_CCS_E2_20260121,547766,ADV,-35,e0:5a:1b:15:b2:ee,MF1562
RX_CCS_E2_20260121,547923,ADV,-32,e0:5a:1b:15:b2:ee,MF1563
RX_CCS_E2_20260121,547967,ADV,-35,e0:5a:1b:15:b2:ee,MF1564
RX_CCS_E2_20260121,548071,ADV,-35,e0:5a:1b:15:b2:ee,MF1565
RX_CCS_E2_20260121,548172,ADV,-32,e0:5a:1b:15:b2:ee,MF1566
RX_CCS_E2_20260121,548280,ADV,-35,e0:5a:1b:15:b2:ee,MF1567
RX_CCS_E2_20260121,548380,ADV,-35,e0:5a:1b:15:b2:ee,MF1568
RX_CCS_E2_20260121,548492,ADV,-32,e0:5a:1b:15:b2:ee,MF1569
RX_CCS_E2_20260121,548584,ADV,-36,e0:5a:1b:15:b2:ee,MF156A
RX_CCS_E2_20260121,548692,ADV,-35,e0:5a:1b:15:b2:ee,MF156B
RX_CCS_E2_20260121,548798,ADV,-32,e0:5a:1b:15:b2:ee,MF156C
RX_CCS_E2_20260121,548899,ADV,-35,e0:5a:1b:15:b2:ee,MF156D
RX_CCS_E2_20260121,549002,ADV,-36,e0:5a:1b:15:b2:ee,MF156E
RX_CCS_E2_20260121,549102,ADV,-32,e0:5a:1b:15:b2:ee,MF156F
RX_CCS_E2_20260121,549211,ADV,-35,e0:5a:1b:15:b2:ee,MF1570
RX_CCS_E2_20260121,549321,ADV,-35,e0:5a:1b:15:b2:ee,MF1571
RX_CCS_E2_20260121,549429,ADV,-32,e0:5a:1b:15:b2:ee,MF1572
RX_CCS_E2_20260121,549541,ADV,-35,e0:5a:1b:15:b2:ee,MF1573
RX_CCS_E2_20260121,549846,ADV,-35,e0:5a:1b:15:b2:ee,MF1577
RX_CCS_E2_20260121,550064,ADV,-35,e0:5a:1b:15:b2:ee,MF1579
RX_CCS_E2_20260121,550168,ADV,-35,e0:5a:1b:15:b2:ee,MF157A
RX_CCS_E2_20260121,550268,ADV,-32,e0:5a:1b:15:b2:ee,MF157B
RX_CCS_E2_20260121,550377,ADV,-35,e0:5a:1b:15:b2:ee,MF157C
RX_CCS_E2_20260121,550479,ADV,-36,e0:5a:1b:15:b2:ee,MF157D
RX_CCS_E2_20260121,550570,ADV,-32,e0:5a:1b:15:b2:ee,MF157E
RX_CCS_E2_20260121,550675,ADV,-38,e0:5a:1b:15:b2:ee,MF157F
RX_CCS_E2_20260121,550790,ADV,-35,e0:5a:1b:15:b2:ee,MF1580
RX_CCS_E2_20260121,550887,ADV,-32,e0:5a:1b:15:b2:ee,MF1581
RX_CCS_E2_20260121,551007,ADV,-35,e0:5a:1b:15:b2:ee,MF1582
RX_CCS_E2_20260121,551104,ADV,-35,e0:5a:1b:15:b2:ee,MF1583
RX_CCS_E2_20260121,551214,ADV,-32,e0:5a:1b:15:b2:ee,MF1584
RX_CCS_E2_20260121,551319,ADV,-35,e0:5a:1b:15:b2:ee,MF1585
RX_CCS_E2_20260121,551434,ADV,-35,e0:5a:1b:15:b2:ee,MF1586
RX_CCS_E2_20260121,551541,ADV,-32,e0:5a:1b:15:b2:ee,MF1587
RX_CCS_E2_20260121,551626,ADV,-35,e0:5a:1b:15:b2:ee,MF1588
RX_CCS_E2_20260121,551749,ADV,-36,e0:5a:1b:15:b2:ee,MF1589
RX_CCS_E2_20260121,551833,ADV,-32,e0:5a:1b:15:b2:ee,MF158A
RX_CCS_E2_20260121,551938,ADV,-38,e0:5a:1b:15:b2:ee,MF158C
RX_CCS_E2_20260121,552263,ADV,-35,e0:5a:1b:15:b2:ee,MF158F
RX_CCS_E2_20260121,552364,ADV,-32,e0:5a:1b:15:b2:ee,MF1590
RX_CCS_E2_20260121,552477,ADV,-35,e0:5a:1b:15:b2:ee,MF1591
RX_CCS_E2_20260121,552576,ADV,-35,e0:5a:1b:15:b2:ee,MF1592
RX_CCS_E2_20260121,552679,ADV,-32,e0:5a:1b:15:b2:ee,MF1593
RX_CCS_E2_20260121,552787,ADV,-35,e0:5a:1b:15:b2:ee,MF1594
RX_CCS_E2_20260121,552899,ADV,-35,e0:5a:1b:15:b2:ee,MF1595
RX_CCS_E2_20260121,552996,ADV,-32,e0:5a:1b:15:b2:ee,MF1596
RX_CCS_E2_20260121,553111,ADV,-35,e0:5a:1b:15:b2:ee,MF1597
RX_CCS_E2_20260121,553210,ADV,-35,e0:5a:1b:15:b2:ee,MF1598
RX_CCS_E2_20260121,553312,ADV,-32,e0:5a:1b:15:b2:ee,MF1599
RX_CCS_E2_20260121,553425,ADV,-35,e0:5a:1b:15:b2:ee,MF159A
RX_CCS_E2_20260121,553531,ADV,-35,e0:5a:1b:15:b2:ee,MF159B
RX_CCS_E2_20260121,553621,ADV,-32,e0:5a:1b:15:b2:ee,MF159C
RX_CCS_E2_20260121,553738,ADV,-35,e0:5a:1b:15:b2:ee,MF159D
RX_CCS_E2_20260121,553841,ADV,-35,e0:5a:1b:15:b2:ee,MF159F
RX_CCS_E2_20260121,553949,ADV,-32,e0:5a:1b:15:b2:ee,MF15A0
RX_CCS_E2_20260121,554049,ADV,-35,e0:5a:1b:15:b2:ee,MF15A1
RX_CCS_E2_20260121,554263,ADV,-35,e0:5a:1b:15:b2:ee,MF15A3
RX_CCS_E2_20260121,554374,ADV,-35,e0:5a:1b:15:b2:ee,MF15A4
RX_CCS_E2_20260121,554473,ADV,-32,e0:5a:1b:15:b2:ee,MF15A5
RX_CCS_E2_20260121,554580,ADV,-35,e0:5a:1b:15:b2:ee,MF15A6
RX_CCS_E2_20260121,554689,ADV,-35,e0:5a:1b:15:b2:ee,MF15A7
RX_CCS_E2_20260121,554779,ADV,-32,e0:5a:1b:15:b2:ee,MF15A8
RX_CCS_E2_20260121,554898,ADV,-35,e0:5a:1b:15:b2:ee,MF15A9
RX_CCS_E2_20260121,554999,ADV,-35,e0:5a:1b:15:b2:ee,MF15AA
RX_CCS_E2_20260121,555096,ADV,-32,e0:5a:1b:15:b2:ee,MF15AB
RX_CCS_E2_20260121,555205,ADV,-35,e0:5a:1b:15:b2:ee,MF15AC
RX_CCS_E2_20260121,555313,ADV,-35,e0:5a:1b:15:b2:ee,MF15AD
RX_CCS_E2_20260121,555409,ADV,-32,e0:5a:1b:15:b2:ee,MF15AE
RX_CCS_E2_20260121,555512,ADV,-35,e0:5a:1b:15:b2:ee,MF15AF
RX_CCS_E2_20260121,555622,ADV,-35,e0:5a:1b:15:b2:ee,MF15B0
RX_CCS_E2_20260121,555728,ADV,-32,e0:5a:1b:15:b2:ee,MF15B1
RX_CCS_E2_20260121,555827,ADV,-35,e0:5a:1b:15:b2:ee,MF15B2
RX_CCS_E2_20260121,555935,ADV,-35,e0:5a:1b:15:b2:ee,MF15B3
RX_CCS_E2_20260121,556042,ADV,-32,e0:5a:1b:15:b2:ee,MF15B5
RX_CCS_E2_20260121,556148,ADV,-38,e0:5a:1b:15:b2:ee,MF15B6
RX_CCS_E2_20260121,556365,ADV,-35,e0:5a:1b:15:b2:ee,MF15B8
RX_CCS_E2_20260121,556470,ADV,-35,e0:5a:1b:15:b2:ee,MF15B9
RX_CCS_E2_20260121,556571,ADV,-32,e0:5a:1b:15:b2:ee,MF15BA
RX_CCS_E2_20260121,556788,ADV,-35,e0:5a:1b:15:b2:ee,MF15BC
RX_CCS_E2_20260121,556902,ADV,-31,e0:5a:1b:15:b2:ee,MF15BD
RX_CCS_E2_20260121,556992,ADV,-35,e0:5a:1b:15:b2:ee,MF15BE
RX_CCS_E2_20260121,557095,ADV,-35,e0:5a:1b:15:b2:ee,MF15BF
RX_CCS_E2_20260121,557213,ADV,-32,e0:5a:1b:15:b2:ee,MF15C0
RX_CCS_E2_20260121,557405,ADV,-35,e0:5a:1b:15:b2:ee,MF15C2
RX_CCS_E2_20260121,557504,ADV,-32,e0:5a:1b:15:b2:ee,MF15C3
RX_CCS_E2_20260121,557606,ADV,-35,e0:5a:1b:15:b2:ee,MF15C4
RX_CCS_E2_20260121,557724,ADV,-35,e0:5a:1b:15:b2:ee,MF15C5
RX_CCS_E2_20260121,557818,ADV,-32,e0:5a:1b:15:b2:ee,MF15C6
RX_CCS_E2_20260121,557935,ADV,-38,e0:5a:1b:15:b2:ee,MF15C7
RX_CCS_E2_20260121,558025,ADV,-36,e0:5a:1b:15:b2:ee,MF15C8
RX_CCS_E2_20260121,558240,ADV,-38,e0:5a:1b:15:b2:ee,MF15CB
RX_CCS_E2_20260121,558342,ADV,-35,e0:5a:1b:15:b2:ee,MF15CC
RX_CCS_E2_20260121,558449,ADV,-32,e0:5a:1b:15:b2:ee,MF15CD
RX_CCS_E2_20260121,558662,ADV,-32,e0:5a:1b:15:b2:ee,MF15CF
RX_CCS_E2_20260121,558768,ADV,-35,e0:5a:1b:15:b2:ee,MF15D0
RX_CCS_E2_20260121,558877,ADV,-35,e0:5a:1b:15:b2:ee,MF15D1
RX_CCS_E2_20260121,558978,ADV,-32,e0:5a:1b:15:b2:ee,MF15D2
RX_CCS_E2_20260121,559086,ADV,-38,e0:5a:1b:15:b2:ee,MF15D3
RX_CCS_E2_20260121,559190,ADV,-35,e0:5a:1b:15:b2:ee,MF15D4
RX_CCS_E2_20260121,559292,ADV,-32,e0:5a:1b:15:b2:ee,MF15D5
RX_CCS_E2_20260121,559392,ADV,-35,e0:5a:1b:15:b2:ee,MF15D6
RX_CCS_E2_20260121,559505,ADV,-35,e0:5a:1b:15:b2:ee,MF15D7
RX_CCS_E2_20260121,559599,ADV,-32,e0:5a:1b:15:b2:ee,MF15D8
RX_CCS_E2_20260121,559719,ADV,-38,e0:5a:1b:15:b2:ee,MF15D9
RX_CCS_E2_20260121,559806,ADV,-35,e0:5a:1b:15:b2:ee,MF15DA
RX_CCS_E2_20260121,559925,ADV,-32,e0:5a:1b:15:b2:ee,MF15DB
RX_CCS_E2_20260121,560027,ADV,-35,e0:5a:1b:15:b2:ee,MF15DC
RX_CCS_E2_20260121,560132,ADV,-35,e0:5a:1b:15:b2:ee,MF15DD
RX_CCS_E2_20260121,560237,ADV,-32,e0:5a:1b:15:b2:ee,MF15DE
RX_CCS_E2_20260121,560331,ADV,-35,e0:5a:1b:15:b2:ee,MF15DF
RX_CCS_E2_20260121,560444,ADV,-35,e0:5a:1b:15:b2:ee,MF15E0
RX_CCS_E2_20260121,560538,ADV,-32,e0:5a:1b:15:b2:ee,MF15E2
RX_CCS_E2_20260121,560991,ADV,-35,e0:5a:1b:15:b2:ee,MF15E6
RX_CCS_E2_20260121,561077,ADV,-32,e0:5a:1b:15:b2:ee,MF15E7
RX_CCS_E2_20260121,561178,ADV,-35,e0:5a:1b:15:b2:ee,MF15E8
RX_CCS_E2_20260121,561289,ADV,-35,e0:5a:1b:15:b2:ee,MF15E9
RX_CCS_E2_20260121,561393,ADV,-32,e0:5a:1b:15:b2:ee,MF15EA
RX_CCS_E2_20260121,561506,ADV,-38,e0:5a:1b:15:b2:ee,MF15EB
RX_CCS_E2_20260121,561607,ADV,-36,e0:5a:1b:15:b2:ee,MF15EC
RX_CCS_E2_20260121,561728,ADV,-32,e0:5a:1b:15:b2:ee,MF15ED
RX_CCS_E2_20260121,561828,ADV,-38,e0:5a:1b:15:b2:ee,MF15EE
RX_CCS_E2_20260121,561924,ADV,-36,e0:5a:1b:15:b2:ee,MF15EF
RX_CCS_E2_20260121,562030,ADV,-32,e0:5a:1b:15:b2:ee,MF15F0
RX_CCS_E2_20260121,562131,ADV,-38,e0:5a:1b:15:b2:ee,MF15F1
RX_CCS_E2_20260121,562249,ADV,-35,e0:5a:1b:15:b2:ee,MF15F3
RX_CCS_E2_20260121,562341,ADV,-32,e0:5a:1b:15:b2:ee,MF15F4
RX_CCS_E2_20260121,562444,ADV,-38,e0:5a:1b:15:b2:ee,MF15F5
RX_CCS_E2_20260121,562549,ADV,-35,e0:5a:1b:15:b2:ee,MF15F6
RX_CCS_E2_20260121,562762,ADV,-35,e0:5a:1b:15:b2:ee,MF15F8
RX_CCS_E2_20260121,562886,ADV,-32,e0:5a:1b:15:b2:ee,MF15F9
RX_CCS_E2_20260121,562975,ADV,-35,e0:5a:1b:15:b2:ee,MF15FA
RX_CCS_E2_20260121,563079,ADV,-35,e0:5a:1b:15:b2:ee,MF15FB
RX_CCS_E2_20260121,563193,ADV,-32,e0:5a:1b:15:b2:ee,MF15FC
RX_CCS_E2_20260121,563306,ADV,-35,e0:5a:1b:15:b2:ee,MF15FD
RX_CCS_E2_20260121,563407,ADV,-35,e0:5a:1b:15:b2:ee,MF15FE
RX_CCS_E2_20260121,563532,ADV,-32,e0:5a:1b:15:b2:ee,MF15FF
RX_CCS_E2_20260121,563610,ADV,-38,e0:5a:1b:15:b2:ee,MF1600
RX_CCS_E2_20260121,563749,ADV,-35,e0:5a:1b:15:b2:ee,MF1601
RX_CCS_E2_20260121,563838,ADV,-32,e0:5a:1b:15:b2:ee,MF1602
RX_CCS_E2_20260121,563928,ADV,-35,e0:5a:1b:15:b2:ee,MF1603
RX_CCS_E2_20260121,564026,ADV,-35,e0:5a:1b:15:b2:ee,MF1604
RX_CCS_E2_20260121,564128,ADV,-32,e0:5a:1b:15:b2:ee,MF1605
RX_CCS_E2_20260121,564234,ADV,-38,e0:5a:1b:15:b2:ee,MF1606
RX_CCS_E2_20260121,564332,ADV,-35,e0:5a:1b:15:b2:ee,MF1607
RX_CCS_E2_20260121,564439,ADV,-32,e0:5a:1b:15:b2:ee,MF1609
RX_CCS_E2_20260121,564763,ADV,-36,e0:5a:1b:15:b2:ee,MF160C
RX_CCS_E2_20260121,564873,ADV,-35,e0:5a:1b:15:b2:ee,MF160D
RX_CCS_E2_20260121,564962,ADV,-32,e0:5a:1b:15:b2:ee,MF160E
RX_CCS_E2_20260121,565075,ADV,-38,e0:5a:1b:15:b2:ee,MF160F
RX_CCS_E2_20260121,565188,ADV,-35,e0:5a:1b:15:b2:ee,MF1610
RX_CCS_E2_20260121,565276,ADV,-32,e0:5a:1b:15:b2:ee,MF1611
RX_CCS_E2_20260121,565390,ADV,-35,e0:5a:1b:15:b2:ee,MF1612
RX_CCS_E2_20260121,565492,ADV,-35,e0:5a:1b:15:b2:ee,MF1613
RX_CCS_E2_20260121,565612,ADV,-32,e0:5a:1b:15:b2:ee,MF1614
RX_CCS_E2_20260121,565705,ADV,-35,e0:5a:1b:15:b2:ee,MF1615
RX_CCS_E2_20260121,565810,ADV,-35,e0:5a:1b:15:b2:ee,MF1616
RX_CCS_E2_20260121,565906,ADV,-32,e0:5a:1b:15:b2:ee,MF1617
RX_CCS_E2_20260121,566011,ADV,-35,e0:5a:1b:15:b2:ee,MF1618
RX_CCS_E2_20260121,566125,ADV,-35,e0:5a:1b:15:b2:ee,MF1619
RX_CCS_E2_20260121,566221,ADV,-32,e0:5a:1b:15:b2:ee,MF161A
RX_CCS_E2_20260121,566327,ADV,-35,e0:5a:1b:15:b2:ee,MF161B
RX_CCS_E2_20260121,566435,ADV,-35,e0:5a:1b:15:b2:ee,MF161C
RX_CCS_E2_20260121,566549,ADV,-33,e0:5a:1b:15:b2:ee,MF161E
RX_CCS_E2_20260121,566649,ADV,-35,e0:5a:1b:15:b2:ee,MF161F
RX_CCS_E2_20260121,566863,ADV,-39,e0:5a:1b:15:b2:ee,MF1621
RX_CCS_E2_20260121,566979,ADV,-35,e0:5a:1b:15:b2:ee,MF1622
RX_CCS_E2_20260121,567068,ADV,-32,e0:5a:1b:15:b2:ee,MF1623
RX_CCS_E2_20260121,567182,ADV,-35,e0:5a:1b:15:b2:ee,MF1624
RX_CCS_E2_20260121,567284,ADV,-36,e0:5a:1b:15:b2:ee,MF1625
RX_CCS_E2_20260121,567422,ADV,-32,e0:5a:1b:15:b2:ee,MF1626
RX_CCS_E2_20260121,567495,ADV,-35,e0:5a:1b:15:b2:ee,MF1627
RX_CCS_E2_20260121,567611,ADV,-35,e0:5a:1b:15:b2:ee,MF1628
RX_CCS_E2_20260121,567819,ADV,-38,e0:5a:1b:15:b2:ee,MF162A
RX_CCS_E2_20260121,567937,ADV,-35,e0:5a:1b:15:b2:ee,MF162B
RX_CCS_E2_20260121,568033,ADV,-32,e0:5a:1b:15:b2:ee,MF162C
RX_CCS_E2_20260121,568134,ADV,-38,e0:5a:1b:15:b2:ee,MF162D
RX_CCS_E2_20260121,568243,ADV,-35,e0:5a:1b:15:b2:ee,MF162F
RX_CCS_E2_20260121,568346,ADV,-32,e0:5a:1b:15:b2:ee,MF1630
RX_CCS_E2_20260121,568449,ADV,-35,e0:5a:1b:15:b2:ee,MF1631
RX_CCS_E2_20260121,568663,ADV,-35,e0:5a:1b:15:b2:ee,MF1633
RX_CCS_E2_20260121,568773,ADV,-35,e0:5a:1b:15:b2:ee,MF1634
RX_CCS_E2_20260121,568872,ADV,-32,e0:5a:1b:15:b2:ee,MF1635
RX_CCS_E2_20260121,568982,ADV,-35,e0:5a:1b:15:b2:ee,MF1636
RX_CCS_E2_20260121,569086,ADV,-35,e0:5a:1b:15:b2:ee,MF1637
RX_CCS_E2_20260121,569188,ADV,-32,e0:5a:1b:15:b2:ee,MF1638
RX_CCS_E2_20260121,569322,ADV,-35,e0:5a:1b:15:b2:ee,MF1639
RX_CCS_E2_20260121,569405,ADV,-35,e0:5a:1b:15:b2:ee,MF163A
RX_CCS_E2_20260121,569512,ADV,-32,e0:5a:1b:15:b2:ee,MF163B
RX_CCS_E2_20260121,569624,ADV,-35,e0:5a:1b:15:b2:ee,MF163C
RX_CCS_E2_20260121,569728,ADV,-35,e0:5a:1b:15:b2:ee,MF163D
RX_CCS_E2_20260121,569822,ADV,-32,e0:5a:1b:15:b2:ee,MF163E
RX_CCS_E2_20260121,569928,ADV,-38,e0:5a:1b:15:b2:ee,MF163F
RX_CCS_E2_20260121,570046,ADV,-35,e0:5a:1b:15:b2:ee,MF1640
RX_CCS_E2_20260121,570138,ADV,-32,e0:5a:1b:15:b2:ee,MF1641
RX_CCS_E2_20260121,570246,ADV,-35,e0:5a:1b:15:b2:ee,MF1643
RX_CCS_E2_20260121,570349,ADV,-35,e0:5a:1b:15:b2:ee,MF1644
RX_CCS_E2_20260121,570447,ADV,-32,e0:5a:1b:15:b2:ee,MF1645
RX_CCS_E2_20260121,570761,ADV,-35,e0:5a:1b:15:b2:ee,MF1648
RX_CCS_E2_20260121,570865,ADV,-35,e0:5a:1b:15:b2:ee,MF1649
RX_CCS_E2_20260121,570997,ADV,-32,e0:5a:1b:15:b2:ee,MF164A
RX_CCS_E2_20260121,571070,ADV,-35,e0:5a:1b:15:b2:ee,MF164B
RX_CCS_E2_20260121,571203,ADV,-35,e0:5a:1b:15:b2:ee,MF164C
RX_CCS_E2_20260121,571293,ADV,-33,e0:5a:1b:15:b2:ee,MF164D
RX_CCS_E2_20260121,571420,ADV,-35,e0:5a:1b:15:b2:ee,MF164E
RX_CCS_E2_20260121,571509,ADV,-36,e0:5a:1b:15:b2:ee,MF164F
RX_CCS_E2_20260121,571602,ADV,-32,e0:5a:1b:15:b2:ee,MF1650
RX_CCS_E2_20260121,571721,ADV,-35,e0:5a:1b:15:b2:ee,MF1651
RX_CCS_E2_20260121,571818,ADV,-35,e0:5a:1b:15:b2:ee,MF1652
RX_CCS_E2_20260121,571917,ADV,-32,e0:5a:1b:15:b2:ee,MF1653
RX_CCS_E2_20260121,572038,ADV,-35,e0:5a:1b:15:b2:ee,MF1654
RX_CCS_E2_20260121,572130,ADV,-36,e0:5a:1b:15:b2:ee,MF1655
RX_CCS_E2_20260121,572236,ADV,-32,e0:5a:1b:15:b2:ee,MF1657
RX_CCS_E2_20260121,572345,ADV,-35,e0:5a:1b:15:b2:ee,MF1658
RX_CCS_E2_20260121,572448,ADV,-35,e0:5a:1b:15:b2:ee,MF1659
RX_CCS_E2_20260121,572548,ADV,-32,e0:5a:1b:15:b2:ee,MF165A
RX_CCS_E2_20260121,572765,ADV,-32,e0:5a:1b:15:b2:ee,MF165C
RX_CCS_E2_20260121,572885,ADV,-35,e0:5a:1b:15:b2:ee,MF165D
RX_CCS_E2_20260121,572973,ADV,-35,e0:5a:1b:15:b2:ee,MF165E
RX_CCS_E2_20260121,573073,ADV,-33,e0:5a:1b:15:b2:ee,MF165F
RX_CCS_E2_20260121,573192,ADV,-35,e0:5a:1b:15:b2:ee,MF1660
RX_CCS_E2_20260121,573326,ADV,-35,e0:5a:1b:15:b2:ee,MF1661
RX_CCS_E2_20260121,573391,ADV,-32,e0:5a:1b:15:b2:ee,MF1662
RX_CCS_E2_20260121,573502,ADV,-35,e0:5a:1b:15:b2:ee,MF1663
RX_CCS_E2_20260121,573622,ADV,-35,e0:5a:1b:15:b2:ee,MF1664
RX_CCS_E2_20260121,573706,ADV,-32,e0:5a:1b:15:b2:ee,MF1665
RX_CCS_E2_20260121,573807,ADV,-38,e0:5a:1b:15:b2:ee,MF1666
RX_CCS_E2_20260121,573928,ADV,-35,e0:5a:1b:15:b2:ee,MF1667
RX_CCS_E2_20260121,574013,ADV,-33,e0:5a:1b:15:b2:ee,MF1668
RX_CCS_E2_20260121,574122,ADV,-38,e0:5a:1b:15:b2:ee,MF1669
RX_CCS_E2_20260121,574226,ADV,-35,e0:5a:1b:15:b2:ee,MF166A
RX_CCS_E2_20260121,574336,ADV,-32,e0:5a:1b:15:b2:ee,MF166B
RX_CCS_E2_20260121,574446,ADV,-38,e0:5a:1b:15:b2:ee,MF166D
RX_CCS_E2_20260121,574549,ADV,-35,e0:5a:1b:15:b2:ee,MF166E
RX_CCS_E2_20260121,574649,ADV,-32,e0:5a:1b:15:b2:ee,MF166F
RX_CCS_E2_20260121,574862,ADV,-32,e0:5a:1b:15:b2:ee,MF1671
RX_CCS_E2_20260121,575073,ADV,-35,e0:5a:1b:15:b2:ee,MF1673
RX_CCS_E2_20260121,575178,ADV,-32,e0:5a:1b:15:b2:ee,MF1674
RX_CCS_E2_20260121,575286,ADV,-35,e0:5a:1b:15:b2:ee,MF1675
RX_CCS_E2_20260121,575398,ADV,-35,e0:5a:1b:15:b2:ee,MF1676
RX_CCS_E2_20260121,575502,ADV,-32,e0:5a:1b:15:b2:ee,MF1677
RX_CCS_E2_20260121,575617,ADV,-35,e0:5a:1b:15:b2:ee,MF1678
RX_CCS_E2_20260121,575714,ADV,-35,e0:5a:1b:15:b2:ee,MF1679
RX_CCS_E2_20260121,575827,ADV,-32,e0:5a:1b:15:b2:ee,MF167A
RX_CCS_E2_20260121,575926,ADV,-35,e0:5a:1b:15:b2:ee,MF167B
RX_CCS_E2_20260121,576030,ADV,-35,e0:5a:1b:15:b2:ee,MF167C
RX_CCS_E2_20260121,576136,ADV,-32,e0:5a:1b:15:b2:ee,MF167D
RX_CCS_E2_20260121,576230,ADV,-38,e0:5a:1b:15:b2:ee,MF167E
RX_CCS_E2_20260121,576335,ADV,-36,e0:5a:1b:15:b2:ee,MF167F
RX_CCS_E2_20260121,576430,ADV,-32,e0:5a:1b:15:b2:ee,MF1680
RX_CCS_E2_20260121,576539,ADV,-35,e0:5a:1b:15:b2:ee,MF1682
RX_CCS_E2_20260121,576644,ADV,-35,e0:5a:1b:15:b2:ee,MF1683
RX_CCS_E2_20260121,576741,ADV,-32,e0:5a:1b:15:b2:ee,MF1684
RX_CCS_E2_20260121,576845,ADV,-35,e0:5a:1b:15:b2:ee,MF1685
RX_CCS_E2_20260121,577060,ADV,-35,e0:5a:1b:15:b2:ee,MF1687
RX_CCS_E2_20260121,577165,ADV,-36,e0:5a:1b:15:b2:ee,MF1688
RX_CCS_E2_20260121,577277,ADV,-32,e0:5a:1b:15:b2:ee,MF1689
RX_CCS_E2_20260121,577376,ADV,-35,e0:5a:1b:15:b2:ee,MF168A
RX_CCS_E2_20260121,577483,ADV,-35,e0:5a:1b:15:b2:ee,MF168B
RX_CCS_E2_20260121,577590,ADV,-32,e0:5a:1b:15:b2:ee,MF168C
RX_CCS_E2_20260121,577691,ADV,-38,e0:5a:1b:15:b2:ee,MF168D
RX_CCS_E2_20260121,577808,ADV,-35,e0:5a:1b:15:b2:ee,MF168E
RX_CCS_E2_20260121,577912,ADV,-33,e0:5a:1b:15:b2:ee,MF168F
RX_CCS_E2_20260121,578010,ADV,-38,e0:5a:1b:15:b2:ee,MF1690
RX_CCS_E2_20260121,578116,ADV,-35,e0:5a:1b:15:b2:ee,MF1691
RX_CCS_E2_20260121,578329,ADV,-35,e0:5a:1b:15:b2:ee,MF1693
RX_CCS_E2_20260121,578442,ADV,-36,e0:5a:1b:15:b2:ee,MF1695
RX_CCS_E2_20260121,578537,ADV,-33,e0:5a:1b:15:b2:ee,MF1696
RX_CCS_E2_20260121,579065,ADV,-32,e0:5a:1b:15:b2:ee,MF169B
RX_CCS_E2_20260121,579182,ADV,-35,e0:5a:1b:15:b2:ee,MF169C
RX_CCS_E2_20260121,579282,ADV,-36,e0:5a:1b:15:b2:ee,MF169D
RX_CCS_E2_20260121,579490,ADV,-38,e0:5a:1b:15:b2:ee,MF169F
RX_CCS_E2_20260121,579595,ADV,-35,e0:5a:1b:15:b2:ee,MF16A0
RX_CCS_E2_20260121,579819,ADV,-37,e0:5a:1b:15:b2:ee,MF16A2
RX_CCS_E2_20260121,579928,ADV,-35,e0:5a:1b:15:b2:ee,MF16A3
RX_CCS_E2_20260121,580033,ADV,-33,e0:5a:1b:15:b2:ee,MF16A4
RX_CCS_E2_20260121,580128,ADV,-35,e0:5a:1b:15:b2:ee,MF16A5
RX_CCS_E2_20260121,580239,ADV,-35,e0:5a:1b:15:b2:ee,MF16A6
RX_CCS_E2_20260121,580349,ADV,-32,e0:5a:1b:15:b2:ee,MF16A7
RX_CCS_E2_20260121,580438,ADV,-38,e0:5a:1b:15:b2:ee,MF16A9
RX_CCS_E2_20260121,580545,ADV,-35,e0:5a:1b:15:b2:ee,MF16AA
RX_CCS_E2_20260121,580644,ADV,-32,e0:5a:1b:15:b2:ee,MF16AB
RX_CCS_E2_20260121,580961,ADV,-35,e0:5a:1b:15:b2:ee,MF16AE
RX_CCS_E2_20260121,581089,ADV,-36,e0:5a:1b:15:b2:ee,MF16AF
RX_CCS_E2_20260121,581176,ADV,-32,e0:5a:1b:15:b2:ee,MF16B0
RX_CCS_E2_20260121,581289,ADV,-35,e0:5a:1b:15:b2:ee,MF16B1
RX_CCS_E2_20260121,581387,ADV,-35,e0:5a:1b:15:b2:ee,MF16B2
RX_CCS_E2_20260121,581498,ADV,-32,e0:5a:1b:15:b2:ee,MF16B3
RX_CCS_E2_20260121,581597,ADV,-35,e0:5a:1b:15:b2:ee,MF16B4
RX_CCS_E2_20260121,581700,ADV,-35,e0:5a:1b:15:b2:ee,MF16B5
RX_CCS_E2_20260121,581801,ADV,-32,e0:5a:1b:15:b2:ee,MF16B6
RX_CCS_E2_20260121,581923,ADV,-35,e0:5a:1b:15:b2:ee,MF16B7
RX_CCS_E2_20260121,582017,ADV,-35,e0:5a:1b:15:b2:ee,MF16B8
RX_CCS_E2_20260121,582127,ADV,-32,e0:5a:1b:15:b2:ee,MF16B9
RX_CCS_E2_20260121,582223,ADV,-35,e0:5a:1b:15:b2:ee,MF16BA
RX_CCS_E2_20260121,582334,ADV,-35,e0:5a:1b:15:b2:ee,MF16BB
RX_CCS_E2_20260121,582444,ADV,-32,e0:5a:1b:15:b2:ee,MF16BC
RX_CCS_E2_20260121,582535,ADV,-35,e0:5a:1b:15:b2:ee,MF16BD
RX_CCS_E2_20260121,582649,ADV,-35,e0:5a:1b:15:b2:ee,MF16BF
RX_CCS_E2_20260121,582749,ADV,-32,e0:5a:1b:15:b2:ee,MF16C0
RX_CCS_E2_20260121,583063,ADV,-35,e0:5a:1b:15:b2:ee,MF16C3
RX_CCS_E2_20260121,583169,ADV,-35,e0:5a:1b:15:b2:ee,MF16C4
RX_CCS_E2_20260121,583296,ADV,-32,e0:5a:1b:15:b2:ee,MF16C5
RX_CCS_E2_20260121,583409,ADV,-35,e0:5a:1b:15:b2:ee,MF16C6
RX_CCS_E2_20260121,583493,ADV,-35,e0:5a:1b:15:b2:ee,MF16C7
RX_CCS_E2_20260121,583606,ADV,-32,e0:5a:1b:15:b2:ee,MF16C8
RX_CCS_E2_20260121,583701,ADV,-35,e0:5a:1b:15:b2:ee,MF16C9
RX_CCS_E2_20260121,583812,ADV,-35,e0:5a:1b:15:b2:ee,MF16CA
RX_CCS_E2_20260121,583914,ADV,-32,e0:5a:1b:15:b2:ee,MF16CB
RX_CCS_E2_20260121,584049,ADV,-35,e0:5a:1b:15:b2:ee,MF16CC
RX_CCS_E2_20260121,584141,ADV,-35,e0:5a:1b:15:b2:ee,MF16CD
RX_CCS_E2_20260121,584225,ADV,-33,e0:5a:1b:15:b2:ee,MF16CE
RX_CCS_E2_20260121,584330,ADV,-35,e0:5a:1b:15:b2:ee,MF16CF
RX_CCS_E2_20260121,584449,ADV,-35,e0:5a:1b:15:b2:ee,MF16D0
RX_CCS_E2_20260121,584543,ADV,-33,e0:5a:1b:15:b2:ee,MF16D2
RX_CCS_E2_20260121,584762,ADV,-32,e0:5a:1b:15:b2:ee,MF16D4
RX_CCS_E2_20260121,584978,ADV,-35,e0:5a:1b:15:b2:ee,MF16D6
RX_CCS_E2_20260121,585097,ADV,-33,e0:5a:1b:15:b2:ee,MF16D7
RX_CCS_E2_20260121,585184,ADV,-106,e0:5a:1b:15:b2:ee,MF16D8
RX_CCS_E2_20260121,585291,ADV,-35,e0:5a:1b:15:b2:ee,MF16D9
RX_CCS_E2_20260121,585392,ADV,-32,e0:5a:1b:15:b2:ee,MF16DA
RX_CCS_E2_20260121,585501,ADV,-38,e0:5a:1b:15:b2:ee,MF16DB
RX_CCS_E2_20260121,585609,ADV,-35,e0:5a:1b:15:b2:ee,MF16DC
RX_CCS_E2_20260121,585724,ADV,-32,e0:5a:1b:15:b2:ee,MF16DD
RX_CCS_E2_20260121,585813,ADV,-35,e0:5a:1b:15:b2:ee,MF16DE
RX_CCS_E2_20260121,585936,ADV,-35,e0:5a:1b:15:b2:ee,MF16DF
RX_CCS_E2_20260121,586019,ADV,-32,e0:5a:1b:15:b2:ee,MF16E0
RX_CCS_E2_20260121,586129,ADV,-35,e0:5a:1b:15:b2:ee,MF16E1
RX_CCS_E2_20260121,586349,ADV,-32,e0:5a:1b:15:b2:ee,MF16E4
RX_CCS_E2_20260121,586590,ADV,-32,e0:5a:1b:15:b2:ee,MF16E6
RX_CCS_E2_20260121,586671,ADV,-35,e0:5a:1b:15:b2:ee,MF16E7
RX_CCS_E2_20260121,586783,ADV,-35,e0:5a:1b:15:b2:ee,MF16E8
RX_CCS_E2_20260121,586885,ADV,-32,e0:5a:1b:15:b2:ee,MF16E9
RX_CCS_E2_20260121,586995,ADV,-35,e0:5a:1b:15:b2:ee,MF16EA
RX_CCS_E2_20260121,587098,ADV,-35,e0:5a:1b:15:b2:ee,MF16EB
RX_CCS_E2_20260121,587205,ADV,-32,e0:5a:1b:15:b2:ee,MF16EC
RX_CCS_E2_20260121,587311,ADV,-35,e0:5a:1b:15:b2:ee,MF16ED
RX_CCS_E2_20260121,587419,ADV,-35,e0:5a:1b:15:b2:ee,MF16EE
RX_CCS_E2_20260121,587523,ADV,-32,e0:5a:1b:15:b2:ee,MF16EF
RX_CCS_E2_20260121,587640,ADV,-38,e0:5a:1b:15:b2:ee,MF16F0
RX_CCS_E2_20260121,587744,ADV,-35,e0:5a:1b:15:b2:ee,MF16F2
RX_CCS_E2_20260121,587845,ADV,-32,e0:5a:1b:15:b2:ee,MF16F3
RX_CCS_E2_20260121,587949,ADV,-35,e0:5a:1b:15:b2:ee,MF16F4
RX_CCS_E2_20260121,588264,ADV,-35,e0:5a:1b:15:b2:ee,MF16F7
RX_CCS_E2_20260121,588367,ADV,-32,e0:5a:1b:15:b2:ee,MF16F8
RX_CCS_E2_20260121,588582,ADV,-35,e0:5a:1b:15:b2:ee,MF16FA
RX_CCS_E2_20260121,588709,ADV,-33,e0:5a:1b:15:b2:ee,MF16FB
RX_CCS_E2_20260121,588785,ADV,-35,e0:5a:1b:15:b2:ee,MF16FC
RX_CCS_E2_20260121,588904,ADV,-35,e0:5a:1b:15:b2:ee,MF16FD
RX_CCS_E2_20260121,588995,ADV,-32,e0:5a:1b:15:b2:ee,MF16FE
RX_CCS_E2_20260121,589111,ADV,-38,e0:5a:1b:15:b2:ee,MF16FF
RX_CCS_E2_20260121,589228,ADV,-35,e0:5a:1b:15:b2:ee,MF1700
RX_CCS_E2_20260121,589310,ADV,-32,e0:5a:1b:15:b2:ee,MF1701
RX_CCS_E2_20260121,589429,ADV,-35,e0:5a:1b:15:b2:ee,MF1702
RX_CCS_E2_20260121,589537,ADV,-35,e0:5a:1b:15:b2:ee,MF1703
RX_CCS_E2_20260121,589619,ADV,-32,e0:5a:1b:15:b2:ee,MF1704
RX_CCS_E2_20260121,589724,ADV,-35,e0:5a:1b:15:b2:ee,MF1705
RX_CCS_E2_20260121,589830,ADV,-35,e0:5a:1b:15:b2:ee,MF1706
RX_CCS_E2_20260121,589937,ADV,-32,e0:5a:1b:15:b2:ee,MF1708
RX_CCS_E2_20260121,590049,ADV,-35,e0:5a:1b:15:b2:ee,MF1709
RX_CCS_E2_20260121,590371,ADV,-36,e0:5a:1b:15:b2:ee,MF170C
RX_CCS_E2_20260121,590466,ADV,-32,e0:5a:1b:15:b2:ee,MF170D
RX_CCS_E2_20260121,590577,ADV,-35,e0:5a:1b:15:b2:ee,MF170E
RX_CCS_E2_20260121,590696,ADV,-35,e0:5a:1b:15:b2:ee,MF170F
RX_CCS_E2_20260121,590779,ADV,-32,e0:5a:1b:15:b2:ee,MF1710
RX_CCS_E2_20260121,590880,ADV,-35,e0:5a:1b:15:b2:ee,MF1711
RX_CCS_E2_20260121,590999,ADV,-35,e0:5a:1b:15:b2:ee,MF1712
RX_CCS_E2_20260121,591107,ADV,-32,e0:5a:1b:15:b2:ee,MF1713
RX_CCS_E2_20260121,591213,ADV,-35,e0:5a:1b:15:b2:ee,MF1714
RX_CCS_E2_20260121,591411,ADV,-32,e0:5a:1b:15:b2:ee,MF1716
RX_CCS_E2_20260121,591520,ADV,-35,e0:5a:1b:15:b2:ee,MF1717
RX_CCS_E2_20260121,591629,ADV,-35,e0:5a:1b:15:b2:ee,MF1718
RX_CCS_E2_20260121,591730,ADV,-32,e0:5a:1b:15:b2:ee,MF1719
RX_CCS_E2_20260121,591834,ADV,-35,e0:5a:1b:15:b2:ee,MF171A
RX_CCS_E2_20260121,592044,ADV,-32,e0:5a:1b:15:b2:ee,MF171D
RX_CCS_E2_20260121,592146,ADV,-35,e0:5a:1b:15:b2:ee,MF171E
RX_CCS_E2_20260121,592464,ADV,-35,e0:5a:1b:15:b2:ee,MF1721
RX_CCS_E2_20260121,592566,ADV,-32,e0:5a:1b:15:b2:ee,MF1722
RX_CCS_E2_20260121,592683,ADV,-38,e0:5a:1b:15:b2:ee,MF1723
RX_CCS_E2_20260121,592774,ADV,-35,e0:5a:1b:15:b2:ee,MF1724
RX_CCS_E2_20260121,592877,ADV,-32,e0:5a:1b:15:b2:ee,MF1725
RX_CCS_E2_20260121,592979,ADV,-35,e0:5a:1b:15:b2:ee,MF1726
RX_CCS_E2_20260121,593084,ADV,-35,e0:5a:1b:15:b2:ee,MF1727
RX_CCS_E2_20260121,593181,ADV,-32,e0:5a:1b:15:b2:ee,MF1728
RX_CCS_E2_20260121,593299,ADV,-35,e0:5a:1b:15:b2:ee,MF1729
RX_CCS_E2_20260121,593399,ADV,-35,e0:5a:1b:15:b2:ee,MF172A
RX_CCS_E2_20260121,593502,ADV,-32,e0:5a:1b:15:b2:ee,MF172B
RX_CCS_E2_20260121,593607,ADV,-38,e0:5a:1b:15:b2:ee,MF172C
RX_CCS_E2_20260121,593709,ADV,-35,e0:5a:1b:15:b2:ee,MF172D
RX_CCS_E2_20260121,593828,ADV,-32,e0:5a:1b:15:b2:ee,MF172E
RX_CCS_E2_20260121,593918,ADV,-35,e0:5a:1b:15:b2:ee,MF172F
RX_CCS_E2_20260121,594029,ADV,-35,e0:5a:1b:15:b2:ee,MF1730
RX_CCS_E2_20260121,594131,ADV,-32,e0:5a:1b:15:b2:ee,MF1731
RX_CCS_E2_20260121,594244,ADV,-35,e0:5a:1b:15:b2:ee,MF1732
RX_CCS_E2_20260121,594349,ADV,-35,e0:5a:1b:15:b2:ee,MF1734
RX_CCS_E2_20260121,594445,ADV,-32,e0:5a:1b:15:b2:ee,MF1735
RX_CCS_E2_20260121,594872,ADV,-35,e0:5a:1b:15:b2:ee,MF1739
RX_CCS_E2_20260121,594975,ADV,-32,e0:5a:1b:15:b2:ee,MF173A
RX_CCS_E2_20260121,595216,ADV,-35,e0:5a:1b:15:b2:ee,MF173C
RX_CCS_E2_20260121,595291,ADV,-32,e0:5a:1b:15:b2:ee,MF173D
RX_CCS_E2_20260121,595391,ADV,-35,e0:5a:1b:15:b2:ee,MF173E
RX_CCS_E2_20260121,595501,ADV,-35,e0:5a:1b:15:b2:ee,MF173F
RX_CCS_E2_20260121,595597,ADV,-32,e0:5a:1b:15:b2:ee,MF1740
RX_CCS_E2_20260121,595702,ADV,-35,e0:5a:1b:15:b2:ee,MF1741
RX_CCS_E2_20260121,595815,ADV,-35,e0:5a:1b:15:b2:ee,MF1742
RX_CCS_E2_20260121,595922,ADV,-32,e0:5a:1b:15:b2:ee,MF1743
RX_CCS_E2_20260121,596018,ADV,-35,e0:5a:1b:15:b2:ee,MF1744
RX_CCS_E2_20260121,596141,ADV,-35,e0:5a:1b:15:b2:ee,MF1745
RX_CCS_E2_20260121,596242,ADV,-32,e0:5a:1b:15:b2:ee,MF1746
RX_CCS_E2_20260121,596341,ADV,-35,e0:5a:1b:15:b2:ee,MF1748
RX_CCS_E2_20260121,596449,ADV,-35,e0:5a:1b:15:b2:ee,MF1749
RX_CCS_E2_20260121,596549,ADV,-32,e0:5a:1b:15:b2:ee,MF174A
RX_CCS_E2_20260121,596961,ADV,-35,e0:5a:1b:15:b2:ee,MF174E
RX_CCS_E2_20260121,597066,ADV,-32,e0:5a:1b:15:b2:ee,MF174F
RX_CCS_E2_20260121,597170,ADV,-35,e0:5a:1b:15:b2:ee,MF1750
RX_CCS_E2_20260121,597279,ADV,-35,e0:5a:1b:15:b2:ee,MF1751
RX_CCS_E2_20260121,597398,ADV,-32,e0:5a:1b:15:b2:ee,MF1752
RX_CCS_E2_20260121,597495,ADV,-35,e0:5a:1b:15:b2:ee,MF1753
RX_CCS_E2_20260121,597599,ADV,-35,e0:5a:1b:15:b2:ee,MF1754
RX_CCS_E2_20260121,597703,ADV,-32,e0:5a:1b:15:b2:ee,MF1755
RX_CCS_E2_20260121,597809,ADV,-35,e0:5a:1b:15:b2:ee,MF1756
RX_CCS_E2_20260121,597944,ADV,-35,e0:5a:1b:15:b2:ee,MF1757
RX_CCS_E2_20260121,598019,ADV,-32,e0:5a:1b:15:b2:ee,MF1758
RX_CCS_E2_20260121,598125,ADV,-38,e0:5a:1b:15:b2:ee,MF1759
RX_CCS_E2_20260121,598231,ADV,-35,e0:5a:1b:15:b2:ee,MF175A
RX_CCS_E2_20260121,598432,ADV,-38,e0:5a:1b:15:b2:ee,MF175C
RX_CCS_E2_20260121,598549,ADV,-35,e0:5a:1b:15:b2:ee,MF175E
RX_CCS_E2_20260121,598641,ADV,-32,e0:5a:1b:15:b2:ee,MF175F
RX_CCS_E2_20260121,598964,ADV,-38,e0:5a:1b:15:b2:ee,MF1762
RX_CCS_E2_20260121,599075,ADV,-35,e0:5a:1b:15:b2:ee,MF1763
RX_CCS_E2_20260121,599168,ADV,-32,e0:5a:1b:15:b2:ee,MF1764
RX_CCS_E2_20260121,599275,ADV,-35,e0:5a:1b:15:b2:ee,MF1765
RX_CCS_E2_20260121,599384,ADV,-35,e0:5a:1b:15:b2:ee,MF1766
