interval_ms,n_trials,mean_ms_total,mean_mean_p_mw,std_mean_p_mw
100,2,59440.0,200.8,0.565685424949236
2000,5,59230.2,178.74,1.3831124321616124
