name,delta,u_mid,u_high,c_mid,c_high,hyst,pout_1s,avg_power_mW,adv_rate,switch_rate
P_minPower@0.02,0.02,0.15,0.35,0.1,0.35,0.08,0.0111693487747566,198.90733467606577,8.8987915407855,0.0258475998657267
P_minPower@0.03,0.03,0.1,0.35,0.15,0.35,0.08,0.0296570800604229,197.8496139644176,8.435800604229605,0.0287009063444108
P_minPower@0.04,0.04,0.1,0.35,0.2,0.35,0.08,0.0399961188318227,197.69095334004697,8.363796576032225,0.0278616985565626
