ms,mV,uA,p_mW
# meta, firmware=TXSD_UCCS_D4B_SCAN90, cond_id=2, tag=s4_fixed500, subject=uccs_d4b_scan90
11,4936,55900,275.9
20,4940,57400,283.6
30,4824,138500,668.1
40,4940,57400,283.6
50,4940,56500,279.1
60,4940,56800,280.6
70,4940,56600,279.6
80,4940,56800,280.6
90,4940,57500,284.1
100,4940,55900,276.1
110,4940,57500,284.1
120,4940,55800,275.7
130,4828,206000,994.6
140,4936,55900,275.9
150,4940,57500,284.1
160,4940,56000,276.6
170,4940,57500,284.1
180,4936,55900,275.9
190,4940,57500,284.1
200,4940,55800,275.7
210,4940,57400,283.6
220,4940,56400,278.6
230,4816,143400,690.6
240,4940,56500,279.1
250,4940,56900,281.1
260,4940,56600,279.6
270,4940,56800,280.6
280,4940,57600,284.5
290,4940,56000,276.6
300,4940,57400,283.6
310,4936,55900,275.9
320,4940,57500,284.1
330,4940,55900,276.1
340,4932,146400,722.0
350,4936,56000,276.4
360,4940,57500,284.1
370,4940,55800,275.7
380,4944,57500,284.3
390,4936,55900,275.9
400,4940,57500,284.1
410,4940,56300,278.1
420,4940,57400,283.6
430,4940,56600,279.6
440,4940,56900,281.1
450,4812,140900,678.0
460,4940,56900,281.1
470,4940,57500,284.1
480,4940,56100,277.1
490,4940,57500,284.1
500,4936,55900,275.9
510,4940,57400,283.6
520,4936,55800,275.4
530,4940,57500,284.1
540,4940,55900,276.1
550,4940,57500,284.1
560,4720,141000,665.5
570,4940,57500,284.1
580,4940,55800,275.7
590,4940,57500,284.1
600,4940,56300,278.1
610,4940,57500,284.1
620,4940,56500,279.1
630,4940,56800,280.6
640,4940,56500,279.1
650,4940,56900,281.1
660,4816,198600,956.5
670,4940,56100,277.1
680,4940,57500,284.1
690,4940,55900,276.1
700,4940,57500,284.1
710,4940,55900,276.1
720,4940,57400,283.6
730,4940,55900,276.1
740,4940,57500,284.1
750,4940,55900,276.1
760,4940,57500,284.1
770,4792,137200,657.5
780,4940,57500,284.1
790,4936,56300,277.9
800,4940,57400,283.6
810,4936,56600,279.4
820,4940,56800,280.6
830,4940,56500,279.1
840,4940,56800,280.6
850,4940,57500,284.1
860,4940,56000,276.6
870,4824,200300,966.2
880,4940,56000,276.6
890,4940,57500,284.1
900,4936,55900,275.9
910,4940,57500,284.1
920,4940,55900,276.1
930,4940,57400,283.6
940,4940,55900,276.1
950,4940,57500,284.1
960,4940,56000,276.6
970,4820,141800,683.5
980,4940,56200,277.6
990,4940,57500,284.1
1000,4940,56500,279.1
1010,4940,56900,281.1
1020,4940,56500,279.1
1030,4940,56800,280.6
1040,4940,57600,284.5
1050,4940,55900,276.1
1060,4940,57500,284.1
1070,4940,55900,276.1
1080,4940,57500,284.1
1090,4936,55900,275.9
1100,4940,57500,284.1
1110,4940,55900,276.1
1120,4940,57500,284.1
1130,4940,55900,276.1
1140,4940,57500,284.1
1150,4936,55800,275.4
1160,4940,57500,284.1
1170,4940,56400,278.6
1180,4816,138800,668.5
1190,4940,56600,279.6
1200,4940,56900,281.1
1210,4940,56600,279.6
1220,4940,56800,280.6
1230,4940,57600,284.5
1240,4940,56000,276.6
1250,4940,57500,284.1
1260,4940,55900,276.1
1270,4940,57400,283.6
1280,4936,55900,275.9
1290,4832,204000,985.7
1300,4940,55900,276.1
1310,4940,57500,284.1
1320,4940,55900,276.1
1330,4940,57500,284.1
1340,4940,55900,276.1
1350,4940,57500,284.1
1360,4940,56400,278.6
1370,4940,57300,283.1
1380,4936,56600,279.4
1390,4732,141700,670.5
1400,4940,56600,279.6
1410,4940,56800,280.6
1420,4940,57500,284.1
1430,4940,56000,276.6
1440,4940,57500,284.1
1450,4936,55900,275.9
1460,4940,57500,284.1
1470,4940,55900,276.1
1480,4940,57400,283.6
1490,4940,55900,276.1
1500,4784,166400,796.1
1510,4940,55900,276.1
1520,4940,57500,284.1
1530,4940,55900,276.1
1540,4940,57500,284.1
1550,4940,56300,278.1
1560,4940,57400,283.6
1570,4940,56600,279.6
1580,4940,56900,281.1
1590,4940,56500,279.1
1600,4816,143000,688.7
1610,4940,57600,284.5
1620,4940,55900,276.1
1630,4940,57500,284.1
1640,4940,55900,276.1
1650,4940,57500,284.1
1660,4940,55900,276.1
1670,4940,57500,284.1
1680,4940,55800,275.7
1690,4940,57500,284.1
1700,4936,55900,275.9
1710,4824,57500,277.4
1720,4940,55900,276.1
1730,4940,57500,284.1
1740,4936,56400,278.4
1750,4940,57300,283.1
1760,4940,56600,279.6
1770,4940,56800,280.6
1780,4940,56500,279.1
1790,4940,56900,281.1
1800,4940,57500,284.1
1810,4780,138500,662.0
1820,4940,57500,284.1
1830,4936,56000,276.4
1841,4940,57500,284.1
1850,4936,55800,275.4
1860,4940,57500,284.1
1870,4936,55900,275.9
1880,4940,57500,284.1
1890,4940,55900,276.1
1900,4940,57500,284.1
1910,4800,141000,676.8
1920,4940,57500,284.1
1930,4940,56600,279.6
1940,4940,56800,280.6
1950,4940,56500,279.1
1960,4940,56800,280.6
1970,4940,56500,279.1
1980,4940,56900,281.1
1990,4940,57500,284.1
2000,4940,55900,276.1
2010,4940,57500,284.1
2020,4720,133500,630.1
2030,4940,57500,284.1
2040,4936,55900,275.9
2050,4940,57500,284.1
2060,4936,55900,275.9
2070,4940,57500,284.1
2080,4940,55900,276.1
2090,4940,57400,283.6
2100,4940,55900,276.1
2110,4940,57500,284.1
2120,4936,85200,420.5
2130,4940,56900,281.1
2140,4940,56500,279.1
2150,4940,56800,280.6
2160,4940,57400,283.6
2170,4940,56100,277.1
2180,4940,57500,284.1
2190,4936,55900,275.9
2200,4940,57500,284.1
2210,4936,55800,275.4
2220,4940,57500,284.1
2230,4708,149000,701.5
2240,4940,57500,284.1
2250,4940,55900,276.1
2260,4940,57500,284.1
2270,4940,55800,275.7
2280,4940,57400,283.6
2290,4936,56500,278.9
2300,4940,56700,280.1
2310,4940,56600,279.6
2320,4940,56800,280.6
2330,4776,168000,802.4
2340,4940,56800,280.6
2350,4940,57500,284.1
2360,4940,55800,275.7
2370,4940,57400,283.6
2380,4940,55900,276.1
2390,4940,57500,284.1
2400,4936,55900,275.9
2410,4940,57500,284.1
2420,4940,55900,276.1
2430,4940,57500,284.1
2440,4772,136700,652.3
2450,4940,57400,283.6
2460,4940,55900,276.1
2470,4940,57400,283.6
2480,4940,56600,279.6
2490,4940,56800,280.6
2500,4940,56600,279.6
2510,4940,56800,280.6
2520,4940,57500,284.1
2530,4940,56100,277.1
2540,4820,200400,965.9
2550,4940,55900,276.1
2560,4940,57500,284.1
2570,4936,55800,275.4
2580,4940,57500,284.1
2590,4940,55900,276.1
2600,4940,57400,283.6
2610,4936,55900,275.9
2620,4940,57400,283.6
2630,4936,55900,275.9
2640,4820,153300,738.9
2650,4936,56600,279.4
2660,4940,56800,280.6
2670,4940,56600,279.6
2680,4940,56900,281.1
2690,4940,56600,279.6
2700,4940,56800,280.6
2710,4940,57600,284.5
2720,4936,55800,275.4
2730,4940,57500,284.1
2740,4940,55900,276.1
2750,4828,197000,951.1
2760,4936,55900,275.9
2770,4940,57500,284.1
2780,4940,55900,276.1
2790,4940,57500,284.1
2800,4936,55900,275.9
2810,4940,57500,284.1
2820,4936,55900,275.9
2830,4940,57500,284.1
2840,4940,56500,279.1
2850,4940,56800,280.6
2860,4940,56600,279.6
2870,4940,56800,280.6
2880,4940,57500,284.1
2890,4940,56300,278.1
2900,4940,57500,284.1
2910,4940,55900,276.1
2920,4940,57500,284.1
2930,4940,55900,276.1
2940,4940,57400,283.6
2950,4936,55900,275.9
2960,4828,202100,975.7
2970,4940,55900,276.1
2980,4940,57600,284.5
2990,4940,55900,276.1
3000,4940,57500,284.1
3010,4936,56600,279.4
3020,4940,56800,280.6
3030,4936,56500,278.9
3040,4940,56800,280.6
3050,4940,56600,279.6
3060,4812,146200,703.5
3070,4940,57500,284.1
3080,4940,56000,276.6
3090,4940,57500,284.1
3100,4940,55900,276.1
3110,4940,57500,284.1
3120,4936,55800,275.4
3130,4940,57500,284.1
3140,4936,55900,275.9
3150,4940,57500,284.1
3160,4936,55900,275.9
3170,4828,194700,940.0
3180,4936,55900,275.9
3190,4940,57500,284.1
3200,4940,56500,279.1
3210,4940,56800,280.6
3220,4940,56600,279.6
3230,4940,56800,280.6
3240,4940,57200,282.6
3250,4940,56300,278.1
3260,4940,57500,284.1
3270,4792,175000,838.6
3280,4940,57600,284.5
3290,4940,55900,276.1
3300,4940,57500,284.1
3310,4936,56000,276.4
3320,4944,57500,284.3
3330,4936,55900,275.9
3340,4940,57500,284.1
3350,4936,55900,275.9
3360,4940,57500,284.1
3370,4828,191600,925.0
3380,4940,56900,281.1
3390,4940,56600,279.6
3400,4940,56900,281.1
3410,4940,56600,279.6
3420,4936,56900,280.9
3430,4940,57500,284.1
3440,4936,55900,275.9
3450,4940,57500,284.1
3460,4940,55800,275.7
3470,4820,142100,684.9
3480,4936,55900,275.9
3490,4940,57500,284.1
3500,4936,55900,275.9
3510,4940,57500,284.1
3520,4940,55900,276.1
3530,4940,57500,284.1
3540,4936,55900,275.9
3550,4940,57500,284.1
3560,4940,56600,279.6
3570,4940,56800,280.6
3580,4808,157200,755.8
3590,4940,56900,281.1
3600,4940,57200,282.6
3611,4936,55900,275.9
3620,4940,57500,284.1
3630,4940,55900,276.1
3640,4940,57500,284.1
3650,4936,55900,275.9
3660,4940,57500,284.1
3670,4940,55900,276.1
3680,4932,147100,725.5
3690,4940,55900,276.1
3700,4940,57600,284.5
3710,4936,55900,275.9
3720,4940,57400,283.6
3730,4936,56600,279.4
3740,4940,57000,281.6
3750,4936,56600,279.4
3760,4940,56900,281.1
3770,4940,56600,279.6
3780,4936,56800,280.4
3790,4748,95200,452.0
3800,4940,55900,276.1
3810,4940,57600,284.5
3820,4936,55900,275.9
3830,4940,57500,284.1
3840,4936,55800,275.4
3850,4940,57500,284.1
3860,4936,55900,275.9
3870,4940,57500,284.1
3880,4936,55900,275.9
3890,4768,157000,748.6
3900,4936,55900,275.9
3910,4940,57600,284.5
3920,4940,56500,279.1
3930,4940,56900,281.1
3940,4940,56600,279.6
3950,4940,56900,281.1
3960,4940,57200,282.6
3970,4940,56600,279.6
3980,4940,57500,284.1
3990,4800,141400,678.7
4000,4940,57500,284.1
4010,4940,55900,276.1
4020,4940,57400,283.6
4030,4936,55900,275.9
4040,4940,57500,284.1
4050,4936,55900,275.9
4060,4940,57500,284.1
4070,4936,55800,275.4
4080,4940,57500,284.1
4090,4936,56600,279.4
4100,4820,153200,738.4
4110,4940,56600,279.6
4120,4940,56800,280.6
4130,4940,56600,279.6
4140,4940,56900,281.1
4150,4940,57500,284.1
4160,4940,55900,276.1
4170,4940,57500,284.1
4180,4940,55900,276.1
4190,4940,57400,283.6
4200,4936,55900,275.9
4210,4808,59100,284.2
4220,4936,55900,275.9
4230,4940,57500,284.1
4240,4940,55900,276.1
4250,4940,57500,284.1
4260,4940,55900,276.1
4270,4940,57500,284.1
4280,4940,56500,279.1
4290,4940,56800,280.6
4300,4940,56500,279.1
4310,4816,141500,681.5
4320,4940,56900,281.1
4330,4940,56700,280.1
4340,4940,57500,284.1
4350,4936,55900,275.9
4360,4940,57500,284.1
4370,4940,55900,276.1
4380,4940,57500,284.1
4390,4936,55900,275.9
4400,4940,57500,284.1
4410,4816,155200,747.4
4420,4940,57500,284.1
4430,4936,55900,275.9
4440,4940,57500,284.1
4450,4940,56400,278.6
4460,4940,57200,282.6
4470,4940,56500,279.1
4480,4940,56800,280.6
4490,4940,56500,279.1
4500,4940,56800,280.6
4510,4816,146300,704.6
4520,4940,55900,276.1
4530,4940,57500,284.1
4540,4936,55900,275.9
4550,4940,57500,284.1
4560,4936,55900,275.9
4570,4940,57400,283.6
4580,4936,55900,275.9
4590,4940,57500,284.1
4600,4936,55900,275.9
4610,4816,142600,686.8
4620,4940,55900,276.1
4630,4940,57500,284.1
4640,4940,56500,279.1
4650,4940,56900,281.1
4660,4940,56600,279.6
4670,4940,56800,280.6
4680,4940,57000,281.6
4690,4936,56700,279.9
4700,4940,57500,284.1
4710,4940,58700,290.0
4720,4940,57500,284.1
4730,4940,55900,276.1
4740,4940,57400,283.6
4750,4936,55900,275.9
4760,4940,57500,284.1
4770,4940,55900,276.1
4780,4940,57500,284.1
4790,4940,55900,276.1
4800,4940,57500,284.1
4810,4940,56400,278.6
4820,4812,142200,684.3
4830,4940,56600,279.6
4840,4940,56800,280.6
4850,4940,56600,279.6
4860,4940,56800,280.6
4870,4940,57400,283.6
4880,4940,55800,275.7
4890,4940,57500,284.1
4900,4940,55900,276.1
4910,4940,57500,284.1
4920,4940,55900,276.1
4930,4832,140400,678.4
4940,4936,55900,275.9
4950,4940,57400,283.6
4960,4940,55900,276.1
4970,4940,57500,284.1
4980,4936,55900,275.9
4990,4940,57500,284.1
5000,4940,56600,279.6
5010,4940,56900,281.1
5020,4940,56500,279.1
5030,4724,169700,801.7
5040,4940,56700,280.1
5050,4940,56900,281.1
5060,4940,57400,283.6
5070,4940,55800,275.7
5080,4940,57500,284.1
5090,4940,55900,276.1
5100,4940,57500,284.1
5110,4940,55900,276.1
5120,4940,57500,284.1
5130,4816,140900,678.6
5140,4940,57500,284.1
5150,4936,55900,275.9
5160,4940,57500,284.1
5170,4936,56200,277.4
5180,4940,57500,284.1
5190,4940,56600,279.6
5200,4940,56900,281.1
5210,4940,56500,279.1
5220,4940,56800,280.6
5230,4816,143600,691.6
5240,4936,55900,275.9
5250,4940,57500,284.1
5260,4940,56000,276.6
5270,4940,57500,284.1
5280,4940,55800,275.7
5290,4940,57500,284.1
5300,4936,55900,275.9
5310,4940,57400,283.6
5320,4940,55900,276.1
5330,4940,57500,284.1
5340,4760,174000,828.2
5350,4940,57500,284.1
5360,4940,56500,279.1
5370,4940,56900,281.1
5381,4940,56600,279.6
5390,4940,56800,280.6
5400,4940,56600,279.6
5410,4940,56800,280.6
5420,4940,57500,284.1
5430,4940,55900,276.1
5440,4820,144300,695.5
5450,4936,55900,275.9
5460,4944,57500,284.3
5470,4940,55900,276.1
5480,4940,57400,283.6
5490,4940,55900,276.1
5500,4940,57500,284.1
5510,4940,55900,276.1
5520,4940,57500,284.1
5530,4940,56200,277.6
5540,4940,57500,284.1
5550,4816,146200,704.1
5560,4940,56800,280.6
5570,4940,56600,279.6
5580,4940,56800,280.6
5590,4940,57600,284.5
5600,4940,55900,276.1
5610,4940,57500,284.1
5620,4936,55900,275.9
5630,4940,57500,284.1
5640,4940,55900,276.1
5650,4940,57500,284.1
5660,4816,139000,669.4
5670,4940,57500,284.1
5680,4936,55900,275.9
5690,4940,57500,284.1
5700,4940,55900,276.1
5710,4940,57500,284.1
5720,4936,56500,278.9
5730,4940,56800,280.6
5740,4940,56600,279.6
5750,4940,56900,281.1
5760,4808,141500,680.3
5770,4940,56900,281.1
5780,4940,57500,284.1
5790,4940,55900,276.1
5800,4940,57500,284.1
5810,4936,55900,275.9
5820,4940,57500,284.1
5830,4936,55900,275.9
5840,4940,57400,283.6
5850,4936,55900,275.9
5860,4940,57500,284.1
5870,4816,162100,780.7
5880,4940,57600,284.5
5890,4940,56000,276.6
5900,4940,57500,284.1
5910,4940,56500,279.1
5920,4936,56900,280.9
5930,4940,56500,279.1
5940,4940,56900,281.1
5950,4940,57500,284.1
5960,4940,55800,275.7
5970,4816,144400,695.4
5980,4936,55900,275.9
5990,4940,57500,284.1
6000,4940,55900,276.1
6010,4940,57500,284.1
6020,4936,55900,275.9
6030,4940,57500,284.1
6040,4940,55900,276.1
6050,4940,57400,283.6
6060,4940,55900,276.1
6070,4940,57500,284.1
6080,4824,132000,636.8
6090,4940,56800,280.6
6100,4940,56500,279.1
6110,4940,56800,280.6
6120,4940,56600,279.6
6130,4940,56800,280.6
6140,4940,57500,284.1
6150,4940,55900,276.1
6160,4940,57500,284.1
6170,4936,55900,275.9
6180,4816,147200,708.9
6190,4940,55900,276.1
6200,4940,57500,284.1
6210,4940,55900,276.1
6220,4940,57500,284.1
6230,4940,56000,276.6
6240,4940,57400,283.6
6250,4940,56000,276.6
6260,4940,57500,284.1
6270,4940,56500,279.1
6280,4940,59700,294.9
6290,4940,56600,279.6
6300,4940,56800,280.6
6310,4940,57500,284.1
6320,4940,56000,276.6
6330,4940,57500,284.1
6340,4940,55900,276.1
6350,4940,57500,284.1
6360,4940,55900,276.1
6370,4940,57500,284.1
6380,4936,55900,275.9
6390,4824,208800,1007.3
6400,4940,55900,276.1
6410,4940,57500,284.1
6420,4936,56000,276.4
6430,4940,57500,284.1
6440,4936,56500,278.9
6450,4940,56800,280.6
6460,4940,56500,279.1
6470,4940,56900,281.1
6480,4940,56600,279.6
6490,4824,142900,689.3
6500,4940,57500,284.1
6510,4940,55900,276.1
6520,4940,57400,283.6
6530,4936,55900,275.9
6540,4940,57500,284.1
6550,4940,55900,276.1
6560,4940,57500,284.1
6570,4936,55900,275.9
6580,4940,57500,284.1
6590,4788,142400,681.8
6600,4940,57500,284.1
6610,4940,55900,276.1
6620,4940,57400,283.6
6630,4940,56600,279.6
6640,4940,56800,280.6
6650,4940,56500,279.1
6660,4940,56800,280.6
6670,4940,57500,284.1
6680,4940,56000,276.6
6690,4940,57500,284.1
6700,4940,56000,276.6
6710,4940,57500,284.1
6720,4936,55900,275.9
6730,4940,57600,284.5
6740,4940,55900,276.1
6750,4940,57500,284.1
6760,4936,55900,275.9
6770,4940,57500,284.1
6780,4940,55900,276.1
6790,4940,57500,284.1
6800,4712,138100,650.7
6810,4940,56700,280.1
6820,4940,56500,279.1
6830,4940,56800,280.6
6840,4940,56500,279.1
6850,4940,56900,281.1
6860,4940,57500,284.1
6870,4936,55900,275.9
6880,4940,57500,284.1
6890,4936,55800,275.4
6900,4936,123700,610.6
6910,4936,55900,275.9
6920,4940,57500,284.1
6930,4936,56000,276.4
6940,4940,57500,284.1
6950,4940,55900,276.1
6960,4940,57500,284.1
6970,4936,55900,275.9
6980,4940,57500,284.1
6990,4940,56600,279.6
7000,4940,56800,280.6
7010,4816,145000,698.3
7020,4940,56900,281.1
7030,4940,57500,284.1
7040,4940,56100,277.1
7050,4940,57500,284.1
7060,4940,55900,276.1
7070,4940,57500,284.1
7080,4936,55900,275.9
7090,4940,57400,283.6
7100,4936,55900,275.9
7110,4940,57500,284.1
7120,4936,55900,275.9
7130,4940,57600,284.5
7140,4940,55900,276.1
7150,4940,57500,284.1
7161,4940,56600,279.6
7170,4940,56800,280.6
7180,4940,56600,279.6
7190,4940,56800,280.6
7200,4940,56600,279.6
7210,4940,56800,280.6
7220,4808,141500,680.3
7230,4936,55900,275.9
7240,4940,57500,284.1
7250,4936,56000,276.4
7260,4940,57500,284.1
7270,4936,55900,275.9
7280,4940,57500,284.1
7290,4940,55900,276.1
7300,4940,57500,284.1
7310,4936,55900,275.9
7320,4940,57500,284.1
7330,4816,140500,676.6
7340,4940,57500,284.1
7350,4940,56500,279.1
7360,4940,56800,280.6
7370,4940,56600,279.6
7380,4940,56800,280.6
7390,4940,57400,283.6
7400,4940,56200,277.6
7410,4944,57500,284.3
7420,4940,55900,276.1
7430,4940,57500,284.1
7440,4816,140700,677.6
7450,4940,57500,284.1
7460,4940,55900,276.1
7470,4940,57500,284.1
7480,4940,55900,276.1
7490,4940,57500,284.1
7500,4936,55900,275.9
7510,4940,57500,284.1
7520,4940,56600,279.6
7530,4940,56800,280.6
7540,4800,142000,681.6
7550,4940,56900,281.1
7560,4940,56600,279.6
7570,4940,56800,280.6
7580,4940,57600,284.5
7590,4940,56000,276.6
7600,4940,57500,284.1
7610,4940,55900,276.1
7620,4940,57500,284.1
7630,4940,55900,276.1
7640,4944,57500,284.3
7650,4936,55900,275.9
7660,4940,57500,284.1
7670,4936,55900,275.9
7680,4940,57500,284.1
7690,4940,55900,276.1
7700,4936,57500,283.8
7710,4940,56600,279.6
7720,4940,56900,281.1
7730,4940,56600,279.6
7740,4940,56800,280.6
7750,4820,145100,699.4
7760,4940,56400,278.6
7770,4940,57500,284.1
7780,4936,55900,275.9
7790,4940,57400,283.6
7800,4936,55900,275.9
7810,4940,57500,284.1
7820,4940,55900,276.1
7830,4940,57500,284.1
7840,4940,55800,275.7
7850,4940,57400,283.6
7860,4832,133700,646.0
7870,4940,57500,284.1
7880,4936,56700,279.9
7890,4940,56900,281.1
7900,4940,56600,279.6
7910,4940,56800,280.6
7920,4940,56500,279.1
7930,4940,56800,280.6
7940,4940,57500,284.1
7950,4940,56000,276.6
7960,4936,105600,521.2
7970,4936,55900,275.9
7980,4940,57500,284.1
7990,4940,55900,276.1
8000,4940,57500,284.1
8010,4940,55800,275.7
8020,4940,57500,284.1
8030,4940,55900,276.1
8040,4940,57500,284.1
8050,4940,55900,276.1
8060,4924,60300,296.9
8070,4940,56600,279.6
8080,4940,56900,281.1
8090,4940,56600,279.6
8100,4940,56900,281.1
8110,4940,57300,283.1
8120,4940,56500,279.1
8130,4940,57500,284.1
8140,4940,55900,276.1
8150,4940,57500,284.1
8160,4940,55900,276.1
8170,4828,191600,925.0
8180,4936,55900,275.9
8190,4944,57500,284.3
8200,4940,56000,276.6
8210,4940,57500,284.1
8220,4936,55900,275.9
8230,4940,57500,284.1
8240,4940,56600,279.6
8250,4940,57000,281.6
8260,4940,56600,279.6
8270,4732,136100,644.0
8280,4940,56600,279.6
8290,4940,56800,280.6
8300,4940,57500,284.1
8310,4940,55900,276.1
8320,4940,57500,284.1
8330,4940,55900,276.1
8340,4940,57400,283.6
8350,4936,56000,276.4
8360,4940,57400,283.6
8370,4792,141200,676.6
8380,4940,57500,284.1
8390,4936,55900,275.9
8400,4940,57400,283.6
8410,4936,55900,275.9
8420,4940,57500,284.1
8430,4940,56600,279.6
8440,4940,56800,280.6
8450,4940,56500,279.1
8460,4940,56800,280.6
8470,4940,57200,282.6
8480,4816,141600,681.9
8490,4940,57500,284.1
8500,4940,55900,276.1
8510,4940,57500,284.1
8520,4936,56000,276.4
8530,4940,57500,284.1
8540,4940,55900,276.1
8550,4940,57500,284.1
8560,4940,55900,276.1
8570,4940,57500,284.1
8580,4936,55900,275.9
8590,4792,142400,682.4
8600,4936,56500,278.9
8610,4940,57200,282.6
8620,4940,56600,279.6
8630,4940,56900,281.1
8640,4940,56500,279.1
8650,4940,56900,281.1
8660,4940,57400,283.6
8670,4936,55900,275.9
8680,4940,57500,284.1
8690,4816,140800,678.1
8700,4940,57500,284.1
8710,4936,55800,275.4
8720,4940,57500,284.1
8730,4936,55900,275.9
8740,4940,57500,284.1
8750,4936,56000,276.4
8760,4940,57500,284.1
8770,4936,55800,275.4
8780,4940,57500,284.1
8790,4936,56500,278.9
8800,4824,210000,1013.0
8810,4940,56600,279.6
8820,4940,56900,281.1
8830,4940,57000,281.6
8840,4940,56800,280.6
8850,4940,57500,284.1
8860,4940,55900,276.1
8870,4940,57500,284.1
8880,4936,55900,275.9
8890,4940,57400,283.6
8900,4940,55900,276.1
8910,4940,57400,283.6
8920,4936,55900,275.9
8931,4940,57600,284.5
8940,4940,55900,276.1
8950,4940,57500,284.1
8960,4940,56500,279.1
8970,4940,57300,283.1
8980,4940,56500,279.1
8990,4940,56900,281.1
9000,4936,56600,279.4
9010,4844,151600,734.4
9020,4940,57500,284.1
9030,4940,55900,276.1
9040,4940,57400,283.6
9050,4940,55900,276.1
9060,4940,57500,284.1
9070,4940,55900,276.1
9080,4940,57500,284.1
9090,4936,55900,275.9
9100,4940,57500,284.1
9110,4936,55800,275.4
9120,4828,130800,631.5
9130,4936,55900,275.9
9140,4940,57500,284.1
9150,4936,56600,279.4
9160,4940,56900,281.1
9170,4940,56500,279.1
9180,4940,56900,281.1
9190,4940,56900,281.1
9200,4940,56800,280.6
9210,4940,57500,284.1
9220,4732,133700,632.7
9230,4940,57500,284.1
9240,4940,55900,276.1
9250,4940,57500,284.1
9260,4936,55900,275.9
9270,4940,57500,284.1
9280,4936,55900,275.9
9290,4940,57500,284.1
9300,4940,55900,276.1
9310,4940,57500,284.1
9320,4792,142600,683.3
9330,4940,57400,283.6
9340,4940,56600,279.6
9350,4940,56900,281.1
9360,4940,56500,279.1
9370,4940,56900,281.1
9380,4940,57600,284.5
9390,4940,55900,276.1
9400,4940,57400,283.6
9410,4940,55900,276.1
9420,4940,57500,284.1
9430,4816,141300,680.5
9440,4940,57500,284.1
9450,4936,55900,275.9
9460,4940,57500,284.1
9470,4940,55900,276.1
9480,4940,57400,283.6
9490,4940,55900,276.1
9500,4940,57500,284.1
9510,4940,56500,279.1
9520,4940,56900,281.1
9530,4940,56500,279.1
9540,4756,155300,738.6
9550,4940,56800,280.6
9560,4940,56900,281.1
9570,4940,57500,284.1
9580,4940,55900,276.1
9590,4940,57400,283.6
9600,4940,55800,275.7
9610,4940,57500,284.1
9620,4936,55800,275.4
9630,4940,57500,284.1
9640,4816,134500,647.8
9650,4940,57500,284.1
9660,4940,55900,276.1
9670,4940,57500,284.1
9680,4936,56200,277.4
9690,4940,57400,283.6
9700,4940,56500,279.1
9710,4940,56800,280.6
9720,4940,56600,279.6
9730,4940,56800,280.6
9740,4940,57500,284.1
9750,4724,133400,630.2
9760,4940,57500,284.1
9770,4940,55900,276.1
9780,4944,57500,284.3
9790,4940,55900,276.1
9800,4940,57500,284.1
9810,4940,55900,276.1
9820,4940,57500,284.1
9830,4936,56000,276.4
9840,4940,57500,284.1
9850,4940,55900,276.1
9860,4824,133000,641.6
9870,4940,56600,279.6
9880,4940,56900,281.1
9890,4940,56500,279.1
9900,4940,56900,281.1
9910,4940,56700,280.1
9920,4940,56800,280.6
9930,4940,57600,284.5
9940,4940,55900,276.1
9950,4940,57500,284.1
9960,4940,58800,290.5
9970,4940,57500,284.1
9980,4940,55900,276.1
9990,4940,57500,284.1
10000,4940,55900,276.1
10010,4940,57500,284.1
10020,4940,55900,276.1
10030,4940,57500,284.1
10040,4936,56200,277.4
10050,4940,57500,284.1
10060,4940,56500,279.1
10070,4824,210200,1014.0
10080,4940,56600,279.6
10090,4940,56900,281.1
10100,4940,57600,284.5
10110,4940,55800,275.7
10120,4940,57500,284.1
10130,4940,55900,276.1
10140,4940,57500,284.1
10150,4940,55900,276.1
10160,4940,57500,284.1
10170,4724,138900,656.2
10180,4940,57500,284.1
10190,4936,55900,275.9
10200,4940,57500,284.1
10210,4940,55900,276.1
10220,4940,57500,284.1
10230,4940,56500,279.1
10240,4940,56900,281.1
10250,4940,56600,279.6
10260,4940,56800,280.6
10270,4816,145700,701.7
10280,4940,56900,281.1
10290,4940,57500,284.1
10300,4936,55900,275.9
10310,4940,57500,284.1
10320,4940,55900,276.1
10330,4940,57400,283.6
10340,4940,55900,276.1
10350,4940,57500,284.1
10360,4940,55800,275.7
10370,4820,141700,683.0
10380,4936,55900,275.9
10390,4940,57500,284.1
10400,4936,56000,276.4
10410,4940,57500,284.1
10420,4936,56500,278.9
10430,4940,56900,281.1
10440,4940,56600,279.6
10450,4940,56900,281.1
10460,4940,57500,284.1
10470,4940,55900,276.1
10480,4816,205400,989.2
10490,4936,56000,276.4
10500,4940,57500,284.1
10510,4936,55900,275.9
10520,4940,57500,284.1
10530,4940,55900,276.1
10540,4940,57400,283.6
10550,4936,56000,276.4
10560,4940,57500,284.1
10570,4936,55900,275.9
10580,4932,60300,297.4
10590,4936,56600,279.4
10600,4940,56800,280.6
10610,4940,56500,279.1
10620,4940,56800,280.6
10630,4940,56600,279.6
10640,4936,56900,280.9
10650,4940,57500,284.1
10660,4940,55900,276.1
10670,4940,57500,284.1
10684,4940,55900,276.1
10690,4816,146500,705.5
10700,4940,55900,276.1
10710,4940,57500,284.1
10720,4936,55900,275.9
10730,4944,57500,284.3
10740,4940,55900,276.1
10750,4940,57500,284.1
10760,4936,56000,276.4
10770,4940,57400,283.6
10780,4936,56500,278.9
10790,4940,56900,281.1
10800,4820,135800,654.6
10810,4940,56800,280.6
10820,4940,57500,284.1
10830,4940,56000,276.6
10840,4940,57500,284.1
10850,4940,55900,276.1
10860,4940,57500,284.1
10870,4936,55900,275.9
10880,4940,57500,284.1
10890,4940,55900,276.1
10900,4824,199300,961.4
10910,4936,55900,275.9
10920,4940,57500,284.1
10930,4940,55900,276.1
10940,4940,57500,284.1
10950,4936,56600,279.4
10960,4940,56800,280.6
10970,4940,56600,279.6
10980,4940,56800,280.6
10990,4936,56500,278.9
11000,4940,56900,281.1
11010,4940,57400,283.6
11020,4940,55900,276.1
11030,4940,57400,283.6
11040,4936,55900,275.9
11050,4940,57500,284.1
11060,4936,55900,275.9
11070,4940,57500,284.1
11080,4936,55800,275.4
11090,4940,57500,284.1
11100,4940,55900,276.1
11110,4816,142400,685.8
11120,4940,55900,276.1
11130,4940,57500,284.1
11140,4940,56600,279.6
11150,4940,56900,281.1
11160,4940,56500,279.1
11170,4940,56900,281.1
11180,4940,57500,284.1
11190,4940,56000,276.6
11200,4940,57500,284.1
11210,4824,146800,708.2
11220,4940,57500,284.1
11230,4940,55900,276.1
11240,4940,57500,284.1
11250,4936,55800,275.4
11260,4940,57400,283.6
11270,4936,55800,275.4
11280,4940,57500,284.1
11290,4940,55900,276.1
11300,4940,57500,284.1
11310,4940,56500,279.1
11320,4816,160000,770.6
11330,4940,56600,279.6
11340,4940,56800,280.6
11350,4940,56600,279.6
11360,4940,56800,280.6
11370,4940,57500,284.1
11380,4940,55800,275.7
11390,4940,57500,284.1
11400,4936,55900,275.9
11410,4940,57500,284.1
11420,4940,55900,276.1
11430,4768,188300,897.8
11440,4936,55900,275.9
11450,4940,57500,284.1
11460,4940,55900,276.1
11470,4940,57500,284.1
11480,4936,55900,275.9
11490,4940,57500,284.1
11500,4940,56500,279.1
11510,4940,56800,280.6
11520,4940,56600,279.6
11530,4812,141800,682.3
11540,4940,57500,284.1
11550,4940,56200,277.6
11560,4940,57500,284.1
11570,4940,55900,276.1
11580,4940,57500,284.1
11590,4936,55900,275.9
11600,4940,57500,284.1
11610,4940,55800,275.7
11620,4940,57400,283.6
11630,4940,55800,275.7
11640,4796,65700,315.1
11650,4940,56000,276.6
11660,4940,57400,283.6
11670,4936,56600,279.4
11680,4940,56800,280.6
11690,4940,56500,279.1
11700,4940,56800,280.6
11710,4940,56500,279.1
11720,4940,57000,281.6
11730,4940,57500,284.1
11740,4940,55900,276.1
11750,4940,57500,284.1
11760,4940,55900,276.1
11770,4940,57500,284.1
11780,4940,55900,276.1
11790,4940,57500,284.1
11800,4940,56000,276.6
11810,4940,57500,284.1
11820,4940,55900,276.1
11830,4940,57500,284.1
11840,4940,55900,276.1
11850,4940,57600,284.5
11860,4940,56500,279.1
11870,4940,56900,281.1
11880,4940,56600,279.6
11890,4940,56900,281.1
11900,4940,57400,283.6
11910,4940,56200,277.6
11920,4940,57500,284.1
11930,4936,55900,275.9
11940,4940,57500,284.1
11950,4816,141100,679.5
11960,4940,57500,284.1
11970,4936,55900,275.9
11980,4940,57500,284.1
11990,4936,55900,275.9
12000,4940,57500,284.1
12010,4940,55900,276.1
12020,4940,57500,284.1
12030,4940,56600,279.6
12040,4940,56800,280.6
12050,4940,56500,279.1
12060,4728,137400,649.6
12070,4940,56600,279.6
12080,4940,56800,280.6
12090,4940,57500,284.1
12100,4940,56000,276.6
12110,4940,57500,284.1
12120,4936,55900,275.9
12130,4940,57500,284.1
12140,4936,55900,275.9
12150,4940,57500,284.1
12160,4936,58100,286.8
12170,4940,57500,284.1
12180,4936,55800,275.4
12190,4940,57500,284.1
12200,4940,55900,276.1
12210,4940,57500,284.1
12220,4940,56500,279.1
12230,4940,56800,280.6
12240,4940,56500,279.1
12250,4940,57000,281.6
12260,4940,57400,283.6
12270,4852,152100,738.0
12280,4940,57500,284.1
12290,4940,55900,276.1
12300,4940,57500,284.1
12310,4936,55900,275.9
12320,4940,57500,284.1
12330,4940,55900,276.1
12340,4940,57500,284.1
12350,4940,55900,276.1
12360,4940,57500,284.1
12370,4936,55900,275.9
12381,4828,208200,1005.2
12390,4936,56700,279.9
12400,4940,57000,281.6
12410,4940,56500,279.1
12420,4940,56900,281.1
12430,4940,56500,279.1
12440,4940,56800,280.6
12450,4940,57500,284.1
12460,4936,55900,275.9
12470,4940,57500,284.1
12480,4940,55900,276.1
12490,4828,159000,767.7
12500,4940,55900,276.1
12510,4940,57500,284.1
12520,4936,56000,276.4
12530,4940,57400,283.6
12540,4936,55900,275.9
12550,4940,57500,284.1
12560,4936,55800,275.4
12570,4940,57500,284.1
12580,4936,56600,279.4
12590,4892,159300,779.3
12600,4940,56600,279.6
12610,4940,56900,281.1
12620,4936,57300,282.8
12630,4940,56500,279.1
12640,4940,57500,284.1
12650,4940,55900,276.1
12660,4940,57500,284.1
12670,4936,55900,275.9
12680,4940,57500,284.1
12690,4940,55900,276.1
12700,4820,186500,898.9
12710,4936,55900,275.9
12720,4940,57500,284.1
12730,4940,55900,276.1
12740,4940,57500,284.1
12750,4940,56600,279.6
12760,4940,57000,281.6
12770,4940,56600,279.6
12780,4940,56800,280.6
12790,4940,56600,279.6
12800,4816,142200,684.8
12810,4940,57500,284.1
12820,4940,55900,276.1
12830,4940,57500,284.1
12840,4936,55900,275.9
12850,4940,57400,283.6
12860,4936,55800,275.4
12870,4940,57500,284.1
12880,4940,56000,276.6
12890,4940,57400,283.6
12900,4940,55900,276.1
12910,4940,57500,284.1
12920,4936,56000,276.4
12930,4936,57500,283.8
12940,4936,56600,279.4
12950,4940,56900,281.1
12960,4940,56500,279.1
12970,4940,56900,281.1
12980,4936,57100,281.8
12990,4940,56500,279.1
13000,4940,57500,284.1
13010,4912,55900,274.6
13020,4940,57500,284.1
13030,4936,55900,275.9
13040,4940,57500,284.1
13050,4936,55900,275.9
13060,4940,57500,284.1
13070,4940,55900,276.1
13080,4940,57500,284.1
13090,4936,55900,275.9
13100,4940,57500,284.1
13110,4792,141200,676.6
13120,4940,57200,282.6
13130,4940,56500,279.1
13140,4940,56800,280.6
13150,4940,56500,279.1
13160,4940,56800,280.6
13170,4940,57500,284.1
13180,4940,55900,276.1
13190,4940,57500,284.1
13200,4940,55900,276.1
13210,4940,57500,284.1
13220,4720,132600,625.9
13230,4940,57500,284.1
13240,4936,55900,275.9
13250,4940,57500,284.1
13260,4940,55900,276.1
13270,4940,57500,284.1
13280,4936,55900,275.9
13290,4940,57500,284.1
13300,4940,56500,279.1
13310,4940,56800,280.6
13320,4792,141800,679.5
13330,4940,56900,281.1
13340,4940,57000,281.6
13350,4940,56700,280.1
13360,4940,57500,284.1
13370,4940,56000,276.6
13380,4940,57500,284.1
13390,4940,56000,276.6
13400,4940,57600,284.5
13410,4940,55900,276.1
13420,4940,57500,284.1
13430,4760,176800,841.6
13440,4940,57600,284.5
13450,4936,55900,275.9
13460,4940,57500,284.1
13470,4936,56500,278.9
13480,4940,57200,282.6
13490,4936,56600,279.4
13500,4940,56900,281.1
13510,4940,56500,279.1
13520,4940,56800,280.6
13530,4824,133700,645.0
13540,4936,55900,275.9
13550,4940,57500,284.1
13560,4940,55900,276.1
13570,4940,57500,284.1
13580,4936,55900,275.9
13590,4940,57500,284.1
13600,4936,55900,275.9
13610,4940,57400,283.6
13620,4940,55900,276.1
13630,4816,142700,687.2
13640,4940,55900,276.1
13650,4940,57500,284.1
13660,4940,56500,279.1
13670,4940,56900,281.1
13680,4940,56500,279.1
13690,4940,56800,280.6
13700,4940,57000,281.6
13710,4940,56700,280.1
13720,4940,57600,284.5
13730,4816,139600,672.3
13740,4940,57500,284.1
13750,4940,55900,276.1
13760,4940,57500,284.1
13770,4940,55900,276.1
13780,4940,57500,284.1
13790,4936,55900,275.9
13800,4940,57500,284.1
13810,4940,55900,276.1
13820,4940,57500,284.1
13830,4940,56400,278.6
13840,4816,142300,685.3
13850,4940,56500,279.1
13860,4940,56800,280.6
13870,4940,56600,279.6
13880,4940,56800,280.6
13890,4940,57400,283.6
13900,4940,55900,276.1
13910,4940,57400,283.6
13920,4936,56000,276.4
13930,4940,57500,284.1
13940,4936,55900,275.9
13950,4832,135500,654.7
13960,4940,56000,276.6
13970,4940,57500,284.1
13980,4940,55900,276.1
13990,4940,57500,284.1
14000,4940,55900,276.1
14010,4940,57500,284.1
14020,4936,56500,278.9
14030,4940,56900,281.1
14040,4940,56500,279.1
14050,4884,157400,768.7
14060,4940,56700,280.1
14070,4940,56900,281.1
14083,4940,57600,284.5
14090,4936,55900,275.9
14100,4940,57500,284.1
14110,4936,55900,275.9
14120,4940,57500,284.1
14130,4936,55900,275.9
14140,4940,57500,284.1
14150,4940,55900,276.1
14160,4820,144500,696.5
14170,4940,56000,276.6
14180,4940,57500,284.1
14190,4940,56200,277.6
14200,4940,57400,283.6
14210,4940,56500,279.1
14220,4940,56900,281.1
14230,4940,56500,279.1
14240,4940,56800,280.6
14250,4940,57500,284.1
14260,4940,58700,290.0
14270,4940,57500,284.1
14280,4940,55900,276.1
14290,4940,57400,283.6
14300,4940,55800,275.7
14310,4944,57400,283.8
14320,4936,55900,275.9
14330,4940,57500,284.1
14340,4936,55900,275.9
14350,4940,57500,284.1
14360,4940,55900,276.1
14370,4940,57500,284.1
14380,4936,56500,278.9
14390,4940,56900,281.1
14400,4940,56600,279.6
14410,4940,56800,280.6
14420,4940,56700,280.1
14430,4936,56800,280.4
14440,4940,57500,284.1
14450,4940,55900,276.1
14460,4940,57500,284.1
14470,4816,143000,688.7
14480,4940,57500,284.1
14490,4940,55900,276.1
14500,4940,57500,284.1
14510,4936,55800,275.4
14520,4940,57400,283.6
14530,4936,55900,275.9
14540,4940,57500,284.1
14550,4940,56200,277.6
14560,4940,57500,284.1
14570,4940,56600,279.6
14580,4816,193900,933.8
14590,4940,56600,279.6
14600,4940,56800,280.6
14610,4940,57500,284.1
14620,4940,56000,276.6
14630,4940,57500,284.1
14640,4940,55900,276.1
14650,4940,57500,284.1
14660,4936,55900,275.9
14670,4940,57500,284.1
14680,4940,55900,276.1
14690,4756,89500,425.7
14700,4936,55900,275.9
14710,4940,57500,284.1
14720,4940,55900,276.1
14730,4940,57500,284.1
14740,4940,56500,279.1
14750,4940,56900,281.1
14760,4936,56600,279.4
14770,4940,56800,280.6
14780,4940,56600,279.6
14790,4940,59600,294.4
14800,4940,57500,284.1
14810,4936,55900,275.9
14820,4940,57500,284.1
14830,4940,55900,276.1
14840,4940,57500,284.1
14850,4936,55900,275.9
14860,4940,57500,284.1
14870,4936,55900,275.9
14880,4940,57500,284.1
14890,4940,55900,276.1
14900,4820,143400,691.2
14910,4940,56000,276.6
14920,4940,57500,284.1
14930,4940,56600,279.6
14940,4940,56900,281.1
14950,4940,56500,279.1
14960,4940,56900,281.1
14970,4940,57600,284.5
14980,4940,55900,276.1
14990,4940,57500,284.1
15000,4844,150100,727.1
15010,4940,57500,284.1
15020,4936,55900,275.9
15030,4940,57500,284.1
15040,4940,55900,276.1
15050,4940,57500,284.1
15060,4940,55900,276.1
15070,4940,57500,284.1
15080,4936,55900,275.9
15090,4940,57500,284.1
15100,4936,56500,278.9
15110,4812,142200,684.3
15120,4940,56600,279.6
15130,4940,56800,280.6
15140,4940,56700,280.1
15150,4940,56800,280.6
15160,4940,57400,283.6
15170,4940,55800,275.7
15180,4940,57500,284.1
15190,4936,55900,275.9
15200,4940,57500,284.1
15210,4940,55900,276.1
15220,4824,167800,809.5
15230,4936,55900,275.9
15240,4940,57500,284.1
15250,4940,55900,276.1
15260,4940,57500,284.1
15270,4936,56000,276.4
15280,4940,57500,284.1
15290,4940,56500,279.1
15300,4940,56800,280.6
15310,4940,56500,279.1
15320,4940,56900,281.1
15330,4716,144000,679.1
15340,4940,55900,276.1
15350,4940,57500,284.1
15360,4940,55900,276.1
15370,4940,57500,284.1
15380,4940,55900,276.1
15390,4940,57500,284.1
15400,4936,55900,275.9
15410,4940,57500,284.1
15420,4940,55900,276.1
15430,4820,142600,687.3
15440,4936,55900,275.9
15450,4940,57500,284.1
15460,4940,56500,279.1
15470,4940,56800,280.6
15480,4940,56500,279.1
15490,4940,56900,281.1
15500,4940,56500,279.1
15510,4940,56800,280.6
15520,4940,57500,284.1
15530,4940,55900,276.1
15540,4936,82000,404.8
15550,4940,55900,276.1
15560,4940,57500,284.1
15570,4936,55900,275.9
15580,4940,57400,283.6
15590,4940,55900,276.1
15600,4940,57500,284.1
15610,4936,55900,275.9
15620,4940,57500,284.1
15630,4936,56000,276.4
15640,4940,57500,284.1
15650,4708,149400,703.4
15660,4940,56800,280.6
15670,4940,56600,279.6
15680,4940,56800,280.6
15690,4940,57600,284.5
15700,4940,56000,276.6
15710,4940,57400,283.6
15720,4936,55900,275.9
15730,4940,57500,284.1
15740,4940,55900,276.1
15750,4820,145300,700.3
15760,4936,55900,275.9
15770,4940,57500,284.1
15781,4936,55900,275.9
15790,4940,57500,284.1
15800,4940,55900,276.1
15810,4940,57500,284.1
15820,4936,56500,278.9
15830,4940,56700,280.1
15840,4940,56600,279.6
15850,4940,56800,280.6
15860,4752,137900,655.3
15870,4940,56900,281.1
15880,4940,57500,284.1
15890,4936,55900,275.9
15900,4940,57500,284.1
15910,4936,55900,275.9
15920,4940,57500,284.1
15930,4940,55900,276.1
15940,4940,57500,284.1
15950,4940,55900,276.1
15960,4824,138200,666.7
15970,4940,55900,276.1
15980,4940,57500,284.1
15990,4936,56000,276.4
16000,4940,57500,284.1
16010,4940,56600,279.6
16020,4940,56900,281.1
16030,4940,56600,279.6
16040,4940,56800,280.6
16050,4940,57500,284.1
16060,4940,56000,276.6
16070,4716,132500,624.9
16080,4940,55900,276.1
16090,4940,57600,284.5
16100,4940,56000,276.6
16110,4940,57500,284.1
16120,4936,55900,275.9
16130,4940,57500,284.1
16140,4940,55900,276.1
16150,4940,57500,284.1
16160,4936,55900,275.9
16170,4788,194800,932.7
16180,4940,56600,279.6
16190,4940,56800,280.6
16200,4940,56500,279.1
16210,4940,56900,281.1
16220,4940,56600,279.6
16230,4940,56800,280.6
16240,4940,57500,284.1
16250,4940,55900,276.1
16260,4940,57400,283.6
16270,4812,141000,678.5
16280,4940,57500,284.1
16290,4940,55900,276.1
16300,4944,57500,284.3
16310,4936,55900,275.9
16320,4940,57600,284.5
16330,4936,55900,275.9
16340,4940,57500,284.1
16350,4940,55900,276.1
16360,4940,57500,284.1
16370,4940,56500,279.1
16380,4844,56800,275.1
16390,4936,56600,279.4
16400,4940,56900,281.1
16410,4940,57500,284.1
16420,4940,56200,277.6
16430,4940,57500,284.1
16440,4936,55900,275.9
16450,4940,57500,284.1
16460,4936,55900,275.9
16470,4940,57500,284.1
16480,4932,55900,275.7
16490,4940,57500,284.1
16500,4940,55900,276.1
16510,4940,57500,284.1
16520,4940,55900,276.1
16530,4940,57500,284.1
16540,4940,56600,279.6
16550,4940,56700,280.1
16560,4940,56600,279.6
16570,4940,56900,281.1
16580,4820,144900,698.4
16590,4940,56900,281.1
16600,4940,57500,284.1
16610,4936,55900,275.9
16620,4940,57500,284.1
16630,4936,56000,276.4
16640,4940,57500,284.1
16650,4936,55900,275.9
16660,4940,57500,284.1
16670,4940,55900,276.1
16680,4940,57500,284.1
16690,4940,55900,276.1
16700,4940,57500,284.1
16710,4940,55900,276.1
16720,4940,57500,284.1
16730,4940,56600,279.6
16740,4940,56900,281.1
16750,4940,56600,279.6
16760,4940,56900,281.1
16770,4936,57400,283.3
16780,4940,56200,277.6
16790,4940,57400,283.6
16800,4892,55900,273.5
16810,4940,57500,284.1
16820,4936,55900,275.9
16830,4940,57400,283.6
16840,4940,55900,276.1
16850,4940,57500,284.1
16860,4936,55900,275.9
16870,4940,57500,284.1
16880,4936,55900,275.9
16890,4944,57600,284.8
16900,4816,135100,650.6
16910,4940,56900,281.1
16920,4940,56600,279.6
16930,4940,56800,280.6
16940,4940,56700,280.1
16950,4940,56800,280.6
16960,4940,57500,284.1
16970,4940,55900,276.1
16980,4940,57500,284.1
16990,4940,56000,276.6
17000,4936,85200,420.5
17010,4940,55900,276.1
17020,4940,57500,284.1
17030,4940,55900,276.1
17040,4940,57500,284.1
17050,4936,55900,275.9
17060,4940,57500,284.1
17070,4936,55900,275.9
17080,4940,57500,284.1
17090,4936,56500,278.9
17100,4940,56800,280.6
17110,4828,137900,665.8
17120,4940,56900,281.1
17130,4940,57300,283.1
17140,4940,56400,278.6
17150,4940,57500,284.1
17160,4940,55900,276.1
17170,4940,57500,284.1
17180,4940,55900,276.1
17190,4940,57500,284.1
17200,4936,55800,275.4
17210,4940,57500,284.1
17220,4716,131800,621.6
17230,4940,57500,284.1
17240,4936,56000,276.4
17250,4940,57500,284.1
17260,4936,56600,279.4
17270,4940,56900,281.1
17280,4940,56500,279.1
17290,4940,56900,281.1
17300,4940,56500,279.1
17310,4940,56900,281.1
17320,4936,70400,347.5
17330,4940,56000,276.6
17340,4940,57500,284.1
17350,4940,55900,276.1
17360,4940,57500,284.1
17370,4936,55900,275.9
17380,4940,57500,284.1
17390,4940,55900,276.1
17400,4940,57500,284.1
17410,4940,55900,276.1
17420,4940,57600,284.5
17430,4816,138900,668.9
17440,4940,57500,284.1
17450,4940,56600,279.6
17460,4940,56900,281.1
17470,4940,56500,279.1
17480,4940,56900,281.1
17491,4940,57600,284.5
17500,4940,56500,279.1
17510,4940,57400,283.6
17520,4940,55800,275.7
17530,4940,57400,283.6
17540,4816,140900,678.6
17550,4940,57500,284.1
17560,4936,55900,275.9
17570,4940,57600,284.5
17580,4936,55900,275.9
17590,4940,57600,284.5
17600,4940,55900,276.1
17610,4940,57500,284.1
17620,4940,56600,279.6
17630,4940,57000,281.6
17640,4940,56500,279.1
17650,4836,207600,1004.0
17660,4940,56600,279.6
17670,4940,56800,280.6
17680,4940,57400,283.6
17690,4936,56000,276.4
17700,4940,57500,284.1
17710,4940,55900,276.1
17720,4940,57500,284.1
17730,4940,55900,276.1
17740,4940,57500,284.1
17750,4732,137400,650.2
17760,4940,57500,284.1
17770,4940,55900,276.1
17780,4940,57500,284.1
17790,4936,55900,275.9
17800,4940,57500,284.1
17810,4940,56600,279.6
17820,4940,56800,280.6
17830,4940,56500,279.1
17840,4940,56900,281.1
17850,4940,57200,282.6
17860,4728,132500,626.5
17870,4940,57500,284.1
17880,4936,55900,275.9
17890,4940,57500,284.1
17900,4940,55900,276.1
17910,4940,57500,284.1
17920,4940,55900,276.1
17930,4940,57400,283.6
17940,4940,55900,276.1
17950,4940,57500,284.1
17960,4936,55900,275.9
17970,4768,181200,864.0
17980,4940,56500,279.1
17990,4940,57200,282.6
18000,4940,56600,279.6
18010,4940,56900,281.1
18020,4936,56500,278.9
18030,4940,56800,280.6
18040,4940,57500,284.1
18050,4936,55900,275.9
18060,4940,57500,284.1
18070,4732,133900,633.6
18080,4940,57500,284.1
18090,4940,55900,276.1
18100,4940,57400,283.6
18110,4936,55900,275.9
18120,4940,57500,284.1
18130,4940,55900,276.1
18140,4940,57500,284.1
18150,4940,55900,276.1
18160,4940,57500,284.1
18170,4796,140700,674.8
18180,4940,56900,281.1
18190,4940,56500,279.1
18200,4940,56900,281.1
18210,4940,57100,282.1
18220,4940,56600,279.6
18230,4940,57500,284.1
18240,4940,55900,276.1
18250,4940,57500,284.1
18260,4940,55900,276.1
18270,4940,57500,284.1
18280,4724,138800,655.7
18290,4940,57500,284.1
18300,4936,55800,275.4
18310,4940,57500,284.1
18320,4936,55900,275.9
18330,4940,57500,284.1
18340,4936,56500,278.9
18350,4940,57200,282.6
18360,4940,56600,279.6
18370,4940,56900,281.1
18380,4816,144200,694.5
18390,4940,56800,280.6
18400,4940,57500,284.1
18410,4936,55900,275.9
18420,4940,57500,284.1
18430,4936,55900,275.9
18440,4940,57500,284.1
18450,4940,55800,275.7
18460,4940,57500,284.1
18470,4936,55900,275.9
18480,4940,57500,284.1
18490,4936,55900,275.9
18500,4940,57500,284.1
18510,4940,55900,276.1
18520,4940,57500,284.1
18530,4940,56500,279.1
18540,4940,56900,281.1
18550,4940,56600,279.6
18560,4940,56900,281.1
18570,4940,57000,281.6
18580,4940,56700,280.1
18590,4768,135800,647.5
18600,4940,55900,276.1
18610,4940,57500,284.1
18620,4936,55800,275.4
18630,4940,57500,284.1
18640,4936,55900,275.9
18650,4940,57500,284.1
18660,4940,56000,276.6
18670,4940,57500,284.1
18680,4936,55800,275.4
18690,4824,205100,989.4
18700,4936,56400,278.4
18710,4940,57400,283.6
18720,4940,56500,279.1
18730,4940,56900,281.1
18740,4940,56500,279.1
18750,4940,56800,280.6
18760,4940,57500,284.1
18770,4940,55800,275.7
18780,4940,57500,284.1
18790,4812,140700,677.0
18800,4940,57500,284.1
18810,4940,55900,276.1
18820,4940,57500,284.1
18830,4936,55900,275.9
18840,4940,57500,284.1
18850,4936,55900,275.9
18860,4940,57600,284.5
18870,4936,55900,275.9
18880,4940,57500,284.1
18890,4936,56500,278.9
18900,4812,142000,683.3
18910,4940,56600,279.6
18920,4940,56900,281.1
18930,4940,56800,280.6
18940,4940,56800,280.6
18950,4940,57500,284.1
18960,4936,55900,275.9
18970,4940,57500,284.1
18980,4940,55900,276.1
18990,4940,57500,284.1
19000,4812,140700,677.0
19010,4940,57500,284.1
19020,4940,55900,276.1
19030,4940,57500,284.1
19040,4940,55900,276.1
19050,4940,57500,284.1
19060,4940,56400,278.6
19070,4940,57300,283.1
19080,4940,56500,279.1
19090,4940,56900,281.1
19100,4940,56600,279.6
19110,4724,132000,623.6
19120,4936,57500,283.8
19130,4940,55800,275.7
19140,4940,57500,284.1
19150,4936,55900,275.9
19160,4940,57500,284.1
19170,4936,55900,275.9
19180,4940,57500,284.1
19191,4936,55900,275.9
19200,4940,57400,283.6
19210,4936,55900,275.9
19220,4824,183900,887.1
19230,4936,55900,275.9
19240,4940,57500,284.1
19250,4936,56500,278.9
19260,4940,56800,280.6
19270,4936,56600,279.4
19280,4940,56900,281.1
19290,4940,56900,281.1
19300,4940,56800,280.6
19310,4940,57600,284.5
19320,4812,140400,675.6
19330,4940,57500,284.1
19340,4936,55900,275.9
19350,4940,57400,283.6
19360,4940,55800,275.7
19370,4940,57500,284.1
19380,4936,55900,275.9
19390,4940,57500,284.1
19400,4936,55800,275.4
19410,4940,57500,284.1
19420,4800,142000,681.6
19430,4940,57400,283.6
19440,4940,56600,279.6
19450,4940,56800,280.6
19460,4940,56600,279.6
19470,4940,56800,280.6
19480,4940,57500,284.1
19490,4940,55900,276.1
19500,4940,57500,284.1
19510,4940,56000,276.6
19520,4940,57500,284.1
19530,4752,147400,700.4
19540,4940,57500,284.1
19550,4940,55900,276.1
19560,4940,57500,284.1
19570,4940,55900,276.1
19580,4940,57400,283.6
19590,4940,55900,276.1
19600,4940,57500,284.1
19610,4936,56500,278.9
19620,4940,56900,281.1
19630,4816,141300,680.5
19640,4940,56900,281.1
19650,4940,56600,279.6
19660,4940,56900,281.1
19670,4940,57500,284.1
19680,4936,56000,276.4
19690,4940,57500,284.1
19700,4936,55800,275.4
19710,4940,57500,284.1
19720,4936,55900,275.9
19730,4940,57500,284.1
19740,4816,140800,678.1
19750,4940,57500,284.1
19760,4940,55900,276.1
19770,4940,57500,284.1
19780,4936,56200,277.4
19790,4940,57500,284.1
19800,4940,56500,279.1
19810,4940,56900,281.1
19820,4940,56600,279.6
19830,4940,56800,280.6
19840,4940,57600,284.5
19850,4724,130700,617.4
19860,4940,57500,284.1
19870,4940,55900,276.1
19880,4940,57400,283.6
19890,4936,55900,275.9
19900,4940,57400,283.6
19910,4940,55900,276.1
19920,4940,57500,284.1
19930,4936,55900,275.9
19940,4940,57500,284.1
19950,4760,133400,635.0
19960,4940,57600,284.5
19970,4940,56600,279.6
19980,4940,56800,280.6
19990,4936,56600,279.4
20000,4940,56800,280.6
20010,4940,56700,280.1
20020,4940,56800,280.6
20030,4940,57500,284.1
20040,4940,55900,276.1
20050,4936,73000,360.3
20060,4940,55900,276.1
20070,4940,57500,284.1
20080,4936,55900,275.9
20090,4940,57500,284.1
20100,4940,55800,275.7
20110,4940,57500,284.1
20120,4940,55900,276.1
20130,4940,57500,284.1
20140,4936,56100,276.9
20150,4940,57400,283.6
20160,4720,137500,649.0
20170,4940,56900,281.1
20180,4940,56600,279.6
20190,4940,56800,280.6
20200,4940,57500,284.1
20210,4940,55900,276.1
20220,4940,57400,283.6
20230,4936,55900,275.9
20240,4940,57500,284.1
20250,4940,55900,276.1
20260,4816,146300,704.6
20270,4936,55900,275.9
20280,4940,57500,284.1
20290,4936,56000,276.4
20300,4940,57500,284.1
20310,4940,55900,276.1
20320,4940,57500,284.1
20330,4940,56500,279.1
20340,4940,56900,281.1
20350,4940,56500,279.1
20360,4940,56800,280.6
20370,4716,134200,632.9
20380,4936,56800,280.4
20390,4940,57500,284.1
20400,4940,55900,276.1
20410,4940,57500,284.1
20420,4940,55900,276.1
20430,4940,57500,284.1
20440,4940,55900,276.1
20450,4944,57500,284.3
20460,4936,55900,275.9
20470,4940,57500,284.1
20480,4936,56000,276.4
20490,4940,57500,284.1
20500,4940,55900,276.1
20510,4940,57500,284.1
20520,4940,56600,279.6
20530,4940,56800,280.6
20540,4940,56500,279.1
20550,4940,56800,280.6
20560,4940,57500,284.1
20570,4940,55900,276.1
20580,4940,57500,284.1
20590,4936,55900,275.9
20600,4940,57500,284.1
20610,4940,55900,276.1
20620,4940,57500,284.1
20630,4940,55900,276.1
20640,4940,57500,284.1
20650,4940,55900,276.1
20660,4940,57500,284.1
20670,4936,55800,275.4
20680,4816,142800,687.7
20690,4936,56500,278.9
20700,4940,56800,280.6
20710,4940,56600,279.6
20720,4940,56800,280.6
20730,4940,56600,279.6
20740,4940,56800,280.6
20750,4940,57500,284.1
20760,4940,55900,276.1
20770,4940,57500,284.1
20780,4940,55800,275.7
20790,4816,191800,923.7
20800,4936,55900,275.9
20810,4940,57500,284.1
20820,4940,55900,276.1
20830,4940,57500,284.1
20840,4940,55900,276.1
20850,4940,57500,284.1
20860,4940,55900,276.1
20870,4940,57500,284.1
20880,4940,56500,279.1
20891,4940,56900,281.1
20900,4820,134000,645.9
20910,4940,56900,281.1
20920,4940,57500,284.1
20930,4940,56000,276.6
20940,4940,57500,284.1
20950,4940,55900,276.1
20960,4940,57400,283.6
20970,4940,55900,276.1
20980,4940,57600,284.5
20990,4940,55800,275.7
21000,4940,57500,284.1
21010,4724,133400,630.2
21020,4940,57500,284.1
21030,4936,55900,275.9
21040,4940,57500,284.1
21050,4940,56500,279.1
21060,4940,56800,280.6
21070,4940,56600,279.6
21080,4940,56900,281.1
21090,4940,56600,279.6
21100,4940,56900,281.1
21110,4820,157700,760.1
21120,4936,55900,275.9
21130,4940,57600,284.5
21140,4936,55900,275.9
21150,4940,57500,284.1
21160,4940,55900,276.1
21170,4940,57500,284.1
21180,4936,55900,275.9
21190,4940,57500,284.1
21200,4936,55800,275.4
21210,4820,142500,686.9
21220,4936,55900,275.9
21230,4940,57500,284.1
21240,4940,56600,279.6
21250,4940,56800,280.6
21260,4940,56600,279.6
21270,4940,56800,280.6
21280,4940,57500,284.1
21290,4940,56000,276.6
21300,4940,57500,284.1
21310,4936,55900,275.9
21320,4776,176300,842.0
21330,4936,55900,275.9
21340,4940,57500,284.1
21350,4940,55800,275.7
21360,4940,57500,284.1
21370,4936,56000,276.4
21380,4940,57500,284.1
21390,4936,55900,275.9
21400,4940,57400,283.6
21410,4936,56600,279.4
21420,4940,56800,280.6
21430,4940,56600,279.6
21440,4940,56900,281.1
21450,4940,56500,279.1
21460,4940,56900,281.1
21470,4940,57500,284.1
21480,4940,55900,276.1
21490,4940,57400,283.6
21500,4936,55800,275.4
21510,4940,57500,284.1
21520,4936,55800,275.4
21530,4820,145400,700.8
21540,4940,55900,276.1
21550,4940,57500,284.1
21560,4940,56000,276.6
21570,4940,57500,284.1
21580,4936,55900,275.9
21590,4940,57500,284.1
21600,4940,56600,279.6
21610,4940,56800,280.6
21620,4940,56500,279.1
21630,4936,56900,280.9
21640,4716,172600,814.0
21650,4940,56200,277.6
21660,4940,57600,284.5
21670,4940,55900,276.1
21680,4940,57500,284.1
21690,4940,55900,276.1
21700,4940,57400,283.6
21710,4940,55900,276.1
21720,4940,57400,283.6
21730,4940,56000,276.6
21740,4940,57500,284.1
21750,4800,198400,952.3
21760,4940,57600,284.5
21770,4936,56500,278.9
21780,4940,56800,280.6
21790,4940,56500,279.1
21800,4940,56800,280.6
21810,4936,56600,279.4
21820,4940,56800,280.6
21830,4940,57500,284.1
21840,4940,55900,276.1
21850,4936,67500,333.2
21860,4936,55900,275.9
21870,4940,57500,284.1
21880,4936,55900,275.9
21890,4940,57600,284.5
21900,4940,55900,276.1
21910,4940,57500,284.1
21920,4936,55900,275.9
21930,4940,57400,283.6
21940,4936,55900,275.9
21950,4940,57500,284.1
21960,4940,56600,279.6
21970,4940,56900,281.1
21980,4936,56600,279.4
21990,4940,56900,281.1
22000,4940,57400,283.6
22010,4940,56200,277.6
22020,4940,57500,284.1
22030,4940,55900,276.1
22040,4940,57500,284.1
22050,4936,56000,276.4
22060,4712,133900,630.9
22070,4936,55900,275.9
22080,4940,57500,284.1
22090,4940,55900,276.1
22100,4940,57500,284.1
22110,4936,56000,276.4
22120,4940,57500,284.1
22130,4936,56600,279.4
22140,4940,56900,281.1
22150,4940,56600,279.6
22160,4940,59100,292.0
22170,4940,56600,279.6
22180,4940,56900,281.1
22190,4940,57500,284.1
22200,4936,55900,275.9
22210,4940,57500,284.1
22220,4940,55900,276.1
22230,4940,57600,284.5
22240,4940,55900,276.1
22250,4940,57500,284.1
22260,4936,56000,276.4
22270,4804,128900,619.2
22280,4940,55900,276.1
22290,4940,57600,284.5
22300,4936,55900,275.9
22310,4940,57500,284.1
22320,4940,56500,279.1
22330,4940,56800,280.6
22340,4940,56500,279.1
22350,4940,56800,280.6
22360,4940,57300,283.1
22370,4940,59100,292.0
22380,4940,57500,284.1
22390,4936,55900,275.9
22400,4940,57500,284.1
22410,4936,55900,275.9
22420,4940,57500,284.1
22430,4936,55900,275.9
22440,4940,57500,284.1
22450,4940,55900,276.1
22460,4940,57500,284.1
22470,4940,55800,275.7
22480,4820,142900,688.8
22490,4940,56600,279.6
22500,4940,57000,281.6
22510,4940,56600,279.6
22520,4940,56900,281.1
22530,4940,56600,279.6
22540,4940,56800,280.6
22550,4940,57500,284.1
22560,4940,55900,276.1
22570,4940,57400,283.6
22580,4884,156300,763.4
22591,4940,57500,284.1
22600,4936,56000,276.4
22610,4940,57400,283.6
22620,4940,55900,276.1
22630,4940,57500,284.1
22640,4940,55900,276.1
22650,4940,57400,283.6
22660,4940,55900,276.1
22670,4940,57500,284.1
22680,4936,56600,279.4
22690,4824,202600,977.3
22700,4940,56500,279.1
22710,4940,56900,281.1
22720,4940,57300,283.1
22730,4940,56500,279.1
22740,4940,57500,284.1
22750,4936,55900,275.9
22760,4940,57500,284.1
22770,4936,55900,275.9
22780,4940,57500,284.1
22790,4936,58700,289.7
22800,4940,57500,284.1
22810,4936,55900,275.9
22820,4940,57500,284.1
22830,4940,55900,276.1
22840,4940,57500,284.1
22850,4936,56600,279.4
22860,4940,57000,281.6
22870,4940,56500,279.1
22880,4940,56900,281.1
22890,4940,56600,279.6
22900,4912,158800,780.0
22910,4940,57500,284.1
22920,4940,55900,276.1
22930,4940,57500,284.1
22940,4936,55900,275.9
22950,4940,57500,284.1
22960,4936,55900,275.9
22970,4940,57500,284.1
22980,4940,55800,275.7
22990,4940,57400,283.6
23000,4936,58700,289.7
23010,4940,57500,284.1
23020,4936,55900,275.9
23030,4940,57500,284.1
23040,4940,56600,279.6
23050,4940,56900,281.1
23060,4940,56500,279.1
23070,4940,56800,280.6
23080,4940,57200,282.6
23090,4940,56500,279.1
23100,4940,57500,284.1
23110,4896,158500,776.0
23120,4940,57500,284.1
23130,4936,55800,275.4
23140,4940,57500,284.1
23150,4936,56000,276.4
23160,4940,57500,284.1
23170,4940,55800,275.7
23180,4940,57500,284.1
23190,4940,55900,276.1
23200,4940,57500,284.1
23210,4936,56700,279.9
23220,4816,142000,683.9
23230,4940,56500,279.1
23240,4940,56800,280.6
23250,4940,56600,279.6
23260,4940,56900,281.1
23270,4940,57500,284.1
23280,4940,56000,276.6
23290,4940,57500,284.1
23300,4940,55900,276.1
23310,4940,57500,284.1
23320,4940,55900,276.1
23330,4940,57500,284.1
23340,4940,55900,276.1
23350,4940,57500,284.1
23360,4936,55900,275.9
23370,4940,57500,284.1
23380,4936,55900,275.9
23390,4940,57500,284.1
23400,4940,56600,279.6
23410,4940,56900,281.1
23420,4940,56500,279.1
23430,4816,141800,682.9
23440,4940,57000,281.6
23450,4940,56800,280.6
23460,4940,57600,284.5
23470,4936,55900,275.9
23480,4940,57500,284.1
23490,4936,55900,275.9
23500,4940,57500,284.1
23510,4936,55900,275.9
23520,4940,57400,283.6
23530,4940,55900,276.1
23540,4828,205100,990.2
23550,4940,55900,276.1
23560,4940,57500,284.1
23570,4940,56400,278.6
23580,4940,57300,283.1
23590,4940,56500,279.1
23600,4940,56800,280.6
23610,4936,56600,279.4
23620,4940,56900,281.1
23630,4940,57500,284.1
23640,4940,58700,290.0
23650,4940,57500,284.1
23660,4940,55900,276.1
23670,4940,57500,284.1
23680,4936,55900,275.9
23690,4940,57500,284.1
23700,4936,55900,275.9
23710,4940,57500,284.1
23720,4940,55900,276.1
23730,4940,57500,284.1
23740,4936,55900,275.9
23750,4820,142000,684.4
23760,4936,56500,278.9
23770,4940,56900,281.1
23780,4940,56500,279.1
23790,4940,56800,280.6
23800,4936,56900,280.9
23810,4940,56700,280.1
23820,4940,57500,284.1
23830,4940,55900,276.1
23840,4940,57500,284.1
23850,4936,55900,275.9
23860,4820,179400,864.7
23870,4940,55900,276.1
23880,4940,57500,284.1
23890,4940,55900,276.1
23900,4940,57500,284.1
23910,4940,55900,276.1
23920,4940,57400,283.6
23930,4936,56500,278.9
23940,4940,57300,283.1
23950,4940,56600,279.6
23960,4924,152600,751.4
23970,4940,56600,279.6
23980,4940,56900,281.1
23990,4940,57500,284.1
24000,4940,55900,276.1
24010,4940,57500,284.1
24020,4936,55900,275.9
24030,4940,57500,284.1
24040,4940,55800,275.7
24050,4940,57400,283.6
24060,4936,55900,275.9
24070,4832,201600,974.1
24080,4936,55900,275.9
24090,4940,57500,284.1
24100,4936,55900,275.9
24110,4940,57500,284.1
24120,4936,56500,278.9
24130,4940,56900,281.1
24140,4940,56500,279.1
24150,4940,56800,280.6
24160,4940,56800,280.6
24170,4940,56700,280.1
24180,4716,135300,638.1
24190,4940,55900,276.1
24200,4940,57500,284.1
24210,4940,55900,276.1
24220,4940,57500,284.1
24230,4936,55900,275.9
24240,4940,57400,283.6
24250,4936,55900,275.9
24260,4940,57400,283.6
24270,4940,55900,276.1
24280,4820,144500,696.5
24291,4940,56500,279.1
24300,4940,57400,283.6
24310,4940,56500,279.1
24320,4940,56800,280.6
24330,4936,56600,279.4
24340,4940,56800,280.6
24350,4940,57500,284.1
24360,4936,55900,275.9
24370,4940,57500,284.1
24380,4940,55900,276.1
24390,4940,57500,284.1
24400,4940,55900,276.1
24410,4940,57500,284.1
24420,4936,55900,275.9
24430,4940,57500,284.1
24440,4936,55900,275.9
24450,4940,57400,283.6
24460,4940,55900,276.1
24470,4940,57400,283.6
24480,4936,56600,279.4
24490,4824,205600,991.8
24500,4940,56600,279.6
24510,4940,56800,280.6
24520,4940,56700,280.1
24530,4940,56800,280.6
24540,4940,57500,284.1
24550,4940,55900,276.1
24560,4940,57500,284.1
24570,4936,55900,275.9
24580,4940,57500,284.1
24590,4816,139800,673.3
24600,4940,57500,284.1
24610,4936,55900,275.9
24620,4940,57500,284.1
24630,4936,56000,276.4
24640,4940,57500,284.1
24650,4936,56100,276.9
24660,4940,57400,283.6
24670,4940,56600,279.6
24680,4940,56800,280.6
24690,4940,56600,279.6
24700,4808,142400,684.7
24710,4940,57600,284.5
24720,4940,55900,276.1
24730,4940,57500,284.1
24740,4940,55900,276.1
24750,4940,57500,284.1
24760,4936,55900,275.9
24770,4940,57400,283.6
24780,4940,55900,276.1
24790,4940,57400,283.6
24800,4812,142600,686.2
24810,4940,57500,284.1
24820,4940,55900,276.1
24830,4940,57500,284.1
24840,4940,56500,279.1
24850,4940,56800,280.6
24860,4940,56500,279.1
24870,4940,56800,280.6
24880,4940,56700,280.1
24890,4940,56800,280.6
24900,4940,57500,284.1
24910,4828,214600,1036.1
24920,4940,57500,284.1
24930,4936,55900,275.9
24940,4940,57500,284.1
24950,4936,55900,275.9
24960,4940,57400,283.6
24970,4940,55800,275.7
24980,4940,57400,283.6
24990,4940,55900,276.1
25000,4940,57500,284.1
25010,4816,141700,682.4
25020,4940,57500,284.1
25030,4940,56600,279.6
25040,4940,56900,281.1
25050,4940,56500,279.1
25060,4940,56900,281.1
25070,4940,57600,284.5
25080,4940,55900,276.1
25090,4940,57500,284.1
25100,4940,55900,276.1
25110,4792,140500,673.3
25120,4936,55900,275.9
25130,4940,57500,284.1
25140,4940,55900,276.1
25150,4940,57500,284.1
25160,4936,55900,275.9
25170,4940,57500,284.1
25180,4936,55900,275.9
25190,4940,57500,284.1
25200,4936,56500,278.9
25210,4940,56800,280.6
25220,4820,141200,680.6
25230,4940,56900,281.1
25240,4940,56600,279.6
25250,4940,56800,280.6
25260,4940,57500,284.1
25270,4940,55900,276.1
25280,4940,57500,284.1
25290,4936,55900,275.9
25300,4940,57400,283.6
25310,4940,55900,276.1
25320,4820,144700,697.5
25330,4940,55900,276.1
25340,4940,57500,284.1
25350,4936,56000,276.4
25360,4940,57500,284.1
25370,4940,56000,276.6
25380,4940,57500,284.1
25390,4940,56500,279.1
25400,4940,56800,280.6
25410,4940,56500,279.1
25420,4940,56900,281.1
25430,4940,57500,284.1
25440,4940,55900,276.1
25450,4940,57500,284.1
25460,4940,55900,276.1
25470,4940,57500,284.1
25480,4936,55900,275.9
25490,4940,57500,284.1
25500,4940,55900,276.1
25510,4940,57400,283.6
25520,4940,55900,276.1
25530,4704,130700,614.8
25540,4936,55900,275.9
25550,4940,57500,284.1
25560,4936,56500,278.9
25570,4940,56800,280.6
25580,4940,56600,279.6
25590,4940,56900,281.1
25600,4940,56600,279.6
25610,4940,56800,280.6
25620,4940,57400,283.6
25630,4816,141500,681.5
25640,4940,57500,284.1
25650,4936,55900,275.9
25660,4940,57500,284.1
25670,4940,56000,276.6
25680,4940,57500,284.1
25690,4936,55900,275.9
25700,4940,57500,284.1
25710,4936,55900,275.9
25720,4940,57500,284.1
25730,4940,56000,276.6
25740,4812,145400,699.7
25750,4940,56600,279.6
25760,4940,56800,280.6
25770,4940,56600,279.6
25780,4940,56900,281.1
25790,4936,57500,283.8
25800,4940,55900,276.1
25810,4940,57500,284.1
25820,4940,55900,276.1
25830,4940,57500,284.1
25840,4888,157600,770.3
25850,4940,57500,284.1
25860,4936,55900,275.9
25870,4940,57500,284.1
25880,4936,55900,275.9
25890,4940,57500,284.1
25900,4940,55900,276.1
25910,4940,57500,284.1
25920,4936,56500,278.9
25930,4940,56800,280.6
25940,4812,140400,675.6
25950,4940,56900,281.1
25960,4936,56500,278.9
25970,4940,56800,280.6
25980,4940,57500,284.1
25991,4940,55900,276.1
26000,4940,57500,284.1
26010,4940,55900,276.1
26020,4940,57500,284.1
26030,4940,55900,276.1
26040,4940,57500,284.1
26050,4808,142000,682.7
26060,4940,57500,284.1
26070,4936,55900,275.9
26080,4940,57400,283.6
26090,4940,55900,276.1
26100,4940,57500,284.1
26110,4940,56500,279.1
26120,4940,56800,280.6
26130,4940,56500,279.1
26140,4940,56900,281.1
26150,4800,140300,673.4
26160,4940,56000,276.6
26170,4940,57500,284.1
26180,4936,55900,275.9
26190,4940,57500,284.1
26200,4940,55900,276.1
26210,4940,57500,284.1
26220,4940,55900,276.1
26230,4940,57400,283.6
26240,4940,56000,276.6
26250,4940,57500,284.1
26260,4724,136000,642.5
26270,4940,57500,284.1
26280,4936,56500,278.9
26290,4940,56800,280.6
26300,4940,56600,279.6
26310,4940,56900,281.1
26320,4940,56500,279.1
26330,4940,56900,281.1
26340,4940,57500,284.1
26350,4936,55900,275.9
26360,4940,57500,284.1
26370,4820,199600,962.1
26380,4940,57500,284.1
26390,4940,55900,276.1
26400,4940,57500,284.1
26410,4936,55900,275.9
26420,4940,57400,283.6
26430,4936,56000,276.4
26440,4940,57500,284.1
26450,4940,55900,276.1
26460,4940,57500,284.1
26470,4744,137100,650.4
26480,4940,56800,280.6
26490,4940,56500,279.1
26500,4940,56900,281.1
26510,4936,57400,283.3
26520,4940,56100,277.1
26530,4940,57500,284.1
26540,4936,55900,275.9
26550,4940,57500,284.1
26560,4940,55900,276.1
26570,4936,68500,338.1
26580,4936,55900,275.9
26590,4940,57500,284.1
26600,4936,55900,275.9
26610,4940,57400,283.6
26620,4936,55900,275.9
26630,4940,57500,284.1
26640,4936,56600,279.4
26650,4940,56800,280.6
26660,4940,56600,279.6
26670,4940,56800,280.6
26680,4780,59200,283.0
26690,4940,56900,281.1
26700,4940,57500,284.1
26710,4936,55900,275.9
26720,4940,57500,284.1
26730,4940,55900,276.1
26740,4940,57500,284.1
26750,4940,55900,276.1
26760,4940,57400,283.6
26770,4936,55800,275.4
26780,4816,145300,699.8
26790,4940,55900,276.1
26800,4940,57500,284.1
26810,4940,56000,276.6
26820,4940,57500,284.1
26830,4940,56500,279.1
26840,4936,56800,280.4
26850,4940,56500,279.1
26860,4940,56800,280.6
26870,4940,57500,284.1
26880,4920,155000,762.6
26890,4940,57500,284.1
26900,4940,55900,276.1
26910,4940,57500,284.1
26920,4936,55900,275.9
26930,4940,57500,284.1
26940,4940,55800,275.7
26950,4940,57500,284.1
26960,4936,55900,275.9
26970,4940,57500,284.1
26980,4936,55900,275.9
26990,4940,72800,359.6
27000,4940,56600,279.6
27010,4940,56800,280.6
27020,4940,56500,279.1
27030,4940,56800,280.6
27040,4940,56500,279.1
27050,4940,56900,281.1
27060,4940,57500,284.1
27070,4936,55900,275.9
27080,4940,57500,284.1
27090,4844,55900,270.8
27100,4940,57500,284.1
27110,4940,55900,276.1
27120,4940,57500,284.1
27130,4936,55900,275.9
27140,4940,57500,284.1
27150,4936,55900,275.9
27160,4940,57500,284.1
27170,4936,55900,275.9
27180,4940,57500,284.1
27190,4716,131500,620.2
27200,4940,56900,281.1
27210,4940,56500,279.1
27220,4940,56800,280.6
27230,4940,57400,283.6
27240,4940,56300,278.1
27250,4940,57500,284.1
27260,4940,55900,276.1
27270,4940,57500,284.1
27280,4940,55900,276.1
27290,4820,165200,796.3
27300,4936,55900,275.9
27310,4940,57400,283.6
27320,4940,55900,276.1
27330,4940,57500,284.1
27340,4940,55900,276.1
27350,4940,57500,284.1
27360,4936,56600,279.4
27370,4940,56900,281.1
27380,4940,56500,279.1
27390,4936,146900,725.1
27400,4940,56600,279.6
27410,4940,56800,280.6
27420,4940,57500,284.1
27430,4936,56000,276.4
27440,4940,57500,284.1
27450,4936,55900,275.9
27460,4940,57500,284.1
27470,4940,55900,276.1
27480,4940,57500,284.1
27490,4940,55800,275.7
27500,4940,93800,463.4
27510,4936,55900,275.9
27520,4940,57400,283.6
27530,4940,55900,276.1
27540,4940,57400,283.6
27550,4940,56600,279.6
27560,4940,56800,280.6
27570,4940,56600,279.6
27580,4940,56800,280.6
27590,4940,57200,282.6
27600,4940,56400,278.6
27610,4940,57500,284.1
27620,4940,55900,276.1
27630,4940,57500,284.1
27640,4940,55900,276.1
27650,4940,57500,284.1
27660,4940,55900,276.1
27670,4940,57500,284.1
27680,4936,55900,275.9
27691,4940,57500,284.1
27700,4936,55900,275.9
27710,4816,145600,701.2
27720,4936,56600,279.4
27730,4940,57000,281.6
27740,4940,56500,279.1
27750,4940,56800,280.6
27760,4936,56500,278.9
27770,4940,56900,281.1
27780,4940,57500,284.1
27790,4936,55900,275.9
27800,4940,57500,284.1
27810,4936,58600,289.2
27820,4940,57400,283.6
27830,4936,55900,275.9
27840,4940,57500,284.1
27850,4940,55800,275.7
27860,4940,57500,284.1
27870,4936,55900,275.9
27880,4940,57400,283.6
27890,4940,55900,276.1
27900,4940,57500,284.1
27910,4940,56600,279.6
27920,4816,143400,690.6
27930,4940,56600,279.6
27940,4940,56800,280.6
27950,4940,57200,282.6
27960,4940,56600,279.6
27970,4940,57400,283.6
27980,4940,55800,275.7
27990,4940,57500,284.1
28000,4940,56000,276.6
28010,4940,57500,284.1
28020,4936,55900,275.9
28030,4768,158000,753.3
28040,4936,55900,275.9
28050,4940,57500,284.1
28060,4936,55900,275.9
28070,4940,57600,284.5
28080,4940,56600,279.6
28090,4940,57000,281.6
28100,4940,56500,279.1
28110,4940,56800,280.6
28120,4936,56600,279.4
28130,4816,141600,681.9
28140,4940,57500,284.1
28150,4936,56000,276.4
28160,4940,57500,284.1
28170,4936,55900,275.9
28180,4940,57500,284.1
28190,4940,55900,276.1
28200,4940,57500,284.1
28210,4936,55800,275.4
28220,4940,57500,284.1
28230,4940,55800,275.7
28240,4708,133300,627.6
28250,4936,55900,275.9
28260,4940,57400,283.6
28270,4940,56600,279.6
28280,4940,56900,281.1
28290,4940,56500,279.1
28300,4940,56900,281.1
28310,4940,57100,282.1
28320,4940,56600,279.6
28330,4940,57500,284.1
28340,4936,55900,275.9
28350,4712,149200,703.0
28360,4940,55900,276.1
28370,4940,57600,284.5
28380,4940,55900,276.1
28390,4940,57500,284.1
28400,4940,55900,276.1
28410,4940,57500,284.1
28420,4940,55900,276.1
28430,4940,57500,284.1
28440,4940,56500,279.1
28450,4940,57100,282.1
28460,4932,56600,279.2
28470,4940,56800,280.6
28480,4940,56500,279.1
28490,4940,56900,281.1
28500,4940,57500,284.1
28510,4940,55900,276.1
28520,4940,57600,284.5
28530,4936,55900,275.9
28540,4940,57500,284.1
28550,4936,55900,275.9
28560,4792,143000,685.3
28570,4936,55900,275.9
28580,4940,57500,284.1
28590,4940,55900,276.1
28600,4940,57500,284.1
28610,4936,55900,275.9
28620,4940,57500,284.1
28630,4940,56500,279.1
28640,4936,56900,280.9
28650,4940,56500,279.1
28660,4940,56800,280.6
28670,4772,180500,861.3
28680,4940,56700,280.1
28690,4940,57500,284.1
28700,4936,55800,275.4
28710,4940,57500,284.1
28720,4936,55900,275.9
28730,4940,57500,284.1
28740,4936,55900,275.9
28750,4940,57500,284.1
28760,4936,55900,275.9
28770,4820,142400,686.4
28780,4940,55900,276.1
28790,4940,57500,284.1
28800,4936,56400,278.4
28810,4940,57300,283.1
28820,4940,56500,279.1
28830,4940,56800,280.6
28840,4940,56600,279.6
28850,4940,56800,280.6
28860,4940,57500,284.1
28870,4920,154800,761.6
28880,4940,57500,284.1
28890,4940,55900,276.1
28900,4940,57500,284.1
28910,4936,55900,275.9
28920,4940,57500,284.1
28930,4936,55900,275.9
28940,4940,57500,284.1
28950,4940,56000,276.6
28960,4940,57500,284.1
28970,4936,55900,275.9
28980,4816,145700,701.7
28990,4940,56500,279.1
29000,4940,56900,281.1
29010,4940,56600,279.6
29020,4940,56800,280.6
29030,4940,56900,281.1
29040,4940,56800,280.6
29050,4940,57500,284.1
29060,4936,55900,275.9
29070,4944,57500,284.3
29080,4940,55900,276.1
29090,4940,57400,283.6
29100,4936,56000,276.4
29110,4940,57400,283.6
29120,4940,55900,276.1
29130,4940,57500,284.1
29140,4940,55900,276.1
29150,4940,57500,284.1
29160,4940,56400,278.6
29170,4940,57300,283.1
29180,4940,56500,279.1
29190,4940,56900,281.1
29200,4940,56600,279.6
29210,4940,56900,281.1
29220,4936,57500,283.8
29230,4940,55900,276.1
29240,4940,57500,284.1
29250,4940,55900,276.1
29260,4940,57500,284.1
29270,4936,55900,275.9
29280,4940,57500,284.1
29290,4936,55900,275.9
29300,4828,202300,976.7
29310,4940,55900,276.1
29320,4940,57500,284.1
29330,4936,55900,275.9
29340,4940,57500,284.1
29350,4940,56600,279.6
29360,4940,56900,281.1
29370,4940,56500,279.1
29380,4940,56800,280.6
29391,4940,57500,284.1
29400,4784,168500,806.1
29410,4940,57400,283.6
29420,4936,55900,275.9
29430,4940,57600,284.5
29440,4940,55900,276.1
29450,4940,57500,284.1
29460,4940,55800,275.7
29470,4940,57400,283.6
29480,4940,55900,276.1
29490,4940,57500,284.1
29500,4940,55900,276.1
29510,4804,183300,880.6
29520,4940,56300,278.1
29530,4940,57400,283.6
29540,4940,56500,279.1
29550,4936,56900,280.9
29560,4940,56500,279.1
29570,4940,56900,281.1
29580,4940,57500,284.1
29590,4940,55900,276.1
29600,4940,57500,284.1
29610,4808,141000,677.9
29620,4940,57500,284.1
29630,4936,56000,276.4
29640,4940,57500,284.1
29650,4936,55900,275.9
29660,4940,57500,284.1
29670,4936,55900,275.9
29680,4940,57500,284.1
29690,4940,55800,275.7
29700,4940,57400,283.6
29710,4936,56600,279.4
29720,4792,66200,317.2
29730,4940,56600,279.6
29740,4940,56900,281.1
29750,4940,56700,280.1
29760,4940,56800,280.6
29770,4940,57500,284.1
29780,4940,55800,275.7
29790,4940,57500,284.1
29800,4940,55900,276.1
29810,4940,57500,284.1
29820,4808,140200,674.1
29830,4940,57500,284.1
29840,4936,55900,275.9
29850,4940,57500,284.1
29860,4936,55900,275.9
29870,4940,57500,284.1
29880,4940,56200,277.6
29890,4940,57400,283.6
29900,4940,56600,279.6
29910,4940,56800,280.6
29920,4936,56600,279.4
29930,4812,140700,677.0
29940,4936,57500,283.8
29950,4940,55900,276.1
29960,4940,57400,283.6
29970,4940,55900,276.1
29980,4940,57400,283.6
29990,4936,55900,275.9
30000,4940,57500,284.1
30010,4940,55900,276.1
30020,4940,57500,284.1
30030,4816,141600,681.9
30040,4940,95200,470.3
30050,4940,55900,276.1
30060,4940,57500,284.1
30070,4936,56500,278.9
30080,4940,56800,280.6
30090,4940,56500,279.1
30100,4940,56800,280.6
30110,4940,56600,279.6
30120,4940,56900,281.1
30130,4940,57500,284.1
30140,4940,55900,276.1
30150,4940,57500,284.1
30160,4936,55900,275.9
30170,4940,57500,284.1
30180,4940,55800,275.7
30190,4940,57500,284.1
30200,4940,55900,276.1
30210,4940,57500,284.1
30220,4936,55900,275.9
30230,4940,57400,283.6
30240,4936,56100,276.9
30250,4824,204200,985.1
30260,4940,56500,279.1
30270,4936,56900,280.9
30280,4940,56500,279.1
30290,4940,56800,280.6
30300,4940,57500,284.1
30310,4940,55800,275.7
30320,4940,57500,284.1
30330,4940,55800,275.7
30340,4940,57500,284.1
30350,4940,55900,276.1
30360,4732,135000,638.8
30370,4936,56000,276.4
30380,4940,57500,284.1
30390,4940,55900,276.1
30400,4940,57500,284.1
30410,4936,55900,275.9
30420,4940,57500,284.1
30430,4940,56500,279.1
30440,4940,56800,280.6
30450,4940,56600,279.6
30460,4940,56900,281.1
30470,4792,192200,921.0
30480,4940,56900,281.1
30490,4940,57500,284.1
30500,4936,55900,275.9
30510,4940,57500,284.1
30520,4936,55900,275.9
30530,4940,57400,283.6
30540,4936,55800,275.4
30550,4940,57500,284.1
30560,4940,55900,276.1
30570,4940,57500,284.1
30580,4828,209000,1009.1
30590,4940,57500,284.1
30600,4936,56000,276.4
30610,4940,57500,284.1
30620,4936,56600,279.4
30630,4940,56900,281.1
30640,4940,56500,279.1
30650,4940,56800,280.6
30660,4940,57500,284.1
30670,4940,55900,276.1
30680,4820,139400,671.9
30690,4940,55900,276.1
30700,4940,57500,284.1
30710,4936,55900,275.9
30720,4944,57500,284.3
30730,4940,55900,276.1
30740,4940,57400,283.6
30750,4936,55900,275.9
30760,4940,57400,283.6
30770,4940,55900,276.1
30780,4940,57500,284.1
30790,4908,56500,277.3
30800,4940,56700,280.1
30810,4940,56500,279.1
30820,4940,56900,281.1
30830,4940,56600,279.6
30840,4940,56700,280.1
30850,4940,57500,284.1
30860,4940,55800,275.7
30870,4940,57500,284.1
30880,4940,55800,275.7
30890,4820,144000,694.1
30900,4936,55900,275.9
30910,4940,57400,283.6
30920,4936,55900,275.9
30930,4940,57500,284.1
30940,4936,55900,275.9
30950,4940,57500,284.1
30960,4936,55900,275.9
30970,4940,57500,284.1
30980,4940,56500,279.1
30990,4940,56900,281.1
31000,4940,56500,279.1
31010,4940,56800,280.6
31020,4940,57500,284.1
31030,4940,56000,276.6
31040,4940,57500,284.1
31050,4940,55900,276.1
31060,4940,57500,284.1
31070,4940,56000,276.6
31080,4940,57400,283.6
31090,4936,55900,275.9
31101,4940,57500,284.1
31110,4936,55900,275.9
31120,4940,57500,284.1
31130,4936,55900,275.9
31140,4940,57500,284.1
31150,4936,56500,278.9
31160,4940,56700,280.1
31170,4940,56500,279.1
31180,4940,56900,281.1
31190,4940,56600,279.6
31200,4932,147900,729.4
31210,4940,57500,284.1
31220,4936,55900,275.9
31230,4940,57500,284.1
31240,4940,55900,276.1
31250,4940,57500,284.1
31260,4940,55900,276.1
31270,4940,57500,284.1
31280,4936,55900,275.9
31290,4940,57500,284.1
31300,4876,154900,755.3
31310,4940,57500,284.1
31320,4936,55900,275.9
31330,4940,57500,284.1
31340,4940,56600,279.6
31350,4940,56800,280.6
31360,4940,56600,279.6
31370,4940,56900,281.1
31380,4940,57500,284.1
31390,4940,56000,276.6
31400,4940,57400,283.6
31410,4828,203400,982.0
31420,4940,57500,284.1
31430,4940,55900,276.1
31440,4940,57500,284.1
31450,4940,55900,276.1
31460,4940,57400,283.6
31470,4936,55900,275.9
31480,4940,57400,283.6
31490,4936,55800,275.4
31500,4940,57500,284.1
31510,4816,141600,681.9
31520,4940,56800,280.6
31530,4940,56500,279.1
31540,4940,56800,280.6
31550,4940,56500,279.1
31560,4940,56800,280.6
31570,4940,57500,284.1
31580,4940,55900,276.1
31590,4940,57500,284.1
31600,4936,55900,275.9
31610,4940,57500,284.1
31620,4756,149000,708.6
31630,4940,57500,284.1
31640,4936,55900,275.9
31650,4940,57500,284.1
31660,4940,55900,276.1
31670,4940,57500,284.1
31680,4936,55900,275.9
31690,4940,57500,284.1
31700,4940,56600,279.6
31710,4940,56800,280.6
31720,4728,134000,633.6
31730,4940,56800,280.6
31740,4940,57500,284.1
31750,4940,56200,277.6
31760,4940,57500,284.1
31770,4940,55900,276.1
31780,4940,57500,284.1
31790,4936,55900,275.9
31800,4940,57500,284.1
31810,4936,55900,275.9
31820,4940,57500,284.1
31830,4724,131000,618.8
31840,4940,57500,284.1
31850,4940,55900,276.1
31860,4940,57500,284.1
31870,4936,56600,279.4
31880,4940,56800,280.6
31890,4940,56500,279.1
31900,4940,56900,281.1
31910,4940,56600,279.6
31920,4940,56800,280.6
31930,4816,142100,684.4
31940,4936,55900,275.9
31950,4940,57500,284.1
31960,4936,55900,275.9
31970,4940,57600,284.5
31980,4940,55900,276.1
31990,4940,57500,284.1
32000,4940,55900,276.1
32010,4940,57500,284.1
32020,4940,55900,276.1
32030,4940,57500,284.1
32040,4812,140600,676.6
32050,4940,57500,284.1
32060,4940,56600,279.6
32070,4940,56800,280.6
32080,4940,56500,279.1
32090,4940,56900,281.1
32100,4936,57400,283.3
32110,4940,56200,277.6
32120,4940,57400,283.6
32130,4940,55900,276.1
32140,4940,57500,284.1
32150,4936,55900,275.9
32160,4940,57500,284.1
32170,4936,55900,275.9
32180,4940,57500,284.1
32190,4940,55900,276.1
32200,4940,57400,283.6
32210,4940,55900,276.1
32220,4940,57500,284.1
32230,4940,56600,279.6
32240,4940,56900,281.1
32250,4836,220200,1064.9
32260,4940,56900,281.1
32270,4936,56600,279.4
32280,4940,56800,280.6
32290,4940,57500,284.1
32300,4940,55900,276.1
32310,4940,57500,284.1
32320,4940,55900,276.1
32330,4940,57500,284.1
32340,4936,55900,275.9
32350,4820,147300,710.0
32360,4940,55900,276.1
32370,4940,57500,284.1
32380,4940,55900,276.1
32390,4940,57500,284.1
32400,4940,55900,276.1
32410,4940,57500,284.1
32420,4936,56500,278.9
32430,4940,56800,280.6
32440,4940,56500,279.1
32450,4940,56800,280.6
32460,4804,198500,953.6
32470,4940,56400,278.6
32480,4940,57400,283.6
32490,4936,55900,275.9
32500,4940,57500,284.1
32510,4940,55900,276.1
32520,4944,57500,284.3
32530,4936,55900,275.9
32540,4940,57500,284.1
32550,4936,55900,275.9
32560,4936,57500,283.8
32570,4940,55900,276.1
32580,4940,57400,283.6
32590,4936,56600,279.4
32600,4940,57000,281.6
32610,4940,56500,279.1
32620,4940,56800,280.6
32630,4940,56500,279.1
32640,4940,56800,280.6
32650,4940,57500,284.1
32660,4936,55900,275.9
32670,4940,57500,284.1
32680,4936,55900,275.9
32690,4940,57500,284.1
32700,4940,55900,276.1
32710,4940,57500,284.1
32720,4940,56000,276.6
32730,4940,57500,284.1
32740,4936,55900,275.9
32750,4940,57500,284.1
32760,4940,55800,275.7
32770,4936,113800,561.7
32780,4940,56600,279.6
32790,4940,56900,281.1
32801,4940,57100,282.1
32810,4940,56900,281.1
32820,4940,57200,282.6
32830,4940,56500,279.1
32840,4940,57500,284.1
32850,4936,55900,275.9
32860,4940,57500,284.1
32870,4940,56000,276.6
32880,4816,143300,690.1
32890,4936,55900,275.9
32900,4940,57500,284.1
32910,4940,55900,276.1
32920,4940,57500,284.1
32930,4940,55900,276.1
32940,4940,57500,284.1
32950,4936,56600,279.4
32960,4940,57000,281.6
32970,4940,56600,279.6
32980,4940,56800,280.6
32990,4816,142200,684.8
33000,4940,56800,280.6
33010,4940,57500,284.1
33020,4940,55900,276.1
33030,4940,57500,284.1
33040,4936,55900,275.9
33050,4940,57500,284.1
33060,4940,55900,276.1
33070,4940,57500,284.1
33080,4936,55900,275.9
33090,4940,57500,284.1
33100,4864,55900,271.9
33110,4940,57500,284.1
33120,4940,55900,276.1
33130,4940,57500,284.1
33140,4940,56600,279.6
33150,4940,56800,280.6
33160,4940,56500,279.1
33170,4940,56900,281.1
33180,4940,57100,282.1
33190,4940,56600,279.6
33200,4724,136400,644.4
33210,4940,55900,276.1
33220,4940,57500,284.1
33230,4936,55900,275.9
33240,4940,57500,284.1
33250,4940,55900,276.1
33260,4940,57500,284.1
33270,4940,55900,276.1
33280,4940,57500,284.1
33290,4940,55900,276.1
33300,4808,144300,693.8
33310,4936,56500,278.9
33320,4940,57200,282.6
33330,4936,56600,279.4
33340,4940,56800,280.6
33350,4940,56600,279.6
33360,4940,56900,281.1
33370,4940,57500,284.1
33380,4940,55900,276.1
33390,4940,57400,283.6
33400,4940,55800,275.7
33410,4820,136600,658.4
33420,4940,55900,276.1
33430,4940,57500,284.1
33440,4936,56000,276.4
33450,4940,57500,284.1
33460,4940,55900,276.1
33470,4940,57600,284.5
33480,4940,55900,276.1
33490,4940,57500,284.1
33500,4940,56600,279.6
33510,4816,142000,683.9
33520,4940,56700,280.1
33530,4940,56900,281.1
33540,4940,57000,281.6
33550,4940,56700,280.1
33560,4940,57500,284.1
33570,4936,55900,275.9
33580,4940,57400,283.6
33590,4936,55900,275.9
33600,4940,57500,284.1
33610,4936,55900,275.9
33620,4816,147600,710.8
33630,4940,55900,276.1
33640,4940,57500,284.1
33650,4940,55900,276.1
33660,4940,57500,284.1
33670,4936,56500,278.9
33680,4940,57200,282.6
33690,4940,56600,279.6
33700,4940,56800,280.6
33710,4940,56500,279.1
33720,4940,138900,686.2
33730,4940,57500,284.1
33740,4936,55900,275.9
33750,4940,57400,283.6
33760,4940,55800,275.7
33770,4940,57500,284.1
33780,4940,55900,276.1
33790,4940,57500,284.1
33800,4936,55900,275.9
33810,4944,57500,284.3
33820,4940,55900,276.1
33830,4816,148700,716.1
33840,4936,55900,275.9
33850,4940,57500,284.1
33860,4940,56500,279.1
33870,4940,56900,281.1
33880,4940,56500,279.1
33890,4940,56900,281.1
33900,4940,57000,281.6
33910,4940,56700,280.1
33920,4940,57500,284.1
33930,4940,55900,276.1
33940,4764,176400,840.4
33950,4940,55900,276.1
33960,4940,57500,284.1
33970,4940,55900,276.1
33980,4940,57500,284.1
33990,4940,55900,276.1
34000,4940,57500,284.1
34010,4940,55900,276.1
34020,4940,57600,284.5
34030,4940,56500,279.1
34040,4816,197500,951.2
34050,4940,56500,279.1
34060,4940,56800,280.6
34070,4940,56600,279.6
34080,4940,56800,280.6
34090,4936,57500,283.8
34100,4940,55800,275.7
34110,4940,57500,284.1
34120,4940,55900,276.1
34130,4940,57500,284.1
34140,4940,55900,276.1
34150,4940,57500,284.1
34160,4940,55900,276.1
34170,4940,57500,284.1
34180,4936,55900,275.9
34190,4940,57500,284.1
34200,4940,55900,276.1
34210,4940,57500,284.1
34220,4940,56500,279.1
34230,4940,56900,281.1
34240,4936,56500,278.9
34250,4824,202200,975.4
34260,4940,56800,280.6
34270,4940,56800,280.6
34280,4940,57400,283.6
34290,4940,55900,276.1
34300,4940,57500,284.1
34310,4940,55900,276.1
34320,4940,57500,284.1
34330,4936,55900,275.9
34340,4940,57500,284.1
34350,4724,132600,626.4
34360,4940,57600,284.5
34370,4940,55900,276.1
34380,4940,57400,283.6
34390,4940,56300,278.1
34400,4940,57400,283.6
34410,4936,56600,279.4
34420,4940,56900,281.1
34430,4940,56500,279.1
34440,4940,56900,281.1
34450,4812,141300,679.9
34460,4940,55800,275.7
34470,4940,57500,284.1
34480,4940,55800,275.7
34490,4940,57400,283.6
34501,4940,55900,276.1
34510,4940,57500,284.1
34520,4940,55900,276.1
34530,4940,57500,284.1
34540,4936,55900,275.9
34550,4816,142000,683.9
34560,4936,56000,276.4
34570,4940,57500,284.1
34580,4940,56500,279.1
34590,4940,56900,281.1
34600,4940,56500,279.1
34610,4940,56900,281.1
34620,4940,56700,280.1
34630,4940,56900,281.1
34640,4940,57500,284.1
34650,4940,55900,276.1
34660,4776,181100,864.9
34670,4936,56000,276.4
34680,4940,57500,284.1
34690,4940,56000,276.6
34700,4940,57500,284.1
34710,4936,55900,275.9
34720,4940,57500,284.1
34730,4940,55900,276.1
34740,4940,57500,284.1
34750,4940,56200,277.6
34760,4824,172900,834.1
34770,4940,56500,279.1
34780,4940,56900,281.1
34790,4940,56600,279.6
34800,4940,56800,280.6
34810,4940,57500,284.1
34820,4940,55900,276.1
34830,4940,57400,283.6
34840,4936,55900,275.9
34850,4940,57400,283.6
34860,4936,55900,275.9
34870,4940,57500,284.1
34880,4940,55900,276.1
34890,4940,57500,284.1
34900,4940,55900,276.1
34910,4940,57600,284.5
34920,4940,55900,276.1
34930,4940,57500,284.1
34940,4936,56600,279.4
34950,4940,56800,280.6
34960,4940,56500,279.1
34970,4828,196500,948.7
34980,4940,56700,280.1
34990,4940,56900,281.1
35000,4940,57500,284.1
35010,4936,55900,275.9
35020,4940,57500,284.1
35030,4940,55800,275.7
35040,4940,57500,284.1
35050,4940,55900,276.1
35060,4940,57500,284.1
35070,4812,141300,679.9
35080,4940,57500,284.1
35090,4936,55900,275.9
35100,4940,57400,283.6
35110,4936,56000,276.4
35120,4940,57500,284.1
35130,4940,56500,279.1
35140,4940,56900,281.1
35150,4940,56500,279.1
35160,4940,56900,281.1
35170,4940,60400,298.4
35180,4940,55900,276.1
35190,4940,57500,284.1
35200,4940,55900,276.1
35210,4940,57500,284.1
35220,4936,55800,275.4
35230,4940,57500,284.1
35240,4940,55900,276.1
35250,4940,57500,284.1
35260,4940,55900,276.1
35270,4940,57500,284.1
35280,4824,213500,1029.9
35290,4940,57600,284.5
35300,4940,56500,279.1
35310,4940,56800,280.6
35320,4940,56500,279.1
35330,4940,56900,281.1
35340,4940,56600,279.6
35350,4940,56800,280.6
35360,4940,57500,284.1
35370,4940,55900,276.1
35380,4724,175100,827.2
35390,4936,55900,275.9
35400,4940,57500,284.1
35410,4940,55900,276.1
35420,4940,57500,284.1
35430,4940,55900,276.1
35440,4940,57400,283.6
35450,4940,55900,276.1
35460,4940,57500,284.1
35470,4936,56100,276.9
35480,4940,57500,284.1
35490,4768,160800,766.7
35500,4940,56900,281.1
35510,4940,56500,279.1
35520,4940,56900,281.1
35530,4940,57600,284.5
35540,4940,56000,276.6
35550,4940,57400,283.6
35560,4936,55900,275.9
35570,4940,57500,284.1
35580,4940,55900,276.1
35590,4724,136400,644.4
35600,4936,55900,275.9
35610,4940,57500,284.1
35620,4936,55900,275.9
35630,4940,57500,284.1
35640,4936,55900,275.9
35650,4940,57500,284.1
35660,4940,56500,279.1
35670,4940,56800,280.6
35680,4940,56600,279.6
35690,4940,56900,281.1
35700,4912,56500,277.5
35710,4940,56900,281.1
35720,4940,57500,284.1
35730,4940,55900,276.1
35740,4940,57500,284.1
35750,4940,55900,276.1
35760,4940,57500,284.1
35770,4936,55900,275.9
35780,4940,57500,284.1
35790,4936,55900,275.9
35800,4820,146000,703.7
35810,4940,56000,276.6
35820,4940,57500,284.1
35830,4936,55900,275.9
35840,4940,57500,284.1
35850,4940,56600,279.6
35860,4940,56900,281.1
35870,4940,56600,279.6
35880,4940,56800,280.6
35890,4940,57500,284.1
35900,4940,55900,276.1
35910,4748,138900,659.5
35920,4936,55900,275.9
35930,4940,57500,284.1
35940,4936,55900,275.9
35950,4940,57400,283.6
35960,4936,55900,275.9
35970,4940,57500,284.1
35980,4940,55900,276.1
35990,4940,57500,284.1
36000,4940,55900,276.1
36010,4936,95400,470.9
36020,4940,56500,279.1
36030,4940,56900,281.1
36040,4940,56600,279.6
36050,4940,56900,281.1
36060,4936,56500,278.9
36070,4940,56800,280.6
36080,4940,57500,284.1
36090,4936,55900,275.9
36100,4940,57400,283.6
36110,4940,55900,276.1
36120,4940,57500,284.1
36130,4940,55900,276.1
36140,4940,57500,284.1
36150,4940,55800,275.7
36160,4940,57500,284.1
36170,4940,55900,276.1
36180,4940,57500,284.1
36190,4936,56000,276.4
36201,4940,56800,280.6
36210,4940,56600,279.6
36220,4828,134100,647.4
36230,4940,56500,279.1
36240,4940,56900,281.1
36250,4940,57600,284.5
36260,4940,56000,276.6
36270,4940,57500,284.1
36280,4940,55800,275.7
36290,4940,57500,284.1
36300,4936,55900,275.9
36310,4940,57500,284.1
36320,4940,58500,289.0
36330,4940,57500,284.1
36340,4940,55900,276.1
36350,4940,57500,284.1
36360,4940,55900,276.1
36370,4940,57500,284.1
36380,4936,56600,279.4
36390,4940,56800,280.6
36400,4940,56500,279.1
36410,4940,56800,280.6
36420,4940,56500,279.1
36430,4828,129200,623.8
36440,4940,57600,284.5
36450,4936,55900,275.9
36460,4940,57500,284.1
36470,4940,55900,276.1
36480,4940,57500,284.1
36490,4940,55900,276.1
36500,4940,57500,284.1
36510,4940,55900,276.1
36520,4940,57500,284.1
36530,4820,215700,1039.7
36540,4940,57500,284.1
36550,4936,55900,275.9
36560,4940,57500,284.1
36570,4940,56500,279.1
36580,4940,56800,280.6
36590,4940,56500,279.1
36600,4940,56800,280.6
36610,4940,57500,284.1
36620,4940,56000,276.6
36630,4812,202300,973.5
36640,4936,55900,275.9
36650,4940,57500,284.1
36660,4940,55900,276.1
36670,4940,57500,284.1
36680,4936,55900,275.9
36690,4940,57400,283.6
36700,4936,55900,275.9
36710,4940,57500,284.1
36720,4936,56000,276.4
36730,4820,143400,691.2
36740,4936,56600,279.4
36750,4940,56800,280.6
36760,4940,56600,279.6
36770,4940,56800,280.6
36780,4940,56600,279.6
36790,4940,56800,280.6
36800,4940,57500,284.1
36810,4936,55900,275.9
36820,4940,57500,284.1
36830,4936,55900,275.9
36840,4820,142400,686.4
36850,4940,55900,276.1
36860,4940,57500,284.1
36870,4940,55900,276.1
36880,4940,57400,283.6
36890,4936,56000,276.4
36900,4940,57500,284.1
36910,4940,55900,276.1
36920,4940,57500,284.1
36930,4940,56500,279.1
36940,4940,56900,281.1
36950,4832,214600,1036.9
36960,4940,56900,281.1
36970,4940,57400,283.6
36980,4940,56300,278.1
36990,4940,57500,284.1
37000,4940,55900,276.1
37010,4940,57500,284.1
37020,4936,55800,275.4
37030,4940,57400,283.6
37040,4940,55900,276.1
37050,4820,141900,684.0
37060,4936,55900,275.9
37070,4940,57500,284.1
37080,4940,55900,276.1
37090,4940,57500,284.1
37100,4940,56600,279.6
37110,4940,56900,281.1
37120,4940,56500,279.1
37130,4940,56900,281.1
37140,4940,56500,279.1
37150,4940,56800,280.6
37160,4720,134200,633.4
37170,4936,55900,275.9
37180,4940,57500,284.1
37190,4936,55900,275.9
37200,4940,57500,284.1
37210,4940,55900,276.1
37220,4940,57500,284.1
37230,4940,55900,276.1
37240,4940,57500,284.1
37250,4936,55800,275.4
37260,4940,57500,284.1
37270,4864,55900,271.9
37280,4940,57500,284.1
37290,4940,56600,279.6
37300,4940,56800,280.6
37310,4936,56500,278.9
37320,4940,56800,280.6
37330,4936,57300,282.8
37340,4940,56400,278.6
37350,4940,57500,284.1
37360,4940,55900,276.1
37370,4792,191200,916.2
37380,4940,55900,276.1
37390,4940,57500,284.1
37400,4936,55900,275.9
37410,4940,57500,284.1
37420,4940,55900,276.1
37430,4940,57500,284.1
37440,4940,55800,275.7
37450,4940,57500,284.1
37460,4936,56700,279.9
37470,4828,160100,773.0
37480,4940,56600,279.6
37490,4940,56900,281.1
37500,4940,56500,279.1
37510,4940,56800,280.6
37520,4940,57500,284.1
37530,4936,55900,275.9
37540,4940,57500,284.1
37550,4936,55800,275.4
37560,4940,57500,284.1
37570,4940,55900,276.1
37580,4940,57500,284.1
37590,4936,55900,275.9
37600,4940,57500,284.1
37610,4940,55900,276.1
37620,4940,57500,284.1
37630,4936,55900,275.9
37640,4940,57500,284.1
37650,4940,56600,279.6
37660,4940,56800,280.6
37670,4940,56600,279.6
37680,4816,141100,679.5
37690,4936,57200,282.3
37700,4940,56600,279.6
37710,4940,57500,284.1
37720,4936,55900,275.9
37730,4940,57600,284.5
37740,4940,55900,276.1
37750,4940,57500,284.1
37760,4940,55900,276.1
37770,4940,57500,284.1
37780,4940,55800,275.7
37790,4708,136500,642.6
37800,4936,55900,275.9
37810,4940,57500,284.1
37820,4940,56500,279.1
37830,4940,57100,282.1
37840,4940,56600,279.6
37850,4940,56800,280.6
37860,4940,56600,279.6
37870,4940,56800,280.6
37880,4940,57400,283.6
37890,4940,55800,275.7
37901,4940,57500,284.1
37910,4936,55900,275.9
37920,4940,57500,284.1
37930,4940,56000,276.6
37940,4940,57500,284.1
37950,4936,55900,275.9
37960,4940,57500,284.1
37970,4940,55900,276.1
37980,4940,57500,284.1
37990,4940,55900,276.1
38000,4936,92800,458.1
38010,4936,56600,279.4
38020,4940,56800,280.6
38030,4940,56600,279.6
38040,4940,56800,280.6
38050,4936,57000,281.4
38060,4940,56600,279.6
38070,4940,57400,283.6
38080,4936,55900,275.9
38090,4944,57500,284.3
38100,4940,55900,276.1
38110,4772,178900,853.7
38120,4936,55900,275.9
38130,4940,57500,284.1
38140,4936,56000,276.4
38150,4940,57400,283.6
38160,4940,55900,276.1
38170,4940,57500,284.1
38180,4940,56600,279.6
38190,4940,57100,282.1
38200,4940,56600,279.6
38210,4816,197700,952.1
38220,4940,56700,280.1
38230,4940,56800,280.6
38240,4940,57500,284.1
38250,4940,55900,276.1
38260,4940,57500,284.1
38270,4936,55800,275.4
38280,4940,57500,284.1
38290,4936,55900,275.9
38300,4940,57500,284.1
38310,4812,141000,678.5
38320,4940,57500,284.1
38330,4940,55900,276.1
38340,4940,57500,284.1
38350,4936,55900,275.9
38360,4940,57600,284.5
38370,4940,56600,279.6
38380,4940,56900,281.1
38390,4940,56600,279.6
38400,4940,56800,280.6
38410,4820,141400,681.5
38420,4940,56800,280.6
38430,4940,57500,284.1
38440,4940,55900,276.1
38450,4940,57600,284.5
38460,4936,55900,275.9
38470,4940,57500,284.1
38480,4936,55900,275.9
38490,4940,57500,284.1
38500,4940,55900,276.1
38510,4940,57500,284.1
38520,4840,55900,270.6
38530,4940,57500,284.1
38540,4936,56400,278.4
38550,4940,57300,283.1
38560,4940,56600,279.6
38570,4940,56800,280.6
38580,4940,56500,279.1
38590,4940,56800,280.6
38600,4936,57500,283.8
38610,4940,55900,276.1
38620,4812,143300,689.6
38630,4936,55900,275.9
38640,4940,57500,284.1
38650,4940,55900,276.1
38660,4940,57500,284.1
38670,4936,55900,275.9
38680,4940,57500,284.1
38690,4936,55800,275.4
38700,4940,57500,284.1
38710,4940,55900,276.1
38720,4940,57500,284.1
38730,4860,56600,275.1
38740,4940,56900,281.1
38750,4940,56600,279.6
38760,4940,56800,280.6
38770,4936,56800,280.4
38780,4936,56800,280.4
38790,4940,57500,284.1
38800,4940,55900,276.1
38810,4940,57500,284.1
38820,4940,55900,276.1
38830,4724,138500,654.3
38840,4936,55900,275.9
38850,4940,57500,284.1
38860,4936,55900,275.9
38870,4940,57500,284.1
38880,4940,55900,276.1
38890,4940,57500,284.1
38900,4940,56300,278.1
38910,4940,57300,283.1
38920,4940,56600,279.6
38930,4940,56900,281.1
38940,4892,56600,276.9
38950,4940,56900,281.1
38960,4936,57500,283.8
38970,4940,55900,276.1
38980,4940,57600,284.5
38990,4936,55900,275.9
39000,4940,57500,284.1
39010,4936,56000,276.4
39020,4940,57500,284.1
39030,4936,55900,275.9
39040,4820,142600,687.3
39050,4940,55900,276.1
39060,4940,57600,284.5
39070,4940,55900,276.1
39080,4940,57500,284.1
39090,4940,56500,279.1
39100,4940,56900,281.1
39110,4940,56600,279.6
39120,4940,56800,280.6
39130,4936,56800,280.4
39140,4936,123400,609.1
39150,4940,57500,284.1
39160,4936,55900,275.9
39170,4940,57500,284.1
39180,4936,55900,275.9
39190,4940,57500,284.1
39200,4936,55800,275.4
39210,4940,57500,284.1
39220,4940,55800,275.7
39230,4940,57500,284.1
39240,4936,58700,289.7
39250,4876,57500,280.4
39260,4936,56200,277.4
39270,4940,57500,284.1
39280,4940,56500,279.1
39290,4940,56800,280.6
39300,4940,56500,279.1
39310,4940,56900,281.1
39320,4940,57400,283.6
39330,4940,55900,276.1
39340,4940,57500,284.1
39350,4816,141100,679.5
39360,4940,57600,284.5
39370,4936,55900,275.9
39380,4940,57500,284.1
39390,4940,55900,276.1
39400,4940,57500,284.1
39410,4940,55900,276.1
39420,4940,57500,284.1
39430,4940,55900,276.1
39440,4940,57500,284.1
39450,4940,56400,278.6
39460,4832,134400,649.4
39470,4940,56500,279.1
39480,4940,56900,281.1
39490,4940,56600,279.6
39500,4940,56800,280.6
39510,4944,57500,284.3
39520,4940,55900,276.1
39530,4940,57500,284.1
39540,4936,56000,276.4
39550,4940,57400,283.6
39560,4820,137700,663.7
39570,4940,57500,284.1
39580,4940,55900,276.1
39590,4940,57500,284.1
39601,4936,56100,276.9
39610,4940,57600,284.5
39620,4940,56100,277.1
39630,4940,57500,284.1
39640,4936,56500,278.9
39650,4940,56800,280.6
39660,4940,56600,279.6
39670,4756,87500,416.1
39680,4936,57500,283.8
39690,4940,55900,276.1
39700,4940,57500,284.1
39710,4936,55900,275.9
39720,4940,57400,283.6
39730,4936,55900,275.9
39740,4940,57400,283.6
39750,4936,55900,275.9
39760,4940,57500,284.1
39770,4940,55800,275.7
39780,4712,130200,613.5
39790,4940,55900,276.1
39800,4940,57500,284.1
39810,4936,56500,278.9
39820,4940,56900,281.1
39830,4940,56500,279.1
39840,4940,56900,281.1
39850,4936,56500,278.9
39860,4940,56800,280.6
39870,4940,57500,284.1
39880,4816,141400,681.0
39890,4940,57500,284.1
39900,4936,55900,275.9
39910,4940,57500,284.1
39920,4940,55900,276.1
39930,4940,57500,284.1
39940,4940,55900,276.1
39950,4940,57500,284.1
39960,4936,55900,275.9
39970,4940,57500,284.1
39980,4816,141200,680.0
39990,4940,57500,284.1
40000,4936,56600,279.4
40010,4940,56800,280.6
40020,4940,56600,279.6
40030,4940,56900,281.1
40040,4940,57500,284.1
40050,4940,55900,276.1
40060,4940,57600,284.5
40070,4940,55900,276.1
40080,4940,57500,284.1
40090,4824,154600,745.8
40100,4940,57500,284.1
40110,4936,55900,275.9
40120,4940,57500,284.1
40130,4940,55900,276.1
40140,4940,57500,284.1
40150,4940,55900,276.1
40160,4944,57500,284.3
40170,4940,56500,279.1
40180,4940,56900,281.1
40190,4940,56500,279.1
40200,4736,96800,458.4
40210,4940,56600,279.6
40220,4940,56800,280.6
40230,4940,57500,284.1
40240,4940,55900,276.1
40250,4940,57500,284.1
40260,4936,56000,276.4
40270,4940,57500,284.1
40280,4940,55900,276.1
40290,4940,57500,284.1
40300,4772,159800,762.6
40310,4940,57500,284.1
40320,4936,56000,276.4
40330,4940,57500,284.1
40340,4936,55900,275.9
40350,4940,57600,284.5
40360,4940,56500,279.1
40370,4940,56800,280.6
40380,4940,56500,279.1
40390,4940,56900,281.1
40400,4852,153400,744.3
40410,4940,56000,276.6
40420,4940,57500,284.1
40430,4936,55900,275.9
40440,4940,57500,284.1
40450,4936,55900,275.9
40460,4940,57500,284.1
40470,4936,55900,275.9
40480,4940,57500,284.1
40490,4936,55900,275.9
40500,4940,57500,284.1
40510,4816,141200,680.0
40520,4940,57500,284.1
40530,4940,56600,279.6
40540,4940,56800,280.6
40550,4940,56600,279.6
40560,4940,56900,281.1
40570,4940,56500,279.1
40580,4940,56900,281.1
40590,4940,57500,284.1
40600,4936,55800,275.4
40610,4940,60300,297.9
40620,4940,55900,276.1
40630,4940,57500,284.1
40640,4940,55900,276.1
40650,4940,57600,284.5
40660,4936,55900,275.9
40670,4940,57500,284.1
40680,4936,55900,275.9
40690,4940,57500,284.1
40700,4940,56000,276.6
40710,4940,57500,284.1
40720,4812,188300,906.1
40730,4940,56900,281.1
40740,4940,56600,279.6
40750,4940,56800,280.6
40760,4940,57500,284.1
40770,4940,56000,276.6
40780,4940,57500,284.1
40790,4936,55900,275.9
40800,4940,57500,284.1
40810,4940,55900,276.1
40820,4940,57500,284.1
40830,4804,56000,269.0
40840,4940,57500,284.1
40850,4936,55900,275.9
40860,4940,57600,284.5
40870,4936,55900,275.9
40880,4940,57500,284.1
40890,4936,56600,279.4
40900,4940,56800,280.6
40910,4940,56600,279.6
40920,4940,56900,281.1
40930,4880,56600,276.2
40940,4940,56900,281.1
40950,4940,57600,284.5
40960,4936,55900,275.9
40970,4940,57500,284.1
40980,4940,56000,276.6
40990,4940,57500,284.1
41000,4936,55900,275.9
41010,4940,57500,284.1
41020,4936,55800,275.4
41030,4792,175800,842.4
41040,4936,55900,275.9
41050,4940,57500,284.1
41060,4936,56000,276.4
41070,4940,57600,284.5
41080,4940,56600,279.6
41090,4940,56800,280.6
41100,4940,56500,279.1
41110,4940,56900,281.1
41120,4940,57600,284.5
41130,4940,56000,276.6
41140,4912,57500,282.4
41150,4940,55900,276.1
41160,4940,57500,284.1
41170,4940,55900,276.1
41180,4940,57600,284.5
41190,4936,55900,275.9
41200,4940,57500,284.1
41210,4936,55900,275.9
41220,4944,57500,284.3
41230,4936,55900,275.9
41240,4936,80400,396.9
41250,4936,56600,279.4
41260,4940,56800,280.6
41270,4940,56500,279.1
41280,4940,56900,281.1
41290,4940,56500,279.1
41304,4940,56000,276.6
41310,4940,57600,284.5
41320,4936,55800,275.4
41330,4940,57500,284.1
41340,4936,55900,275.9
41350,4808,201000,966.4
41360,4936,55900,275.9
41370,4940,57500,284.1
41380,4940,56000,276.6
41390,4940,57500,284.1
41400,4936,55900,275.9
41410,4940,57500,284.1
41420,4940,55900,276.1
41430,4940,57500,284.1
41440,4936,56600,279.4
41450,4940,56800,280.6
41460,4824,211600,1020.8
41470,4940,56800,280.6
41480,4940,57600,284.5
41490,4940,56100,277.1
41500,4940,57500,284.1
41510,4940,55900,276.1
41520,4940,57500,284.1
41530,4940,55900,276.1
41540,4940,57500,284.1
41550,4936,55900,275.9
41560,4940,57600,284.5
41570,4936,56000,276.4
41580,4940,57500,284.1
41590,4936,55900,275.9
41600,4940,57500,284.1
41610,4940,56600,279.6
41620,4940,56800,280.6
41630,4940,56600,279.6
41640,4940,56800,280.6
41650,4940,56700,280.1
41660,4940,56800,280.6
41670,4824,216100,1042.5
41680,4936,55900,275.9
41690,4940,57400,283.6
41700,4940,55900,276.1
41710,4940,57500,284.1
41720,4936,55900,275.9
41730,4940,57500,284.1
41740,4936,55900,275.9
41750,4940,57500,284.1
41760,4940,55900,276.1
41770,4784,138700,663.5
41780,4940,55900,276.1
41790,4940,57500,284.1
41800,4940,56600,279.6
41810,4940,56800,280.6
41820,4940,56500,279.1
41830,4940,56900,281.1
41840,4936,57400,283.3
41850,4940,56100,277.1
41860,4940,57500,284.1
41870,4820,203400,980.4
41880,4940,57600,284.5
41890,4936,55900,275.9
41900,4940,57400,283.6
41910,4936,56000,276.4
41920,4940,57500,284.1
41930,4940,56000,276.6
41940,4940,57400,283.6
41950,4936,55900,275.9
41960,4944,57500,284.3
41970,4904,159400,781.7
41980,4940,56800,280.6
41990,4940,56600,279.6
42000,4940,56900,281.1
42010,4940,56600,279.6
42020,4940,56800,280.6
42030,4940,57500,284.1
42040,4936,55900,275.9
42050,4940,57400,283.6
42060,4940,55800,275.7
42070,4940,57400,283.6
42080,4812,190400,916.2
42090,4940,57500,284.1
42100,4940,55800,275.7
42110,4940,57500,284.1
42120,4936,55900,275.9
42130,4940,57500,284.1
42140,4940,55800,275.7
42150,4940,57500,284.1
42160,4940,56600,279.6
42170,4940,56800,280.6
42180,4880,157000,766.2
42190,4940,56900,281.1
42200,4940,57400,283.6
42210,4940,56300,278.1
42220,4940,57500,284.1
42230,4940,55900,276.1
42240,4940,57500,284.1
42250,4940,56000,276.6
42260,4940,57400,283.6
42270,4940,55900,276.1
42280,4940,57500,284.1
42290,4812,141300,679.9
42300,4940,57400,283.6
42310,4936,55900,275.9
42320,4940,57500,284.1
42330,4940,56600,279.6
42340,4940,56800,280.6
42350,4940,56500,279.1
42360,4940,56900,281.1
42370,4940,56500,279.1
42380,4940,56900,281.1
42390,4940,57400,283.6
42400,4764,80400,383.0
42410,4940,57500,284.1
42420,4936,55900,275.9
42430,4940,57500,284.1
42440,4936,56000,276.4
42450,4940,57600,284.5
42460,4936,55900,275.9
42470,4940,57400,283.6
42480,4936,55900,275.9
42490,4940,57500,284.1
42500,4824,205600,991.8
42510,4940,57500,284.1
42520,4940,56500,279.1
42530,4940,56900,281.1
42540,4936,56500,278.9
42550,4940,56800,280.6
42560,4940,57500,284.1
42570,4940,56300,278.1
42580,4940,57500,284.1
42590,4936,55900,275.9
42600,4812,142600,686.2
42610,4940,56000,276.6
42620,4940,57500,284.1
42630,4936,55900,275.9
42640,4940,57500,284.1
42650,4940,55900,276.1
42660,4940,57400,283.6
42670,4936,55900,275.9
42680,4940,57500,284.1
42690,4940,56500,279.1
42700,4940,56800,280.6
42710,4724,130600,617.0
42720,4940,56800,280.6
42730,4940,56600,279.6
42740,4940,56900,281.1
42750,4940,57500,284.1
42760,4936,55900,275.9
42770,4940,57500,284.1
42780,4936,55900,275.9
42790,4940,57500,284.1
42800,4936,55900,275.9
42810,4940,57500,284.1
42820,4824,162600,784.4
42830,4940,57600,284.5
42840,4940,55900,276.1
42850,4940,57500,284.1
42860,4936,55900,275.9
42870,4940,57500,284.1
42880,4940,56500,279.1
42890,4940,56800,280.6
42900,4940,56600,279.6
42910,4940,56800,280.6
42920,4940,60200,297.4
42930,4940,56500,279.1
42940,4940,57500,284.1
42950,4936,55900,275.9
42960,4940,57500,284.1
42970,4936,55900,275.9
42980,4940,57500,284.1
42990,4940,55900,276.1
43001,4940,57500,284.1
43010,4940,55800,275.7
43020,4940,57500,284.1
43030,4816,139400,671.4
43040,4940,57500,284.1
43050,4940,56600,279.6
43060,4940,56900,281.1
43070,4940,56600,279.6
43080,4940,56900,281.1
43090,4940,56500,279.1
43100,4940,56900,281.1
43110,4940,57500,284.1
43120,4940,55900,276.1
43130,4816,144200,694.5
43140,4936,55800,275.4
43150,4940,57500,284.1
43160,4940,55900,276.1
43170,4940,57500,284.1
43180,4936,55900,275.9
43190,4940,57500,284.1
43200,4936,55900,275.9
43210,4940,57500,284.1
43220,4940,55900,276.1
43230,4940,57500,284.1
43240,4836,206100,996.7
43250,4940,56800,280.6
43260,4940,56600,279.6
43270,4940,56800,280.6
43280,4940,57200,282.6
43290,4940,56400,278.6
43300,4940,57500,284.1
43310,4940,55900,276.1
43320,4940,57500,284.1
43330,4936,55900,275.9
43340,4940,57500,284.1
43350,4940,55900,276.1
43360,4940,57500,284.1
43370,4940,56000,276.6
43380,4940,57500,284.1
43390,4940,55900,276.1
43400,4940,57500,284.1
43410,4936,56600,279.4
43420,4940,57000,281.6
43430,4936,56600,279.4
43440,4940,56900,281.1
43450,4796,180800,867.1
43460,4940,56900,281.1
43470,4940,57500,284.1
43480,4940,55900,276.1
43490,4940,57500,284.1
43500,4936,55900,275.9
43510,4940,57500,284.1
43520,4940,55900,276.1
43530,4940,57500,284.1
43540,4936,55800,275.4
43550,4768,160000,762.9
43560,4940,55900,276.1
43570,4940,57500,284.1
43580,4940,55900,276.1
43590,4940,57500,284.1
43600,4940,56500,279.1
43610,4940,56800,280.6
43620,4940,56500,279.1
43630,4940,56800,280.6
43640,4940,57200,282.6
43650,4816,197900,953.1
43660,4940,57400,283.6
43670,4940,55900,276.1
43680,4940,57600,284.5
43690,4940,55900,276.1
43700,4940,57500,284.1
43710,4940,55900,276.1
43720,4940,57500,284.1
43730,4936,55900,275.9
43740,4940,57500,284.1
43750,4920,155100,763.1
43760,4940,57500,284.1
43770,4936,56500,278.9
43780,4940,57100,282.1
43790,4940,56600,279.6
43800,4940,56900,281.1
43810,4940,56600,279.6
43820,4940,56800,280.6
43830,4940,57500,284.1
43840,4940,55800,275.7
43850,4940,60300,297.9
43860,4940,55900,276.1
43870,4940,57500,284.1
43880,4936,56000,276.4
43890,4940,57500,284.1
43900,4936,55900,275.9
43910,4940,57500,284.1
43920,4936,55900,275.9
43930,4940,57500,284.1
43940,4936,55900,275.9
43950,4940,57500,284.1
43960,4828,210900,1018.2
43970,4940,56900,281.1
43980,4940,56500,279.1
43990,4940,56800,280.6
44000,4940,57000,281.6
44010,4940,56600,279.6
44020,4940,57500,284.1
44030,4936,55900,275.9
44040,4940,57500,284.1
44050,4936,55900,275.9
44060,4940,57500,284.1
44070,4936,55900,275.9
44080,4940,57500,284.1
44090,4940,55900,276.1
44100,4940,57500,284.1
44110,4936,55900,275.9
44120,4940,57500,284.1
44130,4940,56500,279.1
44140,4940,57200,282.6
44150,4940,56500,279.1
44160,4940,56900,281.1
44170,4808,185900,893.8
44180,4940,56900,281.1
44190,4940,57500,284.1
44200,4936,55900,275.9
44210,4940,57400,283.6
44220,4940,55900,276.1
44230,4940,57500,284.1
44240,4940,55800,275.7
44250,4940,57500,284.1
44260,4940,55900,276.1
44270,4824,139200,671.5
44280,4940,55900,276.1
44290,4940,57500,284.1
44300,4936,55900,275.9
44310,4940,57500,284.1
44320,4940,56500,279.1
44330,4940,56900,281.1
44340,4940,56500,279.1
44350,4940,56900,281.1
44360,4940,57000,281.6
44370,4936,103900,512.9
44380,4940,57500,284.1
44390,4936,55900,275.9
44400,4940,57500,284.1
44410,4936,56000,276.4
44420,4940,57400,283.6
44430,4936,55800,275.4
44440,4940,57500,284.1
44450,4936,55900,275.9
44460,4940,57500,284.1
44470,4940,55900,276.1
44480,4824,139000,670.5
44490,4936,56400,278.4
44500,4940,57300,283.1
44510,4940,56600,279.6
44520,4940,56800,280.6
44530,4936,56600,279.4
44540,4940,56900,281.1
44550,4940,57500,284.1
44560,4936,55900,275.9
44570,4940,57400,283.6
44580,4940,55900,276.1
44590,4732,135500,641.2
44600,4936,55900,275.9
44610,4940,57500,284.1
44620,4940,55900,276.1
44630,4940,57400,283.6
44640,4936,55900,275.9
44650,4940,57500,284.1
44660,4936,55800,275.4
44670,4940,57500,284.1
44680,4936,56500,278.9
44690,4936,56800,280.4
44700,4828,215500,1040.4
44711,4940,56900,281.1
44720,4940,56900,281.1
44730,4940,56800,280.6
44740,4940,57400,283.6
44750,4936,55900,275.9
44760,4940,57500,284.1
44770,4936,55900,275.9
44780,4940,57500,284.1
44790,4940,55900,276.1
44800,4748,143700,682.3
44810,4940,55900,276.1
44820,4940,57500,284.1
44830,4936,55900,275.9
44840,4940,57500,284.1
44850,4936,56400,278.4
44860,4940,57300,283.1
44870,4940,56600,279.6
44880,4940,56900,281.1
44890,4940,56600,279.6
44900,4816,145000,698.3
44910,4940,57500,284.1
44920,4936,55900,275.9
44930,4940,57500,284.1
44940,4936,55900,275.9
44950,4940,57500,284.1
44960,4940,55900,276.1
44970,4940,57500,284.1
44980,4940,55800,275.7
44990,4940,57500,284.1
45000,4936,55900,275.9
45010,4752,138500,658.2
45020,4940,55900,276.1
45030,4940,57500,284.1
45040,4936,56600,279.4
45050,4940,56900,281.1
45060,4940,56500,279.1
45070,4940,56800,280.6
45080,4940,56800,280.6
45090,4940,56800,280.6
45100,4940,57500,284.1
45110,4936,55800,275.4
45120,4940,57500,284.1
45130,4940,55900,276.1
45140,4940,57400,283.6
45150,4936,55900,275.9
45160,4940,57500,284.1
45170,4940,55900,276.1
45180,4940,57500,284.1
45190,4940,55900,276.1
45200,4940,57500,284.1
45210,4936,58200,287.3
45220,4940,57500,284.1
45230,4940,56500,279.1
45240,4940,56900,281.1
45250,4940,56600,279.6
45260,4940,56800,280.6
45270,4936,57500,283.8
45280,4940,55900,276.1
45290,4940,57500,284.1
45300,4936,55900,275.9
45310,4940,57500,284.1
45320,4940,55800,275.7
45330,4940,57500,284.1
45340,4940,56000,276.6
45350,4940,57500,284.1
45360,4936,55900,275.9
45370,4936,57500,283.8
45380,4936,55900,275.9
45390,4940,57500,284.1
45400,4936,56500,278.9
45410,4940,56900,281.1
45420,4940,56500,279.1
45430,4700,120600,566.8
45440,4940,56700,280.1
45450,4940,56800,280.6
45460,4940,57500,284.1
45470,4936,55900,275.9
45480,4940,57500,284.1
45490,4936,55900,275.9
45500,4940,57500,284.1
45510,4940,55900,276.1
45520,4940,57500,284.1
45530,4816,141700,682.4
45540,4940,57500,284.1
45550,4940,55900,276.1
45560,4940,57600,284.5
45570,4936,56200,277.4
45580,4940,57400,283.6
45590,4940,56500,279.1
45600,4940,56900,281.1
45610,4940,56600,279.6
45620,4940,56800,280.6
45630,4940,57500,284.1
45640,4936,103300,509.9
45650,4940,57500,284.1
45660,4940,55900,276.1
45670,4940,57500,284.1
45680,4940,55900,276.1
45690,4940,57500,284.1
45700,4936,55900,275.9
45710,4940,57500,284.1
45720,4940,55900,276.1
45730,4940,57400,283.6
45740,4936,55900,275.9
45750,4712,142100,669.6
45760,4936,56500,278.9
45770,4940,56900,281.1
45780,4940,56600,279.6
45790,4940,56800,280.6
45800,4940,56700,280.1
45810,4940,56800,280.6
45820,4940,57500,284.1
45830,4940,55900,276.1
45840,4940,57500,284.1
45850,4936,121500,599.7
45860,4940,57500,284.1
45870,4936,55900,275.9
45880,4940,57500,284.1
45890,4936,55900,275.9
45900,4940,57500,284.1
45910,4940,55900,276.1
45920,4940,57500,284.1
45930,4940,56100,277.1
45940,4940,57500,284.1
45950,4940,56500,279.1
45960,4820,131100,631.9
45970,4940,56600,279.6
45980,4940,56800,280.6
45990,4940,57500,284.1
46000,4940,55900,276.1
46010,4940,57500,284.1
46020,4936,55900,275.9
46030,4940,57500,284.1
46040,4940,55900,276.1
46050,4940,57500,284.1
46060,4824,197600,953.2
46070,4940,57500,284.1
46080,4936,56000,276.4
46090,4940,57500,284.1
46100,4940,55900,276.1
46110,4940,57400,283.6
46120,4936,56500,278.9
46130,4940,56900,281.1
46140,4936,56600,279.4
46150,4940,56900,281.1
46160,4940,56600,279.6
46170,4772,156200,745.4
46180,4940,57500,284.1
46190,4940,55800,275.7
46200,4940,57500,284.1
46210,4940,55900,276.1
46220,4940,57500,284.1
46230,4940,56000,276.6
46240,4940,57400,283.6
46250,4936,55900,275.9
46260,4940,57500,284.1
46270,4936,55900,275.9
46280,4940,57600,284.5
46290,4940,56000,276.6
46300,4940,57600,284.5
46310,4940,56600,279.6
46320,4940,56900,281.1
46330,4936,56600,279.4
46340,4940,56900,281.1
46350,4940,57500,284.1
46360,4940,55900,276.1
46370,4940,57500,284.1
46380,4936,55900,275.9
46390,4940,57500,284.1
46400,4940,55900,276.1
46411,4940,57500,284.1
46420,4936,55900,275.9
46430,4940,57500,284.1
46440,4940,55900,276.1
46450,4940,57500,284.1
46460,4936,55800,275.4
46470,4940,57500,284.1
46480,4936,56500,278.9
46490,4940,56800,280.6
46500,4940,56600,279.6
46510,4940,56900,281.1
46520,4940,56600,279.6
46530,4940,56800,280.6
46540,4940,57500,284.1
46550,4936,55900,275.9
46560,4940,57400,283.6
46570,4940,55900,276.1
46580,4940,57500,284.1
46590,4940,55800,275.7
46600,4940,57500,284.1
46610,4940,55900,276.1
46620,4940,57600,284.5
46630,4936,55900,275.9
46640,4940,57400,283.6
46650,4936,56000,276.4
46660,4940,57500,284.1
46670,4940,56500,279.1
46680,4940,56800,280.6
46690,4940,56500,279.1
46700,4804,141900,681.7
46710,4940,57600,284.5
46720,4940,56000,276.6
46730,4940,57600,284.5
46740,4940,55900,276.1
46750,4940,57500,284.1
46760,4936,55800,275.4
46770,4940,57500,284.1
46780,4936,55900,275.9
46790,4940,57400,283.6
46800,4936,55900,275.9
46810,4832,138500,669.2
46820,4940,55900,276.1
46830,4940,57500,284.1
46840,4940,56500,279.1
46850,4940,56800,280.6
46860,4940,56500,279.1
46870,4940,56800,280.6
46880,4940,56600,279.6
46890,4940,56900,281.1
46900,4940,57500,284.1
46910,4828,162700,785.5
46920,4940,57500,284.1
46930,4940,55900,276.1
46940,4940,57500,284.1
46950,4936,55900,275.9
46960,4940,57600,284.5
46970,4936,55900,275.9
46980,4940,57500,284.1
46990,4936,55900,275.9
47000,4940,57500,284.1
47010,4920,152200,748.8
47020,4940,57500,284.1
47030,4940,56600,279.6
47040,4940,56800,280.6
47050,4940,56500,279.1
47060,4940,56800,280.6
47070,4940,57500,284.1
47080,4940,56000,276.6
47090,4940,57500,284.1
47100,4936,55900,275.9
47110,4940,57500,284.1
47120,4816,143300,690.1
47130,4940,57500,284.1
47140,4936,55900,275.9
47150,4940,57500,284.1
47160,4936,55800,275.4
47170,4940,57400,283.6
47180,4936,55900,275.9
47190,4940,57500,284.1
47200,4940,56500,279.1
47210,4940,56800,280.6
47220,4936,59000,291.2
47230,4940,56900,281.1
47240,4940,56600,279.6
47250,4940,56900,281.1
47260,4940,57500,284.1
47270,4940,55900,276.1
47280,4940,57500,284.1
47290,4936,55900,275.9
47300,4940,57600,284.5
47310,4940,55900,276.1
47320,4940,57500,284.1
47330,4800,64800,311.0
47340,4940,57500,284.1
47350,4940,55900,276.1
47360,4940,57500,284.1
47370,4936,55900,275.9
47380,4940,57500,284.1
47390,4940,56500,279.1
47400,4940,56900,281.1
47410,4940,56500,279.1
47420,4940,56900,281.1
47430,4816,144300,694.9
47440,4940,56200,277.6
47450,4940,57500,284.1
47460,4940,55900,276.1
47470,4940,57500,284.1
47480,4940,55900,276.1
47490,4940,57500,284.1
47500,4936,56000,276.4
47510,4940,57500,284.1
47520,4936,55900,275.9
47530,4940,57500,284.1
47540,4792,173600,831.9
47550,4940,57500,284.1
47560,4940,56600,279.6
47570,4940,56900,281.1
47580,4940,56600,279.6
47590,4940,56800,280.6
47600,4940,56500,279.1
47610,4940,56900,281.1
47620,4940,57500,284.1
47630,4940,55900,276.1
47640,4868,155100,755.0
47650,4940,56000,276.6
47660,4940,57500,284.1
47670,4936,55900,275.9
47680,4940,57600,284.5
47690,4936,55900,275.9
47700,4940,57500,284.1
47710,4940,55900,276.1
47720,4940,57500,284.1
47730,4940,55800,275.7
47740,4940,57500,284.1
47750,4828,206200,995.5
47760,4936,56800,280.4
47770,4940,56500,279.1
47780,4940,56900,281.1
47790,4940,57400,283.6
47800,4940,56200,277.6
47810,4940,57400,283.6
47820,4940,55900,276.1
47830,4940,57600,284.5
47840,4940,55900,276.1
47850,4940,57500,284.1
47860,4784,71500,342.1
47870,4940,57500,284.1
47880,4936,55900,275.9
47890,4940,57500,284.1
47900,4936,56000,276.4
47910,4940,57500,284.1
47920,4940,56600,279.6
47930,4940,56700,280.1
47940,4936,56500,278.9
47950,4940,56800,280.6
47960,4848,56500,273.9
47970,4936,56900,280.9
47980,4940,57500,284.1
47990,4936,55900,275.9
48000,4940,57500,284.1
48010,4940,55900,276.1
48020,4940,57500,284.1
48030,4940,55900,276.1
48040,4940,57500,284.1
48050,4936,55900,275.9
48060,4820,139900,674.3
48070,4936,55900,275.9
48080,4940,57600,284.5
48090,4936,55900,275.9
48100,4940,57500,284.1
48111,4940,56500,279.1
48120,4940,56900,281.1
48130,4940,56500,279.1
48140,4940,56900,281.1
48150,4936,57400,283.3
48160,4936,90600,447.2
48170,4940,57600,284.5
48180,4936,56000,276.4
48190,4940,57500,284.1
48200,4940,56000,276.6
48210,4940,57500,284.1
48220,4940,55900,276.1
48230,4940,57500,284.1
48240,4940,55800,275.7
48250,4940,57500,284.1
48260,4936,55900,275.9
48270,4744,138900,658.9
48280,4940,56600,279.6
48290,4940,56900,281.1
48300,4940,56600,279.6
48310,4940,56800,280.6
48320,4940,56600,279.6
48330,4940,56800,280.6
48340,4940,57500,284.1
48350,4936,55900,275.9
48360,4940,57500,284.1
48370,4812,196900,947.5
48380,4940,57500,284.1
48390,4940,55900,276.1
48400,4940,57500,284.1
48410,4936,55900,275.9
48420,4940,57600,284.5
48430,4936,55900,275.9
48440,4940,57500,284.1
48450,4940,55900,276.1
48460,4940,57500,284.1
48470,4820,139100,670.5
48480,4940,56800,280.6
48490,4936,56600,279.4
48500,4940,56800,280.6
48510,4940,57300,283.1
48520,4940,56500,279.1
48530,4940,57500,284.1
48540,4940,55900,276.1
48550,4940,57500,284.1
48560,4936,55900,275.9
48570,4848,59500,288.5
48580,4940,55900,276.1
48590,4940,57500,284.1
48600,4936,55900,275.9
48610,4940,57500,284.1
48620,4936,55900,275.9
48630,4940,57500,284.1
48640,4936,56700,279.9
48650,4940,56900,281.1
48660,4940,56500,279.1
48670,4936,76400,377.1
48680,4940,56600,279.6
48690,4940,56800,280.6
48700,4936,57500,283.8
48710,4936,55900,275.9
48720,4940,57500,284.1
48730,4936,55900,275.9
48740,4940,57500,284.1
48750,4940,55900,276.1
48760,4940,57500,284.1
48770,4936,55900,275.9
48780,4820,139300,671.4
48790,4940,55900,276.1
48800,4940,57500,284.1
48810,4940,55900,276.1
48820,4940,57500,284.1
48830,4940,56500,279.1
48840,4940,56800,280.6
48850,4936,56600,279.4
48860,4940,56800,280.6
48870,4940,57300,283.1
48880,4936,87800,433.4
48890,4940,57500,284.1
48900,4936,56000,276.4
48910,4940,57400,283.6
48920,4936,55900,275.9
48930,4940,57500,284.1
48940,4936,55900,275.9
48950,4940,57500,284.1
48960,4936,55900,275.9
48970,4940,57500,284.1
48980,4936,55900,275.9
48990,4832,134900,651.8
49000,4936,56600,279.4
49010,4940,57000,281.6
49020,4940,56500,279.1
49030,4940,56900,281.1
49040,4940,56500,279.1
49050,4940,56800,280.6
49060,4940,57500,284.1
49070,4940,55900,276.1
49080,4940,57500,284.1
49090,4936,104500,515.8
49100,4940,57500,284.1
49110,4940,55900,276.1
49120,4940,57500,284.1
49130,4940,55900,276.1
49140,4940,57500,284.1
49150,4936,55900,275.9
49160,4940,57500,284.1
49170,4936,56000,276.4
49180,4940,57500,284.1
49190,4940,56500,279.1
49200,4828,133800,646.0
49210,4940,56500,279.1
49220,4936,56800,280.4
49230,4940,57100,282.1
49240,4940,56600,279.6
49250,4940,57500,284.1
49260,4940,56000,276.6
49270,4940,57500,284.1
49280,4936,55800,275.4
49290,4940,57500,284.1
49300,4940,55900,276.1
49310,4836,136500,660.1
49320,4940,55900,276.1
49330,4940,57500,284.1
49340,4936,55900,275.9
49350,4940,57500,284.1
49360,4936,56600,279.4
49370,4940,57100,282.1
49380,4940,56600,279.6
49390,4940,56900,281.1
49400,4940,56600,279.6
49410,4812,138600,666.9
49420,4936,57400,283.3
49430,4940,56000,276.6
49440,4944,57600,284.8
49450,4940,55900,276.1
49460,4940,57500,284.1
49470,4936,55900,275.9
49480,4940,57500,284.1
49490,4940,55800,275.7
49500,4940,57500,284.1
49510,4936,138500,683.6
49520,4940,57600,284.5
49530,4936,55900,275.9
49540,4940,57400,283.6
49550,4940,56600,279.6
49560,4940,56900,281.1
49570,4940,56600,279.6
49580,4940,56900,281.1
49590,4936,57000,281.4
49600,4940,56700,280.1
49610,4940,57500,284.1
49620,4816,144000,693.5
49630,4940,57500,284.1
49640,4940,55900,276.1
49650,4940,57500,284.1
49660,4940,55900,276.1
49670,4940,57500,284.1
49680,4936,55900,275.9
49690,4940,57500,284.1
49700,4936,55900,275.9
49710,4940,57500,284.1
49720,4940,56500,279.1
49730,4820,167200,805.9
49740,4940,56600,279.6
49750,4940,56900,281.1
49760,4940,56500,279.1
49770,4940,56900,281.1
49780,4940,57400,283.6
49790,4936,55900,275.9
49800,4940,57500,284.1
49811,4936,55900,275.9
49820,4940,57600,284.5
49830,4936,55900,275.9
49840,4832,138300,668.3
49850,4940,55900,276.1
49860,4940,57500,284.1
49870,4936,55900,275.9
49880,4940,57500,284.1
49890,4940,55900,276.1
49900,4940,57500,284.1
49910,4940,56600,279.6
49920,4940,56900,281.1
49930,4940,56500,279.1
49940,4940,56900,281.1
49950,4936,57000,281.4
49960,4940,56800,280.6
49970,4940,57500,284.1
49980,4940,55900,276.1
49990,4940,57600,284.5
50000,4936,56000,276.4
50010,4944,57400,283.8
50020,4936,55900,275.9
50030,4940,57500,284.1
50040,4936,56000,276.4
50050,4940,57500,284.1
50060,4940,55800,275.7
50070,4940,57500,284.1
50080,4940,56400,278.6
50090,4940,57300,283.1
50100,4940,56500,279.1
50110,4940,56900,281.1
50120,4940,56600,279.6
50130,4940,56800,280.6
50140,4940,57500,284.1
50150,4816,144700,696.9
50160,4940,57500,284.1
50170,4936,55900,275.9
50180,4940,57500,284.1
50190,4940,55900,276.1
50200,4940,57500,284.1
50210,4936,55900,275.9
50220,4940,57500,284.1
50230,4940,55900,276.1
50240,4940,57400,283.6
50250,4936,55900,275.9
50260,4736,135000,639.4
50270,4940,56500,279.1
50280,4940,56900,281.1
50290,4940,56600,279.6
50300,4940,56900,281.1
50310,4940,56900,281.1
50320,4940,56900,281.1
50330,4940,57500,284.1
50340,4940,55900,276.1
50350,4940,57500,284.1
50360,4816,143300,690.1
50370,4940,57400,283.6
50380,4936,55900,275.9
50390,4940,57400,283.6
50400,4936,55900,275.9
50410,4940,57500,284.1
50420,4940,56000,276.6
50430,4940,57400,283.6
50440,4936,56400,278.4
50450,4940,57300,283.1
50460,4936,57600,284.3
50470,4940,56900,281.1
50480,4940,56600,279.6
50490,4940,56800,280.6
50500,4940,57500,284.1
50510,4936,55800,275.4
50520,4940,57500,284.1
50530,4936,55900,275.9
50540,4940,57500,284.1
50550,4936,55900,275.9
50560,4940,57500,284.1
50570,4828,189300,913.9
50580,4940,57500,284.1
50590,4936,56000,276.4
50600,4940,57500,284.1
50610,4936,55900,275.9
50620,4940,57600,284.5
50630,4936,56600,279.4
50640,4940,56900,281.1
50650,4940,56600,279.6
50660,4940,56800,280.6
50670,4740,139900,663.1
50680,4936,56800,280.4
50690,4940,57500,284.1
50700,4936,55900,275.9
50710,4940,57500,284.1
50720,4940,55900,276.1
50730,4940,57500,284.1
50740,4940,55900,276.1
50750,4940,57400,283.6
50760,4936,55800,275.4
50770,4940,57500,284.1
50780,4940,55900,276.1
50790,4940,57500,284.1
50800,4936,56200,277.4
50810,4940,57400,283.6
50820,4936,56600,279.4
50830,4940,56800,280.6
50840,4940,56600,279.6
50850,4940,56800,280.6
50860,4940,57400,283.6
50870,4940,55800,275.7
50880,4820,142300,685.9
50890,4940,56000,276.6
50900,4940,57500,284.1
50910,4936,55900,275.9
50920,4940,57500,284.1
50930,4940,55900,276.1
50940,4940,57500,284.1
50950,4940,55900,276.1
50960,4940,57500,284.1
50970,4936,56000,276.4
50980,4940,57400,283.6
50990,4808,56600,272.1
51000,4940,57000,281.6
51010,4940,56600,279.6
51020,4940,56900,281.1
51030,4940,56700,280.1
51040,4940,56800,280.6
51050,4940,57500,284.1
51060,4936,55900,275.9
51070,4940,57500,284.1
51080,4940,55900,276.1
51090,4868,60400,294.0
51100,4940,55900,276.1
51110,4940,57500,284.1
51120,4936,55900,275.9
51130,4940,57500,284.1
51140,4936,55900,275.9
51150,4940,57500,284.1
51160,4940,56200,277.6
51170,4940,57500,284.1
51180,4940,56500,279.1
51190,4940,56800,280.6
51200,4816,140900,678.6
51210,4940,56900,281.1
51220,4936,57500,283.8
51230,4940,55900,276.1
51240,4940,57500,284.1
51250,4936,55900,275.9
51260,4940,57500,284.1
51270,4936,56000,276.4
51280,4940,57500,284.1
51290,4940,55900,276.1
51300,4940,57500,284.1
51310,4824,204200,985.1
51320,4940,57500,284.1
51330,4940,55900,276.1
51340,4940,57500,284.1
51350,4940,56500,279.1
51360,4940,56900,281.1
51370,4940,56600,279.6
51380,4940,56800,280.6
51390,4940,56700,280.1
51400,4940,56900,281.1
51410,4904,160600,787.6
51420,4940,56000,276.6
51430,4940,57500,284.1
51440,4936,55900,275.9
51450,4940,57500,284.1
51460,4940,55900,276.1
51470,4940,57600,284.5
51480,4940,55900,276.1
51490,4940,57500,284.1
51500,4940,55900,276.1
51511,4940,60300,297.9
51520,4936,56100,276.9
51530,4940,57500,284.1
51540,4940,56600,279.6
51550,4940,56900,281.1
51560,4940,56600,279.6
51570,4940,57000,281.6
51580,4940,57500,284.1
51590,4940,55900,276.1
51600,4940,57500,284.1
51610,4936,55900,275.9
51620,4880,60400,294.8
51630,4940,55900,276.1
51640,4940,57500,284.1
51650,4940,55900,276.1
51660,4940,57500,284.1
51670,4940,56000,276.6
51680,4940,57400,283.6
51690,4940,55900,276.1
51700,4940,57500,284.1
51710,4940,56500,279.1
51720,4940,56800,280.6
51730,4940,56600,279.6
51740,4940,56900,281.1
51750,4940,56600,279.6
51760,4940,56800,280.6
51770,4940,57600,284.5
51780,4940,55800,275.7
51790,4940,57500,284.1
51800,4936,55900,275.9
51810,4940,57500,284.1
51820,4940,56000,276.6
51830,4732,143400,678.6
51840,4936,55900,275.9
51850,4940,57500,284.1
51860,4940,56000,276.6
51870,4940,57500,284.1
51880,4936,56100,276.9
51890,4940,57500,284.1
51900,4936,56500,278.9
51910,4940,56800,280.6
51920,4940,56600,279.6
51930,4940,56800,280.6
51940,4820,212200,1022.8
51950,4940,55900,276.1
51960,4940,57500,284.1
51970,4936,56000,276.4
51980,4940,57500,284.1
51990,4936,55900,275.9
52000,4940,57500,284.1
52010,4936,55900,275.9
52020,4940,57500,284.1
52030,4936,55900,275.9
52040,4940,57500,284.1
52050,4800,60000,288.0
52060,4940,57500,284.1
52070,4940,56600,279.6
52080,4940,56800,280.6
52090,4936,56600,279.4
52100,4940,56800,280.6
52110,4940,56600,279.6
52120,4940,56900,281.1
52130,4940,57500,284.1
52140,4936,55900,275.9
52150,4940,60300,297.9
52160,4936,55900,275.9
52170,4940,57500,284.1
52180,4936,55900,275.9
52190,4940,57500,284.1
52200,4940,55900,276.1
52210,4940,57500,284.1
52220,4936,55900,275.9
52230,4940,57500,284.1
52240,4936,56000,276.4
52250,4940,57500,284.1
52260,4772,170700,814.6
52270,4940,56900,281.1
52280,4940,56600,279.6
52290,4940,56900,281.1
52300,4936,57500,283.8
52310,4940,55900,276.1
52320,4940,57500,284.1
52330,4936,56000,276.4
52340,4940,57500,284.1
52350,4936,55900,275.9
52360,4772,139000,663.3
52370,4936,55900,275.9
52380,4940,57500,284.1
52390,4940,56000,276.6
52400,4940,57500,284.1
52410,4940,55900,276.1
52420,4940,57500,284.1
52430,4940,56500,279.1
52440,4940,56900,281.1
52450,4940,56600,279.6
52460,4796,142000,681.0
52470,4940,56600,279.6
52480,4940,56800,280.6
52490,4940,57500,284.1
52500,4936,55900,275.9
52510,4940,57500,284.1
52520,4936,56000,276.4
52530,4940,57500,284.1
52540,4940,55900,276.1
52550,4940,57400,283.6
52560,4940,55900,276.1
52570,4788,138800,664.6
52580,4936,55900,275.9
52590,4940,57500,284.1
52600,4940,56000,276.6
52610,4940,57400,283.6
52620,4936,56500,278.9
52630,4936,56800,280.4
52640,4940,56500,279.1
52650,4940,56800,280.6
52660,4940,57500,284.1
52670,4940,56000,276.6
52680,4940,57500,284.1
52690,4936,56000,276.4
52700,4940,57500,284.1
52710,4936,55900,275.9
52720,4940,57500,284.1
52730,4940,55900,276.1
52740,4940,57500,284.1
52750,4936,55900,275.9
52760,4940,57500,284.1
52770,4940,55900,276.1
52780,4792,143700,688.6
52790,4940,56600,279.6
52800,4940,56800,280.6
52810,4940,56500,279.1
52820,4940,56900,281.1
52830,4940,56500,279.1
52840,4940,56900,281.1
52850,4940,57500,284.1
52860,4936,55900,275.9
52870,4940,57500,284.1
52880,4940,55900,276.1
52890,4828,132400,639.2
52900,4936,55900,275.9
52910,4940,57500,284.1
52920,4940,56000,276.6
52930,4940,57500,284.1
52940,4936,56000,276.4
52950,4940,57500,284.1
52960,4936,55900,275.9
52970,4940,57500,284.1
52980,4940,56500,279.1
52990,4792,142100,680.9
53000,4940,56600,279.6
53010,4940,56900,281.1
53020,4940,57600,284.5
53030,4940,56000,276.6
53040,4940,57500,284.1
53050,4936,55900,275.9
53060,4940,57500,284.1
53070,4936,55900,275.9
53080,4940,57500,284.1
53090,4940,55900,276.1
53100,4940,57500,284.1
53110,4936,55900,275.9
53120,4940,57500,284.1
53130,4936,55900,275.9
53140,4940,57400,283.6
53150,4936,56600,279.4
53160,4940,56700,280.1
53170,4940,56500,279.1
53180,4940,56800,280.6
53190,4940,56500,279.1
53200,4780,140100,669.7
53210,4940,57500,284.1
53221,4940,55900,276.1
53230,4940,57500,284.1
53240,4940,55900,276.1
53250,4940,57500,284.1
53260,4940,55900,276.1
53270,4940,57500,284.1
53280,4940,55900,276.1
53290,4940,57500,284.1
53300,4824,128100,618.0
53310,4940,57600,284.5
53320,4940,55900,276.1
53330,4940,57500,284.1
53340,4940,56600,279.6
53350,4940,56900,281.1
53360,4940,56600,279.6
53370,4940,56900,281.1
53380,4936,57500,283.8
53390,4940,56000,276.6
53400,4732,133400,631.2
53410,4936,55900,275.9
53420,4940,57600,284.5
53430,4936,55900,275.9
53440,4940,57500,284.1
53450,4940,55900,276.1
53460,4940,57500,284.1
53470,4936,55900,275.9
53480,4940,57500,284.1
53490,4936,55900,275.9
53500,4940,57500,284.1
53510,4820,152600,735.5
53520,4940,56800,280.6
53530,4940,56600,279.6
53540,4940,56900,281.1
53550,4936,56500,278.9
53560,4940,56800,280.6
53570,4940,57500,284.1
53580,4936,55900,275.9
53590,4940,57600,284.5
53600,4940,56000,276.6
53610,4728,142300,672.8
53620,4940,56000,276.6
53630,4940,57500,284.1
53640,4936,55900,275.9
53650,4940,57500,284.1
53660,4936,55900,275.9
53670,4940,57500,284.1
53680,4940,55900,276.1
53690,4940,57500,284.1
53700,4936,56600,279.4
53710,4816,158400,762.9
53720,4940,56600,279.6
53730,4940,56800,280.6
53740,4940,57500,284.1
53750,4940,56200,277.6
53760,4940,57500,284.1
53770,4940,55900,276.1
53780,4940,57500,284.1
53790,4936,55900,275.9
53800,4940,57500,284.1
53810,4936,55900,275.9
53820,4896,187300,917.0
53830,4936,55900,275.9
53840,4940,57500,284.1
53850,4940,55900,276.1
53860,4940,57500,284.1
53870,4940,56600,279.6
53880,4940,56700,280.1
53890,4940,56500,279.1
53900,4940,56800,280.6
53910,4940,56500,279.1
53920,4940,56900,281.1
53930,4936,57500,283.8
53940,4936,55900,275.9
53950,4940,57500,284.1
53960,4936,55900,275.9
53970,4940,57600,284.5
53980,4936,55900,275.9
53990,4940,57600,284.5
54000,4940,55900,276.1
54010,4940,57500,284.1
54020,4936,55900,275.9
54030,4816,142900,688.2
54040,4936,55900,275.9
54050,4940,57500,284.1
54060,4936,56500,278.9
54070,4940,56900,281.1
54080,4936,56500,278.9
54090,4940,56900,281.1
54100,4940,57500,284.1
54110,4940,56200,277.6
54120,4940,57500,284.1
54130,4940,55900,276.1
54140,4820,151100,728.3
54150,4940,55900,276.1
54160,4940,57500,284.1
54170,4940,56000,276.6
54180,4940,57500,284.1
54190,4940,55900,276.1
54200,4940,57500,284.1
54210,4936,55900,275.9
54220,4940,57600,284.5
54230,4940,56600,279.6
54240,4940,56800,280.6
54250,4796,178800,857.5
54260,4936,56900,280.9
54270,4940,56600,279.6
54280,4940,56900,281.1
54290,4940,57600,284.5
54300,4940,55900,276.1
54310,4940,57500,284.1
54320,4940,55900,276.1
54330,4940,57500,284.1
54340,4940,55900,276.1
54350,4812,143100,688.6
54360,4940,55900,276.1
54370,4940,57500,284.1
54380,4940,55900,276.1
54390,4940,57500,284.1
54400,4936,55900,275.9
54410,4940,57500,284.1
54420,4940,56500,279.1
54430,4940,56800,280.6
54440,4936,56600,279.4
54450,4940,56800,280.6
54460,4820,206600,995.8
54470,4940,56400,278.6
54480,4940,57500,284.1
54490,4936,55900,275.9
54500,4940,57500,284.1
54510,4940,56000,276.6
54520,4940,57500,284.1
54530,4940,55900,276.1
54540,4940,57500,284.1
54550,4936,55900,275.9
54560,4820,140900,679.1
54570,4940,55900,276.1
54580,4940,57500,284.1
54590,4940,56700,280.1
54600,4940,56800,280.6
54610,4940,56600,279.6
54620,4940,56900,281.1
54630,4940,56600,279.6
54640,4940,56900,281.1
54650,4940,57500,284.1
54660,4816,190800,918.9
54670,4940,57500,284.1
54680,4940,55900,276.1
54690,4940,57500,284.1
54700,4940,56000,276.6
54710,4940,57500,284.1
54720,4940,55900,276.1
54730,4940,57500,284.1
54740,4940,56000,276.6
54750,4940,57500,284.1
54760,4816,143800,692.5
54770,4940,57500,284.1
54780,4936,56600,279.4
54790,4940,56900,281.1
54800,4940,56500,279.1
54810,4940,56900,281.1
54820,4940,57400,283.6
54830,4940,56400,278.6
54840,4940,57400,283.6
54850,4940,55800,275.7
54860,4812,142800,687.2
54870,4940,55900,276.1
54880,4940,57500,284.1
54890,4940,56000,276.6
54900,4940,57500,284.1
54910,4936,55900,275.9
54921,4940,57500,284.1
54930,4936,55900,275.9
54940,4940,57500,284.1
54950,4936,56600,279.4
54960,4940,56900,281.1
54970,4808,56600,272.1
54980,4940,56900,281.1
54990,4940,56600,279.6
55000,4940,56800,280.6
55010,4940,57500,284.1
55020,4940,56000,276.6
55030,4940,57500,284.1
55040,4940,55900,276.1
55050,4940,57500,284.1
55060,4940,55900,276.1
55070,4816,148600,715.7
55080,4936,55900,275.9
55090,4940,57500,284.1
55100,4936,55900,275.9
55110,4940,57500,284.1
55120,4936,55900,275.9
55130,4940,57500,284.1
55140,4940,56600,279.6
55150,4940,56800,280.6
55160,4940,56600,279.6
55170,4940,56900,281.1
55180,4816,204100,982.9
55190,4940,56500,279.1
55200,4940,57500,284.1
55210,4940,55900,276.1
55220,4940,57500,284.1
55230,4936,55900,275.9
55240,4940,57500,284.1
55250,4936,55900,275.9
55260,4940,57500,284.1
55270,4936,55900,275.9
55280,4940,57500,284.1
55290,4936,55900,275.9
55300,4940,57500,284.1
55310,4936,56500,278.9
55320,4940,57000,281.6
55330,4940,56600,279.6
55340,4940,56900,281.1
55350,4940,56600,279.6
55360,4940,56800,280.6
55370,4940,57500,284.1
55380,4936,55900,275.9
55390,4840,57500,278.3
55400,4940,55900,276.1
55410,4940,57500,284.1
55420,4940,55900,276.1
55430,4940,57500,284.1
55440,4936,55900,275.9
55450,4940,57500,284.1
55460,4940,55900,276.1
55470,4940,57500,284.1
55480,4940,55900,276.1
55490,4720,137200,647.6
55500,4936,56600,279.4
55510,4940,56900,281.1
55520,4940,56700,280.1
55530,4940,56800,280.6
55540,4936,57200,282.3
55550,4940,56500,279.1
55560,4940,57500,284.1
55570,4936,55900,275.9
55580,4940,57500,284.1
55590,4816,144100,694.0
55600,4940,57500,284.1
55610,4936,55900,275.9
55620,4940,57600,284.5
55630,4936,55900,275.9
55640,4940,57600,284.5
55650,4940,55900,276.1
55660,4940,57500,284.1
55670,4940,56600,279.6
55680,4940,57000,281.6
55690,4816,140900,678.6
55700,4940,56900,281.1
55710,4940,56600,279.6
55720,4940,56900,281.1
55730,4940,57500,284.1
55740,4940,56000,276.6
55750,4940,57500,284.1
55760,4940,55900,276.1
55770,4940,57500,284.1
55780,4940,55900,276.1
55790,4940,57500,284.1
55800,4824,163800,790.2
55810,4940,57500,284.1
55820,4940,55900,276.1
55830,4940,57500,284.1
55840,4936,55900,275.9
55850,4940,57500,284.1
55860,4940,56600,279.6
55870,4940,56900,281.1
55880,4936,56500,278.9
55890,4940,56900,281.1
55900,4940,57600,284.5
55910,4940,56700,280.1
55920,4940,57600,284.5
55930,4940,55900,276.1
55940,4940,57600,284.5
55950,4940,55900,276.1
55960,4940,57600,284.5
55970,4940,55900,276.1
55980,4940,57500,284.1
55990,4940,55900,276.1
56000,4940,57400,283.6
56010,4816,145000,698.3
56020,4944,57500,284.3
56030,4940,56600,279.6
56040,4940,57200,282.6
56050,4940,56500,279.1
56060,4940,56800,280.6
56070,4940,56500,279.1
56080,4940,56900,281.1
56090,4940,57600,284.5
56100,4940,55900,276.1
56110,4912,159400,783.0
56120,4940,56000,276.6
56130,4940,57500,284.1
56140,4936,55900,275.9
56150,4940,57500,284.1
56160,4940,55900,276.1
56170,4940,57500,284.1
56180,4936,55900,275.9
56190,4940,57600,284.5
56200,4940,55900,276.1
56210,4936,57600,284.3
56220,4940,56600,279.6
56230,4940,56900,281.1
56240,4940,56500,279.1
56250,4940,56900,281.1
56260,4940,57000,281.6
56270,4940,56700,280.1
56280,4940,57500,284.1
56290,4936,55900,275.9
56300,4940,57500,284.1
56310,4936,55900,275.9
56320,4940,57600,284.5
56330,4940,55900,276.1
56340,4940,57600,284.5
56350,4936,55900,275.9
56360,4940,57500,284.1
56370,4940,55900,276.1
56380,4940,57500,284.1
56390,4936,56500,278.9
56400,4940,57100,282.1
56410,4940,56600,279.6
56420,4796,142600,683.9
56430,4940,56600,279.6
56440,4940,56900,281.1
56450,4940,57500,284.1
56460,4936,55900,275.9
56470,4940,57600,284.5
56480,4936,55900,275.9
56490,4940,57500,284.1
56500,4940,55900,276.1
56510,4940,57500,284.1
56520,4940,56000,276.6
56530,4816,142600,686.8
56540,4940,56000,276.6
56550,4940,57500,284.1
56560,4940,55900,276.1
56570,4940,57500,284.1
56580,4940,56600,279.6
56590,4940,56900,281.1
56600,4940,56600,279.6
56610,4940,56900,281.1
56621,4940,57100,282.1
56630,4940,56700,280.1
56640,4824,196200,946.5
56650,4936,55900,275.9
56660,4940,57500,284.1
56670,4940,55900,276.1
56680,4940,57500,284.1
56690,4936,56000,276.4
56700,4940,57500,284.1
56710,4940,55900,276.1
56720,4940,57500,284.1
56730,4936,55900,275.9
56740,4784,176100,842.5
56750,4940,56400,278.6
56760,4940,57300,283.1
56770,4940,56600,279.6
56780,4940,56800,280.6
56790,4940,56600,279.6
56800,4940,56800,280.6
56810,4940,57500,284.1
56820,4936,55900,275.9
56830,4940,57500,284.1
56840,4800,141000,676.8
56850,4940,57500,284.1
56860,4936,55900,275.9
56870,4940,57500,284.1
56880,4940,55900,276.1
56890,4940,57600,284.5
56900,4936,55900,275.9
56910,4940,57500,284.1
56920,4936,55900,275.9
56930,4940,57500,284.1
56940,4940,56600,279.6
56950,4940,57000,281.6
56960,4940,56600,279.6
56970,4940,56900,281.1
56980,4940,56900,281.1
56990,4940,56800,280.6
57000,4940,57500,284.1
57010,4936,55900,275.9
57020,4944,57400,283.8
57030,4940,55900,276.1
57040,4940,57500,284.1
57050,4936,55900,275.9
57060,4940,57500,284.1
57070,4940,55900,276.1
57080,4940,57500,284.1
57090,4940,55900,276.1
57100,4940,57500,284.1
57110,4936,56400,278.4
57120,4940,57300,283.1
57130,4940,56600,279.6
57140,4940,56900,281.1
57150,4824,162200,782.5
57160,4940,56800,280.6
57170,4940,57500,284.1
57180,4940,55900,276.1
57190,4940,57500,284.1
57200,4940,55900,276.1
57210,4940,57500,284.1
57220,4940,55900,276.1
57230,4940,57500,284.1
57240,4936,55900,275.9
57250,4744,138500,657.0
57260,4936,55900,275.9
57270,4940,57600,284.5
57280,4936,55900,275.9
57290,4940,57600,284.5
57300,4940,56600,279.6
57310,4940,56900,281.1
57320,4940,56600,279.6
57330,4940,56800,280.6
57340,4936,56900,280.9
57350,4940,56700,280.1
57360,4824,189500,914.1
57370,4940,55900,276.1
57380,4940,57500,284.1
57390,4940,55900,276.1
57400,4940,57500,284.1
57410,4936,55900,275.9
57420,4940,57500,284.1
57430,4936,55900,275.9
57440,4940,57500,284.1
57450,4940,55900,276.1
57460,4940,57500,284.1
57470,4820,133600,644.0
57480,4940,57500,284.1
57490,4940,56600,279.6
57500,4940,56900,281.1
57510,4940,56600,279.6
57520,4940,56900,281.1
57530,4940,57500,284.1
57540,4940,55900,276.1
57550,4940,57500,284.1
57560,4936,55900,275.9
57570,4820,155000,747.1
57580,4940,55900,276.1
57590,4940,57600,284.5
57600,4936,55800,275.4
57610,4940,57500,284.1
57620,4940,56000,276.6
57630,4940,57500,284.1
57640,4936,55900,275.9
57650,4940,57500,284.1
57660,4936,56600,279.4
57670,4940,56900,281.1
57680,4824,208000,1003.4
57690,4940,56900,281.1
57700,4940,56700,280.1
57710,4940,56800,280.6
57720,4940,57500,284.1
57730,4936,55900,275.9
57740,4940,57500,284.1
57750,4936,55900,275.9
57760,4940,57500,284.1
57770,4936,55900,275.9
57780,4804,138700,666.3
57790,4940,56000,276.6
57800,4940,57500,284.1
57810,4940,55900,276.1
57820,4940,57500,284.1
57830,4940,56100,277.1
57840,4940,57500,284.1
57850,4940,56600,279.6
57860,4940,56900,281.1
57870,4940,56500,279.1
57880,4940,56800,280.6
57890,4824,203800,983.1
57900,4940,55900,276.1
57910,4940,57600,284.5
57920,4940,56000,276.6
57930,4940,57500,284.1
57940,4940,55900,276.1
57950,4940,57500,284.1
57960,4940,55900,276.1
57970,4940,57500,284.1
57980,4936,55900,275.9
57990,4816,144000,693.5
58000,4936,55900,275.9
58010,4940,57500,284.1
58020,4940,56500,279.1
58030,4940,56900,281.1
58040,4940,56600,279.6
58050,4940,56900,281.1
58060,4940,56700,280.1
58070,4940,56900,281.1
58080,4940,57400,283.6
58090,4792,141100,676.2
58100,4940,57500,284.1
58110,4940,55900,276.1
58120,4940,57500,284.1
58130,4940,56000,276.6
58140,4940,57500,284.1
58150,4940,55800,275.7
58160,4940,57500,284.1
58170,4940,55900,276.1
58180,4940,57500,284.1
58190,4936,122400,604.2
58200,4940,57500,284.1
58210,4940,56600,279.6
58220,4940,56900,281.1
58230,4940,56600,279.6
58240,4940,56900,281.1
58250,4940,57500,284.1
58260,4940,55900,276.1
58270,4940,57500,284.1
58280,4940,56000,276.6
58290,4940,57500,284.1
58300,4812,200500,964.8
58310,4940,57500,284.1
58321,4936,55900,275.9
58330,4940,57500,284.1
58340,4940,56000,276.6
58350,4940,57500,284.1
58360,4936,55900,275.9
58370,4940,57500,284.1
58380,4940,56500,279.1
58390,4940,56900,281.1
58400,4940,56600,279.6
58410,4828,138000,666.3
58420,4940,56600,279.6
58430,4940,56800,280.6
58440,4940,57600,284.5
58450,4936,55900,275.9
58460,4940,57400,283.6
58470,4936,55900,275.9
58480,4940,57500,284.1
58490,4940,56000,276.6
58500,4940,57500,284.1
58510,4816,144300,694.9
58520,4940,57500,284.1
58530,4940,55900,276.1
58540,4940,57600,284.5
58550,4940,56000,276.6
58560,4940,57500,284.1
58570,4940,56500,279.1
58580,4940,56800,280.6
58590,4936,56600,279.4
58600,4940,56800,280.6
58610,4940,57500,284.1
58620,4748,137600,653.3
58630,4940,57500,284.1
58640,4940,55900,276.1
58650,4940,57500,284.1
58660,4940,55900,276.1
58670,4940,57500,284.1
58680,4936,55900,275.9
58690,4940,57500,284.1
58700,4936,55900,275.9
58710,4940,57500,284.1
58720,4820,178800,861.8
58730,4940,57500,284.1
58740,4936,56600,279.4
58750,4940,56800,280.6
58760,4936,56500,278.9
58770,4940,56900,281.1
58780,4940,56600,279.6
58790,4940,56900,281.1
58800,4940,57500,284.1
58810,4940,55900,276.1
58820,4940,57500,284.1
58830,4940,55900,276.1
58840,4940,57600,284.5
58850,4936,55900,275.9
58860,4940,57500,284.1
58870,4940,55900,276.1
58880,4940,57500,284.1
58890,4940,55900,276.1
58900,4940,57500,284.1
58910,4936,56100,276.9
58920,4940,57500,284.1
58930,4820,139700,673.4
58940,4940,57000,281.6
58950,4940,56600,279.6
58960,4936,56900,280.9
58970,4940,57500,284.1
58980,4936,56000,276.4
58990,4940,57600,284.5
59000,4936,55900,275.9
59010,4940,57500,284.1
59020,4940,55900,276.1
59030,4820,142300,685.9
59040,4940,55900,276.1
59050,4940,57500,284.1
59060,4936,55900,275.9
59070,4944,57600,284.8
59080,4936,55900,275.9
59090,4940,57600,284.5
59100,4940,56500,279.1
59110,4940,56800,280.6
59120,4940,56600,279.6
59130,4940,56900,281.1
59140,4808,185300,890.9
59150,4940,56900,281.1
59160,4940,57500,284.1
59170,4940,55900,276.1
59180,4940,57500,284.1
59190,4940,55900,276.1
59200,4940,57500,284.1
59210,4936,55900,275.9
59220,4940,57500,284.1
59230,4940,55900,276.1
59240,4820,147300,710.0
59250,4936,55900,275.9
59260,4940,57500,284.1
59270,4936,55900,275.9
59280,4940,57500,284.1
59290,4940,56600,279.6
59300,4940,56800,280.6
59310,4940,56600,279.6
59320,4940,56900,281.1
59330,4940,57500,284.1
59340,4936,64200,316.9
59350,4940,57400,283.6
59360,4936,56000,276.4
59370,4940,57500,284.1
59380,4936,55900,275.9
59390,4940,57500,284.1
59400,4940,55900,276.1
59410,4940,57500,284.1
59420,4936,55900,275.9
59430,4940,57500,284.1
59440,4936,55900,275.9
59450,4804,143500,689.4
59460,4940,56600,279.6
59470,4940,56800,280.6
59480,4940,56500,279.1
59490,4940,56800,280.6
59500,4936,56600,279.4
59510,4940,56900,281.1
59520,4940,57500,284.1
59530,4936,56000,276.4
59540,4940,57500,284.1
59550,4936,73400,362.3
59560,4940,57500,284.1
59570,4936,56000,276.4
59580,4940,57400,283.6
59590,4940,55900,276.1
59600,4940,57500,284.1
59610,4936,55900,275.9
59620,4940,57500,284.1
59630,4940,56000,276.6
59640,4940,57500,284.1
59650,4940,56500,279.1
59660,4736,160300,759.2
59670,4940,56600,279.6
59680,4940,56800,280.6
59690,4940,57500,284.1
59700,4940,56100,277.1
59710,4940,57500,284.1
59720,4936,55900,275.9
59730,4940,57600,284.5
59740,4936,56000,276.4
59750,4940,57500,284.1
59760,4800,140900,676.3
59770,4940,57600,284.5
59780,4936,56000,276.4
59790,4940,57500,284.1
59800,4940,55900,276.1
59810,4940,57600,284.5
59820,4936,56600,279.4
59830,4940,56800,280.6
59840,4940,56600,279.6
59850,4936,56800,280.4
59860,4936,56600,279.4
59870,4816,145200,699.3
59880,4940,57600,284.5
59890,4940,56000,276.6
59900,4940,57500,284.1
59910,4936,55900,275.9
59920,4940,57500,284.1
59930,4936,55900,275.9
59940,4940,57500,284.1
59950,4936,56000,276.4
59960,4940,57500,284.1
59970,4808,141200,678.9
59980,4940,57500,284.1
59990,4940,55900,276.1
60000,4940,57500,284.1
60010,4940,56600,279.6
60021,4940,56900,281.1
60030,4936,56500,278.9
60040,4940,56900,281.1
60050,4940,57500,284.1
60060,4940,56100,277.1
60070,4940,57500,284.1
60080,4764,134100,638.9
60090,4940,57600,284.5
60100,4940,55900,276.1
60110,4940,57500,284.1
60120,4940,55900,276.1
60130,4940,57500,284.1
60140,4940,55900,276.1
60150,4940,57500,284.1
60160,4940,56000,276.6
60170,4940,57500,284.1
60180,4812,142700,686.7
60190,4940,56900,281.1
60200,4940,56600,279.6
60210,4940,56900,281.1
60220,4940,56600,279.6
60230,4940,56900,281.1
60240,4940,57600,284.5
60250,4940,56000,276.6
60260,4940,57500,284.1
60270,4940,55900,276.1
60280,4816,155400,748.4
60290,4936,56000,276.4
60300,4940,57500,284.1
60310,4936,55900,275.9
60320,4940,57500,284.1
60330,4936,55900,275.9
60340,4940,57500,284.1
60350,4936,55900,275.9
60360,4940,57600,284.5
60370,4940,56500,279.1
60380,4940,56800,280.6
60390,4940,56600,279.6
60400,4940,56900,281.1
60410,4940,57500,284.1
60420,4940,56200,277.6
60430,4940,57500,284.1
60440,4936,55900,275.9
60450,4940,57500,284.1
60460,4940,55900,276.1
60470,4940,57500,284.1
60480,4940,55900,276.1
60490,4812,143000,688.1
60500,4936,55900,275.9
60510,4940,57500,284.1
60520,4936,55900,275.9
60530,4940,57500,284.1
60540,4940,56600,279.6
60550,4940,56800,280.6
60560,4940,56600,279.6
60570,4940,56800,280.6
60580,4940,56600,279.6
60590,4816,144600,696.4
60600,4940,57500,284.1
60610,4936,55900,275.9
60620,4940,57500,284.1
60630,4940,55900,276.1
60640,4940,57500,284.1
60650,4936,55900,275.9
60660,4940,57500,284.1
60670,4936,55900,275.9
60680,4940,57500,284.1
60690,4936,55900,275.9
60700,4940,57500,284.1
60710,4936,55900,275.9
60720,4940,57500,284.1
60730,4940,56600,279.6
60740,4940,56800,280.6
60750,4940,56600,279.6
60760,4940,56900,281.1
60770,4940,57500,284.1
60780,4940,56200,277.6
60790,4940,57500,284.1
60800,4796,140500,673.8
60810,4940,57600,284.5
60820,4940,55900,276.1
60830,4940,57600,284.5
60840,4940,56000,276.6
60850,4940,57500,284.1
60860,4936,55900,275.9
60870,4940,57600,284.5
60880,4940,55900,276.1
60890,4940,57600,284.5
60900,4936,56500,278.9
60910,4728,139400,659.1
60920,4940,56600,279.6
60930,4940,56800,280.6
60940,4940,56600,279.6
60950,4940,56900,281.1
60960,4940,57500,284.1
60970,4936,55900,275.9
60980,4940,57500,284.1
60990,4940,56000,276.6
61000,4940,57500,284.1
61010,4936,55900,275.9
61020,4844,216300,1047.8
61030,4936,55900,275.9
61040,4940,57500,284.1
61050,4936,55900,275.9
61060,4940,57500,284.1
61070,4936,55900,275.9
61080,4940,57500,284.1
61090,4940,56600,279.6
61100,4940,56800,280.6
61110,4940,56600,279.6
61120,4820,135400,652.6
61130,4940,57400,283.6
61140,4940,56500,279.1
61150,4940,57500,284.1
61160,4940,55900,276.1
61170,4940,57400,283.6
61180,4936,55900,275.9
61190,4940,57500,284.1
61200,4936,55900,275.9
61210,4940,57500,284.1
61220,4940,55900,276.1
61230,4820,137300,661.8
61240,4936,56000,276.4
61250,4940,57500,284.1
61260,4940,56600,279.6
61270,4940,56800,280.6
61280,4940,56500,279.1
61290,4940,56800,280.6
61300,4940,56600,279.6
61310,4940,56900,281.1
61320,4940,57500,284.1
61330,4816,141200,680.0
61340,4940,57500,284.1
61350,4936,55900,275.9
61360,4940,57500,284.1
61370,4940,56000,276.6
61380,4940,57500,284.1
61390,4936,55900,275.9
61400,4940,57500,284.1
61410,4936,55900,275.9
61420,4940,57500,284.1
61430,4816,141500,681.5
61440,4940,57500,284.1
61450,4940,56600,279.6
61460,4940,56800,280.6
61470,4940,56600,279.6
61480,4940,56800,280.6
61490,4940,57400,283.6
61500,4940,56400,278.6
61510,4940,57500,284.1
61520,4940,55900,276.1
61530,4820,143200,690.2
61540,4940,55900,276.1
61550,4940,57400,283.6
61560,4936,55900,275.9
61570,4940,57500,284.1
61580,4940,55900,276.1
61590,4940,57500,284.1
61600,4936,55800,275.4
61610,4940,57500,284.1
61620,4940,56600,279.6
61630,4940,56900,281.1
61640,4828,130400,629.6
61650,4940,56900,281.1
61660,4940,56600,279.6
61670,4940,56900,281.1
61680,4940,57500,284.1
61690,4940,56000,276.6
61700,4940,57500,284.1
61710,4936,55900,275.9
61721,4940,57500,284.1
61730,4936,55900,275.9
61740,4908,60200,295.5
61750,4936,55900,275.9
61760,4940,57500,284.1
61770,4940,55900,276.1
61780,4940,57500,284.1
61790,4936,55900,275.9
61800,4940,57500,284.1
61810,4940,56600,279.6
61820,4940,56800,280.6
61830,4936,56600,279.4
61840,4940,56900,281.1
61850,4940,57200,282.6
61860,4940,56500,279.1
61870,4944,57500,284.3
61880,4940,55900,276.1
61890,4940,57500,284.1
61900,4936,55800,275.4
61910,4940,57500,284.1
61920,4940,56000,276.6
61930,4940,57500,284.1
61940,4940,55900,276.1
61950,4812,142900,687.6
61960,4940,55900,276.1
61970,4940,57500,284.1
61980,4940,56600,279.6
61990,4940,57100,282.1
62000,4940,56500,279.1
62010,4940,56800,280.6
62020,4940,56500,279.1
62030,4940,56800,280.6
62040,4940,57600,284.5
62050,4936,60700,299.6
62060,4940,57600,284.5
62070,4940,55900,276.1
62080,4940,57500,284.1
62090,4936,56000,276.4
62100,4940,57500,284.1
62110,4936,55900,275.9
62120,4940,57500,284.1
62130,4936,55900,275.9
62140,4940,57500,284.1
62150,4940,55900,276.1
62160,4816,142100,684.4
62170,4936,56600,279.4
62180,4940,56900,281.1
62190,4940,56600,279.6
62200,4940,56800,280.6
62210,4940,57100,282.1
62220,4940,56600,279.6
62230,4940,57500,284.1
62240,4936,55900,275.9
62250,4940,57600,284.5
62260,4816,143900,693.0
62270,4940,57600,284.5
62280,4940,55900,276.1
62290,4940,57500,284.1
62300,4940,55900,276.1
62310,4940,57500,284.1
62320,4940,55900,276.1
62330,4940,57500,284.1
62340,4940,56600,279.6
62350,4940,57100,282.1
62360,4816,140600,677.1
62370,4940,56800,280.6
62380,4940,56500,279.1
62390,4940,56900,281.1
62400,4936,57500,283.8
62410,4936,56000,276.4
62420,4940,57500,284.1
62430,4940,55900,276.1
62440,4940,57500,284.1
62450,4940,55900,276.1
62460,4940,57500,284.1
62470,4816,143800,692.5
62480,4940,57500,284.1
62490,4936,55900,275.9
62500,4940,57500,284.1
62510,4940,55900,276.1
62520,4940,57500,284.1
62530,4940,56600,279.6
62540,4940,56900,281.1
62550,4936,56500,278.9
62560,4940,56900,281.1
62570,4940,57100,282.1
62580,4712,149700,705.4
62590,4940,57500,284.1
62600,4940,56000,276.6
62610,4940,57600,284.5
62620,4940,55900,276.1
62630,4940,57500,284.1
62640,4940,55900,276.1
62650,4940,57500,284.1
62660,4940,55900,276.1
62670,4940,57500,284.1
62680,4940,55800,275.7
62690,4752,81900,389.2
62700,4936,56500,278.9
62710,4940,57300,283.1
62720,4940,56600,279.6
62730,4936,56900,280.9
62740,4940,56600,279.6
62750,4940,56800,280.6
62760,4940,57400,283.6
62770,4940,55900,276.1
62780,4940,57500,284.1
62790,4828,133400,644.1
62800,4940,57500,284.1
62810,4940,55900,276.1
62820,4940,57600,284.5
62830,4936,55900,275.9
62840,4940,57500,284.1
62850,4940,55900,276.1
62860,4940,57500,284.1
62870,4940,55900,276.1
62880,4940,57500,284.1
62890,4936,111400,549.9
62900,4940,56900,281.1
62910,4940,56600,279.6
62920,4940,56900,281.1
62930,4940,56900,281.1
62940,4936,56800,280.4
62950,4940,57500,284.1
62960,4940,55900,276.1
62970,4940,57500,284.1
62980,4936,55900,275.9
62990,4940,57500,284.1
63000,4712,131200,618.2
63010,4940,57500,284.1
63020,4940,55900,276.1
63030,4940,57500,284.1
63040,4940,55900,276.1
63050,4940,57500,284.1
63060,4936,56400,278.4
63070,4940,57400,283.6
63080,4940,56500,279.1
63090,4940,56900,281.1
63100,4820,143200,690.2
63110,4940,56900,281.1
63120,4940,57400,283.6
63130,4940,55900,276.1
63140,4940,57500,284.1
63150,4936,55800,275.4
63160,4940,57500,284.1
63170,4936,55900,275.9
63180,4940,57500,284.1
63190,4936,56000,276.4
63200,4940,57500,284.1
63210,4828,136200,657.6
63220,4940,57500,284.1
63230,4940,55900,276.1
63240,4940,57600,284.5
63250,4940,56500,279.1
63260,4940,56900,281.1
63270,4940,56600,279.6
63280,4940,56800,280.6
63290,4940,56800,280.6
63300,4940,56800,280.6
63310,4940,57500,284.1
63320,4936,55900,275.9
63330,4940,57500,284.1
63340,4936,56000,276.4
63350,4940,57500,284.1
63360,4936,55900,275.9
63370,4940,57500,284.1
63380,4940,55900,276.1
63390,4940,57500,284.1
63400,4936,55900,275.9
63410,4940,57500,284.1
63421,4772,137300,655.2
63430,4940,57500,284.1
63440,4936,56600,279.4
63450,4936,56900,280.9
63460,4940,56600,279.6
63470,4940,56900,281.1
63480,4940,57500,284.1
63490,4940,55800,275.7
63500,4940,57500,284.1
63510,4936,55800,275.4
63520,4940,57500,284.1
63530,4712,142500,671.5
63540,4940,57600,284.5
63550,4940,56000,276.6
63560,4940,57600,284.5
63570,4940,55900,276.1
63580,4940,57500,284.1
63590,4940,55900,276.1
63600,4940,57500,284.1
63610,4936,56500,278.9
63620,4940,56900,281.1
63630,4824,141100,680.7
63640,4940,56800,280.6
63650,4936,56600,279.4
63660,4940,56800,280.6
63670,4940,57500,284.1
63680,4936,55900,275.9
63690,4940,57500,284.1
63700,4940,55900,276.1
63710,4940,57500,284.1
63720,4940,55800,275.7
63730,4816,144600,696.4
63740,4940,55900,276.1
63750,4940,57500,284.1
63760,4936,55900,275.9
63770,4940,57500,284.1
63780,4940,56100,277.1
63790,4940,57500,284.1
63800,4940,56600,279.6
63810,4940,56800,280.6
63820,4940,56500,279.1
63830,4940,56900,281.1
63840,4820,140300,676.2
63850,4940,55900,276.1
63860,4940,57500,284.1
63870,4940,55900,276.1
63880,4940,57600,284.5
63890,4936,55900,275.9
63900,4940,57600,284.5
63910,4936,55900,275.9
63920,4940,57500,284.1
63930,4936,55900,275.9
63940,4732,135100,639.3
63950,4936,55900,275.9
63960,4940,57500,284.1
63970,4936,56600,279.4
63980,4940,56800,280.6
63990,4940,56500,279.1
64000,4940,56900,281.1
64010,4940,56600,279.6
64020,4940,56800,280.6
64030,4940,57500,284.1
64040,4936,56000,276.4
64050,4812,217000,1044.2
64060,4936,55900,275.9
64070,4940,57500,284.1
64080,4940,55900,276.1
64090,4940,57500,284.1
64100,4940,55900,276.1
64110,4940,57500,284.1
64120,4940,55900,276.1
64130,4940,57500,284.1
64140,4940,56000,276.6
64150,4940,57500,284.1
64160,4748,90700,430.6
64170,4940,56900,281.1
64180,4940,56600,279.6
64190,4940,56900,281.1
64200,4940,57500,284.1
64210,4940,56000,276.6
64220,4940,57500,284.1
64230,4940,55900,276.1
64240,4940,57500,284.1
64250,4936,55900,275.9
64260,4940,57500,284.1
64270,4712,131900,621.5
64280,4940,57500,284.1
64290,4936,55900,275.9
64300,4940,57500,284.1
64310,4936,56000,276.4
64320,4940,57500,284.1
64330,4936,56500,278.9
64340,4940,56800,280.6
64350,4940,56600,279.6
64360,4940,56900,281.1
64370,4816,146100,703.6
64380,4940,56900,281.1
64390,4940,57500,284.1
64400,4936,55900,275.9
64410,4940,57500,284.1
64420,4940,56000,276.6
64430,4940,57500,284.1
64440,4936,55900,275.9
64450,4940,57500,284.1
64460,4936,56000,276.4
64470,4940,57500,284.1
64480,4816,143900,693.0
64490,4940,57500,284.1
64500,4940,56000,276.6
64510,4940,57500,284.1
64520,4940,56600,279.6
64530,4940,56900,281.1
64540,4940,56600,279.6
64550,4940,56800,280.6
64560,4940,57500,284.1
64570,4940,55900,276.1
64580,4940,57500,284.1
64590,4816,142900,688.2
64600,4940,57500,284.1
64610,4936,55900,275.9
64620,4940,57600,284.5
64630,4936,55900,275.9
64640,4940,57500,284.1
64650,4940,55900,276.1
64660,4940,57400,283.6
64670,4940,55900,276.1
64680,4940,57500,284.1
64690,4936,56500,278.9
64700,4816,141800,682.9
64710,4936,56600,279.4
64720,4940,56900,281.1
64730,4940,56600,279.6
64740,4940,56900,281.1
64750,4940,57500,284.1
64760,4940,55900,276.1
64770,4940,57500,284.1
64780,4936,55900,275.9
64790,4940,57500,284.1
64800,4940,55900,276.1
64810,4824,211100,1018.3
64820,4936,55900,275.9
64830,4940,57500,284.1
64840,4940,55900,276.1
64850,4940,57500,284.1
64860,4936,55900,275.9
64870,4940,57500,284.1
64880,4940,56600,279.6
64890,4940,56900,281.1
64900,4940,56500,279.1
64910,4792,136200,652.7
64920,4936,57500,283.8
64930,4940,56200,277.6
64940,4940,57500,284.1
64950,4936,55900,275.9
64960,4940,57600,284.5
64970,4940,55900,276.1
64980,4940,57500,284.1
64990,4940,56000,276.6
65000,4940,57500,284.1
65010,4816,144100,694.0
65020,4940,57500,284.1
65030,4936,55900,275.9
65040,4940,57600,284.5
65050,4936,56600,279.4
65060,4940,56800,280.6
65070,4940,56600,279.6
65080,4940,56800,280.6
65090,4940,56600,279.6
65100,4940,56800,280.6
65110,4940,57600,284.5
65121,4720,132000,623.0
65130,4940,57500,284.1
65140,4936,56000,276.4
65150,4940,57600,284.5
65160,4936,55900,275.9
65170,4940,57500,284.1
65180,4936,55900,275.9
65190,4940,57500,284.1
65200,4940,55900,276.1
65210,4940,57500,284.1
65220,4940,55900,276.1
65230,4932,57500,283.6
65240,4940,56600,279.6
65250,4940,56800,280.6
65260,4940,56500,279.1
65270,4940,56900,281.1
65280,4940,57500,284.1
65290,4940,56100,277.1
65300,4940,63800,315.2
65310,4936,55900,275.9
65320,4940,57500,284.1
65330,4940,55900,276.1
65340,4940,57500,284.1
65350,4940,55900,276.1
65360,4940,57500,284.1
65370,4940,56000,276.6
65380,4940,57600,284.5
65390,4936,55900,275.9
65400,4940,57500,284.1
65410,4936,56500,278.9
65420,4940,56800,280.6
65430,4748,92900,441.1
65440,4940,56900,281.1
65450,4940,56600,279.6
65460,4940,56900,281.1
65470,4940,57500,284.1
65480,4936,55900,275.9
65490,4940,57500,284.1
65500,4936,55900,275.9
65510,4940,57500,284.1
65520,4940,55900,276.1
65530,4828,136200,657.6
65540,4936,55900,275.9
65550,4940,57500,284.1
65560,4940,55900,276.1
65570,4940,57500,284.1
65580,4940,55900,276.1
65590,4940,57500,284.1
65600,4940,56500,279.1
65610,4940,56800,280.6
65620,4940,56600,279.6
65630,4940,56800,280.6
65640,4784,72800,348.3
65650,4940,56400,278.6
65660,4940,57600,284.5
65670,4940,55900,276.1
65680,4940,57400,283.6
65690,4940,55800,275.7
65700,4940,57500,284.1
65710,4936,55900,275.9
65720,4940,57500,284.1
65730,4940,56000,276.6
65740,4820,141600,682.5
65750,4936,56000,276.4
65760,4940,57500,284.1
65770,4936,56600,279.4
65780,4940,56900,281.1
65790,4940,56600,279.6
65800,4940,56900,281.1
65810,4940,56600,279.6
65820,4940,56900,281.1
65830,4940,57500,284.1
65840,4792,140700,674.2
65850,4940,57500,284.1
65860,4936,55900,275.9
65870,4940,57500,284.1
65880,4936,55900,275.9
65890,4940,57500,284.1
65900,4940,55900,276.1
65910,4940,57600,284.5
65920,4940,55900,276.1
65930,4940,57600,284.5
65940,4940,55900,276.1
65950,4812,142300,684.7
65960,4940,56700,280.1
65970,4940,56800,280.6
65980,4940,56600,279.6
65990,4940,56900,281.1
66000,4940,57300,283.1
66010,4940,56400,278.6
66020,4940,57500,284.1
66030,4936,55900,275.9
66040,4940,57500,284.1
66050,4816,144700,696.9
66060,4940,57600,284.5
66070,4940,55900,276.1
66080,4940,57500,284.1
66090,4936,55900,275.9
66100,4940,57500,284.1
66110,4936,55900,275.9
66120,4940,57500,284.1
66130,4936,56600,279.4
66140,4940,56800,280.6
66150,4940,56500,279.1
66160,4764,137900,657.0
66170,4940,56600,279.6
66180,4940,56900,281.1
66190,4940,57500,284.1
66200,4936,55900,275.9
66210,4940,57500,284.1
66220,4936,55900,275.9
66230,4940,57500,284.1
66240,4940,55900,276.1
66250,4940,57500,284.1
66260,4936,55900,275.9
66270,4764,159500,759.9
66280,4940,56000,276.6
66290,4940,57500,284.1
66300,4936,55900,275.9
66310,4940,57500,284.1
66320,4940,56600,279.6
66330,4940,56800,280.6
66340,4936,56600,279.4
66350,4940,56900,281.1
66360,4940,57300,283.1
66370,4936,56500,278.9
66380,4940,57500,284.1
66390,4936,56000,276.4
66400,4940,57500,284.1
66410,4936,56000,276.4
66420,4940,57500,284.1
66430,4940,55900,276.1
66440,4940,57500,284.1
66450,4940,55900,276.1
66460,4940,57600,284.5
66470,4936,55900,275.9
66480,4916,57500,282.7
66490,4940,56700,280.1
66500,4940,57000,281.6
66510,4940,56500,279.1
66520,4940,56900,281.1
66530,4940,56600,279.6
66540,4940,56800,280.6
66550,4940,57500,284.1
66560,4940,55900,276.1
66570,4940,57400,283.6
66580,4720,172800,815.6
66590,4940,57500,284.1
66600,4936,55900,275.9
66610,4940,57500,284.1
66620,4940,55900,276.1
66630,4940,57500,284.1
66640,4940,56000,276.6
66650,4940,57500,284.1
66660,4940,55900,276.1
66670,4940,57400,283.6
66680,4832,134100,648.0
66690,4936,56900,280.9
66700,4940,56600,279.6
66710,4940,56800,280.6
66720,4940,57100,282.1
66730,4940,56600,279.6
66740,4940,57500,284.1
66750,4936,55800,275.4
66760,4940,57500,284.1
66770,4936,55900,275.9
66780,4940,57500,284.1
66790,4708,140200,660.1
66800,4940,57500,284.1
66810,4940,55900,276.1
66821,4940,57500,284.1
66830,4936,55900,275.9
66840,4940,57500,284.1
66850,4940,56500,279.1
66860,4940,57000,281.6
66870,4940,56600,279.6
66880,4940,56900,281.1
66890,4824,134300,647.9
66900,4940,56800,280.6
66910,4940,57500,284.1
66920,4940,55900,276.1
66930,4940,57500,284.1
66940,4936,55900,275.9
66950,4940,57500,284.1
66960,4940,55900,276.1
66970,4940,57500,284.1
66980,4936,55900,275.9
66990,4812,144300,694.4
67000,4940,55900,276.1
67010,4940,57500,284.1
67020,4936,55900,275.9
67030,4940,57500,284.1
67040,4940,56600,279.6
67050,4936,56800,280.4
67060,4940,56600,279.6
67070,4940,56800,280.6
67080,4940,57200,282.6
67090,4940,56600,279.6
67100,4940,57500,284.1
67110,4936,56000,276.4
67120,4940,57500,284.1
67130,4936,55900,275.9
67140,4940,57500,284.1
67150,4936,55900,275.9
67160,4940,57600,284.5
67170,4936,55900,275.9
67180,4940,57500,284.1
67190,4940,56000,276.6
67200,4820,142500,686.9
67210,4936,56500,278.9
67220,4940,57200,282.6
67230,4940,56600,279.6
67240,4940,56800,280.6
67250,4940,56500,279.1
67260,4936,56900,280.9
67270,4940,57400,283.6
67280,4940,56000,276.6
67290,4940,57500,284.1
67300,4940,55900,276.1
67310,4828,203200,981.0
67320,4940,55900,276.1
67330,4940,57500,284.1
67340,4940,55900,276.1
67350,4940,57500,284.1
67360,4940,56000,276.6
67370,4940,57500,284.1
67380,4936,55900,275.9
67390,4940,57500,284.1
67400,4940,56600,279.6
67410,4740,138100,654.6
67420,4940,56600,279.6
67430,4940,56900,281.1
67440,4940,56900,281.1
67450,4940,56800,280.6
67460,4940,57500,284.1
67470,4936,55900,275.9
67480,4940,57500,284.1
67490,4936,55900,275.9
67500,4940,57500,284.1
67510,4816,165000,794.6
67520,4940,57500,284.1
67530,4936,56000,276.4
67540,4940,57500,284.1
67550,4936,55900,275.9
67560,4940,57500,284.1
67570,4936,56400,278.4
67580,4940,57200,282.6
67590,4940,56600,279.6
67600,4940,56800,280.6
67610,4940,56600,279.6
67620,4768,178900,853.0
67630,4940,57500,284.1
67640,4940,55900,276.1
67650,4940,57500,284.1
67660,4936,56000,276.4
67670,4940,57500,284.1
67680,4936,55900,275.9
67690,4940,57500,284.1
67700,4936,55900,275.9
67710,4940,57500,284.1
67720,4804,137600,661.0
67730,4940,57500,284.1
67740,4940,55900,276.1
67750,4940,57500,284.1
67760,4936,56600,279.4
67770,4940,56900,281.1
67780,4940,56500,279.1
67790,4940,56900,281.1
67800,4940,56900,281.1
67810,4940,56700,280.1
67820,4940,57500,284.1
67830,4728,155600,735.7
67840,4940,57500,284.1
67850,4936,55900,275.9
67860,4940,57500,284.1
67870,4940,55900,276.1
67880,4940,57500,284.1
67890,4940,55900,276.1
67900,4940,57500,284.1
67910,4940,55900,276.1
67920,4940,57400,283.6
67930,4812,146400,704.5
67940,4940,57400,283.6
67950,4940,56500,279.1
67960,4940,56900,281.1
67970,4940,56600,279.6
67980,4940,56800,280.6
67990,4940,57500,284.1
68000,4940,55800,275.7
68010,4940,57600,284.5
68020,4936,55900,275.9
68030,4940,57500,284.1
68040,4816,154700,745.0
68050,4940,57500,284.1
68060,4940,56000,276.6
68070,4940,57500,284.1
68080,4936,55900,275.9
68090,4940,57500,284.1
68100,4940,55900,276.1
68110,4940,57500,284.1
68120,4936,56500,278.9
68130,4940,56900,281.1
68140,4816,199700,961.8
68150,4940,56800,280.6
68160,4940,56800,280.6
68170,4940,56800,280.6
68180,4940,57500,284.1
68190,4936,55900,275.9
68200,4940,57500,284.1
68210,4936,55900,275.9
68220,4940,57500,284.1
68230,4940,55900,276.1
68240,4940,57500,284.1
68250,4712,138900,654.5
68260,4940,57600,284.5
68270,4940,55900,276.1
68280,4940,57500,284.1
68290,4940,56300,278.1
68300,4940,57400,283.6
68310,4940,56600,279.6
68320,4940,56800,280.6
68330,4936,56500,278.9
68340,4940,56900,281.1
68350,4816,145800,702.2
68360,4940,55900,276.1
68370,4940,57500,284.1
68380,4936,55900,275.9
68390,4940,57500,284.1
68400,4940,55900,276.1
68410,4940,57500,284.1
68420,4940,55900,276.1
68430,4940,57500,284.1
68440,4940,55900,276.1
68450,4940,57500,284.1
68460,4936,55900,275.9
68470,4940,57600,284.5
68480,4940,56500,279.1
68490,4940,56900,281.1
68500,4940,56500,279.1
68510,4940,56900,281.1
68521,4940,56800,280.6
68530,4940,56800,280.6
68540,4940,57400,283.6
68550,4936,55800,275.4
68560,4820,142500,686.9
68570,4940,55900,276.1
68580,4940,57500,284.1
68590,4936,55900,275.9
68600,4940,57500,284.1
68610,4936,55900,275.9
68620,4940,57500,284.1
68630,4936,55900,275.9
68640,4940,57500,284.1
68650,4936,56200,277.4
68660,4940,57500,284.1
68670,4816,144300,694.9
68680,4940,56900,281.1
68690,4940,56500,279.1
68700,4940,56900,281.1
68710,4940,57500,284.1
68720,4940,55800,275.7
68730,4940,57400,283.6
68740,4936,55900,275.9
68750,4940,57500,284.1
68760,4936,55900,275.9
68770,4940,57500,284.1
68780,4708,142700,671.8
68790,4940,57500,284.1
68800,4936,55900,275.9
68810,4940,57600,284.5
68820,4936,55900,275.9
68830,4940,57500,284.1
68840,4936,56600,279.4
68850,4940,56800,280.6
68860,4940,56600,279.6
68870,4940,56800,280.6
68880,4812,142000,683.3
68890,4940,56800,280.6
68900,4940,57400,283.6
68910,4940,55900,276.1
68920,4940,57500,284.1
68930,4936,55900,275.9
68940,4940,57500,284.1
68950,4940,55900,276.1
68960,4940,57500,284.1
68970,4940,55900,276.1
68980,4940,60500,298.9
68990,4940,55900,276.1
69000,4940,57500,284.1
69010,4940,56100,277.1
69020,4940,57500,284.1
69030,4940,56500,279.1
69040,4940,56900,281.1
69050,4940,56600,279.6
69060,4940,56800,280.6
69070,4940,57500,284.1
69080,4940,55900,276.1
69090,4828,155200,749.3
69100,4936,55900,275.9
69110,4940,57500,284.1
69120,4940,55900,276.1
69130,4940,57500,284.1
69140,4940,56000,276.6
69150,4940,57500,284.1
69160,4936,56000,276.4
69170,4940,57500,284.1
69180,4936,55900,275.9
69190,4824,139900,674.9
69200,4940,56600,279.6
69210,4940,56900,281.1
69220,4940,56600,279.6
69230,4940,56900,281.1
69240,4940,56600,279.6
69250,4940,56900,281.1
69260,4940,57600,284.5
69270,4936,55800,275.4
69280,4940,57500,284.1
69290,4932,56900,280.6
69300,4940,57500,284.1
69310,4936,56000,276.4
69320,4940,57500,284.1
69330,4936,55900,275.9
69340,4940,57500,284.1
69350,4940,55900,276.1
69360,4940,57500,284.1
69370,4936,56100,276.9
69380,4940,57500,284.1
69390,4940,56500,279.1
69400,4820,206200,993.9
69410,4940,56600,279.6
69420,4940,56800,280.6
69430,4940,57500,284.1
69440,4936,55900,275.9
69450,4940,57500,284.1
69460,4940,55900,276.1
69470,4940,57500,284.1
69480,4936,55900,275.9
69490,4940,57500,284.1
69500,4932,63500,313.2
69510,4940,57500,284.1
69520,4936,55900,275.9
69530,4940,57500,284.1
69540,4940,55800,275.7
69550,4940,57500,284.1
69560,4936,56500,278.9
69570,4940,56800,280.6
69580,4940,56500,279.1
69590,4940,56900,281.1
69600,4940,56600,279.6
69610,4816,141800,682.9
69620,4940,57500,284.1
69630,4936,55900,275.9
69640,4940,57500,284.1
69650,4940,55800,275.7
69660,4940,57500,284.1
69670,4936,55800,275.4
69680,4940,57500,284.1
69690,4940,55900,276.1
69700,4940,57400,283.6
69710,4936,55900,275.9
69720,4828,213700,1031.7
69730,4940,55900,276.1
69740,4940,57500,284.1
69750,4940,56500,279.1
69760,4940,56700,280.1
69770,4940,56600,279.6
69780,4940,56900,281.1
69790,4940,57500,284.1
69800,4940,55800,275.7
69810,4940,57500,284.1
69820,4816,140900,678.6
69830,4940,57500,284.1
69840,4940,55900,276.1
69850,4940,57500,284.1
69860,4940,55900,276.1
69870,4940,57500,284.1
69880,4936,55900,275.9
69890,4940,57500,284.1
69900,4936,55900,275.9
69910,4940,57500,284.1
69920,4932,83100,409.8
69930,4940,56800,280.6
69940,4940,56600,279.6
69950,4940,56900,281.1
69960,4940,56600,279.6
69970,4940,56800,280.6
69980,4940,57500,284.1
69990,4936,55900,275.9
70000,4940,57500,284.1
70010,4936,55900,275.9
70020,4936,59700,294.7
70030,4936,55900,275.9
70040,4940,57500,284.1
70050,4936,55900,275.9
70060,4940,57500,284.1
70070,4940,55900,276.1
70080,4940,57500,284.1
70090,4940,55900,276.1
70100,4940,57400,283.6
70110,4940,56600,279.6
70120,4940,56800,280.6
70130,4816,141400,681.0
70140,4940,56900,281.1
70150,4940,57600,284.5
70160,4940,56100,277.1
70170,4940,57500,284.1
70180,4936,56000,276.4
70190,4940,57500,284.1
70200,4940,55900,276.1
70210,4940,57500,284.1
70220,4940,55900,276.1
70231,4940,57500,284.1
70240,4792,140900,675.2
70250,4940,57500,284.1
70260,4940,55900,276.1
70270,4940,57600,284.5
70280,4936,56600,279.4
70290,4940,56800,280.6
70300,4940,56500,279.1
70310,4940,56900,281.1
70320,4940,56600,279.6
70330,4940,56800,280.6
70340,4940,57600,284.5
70350,4784,139000,665.0
70360,4940,57500,284.1
70370,4940,55900,276.1
70380,4940,57400,283.6
70390,4940,55900,276.1
70400,4940,57500,284.1
70410,4936,55900,275.9
70420,4940,57500,284.1
70430,4936,55900,275.9
70440,4940,57500,284.1
70450,4800,140000,672.0
70460,4940,57500,284.1
70470,4940,56500,279.1
70480,4940,56800,280.6
70490,4936,56600,279.4
70500,4940,56900,281.1
70510,4936,57500,283.8
70520,4940,56100,277.1
70530,4940,57600,284.5
70540,4936,55900,275.9
70550,4940,57500,284.1
70560,4716,148800,701.7
70570,4940,57500,284.1
70580,4936,55900,275.9
70590,4940,57500,284.1
70600,4936,55900,275.9
70610,4940,57500,284.1
70620,4936,55800,275.4
70630,4940,57500,284.1
70640,4936,56600,279.4
70650,4940,56800,280.6
70660,4820,149300,719.6
70670,4940,56900,281.1
70680,4940,56600,279.6
70690,4940,56800,280.6
70700,4940,57500,284.1
70710,4936,55900,275.9
70720,4940,57500,284.1
70730,4940,55900,276.1
70740,4940,57500,284.1
70750,4940,55800,275.7
70760,4940,57500,284.1
70770,4704,143600,675.5
70780,4940,57500,284.1
70790,4936,55900,275.9
70800,4940,57500,284.1
70810,4940,55900,276.1
70820,4940,57500,284.1
70830,4940,56600,279.6
70840,4940,56800,280.6
70850,4940,56500,279.1
70860,4940,56900,281.1
70870,4816,198400,955.5
70880,4940,56200,277.6
70890,4940,57500,284.1
70900,4940,55900,276.1
70910,4940,57600,284.5
70920,4936,55800,275.4
70930,4940,57500,284.1
70940,4940,56000,276.6
70950,4940,57500,284.1
70960,4936,55800,275.4
70970,4940,57500,284.1
70980,4940,55900,276.1
70990,4940,57500,284.1
71000,4940,56500,279.1
71010,4940,56900,281.1
71020,4936,56600,279.4
71030,4940,56900,281.1
71040,4940,56500,279.1
71050,4940,56800,280.6
71060,4940,57500,284.1
71070,4936,55900,275.9
71080,4820,142200,685.4
71090,4936,55900,275.9
71100,4940,57600,284.5
71110,4940,55900,276.1
71120,4940,57500,284.1
71130,4936,55900,275.9
71140,4940,57500,284.1
71150,4936,55800,275.4
71160,4940,57500,284.1
71170,4940,55900,276.1
71180,4940,57500,284.1
71190,4704,119000,559.8
71200,4940,56900,281.1
71210,4940,56600,279.6
71220,4940,56800,280.6
71230,4940,57400,283.6
71240,4940,56300,278.1
71250,4940,57500,284.1
71260,4936,55900,275.9
71270,4940,57500,284.1
71280,4940,55900,276.1
71290,4908,160800,789.2
71300,4940,55900,276.1
71310,4940,57500,284.1
71320,4936,55900,275.9
71330,4940,57500,284.1
71340,4936,55900,275.9
71350,4940,57500,284.1
71360,4936,56600,279.4
71370,4940,56900,281.1
71380,4940,56500,279.1
71390,4940,56800,280.6
71400,4728,101800,481.3
71410,4940,56900,281.1
71420,4940,57500,284.1
71430,4936,55900,275.9
71440,4940,57500,284.1
71450,4936,55800,275.4
71460,4940,57500,284.1
71470,4940,55900,276.1
71480,4940,57400,283.6
71490,4936,56000,276.4
71500,4812,187600,902.7
71510,4936,56000,276.4
71520,4940,57500,284.1
71530,4940,56000,276.6
71540,4940,57600,284.5
71550,4940,56600,279.6
71560,4940,56800,280.6
71570,4940,56500,279.1
71580,4940,56900,281.1
71590,4940,57400,283.6
71600,4940,59100,292.0
71610,4940,57500,284.1
71620,4936,55900,275.9
71630,4940,57500,284.1
71640,4936,55900,275.9
71650,4940,57500,284.1
71660,4936,55900,275.9
71670,4940,57500,284.1
71680,4936,55900,275.9
71690,4940,57500,284.1
71700,4936,55900,275.9
71710,4864,155400,755.9
71720,4940,56600,279.6
71730,4940,57000,281.6
71740,4936,56600,279.4
71750,4940,56800,280.6
71760,4940,56500,279.1
71770,4940,56800,280.6
71780,4940,57500,284.1
71790,4936,55900,275.9
71800,4940,57500,284.1
71810,4936,55900,275.9
71820,4824,150100,724.1
71830,4940,55900,276.1
71840,4940,57600,284.5
71850,4940,55900,276.1
71860,4940,57600,284.5
71870,4940,55900,276.1
71880,4940,57500,284.1
71890,4940,55900,276.1
71900,4940,57500,284.1
71910,4936,56600,279.4
71920,4940,56800,280.6
71934,4940,57500,284.1
71940,4940,56900,281.1
71950,4940,57300,283.1
71960,4940,56500,279.1
71970,4940,57500,284.1
71980,4936,55900,275.9
71990,4940,57600,284.5
72000,4940,55900,276.1
72010,4940,57500,284.1
72020,4940,55900,276.1
72030,4816,142100,684.4
72040,4940,55900,276.1
72050,4940,57500,284.1
72060,4940,55900,276.1
72070,4940,57500,284.1
72080,4936,56700,279.9
72090,4940,57000,281.6
72100,4940,56600,279.6
72110,4940,56900,281.1
72120,4940,56600,279.6
72130,4940,56900,281.1
72140,4744,93800,445.0
72150,4940,56000,276.6
72160,4940,57500,284.1
72170,4936,55900,275.9
72180,4940,57500,284.1
72190,4940,55900,276.1
72200,4940,57500,284.1
72210,4936,55900,275.9
72220,4940,57500,284.1
72230,4940,55900,276.1
72240,4876,157100,766.0
72250,4940,56000,276.6
72260,4940,57600,284.5
72270,4940,56600,279.6
72280,4940,56800,280.6
72290,4940,56600,279.6
72300,4940,56800,280.6
72310,4940,57300,283.1
72320,4940,56400,278.6
72330,4940,57500,284.1
72340,4936,55800,275.4
72350,4940,57500,284.1
72360,4936,55900,275.9
72370,4940,57500,284.1
72380,4936,55900,275.9
72390,4940,57500,284.1
72400,4940,55900,276.1
72410,4940,57500,284.1
72420,4940,55900,276.1
72430,4940,57500,284.1
72440,4936,56500,278.9
72450,4900,57200,280.3
72460,4940,56600,279.6
72470,4940,56800,280.6
72480,4940,56600,279.6
72490,4940,57000,281.6
72500,4940,57500,284.1
72510,4940,55900,276.1
72520,4940,57500,284.1
72530,4936,55900,275.9
72540,4940,57500,284.1
72550,4716,133400,629.1
72560,4940,57500,284.1
72570,4936,55900,275.9
72580,4940,57500,284.1
72590,4940,55900,276.1
72600,4940,57500,284.1
72610,4940,56000,276.6
72620,4940,57500,284.1
72630,4940,56600,279.6
72640,4940,56800,280.6
72650,4936,87200,430.4
72660,4940,56800,280.6
72670,4940,57100,282.1
72680,4940,56600,279.6
72690,4940,57300,283.1
72700,4936,55900,275.9
72710,4940,57500,284.1
72720,4936,55900,275.9
72730,4940,57500,284.1
72740,4940,55900,276.1
72750,4940,57600,284.5
72760,4704,144700,680.7
72770,4940,57500,284.1
72780,4936,55900,275.9
72790,4940,57400,283.6
72800,4940,56600,279.6
72810,4940,57100,282.1
72820,4940,56500,279.1
72830,4940,56900,281.1
72840,4940,56600,279.6
72850,4940,56900,281.1
72860,4816,200000,963.2
72870,4940,55900,276.1
72880,4940,57500,284.1
72890,4936,55900,275.9
72900,4940,57500,284.1
72910,4940,55900,276.1
72920,4940,57500,284.1
72930,4936,55900,275.9
72940,4936,57500,283.8
72950,4936,55900,275.9
72960,4940,57600,284.5
72970,4772,135800,648.0
72980,4940,57600,284.5
72990,4940,56600,279.6
73000,4940,56900,281.1
73010,4940,56700,280.1
73020,4940,56800,280.6
73030,4940,57100,282.1
73040,4940,56700,280.1
73050,4940,57200,282.6
73060,4940,56000,276.6
73070,4824,142700,688.4
73080,4936,56000,276.4
73090,4940,57500,284.1
73100,4936,55900,275.9
73110,4940,57500,284.1
73120,4940,55900,276.1
73130,4940,57500,284.1
73140,4936,55900,275.9
73150,4940,57500,284.1
73160,4936,56600,279.4
73170,4940,57200,282.6
73180,4940,56500,279.1
73190,4940,56900,281.1
73200,4940,56500,279.1
73210,4940,56900,281.1
73220,4940,57500,284.1
73230,4940,56000,276.6
73240,4940,57500,284.1
73250,4936,55900,275.9
73260,4940,57500,284.1
73270,4940,55900,276.1
73280,4940,60300,297.9
73290,4936,55900,275.9
73300,4940,57600,284.5
73310,4940,55900,276.1
73320,4940,57500,284.1
73330,4940,56000,276.6
73340,4940,57500,284.1
73350,4940,56600,279.6
73360,4940,56900,281.1
73370,4940,56600,279.6
73380,4940,56900,281.1
73390,4720,106200,501.3
73400,4940,56800,280.6
73410,4940,57100,282.1
73420,4940,55900,276.1
73430,4940,57500,284.1
73440,4936,55900,275.9
73450,4940,57500,284.1
73460,4936,55900,275.9
73470,4940,57400,283.6
73480,4940,55900,276.1
73490,4892,161000,787.6
73500,4940,56000,276.6
73510,4940,57500,284.1
73520,4936,56400,278.4
73530,4940,57300,283.1
73540,4940,56500,279.1
73550,4940,56900,281.1
73560,4940,56500,279.1
73570,4940,56900,281.1
73580,4940,57500,284.1
73590,4936,55900,275.9
73600,4940,57500,284.1
73610,4940,55900,276.1
73620,4940,57500,284.1
73631,4936,56000,276.4
73640,4940,57500,284.1
73650,4936,55900,275.9
73660,4940,57500,284.1
73670,4940,56000,276.6
73680,4940,57500,284.1
73690,4940,55900,276.1
73700,4940,57500,284.1
73710,4940,56600,279.6
73720,4940,56900,281.1
73730,4940,56600,279.6
73740,4940,56900,281.1
73750,4940,56900,281.1
73760,4940,56800,280.6
73770,4940,57100,282.1
73780,4936,55900,275.9
73790,4940,57500,284.1
73800,4940,55900,276.1
73810,4832,206900,999.7
73820,4940,55900,276.1
73830,4940,57500,284.1
73840,4940,55900,276.1
73850,4940,57500,284.1
73860,4940,56000,276.6
73870,4940,57500,284.1
73880,4936,56400,278.4
73890,4940,57300,283.1
73900,4940,56600,279.6
73910,4724,138400,653.8
73920,4940,56600,279.6
73930,4940,56900,281.1
73940,4940,57500,284.1
73950,4936,55900,275.9
73960,4940,57500,284.1
73970,4940,55900,276.1
73980,4940,57500,284.1
73990,4940,55900,276.1
74000,4940,57500,284.1
74010,4824,133400,643.5
74020,4940,57500,284.1
74030,4940,55900,276.1
74040,4940,57500,284.1
74050,4940,56000,276.6
74060,4940,57500,284.1
74070,4940,56500,279.1
74080,4940,56900,281.1
74090,4940,56600,279.6
74100,4940,56900,281.1
74110,4936,92600,457.1
74120,4940,56800,280.6
74130,4940,57100,282.1
74140,4940,55900,276.1
74150,4940,57500,284.1
74160,4936,55900,275.9
74170,4940,57500,284.1
74180,4940,55900,276.1
74190,4940,57500,284.1
74200,4940,55900,276.1
74210,4940,57500,284.1
74220,4792,140800,674.7
74230,4940,57500,284.1
74240,4940,56300,278.1
74250,4940,57400,283.6
74260,4940,56600,279.6
74270,4940,56800,280.6
74280,4940,56600,279.6
74290,4940,56900,281.1
74300,4940,57400,283.6
74310,4940,55900,276.1
74320,4940,57400,283.6
74330,4768,171300,816.8
74340,4940,57500,284.1
74350,4940,55900,276.1
74360,4940,57500,284.1
74370,4936,55900,275.9
74380,4940,57500,284.1
74390,4936,55800,275.4
74400,4944,57500,284.3
74410,4940,55900,276.1
74420,4940,57400,283.6
74430,4816,186300,897.2
74440,4940,56900,281.1
74450,4940,56600,279.6
74460,4940,56900,281.1
74470,4940,56800,280.6
74480,4940,56800,280.6
74490,4940,57000,281.6
74500,4936,55900,275.9
74510,4940,57500,284.1
74520,4936,55900,275.9
74530,4820,142500,686.9
74540,4936,55900,275.9
74550,4940,57500,284.1
74560,4940,56000,276.6
74570,4940,57500,284.1
74580,4936,55900,275.9
74590,4940,57600,284.5
74600,4940,56300,278.1
74610,4940,57400,283.6
74620,4936,56600,279.4
74630,4816,143000,688.7
74640,4940,56600,279.6
74650,4940,56900,281.1
74660,4940,57500,284.1
74670,4940,55900,276.1
74680,4940,57500,284.1
74690,4940,55900,276.1
74700,4940,57500,284.1
74710,4940,55900,276.1
74720,4940,57500,284.1
74730,4940,55900,276.1
74740,4816,142400,685.8
74750,4936,55900,275.9
74760,4940,57500,284.1
74770,4936,55900,275.9
74780,4940,57500,284.1
74790,4940,56500,279.1
74800,4940,56900,281.1
74810,4940,56600,279.6
74820,4940,56900,281.1
74830,4936,56700,279.9
74840,4940,56800,280.6
74850,4732,145800,689.9
74860,4940,56000,276.6
74870,4940,57500,284.1
74880,4936,55900,275.9
74890,4940,57500,284.1
74900,4936,55900,275.9
74910,4940,57600,284.5
74920,4940,56000,276.6
74930,4940,57500,284.1
74940,4940,55900,276.1
74950,4940,57500,284.1
74960,4840,56100,271.5
74970,4940,57500,284.1
74980,4940,56600,279.6
74990,4940,56900,281.1
75000,4940,56600,279.6
75010,4940,56800,280.6
75020,4940,57500,284.1
75030,4940,55900,276.1
75040,4940,57500,284.1
75050,4936,55900,275.9
75060,4936,57500,283.8
75070,4940,56000,276.6
75080,4940,57500,284.1
75090,4936,55900,275.9
75100,4940,57500,284.1
75110,4940,55900,276.1
75120,4940,57500,284.1
75130,4936,55900,275.9
75140,4940,57600,284.5
75150,4940,56500,279.1
75160,4940,56900,281.1
75170,4800,141600,679.7
75180,4940,56900,281.1
75190,4940,56600,279.6
75200,4940,56800,280.6
75210,4940,56700,280.1
75220,4936,55900,275.9
75230,4940,57500,284.1
75240,4940,55900,276.1
75250,4940,57500,284.1
75260,4940,56000,276.6
75270,4940,57500,284.1
75280,4816,141000,679.1
75290,4936,57500,283.8
75300,4936,55900,275.9
75310,4940,57500,284.1
75320,4940,56000,276.6
75331,4940,56900,281.1
75340,4940,56600,279.6
75350,4940,56800,280.6
75360,4940,56600,279.6
75370,4940,56800,280.6
75380,4936,93800,463.0
75390,4940,56000,276.6
75400,4940,57500,284.1
75410,4936,55900,275.9
75420,4940,57500,284.1
75430,4936,56000,276.4
75440,4940,57500,284.1
75450,4936,55900,275.9
75460,4940,57500,284.1
75470,4936,55900,275.9
75480,4940,57500,284.1
75490,4940,55900,276.1
75500,4940,57500,284.1
75510,4936,56500,278.9
75520,4940,56800,280.6
75530,4940,56600,279.6
75540,4940,56800,280.6
75550,4940,56600,279.6
75560,4940,56900,281.1
75570,4940,56700,280.1
75580,4940,55800,275.7
75590,4828,206600,997.5
75600,4940,55900,276.1
75610,4940,57500,284.1
75620,4940,56000,276.6
75630,4940,57500,284.1
75640,4940,55900,276.1
75650,4940,57500,284.1
75660,4940,55900,276.1
75670,4940,57500,284.1
75680,4936,56000,276.4
75690,4788,172300,825.0
75700,4940,56600,279.6
75710,4940,56900,281.1
75720,4940,56600,279.6
75730,4940,56900,281.1
75740,4940,57500,284.1
75750,4940,55900,276.1
75760,4940,57600,284.5
75770,4940,55900,276.1
75780,4940,57500,284.1
75790,4936,55900,275.9
75800,4820,57600,277.6
75810,4936,55900,275.9
75820,4940,57500,284.1
75830,4940,56000,276.6
75840,4940,57500,284.1
75850,4940,56000,276.6
75860,4940,57500,284.1
75870,4940,56500,279.1
75880,4940,56800,280.6
75890,4940,56600,279.6
75900,4728,136700,646.3
75910,4940,56600,279.6
75920,4940,56800,280.6
75930,4940,56700,280.1
75940,4936,55900,275.9
75950,4940,57500,284.1
75960,4936,55900,275.9
75970,4940,57500,284.1
75980,4936,55900,275.9
75990,4940,57500,284.1
76000,4936,55900,275.9
76010,4836,210400,1017.5
76020,4936,55900,275.9
76030,4940,57600,284.5
76040,4936,55900,275.9
76050,4940,57500,284.1
76060,4936,56600,279.4
76070,4940,56800,280.6
76080,4940,56600,279.6
76090,4940,56900,281.1
76100,4940,57500,284.1
76110,4940,56000,276.6
76120,4732,150100,710.3
76130,4940,56000,276.6
76140,4940,57500,284.1
76150,4936,55900,275.9
76160,4940,57500,284.1
76170,4940,55900,276.1
76180,4940,57600,284.5
76190,4936,55900,275.9
76200,4940,57500,284.1
76210,4936,56000,276.4
76220,4812,144600,695.8
76230,4936,56600,279.4
76240,4940,56800,280.6
76250,4940,56500,279.1
76260,4940,56900,281.1
76270,4940,56500,279.1
76280,4940,56900,281.1
76290,4940,56600,279.6
76300,4940,55900,276.1
76310,4940,57500,284.1
76320,4940,55900,276.1
76330,4824,203600,982.2
76340,4940,55900,276.1
76350,4940,57500,284.1
76360,4936,55900,275.9
76370,4940,57500,284.1
76380,4936,55900,275.9
76390,4940,57600,284.5
76400,4936,56000,276.4
76410,4940,57500,284.1
76420,4940,56600,279.6
76430,4820,142800,688.3
76440,4940,56500,279.1
76450,4940,56800,280.6
76460,4940,57600,284.5
76470,4940,56000,276.6
76480,4940,57500,284.1
76490,4940,55900,276.1
76500,4940,57500,284.1
76510,4940,55900,276.1
76520,4940,57500,284.1
76530,4936,55900,275.9
76540,4820,142800,688.3
76550,4940,55900,276.1
76560,4940,57500,284.1
76570,4936,55900,275.9
76580,4940,57500,284.1
76590,4940,56500,279.1
76600,4940,56800,280.6
76610,4940,56600,279.6
76620,4940,56800,280.6
76630,4940,56600,279.6
76640,4836,150200,726.4
76650,4940,56600,279.6
76660,4940,55900,276.1
76670,4940,57500,284.1
76680,4936,55900,275.9
76690,4940,57500,284.1
76700,4936,55900,275.9
76710,4940,57600,284.5
76720,4936,55800,275.4
76730,4940,57500,284.1
76740,4940,55900,276.1
76750,4812,142600,686.2
76760,4940,55900,276.1
76770,4940,57600,284.5
76780,4940,56600,279.6
76790,4940,56800,280.6
76800,4940,56600,279.6
76810,4940,56900,281.1
76820,4940,57500,284.1
76830,4940,56100,277.1
76840,4940,57500,284.1
76850,4816,141400,681.0
76860,4940,57500,284.1
76870,4936,55900,275.9
76880,4940,57500,284.1
76890,4936,55900,275.9
76900,4940,57600,284.5
76910,4936,55900,275.9
76920,4940,57500,284.1
76930,4940,55900,276.1
76940,4940,57500,284.1
76950,4936,56500,278.9
76960,4784,171900,822.4
76970,4940,56600,279.6
76980,4940,56900,281.1
76990,4940,56600,279.6
77000,4940,56900,281.1
77010,4940,56600,279.6
77020,4940,55900,276.1
77031,4940,57600,284.5
77040,4936,55900,275.9
77050,4940,57500,284.1
77060,4936,55800,275.4
77070,4824,190800,920.4
77080,4936,55900,275.9
77090,4940,57400,283.6
77100,4940,55900,276.1
77110,4940,57500,284.1
77120,4940,55900,276.1
77130,4940,57500,284.1
77140,4940,56500,279.1
77150,4940,56800,280.6
77160,4940,56500,279.1
77170,4940,59600,294.4
77180,4940,57500,284.1
77190,4940,56200,277.6
77200,4940,57500,284.1
77210,4936,55900,275.9
77220,4940,57500,284.1
77230,4936,56000,276.4
77240,4940,57400,283.6
77250,4940,55900,276.1
77260,4940,57500,284.1
77270,4940,55900,276.1
77280,4828,216100,1043.3
77290,4936,55900,275.9
77300,4940,57500,284.1
77310,4940,56600,279.6
77320,4940,56700,280.1
77330,4940,56600,279.6
77340,4940,56900,281.1
77350,4936,56600,279.4
77360,4936,56800,280.4
77370,4940,56500,279.1
77380,4716,129900,612.6
77390,4940,57500,284.1
77400,4940,55900,276.1
77410,4940,57500,284.1
77420,4940,55900,276.1
77430,4940,57600,284.5
77440,4936,55900,275.9
77450,4940,57500,284.1
77460,4940,55900,276.1
77470,4940,57500,284.1
77480,4816,144800,697.4
77490,4940,57500,284.1
77500,4940,56600,279.6
77510,4940,56800,280.6
77520,4936,56600,279.4
77530,4940,56900,281.1
77540,4940,57400,283.6
77550,4940,56200,277.6
77560,4940,57500,284.1
77570,4936,55900,275.9
77580,4940,57500,284.1
77590,4764,137400,654.6
77600,4940,57500,284.1
77610,4936,55900,275.9
77620,4940,57500,284.1
77630,4940,55900,276.1
77640,4940,57500,284.1
77650,4936,55900,275.9
77660,4940,57500,284.1
77670,4940,56600,279.6
77680,4940,56900,281.1
77690,4824,132300,638.2
77700,4940,56800,280.6
77710,4936,56600,279.4
77720,4940,56800,280.6
77730,4940,56600,279.6
77740,4936,55900,275.9
77750,4940,57500,284.1
77760,4936,55900,275.9
77770,4940,57500,284.1
77780,4936,55900,275.9
77790,4816,142100,684.4
77800,4940,55900,276.1
77810,4940,57500,284.1
77820,4936,55900,275.9
77830,4940,57500,284.1
77840,4936,55900,275.9
77850,4940,57500,284.1
77860,4940,56500,279.1
77870,4940,56900,281.1
77880,4940,56600,279.6
77890,4936,56800,280.4
77900,4704,121500,571.5
77910,4940,56400,278.6
77920,4940,57500,284.1
77930,4936,55900,275.9
77940,4940,57500,284.1
77950,4940,55900,276.1
77960,4940,57500,284.1
77970,4936,55900,275.9
77980,4940,57500,284.1
77990,4936,55900,275.9
78000,4836,210900,1019.9
78010,4940,56000,276.6
78020,4940,57500,284.1
78030,4936,56600,279.4
78040,4940,56900,281.1
78050,4940,56500,279.1
78060,4940,56800,280.6
78070,4940,56500,279.1
78080,4940,56800,280.6
78090,4940,56500,279.1
78100,4936,55900,275.9
78110,4940,62000,306.3
78120,4936,55900,275.9
78130,4940,57600,284.5
78140,4940,55900,276.1
78150,4940,57500,284.1
78160,4940,55900,276.1
78170,4940,57600,284.5
78180,4936,55900,275.9
78190,4940,57500,284.1
78200,4940,55900,276.1
78210,4940,57500,284.1
78220,4940,56600,279.6
78230,4940,56900,281.1
78240,4940,56600,279.6
78250,4940,56900,281.1
78260,4940,57300,283.1
78270,4940,56400,278.6
78280,4940,57400,283.6
78290,4940,55900,276.1
78300,4940,57600,284.5
78310,4940,55900,276.1
78320,4932,150600,742.8
78330,4940,55900,276.1
78340,4940,57500,284.1
78350,4936,55900,275.9
78360,4940,57500,284.1
78370,4940,55900,276.1
78380,4940,57500,284.1
78390,4936,56600,279.4
78400,4940,56900,281.1
78410,4940,56600,279.6
78420,4940,59100,292.0
78430,4940,56600,279.6
78440,4940,56800,280.6
78450,4940,56500,279.1
78460,4936,56000,276.4
78470,4940,57500,284.1
78480,4940,55900,276.1
78490,4940,57500,284.1
78500,4940,56000,276.6
78510,4940,57500,284.1
78520,4936,55900,275.9
78530,4816,142700,687.2
78540,4936,55900,275.9
78550,4940,57500,284.1
78560,4940,56000,276.6
78570,4940,57500,284.1
78580,4940,56600,279.6
78590,4940,56900,281.1
78600,4940,56600,279.6
78610,4940,56900,281.1
78620,4940,57200,282.6
78630,4816,141500,681.5
78640,4940,57300,283.1
78650,4936,55900,275.9
78660,4940,57500,284.1
78670,4936,55900,275.9
78680,4940,57600,284.5
78690,4940,55900,276.1
78700,4940,57500,284.1
78710,4936,55900,275.9
78720,4940,57500,284.1
78731,4940,56500,279.1
78740,4832,201800,975.1
78750,4936,56600,279.4
78760,4940,57200,282.6
78770,4940,56600,279.6
78780,4940,56900,281.1
78790,4936,56500,278.9
78800,4940,56800,280.6
78810,4940,56600,279.6
78820,4936,55900,275.9
78830,4940,57500,284.1
78840,4816,141000,679.1
78850,4940,57500,284.1
78860,4940,55900,276.1
78870,4944,57500,284.3
78880,4940,55900,276.1
78890,4940,57500,284.1
78900,4940,55900,276.1
78910,4940,57500,284.1
78920,4940,55900,276.1
78930,4940,57500,284.1
78940,4936,65700,324.3
78950,4940,56800,280.6
78960,4936,56600,279.4
78970,4940,56900,281.1
78980,4940,57100,282.1
78990,4940,56600,279.6
79000,4940,57300,283.1
79010,4936,55900,275.9
79020,4940,57400,283.6
79030,4940,56000,276.6
79040,4940,57600,284.5
79050,4724,135400,639.6
79060,4940,57500,284.1
79070,4940,55900,276.1
79080,4940,57500,284.1
79090,4940,55900,276.1
79100,4940,57500,284.1
79110,4940,56600,279.6
79120,4940,57100,282.1
79130,4940,56600,279.6
79140,4940,56800,280.6
79150,4816,144600,696.4
79160,4940,56900,281.1
79170,4940,56600,279.6
79180,4936,55900,275.9
79190,4940,57500,284.1
79200,4940,55900,276.1
79210,4940,57500,284.1
79220,4940,55800,275.7
79230,4940,57500,284.1
79240,4936,55900,275.9
79250,4920,156700,771.0
79260,4940,55900,276.1
79270,4940,57500,284.1
79280,4940,55900,276.1
79290,4940,57500,284.1
79300,4940,56500,279.1
79310,4940,56900,281.1
79320,4936,56500,278.9
79330,4940,56900,281.1
79340,4940,57000,281.6
79350,4936,56700,279.9
79360,4808,128000,615.4
79370,4940,55900,276.1
79380,4940,57500,284.1
79390,4940,56000,276.6
79400,4940,57500,284.1
79410,4940,55900,276.1
79420,4940,57500,284.1
79430,4936,55900,275.9
79440,4940,57400,283.6
79450,4936,55900,275.9
79460,4940,60300,297.9
79470,4936,56400,278.4
79480,4940,57400,283.6
79490,4940,56600,279.6
79500,4940,56800,280.6
79510,4940,56500,279.1
79520,4940,56800,280.6
79530,4940,56600,279.6
79540,4936,55900,275.9
79550,4940,57500,284.1
79560,4936,55900,275.9
79570,4936,143900,710.3
79580,4940,55900,276.1
79590,4940,57500,284.1
79600,4940,55900,276.1
79610,4940,57500,284.1
79620,4940,55800,275.7
79630,4940,57600,284.5
79640,4940,55900,276.1
79650,4940,57400,283.6
79660,4940,56500,279.1
79670,4884,158400,773.6
79680,4940,56500,279.1
79690,4940,56900,281.1
79700,4940,56900,281.1
79710,4940,56800,280.6
79720,4940,57000,281.6
79730,4936,55900,275.9
79740,4940,57500,284.1
79750,4940,55900,276.1
79760,4940,57500,284.1
79770,4936,55900,275.9
79780,4824,179200,864.5
79790,4940,56000,276.6
79800,4940,57500,284.1
79810,4936,55900,275.9
79820,4940,57500,284.1
79830,4940,56400,278.6
79840,4940,57300,283.1
79850,4940,56600,279.6
79860,4940,56800,280.6
79870,4940,56600,279.6
79880,4860,154200,749.4
79890,4940,56500,279.1
79900,4936,55900,275.9
79910,4940,57500,284.1
79920,4940,55800,275.7
79930,4940,57600,284.5
79940,4940,55900,276.1
79950,4940,57500,284.1
79960,4936,55900,275.9
79970,4940,57500,284.1
79980,4940,55800,275.7
79990,4828,204700,988.3
80000,4940,55900,276.1
80010,4940,57500,284.1
80020,4936,56500,278.9
80030,4940,56900,281.1
80040,4940,56500,279.1
80050,4940,56800,280.6
80060,4940,56900,281.1
80070,4940,56900,281.1
80080,4940,57000,281.6
80090,4816,142700,687.2
80100,4940,57500,284.1
80110,4936,55900,275.9
80120,4940,57500,284.1
80130,4940,55900,276.1
80140,4940,57500,284.1
80150,4936,55900,275.9
80160,4940,57600,284.5
80170,4936,55900,275.9
80180,4940,57500,284.1
80190,4936,56300,277.9
80200,4856,57400,278.7
80210,4940,56600,279.6
80220,4936,56800,280.4
80230,4940,56700,280.1
80240,4940,56800,280.6
80250,4940,56400,278.6
80260,4940,56000,276.6
80270,4940,57500,284.1
80280,4936,55800,275.4
80290,4940,57400,283.6
80300,4808,146400,703.9
80310,4940,57500,284.1
80320,4940,55900,276.1
80330,4940,57500,284.1
80340,4940,55900,276.1
80350,4940,57500,284.1
80360,4936,56000,276.4
80370,4940,57400,283.6
80380,4940,56500,279.1
80390,4940,56900,281.1
80400,4940,56500,279.1
80410,4816,141900,683.4
80420,4940,56700,280.1
80431,4940,55900,276.1
80440,4940,56800,280.6
80450,4940,55900,276.1
80460,4940,57500,284.1
80470,4940,55900,276.1
80480,4940,57500,284.1
80490,4936,55900,275.9
80500,4940,57500,284.1
80510,4940,55900,276.1
80520,4824,138900,670.1
80530,4936,55900,275.9
80540,4940,57500,284.1
80550,4940,56200,277.6
80560,4940,57400,283.6
80570,4940,56600,279.6
80580,4940,56900,281.1
80590,4940,56500,279.1
80600,4940,56800,280.6
80610,4936,56500,278.9
80620,4936,55900,275.9
80630,4776,205400,981.0
80640,4940,55900,276.1
80650,4940,57500,284.1
80660,4936,55900,275.9
80670,4940,57500,284.1
80680,4936,55900,275.9
80690,4940,57500,284.1
80700,4936,55900,275.9
80710,4940,57500,284.1
80720,4940,55900,276.1
80730,4940,57500,284.1
80740,4708,146200,688.3
80750,4940,56900,281.1
80760,4940,56600,279.6
80770,4940,56800,280.6
80780,4936,56600,279.4
80790,4940,56800,280.6
80800,4940,56900,281.1
80810,4940,56000,276.6
80820,4944,57400,283.8
80830,4936,56000,276.4
80840,4824,209800,1012.1
80850,4936,55900,275.9
80860,4940,57600,284.5
80870,4940,55900,276.1
80880,4940,57500,284.1
80890,4940,55900,276.1
80900,4940,57500,284.1
80910,4940,56200,277.6
80920,4940,57400,283.6
80930,4940,56600,279.6
80940,4724,132900,627.8
80950,4940,56600,279.6
80960,4940,56800,280.6
80970,4940,56500,279.1
80980,4940,55900,276.1
80990,4944,57500,284.3
81000,4936,55900,275.9
81010,4940,57500,284.1
81020,4940,55900,276.1
81030,4940,57500,284.1
81040,4936,55900,275.9
81050,4824,203000,979.3
81060,4936,55900,275.9
81070,4940,57500,284.1
81080,4936,55900,275.9
81090,4940,57500,284.1
81100,4936,56500,278.9
81110,4940,56900,281.1
81120,4936,56500,278.9
81130,4940,56900,281.1
81140,4940,56600,279.6
81150,4816,141700,682.4
81160,4940,56700,280.1
81170,4936,55900,275.9
81180,4940,57500,284.1
81190,4940,55900,276.1
81200,4940,57500,284.1
81210,4940,55900,276.1
81220,4940,57500,284.1
81230,4940,55900,276.1
81240,4940,57500,284.1
81250,4792,141400,677.6
81260,4940,57500,284.1
81270,4940,56000,276.6
81280,4940,57600,284.5
81290,4940,56600,279.6
81300,4940,56900,281.1
81310,4936,56600,279.4
81320,4940,56900,281.1
81330,4940,56500,279.1
81340,4940,55800,275.7
81350,4940,57500,284.1
81360,4724,138500,654.3
81370,4940,57500,284.1
81380,4940,55900,276.1
81390,4940,57500,284.1
81400,4940,55900,276.1
81410,4940,57500,284.1
81420,4936,55900,275.9
81430,4940,57600,284.5
81440,4940,56000,276.6
81450,4940,57400,283.6
81460,4792,140500,673.3
81470,4940,56800,280.6
81480,4940,56600,279.6
81490,4940,56800,280.6
81500,4940,56600,279.6
81510,4940,56900,281.1
81520,4940,56600,279.6
81530,4936,55900,275.9
81540,4940,57500,284.1
81550,4936,55900,275.9
81560,4940,57500,284.1
81570,4936,55900,275.9
81580,4940,57500,284.1
81590,4936,55900,275.9
81600,4940,57500,284.1
81610,4940,55900,276.1
81620,4940,57600,284.5
81630,4936,56000,276.4
81640,4940,57400,283.6
81650,4940,56500,279.1
81660,4940,56900,281.1
81670,4712,142500,671.5
81680,4940,56900,281.1
81690,4940,56600,279.6
81700,4940,55900,276.1
81710,4940,57500,284.1
81720,4936,55900,275.9
81730,4940,57500,284.1
81740,4936,55900,275.9
81750,4940,57400,283.6
81760,4936,55900,275.9
81770,4824,204400,986.0
81780,4940,55900,276.1
81790,4940,57500,284.1
81800,4936,55900,275.9
81810,4940,57500,284.1
81820,4940,56500,279.1
81830,4940,56900,281.1
81840,4940,56500,279.1
81850,4940,56900,281.1
81860,4940,56600,279.6
81870,4940,59600,294.4
81880,4940,56600,279.6
81890,4936,55900,275.9
81900,4940,57500,284.1
81910,4940,55900,276.1
81920,4940,57500,284.1
81930,4940,55900,276.1
81940,4940,57500,284.1
81950,4940,55900,276.1
81960,4940,57500,284.1
81970,4940,55900,276.1
81980,4812,142600,686.2
81990,4940,55900,276.1
82000,4940,57600,284.5
82010,4940,56600,279.6
82020,4940,56900,281.1
82030,4940,56600,279.6
82040,4940,56900,281.1
82050,4940,56600,279.6
82060,4940,56000,276.6
82070,4940,57500,284.1
82080,4816,140800,678.1
82090,4940,57500,284.1
82100,4936,55900,275.9
82110,4940,57500,284.1
82120,4940,55900,276.1
82131,4940,57500,284.1
82140,4940,55900,276.1
82150,4940,57500,284.1
82160,4940,55900,276.1
82170,4940,57500,284.1
82180,4940,56500,279.1
82190,4828,215100,1038.5
82200,4936,56600,279.4
82210,4940,56900,281.1
82220,4940,56600,279.6
82230,4940,56900,281.1
82240,4940,56600,279.6
82250,4940,55900,276.1
82260,4940,57500,284.1
82270,4936,55900,275.9
82280,4940,57500,284.1
82290,4936,58700,289.7
82300,4940,57500,284.1
82310,4936,55900,275.9
82320,4940,57500,284.1
82330,4936,56000,276.4
82340,4940,57500,284.1
82350,4936,55900,275.9
82360,4940,57500,284.1
82370,4940,56500,279.1
82380,4940,56900,281.1
82390,4940,56500,279.1
82400,4816,142100,684.4
82410,4940,56600,279.6
82420,4940,55900,276.1
82430,4940,57600,284.5
82440,4936,55900,275.9
82450,4940,57500,284.1
82460,4936,56000,276.4
82470,4940,57500,284.1
82480,4940,55900,276.1
82490,4940,57500,284.1
82500,4940,55900,276.1
82510,4820,143200,690.2
82520,4940,55900,276.1
82530,4940,57600,284.5
82540,4936,56600,279.4
82550,4940,56800,280.6
82560,4940,56600,279.6
82570,4940,56800,280.6
82580,4940,56600,279.6
82590,4940,56900,281.1
82600,4940,56600,279.6
82610,4936,55900,275.9
82620,4820,145600,701.8
82630,4936,55900,275.9
82640,4940,57500,284.1
82650,4936,56000,276.4
82660,4940,57500,284.1
82670,4936,55800,275.4
82680,4940,57500,284.1
82690,4940,55900,276.1
82700,4940,57500,284.1
82710,4940,55900,276.1
82720,4940,57500,284.1
82730,4940,56600,279.6
82740,4940,56800,280.6
82750,4940,56600,279.6
82760,4940,56900,281.1
82770,4940,56600,279.6
82780,4940,56000,276.6
82790,4940,57500,284.1
82800,4940,55900,276.1
82810,4940,57500,284.1
82820,4936,55900,275.9
82830,4820,194000,935.1
82840,4936,55900,275.9
82850,4944,57600,284.8
82860,4940,55900,276.1
82870,4940,57500,284.1
82880,4936,55900,275.9
82890,4944,57500,284.3
82900,4936,56500,278.9
82910,4940,56800,280.6
82920,4940,56500,279.1
82930,4820,141500,682.0
82940,4940,56600,279.6
82950,4940,56900,281.1
82960,4940,56600,279.6
82970,4936,55900,275.9
82980,4940,57500,284.1
82990,4936,55900,275.9
83000,4940,57500,284.1
83010,4940,55900,276.1
83020,4940,57500,284.1
83030,4936,55900,275.9
83040,4788,171300,820.2
83050,4936,55900,275.9
83060,4940,57500,284.1
83070,4936,55800,275.4
83080,4940,57500,284.1
83090,4940,56600,279.6
83100,4940,56800,280.6
83110,4936,56600,279.4
83120,4940,56800,280.6
83130,4940,56500,279.1
83140,4864,154200,750.0
83150,4940,57600,284.5
83160,4936,55900,275.9
83170,4940,57500,284.1
83180,4940,55900,276.1
83190,4940,57500,284.1
83200,4936,55900,275.9
83210,4940,57500,284.1
83220,4940,55900,276.1
83230,4940,57500,284.1
83240,4936,55900,275.9
83250,4816,141600,681.9
83260,4936,56600,279.4
83270,4940,56800,280.6
83280,4940,56500,279.1
83290,4940,56800,280.6
83300,4940,56600,279.6
83310,4940,56800,280.6
83320,4940,56500,279.1
83330,4936,55900,275.9
83340,4940,57500,284.1
83350,4940,55900,276.1
83360,4828,206500,997.0
83370,4940,55900,276.1
83380,4940,57600,284.5
83390,4940,55900,276.1
83400,4940,57500,284.1
83410,4940,55900,276.1
83420,4940,57500,284.1
83430,4940,56000,276.6
83440,4940,57500,284.1
83450,4940,56600,279.6
83460,4940,56900,281.1
83470,4940,56500,279.1
83480,4940,56800,280.6
83490,4936,56600,279.4
83500,4940,56200,277.6
83510,4940,57500,284.1
83520,4940,55900,276.1
83530,4940,57600,284.5
83540,4940,55900,276.1
83550,4940,57500,284.1
83560,4940,55900,276.1
83570,4940,57500,284.1
83580,4940,56000,276.6
83590,4940,57500,284.1
83600,4936,55900,275.9
83610,4940,57600,284.5
83620,4936,56600,279.4
83630,4940,56800,280.6
83640,4940,56600,279.6
83650,4940,56800,280.6
83660,4940,56600,279.6
83670,4940,56800,280.6
83680,4816,146600,706.0
83690,4936,56000,276.4
83700,4940,57500,284.1
83710,4936,56000,276.4
83720,4940,57400,283.6
83730,4936,56000,276.4
83740,4940,57500,284.1
83750,4936,55800,275.4
83760,4940,57500,284.1
83770,4940,55900,276.1
83780,4816,143100,689.2
83790,4936,55900,275.9
83800,4940,57500,284.1
83810,4940,56700,280.1
83820,4940,56800,280.6
83830,4940,56600,279.6
83841,4940,56400,278.6
83850,4940,56500,279.1
83860,4940,56100,277.1
83870,4940,57600,284.5
83880,4816,140900,678.6
83890,4940,57400,283.6
83900,4936,55900,275.9
83910,4940,57500,284.1
83920,4936,55900,275.9
83930,4940,57500,284.1
83940,4936,55900,275.9
83950,4940,57500,284.1
83960,4940,55900,276.1
83970,4940,57500,284.1
83980,4940,56600,279.6
83990,4820,140000,674.8
84000,4936,56600,279.4
84010,4940,56900,281.1
84020,4940,56500,279.1
84030,4940,56900,281.1
84040,4940,56500,279.1
84050,4936,55900,275.9
84060,4940,57500,284.1
84070,4940,55900,276.1
84080,4940,57500,284.1
84090,4940,55900,276.1
84100,4820,193900,934.6
84110,4936,55900,275.9
84120,4940,57500,284.1
84130,4936,55900,275.9
84140,4940,57500,284.1
84150,4936,55900,275.9
84160,4940,57500,284.1
84170,4936,56500,278.9
84180,4940,56900,281.1
84190,4936,56500,278.9
84200,4940,59600,294.4
84210,4940,56600,279.6
84220,4940,56200,277.6
84230,4940,57500,284.1
84240,4936,55900,275.9
84250,4940,57500,284.1
84260,4936,55900,275.9
84270,4940,57500,284.1
84280,4936,55900,275.9
84290,4940,57500,284.1
84300,4940,55900,276.1
84310,4928,149100,734.8
84320,4940,55900,276.1
84330,4940,57500,284.1
84340,4940,56700,280.1
84350,4940,56800,280.6
84360,4936,56500,278.9
84370,4940,56800,280.6
84380,4940,56600,279.6
84390,4940,56800,280.6
84400,4940,56600,279.6
84410,4940,55900,276.1
84420,4808,183000,879.9
84430,4936,55900,275.9
84440,4940,57500,284.1
84450,4940,55900,276.1
84460,4940,57500,284.1
84470,4940,55900,276.1
84480,4940,57500,284.1
84490,4940,55900,276.1
84500,4940,57500,284.1
84510,4936,55800,275.4
84520,4940,60200,297.4
84530,4940,56700,280.1
84540,4940,56800,280.6
84550,4940,56600,279.6
84560,4940,56800,280.6
84570,4940,56500,279.1
84580,4940,56200,277.6
84590,4940,57500,284.1
84600,4936,55900,275.9
84610,4940,57500,284.1
84620,4936,55900,275.9
84630,4816,143100,689.2
84640,4940,55900,276.1
84650,4940,57500,284.1
84660,4940,55900,276.1
84670,4940,57500,284.1
84680,4936,56000,276.4
84690,4940,57500,284.1
84700,4936,56600,279.4
84710,4940,56800,280.6
84720,4940,56500,279.1
84730,4940,56900,281.1
84740,4820,163900,790.0
84750,4940,56900,281.1
84760,4940,56600,279.6
84770,4936,55900,275.9
84780,4940,57500,284.1
84790,4940,55900,276.1
84800,4940,57500,284.1
84810,4940,55900,276.1
84820,4940,57500,284.1
84830,4940,55900,276.1
84840,4940,57500,284.1
84850,4936,55900,275.9
84860,4940,57400,283.6
84870,4940,55900,276.1
84880,4940,57500,284.1
84890,4936,56600,279.4
84900,4940,56800,280.6
84910,4936,56600,279.4
84920,4940,56800,280.6
84930,4940,56500,279.1
84940,4940,56200,277.6
84950,4816,145800,702.2
84960,4936,55900,275.9
84970,4940,57600,284.5
84980,4940,55900,276.1
84990,4940,57600,284.5
85000,4936,55900,275.9
85010,4940,57500,284.1
85020,4936,55900,275.9
85030,4940,57500,284.1
85040,4936,55900,275.9
85050,4940,57500,284.1
85060,4716,134000,631.9
85070,4940,56900,281.1
85080,4940,56600,279.6
85090,4940,56800,280.6
85100,4940,56600,279.6
85110,4940,56800,280.6
85120,4940,56600,279.6
85130,4936,55900,275.9
85140,4940,57400,283.6
85150,4936,55900,275.9
85160,4940,126200,623.4
85170,4936,55900,275.9
85180,4940,57500,284.1
85190,4940,55900,276.1
85200,4940,57600,284.5
85210,4940,56000,276.6
85220,4940,57400,283.6
85230,4936,55900,275.9
85240,4940,57500,284.1
85250,4940,56600,279.6
85260,4940,56800,280.6
85270,4728,137800,651.5
85280,4940,56900,281.1
85290,4940,56500,279.1
85300,4940,56300,278.1
85310,4940,57500,284.1
85320,4940,55900,276.1
85330,4940,57500,284.1
85340,4940,55900,276.1
85350,4940,57500,284.1
85360,4936,55900,275.9
85370,4940,57500,284.1
85380,4720,132800,626.8
85390,4940,57500,284.1
85400,4936,55900,275.9
85410,4940,57600,284.5
85420,4940,56600,279.6
85430,4940,56900,281.1
85440,4940,56600,279.6
85450,4940,56800,280.6
85460,4940,56600,279.6
85470,4940,56800,280.6
85480,4796,98800,473.8
85490,4936,55900,275.9
85500,4940,57500,284.1
85510,4940,55900,276.1
85520,4940,57500,284.1
85530,4936,55900,275.9
85541,4940,57500,284.1
85550,4940,55900,276.1
85560,4940,57500,284.1
85570,4940,55900,276.1
85580,4940,57500,284.1
85590,4816,137400,661.7
85600,4940,57500,284.1
85610,4936,56600,279.4
85620,4940,56800,280.6
85630,4940,56600,279.6
85640,4940,56900,281.1
85650,4940,56600,279.6
85660,4940,56400,278.6
85670,4940,57500,284.1
85680,4936,55900,275.9
85690,4940,57500,284.1
85700,4724,133300,629.7
85710,4940,57500,284.1
85720,4940,55900,276.1
85730,4940,57500,284.1
85740,4940,55900,276.1
85750,4940,57500,284.1
85760,4940,55900,276.1
85770,4940,57500,284.1
85780,4936,56600,279.4
85790,4940,56800,280.6
85800,4816,142700,687.2
85810,4940,56800,280.6
85820,4940,56400,278.6
85830,4940,56900,281.1
85840,4940,56500,279.1
85850,4936,56000,276.4
85860,4940,57400,283.6
85870,4940,55900,276.1
85880,4940,57500,284.1
85890,4936,55900,275.9
85900,4940,57500,284.1
85910,4812,202000,972.0
85920,4940,57500,284.1
85930,4936,55900,275.9
85940,4940,57500,284.1
85950,4936,55900,275.9
85960,4940,57500,284.1
85970,4940,56600,279.6
85980,4940,56900,281.1
85990,4940,56600,279.6
86000,4940,56800,280.6
86010,4832,203700,984.3
86020,4940,56500,279.1
86030,4940,57400,283.6
86040,4936,56000,276.4
86050,4940,57500,284.1
86060,4940,55900,276.1
86070,4940,57500,284.1
86080,4936,56000,276.4
86090,4940,57500,284.1
86100,4936,55900,275.9
86110,4816,142500,686.3
86120,4936,55900,275.9
86130,4940,57600,284.5
86140,4940,56600,279.6
86150,4940,57000,281.6
86160,4940,56600,279.6
86170,4940,56800,280.6
86180,4940,56600,279.6
86190,4940,56800,280.6
86200,4940,56500,279.1
86210,4936,55900,275.9
86220,4716,137600,648.9
86230,4940,55900,276.1
86240,4940,57500,284.1
86250,4940,55900,276.1
86260,4940,57600,284.5
86270,4940,55900,276.1
86280,4940,57500,284.1
86290,4936,55900,275.9
86300,4940,57500,284.1
86310,4936,55900,275.9
86320,4940,57500,284.1
86330,4936,56600,279.4
86340,4940,56900,281.1
86350,4940,56500,279.1
86360,4940,56800,280.6
86370,4940,56500,279.1
86380,4940,56500,279.1
86390,4940,57400,283.6
86400,4936,55900,275.9
86410,4940,57600,284.5
86420,4940,55900,276.1
86430,4816,141600,681.9
86440,4940,55900,276.1
86450,4940,57500,284.1
86460,4936,55900,275.9
86470,4940,57500,284.1
86480,4940,55900,276.1
86490,4940,57500,284.1
86500,4940,56700,280.1
86510,4940,57000,281.6
86520,4940,56600,279.6
86530,4940,56900,281.1
86540,4816,143700,692.1
86550,4940,56900,281.1
86560,4940,56500,279.1
86570,4940,55900,276.1
86580,4940,57500,284.1
86590,4940,55900,276.1
86600,4940,57500,284.1
86610,4940,55900,276.1
86620,4940,57500,284.1
86630,4940,55900,276.1
86640,4940,57400,283.6
86650,4720,172100,812.3
86660,4940,57500,284.1
86670,4936,55900,275.9
86680,4940,57500,284.1
86690,4940,56500,279.1
86700,4940,56900,281.1
86710,4940,56500,279.1
86720,4940,56900,281.1
86730,4936,56500,278.9
86740,4940,56600,279.6
86750,4940,57300,283.1
86760,4884,55900,273.0
86770,4940,57500,284.1
86780,4940,55900,276.1
86790,4940,57400,283.6
86800,4936,55900,275.9
86810,4940,57500,284.1
86820,4940,55900,276.1
86830,4940,57500,284.1
86840,4936,55900,275.9
86850,4940,57600,284.5
86860,4752,168000,798.3
86870,4940,57200,282.6
86880,4940,56600,279.6
86890,4940,56900,281.1
86900,4940,56600,279.6
86910,4940,56800,280.6
86920,4940,56600,279.6
86930,4936,55900,275.9
86940,4940,57500,284.1
86950,4940,55900,276.1
86960,4816,200900,967.5
86970,4940,55900,276.1
86980,4940,57500,284.1
86990,4936,55900,275.9
87000,4940,57500,284.1
87010,4936,55900,275.9
87020,4940,57500,284.1
87030,4936,56000,276.4
87040,4940,57500,284.1
87050,4940,56700,280.1
87060,4940,56800,280.6
87070,4712,134000,631.4
87080,4940,56900,281.1
87090,4940,56600,279.6
87100,4936,56700,279.9
87110,4940,57200,282.6
87120,4936,55900,275.9
87130,4940,57500,284.1
87140,4936,55900,275.9
87150,4940,57500,284.1
87160,4940,55900,276.1
87170,4820,145400,700.8
87180,4936,55900,275.9
87190,4940,57500,284.1
87200,4940,56000,276.6
87210,4940,57500,284.1
87220,4940,56500,279.1
87230,4940,57200,282.6
87241,4940,56600,279.6
87250,4940,56900,281.1
87260,4940,56500,279.1
87270,4940,56900,281.1
87280,4708,136100,640.8
87290,4940,55900,276.1
87300,4940,57500,284.1
87310,4940,55900,276.1
87320,4940,57500,284.1
87330,4940,55900,276.1
87340,4940,57500,284.1
87350,4940,55900,276.1
87360,4940,57500,284.1
87370,4940,55900,276.1
87380,4812,144700,696.3
87390,4936,55900,275.9
87400,4940,57500,284.1
87410,4940,56600,279.6
87420,4940,56900,281.1
87430,4940,56600,279.6
87440,4940,56800,280.6
87450,4936,56600,279.4
87460,4940,56600,279.6
87470,4940,57200,282.6
87480,4936,55900,275.9
87490,4824,173400,836.5
87500,4936,55900,275.9
87510,4940,57500,284.1
87520,4940,55900,276.1
87530,4940,57500,284.1
87540,4936,55900,275.9
87550,4940,57500,284.1
87560,4940,55900,276.1
87570,4940,57500,284.1
87580,4936,56600,279.4
87590,4940,57200,282.6
87600,4716,138000,650.8
87610,4940,56800,280.6
87620,4940,56500,279.1
87630,4940,56900,281.1
87640,4940,56600,279.6
87650,4940,55900,276.1
87660,4944,57500,284.3
87670,4940,55900,276.1
87680,4940,57500,284.1
87690,4936,55900,275.9
87700,4816,142800,687.7
87710,4940,56000,276.6
87720,4940,57500,284.1
87730,4936,55900,275.9
87740,4940,57500,284.1
87750,4940,55900,276.1
87760,4940,57500,284.1
87770,4936,56600,279.4
87780,4940,56800,280.6
87790,4940,56500,279.1
87800,4940,56900,281.1
87810,4832,204700,989.1
87820,4940,56700,280.1
87830,4940,57100,282.1
87840,4940,55900,276.1
87850,4940,57500,284.1
87860,4940,55900,276.1
87870,4940,57500,284.1
87880,4940,55900,276.1
87890,4940,57500,284.1
87900,4940,55900,276.1
87910,4820,141900,684.0
87920,4940,55900,276.1
87930,4940,57500,284.1
87940,4940,56400,278.6
87950,4940,57300,283.1
87960,4936,56600,279.4
87970,4940,56800,280.6
87980,4940,56600,279.6
87990,4940,56800,280.6
88000,4940,56500,279.1
88010,4936,55900,275.9
88020,4820,145800,702.8
88030,4936,55900,275.9
88040,4944,57500,284.3
88050,4940,56000,276.6
88060,4940,57500,284.1
88070,4940,55900,276.1
88080,4940,57500,284.1
88090,4936,55900,275.9
88100,4940,57600,284.5
88110,4936,55800,275.4
88120,4940,57500,284.1
88130,4752,168100,798.8
88140,4940,56900,281.1
88150,4940,56600,279.6
88160,4940,56900,281.1
88170,4940,56600,279.6
88180,4940,56800,280.6
88190,4940,57000,281.6
88200,4940,55900,276.1
88210,4940,57400,283.6
88220,4940,55900,276.1
88230,4816,200700,966.6
88240,4940,55900,276.1
88250,4940,57500,284.1
88260,4936,55900,275.9
88270,4940,57500,284.1
88280,4936,55900,275.9
88290,4940,57500,284.1
88300,4940,56400,278.6
88310,4940,57300,283.1
88320,4940,56600,279.6
88330,4816,141700,682.4
88340,4940,56600,279.6
88350,4940,56900,281.1
88360,4940,56600,279.6
88370,4940,55900,276.1
88380,4940,57500,284.1
88390,4936,55900,275.9
88400,4940,57500,284.1
88410,4936,55900,275.9
88420,4940,57500,284.1
88430,4816,141400,681.0
88440,4940,57500,284.1
88450,4936,55900,275.9
88460,4940,57500,284.1
88470,4940,55900,276.1
88480,4940,57500,284.1
88490,4936,56600,279.4
88500,4940,56900,281.1
88510,4940,56500,279.1
88520,4940,56900,281.1
88530,4936,56600,279.4
88540,4816,142800,687.7
88550,4940,56900,281.1
88560,4936,55900,275.9
88570,4940,57500,284.1
88580,4940,55900,276.1
88590,4940,57500,284.1
88600,4936,55900,275.9
88610,4940,57500,284.1
88620,4940,55900,276.1
88630,4940,57600,284.5
88640,4936,55900,275.9
88650,4824,163700,789.7
88660,4940,56300,278.1
88670,4940,57500,284.1
88680,4940,56600,279.6
88690,4940,56800,280.6
88700,4940,56600,279.6
88710,4940,56800,280.6
88720,4940,56500,279.1
88730,4940,55900,276.1
88740,4940,57500,284.1
88750,4940,55900,276.1
88760,4756,192400,915.1
88770,4936,55900,275.9
88780,4940,57500,284.1
88790,4940,55900,276.1
88800,4940,57500,284.1
88810,4940,55900,276.1
88820,4940,57500,284.1
88830,4936,56000,276.4
88840,4940,57400,283.6
88850,4936,56600,279.4
88860,4812,141900,682.8
88870,4940,56600,279.6
88880,4940,56900,281.1
88890,4940,56600,279.6
88900,4940,56900,281.1
88910,4940,56800,280.6
88920,4940,55800,275.7
88930,4940,57600,284.5
88941,4940,55900,276.1
88950,4940,57500,284.1
88960,4940,55800,275.7
88970,4780,75100,359.0
88980,4936,56000,276.4
88990,4940,57500,284.1
89000,4940,55900,276.1
89010,4940,57500,284.1
89020,4940,56200,277.6
89030,4940,57400,283.6
89040,4940,56500,279.1
89050,4940,56900,281.1
89060,4940,56600,279.6
89070,4828,208800,1008.1
89080,4940,56600,279.6
89090,4940,55900,276.1
89100,4940,57600,284.5
89110,4936,55900,275.9
89120,4940,57500,284.1
89130,4936,56000,276.4
89140,4940,57500,284.1
89150,4940,55900,276.1
89160,4940,57500,284.1
89170,4936,55900,275.9
89180,4808,58800,282.7
89190,4940,55900,276.1
89200,4940,57600,284.5
89210,4940,56500,279.1
89220,4940,56900,281.1
89230,4940,56600,279.6
89240,4940,56900,281.1
89250,4940,56500,279.1
89260,4940,56900,281.1
89270,4940,56900,281.1
89280,4816,140900,678.6
89290,4940,57500,284.1
89300,4940,56000,276.6
89310,4940,57500,284.1
89320,4936,55900,275.9
89330,4940,57500,284.1
89340,4940,55900,276.1
89350,4940,57500,284.1
89360,4936,55900,275.9
89370,4940,57500,284.1
89380,4936,56200,277.4
89390,4824,179300,864.9
89400,4940,56600,279.6
89410,4940,56900,281.1
89420,4940,56600,279.6
89430,4940,56900,281.1
89440,4940,56600,279.6
89450,4940,55800,275.7
89460,4940,57500,284.1
89470,4940,55900,276.1
89480,4940,57500,284.1
89490,4940,58700,290.0
89500,4940,57500,284.1
89510,4936,55800,275.4
89520,4940,57500,284.1
89530,4940,55900,276.1
89540,4940,57500,284.1
89550,4940,56000,276.6
89560,4940,57500,284.1
89570,4936,56600,279.4
89580,4940,56900,281.1
89590,4940,56500,279.1
89600,4816,141700,682.4
89610,4940,56600,279.6
89620,4940,56900,281.1
89630,4940,56700,280.1
89640,4940,55900,276.1
89650,4940,57600,284.5
89660,4936,55900,275.9
89670,4940,57500,284.1
89680,4940,55900,276.1
89690,4940,57500,284.1
89700,4940,55900,276.1
89710,4816,142500,686.3
89720,4940,55900,276.1
89730,4940,57500,284.1
89740,4940,56000,276.6
89750,4940,57500,284.1
89760,4940,56600,279.6
89770,4940,56900,281.1
89780,4940,56600,279.6
89790,4936,56800,280.4
89800,4940,56600,279.6
89810,4940,55800,275.7
89820,4708,137300,646.4
89830,4940,55900,276.1
89840,4940,57500,284.1
89850,4936,55900,275.9
89860,4940,57400,283.6
89870,4936,55900,275.9
89880,4940,57500,284.1
89890,4940,55900,276.1
89900,4940,57500,284.1
89910,4936,55900,275.9
89920,4796,179800,862.3
89930,4936,56500,278.9
89940,4940,56800,280.6
89950,4940,56600,279.6
89960,4940,56900,281.1
89970,4936,56500,278.9
89980,4940,56800,280.6
89990,4940,56600,279.6
90000,4940,55900,276.1
90010,4940,57500,284.1
90020,4940,55900,276.1
90030,4748,97800,464.4
90040,4940,55900,276.1
90050,4940,57600,284.5
90060,4940,55900,276.1
90070,4940,57500,284.1
90080,4936,55900,275.9
90090,4940,57500,284.1
90100,4936,56100,276.9
90110,4940,57500,284.1
90120,4940,56600,279.6
90130,4828,205500,992.2
90140,4940,56600,279.6
90150,4940,56900,281.1
90160,4940,56600,279.6
90170,4936,55900,275.9
90180,4940,57500,284.1
90190,4940,55900,276.1
90200,4940,57600,284.5
90210,4940,55900,276.1
90220,4940,57500,284.1
90230,4812,141300,679.9
90240,4940,57500,284.1
90250,4940,56000,276.6
90260,4940,57600,284.5
90270,4936,55900,275.9
90280,4940,57500,284.1
90290,4936,56500,278.9
90300,4940,56900,281.1
90310,4940,56500,279.1
90320,4936,56900,280.9
90330,4820,142100,684.9
90340,4940,56900,281.1
90350,4940,56700,280.1
90360,4940,55900,276.1
90370,4940,57500,284.1
90380,4936,55900,275.9
90390,4940,57500,284.1
90400,4940,56000,276.6
90410,4940,57500,284.1
90420,4936,55900,275.9
90430,4820,142700,687.8
90440,4940,55900,276.1
90450,4940,57500,284.1
90460,4936,56000,276.4
90470,4940,57500,284.1
90480,4940,56600,279.6
90490,4936,56800,280.4
90500,4940,56600,279.6
90510,4940,56800,280.6
90520,4940,56600,279.6
90530,4940,55900,276.1
90540,4816,142600,686.8
90550,4940,55900,276.1
90560,4940,57500,284.1
90570,4936,55900,275.9
90580,4940,57500,284.1
90590,4940,55800,275.7
90600,4940,57500,284.1
90610,4936,55900,275.9
90620,4940,57500,284.1
90630,4936,55900,275.9
90641,4940,56800,280.6
90650,4776,182100,869.7
90660,4940,56800,280.6
90670,4940,56500,279.1
90680,4940,56900,281.1
90690,4940,56500,279.1
90700,4940,56900,281.1
90710,4940,56500,279.1
90720,4940,55900,276.1
90730,4940,57500,284.1
90740,4940,56000,276.6
90750,4828,169500,818.3
90760,4940,56000,276.6
90770,4940,57500,284.1
90780,4940,55900,276.1
90790,4940,57500,284.1
90800,4936,55900,275.9
90810,4940,57500,284.1
90820,4940,56000,276.6
90830,4940,57500,284.1
90840,4940,56500,279.1
90850,4816,204100,982.9
90860,4940,56500,279.1
90870,4940,56900,281.1
90880,4936,56600,279.4
90890,4940,56000,276.6
90900,4940,57500,284.1
90910,4940,55900,276.1
90920,4940,57600,284.5
90930,4936,55800,275.4
90940,4940,57500,284.1
90950,4728,133200,629.8
90960,4940,57500,284.1
90970,4940,56000,276.6
90980,4940,57500,284.1
90990,4940,55900,276.1
91000,4940,57600,284.5
91010,4940,56500,279.1
91020,4940,56800,280.6
91030,4936,56600,279.4
91040,4940,56800,280.6
91050,4816,145000,698.3
91060,4940,56900,281.1
91070,4940,56600,279.6
91080,4936,55900,275.9
91090,4940,57500,284.1
91100,4940,55900,276.1
91110,4940,57500,284.1
91120,4940,55900,276.1
91130,4940,57500,284.1
91140,4936,55900,275.9
91150,4940,57500,284.1
91160,4820,208500,1005.0
91170,4940,57500,284.1
91180,4940,56000,276.6
91190,4940,57500,284.1
91200,4940,56600,279.6
91210,4940,56800,280.6
91220,4940,56600,279.6
91230,4940,56900,281.1
91240,4940,56500,279.1
91250,4936,55900,275.9
91260,4832,205000,990.6
91270,4936,55900,275.9
91280,4940,57500,284.1
91290,4940,55900,276.1
91300,4940,57500,284.1
91310,4940,55900,276.1
91320,4940,57500,284.1
91330,4936,56000,276.4
91340,4940,57500,284.1
91350,4936,55900,275.9
91360,4940,57500,284.1
91370,4936,56600,279.4
91380,4940,56800,280.6
91390,4940,56500,279.1
91400,4940,56900,281.1
91410,4936,56600,279.4
91420,4940,56900,281.1
91430,4940,56600,279.6
91440,4940,55900,276.1
91450,4940,57500,284.1
91460,4936,55900,275.9
91470,4824,200200,965.8
91480,4940,56000,276.6
91490,4940,57500,284.1
91500,4936,55900,275.9
91510,4940,57500,284.1
91520,4936,55900,275.9
91530,4940,57500,284.1
91540,4936,55900,275.9
91550,4940,57500,284.1
91560,4940,56500,279.1
91570,4940,56800,280.6
91580,4720,139000,656.1
91590,4940,56900,281.1
91600,4940,56600,279.6
91610,4940,56000,276.6
91620,4940,57500,284.1
91630,4940,55900,276.1
91640,4940,57600,284.5
91650,4940,55900,276.1
91660,4940,57600,284.5
91670,4940,55900,276.1
91680,4816,142700,687.2
91690,4936,55900,275.9
91700,4940,57500,284.1
91710,4936,55900,275.9
91720,4940,57500,284.1
91730,4940,56500,279.1
91740,4940,56800,280.6
91750,4940,56600,279.6
91760,4940,56800,280.6
91770,4940,56600,279.6
91780,4912,157600,774.1
91790,4940,56500,279.1
91800,4936,55900,275.9
91810,4940,57500,284.1
91820,4936,55900,275.9
91830,4940,57500,284.1
91840,4940,55900,276.1
91850,4940,57600,284.5
91860,4940,55900,276.1
91870,4940,57500,284.1
91880,4940,55900,276.1
91890,4812,146600,705.4
91900,4940,55900,276.1
91910,4940,57500,284.1
91920,4940,56500,279.1
91930,4940,56900,281.1
91940,4940,56600,279.6
91950,4940,56900,281.1
91960,4940,56600,279.6
91970,4940,56000,276.6
91980,4940,57500,284.1
91990,4940,58600,289.5
92000,4940,57600,284.5
92010,4940,55900,276.1
92020,4940,57500,284.1
92030,4940,55900,276.1
92040,4940,57500,284.1
92050,4936,55900,275.9
92060,4940,57500,284.1
92070,4936,55900,275.9
92080,4940,57500,284.1
92090,4936,56500,278.9
92100,4812,56800,273.3
92110,4940,56600,279.6
92120,4940,56800,280.6
92130,4940,56600,279.6
92140,4940,56800,280.6
92150,4940,56600,279.6
92160,4940,55900,276.1
92170,4940,57500,284.1
92180,4936,55800,275.4
92190,4940,57500,284.1
92200,4824,140300,676.8
92210,4940,57500,284.1
92220,4936,55900,275.9
92230,4940,57500,284.1
92240,4940,55900,276.1
92250,4940,57500,284.1
92260,4940,56000,276.6
92270,4940,57500,284.1
92280,4940,56500,279.1
92290,4940,56800,280.6
92300,4936,56600,279.4
92310,4832,206700,998.8
92320,4940,56600,279.6
92330,4940,56100,277.1
92341,4940,57500,284.1
92350,4940,55900,276.1
92360,4940,57500,284.1
92370,4940,55900,276.1
92380,4940,57500,284.1
92390,4940,55900,276.1
92400,4940,57600,284.5
92410,4936,55900,275.9
92420,4824,131600,634.8
92430,4940,55900,276.1
92440,4940,57500,284.1
92450,4940,56600,279.6
92460,4940,56800,280.6
92470,4940,56600,279.6
92480,4940,56900,281.1
92490,4940,56600,279.6
92500,4940,56800,280.6
92510,4940,56600,279.6
92520,4940,55900,276.1
92530,4700,120100,564.5
92540,4936,55900,275.9
92550,4940,57500,284.1
92560,4936,55800,275.4
92570,4940,57500,284.1
92580,4936,55900,275.9
92590,4940,57500,284.1
92600,4940,55900,276.1
92610,4940,57500,284.1
92620,4936,56000,276.4
92630,4804,58500,281.0
92640,4940,56600,279.6
92650,4940,56900,281.1
92660,4940,56600,279.6
92670,4940,56900,281.1
92680,4940,56600,279.6
92690,4940,56100,277.1
92700,4940,57600,284.5
92710,4936,55900,275.9
92720,4940,57500,284.1
92730,4816,140900,678.6
92740,4940,57500,284.1
92750,4940,55900,276.1
92760,4940,57500,284.1
92770,4940,55800,275.7
92780,4940,57600,284.5
92790,4936,55900,275.9
92800,4940,57600,284.5
92810,4936,56600,279.4
92820,4940,56800,280.6
92830,4940,56600,279.6
92840,4812,142100,683.8
92850,4940,56600,279.6
92860,4940,56800,280.6
92870,4940,56600,279.6
92880,4936,55900,275.9
92890,4940,57500,284.1
92900,4936,55900,275.9
92910,4940,57500,284.1
92920,4936,55900,275.9
92930,4940,57500,284.1
92940,4936,55900,275.9
92950,4816,145800,702.2
92960,4936,55900,275.9
92970,4940,57500,284.1
92980,4936,55900,275.9
92990,4940,57600,284.5
93000,4940,56600,279.6
93010,4940,56800,280.6
93020,4940,56600,279.6
93030,4940,56800,280.6
93040,4940,56500,279.1
93050,4816,141500,681.5
93060,4940,57500,284.1
93070,4936,56000,276.4
93080,4940,57500,284.1
93090,4936,55900,275.9
93100,4940,57600,284.5
93110,4936,55900,275.9
93120,4940,57500,284.1
93130,4936,55900,275.9
93140,4940,57600,284.5
93150,4936,56000,276.4
93160,4824,209400,1010.1
93170,4940,56600,279.6
93180,4940,56800,280.6
93190,4940,56500,279.1
93200,4940,56900,281.1
93210,4940,56600,279.6
93220,4940,56800,280.6
93230,4940,56500,279.1
93240,4940,55900,276.1
93250,4940,57600,284.5
93260,4808,188800,907.8
93270,4940,57500,284.1
93280,4940,55900,276.1
93290,4940,57500,284.1
93300,4940,55900,276.1
93310,4940,57500,284.1
93320,4940,55900,276.1
93330,4940,57500,284.1
93340,4940,55800,275.7
93350,4940,57500,284.1
93360,4816,141300,680.5
93370,4940,57000,281.6
93380,4940,56600,279.6
93390,4940,56800,280.6
93400,4936,56500,278.9
93410,4940,56100,277.1
93420,4940,57500,284.1
93430,4940,55900,276.1
93440,4940,57500,284.1
93450,4936,55900,275.9
93460,4940,57500,284.1
93470,4732,135300,640.2
93480,4940,57500,284.1
93490,4940,55900,276.1
93500,4940,57500,284.1
93510,4940,55900,276.1
93520,4940,57500,284.1
93530,4936,56600,279.4
93540,4940,56800,280.6
93550,4940,56600,279.6
93560,4940,56800,280.6
93570,4940,56500,279.1
93580,4828,56900,274.7
93590,4940,56500,279.1
93600,4936,55900,275.9
93610,4940,57500,284.1
93620,4940,56000,276.6
93630,4940,57500,284.1
93640,4940,55900,276.1
93650,4940,57500,284.1
93660,4940,55900,276.1
93670,4940,57500,284.1
93680,4816,140900,678.6
93690,4940,57500,284.1
93700,4936,55900,275.9
93710,4940,57500,284.1
93720,4940,56600,279.6
93730,4940,56800,280.6
93740,4940,56500,279.1
93750,4940,56900,281.1
93760,4940,56600,279.6
93770,4940,56200,277.6
93780,4936,57500,283.8
93790,4940,55900,276.1
93800,4940,57500,284.1
93810,4936,55900,275.9
93820,4940,57500,284.1
93830,4940,56000,276.6
93840,4940,57500,284.1
93850,4936,55900,275.9
93860,4940,57400,283.6
93870,4940,55800,275.7
93880,4940,57500,284.1
93890,4808,200200,962.6
93900,4940,57000,281.6
93910,4940,56500,279.1
93920,4940,56800,280.6
93930,4940,56500,279.1
93940,4940,56900,281.1
93950,4940,56600,279.6
93960,4940,55900,276.1
93970,4940,57600,284.5
93980,4936,55900,275.9
93990,4816,144900,697.8
94000,4936,56000,276.4
94010,4940,57500,284.1
94020,4936,55900,275.9
94030,4940,57500,284.1
94041,4936,55900,275.9
94050,4940,57500,284.1
94060,4940,55900,276.1
94070,4940,57500,284.1
94080,4940,56500,279.1
94090,4940,56800,280.6
94100,4940,56600,279.6
94110,4940,56900,281.1
94120,4940,56600,279.6
94130,4940,56300,278.1
94140,4940,57500,284.1
94150,4940,56000,276.6
94160,4940,57500,284.1
94170,4936,55900,275.9
94180,4940,57500,284.1
94190,4940,55900,276.1
94200,4744,91500,434.1
94210,4936,55900,275.9
94220,4940,57600,284.5
94230,4940,55900,276.1
94240,4940,57500,284.1
94250,4936,56600,279.4
94260,4940,56800,280.6
94270,4940,56500,279.1
94280,4940,56800,280.6
94290,4940,56500,279.1
94300,4812,142200,684.3
94310,4940,56600,279.6
94320,4936,55900,275.9
94330,4940,57500,284.1
94340,4940,55800,275.7
94350,4940,57600,284.5
94360,4936,55900,275.9
94370,4940,57500,284.1
94380,4940,55900,276.1
94390,4940,57500,284.1
94400,4940,55900,276.1
94410,4780,72700,347.5
94420,4936,56000,276.4
94430,4940,57500,284.1
94440,4940,56500,279.1
94450,4940,56800,280.6
94460,4940,56500,279.1
94470,4940,56800,280.6
94480,4936,56600,279.4
94490,4940,56200,277.6
94500,4940,57500,284.1
94510,4832,208400,1007.0
94520,4940,57500,284.1
94530,4940,55900,276.1
94540,4940,57500,284.1
94550,4936,55900,275.9
94560,4940,57500,284.1
94570,4936,55900,275.9
94580,4940,57500,284.1
94590,4936,55900,275.9
94600,4940,57500,284.1
94610,4712,133400,628.6
94620,4940,56900,281.1
94630,4936,56600,279.4
94640,4940,56800,280.6
94650,4936,56600,279.4
94660,4940,56800,280.6
94670,4940,56600,279.6
94680,4936,55900,275.9
94690,4940,57400,283.6
94700,4936,56000,276.4
94710,4816,206900,996.4
94720,4940,55900,276.1
94730,4940,57500,284.1
94740,4940,55900,276.1
94750,4940,57500,284.1
94760,4940,55900,276.1
94770,4940,57500,284.1
94780,4936,55900,275.9
94790,4940,57500,284.1
94800,4936,56600,279.4
94810,4940,56800,280.6
94820,4768,158300,754.8
94830,4940,56900,281.1
94840,4940,56600,279.6
94850,4940,56400,278.6
94860,4940,57400,283.6
94870,4936,55800,275.4
94880,4940,57500,284.1
94890,4936,55900,275.9
94900,4940,57500,284.1
94910,4936,55900,275.9
94920,4940,57500,284.1
94930,4936,55900,275.9
94940,4940,57400,283.6
94950,4940,56000,276.6
94960,4940,57400,283.6
94970,4936,56700,279.9
94980,4940,56900,281.1
94990,4940,56500,279.1
95000,4936,56800,280.4
95010,4940,56600,279.6
95020,4940,56800,280.6
95030,4816,142200,684.8
95040,4940,55900,276.1
95050,4940,57600,284.5
95060,4940,55900,276.1
95070,4940,57500,284.1
95080,4936,55900,275.9
95090,4940,57500,284.1
95100,4936,55900,275.9
95110,4940,57400,283.6
95120,4940,55900,276.1
95130,4940,57500,284.1
95140,4832,217800,1052.4
95150,4940,57600,284.5
95160,4940,56600,279.6
95170,4940,56900,281.1
95180,4940,56500,279.1
95190,4940,56800,280.6
95200,4936,56600,279.4
95210,4940,56300,278.1
95220,4940,57500,284.1
95230,4936,55900,275.9
95240,4824,134300,647.9
95250,4940,56000,276.6
95260,4940,57500,284.1
95270,4940,55900,276.1
95280,4940,57500,284.1
95290,4936,55900,275.9
95300,4940,57500,284.1
95310,4936,55900,275.9
95320,4940,57500,284.1
95330,4936,56600,279.4
95340,4816,141800,682.9
95350,4940,56600,279.6
95360,4940,56800,280.6
95370,4940,56600,279.6
95380,4940,56800,280.6
95390,4940,56500,279.1
95400,4936,56000,276.4
95410,4940,57500,284.1
95420,4936,55900,275.9
95430,4940,57500,284.1
95440,4936,55900,275.9
95450,4828,140300,677.4
95460,4940,55900,276.1
95470,4940,57600,284.5
95480,4936,55800,275.4
95490,4940,57500,284.1
95500,4936,56000,276.4
95510,4940,57500,284.1
95520,4940,56500,279.1
95530,4940,56800,280.6
95540,4940,56600,279.6
95550,4940,56900,281.1
95560,4940,56500,279.1
95570,4940,56500,279.1
95580,4940,57400,283.6
95590,4936,55900,275.9
95600,4940,57600,284.5
95610,4936,55900,275.9
95620,4940,57500,284.1
95630,4936,55900,275.9
95640,4940,57500,284.1
95650,4936,56000,276.4
95660,4756,87000,413.8
95670,4940,55900,276.1
95680,4940,57500,284.1
95690,4940,56600,279.6
95700,4940,57000,281.6
95710,4940,56500,279.1
95720,4940,56900,281.1
95730,4940,56600,279.6
95741,4936,55900,275.9
95750,4940,56600,279.6
95760,4940,55900,276.1
95770,4708,128500,605.0
95780,4940,56000,276.6
95790,4940,57500,284.1
95800,4936,55900,275.9
95810,4940,57500,284.1
95820,4940,55900,276.1
95830,4944,57600,284.8
95840,4940,55900,276.1
95850,4940,57500,284.1
95860,4936,55900,275.9
95870,4940,57500,284.1
95880,4932,56600,279.2
95890,4940,56900,281.1
95900,4940,56600,279.6
95910,4940,56900,281.1
95920,4940,56600,279.6
95930,4940,56500,279.1
95940,4940,57400,283.6
95950,4936,56000,276.4
95960,4940,57400,283.6
95970,4940,55900,276.1
95980,4820,206700,996.3
95990,4940,55900,276.1
96000,4940,57500,284.1
96010,4936,55900,275.9
96020,4940,57500,284.1
96030,4936,55900,275.9
96040,4940,57500,284.1
96050,4936,56600,279.4
96060,4940,56900,281.1
96070,4940,56600,279.6
96080,4812,141000,678.5
96090,4940,56600,279.6
96100,4940,56900,281.1
96110,4940,56500,279.1
96120,4940,55900,276.1
96130,4940,57500,284.1
96140,4940,55800,275.7
96150,4940,57500,284.1
96160,4940,55900,276.1
96170,4940,57500,284.1
96180,4940,55900,276.1
96190,4828,139700,674.5
96200,4936,55900,275.9
96210,4940,57500,284.1
96220,4940,56000,276.6
96230,4940,57400,283.6
96240,4940,56500,279.1
96250,4940,56900,281.1
96260,4940,56600,279.6
96270,4940,56800,280.6
96280,4940,56500,279.1
96290,4820,138100,665.6
96300,4940,57400,283.6
96310,4936,56000,276.4
96320,4940,57600,284.5
96330,4940,55900,276.1
96340,4940,57500,284.1
96350,4936,56000,276.4
96360,4940,57500,284.1
96370,4940,55900,276.1
96380,4940,57500,284.1
96390,4936,55900,275.9
96400,4772,75100,358.4
96410,4936,56600,279.4
96420,4940,57000,281.6
96430,4940,56600,279.6
96440,4940,56900,281.1
96450,4940,56600,279.6
96460,4940,56900,281.1
96470,4940,56500,279.1
96480,4940,55900,276.1
96490,4940,57600,284.5
96500,4940,58700,290.0
96510,4940,57500,284.1
96520,4936,56000,276.4
96530,4940,57500,284.1
96540,4940,55900,276.1
96550,4940,57500,284.1
96560,4936,55900,275.9
96570,4940,57500,284.1
96580,4940,55900,276.1
96590,4940,57500,284.1
96600,4940,56600,279.6
96610,4816,142200,684.8
96620,4940,56600,279.6
96630,4940,56800,280.6
96640,4940,56500,279.1
96650,4940,56500,279.1
96660,4940,57400,283.6
96670,4940,55900,276.1
96680,4940,57500,284.1
96690,4936,55900,275.9
96700,4940,57500,284.1
96710,4936,58700,289.7
96720,4940,57600,284.5
96730,4940,55900,276.1
96740,4940,57500,284.1
96750,4940,55900,276.1
96760,4940,57400,283.6
96770,4936,56700,279.9
96780,4940,57000,281.6
96790,4940,56600,279.6
96800,4940,56800,280.6
96810,4940,56600,279.6
96820,4772,165400,789.3
96830,4940,56600,279.6
96840,4940,56000,276.6
96850,4940,57500,284.1
96860,4936,55900,275.9
96870,4940,57600,284.5
96880,4940,55800,275.7
96890,4940,57500,284.1
96900,4936,55900,275.9
96910,4940,57500,284.1
96920,4860,153400,745.5
96930,4940,57500,284.1
96940,4936,55900,275.9
96950,4940,57500,284.1
96960,4936,56600,279.4
96970,4940,56900,281.1
96980,4936,56500,278.9
96990,4940,56900,281.1
97000,4940,56600,279.6
97010,4940,56500,279.1
97020,4940,57500,284.1
97030,4824,201700,973.0
97040,4940,57600,284.5
97050,4936,55900,275.9
97060,4940,57600,284.5
97070,4940,55900,276.1
97080,4940,57500,284.1
97090,4936,55900,275.9
97100,4940,57500,284.1
97110,4936,55900,275.9
97120,4940,57500,284.1
97130,4816,141500,681.5
97140,4940,57100,282.1
97150,4940,56500,279.1
97160,4940,56800,280.6
97170,4940,56600,279.6
97180,4940,56800,280.6
97190,4940,56500,279.1
97200,4936,55900,275.9
97210,4940,57500,284.1
97220,4936,55900,275.9
97230,4940,57600,284.5
97240,4812,139800,672.7
97250,4940,57600,284.5
97260,4936,55900,275.9
97270,4940,57500,284.1
97280,4940,55900,276.1
97290,4940,57500,284.1
97300,4936,55900,275.9
97310,4940,57500,284.1
97320,4940,56600,279.6
97330,4940,56900,281.1
97340,4940,56600,279.6
97350,4808,56900,273.6
97360,4940,56600,279.6
97370,4940,56600,279.6
97380,4940,57400,283.6
97390,4936,56000,276.4
97400,4940,57500,284.1
97410,4940,55900,276.1
97420,4940,57500,284.1
97430,4940,55900,276.1
97441,4940,57500,284.1
97450,4812,140700,677.0
97460,4940,57500,284.1
97470,4936,55900,275.9
97480,4940,57400,283.6
97490,4936,56600,279.4
97500,4940,56900,281.1
97510,4940,56600,279.6
97520,4940,56800,280.6
97530,4940,56600,279.6
97540,4940,56800,280.6
97550,4816,141700,682.4
97560,4936,55900,275.9
97570,4940,57600,284.5
97580,4940,55900,276.1
97590,4940,57600,284.5
97600,4936,55900,275.9
97610,4940,57500,284.1
97620,4936,55900,275.9
97630,4940,57500,284.1
97640,4936,55900,275.9
97650,4940,57500,284.1
97660,4812,142000,683.3
97670,4940,57500,284.1
97680,4940,56600,279.6
97690,4940,56900,281.1
97700,4940,56600,279.6
97710,4940,56900,281.1
97720,4940,56600,279.6
97730,4940,56600,279.6
97740,4940,57300,283.1
97750,4940,55900,276.1
97760,4940,57500,284.1
97770,4816,141700,682.4
97780,4940,57600,284.5
97790,4940,55900,276.1
97800,4940,57500,284.1
97810,4936,55900,275.9
97820,4940,57500,284.1
97830,4936,55900,275.9
97840,4940,57500,284.1
97850,4940,56600,279.6
97860,4940,57000,281.6
97870,4940,56600,279.6
97880,4812,143000,688.1
97890,4940,56600,279.6
97900,4940,56900,281.1
97910,4940,56500,279.1
97920,4940,55900,276.1
97930,4940,57500,284.1
97940,4940,55900,276.1
97950,4940,57500,284.1
97960,4936,55800,275.4
97970,4940,57500,284.1
97980,4936,55900,275.9
97990,4724,102300,483.3
98000,4940,56000,276.6
98010,4940,57500,284.1
98020,4936,55900,275.9
98030,4940,57500,284.1
98040,4940,56600,279.6
98050,4940,56800,280.6
98060,4940,56500,279.1
98070,4940,56900,281.1
98080,4936,56600,279.4
98090,4780,168600,805.9
98100,4940,57300,283.1
98110,4936,55900,275.9
98120,4940,57500,284.1
98130,4936,55900,275.9
98140,4940,57500,284.1
98150,4936,56000,276.4
98160,4940,57500,284.1
98170,4936,55900,275.9
98180,4940,57500,284.1
98190,4936,58800,290.2
98200,4940,57600,284.5
98210,4940,56600,279.6
98220,4940,57100,282.1
98230,4940,56600,279.6
98240,4940,56800,280.6
98250,4940,56500,279.1
98260,4940,56900,281.1
98270,4940,56600,279.6
98280,4940,55900,276.1
98290,4940,57500,284.1
98300,4832,55900,270.1
98310,4940,57500,284.1
98320,4940,56000,276.6
98330,4940,57500,284.1
98340,4936,55900,275.9
98350,4940,57400,283.6
98360,4940,55900,276.1
98370,4940,57500,284.1
98380,4936,55900,275.9
98390,4940,57500,284.1
98400,4832,149000,720.0
98410,4940,56900,281.1
98420,4936,56600,279.4
98430,4940,56900,281.1
98440,4940,56600,279.6
98450,4940,56600,279.6
98460,4940,57300,283.1
98470,4940,55900,276.1
98480,4940,57500,284.1
98490,4936,55900,275.9
98500,4940,57500,284.1
98510,4820,218000,1050.8
98520,4940,57500,284.1
98530,4940,55900,276.1
98540,4940,57500,284.1
98550,4936,55900,275.9
98560,4940,57500,284.1
98570,4936,56600,279.4
98580,4940,57100,282.1
98590,4940,56500,279.1
98600,4940,56800,280.6
98610,4824,136400,658.0
98620,4936,56900,280.9
98630,4940,56500,279.1
98640,4940,55900,276.1
98650,4940,57500,284.1
98660,4940,55900,276.1
98670,4940,57600,284.5
98680,4936,55900,275.9
98690,4940,57500,284.1
98700,4936,55900,275.9
98710,4940,57500,284.1
98720,4820,212500,1024.2
98730,4940,57500,284.1
98740,4936,55900,275.9
98750,4940,57500,284.1
98760,4940,56600,279.6
98770,4940,56900,281.1
98780,4940,56500,279.1
98790,4936,56900,280.9
98800,4936,56600,279.4
98810,4940,56600,279.6
98820,4820,144300,695.5
98830,4940,55900,276.1
98840,4940,57600,284.5
98850,4940,56000,276.6
98860,4940,57500,284.1
98870,4940,55900,276.1
98880,4940,57500,284.1
98890,4936,55900,275.9
98900,4940,57500,284.1
98910,4936,55900,275.9
98920,4936,116600,575.5
98930,4936,56500,278.9
98940,4940,57300,283.1
98950,4936,56600,279.4
98960,4940,56900,281.1
98970,4940,56600,279.6
98980,4940,56900,281.1
98990,4936,56600,279.4
99000,4940,55900,276.1
99010,4940,57500,284.1
99020,4936,55900,275.9
99030,4792,139000,666.1
99040,4936,55900,275.9
99050,4944,57500,284.3
99060,4940,55900,276.1
99070,4940,57500,284.1
99080,4936,55900,275.9
99090,4940,57500,284.1
99100,4936,55900,275.9
99110,4940,57500,284.1
99120,4936,56600,279.4
99130,4820,207200,998.7
99141,4940,56600,279.6
99150,4940,56900,281.1
99160,4940,56600,279.6
99170,4940,56700,280.1
99180,4940,57200,282.6
99190,4936,55900,275.9
99200,4940,57500,284.1
99210,4936,55900,275.9
99220,4940,57500,284.1
99230,4816,139400,671.4
99240,4940,57600,284.5
99250,4936,55900,275.9
99260,4940,57500,284.1
99270,4940,56000,276.6
99280,4940,57500,284.1
99290,4936,56500,278.9
99300,4944,57100,282.3
99310,4940,56600,279.6
99320,4940,56900,281.1
99330,4820,141500,682.0
99340,4940,56900,281.1
99350,4940,56500,279.1
99360,4940,55900,276.1
99370,4940,57500,284.1
99380,4940,56000,276.6
99390,4940,57500,284.1
99400,4936,55900,275.9
99410,4940,57600,284.5
99420,4940,55900,276.1
99430,4940,57400,283.6
99440,4724,133300,629.7
99450,4940,57500,284.1
99460,4940,55900,276.1
99470,4940,57600,284.5
99480,4940,56600,279.6
99490,4940,56800,280.6
99500,4940,56600,279.6
99510,4940,56800,280.6
99520,4940,56600,279.6
99530,4940,56700,280.1
99540,4936,66700,329.2
99550,4940,55900,276.1
99560,4940,57500,284.1
99570,4936,56000,276.4
99580,4940,57500,284.1
99590,4936,55900,275.9
99600,4940,57500,284.1
99610,4940,55900,276.1
99620,4940,57600,284.5
99630,4936,55900,275.9
99640,4940,57500,284.1
99650,4808,141400,679.9
99660,4940,57300,283.1
99670,4940,56500,279.1
99680,4940,56900,281.1
99690,4940,56500,279.1
99700,4940,56900,281.1
99710,4940,56600,279.6
99720,4940,55900,276.1
99730,4940,57400,283.6
99740,4936,55900,275.9
99750,4940,57400,283.6
99760,4828,212800,1027.4
99770,4940,57500,284.1
99780,4936,55900,275.9
99790,4940,57500,284.1
99800,4936,55900,275.9
99810,4940,57500,284.1
99820,4936,55900,275.9
99830,4940,57500,284.1
99840,4940,56600,279.6
99850,4940,56900,281.1
99860,4820,138600,668.1
99870,4940,56900,281.1
99880,4940,56600,279.6
99890,4940,56800,280.6
99900,4940,57100,282.1
99910,4940,55900,276.1
99920,4940,57500,284.1
99930,4936,55900,275.9
99940,4940,57500,284.1
99950,4936,55900,275.9
99960,4940,57400,283.6
99970,4936,55900,275.9
99980,4940,57500,284.1
99990,4940,55900,276.1
100000,4940,57500,284.1
100010,4940,56500,279.1
100020,4940,57400,283.6
100030,4936,56600,279.4
100040,4936,56900,280.9
100050,4940,56600,279.6
100060,4940,56800,280.6
100070,4816,146600,706.0
100080,4936,55900,275.9
100090,4940,57500,284.1
100100,4936,55800,275.4
100110,4944,57500,284.3
100120,4936,56000,276.4
100130,4940,57500,284.1
100140,4940,55900,276.1
100150,4940,57500,284.1
100160,4936,55900,275.9
100170,4940,57500,284.1
100180,4808,142100,683.2
100190,4940,57500,284.1
100200,4936,56600,279.4
100210,4940,56900,281.1
100220,4940,56600,279.6
100230,4940,56900,281.1
100240,4940,56600,279.6
100250,4940,56800,280.6
100260,4940,57100,282.1
100270,4940,55900,276.1
100280,4796,142700,684.4
100290,4936,55900,275.9
100300,4940,57500,284.1
100310,4940,55900,276.1
100320,4940,57500,284.1
100330,4940,55900,276.1
100340,4940,57500,284.1
100350,4940,56000,276.6
100360,4940,57500,284.1
100370,4940,56400,278.6
100380,4940,57200,282.6
100390,4732,138300,654.4
100400,4940,56900,281.1
100410,4940,56500,279.1
100420,4940,56900,281.1
100430,4940,56500,279.1
100440,4940,55900,276.1
100450,4940,57500,284.1
100460,4940,55900,276.1
100470,4940,57500,284.1
100480,4940,55900,276.1
100490,4816,201300,969.5
100500,4936,55900,275.9
100510,4940,57500,284.1
100520,4936,56000,276.4
100530,4940,57500,284.1
100540,4940,56000,276.6
100550,4940,57600,284.5
100560,4940,56600,279.6
100570,4940,56900,281.1
100580,4940,56600,279.6
100590,4940,56900,281.1
100600,4744,143700,681.7
100610,4940,56800,280.6
100620,4940,57100,282.1
100630,4936,55900,275.9
100640,4940,57600,284.5
100650,4936,55900,275.9
100660,4940,57500,284.1
100670,4940,55900,276.1
100680,4940,57500,284.1
100690,4936,55900,275.9
100700,4940,57600,284.5
100710,4876,55900,272.6
100720,4940,57500,284.1
100730,4940,56400,278.6
100740,4940,57400,283.6
100750,4940,56600,279.6
100760,4940,56800,280.6
100770,4940,56500,279.1
100780,4940,56900,281.1
100790,4940,56600,279.6
100800,4940,55900,276.1
100811,4724,136600,645.3
100820,4940,56000,276.6
100830,4940,57500,284.1
100840,4940,56000,276.6
100850,4940,57500,284.1
100860,4936,55900,275.9
100870,4940,57500,284.1
100880,4940,55900,276.1
100890,4940,57500,284.1
100900,4936,55900,275.9
100910,4936,115000,567.6
100920,4936,56600,279.4
100930,4940,57000,281.6
100940,4940,56600,279.6
100950,4940,56800,280.6
100960,4940,56600,279.6
100970,4940,56900,281.1
100980,4940,57000,281.6
100990,4940,55900,276.1
101000,4940,57500,284.1
101010,4936,55900,275.9
101020,4816,190600,917.9
101030,4940,55900,276.1
101040,4940,57600,284.5
101050,4940,55900,276.1
101060,4944,57500,284.3
101070,4936,56000,276.4
101080,4940,57500,284.1
101090,4940,56500,279.1
101100,4940,57300,283.1
101110,4940,56500,279.1
101120,4940,56900,281.1
101130,4940,56500,279.1
101140,4940,56900,281.1
101150,4940,56600,279.6
101160,4940,55900,276.1
101170,4940,57500,284.1
101180,4936,55900,275.9
101190,4940,57500,284.1
101200,4940,55900,276.1
101210,4940,57500,284.1
101220,4940,55900,276.1
101230,4820,142300,685.9
101240,4936,56000,276.4
101250,4940,57500,284.1
101260,4936,55900,275.9
101270,4940,57500,284.1
101280,4940,56500,279.1
101290,4940,56900,281.1
101300,4940,56500,279.1
101310,4940,56800,280.6
101320,4940,56500,279.1
101330,4816,141900,683.4
101340,4812,56900,273.8
101350,4940,55900,276.1
101360,4940,57500,284.1
101370,4936,56000,276.4
101380,4940,57500,284.1
101390,4936,55900,275.9
101400,4940,57500,284.1
101410,4940,55900,276.1
101420,4940,57500,284.1
101430,4940,55900,276.1
101440,4816,146800,707.0
101450,4936,56300,277.9
101460,4940,57400,283.6
101470,4940,56600,279.6
101480,4940,56900,281.1
101490,4940,56600,279.6
101500,4940,56800,280.6
101510,4940,56500,279.1
101520,4940,55900,276.1
101530,4940,57500,284.1
101540,4816,140800,678.1
101550,4940,57600,284.5
101560,4940,55900,276.1
101570,4940,57500,284.1
101580,4936,55900,275.9
101590,4940,57500,284.1
101600,4940,55900,276.1
101610,4940,57500,284.1
101620,4940,55900,276.1
101630,4940,57400,283.6
101640,4940,56600,279.6
101650,4820,204400,985.2
101660,4940,56600,279.6
101670,4940,56900,281.1
101680,4940,56500,279.1
101690,4940,56900,281.1
101700,4940,57000,281.6
101710,4940,56000,276.6
101720,4940,57500,284.1
101730,4936,55900,275.9
101740,4940,57600,284.5
101750,4936,55900,275.9
101760,4704,124600,586.1
101770,4936,56000,276.4
101780,4940,57500,284.1
101790,4940,56000,276.6
101800,4940,57500,284.1
101810,4936,56300,277.9
101820,4940,57400,283.6
101830,4940,56600,279.6
101840,4940,56900,281.1
101850,4940,56600,279.6
101860,4936,139900,690.5
101870,4940,56600,279.6
101880,4940,55900,276.1
101890,4940,57400,283.6
101900,4936,55900,275.9
101910,4940,57500,284.1
101920,4936,55900,275.9
101930,4940,57500,284.1
101940,4940,55900,276.1
101950,4940,57500,284.1
101960,4940,55900,276.1
101970,4804,155700,748.0
101980,4940,55900,276.1
101990,4940,57500,284.1
102000,4940,56500,279.1
102010,4940,56900,281.1
102020,4940,56600,279.6
102030,4940,56800,280.6
102040,4940,56600,279.6
102050,4940,56700,280.1
102060,4940,57000,281.6
102070,4820,206000,992.9
102080,4940,57500,284.1
102090,4940,55900,276.1
102100,4940,57500,284.1
102110,4936,55900,275.9
102120,4940,57500,284.1
102130,4936,55900,275.9
102140,4940,57500,284.1
102150,4936,55900,275.9
102160,4940,57500,284.1
102170,4860,153900,748.0
102180,4940,57400,283.6
102190,4940,56600,279.6
102200,4940,56900,281.1
102210,4940,56500,279.1
102220,4940,56900,281.1
102230,4940,56500,279.1
102240,4940,55900,276.1
102250,4940,57400,283.6
102260,4940,55900,276.1
102270,4940,57500,284.1
102280,4808,140800,677.0
102290,4940,57600,284.5
102300,4940,55900,276.1
102310,4940,57500,284.1
102320,4940,55900,276.1
102330,4940,57500,284.1
102340,4936,55900,275.9
102350,4940,57500,284.1
102360,4940,56600,279.6
102370,4940,56900,281.1
102380,4940,56500,279.1
102390,4824,208100,1003.9
102400,4940,56600,279.6
102410,4940,56800,280.6
102420,4940,56900,281.1
102430,4940,55800,275.7
102444,4940,57500,284.1
102450,4940,55900,276.1
102460,4940,57500,284.1
102470,4936,55900,275.9
102480,4940,57500,284.1
102490,4940,55900,276.1
102500,4700,112300,527.8
102510,4940,55900,276.1
102520,4940,57500,284.1
102530,4940,56300,278.1
102540,4940,57400,283.6
102550,4940,56600,279.6
102560,4940,56900,281.1
102570,4940,56500,279.1
102580,4940,56900,281.1
102590,4940,56600,279.6
102600,4940,55900,276.1
102610,4940,57500,284.1
102620,4936,56000,276.4
102630,4940,57500,284.1
102640,4936,55900,275.9
102650,4940,57500,284.1
102660,4940,55900,276.1
102670,4940,57600,284.5
102680,4936,55900,275.9
102690,4940,57600,284.5
102700,4936,55900,275.9
102710,4820,146300,705.2
102720,4936,56600,279.4
102730,4940,56900,281.1
102740,4940,56600,279.6
102750,4940,56800,280.6
102760,4940,56600,279.6
102770,4940,56800,280.6
102780,4940,57100,282.1
102790,4936,55900,275.9
102800,4940,57500,284.1
102810,4936,55900,275.9
102820,4828,133800,646.0
102830,4936,55900,275.9
102840,4940,57600,284.5
102850,4940,55900,276.1
102860,4940,57500,284.1
102870,4936,55900,275.9
102880,4940,57500,284.1
102890,4940,56400,278.6
102900,4940,57300,283.1
102910,4940,56500,279.1
102920,4940,56900,281.1
102930,4728,134100,634.0
102940,4940,56900,281.1
102950,4940,56500,279.1
102960,4940,55900,276.1
102970,4940,57500,284.1
102980,4936,55800,275.4
102990,4940,57500,284.1
103000,4940,55900,276.1
103010,4940,57500,284.1
103020,4936,55900,275.9
103030,4816,142700,687.2
103040,4940,56000,276.6
103050,4940,57500,284.1
103060,4936,55900,275.9
103070,4940,57500,284.1
103080,4940,56500,279.1
103090,4940,56900,281.1
103100,4940,56600,279.6
103110,4940,56900,281.1
103120,4940,56600,279.6
103130,4820,141800,683.5
103140,4936,57000,281.4
103150,4936,55900,275.9
103160,4940,57500,284.1
103170,4940,55900,276.1
103180,4940,57500,284.1
103190,4940,55900,276.1
103200,4940,57500,284.1
103210,4936,55900,275.9
103220,4940,57500,284.1
103230,4936,55900,275.9
103240,4776,162200,774.7
103250,4940,56300,278.1
103260,4940,57400,283.6
103270,4940,56600,279.6
103280,4940,56800,280.6
103290,4936,56500,278.9
103300,4940,56800,280.6
103310,4940,56600,279.6
103320,4940,55900,276.1
103330,4940,57500,284.1
103340,4808,142700,686.1
103350,4940,57500,284.1
103360,4940,55900,276.1
103370,4940,57500,284.1
103380,4936,55900,275.9
103390,4940,57500,284.1
103400,4940,55900,276.1
103410,4940,57600,284.5
103420,4940,55900,276.1
103430,4940,57500,284.1
103440,4816,141500,681.5
103450,4940,56900,281.1
103460,4940,56600,279.6
103470,4940,56900,281.1
103480,4940,56600,279.6
103490,4940,56800,280.6
103500,4936,57000,281.4
103510,4936,55900,275.9
103520,4940,57500,284.1
103530,4936,55900,275.9
103540,4940,57500,284.1
103550,4828,198600,958.8
103560,4940,57500,284.1
103570,4936,56000,276.4
103580,4940,57500,284.1
103590,4940,55900,276.1
103600,4940,57400,283.6
103610,4940,56300,278.1
103620,4940,57400,283.6
103630,4940,56500,279.1
103640,4940,56900,281.1
103650,4816,143400,690.6
103660,4940,56900,281.1
103670,4940,56600,279.6
103680,4940,55900,276.1
103690,4940,57500,284.1
103700,4936,55900,275.9
103710,4940,57500,284.1
103720,4940,56000,276.6
103730,4940,57500,284.1
103740,4936,55900,275.9
103750,4940,57400,283.6
103760,4824,201600,972.5
103770,4940,57500,284.1
103780,4940,55900,276.1
103790,4940,57500,284.1
103800,4936,56500,278.9
103810,4940,56900,281.1
103820,4940,56500,279.1
103830,4940,56900,281.1
103840,4940,56600,279.6
103850,4940,56800,280.6
103860,4936,56900,280.9
103870,4820,209000,1007.4
103880,4940,57500,284.1
103890,4936,55900,275.9
103900,4940,57500,284.1
103910,4940,55800,275.7
103920,4940,57500,284.1
103930,4936,55900,275.9
103940,4940,57500,284.1
103950,4936,55900,275.9
103960,4940,57500,284.1
103970,4784,175400,839.1
103980,4940,57400,283.6
103990,4940,56500,279.1
104000,4940,56900,281.1
104010,4940,56500,279.1
104020,4940,56800,280.6
104030,4940,56500,279.1
104040,4940,55900,276.1
104050,4940,57500,284.1
104060,4940,56000,276.6
104070,4936,67200,331.7
104081,4936,55900,275.9
104090,4940,57600,284.5
104100,4936,55900,275.9
104110,4940,57500,284.1
104120,4940,56000,276.6
104130,4940,57400,283.6
104140,4936,55900,275.9
104150,4940,57500,284.1
104160,4936,56600,279.4
104170,4936,113900,562.2
104180,4940,56600,279.6
104190,4940,56900,281.1
104200,4940,56500,279.1
104210,4940,56800,280.6
104220,4940,56900,281.1
104230,4936,55900,275.9
104240,4940,57500,284.1
104250,4936,55900,275.9
104260,4940,57500,284.1
104270,4940,55900,276.1
104280,4828,131500,634.9
104290,4936,55900,275.9
104300,4940,57500,284.1
104310,4940,56000,276.6
104320,4936,57500,283.8
104330,4940,56200,277.6
104340,4940,57400,283.6
104350,4940,56500,279.1
104360,4936,56800,280.4
104370,4940,56500,279.1
104380,4940,56800,280.6
104390,4924,156900,772.6
104400,4940,55900,276.1
104410,4940,57500,284.1
104420,4936,55900,275.9
104430,4940,57500,284.1
104440,4936,56000,276.4
104450,4940,57500,284.1
104460,4940,55900,276.1
104470,4940,57500,284.1
104480,4940,55900,276.1
104490,4940,57400,283.6
104500,4940,55900,276.1
104510,4940,57500,284.1
104520,4936,56500,278.9
104530,4936,57000,281.4
104540,4940,56600,279.6
104550,4940,56900,281.1
104560,4936,56600,279.4
104570,4940,56800,280.6
104580,4940,57000,281.6
104590,4936,55900,275.9
104600,4820,157300,758.2
104610,4940,56000,276.6
104620,4940,57500,284.1
104630,4940,55900,276.1
104640,4940,57600,284.5
104650,4940,55900,276.1
104660,4940,57400,283.6
104670,4936,55900,275.9
104680,4940,57500,284.1
104690,4936,56400,278.4
104700,4812,142200,684.3
104710,4940,56400,278.6
104720,4940,56900,281.1
104730,4940,56600,279.6
104740,4940,56900,281.1
104750,4940,56600,279.6
104760,4940,55900,276.1
104770,4936,57500,283.8
104780,4940,55900,276.1
104790,4940,57500,284.1
104800,4936,56800,280.4
104810,4940,57500,284.1
104820,4936,55900,275.9
104830,4940,57400,283.6
104840,4940,56000,276.6
104850,4940,57500,284.1
104860,4940,55900,276.1
104870,4940,57500,284.1
104880,4940,56500,279.1
104890,4940,57000,281.6
104900,4940,56600,279.6
104910,4940,56900,281.1
104920,4940,56600,279.6
104930,4940,56800,280.6
104940,4940,57000,281.6
104950,4936,55800,275.4
104960,4940,57500,284.1
104970,4940,55900,276.1
104980,4940,57500,284.1
104990,4940,55900,276.1
105000,4940,57500,284.1
105010,4820,210400,1014.1
105020,4940,57500,284.1
105030,4940,55900,276.1
105040,4940,57500,284.1
105050,4940,56300,278.1
105060,4940,57400,283.6
105070,4940,56500,279.1
105080,4940,56800,280.6
105090,4940,56600,279.6
105100,4940,56900,281.1
105110,4812,141800,682.3
105120,4940,55900,276.1
105130,4940,57500,284.1
105140,4936,55900,275.9
105150,4940,57400,283.6
105160,4940,56000,276.6
105170,4940,57500,284.1
105180,4936,55900,275.9
105190,4940,57500,284.1
105200,4936,55800,275.4
105210,4940,57500,284.1
105220,4808,141200,678.9
105230,4940,57600,284.5
105240,4940,56600,279.6
105250,4940,56900,281.1
105260,4940,56500,279.1
105270,4940,56800,280.6
105280,4940,56600,279.6
105290,4940,56800,280.6
105300,4940,56900,281.1
105310,4936,55900,275.9
105320,4792,142400,682.4
105330,4940,55900,276.1
105340,4940,57600,284.5
105350,4940,55900,276.1
105360,4940,57500,284.1
105370,4940,55900,276.1
105380,4940,57500,284.1
105390,4936,55900,275.9
105400,4940,57500,284.1
105410,4940,56400,278.6
105420,4940,57300,283.1
105430,4880,193800,945.7
105440,4940,56900,281.1
105450,4940,56600,279.6
105460,4940,56900,281.1
105470,4940,56600,279.6
105480,4940,55900,276.1
105490,4940,57500,284.1
105500,4936,55900,275.9
105510,4940,57500,284.1
105520,4936,55900,275.9
105530,4820,176000,848.3
105540,4940,56000,276.6
105550,4940,57500,284.1
105560,4936,55900,275.9
105570,4940,57500,284.1
105580,4936,55900,275.9
105590,4940,57500,284.1
105600,4936,56600,279.4
105610,4940,56900,281.1
105620,4936,56600,279.4
105630,4820,203800,982.3
105640,4940,56600,279.6
105650,4940,56900,281.1
105660,4940,57000,281.6
105670,4936,56000,276.4
105680,4940,57600,284.5
105690,4936,56000,276.4
105700,4940,57500,284.1
105711,4936,55900,275.9
105720,4940,57500,284.1
105730,4812,140400,675.6
105740,4940,57500,284.1
105750,4940,55900,276.1
105760,4940,57500,284.1
105770,4936,56300,277.9
105780,4940,57400,283.6
105790,4936,56500,278.9
105800,4940,56900,281.1
105810,4940,56600,279.6
105820,4940,56800,280.6
105830,4940,56600,279.6
105840,4816,141000,679.1
105850,4940,57400,283.6
105860,4936,55900,275.9
105870,4940,57500,284.1
105880,4940,55900,276.1
105890,4940,57500,284.1
105900,4940,56000,276.6
105910,4940,57500,284.1
105920,4936,55900,275.9
105930,4940,57500,284.1
105940,4936,58700,289.7
105950,4940,57500,284.1
105960,4940,56600,279.6
105970,4940,56800,280.6
105980,4940,56600,279.6
105990,4940,56900,281.1
106000,4940,56600,279.6
106010,4940,56900,281.1
106020,4940,56900,281.1
106030,4936,55900,275.9
106040,4940,57500,284.1
106050,4824,164200,792.1
106060,4940,57600,284.5
106070,4936,55900,275.9
106080,4940,57500,284.1
106090,4940,56000,276.6
106100,4940,57500,284.1
106110,4936,55900,275.9
106120,4940,57500,284.1
106130,4936,56300,277.9
106140,4940,57400,283.6
106150,4816,146200,704.1
106160,4940,56900,281.1
106170,4940,56600,279.6
106180,4940,56900,281.1
106190,4940,56500,279.1
106200,4940,55900,276.1
106210,4940,57500,284.1
106220,4936,55900,275.9
106230,4940,57500,284.1
106240,4940,55900,276.1
106250,4940,57500,284.1
106260,4940,56000,276.6
106270,4940,57500,284.1
106280,4936,55900,275.9
106290,4940,57500,284.1
106300,4940,55900,276.1
106310,4940,57500,284.1
106320,4940,56600,279.6
106330,4940,56900,281.1
106340,4940,56600,279.6
106350,4940,56900,281.1
106360,4840,58300,282.2
106370,4940,56800,280.6
106380,4940,56900,281.1
106390,4936,56000,276.4
106400,4940,57500,284.1
106410,4936,55900,275.9
106420,4940,57500,284.1
106430,4936,55900,275.9
106440,4940,57500,284.1
106450,4936,55900,275.9
106460,4940,57500,284.1
106470,4816,141500,681.5
106480,4940,57600,284.5
106490,4936,56200,277.4
106500,4940,57400,283.6
106510,4936,56500,278.9
106520,4940,56900,281.1
106530,4940,56500,279.1
106540,4940,56900,281.1
106550,4940,56500,279.1
106560,4940,55900,276.1
106570,4940,57500,284.1
106580,4824,210100,1013.5
106590,4940,57500,284.1
106600,4936,55900,275.9
106610,4940,57500,284.1
106620,4936,55900,275.9
106630,4940,57500,284.1
106640,4940,55900,276.1
106650,4940,57500,284.1
106660,4940,55900,276.1
106670,4940,57500,284.1
106680,4940,59300,292.9
106690,4940,56900,281.1
106700,4940,56600,279.6
106710,4940,56900,281.1
106720,4940,56600,279.6
106730,4940,56800,280.6
106740,4936,56900,280.9
106750,4940,55900,276.1
106760,4940,57500,284.1
106770,4936,55900,275.9
106780,4940,57500,284.1
106790,4816,141200,680.0
106800,4940,57500,284.1
106810,4936,55900,275.9
106820,4940,57500,284.1
106830,4936,55900,275.9
106840,4940,57600,284.5
106850,4940,56300,278.1
106860,4940,57400,283.6
106870,4940,56500,279.1
106880,4940,56900,281.1
106890,4936,56600,279.4
106900,4764,79500,378.7
106910,4940,56500,279.1
106920,4940,55900,276.1
106930,4940,57500,284.1
106940,4936,55900,275.9
106950,4940,57400,283.6
106960,4940,55900,276.1
106970,4940,57500,284.1
106980,4936,55900,275.9
106990,4940,57500,284.1
107000,4820,208300,1004.0
107010,4940,57600,284.5
107020,4936,55900,275.9
107030,4940,57500,284.1
107040,4936,56600,279.4
107050,4940,57000,281.6
107060,4940,56600,279.6
107070,4940,56900,281.1
107080,4940,56600,279.6
107090,4940,56800,280.6
107100,4816,142000,683.9
107110,4936,55900,275.9
107120,4940,57500,284.1
107130,4940,55900,276.1
107140,4940,57500,284.1
107150,4936,55900,275.9
107160,4940,57500,284.1
107170,4940,55900,276.1
107180,4940,57500,284.1
107190,4940,55900,276.1
107200,4940,57500,284.1
107210,4936,56300,277.9
107220,4940,57400,283.6
107230,4936,56500,278.9
107240,4940,56900,281.1
107250,4940,56600,279.6
107260,4940,56900,281.1
107270,4940,56500,279.1
107280,4940,55800,275.7
107290,4940,57500,284.1
107300,4936,55900,275.9
107310,4728,135100,638.8
107320,4940,55900,276.1
107330,4940,57600,284.5
107341,4940,55900,276.1
107350,4940,57500,284.1
107360,4936,55900,275.9
107370,4940,57600,284.5
107380,4936,55900,275.9
107390,4940,57500,284.1
107400,4936,56500,278.9
107410,4820,203500,980.9
107420,4940,56500,279.1
107430,4940,56800,280.6
107440,4940,56600,279.6
107450,4940,56800,280.6
107460,4940,57000,281.6
107470,4936,55900,275.9
107480,4940,57600,284.5
107490,4936,56000,276.4
107500,4940,57500,284.1
107510,4940,55900,276.1
107520,4828,135100,652.3
107530,4940,55900,276.1
107540,4940,57600,284.5
107550,4940,55900,276.1
107560,4940,57500,284.1
107570,4940,56300,278.1
107580,4940,57400,283.6
107590,4936,56600,279.4
107600,4940,56800,280.6
107610,4940,56500,279.1
107620,4816,145600,701.2
107630,4936,56600,279.4
107640,4940,55900,276.1
107650,4940,57500,284.1
107660,4940,56000,276.6
107670,4940,57500,284.1
107680,4936,55900,275.9
107690,4940,57500,284.1
107700,4940,55900,276.1
107710,4940,57500,284.1
107720,4912,157300,772.7
107730,4940,57500,284.1
107740,4940,56000,276.6
107750,4940,57400,283.6
107760,4940,56600,279.6
107770,4940,56900,281.1
107780,4940,56500,279.1
107790,4940,56900,281.1
107800,4940,56600,279.6
107810,4940,56800,280.6
107820,4936,57100,281.8
107830,4940,56000,276.6
107840,4940,57500,284.1
107850,4936,55900,275.9
107860,4940,57500,284.1
107870,4936,55900,275.9
107880,4940,57500,284.1
107890,4936,55900,275.9
107900,4940,57500,284.1
107910,4936,56000,276.4
107920,4940,57500,284.1
107930,4752,138900,660.1
107940,4940,57400,283.6
107950,4940,56500,279.1
107960,4940,57000,281.6
107970,4940,56600,279.6
107980,4940,56800,280.6
107990,4940,56600,279.6
108000,4936,55800,275.4
108010,4940,57500,284.1
108020,4940,56000,276.6
108030,4816,143200,689.7
108040,4936,55900,275.9
108050,4940,57500,284.1
108060,4940,55900,276.1
108070,4940,57500,284.1
108080,4936,55900,275.9
108090,4940,57500,284.1
108100,4940,55800,275.7
108110,4940,57600,284.5
108120,4940,56600,279.6
108130,4940,56800,280.6
108140,4812,141700,681.9
108150,4940,56900,281.1
108160,4940,56600,279.6
108170,4940,56800,280.6
108180,4940,56900,281.1
108190,4936,55900,275.9
108200,4940,57500,284.1
108210,4936,55900,275.9
108220,4940,57500,284.1
108230,4936,55900,275.9
108240,4936,69000,340.6
108250,4936,56000,276.4
108260,4940,57600,284.5
108270,4936,55800,275.4
108280,4940,57500,284.1
108290,4940,56400,278.6
108300,4940,57400,283.6
108310,4940,56500,279.1
108320,4940,56900,281.1
108330,4940,56500,279.1
108340,4940,56900,281.1
108350,4800,140700,675.4
108360,4940,56000,276.6
108370,4940,57500,284.1
108380,4936,55900,275.9
108390,4940,57500,284.1
108400,4940,55900,276.1
108410,4940,57600,284.5
108420,4936,55900,275.9
108430,4940,57500,284.1
108440,4936,55900,275.9
108450,4940,57600,284.5
108460,4812,142700,686.7
108470,4940,57500,284.1
108480,4936,56600,279.4
108490,4940,56900,281.1
108500,4940,56600,279.6
108510,4940,56900,281.1
108520,4940,56500,279.1
108530,4940,56800,280.6
108540,4940,57000,281.6
108550,4936,55900,275.9
108560,4796,142600,683.9
108570,4936,55900,275.9
108580,4940,57500,284.1
108590,4940,55900,276.1
108600,4940,57500,284.1
108610,4936,55900,275.9
108620,4940,57500,284.1
108630,4936,55900,275.9
108640,4940,57500,284.1
108650,4936,56400,278.4
108660,4940,57300,283.1
108670,4816,139900,673.8
108680,4940,56800,280.6
108690,4940,56600,279.6
108700,4940,56900,281.1
108710,4940,56600,279.6
108720,4940,55900,276.1
108730,4940,57600,284.5
108740,4940,56000,276.6
108750,4940,57500,284.1
108760,4940,55800,275.7
108770,4940,57500,284.1
108780,4828,203600,983.0
108790,4940,57600,284.5
108800,4940,55900,276.1
108810,4940,57500,284.1
108820,4940,55800,275.7
108830,4940,57600,284.5
108840,4936,56600,279.4
108850,4940,56800,280.6
108860,4940,56600,279.6
108870,4940,56900,281.1
108880,4852,59300,287.7
108890,4940,56900,281.1
108900,4940,56900,281.1
108910,4936,55900,275.9
108920,4940,57400,283.6
108930,4936,55900,275.9
108940,4940,57500,284.1
108950,4936,55800,275.4
108960,4940,57500,284.1
108970,4936,55900,275.9
108981,4936,57600,284.3
108990,4936,56000,276.4
109000,4940,57500,284.1
109010,4940,56400,278.6
109020,4940,57400,283.6
109030,4940,56500,279.1
109040,4940,56900,281.1
109050,4940,56500,279.1
109060,4940,56900,281.1
109070,4940,56600,279.6
109080,4940,55800,275.7
109090,4736,163800,775.8
109100,4940,55900,276.1
109110,4940,57500,284.1
109120,4940,55900,276.1
109130,4940,57500,284.1
109140,4940,55900,276.1
109150,4940,57500,284.1
109160,4936,55900,275.9
109170,4940,57500,284.1
109180,4936,55900,275.9
109190,4828,132400,639.2
109200,4936,56600,279.4
109210,4940,56900,281.1
109220,4940,56600,279.6
109230,4940,56800,280.6
109240,4940,56600,279.6
109250,4940,56800,280.6
109260,4940,57000,281.6
109270,4936,56000,276.4
109280,4940,57600,284.5
109290,4940,55900,276.1
109300,4832,137400,663.9
109310,4940,56000,276.6
109320,4940,57500,284.1
109330,4940,55900,276.1
109340,4940,57500,284.1
109350,4936,55900,275.9
109360,4940,57500,284.1
109370,4940,56400,278.6
109380,4940,57300,283.1
109390,4940,56600,279.6
109400,4940,56900,281.1
109410,4828,132000,637.3
109420,4940,56900,281.1
109430,4940,56600,279.6
109440,4940,56000,276.6
109450,4940,57500,284.1
109460,4936,56000,276.4
109470,4940,57500,284.1
109480,4940,55900,276.1
109490,4940,57500,284.1
109500,4940,55900,276.1
109510,4940,57500,284.1
109520,4936,55900,275.9
109530,4940,57500,284.1
109540,4936,55900,275.9
109550,4940,57500,284.1
109560,4940,56000,276.6
109570,4940,56900,281.1
109580,4936,56500,278.9
109590,4940,56900,281.1
109600,4940,56500,279.1
109610,4940,56700,280.1
109620,4940,57000,281.6
109630,4940,55900,276.1
109640,4940,57500,284.1
109650,4936,56000,276.4
109660,4940,57500,284.1
109670,4940,55900,276.1
109680,4940,57500,284.1
109690,4936,55900,275.9
109700,4940,57500,284.1
109710,4940,55900,276.1
109720,4800,142800,685.4
109730,4936,56400,278.4
109740,4940,57400,283.6
109750,4940,56500,279.1
109760,4940,56900,281.1
109770,4940,56600,279.6
109780,4940,56900,281.1
109790,4940,56500,279.1
109800,4940,55900,276.1
109810,4940,57500,284.1
109820,4936,55900,275.9
109830,4816,143400,690.6
109840,4936,55900,275.9
109850,4940,57500,284.1
109860,4940,55900,276.1
109870,4940,57500,284.1
109880,4940,55900,276.1
109890,4940,57500,284.1
109900,4940,55900,276.1
109910,4940,57500,284.1
109920,4940,55900,276.1
109930,4940,56900,281.1
109940,4828,130500,630.1
109950,4940,56800,280.6
109960,4940,56600,279.6
109970,4940,56800,280.6
109980,4940,57100,282.1
109990,4936,55900,275.9
110000,4940,57500,284.1
110010,4940,55900,276.1
110020,4940,57500,284.1
110030,4936,55900,275.9
110040,4820,163100,786.1
110050,4940,55900,276.1
110060,4940,57500,284.1
110070,4936,55900,275.9
110080,4940,57600,284.5
110090,4936,56400,278.4
110100,4940,57300,283.1
110110,4940,56600,279.6
110120,4940,56800,280.6
110130,4940,56600,279.6
110140,4816,200200,964.2
110150,4940,56500,279.1
110160,4936,56000,276.4
110170,4940,57500,284.1
110180,4936,55900,275.9
110190,4940,57600,284.5
110200,4936,55900,275.9
110210,4940,57500,284.1
110220,4936,55900,275.9
110230,4940,57500,284.1
110240,4816,140900,678.6
110250,4940,57600,284.5
110260,4936,55900,275.9
110270,4940,57500,284.1
110280,4940,55900,276.1
110290,4940,56900,281.1
110300,4940,56600,279.6
110310,4940,56900,281.1
110320,4940,56500,279.1
110330,4940,56700,280.1
110340,4940,57100,282.1
110350,4820,198300,955.8
110360,4940,57500,284.1
110370,4940,55900,276.1
110380,4940,57500,284.1
110390,4936,55900,275.9
110400,4940,57500,284.1
110410,4936,55900,275.9
110420,4940,57500,284.1
110430,4940,55900,276.1
110440,4940,57500,284.1
110450,4940,56400,278.6
110460,4816,137200,660.8
110470,4936,56500,278.9
110480,4940,56800,280.6
110490,4936,56600,279.4
110500,4940,56800,280.6
110510,4940,56500,279.1
110520,4940,55900,276.1
110530,4940,57500,284.1
110540,4936,55900,275.9
110550,4940,57500,284.1
110560,4940,55900,276.1
110570,4940,57500,284.1
110580,4940,55900,276.1
110590,4940,57600,284.5
110600,4940,55900,276.1
110611,4940,57600,284.5
110620,4940,55900,276.1
110630,4940,57500,284.1
110640,4940,55900,276.1
110650,4940,56900,281.1
110660,4936,56600,279.4
110670,4904,56900,279.0
110680,4940,56600,279.6
110690,4940,56800,280.6
110700,4940,57100,282.1
110710,4940,56000,276.6
110720,4940,57500,284.1
110730,4936,55900,275.9
110740,4940,57500,284.1
110750,4936,55900,275.9
110760,4940,57500,284.1
110770,4812,55900,269.0
110780,4940,57500,284.1
110790,4936,55900,275.9
110800,4940,57500,284.1
110810,4940,56500,279.1
110820,4940,57200,282.6
110830,4940,56600,279.6
110840,4940,56800,280.6
110850,4940,56600,279.6
110860,4940,56800,280.6
110870,4816,141700,682.4
110880,4940,55900,276.1
110890,4940,57500,284.1
110900,4936,55900,275.9
110910,4940,57600,284.5
110920,4936,55900,275.9
110930,4940,57500,284.1
110940,4940,56000,276.6
110950,4940,57500,284.1
110960,4936,55900,275.9
110970,4940,57400,283.6
110980,4832,56000,270.6
110990,4940,57500,284.1
111000,4936,55900,275.9
111010,4940,56900,281.1
111020,4940,56700,280.1
111030,4940,56800,280.6
111040,4940,56600,279.6
111050,4940,56700,280.1
111060,4940,57200,282.6
111070,4940,55900,276.1
111080,4820,137100,660.8
111090,4936,56000,276.4
111100,4940,57500,284.1
111110,4936,55900,275.9
111120,4940,57500,284.1
111130,4940,55900,276.1
111140,4940,57500,284.1
111150,4936,55900,275.9
111160,4940,57600,284.5
111170,4940,56500,279.1
111180,4804,142800,686.0
111190,4936,56600,279.4
111200,4940,56900,281.1
111210,4940,56600,279.6
111220,4940,56800,280.6
111230,4940,56600,279.6
111240,4940,55900,276.1
111250,4940,57400,283.6
111260,4940,55900,276.1
111270,4940,57500,284.1
111280,4940,55900,276.1
111290,4704,151100,710.8
111300,4936,55900,275.9
111310,4940,57500,284.1
111320,4936,55900,275.9
111330,4940,57400,283.6
111340,4936,55800,275.4
111350,4940,57400,283.6
111360,4940,55900,276.1
111370,4940,56800,280.6
111380,4940,56600,279.6
111390,4824,158200,763.2
111400,4940,56600,279.6
111410,4940,56800,280.6
111420,4940,57100,282.1
111430,4940,55900,276.1
111440,4940,57500,284.1
111450,4936,55900,275.9
111460,4940,57500,284.1
111470,4936,55900,275.9
111480,4940,57500,284.1
111490,4936,55900,275.9
111500,4828,137300,662.9
111510,4940,56000,276.6
111520,4940,57500,284.1
111530,4936,56500,278.9
111540,4940,57200,282.6
111550,4940,56500,279.1
111560,4940,56900,281.1
111570,4940,56500,279.1
111580,4940,56800,280.6
111590,4936,56600,279.4
111600,4936,55800,275.4
111610,4780,138500,662.0
111620,4936,55900,275.9
111630,4940,57500,284.1
111640,4940,55900,276.1
111650,4940,57500,284.1
111660,4936,55900,275.9
111670,4940,57500,284.1
111680,4940,55900,276.1
111690,4940,57500,284.1
111700,4936,55900,275.9
111710,4936,78600,388.0
111720,4940,55900,276.1
111730,4940,56900,281.1
111740,4940,56600,279.6
111750,4940,56900,281.1
111760,4940,56500,279.1
111770,4940,56700,280.1
111780,4940,57200,282.6
111790,4940,55900,276.1
111800,4940,57400,283.6
111810,4936,56000,276.4
111820,4720,152100,717.9
111830,4936,55900,275.9
111840,4940,57500,284.1
111850,4940,55900,276.1
111860,4940,57500,284.1
111870,4936,55900,275.9
111880,4940,57500,284.1
111890,4940,56600,279.6
111900,4940,57200,282.6
111910,4936,56600,279.4
111920,4708,114000,536.7
111930,4940,56500,279.1
111940,4940,56900,281.1
111950,4940,56500,279.1
111960,4936,55900,275.9
111970,4940,57500,284.1
111980,4936,55900,275.9
111990,4940,57400,283.6
112000,4936,55900,275.9
112010,4940,57500,284.1
112020,4800,182000,873.6
112030,4940,57500,284.1
112040,4936,55900,275.9
112050,4940,57400,283.6
112060,4936,55900,275.9
112070,4940,57500,284.1
112080,4940,55900,276.1
112090,4940,56800,280.6
112100,4940,56600,279.6
112110,4940,56800,280.6
112120,4940,56600,279.6
112130,4824,171300,826.4
112140,4940,57100,282.1
112150,4936,55900,275.9
112160,4940,57500,284.1
112170,4940,55900,276.1
112180,4940,57500,284.1
112190,4936,55900,275.9
112200,4940,57600,284.5
112210,4936,56000,276.4
112220,4940,57400,283.6
112230,4808,140800,677.0
112241,4940,57400,283.6
112250,4936,56500,278.9
112260,4940,57200,282.6
112270,4940,56600,279.6
112280,4940,56800,280.6
112290,4936,56600,279.4
112300,4940,56800,280.6
112310,4940,56600,279.6
112320,4940,55900,276.1
112330,4940,57500,284.1
112340,4824,131600,634.8
112350,4940,57500,284.1
112360,4936,55900,275.9
112370,4940,57500,284.1
112380,4936,55900,275.9
112390,4940,57500,284.1
112400,4940,55900,276.1
112410,4940,57500,284.1
112420,4940,55900,276.1
112430,4940,57500,284.1
112440,4816,151200,728.2
112450,4936,56900,280.9
112460,4940,56600,279.6
112470,4940,56800,280.6
112480,4940,56600,279.6
112490,4940,56600,279.6
112500,4940,57200,282.6
112510,4940,55900,276.1
112520,4940,57500,284.1
112530,4940,55900,276.1
112540,4940,57500,284.1
112550,4804,57700,277.2
112560,4940,57600,284.5
112570,4940,55900,276.1
112580,4940,57500,284.1
112590,4936,55900,275.9
112600,4940,57500,284.1
112610,4940,56600,279.6
112620,4940,57100,282.1
112630,4940,56600,279.6
112640,4940,56800,280.6
112650,4824,133300,643.0
112660,4940,56900,281.1
112670,4940,56500,279.1
112680,4940,55900,276.1
112690,4940,57500,284.1
112700,4940,56000,276.6
112710,4940,57500,284.1
112720,4940,55800,275.7
112730,4940,57500,284.1
112740,4936,55900,275.9
112750,4940,57600,284.5
112760,4940,55900,276.1
112770,4940,57500,284.1
112780,4940,56000,276.6
112790,4940,57500,284.1
112800,4940,55800,275.7
112810,4940,56900,281.1
112820,4936,56500,278.9
112830,4940,56800,280.6
112840,4940,56600,279.6
112850,4940,56600,279.6
112860,4756,134700,640.6
112870,4936,55900,275.9
112880,4940,57500,284.1
112890,4940,55900,276.1
112900,4940,57500,284.1
112910,4936,55900,275.9
112920,4940,57500,284.1
112930,4940,55900,276.1
112940,4940,57500,284.1
112950,4940,55900,276.1
112960,4936,72600,358.4
112970,4936,56500,278.9
112980,4940,57200,282.6
112990,4940,56600,279.6
113000,4940,56900,281.1
113010,4940,56600,279.6
113020,4940,56900,281.1
113030,4940,56600,279.6
113040,4940,55900,276.1
113050,4940,57500,284.1
113060,4936,55900,275.9
113070,4820,141300,681.1
113080,4940,56000,276.6
113090,4940,57500,284.1
113100,4936,55900,275.9
113110,4940,57500,284.1
113120,4940,55900,276.1
113130,4940,57500,284.1
113140,4936,55900,275.9
113150,4940,57400,283.6
113160,4940,55900,276.1
113170,4940,56900,281.1
113180,4940,56600,279.6
113190,4940,56900,281.1
113200,4940,56600,279.6
113210,4940,56700,280.1
113220,4936,57200,282.3
113230,4936,55900,275.9
113240,4940,57400,283.6
113250,4936,55900,275.9
113260,4940,57500,284.1
113270,4936,55900,275.9
113280,4832,134900,651.8
113290,4936,55900,275.9
113300,4940,57500,284.1
113310,4940,55900,276.1
113320,4940,57500,284.1
113330,4940,56500,279.1
113340,4940,57200,282.6
113350,4940,56600,279.6
113360,4940,56800,280.6
113370,4940,56500,279.1
113380,4940,56800,280.6
113390,4740,134000,635.2
113400,4936,55900,275.9
113410,4940,57500,284.1
113420,4936,55900,275.9
113430,4940,57500,284.1
113440,4936,55900,275.9
113450,4940,57500,284.1
113460,4936,55900,275.9
113470,4940,57500,284.1
113480,4940,55900,276.1
113490,4816,145800,702.2
113500,4940,55900,276.1
113510,4940,57500,284.1
113520,4940,55900,276.1
113530,4940,56900,281.1
113540,4940,56600,279.6
113550,4940,56800,280.6
113560,4940,56600,279.6
113570,4940,56700,280.1
113580,4940,57200,282.6
113590,4816,144200,694.5
113600,4940,57500,284.1
113610,4936,55900,275.9
113620,4940,57500,284.1
113630,4936,56000,276.4
113640,4940,57500,284.1
113650,4936,55900,275.9
113660,4940,57500,284.1
113670,4936,55800,275.4
113680,4940,57500,284.1
113690,4936,56600,279.4
113700,4788,139400,667.4
113710,4940,56600,279.6
113720,4940,56900,281.1
113730,4940,56600,279.6
113740,4940,56800,280.6
113750,4940,56600,279.6
113760,4940,56000,276.6
113770,4940,57500,284.1
113780,4940,55900,276.1
113790,4940,57500,284.1
113800,4940,55900,276.1
113810,4724,156400,738.8
113820,4936,55900,275.9
113830,4940,57500,284.1
113840,4936,56000,276.4
113850,4940,57500,284.1
113860,4936,55800,275.4
113870,4940,57500,284.1
113881,4940,56500,279.1
113890,4940,56900,281.1
113900,4940,56600,279.6
113910,4808,140800,677.0
113920,4940,56600,279.6
113930,4940,56700,280.1
113940,4940,57200,282.6
113950,4940,55900,276.1
113960,4940,57600,284.5
113970,4940,55900,276.1
113980,4940,57500,284.1
113990,4936,55900,275.9
114000,4940,57500,284.1
114010,4936,55900,275.9
114020,4792,142600,683.3
114030,4940,55900,276.1
114040,4940,57500,284.1
114050,4936,56500,278.9
114060,4940,57200,282.6
114070,4940,56600,279.6
114080,4940,56900,281.1
114090,4940,56500,279.1
114100,4940,56800,280.6
114110,4940,56500,279.1
114120,4936,55900,275.9
114130,4760,140100,666.9
114140,4936,55900,275.9
114150,4940,57500,284.1
114160,4936,55900,275.9
114170,4940,57500,284.1
114180,4936,55900,275.9
114190,4940,57600,284.5
114200,4936,55900,275.9
114210,4940,57500,284.1
114220,4940,55900,276.1
114230,4940,57500,284.1
114240,4824,162200,782.5
114250,4940,56900,281.1
114260,4940,56600,279.6
114270,4940,56800,280.6
114280,4940,56600,279.6
114290,4940,56700,280.1
114300,4940,57300,283.1
114310,4936,55900,275.9
114320,4940,57500,284.1
114330,4940,56000,276.6
114340,4940,57500,284.1
114350,4940,55900,276.1
114360,4940,57500,284.1
114370,4936,55900,275.9
114380,4940,57500,284.1
114390,4940,55900,276.1
114400,4940,57500,284.1
114410,4940,56600,279.6
114420,4940,57100,282.1
114430,4940,56600,279.6
114440,4940,56900,281.1
114450,4824,136900,660.4
114460,4940,56900,281.1
114470,4940,56600,279.6
114480,4940,56000,276.6
114490,4940,57500,284.1
114500,4936,55900,275.9
114510,4940,57500,284.1
114520,4940,55900,276.1
114530,4940,57600,284.5
114540,4940,55900,276.1
114550,4788,143500,687.1
114560,4940,56000,276.6
114570,4940,57500,284.1
114580,4936,55900,275.9
114590,4940,57500,284.1
114600,4940,55900,276.1
114610,4940,56900,281.1
114620,4940,56500,279.1
114630,4940,56900,281.1
114640,4940,56500,279.1
114650,4936,98300,485.2
114660,4940,57200,282.6
114670,4936,55900,275.9
114680,4940,57500,284.1
114690,4940,55900,276.1
114700,4940,57500,284.1
114710,4940,55900,276.1
114720,4940,57500,284.1
114730,4936,55900,275.9
114740,4940,57500,284.1
114750,4936,55900,275.9
114760,4820,170900,823.7
114770,4940,56500,279.1
114780,4940,57300,283.1
114790,4940,56600,279.6
114800,4940,56800,280.6
114810,4940,56600,279.6
114820,4940,56900,281.1
114830,4936,56600,279.4
114840,4940,55900,276.1
114850,4940,57500,284.1
114860,4936,55900,275.9
114870,4816,141600,681.9
114880,4940,55900,276.1
114890,4940,57500,284.1
114900,4936,55900,275.9
114910,4940,57500,284.1
114920,4940,55900,276.1
114930,4940,57600,284.5
114940,4936,55900,275.9
114950,4940,57500,284.1
114960,4936,55900,275.9
114970,4940,56800,280.6
114980,4844,218900,1060.4
114990,4940,56800,280.6
115000,4940,56500,279.1
115010,4940,56700,280.1
115020,4940,57300,283.1
115030,4940,55900,276.1
115040,4940,57400,283.6
115050,4936,55900,275.9
115060,4940,57600,284.5
115070,4940,55900,276.1
115080,4816,135000,650.2
115090,4940,56000,276.6
115100,4940,57600,284.5
115110,4940,56000,276.6
115120,4940,57500,284.1
115130,4940,56600,279.6
115140,4940,57100,282.1
115150,4940,56700,280.1
115160,4940,56900,281.1
115170,4940,56600,279.6
115180,4940,56900,281.1
115190,4740,85500,405.3
115200,4940,55900,276.1
115210,4940,57600,284.5
115220,4936,55900,275.9
115230,4940,57500,284.1
115240,4936,55900,275.9
115250,4940,57500,284.1
115260,4940,55900,276.1
115270,4940,57500,284.1
115280,4940,55900,276.1
115290,4816,160400,772.5
115300,4936,55900,275.9
115310,4940,57500,284.1
115320,4940,55900,276.1
115330,4940,56900,281.1
115340,4940,56600,279.6
115350,4940,56800,280.6
115360,4940,56600,279.6
115370,4940,56600,279.6
115380,4940,57300,283.1
115390,4812,140900,678.0
115400,4940,57500,284.1
115410,4936,55900,275.9
115420,4940,57500,284.1
115430,4936,56000,276.4
115440,4940,57500,284.1
115450,4940,55900,276.1
115460,4940,57600,284.5
115470,4940,55900,276.1
115480,4940,57500,284.1
115490,4920,155100,763.1
115500,4940,57200,282.6
115511,4936,56600,279.4
115520,4940,56900,281.1
115530,4940,56600,279.6
115540,4940,56900,281.1
115550,4936,56500,278.9
115560,4940,55900,276.1
115570,4940,57500,284.1
115580,4936,55900,275.9
115590,4940,57500,284.1
115600,4820,132200,637.2
115610,4940,57600,284.5
115620,4940,55900,276.1
115630,4940,57500,284.1
115640,4940,56000,276.6
115650,4940,57500,284.1
115660,4936,55800,275.4
115670,4940,57400,283.6
115680,4936,55900,275.9
115690,4940,56800,280.6
115700,4904,59400,291.3
115710,4940,56900,281.1
115720,4940,56600,279.6
115730,4940,56700,280.1
115740,4940,57200,282.6
115750,4940,55900,276.1
115760,4940,57500,284.1
115770,4940,55900,276.1
115780,4940,57500,284.1
115790,4936,55900,275.9
115800,4940,57500,284.1
115810,4816,193400,931.4
115820,4940,57500,284.1
115830,4936,56000,276.4
115840,4940,57500,284.1
115850,4940,55900,276.1
115860,4940,57200,282.6
115870,4940,56600,279.6
115880,4936,56900,280.9
115890,4940,56500,279.1
115900,4940,56900,281.1
115910,4816,141700,682.4
115920,4940,55900,276.1
115930,4940,57500,284.1
115940,4940,55900,276.1
115950,4940,57500,284.1
115960,4936,55900,275.9
115970,4940,57500,284.1
115980,4940,55900,276.1
115990,4940,57500,284.1
116000,4940,55900,276.1
116010,4940,57500,284.1
116020,4812,140700,677.0
116030,4940,57500,284.1
116040,4940,55900,276.1
116050,4940,56900,281.1
116060,4940,56600,279.6
116070,4940,56900,281.1
116080,4940,56600,279.6
116090,4940,56700,280.1
116100,4940,57300,283.1
116110,4940,55900,276.1
116120,4812,139700,672.2
116130,4936,56000,276.4
116140,4940,57500,284.1
116150,4940,55900,276.1
116160,4940,57500,284.1
116170,4940,55900,276.1
116180,4940,57500,284.1
116190,4940,55900,276.1
116200,4940,57500,284.1
116210,4940,55900,276.1
116220,4940,57000,281.6
116230,4812,140900,678.0
116240,4940,56800,280.6
116250,4940,56600,279.6
116260,4940,56900,281.1
116270,4936,56500,278.9
116280,4940,55900,276.1
116290,4940,57500,284.1
116300,4936,55900,275.9
116310,4940,57500,284.1
116320,4940,55900,276.1
116330,4816,142600,686.8
116340,4788,68500,328.0
116350,4940,57500,284.1
116360,4940,55900,276.1
116370,4940,57500,284.1
116380,4940,55900,276.1
116390,4940,57500,284.1
116400,4936,55900,275.9
116410,4940,56900,281.1
116420,4940,56600,279.6
116430,4940,56900,281.1
116440,4840,149800,725.0
116450,4940,56700,280.1
116460,4940,57200,282.6
116470,4936,55900,275.9
116480,4940,57500,284.1
116490,4940,55900,276.1
116500,4940,57600,284.5
116510,4936,55900,275.9
116520,4940,57500,284.1
116530,4936,56000,276.4
116540,4940,57500,284.1
116550,4796,181200,869.0
116560,4940,57500,284.1
116570,4940,55900,276.1
116580,4940,57200,282.6
116590,4940,56600,279.6
116600,4940,56800,280.6
116610,4940,56600,279.6
116620,4940,56900,281.1
116630,4940,56600,279.6
116640,4940,55900,276.1
116650,4940,57500,284.1
116660,4824,170400,822.0
116670,4940,57500,284.1
116680,4936,55900,275.9
116690,4940,57500,284.1
116700,4936,55900,275.9
116710,4940,57600,284.5
116720,4936,55900,275.9
116730,4940,57500,284.1
116740,4940,55900,276.1
116750,4940,57600,284.5
116760,4816,155700,749.9
116770,4940,56900,281.1
116780,4936,56600,279.4
116790,4940,56900,281.1
116800,4936,56600,279.4
116810,4940,56700,280.1
116820,4940,57200,282.6
116830,4940,55900,276.1
116840,4940,57600,284.5
116850,4940,55900,276.1
116860,4940,57500,284.1
116870,4824,129100,622.8
116880,4940,57600,284.5
116890,4940,55900,276.1
116900,4940,57500,284.1
116910,4940,56000,276.6
116920,4940,57500,284.1
116930,4940,55900,276.1
116940,4940,57100,282.1
116950,4940,56600,279.6
116960,4940,56900,281.1
116970,4940,56600,279.6
116980,4700,184900,869.0
116990,4940,56600,279.6
117000,4940,55900,276.1
117010,4940,57500,284.1
117020,4936,55900,275.9
117030,4940,57500,284.1
117040,4940,55900,276.1
117050,4940,57500,284.1
117060,4940,56000,276.6
117070,4940,57500,284.1
117080,4936,55900,275.9
117090,4940,57600,284.5
117100,4936,56000,276.4
117110,4940,57500,284.1
117120,4936,55800,275.4
117130,4940,56900,281.1
117141,4940,56600,279.6
117150,4940,56900,281.1
117160,4940,56600,279.6
117170,4940,56600,279.6
117180,4940,57300,283.1
117190,4936,55900,275.9
117200,4940,57500,284.1
117210,4936,55900,275.9
117220,4940,57500,284.1
117230,4940,55900,276.1
117240,4940,57500,284.1
117250,4940,55900,276.1
117260,4940,57500,284.1
117270,4936,55900,275.9
117280,4940,57500,284.1
117290,4936,55900,275.9
117300,4940,57000,281.6
117310,4940,56700,280.1
117320,4936,56900,280.9
117330,4940,56600,279.6
117340,4940,56900,281.1
117350,4940,56600,279.6
117360,4940,56000,276.6
117370,4940,57500,284.1
117380,4936,55900,275.9
117390,4940,57500,284.1
117400,4940,56000,276.6
117410,4788,135000,646.4
117420,4940,55900,276.1
117430,4940,57600,284.5
117440,4936,55900,275.9
117450,4940,57500,284.1
117460,4936,55900,275.9
117470,4940,57500,284.1
117480,4936,55900,275.9
117490,4940,56900,281.1
117500,4940,56500,279.1
117510,4940,56900,281.1
117520,4724,133600,631.1
117530,4940,56700,280.1
117540,4940,57200,282.6
117550,4936,55900,275.9
117560,4940,57500,284.1
117570,4940,55900,276.1
117580,4940,57500,284.1
117590,4936,55900,275.9
117600,4940,57500,284.1
117610,4936,56000,276.4
117620,4936,58700,289.7
117630,4940,55900,276.1
117640,4940,57500,284.1
117650,4936,56000,276.4
117660,4940,57200,282.6
117670,4940,56600,279.6
117680,4940,56900,281.1
117690,4940,56500,279.1
117700,4940,56900,281.1
117710,4940,56500,279.1
117720,4936,92300,455.6
117730,4940,57500,284.1
117740,4936,55900,275.9
117750,4940,57500,284.1
117760,4940,56000,276.6
117770,4940,57500,284.1
117780,4936,55900,275.9
117790,4940,57500,284.1
117800,4940,55900,276.1
117810,4940,57500,284.1
117820,4936,55900,275.9
117830,4816,165100,795.1
117840,4940,55900,276.1
117850,4940,56900,281.1
117860,4940,56600,279.6
117870,4940,56900,281.1
117880,4940,56600,279.6
117890,4940,56600,279.6
117900,4940,57300,283.1
117910,4940,55900,276.1
117920,4940,57500,284.1
117930,4816,142100,684.4
117940,4940,57500,284.1
117950,4936,55900,275.9
117960,4940,57500,284.1
117970,4940,55900,276.1
117980,4940,57500,284.1
117990,4936,55900,275.9
118000,4940,57500,284.1
118010,4940,56000,276.6
118020,4940,57000,281.6
118030,4940,56600,279.6
118040,4780,138300,661.1
118050,4936,56500,278.9
118060,4940,56900,281.1
118070,4936,56600,279.4
118080,4940,56000,276.6
118090,4940,57500,284.1
118100,4936,55900,275.9
118110,4940,57500,284.1
118120,4936,55900,275.9
118130,4940,57500,284.1
118140,4764,200700,956.1
118150,4940,57500,284.1
118160,4936,55900,275.9
118170,4940,57500,284.1
118180,4936,55900,275.9
118190,4940,57500,284.1
118200,4940,55900,276.1
118210,4940,56800,280.6
118220,4940,56600,279.6
118230,4940,56800,280.6
118240,4940,56500,279.1
118250,4820,135800,654.6
118260,4940,57300,283.1
118270,4936,55900,275.9
118280,4940,57500,284.1
118290,4940,55900,276.1
118300,4940,57500,284.1
118310,4940,55900,276.1
118320,4940,57400,283.6
118330,4936,55900,275.9
118340,4940,57500,284.1
118350,4816,140900,678.6
118360,4940,57500,284.1
118370,4940,55900,276.1
118380,4944,57100,282.3
118390,4940,56600,279.6
118400,4940,56900,281.1
118410,4940,56600,279.6
118420,4940,56800,280.6
118430,4940,56600,279.6
118440,4940,55900,276.1
118450,4940,57500,284.1
118460,4724,99100,468.1
118470,4940,57600,284.5
118480,4940,56000,276.6
118490,4940,57600,284.5
118500,4936,55900,275.9
118510,4940,57600,284.5
118520,4936,55900,275.9
118530,4940,57500,284.1
118540,4940,55900,276.1
118550,4940,57500,284.1
118560,4776,140900,672.9
118570,4940,56800,280.6
118580,4940,56600,279.6
118590,4940,56900,281.1
118600,4940,56600,279.6
118610,4940,56600,279.6
118620,4940,57200,282.6
118630,4936,56000,276.4
118640,4940,57500,284.1
118650,4940,55900,276.1
118660,4940,57500,284.1
118670,4828,186600,900.9
118680,4940,57600,284.5
118690,4936,55900,275.9
118700,4940,57500,284.1
118710,4936,55900,275.9
118720,4940,57500,284.1
118730,4940,55900,276.1
118740,4940,57100,282.1
118750,4940,56700,280.1
118760,4940,56900,281.1
118770,4940,59400,293.4
118781,4940,55900,276.1
118790,4940,56500,279.1
118800,4936,55900,275.9
118810,4940,57500,284.1
118820,4936,55800,275.4
118830,4940,57500,284.1
118840,4940,55900,276.1
118850,4940,57500,284.1
118860,4936,55900,275.9
118870,4940,57500,284.1
118880,4940,137400,678.8
118890,4940,57500,284.1
118900,4936,55900,275.9
118910,4940,57500,284.1
118920,4940,55900,276.1
118930,4940,56900,281.1
118940,4940,56600,279.6
118950,4940,56800,280.6
118960,4940,56500,279.1
118970,4940,56600,279.6
118980,4940,57300,283.1
118990,4940,55900,276.1
119000,4940,57500,284.1
119010,4940,56000,276.6
119020,4940,57500,284.1
119030,4940,55900,276.1
119040,4940,57500,284.1
119050,4936,55900,275.9
119060,4940,57500,284.1
119070,4940,55900,276.1
119080,4940,57600,284.5
119090,4820,132200,637.2
119100,4940,57200,282.6
119110,4936,56600,279.4
119120,4940,56800,280.6
119130,4940,56600,279.6
119140,4940,56900,281.1
119150,4936,56600,279.4
119160,4940,56000,276.6
119170,4940,57500,284.1
119180,4940,55900,276.1
119190,4748,139000,660.0
119200,4940,55900,276.1
119210,4940,57500,284.1
119220,4940,55900,276.1
119230,4940,57600,284.5
119240,4936,55900,275.9
119250,4940,57500,284.1
119260,4936,55900,275.9
119270,4940,57500,284.1
119280,4940,55900,276.1
119290,4940,56900,281.1
119300,4824,213000,1027.5
119310,4940,56900,281.1
119320,4940,56600,279.6
119330,4940,56700,280.1
119340,4940,57200,282.6
119350,4940,55900,276.1
119360,4940,57600,284.5
119370,4936,55900,275.9
119380,4940,57500,284.1
119390,4940,55900,276.1
119400,4800,142500,684.0
119410,4936,56000,276.4
119420,4940,57500,284.1
119430,4936,55900,275.9
119440,4940,57400,283.6
119450,4940,55900,276.1
119460,4940,57200,282.6
119470,4940,56700,280.1
119480,4940,56900,281.1
119490,4940,56600,279.6
119500,4940,56900,281.1
119510,4844,151100,731.9
119520,4940,55900,276.1
119530,4940,57500,284.1
119540,4940,55900,276.1
119550,4940,57500,284.1
119560,4936,55900,275.9
119570,4940,57500,284.1
119580,4940,55900,276.1
119590,4940,57500,284.1
119600,4936,55900,275.9
119610,4940,57600,284.5
119620,4820,209800,1011.2
119630,4940,57500,284.1
119640,4940,56000,276.6
119650,4940,56900,281.1
119660,4936,56600,279.4
119670,4940,56800,280.6
119680,4936,56600,279.4
119690,4940,56700,280.1
119700,4936,57300,282.8
119710,4940,56000,276.6
119720,4820,142600,687.3
119730,4940,56000,276.6
119740,4940,57500,284.1
119750,4936,55900,275.9
119760,4940,57500,284.1
119770,4936,55900,275.9
119780,4940,57500,284.1
119790,4936,55900,275.9
119800,4940,57400,283.6
119810,4936,55900,275.9
119820,4940,57100,282.1
119830,4820,134400,647.8
119840,4940,56900,281.1
119850,4940,56600,279.6
119860,4940,56900,281.1
119870,4940,56600,279.6
119880,4940,55900,276.1
119890,4940,57500,284.1
119900,4940,55900,276.1
119910,4944,57500,284.3
119920,4936,55900,275.9
119930,4816,144400,695.4
119940,4936,55900,275.9
119950,4940,57500,284.1
119960,4940,56000,276.6
119970,4940,57500,284.1
119980,4940,56000,276.6
119990,4940,57500,284.1
120000,4936,55900,275.9
120010,4940,56900,281.1
120020,4940,56600,279.6
120030,4820,141900,684.0
120040,4940,56700,280.1
120050,4940,56800,280.6
120060,4940,57200,282.6
120070,4936,55900,275.9
120080,4940,57600,284.5
120090,4940,55900,276.1
120100,4940,57600,284.5
120110,4940,56000,276.6
120120,4940,57500,284.1
120130,4940,55900,276.1
120140,4796,143800,689.7
120150,4936,55900,275.9
120160,4940,57500,284.1
120170,4936,55900,275.9
120180,4940,57300,283.1
120190,4940,56600,279.6
120200,4940,56900,281.1
120210,4940,56500,279.1
120220,4940,56900,281.1
120230,4936,56600,279.4
120240,4940,55900,276.1
120250,4820,142700,687.8
120260,4936,56000,276.4
120270,4940,57500,284.1
120280,4936,55900,275.9
120290,4940,57500,284.1
120300,4936,56000,276.4
120310,4940,57500,284.1
120320,4936,55900,275.9
120330,4940,57600,284.5
120340,4940,55900,276.1
120350,4940,57500,284.1
120360,4820,132600,639.1
120370,4940,56900,281.1
120380,4940,56600,279.6
120390,4940,56900,281.1
120400,4940,56600,279.6
120411,4936,55900,275.9
120420,4940,57200,282.6
120430,4940,55900,276.1
120440,4940,57500,284.1
120450,4936,55900,275.9
120460,4748,137700,653.8
120470,4936,55900,275.9
120480,4940,57500,284.1
120490,4936,55900,275.9
120500,4940,57500,284.1
120510,4940,55900,276.1
120520,4940,57500,284.1
120530,4936,55900,275.9
120540,4940,57200,282.6
120550,4940,56600,279.6
120560,4940,56900,281.1
120570,4824,212800,1026.5
120580,4940,56800,280.6
120590,4940,56500,279.1
120600,4940,55900,276.1
120610,4940,57500,284.1
120620,4936,55900,275.9
120630,4940,57500,284.1
120640,4940,55900,276.1
120650,4940,57400,283.6
120660,4940,55900,276.1
120670,4800,141400,678.7
120680,4936,55900,275.9
120690,4940,57500,284.1
120700,4940,55900,276.1
120710,4940,57500,284.1
120720,4940,55900,276.1
120730,4936,56900,280.9
120740,4940,56500,279.1
120750,4940,56800,280.6
120760,4940,56600,279.6
120770,4940,56600,279.6
120780,4828,220000,1062.2
120790,4936,55900,275.9
120800,4940,57600,284.5
120810,4936,55900,275.9
120820,4940,57500,284.1
120830,4936,56000,276.4
120840,4940,57500,284.1
120850,4936,55900,275.9
120860,4940,57500,284.1
120870,4940,55900,276.1
120880,4940,57500,284.1
120890,4808,218700,1051.5
120900,4940,57300,283.1
120910,4940,56700,280.1
120920,4940,56900,281.1
120930,4940,56600,279.6
120940,4940,56900,281.1
120950,4940,56700,280.1
120960,4936,55900,275.9
120970,4940,57500,284.1
120980,4936,55900,275.9
120990,4940,57500,284.1
121000,4936,55900,275.9
121010,4940,57500,284.1
121020,4936,56000,276.4
121030,4940,57500,284.1
121040,4936,55900,275.9
121050,4940,57500,284.1
121060,4936,55900,275.9
121070,4940,57500,284.1
121080,4940,56000,276.6
121090,4940,56900,281.1
121100,4824,134000,646.4
121110,4940,56900,281.1
121120,4940,56500,279.1
121130,4940,56800,280.6
121140,4940,57100,282.1
121150,4936,55900,275.9
121160,4940,57500,284.1
121170,4940,55900,276.1
121180,4940,57600,284.5
121190,4936,55900,275.9
121200,4940,57500,284.1
121210,4940,55900,276.1
121220,4940,57600,284.5
121230,4936,55900,275.9
121240,4940,57500,284.1
121250,4936,55900,275.9
121260,4940,57300,283.1
121270,4940,56600,279.6
121280,4936,56900,280.9
121290,4940,56600,279.6
121300,4940,56900,281.1
121310,4732,134800,637.9
121320,4940,55900,276.1
121330,4940,57500,284.1
121340,4936,55900,275.9
121350,4940,57500,284.1
121360,4940,56000,276.6
121370,4940,57500,284.1
121380,4936,56000,276.4
121390,4940,57500,284.1
121400,4936,55900,275.9
121410,4820,136400,657.4
121420,4936,55900,275.9
121430,4940,57500,284.1
121440,4936,56000,276.4
121450,4940,56900,281.1
121460,4940,56600,279.6
121470,4940,56800,280.6
121480,4940,56500,279.1
121490,4940,56700,280.1
121500,4940,57200,282.6
121510,4940,55900,276.1
121520,4724,134600,635.9
121530,4936,56000,276.4
121540,4940,57500,284.1
121550,4936,55900,275.9
121560,4940,57500,284.1
121570,4940,55900,276.1
121580,4940,57500,284.1
121590,4940,55800,275.7
121600,4940,57500,284.1
121610,4940,55900,276.1
121620,4820,152500,735.1
121630,4940,56600,279.6
121640,4940,56900,281.1
121650,4940,56600,279.6
121660,4940,56900,281.1
121670,4940,56600,279.6
121680,4940,56000,276.6
121690,4940,57500,284.1
121700,4940,55900,276.1
121710,4940,57500,284.1
121720,4940,55900,276.1
121730,4940,57600,284.5
121740,4936,55900,275.9
121750,4940,57500,284.1
121760,4936,56000,276.4
121770,4940,57500,284.1
121780,4936,55900,275.9
121790,4940,57500,284.1
121800,4940,55900,276.1
121810,4940,56900,281.1
121820,4936,56600,279.4
121830,4816,145800,702.2
121840,4940,56600,279.6
121850,4940,56800,280.6
121860,4936,57100,281.8
121870,4936,55900,275.9
121880,4940,57600,284.5
121890,4940,55900,276.1
121900,4940,57500,284.1
121910,4940,56000,276.6
121920,4940,57500,284.1
121930,4936,55900,275.9
121940,4724,135600,640.6
121950,4936,56000,276.4
121960,4940,57500,284.1
121970,4940,55900,276.1
121980,4940,57300,283.1
121990,4940,56600,279.6
122000,4940,56800,280.6
122010,4940,56600,279.6
122020,4940,56900,281.1
122030,4940,56600,279.6
122041,4704,149100,701.4
122050,4936,57500,283.8
122060,4940,56000,276.6
122070,4940,57500,284.1
122080,4936,55900,275.9
122090,4940,57500,284.1
122100,4940,55900,276.1
122110,4936,57600,284.3
122120,4940,55900,276.1
122130,4940,57500,284.1
122140,4936,137100,676.7
122150,4940,57600,284.5
122160,4936,56000,276.4
122170,4936,56900,280.9
122180,4940,56600,279.6
122190,4940,56900,281.1
122200,4940,56600,279.6
122210,4940,56800,280.6
122220,4940,57100,282.1
122230,4936,56000,276.4
122240,4940,57500,284.1
122250,4936,93200,460.0
122260,4940,57500,284.1
122270,4936,55900,275.9
122280,4940,57500,284.1
122290,4940,55900,276.1
122300,4940,57500,284.1
122310,4940,55900,276.1
122320,4940,57500,284.1
122330,4936,56000,276.4
122340,4940,57200,282.6
122350,4940,56500,279.1
122360,4832,134300,648.9
122370,4940,56600,279.6
122380,4940,56800,280.6
122390,4940,56600,279.6
122400,4940,55900,276.1
122410,4940,57500,284.1
122420,4936,55900,275.9
122430,4940,57600,284.5
122440,4940,55900,276.1
122450,4940,57500,284.1
122460,4812,140900,678.0
122470,4940,57500,284.1
122480,4936,55900,275.9
122490,4940,57600,284.5
122500,4936,55900,275.9
122510,4940,57500,284.1
122520,4940,55900,276.1
122530,4936,56900,280.9
122540,4940,56500,279.1
122550,4940,56900,281.1
122560,4940,56500,279.1
122570,4816,187300,902.0
122580,4940,57000,281.6
122590,4940,55900,276.1
122600,4940,57600,284.5
122610,4936,55900,275.9
122620,4940,57500,284.1
122630,4936,56000,276.4
122640,4940,57500,284.1
122650,4936,56000,276.4
122660,4940,57500,284.1
122670,4936,55900,275.9
122680,4732,160400,759.0
122690,4940,55900,276.1
122700,4940,57400,283.6
122710,4940,56600,279.6
122720,4940,56800,280.6
122730,4940,56500,279.1
122740,4940,56800,280.6
122750,4940,56600,279.6
122760,4940,55900,276.1
122770,4940,57500,284.1
122780,4932,85100,419.7
122790,4940,57500,284.1
122800,4936,55900,275.9
122810,4940,57500,284.1
122820,4936,55900,275.9
122830,4940,57600,284.5
122840,4936,55900,275.9
122850,4940,57500,284.1
122860,4940,55800,275.7
122870,4940,57500,284.1
122880,4940,55900,276.1
122890,4940,56900,281.1
122900,4940,56600,279.6
122910,4940,56900,281.1
122920,4940,56600,279.6
122930,4940,56800,280.6
122940,4940,57100,282.1
122950,4936,56000,276.4
122960,4940,57600,284.5
122970,4940,55900,276.1
122980,4940,57500,284.1
122990,4832,133400,644.6
123000,4940,57500,284.1
123010,4940,55900,276.1
123020,4940,57500,284.1
123030,4940,55900,276.1
123040,4940,57600,284.5
123050,4940,55900,276.1
123060,4940,57300,283.1
123070,4940,56600,279.6
123080,4940,56900,281.1
123090,4812,141300,679.9
123100,4940,56900,281.1
123110,4940,56600,279.6
123120,4940,55900,276.1
123130,4940,57500,284.1
123140,4940,55900,276.1
123150,4940,57500,284.1
123160,4936,55900,275.9
123170,4940,57500,284.1
123180,4936,55900,275.9
123190,4940,57500,284.1
123200,4760,79300,377.5
123210,4940,57500,284.1
123220,4936,55900,275.9
123230,4940,57600,284.5
123240,4936,55800,275.4
123250,4940,56800,280.6
123260,4940,56500,279.1
123270,4936,56900,280.9
123280,4940,56600,279.6
123290,4940,56800,280.6
123300,4936,57100,281.8
123310,4936,55900,275.9
123320,4940,57500,284.1
123330,4936,55900,275.9
123340,4940,57500,284.1
123350,4936,55900,275.9
123360,4940,57500,284.1
123370,4936,55900,275.9
123380,4940,57600,284.5
123390,4940,55900,276.1
123400,4940,57500,284.1
123410,4936,56000,276.4
123420,4940,57400,283.6
123430,4940,56500,279.1
123440,4940,56900,281.1
123450,4940,56600,279.6
123460,4940,56800,280.6
123470,4940,56600,279.6
123480,4936,56000,276.4
123490,4940,57500,284.1
123500,4936,55900,275.9
123510,4940,57500,284.1
123520,4828,136700,660.0
123530,4940,57500,284.1
123540,4940,56000,276.6
123550,4940,57500,284.1
123560,4936,55900,275.9
123570,4940,57500,284.1
123580,4936,55900,275.9
123590,4940,57500,284.1
123600,4940,56000,276.6
123610,4936,56900,280.9
123620,4940,56600,279.6
123630,4828,56900,274.7
123640,4940,56500,279.1
123650,4940,56800,280.6
123660,4940,57100,282.1
123670,4940,55900,276.1
123681,4940,57600,284.5
123690,4940,55900,276.1
123700,4940,57500,284.1
123710,4940,56000,276.6
123720,4944,57500,284.3
123730,4816,144200,694.5
123740,4940,57500,284.1
123750,4936,55900,275.9
123760,4940,57500,284.1
123770,4936,55800,275.4
123780,4940,57400,283.6
123790,4940,56500,279.1
123800,4940,56800,280.6
123810,4940,56600,279.6
123820,4940,56900,281.1
123830,4816,141700,682.4
123840,4940,55900,276.1
123850,4940,57500,284.1
123860,4940,55900,276.1
123870,4940,57500,284.1
123880,4936,55900,275.9
123890,4940,57500,284.1
123900,4936,55900,275.9
123910,4940,57500,284.1
123920,4936,55900,275.9
123930,4940,57500,284.1
123940,4816,142300,685.3
123950,4940,57600,284.5
123960,4936,55900,275.9
123970,4940,56900,281.1
123980,4940,56600,279.6
123990,4940,56800,280.6
124000,4940,56600,279.6
124010,4940,56800,280.6
124020,4940,57100,282.1
124030,4940,55900,276.1
124040,4816,144700,696.9
124050,4936,56000,276.4
124060,4940,57500,284.1
124070,4940,55900,276.1
124080,4940,57600,284.5
124090,4936,55900,275.9
124100,4940,57500,284.1
124110,4940,55900,276.1
124120,4940,57500,284.1
124130,4936,56000,276.4
124140,4792,142500,682.9
124150,4940,56500,279.1
124160,4940,56900,281.1
124170,4940,56600,279.6
124180,4940,56900,281.1
124190,4940,56600,279.6
124200,4940,55900,276.1
124210,4940,57500,284.1
124220,4936,55900,275.9
124230,4940,57500,284.1
124240,4936,55900,275.9
124250,4716,132000,622.5
124260,4936,55900,275.9
124270,4940,57600,284.5
124280,4936,56000,276.4
124290,4940,57500,284.1
124300,4936,55900,275.9
124310,4940,57500,284.1
124320,4940,55900,276.1
124330,4940,57000,281.6
124340,4940,56500,279.1
124350,4820,146300,705.2
124360,4940,56600,279.6
124370,4940,56800,280.6
124380,4940,56900,281.1
124390,4940,55900,276.1
124400,4940,57600,284.5
124410,4940,55800,275.7
124420,4940,57500,284.1
124430,4936,55900,275.9
124440,4940,57500,284.1
124450,4936,55900,275.9
124460,4776,185700,886.9
124470,4936,56000,276.4
124480,4940,57600,284.5
124490,4940,55900,276.1
124500,4940,57400,283.6
124510,4940,56500,279.1
124520,4940,56900,281.1
124530,4940,56500,279.1
124540,4940,56900,281.1
124550,4940,56600,279.6
124560,4940,55900,276.1
124570,4892,57500,281.3
124580,4936,56000,276.4
124590,4940,57500,284.1
124600,4936,56000,276.4
124610,4940,57500,284.1
124620,4940,55900,276.1
124630,4940,57600,284.5
124640,4940,55900,276.1
124650,4940,57600,284.5
124660,4936,55900,275.9
124670,4796,142600,683.9
124680,4940,55900,276.1
124690,4940,56900,281.1
124700,4940,56600,279.6
124710,4940,56900,281.1
124720,4940,56600,279.6
124730,4940,56900,281.1
124740,4940,56900,281.1
124750,4936,55900,275.9
124760,4940,57500,284.1
124770,4932,83500,411.8
124780,4940,57500,284.1
124790,4936,55900,275.9
124800,4940,57600,284.5
124810,4936,55900,275.9
124820,4940,57500,284.1
124830,4940,56000,276.6
124840,4940,57500,284.1
124850,4940,55900,276.1
124860,4940,57500,284.1
124870,4940,56500,279.1
124880,4792,142100,680.9
124890,4940,56600,279.6
124900,4940,56800,280.6
124910,4940,56600,279.6
124920,4940,55900,276.1
124930,4940,57600,284.5
124940,4940,55900,276.1
124950,4940,57500,284.1
124960,4940,55800,275.7
124970,4940,57500,284.1
124980,4940,56000,276.6
124990,4796,196800,943.9
125000,4936,55900,275.9
125010,4940,57600,284.5
125020,4936,55900,275.9
125030,4940,57500,284.1
125040,4940,55900,276.1
125050,4940,56900,281.1
125060,4940,56600,279.6
125070,4940,56900,281.1
125080,4940,56600,279.6
125090,4792,143000,685.3
125100,4940,56900,281.1
125110,4940,56000,276.6
125120,4940,57500,284.1
125130,4936,55900,275.9
125140,4940,57500,284.1
125150,4940,55900,276.1
125160,4940,57500,284.1
125170,4936,55900,275.9
125180,4940,57500,284.1
125190,4936,55900,275.9
125200,4816,143500,691.1
125210,4940,55900,276.1
125220,4940,57500,284.1
125230,4940,56400,278.6
125240,4940,56900,281.1
125250,4940,56600,279.6
125260,4940,56900,281.1
125270,4940,56600,279.6
125280,4940,55900,276.1
125290,4940,57500,284.1
125300,4940,55900,276.1
125311,4852,57600,279.5
125320,4940,55900,276.1
125330,4940,57600,284.5
125340,4936,55900,275.9
125350,4940,57500,284.1
125360,4936,55900,275.9
125370,4940,57500,284.1
125380,4936,55900,275.9
125390,4940,57500,284.1
125400,4940,55900,276.1
125410,4940,56900,281.1
125420,4936,56600,279.4
125430,4940,56900,281.1
125440,4940,56600,279.6
125450,4940,56900,281.1
125460,4940,56900,281.1
125470,4936,55900,275.9
125480,4940,57600,284.5
125490,4936,55900,275.9
125500,4940,57500,284.1
125510,4936,55900,275.9
125520,4816,142900,688.2
125530,4936,56000,276.4
125540,4940,57600,284.5
125550,4936,55900,275.9
125560,4940,57500,284.1
125570,4940,56000,276.6
125580,4940,57500,284.1
125590,4940,56500,279.1
125600,4940,56900,281.1
125610,4936,56600,279.4
125620,4816,163400,786.9
125630,4940,56600,279.6
125640,4940,55900,276.1
125650,4940,57600,284.5
125660,4936,55900,275.9
125670,4940,57500,284.1
125680,4936,56000,276.4
125690,4940,57500,284.1
125700,4940,55900,276.1
125710,4940,57600,284.5
125720,4816,199100,958.9
125730,4940,57500,284.1
125740,4936,56000,276.4
125750,4940,57500,284.1
125760,4936,55900,275.9
125770,4940,56900,281.1
125780,4940,56600,279.6
125790,4940,56900,281.1
125800,4940,56600,279.6
125810,4940,56900,281.1
125820,4936,59700,294.7
125830,4940,56000,276.6
125840,4940,57500,284.1
125850,4936,56000,276.4
125860,4940,57600,284.5
125870,4936,55900,275.9
125880,4940,57500,284.1
125890,4940,55900,276.1
125900,4940,57500,284.1
125910,4940,56000,276.6
125920,4940,57500,284.1
125930,4816,140900,678.6
125940,4940,57500,284.1
125950,4940,56300,278.1
125960,4940,56900,281.1
125970,4940,56600,279.6
125980,4940,56900,281.1
125990,4940,56500,279.1
126000,4940,55900,276.1
126010,4940,57500,284.1
126020,4940,55900,276.1
126030,4940,57500,284.1
126040,4816,144100,694.0
126050,4940,57600,284.5
126060,4936,55900,275.9
126070,4940,57500,284.1
126080,4936,56000,276.4
126090,4940,57500,284.1
126100,4940,56000,276.6
126110,4940,57500,284.1
126120,4936,56000,276.4
126130,4940,56900,281.1
126140,4940,56500,279.1
126150,4940,56900,281.1
126160,4940,56600,279.6
126170,4940,56900,281.1
126180,4940,56900,281.1
126190,4940,55900,276.1
126200,4940,57500,284.1
126210,4940,55900,276.1
126220,4940,57500,284.1
126230,4940,55900,276.1
126240,4940,57500,284.1
126250,4936,101500,501.0
126260,4940,57600,284.5
126270,4936,56000,276.4
126280,4940,57500,284.1
126290,4936,55900,275.9
126300,4940,57500,284.1
126310,4940,56400,278.6
126320,4940,56800,280.6
126330,4940,56600,279.6
126340,4940,56800,280.6
126350,4940,56600,279.6
126360,4708,138200,650.6
126370,4940,57500,284.1
126380,4936,55900,275.9
126390,4940,57500,284.1
126400,4936,55900,275.9
126410,4940,57500,284.1
126420,4936,56000,276.4
126430,4940,57500,284.1
126440,4936,55900,275.9
126450,4940,57500,284.1
126460,4816,151300,728.7
126470,4940,57500,284.1
126480,4936,56000,276.4
126490,4940,56900,281.1
126500,4940,56600,279.6
126510,4940,56900,281.1
126520,4940,56600,279.6
126530,4940,56900,281.1
126540,4940,56800,280.6
126550,4940,55900,276.1
126560,4940,57500,284.1
126570,4816,196800,947.8
126580,4940,57500,284.1
126590,4936,55900,275.9
126600,4940,57500,284.1
126610,4936,55900,275.9
126620,4940,57600,284.5
126630,4936,56000,276.4
126640,4940,57500,284.1
126650,4940,56000,276.6
126660,4940,57400,283.6
126670,4940,56500,279.1
126680,4712,138000,650.3
126690,4940,56600,279.6
126700,4940,56900,281.1
126710,4940,56600,279.6
126720,4940,55900,276.1
126730,4940,57400,283.6
126740,4940,55900,276.1
126750,4940,57500,284.1
126760,4940,55900,276.1
126770,4940,57500,284.1
126780,4816,205700,990.7
126790,4940,57500,284.1
126800,4940,56000,276.6
126810,4940,57500,284.1
126820,4940,56000,276.6
126830,4940,57500,284.1
126840,4936,55900,275.9
126850,4940,56900,281.1
126860,4940,56600,279.6
126870,4940,56900,281.1
126880,4812,141700,681.9
126890,4940,56800,280.6
126900,4940,56800,280.6
126910,4940,55900,276.1
126920,4940,57500,284.1
126930,4936,55900,275.9
126941,4940,57500,284.1
126950,4936,55900,275.9
126960,4940,57500,284.1
126970,4936,55900,275.9
126980,4940,57600,284.5
126990,4824,136800,659.9
127000,4940,57500,284.1
127010,4940,55900,276.1
127020,4940,57500,284.1
127030,4940,56300,278.1
127040,4940,56900,281.1
127050,4940,56600,279.6
127060,4940,56800,280.6
127070,4940,56500,279.1
127080,4940,55900,276.1
127090,4872,155400,757.1
127100,4940,55900,276.1
127110,4940,57500,284.1
127120,4940,55900,276.1
127130,4940,57500,284.1
127140,4936,56000,276.4
127150,4940,57600,284.5
127160,4936,56000,276.4
127170,4940,57500,284.1
127180,4936,55900,275.9
127190,4940,57600,284.5
127200,4812,142700,686.7
127210,4940,56900,281.1
127220,4936,56500,278.9
127230,4940,56900,281.1
127240,4940,56600,279.6
127250,4940,56900,281.1
127260,4940,56900,281.1
127270,4940,56000,276.6
127280,4940,57500,284.1
127290,4940,55900,276.1
127300,4848,152400,738.8
127310,4940,55900,276.1
127320,4940,57500,284.1
127330,4936,56000,276.4
127340,4940,57500,284.1
127350,4940,55900,276.1
127360,4940,57500,284.1
127370,4936,56000,276.4
127380,4940,57500,284.1
127390,4940,56400,278.6
127400,4936,57700,284.8
127410,4940,56600,279.6
127420,4940,56900,281.1
127430,4940,56500,279.1
127440,4940,55800,275.7
127450,4940,57500,284.1
127460,4936,55900,275.9
127470,4940,57500,284.1
127480,4936,56000,276.4
127490,4940,57500,284.1
127500,4936,56000,276.4
127510,4812,141200,679.5
127520,4940,55900,276.1
127530,4940,57500,284.1
127540,4940,56000,276.6
127550,4940,57500,284.1
127560,4940,56000,276.6
127570,4940,56900,281.1
127580,4940,56600,279.6
127590,4940,56900,281.1
127600,4940,56600,279.6
127610,4940,56900,281.1
127620,4720,134800,636.3
127630,4936,55900,275.9
127640,4940,57500,284.1
127650,4936,56000,276.4
127660,4940,57500,284.1
127670,4936,55900,275.9
127680,4940,57500,284.1
127690,4940,56000,276.6
127700,4940,57500,284.1
127710,4936,55900,275.9
127720,4940,57500,284.1
127730,4764,179000,852.8
127740,4940,57500,284.1
127750,4936,56400,278.4
127760,4940,56900,281.1
127770,4940,56700,280.1
127780,4940,56900,281.1
127790,4940,56500,279.1
127800,4940,55900,276.1
127810,4940,57400,283.6
127820,4940,55900,276.1
127830,4816,144700,696.9
127840,4940,56000,276.6
127850,4940,57500,284.1
127860,4936,55900,275.9
127870,4940,57500,284.1
127880,4940,56000,276.6
127890,4940,57500,284.1
127900,4940,55900,276.1
127910,4940,57500,284.1
127920,4936,55900,275.9
127930,4940,56900,281.1
127940,4832,211000,1019.6
127950,4940,56800,280.6
127960,4940,56600,279.6
127970,4940,56800,280.6
127980,4940,56800,280.6
127990,4936,55900,275.9
128000,4940,57500,284.1
128010,4940,55900,276.1
128020,4940,57500,284.1
128030,4936,55900,275.9
128040,4824,142500,687.4
128050,4936,55900,275.9
128060,4940,57600,284.5
128070,4936,55900,275.9
128080,4940,57600,284.5
128090,4936,55900,275.9
128100,4940,57500,284.1
128110,4940,56400,278.6
128120,4940,56900,281.1
128130,4940,56600,279.6
128140,4940,56800,280.6
128150,4856,56600,274.8
128160,4940,55900,276.1
128170,4940,57500,284.1
128180,4940,55900,276.1
128190,4940,57500,284.1
128200,4940,55900,276.1
128210,4940,57500,284.1
128220,4940,56000,276.6
128230,4940,57600,284.5
128240,4940,55800,275.7
128250,4748,138600,658.1
128260,4940,55900,276.1
128270,4940,57500,284.1
128280,4936,55900,275.9
128290,4940,56900,281.1
128300,4936,56600,279.4
128310,4940,56900,281.1
128320,4940,56600,279.6
128330,4940,56800,280.6
128340,4940,56800,280.6
128350,4940,55900,276.1
128360,4880,57500,280.6
128370,4936,55900,275.9
128380,4940,57500,284.1
128390,4936,55900,275.9
128400,4940,57500,284.1
128410,4936,55800,275.4
128420,4940,57500,284.1
128430,4940,55900,276.1
128440,4940,57500,284.1
128450,4936,56000,276.4
128460,4756,175100,832.8
128470,4940,56300,278.1
128480,4940,56900,281.1
128490,4940,56600,279.6
128500,4940,56900,281.1
128510,4940,56500,279.1
128520,4940,55800,275.7
128530,4940,57600,284.5
128540,4936,55900,275.9
128550,4940,57600,284.5
128560,4816,144100,694.0
128570,4940,57600,284.5
128581,4936,56000,276.4
128590,4940,57500,284.1
128600,4940,55900,276.1
128610,4940,57500,284.1
128620,4936,55900,275.9
128630,4940,57500,284.1
128640,4936,55900,275.9
128650,4940,56900,281.1
128660,4936,56500,278.9
128670,4716,151500,714.5
128680,4940,56600,279.6
128690,4940,56900,281.1
128700,4940,56800,280.6
128710,4936,55900,275.9
128720,4940,57500,284.1
128730,4940,55900,276.1
128740,4940,57500,284.1
128750,4940,55900,276.1
128760,4940,57500,284.1
128770,4816,205600,990.2
128780,4940,57500,284.1
128790,4936,56000,276.4
128800,4940,57600,284.5
128810,4936,55900,275.9
128820,4940,57500,284.1
128830,4936,56300,277.9
128840,4940,56900,281.1
128850,4940,56600,279.6
128860,4940,56900,281.1
128870,4940,56500,279.1
128880,4816,161500,777.8
128890,4940,57500,284.1
128900,4936,56000,276.4
128910,4940,57500,284.1
128920,4936,56000,276.4
128930,4940,57600,284.5
128940,4936,55900,275.9
128950,4940,57500,284.1
128960,4940,55900,276.1
128970,4940,57500,284.1
128980,4816,144000,693.5
128990,4940,57500,284.1
129000,4936,55900,275.9
129010,4940,56900,281.1
129020,4940,56600,279.6
129030,4940,56900,281.1
129040,4940,56500,279.1
129050,4936,56900,280.9
129060,4940,56800,280.6
129070,4940,56000,276.6
129080,4940,57500,284.1
129090,4780,138000,659.6
129100,4940,57500,284.1
129110,4936,55900,275.9
129120,4940,57500,284.1
129130,4936,55900,275.9
129140,4944,57500,284.3
129150,4936,56000,276.4
129160,4940,57500,284.1
129170,4936,55900,275.9
129180,4940,57400,283.6
129190,4828,205000,989.7
129200,4940,56900,281.1
129210,4940,56600,279.6
129220,4940,56800,280.6
129230,4940,56600,279.6
129240,4940,55900,276.1
129250,4940,57500,284.1
129260,4940,55900,276.1
129270,4940,57500,284.1
129280,4936,55900,275.9
129290,4752,152800,726.1
129300,4936,55900,275.9
129310,4940,57500,284.1
129320,4940,55800,275.7
129330,4940,57500,284.1
129340,4940,55900,276.1
129350,4940,57500,284.1
129360,4936,55900,275.9
129370,4940,56900,281.1
129380,4940,56500,279.1
129390,4716,134400,633.8
129400,4936,56600,279.4
129410,4940,56800,280.6
129420,4940,56800,280.6
129430,4936,55900,275.9
129440,4940,57600,284.5
129450,4936,55900,275.9
129460,4940,57500,284.1
129470,4940,55800,275.7
129480,4940,57500,284.1
129490,4940,55900,276.1
129500,4716,133800,631.0
129510,4940,56000,276.6
129520,4940,57500,284.1
129530,4940,55900,276.1
129540,4940,57500,284.1
129550,4936,56400,278.4
129560,4940,56900,281.1
129570,4940,56600,279.6
129580,4940,56900,281.1
129590,4936,56600,279.4
129600,4816,144900,697.8
129610,4940,57600,284.5
129620,4940,55900,276.1
129630,4940,57500,284.1
129640,4936,56000,276.4
129650,4940,57600,284.5
129660,4940,55900,276.1
129670,4940,57500,284.1
129680,4940,55900,276.1
129690,4940,57500,284.1
129700,4936,55900,275.9
129710,4720,135100,637.7
129720,4936,55900,275.9
129730,4940,56900,281.1
129740,4936,56600,279.4
129750,4940,56900,281.1
129760,4940,56600,279.6
129770,4940,56900,281.1
129780,4940,56900,281.1
129790,4936,55900,275.9
129800,4940,57500,284.1
129810,4940,55900,276.1
129820,4828,214700,1036.6
129830,4936,56000,276.4
129840,4940,57500,284.1
129850,4936,56000,276.4
129860,4940,57500,284.1
129870,4936,55900,275.9
129880,4940,57500,284.1
129890,4940,56000,276.6
129900,4940,57500,284.1
129910,4940,56400,278.6
129920,4940,57100,282.1
129930,4940,56600,279.6
129940,4940,56800,280.6
129950,4940,56600,279.6
129960,4940,55900,276.1
129970,4940,57600,284.5
129980,4940,56000,276.6
129990,4940,57500,284.1
130000,4936,55900,275.9
130010,4940,57500,284.1
130020,4936,81900,404.3
130030,4940,57600,284.5
130040,4936,55900,275.9
130050,4940,57500,284.1
130060,4940,55900,276.1
130070,4940,57500,284.1
130080,4936,55900,275.9
130090,4940,56800,280.6
130100,4940,56600,279.6
130110,4940,56900,281.1
130120,4940,56600,279.6
130130,4816,162500,782.6
130140,4940,56800,280.6
130150,4936,55900,275.9
130160,4940,57500,284.1
130170,4936,55900,275.9
130180,4940,57500,284.1
130190,4936,55900,275.9
130200,4940,57600,284.5
130211,4936,56000,276.4
130220,4940,57600,284.5
130230,4816,145600,701.2
130240,4940,57600,284.5
130250,4936,55900,275.9
130260,4940,57400,283.6
130270,4936,56300,277.9
130280,4940,56800,280.6
130290,4936,56500,278.9
130300,4940,56900,281.1
130310,4940,56600,279.6
130320,4940,55900,276.1
130330,4816,142800,687.7
130340,4936,55900,275.9
130350,4940,57600,284.5
130360,4936,56000,276.4
130370,4940,57500,284.1
130380,4940,56000,276.6
130390,4940,57500,284.1
130400,4940,55900,276.1
130410,4940,57500,284.1
130420,4936,56000,276.4
130430,4940,57500,284.1
130440,4824,174000,839.4
130450,4940,56900,281.1
130460,4940,56500,279.1
130470,4940,56900,281.1
130480,4940,56600,279.6
130490,4940,56900,281.1
130500,4940,56900,281.1
130510,4936,55900,275.9
130520,4940,57500,284.1
130530,4940,56000,276.6
130540,4940,57500,284.1
130550,4704,126500,595.1
130560,4940,57600,284.5
130570,4936,56000,276.4
130580,4940,57600,284.5
130590,4940,56000,276.6
130600,4940,57500,284.1
130610,4936,55900,275.9
130620,4940,57400,283.6
130630,4940,56400,278.6
130640,4940,56900,281.1
130650,4756,150500,715.8
130660,4940,56900,281.1
130670,4940,56500,279.1
130680,4936,55900,275.9
130690,4940,57500,284.1
130700,4940,56000,276.6
130710,4940,57500,284.1
130720,4936,55900,275.9
130730,4940,57500,284.1
130740,4936,55900,275.9
130750,4820,142700,687.8
130760,4936,56000,276.4
130770,4940,57600,284.5
130780,4940,56000,276.6
130790,4940,57500,284.1
130800,4940,55900,276.1
130810,4940,56900,281.1
130820,4936,56600,279.4
130830,4940,56900,281.1
130840,4940,56500,279.1
130850,4936,58900,290.7
130860,4940,56800,280.6
130870,4936,55900,275.9
130880,4940,57500,284.1
130890,4936,56000,276.4
130900,4940,57500,284.1
130910,4936,55900,275.9
130920,4940,57600,284.5
130930,4940,55900,276.1
130940,4940,57500,284.1
130950,4936,55900,275.9
130960,4740,138700,657.4
130970,4940,55900,276.1
130980,4940,57500,284.1
130990,4940,56300,278.1
131000,4940,56900,281.1
131010,4940,56600,279.6
131020,4940,56900,281.1
131030,4940,56600,279.6
131040,4940,55900,276.1
131050,4940,57500,284.1
131060,4828,135500,654.2
131070,4940,57600,284.5
131080,4940,55900,276.1
131090,4940,57500,284.1
131100,4936,55900,275.9
131110,4940,57500,284.1
131120,4940,56000,276.6
131130,4940,57500,284.1
131140,4940,55900,276.1
131150,4940,57500,284.1
131160,4936,55900,275.9
131170,4724,140000,661.4
131180,4936,56600,279.4
131190,4940,56900,281.1
131200,4940,56600,279.6
131210,4940,56900,281.1
131220,4940,56800,280.6
131230,4936,55900,275.9
131240,4940,57500,284.1
131250,4936,55900,275.9
131260,4944,57500,284.3
131270,4820,132100,636.7
131280,4940,57500,284.1
131290,4940,55900,276.1
131300,4940,57500,284.1
131310,4936,56000,276.4
131320,4940,57600,284.5
131330,4940,55900,276.1
131340,4940,57500,284.1
131350,4940,56400,278.6
131360,4940,56900,281.1
131370,4940,58800,290.5
131380,4940,57000,281.6
131390,4940,56600,279.6
131400,4940,55900,276.1
131410,4940,57500,284.1
131420,4940,56000,276.6
131430,4940,57500,284.1
131440,4936,55900,275.9
131450,4940,57600,284.5
131460,4940,55900,276.1
131470,4940,57500,284.1
131480,4828,140100,676.4
131490,4940,57500,284.1
131500,4940,55900,276.1
131510,4940,57500,284.1
131520,4936,55900,275.9
131530,4940,57000,281.6
131540,4940,56600,279.6
131550,4940,56900,281.1
131560,4940,56600,279.6
131570,4940,56800,280.6
131580,4940,56800,280.6
131590,4700,143800,675.9
131600,4940,57500,284.1
131610,4940,56000,276.6
131620,4940,57500,284.1
131630,4936,55900,275.9
131640,4940,57500,284.1
131650,4940,55900,276.1
131660,4940,57500,284.1
131670,4936,55900,275.9
131680,4940,57500,284.1
131690,4936,55900,275.9
131700,4940,57500,284.1
131710,4936,56300,277.9
131720,4940,56900,281.1
131730,4940,56600,279.6
131740,4940,56900,281.1
131750,4940,56600,279.6
131760,4940,55900,276.1
131770,4940,57600,284.5
131780,4936,55900,275.9
131790,4940,57500,284.1
131800,4708,136400,642.2
131810,4940,57500,284.1
131820,4940,55900,276.1
131830,4940,57500,284.1
131844,4940,56600,279.6
131850,4940,57600,284.5
131860,4940,55900,276.1
131870,4940,57500,284.1
131880,4940,55900,276.1
131890,4940,56800,280.6
131900,4776,166200,793.8
131910,4940,56900,281.1
131920,4940,56600,279.6
131930,4940,56800,280.6
131940,4936,56800,280.4
131950,4936,56000,276.4
131960,4940,57500,284.1
131970,4936,55900,275.9
131980,4940,57500,284.1
131990,4936,55900,275.9
132000,4732,139000,657.7
132010,4936,55900,275.9
132020,4940,57500,284.1
132030,4940,55900,276.1
132040,4940,57500,284.1
132050,4936,56000,276.4
132060,4940,57500,284.1
132070,4940,56400,278.6
132080,4940,56900,281.1
132090,4940,56600,279.6
132100,4940,56900,281.1
132110,4828,211800,1022.6
132120,4940,55900,276.1
132130,4936,57500,283.8
132140,4936,55900,275.9
132150,4940,57600,284.5
132160,4936,55900,275.9
132170,4940,57500,284.1
132180,4940,55900,276.1
132190,4940,57500,284.1
132200,4940,55900,276.1
132210,4820,141400,681.5
132220,4940,55900,276.1
132230,4940,57500,284.1
132240,4936,55900,275.9
132250,4940,56900,281.1
132260,4936,56500,278.9
132270,4940,56900,281.1
132280,4940,56600,279.6
132290,4940,56800,280.6
132300,4936,56900,280.9
132310,4936,56000,276.4
132320,4824,219600,1059.4
132330,4936,56000,276.4
132340,4940,57500,284.1
132350,4936,55900,275.9
132360,4940,57500,284.1
132370,4936,55900,275.9
132380,4940,57500,284.1
132390,4940,55900,276.1
132400,4940,57500,284.1
132410,4940,56000,276.6
132420,4816,142700,687.2
132430,4936,56300,277.9
132440,4940,56900,281.1
132450,4940,56600,279.6
132460,4940,56800,280.6
132470,4940,56600,279.6
132480,4940,55900,276.1
132490,4940,57500,284.1
132500,4940,56000,276.6
132510,4940,57500,284.1
132520,4816,143900,693.0
132530,4940,57600,284.5
132540,4940,55900,276.1
132550,4940,57600,284.5
132560,4936,55900,275.9
132570,4940,57500,284.1
132580,4936,55900,275.9
132590,4940,57500,284.1
132600,4936,55900,275.9
132610,4940,56900,281.1
132620,4936,56500,278.9
132630,4820,136700,658.9
132640,4940,56600,279.6
132650,4940,56900,281.1
132660,4940,56800,280.6
132670,4936,56000,276.4
132680,4940,57500,284.1
132690,4940,55900,276.1
132700,4940,57600,284.5
132710,4936,55900,275.9
132720,4940,57500,284.1
132730,4812,142700,686.7
132740,4836,220500,1066.3
132750,4936,56000,276.4
132760,4940,57600,284.5
132770,4940,56000,276.6
132780,4944,57500,284.3
132790,4940,56300,278.1
132800,4940,56900,281.1
132810,4940,56600,279.6
132820,4940,56900,281.1
132830,4940,56600,279.6
132840,4936,57500,283.8
132850,4940,57600,284.5
132860,4940,55900,276.1
132870,4940,57500,284.1
132880,4936,55900,275.9
132890,4940,57500,284.1
132900,4940,56000,276.6
132910,4940,57500,284.1
132920,4940,55900,276.1
132930,4940,57600,284.5
132940,4940,55900,276.1
132950,4820,139000,670.0
132960,4936,55900,275.9
132970,4940,56900,281.1
132980,4940,56600,279.6
132990,4940,56800,280.6
133000,4940,56600,279.6
133010,4940,56800,280.6
133020,4940,56900,281.1
133030,4936,55900,275.9
133040,4940,57500,284.1
133050,4792,143000,685.3
133060,4940,57500,284.1
133070,4940,56000,276.6
133080,4940,57500,284.1
133090,4940,56000,276.6
133100,4940,57600,284.5
133110,4936,55900,275.9
133120,4940,57500,284.1
133130,4936,56000,276.4
133140,4940,57500,284.1
133150,4940,56300,278.1
133160,4768,181300,864.4
133170,4936,56600,279.4
133180,4940,56900,281.1
133190,4940,56600,279.6
133200,4940,55900,276.1
133210,4940,57500,284.1
133220,4936,55900,275.9
133230,4940,57600,284.5
133240,4936,55900,275.9
133250,4940,57500,284.1
133260,4936,55900,275.9
133270,4900,57500,281.8
133280,4940,55900,276.1
133290,4940,57500,284.1
133300,4936,55900,275.9
133310,4940,57500,284.1
133320,4936,56100,276.9
133330,4940,56900,281.1
133340,4940,56500,279.1
133350,4940,56900,281.1
133360,4940,56600,279.6
133370,4792,142000,680.5
133380,4940,56800,280.6
133390,4940,56000,276.6
133400,4940,57500,284.1
133410,4936,55900,275.9
133420,4940,57500,284.1
133430,4936,55900,275.9
133440,4940,57500,284.1
133450,4936,56000,276.4
133460,4940,57500,284.1
133471,4940,55900,276.1
133480,4820,142400,686.4
133490,4940,55900,276.1
133500,4940,57600,284.5
133510,4940,56300,278.1
133520,4940,56900,281.1
133530,4940,56600,279.6
133540,4940,56900,281.1
133550,4940,56600,279.6
133560,4940,55900,276.1
133570,4940,57500,284.1
133580,4936,55900,275.9
133590,4860,57600,279.9
133600,4936,55900,275.9
133610,4940,57500,284.1
133620,4940,56000,276.6
133630,4940,57500,284.1
133640,4940,55900,276.1
133650,4940,57500,284.1
133660,4936,55800,275.4
133670,4940,57500,284.1
133680,4940,55900,276.1
133690,4940,57000,281.6
133700,4812,56600,272.4
133710,4940,56800,280.6
133720,4940,56600,279.6
133730,4940,56800,280.6
133740,4940,56800,280.6
133750,4940,55900,276.1
133760,4940,57500,284.1
133770,4940,56000,276.6
133780,4940,57400,283.6
133790,4936,55900,275.9
133800,4940,57500,284.1
133810,4940,55900,276.1
133820,4940,57600,284.5
133830,4940,55900,276.1
133840,4940,57500,284.1
133850,4936,55900,275.9
133860,4940,57500,284.1
133870,4940,56400,278.6
133880,4940,56900,281.1
133890,4940,56500,279.1
133900,4940,56900,281.1
133910,4756,147600,702.0
133920,4940,55900,276.1
133930,4940,57500,284.1
133940,4936,56000,276.4
133950,4940,57600,284.5
133960,4940,56000,276.6
133970,4940,57600,284.5
133980,4936,55900,275.9
133990,4940,57500,284.1
134000,4936,56000,276.4
134010,4840,151000,730.8
134020,4936,55900,275.9
134030,4940,57600,284.5
134040,4936,55900,275.9
134050,4940,57000,281.6
134060,4940,56600,279.6
134070,4936,56900,280.9
134080,4940,56500,279.1
134090,4940,56900,281.1
134100,4940,56900,281.1
134110,4932,57900,285.6
134120,4940,57600,284.5
134130,4940,55900,276.1
134140,4940,57500,284.1
134150,4940,55900,276.1
134160,4940,57500,284.1
134170,4940,55900,276.1
134180,4940,57500,284.1
134190,4936,55900,275.9
134200,4940,57500,284.1
134210,4940,55900,276.1
134220,4736,170700,808.4
134230,4940,56300,278.1
134240,4940,56900,281.1
134250,4940,56700,280.1
134260,4940,56800,280.6
134270,4936,56500,278.9
134280,4940,55900,276.1
134290,4940,57500,284.1
134300,4936,55900,275.9
134310,4940,57400,283.6
134320,4792,141400,677.6
134330,4940,57600,284.5
134340,4936,55900,275.9
134350,4940,57600,284.5
134360,4936,55900,275.9
134370,4940,57600,284.5
134380,4936,56000,276.4
134390,4940,57500,284.1
134400,4940,55900,276.1
134410,4940,56900,281.1
134420,4936,56600,279.4
134430,4768,179400,855.4
134440,4940,56600,279.6
134450,4940,56800,280.6
134460,4940,56800,280.6
134470,4940,55900,276.1
134480,4940,57500,284.1
134490,4936,56000,276.4
134500,4940,57600,284.5
134510,4936,55900,275.9
134520,4940,57500,284.1
134530,4816,189800,914.1
134540,4940,57600,284.5
134550,4936,56000,276.4
134560,4940,57500,284.1
134570,4936,55900,275.9
134580,4940,57500,284.1
134590,4940,56400,278.6
134600,4940,56900,281.1
134610,4940,56500,279.1
134620,4940,56900,281.1
134630,4816,142100,684.4
134640,4940,55900,276.1
134650,4940,57500,284.1
134660,4940,55900,276.1
134670,4940,57500,284.1
134680,4940,55900,276.1
134690,4940,57500,284.1
134700,4940,56000,276.6
134710,4940,57600,284.5
134720,4936,56000,276.4
134730,4940,57500,284.1
134740,4804,129500,622.1
134750,4940,57600,284.5
134760,4936,56000,276.4
134770,4940,56900,281.1
134780,4940,56500,279.1
134790,4940,56900,281.1
134800,4940,56500,279.1
134810,4940,56900,281.1
134820,4940,56800,280.6
134830,4936,55900,275.9
134840,4940,57600,284.5
134850,4704,144000,677.4
134860,4940,57500,284.1
134870,4936,56000,276.4
134880,4940,57600,284.5
134890,4936,56000,276.4
134900,4940,57500,284.1
134910,4936,55900,275.9
134920,4940,57500,284.1
134930,4940,56000,276.6
134940,4940,57500,284.1
134950,4828,209500,1011.5
134960,4940,57000,281.6
134970,4940,56600,279.6
134980,4940,56900,281.1
134990,4940,56600,279.6
135000,4940,55900,276.1
135010,4940,57500,284.1
135020,4940,56000,276.6
135030,4940,57600,284.5
135040,4940,55900,276.1
135050,4940,60300,297.9
135060,4940,56000,276.6
135070,4940,57500,284.1
135080,4940,55900,276.1
135090,4940,57600,284.5
135100,4936,56000,276.4
135111,4940,56900,281.1
135120,4940,56000,276.6
135130,4940,56900,281.1
135140,4936,56600,279.4
135150,4940,56900,281.1
135160,4820,56600,272.8
135170,4936,56800,280.4
135180,4940,56900,281.1
135190,4936,55900,275.9
135200,4940,57500,284.1
135210,4940,55900,276.1
135220,4940,57500,284.1
135230,4936,55900,275.9
135240,4940,57500,284.1
135250,4940,56000,276.6
135260,4828,217700,1051.1
135270,4940,55900,276.1
135280,4940,57500,284.1
135290,4940,55900,276.1
135300,4940,57400,283.6
135310,4936,56400,278.4
135320,4940,56900,281.1
135330,4940,56600,279.6
135340,4940,56900,281.1
135350,4940,56600,279.6
135360,4816,133600,643.4
135370,4940,57500,284.1
135380,4940,55900,276.1
135390,4940,57500,284.1
135400,4940,55900,276.1
135410,4940,57600,284.5
135420,4936,56000,276.4
135430,4940,57500,284.1
135440,4940,55900,276.1
135450,4940,57500,284.1
135460,4940,55900,276.1
135470,4924,57500,283.1
135480,4940,55900,276.1
135490,4940,56900,281.1
135500,4940,56600,279.6
135510,4936,56800,280.4
135520,4940,56600,279.6
135530,4940,56900,281.1
135540,4940,56900,281.1
135550,4940,56000,276.6
135560,4940,57500,284.1
135570,4788,140900,674.6
135580,4940,57600,284.5
135590,4936,55900,275.9
135600,4940,57500,284.1
135610,4936,55900,275.9
135620,4940,57500,284.1
135630,4936,55900,275.9
135640,4940,57500,284.1
135650,4936,56000,276.4
135660,4940,57400,283.6
135670,4940,56500,279.1
135680,4812,144900,697.3
135690,4936,56500,278.9
135700,4940,56900,281.1
135710,4940,56600,279.6
135720,4936,55900,275.9
135730,4940,57500,284.1
135740,4940,55900,276.1
135750,4940,57500,284.1
135760,4936,55900,275.9
135770,4940,57500,284.1
135780,4940,55900,276.1
135790,4864,155100,754.4
135800,4940,56000,276.6
135810,4940,57500,284.1
135820,4936,56000,276.4
135830,4940,57500,284.1
135840,4940,55900,276.1
135850,4940,56900,281.1
135860,4940,56600,279.6
135870,4940,56900,281.1
135880,4940,56600,279.6
135890,4940,56800,280.6
135900,4820,197200,950.5
135910,4940,56000,276.6
135920,4940,57500,284.1
135930,4936,55900,275.9
135940,4940,57500,284.1
135950,4936,55900,275.9
135960,4940,57500,284.1
135970,4936,56000,276.4
135980,4940,57400,283.6
135990,4936,55900,275.9
136000,4840,151100,731.3
136010,4936,55900,275.9
136020,4940,57500,284.1
136030,4936,56500,278.9
136040,4940,56800,280.6
136050,4940,56600,279.6
136060,4940,56900,281.1
136070,4940,56600,279.6
136080,4940,55900,276.1
136090,4940,57500,284.1
136100,4940,55900,276.1
136110,4904,162000,794.4
136120,4936,56000,276.4
136130,4940,57500,284.1
136140,4940,55900,276.1
136150,4940,57500,284.1
136160,4936,55900,275.9
136170,4940,57500,284.1
136180,4936,55900,275.9
136190,4940,57600,284.5
136200,4936,55900,275.9
136210,4940,56900,281.1
136220,4824,210000,1013.0
136230,4940,56800,280.6
136240,4940,56600,279.6
136250,4940,56800,280.6
136260,4940,57000,281.6
136270,4940,56000,276.6
136280,4940,57500,284.1
136290,4936,55900,275.9
136300,4940,57500,284.1
136310,4940,55900,276.1
136320,4724,134100,633.5
136330,4940,55900,276.1
136340,4940,57500,284.1
136350,4940,55900,276.1
136360,4940,57500,284.1
136370,4940,55900,276.1
136380,4940,57400,283.6
136390,4940,56500,279.1
136400,4940,56900,281.1
136410,4940,56500,279.1
136420,4772,172100,821.3
136430,4936,56600,279.4
136440,4940,55900,276.1
136450,4940,57500,284.1
136460,4940,55900,276.1
136470,4940,57500,284.1
136480,4936,55900,275.9
136490,4940,57500,284.1
136500,4936,55900,275.9
136510,4940,57500,284.1
136520,4796,142600,683.9
136530,4940,57500,284.1
136540,4936,56000,276.4
136550,4940,57600,284.5
136560,4936,55900,275.9
136570,4940,57000,281.6
136580,4940,56600,279.6
136590,4940,56900,281.1
136600,4940,56500,279.1
136610,4940,56700,280.1
136620,4940,58900,291.0
136630,4936,55900,275.9
136640,4940,57500,284.1
136650,4940,56000,276.6
136660,4940,57500,284.1
136670,4936,55900,275.9
136680,4940,57500,284.1
136690,4936,55900,275.9
136700,4940,57500,284.1
136710,4936,55900,275.9
136720,4940,57500,284.1
136730,4816,141000,679.1
136741,4940,56900,281.1
136750,4936,56500,278.9
136760,4940,56900,281.1
136770,4940,56600,279.6
136780,4940,56900,281.1
136790,4936,56600,279.4
136800,4936,55900,275.9
136810,4940,57500,284.1
136820,4936,55900,275.9
136830,4820,140600,677.7
136840,4940,55900,276.1
136850,4940,57500,284.1
136860,4940,55900,276.1
136870,4940,57500,284.1
136880,4936,55900,275.9
136890,4940,57500,284.1
136900,4940,55900,276.1
136910,4940,57500,284.1
136920,4940,56000,276.6
136930,4940,56900,281.1
136940,4808,189700,912.1
136950,4940,56900,281.1
136960,4936,56600,279.4
136970,4940,56800,280.6
136980,4940,57000,281.6
136990,4940,56000,276.6
137000,4940,57500,284.1
137010,4940,55900,276.1
137020,4940,57500,284.1
137030,4936,55900,275.9
137040,4940,60500,298.9
137050,4936,56000,276.4
137060,4940,57500,284.1
137070,4940,55900,276.1
137080,4940,57500,284.1
137090,4940,55900,276.1
137100,4940,57400,283.6
137110,4936,56500,278.9
137120,4940,56900,281.1
137130,4940,56600,279.6
137140,4940,56800,280.6
137150,4820,181000,872.4
137160,4940,55900,276.1
137170,4940,57500,284.1
137180,4940,55900,276.1
137190,4940,57500,284.1
137200,4940,55900,276.1
137210,4940,57500,284.1
137220,4940,56000,276.6
137230,4940,57500,284.1
137240,4936,55900,275.9
137250,4828,217200,1048.6
137260,4940,55900,276.1
137270,4940,57500,284.1
137280,4936,55900,275.9
137290,4940,56800,280.6
137300,4940,56600,279.6
137310,4940,56800,280.6
137320,4940,56600,279.6
137330,4940,56700,280.1
137340,4936,57200,282.3
137350,4816,141100,679.5
137360,4940,57500,284.1
137370,4936,55900,275.9
137380,4940,57500,284.1
137390,4940,55900,276.1
137400,4940,57500,284.1
137410,4936,55900,275.9
137420,4940,57600,284.5
137430,4936,55900,275.9
137440,4940,57500,284.1
137450,4940,55900,276.1
137460,4824,139000,670.5
137470,4936,56500,278.9
137480,4940,56900,281.1
137490,4940,56500,279.1
137500,4936,56900,280.9
137510,4940,56600,279.6
137520,4940,55900,276.1
137530,4940,57400,283.6
137540,4940,55900,276.1
137550,4940,57500,284.1
137560,4792,142100,680.9
137570,4940,57500,284.1
137580,4936,56000,276.4
137590,4940,57500,284.1
137600,4936,55900,275.9
137610,4940,57500,284.1
137620,4940,55900,276.1
137630,4940,57500,284.1
137640,4940,55900,276.1
137650,4940,56900,281.1
137660,4940,56600,279.6
137670,4792,193200,925.8
137680,4940,56500,279.1
137690,4940,56800,280.6
137700,4936,57100,281.8
137710,4940,55900,276.1
137720,4940,57500,284.1
137730,4940,55900,276.1
137740,4940,57500,284.1
137750,4940,55900,276.1
137760,4940,57500,284.1
137770,4708,136000,640.3
137780,4940,57500,284.1
137790,4936,55900,275.9
137800,4940,57500,284.1
137810,4940,55900,276.1
137820,4940,57200,282.6
137830,4936,56600,279.4
137840,4940,56800,280.6
137850,4940,56600,279.6
137860,4940,56900,281.1
137870,4940,56600,279.6
137880,4940,55900,276.1
137890,4936,57500,283.8
137900,4940,56000,276.6
137910,4940,57500,284.1
137920,4936,56000,276.4
137930,4940,57500,284.1
137940,4936,55900,275.9
137950,4940,57500,284.1
137960,4936,55900,275.9
137970,4940,57500,284.1
137980,4800,185100,888.5
137990,4940,57500,284.1
138000,4936,55900,275.9
138010,4940,56900,281.1
138020,4940,56600,279.6
138030,4940,56900,281.1
138040,4940,56600,279.6
138050,4940,56600,279.6
138060,4940,57200,282.6
138070,4940,55900,276.1
138080,4940,57500,284.1
138090,4708,148000,696.8
138100,4940,57500,284.1
138110,4936,55900,275.9
138120,4940,57500,284.1
138130,4936,55900,275.9
138140,4940,57600,284.5
138150,4936,55900,275.9
138160,4940,57500,284.1
138170,4940,55900,276.1
138180,4940,57200,282.6
138190,4836,203900,986.1
138200,4940,56900,281.1
138210,4940,56600,279.6
138220,4940,56900,281.1
138230,4940,56500,279.1
138240,4940,55900,276.1
138250,4940,57500,284.1
138260,4940,55900,276.1
138270,4940,57500,284.1
138280,4940,55900,276.1
138290,4940,57500,284.1
138300,4940,55900,276.1
138310,4940,57400,283.6
138320,4936,55900,275.9
138330,4940,57500,284.1
138340,4940,55900,276.1
138350,4940,57500,284.1
138360,4940,56000,276.6
138371,4936,56900,280.9
138380,4940,56600,279.6
138390,4940,56800,280.6
138400,4932,147700,728.5
138410,4940,56700,280.1
138420,4940,57300,283.1
138430,4936,55900,275.9
138440,4940,57500,284.1
138450,4936,56000,276.4
138460,4940,57500,284.1
138470,4940,55900,276.1
138480,4940,57500,284.1
138490,4936,55900,275.9
138500,4940,57500,284.1
138510,4816,198800,957.4
138520,4940,57500,284.1
138530,4936,56000,276.4
138540,4940,57200,282.6
138550,4936,56600,279.4
138560,4940,56900,281.1
138570,4940,56600,279.6
138580,4940,56800,280.6
138590,4940,56500,279.1
138600,4940,55900,276.1
138610,4940,60000,296.4
138620,4936,56000,276.4
138630,4940,57500,284.1
138640,4936,56000,276.4
138650,4940,57500,284.1
138660,4940,55900,276.1
138670,4940,57500,284.1
138680,4940,55800,275.7
138690,4940,57600,284.5
138700,4936,56000,276.4
138710,4940,57600,284.5
138720,4824,129000,622.3
138730,4940,56900,281.1
138740,4940,56600,279.6
138750,4940,56900,281.1
138760,4940,56600,279.6
138770,4936,56600,279.4
138780,4940,57300,283.1
138790,4936,55900,275.9
138800,4940,57500,284.1
138810,4936,55900,275.9
138820,4812,142700,686.7
138830,4940,55900,276.1
138840,4940,57500,284.1
138850,4940,56000,276.6
138860,4940,57400,283.6
138870,4936,56000,276.4
138880,4940,57500,284.1
138890,4936,55900,275.9
138900,4940,57000,281.6
138910,4940,56600,279.6
138920,4940,57000,281.6
138930,4828,209900,1013.4
138940,4940,56900,281.1
138950,4940,56600,279.6
138960,4940,56000,276.6
138970,4940,57500,284.1
138980,4936,55900,275.9
138990,4940,57500,284.1
139000,4936,55900,275.9
139010,4940,57500,284.1
139020,4940,55900,276.1
139030,4812,142900,687.6
139040,4936,55900,275.9
139050,4940,57500,284.1
139060,4940,56000,276.6
139070,4940,57500,284.1
139080,4940,55900,276.1
139090,4940,56900,281.1
139100,4940,56600,279.6
139110,4940,56900,281.1
139120,4940,56600,279.6
139130,4816,141600,681.9
139140,4812,57300,275.7
139150,4940,56000,276.6
139160,4940,57500,284.1
139170,4936,56000,276.4
139180,4940,57500,284.1
139190,4940,55900,276.1
139200,4944,57500,284.3
139210,4940,55900,276.1
139220,4940,57600,284.5
139230,4936,56000,276.4
139240,4940,60300,297.9
139250,4940,55900,276.1
139260,4940,57100,282.1
139270,4936,56600,279.4
139280,4940,56900,281.1
139290,4940,56600,279.6
139300,4940,56900,281.1
139310,4940,56600,279.6
139320,4940,55900,276.1
139330,4940,57500,284.1
139340,4940,56000,276.6
139350,4744,144100,683.6
139360,4936,56000,276.4
139370,4940,57600,284.5
139380,4936,56000,276.4
139390,4940,57600,284.5
139400,4936,55900,275.9
139410,4940,57600,284.5
139420,4936,55900,275.9
139430,4940,57600,284.5
139440,4936,55900,275.9
139450,4828,149800,723.2
139460,4940,56700,280.1
139470,4940,56900,281.1
139480,4940,56500,279.1
139490,4940,56500,279.1
139500,4940,57500,284.1
139510,4940,56000,276.6
139520,4940,57600,284.5
139530,4936,56000,276.4
139540,4940,57500,284.1
139550,4936,55900,275.9
139560,4720,131800,622.1
139570,4936,55900,275.9
139580,4940,57500,284.1
139590,4936,56000,276.4
139600,4940,57600,284.5
139610,4940,55900,276.1
139620,4940,57000,281.6
139630,4940,56700,280.1
139640,4940,56900,281.1
139650,4940,56600,279.6
139660,4820,141600,682.5
139670,4940,56600,279.6
139680,4936,56000,276.4
139690,4940,57600,284.5
139700,4940,56000,276.6
139710,4940,57500,284.1
139720,4936,55900,275.9
139730,4940,57500,284.1
139740,4940,56000,276.6
139750,4940,57500,284.1
139760,4816,141000,679.1
139770,4940,57500,284.1
139780,4940,55900,276.1
139790,4940,57500,284.1
139800,4936,55900,275.9
139810,4940,56900,281.1
139820,4940,56600,279.6
139830,4940,56800,280.6
139840,4940,56600,279.6
139850,4940,56400,278.6
139860,4940,57400,283.6
139870,4788,137100,656.4
139880,4940,57500,284.1
139890,4936,55900,275.9
139900,4940,57500,284.1
139910,4936,55900,275.9
139920,4940,57500,284.1
139930,4940,55900,276.1
139940,4940,57500,284.1
139950,4936,55900,275.9
139960,4940,57500,284.1
139970,4940,55900,276.1
139980,4724,134400,634.9
139990,4940,56600,279.6
140000,4940,56800,280.6
140011,4940,56600,279.6
140020,4940,56900,281.1
140030,4936,56600,279.4
140040,4936,56000,276.4
140050,4940,57600,284.5
140060,4940,55900,276.1
140070,4940,57500,284.1
140080,4824,133300,643.0
140090,4940,57500,284.1
140100,4940,55900,276.1
140110,4940,57500,284.1
140120,4940,56000,276.6
140130,4940,57500,284.1
140140,4936,55900,275.9
140150,4940,57500,284.1
140160,4936,56000,276.4
140170,4940,56900,281.1
140180,4816,143000,688.7
140190,4940,56900,281.1
140200,4940,56600,279.6
140210,4940,56400,278.6
140220,4940,57500,284.1
140230,4936,55900,275.9
140240,4940,57500,284.1
140250,4936,55900,275.9
140260,4940,57500,284.1
140270,4940,56000,276.6
140280,4896,159900,782.9
140290,4940,56000,276.6
140300,4940,57600,284.5
140310,4940,55900,276.1
140320,4940,57500,284.1
140330,4936,55900,275.9
140340,4940,56900,281.1
140350,4940,56600,279.6
140360,4940,56900,281.1
140370,4940,56600,279.6
140380,4940,56900,281.1
140390,4828,208100,1004.7
140400,4940,56000,276.6
140410,4940,57600,284.5
140420,4936,56000,276.4
140430,4940,57500,284.1
140440,4940,55900,276.1
140450,4940,57500,284.1
140460,4936,55800,275.4
140470,4940,57500,284.1
140480,4936,55900,275.9
140490,4728,138800,656.2
140500,4940,55900,276.1
140510,4940,57500,284.1
140520,4936,55900,275.9
140530,4940,56800,280.6
140540,4940,56600,279.6
140550,4940,56900,281.1
140560,4940,56600,279.6
140570,4940,56300,278.1
140580,4940,57500,284.1
140590,4940,56000,276.6
140600,4824,209100,1008.7
140610,4940,55900,276.1
140620,4940,57500,284.1
140630,4940,55900,276.1
140640,4940,57500,284.1
140650,4936,56000,276.4
140660,4940,57600,284.5
140670,4936,56000,276.4
140680,4940,57500,284.1
140690,4936,55900,275.9
140700,4820,141800,683.5
140710,4936,56600,279.4
140720,4940,56900,281.1
140730,4940,56600,279.6
140740,4940,56900,281.1
140750,4940,56600,279.6
140760,4940,55900,276.1
140770,4940,57500,284.1
140780,4936,55900,275.9
140790,4940,57500,284.1
140800,4932,57100,281.6
140810,4940,57500,284.1
140820,4940,55900,276.1
140830,4940,57500,284.1
140840,4936,55900,275.9
140850,4940,57500,284.1
140860,4936,55900,275.9
140870,4940,57400,283.6
140880,4940,55900,276.1
140890,4936,56800,280.4
140900,4940,56500,279.1
140910,4940,56900,281.1
140920,4940,56600,279.6
140930,4940,56400,278.6
140940,4940,57500,284.1
140950,4936,55900,275.9
140960,4940,57500,284.1
140970,4936,56000,276.4
140980,4940,57500,284.1
140990,4936,55900,275.9
141000,4940,60200,297.4
141010,4940,55900,276.1
141020,4940,57500,284.1
141030,4940,56000,276.6
141040,4940,57500,284.1
141050,4936,55900,275.9
141060,4940,56900,281.1
141070,4936,56600,279.4
141080,4940,56900,281.1
141090,4940,56600,279.6
141100,4940,56900,281.1
141110,4812,141300,679.9
141120,4936,56000,276.4
141130,4940,57500,284.1
141140,4940,56000,276.6
141150,4940,57500,284.1
141160,4936,55900,275.9
141170,4940,57600,284.5
141180,4936,55900,275.9
141190,4940,57500,284.1
141200,4936,55900,275.9
141210,4812,142300,684.7
141220,4936,55900,275.9
141230,4940,57500,284.1
141240,4936,55900,275.9
141250,4940,56800,280.6
141260,4940,56500,279.1
141270,4940,56900,281.1
141280,4940,56600,279.6
141290,4940,56300,278.1
141300,4940,57500,284.1
141310,4940,56000,276.6
141320,4812,142600,686.2
141330,4940,56000,276.6
141340,4940,57600,284.5
141350,4940,56000,276.6
141360,4940,57500,284.1
141370,4936,55900,275.9
141380,4940,57500,284.1
141390,4940,56000,276.6
141400,4940,57400,283.6
141410,4936,55900,275.9
141420,4940,56800,280.6
141430,4824,195300,942.1
141440,4940,56900,281.1
141450,4940,56600,279.6
141460,4940,56900,281.1
141470,4940,56500,279.1
141480,4940,55900,276.1
141490,4940,57600,284.5
141500,4936,55900,275.9
141510,4940,57600,284.5
141520,4936,55900,275.9
141530,4736,136700,647.4
141540,4936,56000,276.4
141550,4940,57500,284.1
141560,4936,56000,276.4
141570,4940,57500,284.1
141580,4936,55900,275.9
141590,4940,57500,284.1
141600,4940,56000,276.6
141610,4940,56900,281.1
141620,4940,56600,279.6
141630,4816,142300,685.3
141641,4936,57600,284.3
141650,4940,56300,278.1
141660,4936,57500,283.8
141670,4940,55900,276.1
141680,4940,57500,284.1
141690,4940,55900,276.1
141700,4940,57500,284.1
141710,4940,55900,276.1
141720,4940,57500,284.1
141730,4816,140800,678.1
141740,4860,57600,279.9
141750,4936,56000,276.4
141760,4940,57500,284.1
141770,4940,55900,276.1
141780,4940,56900,281.1
141790,4940,56600,279.6
141800,4940,56900,281.1
141810,4940,56600,279.6
141820,4940,56800,280.6
141830,4940,56600,279.6
141840,4804,143000,687.0
141850,4940,57500,284.1
141860,4940,55900,276.1
141870,4940,57500,284.1
141880,4936,55900,275.9
141890,4940,57500,284.1
141900,4940,55900,276.1
141910,4940,57500,284.1
141920,4940,56000,276.6
141930,4940,57600,284.5
141940,4940,55900,276.1
141950,4896,57600,282.0
141960,4940,55900,276.1
141970,4940,56800,280.6
141980,4940,56600,279.6
141990,4940,57000,281.6
142000,4940,56600,279.6
142010,4936,56200,277.4
142020,4940,57600,284.5
142030,4940,55900,276.1
142040,4940,57600,284.5
142050,4792,141600,678.5
142060,4940,57500,284.1
142070,4940,55900,276.1
142080,4940,57500,284.1
142090,4936,55900,275.9
142100,4940,57500,284.1
142110,4936,55900,275.9
142120,4940,57500,284.1
142130,4936,55900,275.9
142140,4940,56800,280.6
142150,4940,56600,279.6
142160,4812,140900,678.0
142170,4940,56600,279.6
142180,4940,56800,280.6
142190,4940,56600,279.6
142200,4940,56000,276.6
142210,4940,57500,284.1
142220,4936,55900,275.9
142230,4940,57600,284.5
142240,4940,55900,276.1
142250,4940,57600,284.5
142260,4936,55900,275.9
142270,4824,198100,955.6
142280,4936,55900,275.9
142290,4940,57500,284.1
142300,4940,55900,276.1
142310,4940,57500,284.1
142320,4936,56000,276.4
142330,4940,56900,281.1
142340,4940,56600,279.6
142350,4940,56900,281.1
142360,4940,56600,279.6
142370,4940,56100,277.1
142380,4828,208900,1008.6
142390,4936,56000,276.4
142400,4940,57500,284.1
142410,4936,55900,275.9
142420,4940,57500,284.1
142430,4936,56000,276.4
142440,4940,57600,284.5
142450,4936,55900,275.9
142460,4940,57600,284.5
142470,4936,55900,275.9
142480,4940,57500,284.1
142490,4708,136000,640.3
142500,4940,56800,280.6
142510,4936,56600,279.4
142520,4940,56900,281.1
142530,4940,56500,279.1
142540,4940,56900,281.1
142550,4940,56500,279.1
142560,4940,55900,276.1
142570,4940,57500,284.1
142580,4936,55900,275.9
142590,4920,156300,769.0
142600,4940,55900,276.1
142610,4940,57500,284.1
142620,4936,55900,275.9
142630,4940,57600,284.5
142640,4940,56000,276.6
142650,4940,57600,284.5
142660,4936,55900,275.9
142670,4940,57500,284.1
142680,4940,56000,276.6
142690,4940,56900,281.1
142700,4828,197800,955.0
142710,4940,56900,281.1
142720,4940,56500,279.1
142730,4940,56100,277.1
142740,4940,57600,284.5
142750,4940,56000,276.6
142760,4940,57500,284.1
142770,4936,56000,276.4
142780,4940,57500,284.1
142790,4936,56000,276.4
142800,4816,141600,681.9
142810,4936,56000,276.4
142820,4940,57600,284.5
142830,4940,55900,276.1
142840,4940,57500,284.1
142850,4940,55900,276.1
142860,4940,56800,280.6
142870,4936,56600,279.4
142880,4940,56800,280.6
142890,4940,56600,279.6
142900,4940,56900,281.1
142910,4812,141900,682.8
142920,4936,56000,276.4
142930,4940,57600,284.5
142940,4940,55900,276.1
142950,4940,57500,284.1
142960,4940,55900,276.1
142970,4940,57500,284.1
142980,4940,55900,276.1
142990,4940,57500,284.1
143000,4936,55900,275.9
143010,4940,57500,284.1
143020,4708,143700,676.5
143030,4940,57500,284.1
143040,4940,56000,276.6
143050,4936,56800,280.4
143060,4940,56600,279.6
143070,4940,56900,281.1
143080,4940,56500,279.1
143090,4940,56000,276.6
143100,4940,57500,284.1
143110,4936,55900,275.9
143120,4780,167700,801.6
143130,4940,56000,276.6
143140,4940,57500,284.1
143150,4936,56000,276.4
143160,4940,57500,284.1
143170,4940,55900,276.1
143180,4940,57600,284.5
143190,4940,56000,276.6
143200,4940,57500,284.1
143210,4936,55900,275.9
143220,4940,56800,280.6
143230,4824,186800,901.1
143240,4940,56900,281.1
143250,4940,56600,279.6
143260,4940,56900,281.1
143271,4940,57600,284.5
143280,4936,55900,275.9
143290,4940,57500,284.1
143300,4940,55900,276.1
143310,4940,57500,284.1
143320,4936,55900,275.9
143330,4748,144500,686.1
143340,4936,56000,276.4
143350,4940,57500,284.1
143360,4936,55900,275.9
143370,4940,57500,284.1
143380,4940,56000,276.6
143390,4940,57500,284.1
143400,4936,56000,276.4
143410,4936,56900,280.9
143420,4940,56600,279.6
143430,4940,56800,280.6
143440,4820,211200,1018.0
143450,4936,56000,276.4
143460,4940,57600,284.5
143470,4936,55900,275.9
143480,4940,57500,284.1
143490,4940,55900,276.1
143500,4940,57600,284.5
143510,4936,55900,275.9
143520,4940,57600,284.5
143530,4936,56000,276.4
143540,4896,159900,782.9
143550,4936,55900,275.9
143560,4940,57600,284.5
143570,4940,56000,276.6
143580,4940,56800,280.6
143590,4936,56600,279.4
143600,4940,56800,280.6
143610,4940,56600,279.6
143620,4940,56900,281.1
143630,4936,56600,279.4
143640,4940,55900,276.1
143650,4800,209000,1003.2
143660,4940,55900,276.1
143670,4940,57600,284.5
143680,4936,56000,276.4
143690,4940,57600,284.5
143700,4940,55900,276.1
143710,4940,57500,284.1
143720,4940,55900,276.1
143730,4940,57600,284.5
143740,4936,55900,275.9
143750,4940,57500,284.1
143760,4824,137000,660.9
143770,4940,56900,281.1
143780,4940,56600,279.6
143790,4936,56900,280.9
143800,4940,56500,279.1
143810,4940,55900,276.1
143820,4940,57600,284.5
143830,4936,55900,275.9
143840,4940,57500,284.1
143850,4940,55900,276.1
143860,4940,57500,284.1
143870,4940,56000,276.6
143880,4940,57500,284.1
143890,4940,55900,276.1
143900,4940,57400,283.6
143910,4936,55900,275.9
143920,4940,57600,284.5
143930,4940,55900,276.1
143940,4940,56900,281.1
143950,4940,56600,279.6
143960,4940,56900,281.1
143970,4816,144100,694.0
143980,4940,56900,281.1
143990,4940,56700,280.1
144000,4936,55900,275.9
144010,4940,57500,284.1
144020,4940,55900,276.1
144030,4940,57500,284.1
144040,4940,56000,276.6
144050,4940,57500,284.1
144060,4940,56000,276.6
144070,4940,57500,284.1
144080,4828,205500,992.2
144090,4940,57600,284.5
144100,4940,55900,276.1
144110,4940,57500,284.1
144120,4936,56200,277.4
144130,4940,56800,280.6
144140,4940,56600,279.6
144150,4940,56800,280.6
144160,4940,56600,279.6
144170,4940,56000,276.6
144180,4940,57600,284.5
144190,4940,55900,276.1
144200,4940,57500,284.1
144210,4936,55900,275.9
144220,4940,57600,284.5
144230,4940,55900,276.1
144240,4940,57500,284.1
144250,4936,55900,275.9
144260,4940,57500,284.1
144270,4936,55900,275.9
144280,4940,57500,284.1
144290,4816,201300,969.5
144300,4940,56900,281.1
144310,4936,56600,279.4
144320,4940,56900,281.1
144330,4940,56500,279.1
144340,4940,56900,281.1
144350,4940,56700,280.1
144360,4936,55900,275.9
144370,4940,57600,284.5
144380,4936,56000,276.4
144390,4776,164600,786.1
144400,4936,55900,275.9
144410,4940,57500,284.1
144420,4936,56000,276.4
144430,4940,57500,284.1
144440,4940,55900,276.1
144450,4940,57500,284.1
144460,4936,55900,275.9
144470,4940,57500,284.1
144480,4936,56300,277.9
144490,4940,56900,281.1
144500,4764,79800,380.2
144510,4940,57000,281.6
144520,4940,56500,279.1
144530,4940,55900,276.1
144540,4940,57600,284.5
144550,4936,55900,275.9
144560,4940,57500,284.1
144570,4936,55800,275.4
144580,4940,57500,284.1
144590,4940,55900,276.1
144600,4816,143400,690.6
144610,4940,56000,276.6
144620,4940,57500,284.1
144630,4940,55900,276.1
144640,4940,57500,284.1
144650,4936,55900,275.9
144660,4940,56900,281.1
144670,4940,56600,279.6
144680,4940,56900,281.1
144690,4940,56600,279.6
144700,4940,56900,281.1
144710,4828,209700,1012.4
144720,4936,55900,275.9
144730,4940,57600,284.5
144740,4936,56000,276.4
144750,4940,57400,283.6
144760,4936,55900,275.9
144770,4940,57500,284.1
144780,4940,55900,276.1
144790,4940,57600,284.5
144800,4936,56000,276.4
144810,4892,159000,777.8
144820,4936,55900,275.9
144830,4940,57500,284.1
144840,4936,56300,277.9
144850,4940,56900,281.1
144860,4940,56600,279.6
144870,4940,56900,281.1
144880,4940,56600,279.6
144890,4940,55900,276.1
144901,4940,57500,284.1
144910,4940,55900,276.1
144920,4808,144400,694.3
144930,4940,55900,276.1
144940,4940,57500,284.1
144950,4940,55900,276.1
144960,4940,57500,284.1
144970,4940,55900,276.1
144980,4940,57500,284.1
144990,4936,55900,275.9
145000,4940,57500,284.1
145010,4940,55900,276.1
145020,4940,59700,294.9
145030,4940,56600,279.6
145040,4940,56900,281.1
145050,4940,56600,279.6
145060,4940,56900,281.1
145070,4940,56800,280.6
145080,4940,55900,276.1
145090,4940,57500,284.1
145100,4940,55900,276.1
145110,4940,57600,284.5
145120,4936,56000,276.4
145130,4828,199000,960.8
145140,4936,56000,276.4
145150,4940,57500,284.1
145160,4936,56000,276.4
145170,4940,57500,284.1
145180,4940,55900,276.1
145190,4940,57500,284.1
145200,4936,56500,278.9
145210,4940,56900,281.1
145220,4940,56600,279.6
145230,4724,137600,650.0
145240,4940,56600,279.6
145250,4940,55900,276.1
145260,4940,57600,284.5
145270,4936,56000,276.4
145280,4940,57500,284.1
145290,4940,56000,276.6
145300,4940,57500,284.1
145310,4936,55900,275.9
145320,4940,57500,284.1
145330,4936,56000,276.4
145340,4720,133500,630.1
145350,4936,55900,275.9
145360,4940,57500,284.1
145370,4940,56000,276.6
145380,4940,56900,281.1
145390,4936,56600,279.4
145400,4940,56800,280.6
145410,4940,56600,279.6
145420,4940,56800,280.6
145430,4940,57000,281.6
145440,4940,58800,290.5
145450,4940,57600,284.5
145460,4936,56000,276.4
145470,4940,57500,284.1
145480,4940,55900,276.1
145490,4940,57600,284.5
145500,4940,56000,276.6
145510,4940,57500,284.1
145520,4940,55900,276.1
145530,4940,57500,284.1
145540,4940,55900,276.1
145550,4824,139000,670.5
145560,4940,56400,278.6
145570,4940,56900,281.1
145580,4940,56500,279.1
145590,4940,56900,281.1
145600,4940,56500,279.1
145610,4936,55900,275.9
145620,4940,57500,284.1
145630,4940,55900,276.1
145640,4940,57500,284.1
145650,4936,55900,275.9
145660,4828,207100,999.9
145670,4940,55900,276.1
145680,4940,57500,284.1
145690,4936,56000,276.4
145700,4940,57500,284.1
145710,4940,56000,276.6
145720,4940,57500,284.1
145730,4936,55900,275.9
145740,4940,56900,281.1
145750,4940,56600,279.6
145760,4848,152200,737.9
145770,4936,56500,278.9
145780,4940,56800,280.6
145790,4940,57000,281.6
145800,4940,55900,276.1
145810,4940,57500,284.1
145820,4940,55900,276.1
145830,4940,57500,284.1
145840,4936,55900,275.9
145850,4940,57500,284.1
145860,4936,56000,276.4
145870,4736,139400,660.2
145880,4940,55900,276.1
145890,4940,57500,284.1
145900,4936,56000,276.4
145910,4940,57300,283.1
145920,4936,56600,279.4
145930,4940,56800,280.6
145940,4940,56600,279.6
145950,4940,56800,280.6
145960,4940,56500,279.1
145970,4936,55900,275.9
145980,4824,211500,1020.3
145990,4940,56000,276.6
146000,4940,57500,284.1
146010,4940,55900,276.1
146020,4940,57500,284.1
146030,4940,55900,276.1
146040,4940,57600,284.5
146050,4940,55900,276.1
146060,4940,57600,284.5
146070,4940,55900,276.1
146080,4940,57500,284.1
146090,4724,101300,478.5
146100,4940,56900,281.1
146110,4936,56600,279.4
146120,4940,56900,281.1
146130,4940,56600,279.6
146140,4940,56800,280.6
146150,4940,57200,282.6
146160,4936,55900,275.9
146170,4940,57500,284.1
146180,4936,55900,275.9
146190,4828,175000,844.9
146200,4940,56000,276.6
146210,4940,57500,284.1
146220,4936,55900,275.9
146230,4940,57500,284.1
146240,4936,56000,276.4
146250,4940,57500,284.1
146260,4940,55900,276.1
146270,4940,57200,282.6
146280,4940,56600,279.6
146290,4768,160100,763.4
146300,4940,56600,279.6
146310,4940,56900,281.1
146320,4940,56600,279.6
146330,4940,56000,276.6
146340,4940,57500,284.1
146350,4940,56000,276.6
146360,4940,57600,284.5
146370,4936,56000,276.4
146380,4940,57600,284.5
146390,4932,56100,276.7
146400,4940,57500,284.1
146410,4940,56000,276.6
146420,4940,57500,284.1
146430,4940,55900,276.1
146440,4940,57500,284.1
146450,4940,55900,276.1
146460,4940,56900,281.1
146470,4940,56600,279.6
146480,4940,56900,281.1
146490,4940,56600,279.6
146500,4920,56700,279.0
146510,4940,57200,282.6
146520,4936,55900,275.9
146530,4940,57500,284.1
146541,4936,56000,276.4
146550,4940,57500,284.1
146560,4940,56000,276.6
146570,4940,57500,284.1
146580,4936,55900,275.9
146590,4940,57500,284.1
146600,4720,127400,601.3
146610,4940,57600,284.5
146620,4940,55900,276.1
146630,4940,57200,282.6
146640,4940,56700,280.1
146650,4940,56800,280.6
146660,4936,56600,279.4
146670,4940,56900,281.1
146680,4940,56600,279.6
146690,4936,55900,275.9
146700,4816,144100,694.0
146710,4936,55900,275.9
146720,4940,57500,284.1
146730,4940,55900,276.1
146740,4940,57500,284.1
146750,4940,55900,276.1
146760,4940,57500,284.1
146770,4936,56000,276.4
146780,4940,57600,284.5
146790,4940,55900,276.1
146800,4940,60200,297.4
146810,4940,56000,276.6
146820,4940,56900,281.1
146830,4940,56600,279.6
146840,4940,56900,281.1
146850,4940,56600,279.6
146860,4940,56600,279.6
146870,4940,57400,283.6
146880,4936,55900,275.9
146890,4940,57600,284.5
146900,4936,55900,275.9
146910,4812,143200,689.1
146920,4936,55900,275.9
146930,4940,57500,284.1
146940,4940,55900,276.1
146950,4940,57500,284.1
146960,4940,56000,276.6
146970,4940,57500,284.1
146980,4936,55900,275.9
146990,4940,57000,281.6
147000,4936,56600,279.4
147010,4940,56900,281.1
147020,4816,145500,700.7
147030,4940,56900,281.1
147040,4940,56600,279.6
147050,4940,55900,276.1
147060,4940,57500,284.1
147070,4936,56000,276.4
147080,4940,57500,284.1
147090,4936,56000,276.4
147100,4940,57500,284.1
147110,4940,55900,276.1
147120,4940,57500,284.1
147130,4940,131600,650.1
147140,4940,57600,284.5
147150,4936,55900,275.9
147160,4940,57500,284.1
147170,4940,55900,276.1
147180,4940,56900,281.1
147190,4940,56600,279.6
147200,4940,56900,281.1
147210,4940,56600,279.6
147220,4940,56400,278.6
147230,4816,146000,703.1
147240,4936,55900,275.9
147250,4940,57500,284.1
147260,4940,55900,276.1
147270,4940,57500,284.1
147280,4940,55900,276.1
147290,4940,57500,284.1
147300,4940,55900,276.1
147310,4940,57500,284.1
147320,4936,55900,275.9
147330,4944,57500,284.3
147340,4824,145100,700.0
147350,4940,57000,281.6
147360,4936,56700,279.9
147370,4940,56900,281.1
147380,4940,56600,279.6
147390,4940,56900,281.1
147400,4940,56500,279.1
147410,4936,55900,275.9
147420,4940,57400,283.6
147430,4936,55900,275.9
147440,4940,57500,284.1
147450,4776,182500,871.6
147460,4940,57500,284.1
147470,4940,55900,276.1
147480,4940,57500,284.1
147490,4936,55900,275.9
147500,4940,57500,284.1
147510,4936,55900,275.9
147520,4940,57500,284.1
147530,4936,55900,275.9
147540,4940,56800,280.6
147550,4812,141600,681.4
147560,4940,56900,281.1
147570,4936,56500,278.9
147580,4940,56400,278.6
147590,4936,57500,283.8
147600,4936,55900,275.9
147610,4940,57600,284.5
147620,4936,55900,275.9
147630,4940,57500,284.1
147640,4936,56000,276.4
147650,4940,57500,284.1
147660,4712,132000,622.0
147670,4940,57600,284.5
147680,4936,55900,275.9
147690,4940,57500,284.1
147700,4940,55900,276.1
147710,4940,56900,281.1
147720,4936,56600,279.4
147730,4940,56800,280.6
147740,4940,56600,279.6
147750,4940,56900,281.1
147760,4940,56600,279.6
147770,4720,131000,618.3
147780,4940,57500,284.1
147790,4936,56000,276.4
147800,4940,57500,284.1
147810,4940,56000,276.6
147820,4940,57500,284.1
147830,4936,55900,275.9
147840,4940,57600,284.5
147850,4936,55900,275.9
147860,4940,57500,284.1
147870,4932,55900,275.7
147880,4940,57600,284.5
147890,4936,56000,276.4
147900,4940,56800,280.6
147910,4940,56600,279.6
147920,4940,56800,280.6
147930,4940,56600,279.6
147940,4940,56300,278.1
147950,4940,57500,284.1
147960,4936,55900,275.9
147970,4940,57500,284.1
147980,4936,55900,275.9
147990,4940,57500,284.1
148000,4940,55900,276.1
148010,4940,57600,284.5
148020,4940,55900,276.1
148030,4940,57500,284.1
148040,4936,56000,276.4
148050,4940,57500,284.1
148060,4936,56000,276.4
148070,4940,56800,280.6
148080,4936,99700,492.1
148090,4940,56900,281.1
148100,4940,56600,279.6
148110,4940,56900,281.1
148120,4940,56500,279.1
148130,4936,55900,275.9
148140,4940,57600,284.5
148150,4940,55900,276.1
148160,4940,57600,284.5
148171,4936,56000,276.4
148180,4940,57500,284.1
148190,4748,137600,653.3
148200,4940,57500,284.1
148210,4940,55900,276.1
148220,4940,57400,283.6
148230,4936,55900,275.9
148240,4940,57500,284.1
148250,4940,55900,276.1
148260,4940,56900,281.1
148270,4940,56500,279.1
148280,4940,56900,281.1
148290,4936,118300,583.9
148300,4940,56300,278.1
148310,4940,57600,284.5
148320,4940,55900,276.1
148330,4940,57500,284.1
148340,4936,55900,275.9
148350,4940,57500,284.1
148360,4936,55900,275.9
148370,4944,57500,284.3
148380,4936,55900,275.9
148390,4944,57500,284.3
148400,4936,123800,611.1
148410,4940,57600,284.5
148420,4940,55900,276.1
148430,4940,56900,281.1
148440,4940,56500,279.1
148450,4940,56900,281.1
148460,4940,56600,279.6
148470,4940,56900,281.1
148480,4940,56600,279.6
148490,4940,55900,276.1
148500,4816,144300,694.9
148510,4936,56000,276.4
148520,4940,57500,284.1
148530,4936,55900,275.9
148540,4940,57500,284.1
148550,4940,55900,276.1
148560,4940,57600,284.5
148570,4936,55900,275.9
148580,4940,57500,284.1
148590,4940,55900,276.1
148600,4940,60300,297.9
148610,4940,56000,276.6
148620,4940,56900,281.1
148630,4940,56600,279.6
148640,4940,56900,281.1
148650,4940,56600,279.6
148660,4940,56100,277.1
148670,4940,57500,284.1
148680,4940,56000,276.6
148690,4940,57500,284.1
148700,4936,58700,289.7
148710,4940,57600,284.5
148720,4940,55900,276.1
148730,4940,57600,284.5
148740,4936,55900,275.9
148750,4940,57500,284.1
148760,4936,56000,276.4
148770,4940,57500,284.1
148780,4940,55900,276.1
148790,4940,56800,280.6
148800,4936,56600,279.4
148810,4872,155800,759.1
148820,4940,56600,279.6
148830,4940,56900,281.1
148840,4940,56600,279.6
148850,4940,55900,276.1
148860,4940,57600,284.5
148870,4940,56000,276.6
148880,4940,57500,284.1
148890,4936,55900,275.9
148900,4940,57500,284.1
148910,4936,56000,276.4
148920,4828,191600,925.0
148930,4936,55900,275.9
148940,4940,57500,284.1
148950,4936,55900,275.9
148960,4940,57600,284.5
148970,4940,56000,276.6
148980,4940,56900,281.1
148990,4940,56600,279.6
149000,4940,56900,281.1
149010,4940,56600,279.6
149020,4940,58800,290.5
149030,4940,57600,284.5
149040,4936,55900,275.9
149050,4940,57600,284.5
149060,4936,55900,275.9
149070,4940,57500,284.1
149080,4940,56000,276.6
149090,4940,57500,284.1
149100,4936,55900,275.9
149110,4940,57500,284.1
149120,4936,55900,275.9
149130,4728,133200,629.8
149140,4936,55900,275.9
149150,4940,56800,280.6
149160,4936,56600,279.4
149170,4940,56900,281.1
149180,4940,56600,279.6
149190,4940,56800,280.6
149200,4940,56600,279.6
149210,4940,55900,276.1
149220,4940,57500,284.1
149230,4812,142700,686.7
149240,4940,57500,284.1
149250,4940,55900,276.1
149260,4940,57600,284.5
149270,4936,55900,275.9
149280,4940,57500,284.1
149290,4936,55900,275.9
149300,4940,57500,284.1
149310,4936,55900,275.9
149320,4940,57500,284.1
149330,4780,141200,674.9
149340,4940,56900,281.1
149350,4940,56600,279.6
149360,4940,57000,281.6
149370,4940,56600,279.6
149380,4940,56000,276.6
149390,4936,57500,283.8
149400,4936,55900,275.9
149410,4940,57500,284.1
149420,4936,55900,275.9
149430,4924,57500,283.1
149440,4820,137600,663.2
149450,4940,57500,284.1
149460,4940,56000,276.6
149470,4940,57500,284.1
149480,4936,55900,275.9
149490,4940,57500,284.1
149500,4940,55900,276.1
149510,4940,56900,281.1
149520,4936,56500,278.9
149530,4940,56900,281.1
149540,4936,107900,532.6
149550,4940,56900,281.1
149560,4940,56600,279.6
149570,4936,55900,275.9
149580,4940,57600,284.5
149590,4936,55900,275.9
149600,4940,57500,284.1
149610,4940,55900,276.1
149620,4940,57500,284.1
149630,4940,64700,319.6
149640,4940,57500,284.1
149650,4820,137700,663.7
149660,4940,57500,284.1
149670,4936,55900,275.9
149680,4940,57500,284.1
149690,4940,56000,276.6
149700,4940,56800,280.6
149710,4940,56600,279.6
149720,4940,56800,280.6
149730,4900,56600,277.3
149740,4940,55900,276.1
149750,4936,127800,630.8
149760,4940,56000,276.6
149770,4940,57500,284.1
149780,4940,56000,276.6
149790,4940,57500,284.1
149801,4940,55900,276.1
149810,4940,57500,284.1
149820,4940,55900,276.1
149830,4932,57500,283.6
149840,4936,55900,275.9
149850,4940,60300,297.9
149860,4936,55900,275.9
149870,4940,56800,280.6
149880,4936,56600,279.4
149890,4940,56900,281.1
149900,4940,56600,279.6
149910,4940,56900,281.1
149920,4940,56700,280.1
149930,4940,56000,276.6
149940,4940,57500,284.1
149950,4936,55900,275.9
149960,4824,211700,1021.2
149970,4940,55900,276.1
149980,4940,57600,284.5
149990,4936,55900,275.9
150000,4940,57500,284.1
150010,4936,55900,275.9
150020,4940,57500,284.1
150030,4852,59400,288.2
150040,4940,57500,284.1
150050,4940,56200,277.6
150060,4816,142700,687.2
150070,4940,56600,279.6
150080,4940,56900,281.1
150090,4940,56600,279.6
150100,4940,55900,276.1
150110,4940,57500,284.1
150120,4940,55900,276.1
150130,4920,57500,282.9
150140,4936,55900,275.9
150150,4940,57500,284.1
150160,4936,55900,275.9
150170,4816,142600,686.8
150180,4936,55900,275.9
150190,4940,57600,284.5
150200,4936,55900,275.9
150210,4940,57500,284.1
150220,4936,55900,275.9
150230,4940,56800,280.6
150240,4940,56500,279.1
150250,4940,56900,281.1
150260,4940,56500,279.1
150270,4940,56900,281.1
150280,4816,141800,682.9
150290,4940,55900,276.1
150300,4940,57500,284.1
150310,4936,55900,275.9
150320,4940,57500,284.1
150330,4936,55900,275.9
150340,4940,57500,284.1
150350,4936,55900,275.9
150360,4940,57500,284.1
150370,4936,55900,275.9
150380,4940,57500,284.1
150390,4816,196100,944.4
150400,4940,57500,284.1
150410,4936,56200,277.4
150420,4940,56900,281.1
150430,4880,56600,276.2
150440,4940,56900,281.1
150450,4940,56600,279.6
150460,4940,55900,276.1
150470,4940,57500,284.1
150480,4936,55900,275.9
150490,4940,57500,284.1
150500,4936,55900,275.9
150510,4940,57600,284.5
150520,4940,55800,275.7
150530,4924,57600,283.6
150540,4940,56000,276.6
150550,4940,57600,284.5
150560,4940,55900,276.1
150570,4940,57500,284.1
150580,4940,56000,276.6
150590,4940,59600,294.4
150600,4936,56500,278.9
150610,4940,57000,281.6
150620,4940,56600,279.6
150630,4940,56900,281.1
150640,4940,56800,280.6
150650,4936,55900,275.9
150660,4940,57500,284.1
150670,4940,55900,276.1
150680,4940,57500,284.1
150690,4936,55900,275.9
150700,4932,149900,739.3
150710,4940,56000,276.6
150720,4940,57500,284.1
150730,4936,63000,311.0
150740,4940,57500,284.1
150750,4940,56000,276.6
150760,4940,57500,284.1
150770,4936,56400,278.4
150780,4940,56900,281.1
150790,4940,56500,279.1
150800,4940,56900,281.1
150810,4816,199300,959.8
150820,4940,55900,276.1
150830,4912,57600,282.9
150840,4940,55900,276.1
150850,4940,57500,284.1
150860,4940,56000,276.6
150870,4940,57500,284.1
150880,4936,55900,275.9
150890,4940,57500,284.1
150900,4936,56000,276.4
150910,4768,154900,738.6
150920,4940,55900,276.1
150930,4936,57500,283.8
150940,4936,55900,275.9
150950,4940,56900,281.1
150960,4936,56600,279.4
150970,4936,56900,280.9
150980,4940,56600,279.6
150990,4940,56800,280.6
151000,4936,56900,280.9
151010,4936,55900,275.9
151020,4824,207600,1001.5
151030,4936,56000,276.4
151040,4940,57500,284.1
151050,4940,56000,276.6
151060,4940,57500,284.1
151070,4936,55900,275.9
151080,4944,57500,284.3
151090,4940,55800,275.7
151100,4940,57500,284.1
151110,4936,55900,275.9
151120,4728,133400,630.7
151130,4860,58100,282.4
151140,4940,56900,281.1
151150,4940,56700,280.1
151160,4940,56900,281.1
151170,4940,56600,279.6
151180,4940,55900,276.1
151190,4940,57500,284.1
151200,4940,55900,276.1
151210,4940,57500,284.1
151220,4816,146400,705.1
151230,4792,74000,354.6
151240,4936,55900,275.9
151250,4940,57500,284.1
151260,4936,55900,275.9
151270,4940,57500,284.1
151280,4936,56000,276.4
151290,4940,57500,284.1
151300,4936,55900,275.9
151310,4940,56900,281.1
151320,4940,56600,279.6
151330,4796,181700,871.4
151340,4936,56600,279.4
151350,4940,56900,281.1
151360,4940,57000,281.6
151370,4936,55900,275.9
151380,4940,57600,284.5
151390,4936,56000,276.4
151400,4940,57500,284.1
151410,4936,55900,275.9
151420,4940,57600,284.5
151430,4936,66500,328.2
151441,4824,134400,648.3
151450,4940,56000,276.6
151460,4940,57500,284.1
151470,4936,55900,275.9
151480,4940,57400,283.6
151490,4940,56500,279.1
151500,4940,57000,281.6
151510,4940,56600,279.6
151520,4940,56900,281.1
151530,4892,56600,276.9
151540,4816,140700,677.6
151550,4940,57500,284.1
151560,4936,56000,276.4
151570,4940,57500,284.1
151580,4940,56000,276.6
151590,4940,57500,284.1
151600,4940,56000,276.6
151610,4940,57500,284.1
151620,4936,55900,275.9
151630,4932,57500,283.6
151640,4792,73000,349.8
151650,4940,57600,284.5
151660,4936,55900,275.9
151670,4940,56900,281.1
151680,4940,56600,279.6
151690,4940,56800,280.6
151700,4940,56600,279.6
151710,4940,56800,280.6
151720,4936,57100,281.8
151730,4936,56000,276.4
151740,4940,57500,284.1
151750,4812,142100,683.8
151760,4940,57500,284.1
151770,4940,55900,276.1
151780,4940,57500,284.1
151790,4936,55900,275.9
151800,4940,57600,284.5
151810,4940,55900,276.1
151820,4940,57500,284.1
151830,4848,60300,292.3
151840,4940,57300,283.1
151850,4800,141500,679.2
151860,4940,57000,281.6
151870,4940,56600,279.6
151880,4940,56900,281.1
151890,4940,56500,279.1
151900,4940,55900,276.1
151910,4940,57500,284.1
151920,4936,56000,276.4
151930,4920,57500,282.9
151940,4940,55900,276.1
151950,4936,143300,707.3
151960,4940,55900,276.1
151970,4940,57500,284.1
151980,4936,55900,275.9
151990,4940,57500,284.1
152000,4940,55900,276.1
152010,4940,57600,284.5
152020,4940,55900,276.1
152030,4936,56900,280.9
152040,4940,56600,279.6
152050,4884,158300,773.1
152060,4940,56600,279.6
152070,4940,56800,280.6
152080,4940,57100,282.1
152090,4936,56000,276.4
152100,4940,57500,284.1
152110,4940,56000,276.6
152120,4940,57500,284.1
152130,4936,55900,275.9
152140,4940,57500,284.1
152150,4940,55900,276.1
152160,4832,205600,993.5
152170,4936,55900,275.9
152180,4940,57600,284.5
152190,4940,55900,276.1
152200,4940,57200,282.6
152210,4940,56600,279.6
152220,4940,56900,281.1
152230,4872,56500,275.3
152240,4940,56900,281.1
152250,4940,56600,279.6
152260,4856,152500,740.5
152270,4940,57500,284.1
152280,4936,55900,275.9
152290,4940,57600,284.5
152300,4940,56000,276.6
152310,4940,57500,284.1
152320,4940,56000,276.6
152330,4924,57500,283.1
152340,4936,55900,275.9
152350,4940,57500,284.1
152360,4936,56000,276.4
152370,4940,57600,284.5
152380,4936,55900,275.9
152390,4940,56900,281.1
152400,4940,56600,279.6
152410,4940,56900,281.1
152420,4940,56500,279.1
152430,4940,56800,280.6
152440,4940,57200,282.6
152450,4936,56000,276.4
152460,4940,57500,284.1
152470,4812,141200,679.5
152480,4940,57500,284.1
152490,4936,55900,275.9
152500,4940,57500,284.1
152510,4940,55900,276.1
152520,4940,57500,284.1
152530,4940,63900,315.7
152540,4940,57500,284.1
152550,4936,55900,275.9
152560,4940,57200,282.6
152570,4940,56600,279.6
152580,4856,56900,276.3
152590,4940,56600,279.6
152600,4940,56900,281.1
152610,4940,56500,279.1
152620,4940,55900,276.1
152630,4908,57500,282.2
152640,4936,55900,275.9
152650,4940,57500,284.1
152660,4940,55900,276.1
152670,4940,57500,284.1
152680,4808,58700,282.2
152690,4940,57600,284.5
152700,4936,55900,275.9
152710,4940,57500,284.1
152720,4936,55900,275.9
152730,4932,57500,283.6
152740,4940,56000,276.6
152750,4936,56900,280.9
152760,4940,56600,279.6
152770,4936,56800,280.4
152780,4936,97600,481.8
152790,4940,56600,279.6
152800,4940,57200,282.6
152810,4940,56000,276.6
152820,4940,57500,284.1
152830,4940,55900,276.1
152840,4940,57500,284.1
152850,4936,56000,276.4
152860,4940,57500,284.1
152870,4940,55900,276.1
152880,4940,57500,284.1
152890,4720,133400,629.6
152900,4940,57600,284.5
152910,4936,56000,276.4
152920,4940,57100,282.1
152930,4852,59500,288.7
152940,4940,56800,280.6
152950,4940,56600,279.6
152960,4940,56900,281.1
152970,4940,56600,279.6
152980,4936,55900,275.9
152990,4940,57500,284.1
153000,4908,55900,274.4
153010,4940,57500,284.1
153020,4936,55900,275.9
153030,4920,57500,282.9
153040,4940,55900,276.1
153050,4940,57600,284.5
153060,4940,55900,276.1
153071,4940,57500,284.1
153080,4940,55900,276.1
153090,4940,57500,284.1
153100,4940,55900,276.1
153110,4848,56900,275.9
153120,4940,56600,279.6
153130,4940,57000,281.6
153140,4940,56600,279.6
153150,4940,56600,279.6
153160,4940,57400,283.6
153170,4940,55900,276.1
153180,4940,57500,284.1
153190,4940,55900,276.1
153200,4940,57600,284.5
153210,4812,142700,686.7
153220,4940,57500,284.1
153230,4940,67000,331.0
153240,4940,57500,284.1
153250,4936,56000,276.4
153260,4940,57500,284.1
153270,4936,55900,275.9
153280,4940,57000,281.6
153290,4936,56600,279.4
153300,4940,56900,281.1
153310,4940,56500,279.1
153320,4724,133900,632.5
153330,4884,56600,276.4
153340,4936,56000,276.4
153350,4940,57500,284.1
153360,4936,55900,275.9
153370,4940,57500,284.1
153380,4936,55900,275.9
153390,4940,57400,283.6
153400,4936,56000,276.4
153410,4940,57500,284.1
153420,4936,55900,275.9
153430,4940,57500,284.1
153440,4936,55900,275.9
153450,4940,57500,284.1
153460,4940,56000,276.6
153470,4940,56800,280.6
153480,4940,56600,279.6
153490,4940,56900,281.1
153500,4940,56600,279.6
153510,4940,56400,278.6
153520,4940,57500,284.1
153530,4816,141900,683.4
153540,4940,57600,284.5
153550,4936,55900,275.9
153560,4940,57500,284.1
153570,4940,55900,276.1
153580,4940,57500,284.1
153590,4940,55900,276.1
153600,4940,57500,284.1
153610,4940,55900,276.1
153620,4940,57500,284.1
153630,4780,144100,688.8
153640,4836,57000,275.7
153650,4940,56700,280.1
153660,4940,56800,280.6
153670,4940,56600,279.6
153680,4940,56900,281.1
153690,4940,56600,279.6
153700,4936,56000,276.4
153710,4940,57500,284.1
153720,4936,55900,275.9
153730,4916,57500,282.7
153740,4716,129900,612.6
153750,4940,57500,284.1
153760,4936,56000,276.4
153770,4940,57500,284.1
153780,4936,55900,275.9
153790,4940,57500,284.1
153800,4936,56000,276.4
153810,4940,57500,284.1
153820,4936,55900,275.9
153830,4936,56900,280.9
153840,4940,56600,279.6
153850,4940,56900,281.1
153860,4940,56600,279.6
153870,4940,56400,278.6
153880,4940,57500,284.1
153890,4936,55900,275.9
153900,4940,57500,284.1
153910,4940,55900,276.1
153920,4940,57500,284.1
153930,4940,56000,276.6
153940,4940,57500,284.1
153950,4808,59600,286.6
153960,4944,57500,284.3
153970,4936,55900,275.9
153980,4940,57500,284.1
153990,4936,55900,275.9
154000,4940,57000,281.6
154010,4936,56600,279.4
154020,4940,56800,280.6
154030,4864,57100,277.7
154040,4940,56900,281.1
154050,4940,56700,280.1
154060,4828,211900,1023.1
154070,4940,57500,284.1
154080,4936,55900,275.9
154090,4940,57500,284.1
154100,4940,56000,276.6
154110,4940,57500,284.1
154120,4936,55900,275.9
154130,4924,57600,283.6
154140,4936,55900,275.9
154150,4940,57600,284.5
154160,4936,55900,275.9
154170,4940,57600,284.5
154180,4936,56000,276.4
154190,4940,56900,281.1
154200,4940,56500,279.1
154210,4940,56800,280.6
154220,4940,56600,279.6
154230,4940,56300,278.1
154240,4940,57400,283.6
154250,4940,55900,276.1
154260,4940,57500,284.1
154270,4832,220300,1064.5
154280,4940,57600,284.5
154290,4940,55900,276.1
154300,4940,57500,284.1
154310,4940,56000,276.6
154320,4940,57500,284.1
154330,4940,64900,320.6
154340,4940,57500,284.1
154350,4936,55900,275.9
154360,4940,56800,280.6
154370,4816,144500,695.9
154380,4940,56900,281.1
154390,4936,56500,278.9
154400,4940,56900,281.1
154410,4940,56600,279.6
154420,4940,55900,276.1
154430,4896,57600,282.0
154440,4936,55900,275.9
154450,4940,57500,284.1
154460,4936,55900,275.9
154470,4816,144800,697.4
154480,4940,55900,276.1
154490,4940,57500,284.1
154500,4936,56000,276.4
154510,4940,57500,284.1
154520,4940,55900,276.1
154530,4932,57500,283.6
154540,4936,56000,276.4
154550,4940,56800,280.6
154560,4940,56500,279.1
154570,4940,56800,280.6
154580,4820,205600,991.0
154590,4940,56400,278.6
154600,4940,57500,284.1
154610,4940,55900,276.1
154620,4940,57500,284.1
154630,4940,56000,276.6
154640,4940,57500,284.1
154650,4936,55900,275.9
154660,4940,57500,284.1
154670,4936,56000,276.4
154680,4940,57500,284.1
154690,4940,55900,276.1
154701,4940,57000,281.6
154710,4936,55900,275.9
154720,4940,56900,281.1
154730,4844,60600,293.5
154740,4940,56800,280.6
154750,4940,56600,279.6
154760,4940,56900,281.1
154770,4940,56600,279.6
154780,4936,56000,276.4
154790,4940,57500,284.1
154800,4940,56000,276.6
154810,4940,57500,284.1
154820,4936,55900,275.9
154830,4920,57600,283.4
154840,4936,55900,275.9
154850,4940,57500,284.1
154860,4940,55900,276.1
154870,4940,57500,284.1
154880,4936,55900,275.9
154890,4940,57500,284.1
154900,4780,138300,661.1
154910,4940,56800,280.6
154920,4940,56600,279.6
154930,4936,56900,280.9
154940,4936,56600,279.4
154950,4940,56300,278.1
154960,4940,57500,284.1
154970,4936,55900,275.9
154980,4940,57500,284.1
154990,4940,55900,276.1
155000,4828,131400,634.4
155010,4940,55900,276.1
155020,4940,57500,284.1
155030,4940,67900,335.4
155040,4940,57500,284.1
155050,4936,55900,275.9
155060,4940,57400,283.6
155070,4936,56000,276.4
155080,4940,56900,281.1
155090,4936,56600,279.4
155100,4940,59600,294.4
155110,4940,56600,279.6
155120,4936,56900,280.9
155130,4880,56600,276.2
155140,4940,56000,276.6
155150,4940,57600,284.5
155160,4940,55900,276.1
155170,4940,57500,284.1
155180,4936,55900,275.9
155190,4940,57600,284.5
155200,4940,56000,276.6
155210,4940,57500,284.1
155220,4936,55900,275.9
155230,4928,57600,283.9
155240,4940,55900,276.1
155250,4940,57600,284.5
155260,4940,55900,276.1
155270,4940,56800,280.6
155280,4936,56500,278.9
155290,4940,56800,280.6
155300,4940,56600,279.6
155310,4940,56200,277.6
155320,4832,135900,656.7
155330,4936,56000,276.4
155340,4940,57500,284.1
155350,4940,56000,276.6
155360,4940,57500,284.1
155370,4940,56000,276.6
155380,4940,57500,284.1
155390,4936,55900,275.9
155400,4940,57500,284.1
155410,4936,55900,275.9
155420,4924,154000,758.3
155430,4832,62600,302.5
155440,4940,56800,280.6
155450,4936,56600,279.4
155460,4940,56900,281.1
155470,4940,56600,279.6
155480,4940,56900,281.1
155490,4940,56700,280.1
155500,4936,56000,276.4
155510,4940,57500,284.1
155520,4936,55900,275.9
155530,4824,190700,919.9
155540,4936,55900,275.9
155550,4940,57600,284.5
155560,4940,56000,276.6
155570,4940,57500,284.1
155580,4940,55900,276.1
155590,4940,57500,284.1
155600,4936,55900,275.9
155610,4940,57500,284.1
155620,4940,55900,276.1
155630,4812,141800,682.3
155640,4940,56600,279.6
155650,4940,56900,281.1
155660,4940,56500,279.1
155670,4940,56100,277.1
155680,4936,57600,284.3
155690,4936,55900,275.9
155700,4940,57500,284.1
155710,4936,55900,275.9
155720,4940,57500,284.1
155730,4816,155900,750.8
155740,4824,142200,686.0
155750,4940,56000,276.6
155760,4940,57500,284.1
155770,4936,55900,275.9
155780,4940,57500,284.1
155790,4936,55900,275.9
155800,4940,56900,281.1
155810,4940,56600,279.6
155820,4940,56900,281.1
155830,4852,59400,288.2
155840,4816,141600,681.9
155850,4940,56600,279.6
155860,4936,55900,275.9
155870,4940,57600,284.5
155880,4940,56000,276.6
155890,4940,57500,284.1
155900,4936,56000,276.4
155910,4940,57500,284.1
155920,4940,56000,276.6
155930,4924,57500,283.1
155940,4936,55900,275.9
155950,4792,176300,844.8
155960,4940,55900,276.1
155970,4940,57500,284.1
155980,4940,55900,276.1
155990,4940,56800,280.6
156000,4940,56600,279.6
156010,4940,56900,281.1
156020,4936,56600,279.4
156030,4940,56100,277.1
156040,4940,57500,284.1
156050,4940,55900,276.1
156060,4820,200300,965.4
156070,4940,56000,276.6
156080,4940,57500,284.1
156090,4940,55900,276.1
156100,4940,57500,284.1
156110,4936,55900,275.9
156120,4940,57500,284.1
156130,4936,66300,327.3
156140,4940,57500,284.1
156150,4940,56000,276.6
156160,4940,56800,280.6
156170,4816,189500,912.6
156180,4936,56900,280.9
156190,4940,56600,279.6
156200,4940,56900,281.1
156210,4940,56500,279.1
156220,4940,55900,276.1
156230,4888,57500,281.1
156240,4940,55900,276.1
156250,4940,57500,284.1
156260,4940,55900,276.1
156270,4940,57500,284.1
156280,4816,137900,664.1
156290,4940,57500,284.1
156300,4936,56000,276.4
156310,4940,57500,284.1
156320,4936,55900,275.9
156330,4928,57500,283.4
156341,4940,56500,279.1
156350,4940,56900,281.1
156360,4940,56600,279.6
156370,4940,56900,281.1
156380,4816,144500,695.9
156390,4940,56100,277.1
156400,4940,57500,284.1
156410,4940,56000,276.6
156420,4940,57600,284.5
156430,4940,56000,276.6
156440,4940,57500,284.1
156450,4936,55900,275.9
156460,4940,57500,284.1
156470,4940,55900,276.1
156480,4940,57500,284.1
156490,4772,138900,662.8
156500,4940,57600,284.5
156510,4940,55900,276.1
156520,4940,56900,281.1
156530,4840,61600,298.1
156540,4940,56900,281.1
156550,4940,56600,279.6
156560,4940,56800,280.6
156570,4940,56700,280.1
156580,4936,56000,276.4
156590,4812,144400,694.9
156600,4936,55900,275.9
156610,4940,57500,284.1
156620,4940,55900,276.1
156630,4916,57500,282.7
156640,4940,55900,276.1
156650,4940,57500,284.1
156660,4936,55900,275.9
156670,4940,57600,284.5
156680,4940,56000,276.6
156690,4940,57500,284.1
156700,4816,179800,865.9
156710,4940,56900,281.1
156720,4940,56500,279.1
156730,4936,56900,280.9
156740,4940,56600,279.6
156750,4940,56000,276.6
156760,4940,57500,284.1
156770,4936,55900,275.9
156780,4940,57500,284.1
156790,4940,56000,276.6
156800,4820,145800,702.8
156810,4936,55900,275.9
156820,4940,57600,284.5
156830,4940,69400,342.8
156840,4940,57600,284.5
156850,4936,56000,276.4
156860,4940,57500,284.1
156870,4936,56000,276.4
156880,4940,56800,280.6
156890,4940,56500,279.1
156900,4816,139800,673.3
156910,4940,56500,279.1
156920,4940,56900,281.1
156930,4868,56600,275.5
156940,4936,55900,275.9
156950,4940,57400,283.6
156960,4940,55800,275.7
156970,4940,57600,284.5
156980,4940,55900,276.1
156990,4940,57500,284.1
157000,4812,142800,687.2
157010,4940,57500,284.1
157020,4940,56000,276.6
157030,4928,57500,283.4
157040,4936,55900,275.9
157050,4940,57600,284.5
157060,4936,56100,276.9
157070,4940,56900,281.1
157080,4940,56500,279.1
157090,4940,56900,281.1
157100,4804,141400,679.3
157110,4940,56000,276.6
157120,4936,57600,284.3
157130,4936,56000,276.4
157140,4940,57500,284.1
157150,4940,56000,276.6
157160,4940,57600,284.5
157170,4936,56000,276.4
157180,4940,57500,284.1
157190,4940,55900,276.1
157200,4940,57500,284.1
157210,4816,153100,737.3
157220,4940,57500,284.1
157230,4828,63900,308.5
157240,4940,56800,280.6
157250,4940,56500,279.1
157260,4940,56800,280.6
157270,4936,56600,279.4
157280,4940,56800,280.6
157290,4940,56600,279.6
157300,4940,55900,276.1
157310,4808,144300,693.8
157320,4936,55900,275.9
157330,4908,57500,282.2
157340,4940,56000,276.6
157350,4940,57500,284.1
157360,4940,55900,276.1
157370,4940,57600,284.5
157380,4940,55900,276.1
157390,4940,57500,284.1
157400,4936,55900,275.9
157410,4940,57500,284.1
157420,4824,136700,659.4
157430,4932,56900,280.6
157440,4940,56500,279.1
157450,4940,56900,281.1
157460,4936,56600,279.4
157470,4940,56000,276.6
157480,4940,57500,284.1
157490,4940,55900,276.1
157500,4940,57600,284.5
157510,4940,55900,276.1
157520,4940,57500,284.1
157530,4936,57800,285.3
157540,4940,57500,284.1
157550,4936,55900,275.9
157560,4940,57500,284.1
157570,4940,56000,276.6
157580,4940,57500,284.1
157590,4936,55900,275.9
157600,4940,56800,280.6
157610,4940,56600,279.6
157620,4940,56800,280.6
157630,4780,144100,688.8
157640,4940,56900,281.1
157650,4940,56600,279.6
157660,4940,55900,276.1
157670,4940,57600,284.5
157680,4936,55900,275.9
157690,4940,57500,284.1
157700,4940,55900,276.1
157710,4940,57500,284.1
157720,4936,55900,275.9
157730,4920,57500,282.9
157740,4816,57800,278.4
157750,4940,57500,284.1
157760,4940,55900,276.1
157770,4940,57500,284.1
157780,4940,56100,277.1
157790,4940,56900,281.1
157800,4940,56500,279.1
157810,4940,56900,281.1
157820,4936,56600,279.4
157830,4940,56000,276.6
157840,4940,57500,284.1
157850,4788,174400,835.0
157860,4940,57500,284.1
157870,4936,56000,276.4
157880,4940,57500,284.1
157890,4940,55900,276.1
157900,4940,57600,284.5
157910,4940,55900,276.1
157920,4940,57500,284.1
157930,4808,67500,324.5
157940,4940,57500,284.1
157950,4936,56000,276.4
157960,4824,188800,910.8
157971,4940,56600,279.6
157980,4940,56900,281.1
157990,4940,56500,279.1
158000,4940,56900,281.1
158010,4940,56700,280.1
158020,4940,55900,276.1
158030,4884,57500,280.8
158040,4936,55900,275.9
158050,4940,57600,284.5
158060,4848,151100,732.5
158070,4940,57600,284.5
158080,4940,55900,276.1
158090,4940,57500,284.1
158100,4936,55900,275.9
158110,4940,57500,284.1
158120,4936,56000,276.4
158130,4928,57500,283.4
158140,4940,56200,277.6
158150,4940,56900,281.1
158160,4936,75200,371.2
158170,4940,56900,281.1
158180,4940,56600,279.6
158190,4940,55900,276.1
158200,4936,57500,283.8
158210,4936,56000,276.4
158220,4940,57500,284.1
158230,4936,55900,275.9
158240,4940,57500,284.1
158250,4940,55900,276.1
158260,4940,57500,284.1
158270,4816,139000,669.4
158280,4940,57500,284.1
158290,4936,56000,276.4
158300,4940,57500,284.1
158310,4940,55900,276.1
158320,4940,56900,281.1
158330,4836,62800,303.7
158340,4940,56900,281.1
158350,4940,56600,279.6
158360,4940,56900,281.1
158370,4940,56800,280.6
158380,4812,141500,680.9
158390,4940,57600,284.5
158400,4936,55900,275.9
158410,4940,57500,284.1
158420,4936,55900,275.9
158430,4916,57500,282.7
158440,4936,55900,275.9
158450,4940,57500,284.1
158460,4940,55900,276.1
158470,4940,57500,284.1
158480,4940,56000,276.6
158490,4816,57500,276.9
158500,4936,56200,277.4
158510,4940,56900,281.1
158520,4940,56600,279.6
158530,4936,56900,280.9
158540,4940,56600,279.6
158550,4940,55900,276.1
158560,4940,57500,284.1
158570,4940,55900,276.1
158580,4940,57500,284.1
158590,4816,141300,680.5
158600,4940,57500,284.1
158610,4936,55900,275.9
158620,4940,57500,284.1
158630,4936,70600,348.5
158640,4940,57500,284.1
158650,4936,55900,275.9
158660,4940,57500,284.1
158670,4936,55900,275.9
158680,4940,56900,281.1
158690,4936,56600,279.4
158700,4940,57000,281.6
158710,4940,56600,279.6
158720,4940,56800,280.6
158730,4864,57600,280.2
158740,4936,56000,276.4
158750,4940,57600,284.5
158760,4940,55900,276.1
158770,4940,57500,284.1
158780,4940,55900,276.1
158790,4940,57500,284.1
158800,4832,56000,270.6
158810,4940,57500,284.1
158820,4940,56000,276.6
158830,4924,57600,283.6
158840,4940,55900,276.1
158850,4940,57500,284.1
158860,4936,56300,277.9
158870,4940,56900,281.1
158880,4940,56600,279.6
158890,4936,56900,280.9
158900,4936,81000,399.8
158910,4940,55900,276.1
158920,4940,57500,284.1
158930,4936,55900,275.9
158940,4940,57500,284.1
158950,4940,55900,276.1
158960,4940,57500,284.1
158970,4936,56000,276.4
158980,4940,57500,284.1
158990,4936,55900,275.9
159000,4940,57500,284.1
159010,4816,143100,689.2
159020,4940,57600,284.5
159030,4820,65400,315.2
159040,4940,56800,280.6
159050,4940,56600,279.6
159060,4940,56900,281.1
159070,4936,56500,278.9
159080,4940,56800,280.6
159090,4940,56900,281.1
159100,4936,55900,275.9
159110,4940,57500,284.1
159120,4936,55900,275.9
159130,4896,57500,281.5
159140,4936,55900,275.9
159150,4940,57500,284.1
159160,4936,55900,275.9
159170,4940,57500,284.1
159180,4936,55900,275.9
159190,4940,57500,284.1
159200,4936,55900,275.9
159210,4940,57400,283.6
159220,4936,66800,329.7
159230,4928,56900,280.4
159240,4936,56600,279.4
159250,4940,56900,281.1
159260,4936,56600,279.4
159270,4940,55900,276.1
159280,4940,57400,283.6
159290,4940,55900,276.1
159300,4940,57500,284.1
159310,4940,55900,276.1
159320,4940,57500,284.1
159330,4732,166300,786.9
159340,4940,57500,284.1
159350,4940,55900,276.1
159360,4940,57500,284.1
159370,4936,55900,275.9
159380,4940,57500,284.1
159390,4940,56000,276.6
159400,4940,56900,281.1
159410,4940,56600,279.6
159420,4940,56900,281.1
159430,4816,191600,922.7
159440,4940,56900,281.1
159450,4940,56900,281.1
159460,4940,55900,276.1
159470,4940,57500,284.1
159480,4936,55900,275.9
159490,4940,57500,284.1
159500,4936,55900,275.9
159510,4940,57500,284.1
159520,4940,56000,276.6
159530,4800,142600,684.5
159540,4812,138500,666.5
159550,4940,57500,284.1
159560,4936,55900,275.9
159570,4940,57500,284.1
159580,4936,56300,277.9
159590,4940,56900,281.1
159600,4940,56500,279.1
159611,4940,55900,276.1
159620,4940,56600,279.6
159630,4936,55900,275.9
159640,4816,146400,705.1
159650,4940,55900,276.1
159660,4940,57500,284.1
159670,4936,56000,276.4
159680,4940,57500,284.1
159690,4936,55900,275.9
159700,4940,57500,284.1
159710,4940,55900,276.1
159720,4940,57500,284.1
159730,4804,68700,330.0
159740,4936,146300,722.1
159750,4936,56000,276.4
159760,4940,56900,281.1
159770,4936,56600,279.4
159780,4936,56800,280.4
159790,4940,56600,279.6
159800,4940,56900,281.1
159810,4940,56900,281.1
159820,4936,55900,275.9
159830,4876,57500,280.4
159840,4936,55900,275.9
159850,4740,96300,456.5
159860,4936,55900,275.9
159870,4940,57600,284.5
159880,4936,55900,275.9
159890,4940,57500,284.1
159900,4936,55900,275.9
159910,4940,57600,284.5
159920,4936,55900,275.9
159930,4924,57500,283.1
159940,4940,56400,278.6
159950,4920,154800,761.6
159960,4940,56600,279.6
159970,4940,56900,281.1
159980,4940,56600,279.6
159990,4940,55900,276.1
160000,4940,57500,284.1
160010,4936,55900,275.9
160020,4940,57500,284.1
160030,4936,55900,275.9
160040,4940,57500,284.1
160050,4936,55900,275.9
160060,4820,145600,701.8
160070,4940,55900,276.1
160080,4940,57600,284.5
160090,4936,56000,276.4
160100,4940,57500,284.1
160110,4936,55900,275.9
160120,4940,56900,281.1
160130,4832,63700,307.8
160140,4940,56900,281.1
160150,4940,56600,279.6
160160,4940,56800,280.6
160170,4816,134400,647.3
160180,4936,55800,275.4
160190,4940,57600,284.5
160200,4936,55900,275.9
160210,4940,57600,284.5
160220,4940,56000,276.6
160230,4908,57500,282.2
160240,4936,55900,275.9
160250,4940,57500,284.1
160260,4940,55900,276.1
160270,4940,57600,284.5
160280,4936,55900,275.9
160290,4940,57500,284.1
160300,4936,56400,278.4
160310,4940,56900,281.1
160320,4940,56500,279.1
160330,4932,56800,280.1
160340,4940,56700,280.1
160350,4940,55900,276.1
160360,4940,57500,284.1
160370,4936,55900,275.9
160380,4936,99200,489.7
160390,4936,56000,276.4
160400,4940,57600,284.5
160410,4940,56000,276.6
160420,4940,57500,284.1
160430,4940,72100,356.2
160440,4940,57600,284.5
160450,4936,55900,275.9
160460,4940,57500,284.1
160470,4936,56000,276.4
160480,4928,150800,743.1
160490,4940,56600,279.6
160500,4940,56900,281.1
160510,4940,56600,279.6
160520,4940,56800,280.6
160530,4852,59400,288.2
160540,4940,55900,276.1
160550,4940,57500,284.1
160560,4936,55900,275.9
160570,4940,57500,284.1
160580,4940,55900,276.1
160590,4816,142800,687.7
160600,4936,56000,276.4
160610,4940,57600,284.5
160620,4936,55900,275.9
160630,4920,57600,283.4
160640,4940,55900,276.1
160650,4940,57400,283.6
160660,4940,56500,279.1
160670,4940,56900,281.1
160680,4940,56600,279.6
160690,4940,56900,281.1
160700,4824,130900,631.5
160710,4940,55800,275.7
160720,4940,57500,284.1
160730,4936,56000,276.4
160740,4940,57600,284.5
160750,4936,56000,276.4
160760,4940,57500,284.1
160770,4940,55900,276.1
160780,4944,57500,284.3
160790,4936,55900,275.9
160800,4828,206300,996.0
160810,4936,56000,276.4
160820,4940,57600,284.5
160830,4812,66500,320.0
160840,4940,57000,281.6
160850,4936,56600,279.4
160860,4940,56900,281.1
160870,4940,56600,279.6
160880,4940,56800,280.6
160890,4940,57000,281.6
160900,4936,56000,276.4
160910,4708,111300,524.0
160920,4940,56000,276.6
160930,4884,57500,280.8
160940,4940,56000,276.6
160950,4940,57500,284.1
160960,4936,55900,275.9
160970,4940,57500,284.1
160980,4940,55900,276.1
160990,4940,57500,284.1
161000,4940,55900,276.1
161010,4828,208900,1008.6
161020,4936,56500,278.9
161030,4928,56900,280.4
161040,4940,56600,279.6
161050,4940,56900,281.1
161060,4940,56600,279.6
161070,4936,55900,275.9
161080,4940,57500,284.1
161090,4940,55900,276.1
161100,4940,57600,284.5
161110,4724,137200,648.1
161120,4940,57500,284.1
161130,4936,82100,405.2
161140,4940,57600,284.5
161150,4936,55900,275.9
161160,4940,57500,284.1
161170,4940,55900,276.1
161180,4940,57500,284.1
161190,4936,55900,275.9
161200,4940,56900,281.1
161210,4940,56600,279.6
161220,4820,56900,274.3
161230,4836,62400,301.8
161244,4936,55900,275.9
161250,4940,57000,281.6
161260,4940,55900,276.1
161270,4940,57500,284.1
161280,4936,55900,275.9
161290,4940,57600,284.5
161300,4936,55900,275.9
161310,4940,57500,284.1
161320,4816,142600,686.8
161330,4916,57500,282.7
161340,4940,56000,276.6
161350,4940,57500,284.1
161360,4940,55900,276.1
161370,4940,57300,283.1
161380,4940,56600,279.6
161390,4936,56900,280.9
161400,4940,56600,279.6
161410,4940,56800,280.6
161420,4940,56600,279.6
161430,4824,217000,1046.8
161440,4940,57500,284.1
161450,4936,55900,275.9
161460,4940,57500,284.1
161470,4940,55900,276.1
161480,4940,57500,284.1
161490,4936,55900,275.9
161500,4940,57600,284.5
161510,4936,55900,275.9
161520,4940,57500,284.1
161530,4804,141400,679.3
161540,4940,57500,284.1
161550,4940,56000,276.6
161560,4940,56900,281.1
161570,4940,56600,279.6
161580,4940,56900,281.1
161590,4940,56600,279.6
161600,4940,56700,280.1
161610,4940,57200,282.6
161620,4940,55900,276.1
161630,4864,58600,285.0
161640,4808,141100,678.4
161650,4940,57500,284.1
161660,4940,56000,276.6
161670,4940,57600,284.5
161680,4940,55900,276.1
161690,4940,57500,284.1
161700,4940,56000,276.6
161710,4940,57500,284.1
161720,4940,55900,276.1
161730,4924,57200,281.7
161740,4816,145300,699.8
161750,4940,56900,281.1
161760,4940,56600,279.6
161770,4940,56900,281.1
161780,4940,56600,279.6
161790,4940,55900,276.1
161800,4940,57500,284.1
161810,4936,55900,275.9
161820,4940,57500,284.1
161830,4936,55900,275.9
161840,4940,57600,284.5
161850,4760,133900,637.4
161860,4940,57600,284.5
161870,4936,56000,276.4
161880,4940,57500,284.1
161890,4936,55900,275.9
161900,4940,57500,284.1
161910,4940,56000,276.6
161920,4936,57000,281.4
161930,4824,65400,315.5
161940,4940,56900,281.1
161950,4940,56600,279.6
161960,4936,56700,279.9
161970,4940,57300,283.1
161980,4940,55900,276.1
161990,4940,57600,284.5
162000,4940,55900,276.1
162010,4940,57600,284.5
162020,4936,55900,275.9
162030,4900,57500,281.8
162040,4936,56000,276.4
162050,4940,57500,284.1
162060,4796,140700,674.8
162070,4940,57600,284.5
162080,4940,55900,276.1
162090,4940,57200,282.6
162100,4940,56600,279.6
162110,4936,56800,280.4
162120,4940,56600,279.6
162130,4932,56900,280.6
162140,4936,56600,279.4
162150,4940,55900,276.1
162160,4940,57500,284.1
162170,4720,130300,615.0
162180,4940,57500,284.1
162190,4936,55900,275.9
162200,4940,57500,284.1
162210,4936,55900,275.9
162220,4940,57500,284.1
162230,4936,73200,361.3
162240,4940,57600,284.5
162250,4936,56000,276.4
162260,4940,57500,284.1
162270,4940,56000,276.6
162280,4812,56900,273.8
162290,4940,56600,279.6
162300,4940,56900,281.1
162310,4936,56600,279.4
162320,4940,56700,280.1
162330,4848,60900,295.2
162340,4936,56000,276.4
162350,4940,57500,284.1
162360,4936,56000,276.4
162370,4940,57500,284.1
162380,4812,140900,678.0
162390,4940,57600,284.5
162400,4936,56000,276.4
162410,4940,57500,284.1
162420,4940,55900,276.1
162430,4920,57500,282.9
162440,4936,55900,275.9
162450,4944,57100,282.3
162460,4940,56700,280.1
162470,4940,56900,281.1
162480,4940,56600,279.6
162490,4760,153800,732.1
162500,4940,56600,279.6
162510,4936,55900,275.9
162520,4940,57500,284.1
162530,4936,55900,275.9
162540,4940,57500,284.1
162550,4940,56000,276.6
162560,4940,57500,284.1
162570,4936,56000,276.4
162580,4940,57500,284.1
162590,4720,138400,653.2
162600,4940,57500,284.1
162610,4936,56000,276.4
162620,4940,57500,284.1
162630,4804,67800,325.7
162640,4940,56900,281.1
162650,4940,56600,279.6
162660,4940,56900,281.1
162670,4940,56600,279.6
162680,4940,56500,279.1
162690,4816,146200,704.1
162700,4936,55900,275.9
162710,4940,57500,284.1
162720,4936,55900,275.9
162730,4880,57600,281.1
162740,4936,55900,275.9
162750,4940,57500,284.1
162760,4940,55900,276.1
162770,4940,57600,284.5
162780,4936,55900,275.9
162790,4940,57500,284.1
162800,4940,55900,276.1
162810,4940,57100,282.1
162820,4940,56600,279.6
162830,4928,56900,280.4
162840,4940,56600,279.6
162850,4940,56800,280.6
162860,4940,56600,279.6
162871,4936,56000,276.4
162880,4940,57500,284.1
162890,4936,55900,275.9
162900,4828,146800,708.8
162910,4936,55900,275.9
162920,4940,57600,284.5
162930,4940,88400,436.7
162940,4940,57600,284.5
162950,4936,55900,275.9
162960,4940,57500,284.1
162970,4936,56000,276.4
162980,4940,57500,284.1
162990,4936,56000,276.4
163000,4940,56900,281.1
163010,4940,56600,279.6
163020,4940,56900,281.1
163030,4832,63500,306.8
163040,4940,56500,279.1
163050,4940,57300,283.1
163060,4936,56000,276.4
163070,4940,57500,284.1
163080,4936,55900,275.9
163090,4940,57500,284.1
163100,4936,55900,275.9
163110,4940,57500,284.1
163120,4936,55900,275.9
163130,4912,57600,282.9
163140,4936,55900,275.9
163150,4940,57500,284.1
163160,4940,56000,276.6
163170,4940,57000,281.6
163180,4936,56600,279.4
163190,4940,56900,281.1
163200,4940,56600,279.6
163210,4940,56900,281.1
163220,4824,131700,635.3
163230,4932,55900,275.7
163240,4940,57500,284.1
163250,4936,55900,275.9
163260,4940,57500,284.1
163270,4940,55900,276.1
163280,4940,57500,284.1
163290,4936,55900,275.9
163300,4940,57500,284.1
163310,4936,55900,275.9
163320,4824,207100,999.1
163330,4792,71400,342.1
163340,4940,57600,284.5
163350,4940,56000,276.6
163360,4940,56900,281.1
163370,4940,56600,279.6
163380,4940,56800,280.6
163390,4940,56600,279.6
163400,4940,56300,278.1
163410,4940,57400,283.6
163420,4940,55900,276.1
163430,4700,120900,568.2
163440,4936,56000,276.4
163450,4940,57500,284.1
163460,4936,55900,275.9
163470,4940,57500,284.1
163480,4936,55900,275.9
163490,4940,57600,284.5
163500,4940,55900,276.1
163510,4940,57500,284.1
163520,4936,55900,275.9
163530,4804,142800,686.0
163540,4936,56700,279.9
163550,4940,56900,281.1
163560,4940,56600,279.6
163570,4940,56900,281.1
163580,4940,56600,279.6
163590,4936,56000,276.4
163600,4940,57500,284.1
163610,4940,55900,276.1
163620,4940,57500,284.1
163630,4936,104700,516.8
163640,4824,164400,793.1
163650,4936,56000,276.4
163660,4940,57500,284.1
163670,4940,55900,276.1
163680,4940,57500,284.1
163690,4940,56000,276.6
163700,4940,57500,284.1
163710,4936,55900,275.9
163720,4940,56800,280.6
163730,4816,66400,319.8
163740,4924,153100,753.9
163750,4940,56600,279.6
163760,4940,56400,278.6
163770,4940,57500,284.1
163780,4936,55900,275.9
163790,4940,57500,284.1
163800,4936,55900,275.9
163810,4940,57500,284.1
163820,4940,55900,276.1
163830,4896,57600,282.0
163840,4936,56000,276.4
163850,4776,197900,945.2
163860,4940,55900,276.1
163870,4940,57500,284.1
163880,4940,56000,276.6
163890,4940,56900,281.1
163900,4940,56600,279.6
163910,4940,56900,281.1
163920,4940,56600,279.6
163930,4928,56800,279.9
163940,4940,56500,279.1
163950,4812,141000,678.5
163960,4940,57500,284.1
163970,4940,56000,276.6
163980,4940,57500,284.1
163990,4940,55900,276.1
164000,4940,57500,284.1
164010,4940,55900,276.1
164020,4940,57500,284.1
164030,4940,78300,386.8
164040,4940,57600,284.5
164050,4940,55900,276.1
164060,4824,139500,672.9
164070,4940,55900,276.1
164080,4940,56900,281.1
164090,4940,56600,279.6
164100,4940,56800,280.6
164110,4936,56600,279.4
164120,4936,56300,277.9
164130,4840,62400,302.0
164140,4936,55900,275.9
164150,4940,57500,284.1
164160,4936,55900,275.9
164170,4712,111900,527.3
164180,4936,55900,275.9
164190,4940,57500,284.1
164200,4936,55900,275.9
164210,4940,57500,284.1
164220,4936,55900,275.9
164230,4920,57500,282.9
164240,4940,55900,276.1
164250,4940,56800,280.6
164260,4936,56600,279.4
164270,4824,166600,803.7
164280,4936,56600,279.4
164290,4940,56900,281.1
164300,4940,56600,279.6
164310,4940,55900,276.1
164320,4940,57600,284.5
164330,4936,55900,275.9
164340,4940,57600,284.5
164350,4940,55900,276.1
164360,4940,57600,284.5
164370,4816,146000,703.1
164380,4940,57600,284.5
164390,4940,56000,276.6
164400,4940,57500,284.1
164410,4940,56000,276.6
164420,4940,57500,284.1
164430,4800,69200,332.2
164440,4940,56900,281.1
164450,4940,56600,279.6
164460,4940,56900,281.1
164470,4940,56600,279.6
164480,4828,208200,1005.2
164490,4940,57600,284.5
164501,4936,56000,276.4
164510,4940,57600,284.5
164520,4940,55900,276.1
164530,4872,57500,280.1
164540,4936,56000,276.4
164550,4940,57500,284.1
164560,4940,56000,276.6
164570,4940,57500,284.1
164580,4820,136300,657.0
164590,4940,57600,284.5
164600,4936,55900,275.9
164610,4940,56900,281.1
164620,4940,56600,279.6
164630,4924,56900,280.2
164640,4940,56600,279.6
164650,4940,56900,281.1
164660,4940,56600,279.6
164670,4940,55900,276.1
164680,4940,57500,284.1
164690,4936,56000,276.4
164700,4940,57500,284.1
164710,4936,56000,276.4
164720,4940,57600,284.5
164730,4940,94200,465.3
164740,4940,57500,284.1
164750,4936,56000,276.4
164760,4940,57500,284.1
164770,4936,55900,275.9
164780,4940,57500,284.1
164790,4940,56000,276.6
164800,4940,56900,281.1
164810,4940,56600,279.6
164820,4940,56900,281.1
164830,4824,64900,313.1
164840,4940,56200,277.6
164850,4936,57600,284.3
164860,4936,55900,275.9
164870,4940,57500,284.1
164880,4936,55900,275.9
164890,4940,57500,284.1
164900,4720,143100,675.4
164910,4940,57500,284.1
164920,4936,55900,275.9
164930,4900,57500,281.8
164940,4936,56000,276.4
164950,4940,57600,284.5
164960,4936,55900,275.9
164970,4940,56800,280.6
164980,4940,56500,279.1
164990,4940,56900,281.1
165000,4940,56600,279.6
165010,4820,204700,986.7
165020,4940,56600,279.6
165030,4932,56000,276.2
165040,4940,57600,284.5
165050,4936,55900,275.9
165060,4940,57500,284.1
165070,4940,55800,275.7
165080,4940,57500,284.1
165090,4940,55900,276.1
165100,4940,57500,284.1
165110,4936,58800,290.2
165120,4940,57500,284.1
165130,4792,72400,346.9
165140,4940,57500,284.1
165150,4936,56000,276.4
165160,4940,56900,281.1
165170,4940,56500,279.1
165180,4940,56800,280.6
165190,4940,56600,279.6
165200,4940,56000,276.6
165210,4940,57600,284.5
165220,4940,55900,276.1
165230,4852,60500,293.5
165240,4940,56000,276.6
165250,4940,57500,284.1
165260,4936,55900,275.9
165270,4940,57500,284.1
165280,4940,56000,276.6
165290,4940,57500,284.1
165300,4940,55900,276.1
165310,4940,57500,284.1
165320,4716,137000,646.1
165330,4920,56800,279.5
165340,4940,56500,279.1
165350,4940,56900,281.1
165360,4940,56600,279.6
165370,4940,56900,281.1
165380,4940,56600,279.6
165390,4936,55900,275.9
165400,4944,57500,284.3
165410,4936,55900,275.9
165420,4808,143200,688.5
165430,4940,107000,528.6
165440,4940,57500,284.1
165450,4936,56000,276.4
165460,4940,57500,284.1
165470,4936,55900,275.9
165480,4940,57500,284.1
165490,4940,55900,276.1
165500,4940,57500,284.1
165510,4936,56000,276.4
165520,4940,56800,280.6
165530,4704,149600,703.7
165540,4940,56800,280.6
165550,4940,56600,279.6
165560,4940,56100,277.1
165570,4940,57500,284.1
165580,4940,55900,276.1
165590,4940,57500,284.1
165600,4936,55900,275.9
165610,4940,57600,284.5
165620,4940,55900,276.1
165630,4788,143200,685.6
165640,4940,76200,376.4
165650,4940,57600,284.5
165660,4936,56000,276.4
165670,4940,57500,284.1
165680,4940,55900,276.1
165690,4940,56900,281.1
165700,4940,56500,279.1
165710,4940,56900,281.1
165720,4940,56500,279.1
165730,4808,142300,684.2
165740,4708,142800,672.3
165750,4940,56000,276.6
165760,4940,57500,284.1
165770,4940,55900,276.1
165780,4940,57500,284.1
165790,4936,56000,276.4
165800,4940,57600,284.5
165810,4940,55900,276.1
165820,4940,57500,284.1
165830,4808,87500,420.7
165840,4824,188300,908.4
165850,4936,56000,276.4
165860,4940,57500,284.1
165870,4940,56000,276.6
165880,4940,56800,280.6
165890,4940,56600,279.6
165900,4940,56800,280.6
165910,4940,56600,279.6
165920,4940,56000,276.6
165930,4836,63600,307.6
165940,4940,56000,276.6
165950,4800,139300,668.6
165960,4940,55900,276.1
165970,4940,57500,284.1
165980,4936,56000,276.4
165990,4940,57500,284.1
166000,4936,56000,276.4
166010,4940,57500,284.1
166020,4940,56000,276.6
166030,4916,57500,282.7
166040,4936,55900,275.9
166050,4944,56800,280.8
166060,4936,56600,279.4
166070,4940,56900,281.1
166080,4940,56600,279.6
166090,4940,56900,281.1
166100,4940,56600,279.6
166110,4936,55900,275.9
166120,4940,57500,284.1
166130,4932,55900,275.7
166141,4940,57500,284.1
166150,4936,55900,275.9
166160,4816,146300,704.6
166170,4940,56000,276.6
166180,4940,57500,284.1
166190,4936,56000,276.4
166200,4940,57500,284.1
166210,4936,56000,276.4
166220,4940,57500,284.1
166230,4796,70600,338.6
166240,4940,56800,280.6
166250,4940,56600,279.6
166260,4940,56800,280.6
166270,4832,134100,648.0
166280,4940,56000,276.6
166290,4940,57600,284.5
166300,4936,55900,275.9
166310,4940,57500,284.1
166320,4936,55900,275.9
166330,4864,58400,284.1
166340,4940,55900,276.1
166350,4940,57500,284.1
166360,4936,56000,276.4
166370,4820,146100,704.2
166380,4936,55900,275.9
166390,4940,57600,284.5
166400,4940,55900,276.1
166410,4940,56900,281.1
166420,4940,56500,279.1
166430,4924,56900,280.2
166440,4940,56600,279.6
166450,4940,56800,280.6
166460,4940,56600,279.6
166470,4916,155300,763.5
166480,4940,57600,284.5
166490,4936,55900,275.9
166500,4940,57600,284.5
166510,4936,55900,275.9
166520,4940,57600,284.5
166530,4940,99100,489.6
166540,4940,57600,284.5
166550,4940,56000,276.6
166560,4940,57500,284.1
166570,4936,57400,283.3
166580,4940,57500,284.1
166590,4936,56100,276.9
166600,4940,56900,281.1
166610,4940,56600,279.6
166620,4940,56900,281.1
166630,4820,66100,318.6
166640,4940,55900,276.1
166650,4940,57600,284.5
166660,4940,56000,276.6
166670,4940,57500,284.1
166680,4724,141700,669.4
166690,4940,57500,284.1
166700,4940,55900,276.1
166710,4940,57500,284.1
166720,4936,55900,275.9
166730,4896,57600,282.0
166740,4936,55900,275.9
166750,4940,57500,284.1
166760,4940,55900,276.1
166770,4940,56900,281.1
166780,4936,56600,279.4
166790,4804,57700,277.2
166800,4940,56600,279.6
166810,4940,56900,281.1
166820,4940,56700,280.1
166830,4928,55900,275.5
166840,4940,57500,284.1
166850,4940,55900,276.1
166860,4940,57500,284.1
166870,4940,55900,276.1
166880,4940,57500,284.1
166890,4940,55900,276.1
166900,4940,57500,284.1
166910,4936,56000,276.4
166920,4944,57500,284.3
166930,4796,75500,362.1
166940,4940,57600,284.5
166950,4936,56200,277.4
166960,4940,56900,281.1
166970,4940,56500,279.1
166980,4940,56900,281.1
166990,4936,56600,279.4
167000,4828,203800,983.9
167010,4940,57600,284.5
167020,4940,55900,276.1
167030,4848,61700,299.1
167040,4936,55900,275.9
167050,4940,57500,284.1
167060,4936,56000,276.4
167070,4940,57500,284.1
167080,4936,55900,275.9
167090,4940,57500,284.1
167100,4940,55900,276.1
167110,4764,80300,382.5
167120,4940,55900,276.1
167130,4920,56800,279.5
167140,4940,56600,279.6
167150,4940,56900,281.1
167160,4940,56600,279.6
167170,4940,56900,281.1
167180,4940,56700,280.1
167190,4940,55900,276.1
167200,4940,57500,284.1
167210,4816,141000,679.1
167220,4940,57500,284.1
167230,4936,111800,551.8
167240,4940,57500,284.1
167250,4940,55900,276.1
167260,4940,57500,284.1
167270,4940,55900,276.1
167280,4940,57500,284.1
167290,4936,55900,275.9
167300,4940,57500,284.1
167310,4940,56200,277.6
167320,4824,210600,1015.9
167330,4800,69400,333.1
167340,4936,56900,280.9
167350,4940,56500,279.1
167360,4940,55900,276.1
167370,4940,57500,284.1
167380,4936,56000,276.4
167390,4940,57500,284.1
167400,4940,55900,276.1
167410,4940,57500,284.1
167420,4812,140600,676.6
167430,4872,57600,280.6
167440,4936,56000,276.4
167450,4940,57500,284.1
167460,4936,56000,276.4
167470,4940,57500,284.1
167480,4940,55900,276.1
167490,4940,56800,280.6
167500,4940,56500,279.1
167510,4940,56800,280.6
167520,4940,56600,279.6
167530,4824,207300,1000.0
167540,4936,56600,279.4
167550,4936,56000,276.4
167560,4940,57600,284.5
167570,4940,55800,275.7
167580,4940,57500,284.1
167590,4936,55900,275.9
167600,4940,57500,284.1
167610,4936,55900,275.9
167620,4940,57400,283.6
167630,4812,160400,771.8
167640,4940,57500,284.1
167650,4940,55900,276.1
167660,4940,57600,284.5
167670,4936,56300,277.9
167680,4936,56900,280.9
167690,4940,56600,279.6
167700,4936,56900,280.9
167710,4936,56600,279.4
167720,4940,55900,276.1
167730,4828,66000,318.6
167740,4812,140200,674.6
167750,4940,57500,284.1
167760,4940,56000,276.6
167771,4940,57600,284.5
167780,4940,55900,276.1
167790,4940,57500,284.1
167800,4940,56000,276.6
167810,4940,57600,284.5
167820,4936,55900,275.9
167830,4908,57500,282.2
167840,4936,55900,275.9
167850,4828,128000,618.0
167860,4936,56600,279.4
167870,4940,56900,281.1
167880,4940,56600,279.6
167890,4940,56900,281.1
167900,4940,56800,280.6
167910,4940,55900,276.1
167920,4940,57500,284.1
167930,4932,55800,275.2
167940,4940,57500,284.1
167950,4812,141000,678.5
167960,4940,57600,284.5
167970,4936,56000,276.4
167980,4940,57500,284.1
167990,4936,55900,275.9
168000,4940,57500,284.1
168010,4940,55900,276.1
168020,4940,57500,284.1
168030,4792,72400,346.9
168040,4940,56800,280.6
168050,4788,142200,680.9
168060,4936,56900,280.9
168070,4940,56600,279.6
168080,4940,55900,276.1
168090,4936,57400,283.3
168100,4940,56000,276.6
168110,4940,57500,284.1
168120,4936,55900,275.9
168130,4856,59700,289.9
168140,4936,55900,275.9
168150,4940,57500,284.1
168160,4808,141400,679.9
168170,4940,57500,284.1
168180,4940,56000,276.6
168190,4940,57500,284.1
168200,4936,55900,275.9
168210,4940,56900,281.1
168220,4936,56600,279.4
168230,4920,56800,279.5
168240,4940,56500,279.1
168250,4940,56900,281.1
168260,4940,56900,281.1
168270,4940,55900,276.1
168280,4940,57600,284.5
168290,4940,55900,276.1
168300,4940,57600,284.5
168310,4940,55900,276.1
168320,4940,57500,284.1
168330,4936,104700,516.8
168340,4940,57500,284.1
168350,4940,55900,276.1
168360,4940,57600,284.5
168370,4716,135200,637.6
168380,4940,57500,284.1
168390,4936,56300,277.9
168400,4940,56900,281.1
168410,4940,56600,279.6
168420,4940,56900,281.1
168430,4812,67500,324.8
168440,4940,55800,275.7
168450,4940,57500,284.1
168460,4936,55900,275.9
168470,4940,57500,284.1
168480,4836,215700,1043.1
168490,4940,57500,284.1
168500,4936,55900,275.9
168510,4940,57600,284.5
168520,4936,55800,275.4
168530,4884,57500,280.8
168540,4936,55900,275.9
168550,4940,57500,284.1
168560,4936,55900,275.9
168570,4940,56900,281.1
168580,4728,159000,751.8
168590,4940,56900,281.1
168600,4940,56600,279.6
168610,4940,57000,281.6
168620,4940,56800,280.6
168630,4928,55900,275.5
168640,4940,57500,284.1
168650,4940,55900,276.1
168660,4940,57500,284.1
168670,4936,55900,275.9
168680,4824,140800,679.2
168690,4936,55900,275.9
168700,4940,57500,284.1
168710,4940,55900,276.1
168720,4940,57500,284.1
168730,4800,81900,393.1
168740,4940,57500,284.1
168750,4936,56400,278.4
168760,4940,56900,281.1
168770,4940,56600,279.6
168780,4940,56900,281.1
168790,4728,138500,654.8
168800,4940,55900,276.1
168810,4940,57500,284.1
168820,4940,55900,276.1
168830,4840,63200,305.9
168840,4940,56000,276.6
168850,4940,57500,284.1
168860,4940,55900,276.1
168870,4940,57500,284.1
168880,4936,56000,276.4
168890,4936,104900,517.8
168900,4936,56000,276.4
168910,4940,57500,284.1
168920,4936,56000,276.4
168930,4916,56900,279.7
168940,4940,56500,279.1
168950,4940,57000,281.6
168960,4940,56600,279.6
168970,4940,56800,280.6
168980,4940,56900,281.1
168990,4936,55900,275.9
169000,4768,139900,667.0
169010,4936,55900,275.9
169020,4940,57500,284.1
169030,4936,116100,573.1
169040,4940,57500,284.1
169050,4936,56000,276.4
169060,4940,57500,284.1
169070,4940,55900,276.1
169080,4940,57500,284.1
169090,4936,55900,275.9
169100,4940,57400,283.6
169110,4720,135700,640.5
169120,4940,56900,281.1
169130,4796,70600,338.6
169140,4940,56900,281.1
169150,4940,56600,279.6
169160,4940,55900,276.1
169170,4940,57500,284.1
169180,4936,55900,275.9
169190,4940,57600,284.5
169200,4936,56000,276.4
169210,4940,57500,284.1
169220,4936,55900,275.9
169230,4868,57800,281.4
169240,4936,55900,275.9
169250,4940,57500,284.1
169260,4940,55900,276.1
169270,4940,57500,284.1
169280,4936,55900,275.9
169290,4940,56900,281.1
169300,4940,56600,279.6
169310,4940,56900,281.1
169320,4708,148400,698.7
169330,4920,56800,279.5
169340,4940,56900,281.1
169350,4936,55900,275.9
169360,4940,57500,284.1
169370,4936,55900,275.9
169380,4940,57600,284.5
169390,4936,55900,275.9
169401,4940,57500,284.1
169410,4936,55900,275.9
169420,4808,142900,687.1
169430,4816,96500,464.7
169440,4940,57500,284.1
169450,4940,55900,276.1
169460,4940,57400,283.6
169470,4936,56500,278.9
169480,4940,56900,281.1
169490,4940,56600,279.6
169500,4940,56900,281.1
169510,4940,56600,279.6
169520,4940,55900,276.1
169530,4816,146000,703.1
169540,4940,56000,276.6
169550,4940,57500,284.1
169560,4936,56000,276.4
169570,4940,57500,284.1
169580,4936,56000,276.4
169590,4940,57500,284.1
169600,4936,55900,275.9
169610,4940,57500,284.1
169620,4940,55900,276.1
169630,4792,142100,680.9
169640,4760,179300,853.5
169650,4940,56900,281.1
169660,4940,56600,279.6
169670,4940,56800,280.6
169680,4940,56600,279.6
169690,4940,56800,280.6
169700,4940,57100,282.1
169710,4940,56000,276.6
169720,4940,57500,284.1
169730,4808,141100,678.4
169740,4788,138700,664.1
169750,4940,56000,276.6
169760,4940,57500,284.1
169770,4936,55900,275.9
169780,4940,57500,284.1
169790,4940,56000,276.6
169800,4940,57600,284.5
169810,4936,55900,275.9
169820,4940,57400,283.6
169830,4800,76500,367.2
169840,4936,132500,654.0
169850,4940,56600,279.6
169860,4940,56900,281.1
169870,4940,56600,279.6
169880,4940,55900,276.1
169890,4940,57500,284.1
169900,4936,55900,275.9
169910,4940,57600,284.5
169920,4936,55900,275.9
169930,4852,60800,295.0
169940,4940,55900,276.1
169950,4816,145900,702.7
169960,4936,55900,275.9
169970,4940,57500,284.1
169980,4936,56000,276.4
169990,4940,57600,284.5
170000,4936,55900,275.9
170010,4940,56900,281.1
170020,4940,56600,279.6
170030,4920,56900,279.9
170040,4940,56600,279.6
170050,4940,56800,280.6
170060,4832,134500,649.9
170070,4936,55900,275.9
170080,4940,57500,284.1
170090,4940,56000,276.6
170100,4940,57500,284.1
170110,4940,56000,276.6
170120,4940,57600,284.5
170130,4936,108400,535.1
170140,4940,57500,284.1
170150,4940,55900,276.1
170160,4940,57500,284.1
170170,4940,56000,276.6
170180,4940,57400,283.6
170190,4940,56500,279.1
170200,4940,56900,281.1
170210,4940,56600,279.6
170220,4940,56800,280.6
170230,4804,68400,328.6
170240,4940,55900,276.1
170250,4940,57400,283.6
170260,4936,55900,275.9
170270,4828,134200,647.9
170280,4940,56000,276.6
170290,4940,57500,284.1
170300,4936,55900,275.9
170310,4940,57500,284.1
170320,4936,55900,275.9
170330,4880,57600,281.1
170340,4940,55900,276.1
170350,4940,57500,284.1
170360,4940,55900,276.1
170370,4940,56900,281.1
170380,4744,151200,717.3
170390,4940,56900,281.1
170400,4940,56500,279.1
170410,4940,56800,280.6
170420,4940,57000,281.6
170430,4924,55900,275.3
170440,4940,57500,284.1
170450,4940,55900,276.1
170460,4940,57500,284.1
170470,4940,55800,275.7
170480,4940,57500,284.1
170490,4936,56000,276.4
170500,4940,57600,284.5
170510,4936,55900,275.9
170520,4940,57500,284.1
170530,4800,87800,421.4
170540,4940,57300,283.1
170550,4940,56600,279.6
170560,4940,56900,281.1
170570,4940,56600,279.6
170580,4940,56900,281.1
170590,4936,59000,291.2
170600,4936,55900,275.9
170610,4940,57600,284.5
170620,4940,55900,276.1
170630,4836,64300,311.0
170640,4940,55900,276.1
170650,4940,57500,284.1
170660,4936,55900,275.9
170670,4940,57500,284.1
170680,4940,55900,276.1
170690,4940,57500,284.1
170700,4936,56000,276.4
170710,4940,57500,284.1
170720,4940,55900,276.1
170730,4912,56900,279.5
170740,4940,56600,279.6
170750,4940,56900,281.1
170760,4940,56600,279.6
170770,4940,56800,280.6
170780,4940,57100,282.1
170790,4936,55900,275.9
170800,4940,57500,284.1
170810,4940,56000,276.6
170820,4940,57500,284.1
170830,4932,118100,582.5
170840,4940,57500,284.1
170850,4936,55900,275.9
170860,4940,57500,284.1
170870,4940,55900,276.1
170880,4940,57500,284.1
170890,4940,55900,276.1
170900,4940,57200,282.6
170910,4776,136600,652.4
170920,4940,56900,281.1
170930,4796,71800,344.4
170940,4940,56800,280.6
170950,4936,56600,279.4
170960,4936,55900,275.9
170970,4940,57500,284.1
170980,4936,56000,276.4
170990,4940,57500,284.1
171000,4940,55900,276.1
171010,4936,78400,387.0
171020,4940,55900,276.1
171031,4940,57500,284.1
171040,4940,55900,276.1
171050,4940,57500,284.1
171060,4936,55900,275.9
171070,4940,57500,284.1
171080,4940,55900,276.1
171090,4940,56800,280.6
171100,4940,56600,279.6
171110,4940,56900,281.1
171120,4816,135600,653.0
171130,4920,56800,279.5
171140,4940,57100,282.1
171150,4940,55900,276.1
171160,4940,57500,284.1
171170,4936,56000,276.4
171180,4940,57500,284.1
171190,4940,55900,276.1
171200,4940,57400,283.6
171210,4936,56000,276.4
171220,4940,57500,284.1
171230,4824,209300,1009.7
171240,4940,57500,284.1
171250,4940,55900,276.1
171260,4940,57200,282.6
171270,4940,56600,279.6
171280,4936,56900,280.9
171290,4936,56600,279.4
171300,4940,56900,281.1
171310,4940,56600,279.6
171320,4936,55900,275.9
171330,4736,139000,658.3
171340,4940,56000,276.6
171350,4940,57500,284.1
171360,4936,55900,275.9
171370,4940,57500,284.1
171380,4936,56000,276.4
171390,4940,57500,284.1
171400,4940,55900,276.1
171410,4940,57500,284.1
171420,4936,55900,275.9
171430,4820,201400,970.7
171440,4940,56000,276.6
171450,4940,56900,281.1
171460,4940,56600,279.6
171470,4940,56900,281.1
171480,4940,56600,279.6
171490,4940,56600,279.6
171500,4940,57400,283.6
171510,4940,55900,276.1
171520,4940,57500,284.1
171530,4928,134800,664.3
171540,4816,184300,887.6
171550,4936,55900,275.9
171560,4940,57500,284.1
171570,4940,55900,276.1
171580,4940,57600,284.5
171590,4940,55900,276.1
171600,4940,57500,284.1
171610,4936,55900,275.9
171620,4940,57100,282.1
171630,4796,76400,366.4
171640,4940,56900,281.1
171650,4716,134000,631.9
171660,4940,56900,281.1
171670,4940,56500,279.1
171680,4940,56000,276.6
171690,4940,57500,284.1
171700,4936,56000,276.4
171710,4940,57500,284.1
171720,4940,56000,276.6
171730,4844,62200,301.3
171740,4940,55900,276.1
171750,4804,142700,685.5
171760,4936,55900,275.9
171770,4940,57500,284.1
171780,4940,56000,276.6
171790,4940,57500,284.1
171800,4936,55900,275.9
171810,4940,56900,281.1
171820,4940,56600,279.6
171830,4916,56800,279.2
171840,4940,56500,279.1
171850,4936,142300,702.4
171860,4936,57400,283.3
171870,4940,55900,276.1
171880,4940,57500,284.1
171890,4940,55900,276.1
171900,4940,57600,284.5
171910,4936,55900,275.9
171920,4940,57500,284.1
171930,4936,114400,564.7
171940,4940,57500,284.1
171950,4936,55900,275.9
171960,4828,159200,768.6
171970,4936,55900,275.9
171980,4940,57100,282.1
171990,4940,56600,279.6
172000,4936,56800,280.4
172010,4940,56600,279.6
172020,4940,56900,281.1
172030,4800,69500,333.6
172040,4940,55900,276.1
172050,4940,57600,284.5
172060,4936,56000,276.4
172070,4708,140800,662.9
172080,4936,56000,276.4
172090,4940,57500,284.1
172100,4936,56000,276.4
172110,4940,57600,284.5
172120,4940,55900,276.1
172130,4876,57600,280.9
172140,4936,55900,275.9
172150,4940,57500,284.1
172160,4936,55900,275.9
172170,4816,202200,973.8
172180,4940,56600,279.6
172190,4940,56900,281.1
172200,4940,56600,279.6
172210,4940,56500,279.1
172220,4940,57400,283.6
172230,4924,56000,275.7
172240,4940,57500,284.1
172250,4940,55900,276.1
172260,4940,57600,284.5
172270,4936,55900,275.9
172280,4704,127800,601.2
172290,4940,55900,276.1
172300,4940,57500,284.1
172310,4936,55900,275.9
172320,4940,57500,284.1
172330,4808,92300,443.8
172340,4940,57000,281.6
172350,4936,56700,279.9
172360,4940,56800,280.6
172370,4940,56600,279.6
172380,4824,211300,1019.3
172390,4940,56600,279.6
172400,4940,56000,276.6
172410,4940,57600,284.5
172420,4936,55900,275.9
172430,4828,65300,315.3
172440,4936,56000,276.4
172450,4940,57600,284.5
172460,4936,55900,275.9
172470,4940,57500,284.1
172480,4840,146000,706.6
172490,4940,57600,284.5
172500,4936,55900,275.9
172510,4940,57500,284.1
172520,4940,55900,276.1
172530,4908,56900,279.3
172540,4940,56500,279.1
172550,4940,56900,281.1
172560,4940,56600,279.6
172570,4940,56400,278.6
172580,4940,57500,284.1
172590,4824,207200,999.5
172600,4940,57600,284.5
172610,4936,55900,275.9
172620,4940,57500,284.1
172630,4928,125400,618.0
172640,4940,57600,284.5
172650,4940,55900,276.1
172660,4940,57500,284.1
172671,4936,55900,275.9
172680,4940,57500,284.1
172690,4936,55900,275.9
172700,4744,92900,440.7
172710,4936,56600,279.4
172720,4940,56800,280.6
172730,4792,73200,350.8
172740,4940,56900,281.1
172750,4940,56600,279.6
172760,4936,55900,275.9
172770,4940,57500,284.1
172780,4936,55900,275.9
172790,4940,57500,284.1
172800,4920,58700,288.8
172810,4940,57500,284.1
172820,4936,55900,275.9
172830,4856,60200,292.3
172840,4940,55900,276.1
172850,4940,57500,284.1
172860,4940,56000,276.6
172870,4940,57600,284.5
172880,4936,55900,275.9
172890,4940,56800,280.6
172900,4940,56600,279.6
172910,4824,206400,995.7
172920,4940,56600,279.6
172930,4920,56400,277.5
172940,4940,57500,284.1
172950,4936,55900,275.9
172960,4940,57600,284.5
172970,4936,55900,275.9
172980,4940,57500,284.1
172990,4936,56000,276.4
173000,4940,57600,284.5
173010,4940,55900,276.1
173020,4824,135000,651.2
173030,4824,104800,505.6
173040,4940,57500,284.1
173050,4940,56000,276.6
173060,4940,56900,281.1
173070,4940,56600,279.6
173080,4940,56800,280.6
173090,4940,56600,279.6
173100,4940,56900,281.1
173110,4940,56500,279.1
173120,4812,142100,683.8
173130,4812,68800,331.1
173140,4940,55900,276.1
173150,4940,57600,284.5
173160,4940,56000,276.6
173170,4940,57500,284.1
173180,4936,55900,275.9
173190,4940,57500,284.1
173200,4940,55900,276.1
173210,4940,57500,284.1
173220,4936,58800,290.2
173230,4884,57700,281.8
173240,4936,56000,276.4
173250,4940,56800,280.6
173260,4940,56500,279.1
173270,4940,56800,280.6
173280,4936,56600,279.4
173290,4940,56200,277.6
173300,4940,57500,284.1
173310,4940,55900,276.1
173320,4940,57500,284.1
173330,4936,56000,276.4
173340,4940,57500,284.1
173350,4936,55900,275.9
173360,4940,57500,284.1
173370,4940,55900,276.1
173380,4940,57500,284.1
173390,4936,55900,275.9
173400,4940,57600,284.5
173410,4936,55900,275.9
173420,4940,56800,280.6
173430,4816,142200,684.8
173440,4940,56900,281.1
173450,4936,56600,279.4
173460,4940,56900,281.1
173470,4940,56600,279.6
173480,4940,56000,276.6
173490,4944,57500,284.3
173500,4936,55900,275.9
173510,4940,57500,284.1
173520,4940,55900,276.1
173530,4832,64000,309.2
173540,4740,141100,668.8
173550,4940,57500,284.1
173560,4936,55900,275.9
173570,4940,57600,284.5
173580,4936,56000,276.4
173590,4940,57500,284.1
173600,4940,56000,276.6
173610,4940,56900,281.1
173620,4940,56600,279.6
173630,4916,56900,279.7
173640,4936,56700,279.9
173650,4940,56200,277.6
173660,4940,57600,284.5
173670,4936,55900,275.9
173680,4940,57500,284.1
173690,4940,56000,276.6
173700,4940,57500,284.1
173710,4940,55900,276.1
173720,4940,57600,284.5
173730,4844,117500,569.2
173740,4936,83600,412.6
173750,4936,55900,275.9
173760,4940,57600,284.5
173770,4940,56000,276.6
173780,4940,56900,281.1
173790,4940,56500,279.1
173800,4940,56900,281.1
173810,4940,56500,279.1
173820,4940,56800,280.6
173830,4796,71100,341.0
173840,4936,55900,275.9
173850,4724,137500,649.5
173860,4940,55900,276.1
173870,4940,57600,284.5
173880,4936,56000,276.4
173890,4940,57500,284.1
173900,4940,56000,276.6
173910,4940,57500,284.1
173920,4940,55900,276.1
173930,4864,67900,330.3
173940,4940,55700,275.2
173950,4940,56700,280.1
173960,4940,55800,275.7
173970,4940,56100,277.1
173980,4940,56300,278.1
173990,4940,56100,277.1
174000,4940,56300,278.1
174010,4940,55700,275.2
174020,4940,56700,280.1
# summary, ms_total=174028, adv_count=1740, E_total_mJ=54882.478, subject=uccs_d4b_scan90
# diag, samples=17402, rate_hz=100.00, mean_v=4.928, mean_i=64.173, mean_p_mW=315.4, parse_drop=0
