ms,mV,uA,p_mW
# meta, firmware=TXSD_UCCS_D4B_SCAN90, cond_id=3, tag=s4_policy, subject=uccs_d4b_scan90
# meta, policy=U+CCS actions{100,500} u_mid=0.20 u_high=0.35 c_mid=0.20 c_high=0.35 hyst=0.02 ema_alpha=0.20 ccs_inverted=true
11,4940,57400,283.6
21,4940,55900,276.1
31,4940,57500,284.1
41,4940,55800,275.7
51,4940,57500,284.1
61,4940,55900,276.1
71,4940,57500,284.1
81,4940,55900,276.1
91,4940,56800,280.6
101,4936,56600,279.4
111,4940,56800,280.6
121,4940,56500,279.1
131,4940,56800,280.6
141,4940,56500,279.1
151,4940,56800,280.6
161,4940,57400,283.6
171,4940,55900,276.1
181,4940,57500,284.1
191,4936,55900,275.9
201,4940,57500,284.1
211,4940,55900,276.1
221,4940,57500,284.1
231,4940,55900,276.1
241,4940,57500,284.1
251,4812,139400,670.8
261,4940,57500,284.1
271,4940,55900,276.1
281,4940,56700,280.1
291,4940,56500,279.1
301,4940,56800,280.6
311,4940,56500,279.1
321,4940,56800,280.6
331,4940,56600,279.6
341,4940,56800,280.6
351,4940,57500,284.1
361,4940,55800,275.7
371,4940,57500,284.1
381,4940,55800,275.7
391,4940,57400,283.6
401,4936,55900,275.9
411,4940,57500,284.1
421,4940,55900,276.1
431,4940,57500,284.1
441,4940,55800,275.7
451,4940,57500,284.1
461,4940,55800,275.7
471,4940,56800,280.6
481,4940,56500,279.1
491,4940,56800,280.6
501,4940,56500,279.1
511,4940,56800,280.6
521,4940,56600,279.6
531,4940,56800,280.6
541,4940,57500,284.1
551,4936,55900,275.9
561,4940,57400,283.6
571,4940,55900,276.1
581,4940,57400,283.6
591,4940,55900,276.1
601,4940,57500,284.1
611,4940,55900,276.1
621,4940,57500,284.1
631,4940,55900,276.1
641,4940,57500,284.1
651,4940,55900,276.1
661,4940,57400,283.6
671,4940,56500,279.1
681,4940,56900,281.1
691,4940,56500,279.1
701,4940,56800,280.6
711,4940,56800,280.6
721,4940,56800,280.6
731,4940,57500,284.1
741,4940,55900,276.1
751,4940,57500,284.1
761,4868,55800,271.6
771,4940,57500,284.1
781,4936,55900,275.9
791,4940,57500,284.1
801,4940,55900,276.1
811,4940,57500,284.1
821,4940,55900,276.1
831,4940,57500,284.1
841,4940,55800,275.7
851,4940,57500,284.1
861,4940,56500,279.1
871,4940,56800,280.6
881,4940,56500,279.1
891,4940,56800,280.6
901,4940,57100,282.1
911,4940,56600,279.6
921,4940,57500,284.1
931,4940,55900,276.1
941,4940,57400,283.6
951,4940,55900,276.1
961,4940,57500,284.1
971,4936,55800,275.4
981,4944,57500,284.3
991,4940,55900,276.1
1001,4940,57500,284.1
1011,4940,55900,276.1
1021,4940,57500,284.1
1031,4940,55900,276.1
1041,4940,57500,284.1
1051,4940,56600,279.6
1061,4940,56800,280.6
1071,4940,56600,279.6
1081,4940,56800,280.6
1091,4940,57400,283.6
1101,4940,56300,278.1
1111,4940,57500,284.1
1121,4940,55900,276.1
1131,4940,57500,284.1
1141,4940,55800,275.7
1151,4940,57400,283.6
1161,4940,55800,275.7
1171,4940,57400,283.6
1181,4940,55800,275.7
1191,4940,57400,283.6
1201,4940,55900,276.1
1211,4940,57400,283.6
1221,4936,56200,277.4
1231,4940,57400,283.6
1241,4940,56500,279.1
1251,4940,56900,281.1
1261,4940,56500,279.1
1271,4940,56900,281.1
1281,4940,57600,284.5
1291,4940,56000,276.6
1301,4940,57500,284.1
1311,4936,55900,275.9
1321,4940,57500,284.1
1331,4940,55900,276.1
1341,4940,57400,283.6
1351,4940,55900,276.1
1361,4940,57500,284.1
1371,4940,55900,276.1
1381,4940,57400,283.6
1391,4940,55900,276.1
1401,4940,57300,283.1
1411,4940,56500,279.1
1421,4940,57200,282.6
1431,4940,56600,279.6
1441,4940,56800,280.6
1451,4940,56500,279.1
1461,4940,56800,280.6
1471,4940,57500,284.1
1481,4940,55800,275.7
1491,4944,57500,284.3
1501,4940,55900,276.1
1511,4940,57400,283.6
1521,4940,55800,275.7
1531,4944,57400,283.8
1541,4940,55900,276.1
1551,4940,57500,284.1
1561,4940,55800,275.7
1571,4940,57400,283.6
1581,4940,55900,276.1
1591,4940,56800,280.6
1601,4940,56600,279.6
1611,4940,56800,280.6
1621,4940,56500,279.1
1631,4940,56800,280.6
1641,4940,56500,279.1
1651,4940,56800,280.6
1661,4940,57400,283.6
1671,4940,55900,276.1
1681,4940,57500,284.1
1691,4940,55900,276.1
1701,4940,57500,284.1
1711,4940,55900,276.1
1721,4940,57500,284.1
1731,4940,55900,276.1
1741,4940,57400,283.6
1751,4940,55900,276.1
1761,4712,112200,528.7
1771,4936,55900,275.9
1781,4940,57500,284.1
1791,4940,56500,279.1
1801,4940,56800,280.6
1811,4940,56600,279.6
1821,4940,56900,281.1
1831,4940,56500,279.1
1841,4940,55900,276.1
1851,4940,57500,284.1
1861,4936,55800,275.4
1871,4940,57400,283.6
1881,4940,55900,276.1
1891,4940,57400,283.6
1901,4940,55900,276.1
1911,4940,57500,284.1
1921,4940,55900,276.1
1931,4940,57500,284.1
1941,4940,55800,275.7
1951,4940,57500,284.1
1961,4940,55900,276.1
1971,4940,57500,284.1
1981,4940,56500,279.1
1991,4940,56800,280.6
2001,4940,56500,279.1
2011,4940,56800,280.6
2021,4940,57500,284.1
2031,4940,55900,276.1
2041,4940,57500,284.1
2051,4940,55900,276.1
2061,4940,57500,284.1
2071,4940,55900,276.1
2081,4940,57500,284.1
2091,4940,55900,276.1
2101,4940,57500,284.1
2111,4940,55800,275.7
2121,4940,57500,284.1
2131,4940,55800,275.7
2141,4940,57500,284.1
2151,4940,56500,279.1
2161,4940,56800,280.6
2171,4940,56500,279.1
2181,4940,56800,280.6
2191,4940,56700,280.1
2201,4940,56800,280.6
2211,4940,57400,283.6
2221,4936,55900,275.9
2231,4944,57500,284.3
2241,4940,55800,275.7
2251,4940,57500,284.1
2261,4768,160900,767.2
2271,4940,57400,283.6
2281,4940,55900,276.1
2291,4940,57400,283.6
2301,4940,55900,276.1
2311,4940,57300,283.1
2321,4940,56300,278.1
2331,4940,57400,283.6
2341,4940,56500,279.1
2351,4940,56800,280.6
2361,4940,56500,279.1
2371,4940,56900,281.1
2381,4940,57400,283.6
2391,4936,55900,275.9
2401,4940,57400,283.6
2411,4940,55800,275.7
2421,4940,57500,284.1
2431,4940,55800,275.7
2441,4940,57400,283.6
2451,4936,55900,275.9
2461,4940,57500,284.1
2471,4936,55800,275.4
2481,4940,57500,284.1
2491,4940,55900,276.1
2501,4940,57500,284.1
2511,4940,56500,279.1
2521,4940,56800,280.6
2531,4940,56500,279.1
2541,4940,56900,281.1
2551,4940,57200,282.6
2561,4940,56400,278.6
2571,4940,57500,284.1
2581,4940,55900,276.1
2591,4944,57400,283.8
2601,4940,55900,276.1
2611,4940,57400,283.6
2621,4940,55800,275.7
2631,4940,57400,283.6
2641,4940,55800,275.7
2651,4940,57400,283.6
2661,4940,55800,275.7
2671,4940,56900,281.1
2681,4940,56500,279.1
2691,4940,56800,280.6
2701,4940,56600,279.6
2711,4940,56700,280.1
2721,4940,56500,279.1
2731,4940,56800,280.6
2741,4940,57500,284.1
2751,4940,55900,276.1
2761,4936,63900,315.4
2771,4936,55900,275.9
2781,4944,57500,284.3
2791,4940,55900,276.1
2801,4940,57500,284.1
2811,4940,55800,275.7
2821,4940,57400,283.6
2831,4940,55800,275.7
2841,4944,57400,283.8
2851,4940,55900,276.1
2861,4940,57500,284.1
2871,4940,56500,279.1
2881,4940,56800,280.6
2891,4940,56500,279.1
2901,4940,56800,280.6
2911,4940,57500,284.1
2921,4940,56000,276.6
2931,4940,57500,284.1
2941,4940,55900,276.1
2951,4940,57500,284.1
2961,4940,55900,276.1
2971,4940,57400,283.6
2981,4940,55800,275.7
2991,4944,57500,284.3
3001,4940,55900,276.1
3011,4940,57400,283.6
3021,4940,55900,276.1
3031,4940,57400,283.6
3041,4940,56400,278.6
3051,4940,56800,280.6
3061,4940,56500,279.1
3071,4940,56800,280.6
3081,4940,56600,279.6
3091,4940,56800,280.6
3101,4940,57500,284.1
3111,4940,55800,275.7
3121,4940,57400,283.6
3131,4936,55800,275.4
3141,4940,57400,283.6
3151,4940,55800,275.7
3161,4940,57500,284.1
3171,4940,55900,276.1
3181,4940,57400,283.6
3191,4936,55800,275.4
3201,4944,57400,283.8
3211,4940,56300,278.1
3221,4940,57400,283.6
3231,4940,56500,279.1
3241,4940,56800,280.6
3251,4940,56500,279.1
3261,4940,56800,280.6
3271,4940,57400,283.6
3281,4940,55900,276.1
3291,4940,57500,284.1
3301,4940,55900,276.1
3311,4940,57400,283.6
3321,4936,55800,275.4
3331,4944,57500,284.3
3341,4940,55800,275.7
3351,4940,57400,283.6
3361,4940,55900,276.1
3371,4940,57400,283.6
3381,4940,55900,276.1
3391,4940,57400,283.6
3401,4940,56600,279.6
3411,4940,56800,280.6
3421,4940,56500,279.1
3431,4940,56800,280.6
3441,4940,57000,281.6
3451,4940,56600,279.6
3461,4944,57500,284.3
3471,4940,55900,276.1
3481,4940,57500,284.1
3491,4940,55800,275.7
3501,4940,57500,284.1
3511,4940,55900,276.1
3521,4940,57400,283.6
3531,4940,55900,276.1
3541,4940,57500,284.1
3551,4940,55900,276.1
3561,4940,57000,281.6
3571,4940,56600,279.6
3581,4940,56900,281.1
3591,4940,56500,279.1
3601,4940,56800,280.6
3611,4940,56500,279.1
3622,4936,55900,275.9
3631,4940,57500,284.1
3641,4940,55800,275.7
3651,4940,57500,284.1
3661,4940,55900,276.1
3671,4940,57400,283.6
3681,4940,55900,276.1
3691,4940,57500,284.1
3701,4940,55900,276.1
3711,4940,57500,284.1
3721,4940,55900,276.1
3731,4940,57500,284.1
3741,4940,55900,276.1
3751,4940,57500,284.1
3761,4940,56600,279.6
3771,4936,56800,280.4
3781,4940,56500,279.1
3791,4940,56800,280.6
3801,4940,57500,284.1
3811,4940,56200,277.6
3821,4940,57400,283.6
3831,4940,55900,276.1
3841,4944,57400,283.8
3851,4940,55900,276.1
3861,4940,57400,283.6
3871,4940,55800,275.7
3881,4944,57500,284.3
3891,4940,55800,275.7
3901,4944,57500,284.3
3911,4940,55900,276.1
3921,4940,57400,283.6
3931,4940,56500,279.1
3941,4940,56800,280.6
3951,4940,56500,279.1
3961,4940,56800,280.6
3971,4940,56500,279.1
3981,4940,56800,280.6
3991,4940,57400,283.6
4001,4940,55900,276.1
4011,4940,57400,283.6
4021,4940,55800,275.7
4031,4940,57500,284.1
4041,4940,55900,276.1
4051,4940,57500,284.1
4061,4940,55900,276.1
4071,4940,57400,283.6
4081,4940,55800,275.7
4091,4940,57500,284.1
4101,4940,56100,277.1
4111,4940,57400,283.6
4121,4940,56500,279.1
4131,4940,56900,281.1
4141,4940,56500,279.1
4151,4940,56800,280.6
4161,4940,57400,283.6
4171,4940,55800,275.7
4181,4940,57500,284.1
4191,4940,55800,275.7
4201,4940,57500,284.1
4211,4940,55900,276.1
4221,4940,57400,283.6
4231,4940,55800,275.7
4241,4944,57400,283.8
4251,4940,55900,276.1
4261,4940,57500,284.1
4271,4940,55900,276.1
4281,4812,141600,681.4
4291,4940,56500,279.1
4301,4940,56900,281.1
4311,4940,56500,279.1
4321,4940,56800,280.6
4331,4940,56800,280.6
4341,4940,56700,280.1
4351,4940,57500,284.1
4361,4940,55800,275.7
4371,4944,57500,284.3
4381,4940,55900,276.1
4391,4940,57500,284.1
4401,4936,55800,275.4
4411,4940,57500,284.1
4421,4940,55900,276.1
4431,4940,57500,284.1
4441,4940,55800,275.7
4451,4940,57300,283.1
4461,4940,56500,279.1
4471,4940,57200,282.6
4481,4940,56500,279.1
4491,4940,56800,280.6
4501,4940,56600,279.6
4511,4940,56800,280.6
4521,4940,57400,283.6
4531,4940,55800,275.7
4541,4940,57500,284.1
4551,4940,55900,276.1
4561,4940,57500,284.1
4571,4940,55900,276.1
4581,4940,57400,283.6
4591,4940,55800,275.7
4601,4940,57500,284.1
4611,4936,55900,275.9
4621,4940,57500,284.1
4631,4940,55900,276.1
4641,4940,57500,284.1
4651,4940,56500,279.1
4661,4940,56800,280.6
4671,4940,56500,279.1
4681,4940,56800,280.6
4691,4940,57400,283.6
4701,4940,56200,277.6
4711,4940,57400,283.6
4721,4940,55900,276.1
4731,4940,57500,284.1
4741,4940,55800,275.7
4751,4940,57500,284.1
4761,4940,55900,276.1
4771,4940,57500,284.1
4781,4940,55800,275.7
4791,4820,144800,697.9
4801,4936,55900,275.9
4811,4940,57500,284.1
4821,4940,56600,279.6
4831,4940,56800,280.6
4841,4940,56500,279.1
4851,4940,56800,280.6
4861,4940,56600,279.6
4871,4940,56800,280.6
4881,4940,57500,284.1
4891,4940,55900,276.1
4901,4940,57500,284.1
4911,4940,55900,276.1
4921,4940,57500,284.1
4931,4940,55900,276.1
4941,4944,57400,283.8
4951,4940,55900,276.1
4961,4940,57400,283.6
4971,4936,55900,275.9
4981,4940,57500,284.1
4991,4940,55900,276.1
5001,4940,57500,284.1
5011,4940,56500,279.1
5021,4940,56800,280.6
5031,4940,56500,279.1
5041,4940,56800,280.6
5051,4940,57600,284.5
5061,4940,55800,275.7
5071,4940,57500,284.1
5081,4940,55900,276.1
5091,4940,57500,284.1
5101,4940,55900,276.1
5111,4944,57500,284.3
5121,4940,55900,276.1
5131,4940,57500,284.1
5141,4940,55900,276.1
5151,4940,57500,284.1
5161,4940,55900,276.1
5171,4940,57500,284.1
5181,4940,56600,279.6
5191,4940,56800,280.6
5201,4940,56500,279.1
5211,4940,56800,280.6
5221,4940,56700,280.1
5231,4940,56800,280.6
5241,4940,57400,283.6
5251,4940,55900,276.1
5261,4940,57400,283.6
5271,4940,55800,275.7
5281,4940,57500,284.1
5291,4940,55800,275.7
5301,4712,181800,856.6
5311,4940,55900,276.1
5321,4940,57500,284.1
5331,4940,55900,276.1
5341,4940,57400,283.6
5351,4940,56300,278.1
5361,4940,57300,283.1
5371,4940,56500,279.1
5381,4940,56800,280.6
5391,4940,56500,279.1
5402,4940,55800,275.7
5411,4940,57400,283.6
5421,4940,55900,276.1
5431,4940,57500,284.1
5441,4940,55800,275.7
5451,4940,57500,284.1
5461,4936,55800,275.4
5471,4940,57400,283.6
5481,4940,55900,276.1
5491,4940,57400,283.6
5501,4940,55800,275.7
5511,4940,57500,284.1
5521,4940,55900,276.1
5531,4940,57500,284.1
5541,4940,56500,279.1
5551,4940,56800,280.6
5561,4940,56500,279.1
5571,4940,56800,280.6
5581,4940,57200,282.6
5591,4940,56400,278.6
5601,4944,57500,284.3
5611,4940,55900,276.1
5621,4940,57400,283.6
5631,4940,55900,276.1
5641,4940,57500,284.1
5651,4940,55900,276.1
5661,4940,57400,283.6
5671,4940,55800,275.7
5681,4940,57400,283.6
5691,4940,55800,275.7
5701,4940,57400,283.6
5711,4940,56500,279.1
5721,4940,56700,280.1
5731,4940,56500,279.1
5741,4940,56800,280.6
5751,4940,56500,279.1
5761,4940,56800,280.6
5771,4944,57400,283.8
5781,4940,55900,276.1
5791,4940,57400,283.6
5801,4816,140700,677.6
5811,4940,57400,283.6
5821,4940,55900,276.1
5831,4940,57500,284.1
5841,4940,55900,276.1
5851,4944,57500,284.3
5861,4940,55800,275.7
5871,4940,57500,284.1
5881,4940,55800,275.7
5891,4940,57400,283.6
5901,4940,56500,279.1
5911,4940,56800,280.6
5921,4940,56500,279.1
5931,4940,56800,280.6
5941,4940,57500,284.1
5951,4940,56000,276.6
5961,4940,57400,283.6
5971,4940,55800,275.7
5981,4940,57500,284.1
5991,4940,55800,275.7
6001,4940,57400,283.6
6011,4940,55800,275.7
6021,4944,57400,283.8
6031,4940,55900,276.1
6041,4940,57400,283.6
6051,4940,55800,275.7
6061,4940,57500,284.1
6071,4940,56400,278.6
6081,4940,56800,280.6
6091,4940,56500,279.1
6101,4940,56800,280.6
6111,4940,56600,279.6
6121,4940,56800,280.6
6131,4940,57500,284.1
6141,4940,55900,276.1
6151,4944,57400,283.8
6161,4940,55900,276.1
6171,4940,57500,284.1
6181,4940,55900,276.1
6191,4940,57500,284.1
6201,4940,55800,275.7
6211,4940,57400,283.6
6221,4940,55800,275.7
6231,4940,57500,284.1
6241,4940,56200,277.6
6251,4940,57400,283.6
6261,4940,56500,279.1
6271,4940,56800,280.6
6281,4940,56600,279.6
6291,4940,56700,280.1
6301,4796,141100,676.7
6311,4940,55800,275.7
6321,4940,57400,283.6
6331,4940,55800,275.7
6341,4944,57400,283.8
6351,4940,55900,276.1
6361,4940,57500,284.1
6371,4940,55800,275.7
6381,4940,57400,283.6
6391,4940,55900,276.1
6401,4940,57500,284.1
6411,4940,55900,276.1
6421,4940,57400,283.6
6431,4940,56400,278.6
6441,4940,56800,280.6
6451,4940,56500,279.1
6461,4940,56800,280.6
6471,4940,56900,281.1
6481,4940,56700,280.1
6491,4944,57500,284.3
6501,4940,55900,276.1
6511,4944,57400,283.8
6521,4940,55900,276.1
6531,4944,57500,284.3
6541,4940,55900,276.1
6551,4940,57500,284.1
6561,4940,55800,275.7
6571,4940,57400,283.6
6581,4940,55900,276.1
6591,4940,57500,284.1
6601,4940,56500,279.1
6611,4940,57000,281.6
6621,4940,56500,279.1
6631,4940,56800,280.6
6641,4940,56500,279.1
6651,4940,56800,280.6
6661,4940,57400,283.6
6671,4940,55800,275.7
6681,4940,57500,284.1
6691,4940,55800,275.7
6701,4940,57400,283.6
6711,4940,55900,276.1
6721,4940,57500,284.1
6731,4940,55900,276.1
6741,4940,57400,283.6
6751,4940,55800,275.7
6761,4940,57400,283.6
6771,4940,55900,276.1
6781,4940,57500,284.1
6791,4940,56500,279.1
6801,4936,56800,280.4
6811,4940,56500,279.1
6821,4940,56800,280.6
6831,4940,57500,284.1
6841,4940,56200,277.6
6851,4940,57500,284.1
6861,4940,55900,276.1
6871,4940,57500,284.1
6881,4940,55900,276.1
6891,4940,57400,283.6
6901,4940,55800,275.7
6911,4940,57500,284.1
6921,4940,55900,276.1
6931,4940,57500,284.1
6941,4940,55900,276.1
6951,4940,57500,284.1
6961,4936,56500,278.9
6971,4940,56800,280.6
6981,4940,56500,279.1
6991,4940,56800,280.6
7001,4940,56500,279.1
7011,4940,56700,280.1
7021,4940,57400,283.6
7031,4940,55900,276.1
7041,4940,57500,284.1
7051,4940,55900,276.1
7061,4940,57500,284.1
7071,4940,55900,276.1
7081,4940,57400,283.6
7091,4940,55800,275.7
7101,4940,57500,284.1
7111,4940,55900,276.1
7121,4940,57400,283.6
7131,4940,56000,276.6
7141,4940,57500,284.1
7151,4940,56500,279.1
7161,4940,56900,281.1
7171,4940,56500,279.1
7182,4940,55900,276.1
7191,4940,57400,283.6
7201,4940,55800,275.7
7211,4940,57400,283.6
7221,4940,55900,276.1
7231,4940,57500,284.1
7241,4940,55900,276.1
7251,4940,57500,284.1
7261,4940,55900,276.1
7271,4944,57500,284.3
7281,4940,55800,275.7
7291,4940,57500,284.1
7301,4940,55900,276.1
7311,4940,60100,296.9
7321,4940,56500,279.1
7331,4940,56900,281.1
7341,4940,56500,279.1
7351,4940,56900,281.1
7361,4940,56800,280.6
7371,4940,56800,280.6
7381,4940,57500,284.1
7391,4940,55800,275.7
7401,4940,57500,284.1
7411,4940,55800,275.7
7421,4940,57400,283.6
7431,4940,55900,276.1
7441,4940,57500,284.1
7451,4940,55800,275.7
7461,4940,57500,284.1
7471,4940,55900,276.1
7481,4940,57500,284.1
7491,4936,56500,278.9
7501,4940,57200,282.6
7511,4940,56500,279.1
7521,4940,56800,280.6
7531,4940,56600,279.6
7541,4940,56800,280.6
7551,4940,57500,284.1
7561,4940,55900,276.1
7571,4940,57400,283.6
7581,4940,55900,276.1
7591,4940,57400,283.6
7601,4940,55900,276.1
7611,4940,57400,283.6
7621,4940,55900,276.1
7631,4940,57500,284.1
7641,4940,55800,275.7
7651,4940,57500,284.1
7661,4940,55800,275.7
7671,4940,57400,283.6
7681,4940,56500,279.1
7691,4940,56800,280.6
7701,4940,56500,279.1
7711,4940,56800,280.6
7721,4940,57300,283.1
7731,4940,56400,278.6
7741,4940,57400,283.6
7751,4940,55900,276.1
7761,4940,57400,283.6
7771,4936,55800,275.4
7781,4940,57400,283.6
7791,4940,55900,276.1
7801,4944,57500,284.3
7811,4728,137100,648.2
7821,4944,57400,283.8
7831,4940,55900,276.1
7841,4944,57400,283.8
7851,4940,56600,279.6
7861,4940,56800,280.6
7871,4940,56500,279.1
7881,4940,56800,280.6
7891,4940,56500,279.1
7901,4940,56800,280.6
7911,4940,57400,283.6
7921,4940,55900,276.1
7931,4940,57400,283.6
7941,4940,55900,276.1
7951,4940,57500,284.1
7961,4940,55800,275.7
7971,4940,57500,284.1
7981,4940,55900,276.1
7991,4944,57500,284.3
8001,4940,55800,275.7
8011,4944,57500,284.3
8021,4940,55800,275.7
8031,4940,57500,284.1
8041,4940,56500,279.1
8051,4940,56800,280.6
8061,4940,56500,279.1
8071,4940,56800,280.6
8081,4940,57500,284.1
8091,4940,55900,276.1
8101,4940,57500,284.1
8111,4940,55800,275.7
8121,4940,57500,284.1
8131,4940,55800,275.7
8141,4940,57300,283.1
8151,4940,55800,275.7
8161,4940,57500,284.1
8171,4940,55900,276.1
8181,4940,57500,284.1
8191,4940,55800,275.7
8201,4940,57400,283.6
8211,4940,56400,278.6
8221,4940,56800,280.6
8231,4940,56500,279.1
8241,4940,56800,280.6
8251,4940,56600,279.6
8261,4940,56800,280.6
8271,4940,57500,284.1
8281,4940,55900,276.1
8291,4944,57500,284.3
8301,4940,55900,276.1
8311,4820,172200,830.0
8321,4940,55800,275.7
8331,4940,57500,284.1
8341,4940,55900,276.1
8351,4940,57400,283.6
8361,4940,55900,276.1
8371,4940,57400,283.6
8381,4940,56200,277.6
8391,4944,57400,283.8
8401,4940,56500,279.1
8411,4940,56900,281.1
8421,4940,56500,279.1
8431,4940,56800,280.6
8441,4940,57400,283.6
8451,4940,55800,275.7
8461,4944,57500,284.3
8471,4940,55900,276.1
8481,4940,57500,284.1
8491,4940,55800,275.7
8501,4940,57400,283.6
8511,4940,55900,276.1
8521,4944,57400,283.8
8531,4936,55800,275.4
8541,4940,57500,284.1
8551,4940,55900,276.1
8561,4940,57400,283.6
8571,4940,56500,279.1
8581,4940,56800,280.6
8591,4940,56500,279.1
8601,4940,56800,280.6
8611,4940,57100,282.1
8621,4940,56600,279.6
8631,4940,57400,283.6
8641,4940,55800,275.7
8651,4940,57400,283.6
8661,4940,55900,276.1
8671,4940,57400,283.6
8681,4940,55900,276.1
8691,4940,57500,284.1
8701,4940,55900,276.1
8711,4944,57400,283.8
8721,4940,55800,275.7
8731,4940,57400,283.6
8741,4940,56600,279.6
8751,4940,56900,281.1
8761,4940,56600,279.6
8771,4940,56800,280.6
8781,4940,56600,279.6
8791,4940,56800,280.6
8801,4940,57400,283.6
8811,4936,55800,275.4
8821,4832,139000,671.6
8831,4936,55900,275.9
8841,4940,57400,283.6
8851,4940,55900,276.1
8861,4940,57500,284.1
8871,4940,55900,276.1
8881,4940,57500,284.1
8891,4936,55800,275.4
8901,4944,57500,284.3
8911,4940,55800,275.7
8921,4940,57400,283.6
8931,4940,56600,279.6
8941,4940,56800,280.6
8951,4940,56500,279.1
8962,4940,56300,278.1
8971,4940,57500,284.1
8981,4940,56100,277.1
8991,4940,57400,283.6
9001,4940,55800,275.7
9011,4940,57500,284.1
9021,4940,55900,276.1
9031,4940,57400,283.6
9041,4940,55800,275.7
9051,4940,57500,284.1
9061,4936,55900,275.9
9071,4940,57400,283.6
9081,4940,55900,276.1
9091,4940,57500,284.1
9101,4940,56500,279.1
9111,4940,56700,280.1
9121,4940,56600,279.6
9131,4940,56800,280.6
9141,4940,56600,279.6
9151,4940,56800,280.6
9161,4940,57500,284.1
9171,4936,55800,275.4
9181,4940,57500,284.1
9191,4940,55800,275.7
9201,4940,57500,284.1
9211,4940,55900,276.1
9221,4944,57500,284.3
9231,4940,55900,276.1
9241,4940,57400,283.6
9251,4940,55900,276.1
9261,4940,57400,283.6
9271,4940,56100,277.1
9281,4940,57400,283.6
9291,4940,56500,279.1
9301,4940,56800,280.6
9311,4940,56600,279.6
9321,4940,56800,280.6
9331,4808,135100,649.6
9341,4940,55800,275.7
9351,4940,57600,284.5
9361,4940,55900,276.1
9371,4940,57500,284.1
9381,4940,55900,276.1
9391,4940,57500,284.1
9401,4940,55900,276.1
9411,4940,57400,283.6
9421,4940,55900,276.1
9431,4940,57500,284.1
9441,4940,55800,275.7
9451,4940,57500,284.1
9461,4940,56500,279.1
9471,4940,56900,281.1
9481,4940,56600,279.6
9491,4940,56700,280.1
9501,4940,56800,280.6
9511,4940,56800,280.6
9521,4940,57400,283.6
9531,4936,55900,275.9
9541,4944,57500,284.3
9551,4940,55900,276.1
9561,4940,57500,284.1
9571,4940,55800,275.7
9581,4940,57500,284.1
9591,4940,55900,276.1
9601,4940,57500,284.1
9611,4940,55900,276.1
9621,4944,57400,283.8
9631,4936,56500,278.9
9641,4940,57100,282.1
9651,4940,56600,279.6
9661,4940,56900,281.1
9671,4940,56500,279.1
9681,4940,56900,281.1
9691,4940,57400,283.6
9701,4940,55900,276.1
9711,4940,57500,284.1
9721,4940,55900,276.1
9731,4940,57400,283.6
9741,4940,55800,275.7
9751,4940,57500,284.1
9761,4940,55900,276.1
9771,4940,57400,283.6
9781,4940,55900,276.1
9791,4940,57400,283.6
9801,4940,55900,276.1
9811,4940,57500,284.1
9821,4940,56500,279.1
9831,4936,56800,280.4
9841,4940,56500,279.1
9851,4940,56800,280.6
9861,4940,57300,283.1
9871,4940,56400,278.6
9881,4940,57500,284.1
9891,4940,55900,276.1
9901,4940,57500,284.1
9911,4940,55900,276.1
9921,4940,57400,283.6
9931,4940,55900,276.1
9941,4940,57500,284.1
9951,4940,55900,276.1
9961,4940,57500,284.1
9971,4940,55800,275.7
9981,4940,57500,284.1
9991,4940,56600,279.6
10001,4940,56800,280.6
10011,4940,56600,279.6
10021,4940,56800,280.6
10031,4940,56500,279.1
10041,4940,56900,281.1
10051,4944,57500,284.3
10061,4940,55800,275.7
10071,4940,57400,283.6
10081,4940,55900,276.1
10091,4944,57400,283.8
10101,4940,55900,276.1
10111,4940,57500,284.1
10121,4940,55800,275.7
10131,4940,57400,283.6
10141,4940,55800,275.7
10151,4940,57400,283.6
10161,4940,55900,276.1
10171,4940,57400,283.6
10181,4940,56500,279.1
10191,4940,56800,280.6
10201,4940,56600,279.6
10211,4940,56900,281.1
10221,4940,57400,283.6
10231,4940,55900,276.1
10241,4940,57400,283.6
10251,4940,55900,276.1
10261,4940,57500,284.1
10271,4936,55900,275.9
10281,4940,57500,284.1
10291,4940,55900,276.1
10301,4940,57400,283.6
10311,4940,55800,275.7
10321,4940,57400,283.6
10331,4936,55900,275.9
10341,4808,136800,657.7
10351,4940,56500,279.1
10361,4940,56800,280.6
10371,4940,56500,279.1
10381,4940,56800,280.6
10391,4940,56600,279.6
10401,4940,56800,280.6
10411,4944,57500,284.3
10421,4940,55800,275.7
10431,4940,57500,284.1
10441,4940,55800,275.7
10451,4940,57500,284.1
10461,4940,55900,276.1
10471,4940,57500,284.1
10481,4940,55800,275.7
10491,4940,57500,284.1
10501,4940,55800,275.7
10511,4940,57500,284.1
10521,4940,56300,278.1
10531,4940,57400,283.6
10541,4940,56500,279.1
10551,4940,56800,280.6
10561,4936,56600,279.4
10571,4940,56800,280.6
10581,4940,57500,284.1
10591,4940,55900,276.1
10601,4940,57400,283.6
10611,4940,55900,276.1
10621,4940,57400,283.6
10631,4940,55800,275.7
10641,4944,57400,283.8
10651,4940,55800,275.7
10661,4940,57500,284.1
10671,4940,55800,275.7
10681,4940,57500,284.1
10691,4940,55900,276.1
10701,4940,57500,284.1
10715,4940,57400,283.6
10721,4940,56800,280.6
10731,4940,56600,279.6
10741,4940,56800,280.6
10751,4940,57200,282.6
10761,4944,56500,279.3
10771,4940,57400,283.6
10781,4940,55800,275.7
10791,4940,57400,283.6
10801,4940,55800,275.7
10811,4940,57500,284.1
10821,4940,55800,275.7
10831,4944,57500,284.3
10841,4940,55900,276.1
10851,4804,142400,684.1
10861,4940,55900,276.1
10871,4940,57500,284.1
10881,4936,56600,279.4
10891,4940,56900,281.1
10901,4940,56500,279.1
10911,4940,56800,280.6
10921,4940,56500,279.1
10931,4940,56900,281.1
10941,4940,57400,283.6
10951,4940,55800,275.7
10961,4944,57500,284.3
10971,4940,55800,275.7
10981,4940,57500,284.1
10991,4940,55900,276.1
11001,4940,57400,283.6
11011,4936,55900,275.9
11021,4940,57500,284.1
11031,4940,55900,276.1
11041,4940,57400,283.6
11051,4940,55800,275.7
11061,4940,57400,283.6
11071,4940,56500,279.1
11081,4940,56800,280.6
11091,4940,56500,279.1
11101,4940,56800,280.6
11111,4940,57500,284.1
11121,4940,56000,276.6
11131,4940,57500,284.1
11141,4940,55900,276.1
11151,4940,57400,283.6
11161,4936,55800,275.4
11171,4940,57500,284.1
11181,4936,55900,275.9
11191,4940,57500,284.1
11201,4940,55900,276.1
11211,4940,57400,283.6
11221,4940,55800,275.7
11231,4940,57500,284.1
11241,4940,56500,279.1
11251,4940,56800,280.6
11261,4940,56500,279.1
11271,4940,56800,280.6
11281,4940,56600,279.6
11291,4940,56800,280.6
11301,4940,57400,283.6
11311,4940,55800,275.7
11321,4940,57400,283.6
11331,4940,55900,276.1
11341,4940,57400,283.6
11351,4940,55900,276.1
11361,4820,145900,703.2
11371,4940,55900,276.1
11381,4940,57500,284.1
11391,4940,55900,276.1
11401,4940,57500,284.1
11411,4936,56100,276.9
11421,4940,57500,284.1
11431,4940,56500,279.1
11441,4940,56800,280.6
11451,4940,56500,279.1
11461,4940,56800,280.6
11471,4940,57500,284.1
11481,4940,55800,275.7
11491,4940,57400,283.6
11501,4940,55800,275.7
11511,4940,57500,284.1
11521,4940,55900,276.1
11531,4940,57500,284.1
11541,4940,55900,276.1
11551,4940,57500,284.1
11561,4940,55900,276.1
11571,4940,57400,283.6
11581,4940,55900,276.1
11591,4940,57400,283.6
11601,4940,56500,279.1
11611,4940,56900,281.1
11621,4940,56500,279.1
11631,4940,56900,281.1
11641,4940,56900,281.1
11651,4940,56600,279.6
11661,4940,57400,283.6
11671,4940,55900,276.1
11681,4940,57500,284.1
11691,4936,55800,275.4
11701,4944,57400,283.8
11711,4940,55800,275.7
11721,4940,57400,283.6
11731,4940,55900,276.1
11741,4940,57500,284.1
11751,4940,55800,275.7
11761,4940,57500,284.1
11771,4936,56500,278.9
11781,4940,57000,281.6
11791,4940,56500,279.1
11801,4940,56800,280.6
11811,4940,56500,279.1
11821,4940,56800,280.6
11831,4940,57400,283.6
11841,4940,55900,276.1
11851,4940,57400,283.6
11861,4940,55800,275.7
11871,4820,164100,791.0
11881,4940,55900,276.1
11891,4940,57500,284.1
11901,4940,55800,275.7
11911,4940,57500,284.1
11921,4940,55900,276.1
11931,4940,57500,284.1
11941,4940,55900,276.1
11951,4940,57500,284.1
11961,4940,56600,279.6
11971,4940,56700,280.1
11981,4940,56600,279.6
11991,4940,56800,280.6
12001,4940,57300,283.1
12011,4940,56200,277.6
12021,4940,57400,283.6
12031,4940,55900,276.1
12041,4940,57500,284.1
12051,4940,55900,276.1
12061,4940,57400,283.6
12071,4940,55800,275.7
12081,4940,57500,284.1
12091,4940,55900,276.1
12101,4940,57400,283.6
12111,4940,55900,276.1
12121,4940,57400,283.6
12131,4936,56500,278.9
12141,4940,56700,280.1
12151,4940,56500,279.1
12161,4940,56800,280.6
12171,4940,56500,279.1
12181,4940,56800,280.6
12191,4940,57400,283.6
12201,4940,55900,276.1
12211,4944,57500,284.3
12221,4940,55900,276.1
12231,4940,57500,284.1
12241,4940,55900,276.1
12251,4940,57400,283.6
12261,4940,55800,275.7
12271,4940,57400,283.6
12281,4940,55900,276.1
12291,4940,57500,284.1
12301,4940,55900,276.1
12311,4940,57500,284.1
12321,4940,56400,278.6
12331,4940,56900,281.1
12341,4940,56500,279.1
12351,4940,56800,280.6
12361,4940,57500,284.1
12371,4940,55800,275.7
12381,4828,134900,651.3
12391,4940,55900,276.1
12401,4940,57500,284.1
12411,4940,55900,276.1
12422,4940,57500,284.1
12431,4940,55900,276.1
12441,4940,57500,284.1
12451,4940,55800,275.7
12461,4940,57500,284.1
12471,4940,55900,276.1
12481,4940,57500,284.1
12491,4940,56500,279.1
12501,4940,56800,280.6
12511,4940,56500,279.1
12521,4944,56800,280.8
12531,4940,56800,280.6
12541,4940,56900,281.1
12551,4940,57400,283.6
12561,4936,55800,275.4
12571,4944,57400,283.8
12581,4940,55900,276.1
12591,4940,57400,283.6
12601,4940,55900,276.1
12611,4940,57400,283.6
12621,4940,55800,275.7
12631,4940,57400,283.6
12641,4940,55800,275.7
12651,4940,57400,283.6
12661,4940,56400,278.6
12671,4940,57200,282.6
12681,4940,56500,279.1
12691,4940,56800,280.6
12701,4940,56500,279.1
12711,4940,56800,280.6
12721,4940,57400,283.6
12731,4940,55900,276.1
12741,4944,57500,284.3
12751,4940,55900,276.1
12761,4940,57500,284.1
12771,4940,55800,275.7
12781,4940,57400,283.6
12791,4936,56000,276.4
12801,4940,57500,284.1
12811,4940,55900,276.1
12821,4944,57400,283.8
12831,4940,55800,275.7
12841,4940,57500,284.1
12851,4940,56600,279.6
12861,4940,56800,280.6
12871,4940,56500,279.1
12881,4940,57000,281.6
12891,4940,57100,282.1
12901,4940,56500,279.1
12911,4940,57500,284.1
12921,4940,55900,276.1
12931,4940,57500,284.1
12941,4940,55800,275.7
12951,4940,57500,284.1
12961,4940,55800,275.7
12971,4940,57400,283.6
12981,4940,55800,275.7
12991,4944,57500,284.3
13001,4940,55900,276.1
13011,4940,57500,284.1
13021,4940,56600,279.6
13031,4940,56800,280.6
13041,4940,56500,279.1
13051,4940,56700,280.1
13061,4940,56500,279.1
13071,4940,56800,280.6
13081,4940,57500,284.1
13091,4940,55900,276.1
13101,4940,57400,283.6
13111,4940,55900,276.1
13121,4940,57500,284.1
13131,4940,55900,276.1
13141,4940,57400,283.6
13151,4940,55800,275.7
13161,4940,57500,284.1
13171,4940,55800,275.7
13181,4940,57500,284.1
13191,4940,55900,276.1
13201,4940,57500,284.1
13211,4940,56500,279.1
13221,4940,56800,280.6
13231,4940,56600,279.6
13241,4940,56800,280.6
13251,4940,57500,284.1
13261,4940,56000,276.6
13271,4940,57500,284.1
13281,4940,55900,276.1
13291,4944,57500,284.3
13301,4940,55900,276.1
13311,4940,57500,284.1
13321,4940,55800,275.7
13331,4940,57500,284.1
13341,4940,55800,275.7
13351,4940,57500,284.1
13361,4940,55900,276.1
13371,4940,57400,283.6
13381,4940,56500,279.1
13391,4820,142100,684.9
13401,4940,56500,279.1
13411,4940,56900,281.1
13421,4940,56500,279.1
13431,4940,56800,280.6
13441,4940,57500,284.1
13451,4940,55800,275.7
13461,4940,57500,284.1
13471,4936,55800,275.4
13481,4940,57500,284.1
13491,4940,55900,276.1
13501,4940,57500,284.1
13511,4940,55900,276.1
13521,4940,57400,283.6
13531,4940,55800,275.7
13541,4944,57500,284.3
13551,4940,56100,277.1
13561,4940,57400,283.6
13571,4940,56600,279.6
13581,4940,56800,280.6
13591,4940,56500,279.1
13601,4940,56800,280.6
13611,4940,57500,284.1
13621,4940,55800,275.7
13631,4944,57400,283.8
13641,4940,55800,275.7
13651,4940,57400,283.6
13661,4940,55900,276.1
13671,4940,57400,283.6
13681,4940,55900,276.1
13691,4940,57400,283.6
13701,4940,55900,276.1
13711,4940,57400,283.6
13721,4940,55800,275.7
13731,4940,57500,284.1
13741,4940,56500,279.1
13751,4940,56800,280.6
13761,4940,56500,279.1
13771,4940,56800,280.6
13781,4940,57100,282.1
13791,4940,56500,279.1
13801,4940,57400,283.6
13811,4940,55800,275.7
13821,4940,57400,283.6
13831,4940,55900,276.1
13841,4940,57500,284.1
13851,4940,55900,276.1
13861,4940,57500,284.1
13871,4940,55800,275.7
13881,4940,57500,284.1
13891,4940,55900,276.1
13901,4832,206000,995.4
13911,4936,56500,278.9
13921,4940,57100,282.1
13931,4940,56500,279.1
13941,4940,56800,280.6
13951,4940,56500,279.1
13961,4940,56800,280.6
13971,4940,57400,283.6
13981,4940,55900,276.1
13991,4940,57500,284.1
14001,4940,55900,276.1
14011,4940,57500,284.1
14021,4940,55800,275.7
14031,4940,57500,284.1
14041,4940,55800,275.7
14051,4940,57500,284.1
14061,4940,55900,276.1
14071,4944,57500,284.3
14081,4940,55900,276.1
14091,4940,57500,284.1
14101,4940,56500,279.1
14111,4940,56800,280.6
14123,4940,57500,284.1
14131,4940,56800,280.6
14141,4940,57500,284.1
14151,4940,56100,277.1
14161,4940,57400,283.6
14171,4936,55800,275.4
14181,4940,57500,284.1
14191,4940,55900,276.1
14201,4940,57400,283.6
14211,4940,55900,276.1
14221,4940,57500,284.1
14231,4940,55900,276.1
14241,4940,57500,284.1
14251,4940,55800,275.7
14261,4940,57500,284.1
14271,4936,56500,278.9
14281,4940,56800,280.6
14291,4940,56500,279.1
14301,4940,56800,280.6
14311,4940,56600,279.6
14321,4940,56800,280.6
14331,4944,57500,284.3
14341,4940,55900,276.1
14351,4940,57500,284.1
14361,4936,55800,275.4
14371,4940,57400,283.6
14381,4940,55900,276.1
14391,4940,57400,283.6
14401,4940,55900,276.1
14411,4800,138900,666.7
14421,4940,55900,276.1
14431,4940,57500,284.1
14441,4940,55900,276.1
14451,4940,57500,284.1
14461,4940,56500,279.1
14471,4940,56800,280.6
14481,4940,56600,279.6
14491,4940,56800,280.6
14501,4940,57500,284.1
14511,4940,55900,276.1
14521,4940,57500,284.1
14531,4940,55900,276.1
14541,4940,57500,284.1
14551,4940,55900,276.1
14561,4940,57400,283.6
14571,4936,55800,275.4
14581,4940,57500,284.1
14591,4940,55900,276.1
14601,4940,57500,284.1
14611,4940,55900,276.1
14621,4940,57400,283.6
14631,4940,56500,279.1
14641,4940,56800,280.6
14651,4940,56500,279.1
14661,4940,56800,280.6
14671,4940,56700,280.1
14681,4940,56800,280.6
14691,4940,57500,284.1
14701,4940,55900,276.1
14711,4940,57500,284.1
14721,4940,55900,276.1
14731,4940,57400,283.6
14741,4936,55800,275.4
14751,4940,57400,283.6
14761,4940,55900,276.1
14771,4940,57400,283.6
14781,4940,55900,276.1
14791,4940,57400,283.6
14801,4940,56400,278.6
14811,4940,57100,282.1
14821,4940,56500,279.1
14831,4940,56900,281.1
14841,4940,56500,279.1
14851,4940,56800,280.6
14861,4940,57400,283.6
14871,4940,55800,275.7
14881,4940,57500,284.1
14891,4940,55800,275.7
14901,4944,57400,283.8
14911,4940,55800,275.7
14921,4940,57500,284.1
14931,4936,55800,275.4
14941,4940,57500,284.1
14951,4940,55900,276.1
14961,4940,57500,284.1
14971,4940,55900,276.1
14981,4940,57400,283.6
14991,4940,56500,279.1
15001,4940,56800,280.6
15011,4940,56600,279.6
15021,4940,56800,280.6
15031,4940,57200,282.6
15041,4940,56400,278.6
15051,4940,57500,284.1
15061,4940,55900,276.1
15071,4940,57400,283.6
15081,4940,55900,276.1
15091,4940,57400,283.6
15101,4940,55800,275.7
15111,4940,57400,283.6
15121,4940,55900,276.1
15131,4944,57500,284.3
15141,4940,55800,275.7
15151,4940,57400,283.6
15161,4940,56600,279.6
15171,4940,56800,280.6
15181,4940,56500,279.1
15191,4940,56800,280.6
15201,4940,56500,279.1
15211,4940,56800,280.6
15221,4940,57500,284.1
15231,4936,55900,275.9
15241,4940,57500,284.1
15251,4940,55800,275.7
15261,4940,57400,283.6
15271,4940,55800,275.7
15281,4940,57500,284.1
15291,4940,55900,276.1
15301,4940,57500,284.1
15311,4940,55900,276.1
15321,4940,57500,284.1
15331,4940,55900,276.1
15341,4940,57400,283.6
15351,4940,56500,279.1
15361,4940,56800,280.6
15371,4940,56500,279.1
15381,4940,56800,280.6
15391,4940,57500,284.1
15401,4940,55900,276.1
15411,4940,57500,284.1
15421,4940,58500,289.0
15431,4940,57500,284.1
15441,4940,55900,276.1
15451,4940,57500,284.1
15461,4940,55900,276.1
15471,4940,57500,284.1
15481,4940,55900,276.1
15491,4940,57400,283.6
15501,4940,55900,276.1
15511,4940,57500,284.1
15521,4940,56500,279.1
15531,4940,56800,280.6
15541,4940,56600,279.6
15551,4940,56800,280.6
15561,4940,56600,279.6
15571,4940,56800,280.6
15581,4940,57500,284.1
15591,4940,55800,275.7
15601,4940,57500,284.1
15611,4940,55900,276.1
15621,4944,57500,284.3
15631,4940,55900,276.1
15641,4940,57500,284.1
15651,4940,55800,275.7
15661,4940,57400,283.6
15671,4940,55900,276.1
15681,4940,57600,284.5
15691,4940,56200,277.6
15701,4940,57300,283.1
15711,4940,56500,279.1
15721,4940,56800,280.6
15731,4940,56600,279.6
15741,4940,56800,280.6
15751,4940,57500,284.1
15761,4940,55800,275.7
15771,4940,57400,283.6
15781,4940,55900,276.1
15791,4940,57500,284.1
15801,4940,55900,276.1
15811,4940,57500,284.1
15821,4940,55800,275.7
15832,4940,57500,284.1
15841,4940,55800,275.7
15851,4940,57500,284.1
15861,4940,55900,276.1
15871,4940,57500,284.1
15881,4940,56500,279.1
15891,4940,56800,280.6
15901,4940,56600,279.6
15911,4940,56800,280.6
15921,4940,57100,282.1
15931,4920,155900,767.0
15941,4940,57500,284.1
15951,4940,55900,276.1
15961,4940,57500,284.1
15971,4940,55900,276.1
15981,4940,57400,283.6
15991,4940,55900,276.1
16001,4940,57400,283.6
16011,4940,55900,276.1
16021,4940,57400,283.6
16031,4940,55800,275.7
16041,4940,57500,284.1
16051,4940,56600,279.6
16061,4940,57000,281.6
16071,4940,56500,279.1
16081,4940,56800,280.6
16091,4940,56500,279.1
16101,4940,56800,280.6
16111,4936,57400,283.3
16121,4940,55900,276.1
16131,4940,57400,283.6
16141,4940,55900,276.1
16151,4940,57400,283.6
16161,4936,55800,275.4
16171,4940,57400,283.6
16181,4940,55900,276.1
16191,4940,57500,284.1
16201,4940,55900,276.1
16211,4940,57500,284.1
16221,4940,55800,275.7
16231,4940,57500,284.1
16241,4940,56500,279.1
16251,4940,56700,280.1
16261,4940,56600,279.6
16271,4940,56900,281.1
16281,4940,57500,284.1
16291,4940,56100,277.1
16301,4940,57400,283.6
16311,4940,55900,276.1
16321,4940,57500,284.1
16331,4940,55900,276.1
16341,4940,57500,284.1
16351,4940,55800,275.7
16361,4940,57500,284.1
16371,4936,55900,275.9
16381,4940,57500,284.1
16391,4936,55800,275.4
16401,4940,57500,284.1
16411,4940,56500,279.1
16421,4940,56700,280.1
16431,4940,59400,293.4
16441,4940,56800,280.6
16451,4940,56600,279.6
16461,4940,56800,280.6
16471,4940,57500,284.1
16481,4940,55800,275.7
16491,4940,57500,284.1
16501,4940,55900,276.1
16511,4940,57500,284.1
16521,4940,55800,275.7
16531,4940,57500,284.1
16541,4940,55900,276.1
16551,4940,57500,284.1
16561,4940,55900,276.1
16571,4940,57500,284.1
16581,4940,56000,276.6
16591,4940,57500,284.1
16601,4940,56500,279.1
16611,4940,56800,280.6
16621,4940,56500,279.1
16631,4940,56800,280.6
16641,4940,57500,284.1
16651,4940,55800,275.7
16661,4940,57500,284.1
16671,4940,55800,275.7
16681,4940,57500,284.1
16691,4940,55900,276.1
16701,4940,57400,283.6
16711,4940,55800,275.7
16721,4940,57400,283.6
16731,4940,55900,276.1
16741,4940,57400,283.6
16751,4940,55900,276.1
16761,4940,57500,284.1
16771,4940,56500,279.1
16781,4940,56800,280.6
16791,4940,56600,279.6
16801,4940,56800,280.6
16811,4940,56800,280.6
16821,4940,56700,280.1
16831,4940,57400,283.6
16841,4940,55900,276.1
16851,4940,57500,284.1
16861,4940,55900,276.1
16871,4940,57500,284.1
16881,4940,55800,275.7
16891,4944,57400,283.8
16901,4940,55800,275.7
16911,4940,57500,284.1
16921,4940,55900,276.1
16931,4940,57500,284.1
16941,4828,149300,720.8
16951,4940,57200,282.6
16961,4940,56600,279.6
16971,4940,56800,280.6
16981,4940,56500,279.1
16991,4940,56800,280.6
17001,4940,57500,284.1
17011,4940,55900,276.1
17021,4944,57500,284.3
17031,4940,55900,276.1
17041,4940,57500,284.1
17051,4940,55800,275.7
17061,4940,57400,283.6
17071,4940,55900,276.1
17081,4940,57500,284.1
17091,4940,55800,275.7
17101,4940,57500,284.1
17111,4940,55800,275.7
17121,4940,57500,284.1
17131,4940,56600,279.6
17141,4940,56800,280.6
17151,4940,56500,279.1
17161,4940,56800,280.6
17171,4940,57200,282.6
17181,4940,56400,278.6
17191,4940,57400,283.6
17201,4940,55900,276.1
17211,4940,57500,284.1
17221,4940,55800,275.7
17231,4940,57500,284.1
17241,4940,55700,275.2
17251,4940,57500,284.1
17261,4940,55900,276.1
17271,4940,57500,284.1
17281,4940,55900,276.1
17291,4940,57500,284.1
17301,4940,56600,279.6
17311,4940,56800,280.6
17321,4940,56500,279.1
17331,4940,56800,280.6
17341,4940,56500,279.1
17351,4940,56800,280.6
17361,4940,57500,284.1
17371,4940,55800,275.7
17381,4940,57500,284.1
17391,4940,55800,275.7
17401,4940,57500,284.1
17411,4940,55800,275.7
17421,4940,57400,283.6
17431,4940,55800,275.7
17441,4800,143000,686.4
17451,4940,55900,276.1
17461,4940,57500,284.1
17471,4940,55900,276.1
17481,4940,57500,284.1
17491,4940,56600,279.6
17501,4940,56900,281.1
17511,4940,56500,279.1
17521,4940,56800,280.6
17532,4940,57500,284.1
17541,4940,56000,276.6
17551,4940,57500,284.1
17561,4940,55900,276.1
17571,4940,57400,283.6
17581,4940,55900,276.1
17591,4944,57500,284.3
17601,4940,55900,276.1
17611,4940,57500,284.1
17621,4940,55800,275.7
17631,4940,57400,283.6
17641,4936,55800,275.4
17651,4940,57400,283.6
17661,4940,56600,279.6
17671,4940,56800,280.6
17681,4940,56500,279.1
17691,4940,56800,280.6
17701,4940,56600,279.6
17711,4940,56800,280.6
17721,4940,57400,283.6
17731,4940,55900,276.1
17741,4944,57400,283.8
17751,4940,55800,275.7
17761,4940,57500,284.1
17771,4940,55800,275.7
17781,4940,57500,284.1
17791,4940,55900,276.1
17801,4940,57400,283.6
17811,4940,55900,276.1
17821,4940,57400,283.6
17831,4940,56200,277.6
17841,4940,57400,283.6
17851,4940,56500,279.1
17861,4940,56900,281.1
17871,4940,56400,278.6
17881,4940,56900,281.1
17891,4940,57400,283.6
17901,4936,55900,275.9
17911,4940,57500,284.1
17921,4936,55800,275.4
17931,4940,57500,284.1
17941,4940,55900,276.1
17951,4760,134900,642.1
17961,4940,55900,276.1
17971,4940,57400,283.6
17981,4940,55900,276.1
17991,4940,57400,283.6
18001,4940,55800,275.7
18011,4940,57500,284.1
18021,4940,56500,279.1
18031,4940,56900,281.1
18041,4940,56500,279.1
18051,4940,56800,280.6
18061,4940,57000,281.6
18071,4940,56700,280.1
18081,4940,57500,284.1
18091,4940,55800,275.7
18101,4940,57400,283.6
18111,4940,55900,276.1
18121,4940,57400,283.6
18131,4940,55900,276.1
18141,4940,57400,283.6
18151,4940,56000,276.6
18161,4940,57500,284.1
18171,4936,55900,275.9
18181,4940,57400,283.6
18191,4940,56600,279.6
18201,4940,57000,281.6
18211,4940,56600,279.6
18221,4940,56800,280.6
18231,4940,56600,279.6
18241,4940,56800,280.6
18251,4940,57400,283.6
18261,4940,55900,276.1
18271,4940,57500,284.1
18281,4940,55900,276.1
18291,4940,57500,284.1
18301,4940,55900,276.1
18311,4940,57500,284.1
18321,4940,55900,276.1
18331,4940,57400,283.6
18341,4940,55900,276.1
18351,4940,57400,283.6
18361,4936,55900,275.9
18371,4940,57400,283.6
18381,4940,56600,279.6
18391,4940,56800,280.6
18401,4940,56500,279.1
18411,4940,56900,281.1
18421,4940,57400,283.6
18431,4940,56100,277.1
18441,4940,57400,283.6
18451,4808,143000,687.5
18461,4940,57500,284.1
18471,4940,55900,276.1
18481,4940,57500,284.1
18491,4940,55900,276.1
18501,4940,57400,283.6
18511,4940,55800,275.7
18521,4940,57500,284.1
18531,4940,55900,276.1
18541,4944,57400,283.8
18551,4940,56500,279.1
18561,4940,56700,280.1
18571,4940,56500,279.1
18581,4940,56800,280.6
18591,4940,56600,279.6
18601,4940,56800,280.6
18611,4940,57500,284.1
18621,4940,55900,276.1
18631,4940,57500,284.1
18641,4940,55900,276.1
18651,4940,57500,284.1
18661,4940,55900,276.1
18671,4940,57500,284.1
18681,4940,55900,276.1
18691,4944,57500,284.3
18701,4940,55800,275.7
18711,4940,57500,284.1
18721,4940,55900,276.1
18731,4940,57500,284.1
18741,4940,56500,279.1
18751,4940,56700,280.1
18761,4940,56500,279.1
18771,4940,56800,280.6
18781,4940,57500,284.1
18791,4940,55800,275.7
18801,4940,57400,283.6
18811,4940,55800,275.7
18821,4940,57500,284.1
18831,4940,55900,276.1
18841,4944,57500,284.3
18851,4936,55800,275.4
18861,4940,57500,284.1
18871,4940,55900,276.1
18881,4944,57500,284.3
18891,4940,55800,275.7
18901,4940,57500,284.1
18911,4940,56500,279.1
18921,4940,56800,280.6
18931,4940,56500,279.1
18941,4940,56800,280.6
18951,4804,142900,686.5
18961,4940,56800,280.6
18971,4940,57400,283.6
18981,4940,55800,275.7
18991,4940,57500,284.1
19001,4940,55900,276.1
19011,4940,57500,284.1
19021,4940,55900,276.1
19031,4940,57500,284.1
19041,4940,55800,275.7
19051,4940,57500,284.1
19061,4940,55900,276.1
19071,4940,57400,283.6
19081,4936,56300,277.9
19091,4940,57300,283.1
19101,4940,56500,279.1
19111,4940,56900,281.1
19121,4940,56500,279.1
19131,4940,56900,281.1
19141,4940,57400,283.6
19151,4940,55800,275.7
19161,4940,57500,284.1
19171,4940,55800,275.7
19181,4940,57500,284.1
19191,4940,55900,276.1
19201,4940,57400,283.6
19211,4940,55900,276.1
19221,4940,57400,283.6
19231,4940,55900,276.1
19242,4940,57500,284.1
19251,4940,55800,275.7
19261,4940,57500,284.1
19271,4940,56500,279.1
19281,4940,56800,280.6
19291,4940,56500,279.1
19301,4940,56800,280.6
19311,4940,57200,282.6
19321,4940,56500,279.1
19331,4940,57400,283.6
19341,4940,55900,276.1
19351,4940,57400,283.6
19361,4940,55900,276.1
19371,4940,57400,283.6
19381,4940,55900,276.1
19391,4940,57400,283.6
19401,4940,55900,276.1
19411,4940,57500,284.1
19421,4940,55900,276.1
19431,4940,57500,284.1
19441,4940,56600,279.6
19451,4940,56800,280.6
19461,4748,136800,649.5
19471,4940,56800,280.6
19481,4940,56500,279.1
19491,4940,56800,280.6
19501,4940,57500,284.1
19511,4936,55900,275.9
19521,4944,57400,283.8
19531,4940,55900,276.1
19541,4944,57400,283.8
19551,4940,55900,276.1
19561,4940,57400,283.6
19571,4940,55900,276.1
19581,4940,57500,284.1
19591,4940,55800,275.7
19601,4944,57500,284.3
19611,4940,55900,276.1
19621,4940,57500,284.1
19631,4940,56500,279.1
19641,4940,56800,280.6
19651,4940,56500,279.1
19661,4940,56800,280.6
19671,4940,57500,284.1
19681,4944,56100,277.4
19691,4940,57400,283.6
19701,4940,55900,276.1
19711,4940,57500,284.1
19721,4940,55900,276.1
19731,4940,57400,283.6
19741,4940,55900,276.1
19751,4940,57500,284.1
19761,4940,55900,276.1
19771,4944,57400,283.8
19781,4936,55900,275.9
19791,4940,57500,284.1
19801,4940,56500,279.1
19811,4940,56700,280.1
19821,4940,56400,278.6
19831,4940,56800,280.6
19841,4940,56600,279.6
19851,4940,56800,280.6
19861,4940,57500,284.1
19871,4940,55800,275.7
19881,4940,57500,284.1
19891,4940,55900,276.1
19901,4940,57400,283.6
19911,4940,55900,276.1
19921,4940,57400,283.6
19931,4940,55900,276.1
19941,4940,57500,284.1
19951,4940,55900,276.1
19961,4820,143500,691.7
19971,4940,56000,276.6
19981,4940,57500,284.1
19991,4940,56500,279.1
20001,4940,56800,280.6
20011,4940,56500,279.1
20021,4940,56800,280.6
20031,4940,57500,284.1
20041,4940,55800,275.7
20051,4940,57500,284.1
20061,4936,55900,275.9
20071,4940,57500,284.1
20081,4940,55900,276.1
20091,4940,57400,283.6
20101,4940,55900,276.1
20111,4940,57400,283.6
20121,4940,55800,275.7
20131,4940,57500,284.1
20141,4940,55800,275.7
20151,4940,57500,284.1
20161,4940,56400,278.6
20171,4940,56800,280.6
20181,4940,56600,279.6
20191,4940,56900,281.1
20201,4940,56800,280.6
20211,4940,56800,280.6
20221,4940,57500,284.1
20231,4940,55900,276.1
20241,4940,57400,283.6
20251,4940,55900,276.1
20261,4940,57400,283.6
20271,4940,55800,275.7
20281,4940,57400,283.6
20291,4940,55900,276.1
20301,4940,57400,283.6
20311,4936,55900,275.9
20321,4940,57400,283.6
20331,4936,56500,278.9
20341,4940,57100,282.1
20351,4940,56500,279.1
20361,4940,56900,281.1
20371,4940,56600,279.6
20381,4940,56900,281.1
20391,4940,57500,284.1
20401,4940,56000,276.6
20411,4940,57500,284.1
20421,4940,55900,276.1
20431,4940,57500,284.1
20441,4940,55900,276.1
20451,4940,57500,284.1
20461,4940,55900,276.1
20471,4784,139500,667.4
20481,4940,55900,276.1
20491,4940,57500,284.1
20501,4940,55900,276.1
20511,4940,57500,284.1
20521,4940,56500,279.1
20531,4940,56800,280.6
20541,4940,56500,279.1
20551,4940,56800,280.6
20561,4940,57300,283.1
20571,4940,56300,278.1
20581,4940,57500,284.1
20591,4940,55800,275.7
20601,4940,57400,283.6
20611,4940,55900,276.1
20621,4940,57500,284.1
20631,4940,55900,276.1
20641,4940,57400,283.6
20651,4940,55900,276.1
20661,4940,57500,284.1
20671,4940,55800,275.7
20681,4944,57600,284.8
20691,4940,56600,279.6
20701,4940,56800,280.6
20711,4940,56600,279.6
20721,4940,56800,280.6
20731,4940,56500,279.1
20741,4940,56800,280.6
20751,4940,57400,283.6
20761,4940,55900,276.1
20771,4940,57400,283.6
20781,4936,55800,275.4
20791,4940,57500,284.1
20801,4940,55900,276.1
20811,4940,57500,284.1
20821,4940,55900,276.1
20831,4940,57500,284.1
20841,4940,55900,276.1
20851,4940,57500,284.1
20861,4940,55900,276.1
20871,4940,57500,284.1
20881,4940,56500,279.1
20891,4940,56700,280.1
20901,4940,56600,279.6
20911,4940,56800,280.6
20921,4940,57500,284.1
20931,4940,55900,276.1
20942,4940,57500,284.1
20951,4940,55900,276.1
20961,4940,57500,284.1
20971,4816,196100,944.4
20981,4940,57500,284.1
20991,4940,55900,276.1
21001,4940,57500,284.1
21011,4940,55900,276.1
21021,4940,57500,284.1
21031,4940,55800,275.7
21041,4940,57400,283.6
21051,4940,56500,279.1
21061,4940,56800,280.6
21071,4940,56500,279.1
21081,4940,56900,281.1
21091,4940,56600,279.6
21101,4940,56800,280.6
21111,4944,57500,284.3
21121,4940,55900,276.1
21131,4940,57500,284.1
21141,4940,55900,276.1
21151,4940,57400,283.6
21161,4940,55800,275.7
21171,4940,57500,284.1
21181,4940,55800,275.7
21191,4940,57500,284.1
21201,4940,55900,276.1
21211,4940,57500,284.1
21221,4940,56200,277.6
21231,4940,57300,283.1
21241,4940,56500,279.1
21251,4940,56800,280.6
21261,4940,56500,279.1
21271,4940,56800,280.6
21281,4940,57500,284.1
21291,4940,55800,275.7
21301,4940,57400,283.6
21311,4940,55900,276.1
21321,4940,57400,283.6
21331,4940,55900,276.1
21341,4940,57500,284.1
21351,4936,55800,275.4
21361,4940,57500,284.1
21371,4940,55800,275.7
21381,4940,57400,283.6
21391,4940,55900,276.1
21401,4940,57500,284.1
21411,4940,56600,279.6
21421,4940,56800,280.6
21431,4940,56600,279.6
21441,4940,56800,280.6
21451,4940,57100,282.1
21461,4940,56600,279.6
21471,4820,142500,686.9
21481,4940,56000,276.6
21491,4940,57400,283.6
21501,4940,55900,276.1
21511,4940,57500,284.1
21521,4940,55800,275.7
21531,4940,57500,284.1
21541,4936,55900,275.9
21551,4940,57400,283.6
21561,4940,55900,276.1
21571,4940,57400,283.6
21581,4940,56600,279.6
21591,4944,56900,281.3
21601,4940,56500,279.1
21611,4940,56800,280.6
21621,4940,56500,279.1
21631,4940,56800,280.6
21641,4940,57400,283.6
21651,4940,55800,275.7
21661,4940,57500,284.1
21671,4940,55800,275.7
21681,4940,57500,284.1
21691,4940,55800,275.7
21701,4940,57500,284.1
21711,4940,55900,276.1
21721,4944,57400,283.8
21731,4940,55900,276.1
21741,4940,57400,283.6
21751,4940,55900,276.1
21761,4940,57400,283.6
21771,4940,56400,278.6
21781,4940,56700,280.1
21791,4940,56500,279.1
21801,4940,56800,280.6
21811,4940,57400,283.6
21821,4940,56100,277.1
21831,4940,57400,283.6
21841,4940,55800,275.7
21851,4940,57400,283.6
21861,4940,55900,276.1
21871,4940,57500,284.1
21881,4940,55900,276.1
21891,4940,57500,284.1
21901,4940,55900,276.1
21911,4940,57400,283.6
21921,4940,55800,275.7
21931,4940,57400,283.6
21941,4940,56500,279.1
21951,4940,56700,280.1
21961,4940,56600,279.6
21971,4940,56800,280.6
21981,4772,134200,640.4
21991,4940,56800,280.6
22001,4940,57400,283.6
22011,4940,55900,276.1
22021,4940,57500,284.1
22031,4936,55800,275.4
22041,4940,57400,283.6
22051,4940,55800,275.7
22061,4940,57500,284.1
22071,4940,55800,275.7
22081,4940,57400,283.6
22091,4940,55800,275.7
22101,4940,57500,284.1
22111,4936,56000,276.4
22121,4940,57500,284.1
22131,4940,56500,279.1
22141,4940,56900,281.1
22151,4940,56500,279.1
22161,4940,56800,280.6
22171,4940,57500,284.1
22181,4940,55900,276.1
22191,4940,57400,283.6
22201,4936,55800,275.4
22211,4940,57500,284.1
22221,4940,55800,275.7
22231,4940,57500,284.1
22241,4940,55900,276.1
22251,4944,57500,284.3
22261,4940,55900,276.1
22271,4940,57400,283.6
22281,4940,55900,276.1
22291,4940,57400,283.6
22301,4936,56400,278.4
22311,4940,56800,280.6
22321,4940,56500,279.1
22331,4940,56800,280.6
22341,4940,56700,280.1
22351,4940,56800,280.6
22361,4940,57500,284.1
22371,4940,55900,276.1
22381,4940,57500,284.1
22391,4940,55900,276.1
22401,4940,57500,284.1
22411,4940,55900,276.1
22421,4940,57400,283.6
22431,4940,55900,276.1
22441,4940,57400,283.6
22451,4940,55900,276.1
22461,4944,57500,284.3
22471,4940,56400,278.6
22481,4940,135000,666.9
22491,4940,56500,279.1
22501,4940,56800,280.6
22511,4940,56500,279.1
22521,4940,56800,280.6
22531,4940,57500,284.1
22541,4940,55800,275.7
22551,4940,57400,283.6
22561,4936,55900,275.9
22571,4940,57400,283.6
22581,4940,55900,276.1
22591,4940,57500,284.1
22601,4940,55900,276.1
22611,4940,57500,284.1
22621,4940,55800,275.7
22631,4940,57500,284.1
22641,4940,55900,276.1
22652,4940,56900,281.1
22661,4940,56600,279.6
22671,4940,56800,280.6
22681,4940,56500,279.1
22691,4940,56800,280.6
22701,4940,57200,282.6
22711,4940,56500,279.1
22721,4940,57500,284.1
22731,4940,55900,276.1
22741,4940,57400,283.6
22751,4936,55800,275.4
22761,4940,57500,284.1
22771,4940,55800,275.7
22781,4940,57500,284.1
22791,4940,55900,276.1
22801,4940,57400,283.6
22811,4940,55900,276.1
22821,4940,57500,284.1
22831,4940,56600,279.6
22841,4940,56800,280.6
22851,4940,56500,279.1
22861,4940,56900,281.1
22871,4940,56500,279.1
22881,4940,56800,280.6
22891,4940,57400,283.6
22901,4940,55800,275.7
22911,4940,57400,283.6
22921,4940,55900,276.1
22931,4940,57500,284.1
22941,4940,55900,276.1
22951,4940,57400,283.6
22961,4940,55900,276.1
22971,4940,57400,283.6
22981,4940,55900,276.1
22991,4804,119200,572.6
23001,4940,55900,276.1
23011,4940,57500,284.1
23021,4940,56500,279.1
23031,4940,56800,280.6
23041,4940,56500,279.1
23051,4940,56800,280.6
23061,4940,57500,284.1
23071,4940,56100,277.1
23081,4940,57400,283.6
23091,4940,55800,275.7
23101,4940,57500,284.1
23111,4940,55900,276.1
23121,4940,57400,283.6
23131,4940,55900,276.1
23141,4940,57400,283.6
23151,4936,55900,275.9
23161,4940,57500,284.1
23171,4940,55800,275.7
23181,4940,57500,284.1
23191,4940,56500,279.1
23201,4940,56800,280.6
23211,4940,56500,279.1
23221,4940,56800,280.6
23231,4940,56500,279.1
23241,4940,56900,281.1
23251,4940,57500,284.1
23261,4940,55900,276.1
23271,4940,57400,283.6
23281,4940,55900,276.1
23291,4944,57500,284.3
23301,4936,55900,275.9
23311,4940,57400,283.6
23321,4940,55800,275.7
23331,4944,57500,284.3
23341,4940,55900,276.1
23351,4944,57400,283.8
23361,4940,56100,277.1
23371,4940,57400,283.6
23381,4940,56600,279.6
23391,4940,56800,280.6
23401,4940,56500,279.1
23411,4940,56800,280.6
23421,4940,57500,284.1
23431,4940,55800,275.7
23441,4940,57400,283.6
23451,4940,55800,275.7
23461,4940,57500,284.1
23471,4940,55900,276.1
23481,4940,57400,283.6
23491,4940,55800,275.7
23501,4944,57500,284.3
23511,4940,55900,276.1
23521,4940,57500,284.1
23531,4940,55900,276.1
23541,4940,57500,284.1
23551,4940,56500,279.1
23561,4940,56900,281.1
23571,4940,56500,279.1
23581,4940,56900,281.1
23591,4940,56800,280.6
23601,4940,56700,280.1
23611,4940,57400,283.6
23621,4940,55800,275.7
23631,4940,57500,284.1
23641,4940,55900,276.1
23651,4940,57500,284.1
23661,4940,55900,276.1
23671,4940,57500,284.1
23681,4940,55900,276.1
23691,4940,57400,283.6
23701,4940,55900,276.1
23711,4944,57400,283.8
23721,4940,56500,279.1
23731,4940,57100,282.1
23741,4940,56500,279.1
23751,4940,56800,280.6
23761,4940,56500,279.1
23771,4940,56800,280.6
23781,4940,57500,284.1
23791,4940,55900,276.1
23801,4940,57500,284.1
23811,4940,55900,276.1
23821,4940,57500,284.1
23831,4940,55800,275.7
23841,4940,57400,283.6
23851,4940,55800,275.7
23861,4940,57500,284.1
23871,4940,55900,276.1
23881,4940,57500,284.1
23891,4940,55800,275.7
23901,4940,57500,284.1
23911,4940,56500,279.1
23921,4940,56800,280.6
23931,4940,56500,279.1
23941,4940,56800,280.6
23951,4940,57300,283.1
23961,4940,56300,278.1
23971,4940,57400,283.6
23981,4940,55900,276.1
23991,4940,57400,283.6
24001,4940,55900,276.1
24011,4944,57500,284.3
24021,4940,55900,276.1
24031,4940,57500,284.1
24041,4936,55900,275.9
24051,4940,57500,284.1
24061,4940,55900,276.1
24071,4940,57500,284.1
24081,4940,56500,279.1
24091,4940,56800,280.6
24101,4940,56500,279.1
24111,4940,56800,280.6
24121,4940,56500,279.1
24131,4940,56800,280.6
24141,4944,57400,283.8
24151,4940,55900,276.1
24161,4940,57500,284.1
24171,4940,55800,275.7
24181,4944,57500,284.3
24191,4940,55900,276.1
24201,4940,57500,284.1
24211,4940,55800,275.7
24221,4940,57400,283.6
24231,4940,55900,276.1
24241,4940,57400,283.6
24251,4940,55900,276.1
24261,4940,57500,284.1
24271,4940,56500,279.1
24281,4940,56800,280.6
24291,4940,56500,279.1
24301,4940,56800,280.6
24311,4940,57500,284.1
24321,4940,55900,276.1
24331,4940,57500,284.1
24341,4940,55800,275.7
24351,4940,57400,283.6
24362,4940,55900,276.1
24371,4944,57400,283.8
24381,4940,55900,276.1
24391,4940,57500,284.1
24401,4940,55800,275.7
24411,4940,57500,284.1
24421,4940,55800,275.7
24431,4940,57500,284.1
24441,4940,56500,279.1
24451,4940,56700,280.1
24461,4940,56600,279.6
24471,4940,56800,280.6
24481,4940,56600,279.6
24491,4940,56800,280.6
24501,4940,57400,283.6
24511,4916,155800,765.9
24521,4940,57500,284.1
24531,4940,55800,275.7
24541,4944,57500,284.3
24551,4940,55900,276.1
24561,4940,57400,283.6
24571,4936,55900,275.9
24581,4940,57500,284.1
24591,4940,55900,276.1
24601,4940,57500,284.1
24611,4940,56100,277.1
24621,4940,57400,283.6
24631,4936,56600,279.4
24641,4940,56800,280.6
24651,4940,56500,279.1
24661,4940,56900,281.1
24671,4940,57400,283.6
24681,4940,55800,275.7
24691,4940,57400,283.6
24701,4940,55800,275.7
24711,4940,57500,284.1
24721,4940,55900,276.1
24731,4940,57400,283.6
24741,4940,55900,276.1
24751,4940,57400,283.6
24761,4940,55800,275.7
24771,4944,57400,283.8
24781,4940,55900,276.1
24791,4940,57400,283.6
24801,4940,56500,279.1
24811,4940,56800,280.6
24821,4940,56600,279.6
24831,4940,56900,281.1
24841,4940,56900,281.1
24851,4940,56700,280.1
24861,4940,57500,284.1
24871,4936,55800,275.4
24881,4940,57400,283.6
24891,4936,55900,275.9
24901,4940,57400,283.6
24911,4936,55800,275.4
24921,4940,57400,283.6
24931,4940,55900,276.1
24941,4940,57400,283.6
24951,4940,55800,275.7
24961,4940,57500,284.1
24971,4940,56500,279.1
24981,4940,57000,281.6
24991,4940,56500,279.1
25001,4940,56800,280.6
25011,4940,56500,279.1
25021,4788,172700,826.9
25031,4940,57500,284.1
25041,4940,55900,276.1
25051,4940,57500,284.1
25061,4940,55900,276.1
25071,4944,57500,284.3
25081,4940,55900,276.1
25091,4940,57500,284.1
25101,4940,55900,276.1
25111,4940,57500,284.1
25121,4940,55800,275.7
25131,4944,57500,284.3
25141,4940,55800,275.7
25151,4940,57400,283.6
25161,4940,56500,279.1
25171,4940,56800,280.6
25181,4940,56500,279.1
25191,4940,56800,280.6
25201,4940,57300,283.1
25211,4940,56300,278.1
25221,4940,57400,283.6
25231,4936,55900,275.9
25241,4940,57400,283.6
25251,4940,55900,276.1
25261,4940,57500,284.1
25271,4940,55800,275.7
25281,4940,57500,284.1
25291,4940,55800,275.7
25301,4940,57400,283.6
25311,4940,55900,276.1
25321,4940,57400,283.6
25331,4940,56500,279.1
25341,4940,56700,280.1
25351,4940,56500,279.1
25361,4940,56800,280.6
25371,4940,56500,279.1
25381,4940,56800,280.6
25391,4940,57400,283.6
25401,4940,55900,276.1
25411,4940,57500,284.1
25421,4940,55900,276.1
25431,4940,57400,283.6
25441,4940,55800,275.7
25451,4940,57500,284.1
25461,4940,55900,276.1
25471,4940,57500,284.1
25481,4940,55900,276.1
25491,4940,57400,283.6
25501,4940,55900,276.1
25511,4940,57400,283.6
25521,4940,56500,279.1
25531,4820,147800,712.4
25541,4940,56500,279.1
25551,4940,56800,280.6
25561,4940,57500,284.1
25571,4940,56000,276.6
25581,4940,57500,284.1
25591,4940,55900,276.1
25601,4940,57500,284.1
25611,4940,55900,276.1
25621,4940,57500,284.1
25631,4940,55900,276.1
25641,4940,57500,284.1
25651,4940,55800,275.7
25661,4940,57500,284.1
25671,4940,55900,276.1
25681,4940,57500,284.1
25691,4940,56400,278.6
25701,4940,56800,280.6
25711,4940,56500,279.1
25721,4940,56800,280.6
25731,4940,56600,279.6
25741,4940,56800,280.6
25751,4940,57400,283.6
25761,4940,55900,276.1
25771,4940,57500,284.1
25781,4940,55900,276.1
25791,4940,57400,283.6
25801,4940,55900,276.1
25811,4944,57500,284.3
25821,4940,55800,275.7
25831,4940,57400,283.6
25841,4936,55900,275.9
25851,4940,57500,284.1
25861,4940,56100,277.1
25871,4940,57400,283.6
25881,4940,56500,279.1
25891,4940,56800,280.6
25901,4940,56500,279.1
25911,4940,56800,280.6
25921,4940,57400,283.6
25931,4940,55800,275.7
25941,4940,57500,284.1
25951,4940,55900,276.1
25961,4940,57500,284.1
25971,4940,55800,275.7
25981,4940,57500,284.1
25991,4940,55800,275.7
26001,4940,57500,284.1
26011,4940,55900,276.1
26021,4940,57400,283.6
26031,4824,140200,676.3
26041,4940,57400,283.6
26051,4940,56600,279.6
26062,4940,56900,281.1
26071,4940,56500,279.1
26081,4940,56900,281.1
26091,4940,56900,281.1
26101,4940,56700,280.1
26111,4940,57500,284.1
26121,4940,55900,276.1
26131,4940,57500,284.1
26141,4940,55800,275.7
26151,4940,57400,283.6
26161,4940,55900,276.1
26171,4940,57500,284.1
26181,4940,55900,276.1
26191,4940,57400,283.6
26201,4940,55900,276.1
26211,4940,57500,284.1
26221,4940,56500,279.1
26231,4940,57100,282.1
26241,4940,56500,279.1
26251,4940,56800,280.6
26261,4940,56500,279.1
26271,4940,56800,280.6
26281,4940,57400,283.6
26291,4940,55900,276.1
26301,4940,57400,283.6
26311,4940,55900,276.1
26321,4940,57500,284.1
26331,4940,55900,276.1
26341,4940,57400,283.6
26351,4936,55800,275.4
26361,4940,57400,283.6
26371,4940,55900,276.1
26381,4940,57400,283.6
26391,4940,55800,275.7
26401,4940,57400,283.6
26411,4940,56500,279.1
26421,4940,56800,280.6
26431,4940,56500,279.1
26441,4940,56800,280.6
26451,4940,57400,283.6
26461,4940,56200,277.6
26471,4940,57500,284.1
26481,4940,55900,276.1
26491,4940,57500,284.1
26501,4940,55800,275.7
26511,4940,57500,284.1
26521,4936,55900,275.9
26531,4940,57500,284.1
26541,4780,168800,806.9
26551,4940,57500,284.1
26561,4940,55800,275.7
26571,4940,57500,284.1
26581,4940,56600,279.6
26591,4940,56800,280.6
26601,4940,56500,279.1
26611,4940,56800,280.6
26621,4940,56500,279.1
26631,4940,56800,280.6
26641,4944,57500,284.3
26651,4936,55900,275.9
26661,4940,57500,284.1
26671,4940,55900,276.1
26681,4940,57500,284.1
26691,4940,55900,276.1
26701,4940,57500,284.1
26711,4940,55900,276.1
26721,4940,57500,284.1
26731,4936,55900,275.9
26741,4940,57500,284.1
26751,4940,55900,276.1
26761,4940,57500,284.1
26771,4940,56500,279.1
26781,4940,56800,280.6
26791,4940,56500,279.1
26801,4940,56800,280.6
26811,4940,57500,284.1
26821,4940,55900,276.1
26831,4940,57500,284.1
26841,4940,55900,276.1
26851,4940,57400,283.6
26861,4940,55800,275.7
26871,4940,57500,284.1
26881,4940,55900,276.1
26891,4944,57400,283.8
26901,4940,55900,276.1
26911,4940,57500,284.1
26921,4936,55800,275.4
26931,4940,57500,284.1
26941,4940,56500,279.1
26951,4940,56800,280.6
26961,4940,56400,278.6
26971,4940,56800,280.6
26981,4940,56700,280.1
26991,4940,56800,280.6
27001,4940,57400,283.6
27011,4940,55900,276.1
27021,4944,57400,283.8
27031,4940,55900,276.1
27041,4820,152400,734.6
27051,4940,55900,276.1
27061,4940,57500,284.1
27071,4940,55900,276.1
27081,4940,57500,284.1
27091,4940,55900,276.1
27101,4940,57400,283.6
27111,4936,56200,277.4
27121,4940,57400,283.6
27131,4940,56500,279.1
27141,4940,56800,280.6
27151,4940,56500,279.1
27161,4940,56800,280.6
27171,4940,57400,283.6
27181,4940,55800,275.7
27191,4944,57400,283.8
27201,4940,55900,276.1
27211,4940,57400,283.6
27221,4940,55900,276.1
27231,4940,57500,284.1
27241,4940,55800,275.7
27251,4940,57500,284.1
27261,4940,55800,275.7
27271,4940,57500,284.1
27281,4940,55900,276.1
27291,4940,57400,283.6
27301,4940,56500,279.1
27311,4940,56800,280.6
27321,4940,56500,279.1
27331,4940,56800,280.6
27341,4940,57000,281.6
27351,4940,56700,280.1
27361,4940,57400,283.6
27371,4940,55800,275.7
27381,4940,57400,283.6
27391,4940,55900,276.1
27401,4940,57400,283.6
27411,4936,55800,275.4
27421,4944,57400,283.8
27431,4940,55900,276.1
27441,4940,57400,283.6
27451,4940,55800,275.7
27461,4940,57500,284.1
27471,4940,56600,279.6
27481,4940,56900,281.1
27491,4940,56500,279.1
27501,4940,56800,280.6
27511,4940,56500,279.1
27521,4940,56800,280.6
27531,4940,57400,283.6
27541,4940,57600,284.5
27551,4940,57400,283.6
27561,4940,55900,276.1
27571,4940,57500,284.1
27581,4940,55800,275.7
27591,4940,57400,283.6
27601,4936,55800,275.4
27611,4940,57500,284.1
27621,4940,55800,275.7
27631,4940,57500,284.1
27641,4940,55900,276.1
27651,4940,57500,284.1
27661,4940,56600,279.6
27671,4940,56800,280.6
27681,4940,56600,279.6
27691,4940,56800,280.6
27701,4940,57400,283.6
27711,4940,56300,278.1
27721,4944,57400,283.8
27731,4940,55900,276.1
27741,4940,57400,283.6
27751,4940,55800,275.7
27761,4940,57400,283.6
27772,4940,55900,276.1
27781,4940,57500,284.1
27791,4940,55900,276.1
27801,4940,57500,284.1
27811,4940,55900,276.1
27821,4944,57500,284.3
27831,4940,56500,279.1
27841,4940,56800,280.6
27851,4940,56500,279.1
27861,4940,56800,280.6
27871,4940,56500,279.1
27881,4940,56800,280.6
27891,4940,57500,284.1
27901,4940,55800,275.7
27911,4940,57500,284.1
27921,4940,55800,275.7
27931,4940,57500,284.1
27941,4940,55900,276.1
27951,4940,57400,283.6
27961,4940,55900,276.1
27971,4940,57500,284.1
27981,4940,55800,275.7
27991,4940,57500,284.1
28001,4940,55900,276.1
28011,4940,57400,283.6
28021,4940,56500,279.1
28031,4940,56800,280.6
28041,4940,56500,279.1
28051,4932,148700,733.4
28061,4940,57500,284.1
28071,4940,55900,276.1
28081,4940,57500,284.1
28091,4940,55900,276.1
28101,4944,57400,283.8
28111,4940,55900,276.1
28121,4940,57400,283.6
28131,4940,55900,276.1
28141,4940,57500,284.1
28151,4940,55900,276.1
28161,4940,57400,283.6
28171,4940,55900,276.1
28181,4940,57500,284.1
28191,4940,56500,279.1
28201,4940,56800,280.6
28211,4940,56500,279.1
28221,4940,56900,281.1
28231,4940,56600,279.6
28241,4940,56800,280.6
28251,4940,57400,283.6
28261,4940,55800,275.7
28271,4940,57400,283.6
28281,4940,55900,276.1
28291,4940,57400,283.6
28301,4940,55800,275.7
28311,4940,57400,283.6
28321,4940,55900,276.1
28331,4944,57500,284.3
28341,4940,55800,275.7
28351,4940,57500,284.1
28361,4940,56300,278.1
28371,4940,57300,283.1
28381,4940,56500,279.1
28391,4940,56800,280.6
28401,4940,56500,279.1
28411,4940,56800,280.6
28421,4940,57400,283.6
28431,4940,55800,275.7
28441,4940,57400,283.6
28451,4940,55900,276.1
28461,4940,57500,284.1
28471,4940,55900,276.1
28481,4940,57500,284.1
28491,4940,55900,276.1
28501,4940,57400,283.6
28511,4940,55900,276.1
28521,4940,57500,284.1
28531,4940,55900,276.1
28541,4940,57500,284.1
28551,4940,56500,279.1
28561,4824,137900,665.2
28571,4940,56600,279.6
28581,4940,56800,280.6
28591,4940,57000,281.6
28601,4940,56700,280.1
28611,4940,57400,283.6
28621,4940,55800,275.7
28631,4944,57500,284.3
28641,4936,55900,275.9
28651,4940,57500,284.1
28661,4940,55800,275.7
28671,4940,57400,283.6
28681,4936,55900,275.9
28691,4940,57500,284.1
28701,4936,55900,275.9
28711,4940,57500,284.1
28721,4940,56500,279.1
28731,4940,57100,282.1
28741,4940,56500,279.1
28751,4940,56800,280.6
28761,4940,56500,279.1
28771,4940,56800,280.6
28781,4940,57500,284.1
28791,4936,55900,275.9
28801,4940,57500,284.1
28811,4940,55900,276.1
28821,4944,57500,284.3
28831,4940,55900,276.1
28841,4940,57400,283.6
28851,4940,55900,276.1
28861,4940,57400,283.6
28871,4940,55900,276.1
28881,4940,57500,284.1
28891,4940,55800,275.7
28901,4940,57400,283.6
28911,4940,56600,279.6
28921,4940,56900,281.1
28931,4940,56500,279.1
28941,4940,56800,280.6
28951,4940,57400,283.6
28961,4940,56100,277.1
28971,4940,57500,284.1
28981,4936,55900,275.9
28991,4940,57500,284.1
29001,4936,55800,275.4
29011,4940,57500,284.1
29021,4936,55800,275.4
29031,4940,57400,283.6
29041,4940,55800,275.7
29051,4940,57400,283.6
29061,4760,154400,734.9
29071,4940,57500,284.1
29081,4940,56500,279.1
29091,4940,56700,280.1
29101,4940,56600,279.6
29111,4940,56900,281.1
29121,4940,56500,279.1
29131,4940,56800,280.6
29141,4944,57500,284.3
29151,4940,55900,276.1
29161,4940,57400,283.6
29171,4940,55900,276.1
29181,4940,57400,283.6
29191,4940,55800,275.7
29201,4940,57400,283.6
29211,4940,55900,276.1
29221,4940,57400,283.6
29231,4940,55900,276.1
29241,4940,57400,283.6
29251,4936,55900,275.9
29261,4940,57400,283.6
29271,4940,56500,279.1
29281,4940,56800,280.6
29291,4940,56500,279.1
29301,4940,56800,280.6
29311,4940,57500,284.1
29321,4940,55800,275.7
29331,4940,57400,283.6
29341,4940,55800,275.7
29351,4940,57400,283.6
29361,4940,55800,275.7
29371,4940,57400,283.6
29381,4940,55900,276.1
29391,4940,57500,284.1
29401,4940,55900,276.1
29411,4940,57500,284.1
29421,4940,55900,276.1
29431,4940,57400,283.6
29441,4940,56400,278.6
29451,4940,56800,280.6
29461,4940,56500,279.1
29472,4940,56800,280.6
29481,4940,56600,279.6
29491,4940,56800,280.6
29501,4940,57500,284.1
29511,4940,55800,275.7
29521,4940,57500,284.1
29531,4940,55900,276.1
29541,4944,57400,283.8
29551,4940,55800,275.7
29561,4820,145700,702.3
29571,4940,55800,275.7
29581,4940,57600,284.5
29591,4940,55900,276.1
29601,4944,57500,284.3
29611,4940,56200,277.6
29621,4940,57400,283.6
29631,4940,56600,279.6
29641,4940,56800,280.6
29651,4940,56500,279.1
29661,4940,56800,280.6
29671,4940,57400,283.6
29681,4940,55800,275.7
29691,4940,57500,284.1
29701,4936,55800,275.4
29711,4940,57400,283.6
29721,4940,55800,275.7
29731,4940,57400,283.6
29741,4940,55800,275.7
29751,4940,57500,284.1
29761,4940,55900,276.1
29771,4940,57500,284.1
29781,4936,55900,275.9
29791,4940,57400,283.6
29801,4940,56500,279.1
29811,4940,56800,280.6
29821,4940,56500,279.1
29831,4940,56800,280.6
29841,4940,57000,281.6
29851,4940,56600,279.6
29861,4940,57500,284.1
29871,4940,55900,276.1
29881,4940,57500,284.1
29891,4940,55800,275.7
29901,4940,57400,283.6
29911,4940,55800,275.7
29921,4944,57400,283.8
29931,4940,55800,275.7
29941,4940,57500,284.1
29951,4940,55800,275.7
29961,4940,57400,283.6
29971,4940,56500,279.1
29981,4940,57000,281.6
29991,4940,56600,279.6
30001,4940,56800,280.6
30011,4940,56500,279.1
30021,4940,56800,280.6
30031,4940,57400,283.6
30041,4940,55800,275.7
30051,4940,57500,284.1
30061,4940,55800,275.7
30071,4716,138300,652.2
30081,4940,55900,276.1
30091,4940,57400,283.6
30101,4940,55900,276.1
30111,4940,57400,283.6
30121,4940,55800,275.7
30131,4940,57500,284.1
30141,4940,55800,275.7
30151,4940,57500,284.1
30161,4940,56500,279.1
30171,4940,56700,280.1
30181,4940,56500,279.1
30191,4940,56800,280.6
30201,4940,57400,283.6
30211,4940,56200,277.6
30221,4944,57500,284.3
30231,4940,55900,276.1
30241,4940,57400,283.6
30251,4940,55800,275.7
30261,4940,57400,283.6
30271,4940,55900,276.1
30281,4940,57500,284.1
30291,4936,55900,275.9
30301,4940,57500,284.1
30311,4940,55800,275.7
30321,4940,57400,283.6
30331,4936,56500,278.9
30341,4940,56700,280.1
30351,4940,56500,279.1
30361,4940,56800,280.6
30371,4940,56500,279.1
30381,4940,56800,280.6
30391,4940,57500,284.1
30401,4940,55900,276.1
30411,4940,57400,283.6
30421,4940,55800,275.7
30431,4940,57500,284.1
30441,4940,55800,275.7
30451,4940,57500,284.1
30461,4940,55800,275.7
30471,4940,57400,283.6
30481,4936,55900,275.9
30491,4940,57400,283.6
30501,4940,55900,276.1
30511,4940,57400,283.6
30521,4940,56500,279.1
30531,4940,56800,280.6
30541,4940,56500,279.1
30551,4940,56800,280.6
30561,4940,57500,284.1
30571,4940,55800,275.7
30581,4940,57500,284.1
30591,4940,55800,275.7
30601,4940,57400,283.6
30611,4940,55900,276.1
30621,4940,57400,283.6
30631,4940,55800,275.7
30641,4940,57400,283.6
30651,4940,55800,275.7
30661,4940,57500,284.1
30671,4940,55800,275.7
30681,4940,57500,284.1
30691,4940,56500,279.1
30701,4940,56800,280.6
30711,4940,56500,279.1
30721,4940,56800,280.6
30731,4940,56600,279.6
30741,4940,56800,280.6
30751,4940,57500,284.1
30761,4940,55900,276.1
30771,4940,57400,283.6
30781,4940,55900,276.1
30791,4944,57400,283.8
30801,4940,55800,275.7
30811,4940,57400,283.6
30821,4940,55800,275.7
30831,4940,57500,284.1
30841,4940,55800,275.7
30851,4940,57500,284.1
30861,4940,56200,277.6
30871,4940,57400,283.6
30881,4940,56500,279.1
30891,4940,56800,280.6
30901,4940,56500,279.1
30911,4940,56800,280.6
30921,4940,57400,283.6
30931,4940,55800,275.7
30941,4944,57400,283.8
30951,4940,55800,275.7
30961,4940,57500,284.1
30971,4940,55900,276.1
30981,4940,57500,284.1
30991,4940,55900,276.1
31001,4940,57500,284.1
31011,4940,55900,276.1
31021,4940,57400,283.6
31031,4940,55900,276.1
31041,4940,57500,284.1
31051,4936,56500,278.9
31061,4940,56800,280.6
31071,4940,56500,279.1
31081,4816,141600,681.9
31091,4940,56900,281.1
31101,4940,56700,280.1
31111,4940,57400,283.6
31121,4940,55900,276.1
31131,4944,57500,284.3
31141,4940,55800,275.7
31151,4940,57500,284.1
31161,4940,55800,275.7
31171,4940,57500,284.1
31182,4940,55800,275.7
31191,4940,57500,284.1
31201,4940,55900,276.1
31211,4940,57500,284.1
31221,4940,56500,279.1
31231,4940,57000,281.6
31241,4940,56500,279.1
31251,4940,56800,280.6
31261,4940,56500,279.1
31271,4940,56800,280.6
31281,4940,57500,284.1
31291,4936,55900,275.9
31301,4940,57500,284.1
31311,4940,55900,276.1
31321,4940,57500,284.1
31331,4940,55800,275.7
31341,4940,57400,283.6
31351,4940,55800,275.7
31361,4940,57400,283.6
31371,4940,55800,275.7
31381,4944,57500,284.3
31391,4940,55900,276.1
31401,4940,57500,284.1
31411,4940,56500,279.1
31421,4940,56700,280.1
31431,4940,56500,279.1
31441,4940,56800,280.6
31451,4940,57400,283.6
31461,4940,56300,278.1
31471,4940,57400,283.6
31481,4940,55800,275.7
31491,4940,57500,284.1
31501,4936,55800,275.4
31511,4940,57400,283.6
31521,4940,55800,275.7
31531,4940,57400,283.6
31541,4940,55800,275.7
31551,4940,57500,284.1
31561,4940,55800,275.7
31571,4940,57400,283.6
31581,4816,140800,678.1
31591,4940,56800,280.6
31601,4940,56600,279.6
31611,4940,56800,280.6
31621,4940,56500,279.1
31631,4940,56700,280.1
31641,4940,57500,284.1
31651,4940,55900,276.1
31661,4940,57500,284.1
31671,4940,55800,275.7
31681,4940,57400,283.6
31691,4936,55900,275.9
31701,4940,57500,284.1
31711,4940,55900,276.1
31721,4940,57500,284.1
31731,4940,55900,276.1
31741,4940,57400,283.6
31751,4940,55900,276.1
31761,4940,57500,284.1
31771,4940,56400,278.6
31781,4940,56900,281.1
31791,4940,56500,279.1
31801,4940,56800,280.6
31811,4940,57500,284.1
31821,4940,55900,276.1
31831,4940,57400,283.6
31841,4940,55900,276.1
31851,4940,57500,284.1
31861,4936,55900,275.9
31871,4940,57500,284.1
31881,4940,55800,275.7
31891,4940,57500,284.1
31901,4936,55800,275.4
31911,4940,57400,283.6
31921,4940,55800,275.7
31931,4940,57500,284.1
31941,4940,56400,278.6
31951,4940,56800,280.6
31961,4940,56500,279.1
31971,4940,56700,280.1
31981,4940,56700,280.1
31991,4940,56800,280.6
32001,4944,57500,284.3
32011,4940,55800,275.7
32021,4940,57400,283.6
32031,4940,55900,276.1
32041,4940,57400,283.6
32051,4940,55800,275.7
32061,4940,57400,283.6
32071,4940,55900,276.1
32081,4940,57500,284.1
32091,4776,162800,777.5
32101,4940,57500,284.1
32111,4940,56100,277.1
32121,4940,57400,283.6
32131,4940,56500,279.1
32141,4940,56800,280.6
32151,4940,56600,279.6
32161,4940,56800,280.6
32171,4940,57400,283.6
32181,4940,55900,276.1
32191,4940,57400,283.6
32201,4936,55800,275.4
32211,4940,57500,284.1
32221,4940,55900,276.1
32231,4940,57500,284.1
32241,4940,55800,275.7
32251,4940,57400,283.6
32261,4940,55900,276.1
32271,4940,57400,283.6
32281,4940,55900,276.1
32291,4940,57300,283.1
32301,4940,56500,279.1
32311,4940,56900,281.1
32321,4940,56500,279.1
32331,4940,56800,280.6
32341,4940,56800,280.6
32351,4940,56700,280.1
32361,4940,57400,283.6
32371,4940,55800,275.7
32381,4940,57500,284.1
32391,4940,55900,276.1
32401,4940,57500,284.1
32411,4936,55900,275.9
32421,4944,57500,284.3
32431,4936,55900,275.9
32441,4940,57400,283.6
32451,4940,55800,275.7
32461,4940,57500,284.1
32471,4940,56600,279.6
32481,4940,57000,281.6
32491,4940,56500,279.1
32501,4940,56800,280.6
32511,4940,56500,279.1
32521,4940,56900,281.1
32531,4940,57500,284.1
32541,4940,55900,276.1
32551,4940,57400,283.6
32561,4940,55800,275.7
32571,4940,57300,283.1
32581,4940,55800,275.7
32591,4940,57500,284.1
32601,4860,55900,271.7
32611,4940,57400,283.6
32621,4940,55800,275.7
32631,4940,57500,284.1
32641,4940,55800,275.7
32651,4940,57500,284.1
32661,4940,56500,279.1
32671,4940,56700,280.1
32681,4940,56600,279.6
32691,4940,56800,280.6
32701,4940,57300,283.1
32711,4940,56400,278.6
32721,4944,57500,284.3
32731,4940,55900,276.1
32741,4940,57400,283.6
32751,4940,55800,275.7
32761,4940,57400,283.6
32771,4940,55900,276.1
32781,4940,57500,284.1
32791,4940,55900,276.1
32801,4940,57400,283.6
32811,4940,55900,276.1
32821,4940,57500,284.1
32831,4940,56600,279.6
32841,4944,56700,280.3
32851,4940,56500,279.1
32861,4940,56800,280.6
32871,4940,56500,279.1
32882,4940,55800,275.7
32891,4940,57400,283.6
32901,4940,55900,276.1
32911,4940,57400,283.6
32921,4936,55800,275.4
32931,4940,57500,284.1
32941,4940,55800,275.7
32951,4940,57500,284.1
32961,4940,55900,276.1
32971,4940,57400,283.6
32981,4940,55900,276.1
32991,4940,57400,283.6
33001,4940,55900,276.1
33011,4940,57500,284.1
33021,4940,56500,279.1
33031,4940,56800,280.6
33041,4940,56500,279.1
33051,4940,56800,280.6
33061,4940,57500,284.1
33071,4940,55900,276.1
33081,4940,57500,284.1
33091,4940,55900,276.1
33101,4816,144800,697.4
33111,4940,55800,275.7
33121,4940,57500,284.1
33131,4940,55900,276.1
33141,4940,57500,284.1
33151,4940,55800,275.7
33161,4944,57400,283.8
33171,4936,55900,275.9
33181,4940,57500,284.1
33191,4940,56400,278.6
33201,4940,56800,280.6
33211,4940,56500,279.1
33221,4940,56800,280.6
33231,4940,56600,279.6
33241,4940,56800,280.6
33251,4940,57500,284.1
33261,4940,55800,275.7
33271,4940,57400,283.6
33281,4940,55900,276.1
33291,4940,57400,283.6
33301,4940,55900,276.1
33311,4944,57500,284.3
33321,4940,55800,275.7
33331,4940,57500,284.1
33341,4940,55900,276.1
33351,4940,57400,283.6
33361,4940,56100,277.1
33371,4944,57300,283.3
33381,4940,56500,279.1
33391,4940,56800,280.6
33401,4940,56500,279.1
33411,4940,56800,280.6
33421,4940,57400,283.6
33431,4940,55800,275.7
33441,4940,57400,283.6
33451,4940,55800,275.7
33461,4940,57400,283.6
33471,4940,55800,275.7
33481,4944,57400,283.8
33491,4940,55800,275.7
33501,4944,57400,283.8
33511,4940,55900,276.1
33521,4940,57400,283.6
33531,4940,55900,276.1
33541,4940,57400,283.6
33551,4940,56500,279.1
33561,4940,56800,280.6
33571,4940,56400,278.6
33581,4940,56900,281.1
33591,4940,56900,281.1
33601,4940,56700,280.1
33611,4940,57400,283.6
33621,4940,55800,275.7
33631,4940,57500,284.1
33641,4940,55800,275.7
33651,4940,57500,284.1
33661,4940,55900,276.1
33671,4940,57400,283.6
33681,4936,55900,275.9
33691,4940,57400,283.6
33701,4940,55900,276.1
33711,4940,57400,283.6
33721,4940,56400,278.6
33731,4940,57200,282.6
33741,4940,56600,279.6
33751,4940,56800,280.6
33761,4940,56400,278.6
33771,4940,56800,280.6
33781,4940,57500,284.1
33791,4940,55900,276.1
33801,4940,57400,283.6
33811,4940,55800,275.7
33821,4940,57500,284.1
33831,4940,55900,276.1
33841,4940,57400,283.6
33851,4936,55800,275.4
33861,4940,57400,283.6
33871,4940,55800,275.7
33881,4940,57500,284.1
33891,4940,55800,275.7
33901,4940,57400,283.6
33911,4940,56500,279.1
33921,4940,56800,280.6
33931,4940,56500,279.1
33941,4940,56800,280.6
33951,4940,57300,283.1
33961,4940,56400,278.6
33971,4940,57500,284.1
33981,4940,55900,276.1
33991,4940,57400,283.6
34001,4940,55800,275.7
34011,4940,57400,283.6
34021,4940,55800,275.7
34031,4940,57400,283.6
34041,4940,55800,275.7
34051,4944,57500,284.3
34061,4940,55800,275.7
34071,4940,57400,283.6
34081,4940,56600,279.6
34091,4940,56700,280.1
34101,4940,56500,279.1
34111,4816,142000,683.9
34121,4940,56600,279.6
34131,4940,56800,280.6
34141,4940,57500,284.1
34151,4940,55900,276.1
34161,4940,57500,284.1
34171,4940,55800,275.7
34181,4940,57400,283.6
34191,4940,55800,275.7
34201,4940,57500,284.1
34211,4940,55800,275.7
34221,4940,57400,283.6
34231,4940,55900,276.1
34241,4940,57500,284.1
34251,4940,55900,276.1
34261,4940,57400,283.6
34271,4940,56500,279.1
34281,4940,56800,280.6
34291,4940,56500,279.1
34301,4940,56900,281.1
34311,4940,57500,284.1
34321,4940,55900,276.1
34331,4940,57400,283.6
34341,4940,55900,276.1
34351,4940,57400,283.6
34361,4936,55900,275.9
34371,4940,57500,284.1
34381,4940,55800,275.7
34391,4940,57400,283.6
34401,4940,55800,275.7
34411,4940,57500,284.1
34421,4940,55800,275.7
34431,4940,57500,284.1
34441,4940,56500,279.1
34451,4940,56700,280.1
34461,4940,56500,279.1
34471,4940,56800,280.6
34481,4940,56500,279.1
34491,4940,56800,280.6
34501,4940,57400,283.6
34511,4940,55900,276.1
34521,4940,57400,283.6
34531,4940,55900,276.1
34541,4940,57400,283.6
34551,4940,55800,275.7
34561,4940,57400,283.6
34571,4940,55800,275.7
34581,4940,57400,283.6
34592,4940,55900,276.1
34601,4944,57400,283.8
34611,4816,142000,683.9
34621,4940,57400,283.6
34631,4940,56500,279.1
34641,4940,56800,280.6
34651,4940,56600,279.6
34661,4940,56800,280.6
34671,4940,57500,284.1
34681,4940,55900,276.1
34691,4940,57400,283.6
34701,4940,55900,276.1
34711,4940,57500,284.1
34721,4940,55800,275.7
34731,4940,57400,283.6
34741,4940,55800,275.7
34751,4944,57400,283.8
34761,4940,55900,276.1
34771,4944,57500,284.3
34781,4936,55800,275.4
34791,4944,57400,283.8
34801,4940,56500,279.1
34811,4940,56800,280.6
34821,4940,56500,279.1
34831,4940,56700,280.1
34841,4940,56700,280.1
34851,4940,56800,280.6
34861,4940,57500,284.1
34871,4940,55800,275.7
34881,4940,57400,283.6
34891,4940,55900,276.1
34901,4940,57500,284.1
34911,4936,55800,275.4
34921,4940,57400,283.6
34931,4940,55800,275.7
34941,4940,57400,283.6
34951,4940,55900,276.1
34961,4940,57500,284.1
34971,4940,56300,278.1
34981,4944,57300,283.3
34991,4940,56500,279.1
35001,4940,56800,280.6
35011,4940,56500,279.1
35021,4940,56800,280.6
35031,4940,57500,284.1
35041,4940,55800,275.7
35051,4940,57400,283.6
35061,4936,55800,275.4
35071,4940,57400,283.6
35081,4940,55800,275.7
35091,4940,57500,284.1
35101,4940,55900,276.1
35111,4820,142100,684.9
35121,4940,55900,276.1
35131,4940,57500,284.1
35141,4940,55800,275.7
35151,4940,57500,284.1
35161,4940,56500,279.1
35171,4940,56800,280.6
35181,4940,56600,279.6
35191,4940,56800,280.6
35201,4940,57000,281.6
35211,4940,56600,279.6
35221,4940,57400,283.6
35231,4940,55900,276.1
35241,4940,57400,283.6
35251,4940,55900,276.1
35261,4940,57500,284.1
35271,4940,55900,276.1
35281,4940,57500,284.1
35291,4940,55800,275.7
35301,4940,57500,284.1
35311,4940,55800,275.7
35321,4940,57400,283.6
35331,4940,56600,279.6
35341,4944,56900,281.3
35351,4940,56500,279.1
35361,4940,56800,280.6
35371,4940,56500,279.1
35381,4940,56800,280.6
35391,4940,57400,283.6
35401,4940,55900,276.1
35411,4940,57500,284.1
35421,4940,55900,276.1
35431,4940,57400,283.6
35441,4940,55800,275.7
35451,4940,57400,283.6
35461,4940,55900,276.1
35471,4940,57500,284.1
35481,4940,55800,275.7
35491,4944,57400,283.8
35501,4940,55800,275.7
35511,4940,57500,284.1
35521,4940,56500,279.1
35531,4940,56800,280.6
35541,4940,56400,278.6
35551,4940,56900,281.1
35561,4940,57300,283.1
35571,4940,56100,277.1
35581,4940,57400,283.6
35591,4940,55900,276.1
35601,4940,57500,284.1
35611,4940,55800,275.7
35621,4720,139400,658.0
35631,4936,55900,275.9
35641,4944,57500,284.3
35651,4940,55900,276.1
35661,4940,57500,284.1
35671,4940,55800,275.7
35681,4944,57400,283.8
35691,4940,56500,279.1
35701,4940,56700,280.1
35711,4940,56500,279.1
35721,4940,56800,280.6
35731,4940,56600,279.6
35741,4940,56800,280.6
35751,4940,57400,283.6
35761,4936,55900,275.9
35771,4940,57400,283.6
35781,4940,55900,276.1
35791,4940,57400,283.6
35801,4940,55900,276.1
35811,4944,57500,284.3
35821,4936,55800,275.4
35831,4940,57500,284.1
35841,4940,55800,275.7
35851,4944,57500,284.3
35861,4940,55900,276.1
35871,4940,57400,283.6
35881,4940,56600,279.6
35891,4940,56800,280.6
35901,4940,56500,279.1
35911,4940,56800,280.6
35921,4940,57400,283.6
35931,4940,55900,276.1
35941,4940,57400,283.6
35951,4940,55900,276.1
35961,4940,57400,283.6
35971,4940,55800,275.7
35981,4940,57400,283.6
35991,4940,55800,275.7
36001,4940,57500,284.1
36011,4940,55800,275.7
36021,4940,57500,284.1
36031,4940,55900,276.1
36041,4940,57400,283.6
36051,4936,56500,278.9
36061,4940,56800,280.6
36071,4940,56400,278.6
36081,4940,56800,280.6
36091,4940,56600,279.6
36101,4940,56800,280.6
36111,4940,57400,283.6
36121,4772,161500,770.7
36131,4940,57500,284.1
36141,4940,55900,276.1
36151,4940,57500,284.1
36161,4940,55800,275.7
36171,4940,57500,284.1
36181,4940,55900,276.1
36191,4940,57400,283.6
36201,4940,55900,276.1
36211,4940,57500,284.1
36221,4940,56000,276.6
36231,4940,57500,284.1
36241,4940,56500,279.1
36251,4940,56800,280.6
36261,4940,56500,279.1
36271,4940,56800,280.6
36281,4940,57400,283.6
36292,4940,55800,275.7
36301,4940,57400,283.6
36311,4940,55900,276.1
36321,4940,57400,283.6
36331,4940,55900,276.1
36341,4940,57400,283.6
36351,4936,55900,275.9
36361,4940,57400,283.6
36371,4940,55800,275.7
36381,4940,57400,283.6
36391,4940,55900,276.1
36401,4940,57400,283.6
36411,4940,56500,279.1
36421,4940,56800,280.6
36431,4940,56500,279.1
36441,4940,56800,280.6
36451,4940,56800,280.6
36461,4940,56800,280.6
36471,4940,57500,284.1
36481,4940,55900,276.1
36491,4940,57400,283.6
36501,4936,55900,275.9
36511,4944,57400,283.8
36521,4940,55800,275.7
36531,4940,57400,283.6
36541,4940,55800,275.7
36551,4940,57400,283.6
36561,4940,55800,275.7
36571,4944,57500,284.3
36581,4940,56500,279.1
36591,4944,57100,282.3
36601,4940,56500,279.1
36611,4940,56800,280.6
36621,4940,56600,279.6
36631,4824,157100,757.9
36641,4940,57400,283.6
36651,4940,55900,276.1
36661,4940,57500,284.1
36671,4940,55900,276.1
36681,4940,57500,284.1
36691,4936,55900,275.9
36701,4940,57500,284.1
36711,4940,55800,275.7
36721,4940,57500,284.1
36731,4940,55900,276.1
36741,4940,57400,283.6
36751,4940,55800,275.7
36761,4940,57400,283.6
36771,4940,56400,278.6
36781,4940,56800,280.6
36791,4940,56500,279.1
36801,4940,56900,281.1
36811,4940,57100,282.1
36821,4940,56500,279.1
36831,4940,57400,283.6
36841,4940,55900,276.1
36851,4940,57500,284.1
36861,4940,55900,276.1
36871,4944,57500,284.3
36881,4940,55900,276.1
36891,4940,57300,283.1
36901,4940,55900,276.1
36911,4940,57400,283.6
36921,4936,55900,275.9
36931,4940,57500,284.1
36941,4940,56600,279.6
36951,4940,56900,281.1
36961,4940,56500,279.1
36971,4940,56700,280.1
36981,4940,56500,279.1
36991,4940,56700,280.1
37001,4940,57500,284.1
37011,4940,55800,275.7
37021,4940,57500,284.1
37031,4936,55900,275.9
37041,4940,57400,283.6
37051,4940,55900,276.1
37061,4940,57400,283.6
37071,4936,55800,275.4
37081,4940,57500,284.1
37091,4940,55800,275.7
37101,4940,57400,283.6
37111,4940,55900,276.1
37121,4940,57500,284.1
37131,4736,137300,650.3
37141,4940,56800,280.6
37151,4940,56500,279.1
37161,4940,56800,280.6
37171,4940,57400,283.6
37181,4940,56100,277.1
37191,4940,57400,283.6
37201,4936,55900,275.9
37211,4940,57400,283.6
37221,4940,55800,275.7
37231,4940,57500,284.1
37241,4940,55800,275.7
37251,4940,57500,284.1
37261,4936,55900,275.9
37271,4940,57500,284.1
37281,4936,55900,275.9
37291,4940,57400,283.6
37301,4940,56500,279.1
37311,4940,56700,280.1
37321,4940,56500,279.1
37331,4940,56800,280.6
37341,4940,56500,279.1
37351,4940,56800,280.6
37361,4940,57500,284.1
37371,4940,55800,275.7
37381,4944,57400,283.8
37391,4940,55900,276.1
37401,4944,57500,284.3
37411,4940,55900,276.1
37421,4940,57500,284.1
37431,4940,55900,276.1
37441,4940,57400,283.6
37451,4940,55900,276.1
37461,4940,57400,283.6
37471,4940,55900,276.1
37481,4940,57500,284.1
37491,4940,56500,279.1
37501,4940,56800,280.6
37511,4940,56500,279.1
37521,4940,56700,280.1
37531,4940,57400,283.6
37541,4940,55800,275.7
37551,4940,57400,283.6
37561,4936,55800,275.4
37571,4940,57400,283.6
37581,4940,55900,276.1
37591,4940,57500,284.1
37601,4940,55900,276.1
37611,4940,57400,283.6
37621,4940,55900,276.1
37631,4940,57500,284.1
37641,4824,210400,1015.0
37651,4940,57500,284.1
37661,4940,56500,279.1
37671,4940,56800,280.6
37681,4940,56600,279.6
37691,4940,56800,280.6
37701,4940,56500,279.1
37711,4940,56800,280.6
37721,4940,57500,284.1
37731,4940,55800,275.7
37741,4940,57400,283.6
37751,4936,55900,275.9
37761,4940,57500,284.1
37771,4940,55800,275.7
37781,4940,57500,284.1
37791,4940,55800,275.7
37801,4940,57500,284.1
37811,4940,55900,276.1
37821,4940,57400,283.6
37831,4940,56200,277.6
37841,4940,57400,283.6
37851,4940,56500,279.1
37861,4940,56800,280.6
37871,4940,56500,279.1
37881,4940,56800,280.6
37891,4940,57400,283.6
37901,4940,55800,275.7
37911,4944,57400,283.8
37921,4940,55900,276.1
37931,4940,57400,283.6
37941,4940,55800,275.7
37951,4944,57400,283.8
37961,4936,55900,275.9
37971,4940,57400,283.6
37981,4940,55900,276.1
37991,4940,57400,283.6
38002,4940,56500,279.1
38011,4940,57500,284.1
38021,4940,56500,279.1
38031,4940,56800,280.6
38041,4940,56500,279.1
38051,4940,56800,280.6
38061,4940,57000,281.6
38071,4940,56700,280.1
38081,4940,57400,283.6
38091,4940,55900,276.1
38101,4940,57400,283.6
38111,4940,55900,276.1
38121,4940,57400,283.6
38131,4940,55800,275.7
38141,4940,57400,283.6
38151,4828,213200,1029.3
38161,4940,57400,283.6
38171,4940,55800,275.7
38181,4944,57400,283.8
38191,4940,56500,279.1
38201,4940,57100,282.1
38211,4940,56500,279.1
38221,4940,56800,280.6
38231,4940,56500,279.1
38241,4940,56800,280.6
38251,4940,57400,283.6
38261,4940,55800,275.7
38271,4940,57400,283.6
38281,4940,55800,275.7
38291,4940,57400,283.6
38301,4940,55900,276.1
38311,4944,57500,284.3
38321,4940,55800,275.7
38331,4940,57500,284.1
38341,4940,55900,276.1
38351,4940,57400,283.6
38361,4940,55800,275.7
38371,4940,57400,283.6
38381,4940,56500,279.1
38391,4940,56800,280.6
38401,4940,56500,279.1
38411,4940,56800,280.6
38421,4940,57300,283.1
38431,4940,56400,278.6
38441,4944,57400,283.8
38451,4940,55900,276.1
38461,4940,57400,283.6
38471,4940,55800,275.7
38481,4940,57500,284.1
38491,4940,55800,275.7
38501,4940,57500,284.1
38511,4940,55900,276.1
38521,4940,57400,283.6
38531,4940,55800,275.7
38541,4940,57400,283.6
38551,4936,56500,278.9
38561,4940,56700,280.1
38571,4940,56500,279.1
38581,4940,56800,280.6
38591,4940,56500,279.1
38601,4940,56800,280.6
38611,4940,57400,283.6
38621,4940,55800,275.7
38631,4940,57500,284.1
38641,4936,55800,275.4
38651,4816,137400,661.7
38661,4940,55900,276.1
38671,4944,57400,283.8
38681,4940,55900,276.1
38691,4940,57400,283.6
38701,4940,55900,276.1
38711,4940,57400,283.6
38721,4940,55900,276.1
38731,4940,57400,283.6
38741,4940,56500,279.1
38751,4940,56800,280.6
38761,4940,56500,279.1
38771,4940,56800,280.6
38781,4940,57500,284.1
38791,4940,55900,276.1
38801,4940,57500,284.1
38811,4936,55800,275.4
38821,4940,57400,283.6
38831,4940,55900,276.1
38841,4944,57400,283.8
38851,4940,55900,276.1
38861,4944,57400,283.8
38871,4940,55800,275.7
38881,4940,57400,283.6
38891,4940,55800,275.7
38901,4940,57500,284.1
38911,4940,56500,279.1
38921,4940,56700,280.1
38931,4940,56500,279.1
38941,4944,56800,280.8
38951,4940,56600,279.6
38961,4940,56800,280.6
38971,4944,57400,283.8
38981,4940,55800,275.7
38991,4940,57500,284.1
39001,4936,55900,275.9
39011,4940,57400,283.6
39021,4940,55800,275.7
39031,4944,57400,283.8
39041,4940,55900,276.1
39051,4940,57500,284.1
39061,4940,55800,275.7
39071,4940,57400,283.6
39081,4940,56000,276.6
39091,4940,57400,283.6
39101,4940,56500,279.1
39111,4940,56800,280.6
39121,4940,56500,279.1
39131,4940,56800,280.6
39141,4940,57400,283.6
39151,4816,141300,680.5
39161,4940,57500,284.1
39171,4940,55800,275.7
39181,4940,57400,283.6
39191,4940,55800,275.7
39201,4940,57400,283.6
39211,4940,55900,276.1
39221,4940,57500,284.1
39231,4940,55900,276.1
39241,4940,57500,284.1
39251,4940,55900,276.1
39261,4940,57500,284.1
39271,4940,56400,278.6
39281,4940,56800,280.6
39291,4940,56500,279.1
39301,4940,56700,280.1
39311,4940,56600,279.6
39321,4940,56800,280.6
39331,4940,57400,283.6
39341,4940,55900,276.1
39351,4940,57500,284.1
39361,4940,55800,275.7
39371,4940,57400,283.6
39381,4940,55800,275.7
39391,4940,57400,283.6
39401,4940,55900,276.1
39411,4940,57400,283.6
39421,4940,55800,275.7
39431,4940,57500,284.1
39441,4940,56400,278.6
39451,4940,57300,283.1
39461,4940,56500,279.1
39471,4940,56800,280.6
39481,4940,56500,279.1
39491,4940,56800,280.6
39501,4940,57400,283.6
39511,4940,55800,275.7
39521,4940,57400,283.6
39531,4940,55800,275.7
39541,4940,57400,283.6
39551,4940,55900,276.1
39561,4940,57400,283.6
39571,4940,55800,275.7
39581,4944,57300,283.3
39591,4940,55900,276.1
39601,4940,57400,283.6
39611,4940,55900,276.1
39621,4940,57400,283.6
39631,4940,56500,279.1
39641,4940,56800,280.6
39651,4936,56400,278.4
39661,4816,143600,691.6
39671,4940,57000,281.6
39681,4940,56600,279.6
39691,4940,57500,284.1
39702,4940,55900,276.1
39711,4940,57400,283.6
39721,4940,55900,276.1
39731,4940,57500,284.1
39741,4940,55800,275.7
39751,4940,57500,284.1
39761,4940,55800,275.7
39771,4940,57400,283.6
39781,4940,55900,276.1
39791,4940,57400,283.6
39801,4940,56600,279.6
39811,4940,57000,281.6
39821,4940,56500,279.1
39831,4940,56800,280.6
39841,4940,56500,279.1
39851,4940,56800,280.6
39861,4940,57400,283.6
39871,4940,55800,275.7
39881,4940,57400,283.6
39891,4940,55800,275.7
39901,4940,57400,283.6
39911,4940,55800,275.7
39921,4940,57400,283.6
39931,4936,55800,275.4
39941,4940,57400,283.6
39951,4940,55900,276.1
39961,4940,57400,283.6
39971,4940,55900,276.1
39981,4940,57300,283.1
39991,4940,56500,279.1
40001,4940,56700,280.1
40011,4940,56500,279.1
40021,4940,56800,280.6
40031,4940,57400,283.6
40041,4940,56100,277.1
40051,4940,57500,284.1
40061,4940,55800,275.7
40071,4940,57400,283.6
40081,4940,55900,276.1
40091,4940,57400,283.6
40101,4940,55800,275.7
40111,4940,57400,283.6
40121,4936,55900,275.9
40131,4940,57400,283.6
40141,4940,55700,275.2
40151,4940,57500,284.1
40161,4852,148600,721.0
40171,4940,56700,280.1
40181,4940,56500,279.1
40191,4940,56800,280.6
40201,4940,56500,279.1
40211,4940,56800,280.6
40221,4940,57500,284.1
40231,4936,55800,275.4
40241,4940,57400,283.6
40251,4940,55800,275.7
40261,4940,57400,283.6
40271,4936,55800,275.4
40281,4944,57400,283.8
40291,4940,55800,275.7
40301,4940,57400,283.6
40311,4936,55800,275.4
40321,4944,57400,283.8
40331,4940,55800,275.7
40341,4944,57400,283.8
40351,4940,56400,278.6
40361,4940,56800,280.6
40371,4940,56500,279.1
40381,4940,56800,280.6
40391,4940,57400,283.6
40401,4940,55900,276.1
40411,4940,57500,284.1
40421,4940,55800,275.7
40431,4940,57500,284.1
40441,4940,55800,275.7
40451,4940,57500,284.1
40461,4936,55800,275.4
40471,4944,57400,283.8
40481,4940,55900,276.1
40491,4944,57400,283.8
40501,4940,55800,275.7
40511,4940,57400,283.6
40521,4940,56400,278.6
40531,4940,56800,280.6
40541,4940,56500,279.1
40551,4940,56800,280.6
40561,4940,56600,279.6
40571,4940,56800,280.6
40581,4940,57400,283.6
40591,4940,55800,275.7
40601,4940,57500,284.1
40611,4940,55800,275.7
40621,4940,57400,283.6
40631,4940,55900,276.1
40641,4940,57500,284.1
40651,4940,55900,276.1
40661,4936,57400,283.3
40671,4940,55900,276.1
40681,4944,57400,283.8
40691,4940,56000,276.6
40701,4940,57400,283.6
40711,4940,56400,278.6
40721,4940,56800,280.6
40731,4940,56500,279.1
40741,4940,56800,280.6
40751,4940,57400,283.6
40761,4940,55800,275.7
40771,4940,57400,283.6
40781,4940,55900,276.1
40791,4940,57400,283.6
40801,4940,55800,275.7
40811,4940,57400,283.6
40821,4940,55900,276.1
40831,4940,57400,283.6
40841,4940,55800,275.7
40851,4940,57400,283.6
40861,4940,55900,276.1
40871,4940,57400,283.6
40881,4940,56500,279.1
40891,4940,56900,281.1
40901,4940,56500,279.1
40911,4940,56800,280.6
40921,4940,56800,280.6
40931,4940,56700,280.1
40941,4940,57400,283.6
40951,4940,55900,276.1
40961,4944,57400,283.8
40971,4940,55800,275.7
40981,4940,57500,284.1
40991,4940,55900,276.1
41001,4940,57500,284.1
41011,4940,55800,275.7
41021,4940,57400,283.6
41031,4940,55900,276.1
41041,4940,57400,283.6
41051,4940,56500,279.1
41061,4940,57100,282.1
41071,4940,56500,279.1
41081,4940,56800,280.6
41091,4940,56500,279.1
41101,4940,56700,280.1
41111,4940,57400,283.6
41121,4940,55900,276.1
41131,4940,57400,283.6
41141,4940,55800,275.7
41151,4940,57500,284.1
41161,4936,55800,275.4
41171,4832,200100,966.9
41181,4940,55900,276.1
41191,4940,57400,283.6
41201,4940,55900,276.1
41211,4940,57400,283.6
41221,4940,55800,275.7
41231,4940,57400,283.6
41241,4940,56500,279.1
41251,4940,56800,280.6
41261,4940,56500,279.1
41271,4940,56800,280.6
41281,4940,57100,282.1
41291,4940,56400,278.6
41301,4944,57500,284.3
41311,4940,55900,276.1
41321,4940,57400,283.6
41331,4940,55800,275.7
41341,4940,57400,283.6
41351,4940,55900,276.1
41361,4940,57400,283.6
41371,4940,55800,275.7
41381,4940,57400,283.6
41391,4940,55900,276.1
41401,4940,57500,284.1
41424,4940,55800,275.7
41425,4940,55900,276.1
41431,4936,56500,278.9
41441,4940,56800,280.6
41451,4940,56500,279.1
41461,4940,56700,280.1
41471,4940,57500,284.1
41481,4940,55800,275.7
41491,4940,57400,283.6
41501,4936,55800,275.4
41511,4940,57500,284.1
41521,4940,55800,275.7
41531,4940,57400,283.6
41541,4940,55800,275.7
41551,4940,57500,284.1
41561,4940,55800,275.7
41571,4940,57400,283.6
41581,4940,55900,276.1
41591,4940,57400,283.6
41601,4940,56500,279.1
41611,4940,56700,280.1
41621,4940,56500,279.1
41631,4940,56800,280.6
41641,4940,57400,283.6
41651,4940,55800,275.7
41661,4940,57400,283.6
41671,4940,55800,275.7
41681,4724,138600,654.7
41691,4940,55800,275.7
41701,4940,57400,283.6
41711,4940,55800,275.7
41721,4940,57400,283.6
41731,4940,55800,275.7
41741,4940,57400,283.6
41751,4940,55800,275.7
41761,4940,57400,283.6
41771,4940,56500,279.1
41781,4940,56700,280.1
41791,4940,56400,278.6
41801,4940,56700,280.1
41811,4940,56500,279.1
41821,4940,56800,280.6
41831,4944,57500,284.3
41841,4940,55900,276.1
41851,4940,57400,283.6
41861,4940,55800,275.7
41871,4940,57400,283.6
41881,4936,55900,275.9
41891,4940,57500,284.1
41901,4940,55900,276.1
41911,4940,57400,283.6
41921,4940,55800,275.7
41931,4940,57400,283.6
41941,4940,56000,276.6
41951,4944,57500,284.3
41961,4940,56500,279.1
41971,4940,56800,280.6
41981,4940,56500,279.1
41991,4940,56800,280.6
42001,4940,57400,283.6
42011,4940,55800,275.7
42021,4940,57400,283.6
42031,4940,55900,276.1
42041,4940,57400,283.6
42051,4940,55800,275.7
42061,4940,57400,283.6
42071,4940,55800,275.7
42081,4940,57400,283.6
42091,4940,55800,275.7
42101,4940,57400,283.6
42111,4940,55800,275.7
42121,4940,57400,283.6
42131,4940,56400,278.6
42141,4940,56800,280.6
42151,4940,56500,279.1
42161,4940,56800,280.6
42171,4940,56800,280.6
42181,4812,184700,888.8
42191,4940,57400,283.6
42201,4940,55900,276.1
42211,4940,57400,283.6
42221,4940,55900,276.1
42231,4940,57400,283.6
42241,4940,55800,275.7
42251,4940,57400,283.6
42261,4936,55800,275.4
42271,4940,57500,284.1
42281,4940,55900,276.1
42291,4940,57400,283.6
42301,4940,56300,278.1
42311,4940,57300,283.1
42321,4940,56500,279.1
42331,4940,56800,280.6
42341,4940,56400,278.6
42351,4940,56800,280.6
42361,4940,57400,283.6
42371,4940,55900,276.1
42381,4940,57400,283.6
42391,4940,55800,275.7
42401,4940,57400,283.6
42411,4940,55900,276.1
42421,4940,57500,284.1
42431,4936,55800,275.4
42441,4944,57400,283.8
42451,4940,55800,275.7
42461,4940,57400,283.6
42471,4940,55900,276.1
42481,4940,57400,283.6
42491,4940,56500,279.1
42501,4940,56800,280.6
42511,4940,56500,279.1
42521,4940,56800,280.6
42531,4940,57100,282.1
42541,4940,56500,279.1
42551,4940,57400,283.6
42561,4940,55800,275.7
42571,4940,57500,284.1
42581,4940,55800,275.7
42591,4944,57400,283.8
42601,4940,55900,276.1
42611,4940,57400,283.6
42621,4940,55800,275.7
42631,4940,57500,284.1
42641,4940,55800,275.7
42651,4940,57500,284.1
42661,4940,56500,279.1
42671,4940,56800,280.6
42681,4812,141500,680.9
42691,4940,56800,280.6
42701,4940,56600,279.6
42711,4940,56800,280.6
42721,4940,57500,284.1
42731,4940,55900,276.1
42741,4940,57400,283.6
42751,4940,55900,276.1
42761,4940,57400,283.6
42771,4940,55800,275.7
42781,4940,57400,283.6
42791,4940,55900,276.1
42801,4940,57500,284.1
42811,4936,55900,275.9
42821,4940,57400,283.6
42831,4940,55800,275.7
42841,4940,57400,283.6
42851,4940,56600,279.6
42861,4940,56800,280.6
42871,4936,56500,278.9
42881,4940,56800,280.6
42891,4940,57400,283.6
42901,4940,56200,277.6
42911,4940,57500,284.1
42921,4940,55800,275.7
42931,4940,57500,284.1
42941,4940,55800,275.7
42951,4940,57400,283.6
42961,4940,55800,275.7
42971,4940,57500,284.1
42981,4936,55900,275.9
42991,4940,57400,283.6
43001,4940,55800,275.7
43011,4940,57500,284.1
43021,4940,56500,279.1
43031,4940,56800,280.6
43041,4940,56500,279.1
43051,4940,56800,280.6
43061,4940,56600,279.6
43071,4940,56800,280.6
43081,4940,57400,283.6
43091,4940,55900,276.1
43101,4940,57500,284.1
43112,4940,55800,275.7
43121,4940,57400,283.6
43131,4940,55800,275.7
43141,4944,57400,283.8
43151,4940,55800,275.7
43161,4940,57400,283.6
43171,4940,55900,276.1
43181,4940,57500,284.1
43191,4732,137900,652.5
43201,4940,57500,284.1
43211,4940,56500,279.1
43221,4940,56800,280.6
43231,4940,56500,279.1
43241,4940,56800,280.6
43251,4940,57500,284.1
43261,4940,55900,276.1
43271,4940,57500,284.1
43281,4940,55800,275.7
43291,4940,57500,284.1
43301,4940,55900,276.1
43311,4940,57400,283.6
43321,4940,55800,275.7
43331,4940,57400,283.6
43341,4940,55800,275.7
43351,4940,57400,283.6
43361,4940,55900,276.1
43371,4940,57400,283.6
43381,4940,56500,279.1
43391,4940,56800,280.6
43401,4940,56600,279.6
43411,4940,56800,280.6
43421,4940,56600,279.6
43431,4940,56700,280.1
43441,4940,57400,283.6
43451,4940,55800,275.7
43461,4940,57400,283.6
43471,4936,55900,275.9
43481,4940,57400,283.6
43491,4940,55900,276.1
43501,4940,57400,283.6
43511,4940,55800,275.7
43521,4940,57500,284.1
43531,4940,55800,275.7
43541,4940,57500,284.1
43551,4940,56200,277.6
43561,4940,57300,283.1
43571,4940,56500,279.1
43581,4940,56700,280.1
43591,4940,56500,279.1
43601,4940,56800,280.6
43611,4940,57400,283.6
43621,4940,55900,276.1
43631,4940,57400,283.6
43641,4940,55800,275.7
43651,4940,57500,284.1
43661,4940,55800,275.7
43671,4940,57400,283.6
43681,4940,55800,275.7
43691,4940,57400,283.6
43701,4824,213300,1029.0
43711,4940,57400,283.6
43721,4940,55900,276.1
43731,4944,57400,283.8
43741,4940,56500,279.1
43751,4940,56800,280.6
43761,4940,56500,279.1
43771,4940,56800,280.6
43781,4940,56900,281.1
43791,4940,56700,280.1
43801,4944,57400,283.8
43811,4940,55800,275.7
43821,4940,57400,283.6
43831,4940,55800,275.7
43841,4940,57400,283.6
43851,4940,55800,275.7
43861,4940,57400,283.6
43871,4940,55800,275.7
43881,4940,57400,283.6
43891,4940,55800,275.7
43901,4940,57400,283.6
43911,4940,56500,279.1
43921,4940,57100,282.1
43931,4940,56500,279.1
43941,4940,56700,280.1
43951,4940,56500,279.1
43961,4940,56700,280.1
43971,4940,57500,284.1
43981,4940,55900,276.1
43991,4940,57500,284.1
44001,4940,55800,275.7
44011,4940,57400,283.6
44021,4940,55900,276.1
44031,4940,57400,283.6
44041,4940,55900,276.1
44051,4944,57500,284.3
44061,4940,55800,275.7
44071,4940,57400,283.6
44081,4940,55800,275.7
44091,4940,57500,284.1
44101,4940,56500,279.1
44111,4940,56800,280.6
44121,4940,56500,279.1
44131,4940,56800,280.6
44141,4940,57300,283.1
44151,4940,56300,278.1
44161,4940,57500,284.1
44171,4940,55900,276.1
44181,4944,57500,284.3
44191,4940,55800,275.7
44201,4724,152600,720.9
44211,4940,55900,276.1
44221,4940,57400,283.6
44231,4940,55800,275.7
44241,4940,57400,283.6
44251,4940,55800,275.7
44261,4940,57400,283.6
44271,4940,56600,279.6
44281,4940,56700,280.1
44291,4940,56400,278.6
44301,4940,56800,280.6
44311,4940,56500,279.1
44321,4940,56800,280.6
44331,4940,57400,283.6
44341,4940,55800,275.7
44351,4940,57400,283.6
44361,4940,55900,276.1
44371,4940,57400,283.6
44381,4940,55800,275.7
44391,4940,57400,283.6
44401,4940,55900,276.1
44411,4940,57400,283.6
44421,4940,55900,276.1
44431,4944,57500,284.3
44441,4940,55800,275.7
44451,4940,57400,283.6
44461,4940,56500,279.1
44471,4940,56700,280.1
44481,4940,56500,279.1
44491,4940,56800,280.6
44501,4940,57500,284.1
44511,4940,55900,276.1
44521,4940,57400,283.6
44531,4936,55800,275.4
44541,4940,57400,283.6
44551,4940,55800,275.7
44561,4944,57500,284.3
44571,4940,55900,276.1
44581,4940,57400,283.6
44591,4940,55900,276.1
44601,4940,57400,283.6
44611,4940,55800,275.7
44621,4940,57400,283.6
44631,4940,56500,279.1
44641,4940,56700,280.1
44651,4940,56500,279.1
44661,4940,56800,280.6
44671,4940,56500,279.1
44681,4940,56700,280.1
44691,4940,57400,283.6
44701,4816,140300,675.7
44711,4940,57400,283.6
44721,4940,55900,276.1
44731,4944,57400,283.8
44741,4940,55900,276.1
44751,4940,57500,284.1
44761,4940,55800,275.7
44771,4940,57500,284.1
44781,4940,55900,276.1
44791,4940,57500,284.1
44801,4940,56000,276.6
44811,4940,57400,283.6
44822,4936,56500,278.9
44831,4940,56800,280.6
44841,4940,56500,279.1
44851,4940,56800,280.6
44861,4940,57400,283.6
44871,4940,55900,276.1
44881,4940,57400,283.6
44891,4940,55900,276.1
44901,4940,57400,283.6
44911,4936,55900,275.9
44921,4940,57400,283.6
44931,4940,55900,276.1
44941,4940,57400,283.6
44951,4940,55800,275.7
44961,4940,57400,283.6
44971,4940,55800,275.7
44981,4944,57500,284.3
44991,4940,56400,278.6
45001,4940,56900,281.1
45011,4940,56500,279.1
45021,4940,56800,280.6
45031,4940,56700,280.1
45041,4940,56700,280.1
45051,4940,57400,283.6
45061,4940,55800,275.7
45071,4940,57400,283.6
45081,4940,55900,276.1
45091,4940,57400,283.6
45101,4940,55900,276.1
45111,4940,57400,283.6
45121,4940,55800,275.7
45131,4940,57400,283.6
45141,4940,55800,275.7
45151,4940,57400,283.6
45161,4936,56400,278.4
45171,4940,57200,282.6
45181,4940,56500,279.1
45191,4940,56800,280.6
45201,4940,56500,279.1
45211,4816,142800,687.7
45221,4940,57400,283.6
45231,4940,55800,275.7
45241,4944,57400,283.8
45251,4940,55900,276.1
45261,4940,57400,283.6
45271,4940,55800,275.7
45281,4944,57400,283.8
45291,4940,55800,275.7
45301,4940,57400,283.6
45311,4940,55800,275.7
45321,4940,57500,284.1
45331,4940,55800,275.7
45341,4940,57400,283.6
45351,4940,56600,279.6
45361,4940,56800,280.6
45371,4940,56500,279.1
45381,4940,56800,280.6
45391,4940,57000,281.6
45401,4940,56600,279.6
45411,4940,57400,283.6
45421,4940,55900,276.1
45431,4940,57500,284.1
45441,4940,55800,275.7
45451,4940,57400,283.6
45461,4940,55900,276.1
45471,4940,57400,283.6
45481,4940,55800,275.7
45491,4940,57500,284.1
45501,4936,55900,275.9
45511,4940,57400,283.6
45521,4940,56600,279.6
45531,4940,56900,281.1
45541,4940,56500,279.1
45551,4940,56800,280.6
45561,4940,56500,279.1
45571,4940,56800,280.6
45581,4940,57400,283.6
45591,4940,55800,275.7
45601,4940,57500,284.1
45611,4936,55800,275.4
45621,4940,57500,284.1
45631,4940,55800,275.7
45641,4940,57500,284.1
45651,4940,55800,275.7
45661,4940,57400,283.6
45671,4940,55800,275.7
45681,4940,57400,283.6
45691,4940,55800,275.7
45701,4944,57500,284.3
45711,4940,56500,279.1
45721,4824,132900,641.1
45731,4940,56500,279.1
45741,4940,56800,280.6
45751,4940,57300,283.1
45761,4940,56200,277.6
45771,4940,57500,284.1
45781,4936,55900,275.9
45791,4940,57500,284.1
45801,4940,55800,275.7
45811,4940,57500,284.1
45821,4940,55900,276.1
45831,4940,57500,284.1
45841,4940,55900,276.1
45851,4940,57500,284.1
45861,4936,55800,275.4
45871,4940,57400,283.6
45881,4940,56600,279.6
45891,4940,56700,280.1
45901,4940,56400,278.6
45911,4940,56800,280.6
45921,4940,56500,279.1
45931,4940,56800,280.6
45941,4940,57400,283.6
45951,4940,55900,276.1
45961,4940,57500,284.1
45971,4940,55900,276.1
45981,4940,57500,284.1
45991,4940,55800,275.7
46001,4940,57400,283.6
46011,4940,55800,275.7
46021,4940,57500,284.1
46031,4940,55800,275.7
46041,4940,57400,283.6
46051,4940,55900,276.1
46061,4940,57400,283.6
46071,4940,56500,279.1
46081,4940,56800,280.6
46091,4940,56500,279.1
46101,4940,56800,280.6
46111,4940,57400,283.6
46121,4940,55900,276.1
46131,4940,57400,283.6
46141,4936,55800,275.4
46151,4940,57400,283.6
46161,4940,55900,276.1
46171,4940,57400,283.6
46181,4940,55800,275.7
46191,4940,57400,283.6
46201,4940,55900,276.1
46211,4940,57400,283.6
46221,4940,55900,276.1
46231,4740,95400,452.2
46241,4940,56500,279.1
46251,4940,56800,280.6
46261,4940,56500,279.1
46271,4940,56800,280.6
46281,4940,56500,279.1
46291,4940,56800,280.6
46301,4940,57400,283.6
46311,4940,55900,276.1
46321,4940,57400,283.6
46331,4940,55800,275.7
46341,4940,57400,283.6
46351,4936,55800,275.4
46361,4940,57400,283.6
46371,4940,55900,276.1
46381,4940,57500,284.1
46391,4940,55900,276.1
46401,4940,57500,284.1
46411,4940,56000,276.6
46421,4940,57500,284.1
46431,4940,56500,279.1
46441,4944,56800,280.8
46451,4940,56500,279.1
46461,4940,56800,280.6
46471,4940,57400,283.6
46481,4940,55900,276.1
46491,4944,57400,283.8
46501,4940,55800,275.7
46511,4944,57400,283.8
46522,4940,55700,275.2
46531,4940,57400,283.6
46541,4940,55800,275.7
46551,4940,57500,284.1
46561,4940,55900,276.1
46571,4944,57500,284.3
46581,4940,55800,275.7
46591,4940,57500,284.1
46601,4940,56500,279.1
46611,4940,56800,280.6
46621,4940,56400,278.6
46631,4940,56800,280.6
46641,4940,56900,281.1
46651,4940,56700,280.1
46661,4940,57400,283.6
46671,4940,56000,276.6
46681,4940,57400,283.6
46691,4940,55800,275.7
46701,4940,57400,283.6
46711,4940,55800,275.7
46721,4944,57500,284.3
46731,4820,215500,1038.7
46741,4944,57500,284.3
46751,4940,55800,275.7
46761,4940,57400,283.6
46771,4940,56400,278.6
46781,4940,57200,282.6
46791,4940,56500,279.1
46801,4940,56800,280.6
46811,4940,56500,279.1
46821,4940,56800,280.6
46831,4940,57400,283.6
46841,4940,55800,275.7
46851,4944,57500,284.3
46861,4940,55800,275.7
46871,4940,57400,283.6
46881,4936,55800,275.4
46891,4940,57400,283.6
46901,4940,55800,275.7
46911,4940,57400,283.6
46921,4940,55900,276.1
46931,4944,57400,283.8
46941,4940,55800,275.7
46951,4940,57400,283.6
46961,4940,56400,278.6
46971,4940,56800,280.6
46981,4940,56500,279.1
46991,4940,56800,280.6
47001,4940,57200,282.6
47011,4940,56300,278.1
47021,4940,57500,284.1
47031,4940,55800,275.7
47041,4940,57400,283.6
47051,4940,55800,275.7
47061,4940,57400,283.6
47071,4940,55900,276.1
47081,4940,57300,283.1
47091,4940,55800,275.7
47101,4940,57500,284.1
47111,4940,55900,276.1
47121,4940,57500,284.1
47131,4940,56500,279.1
47141,4940,56800,280.6
47151,4940,56500,279.1
47161,4940,56800,280.6
47171,4940,56500,279.1
47181,4940,56800,280.6
47191,4940,57500,284.1
47201,4940,55900,276.1
47211,4940,57400,283.6
47221,4940,55900,276.1
47231,4940,57500,284.1
47241,4940,55900,276.1
47251,4940,57400,283.6
47261,4936,55900,275.9
47271,4944,57500,284.3
47281,4940,55900,276.1
47291,4940,57500,284.1
47301,4940,55900,276.1
47311,4940,57400,283.6
47321,4940,56500,279.1
47331,4940,56700,280.1
47341,4940,56500,279.1
47351,4940,56800,280.6
47361,4940,57400,283.6
47371,4940,56100,277.1
47381,4940,57400,283.6
47391,4940,55800,275.7
47401,4940,57400,283.6
47411,4940,55800,275.7
47421,4940,57500,284.1
47431,4936,55800,275.4
47441,4940,57400,283.6
47451,4940,55800,275.7
47461,4940,57400,283.6
47471,4940,55900,276.1
47481,4940,57400,283.6
47491,4940,56400,278.6
47501,4940,56700,280.1
47511,4940,56400,278.6
47521,4940,56800,280.6
47531,4940,56400,278.6
47541,4944,56800,280.8
47551,4940,57400,283.6
47561,4940,55800,275.7
47571,4940,57400,283.6
47581,4936,55800,275.4
47591,4940,57400,283.6
47601,4940,55900,276.1
47611,4940,57400,283.6
47621,4940,55800,275.7
47631,4940,57500,284.1
47641,4936,55800,275.4
47651,4940,57500,284.1
47661,4936,56000,276.4
47671,4940,57500,284.1
47681,4940,56500,279.1
47691,4940,56900,281.1
47701,4940,56500,279.1
47711,4940,56700,280.1
47721,4940,57500,284.1
47731,4940,55800,275.7
47741,4940,57500,284.1
47751,4940,55900,276.1
47761,4940,57400,283.6
47771,4940,55900,276.1
47781,4940,57400,283.6
47791,4936,55900,275.9
47801,4940,57500,284.1
47811,4940,55800,275.7
47821,4940,57400,283.6
47831,4940,55800,275.7
47841,4940,57400,283.6
47851,4940,56400,278.6
47861,4940,56900,281.1
47871,4940,56500,279.1
47881,4940,56800,280.6
47891,4940,56600,279.6
47901,4940,56800,280.6
47911,4944,57400,283.8
47921,4940,55800,275.7
47931,4940,57400,283.6
47941,4940,55900,276.1
47951,4940,57500,284.1
47961,4940,55800,275.7
47971,4940,57400,283.6
47981,4940,55900,276.1
47991,4940,57400,283.6
48001,4940,55800,275.7
48011,4940,57400,283.6
48021,4940,56300,278.1
48031,4940,57300,283.1
48041,4940,56500,279.1
48051,4940,56800,280.6
48061,4940,56400,278.6
48071,4940,56800,280.6
48081,4940,57400,283.6
48091,4940,55800,275.7
48101,4940,57500,284.1
48111,4940,55800,275.7
48121,4940,57500,284.1
48131,4940,55900,276.1
48141,4940,57500,284.1
48151,4936,55900,275.9
48161,4940,57500,284.1
48171,4940,55900,276.1
48181,4940,57400,283.6
48191,4940,55800,275.7
48201,4940,57400,283.6
48211,4940,56500,279.1
48221,4940,56800,280.6
48232,4940,56900,281.1
48241,4816,141900,683.4
48251,4940,56900,281.1
48261,4940,56700,280.1
48271,4940,57400,283.6
48281,4940,55900,276.1
48291,4940,57400,283.6
48301,4936,55800,275.4
48311,4940,57400,283.6
48321,4936,55800,275.4
48331,4940,57400,283.6
48341,4940,55900,276.1
48351,4944,57400,283.8
48361,4940,55800,275.7
48371,4940,57400,283.6
48381,4940,56500,279.1
48391,4940,56900,281.1
48401,4940,56500,279.1
48411,4940,56800,280.6
48421,4940,56500,279.1
48431,4940,56700,280.1
48441,4940,57400,283.6
48451,4940,55900,276.1
48461,4940,57400,283.6
48471,4936,55900,275.9
48481,4940,57400,283.6
48491,4936,55800,275.4
48501,4940,57400,283.6
48511,4940,55800,275.7
48521,4940,57400,283.6
48531,4940,55800,275.7
48541,4940,57400,283.6
48551,4940,55800,275.7
48561,4940,57500,284.1
48571,4944,56600,279.8
48581,4940,56700,280.1
48591,4940,56500,279.1
48601,4940,56800,280.6
48611,4940,57300,283.1
48621,4940,56200,277.6
48631,4940,57400,283.6
48641,4940,55900,276.1
48651,4944,57500,284.3
48661,4940,55800,275.7
48671,4940,57400,283.6
48681,4940,55800,275.7
48691,4940,57400,283.6
48701,4940,55800,275.7
48711,4940,57300,283.1
48721,4940,55800,275.7
48731,4940,57400,283.6
48741,4940,56600,279.6
48751,4824,183400,884.7
48761,4940,56500,279.1
48771,4940,56800,280.6
48781,4940,56500,279.1
48791,4940,56800,280.6
48801,4940,57400,283.6
48811,4940,55800,275.7
48821,4940,57400,283.6
48831,4940,55800,275.7
48841,4940,57400,283.6
48851,4940,55900,276.1
48861,4940,57400,283.6
48871,4940,55900,276.1
48881,4940,57400,283.6
48891,4940,55800,275.7
48901,4944,57400,283.8
48911,4940,55800,275.7
48921,4940,57400,283.6
48931,4940,56500,279.1
48941,4940,56800,280.6
48951,4940,56500,279.1
48961,4940,56800,280.6
48971,4940,57400,283.6
48981,4940,55900,276.1
48991,4940,57500,284.1
49001,4940,55800,275.7
49011,4940,57300,283.1
49021,4940,55900,276.1
49031,4944,57400,283.8
49041,4940,55800,275.7
49051,4940,57400,283.6
49061,4940,55800,275.7
49071,4940,57400,283.6
49081,4940,55800,275.7
49091,4940,57400,283.6
49101,4940,56500,279.1
49111,4940,56800,280.6
49121,4940,56500,279.1
49131,4940,56800,280.6
49141,4940,56500,279.1
49151,4940,56800,280.6
49161,4944,57500,284.3
49171,4940,55900,276.1
49181,4940,57400,283.6
49191,4940,55800,275.7
49201,4940,57400,283.6
49211,4940,55800,275.7
49221,4940,57500,284.1
49231,4940,55800,275.7
49241,4940,57500,284.1
49251,4940,55800,275.7
49261,4832,138900,671.2
49271,4940,56100,277.1
49281,4940,57400,283.6
49291,4940,56400,278.6
49301,4940,56900,281.1
49311,4940,56500,279.1
49321,4940,56800,280.6
49331,4940,57400,283.6
49341,4940,55800,275.7
49351,4944,57400,283.8
49361,4940,55800,275.7
49371,4940,57500,284.1
49381,4940,55800,275.7
49391,4940,57500,284.1
49401,4940,55800,275.7
49411,4940,57400,283.6
49421,4940,55800,275.7
49431,4940,57400,283.6
49441,4940,55900,276.1
49451,4940,57400,283.6
49461,4940,56500,279.1
49471,4940,56800,280.6
49481,4940,56400,278.6
49491,4940,56800,280.6
49501,4940,56800,280.6
49511,4940,56700,280.1
49521,4940,57400,283.6
49531,4940,55800,275.7
49541,4940,57500,284.1
49551,4940,55900,276.1
49561,4940,57400,283.6
49571,4936,55900,275.9
49581,4940,57400,283.6
49591,4940,55800,275.7
49601,4940,57500,284.1
49611,4940,55800,275.7
49621,4940,57400,283.6
49631,4936,56400,278.4
49641,4940,57100,282.1
49651,4940,56500,279.1
49661,4940,56800,280.6
49671,4940,56500,279.1
49681,4940,56800,280.6
49691,4940,57400,283.6
49701,4940,55900,276.1
49711,4940,57400,283.6
49721,4940,55900,276.1
49731,4940,57400,283.6
49741,4940,55900,276.1
49751,4940,57400,283.6
49761,4808,141200,678.9
49771,4940,57500,284.1
49781,4940,55900,276.1
49791,4940,57500,284.1
49801,4940,55900,276.1
49811,4940,57400,283.6
49821,4940,56500,279.1
49831,4940,56800,280.6
49841,4940,56500,279.1
49851,4940,56800,280.6
49861,4940,57200,282.6
49871,4940,56400,278.6
49881,4940,57400,283.6
49891,4940,55900,276.1
49901,4940,57400,283.6
49911,4940,55800,275.7
49921,4940,57500,284.1
49931,4940,55800,275.7
49942,4940,57500,284.1
49951,4940,55900,276.1
49961,4940,57400,283.6
49971,4940,55800,275.7
49981,4940,57400,283.6
49991,4940,56500,279.1
50001,4940,56800,280.6
50011,4940,56500,279.1
50021,4940,56800,280.6
50031,4940,56500,279.1
50041,4940,56800,280.6
50051,4940,57500,284.1
50061,4940,55900,276.1
50071,4940,57500,284.1
50081,4940,55800,275.7
50091,4940,57500,284.1
50101,4940,55800,275.7
50111,4940,57400,283.6
50121,4940,55900,276.1
50131,4940,57400,283.6
50141,4940,55900,276.1
50151,4940,57400,283.6
50161,4940,55800,275.7
50171,4940,57400,283.6
50181,4940,56400,278.6
50191,4940,56800,280.6
50201,4940,56500,279.1
50211,4940,56800,280.6
50221,4940,57500,284.1
50231,4940,55900,276.1
50241,4940,57400,283.6
50251,4936,55800,275.4
50261,4940,57400,283.6
50271,4764,154600,736.5
50281,4940,57400,283.6
50291,4940,55900,276.1
50301,4940,57500,284.1
50311,4940,55900,276.1
50321,4940,57500,284.1
50331,4940,55900,276.1
50341,4940,57400,283.6
50351,4940,56500,279.1
50361,4940,56700,280.1
50371,4940,56500,279.1
50381,4940,56800,280.6
50391,4940,56400,278.6
50401,4940,56800,280.6
50411,4940,57400,283.6
50421,4940,55800,275.7
50431,4940,57400,283.6
50441,4940,55900,276.1
50451,4940,57500,284.1
50461,4940,55900,276.1
50471,4940,57400,283.6
50481,4940,55900,276.1
50491,4940,57400,283.6
50501,4940,55800,275.7
50511,4944,57500,284.3
50521,4940,56000,276.6
50531,4940,57500,284.1
50541,4940,56500,279.1
50551,4940,56800,280.6
50561,4940,56500,279.1
50571,4940,56800,280.6
50581,4940,57400,283.6
50591,4940,55800,275.7
50601,4940,57400,283.6
50611,4940,55900,276.1
50621,4944,57500,284.3
50631,4940,55800,275.7
50641,4940,57400,283.6
50651,4940,55800,275.7
50661,4940,57500,284.1
50671,4940,55900,276.1
50681,4940,57400,283.6
50691,4940,55800,275.7
50701,4940,57400,283.6
50711,4940,56500,279.1
50721,4940,56800,280.6
50731,4940,56500,279.1
50741,4940,56800,280.6
50751,4940,56700,280.1
50761,4940,56800,280.6
50771,4820,142200,685.4
50781,4940,55900,276.1
50791,4940,57500,284.1
50801,4940,55800,275.7
50811,4940,57500,284.1
50821,4940,55900,276.1
50831,4940,57400,283.6
50841,4940,55800,275.7
50851,4944,57500,284.3
50861,4940,55800,275.7
50871,4940,57400,283.6
50881,4940,56200,277.6
50891,4940,57400,283.6
50901,4940,56500,279.1
50911,4940,56800,280.6
50921,4940,56500,279.1
50931,4940,56800,280.6
50941,4940,57400,283.6
50951,4940,55800,275.7
50961,4940,57500,284.1
50971,4940,55900,276.1
50981,4940,57400,283.6
50991,4940,55900,276.1
51001,4940,57400,283.6
51011,4940,55800,275.7
51021,4940,57500,284.1
51031,4936,55800,275.4
51041,4940,57400,283.6
51051,4940,55800,275.7
51061,4940,57400,283.6
51071,4940,56500,279.1
51081,4940,56800,280.6
51091,4940,56500,279.1
51101,4940,56800,280.6
51111,4940,57000,281.6
51121,4940,56600,279.6
51131,4940,57400,283.6
51141,4940,55900,276.1
51151,4940,57300,283.1
51161,4940,55900,276.1
51171,4940,57500,284.1
51181,4940,55900,276.1
51191,4940,57400,283.6
51201,4940,55800,275.7
51211,4940,57400,283.6
51221,4940,55900,276.1
51231,4940,57500,284.1
51241,4936,56600,279.4
51251,4940,56900,281.1
51261,4940,56500,279.1
51271,4940,56800,280.6
51281,4816,141800,682.9
51291,4940,56800,280.6
51301,4940,57400,283.6
51311,4940,55800,275.7
51321,4940,57500,284.1
51331,4940,55800,275.7
51341,4944,57500,284.3
51351,4940,55800,275.7
51361,4940,57400,283.6
51371,4940,55900,276.1
51381,4944,57500,284.3
51391,4940,55800,275.7
51401,4940,57400,283.6
51411,4940,55900,276.1
51421,4940,57400,283.6
51431,4940,56500,279.1
51441,4940,56800,280.6
51451,4940,56500,279.1
51461,4940,56800,280.6
51471,4940,57300,283.1
51481,4940,56200,277.6
51491,4940,57400,283.6
51501,4940,55800,275.7
51511,4940,57400,283.6
51521,4940,55800,275.7
51531,4940,57400,283.6
51541,4940,55900,276.1
51551,4940,57500,284.1
51561,4940,55800,275.7
51571,4940,57400,283.6
51581,4940,55800,275.7
51591,4940,57400,283.6
51601,4940,56600,279.6
51611,4940,56700,280.1
51621,4940,56500,279.1
51631,4940,56800,280.6
51642,4940,57400,283.6
51651,4940,56700,280.1
51661,4940,57400,283.6
51671,4936,55900,275.9
51681,4940,57400,283.6
51691,4940,55900,276.1
51701,4940,57500,284.1
51711,4940,55800,275.7
51721,4940,57400,283.6
51731,4940,55800,275.7
51741,4940,57500,284.1
51751,4940,55900,276.1
51761,4940,57400,283.6
51771,4940,55900,276.1
51781,4940,57400,283.6
51791,4812,140200,674.6
51801,4940,56800,280.6
51811,4940,56500,279.1
51821,4940,56800,280.6
51831,4940,57500,284.1
51841,4940,55900,276.1
51851,4940,57400,283.6
51861,4940,55900,276.1
51871,4940,57500,284.1
51881,4940,55900,276.1
51891,4940,57400,283.6
51901,4936,55900,275.9
51911,4940,57400,283.6
51921,4940,55900,276.1
51931,4940,57500,284.1
51941,4940,55800,275.7
51951,4940,57400,283.6
51961,4940,56500,279.1
51971,4940,56800,280.6
51981,4940,56500,279.1
51991,4940,56800,280.6
52001,4940,56600,279.6
52011,4940,56800,280.6
52021,4940,57500,284.1
52031,4940,55900,276.1
52041,4940,57400,283.6
52051,4940,55900,276.1
52061,4940,57500,284.1
52071,4940,55900,276.1
52081,4940,57400,283.6
52091,4940,55900,276.1
52101,4940,57400,283.6
52111,4940,55800,275.7
52121,4940,57500,284.1
52131,4940,56100,277.1
52141,4940,57400,283.6
52151,4940,56500,279.1
52161,4940,56800,280.6
52171,4940,56500,279.1
52181,4940,56800,280.6
52191,4940,57500,284.1
52201,4940,55800,275.7
52211,4940,57500,284.1
52221,4940,55800,275.7
52231,4940,57500,284.1
52241,4940,55900,276.1
52251,4940,57500,284.1
52261,4940,55900,276.1
52271,4940,57400,283.6
52281,4936,55800,275.4
52291,4936,92600,457.1
52301,4940,55800,275.7
52311,4940,57500,284.1
52321,4940,56500,279.1
52331,4940,56800,280.6
52341,4940,56500,279.1
52351,4940,56700,280.1
52361,4940,56800,280.6
52371,4940,56700,280.1
52381,4940,57400,283.6
52391,4940,55900,276.1
52401,4944,57500,284.3
52411,4936,55800,275.4
52421,4940,57400,283.6
52431,4940,55900,276.1
52441,4940,57500,284.1
52451,4940,55800,275.7
52461,4940,57400,283.6
52471,4940,55800,275.7
52481,4940,57400,283.6
52491,4940,56500,279.1
52501,4940,57200,282.6
52511,4940,56500,279.1
52521,4940,56800,280.6
52531,4940,56500,279.1
52541,4940,56800,280.6
52551,4940,57400,283.6
52561,4940,55800,275.7
52571,4940,57500,284.1
52581,4940,55800,275.7
52591,4940,57500,284.1
52601,4940,55900,276.1
52611,4940,57400,283.6
52621,4940,55800,275.7
52631,4940,57500,284.1
52641,4940,55900,276.1
52651,4940,57400,283.6
52661,4940,55900,276.1
52671,4940,57400,283.6
52681,4940,56500,279.1
52691,4940,56800,280.6
52701,4940,56500,279.1
52711,4940,56800,280.6
52721,4940,57300,283.1
52731,4940,56300,278.1
52741,4940,57500,284.1
52751,4940,55900,276.1
52761,4940,57500,284.1
52771,4940,55900,276.1
52781,4940,57400,283.6
52791,4940,55800,275.7
52801,4708,138000,649.7
52811,4940,55800,275.7
52821,4940,57400,283.6
52831,4940,55900,276.1
52841,4940,57500,284.1
52851,4936,56600,279.4
52861,4944,56800,280.8
52871,4940,56600,279.6
52881,4940,56800,280.6
52891,4940,56500,279.1
52901,4940,56800,280.6
52911,4940,57500,284.1
52921,4940,55900,276.1
52931,4944,57400,283.8
52941,4940,55800,275.7
52951,4940,57400,283.6
52961,4936,55900,275.9
52971,4940,57400,283.6
52981,4940,55800,275.7
52991,4940,57400,283.6
53001,4940,55800,275.7
53011,4940,57400,283.6
53021,4940,55800,275.7
53031,4940,57400,283.6
53041,4940,56500,279.1
53051,4940,56800,280.6
53061,4940,56500,279.1
53071,4940,56800,280.6
53081,4940,57500,284.1
53091,4940,56000,276.6
53101,4940,57400,283.6
53111,4940,55800,275.7
53121,4940,57500,284.1
53131,4936,55800,275.4
53141,4940,57400,283.6
53151,4936,55900,275.9
53161,4940,57500,284.1
53171,4940,55900,276.1
53181,4940,57500,284.1
53191,4940,55900,276.1
53201,4940,57500,284.1
53211,4940,56500,279.1
53221,4940,56700,280.1
53231,4940,56500,279.1
53241,4940,56800,280.6
53251,4940,56500,279.1
53261,4940,56800,280.6
53271,4940,57400,283.6
53281,4940,55800,275.7
53291,4940,57400,283.6
53301,4776,164400,785.2
53311,4940,57500,284.1
53321,4940,55800,275.7
53331,4940,57500,284.1
53341,4940,55900,276.1
53352,4940,57500,284.1
53361,4940,55900,276.1
53371,4940,57500,284.1
53381,4940,55900,276.1
53391,4940,57400,283.6
53401,4940,56500,279.1
53411,4940,56800,280.6
53421,4940,56500,279.1
53431,4940,56800,280.6
53441,4940,57500,284.1
53451,4940,55800,275.7
53461,4940,57400,283.6
53471,4940,55900,276.1
53481,4940,57400,283.6
53491,4940,55800,275.7
53501,4940,57300,283.1
53511,4940,55800,275.7
53521,4940,57500,284.1
53531,4936,55800,275.4
53541,4940,57400,283.6
53551,4940,55800,275.7
53561,4944,57500,284.3
53571,4940,56500,279.1
53581,4940,56800,280.6
53591,4940,56500,279.1
53601,4940,56800,280.6
53611,4940,56700,280.1
53621,4940,56800,280.6
53631,4940,57500,284.1
53641,4940,55900,276.1
53651,4940,57500,284.1
53661,4940,55900,276.1
53671,4940,57500,284.1
53681,4940,55900,276.1
53691,4940,57500,284.1
53701,4940,55900,276.1
53711,4940,57500,284.1
53721,4940,55900,276.1
53731,4940,57400,283.6
53741,4936,56300,277.9
53751,4940,57200,282.6
53761,4940,56500,279.1
53771,4940,56800,280.6
53781,4940,56500,279.1
53791,4940,56700,280.1
53801,4940,57400,283.6
53811,4820,153000,737.5
53821,4940,57400,283.6
53831,4940,55800,275.7
53841,4940,57400,283.6
53851,4936,55900,275.9
53861,4940,57500,284.1
53871,4940,55800,275.7
53881,4940,57400,283.6
53891,4940,55800,275.7
53901,4940,57400,283.6
53911,4940,55900,276.1
53921,4940,57500,284.1
53931,4940,56500,279.1
53941,4940,56800,280.6
53951,4936,56500,278.9
53961,4940,56800,280.6
53971,4940,57000,281.6
53981,4940,56600,279.6
53991,4940,57500,284.1
54001,4940,55900,276.1
54011,4940,57500,284.1
54021,4940,55800,275.7
54031,4940,57400,283.6
54041,4940,55900,276.1
54051,4940,57500,284.1
54061,4936,55900,275.9
54071,4940,57500,284.1
54081,4940,55800,275.7
54091,4940,57400,283.6
54101,4940,56600,279.6
54111,4940,56900,281.1
54121,4940,56500,279.1
54131,4940,56800,280.6
54141,4940,56500,279.1
54151,4940,56800,280.6
54161,4940,57400,283.6
54171,4940,55900,276.1
54181,4940,57400,283.6
54191,4940,55800,275.7
54201,4940,57400,283.6
54211,4940,55900,276.1
54221,4940,57400,283.6
54231,4940,55800,275.7
54241,4940,57500,284.1
54251,4940,55800,275.7
54261,4940,57500,284.1
54271,4936,55800,275.4
54281,4940,57400,283.6
54291,4940,56600,279.6
54301,4940,56800,280.6
54311,4940,56500,279.1
54321,4784,73200,350.2
54331,4940,57300,283.1
54341,4940,56200,277.6
54351,4940,57400,283.6
54361,4940,55900,276.1
54371,4940,57400,283.6
54381,4940,55800,275.7
54391,4940,57500,284.1
54401,4940,55800,275.7
54411,4940,57400,283.6
54421,4940,55900,276.1
54431,4944,57400,283.8
54441,4940,55800,275.7
54451,4940,57500,284.1
54461,4936,56500,278.9
54471,4940,56700,280.1
54481,4940,56500,279.1
54491,4940,56800,280.6
54501,4940,56500,279.1
54511,4940,56800,280.6
54521,4940,57500,284.1
54531,4940,55800,275.7
54541,4940,57400,283.6
54551,4940,55900,276.1
54561,4944,57500,284.3
54571,4936,55900,275.9
54581,4940,57400,283.6
54591,4940,55800,275.7
54601,4944,57500,284.3
54611,4940,55800,275.7
54621,4940,57500,284.1
54631,4940,55900,276.1
54641,4940,57400,283.6
54651,4940,56400,278.6
54661,4940,56800,280.6
54671,4940,56500,279.1
54681,4940,56800,280.6
54691,4940,57500,284.1
54701,4940,55800,275.7
54711,4940,57500,284.1
54721,4936,55800,275.4
54731,4944,57500,284.3
54741,4936,55900,275.9
54751,4940,57400,283.6
54761,4940,55800,275.7
54771,4940,57400,283.6
54781,4940,55800,275.7
54791,4944,57500,284.3
54801,4940,55800,275.7
54811,4940,57400,283.6
54821,4884,56500,275.9
54831,4944,56800,280.8
54841,4940,56500,279.1
54851,4940,56800,280.6
54861,4940,56600,279.6
54871,4940,56800,280.6
54881,4944,57400,283.8
54891,4940,55800,275.7
54901,4940,57500,284.1
54911,4940,55800,275.7
54921,4940,57500,284.1
54931,4940,55800,275.7
54941,4940,57400,283.6
54951,4940,55800,275.7
54961,4940,57400,283.6
54971,4940,55800,275.7
54981,4940,57400,283.6
54991,4940,56100,277.1
55001,4940,57300,283.1
55011,4940,56400,278.6
55021,4940,56800,280.6
55031,4940,56500,279.1
55041,4940,56800,280.6
55052,4944,57500,284.3
55061,4940,55800,275.7
55071,4940,57400,283.6
55081,4936,55800,275.4
55091,4944,57500,284.3
55101,4940,55800,275.7
55111,4940,57500,284.1
55121,4940,55900,276.1
55131,4940,57400,283.6
55141,4940,55900,276.1
55151,4940,57400,283.6
55161,4940,55800,275.7
55171,4940,57400,283.6
55181,4940,56500,279.1
55191,4940,56800,280.6
55201,4940,56400,278.6
55211,4940,56800,280.6
55221,4940,57000,281.6
55231,4940,56700,280.1
55241,4940,57400,283.6
55251,4936,55800,275.4
55261,4940,57400,283.6
55271,4940,55900,276.1
55281,4944,57400,283.8
55291,4936,55800,275.4
55301,4940,57400,283.6
55311,4940,55900,276.1
55321,4820,144600,697.0
55331,4940,55800,275.7
55341,4940,57500,284.1
55351,4940,56500,279.1
55361,4940,57100,282.1
55371,4940,56500,279.1
55381,4940,56800,280.6
55391,4940,56600,279.6
55401,4940,56900,281.1
55411,4940,57400,283.6
55421,4940,55900,276.1
55431,4940,57400,283.6
55441,4940,55800,275.7
55451,4940,57500,284.1
55461,4940,55900,276.1
55471,4940,57400,283.6
55481,4940,55800,275.7
55491,4940,57500,284.1
55501,4936,55900,275.9
55511,4940,57400,283.6
55521,4940,55800,275.7
55531,4944,57400,283.8
55541,4940,56500,279.1
55551,4940,56800,280.6
55561,4940,56500,279.1
55571,4940,56900,281.1
55581,4940,57300,283.1
55591,4940,56300,278.1
55601,4940,57500,284.1
55611,4940,55900,276.1
55621,4940,57400,283.6
55631,4940,55800,275.7
55641,4940,57500,284.1
55651,4940,55800,275.7
55661,4944,57500,284.3
55671,4940,55800,275.7
55681,4940,57400,283.6
55691,4940,55900,276.1
55701,4940,57400,283.6
55711,4940,56600,279.6
55721,4940,56700,280.1
55731,4940,56500,279.1
55741,4940,56800,280.6
55751,4940,56500,279.1
55761,4940,56800,280.6
55771,4940,57500,284.1
55781,4940,55800,275.7
55791,4940,57500,284.1
55801,4936,55800,275.4
55811,4940,57400,283.6
55821,4940,55900,276.1
55831,4812,187500,902.2
55841,4940,55900,276.1
55851,4940,57500,284.1
55861,4940,55900,276.1
55871,4940,57400,283.6
55881,4940,55800,275.7
55891,4940,57500,284.1
55901,4940,56500,279.1
55911,4940,56800,280.6
55921,4940,56500,279.1
55931,4940,56800,280.6
55941,4940,57400,283.6
55951,4940,55900,276.1
55961,4940,57400,283.6
55971,4936,55900,275.9
55981,4940,57300,283.1
55991,4940,55900,276.1
56001,4940,57400,283.6
56011,4940,55800,275.7
56021,4940,57400,283.6
56031,4940,55900,276.1
56041,4940,57400,283.6
56051,4940,55800,275.7
56061,4940,57500,284.1
56071,4940,56500,279.1
56081,4940,56800,280.6
56091,4940,56500,279.1
56101,4944,56800,280.8
56111,4940,56500,279.1
56121,4940,56700,280.1
56131,4940,57400,283.6
56141,4940,55800,275.7
56151,4940,57400,283.6
56161,4940,55800,275.7
56171,4940,57400,283.6
56181,4940,55800,275.7
56191,4944,57400,283.8
56201,4940,55800,275.7
56211,4940,57400,283.6
56221,4940,55800,275.7
56231,4940,57400,283.6
56241,4940,56000,276.6
56251,4944,57400,283.8
56261,4940,56500,279.1
56271,4940,56700,280.1
56281,4940,56500,279.1
56291,4940,56800,280.6
56301,4940,57400,283.6
56311,4940,55800,275.7
56321,4940,57400,283.6
56331,4940,55800,275.7
56341,4780,167200,799.2
56351,4940,55900,276.1
56361,4940,57500,284.1
56371,4940,55800,275.7
56381,4940,57400,283.6
56391,4940,55900,276.1
56401,4940,57500,284.1
56411,4940,55800,275.7
56421,4940,57400,283.6
56431,4940,56500,279.1
56441,4940,56900,281.1
56451,4940,56500,279.1
56461,4940,56800,280.6
56471,4940,56700,280.1
56481,4940,56800,280.6
56491,4940,57400,283.6
56501,4940,55800,275.7
56511,4940,57500,284.1
56521,4940,55900,276.1
56531,4940,57500,284.1
56541,4940,55900,276.1
56551,4940,57500,284.1
56561,4940,55800,275.7
56571,4940,57500,284.1
56581,4940,55800,275.7
56591,4940,57400,283.6
56601,4940,56400,278.6
56611,4940,57200,282.6
56621,4940,56500,279.1
56631,4940,56800,280.6
56641,4940,56500,279.1
56651,4940,56700,280.1
56661,4940,57400,283.6
56671,4936,55800,275.4
56681,4940,57400,283.6
56691,4940,55800,275.7
56701,4940,57500,284.1
56711,4940,55900,276.1
56721,4940,57500,284.1
56731,4940,55800,275.7
56741,4940,57500,284.1
56751,4940,55800,275.7
56762,4940,57400,283.6
56771,4940,55900,276.1
56781,4940,57400,283.6
56791,4940,56500,279.1
56801,4940,56800,280.6
56811,4940,56500,279.1
56821,4940,56800,280.6
56831,4940,57200,282.6
56841,4940,56400,278.6
56851,4804,198400,953.1
56861,4940,55900,276.1
56871,4940,57400,283.6
56881,4940,55900,276.1
56891,4940,57500,284.1
56901,4940,55900,276.1
56911,4940,57500,284.1
56921,4940,55800,275.7
56931,4940,57400,283.6
56941,4940,55900,276.1
56951,4940,57400,283.6
56961,4940,56600,279.6
56971,4940,56900,281.1
56981,4940,56500,279.1
56991,4940,56700,280.1
57001,4940,56500,279.1
57011,4940,56800,280.6
57021,4940,57400,283.6
57031,4940,55800,275.7
57041,4940,57400,283.6
57051,4940,55800,275.7
57061,4940,57400,283.6
57071,4940,55900,276.1
57081,4940,57400,283.6
57091,4936,55900,275.9
57101,4940,57400,283.6
57111,4936,55800,275.4
57121,4940,57400,283.6
57131,4940,55900,276.1
57141,4940,57400,283.6
57151,4940,56500,279.1
57161,4940,56800,280.6
57171,4940,56500,279.1
57181,4940,56700,280.1
57191,4940,57500,284.1
57201,4940,56100,277.1
57211,4940,57400,283.6
57221,4940,55800,275.7
57231,4940,57400,283.6
57241,4940,55800,275.7
57251,4940,57500,284.1
57261,4940,55800,275.7
57271,4940,57400,283.6
57281,4940,55800,275.7
57291,4940,57400,283.6
57301,4940,55800,275.7
57311,4940,57400,283.6
57321,4940,56500,279.1
57331,4940,56700,280.1
57341,4940,56400,278.6
57351,4940,56700,280.1
57361,4940,56500,279.1
57371,4940,56800,280.6
57381,4940,57500,284.1
57391,4940,55900,276.1
57401,4944,57400,283.8
57411,4940,55900,276.1
57421,4940,57400,283.6
57431,4940,55800,275.7
57441,4940,57400,283.6
57451,4940,55800,275.7
57461,4940,57400,283.6
57471,4940,55900,276.1
57481,4940,57400,283.6
57491,4940,55900,276.1
57501,4940,57400,283.6
57511,4940,56500,279.1
57521,4940,56800,280.6
57531,4940,56500,279.1
57541,4940,56800,280.6
57551,4940,57500,284.1
57561,4940,55900,276.1
57571,4940,57400,283.6
57581,4940,55800,275.7
57591,4940,57500,284.1
57601,4940,55800,275.7
57611,4940,57500,284.1
57621,4940,55900,276.1
57631,4940,57500,284.1
57641,4940,55900,276.1
57651,4940,57400,283.6
57661,4936,55800,275.4
57671,4940,57400,283.6
57681,4940,56400,278.6
57691,4940,56800,280.6
57701,4940,56500,279.1
57711,4940,56800,280.6
57721,4940,56500,279.1
57731,4940,56800,280.6
57741,4940,57500,284.1
57751,4940,55800,275.7
57761,4940,57500,284.1
57771,4940,55800,275.7
57781,4944,57400,283.8
57791,4940,55800,275.7
57801,4940,57500,284.1
57811,4940,55800,275.7
57821,4940,57400,283.6
57831,4940,55900,276.1
57841,4940,57400,283.6
57851,4940,56200,277.6
57861,4832,135900,656.7
57871,4940,56500,279.1
57881,4940,56700,280.1
57891,4940,56500,279.1
57901,4940,56800,280.6
57911,4940,57400,283.6
57921,4940,55800,275.7
57931,4940,57500,284.1
57941,4940,55900,276.1
57951,4940,57400,283.6
57961,4940,55900,276.1
57971,4944,57400,283.8
57981,4940,55800,275.7
57991,4940,57400,283.6
58001,4940,55800,275.7
58011,4940,57400,283.6
58021,4940,55800,275.7
58031,4944,57400,283.8
58041,4940,56500,279.1
58051,4940,56800,280.6
58061,4940,56500,279.1
58071,4940,56700,280.1
58081,4940,56800,280.6
58091,4940,56700,280.1
58101,4940,57400,283.6
58111,4940,55800,275.7
58121,4940,57400,283.6
58131,4940,55900,276.1
58141,4940,57500,284.1
58151,4936,55800,275.4
58161,4940,57400,283.6
58171,4936,55900,275.9
58181,4940,57400,283.6
58191,4940,55800,275.7
58201,4940,57500,284.1
58211,4940,56400,278.6
58221,4940,57200,282.6
58231,4940,56500,279.1
58241,4940,56800,280.6
58251,4940,56500,279.1
58261,4940,56800,280.6
58271,4940,57400,283.6
58281,4940,55800,275.7
58291,4940,57400,283.6
58301,4940,55900,276.1
58311,4940,57500,284.1
58321,4940,55800,275.7
58331,4940,57400,283.6
58341,4940,55800,275.7
58351,4940,57400,283.6
58361,4940,58600,289.5
58371,4940,57500,284.1
58381,4940,55800,275.7
58391,4940,57500,284.1
58401,4940,56500,279.1
58411,4940,56800,280.6
58421,4940,56600,279.6
58431,4940,56800,280.6
58441,4940,57200,282.6
58451,4940,56500,279.1
58462,4940,57400,283.6
58471,4940,55800,275.7
58481,4940,57500,284.1
58491,4936,55800,275.4
58501,4940,57400,283.6
58511,4940,55900,276.1
58521,4944,57400,283.8
58531,4940,55800,275.7
58541,4940,57500,284.1
58551,4940,55800,275.7
58561,4940,57500,284.1
58571,4940,56500,279.1
58581,4944,56900,281.3
58591,4940,56500,279.1
58601,4940,56800,280.6
58611,4940,56500,279.1
58621,4940,56800,280.6
58631,4940,57400,283.6
58641,4940,55900,276.1
58651,4940,57400,283.6
58661,4936,55900,275.9
58671,4940,57400,283.6
58681,4940,55800,275.7
58691,4940,57400,283.6
58701,4940,55800,275.7
58711,4940,57500,284.1
58721,4940,55800,275.7
58731,4940,57400,283.6
58741,4940,55900,276.1
58751,4944,57400,283.8
58761,4940,56500,279.1
58771,4940,56800,280.6
58781,4940,56500,279.1
58791,4940,56800,280.6
58801,4940,57400,283.6
58811,4940,56100,277.1
58821,4940,57400,283.6
58831,4940,55900,276.1
58841,4940,57400,283.6
58851,4940,55800,275.7
58861,4940,57400,283.6
58871,4820,198400,956.3
58881,4940,57500,284.1
58891,4940,55900,276.1
58901,4940,57400,283.6
58911,4940,55800,275.7
58921,4940,57400,283.6
58931,4940,56500,279.1
58941,4940,56800,280.6
58951,4940,56500,279.1
58961,4940,56800,280.6
58971,4940,56500,279.1
58981,4940,56800,280.6
58991,4940,57500,284.1
59001,4940,55800,275.7
59011,4940,57400,283.6
59021,4940,55800,275.7
59031,4940,57400,283.6
59041,4940,55800,275.7
59051,4940,57500,284.1
59061,4940,55800,275.7
59071,4944,57500,284.3
59081,4940,55800,275.7
59091,4944,57400,283.8
59101,4940,55900,276.1
59111,4940,57500,284.1
59121,4940,56500,279.1
59131,4940,56800,280.6
59141,4940,56500,279.1
59151,4940,56800,280.6
59161,4940,57500,284.1
59171,4940,55800,275.7
59181,4944,57500,284.3
59191,4940,55800,275.7
59201,4940,57400,283.6
59211,4936,55800,275.4
59221,4940,57500,284.1
59231,4940,55800,275.7
59241,4940,57400,283.6
59251,4940,55800,275.7
59261,4940,57500,284.1
59271,4940,55800,275.7
59281,4940,57400,283.6
59291,4940,56500,279.1
59301,4940,56800,280.6
59311,4940,56500,279.1
59321,4940,56800,280.6
59331,4940,56600,279.6
59341,4940,56800,280.6
59351,4940,57400,283.6
59361,4940,55900,276.1
59371,4724,136900,646.7
59381,4940,55900,276.1
59391,4940,57500,284.1
59401,4940,55800,275.7
59411,4940,57500,284.1
59421,4940,55900,276.1
59431,4940,57400,283.6
59441,4940,55800,275.7
59451,4940,57400,283.6
59461,4940,56100,277.1
59471,4944,57400,283.8
59481,4940,56500,279.1
59491,4940,56800,280.6
59501,4940,56400,278.6
59511,4940,56800,280.6
59521,4940,57500,284.1
59531,4940,55800,275.7
59541,4940,57400,283.6
59551,4936,55800,275.4
59561,4940,57500,284.1
59571,4936,55800,275.4
59581,4940,57400,283.6
59591,4940,55900,276.1
59601,4940,57400,283.6
59611,4940,55900,276.1
59621,4940,57400,283.6
59631,4936,55800,275.4
59641,4940,57400,283.6
59651,4940,56500,279.1
59661,4940,56800,280.6
59671,4940,56500,279.1
59681,4940,56800,280.6
59691,4940,56900,281.1
59701,4940,56700,280.1
59711,4940,57500,284.1
59721,4940,55800,275.7
59731,4940,57400,283.6
59741,4940,55900,276.1
59751,4940,57400,283.6
59761,4940,55800,275.7
59771,4940,57400,283.6
59781,4936,55800,275.4
59791,4940,57400,283.6
59801,4940,55900,276.1
59811,4940,57500,284.1
59821,4940,56500,279.1
59831,4940,57100,282.1
59841,4940,56500,279.1
59851,4940,56800,280.6
59861,4940,56500,279.1
59871,4940,56900,281.1
59881,4928,57400,282.9
59891,4940,55800,275.7
59901,4940,57500,284.1
59911,4940,55900,276.1
59921,4940,57400,283.6
59931,4940,55800,275.7
59941,4940,57400,283.6
59951,4940,55900,276.1
59961,4940,57400,283.6
59971,4940,55800,275.7
59981,4940,57400,283.6
59991,4940,55900,276.1
60001,4940,57400,283.6
60011,4940,56500,279.1
60021,4940,56800,280.6
60031,4940,56500,279.1
60041,4940,56800,280.6
60051,4940,57200,282.6
60061,4940,56400,278.6
60071,4940,57400,283.6
60081,4940,55800,275.7
60091,4940,57500,284.1
60101,4940,55800,275.7
60111,4940,57500,284.1
60121,4940,55900,276.1
60131,4944,57400,283.8
60141,4940,55900,276.1
60151,4940,57500,284.1
60161,4936,55900,275.9
60172,4940,57000,281.6
60181,4940,56600,279.6
60191,4940,56800,280.6
60201,4940,56500,279.1
60211,4940,56800,280.6
60221,4940,56500,279.1
60231,4940,56800,280.6
60241,4940,57400,283.6
60251,4940,55800,275.7
60261,4940,57400,283.6
60271,4940,55800,275.7
60281,4940,57400,283.6
60291,4936,55800,275.4
60301,4940,57400,283.6
60311,4940,55800,275.7
60321,4944,57400,283.8
60331,4940,55800,275.7
60341,4940,57400,283.6
60351,4940,55800,275.7
60361,4940,57400,283.6
60371,4940,56500,279.1
60381,4816,141700,682.4
60391,4940,56500,279.1
60401,4940,56800,280.6
60411,4940,57400,283.6
60421,4940,56200,277.6
60431,4940,57400,283.6
60441,4940,55800,275.7
60451,4940,57500,284.1
60461,4936,55900,275.9
60471,4944,57400,283.8
60481,4940,55800,275.7
60491,4944,57500,284.3
60501,4940,55800,275.7
60511,4940,57500,284.1
60521,4940,55800,275.7
60531,4940,57500,284.1
60541,4940,56500,279.1
60551,4940,56700,280.1
60561,4940,56500,279.1
60571,4940,56800,280.6
60581,4940,56500,279.1
60591,4940,56800,280.6
60601,4940,57500,284.1
60611,4940,55800,275.7
60621,4940,57400,283.6
60631,4940,55900,276.1
60641,4940,57400,283.6
60651,4940,55800,275.7
60661,4940,57500,284.1
60671,4940,55800,275.7
60681,4940,57400,283.6
60691,4940,55900,276.1
60701,4944,57400,283.8
60711,4940,55900,276.1
60721,4940,57400,283.6
60731,4940,56500,279.1
60741,4940,56800,280.6
60751,4940,56500,279.1
60761,4940,56800,280.6
60771,4940,57500,284.1
60781,4940,55900,276.1
60791,4940,57500,284.1
60801,4940,55800,275.7
60811,4940,57400,283.6
60821,4940,55800,275.7
60831,4940,57400,283.6
60841,4940,55800,275.7
60851,4944,57400,283.8
60861,4940,55800,275.7
60871,4940,57400,283.6
60881,4940,55900,276.1
60891,4808,142000,682.7
60901,4940,56500,279.1
60911,4940,56800,280.6
60921,4940,56500,279.1
60931,4940,56800,280.6
60941,4940,56600,279.6
60951,4940,56800,280.6
60961,4940,57500,284.1
60971,4940,55900,276.1
60981,4940,57400,283.6
60991,4940,55800,275.7
61001,4940,57500,284.1
61011,4940,55800,275.7
61021,4940,57400,283.6
61031,4940,55900,276.1
61041,4940,57500,284.1
61051,4940,55800,275.7
61061,4940,57500,284.1
61071,4940,56200,277.6
61081,4940,57300,283.1
61091,4940,56500,279.1
61101,4940,56800,280.6
61111,4940,56500,279.1
61121,4940,56700,280.1
61131,4940,57400,283.6
61141,4940,55800,275.7
61151,4944,57400,283.8
61161,4940,55800,275.7
61171,4940,57400,283.6
61181,4940,55800,275.7
61191,4940,57500,284.1
61201,4940,55800,275.7
61211,4940,57500,284.1
61221,4940,55800,275.7
61231,4940,57400,283.6
61241,4940,55800,275.7
61251,4940,57400,283.6
61261,4940,56500,279.1
61271,4940,56800,280.6
61281,4940,56500,279.1
61291,4940,56800,280.6
61301,4940,57000,281.6
61311,4940,56600,279.6
61321,4944,57400,283.8
61331,4940,55800,275.7
61341,4944,57500,284.3
61351,4940,55800,275.7
61361,4940,57400,283.6
61371,4940,55800,275.7
61381,4940,57400,283.6
61391,4940,55900,276.1
61401,4820,202200,974.6
61411,4940,55900,276.1
61421,4940,57400,283.6
61431,4940,56500,279.1
61441,4940,57000,281.6
61451,4940,56500,279.1
61461,4940,56800,280.6
61471,4940,56500,279.1
61481,4940,56700,280.1
61491,4940,57500,284.1
61501,4936,55900,275.9
61511,4940,57500,284.1
61521,4940,55800,275.7
61531,4940,57500,284.1
61541,4940,55800,275.7
61551,4940,57400,283.6
61561,4936,55800,275.4
61571,4940,57400,283.6
61581,4940,55800,275.7
61591,4940,57400,283.6
61601,4940,55800,275.7
61611,4940,57400,283.6
61621,4940,56500,279.1
61631,4940,56800,280.6
61641,4940,56600,279.6
61651,4940,56800,280.6
61661,4940,57300,283.1
61671,4940,56200,277.6
61681,4940,57400,283.6
61691,4940,55800,275.7
61701,4940,57400,283.6
61711,4936,55900,275.9
61721,4940,57400,283.6
61731,4940,55900,276.1
61741,4940,57400,283.6
61751,4940,55800,275.7
61761,4940,57400,283.6
61771,4940,55800,275.7
61781,4940,57500,284.1
61791,4940,56600,279.6
61801,4940,56700,280.1
61811,4940,56600,279.6
61821,4940,56800,280.6
61831,4940,56500,279.1
61841,4940,56800,280.6
61851,4940,57500,284.1
61861,4940,55900,276.1
61871,4940,57500,284.1
61882,4940,55900,276.1
61891,4940,57500,284.1
61901,4816,140800,678.1
61911,4940,57400,283.6
61921,4940,55900,276.1
61931,4940,57400,283.6
61941,4940,55800,275.7
61951,4940,57400,283.6
61961,4940,55900,276.1
61971,4940,57400,283.6
61981,4940,56500,279.1
61991,4940,56800,280.6
62001,4940,56500,279.1
62011,4940,56800,280.6
62021,4940,57500,284.1
62031,4940,56000,276.6
62041,4940,57500,284.1
62051,4940,55800,275.7
62061,4940,57400,283.6
62071,4940,55800,275.7
62081,4940,57300,283.1
62091,4936,55900,275.9
62101,4940,57400,283.6
62111,4940,55800,275.7
62121,4944,57400,283.8
62131,4940,55700,275.2
62141,4940,57500,284.1
62151,4940,56500,279.1
62161,4940,56800,280.6
62171,4940,56500,279.1
62181,4940,56700,280.1
62191,4940,56500,279.1
62201,4940,56800,280.6
62211,4944,57400,283.8
62221,4940,55800,275.7
62231,4940,57400,283.6
62241,4940,55900,276.1
62251,4940,57400,283.6
62261,4940,55800,275.7
62271,4940,57400,283.6
62281,4940,55800,275.7
62291,4940,57400,283.6
62301,4940,55900,276.1
62311,4940,57400,283.6
62321,4940,56000,276.6
62331,4940,57400,283.6
62341,4940,56500,279.1
62351,4940,56800,280.6
62361,4940,56500,279.1
62371,4940,56700,280.1
62381,4940,57400,283.6
62391,4940,55800,275.7
62401,4940,60300,297.9
62411,4940,55900,276.1
62421,4940,57500,284.1
62431,4940,55800,275.7
62441,4940,57500,284.1
62451,4940,55900,276.1
62461,4940,57500,284.1
62471,4940,55800,275.7
62481,4940,57400,283.6
62491,4940,55900,276.1
62501,4940,57400,283.6
62511,4940,56500,279.1
62521,4940,56900,281.1
62531,4940,56400,278.6
62541,4940,56800,280.6
62551,4940,56700,280.1
62561,4940,56800,280.6
62571,4940,57400,283.6
62581,4940,55900,276.1
62591,4940,57400,283.6
62601,4940,55900,276.1
62611,4940,57500,284.1
62621,4936,55800,275.4
62631,4940,57400,283.6
62641,4940,55800,275.7
62651,4940,57400,283.6
62661,4940,55800,275.7
62671,4940,57400,283.6
62681,4940,56400,278.6
62691,4940,57200,282.6
62701,4940,56500,279.1
62711,4940,56800,280.6
62721,4940,56500,279.1
62731,4940,56800,280.6
62741,4940,57500,284.1
62751,4940,55800,275.7
62761,4940,57400,283.6
62771,4940,55800,275.7
62781,4940,57500,284.1
62791,4940,55800,275.7
62801,4940,57400,283.6
62811,4940,55800,275.7
62821,4940,57400,283.6
62831,4940,55800,275.7
62841,4940,57500,284.1
62851,4936,55800,275.4
62861,4944,57500,284.3
62871,4940,56500,279.1
62881,4940,56800,280.6
62891,4940,56500,279.1
62901,4940,56800,280.6
62911,4916,57000,280.2
62921,4940,56600,279.6
62931,4940,57400,283.6
62941,4940,55900,276.1
62951,4940,57400,283.6
62961,4940,55800,275.7
62971,4944,57400,283.8
62981,4940,55900,276.1
62991,4940,57400,283.6
63001,4940,55900,276.1
63011,4940,57500,284.1
63021,4940,55800,275.7
63031,4940,57400,283.6
63041,4936,56500,278.9
63051,4940,56800,280.6
63061,4940,56500,279.1
63071,4940,56800,280.6
63081,4940,56400,278.6
63091,4940,56800,280.6
63101,4940,57400,283.6
63111,4940,55900,276.1
63121,4940,57400,283.6
63131,4940,55800,275.7
63141,4940,57500,284.1
63151,4940,55800,275.7
63161,4940,57500,284.1
63171,4940,55800,275.7
63181,4940,57400,283.6
63191,4940,55900,276.1
63201,4940,57500,284.1
63211,4940,55900,276.1
63221,4940,57400,283.6
63231,4940,56500,279.1
63241,4940,56800,280.6
63251,4940,56500,279.1
63261,4940,56800,280.6
63271,4940,57400,283.6
63281,4940,56000,276.6
63291,4940,57500,284.1
63301,4940,55800,275.7
63311,4940,57400,283.6
63321,4940,55800,275.7
63331,4940,57400,283.6
63341,4940,55800,275.7
63351,4940,57400,283.6
63361,4936,55800,275.4
63371,4940,57500,284.1
63381,4940,55800,275.7
63391,4940,57300,283.1
63401,4940,56500,279.1
63411,4816,147200,708.9
63421,4940,56500,279.1
63431,4940,56800,280.6
63441,4940,56500,279.1
63451,4940,56800,280.6
63461,4944,57500,284.3
63471,4940,55800,275.7
63481,4940,57500,284.1
63491,4940,55900,276.1
63501,4944,57500,284.3
63511,4940,55900,276.1
63521,4940,57400,283.6
63531,4936,55800,275.4
63541,4944,57500,284.3
63551,4940,55900,276.1
63561,4944,57400,283.8
63571,4940,55900,276.1
63582,4940,56700,280.1
63591,4940,56500,279.1
63601,4940,56800,280.6
63611,4940,56500,279.1
63621,4940,56800,280.6
63631,4940,57500,284.1
63641,4940,55800,275.7
63651,4940,57300,283.1
63661,4940,55900,276.1
63671,4944,57400,283.8
63681,4940,55800,275.7
63691,4940,57400,283.6
63701,4940,55800,275.7
63711,4940,57500,284.1
63721,4940,55800,275.7
63731,4944,57300,283.3
63741,4940,55800,275.7
63751,4940,57400,283.6
63761,4940,56500,279.1
63771,4940,56800,280.6
63781,4940,56500,279.1
63791,4940,56900,281.1
63801,4940,56600,279.6
63811,4940,56700,280.1
63821,4940,57500,284.1
63831,4940,55800,275.7
63841,4940,57400,283.6
63851,4940,55800,275.7
63861,4940,57500,284.1
63871,4940,55800,275.7
63881,4940,57500,284.1
63891,4940,55900,276.1
63901,4940,57400,283.6
63911,4940,55800,275.7
63921,4832,135000,652.3
63931,4940,56200,277.6
63941,4940,57400,283.6
63951,4940,56500,279.1
63961,4940,56800,280.6
63971,4940,56500,279.1
63981,4940,56700,280.1
63991,4940,57400,283.6
64001,4940,55800,275.7
64011,4940,57500,284.1
64021,4940,55800,275.7
64031,4940,57400,283.6
64041,4940,55900,276.1
64051,4940,57400,283.6
64061,4940,55900,276.1
64071,4940,57400,283.6
64081,4940,55800,275.7
64091,4940,57400,283.6
64101,4940,55800,275.7
64111,4940,57500,284.1
64121,4940,56500,279.1
64131,4940,56800,280.6
64141,4940,56500,279.1
64151,4940,56700,280.1
64161,4940,57000,281.6
64171,4940,56600,279.6
64181,4944,57500,284.3
64191,4940,55800,275.7
64201,4940,57400,283.6
64211,4940,55800,275.7
64221,4944,57400,283.8
64231,4936,55800,275.4
64241,4940,57400,283.6
64251,4936,55800,275.4
64261,4940,57400,283.6
64271,4940,55800,275.7
64281,4940,57400,283.6
64291,4940,56600,279.6
64301,4940,56900,281.1
64311,4940,56500,279.1
64321,4940,56800,280.6
64331,4940,56500,279.1
64341,4940,56800,280.6
64351,4940,57400,283.6
64361,4936,55800,275.4
64371,4944,57400,283.8
64381,4940,55800,275.7
64391,4940,57400,283.6
64401,4940,55800,275.7
64411,4944,57500,284.3
64421,4752,146500,696.2
64431,4940,57400,283.6
64441,4940,55900,276.1
64451,4940,57400,283.6
64461,4936,55800,275.4
64471,4940,57400,283.6
64481,4940,56500,279.1
64491,4940,56800,280.6
64501,4940,56500,279.1
64511,4944,56800,280.8
64521,4940,57300,283.1
64531,4940,56200,277.6
64541,4944,57400,283.8
64551,4940,55900,276.1
64561,4944,57500,284.3
64571,4940,55900,276.1
64581,4940,57400,283.6
64591,4940,55900,276.1
64601,4944,57400,283.8
64611,4940,55800,275.7
64621,4940,57500,284.1
64631,4940,55900,276.1
64641,4944,57500,284.3
64651,4940,56500,279.1
64661,4940,56700,280.1
64671,4940,56500,279.1
64681,4940,56800,280.6
64691,4940,56500,279.1
64701,4940,56800,280.6
64711,4940,57400,283.6
64721,4940,55900,276.1
64731,4940,57500,284.1
64741,4940,55800,275.7
64751,4940,57400,283.6
64761,4940,55900,276.1
64771,4940,57400,283.6
64781,4940,55900,276.1
64791,4940,57400,283.6
64801,4940,55900,276.1
64811,4944,57400,283.8
64821,4940,55900,276.1
64831,4940,57400,283.6
64841,4940,56500,279.1
64851,4940,56700,280.1
64861,4940,56600,279.6
64871,4940,56800,280.6
64881,4940,57500,284.1
64891,4940,55800,275.7
64901,4940,57400,283.6
64911,4936,55800,275.4
64921,4940,57500,284.1
64931,4820,172600,831.9
64941,4940,57500,284.1
64951,4940,55800,275.7
64961,4940,57400,283.6
64971,4940,55800,275.7
64981,4940,57500,284.1
64991,4940,55800,275.7
65001,4940,57400,283.6
65011,4940,56500,279.1
65021,4940,56800,280.6
65031,4940,56500,279.1
65041,4940,56800,280.6
65051,4940,56500,279.1
65061,4940,56800,280.6
65071,4944,57500,284.3
65081,4940,55900,276.1
65091,4940,57500,284.1
65101,4940,55900,276.1
65111,4940,57400,283.6
65121,4940,55900,276.1
65131,4940,57500,284.1
65141,4940,55900,276.1
65151,4940,57400,283.6
65161,4936,55900,275.9
65171,4940,57500,284.1
65181,4940,56100,277.1
65191,4940,57400,283.6
65201,4940,56500,279.1
65211,4940,56800,280.6
65221,4940,56500,279.1
65231,4940,56900,281.1
65241,4940,57400,283.6
65251,4940,55800,275.7
65261,4944,57400,283.8
65271,4940,55800,275.7
65281,4944,57400,283.8
65292,4940,55800,275.7
65301,4940,57400,283.6
65311,4936,55800,275.4
65321,4940,57400,283.6
65331,4940,55800,275.7
65341,4944,57400,283.8
65351,4940,55800,275.7
65361,4940,57500,284.1
65371,4940,56500,279.1
65381,4940,56800,280.6
65391,4940,56500,279.1
65401,4940,56700,280.1
65411,4940,56900,281.1
65421,4940,56700,280.1
65431,4728,140400,663.8
65441,4940,55800,275.7
65451,4940,57500,284.1
65461,4940,55900,276.1
65471,4940,57400,283.6
65481,4936,55900,275.9
65491,4940,57400,283.6
65501,4940,55900,276.1
65511,4940,57500,284.1
65521,4940,55800,275.7
65531,4940,57400,283.6
65541,4940,56500,279.1
65551,4940,57100,282.1
65561,4940,56500,279.1
65571,4940,56800,280.6
65581,4940,56500,279.1
65591,4940,56800,280.6
65601,4940,57400,283.6
65611,4940,55800,275.7
65621,4940,57400,283.6
65631,4940,55800,275.7
65641,4940,57400,283.6
65651,4940,55800,275.7
65661,4944,57500,284.3
65671,4940,55800,275.7
65681,4940,57400,283.6
65691,4940,55800,275.7
65701,4940,57400,283.6
65711,4936,55800,275.4
65721,4940,57500,284.1
65731,4940,56500,279.1
65741,4940,56700,280.1
65751,4940,56500,279.1
65761,4940,56800,280.6
65771,4940,57300,283.1
65781,4940,56300,278.1
65791,4940,57500,284.1
65801,4940,55800,275.7
65811,4940,57400,283.6
65821,4940,55800,275.7
65831,4940,57500,284.1
65841,4940,55800,275.7
65851,4940,57400,283.6
65861,4940,55800,275.7
65871,4940,57400,283.6
65881,4940,55800,275.7
65891,4940,57400,283.6
65901,4940,56600,279.6
65911,4940,56800,280.6
65921,4940,56500,279.1
65931,4936,114700,566.2
65941,4940,56500,279.1
65951,4940,56800,280.6
65961,4940,57500,284.1
65971,4940,55900,276.1
65981,4940,57500,284.1
65991,4940,55900,276.1
66001,4940,57500,284.1
66011,4940,55800,275.7
66021,4940,57400,283.6
66031,4940,55800,275.7
66041,4940,57400,283.6
66051,4940,55800,275.7
66061,4940,57400,283.6
66071,4940,55800,275.7
66081,4940,57400,283.6
66091,4940,56500,279.1
66101,4940,56800,280.6
66111,4940,56500,279.1
66121,4940,56900,281.1
66131,4940,57400,283.6
66141,4940,56000,276.6
66151,4940,57400,283.6
66161,4940,55900,276.1
66171,4944,57400,283.8
66181,4940,55900,276.1
66191,4940,57400,283.6
66201,4940,55800,275.7
66211,4940,57400,283.6
66221,4940,55800,275.7
66231,4940,57400,283.6
66241,4936,55800,275.4
66251,4940,57400,283.6
66261,4940,56500,279.1
66271,4940,56700,280.1
66281,4940,56500,279.1
66291,4940,56800,280.6
66301,4940,56500,279.1
66311,4940,56800,280.6
66321,4940,57500,284.1
66331,4940,55900,276.1
66341,4940,57400,283.6
66351,4940,55800,275.7
66361,4940,57500,284.1
66371,4940,55800,275.7
66381,4940,57500,284.1
66391,4940,55900,276.1
66401,4940,57400,283.6
66411,4940,55900,276.1
66421,4944,57400,283.8
66431,4940,56000,276.6
66441,4820,145700,702.3
66451,4940,56600,279.6
66461,4940,56800,280.6
66471,4940,56500,279.1
66481,4940,56800,280.6
66491,4940,57400,283.6
66501,4940,55800,275.7
66511,4940,57400,283.6
66521,4940,55900,276.1
66531,4940,57400,283.6
66541,4940,55900,276.1
66551,4940,57400,283.6
66561,4936,55900,275.9
66571,4940,57400,283.6
66581,4940,55800,275.7
66591,4940,57400,283.6
66601,4936,55800,275.4
66611,4940,57400,283.6
66621,4940,56500,279.1
66631,4940,56800,280.6
66641,4940,56500,279.1
66651,4940,56700,280.1
66661,4940,56700,280.1
66671,4940,56700,280.1
66681,4940,57400,283.6
66691,4940,55800,275.7
66701,4944,57400,283.8
66711,4940,55800,275.7
66721,4940,57400,283.6
66731,4940,55900,276.1
66741,4940,57400,283.6
66751,4940,55800,275.7
66761,4940,57500,284.1
66771,4940,55800,275.7
66781,4944,57400,283.8
66791,4940,56300,278.1
66801,4940,57200,282.6
66811,4940,56500,279.1
66821,4940,56800,280.6
66831,4940,56500,279.1
66841,4940,56800,280.6
66851,4940,57300,283.1
66861,4940,55900,276.1
66871,4940,57500,284.1
66881,4940,55800,275.7
66891,4940,57400,283.6
66901,4936,55800,275.4
66911,4940,57400,283.6
66921,4940,55800,275.7
66931,4940,57400,283.6
66941,4940,55800,275.7
66951,4708,121400,571.6
66961,4940,55900,276.1
66971,4940,57500,284.1
66981,4940,56500,279.1
66992,4940,56800,280.6
67001,4940,56500,279.1
67011,4940,56800,280.6
67021,4940,57000,281.6
67031,4940,56600,279.6
67041,4940,57500,284.1
67051,4940,55800,275.7
67061,4940,57500,284.1
67071,4940,55800,275.7
67081,4940,57500,284.1
67091,4936,55900,275.9
67101,4940,57400,283.6
67111,4940,55900,276.1
67121,4940,57400,283.6
67131,4940,55800,275.7
67141,4940,57400,283.6
67151,4940,56500,279.1
67161,4940,56900,281.1
67171,4940,56500,279.1
67181,4940,56800,280.6
67191,4940,56500,279.1
67201,4940,56700,280.1
67211,4940,57500,284.1
67221,4940,55800,275.7
67231,4940,57500,284.1
67241,4940,55800,275.7
67251,4940,57400,283.6
67261,4940,55800,275.7
67271,4940,57400,283.6
67281,4940,55800,275.7
67291,4940,57400,283.6
67301,4940,55800,275.7
67311,4940,57400,283.6
67321,4940,55800,275.7
67331,4940,57400,283.6
67341,4940,56500,279.1
67351,4940,56800,280.6
67361,4940,56500,279.1
67371,4940,56700,280.1
67381,4940,57400,283.6
67391,4940,56200,277.6
67401,4944,57400,283.8
67411,4940,55800,275.7
67421,4940,57400,283.6
67431,4936,55800,275.4
67441,4940,57400,283.6
67451,4816,141900,683.4
67461,4940,57500,284.1
67471,4940,55800,275.7
67481,4940,57400,283.6
67491,4940,55800,275.7
67501,4940,57500,284.1
67511,4940,56600,279.6
67521,4940,56700,280.1
67531,4940,56400,278.6
67541,4940,56800,280.6
67551,4940,56500,279.1
67561,4940,56800,280.6
67571,4940,57400,283.6
67581,4940,55800,275.7
67591,4940,57400,283.6
67601,4940,55800,275.7
67611,4940,57400,283.6
67621,4940,55800,275.7
67631,4944,57400,283.8
67641,4940,55800,275.7
67651,4940,57400,283.6
67661,4940,55900,276.1
67671,4940,57400,283.6
67681,4940,55900,276.1
67691,4940,57400,283.6
67701,4940,56500,279.1
67711,4940,56800,280.6
67721,4940,56500,279.1
67731,4940,56800,280.6
67741,4940,57400,283.6
67751,4940,55800,275.7
67761,4940,57400,283.6
67771,4940,55800,275.7
67781,4940,57500,284.1
67791,4936,55900,275.9
67801,4940,57400,283.6
67811,4940,55800,275.7
67821,4940,57300,283.1
67831,4936,55700,274.9
67841,4940,57400,283.6
67851,4940,55900,276.1
67861,4940,57400,283.6
67871,4940,56400,278.6
67881,4940,56800,280.6
67891,4940,56500,279.1
67901,4940,56800,280.6
67911,4940,56600,279.6
67921,4940,56700,280.1
67931,4940,57400,283.6
67941,4940,55800,275.7
67951,4940,57500,284.1
67961,4808,55800,268.3
67971,4940,57400,283.6
67981,4940,55800,275.7
67991,4940,57400,283.6
68001,4940,55800,275.7
68011,4940,57500,284.1
68021,4940,55900,276.1
68031,4940,57400,283.6
68041,4940,56000,276.6
68051,4940,57400,283.6
68061,4940,56400,278.6
68071,4940,56800,280.6
68081,4940,56400,278.6
68091,4940,56800,280.6
68101,4940,57400,283.6
68111,4940,55800,275.7
68121,4940,57400,283.6
68131,4940,55800,275.7
68141,4940,57400,283.6
68151,4940,55800,275.7
68161,4944,57400,283.8
68171,4940,55800,275.7
68181,4940,57500,284.1
68191,4940,55900,276.1
68201,4940,57400,283.6
68211,4940,55800,275.7
68221,4940,57400,283.6
68231,4940,56500,279.1
68241,4940,56700,280.1
68251,4940,56500,279.1
68261,4940,56800,280.6
68271,4940,56800,280.6
68281,4940,56700,280.1
68291,4940,57500,284.1
68301,4940,55800,275.7
68311,4940,57400,283.6
68321,4940,55800,275.7
68331,4940,57500,284.1
68341,4936,55800,275.4
68351,4940,57400,283.6
68361,4940,55800,275.7
68371,4940,57400,283.6
68381,4940,55800,275.7
68391,4944,57400,283.8
68401,4940,56400,278.6
68411,4940,57100,282.1
68421,4940,56500,279.1
68431,4940,56800,280.6
68441,4940,56400,278.6
68451,4940,56800,280.6
68461,4812,144300,694.4
68471,4940,55800,275.7
68481,4940,57400,283.6
68491,4940,55800,275.7
68501,4940,57400,283.6
68511,4940,55900,276.1
68521,4940,57400,283.6
68531,4940,55900,276.1
68541,4940,57500,284.1
68551,4940,55800,275.7
68561,4940,57500,284.1
68571,4940,55800,275.7
68581,4940,57400,283.6
68591,4940,56500,279.1
68601,4940,56800,280.6
68611,4940,56500,279.1
68621,4940,56800,280.6
68631,4940,57100,282.1
68641,4940,56400,278.6
68651,4940,57400,283.6
68661,4940,55900,276.1
68671,4940,57400,283.6
68681,4940,55800,275.7
68691,4940,57400,283.6
68702,4940,55800,275.7
68711,4940,57400,283.6
68721,4940,55800,275.7
68731,4940,57400,283.6
68741,4940,55800,275.7
68751,4940,57400,283.6
68761,4940,56600,279.6
68771,4940,56800,280.6
68781,4940,56500,279.1
68791,4940,56800,280.6
68801,4940,56500,279.1
68811,4940,56800,280.6
68821,4940,57500,284.1
68831,4940,55900,276.1
68841,4940,57400,283.6
68851,4940,55800,275.7
68861,4940,57500,284.1
68871,4940,55800,275.7
68881,4940,57400,283.6
68891,4940,55900,276.1
68901,4940,57400,283.6
68911,4936,55800,275.4
68921,4940,57400,283.6
68931,4940,55900,276.1
68941,4940,57400,283.6
68951,4940,56500,279.1
68961,4940,56800,280.6
68971,4892,56500,276.4
68981,4940,56800,280.6
68991,4940,57300,283.1
69001,4940,56200,277.6
69011,4940,57400,283.6
69021,4936,55900,275.9
69031,4940,57400,283.6
69041,4940,55900,276.1
69051,4940,57500,284.1
69061,4940,55800,275.7
69071,4940,57400,283.6
69081,4940,55800,275.7
69091,4944,57500,284.3
69101,4940,55900,276.1
69111,4940,57500,284.1
69121,4940,56400,278.6
69131,4940,56800,280.6
69141,4940,56500,279.1
69151,4940,56800,280.6
69161,4940,56500,279.1
69171,4940,56800,280.6
69181,4940,57500,284.1
69191,4940,55800,275.7
69201,4944,57500,284.3
69211,4940,55900,276.1
69221,4940,57400,283.6
69231,4940,55800,275.7
69241,4940,57400,283.6
69251,4940,55800,275.7
69261,4940,57400,283.6
69271,4940,55800,275.7
69281,4940,57400,283.6
69291,4940,55900,276.1
69301,4940,57400,283.6
69311,4940,56500,279.1
69321,4940,56800,280.6
69331,4940,56500,279.1
69341,4940,56700,280.1
69351,4940,57400,283.6
69361,4940,55800,275.7
69371,4940,57400,283.6
69381,4940,55800,275.7
69391,4940,57400,283.6
69401,4940,55800,275.7
69411,4940,57500,284.1
69421,4940,55800,275.7
69431,4940,57400,283.6
69441,4940,55800,275.7
69451,4940,57400,283.6
69461,4940,55800,275.7
69471,4832,138900,671.2
69481,4940,56500,279.1
69491,4940,56800,280.6
69501,4940,56500,279.1
69511,4940,56800,280.6
69521,4940,56500,279.1
69531,4940,56800,280.6
69541,4940,57400,283.6
69551,4940,55800,275.7
69561,4940,57500,284.1
69571,4940,55800,275.7
69581,4940,57400,283.6
69591,4940,55800,275.7
69601,4940,57400,283.6
69611,4936,55800,275.4
69621,4940,57400,283.6
69631,4940,55800,275.7
69641,4944,57500,284.3
69651,4940,56100,277.1
69661,4940,57400,283.6
69671,4940,56400,278.6
69681,4940,56900,281.1
69691,4940,56500,279.1
69701,4940,56800,280.6
69711,4940,57400,283.6
69721,4940,55800,275.7
69731,4940,57400,283.6
69741,4940,55800,275.7
69751,4944,57500,284.3
69761,4936,55800,275.4
69771,4940,57300,283.1
69781,4940,55800,275.7
69791,4940,57500,284.1
69801,4940,55800,275.7
69811,4940,57500,284.1
69821,4940,55800,275.7
69831,4940,57400,283.6
69841,4940,56500,279.1
69851,4940,56800,280.6
69861,4940,56500,279.1
69871,4940,56800,280.6
69881,4940,56900,281.1
69891,4940,56800,280.6
69901,4944,57500,284.3
69911,4940,55800,275.7
69921,4940,57500,284.1
69931,4940,55800,275.7
69941,4940,57400,283.6
69951,4940,55800,275.7
69961,4940,57400,283.6
69971,4828,197400,953.0
69981,4940,57400,283.6
69991,4940,55800,275.7
70001,4940,57400,283.6
70011,4940,56400,278.6
70021,4940,57200,282.6
70031,4940,56500,279.1
70041,4940,56800,280.6
70051,4940,56500,279.1
70061,4940,56800,280.6
70071,4940,57400,283.6
70081,4936,55900,275.9
70091,4940,57400,283.6
70101,4940,55900,276.1
70111,4940,57500,284.1
70121,4940,55800,275.7
70131,4940,57400,283.6
70141,4940,55800,275.7
70151,4940,57400,283.6
70161,4940,55800,275.7
70171,4940,57400,283.6
70181,4936,55800,275.4
70191,4944,57400,283.8
70201,4940,56500,279.1
70211,4940,56800,280.6
70221,4940,56500,279.1
70231,4940,56800,280.6
70241,4940,57200,282.6
70251,4940,56400,278.6
70261,4940,57500,284.1
70271,4940,55800,275.7
70281,4940,57400,283.6
70291,4940,55800,275.7
70301,4940,57400,283.6
70311,4940,55900,276.1
70321,4940,57500,284.1
70331,4940,55800,275.7
70341,4940,57400,283.6
70351,4940,55800,275.7
70361,4940,57400,283.6
70371,4936,56500,278.9
70381,4940,56800,280.6
70391,4940,56600,279.6
70402,4940,56800,280.6
70411,4940,56500,279.1
70421,4940,56800,280.6
70431,4940,57500,284.1
70441,4940,55800,275.7
70451,4940,57400,283.6
70461,4936,55800,275.4
70471,4940,57400,283.6
70481,4940,55800,275.7
70491,4940,57400,283.6
70501,4936,55800,275.4
70511,4940,57400,283.6
70521,4940,55800,275.7
70531,4940,57500,284.1
70541,4940,55900,276.1
70551,4944,57400,283.8
70561,4940,56500,279.1
70571,4940,56800,280.6
70581,4940,56500,279.1
70591,4940,56800,280.6
70601,4940,57300,283.1
70611,4940,56100,277.1
70621,4940,57400,283.6
70631,4940,55800,275.7
70641,4940,57400,283.6
70651,4940,55800,275.7
70661,4944,57400,283.8
70671,4940,55800,275.7
70681,4940,57500,284.1
70691,4936,55900,275.9
70701,4940,57400,283.6
70711,4940,55800,275.7
70721,4940,57400,283.6
70731,4940,56500,279.1
70741,4940,56700,280.1
70751,4940,56500,279.1
70761,4940,56800,280.6
70771,4940,56400,278.6
70781,4940,56800,280.6
70791,4944,57400,283.8
70801,4940,55800,275.7
70811,4940,57400,283.6
70821,4940,55800,275.7
70831,4940,57400,283.6
70841,4936,55800,275.4
70851,4940,57500,284.1
70861,4940,55800,275.7
70871,4940,57400,283.6
70881,4940,55800,275.7
70891,4940,57400,283.6
70901,4940,55900,276.1
70911,4940,57400,283.6
70921,4940,56400,278.6
70931,4940,56800,280.6
70941,4940,56500,279.1
70951,4940,56800,280.6
70961,4940,57500,284.1
70971,4940,55800,275.7
70981,4940,57500,284.1
70991,4940,55800,275.7
71001,4940,57500,284.1
71011,4940,55800,275.7
71021,4944,57400,283.8
71031,4940,55900,276.1
71041,4940,57400,283.6
71051,4940,55800,275.7
71061,4940,57500,284.1
71071,4940,55800,275.7
71081,4940,57500,284.1
71091,4940,56400,278.6
71101,4940,56800,280.6
71111,4940,56500,279.1
71121,4940,56800,280.6
71131,4940,56500,279.1
71141,4940,56800,280.6
71151,4940,57500,284.1
71161,4940,55900,276.1
71171,4940,57500,284.1
71181,4936,55900,275.9
71191,4944,57400,283.8
71201,4940,55800,275.7
71211,4944,57400,283.8
71221,4940,55900,276.1
71231,4940,57400,283.6
71241,4940,55800,275.7
71251,4940,57400,283.6
71261,4940,56200,277.6
71271,4940,57400,283.6
71281,4940,56500,279.1
71291,4940,56800,280.6
71301,4940,56500,279.1
71311,4940,56800,280.6
71321,4940,57300,283.1
71331,4940,55800,275.7
71341,4940,57400,283.6
71351,4940,55800,275.7
71361,4940,57400,283.6
71371,4940,55800,275.7
71381,4940,57500,284.1
71391,4940,55800,275.7
71401,4940,57400,283.6
71411,4940,55800,275.7
71421,4940,57400,283.6
71431,4936,55900,275.9
71441,4940,57400,283.6
71451,4940,56600,279.6
71461,4940,56800,280.6
71471,4940,56500,279.1
71481,4828,133900,646.5
71491,4940,56800,280.6
71501,4940,56800,280.6
71511,4940,57400,283.6
71521,4940,55700,275.2
71531,4940,57500,284.1
71541,4940,55800,275.7
71551,4940,57400,283.6
71561,4940,55800,275.7
71571,4940,57400,283.6
71581,4940,55800,275.7
71591,4940,57400,283.6
71601,4940,55800,275.7
71611,4940,57500,284.1
71621,4940,56400,278.6
71631,4940,57200,282.6
71641,4940,56500,279.1
71651,4940,56800,280.6
71661,4940,56500,279.1
71671,4940,56800,280.6
71681,4940,57400,283.6
71691,4940,55900,276.1
71701,4940,57400,283.6
71711,4940,55900,276.1
71721,4940,57400,283.6
71731,4940,55800,275.7
71741,4940,57300,283.1
71751,4940,55800,275.7
71761,4940,57500,284.1
71771,4940,55800,275.7
71781,4940,57400,283.6
71791,4940,55900,276.1
71801,4940,57400,283.6
71811,4940,56400,278.6
71821,4940,56700,280.1
71831,4940,56500,279.1
71841,4940,56800,280.6
71851,4940,57200,282.6
71861,4940,56400,278.6
71871,4940,57400,283.6
71881,4940,55800,275.7
71891,4944,57400,283.8
71901,4940,55800,275.7
71911,4940,57400,283.6
71921,4940,55800,275.7
71931,4944,57500,284.3
71941,4936,55700,274.9
71951,4944,57400,283.8
71961,4940,55800,275.7
71971,4944,57400,283.8
71981,4940,56500,279.1
71991,4720,106600,503.2
72001,4940,56500,279.1
72011,4940,56900,281.1
72021,4940,56500,279.1
72031,4940,56800,280.6
72041,4940,57400,283.6
72051,4940,55800,275.7
72061,4940,57500,284.1
72071,4940,55800,275.7
72081,4944,57300,283.3
72091,4940,55800,275.7
72101,4944,57500,284.3
72115,4940,56500,279.1
72121,4940,57400,283.6
72131,4940,55900,276.1
72141,4940,57400,283.6
72151,4940,55900,276.1
72161,4940,57500,284.1
72171,4940,56500,279.1
72181,4940,56700,280.1
72191,4940,56500,279.1
72201,4940,56800,280.6
72211,4940,57500,284.1
72221,4940,56000,276.6
72231,4940,57500,284.1
72241,4936,55800,275.4
72251,4940,57500,284.1
72261,4940,55800,275.7
72271,4940,57500,284.1
72281,4940,55800,275.7
72291,4940,57400,283.6
72301,4940,55800,275.7
72311,4940,57400,283.6
72321,4940,55800,275.7
72331,4944,57500,284.3
72341,4940,56400,278.6
72351,4940,56800,280.6
72361,4940,56500,279.1
72371,4940,56700,280.1
72381,4940,56500,279.1
72391,4940,56800,280.6
72401,4940,57400,283.6
72411,4940,55800,275.7
72421,4940,57400,283.6
72431,4940,55900,276.1
72441,4940,57400,283.6
72451,4936,55800,275.4
72461,4940,57400,283.6
72471,4940,55800,275.7
72481,4940,57400,283.6
72491,4832,209800,1013.8
72501,4940,57400,283.6
72511,4940,55900,276.1
72521,4940,57500,284.1
72531,4940,56500,279.1
72541,4940,56800,280.6
72551,4940,56500,279.1
72561,4940,56800,280.6
72571,4940,57500,284.1
72581,4940,55800,275.7
72591,4940,57400,283.6
72601,4940,55800,275.7
72611,4940,57500,284.1
72621,4940,55900,276.1
72631,4940,57400,283.6
72641,4940,55800,275.7
72651,4940,57400,283.6
72661,4936,55900,275.9
72671,4940,57400,283.6
72681,4940,55900,276.1
72691,4940,57500,284.1
72701,4940,56400,278.6
72711,4940,56800,280.6
72721,4940,56500,279.1
72731,4940,56800,280.6
72741,4940,56600,279.6
72751,4940,56800,280.6
72761,4940,57400,283.6
72771,4936,55800,275.4
72781,4940,57400,283.6
72791,4936,55800,275.4
72801,4940,57400,283.6
72811,4940,55800,275.7
72821,4940,57400,283.6
72831,4940,55900,276.1
72841,4940,57400,283.6
72851,4940,55900,276.1
72861,4940,57400,283.6
72871,4940,56100,277.1
72881,4940,57400,283.6
72891,4940,56500,279.1
72901,4940,56800,280.6
72911,4940,56500,279.1
72921,4940,56800,280.6
72931,4940,57500,284.1
72941,4940,55800,275.7
72951,4940,57400,283.6
72961,4940,55800,275.7
72971,4940,57400,283.6
72981,4936,55900,275.9
72991,4940,57400,283.6
73001,4816,55800,268.7
73011,4940,57500,284.1
73021,4940,55800,275.7
73031,4940,57500,284.1
73041,4940,55800,275.7
73051,4940,57400,283.6
73061,4940,56600,279.6
73071,4940,56800,280.6
73081,4940,56500,279.1
73091,4940,56700,280.1
73101,4940,56800,280.6
73111,4940,56700,280.1
73121,4940,57300,283.1
73131,4940,55900,276.1
73141,4940,57400,283.6
73151,4940,55800,275.7
73161,4940,57400,283.6
73171,4940,55800,275.7
73181,4940,57500,284.1
73191,4940,55800,275.7
73201,4940,57400,283.6
73211,4936,55800,275.4
73221,4940,57500,284.1
73231,4940,56500,279.1
73241,4940,57000,281.6
73251,4940,56400,278.6
73261,4940,56800,280.6
73271,4940,56500,279.1
73281,4940,56800,280.6
73291,4940,57400,283.6
73301,4940,55800,275.7
73311,4940,57400,283.6
73321,4940,55800,275.7
73331,4940,57400,283.6
73341,4940,55800,275.7
73351,4940,57400,283.6
73361,4940,55900,276.1
73371,4940,57400,283.6
73381,4940,55800,275.7
73391,4940,57400,283.6
73401,4940,55800,275.7
73411,4940,57500,284.1
73421,4940,56500,279.1
73431,4940,56800,280.6
73441,4940,56500,279.1
73451,4940,56800,280.6
73461,4940,57200,282.6
73471,4940,56400,278.6
73481,4940,57200,282.6
73491,4940,55800,275.7
73501,4940,57400,283.6
73511,4940,55900,276.1
73521,4940,57500,284.1
73531,4940,55800,275.7
73541,4940,57400,283.6
73551,4940,55800,275.7
73561,4940,57500,284.1
73571,4940,55900,276.1
73581,4940,57400,283.6
73591,4940,56500,279.1
73601,4940,56800,280.6
73611,4940,56500,279.1
73621,4940,56800,280.6
73631,4940,56500,279.1
73641,4940,56700,280.1
73651,4940,57500,284.1
73661,4940,55900,276.1
73671,4940,57400,283.6
73681,4940,55800,275.7
73691,4940,57300,283.1
73701,4940,55800,275.7
73711,4940,57500,284.1
73721,4940,55800,275.7
73731,4940,57400,283.6
73741,4940,55800,275.7
73751,4940,57400,283.6
73761,4940,55800,275.7
73771,4944,57400,283.8
73781,4940,56500,279.1
73791,4940,56700,280.1
73801,4940,56400,278.6
73812,4940,56200,277.6
73821,4940,57400,283.6
73831,4940,56200,277.6
73841,4940,57400,283.6
73851,4940,55800,275.7
73861,4940,57500,284.1
73871,4940,55800,275.7
73881,4940,57400,283.6
73891,4940,55800,275.7
73901,4940,57400,283.6
73911,4940,55800,275.7
73921,4940,57300,283.1
73931,4940,55900,276.1
73941,4940,57400,283.6
73951,4936,56400,278.4
73961,4940,56700,280.1
73971,4940,56400,278.6
73981,4940,56800,280.6
73991,4940,56500,279.1
74001,4940,56800,280.6
74011,4940,57500,284.1
74021,4940,55800,275.7
74031,4940,57500,284.1
74041,4940,55800,275.7
74051,4940,57400,283.6
74061,4940,55900,276.1
74071,4940,57400,283.6
74081,4940,55800,275.7
74091,4940,57400,283.6
74101,4940,55900,276.1
74111,4944,57400,283.8
74121,4940,55800,275.7
74131,4940,57500,284.1
74141,4940,56400,278.6
74151,4940,56800,280.6
74161,4940,56400,278.6
74171,4940,56700,280.1
74181,4940,57500,284.1
74191,4940,55900,276.1
74201,4940,57400,283.6
74211,4940,55900,276.1
74221,4940,57500,284.1
74231,4940,55800,275.7
74241,4940,57400,283.6
74251,4940,55800,275.7
74261,4940,57500,284.1
74271,4940,55800,275.7
74281,4940,57400,283.6
74291,4940,55800,275.7
74301,4940,57300,283.1
74311,4940,56500,279.1
74321,4940,56700,280.1
74331,4940,56400,278.6
74341,4940,56700,280.1
74351,4940,56500,279.1
74361,4940,56800,280.6
74371,4940,57400,283.6
74381,4940,55800,275.7
74391,4940,57400,283.6
74401,4940,55800,275.7
74411,4944,57500,284.3
74421,4940,55800,275.7
74431,4940,57400,283.6
74441,4940,55800,275.7
74451,4944,57400,283.8
74461,4940,55800,275.7
74471,4944,57400,283.8
74481,4936,56100,276.9
74491,4940,57300,283.1
74501,4940,56500,279.1
74511,4816,145200,699.3
74521,4940,56500,279.1
74531,4940,56800,280.6
74541,4940,57500,284.1
74551,4940,55800,275.7
74561,4940,57400,283.6
74571,4940,55900,276.1
74581,4944,57400,283.8
74591,4940,55800,275.7
74601,4940,57400,283.6
74611,4940,55800,275.7
74621,4940,57300,283.1
74631,4940,55900,276.1
74641,4940,57400,283.6
74651,4936,55800,275.4
74661,4940,57400,283.6
74671,4940,56400,278.6
74681,4940,56800,280.6
74691,4940,56500,279.1
74701,4940,56800,280.6
74711,4940,56600,279.6
74721,4940,56800,280.6
74731,4940,57400,283.6
74741,4940,55800,275.7
74751,4940,57400,283.6
74761,4940,55800,275.7
74771,4940,57400,283.6
74781,4940,55800,275.7
74791,4940,57500,284.1
74801,4940,55800,275.7
74811,4940,57400,283.6
74821,4940,55800,275.7
74831,4940,57400,283.6
74841,4940,56300,278.1
74851,4940,57300,283.1
74861,4940,56500,279.1
74871,4940,56700,280.1
74881,4940,56500,279.1
74891,4940,56800,280.6
74901,4940,57400,283.6
74911,4940,55800,275.7
74921,4940,57400,283.6
74931,4940,55800,275.7
74941,4940,57400,283.6
74951,4940,55800,275.7
74961,4940,57400,283.6
74971,4940,55800,275.7
74981,4940,57400,283.6
74991,4940,55800,275.7
75001,4940,57400,283.6
75011,4940,55800,275.7
75021,4832,137600,664.9
75031,4940,56500,279.1
75041,4940,56700,280.1
75051,4940,56400,278.6
75061,4940,56800,280.6
75071,4940,56800,280.6
75081,4940,56600,279.6
75091,4940,57000,281.6
75101,4936,55800,275.4
75111,4940,57400,283.6
75121,4940,55800,275.7
75131,4940,57500,284.1
75141,4940,55800,275.7
75151,4940,57500,284.1
75161,4940,55800,275.7
75171,4940,57400,283.6
75181,4940,55900,276.1
75191,4940,57400,283.6
75201,4940,56400,278.6
75211,4940,57100,282.1
75221,4940,56400,278.6
75231,4940,56800,280.6
75241,4940,56500,279.1
75251,4940,56800,280.6
75261,4940,57500,284.1
75271,4936,55800,275.4
75281,4940,57400,283.6
75291,4940,55800,275.7
75301,4940,57400,283.6
75311,4940,55800,275.7
75321,4940,57400,283.6
75331,4940,55900,276.1
75341,4940,57400,283.6
75351,4940,55900,276.1
75361,4940,57400,283.6
75371,4940,55800,275.7
75381,4940,57400,283.6
75391,4940,56500,279.1
75401,4940,56800,280.6
75411,4940,56500,279.1
75421,4940,56800,280.6
75431,4940,57200,282.6
75441,4940,56300,278.1
75451,4940,57300,283.1
75461,4940,55800,275.7
75471,4940,57400,283.6
75481,4940,55900,276.1
75491,4940,57400,283.6
75501,4940,55800,275.7
75511,4940,57400,283.6
75522,4940,55800,275.7
75531,4828,131900,636.8
75541,4940,55800,275.7
75551,4940,57400,283.6
75561,4936,56600,279.4
75571,4940,56900,281.1
75581,4940,56500,279.1
75591,4940,56700,280.1
75601,4940,56500,279.1
75611,4940,56800,280.6
75621,4940,57400,283.6
75631,4940,55900,276.1
75641,4940,57400,283.6
75651,4940,55800,275.7
75661,4940,57500,284.1
75671,4940,55800,275.7
75681,4940,57400,283.6
75691,4940,55800,275.7
75701,4940,57400,283.6
75711,4940,55800,275.7
75721,4940,57400,283.6
75731,4940,55800,275.7
75741,4940,57500,284.1
75751,4940,56500,279.1
75761,4940,56800,280.6
75771,4940,56400,278.6
75781,4940,56800,280.6
75791,4940,57300,283.1
75801,4940,56100,277.1
75811,4940,57400,283.6
75821,4940,55800,275.7
75831,4940,57400,283.6
75841,4940,55800,275.7
75851,4940,57500,284.1
75861,4940,55800,275.7
75871,4940,57400,283.6
75881,4940,55800,275.7
75891,4940,57400,283.6
75901,4940,55800,275.7
75911,4940,57400,283.6
75921,4940,56400,278.6
75931,4940,56700,280.1
75941,4940,56400,278.6
75951,4940,56700,280.1
75961,4940,56500,279.1
75971,4940,56800,280.6
75981,4940,57400,283.6
75991,4940,55800,275.7
76001,4940,57400,283.6
76011,4940,55800,275.7
76021,4940,57400,283.6
76031,4940,55900,276.1
76041,4712,144200,679.5
76051,4940,55800,275.7
76061,4940,57400,283.6
76071,4940,55800,275.7
76081,4940,57400,283.6
76091,4940,55800,275.7
76101,4944,57400,283.8
76111,4940,56500,279.1
76121,4940,56800,280.6
76131,4940,56500,279.1
76141,4940,56700,280.1
76151,4940,57600,284.5
76161,4940,56000,276.6
76171,4940,57400,283.6
76181,4940,55800,275.7
76191,4944,57400,283.8
76201,4940,55800,275.7
76211,4940,57400,283.6
76221,4940,55800,275.7
76231,4940,57400,283.6
76241,4940,55800,275.7
76251,4940,57500,284.1
76261,4940,55800,275.7
76271,4940,57400,283.6
76281,4940,56400,278.6
76291,4944,56700,280.3
76301,4940,56400,278.6
76311,4940,56800,280.6
76321,4940,56500,279.1
76331,4940,56800,280.6
76341,4940,57500,284.1
76351,4940,55900,276.1
76361,4940,57400,283.6
76371,4940,55700,275.2
76381,4940,57400,283.6
76391,4940,55800,275.7
76401,4940,57400,283.6
76411,4940,55800,275.7
76421,4940,57300,283.1
76431,4940,55900,276.1
76441,4940,57400,283.6
76451,4940,56000,276.6
76461,4940,57400,283.6
76471,4940,56400,278.6
76481,4940,56800,280.6
76491,4940,56400,278.6
76501,4940,56800,280.6
76511,4940,57500,284.1
76521,4940,55800,275.7
76531,4944,57400,283.8
76541,4816,140300,675.7
76551,4940,57400,283.6
76561,4940,55900,276.1
76571,4940,57400,283.6
76581,4936,55800,275.4
76591,4940,57400,283.6
76601,4940,55800,275.7
76611,4940,57400,283.6
76621,4940,55800,275.7
76631,4940,57400,283.6
76641,4940,56300,278.1
76651,4940,56800,280.6
76661,4940,56500,279.1
76671,4940,56700,280.1
76681,4940,56600,279.6
76691,4940,56700,280.1
76701,4940,56700,280.1
76711,4940,55700,275.2
76721,4940,57400,283.6
76731,4940,55800,275.7
76741,4940,57400,283.6
76751,4940,55800,275.7
76761,4940,57400,283.6
76771,4940,55800,275.7
76781,4940,57400,283.6
76791,4940,55800,275.7
76801,4940,57400,283.6
76811,4940,56200,277.6
76821,4940,57300,283.1
76831,4936,56500,278.9
76841,4940,56800,280.6
76851,4940,56500,279.1
76861,4940,56800,280.6
76871,4940,57400,283.6
76881,4940,55800,275.7
76891,4940,57400,283.6
76901,4940,55800,275.7
76911,4940,57400,283.6
76921,4936,55900,275.9
76931,4940,57400,283.6
76941,4940,55800,275.7
76951,4940,57300,283.1
76961,4940,55800,275.7
76971,4944,57400,283.8
76981,4940,55800,275.7
76991,4944,57400,283.8
77001,4940,56500,279.1
77011,4940,56800,280.6
77021,4940,56500,279.1
77031,4940,56800,280.6
77041,4856,153100,743.5
77051,4940,56800,280.6
77061,4940,56900,281.1
77071,4940,55800,275.7
77081,4940,57400,283.6
77091,4940,55800,275.7
77101,4940,57400,283.6
77111,4940,55800,275.7
77121,4940,57400,283.6
77131,4940,55900,276.1
77141,4940,57400,283.6
77151,4940,55800,275.7
77161,4940,57400,283.6
77171,4940,56300,278.1
77181,4940,57200,282.6
77191,4940,56500,279.1
77201,4940,56800,280.6
77211,4940,56500,279.1
77221,4940,56700,280.1
77232,4940,57400,283.6
77241,4940,55800,275.7
77251,4940,57400,283.6
77261,4940,55800,275.7
77271,4940,57400,283.6
77281,4940,55900,276.1
77291,4940,57400,283.6
77301,4940,55800,275.7
77311,4940,57400,283.6
77321,4936,55800,275.4
77331,4940,57400,283.6
77341,4940,55800,275.7
77351,4940,57400,283.6
77361,4940,56500,279.1
77371,4940,56800,280.6
77381,4940,56500,279.1
77391,4940,56800,280.6
77401,4940,57100,282.1
77411,4940,56500,279.1
77421,4944,57300,283.3
77431,4936,55800,275.4
77441,4940,57400,283.6
77451,4940,55800,275.7
77461,4944,57300,283.3
77471,4940,55800,275.7
77481,4940,57400,283.6
77491,4940,55800,275.7
77501,4940,57300,283.1
77511,4940,55800,275.7
77521,4940,57400,283.6
77531,4940,56500,279.1
77541,4940,56800,280.6
77551,4816,141800,682.9
77561,4940,56800,280.6
77571,4940,56500,279.1
77581,4940,56800,280.6
77591,4940,57400,283.6
77601,4940,55900,276.1
77611,4940,57400,283.6
77621,4940,55800,275.7
77631,4940,57400,283.6
77641,4940,55800,275.7
77651,4940,57400,283.6
77661,4940,55800,275.7
77671,4940,57400,283.6
77681,4936,55800,275.4
77691,4940,57400,283.6
77701,4940,55800,275.7
77711,4940,57400,283.6
77721,4940,56500,279.1
77731,4940,56800,280.6
77741,4940,56500,279.1
77751,4940,56800,280.6
77761,4940,57300,283.1
77771,4940,56200,277.6
77781,4940,57400,283.6
77791,4940,55800,275.7
77801,4940,57400,283.6
77811,4940,55800,275.7
77821,4940,57400,283.6
77831,4940,55900,276.1
77841,4940,57400,283.6
77851,4940,55900,276.1
77861,4940,57400,283.6
77871,4940,55800,275.7
77881,4940,57500,284.1
77891,4940,56500,279.1
77901,4940,56700,280.1
77911,4940,56500,279.1
77921,4940,56800,280.6
77931,4940,56500,279.1
77941,4940,56800,280.6
77951,4940,57400,283.6
77961,4940,55800,275.7
77971,4940,57400,283.6
77981,4940,55800,275.7
77991,4940,57400,283.6
78001,4940,55900,276.1
78011,4944,57500,284.3
78021,4940,55800,275.7
78031,4940,57400,283.6
78041,4940,55800,275.7
78051,4940,57300,283.1
78061,4832,203400,982.8
78071,4940,57400,283.6
78081,4940,56500,279.1
78091,4940,56700,280.1
78101,4940,56500,279.1
78111,4940,56800,280.6
78121,4940,57500,284.1
78131,4940,56000,276.6
78141,4940,57500,284.1
78151,4940,55900,276.1
78161,4940,57400,283.6
78171,4940,55800,275.7
78181,4940,57400,283.6
78191,4940,55800,275.7
78201,4940,57400,283.6
78211,4940,55800,275.7
78221,4940,57400,283.6
78231,4936,55800,275.4
78241,4940,57400,283.6
78251,4940,56400,278.6
78261,4940,56700,280.1
78271,4940,56500,279.1
78281,4940,56800,280.6
78291,4940,56500,279.1
78301,4940,56700,280.1
78311,4940,56500,279.1
78321,4940,55800,275.7
78331,4940,57500,284.1
78341,4940,55800,275.7
78351,4940,57400,283.6
78361,4940,55800,275.7
78371,4940,57400,283.6
78381,4940,55800,275.7
78391,4940,57400,283.6
78401,4940,55800,275.7
78411,4940,57400,283.6
78421,4940,55900,276.1
78431,4940,57500,284.1
78441,4940,56500,279.1
78451,4940,56800,280.6
78461,4940,56500,279.1
78471,4940,56800,280.6
78481,4940,57500,284.1
78491,4940,55700,275.2
78501,4940,57300,283.1
78511,4936,55800,275.4
78521,4940,57500,284.1
78531,4940,55800,275.7
78541,4940,57400,283.6
78551,4940,55800,275.7
78561,4800,139100,667.7
78571,4940,55900,276.1
78581,4940,57400,283.6
78591,4940,55900,276.1
78601,4940,57500,284.1
78611,4940,56400,278.6
78621,4940,56800,280.6
78631,4940,56500,279.1
78641,4940,56800,280.6
78651,4940,56500,279.1
78661,4940,56800,280.6
78671,4940,56700,280.1
78681,4940,55800,275.7
78691,4940,57300,283.1
78701,4936,55800,275.4
78711,4940,57500,284.1
78721,4940,55800,275.7
78731,4940,57400,283.6
78741,4940,55900,276.1
78751,4940,57400,283.6
78761,4940,55800,275.7
78771,4940,57400,283.6
78781,4940,56100,277.1
78791,4940,57400,283.6
78801,4940,56500,279.1
78811,4940,56800,280.6
78821,4940,56500,279.1
78831,4940,56800,280.6
78841,4940,57400,283.6
78851,4940,55800,275.7
78861,4940,57400,283.6
78871,4940,55800,275.7
78881,4940,57500,284.1
78891,4940,55800,275.7
78901,4940,57400,283.6
78911,4940,55800,275.7
78921,4940,57300,283.1
78932,4940,55800,275.7
78941,4940,57400,283.6
78951,4940,55800,275.7
78961,4940,57400,283.6
78971,4940,56500,279.1
78981,4940,56800,280.6
78991,4940,56500,279.1
79001,4940,56800,280.6
79011,4940,56900,281.1
79021,4940,56600,279.6
79031,4940,57000,281.6
79041,4940,55800,275.7
79051,4940,57400,283.6
79061,4940,55800,275.7
79071,4820,146800,707.6
79081,4940,55900,276.1
79091,4940,57400,283.6
79101,4940,55800,275.7
79111,4940,57400,283.6
79121,4936,55800,275.4
79131,4940,57400,283.6
79141,4940,56300,278.1
79151,4944,57200,282.8
79161,4940,56500,279.1
79171,4940,56800,280.6
79181,4940,56500,279.1
79191,4940,56800,280.6
79201,4940,57400,283.6
79211,4940,55800,275.7
79221,4944,57300,283.3
79231,4936,55800,275.4
79241,4944,57400,283.8
79251,4940,55800,275.7
79261,4940,57400,283.6
79271,4940,55800,275.7
79281,4940,57400,283.6
79291,4940,55800,275.7
79301,4940,57500,284.1
79311,4940,55900,276.1
79321,4940,57400,283.6
79331,4940,56500,279.1
79341,4940,56800,280.6
79351,4940,56500,279.1
79361,4940,56800,280.6
79371,4940,57000,281.6
79381,4940,56600,279.6
79391,4940,57200,282.6
79401,4940,55900,276.1
79411,4940,57400,283.6
79421,4936,55900,275.9
79431,4940,57500,284.1
79441,4940,55800,275.7
79451,4940,57400,283.6
79461,4940,55800,275.7
79471,4940,57500,284.1
79481,4940,55800,275.7
79491,4940,57500,284.1
79501,4940,56500,279.1
79511,4940,56900,281.1
79521,4940,56400,278.6
79531,4940,56800,280.6
79541,4940,56400,278.6
79551,4944,56800,280.8
79561,4940,56500,279.1
79571,4940,126300,623.9
79581,4940,57500,284.1
79591,4940,55900,276.1
79601,4940,57400,283.6
79611,4940,55800,275.7
79621,4940,57500,284.1
79631,4940,55900,276.1
79641,4940,57400,283.6
79651,4940,55800,275.7
79661,4940,57500,284.1
79671,4940,55800,275.7
79681,4940,57500,284.1
79691,4940,56400,278.6
79701,4940,56800,280.6
79711,4940,56400,278.6
79721,4940,56800,280.6
79731,4940,57300,283.1
79741,4940,56300,278.1
79751,4940,57400,283.6
79761,4940,55900,276.1
79771,4940,57400,283.6
79781,4940,55800,275.7
79791,4940,57400,283.6
79801,4940,55800,275.7
79811,4940,57400,283.6
79821,4936,55800,275.4
79831,4940,57400,283.6
79841,4940,55800,275.7
79851,4940,57400,283.6
79861,4940,56500,279.1
79871,4944,56800,280.8
79881,4940,56500,279.1
79891,4940,56800,280.6
79901,4940,56500,279.1
79911,4940,56800,280.6
79921,4940,56500,279.1
79931,4940,55800,275.7
79941,4940,57400,283.6
79951,4940,55800,275.7
79961,4940,57400,283.6
79971,4940,55800,275.7
79981,4940,57400,283.6
79991,4940,55900,276.1
80001,4940,57400,283.6
80011,4940,55800,275.7
80021,4940,57400,283.6
80031,4940,55900,276.1
80041,4944,57400,283.8
80051,4940,56500,279.1
80061,4940,56800,280.6
80071,4940,59300,292.9
80081,4940,56800,280.6
80091,4940,57500,284.1
80101,4940,56000,276.6
80111,4940,57500,284.1
80121,4940,55800,275.7
80131,4940,57500,284.1
80141,4940,55800,275.7
80151,4940,57400,283.6
80161,4940,55800,275.7
80171,4940,57400,283.6
80181,4940,55800,275.7
80191,4940,57400,283.6
80201,4940,55800,275.7
80211,4940,57400,283.6
80221,4940,56400,278.6
80231,4940,56800,280.6
80241,4940,56500,279.1
80251,4940,56800,280.6
80261,4940,56500,279.1
80271,4940,56800,280.6
80281,4940,56500,279.1
80291,4940,55800,275.7
80301,4940,57400,283.6
80311,4940,55800,275.7
80321,4940,57500,284.1
80331,4940,55800,275.7
80341,4940,57400,283.6
80351,4940,55800,275.7
80361,4940,57300,283.1
80371,4940,55800,275.7
80381,4940,57400,283.6
80391,4940,55900,276.1
80401,4940,57400,283.6
80411,4940,56500,279.1
80421,4940,56700,280.1
80431,4940,56500,279.1
80441,4940,56800,280.6
80451,4940,57400,283.6
80461,4940,55800,275.7
80471,4940,57400,283.6
80481,4940,55900,276.1
80491,4940,57400,283.6
80501,4940,55800,275.7
80511,4940,57400,283.6
80521,4940,55800,275.7
80531,4940,57500,284.1
80541,4940,55800,275.7
80551,4944,57400,283.8
80561,4936,55900,275.9
80571,4940,57400,283.6
80581,4940,59200,292.4
80591,4940,56800,280.6
80601,4940,56500,279.1
80611,4940,56800,280.6
80621,4940,56500,279.1
80631,4940,56800,280.6
80642,4940,57400,283.6
80651,4940,55800,275.7
80661,4940,57400,283.6
80671,4940,55800,275.7
80681,4940,57500,284.1
80691,4940,55800,275.7
80701,4940,57400,283.6
80711,4940,55800,275.7
80721,4944,57400,283.8
80731,4940,55800,275.7
80741,4940,57400,283.6
80751,4940,56100,277.1
80761,4940,57400,283.6
80771,4940,56500,279.1
80781,4940,56900,281.1
80791,4940,56500,279.1
80801,4940,56700,280.1
80811,4940,57500,284.1
80821,4940,55800,275.7
80831,4940,57400,283.6
80841,4936,55800,275.4
80851,4940,57400,283.6
80861,4940,55900,276.1
80871,4940,57400,283.6
80881,4940,55800,275.7
80891,4940,57500,284.1
80901,4940,55900,276.1
80911,4940,57400,283.6
80921,4940,55900,276.1
80931,4940,57400,283.6
80941,4940,56500,279.1
80951,4940,56900,281.1
80961,4940,56500,279.1
80971,4940,56800,280.6
80981,4940,56800,280.6
80991,4940,56700,280.1
81001,4944,57000,281.8
81011,4940,55800,275.7
81021,4940,57400,283.6
81031,4940,55800,275.7
81041,4940,57400,283.6
81051,4940,55900,276.1
81061,4940,57400,283.6
81071,4940,55800,275.7
81081,4940,57500,284.1
81091,4748,143700,682.3
81101,4940,57400,283.6
81111,4936,56400,278.4
81121,4940,57200,282.6
81131,4940,56500,279.1
81141,4940,56700,280.1
81151,4940,56400,278.6
81161,4940,56700,280.1
81171,4940,56500,279.1
81181,4940,55900,276.1
81191,4940,57400,283.6
81201,4940,55900,276.1
81211,4940,57400,283.6
81221,4940,55800,275.7
81231,4940,57400,283.6
81241,4940,55800,275.7
81251,4940,57400,283.6
81261,4936,55800,275.4
81271,4944,57400,283.8
81281,4940,55800,275.7
81291,4940,57400,283.6
81301,4940,56600,279.6
81311,4940,56800,280.6
81321,4940,56500,279.1
81331,4940,56800,280.6
81341,4940,57100,282.1
81351,4940,56600,279.6
81361,4940,57200,282.6
81371,4936,55800,275.4
81381,4940,57400,283.6
81391,4940,55800,275.7
81401,4944,57400,283.8
81411,4940,55800,275.7
81421,4940,57400,283.6
81431,4940,55900,276.1
81441,4944,57400,283.8
81451,4940,55800,275.7
81461,4944,57400,283.8
81471,4940,56500,279.1
81481,4940,56900,281.1
81491,4940,56500,279.1
81501,4940,56800,280.6
81511,4940,56500,279.1
81521,4940,56700,280.1
81531,4940,56500,279.1
81541,4940,55800,275.7
81551,4940,57400,283.6
81561,4940,55800,275.7
81571,4940,57400,283.6
81581,4940,55800,275.7
81591,4940,57400,283.6
81601,4940,55800,275.7
81611,4940,57400,283.6
81621,4936,55800,275.4
81631,4940,57500,284.1
81641,4940,55700,275.2
81651,4940,57500,284.1
81661,4940,56500,279.1
81671,4940,56800,280.6
81681,4940,56500,279.1
81691,4940,56800,280.6
81701,4940,57300,283.1
81711,4940,56300,278.1
81721,4940,57400,283.6
81731,4940,55800,275.7
81741,4940,57300,283.1
81751,4940,55800,275.7
81761,4940,57400,283.6
81771,4940,55700,275.2
81781,4940,57400,283.6
81791,4940,55800,275.7
81801,4940,57400,283.6
81811,4940,55900,276.1
81821,4940,57400,283.6
81831,4940,56600,279.6
81841,4940,56700,280.1
81851,4940,56500,279.1
81861,4940,56800,280.6
81871,4940,56500,279.1
81881,4940,56800,280.6
81891,4940,56500,279.1
81901,4940,55900,276.1
81911,4944,57400,283.8
81921,4940,55900,276.1
81931,4944,57500,284.3
81941,4940,55800,275.7
81951,4940,57400,283.6
81961,4940,55800,275.7
81971,4940,57400,283.6
81981,4940,55800,275.7
81991,4944,57400,283.8
82001,4940,55800,275.7
82011,4940,57400,283.6
82021,4940,56400,278.6
82031,4940,56800,280.6
82041,4940,56400,278.6
82051,4940,56800,280.6
82061,4940,57400,283.6
82071,4940,55900,276.1
82081,4940,57500,284.1
82091,4940,55800,275.7
82101,4816,142700,687.2
82111,4940,55900,276.1
82121,4940,57400,283.6
82131,4940,55800,275.7
82141,4940,57400,283.6
82151,4940,55800,275.7
82161,4940,57400,283.6
82171,4940,55800,275.7
82181,4940,57400,283.6
82191,4940,56500,279.1
82201,4940,56700,280.1
82211,4940,56500,279.1
82221,4940,56800,280.6
82231,4940,56500,279.1
82241,4940,56800,280.6
82251,4940,56500,279.1
82261,4940,55800,275.7
82271,4940,57400,283.6
82281,4936,55800,275.4
82291,4940,57400,283.6
82301,4936,55800,275.4
82311,4940,57400,283.6
82321,4940,55800,275.7
82331,4940,57400,283.6
82342,4940,55800,275.7
82351,4940,57500,284.1
82361,4940,55900,276.1
82371,4940,57400,283.6
82381,4940,56500,279.1
82391,4940,56800,280.6
82401,4940,56500,279.1
82411,4940,56800,280.6
82421,4940,57400,283.6
82431,4940,55900,276.1
82441,4940,57400,283.6
82451,4940,55800,275.7
82461,4940,57400,283.6
82471,4940,55700,275.2
82481,4940,57400,283.6
82491,4940,55800,275.7
82501,4940,57500,284.1
82511,4940,55800,275.7
82521,4940,57400,283.6
82531,4940,55800,275.7
82541,4940,57400,283.6
82551,4940,56500,279.1
82561,4940,56800,280.6
82571,4940,56500,279.1
82581,4940,56800,280.6
82591,4940,56500,279.1
82601,4816,141900,683.4
82611,4940,56500,279.1
82621,4936,55800,275.4
82631,4940,57400,283.6
82641,4940,55800,275.7
82651,4940,57400,283.6
82661,4940,55800,275.7
82671,4940,57400,283.6
82681,4940,55800,275.7
82691,4940,57400,283.6
82701,4940,55800,275.7
82711,4940,57400,283.6
82721,4940,56000,276.6
82731,4940,57400,283.6
82741,4940,56500,279.1
82751,4940,56800,280.6
82761,4940,56500,279.1
82771,4940,56700,280.1
82781,4940,57400,283.6
82791,4940,55800,275.7
82801,4940,57500,284.1
82811,4940,55800,275.7
82821,4940,57300,283.1
82831,4940,55800,275.7
82841,4944,57400,283.8
82851,4940,55800,275.7
82861,4940,57400,283.6
82871,4940,55800,275.7
82881,4940,57400,283.6
82891,4940,55800,275.7
82901,4940,57500,284.1
82911,4936,56400,278.4
82921,4940,56800,280.6
82931,4940,56500,279.1
82941,4940,56700,280.1
82951,4940,56600,279.6
82961,4940,56700,280.1
82971,4940,56700,280.1
82981,4940,55800,275.7
82991,4940,57400,283.6
83001,4940,55900,276.1
83011,4940,57500,284.1
83021,4940,55800,275.7
83031,4940,57300,283.1
83041,4940,55800,275.7
83051,4940,57400,283.6
83061,4940,55800,275.7
83071,4940,57400,283.6
83081,4940,56200,277.6
83091,4940,57300,283.1
83101,4892,157700,771.5
83111,4940,56800,280.6
83121,4940,56500,279.1
83131,4940,56800,280.6
83141,4940,56400,278.6
83151,4940,55800,275.7
83161,4944,57400,283.8
83171,4940,55800,275.7
83181,4940,57400,283.6
83191,4940,55800,275.7
83201,4940,57400,283.6
83211,4940,55800,275.7
83221,4940,57400,283.6
83231,4940,55800,275.7
83241,4940,57400,283.6
83251,4940,55800,275.7
83261,4940,57400,283.6
83271,4940,56400,278.6
83281,4940,56800,280.6
83291,4940,56400,278.6
83301,4940,56800,280.6
83311,4940,56700,280.1
83321,4940,56700,280.1
83331,4940,56800,280.6
83341,4940,55800,275.7
83351,4940,57400,283.6
83361,4940,55800,275.7
83371,4940,57300,283.1
83381,4940,55900,276.1
83391,4940,57400,283.6
83401,4940,55800,275.7
83411,4944,57400,283.8
83421,4940,55800,275.7
83431,4940,57400,283.6
83441,4940,56200,277.6
83451,4940,57300,283.1
83461,4940,56500,279.1
83471,4940,56800,280.6
83481,4940,56500,279.1
83491,4944,56800,280.8
83501,4940,56500,279.1
83511,4940,55800,275.7
83521,4940,57400,283.6
83531,4940,55800,275.7
83541,4940,57400,283.6
83551,4940,55800,275.7
83561,4940,57400,283.6
83571,4940,55800,275.7
83581,4940,57400,283.6
83591,4940,55800,275.7
83601,4936,74900,369.7
83611,4940,55800,275.7
83621,4944,57500,284.3
83631,4940,56600,279.6
83641,4940,56800,280.6
83651,4940,56500,279.1
83661,4940,56800,280.6
83671,4940,56800,280.6
83681,4940,56700,280.1
83691,4940,57000,281.6
83701,4936,55800,275.4
83711,4940,57400,283.6
83721,4940,55700,275.2
83731,4940,57400,283.6
83741,4936,55800,275.4
83751,4940,57500,284.1
83761,4940,55800,275.7
83771,4940,57400,283.6
83781,4940,55800,275.7
83791,4940,57400,283.6
83801,4940,56400,278.6
83811,4944,57100,282.3
83821,4940,56400,278.6
83831,4940,56800,280.6
83841,4940,56400,278.6
83851,4940,56800,280.6
83861,4940,56400,278.6
83871,4940,55800,275.7
83881,4940,57400,283.6
83891,4940,55900,276.1
83901,4940,57400,283.6
83911,4940,55800,275.7
83921,4944,57400,283.8
83931,4936,55800,275.4
83941,4940,57400,283.6
83951,4940,55800,275.7
83961,4940,57400,283.6
83971,4940,55800,275.7
83981,4940,57400,283.6
83991,4940,56400,278.6
84001,4940,56800,280.6
84011,4940,56400,278.6
84021,4940,56700,280.1
84031,4940,57100,282.1
84041,4940,56400,278.6
84052,4940,57400,283.6
84061,4936,55800,275.4
84071,4940,57400,283.6
84081,4940,55800,275.7
84091,4940,57400,283.6
84101,4936,55800,275.4
84111,4820,145100,699.4
84121,4940,55800,275.7
84131,4940,57400,283.6
84141,4940,55800,275.7
84151,4940,57400,283.6
84161,4936,56500,278.9
84171,4940,57000,281.6
84181,4940,56500,279.1
84191,4940,56700,280.1
84201,4940,56500,279.1
84211,4940,56700,280.1
84221,4940,56500,279.1
84231,4936,55900,275.9
84241,4940,57400,283.6
84251,4940,55800,275.7
84261,4940,57400,283.6
84271,4940,55800,275.7
84281,4940,57400,283.6
84291,4940,55800,275.7
84301,4940,57400,283.6
84311,4940,55800,275.7
84321,4940,57400,283.6
84331,4940,55900,276.1
84341,4940,57300,283.1
84351,4940,56400,278.6
84361,4940,56700,280.1
84371,4940,56400,278.6
84381,4940,56800,280.6
84391,4940,57200,282.6
84401,4940,56300,278.1
84411,4944,57300,283.3
84421,4940,55800,275.7
84431,4940,57400,283.6
84441,4940,55700,275.2
84451,4940,57500,284.1
84461,4936,55800,275.4
84471,4940,57400,283.6
84481,4940,55900,276.1
84491,4940,57400,283.6
84501,4940,55900,276.1
84511,4940,57400,283.6
84521,4940,56500,279.1
84531,4940,56800,280.6
84541,4940,56400,278.6
84551,4940,56800,280.6
84561,4940,56400,278.6
84571,4940,56800,280.6
84581,4940,56500,279.1
84591,4940,55800,275.7
84601,4940,57400,283.6
84611,4940,55800,275.7
84621,4820,139500,672.4
84631,4940,55900,276.1
84641,4940,57400,283.6
84651,4940,55800,275.7
84661,4940,57400,283.6
84671,4940,55800,275.7
84681,4940,57400,283.6
84691,4940,55800,275.7
84701,4940,57400,283.6
84711,4940,56500,279.1
84721,4940,56700,280.1
84731,4940,56500,279.1
84741,4940,56800,280.6
84751,4940,57400,283.6
84761,4940,56100,277.1
84771,4940,57400,283.6
84781,4936,55800,275.4
84791,4940,57400,283.6
84801,4940,55800,275.7
84811,4944,57400,283.8
84821,4940,55800,275.7
84831,4944,57500,284.3
84841,4940,55800,275.7
84851,4940,57400,283.6
84861,4940,55800,275.7
84871,4940,57400,283.6
84881,4940,56500,279.1
84891,4940,56800,280.6
84901,4940,56400,278.6
84911,4940,56700,280.1
84921,4940,56400,278.6
84931,4940,56700,280.1
84941,4940,56500,279.1
84951,4940,55800,275.7
84961,4940,57400,283.6
84971,4940,55800,275.7
84981,4940,57400,283.6
84991,4940,55800,275.7
85001,4940,57400,283.6
85011,4940,55800,275.7
85021,4940,57400,283.6
85031,4940,55800,275.7
85041,4940,57300,283.1
85051,4940,55900,276.1
85061,4940,57400,283.6
85071,4940,56500,279.1
85081,4940,56800,280.6
85091,4940,56400,278.6
85101,4940,56700,280.1
85111,4940,56400,278.6
85121,4820,137700,663.7
85131,4940,57500,284.1
85141,4936,55800,275.4
85151,4940,57500,284.1
85161,4940,55800,275.7
85171,4944,57300,283.3
85181,4940,55800,275.7
85191,4940,57400,283.6
85201,4940,55800,275.7
85211,4940,57400,283.6
85221,4940,55800,275.7
85231,4940,57500,284.1
85241,4940,56400,278.6
85251,4940,56700,280.1
85261,4940,56400,278.6
85271,4944,56800,280.8
85281,4940,56500,279.1
85291,4940,56700,280.1
85301,4940,56500,279.1
85311,4936,55800,275.4
85321,4944,57400,283.8
85331,4940,55800,275.7
85341,4940,57400,283.6
85351,4940,55800,275.7
85361,4944,57400,283.8
85371,4940,55800,275.7
85381,4940,57400,283.6
85391,4940,55700,275.2
85401,4940,57500,284.1
85411,4940,55900,276.1
85421,4940,57400,283.6
85431,4940,56500,279.1
85441,4940,56800,280.6
85451,4940,56400,278.6
85461,4940,56800,280.6
85471,4940,56500,279.1
85481,4940,55800,275.7
85491,4940,57400,283.6
85501,4940,55800,275.7
85511,4940,57400,283.6
85521,4940,55800,275.7
85531,4940,57400,283.6
85541,4936,55800,275.4
85551,4940,57400,283.6
85561,4940,55800,275.7
85571,4940,57500,284.1
85581,4940,55800,275.7
85591,4940,57400,283.6
85601,4940,56500,279.1
85611,4940,56700,280.1
85621,4940,56400,278.6
85631,4836,134300,649.5
85641,4940,56500,279.1
85651,4940,56800,280.6
85661,4940,56700,280.1
85671,4940,55800,275.7
85681,4940,57500,284.1
85691,4940,55800,275.7
85701,4944,57400,283.8
85711,4940,55800,275.7
85721,4944,57400,283.8
85731,4940,55800,275.7
85741,4940,57400,283.6
85752,4940,55900,276.1
85761,4940,57400,283.6
85771,4940,56000,276.6
85781,4944,57400,283.8
85791,4940,56400,278.6
85801,4940,56800,280.6
85811,4940,56400,278.6
85821,4940,56700,280.1
85831,4940,56500,279.1
85841,4940,55800,275.7
85851,4940,57400,283.6
85861,4940,55800,275.7
85871,4940,57400,283.6
85881,4940,55800,275.7
85891,4940,57400,283.6
85901,4940,55800,275.7
85911,4944,57400,283.8
85921,4940,55800,275.7
85931,4940,57400,283.6
85941,4940,55800,275.7
85951,4940,57400,283.6
85961,4940,56400,278.6
85971,4940,56800,280.6
85981,4940,56500,279.1
85991,4940,56800,280.6
86001,4940,56800,280.6
86011,4940,56700,280.1
86021,4940,56900,281.1
86031,4940,55800,275.7
86041,4940,57400,283.6
86051,4940,55900,276.1
86061,4940,57400,283.6
86071,4940,55800,275.7
86081,4940,57400,283.6
86091,4940,55800,275.7
86101,4940,57400,283.6
86111,4940,55800,275.7
86121,4940,57500,284.1
86131,4940,59100,292.0
86141,4940,57300,283.1
86151,4940,56500,279.1
86161,4940,56800,280.6
86171,4940,56500,279.1
86181,4940,56800,280.6
86191,4940,56500,279.1
86201,4940,55800,275.7
86211,4944,57400,283.8
86221,4940,55900,276.1
86231,4940,57400,283.6
86241,4940,55800,275.7
86251,4940,57500,284.1
86261,4940,55900,276.1
86271,4940,57400,283.6
86281,4940,55800,275.7
86291,4940,57400,283.6
86301,4936,55900,275.9
86311,4940,57400,283.6
86321,4940,56500,279.1
86331,4940,56900,281.1
86341,4940,56500,279.1
86351,4940,56800,280.6
86361,4940,56900,281.1
86371,4940,56600,279.6
86381,4940,57100,282.1
86391,4940,55800,275.7
86401,4940,57400,283.6
86411,4940,55800,275.7
86421,4940,57400,283.6
86431,4940,55800,275.7
86441,4940,57400,283.6
86451,4940,55800,275.7
86461,4940,57400,283.6
86471,4940,55800,275.7
86481,4940,57500,284.1
86491,4940,56500,279.1
86501,4940,57000,281.6
86511,4940,56400,278.6
86521,4940,56700,280.1
86531,4940,56500,279.1
86541,4940,56700,280.1
86551,4940,56500,279.1
86561,4940,55800,275.7
86571,4940,57400,283.6
86581,4940,55800,275.7
86591,4940,57300,283.1
86601,4940,55900,276.1
86611,4940,57400,283.6
86621,4936,55700,274.9
86631,4940,57400,283.6
86641,4820,55800,269.0
86651,4940,57400,283.6
86661,4940,55800,275.7
86671,4940,57400,283.6
86681,4940,56500,279.1
86691,4940,56700,280.1
86701,4940,56500,279.1
86711,4940,56700,280.1
86721,4940,56500,279.1
86731,4940,56400,278.6
86741,4940,57200,282.6
86751,4940,55800,275.7
86761,4944,57500,284.3
86771,4940,55800,275.7
86781,4940,57400,283.6
86791,4940,55800,275.7
86801,4940,57400,283.6
86811,4940,55700,275.2
86821,4940,57400,283.6
86831,4936,55800,275.4
86841,4940,57400,283.6
86851,4940,56500,279.1
86861,4944,56800,280.8
86871,4940,56500,279.1
86881,4940,56800,280.6
86891,4940,56400,278.6
86901,4940,56800,280.6
86911,4940,56500,279.1
86921,4940,55800,275.7
86931,4940,57400,283.6
86941,4940,55800,275.7
86951,4944,57400,283.8
86961,4940,55800,275.7
86971,4940,57400,283.6
86981,4940,55800,275.7
86991,4940,57400,283.6
87001,4940,55800,275.7
87011,4940,57400,283.6
87021,4940,55800,275.7
87031,4940,57400,283.6
87041,4940,56400,278.6
87051,4940,56700,280.1
87061,4940,56500,279.1
87071,4940,56800,280.6
87081,4940,56400,278.6
87091,4940,56100,277.1
87101,4940,57400,283.6
87111,4940,55800,275.7
87121,4940,57400,283.6
87131,4940,55800,275.7
87141,4940,57400,283.6
87151,4940,55800,275.7
87161,4944,57500,284.3
87171,4940,55900,276.1
87181,4940,57400,283.6
87191,4940,55800,275.7
87201,4940,57400,283.6
87211,4940,56500,279.1
87221,4940,56800,280.6
87231,4940,56500,279.1
87241,4940,56800,280.6
87251,4940,56500,279.1
87261,4940,56700,280.1
87271,4940,56400,278.6
87281,4940,55800,275.7
87291,4940,57400,283.6
87301,4940,55800,275.7
87311,4940,57400,283.6
87321,4940,55800,275.7
87331,4940,57400,283.6
87341,4940,55800,275.7
87351,4940,57400,283.6
87361,4940,55800,275.7
87371,4940,57400,283.6
87381,4936,55800,275.4
87391,4940,57400,283.6
87401,4940,56500,279.1
87411,4940,56800,280.6
87421,4940,56500,279.1
87431,4940,56800,280.6
87441,4940,56500,279.1
87451,4940,56000,276.6
87462,4944,57400,283.8
87471,4940,55800,275.7
87481,4940,57400,283.6
87491,4936,55800,275.4
87501,4940,57500,284.1
87511,4940,55800,275.7
87521,4940,57400,283.6
87531,4940,55900,276.1
87541,4940,57400,283.6
87551,4940,55800,275.7
87561,4940,57400,283.6
87571,4940,56500,279.1
87581,4940,56700,280.1
87591,4940,56400,278.6
87601,4940,56700,280.1
87611,4940,56500,279.1
87621,4940,56800,280.6
87631,4940,56500,279.1
87641,4940,55800,275.7
87651,4732,139500,660.1
87661,4940,55800,275.7
87671,4940,57500,284.1
87681,4940,55800,275.7
87691,4940,57500,284.1
87701,4940,55800,275.7
87711,4944,57400,283.8
87721,4936,55900,275.9
87731,4940,57400,283.6
87741,4940,55900,276.1
87751,4940,57400,283.6
87761,4940,56400,278.6
87771,4940,56800,280.6
87781,4940,56500,279.1
87791,4940,56800,280.6
87801,4940,56500,279.1
87811,4940,55900,276.1
87821,4940,57500,284.1
87831,4940,55800,275.7
87841,4940,57400,283.6
87851,4940,55900,276.1
87861,4940,57400,283.6
87871,4940,55800,275.7
87881,4940,57400,283.6
87891,4936,55800,275.4
87901,4940,57400,283.6
87911,4940,55800,275.7
87921,4940,57400,283.6
87931,4936,56500,278.9
87941,4940,56700,280.1
87951,4940,56500,279.1
87961,4940,56700,280.1
87971,4940,56500,279.1
87981,4940,56800,280.6
87991,4940,56500,279.1
88001,4940,55800,275.7
88011,4940,57400,283.6
88021,4940,55800,275.7
88031,4940,57400,283.6
88041,4940,55800,275.7
88051,4940,57400,283.6
88061,4940,55800,275.7
88071,4940,57500,284.1
88081,4940,55800,275.7
88091,4940,57400,283.6
88101,4936,56000,276.4
88111,4940,57400,283.6
88121,4940,56400,278.6
88131,4940,56800,280.6
88141,4940,56500,279.1
88151,4820,200000,964.0
88161,4940,56500,279.1
88171,4940,55800,275.7
88181,4940,57400,283.6
88191,4940,55800,275.7
88201,4940,57400,283.6
88211,4940,55800,275.7
88221,4940,57400,283.6
88231,4940,55800,275.7
88241,4940,57400,283.6
88251,4940,55800,275.7
88261,4940,57400,283.6
88271,4940,55800,275.7
88281,4940,57500,284.1
88291,4940,56400,278.6
88301,4940,56800,280.6
88311,4940,56500,279.1
88321,4940,56700,280.1
88331,4940,56700,280.1
88341,4940,56800,280.6
88351,4940,56800,280.6
88361,4940,55800,275.7
88371,4944,57500,284.3
88381,4940,55800,275.7
88391,4940,57500,284.1
88401,4940,55900,276.1
88411,4944,57400,283.8
88421,4940,55900,276.1
88431,4940,57400,283.6
88441,4936,55800,275.4
88451,4940,57400,283.6
88461,4940,56200,277.6
88471,4940,57300,283.1
88481,4940,56500,279.1
88491,4940,56800,280.6
88501,4940,56500,279.1
88511,4940,56700,280.1
88521,4940,56500,279.1
88531,4940,55800,275.7
88541,4940,57400,283.6
88551,4940,55800,275.7
88561,4940,57400,283.6
88571,4940,55800,275.7
88581,4940,57400,283.6
88591,4940,55800,275.7
88601,4940,57400,283.6
88611,4940,55800,275.7
88621,4940,57400,283.6
88631,4940,55900,276.1
88641,4940,57400,283.6
88651,4940,56500,279.1
88661,4700,115400,542.4
88671,4940,56400,278.6
88681,4940,56800,280.6
88691,4940,56500,279.1
88701,4940,56800,280.6
88711,4940,56900,281.1
88721,4940,55800,275.7
88731,4940,57400,283.6
88741,4940,55800,275.7
88751,4940,57400,283.6
88761,4936,55800,275.4
88771,4940,57400,283.6
88781,4940,55800,275.7
88791,4940,57400,283.6
88801,4940,55900,276.1
88811,4940,57400,283.6
88821,4940,56300,278.1
88831,4944,57200,282.8
88841,4940,56400,278.6
88851,4940,56800,280.6
88861,4940,56500,279.1
88871,4940,56700,280.1
88881,4940,56500,279.1
88891,4940,55800,275.7
88901,4940,57400,283.6
88911,4940,55800,275.7
88921,4940,57400,283.6
88931,4936,55900,275.9
88941,4940,57400,283.6
88951,4940,55800,275.7
88961,4940,57400,283.6
88971,4940,55800,275.7
88981,4940,57400,283.6
88991,4940,55800,275.7
89001,4940,57400,283.6
89011,4940,56400,278.6
89021,4940,56800,280.6
89031,4940,56500,279.1
89041,4940,56700,280.1
89051,4940,56400,278.6
89061,4940,56500,279.1
89071,4940,57200,282.6
89081,4936,55800,275.4
89091,4940,57400,283.6
89101,4936,55800,275.4
89111,4940,57400,283.6
89121,4940,55800,275.7
89131,4940,57400,283.6
89141,4940,55800,275.7
89151,4940,57400,283.6
89161,4820,194400,937.0
89172,4940,57200,282.6
89181,4940,56500,279.1
89191,4944,57000,281.8
89201,4940,56500,279.1
89211,4940,56800,280.6
89221,4940,56500,279.1
89231,4940,56800,280.6
89241,4940,56500,279.1
89251,4940,55800,275.7
89261,4940,57400,283.6
89271,4940,55800,275.7
89281,4940,57300,283.1
89291,4940,55700,275.2
89301,4940,57400,283.6
89311,4940,55800,275.7
89321,4944,57400,283.8
89331,4940,55800,275.7
89341,4940,57400,283.6
89351,4936,55900,275.9
89361,4944,57400,283.8
89371,4940,56500,279.1
89381,4940,56800,280.6
89391,4940,56500,279.1
89401,4940,56800,280.6
89411,4940,56500,279.1
89421,4940,56300,278.1
89431,4940,57300,283.1
89441,4936,55800,275.4
89451,4940,57400,283.6
89461,4940,55800,275.7
89471,4940,57400,283.6
89481,4936,55800,275.4
89491,4940,57300,283.1
89501,4940,55800,275.7
89511,4944,57400,283.8
89521,4940,55800,275.7
89531,4940,57400,283.6
89541,4940,56500,279.1
89551,4940,56800,280.6
89561,4940,56400,278.6
89571,4940,56800,280.6
89581,4940,56400,278.6
89591,4940,56700,280.1
89601,4940,56500,279.1
89611,4940,55800,275.7
89621,4940,57400,283.6
89631,4940,55800,275.7
89641,4944,57300,283.3
89651,4940,55800,275.7
89661,4824,148200,714.9
89671,4940,55900,276.1
89681,4940,57400,283.6
89691,4940,55800,275.7
89701,4940,57400,283.6
89711,4940,55800,275.7
89721,4940,57400,283.6
89731,4940,56500,279.1
89741,4940,56800,280.6
89751,4940,56500,279.1
89761,4940,56800,280.6
89771,4940,56500,279.1
89781,4940,56200,277.6
89791,4940,57400,283.6
89801,4940,55800,275.7
89811,4940,57400,283.6
89821,4940,55800,275.7
89831,4940,57400,283.6
89841,4940,55800,275.7
89851,4944,57400,283.8
89861,4936,55800,275.4
89871,4940,57500,284.1
89881,4940,55800,275.7
89891,4940,57400,283.6
89901,4940,56500,279.1
89911,4940,56700,280.1
89921,4940,56500,279.1
89931,4940,56700,280.1
89941,4940,56400,278.6
89951,4940,56800,280.6
89961,4940,56400,278.6
89971,4940,55800,275.7
89981,4940,57500,284.1
89991,4940,55800,275.7
90001,4940,57500,284.1
90011,4940,55800,275.7
90021,4940,57400,283.6
90031,4940,55900,276.1
90041,4940,57400,283.6
90051,4940,55800,275.7
90061,4940,57400,283.6
90071,4940,55900,276.1
90081,4940,57300,283.1
90091,4940,56400,278.6
90101,4940,56800,280.6
90111,4940,56500,279.1
90121,4940,56800,280.6
90131,4940,56400,278.6
90141,4940,55900,276.1
90151,4940,57500,284.1
90161,4940,55700,275.2
90171,4720,134500,634.8
90181,4940,55900,276.1
90191,4940,57400,283.6
90201,4940,55800,275.7
90211,4940,57400,283.6
90221,4940,55900,276.1
90231,4940,57400,283.6
90241,4940,55800,275.7
90251,4940,57400,283.6
90261,4940,56500,279.1
90271,4940,56700,280.1
90281,4940,56400,278.6
90291,4940,56800,280.6
90301,4940,56500,279.1
90311,4940,56700,280.1
90321,4940,56400,278.6
90331,4940,55800,275.7
90341,4940,57400,283.6
90351,4940,55800,275.7
90361,4940,57400,283.6
90371,4940,55800,275.7
90381,4944,57400,283.8
90391,4940,55700,275.2
90401,4940,57400,283.6
90411,4940,55800,275.7
90421,4940,57400,283.6
90431,4940,55900,276.1
90441,4940,57400,283.6
90451,4940,56500,279.1
90461,4940,56800,280.6
90471,4940,56400,278.6
90481,4940,56700,280.1
90491,4940,56400,278.6
90501,4940,55800,275.7
90511,4940,57400,283.6
90521,4940,55800,275.7
90531,4940,57400,283.6
90541,4940,55800,275.7
90551,4940,57400,283.6
90561,4936,55900,275.9
90571,4940,57400,283.6
90581,4936,55800,275.4
90591,4940,57500,284.1
90601,4936,55900,275.9
90611,4944,57400,283.8
90621,4940,56500,279.1
90631,4940,56800,280.6
90641,4940,56500,279.1
90651,4940,56800,280.6
90661,4940,56400,278.6
90671,4812,142000,683.3
90681,4940,56600,279.6
90691,4940,55800,275.7
90701,4940,57400,283.6
90711,4940,55800,275.7
90721,4940,57400,283.6
90731,4936,55800,275.4
90741,4940,57400,283.6
90751,4940,55800,275.7
90761,4940,57400,283.6
90771,4936,55800,275.4
90781,4940,57400,283.6
90791,4940,56000,276.6
90801,4944,57400,283.8
90811,4940,56500,279.1
90821,4940,56800,280.6
90831,4940,56500,279.1
90841,4940,56800,280.6
90851,4940,56500,279.1
90861,4940,55800,275.7
90872,4940,57500,284.1
90881,4940,55800,275.7
90891,4944,57400,283.8
90901,4940,55800,275.7
90911,4940,57400,283.6
90921,4940,55900,276.1
90931,4940,57400,283.6
90941,4940,55800,275.7
90951,4940,57400,283.6
90961,4940,55800,275.7
90971,4940,57400,283.6
90981,4940,56400,278.6
90991,4940,56800,280.6
91001,4940,56500,279.1
91011,4940,56800,280.6
91021,4940,56500,279.1
91031,4940,56700,280.1
91041,4940,56800,280.6
91051,4940,55800,275.7
91061,4940,57300,283.1
91071,4936,55900,275.9
91081,4940,57400,283.6
91091,4940,55800,275.7
91101,4944,57400,283.8
91111,4940,55700,275.2
91121,4940,57400,283.6
91131,4940,55900,276.1
91141,4940,57400,283.6
91151,4940,56300,278.1
91161,4940,57200,282.6
91171,4900,159600,782.0
91181,4940,56800,280.6
91191,4940,56400,278.6
91201,4940,56800,280.6
91211,4940,56400,278.6
91221,4940,55800,275.7
91231,4940,57400,283.6
91241,4940,55800,275.7
91251,4940,57500,284.1
91261,4940,55900,276.1
91271,4940,57400,283.6
91281,4940,55800,275.7
91291,4940,57400,283.6
91301,4940,55800,275.7
91311,4940,57500,284.1
91321,4940,55800,275.7
91331,4940,57400,283.6
91341,4940,56500,279.1
91351,4940,56800,280.6
91361,4940,56400,278.6
91371,4940,56800,280.6
91381,4940,56500,279.1
91391,4940,56700,280.1
91401,4940,57100,282.1
91411,4940,55800,275.7
91421,4940,57400,283.6
91431,4940,55800,275.7
91441,4940,57400,283.6
91451,4940,55800,275.7
91461,4940,57400,283.6
91471,4940,55800,275.7
91481,4940,57400,283.6
91491,4936,55800,275.4
91501,4940,57500,284.1
91511,4940,56400,278.6
91521,4940,57100,282.1
91531,4940,56500,279.1
91541,4940,56700,280.1
91551,4940,56500,279.1
91561,4940,56800,280.6
91571,4940,56500,279.1
91581,4940,55800,275.7
91591,4940,57400,283.6
91601,4940,55800,275.7
91611,4940,57400,283.6
91621,4940,55800,275.7
91631,4940,57400,283.6
91641,4936,55800,275.4
91651,4940,57400,283.6
91661,4940,55800,275.7
91671,4940,57400,283.6
91681,4816,140200,675.2
91691,4940,57400,283.6
91701,4940,56500,279.1
91711,4940,56700,280.1
91721,4940,56500,279.1
91731,4940,56800,280.6
91741,4940,56500,279.1
91751,4940,56600,279.6
91761,4940,57200,282.6
91771,4940,55900,276.1
91781,4944,57400,283.8
91791,4940,55800,275.7
91801,4940,57400,283.6
91811,4940,55700,275.2
91821,4944,57300,283.3
91831,4940,55800,275.7
91841,4940,57300,283.1
91851,4940,55800,275.7
91861,4940,57400,283.6
91871,4940,56500,279.1
91881,4940,56900,281.1
91891,4940,56500,279.1
91901,4940,56800,280.6
91911,4940,56500,279.1
91921,4940,56800,280.6
91931,4940,56500,279.1
91941,4936,55900,275.9
91951,4944,57400,283.8
91961,4940,55800,275.7
91971,4940,57500,284.1
91981,4940,55800,275.7
91991,4940,57400,283.6
92001,4940,55800,275.7
92011,4940,57400,283.6
92021,4940,55800,275.7
92031,4940,57400,283.6
92041,4940,55800,275.7
92051,4940,57400,283.6
92061,4940,56400,278.6
92071,4940,56800,280.6
92081,4940,56500,279.1
92091,4940,56700,280.1
92101,4940,56400,278.6
92111,4940,56200,277.6
92121,4940,57400,283.6
92131,4940,55800,275.7
92141,4940,57400,283.6
92151,4936,55800,275.4
92161,4940,57300,283.1
92171,4940,55800,275.7
92181,4940,57400,283.6
92191,4828,202200,976.2
92201,4940,57400,283.6
92211,4940,55800,275.7
92221,4940,57400,283.6
92231,4940,56500,279.1
92241,4940,56800,280.6
92251,4940,56500,279.1
92261,4940,56800,280.6
92271,4940,56500,279.1
92281,4940,56700,280.1
92291,4940,56400,278.6
92301,4940,55800,275.7
92311,4940,57400,283.6
92321,4940,55800,275.7
92331,4940,57400,283.6
92341,4940,55800,275.7
92351,4940,57400,283.6
92361,4940,55900,276.1
92371,4940,57400,283.6
92381,4940,55800,275.7
92391,4940,57400,283.6
92401,4940,55900,276.1
92411,4940,57400,283.6
92421,4940,56400,278.6
92431,4940,56800,280.6
92441,4940,56500,279.1
92451,4940,56700,280.1
92461,4940,56500,279.1
92471,4940,56000,276.6
92481,4944,57400,283.8
92491,4940,55800,275.7
92501,4944,57400,283.8
92511,4940,55800,275.7
92521,4940,57400,283.6
92531,4940,55800,275.7
92541,4940,57400,283.6
92551,4940,55800,275.7
92561,4940,57300,283.1
92571,4940,55800,275.7
92582,4940,56700,280.1
92591,4940,56500,279.1
92601,4940,56700,280.1
92611,4940,56400,278.6
92621,4940,56700,280.1
92631,4940,56400,278.6
92641,4940,56700,280.1
92651,4940,56500,279.1
92661,4940,55700,275.2
92671,4940,57400,283.6
92681,4940,55800,275.7
92691,4812,135500,652.0
92701,4940,55800,275.7
92711,4940,57400,283.6
92721,4936,55800,275.4
92731,4940,57400,283.6
92741,4940,55800,275.7
92751,4940,57400,283.6
92761,4940,55800,275.7
92771,4940,57400,283.6
92781,4940,56400,278.6
92791,4940,56700,280.1
92801,4940,56500,279.1
92811,4940,56800,280.6
92821,4940,56500,279.1
92831,4940,55900,276.1
92841,4940,57500,284.1
92851,4940,55800,275.7
92861,4940,57400,283.6
92871,4940,55800,275.7
92881,4940,57400,283.6
92891,4940,55800,275.7
92901,4940,57500,284.1
92911,4940,55800,275.7
92921,4940,57400,283.6
92931,4940,55800,275.7
92941,4940,57400,283.6
92951,4936,56500,278.9
92961,4940,56700,280.1
92971,4940,56400,278.6
92981,4940,56800,280.6
92991,4940,56500,279.1
93001,4940,56800,280.6
93011,4940,56500,279.1
93021,4940,55800,275.7
93031,4944,57400,283.8
93041,4940,55800,275.7
93051,4940,57400,283.6
93061,4940,55700,275.2
93071,4940,57400,283.6
93081,4940,55800,275.7
93091,4940,57400,283.6
93101,4940,55800,275.7
93111,4940,57300,283.1
93121,4936,55900,275.9
93131,4940,57400,283.6
93141,4940,56400,278.6
93151,4940,56800,280.6
93161,4940,56400,278.6
93171,4940,56800,280.6
93181,4940,56400,278.6
93191,4940,55700,275.2
93201,4940,57400,283.6
93211,4940,55800,275.7
93221,4940,57400,283.6
93231,4940,55800,275.7
93241,4940,57400,283.6
93251,4940,55700,275.2
93261,4940,57400,283.6
93271,4940,55800,275.7
93281,4940,57400,283.6
93291,4936,55800,275.4
93301,4940,57400,283.6
93311,4936,56400,278.4
93321,4940,56700,280.1
93331,4940,56500,279.1
93341,4940,56700,280.1
93351,4940,56500,279.1
93361,4940,56800,280.6
93371,4940,56600,279.6
93381,4940,55800,275.7
93391,4940,57400,283.6
93401,4940,55900,276.1
93411,4940,57400,283.6
93421,4940,55800,275.7
93431,4940,57300,283.1
93441,4940,55800,275.7
93451,4940,57500,284.1
93461,4940,55800,275.7
93471,4940,57400,283.6
93481,4936,56000,276.4
93491,4940,57400,283.6
93501,4940,56500,279.1
93511,4940,56800,280.6
93521,4940,56500,279.1
93531,4940,56800,280.6
93541,4940,56400,278.6
93551,4940,55700,275.2
93561,4940,57400,283.6
93571,4940,55800,275.7
93581,4940,57400,283.6
93591,4940,55800,275.7
93601,4940,57400,283.6
93611,4940,55800,275.7
93621,4940,57400,283.6
93631,4940,55800,275.7
93641,4944,57400,283.8
93651,4940,55800,275.7
93661,4940,57400,283.6
93671,4940,56500,279.1
93681,4940,56800,280.6
93691,4940,56500,279.1
93701,4816,142800,687.7
93711,4940,56500,279.1
93721,4940,56800,280.6
93731,4944,56700,280.3
93741,4940,55800,275.7
93751,4940,57500,284.1
93761,4940,55800,275.7
93771,4940,57400,283.6
93781,4940,55800,275.7
93791,4940,57400,283.6
93801,4940,55800,275.7
93811,4940,57400,283.6
93821,4940,55800,275.7
93831,4940,57400,283.6
93841,4940,56000,276.6
93851,4940,57500,284.1
93861,4940,56500,279.1
93871,4940,56800,280.6
93881,4940,56400,278.6
93891,4940,56700,280.1
93901,4940,56500,279.1
93911,4940,55800,275.7
93921,4940,57400,283.6
93931,4936,55800,275.4
93941,4940,57400,283.6
93951,4940,55800,275.7
93961,4944,57400,283.8
93971,4940,55800,275.7
93981,4940,57400,283.6
93991,4940,55800,275.7
94001,4940,57400,283.6
94011,4940,55800,275.7
94021,4940,57400,283.6
94031,4940,56400,278.6
94041,4940,56800,280.6
94051,4940,56500,279.1
94061,4940,56700,280.1
94071,4940,56500,279.1
94081,4940,56800,280.6
94091,4940,56800,280.6
94101,4940,55800,275.7
94111,4940,57400,283.6
94121,4940,55800,275.7
94131,4944,57500,284.3
94141,4940,55800,275.7
94151,4940,57400,283.6
94161,4940,55800,275.7
94171,4940,57400,283.6
94181,4940,55800,275.7
94191,4944,57400,283.8
94201,4940,56300,278.1
94211,4808,133300,640.9
94221,4940,56500,279.1
94231,4940,56800,280.6
94241,4940,56500,279.1
94251,4940,56800,280.6
94261,4940,56500,279.1
94271,4940,55800,275.7
94282,4944,57400,283.8
94291,4940,55800,275.7
94301,4940,57500,284.1
94311,4940,55800,275.7
94321,4940,57400,283.6
94331,4940,55800,275.7
94341,4940,57400,283.6
94351,4940,55800,275.7
94361,4944,57400,283.8
94371,4936,55800,275.4
94381,4940,57400,283.6
94391,4940,56500,279.1
94401,4940,56800,280.6
94411,4940,56500,279.1
94421,4940,56800,280.6
94431,4940,56400,278.6
94441,4940,56700,280.1
94451,4940,57000,281.6
94461,4940,55800,275.7
94471,4940,57400,283.6
94481,4940,55800,275.7
94491,4940,57400,283.6
94501,4940,55800,275.7
94511,4944,57400,283.8
94521,4936,55900,275.9
94531,4940,57400,283.6
94541,4940,55800,275.7
94551,4940,57400,283.6
94561,4940,56400,278.6
94571,4940,57200,282.6
94581,4940,56500,279.1
94591,4940,56800,280.6
94601,4940,56500,279.1
94611,4940,56800,280.6
94621,4940,56500,279.1
94631,4940,55800,275.7
94641,4940,57400,283.6
94651,4940,55900,276.1
94661,4940,57400,283.6
94671,4940,55800,275.7
94681,4940,57400,283.6
94691,4940,55800,275.7
94701,4940,57400,283.6
94711,4928,152000,749.1
94721,4940,57500,284.1
94731,4940,55800,275.7
94741,4940,57400,283.6
94751,4940,56500,279.1
94761,4940,56800,280.6
94771,4940,56500,279.1
94781,4940,56700,280.1
94791,4940,56400,278.6
94801,4940,56600,279.6
94811,4940,57000,281.6
94821,4940,55800,275.7
94831,4940,57400,283.6
94841,4936,55800,275.4
94851,4940,57400,283.6
94861,4940,55800,275.7
94871,4940,57400,283.6
94881,4940,55800,275.7
94891,4940,57400,283.6
94901,4940,55900,276.1
94911,4940,57400,283.6
94921,4936,56500,278.9
94931,4940,57000,281.6
94941,4940,56500,279.1
94951,4940,56800,280.6
94961,4940,56400,278.6
94971,4940,56800,280.6
94981,4940,56500,279.1
94991,4940,55900,276.1
95001,4940,57400,283.6
95011,4940,55800,275.7
95021,4940,57500,284.1
95031,4940,55900,276.1
95041,4940,57400,283.6
95051,4936,55900,275.9
95061,4940,57400,283.6
95071,4940,55800,275.7
95081,4940,57500,284.1
95091,4940,55800,275.7
95101,4940,57400,283.6
95111,4940,56500,279.1
95121,4940,56800,280.6
95131,4940,56400,278.6
95141,4940,56700,280.1
95151,4940,56500,279.1
95161,4940,56400,278.6
95171,4940,57300,283.1
95181,4936,55800,275.4
95191,4944,57500,284.3
95201,4940,55800,275.7
95211,4940,57400,283.6
95221,4940,55900,276.1
95231,4940,57400,283.6
95241,4940,55900,276.1
95251,4940,57400,283.6
95261,4940,55800,275.7
95271,4940,57500,284.1
95281,4940,56500,279.1
95291,4940,56900,281.1
95301,4940,56500,279.1
95311,4940,56700,280.1
95321,4940,56400,278.6
95331,4940,56800,280.6
95341,4940,56400,278.6
95351,4940,55800,275.7
95361,4940,57400,283.6
95371,4940,55800,275.7
95381,4944,57500,284.3
95391,4940,55800,275.7
95401,4940,57500,284.1
95411,4940,55800,275.7
95421,4944,57400,283.8
95431,4940,55800,275.7
95441,4944,57400,283.8
95451,4940,55800,275.7
95461,4940,57400,283.6
95471,4940,56400,278.6
95481,4940,56700,280.1
95491,4940,56400,278.6
95501,4940,56800,280.6
95511,4940,56600,279.6
95521,4940,56300,278.1
95531,4940,57300,283.1
95541,4940,55800,275.7
95551,4940,57400,283.6
95561,4940,55800,275.7
95571,4940,57500,284.1
95581,4940,55800,275.7
95591,4940,57400,283.6
95601,4940,55900,276.1
95611,4944,57300,283.3
95621,4936,55900,275.9
95631,4944,57400,283.8
95641,4940,56500,279.1
95651,4940,56700,280.1
95661,4940,56400,278.6
95671,4940,56700,280.1
95681,4940,56500,279.1
95691,4940,56800,280.6
95701,4940,56500,279.1
95711,4940,55800,275.7
95721,4776,134900,644.3
95731,4940,55800,275.7
95741,4940,57400,283.6
95751,4940,55800,275.7
95761,4940,57500,284.1
95771,4940,55800,275.7
95781,4940,57400,283.6
95791,4940,55800,275.7
95801,4940,57500,284.1
95811,4940,55800,275.7
95821,4940,57400,283.6
95831,4940,56400,278.6
95841,4940,56700,280.1
95851,4940,56500,279.1
95861,4940,56800,280.6
95871,4940,56500,279.1
95881,4940,56100,277.1
95891,4940,57500,284.1
95901,4940,55800,275.7
95911,4940,57400,283.6
95921,4936,55900,275.9
95931,4940,57400,283.6
95941,4940,55800,275.7
95951,4940,57400,283.6
95961,4940,55800,275.7
95971,4940,57400,283.6
95981,4940,55800,275.7
95992,4940,56700,280.1
96001,4940,56500,279.1
96011,4940,56800,280.6
96021,4940,56500,279.1
96031,4940,56800,280.6
96041,4940,56400,278.6
96051,4940,56700,280.1
96061,4940,56400,278.6
96071,4940,55800,275.7
96081,4940,57400,283.6
96091,4940,55800,275.7
96101,4940,57400,283.6
96111,4940,55800,275.7
96121,4940,57400,283.6
96131,4940,55800,275.7
96141,4944,57400,283.8
96151,4940,55800,275.7
96161,4940,57400,283.6
96171,4940,55900,276.1
96181,4940,57400,283.6
96191,4940,56500,279.1
96201,4940,56800,280.6
96211,4940,56400,278.6
96221,4936,96400,475.8
96231,4940,56500,279.1
96241,4940,56000,276.6
96251,4940,57500,284.1
96261,4940,55800,275.7
96271,4940,57300,283.1
96281,4940,55800,275.7
96291,4940,57400,283.6
96301,4940,55800,275.7
96311,4940,57400,283.6
96321,4940,55900,276.1
96331,4940,57400,283.6
96341,4940,55800,275.7
96351,4940,57400,283.6
96361,4940,56400,278.6
96371,4940,56700,280.1
96381,4940,56500,279.1
96391,4940,56800,280.6
96401,4940,56400,278.6
96411,4940,56700,280.1
96421,4940,56500,279.1
96431,4940,55800,275.7
96441,4940,57400,283.6
96451,4940,55800,275.7
96461,4940,57400,283.6
96471,4940,55800,275.7
96481,4940,57400,283.6
96491,4940,55900,276.1
96501,4944,57300,283.3
96511,4940,55800,275.7
96521,4944,57300,283.3
96531,4940,55900,276.1
96541,4944,57400,283.8
96551,4940,56500,279.1
96561,4940,56700,280.1
96571,4940,56500,279.1
96581,4940,56700,280.1
96591,4940,56500,279.1
96601,4940,55800,275.7
96611,4940,57300,283.1
96621,4940,55800,275.7
96631,4940,57400,283.6
96641,4940,55800,275.7
96651,4940,57400,283.6
96661,4940,55800,275.7
96671,4944,57400,283.8
96681,4940,55800,275.7
96691,4940,57400,283.6
96701,4940,55800,275.7
96711,4944,57400,283.8
96721,4940,56400,278.6
96731,4700,124900,587.0
96741,4940,56500,279.1
96751,4940,56800,280.6
96761,4940,56400,278.6
96771,4940,56800,280.6
96781,4944,56600,279.8
96791,4940,55800,275.7
96801,4940,57400,283.6
96811,4940,55800,275.7
96821,4940,57400,283.6
96831,4940,55900,276.1
96841,4940,57400,283.6
96851,4940,55800,275.7
96861,4940,57400,283.6
96871,4936,55800,275.4
96881,4940,57400,283.6
96891,4940,55900,276.1
96901,4940,57400,283.6
96911,4940,56400,278.6
96921,4940,56700,280.1
96931,4940,56500,279.1
96941,4940,56800,280.6
96951,4940,56500,279.1
96961,4940,55800,275.7
96971,4940,57400,283.6
96981,4936,55800,275.4
96991,4940,57400,283.6
97001,4940,55900,276.1
97011,4940,57400,283.6
97021,4940,55900,276.1
97031,4940,57400,283.6
97041,4936,55800,275.4
97051,4940,57400,283.6
97061,4940,55800,275.7
97071,4940,57500,284.1
97081,4940,56400,278.6
97091,4940,56800,280.6
97101,4940,56500,279.1
97111,4940,56800,280.6
97121,4940,56500,279.1
97131,4940,56800,280.6
97141,4940,56800,280.6
97151,4940,55800,275.7
97161,4940,57400,283.6
97171,4936,55800,275.4
97181,4940,57400,283.6
97191,4940,55800,275.7
97201,4940,57400,283.6
97211,4940,55800,275.7
97221,4940,57400,283.6
97231,4776,163800,782.3
97241,4940,57400,283.6
97251,4936,56100,276.9
97261,4940,57400,283.6
97271,4940,56500,279.1
97281,4940,56800,280.6
97291,4940,56500,279.1
97301,4940,56800,280.6
97311,4940,56500,279.1
97321,4940,55700,275.2
97331,4940,57400,283.6
97341,4936,55800,275.4
97351,4940,57400,283.6
97361,4940,55800,275.7
97371,4940,57500,284.1
97381,4940,55800,275.7
97391,4940,57400,283.6
97401,4940,55800,275.7
97411,4940,57400,283.6
97421,4936,55900,275.9
97431,4940,57400,283.6
97441,4940,56400,278.6
97451,4940,56800,280.6
97461,4940,56500,279.1
97471,4940,56800,280.6
97481,4940,56500,279.1
97491,4940,56700,280.1
97501,4940,56900,281.1
97511,4940,55800,275.7
97521,4940,57400,283.6
97531,4940,55800,275.7
97541,4940,57400,283.6
97551,4940,55800,275.7
97561,4940,57400,283.6
97571,4940,55800,275.7
97581,4940,57400,283.6
97591,4940,55900,276.1
97601,4940,57400,283.6
97611,4940,56300,278.1
97621,4944,57300,283.3
97631,4940,56500,279.1
97641,4940,56800,280.6
97651,4940,56500,279.1
97661,4940,56800,280.6
97671,4940,56600,279.6
97681,4940,55800,275.7
97692,4940,57300,283.1
97701,4940,55800,275.7
97711,4940,57400,283.6
97721,4936,55800,275.4
97731,4940,57400,283.6
97741,4804,56400,270.9
97751,4940,57400,283.6
97761,4936,55800,275.4
97771,4940,57400,283.6
97781,4940,55800,275.7
97791,4940,57500,284.1
97801,4940,56500,279.1
97811,4940,56800,280.6
97821,4940,56500,279.1
97831,4940,56800,280.6
97841,4940,56500,279.1
97851,4940,56700,280.1
97861,4940,57000,281.6
97871,4936,55800,275.4
97881,4940,57400,283.6
97891,4940,55800,275.7
97901,4940,57400,283.6
97911,4940,55800,275.7
97921,4940,57400,283.6
97931,4940,55800,275.7
97941,4940,57400,283.6
97951,4936,55800,275.4
97961,4940,57400,283.6
97971,4940,56400,278.6
97981,4940,57100,282.1
97991,4940,56500,279.1
98001,4940,56800,280.6
98011,4940,56500,279.1
98021,4940,56800,280.6
98031,4940,56500,279.1
98041,4940,55800,275.7
98051,4940,57500,284.1
98061,4940,55800,275.7
98071,4940,57400,283.6
98081,4940,55900,276.1
98091,4940,57400,283.6
98101,4940,55800,275.7
98111,4940,57400,283.6
98121,4940,55800,275.7
98131,4944,57400,283.8
98141,4940,55800,275.7
98151,4940,57500,284.1
98161,4940,56500,279.1
98171,4940,56800,280.6
98181,4940,56500,279.1
98191,4940,56900,281.1
98201,4936,56500,278.9
98211,4940,56500,279.1
98221,4940,57300,283.1
98231,4940,55700,275.2
98241,4940,59100,292.0
98251,4936,55800,275.4
98261,4940,57400,283.6
98271,4940,55800,275.7
98281,4940,57300,283.1
98291,4940,55800,275.7
98301,4940,57500,284.1
98311,4940,55800,275.7
98321,4940,57400,283.6
98331,4940,56500,279.1
98341,4940,57100,282.1
98351,4940,56500,279.1
98361,4940,56800,280.6
98371,4940,56500,279.1
98381,4940,56800,280.6
98391,4940,56500,279.1
98401,4940,55800,275.7
98411,4940,57400,283.6
98421,4940,55900,276.1
98431,4940,57400,283.6
98441,4940,55800,275.7
98451,4940,57400,283.6
98461,4940,55800,275.7
98471,4940,57500,284.1
98481,4940,55800,275.7
98491,4940,57400,283.6
98501,4940,55900,276.1
98511,4940,57400,283.6
98521,4940,56500,279.1
98531,4940,56800,280.6
98541,4940,56500,279.1
98551,4940,56800,280.6
98561,4940,56400,278.6
98571,4940,56300,278.1
98581,4940,57400,283.6
98591,4940,55800,275.7
98601,4940,57400,283.6
98611,4940,55800,275.7
98621,4940,57400,283.6
98631,4940,55800,275.7
98641,4940,57400,283.6
98651,4940,55900,276.1
98661,4940,57400,283.6
98671,4940,55900,276.1
98681,4940,57400,283.6
98691,4940,56500,279.1
98701,4940,56800,280.6
98711,4940,56500,279.1
98721,4940,56800,280.6
98731,4940,56500,279.1
98741,4940,56800,280.6
98751,4940,56500,279.1
98761,4940,55800,275.7
98771,4940,57500,284.1
98781,4940,55800,275.7
98791,4940,57500,284.1
98801,4940,55800,275.7
98811,4940,57400,283.6
98821,4940,55900,276.1
98831,4944,57400,283.8
98841,4940,55900,276.1
98851,4940,57400,283.6
98861,4940,55800,275.7
98871,4940,57400,283.6
98881,4940,56500,279.1
98891,4940,56800,280.6
98901,4940,56500,279.1
98911,4940,56800,280.6
98921,4940,56500,279.1
98931,4940,56200,277.6
98941,4940,57400,283.6
98951,4940,55800,275.7
98961,4944,57400,283.8
98971,4940,55800,275.7
98981,4940,57400,283.6
98991,4940,55800,275.7
99001,4940,57500,284.1
99011,4940,55800,275.7
99021,4940,57500,284.1
99031,4940,55800,275.7
99041,4940,57400,283.6
99051,4940,56500,279.1
99061,4940,56700,280.1
99071,4940,56500,279.1
99081,4940,56800,280.6
99091,4940,56400,278.6
99101,4940,56800,280.6
99111,4940,56500,279.1
99121,4940,55800,275.7
99131,4940,57500,284.1
99141,4940,55800,275.7
99151,4940,57400,283.6
99161,4940,55800,275.7
99171,4940,57400,283.6
99181,4940,55800,275.7
99191,4940,57400,283.6
99201,4940,55800,275.7
99211,4940,57400,283.6
99221,4940,55800,275.7
99231,4940,57400,283.6
99241,4940,56500,279.1
99251,4820,204200,984.2
99261,4940,56500,279.1
99271,4940,56900,281.1
99281,4940,56500,279.1
99291,4940,56100,277.1
99301,4940,57500,284.1
99311,4940,55800,275.7
99321,4940,57500,284.1
99331,4940,55800,275.7
99341,4940,57400,283.6
99351,4940,55900,276.1
99361,4940,57300,283.1
99371,4940,55900,276.1
99381,4940,57400,283.6
99391,4940,55800,275.7
99402,4940,56800,280.6
99411,4940,56500,279.1
99421,4940,56700,280.1
99431,4940,56500,279.1
99441,4940,56800,280.6
99451,4940,56500,279.1
99461,4940,56700,280.1
99471,4944,56500,279.3
99481,4936,55800,275.4
99491,4940,57400,283.6
99501,4940,55800,275.7
99511,4940,57400,283.6
99521,4940,55900,276.1
99531,4940,57400,283.6
99541,4940,55800,275.7
99551,4940,57400,283.6
99561,4940,55800,275.7
99571,4940,57400,283.6
99581,4940,55900,276.1
99591,4940,57400,283.6
99601,4940,56500,279.1
99611,4940,56800,280.6
99621,4940,56500,279.1
99631,4940,56800,280.6
99641,4940,56400,278.6
99651,4940,55900,276.1
99661,4940,57400,283.6
99671,4940,55800,275.7
99681,4944,57400,283.8
99691,4940,55900,276.1
99701,4940,57500,284.1
99711,4940,55800,275.7
99721,4940,57400,283.6
99731,4940,55700,275.2
99741,4940,57400,283.6
99751,4936,55800,275.4
99761,4712,136900,645.1
99771,4940,56400,278.6
99781,4940,56700,280.1
99791,4940,56500,279.1
99801,4940,56700,280.1
99811,4940,56500,279.1
99821,4940,56800,280.6
99831,4940,56500,279.1
99841,4940,55800,275.7
99851,4940,57500,284.1
99861,4940,55800,275.7
99871,4940,57400,283.6
99881,4940,55800,275.7
99891,4940,57400,283.6
99901,4940,55900,276.1
99911,4944,57400,283.8
99921,4936,55900,275.9
99931,4940,57300,283.1
99941,4940,55900,276.1
99951,4940,57400,283.6
99961,4940,56400,278.6
99971,4940,56800,280.6
99981,4940,56400,278.6
99991,4940,56800,280.6
100001,4940,56500,279.1
100011,4940,55800,275.7
100021,4940,57400,283.6
100031,4940,55800,275.7
100041,4940,57400,283.6
100051,4940,55800,275.7
100061,4940,57300,283.1
100071,4940,55900,276.1
100081,4944,57400,283.8
100091,4940,55800,275.7
100101,4944,57500,284.3
100111,4940,55800,275.7
100121,4940,57400,283.6
100131,4940,56400,278.6
100141,4940,56700,280.1
100151,4940,56500,279.1
100161,4940,56800,280.6
100171,4940,56500,279.1
100181,4940,56700,280.1
100191,4940,56600,279.6
100201,4940,55800,275.7
100211,4940,57300,283.1
100221,4940,55800,275.7
100231,4940,57400,283.6
100241,4936,55800,275.4
100251,4940,57400,283.6
100261,4936,145400,717.7
100271,4944,57400,283.8
100281,4936,55700,274.9
100291,4944,57400,283.8
100301,4940,56100,277.1
100311,4940,57400,283.6
100321,4940,56500,279.1
100331,4940,56800,280.6
100341,4940,56400,278.6
100351,4940,56800,280.6
100361,4940,56500,279.1
100371,4940,55700,275.2
100381,4940,57400,283.6
100391,4940,55800,275.7
100401,4940,57400,283.6
100411,4940,55800,275.7
100421,4940,57400,283.6
100431,4940,55800,275.7
100441,4944,57400,283.8
100451,4940,55800,275.7
100461,4940,57400,283.6
100471,4940,55800,275.7
100481,4940,57300,283.1
100491,4940,56400,278.6
100501,4940,56800,280.6
100511,4940,56400,278.6
100521,4940,56700,280.1
100531,4940,56400,278.6
100541,4940,56800,280.6
100551,4940,56800,280.6
100561,4940,55800,275.7
100571,4940,57500,284.1
100581,4940,55800,275.7
100591,4940,57400,283.6
100601,4940,55800,275.7
100611,4940,57400,283.6
100621,4940,55800,275.7
100631,4940,57400,283.6
100641,4940,55800,275.7
100651,4940,57400,283.6
100661,4940,56200,277.6
100671,4940,57300,283.1
100681,4940,56500,279.1
100691,4940,56800,280.6
100701,4940,56400,278.6
100711,4940,56700,280.1
100721,4940,56500,279.1
100731,4940,55800,275.7
100741,4940,57400,283.6
100751,4940,55800,275.7
100761,4940,57400,283.6
100771,4940,55800,275.7
100781,4944,57400,283.8
100791,4940,55800,275.7
100801,4944,57400,283.8
100811,4940,55800,275.7
100821,4940,57400,283.6
100831,4940,55800,275.7
100841,4940,57400,283.6
100851,4940,56500,279.1
100861,4940,56800,280.6
100871,4940,56500,279.1
100881,4940,56800,280.6
100891,4940,56500,279.1
100901,4940,56700,280.1
100911,4940,56900,281.1
100921,4940,55900,276.1
100931,4940,57400,283.6
100941,4940,55800,275.7
100951,4940,57400,283.6
100961,4940,55800,275.7
100971,4940,57400,283.6
100981,4940,55800,275.7
100991,4944,57500,284.3
101001,4940,55800,275.7
101011,4940,57400,283.6
101021,4936,56400,278.4
101031,4940,57200,282.6
101041,4940,56400,278.6
101051,4940,56700,280.1
101062,4940,56400,278.6
101071,4940,56800,280.6
101081,4940,56500,279.1
101091,4940,55800,275.7
101101,4940,57400,283.6
101111,4940,55700,275.2
101121,4940,57500,284.1
101131,4940,55900,276.1
101141,4940,57400,283.6
101151,4940,55800,275.7
101161,4940,57400,283.6
101171,4940,55800,275.7
101181,4940,57400,283.6
101191,4940,55800,275.7
101201,4940,57400,283.6
101211,4940,56500,279.1
101221,4940,56800,280.6
101231,4940,56500,279.1
101241,4940,56800,280.6
101251,4940,56500,279.1
101261,4940,56500,279.1
101271,4888,196100,958.5
101281,4940,55800,275.7
101291,4940,57400,283.6
101301,4940,55800,275.7
101311,4940,57400,283.6
101321,4940,55800,275.7
101331,4940,57400,283.6
101341,4940,55800,275.7
101351,4940,57400,283.6
101361,4940,55800,275.7
101371,4940,57400,283.6
101381,4936,56400,278.4
101391,4940,57100,282.1
101401,4940,56400,278.6
101411,4940,56800,280.6
101421,4940,56500,279.1
101431,4940,56800,280.6
101441,4940,56500,279.1
101451,4940,55900,276.1
101461,4940,57400,283.6
101471,4936,55800,275.4
101481,4940,57400,283.6
101491,4940,55800,275.7
101501,4940,57400,283.6
101511,4940,55800,275.7
101521,4940,57400,283.6
101531,4940,55800,275.7
101541,4940,57400,283.6
101551,4940,55800,275.7
101561,4940,57400,283.6
101571,4940,56500,279.1
101581,4940,56700,280.1
101591,4940,56500,279.1
101601,4940,56800,280.6
101611,4940,56500,279.1
101621,4940,56500,279.1
101631,4944,57200,282.8
101641,4940,55800,275.7
101651,4940,57400,283.6
101661,4940,55800,275.7
101671,4940,57400,283.6
101681,4940,55800,275.7
101691,4940,57500,284.1
101701,4936,55800,275.4
101711,4940,57400,283.6
101721,4940,55800,275.7
101731,4940,57400,283.6
101741,4940,56600,279.6
101751,4940,56900,281.1
101761,4940,56400,278.6
101771,4936,84400,416.6
101781,4940,56400,278.6
101791,4940,56800,280.6
101801,4940,56500,279.1
101811,4940,55900,276.1
101821,4940,57400,283.6
101831,4940,55800,275.7
101841,4944,57400,283.8
101851,4940,55800,275.7
101861,4940,57400,283.6
101871,4940,55800,275.7
101881,4944,57400,283.8
101891,4940,55800,275.7
101901,4944,57400,283.8
101911,4940,55800,275.7
101921,4940,57500,284.1
101931,4940,56500,279.1
101941,4940,56800,280.6
101951,4940,56500,279.1
101961,4940,56800,280.6
101971,4940,56500,279.1
101981,4940,56400,278.6
101991,4940,57300,283.1
102001,4940,55900,276.1
102011,4940,57400,283.6
102021,4940,55900,276.1
102031,4944,57300,283.3
102041,4940,55800,275.7
102051,4940,57400,283.6
102061,4940,55800,275.7
102071,4940,57400,283.6
102081,4940,55800,275.7
102091,4940,57400,283.6
102101,4940,56500,279.1
102111,4940,56800,280.6
102121,4940,56500,279.1
102131,4940,56800,280.6
102141,4940,56500,279.1
102151,4940,56700,280.1
102161,4940,56500,279.1
102171,4940,55900,276.1
102181,4940,57400,283.6
102191,4936,55800,275.4
102201,4940,57400,283.6
102211,4940,55800,275.7
102221,4940,57400,283.6
102231,4936,55800,275.4
102241,4940,57500,284.1
102251,4940,55800,275.7
102261,4944,57400,283.8
102271,4940,55800,275.7
102281,4800,141800,680.6
102291,4940,56400,278.6
102301,4940,56800,280.6
102311,4940,56500,279.1
102321,4940,56700,280.1
102331,4940,56500,279.1
102341,4940,56300,278.1
102351,4940,57300,283.1
102361,4940,55800,275.7
102371,4940,57400,283.6
102381,4940,55900,276.1
102391,4940,57500,284.1
102401,4940,55800,275.7
102411,4944,57400,283.8
102421,4940,55800,275.7
102431,4944,57400,283.8
102441,4936,55800,275.4
102451,4940,57400,283.6
102461,4940,56500,279.1
102471,4940,56800,280.6
102481,4940,56500,279.1
102491,4940,56800,280.6
102501,4940,56500,279.1
102511,4940,56700,280.1
102521,4940,56500,279.1
102531,4940,55800,275.7
102541,4944,57400,283.8
102551,4940,55800,275.7
102561,4940,57400,283.6
102571,4940,55800,275.7
102581,4940,57300,283.1
102591,4940,55800,275.7
102601,4940,57400,283.6
102611,4940,55800,275.7
102621,4940,57400,283.6
102631,4940,55900,276.1
102641,4940,57300,283.1
102651,4940,56500,279.1
102661,4940,56800,280.6
102671,4940,56500,279.1
102681,4940,56700,280.1
102691,4940,56500,279.1
102705,4940,55900,276.1
102711,4940,57500,284.1
102721,4940,55900,276.1
102731,4940,57500,284.1
102741,4936,55800,275.4
102751,4944,57400,283.8
102761,4940,55800,275.7
102771,4940,57400,283.6
102781,4940,55800,275.7
102791,4792,141900,680.0
102801,4940,55800,275.7
102811,4940,57400,283.6
102821,4940,56600,279.6
102831,4940,56700,280.1
102841,4940,56400,278.6
102851,4940,56800,280.6
102861,4940,56400,278.6
102871,4940,56800,280.6
102881,4944,56500,279.3
102891,4940,55900,276.1
102901,4940,57400,283.6
102911,4940,55800,275.7
102921,4944,57400,283.8
102931,4940,55800,275.7
102941,4940,57400,283.6
102951,4940,55800,275.7
102961,4940,57500,284.1
102971,4940,55900,276.1
102981,4940,57400,283.6
102991,4940,55800,275.7
103001,4940,57400,283.6
103011,4940,56400,278.6
103021,4940,56700,280.1
103031,4940,56500,279.1
103041,4940,56700,280.1
103051,4940,56400,278.6
103061,4940,55900,276.1
103071,4940,57500,284.1
103081,4940,55800,275.7
103091,4940,57400,283.6
103101,4940,55800,275.7
103111,4940,57400,283.6
103121,4940,55900,276.1
103131,4940,57400,283.6
103141,4936,55800,275.4
103151,4940,57500,284.1
103161,4940,55900,276.1
103171,4940,57400,283.6
103181,4940,56400,278.6
103191,4944,56700,280.3
103201,4940,56500,279.1
103211,4944,56800,280.8
103221,4940,56500,279.1
103231,4940,56700,280.1
103241,4944,56500,279.3
103251,4940,55800,275.7
103261,4940,57500,284.1
103271,4936,55800,275.4
103281,4940,57400,283.6
103291,4940,55800,275.7
103301,4820,144000,694.1
103311,4936,55700,274.9
103321,4940,57400,283.6
103331,4940,55800,275.7
103341,4940,57400,283.6
103351,4940,55800,275.7
103361,4940,57400,283.6
103371,4940,56500,279.1
103381,4940,56700,280.1
103391,4940,56400,278.6
103401,4940,56800,280.6
103411,4940,56500,279.1
103421,4940,55900,276.1
103431,4940,57400,283.6
103441,4940,55800,275.7
103451,4940,57400,283.6
103461,4940,55700,275.2
103471,4940,57400,283.6
103481,4940,55800,275.7
103491,4940,57400,283.6
103501,4940,55800,275.7
103511,4940,57400,283.6
103521,4940,55900,276.1
103531,4940,57300,283.1
103541,4936,56500,278.9
103551,4940,56800,280.6
103561,4940,56400,278.6
103571,4940,56800,280.6
103581,4940,56500,279.1
103591,4940,56700,280.1
103601,4944,56500,279.3
103611,4940,55800,275.7
103621,4940,57400,283.6
103631,4940,55700,275.2
103641,4940,57400,283.6
103651,4940,55800,275.7
103661,4940,57300,283.1
103671,4940,55900,276.1
103681,4940,57400,283.6
103691,4940,55800,275.7
103701,4940,57400,283.6
103711,4940,55800,275.7
103721,4940,57300,283.1
103731,4940,56500,279.1
103741,4940,56800,280.6
103751,4940,56500,279.1
103761,4940,56800,280.6
103771,4940,56500,279.1
103781,4940,55800,275.7
103791,4940,57400,283.6
103801,4940,55800,275.7
103811,4780,134900,644.8
103821,4936,55900,275.9
103831,4944,57400,283.8
103841,4940,55800,275.7
103851,4940,57400,283.6
103861,4940,55800,275.7
103871,4940,57400,283.6
103881,4936,55800,275.4
103891,4940,57400,283.6
103901,4940,56400,278.6
103911,4940,56800,280.6
103921,4940,56500,279.1
103931,4940,56800,280.6
103941,4940,56400,278.6
103951,4940,56800,280.6
103961,4940,56600,279.6
103971,4940,55800,275.7
103981,4944,57400,283.8
103991,4940,55800,275.7
104001,4944,57500,284.3
104011,4940,55800,275.7
104021,4940,57400,283.6
104031,4940,55800,275.7
104041,4940,57400,283.6
104051,4940,55800,275.7
104061,4940,57500,284.1
104071,4940,55900,276.1
104081,4940,57400,283.6
104091,4940,56500,279.1
104101,4940,56800,280.6
104111,4940,56400,278.6
104121,4940,56700,280.1
104131,4940,56500,279.1
104141,4940,55800,275.7
104151,4940,57400,283.6
104161,4940,55800,275.7
104171,4940,57400,283.6
104181,4936,55800,275.4
104191,4940,57400,283.6
104201,4940,55800,275.7
104211,4944,57400,283.8
104221,4940,55800,275.7
104231,4944,57400,283.8
104241,4936,55800,275.4
104251,4940,57400,283.6
104261,4940,56400,278.6
104271,4940,56800,280.6
104281,4940,56500,279.1
104291,4940,56700,280.1
104301,4940,56500,279.1
104311,4824,156100,753.0
104321,4940,56600,279.6
104331,4940,55900,276.1
104342,4940,57500,284.1
104351,4940,55800,275.7
104361,4940,57400,283.6
104371,4940,55800,275.7
104381,4940,57500,284.1
104391,4940,55800,275.7
104401,4940,57400,283.6
104411,4940,55800,275.7
104421,4940,57500,284.1
104431,4940,56000,276.6
104441,4940,57400,283.6
104451,4940,56500,279.1
104461,4940,56800,280.6
104471,4940,56500,279.1
104481,4940,56800,280.6
104491,4940,56500,279.1
104501,4940,55700,275.2
104511,4940,57400,283.6
104521,4940,55900,276.1
104531,4940,57400,283.6
104541,4940,55800,275.7
104551,4944,57400,283.8
104561,4940,55800,275.7
104571,4940,57400,283.6
104581,4936,55800,275.4
104591,4940,57400,283.6
104601,4940,55800,275.7
104611,4940,57400,283.6
104621,4940,56400,278.6
104631,4940,56900,281.1
104641,4940,56500,279.1
104651,4940,56700,280.1
104661,4940,56400,278.6
104671,4940,56800,280.6
104681,4940,56800,280.6
104691,4940,55800,275.7
104701,4940,57400,283.6
104711,4940,55800,275.7
104721,4940,57400,283.6
104731,4940,55800,275.7
104741,4940,57400,283.6
104751,4940,55800,275.7
104761,4940,57400,283.6
104771,4940,55900,276.1
104781,4940,57400,283.6
104791,4936,56200,277.4
104801,4940,57300,283.1
104811,4940,56500,279.1
104821,4704,123400,580.5
104831,4940,56400,278.6
104841,4940,56800,280.6
104851,4940,56500,279.1
104861,4940,55700,275.2
104871,4940,57500,284.1
104881,4940,55800,275.7
104891,4940,57400,283.6
104901,4940,55900,276.1
104911,4944,57300,283.3
104921,4940,55900,276.1
104931,4940,57400,283.6
104941,4940,55800,275.7
104951,4940,57400,283.6
104961,4940,55900,276.1
104971,4940,57400,283.6
104981,4940,56500,279.1
104991,4940,56800,280.6
105001,4940,56500,279.1
105011,4940,56700,280.1
105021,4940,56400,278.6
105031,4940,56700,280.1
105041,4940,56900,281.1
105051,4940,55800,275.7
105061,4940,57400,283.6
105071,4940,55900,276.1
105081,4940,57400,283.6
105091,4940,55800,275.7
105101,4940,57400,283.6
105111,4940,55800,275.7
105121,4940,57400,283.6
105131,4940,55800,275.7
105141,4940,57400,283.6
105151,4940,56300,278.1
105161,4940,57300,283.1
105171,4940,56400,278.6
105181,4940,56700,280.1
105191,4940,56500,279.1
105201,4940,56700,280.1
105211,4940,56500,279.1
105221,4940,55800,275.7
105231,4940,57400,283.6
105241,4940,55800,275.7
105251,4944,57500,284.3
105261,4936,55800,275.4
105271,4940,57500,284.1
105281,4940,55800,275.7
105291,4940,57400,283.6
105301,4940,55800,275.7
105311,4944,57400,283.8
105321,4812,141300,679.9
105331,4940,57400,283.6
105341,4940,56500,279.1
105351,4940,56800,280.6
105361,4940,56500,279.1
105371,4944,56800,280.8
105381,4940,56500,279.1
105391,4940,56700,280.1
105401,4940,56900,281.1
105411,4940,55800,275.7
105421,4940,57400,283.6
105431,4940,55800,275.7
105441,4940,57400,283.6
105451,4940,55800,275.7
105461,4940,57400,283.6
105471,4940,55900,276.1
105481,4940,57400,283.6
105491,4940,55800,275.7
105501,4940,57400,283.6
105511,4940,56400,278.6
105521,4940,57200,282.6
105531,4940,56500,279.1
105541,4940,56800,280.6
105551,4940,56500,279.1
105561,4940,56800,280.6
105571,4940,56500,279.1
105581,4940,55800,275.7
105591,4940,57400,283.6
105601,4940,55900,276.1
105611,4940,57400,283.6
105621,4940,55900,276.1
105631,4940,57400,283.6
105641,4936,55900,275.9
105651,4940,57400,283.6
105661,4940,55800,275.7
105671,4940,57400,283.6
105681,4940,55700,275.2
105691,4940,57400,283.6
105701,4936,56500,278.9
105711,4940,56800,280.6
105721,4940,56500,279.1
105731,4940,56700,280.1
105741,4940,56500,279.1
105751,4940,56700,280.1
105761,4940,57000,281.6
105771,4940,55800,275.7
105781,4940,57400,283.6
105791,4936,55800,275.4
105801,4940,57300,283.1
105811,4940,55800,275.7
105821,4940,58300,288.0
105831,4940,55800,275.7
105841,4940,57400,283.6
105851,4940,55800,275.7
105861,4940,57400,283.6
105871,4940,56400,278.6
105881,4940,57200,282.6
105891,4940,56500,279.1
105901,4940,56700,280.1
105911,4940,56500,279.1
105921,4940,56800,280.6
105931,4940,56400,278.6
105941,4940,55900,276.1
105951,4940,57400,283.6
105961,4940,55800,275.7
105972,4940,57500,284.1
105981,4940,55900,276.1
105991,4940,57400,283.6
106001,4940,55800,275.7
106011,4940,57400,283.6
106021,4940,55900,276.1
106031,4940,57400,283.6
106041,4936,55900,275.9
106051,4940,57400,283.6
106061,4940,56500,279.1
106071,4940,56800,280.6
106081,4940,56500,279.1
106091,4940,56800,280.6
106101,4940,56400,278.6
106111,4940,56600,279.6
106121,4940,57200,282.6
106131,4940,55700,275.2
106141,4940,57400,283.6
106151,4940,55800,275.7
106161,4940,57400,283.6
106171,4940,55800,275.7
106181,4944,57400,283.8
106191,4940,55800,275.7
106201,4944,57400,283.8
106211,4940,55800,275.7
106221,4940,57400,283.6
106231,4936,56500,278.9
106241,4940,57100,282.1
106251,4940,56500,279.1
106261,4940,56800,280.6
106271,4940,56500,279.1
106281,4940,56700,280.1
106291,4940,56400,278.6
106301,4940,55900,276.1
106311,4940,57400,283.6
106321,4940,55800,275.7
106331,4944,57400,283.8
106341,4940,55800,275.7
106351,4940,57400,283.6
106361,4940,55800,275.7
106371,4940,57400,283.6
106381,4940,55800,275.7
106391,4940,57400,283.6
106401,4940,55900,276.1
106411,4940,57400,283.6
106421,4940,56500,279.1
106431,4940,56800,280.6
106441,4940,56500,279.1
106451,4940,56700,280.1
106461,4940,56500,279.1
106471,4940,56600,279.6
106481,4940,57100,282.1
106491,4940,55800,275.7
106501,4940,57400,283.6
106511,4940,55800,275.7
106521,4944,57400,283.8
106531,4940,55700,275.2
106541,4940,57400,283.6
106551,4940,55900,276.1
106561,4940,57500,284.1
106571,4940,55800,275.7
106581,4940,57400,283.6
106591,4940,56500,279.1
106601,4940,57000,281.6
106611,4940,56500,279.1
106621,4940,56900,281.1
106631,4940,56500,279.1
106641,4940,56700,280.1
106651,4940,56500,279.1
106661,4940,55800,275.7
106671,4940,57400,283.6
106681,4940,55800,275.7
106691,4944,57400,283.8
106701,4936,55800,275.4
106711,4940,57400,283.6
106721,4940,55800,275.7
106731,4940,57400,283.6
106741,4940,55800,275.7
106751,4940,57400,283.6
106761,4940,55800,275.7
106771,4940,57400,283.6
106781,4940,56400,278.6
106791,4940,56800,280.6
106801,4940,56500,279.1
106811,4940,56800,280.6
106821,4940,56500,279.1
106831,4936,97100,479.3
106841,4940,57200,282.6
106851,4940,55800,275.7
106861,4940,57400,283.6
106871,4940,55800,275.7
106881,4940,57400,283.6
106891,4940,55900,276.1
106901,4940,57400,283.6
106911,4940,55800,275.7
106921,4940,57400,283.6
106931,4940,55800,275.7
106941,4940,57400,283.6
106951,4940,56500,279.1
106961,4940,56900,281.1
106971,4940,56500,279.1
106981,4940,56700,280.1
106991,4940,56500,279.1
107001,4940,56700,280.1
107011,4940,56500,279.1
107021,4940,55800,275.7
107031,4940,57400,283.6
107041,4940,55800,275.7
107051,4940,57400,283.6
107061,4940,55800,275.7
107071,4940,57400,283.6
107081,4940,55800,275.7
107091,4940,57400,283.6
107101,4940,55800,275.7
107111,4940,57400,283.6
107121,4940,55800,275.7
107131,4940,57400,283.6
107141,4940,56500,279.1
107151,4940,56800,280.6
107161,4940,56500,279.1
107171,4940,56800,280.6
107181,4940,56500,279.1
107191,4940,56400,278.6
107201,4940,57300,283.1
107211,4940,55800,275.7
107221,4940,57400,283.6
107231,4940,55800,275.7
107241,4940,57400,283.6
107251,4940,55800,275.7
107261,4940,57400,283.6
107271,4940,55800,275.7
107281,4940,57300,283.1
107291,4940,55800,275.7
107301,4940,57400,283.6
107311,4940,56500,279.1
107321,4940,56900,281.1
107331,4940,56400,278.6
107341,4808,134300,645.7
107351,4940,56500,279.1
107361,4940,56800,280.6
107371,4940,56500,279.1
107381,4940,55900,276.1
107391,4940,57400,283.6
107401,4940,55800,275.7
107411,4940,57400,283.6
107421,4936,55800,275.4
107431,4944,57400,283.8
107441,4940,55900,276.1
107451,4944,57400,283.8
107461,4940,55800,275.7
107471,4940,57400,283.6
107481,4940,55900,276.1
107491,4940,57500,284.1
107501,4940,56500,279.1
107511,4940,56700,280.1
107521,4940,56500,279.1
107531,4940,56700,280.1
107541,4940,56500,279.1
107551,4940,56400,278.6
107561,4940,57300,283.1
107571,4940,55900,276.1
107581,4940,57400,283.6
107591,4940,55800,275.7
107601,4940,57400,283.6
107612,4940,55800,275.7
107621,4940,57400,283.6
107631,4940,55800,275.7
107641,4940,57400,283.6
107651,4940,55800,275.7
107661,4940,57400,283.6
107671,4940,56500,279.1
107681,4940,56800,280.6
107691,4940,56500,279.1
107701,4940,56700,280.1
107711,4940,56400,278.6
107721,4940,56700,280.1
107731,4940,56400,278.6
107741,4940,55800,275.7
107751,4940,57400,283.6
107761,4940,55800,275.7
107771,4940,57400,283.6
107781,4940,55800,275.7
107791,4940,57400,283.6
107801,4936,55800,275.4
107811,4940,57300,283.1
107821,4936,55800,275.4
107831,4940,57300,283.1
107841,4820,140700,678.2
107851,4940,57400,283.6
107861,4940,56500,279.1
107871,4940,56700,280.1
107881,4940,56500,279.1
107891,4940,56800,280.6
107901,4940,56500,279.1
107911,4940,56300,278.1
107921,4940,57400,283.6
107931,4940,55800,275.7
107941,4940,57400,283.6
107951,4940,55800,275.7
107961,4940,57400,283.6
107971,4940,55900,276.1
107981,4940,57400,283.6
107991,4940,55800,275.7
108001,4940,57400,283.6
108011,4940,55800,275.7
108021,4940,57500,284.1
108031,4940,56600,279.6
108041,4940,56700,280.1
108051,4940,56500,279.1
108061,4940,56800,280.6
108071,4940,56400,278.6
108081,4940,56800,280.6
108091,4940,56500,279.1
108101,4940,55800,275.7
108111,4940,57400,283.6
108121,4940,55800,275.7
108131,4940,57400,283.6
108141,4940,55800,275.7
108151,4940,57400,283.6
108161,4940,55800,275.7
108171,4940,57400,283.6
108181,4940,55800,275.7
108191,4940,57400,283.6
108201,4940,55800,275.7
108211,4940,57400,283.6
108221,4940,56500,279.1
108231,4940,56800,280.6
108241,4940,56500,279.1
108251,4940,56800,280.6
108261,4940,56500,279.1
108271,4940,56300,278.1
108281,4940,57300,283.1
108291,4940,55800,275.7
108301,4940,57400,283.6
108311,4940,55800,275.7
108321,4940,57400,283.6
108331,4940,55800,275.7
108341,4940,57400,283.6
108351,4824,152100,733.7
108361,4940,57400,283.6
108371,4940,55800,275.7
108381,4940,57400,283.6
108391,4940,56600,279.6
108401,4940,56800,280.6
108411,4940,56500,279.1
108421,4940,56700,280.1
108431,4940,56400,278.6
108441,4940,56800,280.6
108451,4940,56400,278.6
108461,4940,55800,275.7
108471,4940,57400,283.6
108481,4940,55800,275.7
108491,4940,57500,284.1
108501,4940,55800,275.7
108511,4940,57400,283.6
108521,4940,55800,275.7
108531,4944,57400,283.8
108541,4940,55800,275.7
108551,4940,57400,283.6
108561,4940,55800,275.7
108571,4940,57400,283.6
108581,4940,56400,278.6
108591,4940,56700,280.1
108601,4940,56400,278.6
108611,4940,56700,280.1
108621,4940,56500,279.1
108631,4940,56200,277.6
108641,4940,57400,283.6
108651,4936,55800,275.4
108661,4940,57400,283.6
108671,4940,55800,275.7
108681,4940,57400,283.6
108691,4940,55800,275.7
108701,4940,57500,284.1
108711,4940,55700,275.2
108721,4940,57400,283.6
108731,4940,55800,275.7
108741,4940,57400,283.6
108751,4940,56500,279.1
108761,4940,56800,280.6
108771,4940,56500,279.1
108781,4940,56700,280.1
108791,4940,56400,278.6
108801,4940,56700,280.1
108811,4940,56500,279.1
108821,4940,55800,275.7
108831,4940,57400,283.6
108841,4936,55800,275.4
108851,4820,142400,686.4
108861,4940,55800,275.7
108871,4940,57400,283.6
108881,4940,55700,275.2
108891,4940,57400,283.6
108901,4940,55800,275.7
108911,4940,57400,283.6
108921,4936,55800,275.4
108931,4940,57400,283.6
108941,4940,56500,279.1
108951,4940,56700,280.1
108961,4940,56500,279.1
108971,4940,56800,280.6
108981,4940,56400,278.6
108991,4940,56300,278.1
109001,4940,57300,283.1
109011,4940,55800,275.7
109021,4940,57300,283.1
109031,4940,55800,275.7
109041,4944,57400,283.8
109051,4940,55800,275.7
109061,4940,57500,284.1
109071,4940,55800,275.7
109081,4940,57400,283.6
109091,4940,55800,275.7
109101,4940,57300,283.1
109111,4940,56500,279.1
109121,4940,56800,280.6
109131,4940,56500,279.1
109141,4940,56800,280.6
109151,4940,56400,278.6
109161,4940,56700,280.1
109171,4940,56500,279.1
109181,4940,55800,275.7
109191,4940,57400,283.6
109201,4940,55700,275.2
109211,4940,57400,283.6
109221,4940,55800,275.7
109231,4940,57400,283.6
109241,4940,55800,275.7
109252,4944,57400,283.8
109261,4940,55900,276.1
109271,4940,57400,283.6
109281,4940,55700,275.2
109291,4940,57400,283.6
109301,4940,56500,279.1
109311,4940,56800,280.6
109321,4940,56500,279.1
109331,4940,56700,280.1
109341,4940,56500,279.1
109351,4940,56100,277.1
109361,4816,142400,685.8
109371,4940,55900,276.1
109381,4944,57400,283.8
109391,4940,55900,276.1
109401,4940,57400,283.6
109411,4936,55800,275.4
109421,4940,57400,283.6
109431,4940,55800,275.7
109441,4940,57400,283.6
109451,4940,55800,275.7
109461,4940,57400,283.6
109471,4940,56600,279.6
109481,4940,56800,280.6
109491,4940,56500,279.1
109501,4940,56800,280.6
109511,4940,56400,278.6
109521,4940,56700,280.1
109531,4940,56500,279.1
109541,4940,55800,275.7
109551,4940,57400,283.6
109561,4940,55800,275.7
109571,4940,57400,283.6
109581,4940,55800,275.7
109591,4940,57500,284.1
109601,4936,55800,275.4
109611,4940,57400,283.6
109621,4940,55800,275.7
109631,4940,57400,283.6
109641,4940,55800,275.7
109651,4940,57500,284.1
109661,4940,56500,279.1
109671,4940,56700,280.1
109681,4940,56400,278.6
109691,4940,56800,280.6
109701,4940,56500,279.1
109711,4940,56200,277.6
109721,4940,57400,283.6
109731,4940,55800,275.7
109741,4940,57500,284.1
109751,4940,55800,275.7
109761,4940,57400,283.6
109771,4940,55900,276.1
109781,4940,57400,283.6
109791,4940,55800,275.7
109801,4940,57400,283.6
109811,4936,55800,275.4
109821,4940,57400,283.6
109831,4936,56500,278.9
109841,4940,56700,280.1
109851,4940,56500,279.1
109861,4940,56800,280.6
109871,4852,220300,1068.9
109881,4940,56700,280.1
109891,4940,56500,279.1
109901,4940,55900,276.1
109911,4940,57400,283.6
109921,4940,55800,275.7
109931,4940,57400,283.6
109941,4940,55900,276.1
109951,4940,57500,284.1
109961,4940,55800,275.7
109971,4940,57400,283.6
109981,4940,55800,275.7
109991,4940,57500,284.1
110001,4940,55800,275.7
110011,4940,57400,283.6
110021,4940,56500,279.1
110031,4940,56700,280.1
110041,4940,56400,278.6
110051,4940,56700,280.1
110061,4940,56500,279.1
110071,4940,56300,278.1
110081,4940,57300,283.1
110091,4940,55800,275.7
110101,4940,57400,283.6
110111,4940,55800,275.7
110121,4940,57400,283.6
110131,4940,55700,275.2
110141,4940,57400,283.6
110151,4940,55800,275.7
110161,4940,57400,283.6
110171,4940,55800,275.7
110181,4940,57400,283.6
110191,4940,56500,279.1
110201,4944,56700,280.3
110211,4940,56500,279.1
110221,4940,56800,280.6
110231,4940,56500,279.1
110241,4940,56800,280.6
110251,4940,56400,278.6
110261,4940,55800,275.7
110271,4940,57400,283.6
110281,4936,55700,274.9
110291,4940,57400,283.6
110301,4940,55800,275.7
110311,4940,57400,283.6
110321,4940,55800,275.7
110331,4940,57400,283.6
110341,4940,55800,275.7
110351,4940,57300,283.1
110361,4940,55800,275.7
110371,4940,57400,283.6
110381,4940,56500,279.1
110391,4940,56700,280.1
110401,4940,56500,279.1
110411,4940,56700,280.1
110421,4940,56500,279.1
110431,4940,56300,278.1
110441,4940,57300,283.1
110451,4940,55800,275.7
110461,4940,57400,283.6
110471,4940,55800,275.7
110481,4940,57400,283.6
110491,4940,55800,275.7
110501,4940,57400,283.6
110511,4940,55800,275.7
110521,4940,57400,283.6
110531,4940,55800,275.7
110541,4944,57400,283.8
110551,4940,56500,279.1
110561,4940,56800,280.6
110571,4940,56600,279.6
110581,4940,56700,280.1
110591,4940,56400,278.6
110601,4940,56800,280.6
110611,4940,56400,278.6
110621,4940,55800,275.7
110631,4940,57300,283.1
110641,4940,55800,275.7
110651,4940,57300,283.1
110661,4940,55800,275.7
110671,4940,57400,283.6
110681,4940,55800,275.7
110691,4940,57400,283.6
110701,4940,55800,275.7
110711,4940,57400,283.6
110721,4940,55800,275.7
110731,4944,57300,283.3
110741,4940,56500,279.1
110751,4940,56800,280.6
110761,4940,56500,279.1
110771,4940,56800,280.6
110781,4940,56500,279.1
110791,4940,56300,278.1
110801,4940,57400,283.6
110811,4936,55800,275.4
110821,4940,57400,283.6
110831,4940,55800,275.7
110841,4944,57300,283.3
110851,4940,55800,275.7
110861,4940,57400,283.6
110871,4940,55800,275.7
110881,4936,60600,299.1
110892,4940,55800,275.7
110901,4940,57400,283.6
110911,4940,56500,279.1
110921,4940,56800,280.6
110931,4940,56500,279.1
110941,4940,56700,280.1
110951,4940,56400,278.6
110961,4940,56700,280.1
110971,4940,56400,278.6
110981,4940,55800,275.7
110991,4940,57400,283.6
111001,4940,55800,275.7
111011,4940,57400,283.6
111021,4940,55800,275.7
111031,4940,57400,283.6
111041,4940,55800,275.7
111051,4940,57400,283.6
111061,4940,55800,275.7
111071,4940,57400,283.6
111081,4940,55800,275.7
111091,4940,57400,283.6
111101,4940,56400,278.6
111111,4940,56700,280.1
111121,4940,56500,279.1
111131,4940,56800,280.6
111141,4940,56400,278.6
111151,4940,56300,278.1
111161,4940,57300,283.1
111171,4940,55800,275.7
111181,4940,57400,283.6
111191,4940,55800,275.7
111201,4940,57400,283.6
111211,4940,55700,275.2
111221,4940,57400,283.6
111231,4940,55800,275.7
111241,4940,57400,283.6
111251,4936,55800,275.4
111261,4940,57400,283.6
111271,4940,56500,279.1
111281,4940,56800,280.6
111291,4940,56500,279.1
111301,4940,56800,280.6
111311,4940,56500,279.1
111321,4940,56800,280.6
111331,4940,56500,279.1
111341,4940,55800,275.7
111351,4940,57400,283.6
111361,4940,55800,275.7
111371,4944,57400,283.8
111381,4940,55800,275.7
111391,4820,137800,664.2
111401,4940,55800,275.7
111411,4944,57500,284.3
111421,4940,55800,275.7
111431,4940,57300,283.1
111441,4940,55800,275.7
111451,4940,57400,283.6
111461,4940,56500,279.1
111471,4940,56700,280.1
111481,4940,56400,278.6
111491,4940,56700,280.1
111501,4940,56400,278.6
111511,4940,56400,278.6
111521,4940,57200,282.6
111531,4940,55800,275.7
111541,4940,57400,283.6
111551,4940,55900,276.1
111561,4940,57400,283.6
111571,4940,55800,275.7
111581,4944,57400,283.8
111591,4940,55800,275.7
111601,4940,57300,283.1
111611,4940,55800,275.7
111621,4940,57400,283.6
111631,4940,56500,279.1
111641,4940,56900,281.1
111651,4940,56500,279.1
111661,4940,56800,280.6
111671,4940,56400,278.6
111681,4940,56700,280.1
111691,4940,56500,279.1
111701,4936,55800,275.4
111711,4940,57400,283.6
111721,4940,55800,275.7
111731,4940,57300,283.1
111741,4940,55800,275.7
111751,4940,57300,283.1
111761,4940,55800,275.7
111771,4940,57400,283.6
111781,4936,55700,274.9
111791,4944,57400,283.8
111801,4940,55800,275.7
111811,4940,57400,283.6
111821,4940,56500,279.1
111831,4940,56700,280.1
111841,4940,56500,279.1
111851,4940,56800,280.6
111861,4940,56400,278.6
111871,4940,56300,278.1
111881,4940,57300,283.1
111891,4816,144100,694.0
111901,4940,57400,283.6
111911,4940,55800,275.7
111921,4940,57300,283.1
111931,4940,55800,275.7
111941,4940,57400,283.6
111951,4940,55800,275.7
111961,4940,57400,283.6
111971,4940,55800,275.7
111981,4944,57400,283.8
111991,4940,56500,279.1
112001,4940,56900,281.1
112011,4940,56500,279.1
112021,4940,56700,280.1
112031,4940,56400,278.6
112041,4940,56700,280.1
112051,4940,56400,278.6
112061,4940,55900,276.1
112071,4940,57300,283.1
112081,4940,55800,275.7
112091,4940,57400,283.6
112101,4936,55800,275.4
112111,4940,57300,283.1
112121,4940,55800,275.7
112131,4944,57400,283.8
112141,4940,55800,275.7
112151,4940,57400,283.6
112161,4940,55800,275.7
112171,4940,57400,283.6
112181,4940,56400,278.6
112191,4940,56700,280.1
112201,4940,56500,279.1
112211,4940,56700,280.1
112221,4940,56400,278.6
112231,4940,56300,278.1
112241,4940,57200,282.6
112251,4940,55800,275.7
112261,4940,57400,283.6
112271,4940,55700,275.2
112281,4940,57400,283.6
112291,4940,55800,275.7
112301,4940,57300,283.1
112311,4936,55700,274.9
112321,4940,57400,283.6
112331,4940,55800,275.7
112341,4940,57400,283.6
112351,4940,56500,279.1
112361,4940,56800,280.6
112371,4940,56500,279.1
112381,4940,56700,280.1
112391,4940,56500,279.1
112401,4816,144500,695.9
112411,4940,56400,278.6
112421,4940,55800,275.7
112431,4940,57300,283.1
112441,4940,55800,275.7
112451,4940,57400,283.6
112461,4940,55800,275.7
112471,4940,57400,283.6
112481,4940,55800,275.7
112491,4940,57400,283.6
112501,4940,55800,275.7
112511,4940,57400,283.6
112522,4940,55800,275.7
112531,4940,57400,283.6
112541,4940,56400,278.6
112551,4940,56700,280.1
112561,4940,56400,278.6
112571,4940,56700,280.1
112581,4940,56400,278.6
112591,4940,56400,278.6
112601,4940,57200,282.6
112611,4940,55800,275.7
112621,4940,57400,283.6
112631,4940,55800,275.7
112641,4940,57400,283.6
112651,4940,55700,275.2
112661,4940,57400,283.6
112671,4940,55700,275.2
112681,4940,57400,283.6
112691,4940,55800,275.7
112701,4940,57400,283.6
112711,4940,56500,279.1
112721,4944,56900,281.3
112731,4940,56500,279.1
112741,4940,56800,280.6
112751,4940,56400,278.6
112761,4940,56700,280.1
112771,4940,56500,279.1
112781,4940,55800,275.7
112791,4940,57500,284.1
112801,4940,55700,275.2
112811,4940,57400,283.6
112821,4940,55800,275.7
112831,4944,57400,283.8
112841,4940,55900,276.1
112851,4940,57400,283.6
112861,4940,55800,275.7
112871,4940,57300,283.1
112881,4940,55800,275.7
112891,4940,57400,283.6
112901,4940,56500,279.1
112911,4712,132500,624.3
112921,4940,56500,279.1
112931,4940,56700,280.1
112941,4940,56500,279.1
112951,4940,56500,279.1
112961,4940,57200,282.6
112971,4940,55800,275.7
112981,4944,57300,283.3
112991,4940,55800,275.7
113001,4940,57400,283.6
113011,4940,55800,275.7
113021,4940,57300,283.1
113031,4940,55800,275.7
113041,4940,57400,283.6
113051,4936,55800,275.4
113061,4940,57400,283.6
113071,4940,56500,279.1
113081,4940,56900,281.1
113091,4940,56500,279.1
113101,4940,56700,280.1
113111,4940,56500,279.1
113121,4940,56700,280.1
113131,4940,56400,278.6
113141,4940,55800,275.7
113151,4940,57300,283.1
113161,4940,55800,275.7
113171,4944,57400,283.8
113181,4936,55800,275.4
113191,4940,57500,284.1
113201,4940,55800,275.7
113211,4940,57400,283.6
113221,4940,55800,275.7
113231,4940,57400,283.6
113241,4940,55800,275.7
113251,4940,57400,283.6
113261,4940,56500,279.1
113271,4940,56700,280.1
113281,4940,56400,278.6
113291,4940,56700,280.1
113301,4940,56400,278.6
113311,4940,56400,278.6
113321,4940,57200,282.6
113331,4940,55800,275.7
113341,4940,57400,283.6
113351,4940,55800,275.7
113361,4940,57400,283.6
113371,4940,55800,275.7
113381,4944,57300,283.3
113391,4940,55800,275.7
113401,4940,57400,283.6
113411,4940,55800,275.7
113421,4940,57400,283.6
113431,4936,56400,278.4
113441,4944,57000,281.8
113451,4940,56500,279.1
113461,4940,56700,280.1
113471,4940,56400,278.6
113481,4940,56700,280.1
113491,4940,56400,278.6
113501,4940,55800,275.7
113511,4940,57400,283.6
113521,4940,55800,275.7
113531,4940,57300,283.1
113541,4940,55800,275.7
113551,4940,57300,283.1
113561,4940,55800,275.7
113571,4940,57300,283.1
113581,4940,55800,275.7
113591,4940,57400,283.6
113601,4940,55800,275.7
113611,4940,57400,283.6
113621,4940,56400,278.6
113631,4940,56700,280.1
113641,4940,56500,279.1
113651,4940,56700,280.1
113661,4940,56400,278.6
113671,4940,56500,279.1
113681,4940,57200,282.6
113691,4940,55800,275.7
113701,4940,57400,283.6
113711,4940,55800,275.7
113721,4940,57400,283.6
113731,4940,55800,275.7
113741,4940,57400,283.6
113751,4940,55700,275.2
113761,4940,57300,283.1
113771,4940,55800,275.7
113781,4940,57400,283.6
113791,4936,56500,278.9
113801,4940,57000,281.6
113811,4940,56500,279.1
113821,4940,56700,280.1
113831,4940,56400,278.6
113841,4940,56700,280.1
113851,4940,56400,278.6
113861,4940,55800,275.7
113871,4940,57300,283.1
113881,4940,55800,275.7
113891,4940,57400,283.6
113901,4936,55700,274.9
113911,4940,57400,283.6
113921,4936,55700,274.9
113931,4940,57300,283.1
113941,4940,55800,275.7
113951,4940,57400,283.6
113961,4940,55800,275.7
113971,4940,57400,283.6
113981,4940,56400,278.6
113991,4940,56800,280.6
114001,4940,56400,278.6
114011,4940,56700,280.1
114021,4940,56500,279.1
114031,4940,56500,279.1
114041,4940,57100,282.1
114051,4940,55700,275.2
114061,4940,57400,283.6
114071,4940,55800,275.7
114081,4940,57300,283.1
114091,4940,55800,275.7
114101,4940,57300,283.1
114111,4940,55800,275.7
114121,4940,57300,283.1
114131,4940,55800,275.7
114141,4940,57300,283.1
114151,4940,56400,278.6
114162,4940,56700,280.1
114171,4940,56500,279.1
114181,4940,56700,280.1
114191,4940,56400,278.6
114201,4940,56700,280.1
114211,4940,56400,278.6
114221,4940,55800,275.7
114231,4940,57400,283.6
114241,4940,55800,275.7
114251,4940,57400,283.6
114261,4940,55800,275.7
114271,4944,57300,283.3
114281,4940,55800,275.7
114291,4940,57400,283.6
114301,4940,55800,275.7
114311,4940,57400,283.6
114321,4940,55800,275.7
114331,4944,57400,283.8
114341,4940,55800,275.7
114351,4940,56800,280.6
114361,4940,56500,279.1
114371,4940,56700,280.1
114381,4940,56400,278.6
114391,4940,56400,278.6
114401,4940,57200,282.6
114411,4940,55800,275.7
114421,4940,57300,283.1
114431,4816,140200,675.2
114441,4940,57400,283.6
114451,4940,55800,275.7
114461,4940,57300,283.1
114471,4940,55800,275.7
114481,4940,57400,283.6
114491,4940,55800,275.7
114501,4940,57400,283.6
114511,4940,56400,278.6
114521,4940,57100,282.1
114531,4940,56500,279.1
114541,4940,56800,280.6
114551,4940,56400,278.6
114561,4940,56700,280.1
114571,4940,56400,278.6
114581,4940,55800,275.7
114591,4940,57400,283.6
114601,4940,55800,275.7
114611,4940,57400,283.6
114621,4940,55800,275.7
114631,4940,57400,283.6
114641,4940,55800,275.7
114651,4940,57400,283.6
114661,4940,55800,275.7
114671,4940,57400,283.6
114681,4940,55800,275.7
114691,4944,57400,283.8
114701,4940,55800,275.7
114711,4940,56800,280.6
114721,4940,56400,278.6
114731,4940,56800,280.6
114741,4940,56500,279.1
114751,4940,56500,279.1
114761,4940,57200,282.6
114771,4940,55700,275.2
114781,4940,57400,283.6
114791,4940,55800,275.7
114801,4940,57400,283.6
114811,4940,55800,275.7
114821,4944,57400,283.8
114831,4940,55800,275.7
114841,4940,57400,283.6
114851,4940,55700,275.2
114861,4940,57400,283.6
114871,4936,56500,278.9
114881,4944,57000,281.8
114891,4940,56500,279.1
114901,4940,56700,280.1
114911,4940,56400,278.6
114921,4940,56700,280.1
114931,4832,147500,712.7
114941,4940,55800,275.7
114951,4940,57400,283.6
114961,4940,55800,275.7
114971,4940,57400,283.6
114981,4940,55800,275.7
114991,4940,57400,283.6
115001,4940,55800,275.7
115011,4940,57400,283.6
115021,4940,55800,275.7
115031,4940,57400,283.6
115041,4940,55900,276.1
115051,4944,57400,283.8
115061,4940,55800,275.7
115071,4940,56800,280.6
115081,4940,56500,279.1
115091,4940,56800,280.6
115101,4940,56400,278.6
115111,4936,56500,278.9
115121,4940,57100,282.1
115131,4940,55800,275.7
115141,4940,57300,283.1
115151,4936,55800,275.4
115161,4940,57400,283.6
115171,4940,55800,275.7
115181,4940,57400,283.6
115191,4940,55800,275.7
115201,4940,57400,283.6
115211,4940,55800,275.7
115221,4944,57300,283.3
115231,4940,56400,278.6
115241,4944,57000,281.8
115251,4940,56500,279.1
115261,4940,56800,280.6
115271,4940,56400,278.6
115281,4940,56800,280.6
115291,4940,56500,279.1
115301,4940,55800,275.7
115311,4940,57400,283.6
115321,4940,55800,275.7
115331,4940,57400,283.6
115341,4940,55800,275.7
115351,4940,57400,283.6
115361,4940,55800,275.7
115371,4940,57400,283.6
115381,4936,55800,275.4
115391,4940,57400,283.6
115401,4936,55800,275.4
115411,4944,57400,283.8
115421,4940,55800,275.7
115431,4940,56800,280.6
115441,4824,160400,773.8
115451,4940,56700,280.1
115461,4940,56500,279.1
115471,4940,56600,279.6
115481,4940,57100,282.1
115491,4940,55800,275.7
115501,4940,57400,283.6
115511,4940,55800,275.7
115521,4940,57400,283.6
115531,4940,55800,275.7
115541,4940,57500,284.1
115551,4940,55800,275.7
115561,4940,57400,283.6
115571,4940,55800,275.7
115581,4940,57400,283.6
115591,4936,56400,278.4
115601,4940,57000,281.6
115611,4940,56500,279.1
115621,4940,56700,280.1
115631,4940,56500,279.1
115641,4940,56700,280.1
115651,4940,56400,278.6
115661,4940,55800,275.7
115671,4940,57400,283.6
115681,4940,55800,275.7
115691,4940,57300,283.1
115701,4940,55700,275.2
115711,4940,57400,283.6
115721,4940,55800,275.7
115731,4940,57400,283.6
115741,4940,55700,275.2
115751,4940,57400,283.6
115761,4940,55800,275.7
115771,4944,57300,283.3
115781,4940,55800,275.7
115791,4940,56800,280.6
115802,4940,56500,279.1
115811,4940,56800,280.6
115821,4940,56400,278.6
115831,4940,56500,279.1
115841,4940,57200,282.6
115851,4940,55800,275.7
115861,4940,57400,283.6
115871,4940,55800,275.7
115881,4940,57400,283.6
115891,4940,55800,275.7
115901,4940,57300,283.1
115911,4940,55800,275.7
115921,4940,57400,283.6
115931,4940,55800,275.7
115941,4816,147600,710.8
115951,4940,56500,279.1
115961,4940,57100,282.1
115971,4940,56500,279.1
115981,4940,56800,280.6
115991,4940,56500,279.1
116001,4940,56800,280.6
116011,4940,56500,279.1
116021,4940,55800,275.7
116031,4940,57300,283.1
116041,4940,55700,275.2
116051,4940,57400,283.6
116061,4940,55800,275.7
116071,4944,57400,283.8
116081,4940,55800,275.7
116091,4944,57300,283.3
116101,4940,55800,275.7
116111,4940,57400,283.6
116121,4940,55800,275.7
116131,4940,57400,283.6
116141,4940,55700,275.2
116151,4940,56700,280.1
116161,4940,56500,279.1
116171,4940,56700,280.1
116181,4940,56400,278.6
116191,4940,56400,278.6
116201,4940,57100,282.1
116211,4940,55800,275.7
116221,4940,57400,283.6
116231,4940,55800,275.7
116241,4940,57400,283.6
116251,4940,55700,275.2
116261,4940,57400,283.6
116271,4940,55700,275.2
116281,4940,57400,283.6
116291,4936,55800,275.4
116301,4940,57400,283.6
116311,4940,56500,279.1
116321,4940,56900,281.1
116331,4940,56500,279.1
116341,4940,56700,280.1
116351,4940,56400,278.6
116361,4940,56800,280.6
116371,4940,56400,278.6
116381,4936,55800,275.4
116391,4940,57400,283.6
116401,4940,55800,275.7
116411,4940,57400,283.6
116421,4940,55700,275.2
116431,4940,57400,283.6
116441,4940,55800,275.7
116451,4812,135400,651.5
116461,4940,55900,276.1
116471,4940,57400,283.6
116481,4940,55800,275.7
116491,4940,57400,283.6
116501,4940,55800,275.7
116511,4940,56800,280.6
116521,4940,56400,278.6
116531,4940,56700,280.1
116541,4940,56500,279.1
116551,4940,56500,279.1
116561,4940,57200,282.6
116571,4940,55800,275.7
116581,4940,57500,284.1
116591,4936,55800,275.4
116601,4940,57400,283.6
116611,4940,55800,275.7
116621,4940,57400,283.6
116631,4940,55800,275.7
116641,4940,57400,283.6
116651,4940,55800,275.7
116661,4940,57400,283.6
116671,4940,56500,279.1
116681,4940,57000,281.6
116691,4940,56600,279.6
116701,4940,56700,280.1
116711,4940,56500,279.1
116721,4940,56800,280.6
116731,4940,56400,278.6
116741,4940,55800,275.7
116751,4940,57400,283.6
116761,4940,55800,275.7
116771,4944,57400,283.8
116781,4940,55800,275.7
116791,4944,57400,283.8
116801,4940,55900,276.1
116811,4940,57400,283.6
116821,4936,55800,275.4
116831,4940,57400,283.6
116841,4936,55800,275.4
116851,4944,57400,283.8
116861,4940,55800,275.7
116871,4940,56700,280.1
116881,4940,56500,279.1
116891,4940,56700,280.1
116901,4940,56400,278.6
116911,4940,56500,279.1
116921,4940,57200,282.6
116931,4940,55800,275.7
116941,4940,57400,283.6
116951,4936,113300,559.2
116961,4940,57500,284.1
116971,4940,55800,275.7
116981,4940,57400,283.6
116991,4940,55800,275.7
117001,4940,57300,283.1
117011,4940,55900,276.1
117021,4944,57400,283.8
117031,4940,56400,278.6
117041,4940,57000,281.6
117051,4940,56500,279.1
117061,4940,56700,280.1
117071,4940,56500,279.1
117081,4940,56700,280.1
117091,4940,56400,278.6
117101,4940,55800,275.7
117111,4940,57400,283.6
117121,4936,55800,275.4
117131,4940,57400,283.6
117141,4940,55800,275.7
117151,4944,57400,283.8
117161,4940,55800,275.7
117171,4940,57300,283.1
117181,4940,55700,275.2
117191,4940,57400,283.6
117201,4940,55700,275.2
117211,4940,57400,283.6
117221,4940,55800,275.7
117231,4940,56800,280.6
117241,4940,56500,279.1
117251,4940,56700,280.1
117261,4940,56500,279.1
117271,4940,56400,278.6
117281,4940,57300,283.1
117291,4936,55800,275.4
117301,4940,57400,283.6
117311,4936,55800,275.4
117321,4940,57400,283.6
117331,4940,55800,275.7
117341,4940,57300,283.1
117351,4940,55800,275.7
117361,4940,57400,283.6
117371,4940,55900,276.1
117381,4940,57300,283.1
117391,4936,56500,278.9
117401,4944,56900,281.3
117411,4940,56500,279.1
117421,4940,56800,280.6
117431,4940,56400,278.6
117442,4940,55900,276.1
117451,4940,56400,278.6
117461,4816,145000,698.3
117471,4940,57400,283.6
117481,4940,55800,275.7
117491,4940,57400,283.6
117501,4940,55800,275.7
117511,4940,57400,283.6
117521,4940,55800,275.7
117531,4940,57400,283.6
117541,4940,55800,275.7
117551,4940,57400,283.6
117561,4940,55800,275.7
117571,4940,57400,283.6
117581,4940,55800,275.7
117591,4940,56800,280.6
117601,4940,56400,278.6
117611,4940,56700,280.1
117621,4940,56400,278.6
117631,4940,56400,278.6
117641,4940,57200,282.6
117651,4940,55800,275.7
117661,4940,57400,283.6
117671,4940,55800,275.7
117681,4940,57400,283.6
117691,4940,55800,275.7
117701,4940,57400,283.6
117711,4940,55700,275.2
117721,4940,57400,283.6
117731,4940,55800,275.7
117741,4944,57400,283.8
117751,4940,56500,279.1
117761,4940,56900,281.1
117771,4940,56500,279.1
117781,4940,56700,280.1
117791,4940,56400,278.6
117801,4940,56800,280.6
117811,4940,56400,278.6
117821,4940,55800,275.7
117831,4940,57400,283.6
117841,4936,55800,275.4
117851,4940,57400,283.6
117861,4940,55800,275.7
117871,4940,57300,283.1
117881,4940,55800,275.7
117891,4944,57300,283.3
117901,4940,55800,275.7
117911,4940,57400,283.6
117921,4940,55800,275.7
117931,4940,57400,283.6
117941,4940,55800,275.7
117951,4940,56800,280.6
117961,4816,140400,676.2
117971,4940,56800,280.6
117981,4940,56400,278.6
117991,4940,56500,279.1
118001,4940,57200,282.6
118011,4936,55800,275.4
118021,4944,57400,283.8
118031,4940,55700,275.2
118041,4944,57400,283.8
118051,4940,55800,275.7
118061,4940,57400,283.6
118071,4940,55700,275.2
118081,4940,57400,283.6
118091,4940,55800,275.7
118101,4944,57400,283.8
118111,4940,56400,278.6
118121,4940,56900,281.1
118131,4940,56500,279.1
118141,4940,56800,280.6
118151,4940,56500,279.1
118161,4940,56800,280.6
118171,4940,56400,278.6
118181,4940,55800,275.7
118191,4940,57400,283.6
118201,4940,55700,275.2
118211,4940,57400,283.6
118221,4936,55800,275.4
118231,4940,57400,283.6
118241,4940,55800,275.7
118251,4940,57400,283.6
118261,4940,55800,275.7
118271,4940,57300,283.1
118281,4940,55700,275.2
118291,4944,57400,283.8
118301,4940,55800,275.7
118311,4940,56700,280.1
118321,4940,56500,279.1
118331,4940,56800,280.6
118341,4940,56400,278.6
118351,4940,56300,278.1
118361,4940,57300,283.1
118371,4936,55800,275.4
118381,4940,57500,284.1
118391,4940,55800,275.7
118401,4940,57400,283.6
118411,4940,55800,275.7
118421,4940,57400,283.6
118431,4936,55800,275.4
118441,4940,57300,283.1
118451,4940,55700,275.2
118461,4940,57300,283.1
118471,4828,175600,847.8
118481,4940,56900,281.1
118491,4940,56500,279.1
118501,4940,56700,280.1
118511,4940,56400,278.6
118521,4940,56800,280.6
118531,4940,56400,278.6
118541,4940,55800,275.7
118551,4940,57300,283.1
118561,4940,55800,275.7
118571,4940,57400,283.6
118581,4936,55800,275.4
118591,4940,57300,283.1
118601,4940,55800,275.7
118611,4940,57400,283.6
118621,4936,55800,275.4
118631,4940,57400,283.6
118641,4940,55800,275.7
118651,4940,57400,283.6
118661,4940,55800,275.7
118671,4940,56700,280.1
118681,4940,56500,279.1
118691,4940,56700,280.1
118701,4940,56400,278.6
118711,4940,56400,278.6
118721,4940,57300,283.1
118731,4936,55700,274.9
118741,4940,57400,283.6
118751,4940,55800,275.7
118761,4940,57400,283.6
118771,4940,55800,275.7
118781,4940,57400,283.6
118791,4940,55800,275.7
118801,4940,57300,283.1
118811,4940,55800,275.7
118821,4940,57300,283.1
118831,4940,56500,279.1
118841,4940,56800,280.6
118851,4940,56500,279.1
118861,4940,56800,280.6
118871,4940,56400,278.6
118881,4940,56800,280.6
118891,4940,56400,278.6
118901,4940,55900,276.1
118911,4940,57400,283.6
118921,4936,55800,275.4
118931,4940,57400,283.6
118941,4940,55800,275.7
118951,4940,57400,283.6
118961,4940,55800,275.7
118971,4820,142200,685.4
118981,4940,55800,275.7
118991,4940,57400,283.6
119001,4940,55800,275.7
119011,4940,57400,283.6
119021,4940,55800,275.7
119031,4940,56700,280.1
119041,4940,56400,278.6
119051,4940,56700,280.1
119061,4940,56500,279.1
119072,4940,55800,275.7
119081,4940,57300,283.1
119091,4940,55800,275.7
119101,4940,57400,283.6
119111,4940,55800,275.7
119121,4940,57300,283.1
119131,4940,55800,275.7
119141,4940,57300,283.1
119151,4940,55800,275.7
119161,4940,57400,283.6
119171,4940,55800,275.7
119181,4940,57400,283.6
119191,4940,56500,279.1
119201,4940,56800,280.6
119211,4940,56500,279.1
119221,4940,56700,280.1
119231,4940,56500,279.1
119241,4940,56700,280.1
119251,4940,56400,278.6
119261,4940,55800,275.7
119271,4944,57400,283.8
119281,4940,55800,275.7
119291,4940,57400,283.6
119301,4940,55800,275.7
119311,4944,57400,283.8
119321,4940,55700,275.2
119331,4940,57400,283.6
119341,4940,55800,275.7
119351,4940,57300,283.1
119361,4940,55800,275.7
119371,4940,57300,283.1
119381,4940,55800,275.7
119391,4940,56800,280.6
119401,4940,56400,278.6
119411,4940,56700,280.1
119421,4940,56400,278.6
119431,4940,56200,277.6
119441,4940,57300,283.1
119451,4940,55800,275.7
119461,4940,57400,283.6
119471,4812,141100,679.0
119481,4940,57400,283.6
119491,4940,55800,275.7
119501,4940,57300,283.1
119511,4940,55700,275.2
119521,4940,57300,283.1
119531,4940,55800,275.7
119541,4940,57400,283.6
119551,4940,56500,279.1
119561,4940,56800,280.6
119571,4940,56500,279.1
119581,4940,56700,280.1
119591,4940,56400,278.6
119601,4940,56700,280.1
119611,4940,56400,278.6
119621,4940,55700,275.2
119631,4940,57400,283.6
119641,4940,55800,275.7
119651,4940,57400,283.6
119661,4940,55800,275.7
119671,4940,57300,283.1
119681,4940,55800,275.7
119691,4944,57400,283.8
119701,4940,55700,275.2
119711,4940,57300,283.1
119721,4940,55800,275.7
119731,4940,57300,283.1
119741,4940,55800,275.7
119751,4940,56700,280.1
119761,4940,56400,278.6
119771,4940,56800,280.6
119781,4940,56400,278.6
119791,4940,56200,277.6
119801,4940,57400,283.6
119811,4940,55800,275.7
119821,4944,57300,283.3
119831,4940,55800,275.7
119841,4940,57400,283.6
119851,4940,55800,275.7
119861,4940,57400,283.6
119871,4940,55800,275.7
119881,4940,57400,283.6
119891,4940,55800,275.7
119901,4940,57300,283.1
119911,4940,56600,279.6
119921,4940,56700,280.1
119931,4936,56500,278.9
119941,4940,56800,280.6
119951,4940,56400,278.6
119961,4940,56700,280.1
119971,4940,56500,279.1
119981,4832,133300,644.1
119991,4944,57400,283.8
120001,4940,55800,275.7
120011,4940,57400,283.6
120021,4940,55800,275.7
120031,4940,57400,283.6
120041,4940,55800,275.7
120051,4940,57400,283.6
120061,4940,55800,275.7
120071,4940,57300,283.1
120081,4940,55800,275.7
120091,4940,57300,283.1
120101,4940,55800,275.7
120111,4940,56800,280.6
120121,4940,56400,278.6
120131,4940,56700,280.1
120141,4940,56400,278.6
120151,4940,56100,277.1
120161,4940,57400,283.6
120171,4940,55700,275.2
120181,4940,57400,283.6
120191,4940,55800,275.7
120201,4940,57300,283.1
120211,4940,55800,275.7
120221,4940,57300,283.1
120231,4936,55900,275.9
120241,4940,57400,283.6
120251,4940,55800,275.7
120261,4940,57400,283.6
120271,4940,55800,275.7
120281,4944,56700,280.3
120291,4940,56400,278.6
120301,4940,56700,280.1
120311,4940,56400,278.6
120321,4940,56700,280.1
120331,4940,56400,278.6
120341,4940,55700,275.2
120351,4940,57300,283.1
120361,4940,55800,275.7
120371,4940,57400,283.6
120381,4940,55800,275.7
120391,4940,57400,283.6
120401,4940,55800,275.7
120411,4940,57400,283.6
120421,4940,55800,275.7
120431,4940,57300,283.1
120441,4940,55800,275.7
120451,4944,57300,283.3
120461,4940,55800,275.7
120471,4940,56700,280.1
120481,4812,142200,684.3
120491,4940,56800,280.6
120501,4940,56400,278.6
120511,4940,56200,277.6
120521,4940,57400,283.6
120531,4940,55700,275.2
120541,4944,57400,283.8
120551,4940,55800,275.7
120561,4940,57400,283.6
120571,4940,55800,275.7
120581,4940,57400,283.6
120591,4940,55800,275.7
120601,4944,57400,283.8
120611,4940,55800,275.7
120621,4940,57400,283.6
120631,4940,55800,275.7
120641,4944,56700,280.3
120651,4940,56400,278.6
120661,4940,56700,280.1
120671,4940,56400,278.6
120681,4940,56700,280.1
120691,4940,56400,278.6
120701,4940,55800,275.7
120712,4940,57400,283.6
120721,4940,55700,275.2
120731,4944,57400,283.8
120741,4940,55800,275.7
120751,4940,57400,283.6
120761,4940,55800,275.7
120771,4940,57300,283.1
120781,4940,55800,275.7
120791,4940,57400,283.6
120801,4940,55700,275.2
120811,4940,57400,283.6
120821,4940,55700,275.2
120831,4940,56700,280.1
120841,4940,56400,278.6
120851,4940,56700,280.1
120861,4940,56400,278.6
120871,4940,56100,277.1
120881,4940,57400,283.6
120891,4940,55800,275.7
120901,4940,57400,283.6
120911,4940,55700,275.2
120921,4940,57400,283.6
120931,4940,55800,275.7
120941,4940,57300,283.1
120951,4940,55800,275.7
120961,4940,57300,283.1
120971,4940,55800,275.7
120981,4940,57400,283.6
120991,4828,189000,912.5
121001,4940,56800,280.6
121011,4940,56500,279.1
121021,4940,56800,280.6
121031,4940,56400,278.6
121041,4940,56700,280.1
121051,4940,56400,278.6
121061,4940,55800,275.7
121071,4940,57400,283.6
121081,4940,55800,275.7
121091,4940,57400,283.6
121101,4940,55800,275.7
121111,4940,57400,283.6
121121,4940,55800,275.7
121131,4940,57400,283.6
121141,4940,55800,275.7
121151,4940,57300,283.1
121161,4940,55800,275.7
121171,4940,57300,283.1
121181,4940,55800,275.7
121191,4940,56700,280.1
121201,4940,56400,278.6
121211,4940,56700,280.1
121221,4940,56400,278.6
121231,4940,56100,277.1
121241,4940,57400,283.6
121251,4940,55800,275.7
121261,4940,57400,283.6
121271,4940,55800,275.7
121281,4940,57400,283.6
121291,4936,55700,274.9
121301,4944,57400,283.8
121311,4940,55800,275.7
121321,4940,57400,283.6
121331,4940,55800,275.7
121341,4940,57400,283.6
121351,4936,55800,275.4
121361,4940,56700,280.1
121371,4940,56400,278.6
121381,4940,56700,280.1
121391,4940,56400,278.6
121401,4940,56700,280.1
121411,4940,56400,278.6
121421,4940,55900,276.1
121431,4940,57400,283.6
121441,4940,55800,275.7
121451,4940,57400,283.6
121461,4940,55800,275.7
121471,4940,57300,283.1
121481,4940,55800,275.7
121491,4820,135100,651.2
121501,4940,55700,275.2
121511,4940,57500,284.1
121521,4940,55700,275.2
121531,4940,57400,283.6
121541,4940,55800,275.7
121551,4940,56700,280.1
121561,4940,56500,279.1
121571,4940,56600,279.6
121581,4940,56400,278.6
121591,4940,56000,276.6
121601,4940,57400,283.6
121611,4940,55800,275.7
121621,4940,57400,283.6
121631,4940,55800,275.7
121641,4940,57300,283.1
121651,4940,55800,275.7
121661,4940,57400,283.6
121671,4936,55700,274.9
121681,4940,57400,283.6
121691,4940,55800,275.7
121701,4940,57300,283.1
121711,4940,55800,275.7
121721,4940,56600,279.6
121731,4940,56400,278.6
121741,4940,56700,280.1
121751,4940,56400,278.6
121761,4940,56700,280.1
121771,4940,56400,278.6
121781,4940,55800,275.7
121791,4940,57400,283.6
121801,4940,55800,275.7
121811,4940,57400,283.6
121821,4936,55800,275.4
121831,4940,57400,283.6
121841,4940,55800,275.7
121851,4940,57400,283.6
121861,4940,55900,276.1
121871,4944,57300,283.3
121881,4940,55700,275.2
121891,4940,57400,283.6
121901,4940,55800,275.7
121911,4940,56800,280.6
121921,4940,56400,278.6
121931,4940,56700,280.1
121941,4940,56500,279.1
121951,4940,55900,276.1
121961,4940,57400,283.6
121971,4940,55800,275.7
121981,4944,57400,283.8
121991,4940,55800,275.7
122001,4776,184100,879.3
122011,4940,55900,276.1
122021,4944,57400,283.8
122031,4940,55800,275.7
122041,4940,57400,283.6
122051,4936,55800,275.4
122061,4944,57500,284.3
122071,4940,55800,275.7
122081,4940,56700,280.1
122091,4940,56500,279.1
122101,4940,56700,280.1
122111,4940,56500,279.1
122121,4940,56800,280.6
122131,4940,56400,278.6
122141,4940,55700,275.2
122151,4940,57400,283.6
122161,4940,55800,275.7
122171,4940,57300,283.1
122181,4940,55800,275.7
122191,4940,57400,283.6
122201,4940,55800,275.7
122211,4940,57400,283.6
122221,4940,55800,275.7
122231,4944,57400,283.8
122241,4940,55700,275.2
122251,4940,57300,283.1
122261,4940,55800,275.7
122271,4940,56700,280.1
122281,4940,56400,278.6
122291,4940,56700,280.1
122301,4940,56500,279.1
122311,4940,56000,276.6
122321,4940,57500,284.1
122331,4940,55800,275.7
122341,4940,57400,283.6
122352,4940,55800,275.7
122361,4940,57400,283.6
122371,4940,55800,275.7
122381,4940,57400,283.6
122391,4940,55800,275.7
122401,4940,57300,283.1
122411,4940,55800,275.7
122421,4944,57400,283.8
122431,4940,55800,275.7
122441,4940,56700,280.1
122451,4940,56400,278.6
122461,4940,56700,280.1
122471,4940,56400,278.6
122481,4940,56800,280.6
122491,4940,56500,279.1
122501,4832,133300,644.1
122511,4940,57500,284.1
122521,4940,55800,275.7
122531,4940,57400,283.6
122541,4940,55800,275.7
122551,4940,57400,283.6
122561,4940,55800,275.7
122571,4940,57300,283.1
122581,4940,55800,275.7
122591,4940,57300,283.1
122601,4940,55800,275.7
122611,4940,57400,283.6
122621,4940,55800,275.7
122631,4940,56700,280.1
122641,4940,56400,278.6
122651,4940,56700,280.1
122661,4940,56400,278.6
122671,4940,55900,276.1
122681,4940,57500,284.1
122691,4940,55700,275.2
122701,4940,57400,283.6
122711,4940,55800,275.7
122721,4944,57300,283.3
122731,4936,55800,275.4
122741,4940,57300,283.1
122751,4940,55800,275.7
122761,4940,57400,283.6
122771,4940,55700,275.2
122781,4940,57400,283.6
122791,4940,55700,275.2
122801,4940,56700,280.1
122811,4940,56500,279.1
122821,4940,56700,280.1
122831,4940,56400,278.6
122841,4940,56800,280.6
122851,4940,56400,278.6
122861,4940,55800,275.7
122871,4940,57400,283.6
122881,4940,55900,276.1
122891,4940,57300,283.1
122901,4940,55800,275.7
122911,4940,57400,283.6
122921,4940,55700,275.2
122931,4940,57300,283.1
122941,4940,55700,275.2
122951,4940,57300,283.1
122961,4940,55800,275.7
122971,4940,57300,283.1
122981,4940,55900,276.1
122991,4940,56800,280.6
123001,4940,56400,278.6
123011,4796,136700,655.6
123021,4940,56400,278.6
123031,4940,56000,276.6
123041,4940,57500,284.1
123051,4940,55800,275.7
123061,4940,57300,283.1
123071,4940,55800,275.7
123081,4940,57400,283.6
123091,4940,55800,275.7
123101,4940,57300,283.1
123111,4940,55800,275.7
123121,4940,57300,283.1
123131,4940,55800,275.7
123141,4940,57300,283.1
123151,4940,55800,275.7
123161,4940,56700,280.1
123171,4940,56400,278.6
123181,4940,56800,280.6
123191,4940,56400,278.6
123201,4940,56800,280.6
123211,4940,56400,278.6
123221,4940,55800,275.7
123231,4940,57400,283.6
123241,4940,55800,275.7
123251,4940,57400,283.6
123261,4940,55700,275.2
123271,4940,57400,283.6
123281,4940,55800,275.7
123291,4940,57300,283.1
123301,4940,55800,275.7
123311,4944,57400,283.8
123321,4940,55800,275.7
123331,4944,57400,283.8
123341,4940,55800,275.7
123351,4940,56700,280.1
123361,4940,56400,278.6
123371,4940,56700,280.1
123381,4940,56400,278.6
123391,4940,55900,276.1
123401,4940,57400,283.6
123411,4940,55800,275.7
123421,4944,57400,283.8
123431,4940,55800,275.7
123441,4944,57400,283.8
123451,4940,55700,275.2
123461,4940,57400,283.6
123471,4940,55800,275.7
123481,4940,57400,283.6
123491,4940,55800,275.7
123501,4940,57400,283.6
123511,4940,55800,275.7
123521,4708,141200,664.8
123531,4940,56500,279.1
123541,4940,56800,280.6
123551,4940,56500,279.1
123561,4940,56800,280.6
123571,4940,56400,278.6
123581,4936,55800,275.4
123591,4940,57400,283.6
123601,4940,55800,275.7
123611,4940,57400,283.6
123621,4940,55800,275.7
123631,4940,57400,283.6
123641,4940,55800,275.7
123651,4940,57400,283.6
123661,4940,55700,275.2
123671,4940,57400,283.6
123681,4940,55800,275.7
123691,4940,57300,283.1
123701,4940,55900,276.1
123711,4940,56700,280.1
123721,4940,56400,278.6
123731,4940,56800,280.6
123741,4940,56400,278.6
123751,4940,55900,276.1
123761,4940,57400,283.6
123771,4940,55800,275.7
123781,4940,57400,283.6
123791,4940,55700,275.2
123801,4940,57400,283.6
123811,4940,55700,275.2
123821,4940,57300,283.1
123831,4940,55800,275.7
123841,4940,57400,283.6
123851,4936,55700,274.9
123861,4940,57400,283.6
123871,4940,55800,275.7
123881,4940,56600,279.6
123891,4940,56400,278.6
123901,4940,56800,280.6
123911,4940,56400,278.6
123921,4940,56800,280.6
123931,4940,56500,279.1
123941,4940,55700,275.2
123951,4940,57400,283.6
123961,4940,55800,275.7
123971,4940,57400,283.6
123982,4940,55800,275.7
123991,4944,57400,283.8
124001,4940,55800,275.7
124011,4944,57300,283.3
124021,4816,142000,683.9
124031,4940,57400,283.6
124041,4940,55800,275.7
124051,4940,57400,283.6
124061,4940,55900,276.1
124071,4940,56700,280.1
124081,4940,56500,279.1
124091,4940,56700,280.1
124101,4940,56400,278.6
124111,4940,55800,275.7
124121,4940,57400,283.6
124131,4936,55800,275.4
124141,4940,57300,283.1
124151,4940,55700,275.2
124161,4940,57400,283.6
124171,4940,55800,275.7
124181,4940,57300,283.1
124191,4940,55800,275.7
124201,4940,57400,283.6
124211,4940,55800,275.7
124221,4944,57400,283.8
124231,4940,55800,275.7
124241,4940,56700,280.1
124251,4940,56400,278.6
124261,4940,56700,280.1
124271,4940,56400,278.6
124281,4940,56800,280.6
124291,4940,56500,279.1
124301,4940,55800,275.7
124311,4940,57400,283.6
124321,4940,55800,275.7
124331,4940,57400,283.6
124341,4940,55800,275.7
124351,4940,57300,283.1
124361,4940,55800,275.7
124371,4940,57400,283.6
124381,4940,55700,275.2
124391,4940,57400,283.6
124401,4940,55800,275.7
124411,4940,57400,283.6
124421,4940,55900,276.1
124431,4940,56700,280.1
124441,4940,56400,278.6
124451,4940,56700,280.1
124461,4940,56500,279.1
124471,4940,55900,276.1
124481,4940,57400,283.6
124491,4940,55800,275.7
124501,4940,57400,283.6
124511,4936,55800,275.4
124521,4940,60200,297.4
124531,4940,55800,275.7
124541,4940,57400,283.6
124551,4940,55800,275.7
124561,4940,57400,283.6
124571,4940,55800,275.7
124581,4940,57400,283.6
124591,4940,55800,275.7
124601,4940,56700,280.1
124611,4940,56400,278.6
124621,4940,56700,280.1
124631,4940,56500,279.1
124641,4940,56800,280.6
124651,4940,56500,279.1
124661,4940,55800,275.7
124671,4940,57400,283.6
124681,4940,55800,275.7
124691,4940,57300,283.1
124701,4940,55800,275.7
124711,4940,57400,283.6
124721,4940,55800,275.7
124731,4940,57400,283.6
124741,4940,55700,275.2
124751,4940,57300,283.1
124761,4940,55800,275.7
124771,4940,57300,283.1
124781,4940,55900,276.1
124791,4940,56700,280.1
124801,4940,56400,278.6
124811,4940,56700,280.1
124821,4940,56400,278.6
124831,4940,55800,275.7
124841,4940,57400,283.6
124851,4940,55700,275.2
124861,4940,57400,283.6
124871,4940,55800,275.7
124881,4940,57400,283.6
124891,4940,55800,275.7
124901,4940,57400,283.6
124911,4940,55700,275.2
124921,4940,57400,283.6
124931,4940,55800,275.7
124941,4940,57400,283.6
124951,4940,55800,275.7
124961,4940,56700,280.1
124971,4940,56400,278.6
124981,4940,56800,280.6
124991,4940,56400,278.6
125001,4940,56800,280.6
125011,4940,56500,279.1
125021,4940,55700,275.2
125031,4820,142800,688.3
125041,4940,55800,275.7
125051,4940,57300,283.1
125061,4940,55800,275.7
125071,4940,57300,283.1
125081,4940,55800,275.7
125091,4940,57300,283.1
125101,4940,55800,275.7
125111,4940,57400,283.6
125121,4940,55800,275.7
125131,4940,57300,283.1
125141,4940,56000,276.6
125151,4940,56700,280.1
125161,4940,56400,278.6
125171,4940,56800,280.6
125181,4940,56500,279.1
125191,4940,55700,275.2
125201,4940,57400,283.6
125211,4940,55800,275.7
125221,4944,57300,283.3
125231,4940,55800,275.7
125241,4940,57300,283.1
125251,4940,55700,275.2
125261,4944,57400,283.8
125271,4940,55800,275.7
125281,4940,57400,283.6
125291,4940,55700,275.2
125301,4940,57300,283.1
125311,4940,55800,275.7
125321,4940,56700,280.1
125331,4940,56400,278.6
125341,4940,56700,280.1
125351,4940,56500,279.1
125361,4940,56700,280.1
125371,4940,56500,279.1
125381,4936,55800,275.4
125391,4940,57400,283.6
125401,4940,55800,275.7
125411,4940,57300,283.1
125421,4940,55800,275.7
125431,4940,57400,283.6
125441,4940,55800,275.7
125451,4940,57400,283.6
125461,4940,55800,275.7
125471,4940,57300,283.1
125481,4940,55800,275.7
125491,4940,57300,283.1
125501,4940,56100,277.1
125511,4940,56700,280.1
125521,4940,56300,278.1
125531,4940,56800,280.6
125541,4832,218200,1054.3
125551,4940,55800,275.7
125561,4940,57300,283.1
125571,4940,55800,275.7
125581,4940,57300,283.1
125591,4940,55700,275.2
125601,4940,57400,283.6
125611,4940,55800,275.7
125622,4940,57300,283.1
125631,4940,55800,275.7
125641,4940,57300,283.1
125651,4940,55800,275.7
125661,4940,57400,283.6
125671,4940,55800,275.7
125681,4940,56700,280.1
125691,4940,56400,278.6
125701,4940,56700,280.1
125711,4940,56400,278.6
125721,4940,56700,280.1
125731,4940,56500,279.1
125741,4940,55700,275.2
125751,4940,57300,283.1
125761,4936,55800,275.4
125771,4940,57400,283.6
125781,4940,55800,275.7
125791,4940,57400,283.6
125801,4940,55800,275.7
125811,4944,57400,283.8
125821,4940,55700,275.2
125831,4940,57400,283.6
125841,4940,55800,275.7
125851,4944,57300,283.3
125861,4940,56100,277.1
125871,4940,56700,280.1
125881,4940,56400,278.6
125891,4940,56700,280.1
125901,4940,56400,278.6
125911,4940,55800,275.7
125921,4940,57300,283.1
125931,4940,55700,275.2
125941,4940,57300,283.1
125951,4936,55700,274.9
125961,4940,57400,283.6
125971,4940,55800,275.7
125981,4944,57400,283.8
125991,4940,55800,275.7
126001,4940,57300,283.1
126011,4936,55800,275.4
126021,4940,57300,283.1
126031,4940,55800,275.7
126041,4820,169900,818.9
126051,4940,56400,278.6
126061,4940,56700,280.1
126071,4940,56500,279.1
126081,4940,56800,280.6
126091,4940,56700,280.1
126101,4940,55700,275.2
126111,4940,57400,283.6
126121,4940,55800,275.7
126131,4940,57300,283.1
126141,4940,55800,275.7
126151,4940,57400,283.6
126161,4940,55800,275.7
126171,4940,57300,283.1
126181,4940,55800,275.7
126191,4940,57400,283.6
126201,4940,55800,275.7
126211,4940,57300,283.1
126221,4944,56200,277.9
126231,4940,56700,280.1
126241,4940,56500,279.1
126251,4940,56700,280.1
126261,4940,56500,279.1
126271,4940,55800,275.7
126281,4940,57300,283.1
126291,4940,55800,275.7
126301,4944,57300,283.3
126311,4940,55800,275.7
126321,4940,57300,283.1
126331,4936,55800,275.4
126341,4940,57300,283.1
126351,4940,55800,275.7
126361,4940,57300,283.1
126371,4940,55700,275.2
126381,4940,57400,283.6
126391,4940,55800,275.7
126401,4940,56700,280.1
126411,4940,56400,278.6
126421,4940,56700,280.1
126431,4940,56400,278.6
126441,4940,56600,279.6
126451,4940,56800,280.6
126461,4940,55700,275.2
126471,4944,57300,283.3
126481,4940,55700,275.2
126491,4940,57400,283.6
126501,4940,55800,275.7
126511,4944,57400,283.8
126521,4940,55800,275.7
126531,4940,57300,283.1
126541,4936,139500,688.6
126551,4940,57400,283.6
126561,4940,55800,275.7
126571,4940,57300,283.1
126581,4940,56300,278.1
126591,4940,56800,280.6
126601,4940,56500,279.1
126611,4940,56700,280.1
126621,4940,56500,279.1
126631,4940,55700,275.2
126641,4940,57300,283.1
126651,4940,55800,275.7
126661,4944,57300,283.3
126671,4940,55800,275.7
126681,4940,57400,283.6
126691,4940,55700,275.2
126701,4940,57400,283.6
126711,4940,55700,275.2
126721,4940,57300,283.1
126731,4940,55800,275.7
126741,4940,57400,283.6
126751,4940,55800,275.7
126761,4940,56700,280.1
126771,4940,56400,278.6
126781,4940,56700,280.1
126791,4940,56400,278.6
126801,4940,56700,280.1
126811,4940,56700,280.1
126821,4940,55800,275.7
126831,4940,57400,283.6
126841,4940,55800,275.7
126851,4940,57400,283.6
126861,4940,55700,275.2
126871,4940,57300,283.1
126881,4940,55800,275.7
126891,4940,57300,283.1
126901,4940,55700,275.2
126911,4944,57400,283.8
126921,4940,55800,275.7
126931,4940,57300,283.1
126941,4940,56300,278.1
126951,4940,56800,280.6
126961,4940,56500,279.1
126971,4940,56700,280.1
126981,4940,56400,278.6
126991,4940,55700,275.2
127001,4940,57300,283.1
127011,4940,55800,275.7
127021,4940,57300,283.1
127031,4940,55800,275.7
127041,4940,57400,283.6
127051,4936,122200,603.2
127061,4940,57400,283.6
127071,4940,55800,275.7
127081,4940,57400,283.6
127091,4936,55800,275.4
127101,4940,57400,283.6
127111,4940,55800,275.7
127121,4940,56800,280.6
127131,4940,56400,278.6
127141,4940,56700,280.1
127151,4940,56400,278.6
127161,4940,56800,280.6
127171,4940,56900,281.1
127181,4940,55800,275.7
127191,4940,57300,283.1
127201,4940,55800,275.7
127211,4940,57300,283.1
127221,4940,55800,275.7
127231,4940,57400,283.6
127241,4936,55700,274.9
127251,4940,57400,283.6
127262,4940,55800,275.7
127271,4940,57300,283.1
127281,4940,55800,275.7
127291,4944,57200,282.8
127301,4940,56400,278.6
127311,4940,56700,280.1
127321,4940,56400,278.6
127331,4940,56700,280.1
127341,4940,56400,278.6
127351,4940,55700,275.2
127361,4940,57400,283.6
127371,4940,55700,275.2
127381,4940,57300,283.1
127391,4940,55700,275.2
127401,4940,57400,283.6
127411,4940,55700,275.2
127421,4940,57400,283.6
127431,4940,55700,275.2
127441,4940,57400,283.6
127451,4940,55800,275.7
127461,4940,57400,283.6
127471,4940,55700,275.2
127481,4940,56800,280.6
127491,4940,56400,278.6
127501,4940,56700,280.1
127511,4940,56400,278.6
127521,4940,56600,279.6
127531,4940,57000,281.6
127541,4940,55800,275.7
127551,4940,57400,283.6
127561,4812,140900,678.0
127571,4940,57400,283.6
127581,4940,55800,275.7
127591,4940,57400,283.6
127601,4940,55800,275.7
127611,4940,57400,283.6
127621,4940,55800,275.7
127631,4944,57400,283.8
127641,4940,55800,275.7
127651,4940,57100,282.1
127661,4940,56400,278.6
127671,4940,56800,280.6
127681,4940,56400,278.6
127691,4940,56700,280.1
127701,4940,56400,278.6
127711,4940,55700,275.2
127721,4940,57300,283.1
127731,4940,55800,275.7
127741,4940,57300,283.1
127751,4940,55700,275.2
127761,4940,57400,283.6
127771,4940,55800,275.7
127781,4940,57300,283.1
127791,4940,55800,275.7
127801,4940,57400,283.6
127811,4940,55700,275.2
127821,4940,57300,283.1
127831,4940,55800,275.7
127841,4940,56700,280.1
127851,4940,56500,279.1
127861,4940,56700,280.1
127871,4940,56300,278.1
127881,4940,56600,279.6
127891,4940,57100,282.1
127901,4940,55800,275.7
127911,4940,57400,283.6
127921,4940,55800,275.7
127931,4940,57400,283.6
127941,4940,55800,275.7
127951,4940,57400,283.6
127961,4940,55800,275.7
127971,4940,57400,283.6
127981,4940,55800,275.7
127991,4940,57300,283.1
128001,4940,55800,275.7
128011,4940,57000,281.6
128021,4940,56500,279.1
128031,4940,56700,280.1
128041,4940,56400,278.6
128051,4940,56700,280.1
128061,4940,56400,278.6
128071,4816,206200,993.1
128081,4940,57400,283.6
128091,4940,55800,275.7
128101,4944,57400,283.8
128111,4940,55800,275.7
128121,4940,57400,283.6
128131,4940,55900,276.1
128141,4940,57400,283.6
128151,4940,55800,275.7
128161,4944,57400,283.8
128171,4936,55700,274.9
128181,4940,57400,283.6
128191,4940,55800,275.7
128201,4940,56700,280.1
128211,4940,56400,278.6
128221,4940,56700,280.1
128231,4940,56400,278.6
128241,4940,56500,279.1
128251,4940,57100,282.1
128261,4940,55800,275.7
128271,4940,57400,283.6
128281,4940,55800,275.7
128291,4940,57400,283.6
128301,4940,55800,275.7
128311,4940,57400,283.6
128321,4936,55700,274.9
128331,4940,57400,283.6
128341,4940,55800,275.7
128351,4944,57400,283.8
128361,4940,55700,275.2
128371,4940,56900,281.1
128381,4940,56500,279.1
128391,4940,56700,280.1
128401,4940,56500,279.1
128411,4940,56700,280.1
128421,4940,56400,278.6
128431,4940,55800,275.7
128441,4940,57300,283.1
128451,4940,55800,275.7
128461,4940,57400,283.6
128471,4940,55700,275.2
128481,4944,57300,283.3
128491,4940,55700,275.2
128501,4940,57300,283.1
128511,4936,55800,275.4
128521,4940,57300,283.1
128531,4940,55700,275.2
128541,4940,57400,283.6
128551,4940,55800,275.7
128561,4940,56700,280.1
128571,4940,56400,278.6
128581,4824,133700,645.0
128591,4940,56400,278.6
128601,4940,56500,279.1
128611,4940,57200,282.6
128621,4940,55800,275.7
128631,4944,57400,283.8
128641,4940,55800,275.7
128651,4940,57300,283.1
128661,4940,55800,275.7
128671,4940,57300,283.1
128681,4940,55800,275.7
128691,4944,57300,283.3
128701,4940,55800,275.7
128711,4940,57300,283.1
128721,4940,55800,275.7
128731,4940,56900,281.1
128741,4940,56500,279.1
128751,4940,56700,280.1
128761,4940,56400,278.6
128771,4940,56700,280.1
128781,4940,56500,279.1
128791,4940,55800,275.7
128801,4940,57400,283.6
128811,4940,55700,275.2
128821,4940,57300,283.1
128831,4940,55800,275.7
128841,4940,57400,283.6
128851,4940,55800,275.7
128861,4940,57300,283.1
128871,4940,55800,275.7
128881,4940,57400,283.6
128892,4940,55800,275.7
128901,4940,57400,283.6
128911,4940,55800,275.7
128921,4940,56700,280.1
128931,4940,56500,279.1
128941,4940,56700,280.1
128951,4940,56400,278.6
128961,4940,56300,278.1
128971,4940,57200,282.6
128981,4940,55800,275.7
128991,4940,57400,283.6
129001,4936,55800,275.4
129011,4940,57300,283.1
129021,4940,55800,275.7
129031,4940,57400,283.6
129041,4940,55700,275.2
129051,4940,57400,283.6
129061,4940,55800,275.7
129071,4944,57400,283.8
129081,4816,158700,764.3
129091,4940,56900,281.1
129101,4940,56600,279.6
129111,4940,56700,280.1
129121,4940,56400,278.6
129131,4940,56700,280.1
129141,4940,56400,278.6
129151,4940,55900,276.1
129161,4940,57400,283.6
129171,4940,55800,275.7
129181,4940,57400,283.6
129191,4940,55800,275.7
129201,4940,57400,283.6
129211,4940,55800,275.7
129221,4940,57400,283.6
129231,4940,55800,275.7
129241,4940,57300,283.1
129251,4940,55800,275.7
129261,4940,57400,283.6
129271,4940,55800,275.7
129281,4940,56700,280.1
129291,4940,56400,278.6
129301,4940,56800,280.6
129311,4940,56400,278.6
129321,4940,56300,278.1
129331,4940,57300,283.1
129341,4940,55800,275.7
129351,4944,57400,283.8
129361,4940,55800,275.7
129371,4944,57400,283.8
129381,4940,55800,275.7
129391,4940,57300,283.1
129401,4940,55800,275.7
129411,4944,57400,283.8
129421,4940,55700,275.2
129431,4940,57500,284.1
129441,4940,55800,275.7
129451,4940,56800,280.6
129461,4940,56500,279.1
129471,4940,56700,280.1
129481,4940,56400,278.6
129491,4940,56700,280.1
129501,4940,56400,278.6
129511,4940,55800,275.7
129521,4940,57400,283.6
129531,4940,55800,275.7
129541,4940,57400,283.6
129551,4940,55700,275.2
129561,4940,57300,283.1
129571,4940,55700,275.2
129581,4940,57300,283.1
129591,4792,65000,311.5
129601,4940,57400,283.6
129611,4940,55800,275.7
129621,4940,57400,283.6
129631,4940,55800,275.7
129641,4940,56700,280.1
129651,4940,56400,278.6
129661,4940,56700,280.1
129671,4940,56400,278.6
129681,4940,56300,278.1
129691,4940,57300,283.1
129701,4940,55900,276.1
129711,4940,57400,283.6
129721,4940,55800,275.7
129731,4940,57300,283.1
129741,4940,55800,275.7
129751,4940,57400,283.6
129761,4940,55800,275.7
129771,4940,57400,283.6
129781,4940,55800,275.7
129791,4944,57300,283.3
129801,4940,55800,275.7
129811,4940,56800,280.6
129821,4940,56400,278.6
129831,4940,56700,280.1
129841,4940,56400,278.6
129851,4940,56600,279.6
129861,4940,56500,279.1
129871,4940,55800,275.7
129881,4940,57400,283.6
129891,4940,55700,275.2
129901,4944,57400,283.8
129911,4940,55700,275.2
129921,4944,57300,283.3
129931,4940,55800,275.7
129941,4940,57400,283.6
129951,4940,55800,275.7
129961,4940,57400,283.6
129971,4940,55800,275.7
129981,4944,57400,283.8
129991,4940,55700,275.2
130001,4940,56700,280.1
130011,4940,56400,278.6
130021,4940,56700,280.1
130031,4940,56400,278.6
130041,4940,56200,277.6
130051,4940,57400,283.6
130061,4940,55700,275.2
130071,4940,57400,283.6
130081,4940,55800,275.7
130091,4796,193200,926.6
130101,4940,55800,275.7
130111,4940,57400,283.6
130121,4940,55800,275.7
130131,4944,57400,283.8
130141,4940,55800,275.7
130151,4940,57400,283.6
130161,4940,55700,275.2
130171,4940,56800,280.6
130181,4940,56500,279.1
130191,4940,56700,280.1
130201,4940,56400,278.6
130211,4940,56800,280.6
130221,4940,56400,278.6
130231,4936,55800,275.4
130241,4940,57500,284.1
130251,4940,55700,275.2
130261,4940,57300,283.1
130271,4936,55800,275.4
130281,4940,57300,283.1
130291,4940,55800,275.7
130301,4940,57400,283.6
130311,4940,55800,275.7
130321,4940,57400,283.6
130331,4940,55800,275.7
130341,4944,57400,283.8
130351,4940,55800,275.7
130361,4940,56700,280.1
130371,4940,56400,278.6
130381,4940,56700,280.1
130391,4940,56400,278.6
130401,4940,56200,277.6
130411,4940,57400,283.6
130421,4940,55800,275.7
130431,4940,57400,283.6
130441,4940,55700,275.2
130451,4940,57400,283.6
130461,4940,55700,275.2
130471,4940,57400,283.6
130481,4940,55800,275.7
130491,4940,57400,283.6
130501,4940,55800,275.7
130511,4940,57400,283.6
130521,4940,55800,275.7
130532,4940,56800,280.6
130541,4940,56400,278.6
130551,4944,56700,280.3
130561,4940,56400,278.6
130571,4940,56700,280.1
130581,4940,56400,278.6
130591,4820,133200,642.0
130601,4940,57400,283.6
130611,4940,55800,275.7
130621,4940,57400,283.6
130631,4936,55800,275.4
130641,4940,57400,283.6
130651,4940,55800,275.7
130661,4940,57400,283.6
130671,4940,55900,276.1
130681,4940,57400,283.6
130691,4940,55800,275.7
130701,4944,57400,283.8
130711,4940,55800,275.7
130721,4940,56700,280.1
130731,4940,56400,278.6
130741,4940,56800,280.6
130751,4940,56400,278.6
130761,4940,56100,277.1
130771,4940,57300,283.1
130781,4936,55700,274.9
130791,4940,57400,283.6
130801,4940,55800,275.7
130811,4940,57400,283.6
130821,4940,55700,275.2
130831,4944,57400,283.8
130841,4940,55700,275.2
130851,4940,57300,283.1
130861,4936,55800,275.4
130871,4940,57400,283.6
130881,4940,55800,275.7
130891,4940,56600,279.6
130901,4940,56500,279.1
130911,4940,56700,280.1
130921,4940,56400,278.6
130931,4940,56700,280.1
130941,4940,56400,278.6
130951,4940,55800,275.7
130961,4940,57300,283.1
130971,4940,55800,275.7
130981,4940,57300,283.1
130991,4940,55700,275.2
131001,4940,57400,283.6
131011,4940,55800,275.7
131021,4940,57400,283.6
131031,4940,55800,275.7
131041,4940,57400,283.6
131051,4940,55800,275.7
131061,4940,57300,283.1
131071,4940,55800,275.7
131081,4940,56800,280.6
131091,4940,59200,292.4
131101,4940,56800,280.6
131111,4940,56400,278.6
131121,4940,56100,277.1
131131,4940,57500,284.1
131141,4940,55800,275.7
131151,4940,57400,283.6
131161,4940,55800,275.7
131171,4940,57400,283.6
131181,4940,55800,275.7
131191,4940,57300,283.1
131201,4940,55800,275.7
131211,4944,57400,283.8
131221,4940,55800,275.7
131231,4944,57400,283.8
131241,4940,55800,275.7
131251,4940,56700,280.1
131261,4940,56400,278.6
131271,4940,56700,280.1
131281,4940,56400,278.6
131291,4940,56700,280.1
131301,4940,56400,278.6
131311,4940,55800,275.7
131321,4940,57300,283.1
131331,4940,55800,275.7
131341,4940,57400,283.6
131351,4940,55800,275.7
131361,4940,57400,283.6
131371,4936,55800,275.4
131381,4944,57400,283.8
131391,4940,55700,275.2
131401,4944,57400,283.8
131411,4940,55800,275.7
131421,4940,57400,283.6
131431,4940,55800,275.7
131441,4940,56700,280.1
131451,4940,56400,278.6
131461,4944,56700,280.3
131471,4940,56500,279.1
131481,4940,55900,276.1
131491,4940,57400,283.6
131501,4940,55800,275.7
131511,4940,57400,283.6
131521,4940,55800,275.7
131531,4940,57400,283.6
131541,4940,55800,275.7
131551,4944,57400,283.8
131561,4940,55700,275.2
131571,4940,57400,283.6
131581,4940,55800,275.7
131591,4944,57400,283.8
131601,4816,159100,766.2
131611,4940,56700,280.1
131621,4940,56400,278.6
131631,4940,56800,280.6
131641,4940,56400,278.6
131651,4940,56800,280.6
131661,4940,56400,278.6
131671,4940,55800,275.7
131681,4940,57400,283.6
131691,4940,55800,275.7
131701,4940,57400,283.6
131711,4940,55800,275.7
131721,4940,57400,283.6
131731,4940,55800,275.7
131741,4940,57400,283.6
131751,4940,55800,275.7
131761,4940,57400,283.6
131771,4940,55800,275.7
131781,4940,57400,283.6
131791,4940,55700,275.2
131801,4940,56800,280.6
131811,4940,56400,278.6
131821,4940,56700,280.1
131831,4940,56400,278.6
131841,4940,55900,276.1
131851,4944,57500,284.3
131861,4940,55700,275.2
131871,4940,57400,283.6
131881,4940,55800,275.7
131891,4940,57400,283.6
131901,4940,55800,275.7
131911,4940,57400,283.6
131921,4940,55800,275.7
131931,4940,57400,283.6
131941,4940,55900,276.1
131951,4940,57400,283.6
131961,4940,55800,275.7
131971,4940,56700,280.1
131981,4940,56400,278.6
131991,4940,56700,280.1
132001,4940,56400,278.6
132011,4940,56700,280.1
132021,4940,56500,279.1
132031,4940,55800,275.7
132041,4944,57400,283.8
132051,4940,55800,275.7
132061,4940,57400,283.6
132071,4940,55700,275.2
132081,4940,57300,283.1
132091,4940,55800,275.7
132101,4940,57800,285.5
132111,4940,55800,275.7
132121,4940,57400,283.6
132131,4940,55800,275.7
132141,4940,57300,283.1
132151,4940,55800,275.7
132161,4940,56800,280.6
132175,4944,57400,283.8
132181,4940,56700,280.1
132191,4940,56500,279.1
132201,4940,55900,276.1
132211,4940,57400,283.6
132221,4940,55800,275.7
132231,4940,57300,283.1
132241,4940,55800,275.7
132251,4940,57300,283.1
132261,4940,55700,275.2
132271,4940,57300,283.1
132281,4936,55800,275.4
132291,4940,57400,283.6
132301,4940,55900,276.1
132311,4940,57400,283.6
132321,4940,55800,275.7
132331,4940,56700,280.1
132341,4940,56400,278.6
132351,4940,56800,280.6
132361,4940,56400,278.6
132371,4940,56800,280.6
132381,4940,56500,279.1
132391,4940,55800,275.7
132401,4940,57400,283.6
132411,4940,55800,275.7
132421,4944,57400,283.8
132431,4940,55700,275.2
132441,4944,57300,283.3
132451,4940,55800,275.7
132461,4940,57400,283.6
132471,4940,55700,275.2
132481,4940,57400,283.6
132491,4936,55700,274.9
132501,4940,57400,283.6
132511,4940,55900,276.1
132521,4940,56700,280.1
132531,4940,56400,278.6
132541,4940,56700,280.1
132551,4940,56400,278.6
132561,4940,55800,275.7
132571,4940,57300,283.1
132581,4940,55700,275.2
132591,4944,57400,283.8
132601,4940,55800,275.7
132611,4812,145100,698.2
132621,4940,55800,275.7
132631,4940,57400,283.6
132641,4940,55800,275.7
132651,4940,57400,283.6
132661,4940,55800,275.7
132671,4940,57300,283.1
132681,4940,55800,275.7
132691,4940,56600,279.6
132701,4940,56400,278.6
132711,4940,56600,279.6
132721,4940,56400,278.6
132731,4940,56700,280.1
132741,4940,56500,279.1
132751,4936,55700,274.9
132761,4940,57400,283.6
132771,4936,55800,275.4
132781,4940,57400,283.6
132791,4940,55800,275.7
132801,4940,57300,283.1
132811,4940,55700,275.2
132821,4940,57400,283.6
132831,4940,55800,275.7
132841,4940,57400,283.6
132851,4936,55800,275.4
132861,4940,57400,283.6
132871,4940,55900,276.1
132881,4940,56700,280.1
132891,4940,56400,278.6
132901,4940,56800,280.6
132911,4940,56500,279.1
132921,4940,55800,275.7
132931,4940,57300,283.1
132941,4940,55800,275.7
132951,4944,57400,283.8
132961,4940,55700,275.2
132971,4940,57400,283.6
132981,4936,55800,275.4
132991,4940,57300,283.1
133001,4940,55800,275.7
133011,4944,57300,283.3
133021,4940,55800,275.7
133031,4944,57400,283.8
133041,4940,55700,275.2
133051,4940,56700,280.1
133061,4940,56400,278.6
133071,4940,56700,280.1
133081,4940,56400,278.6
133091,4940,56700,280.1
133101,4940,56600,279.6
133111,4940,55800,275.7
133121,4832,149400,721.9
133131,4940,55800,275.7
133141,4940,57400,283.6
133151,4940,55800,275.7
133161,4940,57400,283.6
133171,4936,55800,275.4
133181,4940,57300,283.1
133191,4940,55800,275.7
133201,4944,57500,284.3
133211,4940,55800,275.7
133221,4940,57400,283.6
133231,4940,56000,276.6
133241,4940,56700,280.1
133251,4940,56400,278.6
133261,4940,56800,280.6
133271,4940,56400,278.6
133281,4940,55800,275.7
133291,4940,57400,283.6
133301,4940,55800,275.7
133311,4940,57300,283.1
133321,4940,55800,275.7
133331,4940,57400,283.6
133341,4940,55800,275.7
133351,4944,57400,283.8
133361,4940,55700,275.2
133371,4940,57400,283.6
133381,4940,55700,275.2
133391,4940,57400,283.6
133401,4940,55800,275.7
133411,4940,56700,280.1
133421,4940,56400,278.6
133431,4940,56700,280.1
133441,4940,56400,278.6
133451,4940,56800,280.6
133461,4940,56500,279.1
133471,4940,55700,275.2
133481,4940,57300,283.1
133491,4940,55800,275.7
133501,4944,57400,283.8
133511,4940,55800,275.7
133521,4940,57300,283.1
133531,4940,55800,275.7
133541,4940,57500,284.1
133551,4940,55800,275.7
133561,4940,57400,283.6
133571,4940,55800,275.7
133581,4940,57300,283.1
133591,4940,56100,277.1
133601,4940,56700,280.1
133611,4940,56400,278.6
133621,4936,74200,366.3
133631,4940,56500,279.1
133641,4940,55800,275.7
133651,4940,57500,284.1
133661,4940,55800,275.7
133671,4940,57300,283.1
133681,4936,55800,275.4
133691,4940,57400,283.6
133701,4940,55800,275.7
133711,4940,57400,283.6
133721,4940,55700,275.2
133731,4940,57300,283.1
133741,4940,55700,275.2
133751,4940,57400,283.6
133761,4940,55700,275.2
133771,4940,56700,280.1
133781,4940,56400,278.6
133791,4940,56700,280.1
133801,4940,56400,278.6
133812,4940,55700,275.2
133821,4940,56600,279.6
133831,4940,55700,275.2
133841,4940,57400,283.6
133851,4940,55800,275.7
133861,4940,57400,283.6
133871,4940,55800,275.7
133881,4940,57400,283.6
133891,4940,55800,275.7
133901,4940,57400,283.6
133911,4940,55800,275.7
133921,4940,57500,284.1
133931,4940,55700,275.2
133941,4940,57400,283.6
133951,4940,56100,277.1
133961,4940,56700,280.1
133971,4940,56400,278.6
133981,4940,56700,280.1
133991,4940,56400,278.6
134001,4940,55800,275.7
134011,4940,57400,283.6
134021,4940,55800,275.7
134031,4940,57400,283.6
134041,4940,55700,275.2
134051,4940,57400,283.6
134061,4940,55800,275.7
134071,4940,57400,283.6
134081,4940,55800,275.7
134091,4940,57300,283.1
134101,4940,55800,275.7
134111,4944,57400,283.8
134121,4940,55800,275.7
134131,4820,161300,777.5
134141,4940,56400,278.6
134151,4940,56800,280.6
134161,4940,56400,278.6
134171,4940,56800,280.6
134181,4940,56600,279.6
134191,4940,55800,275.7
134201,4940,57400,283.6
134211,4936,55800,275.4
134221,4940,57400,283.6
134231,4936,55800,275.4
134241,4940,57400,283.6
134251,4940,55900,276.1
134261,4940,57300,283.1
134271,4940,55900,276.1
134281,4944,57400,283.8
134291,4940,55800,275.7
134301,4940,57400,283.6
134311,4940,56100,277.1
134321,4940,56700,280.1
134331,4940,56500,279.1
134341,4940,56700,280.1
134351,4940,56500,279.1
134361,4940,55700,275.2
134371,4940,57400,283.6
134381,4940,55900,276.1
134391,4944,57300,283.3
134401,4940,55800,275.7
134411,4944,57400,283.8
134421,4940,55800,275.7
134431,4940,57400,283.6
134441,4940,55800,275.7
134451,4944,57400,283.8
134461,4940,55800,275.7
134471,4940,57400,283.6
134481,4940,55800,275.7
134491,4940,56700,280.1
134501,4940,56400,278.6
134511,4940,56700,280.1
134521,4940,56500,279.1
134531,4940,56700,280.1
134541,4940,56700,280.1
134551,4940,55800,275.7
134561,4940,57400,283.6
134571,4940,55800,275.7
134581,4940,57300,283.1
134591,4940,55800,275.7
134601,4940,57400,283.6
134611,4940,55800,275.7
134621,4944,57400,283.8
134631,4820,140400,676.7
134641,4940,57300,283.1
134651,4940,55800,275.7
134661,4940,57400,283.6
134671,4940,56200,277.6
134681,4940,56800,280.6
134691,4940,56400,278.6
134701,4940,56800,280.6
134711,4940,56400,278.6
134721,4940,55800,275.7
134731,4940,57400,283.6
134741,4940,55800,275.7
134751,4940,57400,283.6
134761,4940,55800,275.7
134771,4944,57400,283.8
134781,4940,55800,275.7
134791,4940,57400,283.6
134801,4940,55800,275.7
134811,4940,57300,283.1
134821,4940,55800,275.7
134831,4940,57400,283.6
134841,4940,55800,275.7
134851,4940,56800,280.6
134861,4940,56400,278.6
134871,4940,56700,280.1
134881,4940,56400,278.6
134891,4940,56700,280.1
134901,4940,56700,280.1
134911,4940,55800,275.7
134921,4940,57400,283.6
134931,4940,55800,275.7
134941,4940,57400,283.6
134951,4940,55800,275.7
134961,4940,57300,283.1
134971,4940,55800,275.7
134981,4944,57400,283.8
134991,4940,55800,275.7
135001,4944,57400,283.8
135011,4940,55800,275.7
135021,4940,57300,283.1
135031,4940,56300,278.1
135041,4940,56800,280.6
135051,4940,56500,279.1
135061,4940,56800,280.6
135071,4940,56500,279.1
135081,4940,55700,275.2
135091,4940,57400,283.6
135101,4940,55800,275.7
135111,4940,57300,283.1
135121,4940,55800,275.7
135131,4940,60200,297.4
135141,4940,55800,275.7
135151,4940,57400,283.6
135161,4940,55700,275.2
135171,4940,57400,283.6
135181,4936,55800,275.4
135191,4940,57400,283.6
135201,4940,55800,275.7
135211,4940,56800,280.6
135221,4940,56400,278.6
135231,4940,56800,280.6
135241,4940,56400,278.6
135251,4940,56700,280.1
135261,4940,56700,280.1
135271,4940,55800,275.7
135281,4944,57300,283.3
135291,4940,55800,275.7
135301,4940,57400,283.6
135311,4940,55700,275.2
135321,4940,57400,283.6
135331,4940,55800,275.7
135341,4940,57400,283.6
135351,4940,55800,275.7
135361,4940,57300,283.1
135371,4940,55800,275.7
135381,4940,57300,283.1
135391,4940,56300,278.1
135401,4940,56700,280.1
135411,4940,56400,278.6
135421,4940,56800,280.6
135431,4940,56400,278.6
135441,4940,55700,275.2
135452,4944,57400,283.8
135461,4940,55800,275.7
135471,4940,57400,283.6
135481,4940,55800,275.7
135491,4940,57300,283.1
135501,4940,55800,275.7
135511,4940,57400,283.6
135521,4940,55800,275.7
135531,4940,57400,283.6
135541,4936,55800,275.4
135551,4940,57400,283.6
135561,4940,55800,275.7
135571,4940,56800,280.6
135581,4940,56400,278.6
135591,4940,56700,280.1
135601,4940,56500,279.1
135611,4940,56700,280.1
135621,4940,57000,281.6
135631,4940,55800,275.7
135641,4832,149800,723.8
135651,4940,55800,275.7
135661,4940,57400,283.6
135671,4940,55700,275.2
135681,4944,57400,283.8
135691,4940,55700,275.2
135701,4940,57400,283.6
135711,4940,55800,275.7
135721,4940,57300,283.1
135731,4940,55800,275.7
135741,4940,57300,283.1
135751,4940,56400,278.6
135761,4940,56600,279.6
135771,4940,56400,278.6
135781,4940,56700,280.1
135791,4940,56400,278.6
135801,4940,55700,275.2
135811,4940,57400,283.6
135821,4940,55800,275.7
135831,4940,57400,283.6
135841,4940,55800,275.7
135851,4940,57400,283.6
135861,4940,55800,275.7
135871,4940,57400,283.6
135881,4940,55800,275.7
135891,4940,57400,283.6
135901,4940,55800,275.7
135911,4940,57400,283.6
135921,4940,55800,275.7
135931,4940,56800,280.6
135941,4940,56400,278.6
135951,4940,56700,280.1
135961,4940,56500,279.1
135971,4940,56700,280.1
135981,4940,56800,280.6
135991,4940,55800,275.7
136001,4940,57400,283.6
136011,4940,55800,275.7
136021,4940,57400,283.6
136031,4940,55800,275.7
136041,4940,57400,283.6
136051,4940,55800,275.7
136061,4940,57300,283.1
136071,4940,55800,275.7
136081,4944,57400,283.8
136091,4940,55800,275.7
136101,4940,57100,282.1
136111,4940,56400,278.6
136121,4940,56700,280.1
136131,4940,56400,278.6
136141,4940,56700,280.1
136151,4764,159200,758.4
136161,4940,55800,275.7
136171,4940,57300,283.1
136181,4940,55800,275.7
136191,4940,57400,283.6
136201,4936,55800,275.4
136211,4940,57500,284.1
136221,4940,55800,275.7
136231,4944,57300,283.3
136241,4940,55700,275.2
136251,4940,57400,283.6
136261,4940,55800,275.7
136271,4940,57400,283.6
136281,4940,55800,275.7
136291,4940,56800,280.6
136301,4940,56400,278.6
136311,4940,56700,280.1
136321,4940,56500,279.1
136331,4940,56700,280.1
136341,4940,57000,281.6
136351,4940,55800,275.7
136361,4940,57400,283.6
136371,4940,55800,275.7
136381,4940,57400,283.6
136391,4940,55800,275.7
136401,4940,57400,283.6
136411,4940,55800,275.7
136421,4940,57400,283.6
136431,4940,55800,275.7
136441,4940,57400,283.6
136451,4940,55800,275.7
136461,4940,57100,282.1
136471,4940,56500,279.1
136481,4940,56700,280.1
136491,4940,56400,278.6
136501,4940,56700,280.1
136511,4940,56400,278.6
136521,4940,55800,275.7
136531,4940,57300,283.1
136541,4940,55800,275.7
136551,4944,57400,283.8
136561,4940,55700,275.2
136571,4940,57400,283.6
136581,4940,55800,275.7
136591,4940,57300,283.1
136601,4936,55800,275.4
136611,4940,57400,283.6
136621,4940,55800,275.7
136631,4944,57400,283.8
136641,4940,55800,275.7
136651,4816,160900,774.9
136661,4940,56500,279.1
136671,4940,56800,280.6
136681,4940,56400,278.6
136691,4940,56600,279.6
136701,4940,57000,281.6
136711,4940,55800,275.7
136721,4940,57400,283.6
136731,4940,55800,275.7
136741,4940,57400,283.6
136751,4940,55800,275.7
136761,4940,57400,283.6
136771,4940,55800,275.7
136781,4940,57400,283.6
136791,4940,55800,275.7
136801,4940,57400,283.6
136811,4940,55800,275.7
136821,4940,57100,282.1
136831,4940,56500,279.1
136841,4940,56700,280.1
136851,4940,56500,279.1
136861,4940,56800,280.6
136871,4940,56400,278.6
136881,4940,55700,275.2
136891,4944,57300,283.3
136901,4940,55800,275.7
136911,4940,57300,283.1
136921,4940,55800,275.7
136931,4944,57300,283.3
136941,4940,55800,275.7
136951,4940,57400,283.6
136961,4940,55800,275.7
136971,4940,57400,283.6
136981,4940,55800,275.7
136991,4944,57400,283.8
137001,4940,55700,275.2
137011,4940,56700,280.1
137021,4940,56400,278.6
137031,4940,56700,280.1
137041,4940,56400,278.6
137051,4940,56500,279.1
137061,4940,57200,282.6
137071,4940,55800,275.7
137082,4940,57400,283.6
137091,4940,55800,275.7
137101,4940,57400,283.6
137111,4940,55800,275.7
137121,4940,57400,283.6
137131,4940,55700,275.2
137141,4940,57300,283.1
137151,4936,58500,288.8
137161,4940,57400,283.6
137171,4940,55900,276.1
137181,4940,57000,281.6
137191,4940,56400,278.6
137201,4940,56700,280.1
137211,4940,56400,278.6
137221,4940,56700,280.1
137231,4940,56400,278.6
137241,4940,55800,275.7
137251,4940,57400,283.6
137261,4940,55800,275.7
137271,4940,57400,283.6
137281,4940,55800,275.7
137291,4940,57300,283.1
137301,4940,55800,275.7
137311,4940,57400,283.6
137321,4940,55800,275.7
137331,4940,57400,283.6
137341,4940,55800,275.7
137351,4944,57400,283.8
137361,4940,55800,275.7
137371,4940,56800,280.6
137381,4940,56400,278.6
137391,4940,56700,280.1
137401,4940,56500,279.1
137411,4940,56500,279.1
137421,4940,57200,282.6
137431,4940,55900,276.1
137441,4944,57300,283.3
137451,4940,55800,275.7
137461,4940,57400,283.6
137471,4940,55700,275.2
137481,4944,57400,283.8
137491,4940,55800,275.7
137501,4944,57400,283.8
137511,4940,55800,275.7
137521,4940,57400,283.6
137531,4940,55800,275.7
137541,4944,56900,281.3
137551,4940,56600,279.6
137561,4940,56800,280.6
137571,4940,56400,278.6
137581,4940,56700,280.1
137591,4940,56400,278.6
137601,4940,55800,275.7
137611,4940,57400,283.6
137621,4940,55800,275.7
137631,4944,57300,283.3
137641,4940,55800,275.7
137651,4940,57400,283.6
137661,4828,134100,647.4
137671,4944,57500,284.3
137681,4940,55800,275.7
137691,4940,57400,283.6
137701,4940,55800,275.7
137711,4940,57400,283.6
137721,4940,55800,275.7
137731,4940,56800,280.6
137741,4940,56400,278.6
137751,4940,56800,280.6
137761,4940,56400,278.6
137771,4940,56500,279.1
137781,4940,57200,282.6
137791,4940,55700,275.2
137801,4940,57400,283.6
137811,4940,55800,275.7
137821,4940,57400,283.6
137831,4940,55800,275.7
137841,4940,57400,283.6
137851,4940,55800,275.7
137861,4940,57300,283.1
137871,4940,55800,275.7
137881,4940,57400,283.6
137891,4940,55800,275.7
137901,4940,56900,281.1
137911,4940,56400,278.6
137921,4944,56800,280.8
137931,4940,56400,278.6
137941,4940,56700,280.1
137951,4940,56400,278.6
137961,4940,55800,275.7
137971,4940,57400,283.6
137981,4940,55800,275.7
137991,4940,57400,283.6
138001,4940,55800,275.7
138011,4940,57400,283.6
138021,4940,55800,275.7
138031,4940,57400,283.6
138041,4940,55800,275.7
138051,4940,57400,283.6
138061,4940,55700,275.2
138071,4940,57400,283.6
138081,4944,55800,275.9
138091,4940,56700,280.1
138101,4940,56500,279.1
138111,4940,56700,280.1
138121,4940,56500,279.1
138131,4940,56400,278.6
138141,4940,57200,282.6
138151,4940,55800,275.7
138161,4820,139200,670.9
138171,4940,55800,275.7
138181,4940,57400,283.6
138191,4940,55800,275.7
138201,4940,57400,283.6
138211,4940,55800,275.7
138221,4940,57400,283.6
138231,4940,55800,275.7
138241,4940,57400,283.6
138251,4940,55800,275.7
138261,4940,56900,281.1
138271,4940,56500,279.1
138281,4940,56800,280.6
138291,4940,56400,278.6
138301,4940,56800,280.6
138311,4940,56400,278.6
138321,4940,55800,275.7
138331,4940,57400,283.6
138341,4940,55800,275.7
138351,4940,57400,283.6
138361,4940,55800,275.7
138371,4940,57400,283.6
138381,4940,55800,275.7
138391,4940,57400,283.6
138401,4940,55800,275.7
138411,4940,57400,283.6
138421,4940,55800,275.7
138431,4940,57400,283.6
138441,4940,55700,275.2
138451,4940,56700,280.1
138461,4940,56400,278.6
138471,4940,56800,280.6
138481,4940,56400,278.6
138491,4940,56300,278.1
138501,4940,57300,283.1
138511,4940,55800,275.7
138521,4940,57400,283.6
138531,4940,55800,275.7
138541,4944,57400,283.8
138551,4940,55800,275.7
138561,4944,57300,283.3
138571,4940,55800,275.7
138581,4944,57300,283.3
138591,4940,55800,275.7
138601,4940,57400,283.6
138611,4940,55800,275.7
138621,4940,56800,280.6
138631,4940,56500,279.1
138641,4940,56700,280.1
138651,4940,56500,279.1
138661,4940,56700,280.1
138671,4824,215100,1037.6
138681,4940,55800,275.7
138691,4940,57400,283.6
138701,4940,55800,275.7
138711,4940,57300,283.1
138722,4940,55700,275.2
138731,4940,57400,283.6
138741,4940,55800,275.7
138751,4940,57400,283.6
138761,4940,55700,275.2
138771,4940,57400,283.6
138781,4940,55800,275.7
138791,4940,57300,283.1
138801,4940,55800,275.7
138811,4940,56700,280.1
138821,4940,56400,278.6
138831,4940,56700,280.1
138841,4940,56400,278.6
138851,4940,56200,277.6
138861,4940,57300,283.1
138871,4940,55800,275.7
138881,4940,57300,283.1
138891,4940,55800,275.7
138901,4940,57400,283.6
138911,4940,55700,275.2
138921,4940,57400,283.6
138931,4940,55800,275.7
138941,4940,57300,283.1
138951,4940,55800,275.7
138961,4940,57300,283.1
138971,4940,55800,275.7
138981,4940,56700,280.1
138991,4940,56400,278.6
139001,4940,56800,280.6
139011,4940,56400,278.6
139021,4940,56800,280.6
139031,4940,56400,278.6
139041,4940,55800,275.7
139051,4944,57400,283.8
139061,4936,55800,275.4
139071,4940,57500,284.1
139081,4940,55800,275.7
139091,4940,57300,283.1
139101,4940,55800,275.7
139111,4940,57400,283.6
139121,4940,55800,275.7
139131,4940,57400,283.6
139141,4940,55700,275.2
139151,4940,57400,283.6
139161,4940,55800,275.7
139171,4792,141300,677.1
139181,4940,56500,279.1
139191,4940,56700,280.1
139201,4940,56400,278.6
139211,4940,56200,277.6
139221,4940,57300,283.1
139231,4940,55800,275.7
139241,4940,57400,283.6
139251,4940,55800,275.7
139261,4940,57300,283.1
139271,4940,55800,275.7
139281,4940,57400,283.6
139291,4940,55800,275.7
139301,4940,57300,283.1
139311,4940,55800,275.7
139321,4940,57400,283.6
139331,4940,55800,275.7
139341,4940,56700,280.1
139351,4940,56500,279.1
139361,4940,56700,280.1
139371,4940,56500,279.1
139381,4940,56700,280.1
139391,4940,56500,279.1
139401,4940,55800,275.7
139411,4940,57400,283.6
139421,4940,55800,275.7
139431,4940,57400,283.6
139441,4940,55800,275.7
139451,4940,57400,283.6
139461,4940,55800,275.7
139471,4940,57300,283.1
139481,4940,55700,275.2
139491,4944,57400,283.8
139501,4940,55800,275.7
139511,4940,57400,283.6
139521,4940,55800,275.7
139531,4940,56700,280.1
139541,4940,56500,279.1
139551,4940,56800,280.6
139561,4940,56400,278.6
139571,4940,56100,277.1
139581,4940,57400,283.6
139591,4940,55700,275.2
139601,4940,57400,283.6
139611,4940,55700,275.2
139621,4940,57400,283.6
139631,4936,55800,275.4
139641,4940,57300,283.1
139651,4940,55800,275.7
139661,4940,57400,283.6
139671,4940,55800,275.7
139681,4944,57400,283.8
139691,4940,55800,275.7
139701,4944,56700,280.3
139711,4940,56400,278.6
139721,4940,56700,280.1
139731,4940,56400,278.6
139741,4940,56700,280.1
139751,4940,56400,278.6
139761,4940,55800,275.7
139771,4940,57400,283.6
139781,4940,55700,275.2
139791,4940,57400,283.6
139801,4940,55700,275.2
139811,4940,57300,283.1
139821,4940,55800,275.7
139831,4944,57300,283.3
139841,4940,55800,275.7
139851,4940,57300,283.1
139861,4940,55800,275.7
139871,4940,57400,283.6
139881,4940,55800,275.7
139891,4940,56700,280.1
139901,4940,56400,278.6
139911,4940,56700,280.1
139921,4940,56500,279.1
139931,4940,56000,276.6
139941,4940,57400,283.6
139951,4940,55800,275.7
139961,4940,57400,283.6
139971,4940,55800,275.7
139981,4940,57300,283.1
139991,4940,55800,275.7
140001,4940,57400,283.6
140011,4940,55700,275.2
140021,4940,57400,283.6
140031,4940,55800,275.7
140041,4940,57400,283.6
140051,4940,55800,275.7
140061,4940,56700,280.1
140071,4940,56500,279.1
140081,4940,56700,280.1
140091,4940,56400,278.6
140101,4940,56700,280.1
140111,4940,56400,278.6
140121,4940,55800,275.7
140131,4940,57400,283.6
140141,4940,55800,275.7
140151,4940,57400,283.6
140161,4940,55700,275.2
140171,4944,57400,283.8
140181,4816,139800,673.3
140191,4944,57300,283.3
140201,4940,55800,275.7
140211,4940,57400,283.6
140221,4940,55800,275.7
140231,4940,57400,283.6
140241,4936,55900,275.9
140251,4940,56700,280.1
140261,4940,56400,278.6
140271,4940,56800,280.6
140281,4940,56500,279.1
140291,4940,55900,276.1
140301,4940,57400,283.6
140311,4940,55800,275.7
140321,4940,57400,283.6
140331,4940,55800,275.7
140341,4940,57400,283.6
140351,4940,55800,275.7
140362,4940,57400,283.6
140371,4940,55800,275.7
140381,4940,57400,283.6
140391,4940,55800,275.7
140401,4944,57400,283.8
140411,4940,55800,275.7
140421,4940,56700,280.1
140431,4940,56400,278.6
140441,4940,56800,280.6
140451,4940,56500,279.1
140461,4940,56700,280.1
140471,4940,56400,278.6
140481,4940,55700,275.2
140491,4940,57400,283.6
140501,4940,55800,275.7
140511,4944,57400,283.8
140521,4940,55800,275.7
140531,4940,57400,283.6
140541,4940,55800,275.7
140551,4940,57400,283.6
140561,4940,55800,275.7
140571,4940,57400,283.6
140581,4940,55800,275.7
140591,4940,57300,283.1
140601,4940,55800,275.7
140611,4940,56700,280.1
140621,4940,56400,278.6
140631,4940,56700,280.1
140641,4940,56400,278.6
140651,4940,55800,275.7
140661,4940,57400,283.6
140671,4940,55800,275.7
140681,4940,60100,296.9
140691,4940,55800,275.7
140701,4940,57400,283.6
140711,4940,55700,275.2
140721,4940,57400,283.6
140731,4940,55800,275.7
140741,4940,57400,283.6
140751,4940,55700,275.2
140761,4940,57300,283.1
140771,4940,55800,275.7
140781,4944,56600,279.8
140791,4940,56400,278.6
140801,4940,56800,280.6
140811,4940,56400,278.6
140821,4936,56700,279.9
140831,4940,56500,279.1
140841,4940,55800,275.7
140851,4940,57400,283.6
140861,4940,55800,275.7
140871,4940,57400,283.6
140881,4940,55700,275.2
140891,4940,57400,283.6
140901,4936,55800,275.4
140911,4940,57400,283.6
140921,4940,55800,275.7
140931,4940,57400,283.6
140941,4940,55700,275.2
140951,4940,57400,283.6
140961,4940,55900,276.1
140971,4940,56800,280.6
140981,4940,56400,278.6
140991,4940,56700,280.1
141001,4940,56500,279.1
141011,4940,55700,275.2
141021,4940,57400,283.6
141031,4940,55800,275.7
141041,4940,57400,283.6
141051,4940,55800,275.7
141061,4940,57400,283.6
141071,4940,55800,275.7
141081,4940,57300,283.1
141091,4940,55700,275.2
141101,4944,57400,283.8
141111,4940,55800,275.7
141121,4940,57400,283.6
141131,4940,55800,275.7
141141,4940,56700,280.1
141151,4940,56400,278.6
141161,4940,56700,280.1
141171,4940,56500,279.1
141181,4940,56800,280.6
141191,4940,59300,292.9
141201,4940,55800,275.7
141211,4940,57400,283.6
141221,4940,55800,275.7
141231,4944,57400,283.8
141241,4936,55800,275.4
141251,4940,57400,283.6
141261,4940,55800,275.7
141271,4944,57400,283.8
141281,4936,55700,274.9
141291,4944,57300,283.3
141301,4940,55800,275.7
141311,4944,57400,283.8
141321,4940,56000,276.6
141331,4940,56700,280.1
141341,4940,56400,278.6
141351,4940,56700,280.1
141361,4940,56400,278.6
141371,4940,55800,275.7
141381,4940,57400,283.6
141391,4940,55800,275.7
141401,4940,57400,283.6
141411,4936,55800,275.4
141421,4940,57400,283.6
141431,4940,55700,275.2
141441,4940,57400,283.6
141451,4940,55800,275.7
141461,4940,57400,283.6
141471,4940,55800,275.7
141481,4940,57300,283.1
141491,4940,55800,275.7
141501,4940,56700,280.1
141511,4940,56300,278.1
141521,4940,56700,280.1
141531,4940,56500,279.1
141541,4940,56700,280.1
141551,4940,56600,279.6
141561,4940,55800,275.7
141571,4944,57400,283.8
141581,4940,55800,275.7
141591,4940,57400,283.6
141601,4940,55800,275.7
141611,4944,57400,283.8
141621,4940,55800,275.7
141631,4940,57300,283.1
141641,4940,55700,275.2
141651,4944,57400,283.8
141661,4940,55800,275.7
141671,4940,57300,283.1
141681,4940,56100,277.1
141691,4940,56800,280.6
141701,4816,141700,682.4
141711,4940,56700,280.1
141721,4940,56500,279.1
141731,4940,55800,275.7
141741,4940,57300,283.1
141751,4940,55800,275.7
141761,4940,57400,283.6
141771,4940,55800,275.7
141781,4940,57400,283.6
141791,4940,55800,275.7
141801,4944,57400,283.8
141811,4940,55700,275.2
141821,4940,57400,283.6
141831,4940,55700,275.2
141841,4940,57400,283.6
141851,4940,55800,275.7
141861,4940,56700,280.1
141871,4940,56400,278.6
141881,4940,56700,280.1
141891,4940,56400,278.6
141901,4940,56700,280.1
141911,4940,56600,279.6
141921,4940,55800,275.7
141931,4940,57300,283.1
141941,4940,55800,275.7
141951,4940,57400,283.6
141961,4940,55700,275.2
141971,4940,57300,283.1
141981,4940,55800,275.7
141992,4944,57400,283.8
142001,4940,55800,275.7
142011,4944,57400,283.8
142021,4940,55800,275.7
142031,4940,57400,283.6
142041,4940,56200,277.6
142051,4940,56700,280.1
142061,4940,56400,278.6
142071,4940,56800,280.6
142081,4940,56500,279.1
142091,4940,55800,275.7
142101,4940,57300,283.1
142111,4940,55800,275.7
142121,4940,57400,283.6
142131,4940,55800,275.7
142141,4940,57400,283.6
142151,4940,55800,275.7
142161,4940,57400,283.6
142171,4940,55800,275.7
142181,4940,57300,283.1
142191,4940,55700,275.2
142201,4820,142400,686.4
142211,4940,55900,276.1
142221,4940,56800,280.6
142231,4940,56400,278.6
142241,4940,56700,280.1
142251,4940,56400,278.6
142261,4940,56800,280.6
142271,4940,56600,279.6
142281,4940,55800,275.7
142291,4944,57400,283.8
142301,4940,55800,275.7
142311,4940,57400,283.6
142321,4940,55800,275.7
142331,4940,57400,283.6
142341,4940,55700,275.2
142351,4940,57400,283.6
142361,4940,55800,275.7
142371,4940,57300,283.1
142381,4940,55800,275.7
142391,4940,57300,283.1
142401,4940,56100,277.1
142411,4940,56700,280.1
142421,4940,56400,278.6
142431,4940,56800,280.6
142441,4940,56400,278.6
142451,4940,55700,275.2
142461,4940,57400,283.6
142471,4940,55700,275.2
142481,4940,57400,283.6
142491,4940,55800,275.7
142501,4940,57400,283.6
142511,4940,55800,275.7
142521,4940,57500,284.1
142531,4940,55700,275.2
142541,4944,57400,283.8
142551,4940,55800,275.7
142561,4944,57300,283.3
142571,4940,55800,275.7
142581,4940,56800,280.6
142591,4940,56400,278.6
142601,4940,56700,280.1
142611,4940,56500,279.1
142621,4940,56700,280.1
142631,4940,56700,280.1
142641,4940,55800,275.7
142651,4940,57400,283.6
142661,4940,55700,275.2
142671,4940,57400,283.6
142681,4940,55700,275.2
142691,4940,57400,283.6
142701,4936,55900,275.9
142711,4780,137700,658.2
142721,4940,55800,275.7
142731,4940,57400,283.6
142741,4940,55800,275.7
142751,4940,57400,283.6
142761,4940,56100,277.1
142771,4940,56700,280.1
142781,4940,56400,278.6
142791,4940,56700,280.1
142801,4940,56400,278.6
142811,4940,55700,275.2
142821,4940,57400,283.6
142831,4940,55800,275.7
142841,4940,57400,283.6
142851,4940,55800,275.7
142861,4940,57400,283.6
142871,4940,55800,275.7
142881,4940,57400,283.6
142891,4940,55800,275.7
142901,4940,57400,283.6
142911,4940,55800,275.7
142921,4940,57400,283.6
142931,4940,55800,275.7
142941,4940,56700,280.1
142951,4940,56400,278.6
142961,4940,56700,280.1
142971,4940,56400,278.6
142981,4940,56800,280.6
142991,4940,56700,280.1
143001,4940,55800,275.7
143011,4940,57300,283.1
143021,4940,55800,275.7
143031,4940,57400,283.6
143041,4936,55800,275.4
143051,4940,57400,283.6
143061,4940,55800,275.7
143071,4940,57400,283.6
143081,4940,55700,275.2
143091,4944,57300,283.3
143101,4940,55800,275.7
143111,4940,57300,283.1
143121,4940,56300,278.1
143131,4940,56700,280.1
143141,4940,56400,278.6
143151,4940,56700,280.1
143161,4940,56400,278.6
143171,4940,55800,275.7
143181,4940,57300,283.1
143191,4940,55800,275.7
143201,4944,57400,283.8
143211,4936,95500,471.4
143221,4940,57400,283.6
143231,4940,55800,275.7
143241,4940,57400,283.6
143251,4940,55800,275.7
143261,4944,57300,283.3
143271,4940,55800,275.7
143281,4944,57300,283.3
143291,4940,55800,275.7
143301,4940,56800,280.6
143311,4940,56400,278.6
143321,4940,56800,280.6
143331,4940,56500,279.1
143341,4940,56700,280.1
143351,4940,56800,280.6
143361,4940,55800,275.7
143371,4940,57400,283.6
143381,4940,55800,275.7
143391,4940,57400,283.6
143401,4940,55800,275.7
143411,4944,57400,283.8
143421,4940,55800,275.7
143431,4940,57400,283.6
143441,4940,55700,275.2
143451,4940,57300,283.1
143461,4940,55800,275.7
143471,4940,57300,283.1
143481,4940,56300,278.1
143491,4940,56800,280.6
143501,4940,56400,278.6
143511,4940,56700,280.1
143521,4940,56400,278.6
143531,4940,55700,275.2
143541,4940,57300,283.1
143551,4940,55800,275.7
143561,4944,57400,283.8
143571,4940,55800,275.7
143581,4940,57400,283.6
143591,4940,55700,275.2
143601,4940,57400,283.6
143611,4940,55700,275.2
143621,4940,57400,283.6
143632,4936,55800,275.4
143641,4940,57400,283.6
143651,4940,55800,275.7
143661,4940,56800,280.6
143671,4940,56500,279.1
143681,4940,56700,280.1
143691,4940,56500,279.1
143701,4940,56600,279.6
143711,4940,56900,281.1
143721,4940,55700,275.2
143731,4940,57400,283.6
143741,4940,55800,275.7
143751,4940,57400,283.6
143761,4940,55800,275.7
143771,4940,57400,283.6
143781,4940,55800,275.7
143791,4940,57400,283.6
143801,4940,55700,275.2
143811,4940,57400,283.6
143821,4940,55800,275.7
143831,4940,57300,283.1
143841,4940,56300,278.1
143851,4940,56700,280.1
143861,4940,56400,278.6
143871,4940,56800,280.6
143881,4940,56400,278.6
143891,4940,55700,275.2
143901,4940,57300,283.1
143911,4940,55700,275.2
143921,4940,57400,283.6
143931,4940,55700,275.2
143941,4940,57400,283.6
143951,4940,55800,275.7
143961,4940,57300,283.1
143971,4940,55800,275.7
143981,4944,57400,283.8
143991,4940,55800,275.7
144001,4940,57400,283.6
144011,4940,55800,275.7
144021,4940,56800,280.6
144031,4940,56400,278.6
144041,4940,56800,280.6
144051,4940,56400,278.6
144061,4940,56600,279.6
144071,4940,57000,281.6
144081,4940,55800,275.7
144091,4940,57400,283.6
144101,4940,55700,275.2
144111,4944,57400,283.8
144121,4940,55800,275.7
144131,4940,57400,283.6
144141,4936,55800,275.4
144151,4940,57300,283.1
144161,4940,55800,275.7
144171,4940,57400,283.6
144181,4936,55800,275.4
144191,4940,57200,282.6
144201,4940,56500,279.1
144211,4940,56800,280.6
144221,4888,156500,765.0
144231,4940,56700,280.1
144241,4940,56400,278.6
144251,4940,55800,275.7
144261,4940,57300,283.1
144271,4940,55800,275.7
144281,4944,57300,283.3
144291,4940,55800,275.7
144301,4940,57400,283.6
144311,4940,55800,275.7
144321,4944,57400,283.8
144331,4940,55700,275.2
144341,4940,57400,283.6
144351,4940,55800,275.7
144361,4940,57300,283.1
144371,4940,55800,275.7
144381,4940,56700,280.1
144391,4940,56400,278.6
144401,4940,56700,280.1
144411,4940,56400,278.6
144421,4940,56600,279.6
144431,4940,56900,281.1
144441,4940,55800,275.7
144451,4944,57300,283.3
144461,4940,55800,275.7
144471,4940,57400,283.6
144481,4940,55800,275.7
144491,4944,57400,283.8
144501,4940,55800,275.7
144511,4940,57300,283.1
144521,4940,55800,275.7
144531,4940,57400,283.6
144541,4940,55700,275.2
144551,4940,57200,282.6
144561,4940,56400,278.6
144571,4940,56800,280.6
144581,4940,56400,278.6
144591,4940,56700,280.1
144601,4940,56400,278.6
144611,4940,55800,275.7
144621,4940,57400,283.6
144631,4940,55800,275.7
144641,4944,57400,283.8
144651,4940,55800,275.7
144661,4940,57300,283.1
144671,4940,55800,275.7
144681,4940,57300,283.1
144691,4940,55800,275.7
144701,4940,57300,283.1
144711,4940,55800,275.7
144721,4940,57400,283.6
144731,4804,214800,1031.9
144741,4940,56800,280.6
144751,4940,56400,278.6
144761,4940,56700,280.1
144771,4940,56400,278.6
144781,4940,56600,279.6
144791,4940,56900,281.1
144801,4940,55700,275.2
144811,4940,57400,283.6
144821,4940,55800,275.7
144831,4944,57400,283.8
144841,4940,55800,275.7
144851,4940,57400,283.6
144861,4940,55800,275.7
144871,4944,57400,283.8
144881,4940,55800,275.7
144891,4940,57400,283.6
144901,4940,55800,275.7
144911,4940,57200,282.6
144921,4940,56400,278.6
144931,4940,56700,280.1
144941,4940,56500,279.1
144951,4940,56800,280.6
144961,4940,56400,278.6
144971,4940,55800,275.7
144981,4940,57300,283.1
144991,4940,55800,275.7
145001,4944,57400,283.8
145011,4940,55700,275.2
145021,4944,57300,283.3
145031,4940,55800,275.7
145041,4940,57400,283.6
145051,4940,55800,275.7
145061,4940,57400,283.6
145071,4940,55800,275.7
145081,4940,57300,283.1
145091,4940,55800,275.7
145101,4940,56800,280.6
145111,4940,56400,278.6
145121,4940,56700,280.1
145131,4940,56400,278.6
145141,4940,56600,279.6
145151,4940,57000,281.6
145161,4940,55800,275.7
145171,4940,57400,283.6
145181,4940,55800,275.7
145191,4940,57300,283.1
145201,4940,55800,275.7
145211,4944,57400,283.8
145221,4940,55800,275.7
145231,4940,59500,293.9
145241,4940,55800,275.7
145251,4940,57400,283.6
145261,4940,55800,275.7
145272,4940,56900,281.1
145281,4936,56500,278.9
145291,4940,56800,280.6
145301,4940,56500,279.1
145311,4940,56800,280.6
145321,4940,56500,279.1
145331,4940,55800,275.7
145341,4940,57400,283.6
145351,4940,55800,275.7
145361,4940,57400,283.6
145371,4940,55800,275.7
145381,4940,57400,283.6
145391,4940,55800,275.7
145401,4940,57400,283.6
145411,4940,55800,275.7
145421,4940,57400,283.6
145431,4940,55800,275.7
145441,4944,57400,283.8
145451,4940,55800,275.7
145461,4940,56800,280.6
145471,4940,56500,279.1
145481,4940,56700,280.1
145491,4940,56400,278.6
145501,4940,56600,279.6
145511,4940,57000,281.6
145521,4936,55800,275.4
145531,4940,57300,283.1
145541,4940,55800,275.7
145551,4940,57400,283.6
145561,4940,55800,275.7
145571,4940,57400,283.6
145581,4940,55800,275.7
145591,4940,57400,283.6
145601,4940,55800,275.7
145611,4944,57400,283.8
145621,4940,55800,275.7
145631,4940,57100,282.1
145641,4940,56400,278.6
145651,4940,56800,280.6
145661,4940,56500,279.1
145671,4940,56800,280.6
145681,4940,56400,278.6
145691,4940,55800,275.7
145701,4940,57300,283.1
145711,4940,55800,275.7
145721,4940,57400,283.6
145731,4940,55800,275.7
145741,4820,147800,712.4
145751,4940,55800,275.7
145761,4940,57400,283.6
145771,4940,55800,275.7
145781,4940,57400,283.6
145791,4940,55800,275.7
145801,4944,57300,283.3
145811,4940,55800,275.7
145821,4940,56800,280.6
145831,4940,56500,279.1
145841,4940,56700,280.1
145851,4940,56500,279.1
145861,4940,56700,280.1
145871,4940,57000,281.6
145881,4940,55800,275.7
145891,4940,57400,283.6
145901,4940,55800,275.7
145911,4940,57400,283.6
145921,4940,55800,275.7
145931,4940,57300,283.1
145941,4940,55800,275.7
145951,4940,57400,283.6
145961,4940,55700,275.2
145971,4940,57400,283.6
145981,4940,55700,275.2
145991,4940,57200,282.6
146001,4940,56400,278.6
146011,4940,56700,280.1
146021,4940,56500,279.1
146031,4940,56700,280.1
146041,4940,56400,278.6
146051,4940,55800,275.7
146061,4940,57400,283.6
146071,4940,55800,275.7
146081,4940,57400,283.6
146091,4940,55800,275.7
146101,4940,57500,284.1
146111,4940,55800,275.7
146121,4944,57400,283.8
146131,4940,55800,275.7
146141,4940,57400,283.6
146151,4940,55800,275.7
146161,4944,57300,283.3
146171,4940,55800,275.7
146181,4940,56800,280.6
146191,4940,56500,279.1
146201,4940,56800,280.6
146211,4940,56500,279.1
146221,4940,56700,280.1
146231,4940,57000,281.6
146241,4940,55800,275.7
146251,4844,152000,736.3
146261,4940,55800,275.7
146271,4940,57400,283.6
146281,4940,55900,276.1
146291,4944,57400,283.8
146301,4940,55800,275.7
146311,4940,57400,283.6
146321,4940,55800,275.7
146331,4940,57400,283.6
146341,4940,55800,275.7
146351,4944,57300,283.3
146361,4940,56400,278.6
146371,4940,56700,280.1
146381,4940,56500,279.1
146391,4940,56800,280.6
146401,4940,56400,278.6
146411,4940,55700,275.2
146421,4940,57400,283.6
146431,4936,55800,275.4
146441,4940,57400,283.6
146451,4940,55800,275.7
146461,4940,57300,283.1
146471,4940,55800,275.7
146481,4940,57300,283.1
146491,4940,55800,275.7
146501,4940,57300,283.1
146511,4940,55800,275.7
146521,4940,57400,283.6
146531,4940,55700,275.2
146541,4940,56700,280.1
146551,4940,56400,278.6
146561,4940,56700,280.1
146571,4940,56500,279.1
146581,4940,56700,280.1
146591,4940,56900,281.1
146601,4940,55800,275.7
146611,4940,57400,283.6
146621,4940,55800,275.7
146631,4940,57300,283.1
146641,4940,55800,275.7
146651,4944,57400,283.8
146661,4940,55800,275.7
146671,4940,57300,283.1
146681,4940,55800,275.7
146691,4940,57400,283.6
146701,4940,55800,275.7
146711,4940,57200,282.6
146721,4940,56400,278.6
146731,4940,56700,280.1
146741,4940,56400,278.6
146751,4944,56700,280.3
146761,4784,170600,816.2
146771,4940,55800,275.7
146781,4940,57300,283.1
146791,4940,55800,275.7
146801,4940,57300,283.1
146811,4940,55700,275.2
146821,4940,57400,283.6
146831,4940,55800,275.7
146841,4940,57400,283.6
146851,4940,55700,275.2
146861,4940,57400,283.6
146871,4940,55800,275.7
146881,4940,57400,283.6
146891,4940,55800,275.7
146901,4940,56800,280.6
146912,4940,56400,278.6
146921,4940,56800,280.6
146931,4940,56400,278.6
146941,4940,56700,280.1
146951,4940,56900,281.1
146961,4940,55800,275.7
146971,4940,57300,283.1
146981,4940,55800,275.7
146991,4940,57400,283.6
147001,4940,55800,275.7
147011,4940,57300,283.1
147021,4940,55800,275.7
147031,4944,57300,283.3
147041,4940,55800,275.7
147051,4940,57300,283.1
147061,4940,55800,275.7
147071,4940,57300,283.1
147081,4940,56300,278.1
147091,4940,56700,280.1
147101,4940,56400,278.6
147111,4940,56700,280.1
147121,4940,56400,278.6
147131,4940,55700,275.2
147141,4940,57400,283.6
147151,4940,55800,275.7
147161,4940,57400,283.6
147171,4940,55800,275.7
147181,4940,57400,283.6
147191,4940,55800,275.7
147201,4940,57400,283.6
147211,4940,55800,275.7
147221,4940,57400,283.6
147231,4940,55700,275.2
147241,4940,57400,283.6
147251,4940,55800,275.7
147261,4792,141200,676.6
147271,4940,56500,279.1
147281,4940,56800,280.6
147291,4940,56500,279.1
147301,4940,56800,280.6
147311,4940,56800,280.6
147321,4940,55800,275.7
147331,4940,57300,283.1
147341,4936,55800,275.4
147351,4940,57400,283.6
147361,4940,55800,275.7
147371,4940,57400,283.6
147381,4940,55700,275.2
147391,4940,57400,283.6
147401,4940,55800,275.7
147411,4940,57400,283.6
147421,4940,55800,275.7
147431,4944,57200,282.8
147441,4940,56300,278.1
147451,4940,56700,280.1
147461,4940,56400,278.6
147471,4940,56700,280.1
147481,4940,56400,278.6
147491,4940,55800,275.7
147501,4940,57400,283.6
147511,4940,55800,275.7
147521,4940,57400,283.6
147531,4940,55800,275.7
147541,4940,57300,283.1
147551,4940,55800,275.7
147561,4940,57400,283.6
147571,4940,55700,275.2
147581,4940,57400,283.6
147591,4940,55800,275.7
147601,4944,57400,283.8
147611,4940,55800,275.7
147621,4940,56800,280.6
147631,4940,56400,278.6
147641,4940,56700,280.1
147651,4940,56400,278.6
147661,4940,56700,280.1
147671,4940,56800,280.6
147681,4940,55700,275.2
147691,4940,57400,283.6
147701,4940,55700,275.2
147711,4940,57400,283.6
147721,4940,55800,275.7
147731,4940,57400,283.6
147741,4940,55700,275.2
147751,4940,57400,283.6
147761,4936,56200,277.4
147771,4944,57400,283.8
147781,4940,55800,275.7
147791,4940,57300,283.1
147801,4936,56200,277.4
147811,4940,56700,280.1
147821,4940,56400,278.6
147831,4940,56800,280.6
147841,4940,56500,279.1
147851,4940,55700,275.2
147861,4940,57300,283.1
147871,4940,55800,275.7
147881,4940,57300,283.1
147891,4940,55800,275.7
147901,4944,57400,283.8
147911,4940,55800,275.7
147921,4940,57400,283.6
147931,4940,55800,275.7
147941,4940,57400,283.6
147951,4940,55800,275.7
147961,4940,57300,283.1
147971,4940,55800,275.7
147981,4940,56700,280.1
147991,4940,56400,278.6
148001,4940,56700,280.1
148011,4940,56400,278.6
148021,4940,56800,280.6
148031,4940,56700,280.1
148041,4936,55800,275.4
148051,4944,57400,283.8
148061,4940,55800,275.7
148071,4940,57300,283.1
148081,4940,55800,275.7
148091,4944,57400,283.8
148101,4940,55700,275.2
148111,4940,57300,283.1
148121,4940,55800,275.7
148131,4944,57400,283.8
148141,4940,55800,275.7
148151,4940,57300,283.1
148161,4940,56200,277.6
148171,4940,56800,280.6
148181,4940,56400,278.6
148191,4940,56700,280.1
148201,4944,56500,279.3
148211,4940,55700,275.2
148221,4940,57300,283.1
148231,4940,55800,275.7
148241,4944,57400,283.8
148251,4940,55800,275.7
148261,4944,57300,283.3
148271,4816,201500,970.4
148281,4940,57400,283.6
148291,4940,55800,275.7
148301,4944,57400,283.8
148311,4940,55700,275.2
148321,4940,57400,283.6
148331,4940,55800,275.7
148341,4940,56700,280.1
148351,4940,56400,278.6
148361,4940,56700,280.1
148371,4940,56400,278.6
148381,4940,56700,280.1
148391,4940,56600,279.6
148401,4940,55700,275.2
148411,4940,57400,283.6
148421,4936,55900,275.9
148431,4944,57300,283.3
148441,4936,55800,275.4
148451,4944,57400,283.8
148461,4940,55800,275.7
148471,4940,57300,283.1
148481,4940,55800,275.7
148491,4944,57400,283.8
148501,4940,55800,275.7
148511,4940,57300,283.1
148521,4940,56100,277.1
148531,4940,56800,280.6
148542,4940,56400,278.6
148551,4940,56700,280.1
148561,4940,56400,278.6
148571,4940,55800,275.7
148581,4940,57300,283.1
148591,4940,55800,275.7
148601,4944,57300,283.3
148611,4936,55900,275.9
148621,4940,57400,283.6
148631,4940,55700,275.2
148641,4944,57400,283.8
148651,4940,55800,275.7
148661,4944,57300,283.3
148671,4940,55800,275.7
148681,4940,57400,283.6
148691,4940,55800,275.7
148701,4940,56700,280.1
148711,4940,56400,278.6
148721,4940,56700,280.1
148731,4940,56500,279.1
148741,4940,56700,280.1
148751,4940,56600,279.6
148761,4940,55800,275.7
148771,4944,57400,283.8
148781,4940,55800,275.7
148791,4944,57500,284.3
148801,4940,55700,275.2
148811,4944,57400,283.8
148821,4940,55800,275.7
148831,4940,57400,283.6
148841,4940,55700,275.2
148851,4940,57400,283.6
148861,4940,55800,275.7
148871,4940,57400,283.6
148881,4940,56100,277.1
148891,4940,56800,280.6
148901,4940,56400,278.6
148911,4944,56700,280.3
148921,4940,56400,278.6
148931,4940,55700,275.2
148941,4940,57400,283.6
148951,4940,55800,275.7
148961,4944,57300,283.3
148971,4940,55800,275.7
148981,4940,57400,283.6
148991,4940,55700,275.2
149001,4944,57300,283.3
149011,4936,55700,274.9
149021,4940,57400,283.6
149031,4940,55800,275.7
149041,4940,57400,283.6
149051,4940,55800,275.7
149061,4940,56800,280.6
149071,4940,56500,279.1
149081,4940,56700,280.1
149091,4940,56400,278.6
149101,4940,56700,280.1
149111,4940,56600,279.6
149121,4940,55800,275.7
149131,4944,57300,283.3
149141,4940,55800,275.7
149151,4940,57400,283.6
149161,4940,55800,275.7
149171,4940,57400,283.6
149181,4940,55700,275.2
149191,4944,57400,283.8
149201,4940,55800,275.7
149211,4940,57400,283.6
149221,4940,55800,275.7
149231,4944,57300,283.3
149241,4940,56100,277.1
149251,4940,56700,280.1
149261,4940,56400,278.6
149271,4940,56700,280.1
149281,4872,56500,275.3
149291,4940,55800,275.7
149301,4940,57400,283.6
149311,4940,55800,275.7
149321,4940,57400,283.6
149331,4940,55700,275.2
149341,4944,57400,283.8
149351,4940,55800,275.7
149361,4940,57400,283.6
149371,4936,55800,275.4
149381,4940,57400,283.6
149391,4940,55800,275.7
149401,4940,57400,283.6
149411,4940,55700,275.2
149421,4944,56700,280.3
149431,4940,56300,278.1
149441,4940,56700,280.1
149451,4940,56500,279.1
149461,4940,56700,280.1
149471,4940,56600,279.6
149481,4936,55800,275.4
149491,4940,57400,283.6
149501,4940,55800,275.7
149511,4940,57400,283.6
149521,4940,55800,275.7
149531,4944,57400,283.8
149541,4940,55700,275.2
149551,4940,57400,283.6
149561,4940,55800,275.7
149571,4940,57400,283.6
149581,4940,55700,275.2
149591,4940,57400,283.6
149601,4940,56000,276.6
149611,4940,56700,280.1
149621,4940,56400,278.6
149631,4940,56700,280.1
149641,4940,56400,278.6
149651,4940,55800,275.7
149661,4940,57400,283.6
149671,4940,55800,275.7
149681,4940,57400,283.6
149691,4940,55800,275.7
149701,4944,57300,283.3
149711,4940,55800,275.7
149721,4944,57300,283.3
149731,4940,55700,275.2
149741,4940,57500,284.1
149751,4940,55800,275.7
149761,4944,57400,283.8
149771,4940,55800,275.7
149781,4820,144700,697.5
149791,4940,56400,278.6
149801,4940,56700,280.1
149811,4940,56500,279.1
149821,4940,56700,280.1
149831,4940,56500,279.1
149841,4940,55800,275.7
149851,4940,57300,283.1
149861,4940,55800,275.7
149871,4940,57400,283.6
149881,4940,55700,275.2
149891,4940,57300,283.1
149901,4940,55800,275.7
149911,4940,57400,283.6
149921,4940,55800,275.7
149931,4944,57400,283.8
149941,4940,55800,275.7
149951,4944,57400,283.8
149961,4940,55900,276.1
149971,4940,56800,280.6
149981,4940,56400,278.6
149991,4940,56700,280.1
150001,4940,56400,278.6
150011,4940,55800,275.7
150021,4940,57400,283.6
150031,4940,55700,275.2
150041,4940,57400,283.6
150051,4940,55800,275.7
150061,4944,57400,283.8
150071,4936,55800,275.4
150081,4940,57300,283.1
150091,4940,55800,275.7
150101,4944,57300,283.3
150111,4940,55800,275.7
150121,4940,57400,283.6
150131,4940,55800,275.7
150141,4940,56800,280.6
150151,4940,56300,278.1
150161,4940,56700,280.1
150171,4940,56400,278.6
150182,4940,55700,275.2
150191,4940,56500,279.1
150201,4940,55800,275.7
150211,4940,57400,283.6
150221,4940,55800,275.7
150231,4940,57400,283.6
150241,4936,55800,275.4
150251,4940,57300,283.1
150261,4940,55800,275.7
150271,4940,57400,283.6
150281,4820,139500,672.4
150291,4940,57400,283.6
150301,4940,55800,275.7
150311,4940,57400,283.6
150321,4940,55900,276.1
150331,4940,56700,280.1
150341,4940,56400,278.6
150351,4940,56700,280.1
150361,4940,56300,278.1
150371,4940,55800,275.7
150381,4940,57400,283.6
150391,4940,55800,275.7
150401,4940,57400,283.6
150411,4940,55800,275.7
150421,4944,57400,283.8
150431,4940,55800,275.7
150441,4940,57400,283.6
150451,4940,55700,275.2
150461,4944,57400,283.8
150471,4940,55900,276.1
150481,4940,57300,283.1
150491,4940,55800,275.7
150501,4940,56600,279.6
150511,4940,56400,278.6
150521,4944,56800,280.8
150531,4940,56400,278.6
150541,4940,56700,280.1
150551,4940,56500,279.1
150561,4940,55800,275.7
150571,4940,57400,283.6
150581,4940,55800,275.7
150591,4940,57400,283.6
150601,4940,55800,275.7
150611,4944,57400,283.8
150621,4940,55800,275.7
150631,4944,57300,283.3
150641,4940,55700,275.2
150651,4940,57400,283.6
150661,4940,55800,275.7
150671,4940,57300,283.1
150681,4940,56000,276.6
150691,4940,56800,280.6
150701,4940,56400,278.6
150711,4940,56700,280.1
150721,4940,56400,278.6
150731,4940,55800,275.7
150741,4940,57400,283.6
150751,4940,55700,275.2
150761,4944,57400,283.8
150771,4940,55800,275.7
150781,4940,57400,283.6
150791,4832,133300,644.1
150801,4940,57400,283.6
150811,4940,55800,275.7
150821,4940,57400,283.6
150831,4940,55700,275.2
150841,4940,57400,283.6
150851,4936,55800,275.4
150861,4940,56700,280.1
150871,4940,56400,278.6
150881,4940,56700,280.1
150891,4940,56400,278.6
150901,4940,56700,280.1
150911,4940,56400,278.6
150921,4940,55800,275.7
150931,4940,57300,283.1
150941,4940,55800,275.7
150951,4940,57300,283.1
150961,4940,55800,275.7
150971,4944,57400,283.8
150981,4940,55800,275.7
150991,4940,57400,283.6
151001,4940,55800,275.7
151011,4940,57400,283.6
151021,4940,55800,275.7
151031,4940,57300,283.1
151041,4940,55900,276.1
151051,4940,56700,280.1
151061,4940,56400,278.6
151071,4940,56800,280.6
151081,4940,56400,278.6
151091,4940,55800,275.7
151101,4940,57400,283.6
151111,4940,55800,275.7
151121,4940,57300,283.1
151131,4940,55700,275.2
151141,4944,57400,283.8
151151,4940,55700,275.2
151161,4940,57300,283.1
151171,4940,55700,275.2
151181,4940,57400,283.6
151191,4940,55800,275.7
151201,4940,57400,283.6
151211,4940,55800,275.7
151221,4940,56700,280.1
151231,4940,56400,278.6
151241,4940,56700,280.1
151251,4940,56400,278.6
151261,4940,56700,280.1
151271,4940,56500,279.1
151281,4940,55700,275.2
151291,4756,154600,735.3
151301,4940,55800,275.7
151311,4940,57400,283.6
151321,4940,55800,275.7
151331,4944,57400,283.8
151341,4940,55800,275.7
151351,4944,57300,283.3
151361,4940,55800,275.7
151371,4940,57400,283.6
151381,4940,55700,275.2
151391,4940,57400,283.6
151401,4940,55800,275.7
151411,4940,56700,280.1
151421,4940,56500,279.1
151431,4940,56700,280.1
151441,4940,56500,279.1
151451,4940,55800,275.7
151461,4940,57400,283.6
151471,4940,55800,275.7
151481,4940,57400,283.6
151491,4940,55800,275.7
151501,4944,57400,283.8
151511,4940,55700,275.2
151521,4940,57300,283.1
151531,4940,55800,275.7
151541,4944,57400,283.8
151551,4940,55700,275.2
151561,4940,57400,283.6
151571,4940,55700,275.2
151581,4944,56700,280.3
151591,4940,56400,278.6
151601,4940,56800,280.6
151611,4940,56400,278.6
151621,4940,56700,280.1
151631,4940,56400,278.6
151641,4940,55800,275.7
151651,4940,57400,283.6
151661,4940,55800,275.7
151671,4944,57400,283.8
151681,4940,55700,275.2
151691,4940,57400,283.6
151701,4940,55800,275.7
151711,4940,57300,283.1
151721,4940,55800,275.7
151731,4940,57400,283.6
151741,4940,55800,275.7
151751,4940,57400,283.6
151761,4940,55900,276.1
151771,4940,56800,280.6
151781,4940,56400,278.6
151791,4940,56800,280.6
151801,4872,56500,275.3
151811,4940,55900,276.1
151822,4940,57400,283.6
151831,4940,55700,275.2
151841,4940,57400,283.6
151851,4940,55800,275.7
151861,4940,57300,283.1
151871,4940,55800,275.7
151881,4940,57400,283.6
151891,4940,55800,275.7
151901,4944,57400,283.8
151911,4940,55800,275.7
151921,4940,57400,283.6
151931,4940,55700,275.2
151941,4944,56700,280.3
151951,4940,56400,278.6
151961,4940,56800,280.6
151971,4940,56400,278.6
151981,4944,56700,280.3
151991,4940,56500,279.1
152001,4940,55700,275.2
152011,4940,57300,283.1
152021,4940,55800,275.7
152031,4940,57400,283.6
152041,4940,55800,275.7
152051,4940,57300,283.1
152061,4940,55800,275.7
152071,4940,57400,283.6
152081,4940,55800,275.7
152091,4940,57400,283.6
152101,4940,55800,275.7
152111,4944,57400,283.8
152121,4940,55800,275.7
152131,4940,56700,280.1
152141,4940,56500,279.1
152151,4940,56700,280.1
152161,4940,56400,278.6
152171,4940,55900,276.1
152181,4940,57400,283.6
152191,4940,55800,275.7
152201,4944,57400,283.8
152211,4940,55800,275.7
152221,4940,57300,283.1
152231,4936,55700,274.9
152241,4944,57300,283.3
152251,4940,55800,275.7
152261,4944,57400,283.8
152271,4940,55800,275.7
152281,4940,57300,283.1
152291,4940,55700,275.2
152301,4824,141600,683.1
152311,4940,56400,278.6
152321,4940,56700,280.1
152331,4944,56400,278.8
152341,4940,56800,280.6
152351,4940,56400,278.6
152361,4940,55800,275.7
152371,4944,57300,283.3
152381,4940,55800,275.7
152391,4940,57400,283.6
152401,4940,55800,275.7
152411,4940,57300,283.1
152421,4940,55800,275.7
152431,4940,57400,283.6
152441,4940,55800,275.7
152451,4940,57300,283.1
152461,4940,55800,275.7
152471,4940,57400,283.6
152481,4940,55800,275.7
152491,4940,56700,280.1
152501,4940,56500,279.1
152511,4940,56700,280.1
152521,4940,56400,278.6
152531,4940,55900,276.1
152541,4940,57500,284.1
152551,4940,55700,275.2
152561,4940,57400,283.6
152571,4940,55800,275.7
152581,4940,57300,283.1
152591,4940,55800,275.7
152601,4940,57400,283.6
152611,4940,55800,275.7
152621,4940,57400,283.6
152631,4940,55800,275.7
152641,4944,57400,283.8
152651,4940,55700,275.2
152661,4940,56600,279.6
152671,4940,56400,278.6
152681,4944,56700,280.3
152691,4940,56400,278.6
152701,4940,56700,280.1
152711,4940,56400,278.6
152721,4940,55800,275.7
152731,4940,57300,283.1
152741,4940,55800,275.7
152751,4944,57400,283.8
152761,4940,55800,275.7
152771,4944,57400,283.8
152781,4940,55800,275.7
152791,4940,57400,283.6
152801,4940,55800,275.7
152811,4780,138100,660.1
152821,4940,55800,275.7
152831,4944,57400,283.8
152841,4940,55800,275.7
152851,4940,56700,280.1
152861,4940,56400,278.6
152871,4940,56800,280.6
152881,4940,56300,278.1
152891,4940,56100,277.1
152901,4940,57400,283.6
152911,4940,55700,275.2
152921,4940,57400,283.6
152931,4940,55800,275.7
152941,4940,57400,283.6
152951,4940,55800,275.7
152961,4940,57400,283.6
152971,4940,55700,275.2
152981,4940,57400,283.6
152991,4940,55900,276.1
153001,4944,57300,283.3
153011,4940,55700,275.2
153021,4944,56600,279.8
153031,4940,56400,278.6
153041,4940,56800,280.6
153051,4940,56400,278.6
153061,4940,56700,280.1
153071,4940,56400,278.6
153081,4940,55700,275.2
153091,4940,57400,283.6
153101,4940,55800,275.7
153111,4944,57300,283.3
153121,4940,55800,275.7
153131,4940,57400,283.6
153141,4940,55800,275.7
153151,4940,57400,283.6
153161,4940,55800,275.7
153171,4940,57400,283.6
153181,4940,55800,275.7
153191,4940,57400,283.6
153201,4940,55800,275.7
153211,4940,56600,279.6
153221,4940,56400,278.6
153231,4940,56700,280.1
153241,4940,56500,279.1
153251,4940,56000,276.6
153261,4940,57400,283.6
153271,4940,55800,275.7
153281,4944,57300,283.3
153291,4940,55800,275.7
153301,4940,57400,283.6
153311,4816,204700,985.8
153321,4940,57300,283.1
153331,4940,55800,275.7
153341,4940,57500,284.1
153351,4940,55800,275.7
153361,4944,57400,283.8
153371,4940,55800,275.7
153381,4940,56700,280.1
153391,4940,56600,279.6
153401,4940,56700,280.1
153411,4940,56500,279.1
153421,4940,56700,280.1
153431,4940,56500,279.1
153441,4940,55800,275.7
153451,4940,57400,283.6
153462,4940,55800,275.7
153471,4940,57400,283.6
153481,4936,55800,275.4
153491,4944,57300,283.3
153501,4940,55700,275.2
153511,4940,57400,283.6
153521,4936,55700,274.9
153531,4940,57300,283.1
153541,4940,55800,275.7
153551,4944,57300,283.3
153561,4940,55700,275.2
153571,4940,56700,280.1
153581,4940,56400,278.6
153591,4940,56800,280.6
153601,4940,56400,278.6
153611,4940,56100,277.1
153621,4940,57400,283.6
153631,4940,55800,275.7
153641,4944,57400,283.8
153651,4940,55800,275.7
153661,4944,57400,283.8
153671,4940,55900,276.1
153681,4940,57300,283.1
153691,4940,55800,275.7
153701,4940,57400,283.6
153711,4940,55800,275.7
153721,4944,57400,283.8
153731,4940,55800,275.7
153741,4940,56700,280.1
153751,4940,56400,278.6
153761,4940,56700,280.1
153771,4940,56500,279.1
153781,4940,56700,280.1
153791,4940,56400,278.6
153801,4940,55800,275.7
153811,4940,60200,297.4
153821,4940,55900,276.1
153831,4940,57400,283.6
153841,4940,55800,275.7
153851,4944,57400,283.8
153861,4940,55800,275.7
153871,4944,57400,283.8
153881,4940,55900,276.1
153891,4940,57400,283.6
153901,4940,55800,275.7
153911,4940,57400,283.6
153921,4940,55800,275.7
153931,4940,56700,280.1
153941,4940,56400,278.6
153951,4940,56700,280.1
153961,4940,56400,278.6
153971,4940,56200,277.6
153981,4940,57400,283.6
153991,4940,55800,275.7
154001,4944,57400,283.8
154011,4940,55800,275.7
154021,4940,57500,284.1
154031,4940,55700,275.2
154041,4940,57400,283.6
154051,4940,55700,275.2
154061,4940,57400,283.6
154071,4940,55800,275.7
154081,4944,57300,283.3
154091,4940,55800,275.7
154101,4940,56800,280.6
154111,4940,56400,278.6
154121,4940,56700,280.1
154131,4940,56400,278.6
154141,4940,56800,280.6
154151,4940,56400,278.6
154161,4936,55800,275.4
154171,4940,57500,284.1
154181,4940,55800,275.7
154191,4940,57400,283.6
154201,4940,55800,275.7
154211,4940,57400,283.6
154221,4936,55800,275.4
154231,4944,57300,283.3
154241,4940,55800,275.7
154251,4944,57400,283.8
154261,4940,55800,275.7
154271,4944,57400,283.8
154281,4940,55800,275.7
154291,4940,56800,280.6
154301,4940,56500,279.1
154311,4940,56700,280.1
154321,4808,186300,895.7
154331,4940,56300,278.1
154341,4940,57300,283.1
154351,4936,55800,275.4
154361,4944,57400,283.8
154371,4940,55800,275.7
154381,4940,57400,283.6
154391,4940,55900,276.1
154401,4944,57400,283.8
154411,4940,55800,275.7
154421,4940,57400,283.6
154431,4940,55700,275.2
154441,4940,57400,283.6
154451,4940,55800,275.7
154461,4940,56800,280.6
154471,4940,56500,279.1
154481,4940,56700,280.1
154491,4940,56500,279.1
154501,4940,56700,280.1
154511,4940,56400,278.6
154521,4940,55800,275.7
154531,4940,57400,283.6
154541,4944,55800,275.9
154551,4944,57500,284.3
154561,4940,55700,275.2
154571,4944,57400,283.8
154581,4936,55800,275.4
154591,4940,57400,283.6
154601,4940,55800,275.7
154611,4940,57400,283.6
154621,4940,55800,275.7
154631,4944,57400,283.8
154641,4940,55700,275.2
154651,4940,56700,280.1
154661,4940,56400,278.6
154671,4940,56800,280.6
154681,4940,56500,279.1
154691,4940,56300,278.1
154701,4940,57300,283.1
154711,4940,55800,275.7
154721,4940,57400,283.6
154731,4940,55800,275.7
154741,4940,57400,283.6
154751,4940,55800,275.7
154761,4944,57300,283.3
154771,4940,55700,275.2
154781,4944,57300,283.3
154791,4940,55800,275.7
154801,4940,57300,283.1
154811,4940,55700,275.2
154821,4940,56800,280.6
154831,4840,56500,273.5
154841,4940,56800,280.6
154851,4940,56400,278.6
154861,4940,56700,280.1
154871,4940,56500,279.1
154881,4940,55800,275.7
154891,4944,57400,283.8
154901,4940,55800,275.7
154911,4940,57400,283.6
154921,4940,55800,275.7
154931,4944,57400,283.8
154941,4940,55800,275.7
154951,4940,57400,283.6
154961,4936,55800,275.4
154971,4944,57300,283.3
154981,4940,55800,275.7
154991,4940,57400,283.6
155001,4940,55800,275.7
155011,4940,56800,280.6
155021,4940,56400,278.6
155031,4940,56700,280.1
155041,4940,56500,279.1
155051,4940,56400,278.6
155061,4940,57200,282.6
155071,4940,55900,276.1
155081,4940,57400,283.6
155092,4940,55800,275.7
155101,4944,57400,283.8
155111,4940,55800,275.7
155121,4940,57400,283.6
155131,4940,55700,275.2
155141,4940,57400,283.6
155151,4940,55800,275.7
155161,4944,57400,283.8
155171,4940,55800,275.7
155181,4940,56900,281.1
155191,4940,56500,279.1
155201,4940,56700,280.1
155211,4940,56400,278.6
155221,4940,56800,280.6
155231,4940,56400,278.6
155241,4940,55900,276.1
155251,4940,57300,283.1
155261,4940,55800,275.7
155271,4940,57300,283.1
155281,4940,55800,275.7
155291,4940,57300,283.1
155301,4940,55800,275.7
155311,4940,57400,283.6
155321,4940,55800,275.7
155331,4772,181500,866.1
155341,4940,55800,275.7
155351,4940,57400,283.6
155361,4940,55900,276.1
155371,4940,56800,280.6
155381,4940,56500,279.1
155391,4940,56800,280.6
155401,4940,56400,278.6
155411,4940,56500,279.1
155421,4940,57200,282.6
155431,4940,55800,275.7
155441,4944,57400,283.8
155451,4940,55800,275.7
155461,4940,57300,283.1
155471,4940,55900,276.1
155481,4940,57400,283.6
155491,4940,55800,275.7
155501,4940,57400,283.6
155511,4940,55800,275.7
155521,4940,57400,283.6
155531,4940,55800,275.7
155541,4944,57000,281.8
155551,4940,56500,279.1
155561,4940,56700,280.1
155571,4940,56500,279.1
155581,4940,56700,280.1
155591,4940,56500,279.1
155601,4940,55800,275.7
155611,4944,57300,283.3
155621,4940,55800,275.7
155631,4940,57400,283.6
155641,4940,55800,275.7
155651,4944,57400,283.8
155661,4940,55800,275.7
155671,4940,57400,283.6
155681,4940,55700,275.2
155691,4940,57400,283.6
155701,4940,55700,275.2
155711,4944,57400,283.8
155721,4940,55800,275.7
155731,4940,56700,280.1
155741,4940,56500,279.1
155751,4940,56700,280.1
155761,4940,56400,278.6
155771,4940,56500,279.1
155781,4940,57200,282.6
155791,4940,55800,275.7
155801,4944,57400,283.8
155811,4940,55800,275.7
155821,4940,57300,283.1
155831,4824,149700,722.2
155841,4940,57400,283.6
155851,4940,55900,276.1
155861,4940,57400,283.6
155871,4940,55800,275.7
155881,4940,57400,283.6
155891,4940,55800,275.7
155901,4944,57000,281.8
155911,4940,56500,279.1
155921,4944,56800,280.8
155931,4940,56500,279.1
155941,4940,56700,280.1
155951,4940,56400,278.6
155961,4940,55800,275.7
155971,4940,57400,283.6
155981,4936,55800,275.4
155991,4940,57400,283.6
156001,4940,55700,275.2
156011,4944,57400,283.8
156021,4940,55800,275.7
156031,4940,57400,283.6
156041,4940,55800,275.7
156051,4940,57400,283.6
156061,4940,55800,275.7
156071,4940,57400,283.6
156081,4940,55800,275.7
156091,4940,56700,280.1
156101,4940,56500,279.1
156111,4940,56700,280.1
156121,4940,56500,279.1
156131,4940,56500,279.1
156141,4940,57200,282.6
156151,4940,55800,275.7
156161,4940,57400,283.6
156171,4940,55700,275.2
156181,4940,57400,283.6
156191,4940,55800,275.7
156201,4944,57400,283.8
156211,4940,55800,275.7
156221,4940,57400,283.6
156231,4940,55800,275.7
156241,4944,57400,283.8
156251,4940,55800,275.7
156261,4940,57000,281.6
156271,4940,56600,279.6
156281,4940,56700,280.1
156291,4940,56500,279.1
156301,4940,56700,280.1
156311,4940,56400,278.6
156321,4940,55800,275.7
156331,4820,142500,686.9
156341,4940,55800,275.7
156351,4940,57400,283.6
156361,4940,55800,275.7
156371,4940,57400,283.6
156381,4940,55800,275.7
156391,4944,57400,283.8
156401,4940,55800,275.7
156411,4940,57400,283.6
156421,4940,55800,275.7
156431,4944,57300,283.3
156441,4940,55800,275.7
156451,4940,56800,280.6
156461,4940,56500,279.1
156471,4940,56700,280.1
156481,4940,56500,279.1
156491,4940,56700,280.1
156501,4940,57000,281.6
156511,4940,55800,275.7
156521,4944,57400,283.8
156531,4940,55800,275.7
156541,4940,57300,283.1
156551,4940,55800,275.7
156561,4940,57400,283.6
156571,4940,55800,275.7
156581,4940,57400,283.6
156591,4940,55800,275.7
156601,4944,57400,283.8
156611,4940,55800,275.7
156621,4940,57100,282.1
156631,4940,56500,279.1
156641,4940,56800,280.6
156651,4940,56500,279.1
156661,4940,56700,280.1
156671,4940,56400,278.6
156681,4940,55800,275.7
156691,4940,57400,283.6
156701,4936,55800,275.4
156711,4940,57400,283.6
156721,4940,55800,275.7
156732,4944,57400,283.8
156741,4940,55800,275.7
156751,4940,57400,283.6
156761,4940,55800,275.7
156771,4940,57400,283.6
156781,4940,55800,275.7
156791,4940,57400,283.6
156801,4940,55800,275.7
156811,4940,56800,280.6
156821,4940,56500,279.1
156831,4940,56700,280.1
156841,4812,142600,686.2
156851,4940,56700,280.1
156861,4940,57000,281.6
156871,4940,55800,275.7
156881,4944,57400,283.8
156891,4940,55800,275.7
156901,4940,57400,283.6
156911,4940,55800,275.7
156921,4940,57400,283.6
156931,4940,55800,275.7
156941,4940,57400,283.6
156951,4940,55800,275.7
156961,4940,57400,283.6
156971,4940,55800,275.7
156981,4944,57200,282.8
156991,4940,56500,279.1
157001,4940,56700,280.1
157011,4940,56500,279.1
157021,4940,56700,280.1
157031,4940,56400,278.6
157041,4940,55800,275.7
157051,4940,57400,283.6
157061,4940,55800,275.7
157071,4940,57400,283.6
157081,4940,55800,275.7
157091,4940,57500,284.1
157101,4940,55800,275.7
157111,4944,57300,283.3
157121,4940,55800,275.7
157131,4940,57400,283.6
157141,4940,55800,275.7
157151,4940,57400,283.6
157161,4940,55900,276.1
157171,4940,56800,280.6
157181,4940,56500,279.1
157191,4940,56800,280.6
157201,4940,56400,278.6
157211,4940,56600,279.6
157221,4940,57100,282.1
157231,4940,55800,275.7
157241,4940,57400,283.6
157251,4940,55800,275.7
157261,4944,57400,283.8
157271,4940,55800,275.7
157281,4940,57400,283.6
157291,4940,55800,275.7
157301,4940,57300,283.1
157311,4940,55800,275.7
157321,4940,57400,283.6
157331,4940,55700,275.2
157341,4820,142100,684.9
157351,4940,56400,278.6
157361,4940,56800,280.6
157371,4940,56400,278.6
157381,4940,56800,280.6
157391,4940,56400,278.6
157401,4940,55800,275.7
157411,4940,57300,283.1
157421,4936,55800,275.4
157431,4940,57400,283.6
157441,4940,55800,275.7
157451,4944,57300,283.3
157461,4940,55800,275.7
157471,4940,57400,283.6
157481,4940,55800,275.7
157491,4944,57400,283.8
157501,4940,55800,275.7
157511,4944,57400,283.8
157521,4940,55800,275.7
157531,4940,56800,280.6
157541,4940,56500,279.1
157551,4940,56700,280.1
157561,4940,56500,279.1
157571,4940,56700,280.1
157581,4940,56900,281.1
157591,4940,55800,275.7
157601,4940,57400,283.6
157611,4940,55800,275.7
157621,4940,57400,283.6
157631,4936,55800,275.4
157641,4940,57400,283.6
157651,4940,55800,275.7
157661,4944,57400,283.8
157671,4940,55800,275.7
157681,4944,57400,283.8
157691,4940,55800,275.7
157701,4944,57100,282.3
157711,4940,56500,279.1
157721,4940,56800,280.6
157731,4940,56500,279.1
157741,4940,56800,280.6
157751,4940,56500,279.1
157761,4940,55800,275.7
157771,4944,57300,283.3
157781,4940,55800,275.7
157791,4940,57400,283.6
157801,4940,55700,275.2
157811,4940,57400,283.6
157821,4940,55700,275.2
157831,4940,57400,283.6
157841,4940,55800,275.7
157851,4724,137600,650.0
157861,4940,55800,275.7
157871,4944,57400,283.8
157881,4940,55800,275.7
157891,4944,56800,280.8
157901,4940,56500,279.1
157911,4940,56700,280.1
157921,4940,56500,279.1
157931,4940,56700,280.1
157941,4940,56900,281.1
157951,4940,55800,275.7
157961,4940,57300,283.1
157971,4940,55800,275.7
157981,4940,57400,283.6
157991,4940,55800,275.7
158001,4940,57400,283.6
158011,4940,55800,275.7
158021,4940,57400,283.6
158031,4940,55800,275.7
158041,4940,57400,283.6
158051,4940,55800,275.7
158061,4940,57200,282.6
158071,4940,56400,278.6
158081,4940,56700,280.1
158091,4940,56500,279.1
158101,4940,56800,280.6
158111,4940,56500,279.1
158121,4940,55700,275.2
158131,4940,57300,283.1
158141,4940,55800,275.7
158151,4940,57300,283.1
158161,4940,55800,275.7
158171,4940,57300,283.1
158181,4940,55800,275.7
158191,4940,57300,283.1
158201,4940,55800,275.7
158211,4940,57400,283.6
158221,4940,55800,275.7
158231,4944,57300,283.3
158241,4940,55800,275.7
158251,4940,56700,280.1
158261,4940,56500,279.1
158271,4940,56700,280.1
158281,4940,56500,279.1
158291,4940,56700,280.1
158301,4940,56900,281.1
158311,4940,55800,275.7
158321,4944,57300,283.3
158331,4940,55800,275.7
158341,4944,57400,283.8
158351,4936,55800,275.4
158361,4716,133600,630.1
158372,4940,55800,275.7
158381,4940,57400,283.6
158391,4940,55800,275.7
158401,4940,57400,283.6
158411,4940,55800,275.7
158421,4940,57200,282.6
158431,4940,56400,278.6
158441,4940,56800,280.6
158451,4940,56400,278.6
158461,4940,56800,280.6
158471,4940,56400,278.6
158481,4940,55700,275.2
158491,4940,57400,283.6
158501,4940,55800,275.7
158511,4944,57400,283.8
158521,4940,55800,275.7
158531,4940,57400,283.6
158541,4940,55800,275.7
158551,4944,57300,283.3
158561,4940,55800,275.7
158571,4940,57400,283.6
158581,4940,55700,275.2
158591,4940,57400,283.6
158601,4940,55800,275.7
158611,4944,56800,280.8
158621,4940,56400,278.6
158631,4940,56700,280.1
158641,4940,56500,279.1
158651,4940,56600,279.6
158661,4940,56900,281.1
158671,4940,55800,275.7
158681,4940,57500,284.1
158691,4940,55800,275.7
158701,4944,57400,283.8
158711,4940,55800,275.7
158721,4940,57300,283.1
158731,4940,55800,275.7
158741,4940,57400,283.6
158751,4940,55800,275.7
158761,4940,57300,283.1
158771,4940,55700,275.2
158781,4940,57300,283.1
158791,4940,56400,278.6
158801,4940,56800,280.6
158811,4940,56500,279.1
158821,4940,56800,280.6
158831,4940,56400,278.6
158841,4940,55800,275.7
158851,4940,57400,283.6
158861,4828,129200,623.8
158871,4940,57400,283.6
158881,4940,55800,275.7
158891,4940,57400,283.6
158901,4940,55700,275.2
158911,4940,57400,283.6
158921,4940,55800,275.7
158931,4940,57400,283.6
158941,4940,55700,275.2
158951,4944,57400,283.8
158961,4940,55800,275.7
158971,4940,56800,280.6
158981,4940,56400,278.6
158991,4940,56800,280.6
159001,4940,56500,279.1
159011,4940,56700,280.1
159021,4940,56800,280.6
159031,4940,55800,275.7
159041,4944,57400,283.8
159051,4940,55800,275.7
159061,4940,57400,283.6
159071,4940,55800,275.7
159081,4944,57400,283.8
159091,4940,55800,275.7
159101,4940,57400,283.6
159111,4940,55800,275.7
159121,4940,57400,283.6
159131,4940,55800,275.7
159141,4944,57300,283.3
159151,4940,56300,278.1
159161,4940,56700,280.1
159171,4940,56400,278.6
159181,4940,56700,280.1
159191,4940,56500,279.1
159201,4940,55700,275.2
159211,4940,57400,283.6
159221,4940,55700,275.2
159231,4940,57400,283.6
159241,4940,55800,275.7
159251,4940,57400,283.6
159261,4940,55900,276.1
159271,4944,57400,283.8
159281,4940,55800,275.7
159291,4944,57300,283.3
159301,4940,55700,275.2
159311,4940,57400,283.6
159321,4936,55800,275.4
159331,4940,56700,280.1
159341,4940,56500,279.1
159351,4940,56700,280.1
159361,4940,59200,292.4
159371,4940,56700,280.1
159381,4940,56600,279.6
159391,4940,55700,275.2
159401,4940,57400,283.6
159411,4940,55800,275.7
159421,4940,57400,283.6
159431,4940,55800,275.7
159441,4940,57400,283.6
159451,4940,55800,275.7
159461,4940,57400,283.6
159471,4940,55800,275.7
159481,4944,57300,283.3
159491,4936,55800,275.4
159501,4940,57300,283.1
159511,4940,56200,277.6
159521,4940,56700,280.1
159531,4940,56500,279.1
159541,4940,56700,280.1
159551,4940,56400,278.6
159561,4940,55800,275.7
159571,4940,57300,283.1
159581,4940,55800,275.7
159591,4944,57400,283.8
159601,4940,55800,275.7
159611,4944,57400,283.8
159621,4940,55800,275.7
159631,4944,57400,283.8
159641,4940,55800,275.7
159651,4940,57400,283.6
159661,4936,55800,275.4
159671,4944,57400,283.8
159681,4940,55800,275.7
159691,4940,56700,280.1
159701,4940,56400,278.6
159711,4940,56700,280.1
159721,4940,56400,278.6
159731,4940,56700,280.1
159741,4940,56800,280.6
159751,4940,55800,275.7
159761,4944,57300,283.3
159771,4940,55800,275.7
159781,4944,57300,283.3
159791,4940,55900,276.1
159801,4940,57300,283.1
159811,4940,55800,275.7
159821,4940,57300,283.1
159831,4940,55700,275.2
159841,4940,57400,283.6
159851,4940,55800,275.7
159861,4940,57300,283.1
159871,4824,202000,974.4
159881,4940,56700,280.1
159891,4940,56400,278.6
159901,4940,56800,280.6
159911,4940,56500,279.1
159921,4940,55800,275.7
159931,4940,57300,283.1
159941,4940,55800,275.7
159951,4944,57300,283.3
159961,4936,55800,275.4
159971,4940,57400,283.6
159981,4940,55700,275.2
159991,4944,57400,283.8
160001,4940,55700,275.2
160012,4944,57400,283.8
160021,4940,55800,275.7
160031,4940,57300,283.1
160041,4940,55800,275.7
160051,4940,56800,280.6
160061,4940,56400,278.6
160071,4940,56700,280.1
160081,4940,56500,279.1
160091,4940,56800,280.6
160101,4940,56600,279.6
160111,4940,55700,275.2
160121,4940,57300,283.1
160131,4940,55800,275.7
160141,4940,57400,283.6
160151,4940,55700,275.2
160161,4940,57400,283.6
160171,4940,55800,275.7
160181,4944,57400,283.8
160191,4940,55900,276.1
160201,4944,57300,283.3
160211,4940,55800,275.7
160221,4940,57300,283.1
160231,4940,56100,277.1
160241,4940,56700,280.1
160251,4940,56400,278.6
160261,4940,56700,280.1
160271,4940,56400,278.6
160281,4940,55800,275.7
160291,4940,57500,284.1
160301,4940,55800,275.7
160311,4940,57400,283.6
160321,4940,55800,275.7
160331,4940,57400,283.6
160341,4940,55800,275.7
160351,4944,57400,283.8
160361,4940,55700,275.2
160371,4788,190200,910.7
160381,4940,55800,275.7
160391,4940,57400,283.6
160401,4940,55800,275.7
160411,4940,56700,280.1
160421,4936,56400,278.4
160431,4940,56800,280.6
160441,4940,56500,279.1
160451,4940,56700,280.1
160461,4940,56500,279.1
160471,4940,55800,275.7
160481,4940,57300,283.1
160491,4940,55800,275.7
160501,4940,57300,283.1
160511,4940,55800,275.7
160521,4940,57400,283.6
160531,4940,55800,275.7
160541,4940,57400,283.6
160551,4940,55800,275.7
160561,4944,57400,283.8
160571,4940,55700,275.2
160581,4944,57400,283.8
160591,4940,56000,276.6
160601,4940,56700,280.1
160611,4940,56400,278.6
160621,4940,56800,280.6
160631,4940,56400,278.6
160641,4940,55800,275.7
160651,4940,57400,283.6
160661,4940,55800,275.7
160671,4940,57400,283.6
160681,4940,55800,275.7
160691,4940,57400,283.6
160701,4940,55800,275.7
160711,4940,57400,283.6
160721,4940,55800,275.7
160731,4940,57300,283.1
160741,4940,55800,275.7
160751,4940,57400,283.6
160761,4940,55700,275.2
160771,4944,56700,280.3
160781,4940,56400,278.6
160791,4940,56800,280.6
160801,4940,56400,278.6
160811,4940,56700,280.1
160821,4940,56500,279.1
160831,4940,55800,275.7
160841,4940,57400,283.6
160851,4940,55800,275.7
160861,4944,57400,283.8
160871,4940,55800,275.7
160881,4928,57300,282.4
160891,4940,55800,275.7
160901,4940,57400,283.6
160911,4940,55800,275.7
160921,4940,57400,283.6
160931,4940,55700,275.2
160941,4940,57400,283.6
160951,4940,55900,276.1
160961,4940,56800,280.6
160971,4940,56400,278.6
160981,4940,56800,280.6
160991,4940,56400,278.6
161001,4940,55800,275.7
161011,4940,57400,283.6
161021,4940,55700,275.2
161031,4940,57400,283.6
161041,4940,55800,275.7
161051,4940,57300,283.1
161061,4940,55800,275.7
161071,4944,57300,283.3
161081,4940,55800,275.7
161091,4944,57400,283.8
161101,4940,55800,275.7
161111,4940,57400,283.6
161121,4940,55800,275.7
161131,4940,56700,280.1
161141,4940,56400,278.6
161151,4940,56800,280.6
161161,4940,56500,279.1
161171,4940,56700,280.1
161181,4940,56500,279.1
161191,4936,55800,275.4
161201,4940,57400,283.6
161211,4940,55800,275.7
161221,4940,57400,283.6
161231,4940,55800,275.7
161241,4944,57400,283.8
161251,4940,55800,275.7
161261,4940,57400,283.6
161271,4940,55800,275.7
161281,4940,57400,283.6
161291,4940,55800,275.7
161301,4940,57300,283.1
161311,4940,55900,276.1
161321,4944,56700,280.3
161331,4940,56400,278.6
161341,4940,56700,280.1
161351,4940,56400,278.6
161361,4940,55800,275.7
161371,4940,57400,283.6
161381,4816,185600,893.8
161391,4940,57400,283.6
161401,4940,55800,275.7
161411,4944,57400,283.8
161421,4940,55700,275.2
161431,4944,57400,283.8
161441,4940,55800,275.7
161451,4940,57500,284.1
161461,4940,55800,275.7
161471,4940,57400,283.6
161481,4940,55800,275.7
161491,4940,56700,280.1
161501,4940,56400,278.6
161511,4940,56700,280.1
161521,4940,56400,278.6
161531,4940,56800,280.6
161541,4940,56400,278.6
161551,4940,55800,275.7
161561,4940,57400,283.6
161571,4940,55800,275.7
161581,4944,57400,283.8
161591,4940,55800,275.7
161601,4940,57400,283.6
161611,4940,55800,275.7
161621,4940,57400,283.6
161631,4940,55800,275.7
161645,4940,56500,279.1
161651,4940,55800,275.7
161661,4940,57400,283.6
161671,4940,55900,276.1
161681,4940,56700,280.1
161691,4940,56400,278.6
161701,4940,56700,280.1
161711,4940,56500,279.1
161721,4940,55800,275.7
161731,4940,57400,283.6
161741,4940,55800,275.7
161751,4940,57400,283.6
161761,4940,55800,275.7
161771,4944,57300,283.3
161781,4940,55800,275.7
161791,4940,57400,283.6
161801,4940,55800,275.7
161811,4940,57400,283.6
161821,4940,55800,275.7
161831,4940,57400,283.6
161841,4940,55800,275.7
161851,4940,56600,279.6
161861,4940,56400,278.6
161871,4940,56700,280.1
161881,4940,56400,278.6
161891,4940,56700,280.1
161901,4940,56400,278.6
161911,4940,55800,275.7
161921,4944,57300,283.3
161931,4940,55800,275.7
161941,4940,57400,283.6
161951,4940,55700,275.2
161961,4944,57400,283.8
161971,4940,55800,275.7
161981,4944,57300,283.3
161991,4940,55800,275.7
162001,4944,57400,283.8
162011,4940,55800,275.7
162021,4940,57300,283.1
162031,4940,55800,275.7
162041,4940,56700,280.1
162051,4940,56400,278.6
162061,4940,56700,280.1
162071,4940,56400,278.6
162081,4940,55900,276.1
162091,4940,57500,284.1
162101,4940,55700,275.2
162111,4940,57400,283.6
162121,4940,55700,275.2
162131,4944,57400,283.8
162141,4940,55800,275.7
162151,4940,57400,283.6
162161,4940,55800,275.7
162171,4940,57400,283.6
162181,4940,55800,275.7
162191,4940,57400,283.6
162201,4940,55900,276.1
162211,4940,56700,280.1
162221,4940,56400,278.6
162231,4940,56800,280.6
162241,4940,56400,278.6
162251,4940,56800,280.6
162261,4940,56500,279.1
162271,4940,55800,275.7
162281,4940,57300,283.1
162291,4940,55800,275.7
162301,4940,57300,283.1
162311,4940,55800,275.7
162321,4940,57300,283.1
162331,4940,55800,275.7
162341,4944,57400,283.8
162351,4940,55700,275.2
162361,4944,57400,283.8
162371,4940,55800,275.7
162381,4940,57300,283.1
162391,4756,151200,719.1
162401,4944,56800,280.8
162411,4940,56500,279.1
162421,4940,56700,280.1
162431,4940,56400,278.6
162441,4940,56100,277.1
162451,4940,57400,283.6
162461,4940,55800,275.7
162471,4940,57400,283.6
162481,4940,55800,275.7
162491,4944,57400,283.8
162501,4940,55800,275.7
162511,4940,57400,283.6
162521,4940,55800,275.7
162531,4940,57400,283.6
162541,4940,55800,275.7
162551,4940,57400,283.6
162561,4940,55800,275.7
162571,4940,56700,280.1
162581,4940,56400,278.6
162591,4940,56700,280.1
162601,4940,56400,278.6
162611,4944,56700,280.3
162621,4940,56500,279.1
162631,4940,55800,275.7
162641,4940,57500,284.1
162651,4940,55700,275.2
162661,4940,57300,283.1
162671,4940,55800,275.7
162681,4940,57300,283.1
162691,4940,55800,275.7
162701,4944,57400,283.8
162711,4940,55800,275.7
162721,4944,57400,283.8
162731,4936,55700,274.9
162741,4944,57400,283.8
162751,4940,55800,275.7
162761,4940,56700,280.1
162771,4940,56400,278.6
162781,4940,56700,280.1
162791,4940,56500,279.1
162801,4940,56000,276.6
162811,4940,57400,283.6
162821,4940,55800,275.7
162831,4940,57300,283.1
162841,4940,55800,275.7
162851,4940,57300,283.1
162861,4940,55800,275.7
162871,4940,57400,283.6
162881,4940,55800,275.7
162891,4940,57400,283.6
162901,4940,55800,275.7
162911,4940,57400,283.6
162921,4940,55800,275.7
162931,4940,56700,280.1
162941,4940,56500,279.1
162951,4940,56700,280.1
162961,4940,56500,279.1
162971,4940,56700,280.1
162981,4940,56500,279.1
162991,4940,55800,275.7
163001,4940,57400,283.6
163011,4940,55800,275.7
163021,4940,57400,283.6
163031,4940,55800,275.7
163041,4940,57400,283.6
163051,4940,55800,275.7
163061,4940,57400,283.6
163071,4940,55800,275.7
163081,4944,57400,283.8
163091,4940,55800,275.7
163101,4940,57400,283.6
163111,4940,55800,275.7
163121,4940,56700,280.1
163131,4940,56500,279.1
163141,4940,56800,280.6
163151,4940,56500,279.1
163161,4940,56200,277.6
163171,4940,57300,283.1
163181,4940,55800,275.7
163191,4940,57400,283.6
163201,4940,55800,275.7
163211,4940,57400,283.6
163221,4940,55800,275.7
163231,4940,57400,283.6
163241,4940,55800,275.7
163251,4940,57400,283.6
163261,4936,55800,275.4
163271,4940,57400,283.6
163282,4940,56500,279.1
163291,4940,56800,280.6
163301,4940,56400,278.6
163311,4940,56900,281.1
163321,4940,56400,278.6
163331,4940,56700,280.1
163341,4940,56500,279.1
163351,4940,55800,275.7
163361,4940,57400,283.6
163371,4940,55800,275.7
163381,4940,57400,283.6
163391,4940,55800,275.7
163401,4840,221500,1072.1
163411,4940,55900,276.1
163421,4940,57400,283.6
163431,4940,55800,275.7
163441,4940,57300,283.1
163451,4940,55700,275.2
163461,4940,57400,283.6
163471,4940,55800,275.7
163481,4940,56600,279.6
163491,4940,56400,278.6
163501,4940,56700,280.1
163511,4940,56500,279.1
163521,4940,56300,278.1
163531,4940,57300,283.1
163541,4940,55800,275.7
163551,4940,57400,283.6
163561,4940,55700,275.2
163571,4940,57300,283.1
163581,4940,55800,275.7
163591,4940,57400,283.6
163601,4940,55700,275.2
163611,4940,57400,283.6
163621,4940,55800,275.7
163631,4940,57400,283.6
163641,4940,55800,275.7
163651,4940,56700,280.1
163661,4940,56500,279.1
163671,4940,56700,280.1
163681,4940,56400,278.6
163691,4940,56700,280.1
163701,4940,56400,278.6
163711,4940,55800,275.7
163721,4940,57400,283.6
163731,4940,55700,275.2
163741,4940,57400,283.6
163751,4940,55800,275.7
163761,4940,57400,283.6
163771,4940,55800,275.7
163781,4940,57400,283.6
163791,4940,55800,275.7
163801,4940,57300,283.1
163811,4940,55800,275.7
163821,4944,57400,283.8
163831,4944,55800,275.9
163841,4940,56800,280.6
163851,4940,56400,278.6
163861,4940,56800,280.6
163871,4940,56400,278.6
163881,4940,56300,278.1
163891,4940,57300,283.1
163901,4796,140800,675.3
163911,4940,57400,283.6
163921,4940,55800,275.7
163931,4940,57400,283.6
163941,4940,55700,275.2
163951,4944,57400,283.8
163961,4940,55800,275.7
163971,4940,57300,283.1
163981,4940,55800,275.7
163991,4940,57400,283.6
164001,4940,55800,275.7
164011,4940,56900,281.1
164021,4940,56500,279.1
164031,4940,56700,280.1
164041,4940,56400,278.6
164051,4940,56800,280.6
164061,4940,56500,279.1
164071,4940,55800,275.7
164081,4940,57400,283.6
164091,4940,55800,275.7
164101,4944,57300,283.3
164111,4940,55800,275.7
164121,4940,57400,283.6
164131,4940,55700,275.2
164141,4940,57400,283.6
164151,4940,55800,275.7
164161,4940,57400,283.6
164171,4940,55800,275.7
164181,4940,57300,283.1
164191,4940,55800,275.7
164201,4940,56700,280.1
164211,4940,56500,279.1
164221,4940,56700,280.1
164231,4940,56400,278.6
164241,4940,56300,278.1
164251,4940,57200,282.6
164261,4940,55800,275.7
164271,4940,57300,283.1
164281,4940,55700,275.2
164291,4940,57400,283.6
164301,4940,55800,275.7
164311,4944,57400,283.8
164321,4940,55800,275.7
164331,4940,57300,283.1
164341,4940,55700,275.2
164351,4940,57300,283.1
164361,4940,55800,275.7
164371,4940,56900,281.1
164381,4940,56500,279.1
164391,4940,56800,280.6
164401,4940,56500,279.1
164411,4792,143500,687.7
164421,4940,56400,278.6
164431,4940,55800,275.7
164441,4940,57400,283.6
164451,4940,55900,276.1
164461,4940,57400,283.6
164471,4940,55800,275.7
164481,4940,57400,283.6
164491,4940,55800,275.7
164501,4940,57300,283.1
164511,4940,55800,275.7
164521,4940,57400,283.6
164531,4940,55800,275.7
164541,4940,57400,283.6
164551,4940,55800,275.7
164561,4940,56700,280.1
164571,4940,56400,278.6
164581,4940,56700,280.1
164591,4940,56400,278.6
164601,4940,56400,278.6
164611,4940,57200,282.6
164621,4940,55800,275.7
164631,4940,57400,283.6
164641,4940,55800,275.7
164651,4940,57400,283.6
164661,4940,55900,276.1
164671,4944,57400,283.8
164681,4940,55800,275.7
164691,4940,57400,283.6
164701,4940,55800,275.7
164711,4940,57400,283.6
164721,4940,55800,275.7
164731,4940,57000,281.6
164741,4940,56500,279.1
164751,4940,56700,280.1
164761,4940,56500,279.1
164771,4940,56700,280.1
164781,4940,56400,278.6
164791,4940,55800,275.7
164801,4940,57400,283.6
164811,4940,55800,275.7
164821,4940,57400,283.6
164831,4940,55800,275.7
164841,4940,57300,283.1
164851,4940,55700,275.2
164861,4940,57400,283.6
164871,4940,55800,275.7
164881,4940,57400,283.6
164891,4940,55700,275.2
164901,4944,57400,283.8
164911,4940,57400,283.6
164922,4940,56800,280.6
164931,4940,56500,279.1
164941,4940,56800,280.6
164951,4940,56400,278.6
164961,4940,56500,279.1
164971,4940,57100,282.1
164981,4940,55800,275.7
164991,4940,57400,283.6
165001,4940,55800,275.7
165011,4940,57500,284.1
165021,4940,55700,275.2
165031,4944,57400,283.8
165041,4940,55900,276.1
165051,4940,57400,283.6
165061,4940,55800,275.7
165071,4940,57400,283.6
165081,4940,55800,275.7
165091,4940,57000,281.6
165101,4940,56500,279.1
165111,4940,56800,280.6
165121,4940,56400,278.6
165131,4940,56700,280.1
165141,4940,56400,278.6
165151,4940,55800,275.7
165161,4940,57400,283.6
165171,4940,55800,275.7
165181,4940,57400,283.6
165191,4940,55800,275.7
165201,4940,57300,283.1
165211,4940,55800,275.7
165221,4940,57400,283.6
165231,4940,55800,275.7
165241,4940,57400,283.6
165251,4940,55700,275.2
165261,4940,57400,283.6
165271,4940,55800,275.7
165281,4940,56700,280.1
165291,4940,56500,279.1
165301,4940,56700,280.1
165311,4940,56400,278.6
165321,4940,56500,279.1
165331,4940,57100,282.1
165341,4940,55800,275.7
165351,4944,57400,283.8
165361,4940,55800,275.7
165371,4940,57300,283.1
165381,4940,55800,275.7
165391,4944,57400,283.8
165401,4940,55800,275.7
165411,4940,57400,283.6
165421,4932,146500,722.5
165431,4940,57400,283.6
165441,4940,55800,275.7
165451,4940,57100,282.1
165461,4940,56500,279.1
165471,4940,56700,280.1
165481,4940,56400,278.6
165491,4940,56700,280.1
165501,4940,56500,279.1
165511,4940,55800,275.7
165521,4940,57300,283.1
165531,4940,55800,275.7
165541,4940,57400,283.6
165551,4940,55700,275.2
165561,4944,57400,283.8
165571,4936,55800,275.4
165581,4940,57400,283.6
165591,4940,55800,275.7
165601,4940,57300,283.1
165611,4940,55900,276.1
165621,4940,57300,283.1
165631,4940,55800,275.7
165641,4940,56800,280.6
165651,4940,56400,278.6
165661,4940,56800,280.6
165671,4940,56400,278.6
165681,4940,56500,279.1
165691,4940,57100,282.1
165701,4940,55800,275.7
165711,4940,57400,283.6
165721,4940,55800,275.7
165731,4940,57300,283.1
165741,4940,55800,275.7
165751,4944,57400,283.8
165761,4940,55800,275.7
165771,4944,57400,283.8
165781,4940,55800,275.7
165791,4940,57400,283.6
165801,4940,55700,275.2
165811,4940,57100,282.1
165821,4940,56500,279.1
165831,4940,56700,280.1
165841,4940,56400,278.6
165851,4940,56700,280.1
165861,4940,56500,279.1
165871,4940,55800,275.7
165881,4940,57300,283.1
165891,4940,55800,275.7
165901,4940,57400,283.6
165911,4940,55900,276.1
165921,4944,57400,283.8
165931,4816,140800,678.1
165941,4944,57400,283.8
165951,4940,55800,275.7
165961,4940,57300,283.1
165971,4940,55800,275.7
165981,4944,57400,283.8
165991,4940,55800,275.7
166001,4940,56800,280.6
166011,4940,56400,278.6
166021,4940,56800,280.6
166031,4940,56400,278.6
166041,4940,56600,279.6
166051,4940,57000,281.6
166061,4940,55800,275.7
166071,4940,57300,283.1
166081,4940,55700,275.2
166091,4940,57400,283.6
166101,4940,55800,275.7
166111,4940,57400,283.6
166121,4940,55800,275.7
166131,4940,57400,283.6
166141,4940,55800,275.7
166151,4940,57400,283.6
166161,4940,55800,275.7
166171,4940,57100,282.1
166181,4940,56500,279.1
166191,4940,56700,280.1
166201,4940,56400,278.6
166211,4940,56700,280.1
166221,4940,56500,279.1
166231,4940,55800,275.7
166241,4940,57300,283.1
166251,4936,55700,274.9
166261,4944,57400,283.8
166271,4940,55800,275.7
166281,4940,57400,283.6
166291,4940,55800,275.7
166301,4940,57400,283.6
166311,4940,55800,275.7
166321,4940,57300,283.1
166331,4940,55800,275.7
166341,4940,57400,283.6
166351,4940,55800,275.7
166361,4940,56800,280.6
166371,4940,56500,279.1
166381,4944,56700,280.3
166391,4940,56400,278.6
166401,4940,56600,279.6
166411,4940,57100,282.1
166421,4940,55800,275.7
166431,4940,59700,294.9
166441,4940,55800,275.7
166451,4944,57400,283.8
166461,4940,55800,275.7
166471,4940,57400,283.6
166481,4940,55800,275.7
166491,4940,57400,283.6
166501,4940,55700,275.2
166511,4940,57400,283.6
166521,4940,55800,275.7
166531,4940,57200,282.6
166541,4940,56400,278.6
166551,4940,56700,280.1
166562,4940,56500,279.1
166571,4940,56700,280.1
166581,4940,56400,278.6
166591,4940,55800,275.7
166601,4944,57400,283.8
166611,4940,55800,275.7
166621,4940,57400,283.6
166631,4940,55800,275.7
166641,4940,57400,283.6
166651,4940,55700,275.2
166661,4940,57400,283.6
166671,4940,55800,275.7
166681,4940,57400,283.6
166691,4940,55800,275.7
166701,4940,57300,283.1
166711,4936,55800,275.4
166721,4940,56800,280.6
166731,4940,56500,279.1
166741,4940,56800,280.6
166751,4940,56500,279.1
166761,4940,56600,279.6
166771,4940,56900,281.1
166781,4940,55800,275.7
166791,4940,57300,283.1
166801,4940,55800,275.7
166811,4940,57400,283.6
166821,4940,55800,275.7
166831,4940,57400,283.6
166841,4940,55800,275.7
166851,4944,57400,283.8
166861,4940,55800,275.7
166871,4940,57400,283.6
166881,4940,55800,275.7
166891,4940,57100,282.1
166901,4940,56400,278.6
166911,4940,56800,280.6
166921,4940,56400,278.6
166931,4940,56700,280.1
166941,4824,138200,666.7
166951,4940,55700,275.2
166961,4940,57400,283.6
166971,4940,55800,275.7
166981,4940,57400,283.6
166991,4940,55700,275.2
167001,4944,57400,283.8
167011,4940,55800,275.7
167021,4940,57400,283.6
167031,4940,55800,275.7
167041,4940,57400,283.6
167051,4940,55800,275.7
167061,4944,57400,283.8
167071,4940,55800,275.7
167081,4940,56800,280.6
167091,4940,56500,279.1
167101,4940,56700,280.1
167111,4940,56500,279.1
167121,4940,56600,279.6
167131,4940,57000,281.6
167141,4940,55700,275.2
167151,4944,57300,283.3
167161,4940,55800,275.7
167171,4940,57400,283.6
167181,4940,55800,275.7
167191,4940,57400,283.6
167201,4940,55700,275.2
167211,4940,57300,283.1
167221,4940,55800,275.7
167231,4940,57500,284.1
167241,4940,55800,275.7
167251,4944,57200,282.8
167261,4940,56400,278.6
167271,4940,56800,280.6
167281,4940,56500,279.1
167291,4940,56800,280.6
167301,4940,56400,278.6
167311,4940,55800,275.7
167321,4944,57300,283.3
167331,4940,55800,275.7
167341,4944,57400,283.8
167351,4940,55800,275.7
167361,4944,57400,283.8
167371,4940,55800,275.7
167381,4944,57400,283.8
167391,4940,55800,275.7
167401,4940,57400,283.6
167411,4940,55700,275.2
167421,4944,57400,283.8
167431,4940,55800,275.7
167441,4796,141500,678.6
167451,4940,56500,279.1
167461,4940,56800,280.6
167471,4940,56400,278.6
167481,4940,56700,280.1
167491,4940,56900,281.1
167501,4940,55800,275.7
167511,4944,57400,283.8
167521,4940,55700,275.2
167531,4940,57400,283.6
167541,4940,55800,275.7
167551,4944,57400,283.8
167561,4940,55900,276.1
167571,4940,57400,283.6
167581,4940,55800,275.7
167591,4944,57400,283.8
167601,4940,55800,275.7
167611,4940,57200,282.6
167621,4940,56400,278.6
167631,4940,56700,280.1
167641,4940,56500,279.1
167651,4940,56800,280.6
167661,4940,56400,278.6
167671,4940,55700,275.2
167681,4940,57400,283.6
167691,4940,55700,275.2
167701,4940,57300,283.1
167711,4940,55800,275.7
167721,4940,57400,283.6
167731,4940,55800,275.7
167741,4940,57400,283.6
167751,4940,55800,275.7
167761,4944,57400,283.8
167771,4940,55700,275.2
167781,4940,57400,283.6
167791,4940,55800,275.7
167801,4940,56700,280.1
167811,4940,56500,279.1
167821,4940,56800,280.6
167831,4940,56400,278.6
167841,4940,56700,280.1
167851,4940,56900,281.1
167861,4940,55800,275.7
167871,4944,57400,283.8
167881,4940,55700,275.2
167891,4940,57400,283.6
167901,4940,55800,275.7
167911,4940,57300,283.1
167921,4940,55900,276.1
167931,4940,57500,284.1
167941,4940,55800,275.7
167951,4820,142400,686.4
167961,4940,55800,275.7
167971,4940,57200,282.6
167981,4940,56400,278.6
167991,4940,56700,280.1
168001,4940,56400,278.6
168011,4940,56700,280.1
168021,4940,56400,278.6
168031,4940,55800,275.7
168041,4944,57400,283.8
168051,4940,55800,275.7
168061,4940,57300,283.1
168071,4940,55800,275.7
168081,4940,57400,283.6
168091,4940,55800,275.7
168101,4940,57400,283.6
168111,4940,55800,275.7
168121,4944,57400,283.8
168131,4940,55800,275.7
168141,4940,57400,283.6
168151,4940,55800,275.7
168161,4940,56800,280.6
168171,4940,56500,279.1
168181,4940,56700,280.1
168192,4940,56800,280.6
168201,4940,56700,280.1
168211,4940,56800,280.6
168221,4940,55800,275.7
168231,4940,57400,283.6
168241,4940,55800,275.7
168251,4944,57400,283.8
168261,4940,55800,275.7
168271,4944,57400,283.8
168281,4940,55900,276.1
168291,4940,57400,283.6
168301,4940,55800,275.7
168311,4940,57400,283.6
168321,4940,55800,275.7
168331,4940,57200,282.6
168341,4940,56400,278.6
168351,4940,56800,280.6
168361,4940,56400,278.6
168371,4940,56700,280.1
168381,4940,56400,278.6
168391,4940,55700,275.2
168401,4940,57400,283.6
168411,4940,55800,275.7
168421,4944,57300,283.3
168431,4940,55800,275.7
168441,4940,57400,283.6
168451,4808,129200,621.2
168461,4940,57400,283.6
168471,4940,55800,275.7
168481,4944,57400,283.8
168491,4940,55800,275.7
168501,4944,57400,283.8
168511,4940,55900,276.1
168521,4940,56800,280.6
168531,4940,56500,279.1
168541,4940,56700,280.1
168551,4940,56500,279.1
168561,4940,56700,280.1
168571,4940,56800,280.6
168581,4940,55800,275.7
168591,4940,57400,283.6
168601,4940,55700,275.2
168611,4940,57400,283.6
168621,4940,55800,275.7
168631,4940,57400,283.6
168641,4940,55800,275.7
168651,4944,57400,283.8
168661,4940,55800,275.7
168671,4940,57400,283.6
168681,4940,55700,275.2
168691,4940,57300,283.1
168701,4940,56300,278.1
168711,4940,56800,280.6
168721,4940,56500,279.1
168731,4944,56800,280.8
168741,4940,56400,278.6
168751,4940,55700,275.2
168761,4940,57400,283.6
168771,4940,55800,275.7
168781,4940,57400,283.6
168791,4940,55800,275.7
168801,4944,57400,283.8
168811,4940,55800,275.7
168821,4944,57300,283.3
168831,4940,55800,275.7
168841,4940,57400,283.6
168851,4940,55700,275.2
168861,4940,57400,283.6
168871,4940,55700,275.2
168881,4940,56800,280.6
168891,4936,56500,278.9
168901,4940,56700,280.1
168911,4940,56500,279.1
168921,4944,56700,280.3
168931,4940,56800,280.6
168941,4940,55800,275.7
168951,4940,57400,283.6
168961,4820,187400,903.3
168971,4944,57400,283.8
168981,4940,55800,275.7
168991,4944,57400,283.8
169001,4940,55800,275.7
169011,4940,57400,283.6
169021,4940,55800,275.7
169031,4940,57400,283.6
169041,4940,55800,275.7
169051,4940,57300,283.1
169061,4940,56300,278.1
169071,4940,56800,280.6
169081,4940,56400,278.6
169091,4940,56800,280.6
169101,4940,56500,279.1
169111,4940,55700,275.2
169121,4940,57400,283.6
169131,4940,55800,275.7
169141,4940,57400,283.6
169151,4940,55700,275.2
169161,4944,57400,283.8
169171,4940,55800,275.7
169181,4940,57400,283.6
169191,4940,55800,275.7
169201,4940,57300,283.1
169211,4940,55900,276.1
169221,4940,57400,283.6
169231,4940,55800,275.7
169241,4940,56700,280.1
169251,4940,56400,278.6
169261,4940,56800,280.6
169271,4940,56500,279.1
169281,4940,56700,280.1
169291,4940,56700,280.1
169301,4940,55800,275.7
169311,4940,57300,283.1
169321,4940,55800,275.7
169331,4940,57400,283.6
169341,4940,55800,275.7
169351,4940,57300,283.1
169361,4940,55800,275.7
169371,4940,57400,283.6
169381,4940,55800,275.7
169391,4940,57400,283.6
169401,4940,55800,275.7
169411,4940,57300,283.1
169421,4940,56300,278.1
169431,4940,56700,280.1
169441,4940,56400,278.6
169451,4940,56600,279.6
169461,4900,159200,780.1
169471,4940,55800,275.7
169481,4940,57400,283.6
169491,4940,55800,275.7
169501,4940,57400,283.6
169511,4940,55800,275.7
169521,4940,57400,283.6
169531,4940,55800,275.7
169541,4944,57400,283.8
169551,4940,55800,275.7
169561,4944,57400,283.8
169571,4940,55700,275.2
169581,4940,57400,283.6
169591,4940,55800,275.7
169601,4940,56700,280.1
169611,4940,56500,279.1
169621,4940,56800,280.6
169631,4940,56400,278.6
169641,4944,56800,280.8
169651,4940,56600,279.6
169661,4940,55900,276.1
169671,4944,57300,283.3
169681,4940,55900,276.1
169691,4940,57400,283.6
169701,4940,55800,275.7
169711,4940,57400,283.6
169721,4940,55800,275.7
169731,4940,57400,283.6
169741,4940,55800,275.7
169751,4940,57300,283.1
169761,4940,55800,275.7
169771,4940,57300,283.1
169781,4940,56200,277.6
169791,4940,56800,280.6
169801,4940,56400,278.6
169811,4940,56700,280.1
169821,4940,56400,278.6
169832,4940,55800,275.7
169841,4940,57300,283.1
169851,4940,55800,275.7
169861,4940,57400,283.6
169871,4940,55700,275.2
169881,4940,57400,283.6
169891,4940,55800,275.7
169901,4940,57400,283.6
169911,4940,55800,275.7
169921,4944,57300,283.3
169931,4940,55800,275.7
169941,4944,57400,283.8
169951,4940,55800,275.7
169961,4940,56800,280.6
169971,4816,141500,681.5
169981,4940,56800,280.6
169991,4940,56500,279.1
170001,4940,56700,280.1
170011,4940,56700,280.1
170021,4940,55800,275.7
170031,4940,57400,283.6
170041,4940,55900,276.1
170051,4940,57400,283.6
170061,4940,55800,275.7
170071,4944,57400,283.8
170081,4940,55800,275.7
170091,4944,57300,283.3
170101,4940,55800,275.7
170111,4940,57400,283.6
170121,4940,55700,275.2
170131,4944,57400,283.8
170141,4940,56200,277.6
170151,4940,56800,280.6
170161,4940,56500,279.1
170171,4940,56700,280.1
170181,4940,56400,278.6
170191,4940,55800,275.7
170201,4940,57500,284.1
170211,4940,55800,275.7
170221,4944,57400,283.8
170231,4940,55800,275.7
170241,4940,57300,283.1
170251,4940,55800,275.7
170261,4940,57400,283.6
170271,4940,55700,275.2
170281,4940,57400,283.6
170291,4940,55800,275.7
170301,4940,57400,283.6
170311,4940,55800,275.7
170321,4940,56700,280.1
170331,4940,56400,278.6
170341,4940,56700,280.1
170351,4940,56500,279.1
170361,4940,56800,280.6
170371,4940,56700,280.1
170381,4940,55800,275.7
170391,4944,57300,283.3
170401,4940,55800,275.7
170411,4944,57400,283.8
170421,4940,55800,275.7
170431,4940,57400,283.6
170441,4940,55800,275.7
170451,4944,57400,283.8
170461,4940,55800,275.7
170471,4940,57400,283.6
170481,4812,140700,677.0
170491,4940,57300,283.1
170501,4940,56000,276.6
170511,4940,56800,280.6
170521,4940,56500,279.1
170531,4940,56800,280.6
170541,4940,56500,279.1
170551,4940,55700,275.2
170561,4940,57400,283.6
170571,4940,55700,275.2
170581,4940,57400,283.6
170591,4940,55800,275.7
170601,4944,57300,283.3
170611,4940,55800,275.7
170621,4940,57400,283.6
170631,4940,55800,275.7
170641,4944,57400,283.8
170651,4940,55800,275.7
170661,4940,57400,283.6
170671,4940,55800,275.7
170681,4940,56700,280.1
170691,4940,56400,278.6
170701,4940,56800,280.6
170711,4940,56400,278.6
170721,4940,56800,280.6
170731,4940,56700,280.1
170741,4940,55800,275.7
170751,4940,57400,283.6
170761,4940,55800,275.7
170771,4940,57400,283.6
170781,4940,55800,275.7
170791,4940,57400,283.6
170801,4940,55800,275.7
170811,4940,57400,283.6
170821,4940,55800,275.7
170831,4944,57400,283.8
170841,4940,55800,275.7
170851,4944,57300,283.3
170861,4940,56100,277.1
170871,4940,56800,280.6
170881,4940,56400,278.6
170891,4940,56700,280.1
170901,4940,56400,278.6
170911,4940,55800,275.7
170921,4940,57300,283.1
170931,4940,55800,275.7
170941,4940,57400,283.6
170951,4940,55700,275.2
170961,4940,57400,283.6
170971,4940,55800,275.7
170981,4944,59900,296.1
170991,4940,55800,275.7
171001,4944,57400,283.8
171011,4940,55900,276.1
171021,4940,57300,283.1
171031,4940,55800,275.7
171041,4940,56700,280.1
171051,4940,56300,278.1
171061,4940,56800,280.6
171071,4940,56500,279.1
171081,4940,56800,280.6
171091,4940,56500,279.1
171101,4940,55800,275.7
171111,4940,57400,283.6
171121,4940,55800,275.7
171131,4940,57400,283.6
171141,4940,55800,275.7
171151,4940,57400,283.6
171161,4940,55800,275.7
171171,4940,57400,283.6
171181,4940,55800,275.7
171191,4940,57400,283.6
171201,4940,55800,275.7
171211,4944,57400,283.8
171221,4940,56000,276.6
171231,4940,56700,280.1
171241,4940,56400,278.6
171251,4940,56700,280.1
171261,4940,56500,279.1
171271,4940,55800,275.7
171281,4940,57400,283.6
171291,4940,55800,275.7
171301,4940,57400,283.6
171311,4940,55800,275.7
171321,4940,57300,283.1
171331,4940,55800,275.7
171341,4940,57300,283.1
171351,4940,55800,275.7
171361,4944,57400,283.8
171371,4940,55800,275.7
171381,4940,57400,283.6
171391,4940,55800,275.7
171401,4940,56700,280.1
171411,4940,56500,279.1
171421,4940,56700,280.1
171431,4940,56400,278.6
171441,4940,56800,280.6
171451,4940,56500,279.1
171461,4940,55800,275.7
171472,4940,57400,283.6
171481,4940,55800,275.7
171491,4860,153700,747.0
171501,4940,55800,275.7
171511,4940,57400,283.6
171521,4940,55700,275.2
171531,4944,57400,283.8
171541,4940,55800,275.7
171551,4944,57400,283.8
171561,4940,55800,275.7
171571,4940,57400,283.6
171581,4940,56000,276.6
171591,4940,56800,280.6
171601,4940,56400,278.6
171611,4940,56800,280.6
171621,4940,56400,278.6
171631,4940,55800,275.7
171641,4940,57400,283.6
171651,4940,55700,275.2
171661,4940,57400,283.6
171671,4940,55800,275.7
171681,4940,57400,283.6
171691,4940,55800,275.7
171701,4940,57400,283.6
171711,4940,55800,275.7
171721,4944,57300,283.3
171731,4940,55800,275.7
171741,4940,57400,283.6
171751,4940,55700,275.2
171761,4940,56800,280.6
171771,4940,56500,279.1
171781,4940,56800,280.6
171791,4940,56400,278.6
171801,4940,56700,280.1
171811,4940,56500,279.1
171821,4940,55800,275.7
171831,4944,57400,283.8
171841,4940,55800,275.7
171851,4940,57400,283.6
171861,4940,55800,275.7
171871,4940,57300,283.1
171881,4940,55800,275.7
171891,4940,57300,283.1
171901,4940,55800,275.7
171911,4944,57400,283.8
171921,4940,55800,275.7
171931,4940,57400,283.6
171941,4940,56000,276.6
171951,4940,56700,280.1
171961,4940,56400,278.6
171971,4940,56700,280.1
171981,4940,56500,279.1
171991,4940,55800,275.7
172001,4816,142400,685.8
172011,4940,55800,275.7
172021,4944,57400,283.8
172031,4940,55800,275.7
172041,4940,57400,283.6
172051,4940,55800,275.7
172061,4940,57400,283.6
172071,4940,55700,275.2
172081,4944,57400,283.8
172091,4940,55800,275.7
172101,4940,57400,283.6
172111,4940,55800,275.7
172121,4940,56700,280.1
172131,4940,56500,279.1
172141,4940,56700,280.1
172151,4940,56400,278.6
172161,4940,56800,280.6
172171,4940,56400,278.6
172181,4940,55800,275.7
172191,4940,57400,283.6
172201,4940,55800,275.7
172211,4944,57400,283.8
172221,4940,55700,275.2
172231,4940,57400,283.6
172241,4940,55800,275.7
172251,4944,57400,283.8
172261,4940,55700,275.2
172271,4944,57300,283.3
172281,4940,55800,275.7
172291,4944,57400,283.8
172301,4940,55900,276.1
172311,4940,56800,280.6
172321,4940,56400,278.6
172331,4940,56700,280.1
172341,4940,56400,278.6
172351,4940,55800,275.7
172361,4940,57400,283.6
172371,4940,55800,275.7
172381,4944,57400,283.8
172391,4940,55800,275.7
172401,4940,57300,283.1
172411,4940,55800,275.7
172421,4944,57300,283.3
172431,4940,55800,275.7
172441,4940,57400,283.6
172451,4940,55800,275.7
172461,4940,57300,283.1
172471,4940,55700,275.2
172481,4940,56700,280.1
172491,4940,56300,278.1
172501,4796,142400,683.0
172511,4940,56500,279.1
172521,4940,56700,280.1
172531,4940,56400,278.6
172541,4940,55800,275.7
172551,4940,57400,283.6
172561,4940,55800,275.7
172571,4944,57400,283.8
172581,4940,55900,276.1
172591,4940,57300,283.1
172601,4940,55800,275.7
172611,4944,57400,283.8
172621,4940,55800,275.7
172631,4940,57400,283.6
172641,4940,55800,275.7
172651,4940,57400,283.6
172661,4936,55900,275.9
172671,4940,56700,280.1
172681,4940,56400,278.6
172691,4940,56700,280.1
172701,4940,56400,278.6
172711,4940,56000,276.6
172721,4940,57400,283.6
172731,4940,55800,275.7
172741,4940,57300,283.1
172751,4944,55700,275.4
172761,4940,57400,283.6
172771,4940,55700,275.2
172781,4940,57400,283.6
172791,4940,55700,275.2
172801,4940,57400,283.6
172811,4940,55800,275.7
172821,4940,57400,283.6
172831,4940,55700,275.2
172841,4944,56600,279.8
172851,4940,56500,279.1
172861,4940,56800,280.6
172871,4940,56400,278.6
172881,4940,56800,280.6
172891,4940,56400,278.6
172901,4940,55800,275.7
172911,4940,57400,283.6
172921,4940,55700,275.2
172931,4944,57400,283.8
172941,4940,55700,275.2
172951,4940,57300,283.1
172961,4940,55700,275.2
172971,4944,57300,283.3
172981,4940,55800,275.7
172991,4944,57300,283.3
173001,4940,55800,275.7
173011,4776,134800,643.8
173021,4940,55700,275.2
173031,4940,56700,280.1
173041,4940,56400,278.6
173051,4940,56800,280.6
173061,4940,56400,278.6
173071,4940,56100,277.1
173081,4940,57400,283.6
173091,4940,55800,275.7
173101,4940,57400,283.6
173112,4940,55800,275.7
173121,4940,57300,283.1
173131,4940,55800,275.7
173141,4940,57300,283.1
173151,4940,55800,275.7
173161,4940,57300,283.1
173171,4940,55800,275.7
173181,4940,57400,283.6
173191,4940,55800,275.7
173201,4944,56700,280.3
173211,4940,56500,279.1
173221,4940,56700,280.1
173231,4940,56500,279.1
173241,4940,56700,280.1
173251,4940,56400,278.6
173261,4940,55800,275.7
173271,4940,57400,283.6
173281,4940,55800,275.7
173291,4944,57300,283.3
173301,4940,55700,275.2
173311,4940,57400,283.6
173321,4940,55800,275.7
173331,4940,57400,283.6
173341,4940,55700,275.2
173351,4944,57300,283.3
173361,4940,55800,275.7
173371,4940,57400,283.6
173381,4936,55800,275.4
173391,4940,56700,280.1
173401,4940,56400,278.6
173411,4940,56800,280.6
173421,4940,56400,278.6
173431,4940,56200,277.6
173441,4940,57300,283.1
173451,4940,55800,275.7
173461,4940,57400,283.6
173471,4940,55800,275.7
173481,4940,57300,283.1
173491,4940,55800,275.7
173501,4940,57400,283.6
173511,4940,55800,275.7
173521,4936,57400,283.3
173531,4940,55700,275.2
173541,4940,57300,283.1
173551,4940,55800,275.7
173561,4940,56900,281.1
173571,4940,56400,278.6
173581,4940,56700,280.1
173591,4940,56400,278.6
173601,4940,56700,280.1
173611,4940,56500,279.1
173621,4940,55800,275.7
173631,4944,57300,283.3
173641,4940,55800,275.7
173651,4944,57400,283.8
173661,4940,55800,275.7
173671,4944,57400,283.8
173681,4940,55800,275.7
173691,4940,57300,283.1
173701,4940,55800,275.7
173711,4940,57400,283.6
173721,4940,55800,275.7
173731,4940,57300,283.1
173741,4940,55700,275.2
173751,4940,56800,280.6
173761,4940,56400,278.6
173771,4940,56700,280.1
173781,4940,56500,279.1
173791,4940,56400,278.6
173801,4940,57200,282.6
173811,4940,55800,275.7
173821,4940,57400,283.6
173831,4940,55800,275.7
173841,4944,57400,283.8
173851,4940,55800,275.7
173861,4940,57400,283.6
173871,4940,55800,275.7
173881,4940,57500,284.1
173891,4940,55700,275.2
173901,4940,57400,283.6
173911,4940,55800,275.7
173921,4944,56900,281.3
173931,4940,56500,279.1
173941,4940,56700,280.1
173951,4940,56400,278.6
173961,4940,56700,280.1
173971,4940,56400,278.6
173981,4940,55800,275.7
173991,4944,57400,283.8
174001,4940,55700,275.2
174011,4940,57400,283.6
174021,4936,55800,275.4
174031,4944,57400,283.8
174041,4940,55800,275.7
174051,4944,57400,283.8
174061,4940,55800,275.7
174071,4940,57400,283.6
174081,4940,55800,275.7
174091,4940,57400,283.6
174101,4940,55800,275.7
174111,4940,56700,280.1
174121,4940,56500,279.1
174131,4940,56700,280.1
174141,4940,56500,279.1
174151,4940,56500,279.1
174161,4940,57100,282.1
174171,4940,55800,275.7
174181,4940,57400,283.6
174191,4940,55800,275.7
174201,4944,56600,279.8
174211,4940,55500,274.2
174221,4944,56600,279.8
174231,4940,55600,274.7
174241,4944,56600,279.8
174251,4940,55600,274.7
174261,4940,56700,280.1
174271,4940,55700,275.2
174281,4944,56300,278.3
174291,4940,56200,277.6
# summary, ms_total=174295, adv_count=349, E_total_mJ=49937.973, subject=uccs_d4b_scan90
# diag, samples=17429, rate_hz=100.00, mean_v=4.938, mean_i=58.057, mean_p_mW=286.5, parse_drop=0
