ms,mV,uA,p_mW
# meta, firmware=TXSD_UCCS_D4B_SCAN90, cond_id=1, tag=s4_fixed100, subject=uccs_d4b_scan90
11,4932,55900,275.7
21,4936,57500,283.8
31,4932,55900,275.7
41,4936,57500,283.8
51,4932,55900,275.7
61,4932,57500,283.6
71,4932,55800,275.2
81,4936,57400,283.3
91,4932,55900,275.7
101,4804,143900,691.3
111,4932,55900,275.7
121,4936,57500,283.8
131,4932,55800,275.2
141,4936,56800,280.4
151,4932,56600,279.2
161,4932,56800,280.1
171,4932,56500,278.7
181,4932,56800,280.1
191,4932,56400,278.2
201,4804,141400,679.3
211,4788,58300,279.1
221,4928,55900,275.5
231,4936,57500,283.8
241,4936,55900,275.9
251,4936,57500,283.8
261,4932,55900,275.7
271,4936,57500,283.8
281,4932,55800,275.2
291,4932,57400,283.1
301,4932,55900,275.7
311,4804,144000,691.8
321,4932,55900,275.7
331,4936,57200,282.3
341,4932,56500,278.7
351,4932,56900,280.6
361,4936,56500,278.9
371,4932,56900,280.6
381,4932,56500,278.7
391,4932,55800,275.2
401,4932,57500,283.6
411,4932,55800,275.2
421,4800,142900,685.9
431,4932,56000,276.2
441,4936,57400,283.3
451,4932,55800,275.2
461,4936,57400,283.3
471,4932,55800,275.2
481,4932,57500,283.6
491,4932,55900,275.7
501,4936,57500,283.8
511,4932,55800,275.2
521,4936,57400,283.3
531,4812,133600,642.9
541,4932,56800,280.1
551,4932,56600,279.2
561,4932,56800,280.1
571,4932,56500,278.7
581,4932,56100,276.7
591,4932,57500,283.6
601,4932,55900,275.7
611,4932,57500,283.6
621,4932,55800,275.2
631,4912,156400,768.2
641,4932,55900,275.7
651,4936,57600,284.3
661,4932,55900,275.7
671,4936,57500,283.8
681,4932,55900,275.7
691,4936,57400,283.3
701,4932,55900,275.7
711,4936,57400,283.3
721,4932,55900,275.7
731,4936,56800,280.4
741,4756,79500,378.1
751,4932,56900,280.6
761,4932,56500,278.7
771,4932,56500,278.7
781,4936,57300,282.8
791,4932,55800,275.2
801,4932,57600,284.1
811,4932,55900,275.7
821,4936,57500,283.8
831,4932,55900,275.7
841,4820,209600,1010.3
851,4932,56000,276.2
861,4932,57500,283.6
871,4932,55900,275.7
881,4932,57500,283.6
891,4932,55900,275.7
901,4936,57500,283.8
911,4932,55900,275.7
921,4932,56800,280.1
931,4932,56500,278.7
941,4932,56800,280.1
951,4808,131300,631.3
961,4936,56800,280.4
971,4932,56900,280.6
981,4932,55900,275.7
991,4932,57500,283.6
1001,4932,55900,275.7
1011,4936,57500,283.8
1021,4932,55900,275.7
1031,4936,57500,283.8
1041,4932,55900,275.7
1051,4804,139100,668.2
1061,4932,55800,275.2
1071,4936,57500,283.8
1081,4932,55900,275.7
1091,4936,57500,283.8
1101,4932,55900,275.7
1111,4932,56900,280.6
1121,4932,56500,278.7
1131,4932,56800,280.1
1141,4932,56600,279.2
1151,4800,143900,690.7
1161,4932,56600,279.2
1171,4932,55900,275.7
1181,4936,57500,283.8
1191,4932,55900,275.7
1201,4936,57500,283.8
1211,4932,55800,275.2
1221,4936,57400,283.3
1231,4932,55900,275.7
1241,4936,57500,283.8
1251,4932,55900,275.7
1261,4812,197200,948.9
1271,4932,55900,275.7
1281,4936,57500,283.8
1291,4932,55900,275.7
1301,4932,56800,280.1
1311,4932,56500,278.7
1321,4932,56900,280.6
1331,4932,56500,278.7
1341,4936,56900,280.9
1351,4932,56600,279.2
1361,4720,138400,653.2
1371,4936,57500,283.8
1381,4932,55900,275.7
1391,4936,57500,283.8
1401,4932,55900,275.7
1411,4932,57500,283.6
1421,4932,55900,275.7
1431,4936,57400,283.3
1441,4932,55900,275.7
1451,4936,57500,283.8
1461,4928,87700,432.2
1471,4936,57400,283.3
1481,4932,55900,275.7
1491,4936,56800,280.4
1501,4932,56600,279.2
1511,4932,56900,280.6
1521,4932,56500,278.7
1531,4932,56800,280.1
1541,4932,56600,279.2
1551,4932,55900,275.7
1561,4932,57400,283.1
1571,4804,141200,678.3
1581,4936,57500,283.8
1591,4932,55900,275.7
1601,4936,57500,283.8
1611,4932,55900,275.7
1621,4936,57500,283.8
1631,4932,55900,275.7
1641,4936,57400,283.3
1651,4932,55900,275.7
1661,4936,57500,283.8
1671,4928,96800,477.0
1681,4932,57200,282.1
1691,4932,56600,279.2
1701,4932,56900,280.6
1711,4936,56500,278.9
1721,4932,56800,280.1
1731,4932,56600,279.2
1741,4932,55900,275.7
1751,4932,57500,283.6
1761,4932,55800,275.2
1771,4936,57500,283.8
1781,4932,55900,275.7
1791,4936,57500,283.8
1801,4932,55900,275.7
1811,4932,57500,283.6
1821,4932,55900,275.7
1831,4936,57500,283.8
1842,4932,55900,275.7
1851,4932,57500,283.6
1861,4932,55900,275.7
1871,4936,57100,281.8
1881,4816,170700,822.1
1891,4932,56900,280.6
1901,4932,56600,279.2
1911,4936,56900,280.9
1921,4932,56500,278.7
1931,4932,55900,275.7
1941,4932,57400,283.1
1951,4932,55900,275.7
1961,4936,57500,283.8
1971,4932,55900,275.7
1981,4916,155400,763.9
1991,4932,55900,275.7
2001,4936,57500,283.8
2011,4932,55800,275.2
2021,4936,57500,283.8
2031,4932,55900,275.7
2041,4936,57400,283.3
2051,4932,55900,275.7
2061,4936,56900,280.9
2071,4932,56600,279.2
2081,4936,56900,280.9
2091,4932,124300,613.0
2101,4936,56900,280.9
2111,4932,56800,280.1
2121,4932,55900,275.7
2131,4936,57500,283.8
2141,4932,55900,275.7
2151,4936,57500,283.8
2161,4932,55900,275.7
2171,4936,57500,283.8
2181,4932,55900,275.7
2191,4936,57500,283.8
2201,4684,125000,585.5
2211,4932,57500,283.6
2221,4932,55900,275.7
2231,4936,57500,283.8
2241,4932,55900,275.7
2251,4932,56900,280.6
2261,4932,56500,278.7
2271,4936,56800,280.4
2281,4932,56500,278.7
2291,4932,56000,276.2
2301,4808,145100,697.6
2311,4932,55800,275.2
2321,4932,57600,284.1
2331,4932,55900,275.7
2341,4936,57500,283.8
2351,4932,55900,275.7
2361,4936,57400,283.3
2371,4932,55900,275.7
2381,4936,57500,283.8
2391,4932,55900,275.7
2401,4808,142800,686.6
2411,4932,55900,275.7
2421,4936,56900,280.9
2431,4932,56600,279.2
2441,4932,56800,280.1
2451,4932,56600,279.2
2461,4932,56800,280.1
2471,4932,56500,278.7
2481,4932,55900,275.7
2491,4932,57500,283.6
2501,4932,55900,275.7
2511,4776,177100,845.8
2521,4932,56000,276.2
2531,4932,57500,283.6
2541,4932,55900,275.7
2551,4936,57500,283.8
2561,4932,55900,275.7
2571,4932,57400,283.1
2581,4932,55900,275.7
2591,4936,57500,283.8
2601,4932,55900,275.7
2611,4932,56800,280.1
2621,4804,201000,965.6
2631,4936,56800,280.4
2641,4932,56500,278.7
2651,4932,56700,279.6
2661,4932,57100,281.6
2671,4932,55800,275.2
2681,4936,57500,283.8
2691,4932,55900,275.7
2701,4936,57500,283.8
2711,4932,55800,275.2
2721,4936,57500,283.8
2731,4708,133500,628.5
2741,4932,57500,283.6
2751,4932,55900,275.7
2761,4932,57500,283.6
2771,4932,55900,275.7
2781,4936,57400,283.3
2791,4932,56300,277.7
2801,4932,56900,280.6
2811,4932,56500,278.7
2821,4932,56900,280.6
2831,4800,145700,699.4
2841,4932,55900,275.7
2851,4932,57500,283.6
2861,4932,55900,275.7
2871,4936,57500,283.8
2881,4932,55900,275.7
2891,4936,57400,283.3
2901,4932,55900,275.7
2911,4936,57500,283.8
2921,4932,55900,275.7
2931,4936,57500,283.8
2941,4804,207300,995.9
2951,4932,57500,283.6
2961,4932,55900,275.7
2971,4936,56800,280.4
2981,4932,56500,278.7
2991,4936,56900,280.9
3001,4936,56600,279.4
3011,4932,56700,279.6
3021,4932,56600,279.2
3031,4932,55800,275.2
3041,4932,141500,697.9
3051,4932,55900,275.7
3061,4936,57500,283.8
3071,4932,55900,275.7
3081,4936,57500,283.8
3091,4932,55800,275.2
3101,4936,57500,283.8
3111,4932,55900,275.7
3121,4936,57600,284.3
3131,4932,55900,275.7
3141,4936,57500,283.8
3151,4804,136400,655.3
3161,4932,56800,280.1
3171,4936,56600,279.4
3181,4936,56800,280.4
3191,4932,56600,279.2
3201,4936,56300,277.9
3211,4932,57400,283.1
3221,4932,55900,275.7
3231,4936,57500,283.8
3241,4932,55900,275.7
3251,4920,151600,745.9
3261,4932,55900,275.7
3271,4936,57500,283.8
3281,4932,55800,275.2
3291,4932,57500,283.6
3301,4932,55900,275.7
3311,4936,57500,283.8
3321,4932,55900,275.7
3331,4932,57100,281.6
3341,4932,56600,279.2
3351,4932,56900,280.6
3361,4800,139400,669.1
3371,4932,56900,280.6
3381,4932,56600,279.2
3391,4932,55900,275.7
3401,4936,57500,283.8
3411,4932,55900,275.7
3421,4936,57500,283.8
3431,4932,55900,275.7
3441,4936,57500,283.8
3451,4932,55800,275.2
3461,4936,57400,283.3
3471,4776,133600,638.1
3481,4936,57500,283.8
3491,4932,55900,275.7
3501,4936,57500,283.8
3511,4932,55900,275.7
3521,4936,56800,280.4
3531,4932,56500,278.7
3541,4936,56800,280.4
3551,4932,56600,279.2
3561,4932,56800,280.1
3571,4932,56800,280.1
3581,4920,55800,274.5
3591,4936,57500,283.8
3601,4932,55900,275.7
3612,4936,57500,283.8
3621,4932,55900,275.7
3631,4932,57400,283.1
3641,4932,55900,275.7
3651,4936,57500,283.8
3661,4932,55800,275.2
3671,4936,57500,283.8
3681,4928,85800,422.8
3691,4932,57400,283.1
3701,4932,56000,276.2
3711,4932,56800,280.1
3721,4932,56500,278.7
3731,4932,56800,280.1
3741,4932,56500,278.7
3751,4932,56000,276.2
3761,4932,57500,283.6
3771,4932,55800,275.2
3781,4936,57400,283.3
3791,4772,133500,637.1
3801,4936,57500,283.8
3811,4932,55800,275.2
3821,4936,57600,284.3
3831,4932,55900,275.7
3841,4932,57500,283.6
3851,4932,55800,275.2
3861,4936,57500,283.8
3871,4932,55900,275.7
3881,4936,56800,280.4
3891,4816,162100,780.7
3901,4932,56800,280.1
3911,4932,56600,279.2
3921,4932,56900,280.6
3931,4932,56600,279.2
3941,4932,55900,275.7
3951,4932,57500,283.6
3961,4932,55800,275.2
3971,4936,57600,284.3
3981,4932,55900,275.7
3991,4936,57400,283.3
4001,4732,135000,638.8
4011,4936,57500,283.8
4021,4932,55800,275.2
4031,4936,57500,283.8
4041,4932,55900,275.7
4051,4936,57400,283.3
4061,4932,55900,275.7
4071,4932,56900,280.6
4081,4932,56500,278.7
4091,4932,56800,280.1
4101,4808,187800,902.9
4111,4932,56700,279.6
4121,4932,57100,281.6
4131,4932,55900,275.7
4141,4932,57400,283.1
4151,4932,55900,275.7
4161,4932,57500,283.6
4171,4932,55900,275.7
4181,4936,57500,283.8
4191,4932,55900,275.7
4201,4804,142700,685.5
4211,4932,55900,275.7
4221,4932,57500,283.6
4231,4932,55900,275.7
4241,4936,57400,283.3
4251,4932,56200,277.2
4261,4932,56800,280.1
4271,4932,56600,279.2
4281,4932,56800,280.1
4291,4932,56500,278.7
4301,4800,141000,676.8
4311,4932,57500,283.6
4321,4932,55900,275.7
4331,4936,57500,283.8
4341,4932,55900,275.7
4351,4936,57400,283.3
4361,4932,55900,275.7
4371,4936,57500,283.8
4381,4932,55800,275.2
4391,4936,57400,283.3
4401,4932,55900,275.7
4411,4808,202500,973.6
4421,4932,55900,275.7
4431,4936,56800,280.4
4441,4932,56600,279.2
4451,4936,56900,280.9
4461,4932,56500,278.7
4471,4932,56800,280.1
4481,4932,56600,279.2
4491,4932,55900,275.7
4501,4936,57500,283.8
4511,4716,172400,813.0
4521,4936,57500,283.8
4531,4932,55900,275.7
4541,4936,57500,283.8
4551,4932,55900,275.7
4561,4936,57500,283.8
4571,4932,55800,275.2
4581,4936,57400,283.3
4591,4932,55800,275.2
4601,4936,57500,283.8
4611,4804,142800,686.0
4621,4936,56900,280.9
4631,4932,56500,278.7
4641,4932,56800,280.1
4651,4932,56500,278.7
4661,4932,56400,278.2
4671,4936,57400,283.3
4681,4932,55900,275.7
4691,4936,57500,283.8
4701,4932,55900,275.7
4711,4936,57500,283.8
4721,4700,138200,649.5
4731,4932,57600,284.1
4741,4932,55800,275.2
4751,4936,57500,283.8
4761,4932,55800,275.2
4771,4936,57500,283.8
4781,4932,55900,275.7
4791,4936,57300,282.8
4801,4932,56500,278.7
4811,4932,56800,280.1
4821,4804,201200,966.6
4831,4932,56800,280.1
4841,4936,56500,278.9
4851,4932,55900,275.7
4861,4936,57500,283.8
4871,4932,56000,276.2
4881,4936,57400,283.3
4891,4932,55900,275.7
4901,4936,57500,283.8
4911,4932,55900,275.7
4921,4804,141900,681.7
4931,4932,55900,275.7
4941,4936,57400,283.3
4951,4932,55900,275.7
4961,4936,57500,283.8
4971,4932,55900,275.7
4981,4936,56800,280.4
4991,4932,56500,278.7
5001,4932,56800,280.1
5011,4932,56500,278.7
5021,4932,56800,280.1
5031,4808,207200,996.2
5041,4932,55900,275.7
5051,4936,57500,283.8
5061,4932,55900,275.7
5071,4936,57500,283.8
5081,4932,55800,275.2
5091,4936,57500,283.8
5101,4932,55800,275.2
5111,4936,57500,283.8
5121,4932,55800,275.2
5131,4936,57400,283.3
5141,4808,132300,636.1
5151,4932,57500,283.6
5161,4932,55900,275.7
5171,4932,56900,280.6
5181,4936,56500,278.9
5191,4936,56800,280.4
5201,4932,56500,278.7
5211,4932,56100,276.7
5221,4932,57500,283.6
5231,4932,55900,275.7
5241,4932,140400,692.5
5251,4932,55900,275.7
5261,4936,57500,283.8
5271,4932,55900,275.7
5281,4936,57500,283.8
5291,4932,55800,275.2
5301,4936,57400,283.3
5311,4932,55900,275.7
5321,4936,57500,283.8
5331,4932,55900,275.7
5341,4936,57000,281.4
5351,4800,138200,663.4
5361,4932,56800,280.1
5371,4932,56600,279.2
5385,4932,55900,275.7
5391,4932,56500,278.7
5401,4932,55900,275.7
5411,4932,57500,283.6
5421,4932,55900,275.7
5431,4936,57500,283.8
5441,4932,55900,275.7
5451,4932,57500,283.6
5461,4744,134200,636.6
5471,4932,57500,283.6
5481,4932,55900,275.7
5491,4936,57500,283.8
5501,4932,55800,275.2
5511,4936,57400,283.3
5521,4932,55800,275.2
5531,4932,56900,280.6
5541,4932,56500,278.7
5551,4932,56800,280.1
5561,4936,56500,278.9
5571,4932,56900,280.6
5581,4932,56900,280.6
5591,4932,55900,275.7
5601,4932,57500,283.6
5611,4932,55900,275.7
5621,4936,57500,283.8
5631,4932,55900,275.7
5641,4932,57400,283.1
5651,4932,55900,275.7
5661,4936,57500,283.8
5671,4928,74300,366.2
5681,4936,57500,283.8
5691,4932,55900,275.7
5701,4936,57500,283.8
5711,4932,56100,276.7
5721,4932,56800,280.1
5731,4932,56500,278.7
5741,4932,56800,280.1
5751,4936,56600,279.4
5761,4932,55900,275.7
5771,4932,57500,283.6
5781,4800,141600,679.7
5791,4936,57500,283.8
5801,4932,55900,275.7
5811,4936,57500,283.8
5821,4932,55900,275.7
5831,4936,57500,283.8
5841,4932,55900,275.7
5851,4936,57500,283.8
5861,4932,55900,275.7
5871,4936,57600,284.3
5881,4932,55800,275.2
5891,4700,133000,625.1
5901,4932,56500,278.7
5911,4932,56900,280.6
5921,4932,56600,279.2
5931,4932,56800,280.1
5941,4932,56500,278.7
5951,4932,55900,275.7
5961,4936,57400,283.3
5971,4932,56000,276.2
5981,4936,57400,283.3
5991,4800,145100,696.5
6001,4936,57500,283.8
6011,4932,55900,275.7
6021,4936,57500,283.8
6031,4932,55900,275.7
6041,4936,57500,283.8
6051,4932,55900,275.7
6061,4936,57400,283.3
6071,4932,55900,275.7
6081,4936,56800,280.4
6091,4936,56500,278.9
6101,4796,141900,680.6
6111,4932,56600,279.2
6121,4932,56600,279.2
6131,4932,57300,282.6
6141,4932,55900,275.7
6151,4936,57400,283.3
6161,4932,55900,275.7
6171,4936,57600,284.3
6181,4932,55900,275.7
6191,4936,57500,283.8
6201,4932,55900,275.7
6211,4800,142700,685.0
6221,4932,55900,275.7
6231,4936,57500,283.8
6241,4932,55900,275.7
6251,4936,57300,282.8
6261,4932,56400,278.2
6271,4932,56800,280.1
6281,4932,56500,278.7
6291,4932,56900,280.6
6301,4932,56500,278.7
6311,4832,150900,729.1
6321,4936,57500,283.8
6331,4932,55900,275.7
6341,4936,57400,283.3
6351,4932,55800,275.2
6361,4932,57500,283.6
6371,4932,55800,275.2
6381,4932,57500,283.6
6391,4932,55900,275.7
6401,4936,57500,283.8
6411,4932,55800,275.2
6421,4932,57500,283.6
6431,4932,55800,275.2
6441,4932,56800,280.1
6451,4932,56600,279.2
6461,4932,56800,280.1
6471,4932,56500,278.7
6481,4932,56800,280.1
6491,4932,56600,279.2
6501,4932,55800,275.2
6511,4936,57500,283.8
6521,4920,56000,275.5
6531,4936,57500,283.8
6541,4932,55900,275.7
6551,4932,57500,283.6
6561,4932,55900,275.7
6571,4936,57500,283.8
6581,4932,55900,275.7
6591,4936,57400,283.3
6601,4932,55900,275.7
6611,4936,57500,283.8
6621,4804,143200,687.9
6631,4932,56800,280.1
6641,4932,56600,279.2
6651,4932,56800,280.1
6661,4932,56500,278.7
6671,4932,56200,277.2
6681,4932,57500,283.6
6691,4932,55900,275.7
6701,4936,57500,283.8
6711,4932,55900,275.7
6721,4936,57500,283.8
6731,4804,142500,684.6
6741,4932,57500,283.6
6751,4932,55900,275.7
6761,4936,57500,283.8
6771,4932,55900,275.7
6781,4936,57500,283.8
6791,4932,55900,275.7
6801,4936,57000,281.4
6811,4932,56600,279.2
6821,4932,56900,280.6
6831,4932,56500,278.7
6841,4932,56800,280.1
6851,4932,56600,279.2
6861,4936,55900,275.9
6871,4932,57500,283.6
6881,4932,55800,275.2
6891,4936,57500,283.8
6901,4932,55900,275.7
6911,4936,57500,283.8
6921,4932,55900,275.7
6931,4932,57400,283.1
6941,4928,68900,339.5
6951,4936,57500,283.8
6961,4932,55900,275.7
6971,4936,57600,284.3
6981,4932,55900,275.7
6991,4936,56900,280.9
7001,4932,56600,279.2
7011,4936,56800,280.4
7021,4936,56600,279.4
7031,4932,56700,279.6
7041,4932,57000,281.1
7051,4796,141300,677.7
7061,4932,57500,283.6
7071,4932,55900,275.7
7081,4936,57500,283.8
7091,4932,55900,275.7
7101,4936,57500,283.8
7111,4932,55900,275.7
7121,4936,57500,283.8
7131,4932,55900,275.7
7141,4936,57500,283.8
7151,4932,55900,275.7
7162,4792,185400,888.4
7171,4932,56100,276.7
7181,4936,56800,280.4
7191,4932,56500,278.7
7201,4936,56900,280.9
7211,4932,56500,278.7
7221,4936,55900,275.9
7231,4932,57400,283.1
7241,4932,55900,275.7
7251,4936,57500,283.8
7261,4932,55800,275.2
7271,4792,59100,283.2
7281,4932,55900,275.7
7291,4936,57500,283.8
7301,4932,55900,275.7
7311,4936,57500,283.8
7321,4932,55900,275.7
7331,4936,57400,283.3
7341,4932,55900,275.7
7351,4936,56800,280.4
7361,4932,56500,278.7
7371,4704,133100,626.1
7381,4932,56500,278.7
7391,4936,56900,280.9
7401,4932,56500,278.7
7411,4932,55800,275.2
7421,4936,57500,283.8
7431,4932,55900,275.7
7441,4936,57500,283.8
7451,4932,55900,275.7
7461,4936,57400,283.3
7471,4796,62300,298.8
7481,4932,57500,283.6
7491,4932,55900,275.7
7501,4936,57500,283.8
7511,4932,55800,275.2
7521,4936,57500,283.8
7531,4932,55900,275.7
7541,4936,56900,280.9
7551,4932,56600,279.2
7561,4936,56800,280.4
7571,4932,56600,279.2
7581,4812,212800,1024.0
7591,4932,57200,282.1
7601,4932,55900,275.7
7611,4932,57500,283.6
7621,4932,55800,275.2
7631,4932,57400,283.1
7641,4932,55900,275.7
7651,4932,57500,283.6
7661,4932,55900,275.7
7671,4932,57500,283.6
7681,4812,134700,648.2
7691,4936,57500,283.8
7701,4932,55900,275.7
7711,4936,57400,283.3
7721,4932,56400,278.2
7731,4932,56800,280.1
7741,4932,56500,278.7
7751,4932,56800,280.1
7761,4936,56500,278.9
7771,4932,55900,275.7
7781,4936,57500,283.8
7791,4932,55900,275.7
7801,4936,57500,283.8
7811,4932,55900,275.7
7821,4936,57500,283.8
7831,4932,55900,275.7
7841,4932,57500,283.6
7851,4932,55900,275.7
7861,4936,57500,283.8
7871,4932,55900,275.7
7881,4936,57500,283.8
7891,4932,55900,275.7
7901,4936,56800,280.4
7911,4932,56400,278.2
7921,4932,56800,280.1
7931,4932,56500,278.7
7941,4932,56900,280.6
7951,4936,56500,278.9
7961,4932,55900,275.7
7971,4936,57500,283.8
7981,4932,55900,275.7
7991,4936,57500,283.8
8001,4692,168300,789.7
8011,4936,57400,283.3
8021,4932,55800,275.2
8031,4936,57400,283.3
8041,4932,55900,275.7
8051,4936,57500,283.8
8061,4932,55900,275.7
8071,4936,57500,283.8
8081,4932,55900,275.7
8091,4932,56800,280.1
8101,4804,141500,679.8
8111,4932,56800,280.1
8121,4932,56600,279.2
8131,4932,56300,277.7
8141,4932,57500,283.6
8151,4932,55900,275.7
8161,4936,57400,283.3
8171,4932,55900,275.7
8181,4936,57500,283.8
8191,4932,55900,275.7
8201,4804,144000,691.8
8211,4932,55900,275.7
8221,4936,57500,283.8
8231,4932,56000,276.2
8241,4936,57500,283.8
8251,4932,55900,275.7
8261,4936,57100,281.8
8271,4932,56600,279.2
8281,4932,56800,280.1
8291,4932,56600,279.2
8301,4932,56800,280.1
8311,4816,171900,827.9
8321,4932,56000,276.2
8331,4932,57500,283.6
8341,4932,55900,275.7
8351,4932,57500,283.6
8361,4932,55900,275.7
8371,4936,57500,283.8
8381,4932,55900,275.7
8391,4936,57500,283.8
8401,4932,55900,275.7
8411,4812,208300,1002.3
8421,4932,55900,275.7
8431,4932,57500,283.6
8441,4932,55900,275.7
8451,4932,56900,280.6
8461,4932,56500,278.7
8471,4932,56900,280.6
8481,4932,56600,279.2
8491,4932,56800,280.1
8501,4936,56800,280.4
8511,4932,55900,275.7
8521,4812,133700,643.4
8531,4932,55900,275.7
8541,4932,57500,283.6
8551,4932,55900,275.7
8561,4936,57500,283.8
8571,4932,55900,275.7
8581,4936,57500,283.8
8591,4932,56000,276.2
8601,4936,57500,283.8
8611,4932,55900,275.7
8621,4804,142900,686.5
8631,4932,56000,276.2
8641,4932,56800,280.1
8651,4932,56500,278.7
8661,4932,56800,280.1
8671,4932,56600,279.2
8681,4932,55900,275.7
8691,4932,57500,283.6
8701,4932,55900,275.7
8711,4936,57500,283.8
8721,4812,56000,269.5
8731,4936,57500,283.8
8741,4932,56000,276.2
8751,4936,57500,283.8
8761,4932,55900,275.7
8771,4936,57600,284.3
8781,4932,55900,275.7
8791,4932,57600,284.1
8801,4932,55900,275.7
8811,4936,56800,280.4
8821,4932,56600,279.2
8831,4804,143300,688.4
8841,4932,56600,279.2
8851,4932,56900,280.6
8861,4932,56600,279.2
8871,4932,55900,275.7
8881,4936,57400,283.3
8891,4932,55900,275.7
8901,4936,57500,283.8
8911,4932,55900,275.7
8921,4936,57500,283.8
8931,4932,55900,275.7
8942,4804,203200,976.2
8951,4932,55900,275.7
8961,4936,57500,283.8
8971,4932,55900,275.7
8981,4936,57500,283.8
8991,4932,55900,275.7
9001,4936,56900,280.9
9011,4932,56600,279.2
9021,4932,56900,280.6
9031,4932,56500,278.7
9041,4932,56700,279.6
9051,4808,178800,859.7
9061,4932,55900,275.7
9071,4936,57500,283.8
9081,4932,56000,276.2
9091,4932,57500,283.6
9101,4932,56000,276.2
9111,4936,57500,283.8
9121,4932,55900,275.7
9131,4936,57500,283.8
9141,4932,55900,275.7
9151,4936,57400,283.3
9161,4808,134100,644.8
9171,4936,57500,283.8
9181,4932,56300,277.7
9191,4936,56900,280.9
9201,4932,56600,279.2
9211,4932,56800,280.1
9221,4932,56600,279.2
9231,4932,55800,275.2
9241,4932,57500,283.6
9251,4932,55900,275.7
9261,4936,57500,283.8
9271,4932,55900,275.7
9281,4936,57500,283.8
9291,4932,55900,275.7
9301,4932,57300,282.6
9311,4932,55900,275.7
9321,4932,57500,283.6
9331,4932,55900,275.7
9341,4936,57500,283.8
9351,4932,56000,276.2
9361,4936,56700,279.9
9371,4788,142700,683.2
9381,4932,56800,280.1
9391,4932,56700,279.6
9401,4932,56900,280.6
9411,4932,56500,278.7
9421,4932,55900,275.7
9431,4936,57400,283.3
9441,4932,55900,275.7
9451,4936,57500,283.8
9461,4932,55900,275.7
9471,4932,57500,283.6
9481,4932,148400,731.9
9491,4936,57500,283.8
9501,4928,55900,275.5
9511,4936,57500,283.8
9521,4932,55900,275.7
9531,4936,57500,283.8
9541,4932,55900,275.7
9551,4932,56800,280.1
9561,4932,56500,278.7
9571,4932,56900,280.6
9581,4804,204700,983.4
9591,4932,56400,278.2
9601,4932,57400,283.1
9611,4932,55900,275.7
9621,4936,57500,283.8
9631,4932,55900,275.7
9641,4932,57500,283.6
9651,4932,55900,275.7
9661,4932,57400,283.1
9671,4932,55900,275.7
9681,4920,150800,741.9
9691,4932,55900,275.7
9701,4936,57500,283.8
9711,4932,55900,275.7
9721,4936,57200,282.3
9731,4932,56500,278.7
9741,4936,56900,280.9
9751,4932,56600,279.2
9761,4932,56900,280.6
9771,4936,56500,278.9
9781,4932,55800,275.2
9791,4804,142100,682.6
9801,4932,55900,275.7
9811,4936,57500,283.8
9821,4932,55900,275.7
9831,4936,57500,283.8
9841,4932,55900,275.7
9851,4936,57500,283.8
9861,4932,55900,275.7
9871,4936,57500,283.8
9881,4932,55900,275.7
9891,4936,57500,283.8
9901,4776,134600,642.8
9911,4936,56800,280.4
9921,4932,56500,278.7
9931,4936,56800,280.4
9941,4932,56400,278.2
9951,4936,56900,280.9
9961,4932,56700,279.6
9971,4932,55900,275.7
9981,4936,57500,283.8
9991,4932,55800,275.2
10001,4816,209400,1008.5
10011,4932,55900,275.7
10021,4936,57500,283.8
10031,4932,55900,275.7
10041,4932,57500,283.6
10051,4932,55900,275.7
10061,4936,57500,283.8
10071,4932,55900,275.7
10081,4936,57500,283.8
10091,4932,56000,276.2
10101,4932,56800,280.1
10111,4812,136800,658.3
10121,4936,56800,280.4
10131,4932,56500,278.7
10141,4932,56100,276.7
10151,4932,57500,283.6
10161,4932,55900,275.7
10171,4936,57400,283.3
10181,4932,55800,275.2
10191,4932,57500,283.6
10201,4932,55900,275.7
10211,4932,144900,714.6
10221,4932,55900,275.7
10231,4936,57500,283.8
10241,4932,55900,275.7
10251,4932,57500,283.6
10261,4932,55900,275.7
10271,4936,56900,280.9
10281,4932,56600,279.2
10291,4932,56800,280.1
10301,4932,56500,278.7
10311,4932,56900,280.6
10321,4808,165700,796.7
10331,4932,55900,275.7
10341,4932,57500,283.6
10351,4932,55900,275.7
10361,4936,57500,283.8
10371,4932,55900,275.7
10381,4936,57400,283.3
10391,4932,55900,275.7
10401,4936,57500,283.8
10411,4932,55900,275.7
10421,4760,168700,803.0
10431,4932,55900,275.7
10441,4936,57500,283.8
10451,4932,55900,275.7
10461,4932,56900,280.6
10471,4932,56600,279.2
10481,4936,56900,280.9
10491,4932,56600,279.2
10501,4932,56700,279.6
10511,4932,57100,281.6
10521,4932,56000,276.2
10531,4812,133000,640.0
10541,4932,55900,275.7
10551,4936,57500,283.8
10561,4932,55900,275.7
10571,4936,57500,283.8
10581,4932,55900,275.7
10591,4936,57500,283.8
10601,4932,55900,275.7
10611,4936,57500,283.8
10621,4932,55900,275.7
10631,4936,57400,283.3
10641,4688,128900,604.3
10651,4932,56900,280.6
10661,4932,56500,278.7
10671,4932,56800,280.1
10682,4932,57500,283.6
10691,4932,55900,275.7
10701,4932,57400,283.1
10711,4932,55900,275.7
10721,4936,57500,283.8
10731,4932,55900,275.7
10741,4816,211200,1017.1
10751,4932,55900,275.7
10761,4936,57500,283.8
10771,4932,55900,275.7
10781,4932,57500,283.6
10791,4932,55900,275.7
10801,4932,57500,283.6
10811,4932,55900,275.7
10821,4936,56700,279.9
10831,4932,56400,278.2
10841,4804,141900,681.7
10851,4932,56500,278.7
10861,4932,56900,280.6
10871,4932,56600,279.2
10881,4932,55900,275.7
10891,4932,57500,283.6
10901,4932,55900,275.7
10911,4936,57500,283.8
10921,4932,55900,275.7
10931,4936,57500,283.8
10941,4804,57500,276.2
10951,4936,57500,283.8
10961,4932,55900,275.7
10971,4936,57600,284.3
10981,4932,55900,275.7
10991,4936,57500,283.8
11001,4932,55800,275.2
11011,4932,56800,280.1
11021,4932,56600,279.2
11031,4936,56800,280.4
11041,4932,56500,278.7
11051,4704,133700,628.9
11061,4932,57400,283.1
11071,4932,55900,275.7
11081,4936,57500,283.8
11091,4932,55800,275.2
11101,4936,57500,283.8
11111,4932,55900,275.7
11121,4936,57500,283.8
11131,4932,55800,275.2
11141,4936,57600,284.3
11151,4932,55800,275.2
11161,4756,163500,777.6
11171,4932,55900,275.7
11181,4932,57200,282.1
11191,4932,56500,278.7
11201,4932,56800,280.1
11211,4932,56500,278.7
11221,4932,56800,280.1
11231,4932,56500,278.7
11241,4932,55900,275.7
11251,4932,57400,283.1
11261,4844,151900,735.8
11271,4932,57500,283.6
11281,4932,55900,275.7
11291,4932,57500,283.6
11301,4932,56000,276.2
11311,4936,57500,283.8
11321,4932,55900,275.7
11331,4936,57500,283.8
11341,4932,55900,275.7
11351,4936,57500,283.8
11361,4928,72800,358.8
11371,4932,56800,280.1
11381,4932,56500,278.7
11391,4932,56900,280.6
11401,4932,56500,278.7
11411,4932,56900,280.6
11421,4932,56800,280.1
11431,4932,55900,275.7
11441,4936,57500,283.8
11451,4932,55900,275.7
11461,4936,57500,283.8
11471,4700,136200,640.1
11481,4936,57500,283.8
11491,4932,55900,275.7
11501,4932,57500,283.6
11511,4932,55900,275.7
11521,4936,57500,283.8
11531,4936,55900,275.9
11541,4936,57500,283.8
11551,4932,55900,275.7
11561,4932,56800,280.1
11571,4932,56500,278.7
11581,4800,197200,946.6
11591,4932,56600,279.2
11601,4932,56100,276.7
11611,4932,57500,283.6
11621,4932,55800,275.2
11631,4936,57500,283.8
11641,4932,55900,275.7
11651,4936,57500,283.8
11661,4932,55800,275.2
11671,4932,57500,283.6
11681,4804,142400,684.1
11691,4936,57500,283.8
11701,4932,55800,275.2
11711,4932,57500,283.6
11721,4932,55900,275.7
11731,4936,56900,280.9
11741,4932,56600,279.2
11751,4932,56800,280.1
11761,4932,56500,278.7
11771,4932,56900,280.6
11781,4932,56500,278.7
11791,4932,56000,276.2
11801,4936,57500,283.8
11811,4932,55900,275.7
11821,4936,57500,283.8
11831,4932,55900,275.7
11841,4932,57500,283.6
11851,4932,55800,275.2
11861,4936,57500,283.8
11871,4932,55900,275.7
11881,4936,57500,283.8
11891,4816,133800,644.4
11901,4936,57500,283.8
11911,4932,55900,275.7
11921,4936,56900,280.9
11931,4932,56600,279.2
11941,4932,56900,280.6
11951,4932,56500,278.7
11961,4932,56800,280.1
11971,4932,57000,281.1
11981,4932,55900,275.7
11991,4804,141000,677.4
12001,4932,55900,275.7
12011,4932,57500,283.6
12021,4932,55900,275.7
12031,4936,57400,283.3
12041,4932,55900,275.7
12051,4936,57400,283.3
12061,4932,55900,275.7
12071,4936,57500,283.8
12081,4932,55900,275.7
12091,4932,57400,283.1
12101,4692,134600,631.5
12111,4936,56800,280.4
12121,4932,56500,278.7
12131,4932,56900,280.6
12141,4932,56600,279.2
12151,4932,55900,275.7
12161,4932,57500,283.6
12171,4932,55900,275.7
12181,4936,57500,283.8
12191,4932,55800,275.2
12201,4804,143100,687.5
12211,4932,55900,275.7
12221,4936,57500,283.8
12231,4932,55900,275.7
12241,4936,57500,283.8
12251,4932,55900,275.7
12261,4936,57500,283.8
12271,4932,55900,275.7
12281,4932,56800,280.1
12291,4932,56600,279.2
12301,4804,143000,687.0
12311,4932,56500,278.7
12321,4936,56800,280.4
12331,4932,56500,278.7
12341,4932,55900,275.7
12351,4932,57500,283.6
12361,4932,56000,276.2
12371,4936,57500,283.8
12382,4932,55900,275.7
12391,4932,57500,283.6
12401,4932,55900,275.7
12411,4812,212500,1022.5
12421,4932,55900,275.7
12431,4932,57500,283.6
12441,4932,55900,275.7
12451,4932,57500,283.6
12461,4932,55900,275.7
12471,4936,56800,280.4
12481,4932,56500,278.7
12491,4932,56800,280.1
12501,4932,56500,278.7
12511,4932,56400,278.2
12521,4812,161600,777.6
12531,4932,55900,275.7
12541,4936,57500,283.8
12551,4932,55900,275.7
12561,4936,57500,283.8
12571,4932,55800,275.2
12581,4932,57500,283.6
12591,4936,55900,275.9
12601,4936,57500,283.8
12611,4932,55900,275.7
12621,4812,206900,995.6
12631,4932,55900,275.7
12641,4936,57400,283.3
12651,4932,56500,278.7
12661,4932,56900,280.6
12671,4932,56500,278.7
12681,4932,56800,280.1
12691,4932,56500,278.7
12701,4932,55900,275.7
12711,4932,57500,283.6
12721,4808,137700,662.1
12731,4936,57500,283.8
12741,4932,55900,275.7
12751,4936,57500,283.8
12761,4932,55900,275.7
12771,4936,57500,283.8
12781,4932,55900,275.7
12791,4932,57500,283.6
12801,4932,55800,275.2
12811,4936,57500,283.8
12821,4932,55800,275.2
12831,4936,56800,280.4
12841,4932,56500,278.7
12851,4932,56900,280.6
12861,4932,56600,279.2
12871,4936,56700,279.9
12881,4932,56700,279.6
12891,4932,55900,275.7
12901,4932,57500,283.6
12911,4932,55800,275.2
12921,4936,57500,283.8
12931,4932,55900,275.7
12941,4936,57500,283.8
12951,4932,55900,275.7
12961,4936,57500,283.8
12971,4932,55800,275.2
12981,4936,57500,283.8
12991,4932,55900,275.7
13001,4936,57500,283.8
13011,4932,55900,275.7
13021,4932,56800,280.1
13031,4784,138600,663.1
13041,4932,56900,280.6
13051,4936,56500,278.9
13061,4932,56100,276.7
13071,4932,57500,283.6
13081,4932,55900,275.7
13091,4936,57400,283.3
13101,4932,55900,275.7
13111,4936,57400,283.3
13121,4932,55900,275.7
13131,4932,57500,283.6
13141,4692,137400,644.7
13151,4936,57500,283.8
13161,4932,55900,275.7
13171,4936,57500,283.8
13181,4932,55900,275.7
13191,4936,56900,280.9
13201,4932,56600,279.2
13211,4932,56900,280.6
13221,4932,56500,278.7
13231,4932,56800,280.1
13241,4812,145900,702.1
13251,4932,55900,275.7
13261,4936,57500,283.8
13271,4932,55900,275.7
13281,4932,57500,283.6
13291,4932,55900,275.7
13301,4936,57500,283.8
13311,4932,56000,276.2
13321,4936,57500,283.8
13331,4932,55800,275.2
13341,4800,142300,683.0
13351,4932,55900,275.7
13361,4936,57500,283.8
13371,4932,55900,275.7
13381,4936,56800,280.4
13391,4932,56500,278.7
13401,4932,56800,280.1
13411,4932,56700,279.6
13421,4932,56800,280.1
13431,4932,57000,281.1
13441,4808,137400,660.6
13451,4936,57500,283.8
13461,4932,55900,275.7
13471,4932,57400,283.1
13481,4932,55900,275.7
13491,4936,57500,283.8
13501,4932,55900,275.7
13511,4936,57500,283.8
13521,4932,55900,275.7
13531,4936,57400,283.3
13541,4932,55900,275.7
13551,4800,143000,686.4
13561,4932,56100,276.7
13571,4936,56900,280.9
13581,4932,56500,278.7
13591,4932,56800,280.1
13601,4932,56500,278.7
13611,4932,55900,275.7
13621,4936,57500,283.8
13631,4932,55800,275.2
13641,4936,57500,283.8
13651,4932,55900,275.7
13661,4808,134600,647.2
13671,4932,55900,275.7
13681,4936,57500,283.8
13691,4932,55900,275.7
13701,4936,57500,283.8
13711,4932,55900,275.7
13721,4936,57500,283.8
13731,4932,55900,275.7
13741,4936,56800,280.4
13751,4932,56500,278.7
13761,4932,59700,294.4
13771,4936,56500,278.9
13781,4936,56800,280.4
13791,4932,56500,278.7
13801,4932,55900,275.7
13811,4936,57500,283.8
13821,4932,55900,275.7
13831,4936,57500,283.8
13841,4932,55900,275.7
13851,4932,57500,283.6
13861,4932,55900,275.7
13871,4820,202500,976.1
13881,4932,55800,275.2
13891,4936,57500,283.8
13901,4932,55800,275.2
13911,4936,57500,283.8
13921,4928,55900,275.5
13931,4936,56800,280.4
13941,4932,56600,279.2
13951,4936,56800,280.4
13961,4932,56600,279.2
13971,4936,59400,293.2
13981,4932,57200,282.1
13991,4932,55800,275.2
14001,4932,57400,283.1
14011,4932,55900,275.7
14021,4932,57500,283.6
14031,4932,55900,275.7
14041,4936,57500,283.8
14051,4932,55900,275.7
14061,4932,57500,283.6
14071,4932,55800,275.2
14084,4820,127800,616.0
14091,4932,55900,275.7
14101,4936,57400,283.3
14111,4932,56500,278.7
14121,4932,56800,280.1
14131,4932,56600,279.2
14141,4932,56900,280.6
14151,4932,56600,279.2
14161,4932,55900,275.7
14171,4932,57500,283.6
14181,4860,58900,286.3
14191,4936,57500,283.8
14201,4932,55900,275.7
14211,4936,57500,283.8
14221,4932,55800,275.2
14231,4936,57400,283.3
14241,4932,55900,275.7
14251,4936,57500,283.8
14261,4932,55900,275.7
14271,4936,57400,283.3
14281,4932,55900,275.7
14291,4804,56800,272.9
14301,4932,56500,278.7
14311,4932,56900,280.6
14321,4936,56600,279.4
14331,4932,56800,280.1
14341,4932,56700,279.6
14351,4932,55800,275.2
14361,4932,57400,283.1
14371,4932,55800,275.2
14381,4932,57400,283.1
14391,4804,141700,680.7
14401,4932,57500,283.6
14411,4932,55900,275.7
14421,4932,57500,283.6
14431,4932,55900,275.7
14441,4932,57500,283.6
14451,4932,55900,275.7
14461,4936,57500,283.8
14471,4932,55900,275.7
14481,4932,56800,280.1
14491,4932,56500,278.7
14501,4824,212900,1027.0
14511,4932,56500,278.7
14521,4936,56200,277.4
14531,4932,57500,283.6
14541,4932,55900,275.7
14551,4936,57400,283.3
14561,4932,55900,275.7
14571,4936,57500,283.8
14581,4932,55800,275.2
14591,4936,57400,283.3
14601,4804,132600,637.0
14611,4936,57600,284.3
14621,4932,55800,275.2
14631,4936,57400,283.3
14641,4932,56000,276.2
14651,4932,57000,281.1
14661,4932,56600,279.2
14671,4936,56800,280.4
14681,4932,56500,278.7
14691,4932,56800,280.1
14701,4804,141400,679.3
14711,4932,55900,275.7
14721,4936,57400,283.3
14731,4932,56000,276.2
14741,4932,57500,283.6
14751,4932,55900,275.7
14761,4936,57500,283.8
14771,4932,55800,275.2
14781,4936,57400,283.3
14791,4932,55800,275.2
14801,4804,143100,687.5
14811,4932,55900,275.7
14821,4936,57500,283.8
14831,4932,55900,275.7
14841,4936,56900,280.9
14851,4932,56500,278.7
14861,4932,56800,280.1
14871,4932,56500,278.7
14881,4932,56800,280.1
14891,4932,57000,281.1
14901,4932,55800,275.2
14911,4800,141700,680.2
14921,4932,55900,275.7
14931,4936,57500,283.8
14941,4932,55900,275.7
14951,4936,57500,283.8
14961,4932,55900,275.7
14971,4936,57400,283.3
14981,4932,55900,275.7
14991,4936,57400,283.3
15001,4932,55800,275.2
15011,4808,140000,673.1
15021,4932,56100,276.7
15031,4936,56800,280.4
15041,4932,56500,278.7
15051,4932,56800,280.1
15061,4932,56600,279.2
15071,4932,55900,275.7
15081,4936,57500,283.8
15091,4932,55900,275.7
15101,4936,57500,283.8
15111,4932,55900,275.7
15121,4812,187400,901.8
15131,4932,55900,275.7
15141,4932,57500,283.6
15151,4932,55900,275.7
15161,4936,57400,283.3
15171,4932,55900,275.7
15181,4932,57500,283.6
15191,4932,55800,275.2
15201,4932,56700,279.6
15211,4932,56500,278.7
15221,4932,59700,294.4
15231,4932,56500,278.7
15241,4932,56900,280.6
15251,4932,56600,279.2
15261,4932,55900,275.7
15271,4936,57500,283.8
15281,4928,55900,275.5
15291,4932,57500,283.6
15301,4932,55900,275.7
15311,4936,57500,283.8
15321,4932,55900,275.7
15331,4816,210000,1011.4
15341,4932,55900,275.7
15351,4936,57500,283.8
15361,4932,55900,275.7
15371,4936,57500,283.8
15381,4932,55900,275.7
15391,4932,56800,280.1
15401,4932,56500,278.7
15411,4932,56900,280.6
15421,4932,56600,279.2
15431,4896,158600,776.5
15441,4932,57200,282.1
15451,4932,55800,275.2
15461,4936,57500,283.8
15471,4932,55900,275.7
15481,4936,57500,283.8
15491,4932,55900,275.7
15501,4936,57500,283.8
15511,4932,55800,275.2
15521,4936,57500,283.8
15531,4932,55900,275.7
15541,4812,211200,1016.3
15551,4932,55900,275.7
15561,4936,57400,283.3
15571,4932,56400,278.2
15581,4932,56900,280.6
15591,4932,56500,278.7
15601,4936,56800,280.4
15611,4932,56600,279.2
15621,4932,55900,275.7
15631,4932,57500,283.6
15641,4932,55800,275.2
15651,4936,57500,283.8
15661,4932,55900,275.7
15671,4932,57400,283.1
15681,4932,55800,275.2
15691,4932,57500,283.6
15701,4932,55800,275.2
15711,4936,57500,283.8
15721,4932,55800,275.2
15731,4932,57500,283.6
15741,4932,55900,275.7
15751,4812,180700,869.5
15761,4932,56600,279.2
15771,4936,56900,280.9
15782,4932,56500,278.7
15791,4932,56800,280.1
15801,4936,56600,279.4
15811,4932,55900,275.7
15821,4932,57500,283.6
15831,4932,55900,275.7
15841,4936,57500,283.8
15851,4932,55900,275.7
15861,4808,134300,645.7
15871,4932,55800,275.2
15881,4936,57500,283.8
15891,4932,55900,275.7
15901,4932,57500,283.6
15911,4932,55900,275.7
15921,4936,57400,283.3
15931,4932,55900,275.7
15941,4932,56800,280.1
15951,4936,56500,278.9
15961,4820,212300,1023.3
15971,4932,56500,278.7
15981,4936,56300,277.9
15991,4936,57500,283.8
16001,4932,55800,275.2
16011,4936,57400,283.3
16021,4932,55900,275.7
16031,4936,57500,283.8
16041,4932,55800,275.2
16051,4936,57500,283.8
16061,4932,55900,275.7
16071,4932,57500,283.6
16081,4932,55800,275.2
16091,4936,57500,283.8
16101,4932,55900,275.7
16111,4936,57100,281.8
16121,4932,56600,279.2
16131,4936,56800,280.4
16141,4932,56500,278.7
16151,4936,56900,280.9
16161,4932,56500,278.7
16171,4800,140500,674.4
16181,4932,57500,283.6
16191,4932,55800,275.2
16201,4936,57400,283.3
16211,4932,55900,275.7
16221,4936,57500,283.8
16231,4932,55900,275.7
16241,4936,57500,283.8
16251,4932,55800,275.2
16261,4936,57400,283.3
16271,4776,140800,672.5
16281,4936,57400,283.3
16291,4932,56000,276.2
16301,4932,56900,280.6
16311,4932,56500,278.7
16321,4932,56800,280.1
16331,4932,56500,278.7
16341,4932,56800,280.1
16351,4932,56800,280.1
16361,4932,55800,275.2
16371,4936,57400,283.3
16381,4704,142400,669.8
16391,4936,57500,283.8
16401,4932,55800,275.2
16411,4932,57500,283.6
16421,4932,55900,275.7
16431,4936,57500,283.8
16441,4932,55900,275.7
16451,4932,57500,283.6
16461,4932,55900,275.7
16471,4936,57400,283.3
16481,4780,140300,670.6
16491,4932,56800,280.1
16501,4932,56500,278.7
16511,4932,56900,280.6
16521,4936,56500,278.9
16531,4932,56000,276.2
16541,4932,57500,283.6
16551,4932,55900,275.7
16561,4936,57500,283.8
16571,4932,55900,275.7
16581,4932,57500,283.6
16591,4732,135400,640.7
16601,4936,57500,283.8
16611,4932,55900,275.7
16621,4936,57500,283.8
16631,4932,55900,275.7
16641,4936,57500,283.8
16651,4932,55900,275.7
16661,4936,56800,280.4
16671,4932,56600,279.2
16681,4932,56800,280.1
16691,4928,73700,363.2
16701,4932,56800,280.1
16711,4932,56500,278.7
16721,4932,55900,275.7
16731,4936,57500,283.8
16741,4932,55900,275.7
16751,4936,57500,283.8
16761,4932,55900,275.7
16771,4936,57500,283.8
16781,4932,56000,276.2
16791,4936,57500,283.8
16801,4800,134900,647.5
16811,4936,57500,283.8
16821,4932,55900,275.7
16831,4936,57500,283.8
16841,4932,55900,275.7
16851,4932,56900,280.6
16861,4936,56500,278.9
16871,4936,56900,280.9
16881,4932,56600,279.2
16891,4936,56600,279.4
16901,4808,140300,674.6
16911,4840,55900,270.6
16921,4936,57500,283.8
16931,4932,55900,275.7
16941,4932,57500,283.6
16951,4932,55900,275.7
16961,4936,57500,283.8
16971,4932,55900,275.7
16981,4936,57500,283.8
16991,4936,55900,275.9
17001,4932,57500,283.6
17011,4820,133600,644.0
17021,4936,57500,283.8
17031,4932,56300,277.7
17041,4932,56800,280.1
17051,4932,56600,279.2
17061,4936,56800,280.4
17071,4932,56500,278.7
17081,4932,55900,275.7
17091,4932,57500,283.6
17101,4932,55800,275.2
17111,4816,158600,763.8
17121,4932,55900,275.7
17131,4936,57500,283.8
17141,4932,55900,275.7
17151,4936,57500,283.8
17161,4932,55900,275.7
17171,4932,57500,283.6
17181,4932,55900,275.7
17191,4932,57500,283.6
17201,4932,55900,275.7
17211,4816,206200,993.1
17221,4932,56600,279.2
17231,4936,56800,280.4
17241,4932,56500,278.7
17251,4936,56900,280.9
17261,4932,56600,279.2
17271,4932,55800,275.2
17281,4936,57500,283.8
17291,4932,55900,275.7
17301,4936,57500,283.8
17311,4932,56000,276.2
17321,4936,57500,283.8
17331,4932,55900,275.7
17341,4936,57500,283.8
17351,4932,55900,275.7
17361,4936,57500,283.8
17371,4932,55900,275.7
17381,4932,57500,283.6
17391,4932,55900,275.7
17401,4932,56800,280.1
17411,4932,56600,279.2
17421,4812,56800,273.3
17431,4932,56500,278.7
17441,4932,56400,278.2
17451,4936,57400,283.3
17461,4932,56000,276.2
17471,4932,57500,283.6
17482,4932,55900,275.7
17491,4932,57500,283.6
17501,4932,55900,275.7
17511,4936,57500,283.8
17521,4808,142000,682.7
17531,4936,57500,283.8
17541,4932,56000,276.2
17551,4932,57400,283.1
17561,4932,56000,276.2
17571,4936,57100,281.8
17581,4932,56600,279.2
17591,4932,56800,280.1
17601,4932,56500,278.7
17611,4932,56900,280.6
17621,4932,56500,278.7
17631,4704,129900,611.0
17641,4932,57400,283.1
17651,4932,55900,275.7
17661,4936,57400,283.3
17671,4932,55800,275.2
17681,4932,57500,283.6
17691,4932,55800,275.2
17701,4936,57500,283.8
17711,4932,55900,275.7
17721,4936,57500,283.8
17731,4932,55900,275.7
17741,4816,211800,1020.0
17751,4932,55900,275.7
17761,4932,56800,280.1
17771,4932,56500,278.7
17781,4932,56800,280.1
17791,4932,56500,278.7
17801,4932,56800,280.1
17811,4932,56800,280.1
17821,4932,55800,275.2
17831,4932,57500,283.6
17841,4704,142500,670.3
17851,4936,57500,283.8
17861,4932,55900,275.7
17871,4936,57500,283.8
17881,4932,55900,275.7
17891,4936,57500,283.8
17901,4932,55900,275.7
17911,4936,57500,283.8
17921,4932,55900,275.7
17931,4936,57500,283.8
17941,4804,144700,695.1
17951,4932,56800,280.1
17961,4932,56600,279.2
17971,4932,56900,280.6
17981,4932,56600,279.2
17991,4932,56000,276.2
18001,4932,57500,283.6
18011,4932,56000,276.2
18021,4936,57500,283.8
18031,4932,55900,275.7
18041,4936,57500,283.8
18051,4932,55800,275.2
18061,4936,57500,283.8
18071,4932,55900,275.7
18081,4932,57400,283.1
18091,4932,55900,275.7
18101,4936,57500,283.8
18111,4932,55900,275.7
18121,4936,56800,280.4
18131,4932,56600,279.2
18141,4932,56900,280.6
18151,4800,180900,868.3
18161,4932,56900,280.6
18171,4932,56500,278.7
18181,4932,55900,275.7
18191,4936,57500,283.8
18201,4932,56000,276.2
18211,4932,57400,283.1
18221,4932,55800,275.2
18231,4932,57500,283.6
18241,4932,55800,275.2
18251,4812,138700,667.4
18261,4932,55900,275.7
18271,4936,57500,283.8
18281,4932,56000,276.2
18291,4936,57500,283.8
18301,4932,55900,275.7
18311,4932,56900,280.6
18321,4936,56600,279.4
18331,4932,56800,280.1
18341,4932,56500,278.7
18351,4932,56700,279.6
18361,4688,128300,601.5
18371,4932,55900,275.7
18381,4932,57500,283.6
18391,4932,55900,275.7
18401,4936,57500,283.8
18411,4932,55900,275.7
18421,4932,57500,283.6
18431,4932,55900,275.7
18441,4936,57500,283.8
18451,4932,55900,275.7
18461,4804,144800,695.6
18471,4932,55900,275.7
18481,4936,57500,283.8
18491,4932,56200,277.2
18501,4932,56800,280.1
18511,4932,56500,278.7
18521,4932,56800,280.1
18531,4936,56600,279.4
18541,4932,56000,276.2
18551,4932,57500,283.6
18561,4932,55800,275.2
18571,4816,148700,716.1
18581,4932,55900,275.7
18591,4936,57500,283.8
18601,4932,55900,275.7
18611,4936,57500,283.8
18621,4932,55900,275.7
18631,4936,57500,283.8
18641,4932,55900,275.7
18651,4936,57400,283.3
18661,4932,55900,275.7
18671,4804,142900,686.5
18681,4932,56600,279.2
18691,4936,56800,280.4
18701,4936,56600,279.4
18711,4932,56800,280.1
18721,4932,56600,279.2
18731,4932,55900,275.7
18741,4936,57500,283.8
18751,4932,55800,275.2
18761,4932,57500,283.6
18771,4932,55900,275.7
18781,4724,96300,454.9
18791,4932,55900,275.7
18801,4932,57500,283.6
18811,4932,55900,275.7
18821,4936,57500,283.8
18831,4932,55900,275.7
18841,4936,57500,283.8
18851,4932,55900,275.7
18861,4932,56900,280.6
18871,4936,56500,278.9
18881,4800,141400,678.7
18891,4932,56500,278.7
18901,4936,56400,278.4
18911,4932,57400,283.1
18921,4932,56300,277.7
18931,4932,57500,283.6
18941,4932,55900,275.7
18951,4932,57500,283.6
18961,4932,55800,275.2
18971,4932,57400,283.1
18981,4932,55900,275.7
18991,4936,57400,283.3
19001,4932,55900,275.7
19011,4936,57500,283.8
19021,4932,55900,275.7
19031,4932,57200,282.1
19041,4932,56500,278.7
19051,4936,56800,280.4
19061,4932,56400,278.2
19071,4932,56800,280.1
19081,4932,56500,278.7
19091,4936,55900,275.9
19101,4932,57500,283.6
19111,4932,55900,275.7
19121,4932,57500,283.6
19131,4932,55900,275.7
19141,4936,57600,284.3
19151,4932,55800,275.2
19161,4936,57400,283.3
19171,4932,55900,275.7
19182,4936,57500,283.8
19191,4788,133300,638.2
19201,4932,57500,283.6
19211,4932,55900,275.7
19221,4932,56800,280.1
19231,4932,56600,279.2
19241,4936,56800,280.4
19251,4932,56600,279.2
19261,4932,56800,280.1
19271,4932,56700,279.6
19281,4932,56000,276.2
19291,4936,57400,283.3
19301,4844,216800,1050.2
19311,4932,57500,283.6
19321,4932,55900,275.7
19331,4936,57500,283.8
19341,4932,55900,275.7
19351,4936,57500,283.8
19361,4932,55900,275.7
19371,4936,57400,283.3
19381,4932,55900,275.7
19391,4932,57500,283.6
19401,4804,140900,676.9
19411,4932,56900,280.6
19421,4932,56500,278.7
19431,4932,56800,280.1
19441,4932,56500,278.7
19451,4932,56100,276.7
19461,4936,57500,283.8
19471,4932,56000,276.2
19481,4936,57500,283.8
19491,4932,55900,275.7
19501,4936,57500,283.8
19511,4760,137500,654.5
19521,4936,57500,283.8
19531,4932,55900,275.7
19541,4936,57500,283.8
19551,4932,55900,275.7
19561,4936,57500,283.8
19571,4932,55900,275.7
19581,4936,56900,280.9
19591,4932,56600,279.2
19601,4932,56800,280.1
19611,4804,145300,698.0
19621,4932,56900,280.6
19631,4932,56600,279.2
19641,4932,55900,275.7
19651,4936,57500,283.8
19661,4932,55900,275.7
19671,4932,57500,283.6
19681,4932,55800,275.2
19691,4936,57500,283.8
19701,4932,55900,275.7
19711,4804,141800,681.2
19721,4932,55900,275.7
19731,4936,57500,283.8
19741,4932,55900,275.7
19751,4936,57500,283.8
19761,4932,55800,275.2
19771,4932,56900,280.6
19781,4932,56600,279.2
19791,4932,56800,280.1
19801,4932,56600,279.2
19811,4932,56700,279.6
19821,4816,130500,628.5
19831,4932,55800,275.2
19841,4936,57500,283.8
19851,4932,55800,275.2
19861,4932,57500,283.6
19871,4932,55900,275.7
19881,4936,57500,283.8
19891,4932,55900,275.7
19901,4936,57500,283.8
19911,4932,56000,276.2
19921,4936,57400,283.3
19931,4692,137400,644.7
19941,4936,57500,283.8
19951,4932,56100,276.7
19961,4932,56900,280.6
19971,4932,56500,278.7
19981,4936,56900,280.9
19991,4936,56500,278.9
20001,4932,55900,275.7
20011,4932,57500,283.6
20021,4932,55900,275.7
20031,4928,86000,423.8
20041,4932,55900,275.7
20051,4936,57500,283.8
20061,4932,55900,275.7
20071,4936,57500,283.8
20081,4932,55900,275.7
20091,4936,57400,283.3
20101,4932,55900,275.7
20111,4936,57500,283.8
20121,4932,55900,275.7
20131,4936,56800,280.4
20141,4804,154000,739.8
20151,4932,56800,280.1
20161,4932,56600,279.2
20171,4936,56900,280.9
20181,4932,56600,279.2
20191,4932,55900,275.7
20201,4936,57500,283.8
20211,4932,55900,275.7
20221,4932,57500,283.6
20231,4932,55900,275.7
20241,4932,101300,499.6
20251,4932,55900,275.7
20261,4936,57500,283.8
20271,4932,55900,275.7
20281,4932,57500,283.6
20291,4932,55900,275.7
20301,4936,57500,283.8
20311,4932,55900,275.7
20321,4932,56800,280.1
20331,4932,56600,279.2
20341,4936,56800,280.4
20351,4812,139800,672.7
20361,4932,56600,279.2
20371,4932,57300,282.6
20381,4932,56500,278.7
20391,4936,57500,283.8
20401,4932,55900,275.7
20411,4932,57500,283.6
20421,4932,55900,275.7
20431,4936,57500,283.8
20441,4932,55900,275.7
20451,4936,57500,283.8
20461,4768,137500,655.6
20471,4936,57400,283.3
20481,4932,55900,275.7
20491,4936,57400,283.3
20501,4932,56500,278.7
20511,4932,56800,280.1
20521,4932,56600,279.2
20531,4932,56800,280.1
20541,4932,56500,278.7
20551,4932,55900,275.7
20561,4804,134700,647.1
20571,4932,55900,275.7
20581,4932,57500,283.6
20591,4932,55900,275.7
20601,4936,57500,283.8
20611,4932,55900,275.7
20621,4936,57500,283.8
20631,4932,55800,275.2
20641,4932,57500,283.6
20651,4932,55900,275.7
20661,4936,57400,283.3
20671,4704,150800,709.4
20681,4932,56800,280.1
20691,4932,56500,278.7
20701,4932,56900,280.6
20711,4932,56600,279.2
20721,4932,56800,280.1
20731,4932,56600,279.2
20741,4932,55900,275.7
20751,4936,57500,283.8
20761,4932,55900,275.7
20771,4792,142800,684.3
20781,4932,55900,275.7
20791,4932,57500,283.6
20801,4932,55900,275.7
20811,4932,57500,283.6
20821,4932,55900,275.7
20831,4936,57500,283.8
20841,4932,55800,275.2
20851,4936,57400,283.3
20861,4932,55900,275.7
20871,4928,146100,720.0
20882,4932,56600,279.2
20891,4936,56800,280.4
20901,4932,56500,278.7
20911,4932,56200,277.2
20921,4936,57500,283.8
20931,4932,56100,276.7
20941,4936,57500,283.8
20951,4932,55800,275.2
20961,4932,57500,283.6
20971,4932,55900,275.7
20981,4720,99900,471.5
20991,4932,55900,275.7
21001,4936,57500,283.8
21011,4932,55800,275.2
21021,4936,57500,283.8
21031,4932,55900,275.7
21041,4936,57000,281.4
21051,4932,56600,279.2
21061,4932,56900,280.6
21071,4932,56500,278.7
21081,4800,141900,681.1
21091,4932,56500,278.7
21101,4932,55900,275.7
21111,4932,57400,283.1
21121,4932,56000,276.2
21131,4936,57500,283.8
21141,4932,55900,275.7
21151,4936,57500,283.8
21161,4932,55900,275.7
21171,4936,57500,283.8
21181,4932,55900,275.7
21191,4752,82700,393.0
21201,4932,55900,275.7
21211,4932,57500,283.6
21221,4932,55900,275.7
21231,4932,56900,280.6
21241,4932,56500,278.7
21251,4932,56800,280.1
21261,4932,56500,278.7
21271,4932,56800,280.1
21281,4932,56900,280.6
21291,4796,142300,682.5
21301,4936,57500,283.8
21311,4932,55900,275.7
21321,4932,57500,283.6
21331,4932,56000,276.2
21341,4936,57500,283.8
21351,4932,55900,275.7
21361,4936,57500,283.8
21371,4932,55900,275.7
21381,4932,57500,283.6
21391,4932,55900,275.7
21401,4936,57500,283.8
21411,4932,56000,276.2
21421,4936,56800,280.4
21431,4932,56600,279.2
21441,4932,56800,280.1
21451,4932,56500,278.7
21461,4932,55900,275.7
21471,4932,57500,283.6
21481,4932,55900,275.7
21491,4936,57500,283.8
21501,4800,140800,675.8
21511,4936,57500,283.8
21521,4932,55900,275.7
21531,4936,57500,283.8
21541,4932,55900,275.7
21551,4936,57500,283.8
21561,4932,55900,275.7
21571,4936,57500,283.8
21581,4932,55900,275.7
21591,4932,56800,280.1
21601,4932,56600,279.2
21611,4800,141700,680.2
21621,4932,56500,278.7
21631,4932,56900,280.6
21641,4932,56600,279.2
21651,4932,55900,275.7
21661,4936,57500,283.8
21671,4932,55900,275.7
21681,4936,57500,283.8
21691,4932,55900,275.7
21701,4936,57500,283.8
21711,4932,55900,275.7
21721,4816,172200,829.3
21731,4932,55900,275.7
21741,4936,57500,283.8
21751,4932,55900,275.7
21761,4936,57500,283.8
21771,4932,55900,275.7
21781,4932,56900,280.6
21791,4932,56500,278.7
21801,4932,56800,280.1
21811,4932,56500,278.7
21821,4916,150800,741.3
21831,4932,57100,281.6
21841,4932,56600,279.2
21851,4936,57500,283.8
21861,4932,55900,275.7
21871,4932,57500,283.6
21881,4932,55900,275.7
21891,4936,57500,283.8
21901,4932,55900,275.7
21911,4936,57500,283.8
21921,4932,55900,275.7
21931,4812,133000,640.0
21941,4932,55900,275.7
21951,4936,57400,283.3
21961,4932,56400,278.2
21971,4932,56900,280.6
21981,4932,56600,279.2
21991,4932,56800,280.1
22001,4932,56500,278.7
22011,4932,55800,275.2
22021,4932,57500,283.6
22031,4900,58800,288.1
22041,4936,57500,283.8
22051,4932,55800,275.2
22061,4936,57500,283.8
22071,4932,55900,275.7
22081,4936,57500,283.8
22091,4932,55900,275.7
22101,4936,57500,283.8
22111,4932,55800,275.2
22121,4936,57500,283.8
22131,4932,55900,275.7
22141,4816,141400,681.0
22151,4932,56600,279.2
22161,4936,56900,280.9
22171,4936,56500,278.9
22181,4932,56900,280.6
22191,4932,56500,278.7
22201,4932,55800,275.2
22211,4936,57500,283.8
22221,4932,55900,275.7
22231,4936,57500,283.8
22241,4932,55800,275.2
22251,4700,109200,513.2
22261,4932,55900,275.7
22271,4936,57500,283.8
22281,4932,55900,275.7
22291,4932,57500,283.6
22301,4932,55900,275.7
22311,4936,57500,283.8
22321,4932,55800,275.2
22331,4936,56900,280.9
22341,4932,56500,278.7
22351,4932,56800,280.1
22361,4936,56500,278.9
22371,4932,56400,278.2
22381,4936,57400,283.3
22391,4932,56200,277.2
22401,4936,57500,283.8
22411,4932,55900,275.7
22421,4936,57500,283.8
22431,4932,55900,275.7
22441,4936,57500,283.8
22451,4932,55900,275.7
22461,4804,201500,968.0
22471,4932,55900,275.7
22481,4936,57500,283.8
22491,4932,55900,275.7
22501,4932,57200,282.1
22511,4932,56600,279.2
22521,4932,56800,280.1
22531,4932,56600,279.2
22541,4936,56800,280.4
22551,4932,56500,278.7
22561,4744,155300,736.7
22571,4936,57400,283.3
22581,4932,56000,276.2
22592,4936,57500,283.8
22601,4932,55900,275.7
22611,4936,57500,283.8
22621,4932,55900,275.7
22631,4932,57500,283.6
22641,4932,55900,275.7
22651,4936,57500,283.8
22661,4932,55900,275.7
22671,4936,57500,283.8
22681,4932,55900,275.7
22691,4936,56900,280.9
22701,4932,56600,279.2
22711,4932,56800,280.1
22721,4932,56600,279.2
22731,4932,56900,280.6
22741,4932,56800,280.1
22751,4932,56800,280.1
22761,4936,57400,283.3
22771,4824,215200,1038.1
22781,4936,57500,283.8
22791,4932,55900,275.7
22801,4936,57500,283.8
22811,4932,55900,275.7
22821,4936,57500,283.8
22831,4932,55900,275.7
22841,4932,57500,283.6
22851,4932,56000,276.2
22861,4932,57500,283.6
22871,4692,138300,648.9
22881,4932,56900,280.6
22891,4932,56600,279.2
22901,4936,56900,280.9
22911,4932,56500,278.7
22921,4932,56000,276.2
22931,4936,57600,284.3
22941,4932,55900,275.7
22951,4936,57500,283.8
22961,4932,55900,275.7
22971,4804,208900,1003.6
22981,4932,56000,276.2
22991,4936,57500,283.8
23001,4932,55900,275.7
23011,4936,57500,283.8
23021,4932,55800,275.2
23031,4936,57500,283.8
23041,4932,55900,275.7
23051,4936,56900,280.9
23061,4932,56500,278.7
23071,4932,56800,280.1
23081,4932,56600,279.2
23091,4932,56900,280.6
23101,4932,56600,279.2
23111,4932,55900,275.7
23121,4936,57500,283.8
23131,4932,56000,276.2
23141,4936,57500,283.8
23151,4932,55900,275.7
23161,4936,57400,283.3
23171,4932,55900,275.7
23181,4936,57600,284.3
23191,4932,55900,275.7
23201,4936,57500,283.8
23211,4932,55900,275.7
23221,4936,57500,283.8
23231,4932,55900,275.7
23241,4936,56800,280.4
23251,4932,56600,279.2
23261,4936,56800,280.4
23271,4932,56500,278.7
23281,4932,56700,279.6
23291,4812,173000,832.5
23301,4932,56700,279.6
23311,4936,57500,283.8
23321,4932,55900,275.7
23331,4936,57500,283.8
23341,4932,55800,275.2
23351,4936,57500,283.8
23361,4932,55900,275.7
23371,4936,57500,283.8
23381,4932,55900,275.7
23391,4936,57500,283.8
23401,4744,171300,812.6
23411,4936,57400,283.3
23421,4932,56200,277.2
23431,4936,56800,280.4
23441,4932,56600,279.2
23451,4932,56800,280.1
23461,4936,56600,279.4
23471,4932,55900,275.7
23481,4936,57500,283.8
23491,4932,55900,275.7
23501,4816,130200,627.0
23511,4932,55900,275.7
23521,4936,57500,283.8
23531,4932,55800,275.2
23541,4936,57500,283.8
23551,4932,55900,275.7
23561,4932,57500,283.6
23571,4932,55900,275.7
23581,4936,57500,283.8
23591,4932,55900,275.7
23601,4816,208700,1005.1
23611,4932,56500,278.7
23621,4932,56800,280.1
23631,4932,56500,278.7
23641,4932,56800,280.1
23651,4932,56600,279.2
23661,4932,56800,280.1
23671,4936,57500,283.8
23681,4932,55800,275.2
23691,4936,57500,283.8
23701,4704,135700,638.3
23711,4936,57500,283.8
23721,4932,55900,275.7
23731,4932,57600,284.1
23741,4932,55900,275.7
23751,4936,57600,284.3
23761,4932,55900,275.7
23771,4936,57500,283.8
23781,4932,56000,276.2
23791,4936,56800,280.4
23801,4932,56600,279.2
23811,4812,210100,1011.0
23821,4932,56500,278.7
23831,4932,56500,278.7
23841,4932,57400,283.1
23851,4932,56200,277.2
23861,4936,57500,283.8
23871,4932,55900,275.7
23881,4936,57500,283.8
23891,4932,56000,276.2
23901,4932,57600,284.1
23911,4796,142200,682.0
23921,4936,57500,283.8
23931,4932,55800,275.2
23941,4936,57400,283.3
23951,4932,55900,275.7
23961,4936,57300,282.8
23971,4932,56600,279.2
23981,4932,56800,280.1
23991,4932,56600,279.2
24001,4932,56900,280.6
24011,4928,64700,318.8
24021,4932,55900,275.7
24031,4936,57600,284.3
24041,4932,55900,275.7
24051,4936,57500,283.8
24061,4932,55900,275.7
24071,4936,57500,283.8
24081,4932,55900,275.7
24091,4936,57500,283.8
24101,4932,55900,275.7
24111,4936,57500,283.8
24121,4804,141100,677.8
24131,4936,57500,283.8
24141,4932,55900,275.7
24151,4932,56900,280.6
24161,4932,56600,279.2
24171,4932,56800,280.1
24181,4932,56600,279.2
24191,4932,56900,280.6
24201,4932,56700,279.6
24211,4932,56800,280.1
24221,4932,57500,283.6
24231,4932,55900,275.7
24241,4932,57500,283.6
24251,4932,55900,275.7
24261,4936,57500,283.8
24271,4932,55800,275.2
24281,4936,57500,283.8
24292,4932,55900,275.7
24301,4936,57500,283.8
24311,4932,55900,275.7
24321,4936,57500,283.8
24331,4780,136000,650.1
24341,4932,56800,280.1
24351,4932,56600,279.2
24361,4936,56800,280.4
24371,4932,56600,279.2
24381,4932,56100,276.7
24391,4932,57500,283.6
24401,4932,56000,276.2
24411,4936,57400,283.3
24421,4932,55900,275.7
24431,4936,57500,283.8
24441,4700,137000,643.9
24451,4936,57500,283.8
24461,4932,55900,275.7
24471,4936,57500,283.8
24481,4932,55900,275.7
24491,4936,57300,282.8
24501,4932,55900,275.7
24511,4936,56900,280.9
24521,4932,56600,279.2
24531,4932,56800,280.1
24541,4928,58800,289.8
24551,4932,56900,280.6
24561,4932,56500,278.7
24571,4932,55900,275.7
24581,4936,57500,283.8
24591,4932,55900,275.7
24601,4936,57500,283.8
24611,4932,55900,275.7
24621,4936,57400,283.3
24631,4932,55900,275.7
24641,4932,57500,283.6
24651,4804,145300,698.0
24661,4932,57500,283.6
24671,4932,55900,275.7
24681,4936,57500,283.8
24691,4932,55900,275.7
24701,4936,56900,280.9
24711,4932,56600,279.2
24721,4932,56900,280.6
24731,4932,56600,279.2
24741,4936,56700,279.9
24751,4932,57100,281.6
24761,4808,136500,656.3
24771,4936,57400,283.3
24781,4932,55900,275.7
24791,4936,57500,283.8
24801,4932,55900,275.7
24811,4932,57500,283.6
24821,4932,55900,275.7
24831,4936,57500,283.8
24841,4932,55900,275.7
24851,4936,57500,283.8
24861,4788,137500,658.4
24871,4936,57500,283.8
24881,4932,56200,277.2
24891,4936,56900,280.9
24901,4932,56500,278.7
24911,4932,56800,280.1
24921,4932,56500,278.7
24931,4932,55900,275.7
24941,4932,57500,283.6
24951,4932,55800,275.2
24961,4928,76000,374.5
24971,4932,55900,275.7
24981,4936,57500,283.8
24991,4932,55900,275.7
25001,4936,57500,283.8
25011,4932,55900,275.7
25021,4936,57500,283.8
25031,4936,55800,275.4
25041,4932,57500,283.6
25051,4932,55900,275.7
25061,4936,56700,279.9
25071,4932,56500,278.7
25081,4932,56700,279.6
25091,4932,56600,279.2
25101,4932,56900,280.6
25111,4932,56600,279.2
25121,4932,56900,280.6
25131,4936,57500,283.8
25141,4932,55900,275.7
25151,4936,57500,283.8
25161,4932,55900,275.7
25171,4792,142400,682.4
25181,4932,56000,276.2
25191,4932,57500,283.6
25201,4932,56000,276.2
25211,4932,57400,283.1
25221,4932,55900,275.7
25231,4936,57500,283.8
25241,4932,55800,275.2
25251,4932,56800,280.1
25261,4932,56500,278.7
25271,4932,56800,280.1
25281,4820,134000,645.9
25291,4932,56500,278.7
25301,4932,57300,282.6
25311,4932,56400,278.2
25321,4932,57500,283.6
25331,4932,55900,275.7
25341,4936,57500,283.8
25351,4932,55900,275.7
25361,4936,57500,283.8
25371,4932,55900,275.7
25381,4932,57500,283.6
25391,4932,55900,275.7
25401,4936,57500,283.8
25411,4932,55900,275.7
25421,4936,57300,282.8
25431,4932,56500,278.7
25441,4932,56800,280.1
25451,4932,56500,278.7
25461,4936,56800,280.4
25471,4932,56600,279.2
25481,4932,55900,275.7
25491,4740,139600,661.7
25501,4932,55900,275.7
25511,4936,57400,283.3
25521,4932,55900,275.7
25531,4936,57500,283.8
25541,4932,55900,275.7
25551,4936,57500,283.8
25561,4932,55900,275.7
25571,4936,57500,283.8
25581,4932,55900,275.7
25591,4936,57500,283.8
25601,4932,55900,275.7
25611,4936,56800,280.4
25621,4932,56600,279.2
25631,4932,56900,280.6
25641,4936,56500,278.9
25651,4932,56800,280.1
25661,4932,56600,279.2
25671,4932,56900,280.6
25681,4936,57400,283.3
25691,4932,55800,275.2
25701,4812,134100,645.3
25711,4932,55900,275.7
25721,4936,57500,283.8
25731,4932,55900,275.7
25741,4932,57500,283.6
25751,4932,55900,275.7
25761,4936,57500,283.8
25771,4932,55900,275.7
25781,4936,57500,283.8
25791,4932,56000,276.2
25801,4804,141800,681.2
25811,4932,56600,279.2
25821,4932,56900,280.6
25831,4932,56600,279.2
25841,4932,56200,277.2
25851,4932,57500,283.6
25861,4932,56100,276.7
25871,4936,57500,283.8
25881,4932,55900,275.7
25891,4936,57500,283.8
25901,4932,55900,275.7
25911,4816,138200,665.6
25921,4932,55900,275.7
25931,4936,57500,283.8
25941,4932,55900,275.7
25951,4936,57500,283.8
25961,4932,55900,275.7
25971,4936,57000,281.4
25981,4932,56600,279.2
25992,4936,56900,280.9
26001,4932,56600,279.2
26011,4932,145500,717.6
26021,4932,56600,279.2
26031,4932,56900,280.6
26041,4932,57500,283.6
26051,4932,56000,276.2
26061,4932,57500,283.6
26071,4932,55900,275.7
26081,4936,57500,283.8
26091,4932,55900,275.7
26101,4932,57500,283.6
26111,4932,55900,275.7
26121,4932,103700,511.4
26131,4932,55900,275.7
26141,4936,57500,283.8
26151,4932,55900,275.7
26161,4932,56900,280.6
26171,4932,56600,279.2
26181,4936,56800,280.4
26191,4932,56500,278.7
26201,4936,56800,280.4
26211,4932,57000,281.1
26221,4932,56700,279.6
26231,4804,145500,699.0
26241,4932,55900,275.7
26251,4932,57500,283.6
26261,4932,55800,275.2
26271,4936,57500,283.8
26281,4932,55900,275.7
26291,4936,57500,283.8
26301,4932,55900,275.7
26311,4936,57500,283.8
26321,4932,55900,275.7
26331,4932,119700,590.4
26341,4932,56000,276.2
26351,4932,56900,280.6
26361,4932,56500,278.7
26371,4932,56900,280.6
26381,4932,56600,279.2
26391,4932,55900,275.7
26401,4932,57600,284.1
26411,4932,55900,275.7
26421,4936,57500,283.8
26431,4932,55900,275.7
26441,4936,57500,283.8
26451,4932,55900,275.7
26461,4936,57500,283.8
26471,4932,55900,275.7
26481,4936,57500,283.8
26491,4932,55900,275.7
26501,4936,57600,284.3
26511,4932,55900,275.7
26521,4936,56800,280.4
26531,4932,56600,279.2
26541,4804,142000,682.2
26551,4932,56500,278.7
26561,4936,56800,280.4
26571,4932,56600,279.2
26581,4932,56800,280.1
26591,4936,57500,283.8
26601,4932,55900,275.7
26611,4936,57500,283.8
26621,4932,55900,275.7
26631,4936,57500,283.8
26641,4932,55900,275.7
26651,4936,57500,283.8
26661,4932,55900,275.7
26671,4936,57500,283.8
26681,4932,55900,275.7
26691,4936,57500,283.8
26701,4932,55900,275.7
26711,4932,56800,280.1
26721,4932,56500,278.7
26731,4932,56800,280.1
26741,4932,56500,278.7
26751,4788,186000,890.6
26761,4932,57200,282.1
26771,4932,56600,279.2
26781,4936,57500,283.8
26791,4932,55900,275.7
26801,4932,57500,283.6
26811,4932,55900,275.7
26821,4936,57500,283.8
26831,4932,55900,275.7
26841,4936,57500,283.8
26851,4932,55900,275.7
26861,4720,98400,464.4
26871,4932,55900,275.7
26881,4936,57400,283.3
26891,4932,56400,278.2
26901,4936,56900,280.9
26911,4932,56500,278.7
26921,4932,56900,280.6
26931,4932,56500,278.7
26941,4936,56800,280.4
26951,4932,57400,283.1
26961,4756,141200,671.5
26971,4936,57500,283.8
26981,4932,55900,275.7
26991,4936,57500,283.8
27001,4932,55900,275.7
27011,4936,57500,283.8
27021,4932,55900,275.7
27031,4932,57500,283.6
27041,4932,55900,275.7
27051,4936,57500,283.8
27061,4932,55800,275.2
27071,4752,82000,389.7
27081,4932,56600,279.2
27091,4936,56800,280.4
27101,4932,56600,279.2
27111,4932,56800,280.1
27121,4932,56600,279.2
27131,4932,56800,280.1
27141,4932,57500,283.6
27151,4932,55900,275.7
27161,4932,57500,283.6
27171,4804,141100,677.8
27181,4936,57500,283.8
27191,4932,55900,275.7
27201,4936,57500,283.8
27211,4932,55900,275.7
27221,4932,57500,283.6
27231,4932,55900,275.7
27241,4936,57500,283.8
27251,4932,55900,275.7
27261,4932,56900,280.6
27271,4932,56600,279.2
27281,4812,138400,666.0
27291,4936,56600,279.4
27301,4932,56400,278.2
27311,4932,57400,283.1
27321,4932,56100,276.7
27331,4932,57500,283.6
27341,4932,55900,275.7
27351,4936,57600,284.3
27361,4932,55900,275.7
27371,4932,57500,283.6
27381,4932,55900,275.7
27391,4696,110800,520.3
27401,4936,56000,276.4
27411,4936,57500,283.8
27421,4932,55800,275.2
27431,4936,57100,281.8
27441,4932,56600,279.2
27451,4936,56900,280.9
27461,4936,56500,278.9
27471,4936,56800,280.4
27481,4932,56500,278.7
27491,4796,216500,1038.3
27501,4932,57500,283.6
27511,4932,55900,275.7
27521,4936,57500,283.8
27531,4932,55900,275.7
27541,4936,57500,283.8
27551,4932,55900,275.7
27561,4936,57500,283.8
27571,4932,55900,275.7
27581,4936,57500,283.8
27591,4812,135900,654.0
27601,4936,57500,283.8
27611,4932,55900,275.7
27621,4932,56900,280.6
27631,4932,56500,278.7
27641,4936,56800,280.4
27651,4936,56600,279.4
27661,4932,56800,280.1
27671,4936,56900,280.9
27681,4932,56800,280.1
27692,4936,57500,283.8
27701,4808,136200,654.8
27711,4936,57500,283.8
27721,4932,55900,275.7
27731,4932,57500,283.6
27741,4932,55900,275.7
27751,4932,57500,283.6
27761,4932,55900,275.7
27771,4936,57500,283.8
27781,4932,55900,275.7
27791,4936,57400,283.3
27801,4804,141400,679.3
27811,4936,56900,280.9
27821,4936,56600,279.4
27831,4932,56900,280.6
27841,4932,56500,278.7
27851,4932,56000,276.2
27861,4932,57500,283.6
27871,4932,56000,276.2
27881,4932,57500,283.6
27891,4932,55900,275.7
27901,4936,57500,283.8
27911,4804,140700,675.9
27921,4936,57500,283.8
27931,4932,55900,275.7
27941,4936,57500,283.8
27951,4932,56000,276.2
27961,4932,57500,283.6
27971,4932,55900,275.7
27981,4936,56900,280.9
27991,4932,56600,279.2
28001,4936,56900,280.9
28011,4780,141500,676.4
28021,4932,56900,280.6
28031,4932,56500,278.7
28041,4932,56900,280.6
28051,4932,57500,283.6
28061,4932,55900,275.7
28071,4936,57500,283.8
28081,4932,55900,275.7
28091,4936,57400,283.3
28101,4932,55900,275.7
28111,4936,57500,283.8
28121,4696,134000,629.3
28131,4932,57500,283.6
28141,4932,55900,275.7
28151,4936,57500,283.8
28161,4932,55900,275.7
28171,4932,56900,280.6
28181,4932,56600,279.2
28191,4936,56800,280.4
28201,4936,56500,278.9
28211,4932,56700,279.6
28221,4932,57200,282.1
28231,4932,56600,279.2
28241,4936,57400,283.3
28251,4932,55900,275.7
28261,4936,57500,283.8
28271,4932,56000,276.2
28281,4936,57500,283.8
28291,4932,55800,275.2
28301,4936,57500,283.8
28311,4932,55800,275.2
28321,4936,57500,283.8
28331,4932,55800,275.2
28341,4936,57500,283.8
28351,4932,56300,277.7
28361,4936,56900,280.9
28371,4932,56600,279.2
28381,4932,56800,280.1
28391,4936,56600,279.4
28401,4932,56900,280.6
28411,4932,57500,283.6
28421,4932,55900,275.7
28431,4936,57400,283.3
28441,4740,142200,674.0
28451,4936,57500,283.8
28461,4932,55900,275.7
28471,4932,57500,283.6
28481,4932,55900,275.7
28491,4932,57500,283.6
28501,4932,55900,275.7
28511,4936,57500,283.8
28521,4932,55900,275.7
28531,4936,56900,280.9
28541,4932,56500,278.7
28551,4808,202100,971.7
28561,4932,56600,279.2
28571,4932,56900,280.6
28581,4932,56600,279.2
28591,4932,56900,280.6
28601,4936,57500,283.8
28611,4932,55900,275.7
28621,4936,57500,283.8
28631,4932,55900,275.7
28641,4932,57500,283.6
28651,4932,55800,275.2
28661,4936,57500,283.8
28671,4932,55900,275.7
28681,4932,57500,283.6
28691,4932,55900,275.7
28701,4936,57400,283.3
28711,4932,55900,275.7
28721,4932,56900,280.6
28731,4932,56500,278.7
28741,4932,56800,280.1
28751,4932,56500,278.7
28761,4812,210800,1014.4
28771,4932,57400,283.1
28781,4932,56300,277.7
28791,4936,57500,283.8
28801,4932,55900,275.7
28811,4936,57500,283.8
28821,4932,55900,275.7
28831,4936,57500,283.8
28841,4932,55900,275.7
28851,4936,57500,283.8
28861,4800,140200,673.0
28871,4936,57500,283.8
28881,4932,55900,275.7
28891,4936,57200,282.3
28901,4932,56600,279.2
28911,4936,56900,280.9
28921,4932,56600,279.2
28931,4932,56900,280.6
28941,4932,56500,278.7
28951,4932,56800,280.1
28961,4932,57400,283.1
28971,4796,215100,1031.6
28981,4932,57500,283.6
28991,4932,55900,275.7
29001,4936,57500,283.8
29011,4932,55900,275.7
29021,4936,57500,283.8
29031,4932,55900,275.7
29041,4936,57500,283.8
29051,4932,55900,275.7
29061,4936,57500,283.8
29071,4696,135600,636.8
29081,4932,56900,280.6
29091,4932,56500,278.7
29101,4936,56900,280.9
29111,4932,56500,278.7
29121,4932,56900,280.6
29131,4932,56800,280.1
29141,4932,56900,280.6
29151,4936,57500,283.8
29161,4932,55900,275.7
29171,4816,135000,650.2
29181,4932,55900,275.7
29191,4936,57500,283.8
29201,4932,56000,276.2
29211,4936,57500,283.8
29221,4932,55900,275.7
29231,4936,57500,283.8
29241,4932,55900,275.7
29251,4932,57500,283.6
29261,4932,56000,276.2
29271,4932,56800,280.1
29281,4932,56600,279.2
29291,4932,56800,280.1
29301,4932,56600,279.2
29311,4932,56100,276.7
29321,4932,57500,283.6
29331,4932,55900,275.7
29341,4936,57500,283.8
29351,4932,55900,275.7
29361,4932,57400,283.1
29371,4932,55900,275.7
29381,4932,57500,283.6
29392,4932,56000,276.2
29401,4936,57500,283.8
29411,4932,55900,275.7
29421,4936,57500,283.8
29431,4932,55900,275.7
29441,4936,56800,280.4
29451,4932,56600,279.2
29461,4932,56800,280.1
29471,4932,56600,279.2
29481,4804,142200,683.1
29491,4936,56500,278.9
29501,4932,56900,280.6
29511,4936,57500,283.8
29521,4932,56000,276.2
29531,4936,57500,283.8
29541,4932,55900,275.7
29551,4936,57600,284.3
29561,4932,55800,275.2
29571,4932,57600,284.1
29581,4932,55900,275.7
29591,4804,208900,1003.6
29601,4932,56000,276.2
29611,4936,57500,283.8
29621,4932,55900,275.7
29631,4932,56900,280.6
29641,4936,56600,279.4
29651,4932,56900,280.6
29661,4936,56500,278.9
29671,4932,56700,279.6
29681,4932,57100,281.6
29691,4932,56600,279.2
29701,4816,138700,668.0
29711,4932,55900,275.7
29721,4936,57400,283.3
29731,4932,55900,275.7
29741,4932,57500,283.6
29751,4932,55900,275.7
29761,4932,57500,283.6
29771,4932,55900,275.7
29781,4936,57500,283.8
29791,4932,55900,275.7
29801,4804,142800,686.0
29811,4932,56200,277.2
29821,4936,56900,280.9
29831,4932,56600,279.2
29841,4932,56900,280.6
29851,4932,56500,278.7
29861,4936,56800,280.4
29871,4932,57500,283.6
29881,4932,55900,275.7
29891,4936,57500,283.8
29901,4800,140400,673.9
29911,4936,57500,283.8
29921,4932,55900,275.7
29931,4936,57500,283.8
29941,4932,55900,275.7
29951,4936,57500,283.8
29961,4932,55900,275.7
29971,4932,57500,283.6
29981,4932,55900,275.7
29991,4936,56800,280.4
30001,4932,56500,278.7
30011,4808,205700,989.0
30021,4932,56600,279.2
30031,4932,56800,280.1
30041,4932,56600,279.2
30051,4932,56900,280.6
30061,4936,57500,283.8
30071,4932,55900,275.7
30081,4936,57500,283.8
30091,4932,55900,275.7
30101,4936,57500,283.8
30111,4932,55900,275.7
30121,4688,126000,590.7
30131,4932,55900,275.7
30141,4932,57400,283.1
30151,4932,56000,276.2
30161,4936,57500,283.8
30171,4932,55900,275.7
30181,4936,56800,280.4
30191,4932,56500,278.7
30201,4936,56900,280.9
30211,4932,56600,279.2
30221,4932,56500,278.7
30231,4932,57200,282.1
30241,4932,56400,278.2
30251,4936,57500,283.8
30261,4932,55900,275.7
30271,4936,57500,283.8
30281,4932,55900,275.7
30291,4936,57500,283.8
30301,4932,55900,275.7
30311,4936,57400,283.3
30321,4932,55900,275.7
30331,4816,138900,668.9
30341,4932,55900,275.7
30351,4936,57300,282.8
30361,4932,56500,278.7
30371,4932,56800,280.1
30381,4932,56500,278.7
30391,4936,56800,280.4
30401,4936,56600,279.4
30411,4932,56800,280.1
30421,4932,57400,283.1
30431,4780,142100,679.2
30441,4936,57500,283.8
30451,4932,55900,275.7
30461,4932,57400,283.1
30471,4932,55900,275.7
30481,4936,57500,283.8
30491,4932,55900,275.7
30501,4936,57500,283.8
30511,4932,55900,275.7
30521,4936,57500,283.8
30531,4932,55800,275.2
30541,4760,174200,829.2
30551,4932,56500,278.7
30561,4932,56800,280.1
30571,4936,56500,278.9
30581,4936,56800,280.4
30591,4932,56700,279.6
30601,4932,56900,280.6
30611,4936,57600,284.3
30621,4932,55900,275.7
30631,4936,57500,283.8
30641,4932,55900,275.7
30651,4696,138000,648.0
30661,4932,55900,275.7
30671,4932,57500,283.6
30681,4932,55900,275.7
30691,4936,57500,283.8
30701,4932,55900,275.7
30711,4936,57500,283.8
30721,4932,56000,276.2
30731,4932,56900,280.6
30741,4936,56500,278.9
30751,4804,146300,702.8
30761,4932,56500,278.7
30771,4932,56900,280.6
30781,4932,57500,283.6
30791,4932,56000,276.2
30801,4932,57500,283.6
30811,4932,55800,275.2
30821,4936,57500,283.8
30831,4932,55900,275.7
30841,4936,57500,283.8
30851,4932,55900,275.7
30861,4804,206600,992.5
30871,4932,56000,276.2
30881,4936,57500,283.8
30891,4932,55900,275.7
30901,4936,57000,281.4
30911,4932,56600,279.2
30921,4932,56900,280.6
30931,4936,56500,278.9
30941,4932,56800,280.1
30951,4932,56500,278.7
30961,4808,141500,680.3
30971,4932,57500,283.6
30981,4932,55900,275.7
30991,4932,57500,283.6
31001,4932,56000,276.2
31011,4936,57500,283.8
31021,4932,55900,275.7
31031,4936,57500,283.8
31041,4932,55900,275.7
31051,4936,57500,283.8
31061,4800,141300,678.2
31071,4932,57500,283.6
31081,4936,55900,275.9
31092,4932,56900,280.6
31101,4932,56600,279.2
31111,4936,56900,280.9
31121,4936,56600,279.4
31131,4932,56800,280.1
31141,4932,57000,281.1
31151,4932,56700,279.6
31161,4776,143400,684.9
31171,4932,55900,275.7
31181,4936,57500,283.8
31191,4932,55900,275.7
31201,4936,57600,284.3
31211,4932,55800,275.2
31221,4936,57500,283.8
31231,4932,55800,275.2
31241,4936,57600,284.3
31251,4932,56000,276.2
31261,4936,57400,283.3
31271,4696,135400,635.8
31281,4932,56900,280.6
31291,4932,56600,279.2
31301,4932,56900,280.6
31311,4932,56500,278.7
31321,4932,56900,280.6
31331,4936,57600,284.3
31341,4932,55800,275.2
31351,4936,57500,283.8
31361,4928,55900,275.5
31371,4804,145800,700.4
31381,4932,55900,275.7
31391,4936,57500,283.8
31401,4932,55900,275.7
31411,4936,57500,283.8
31421,4932,55900,275.7
31431,4936,57500,283.8
31441,4932,55900,275.7
31451,4936,56800,280.4
31461,4932,56500,278.7
31471,4812,138400,666.0
31481,4932,56500,278.7
31491,4936,56900,280.9
31501,4932,56500,278.7
31511,4932,56800,280.1
31521,4932,57600,284.1
31531,4932,55900,275.7
31541,4936,57500,283.8
31551,4932,55900,275.7
31561,4936,57500,283.8
31571,4932,55900,275.7
31581,4932,57500,283.6
31591,4932,55900,275.7
31601,4936,57500,283.8
31611,4932,55900,275.7
31621,4936,57500,283.8
31631,4932,55900,275.7
31641,4932,56800,280.1
31651,4932,56600,279.2
31661,4932,56800,280.1
31671,4932,56600,279.2
31681,4812,208900,1005.2
31691,4932,57200,282.1
31701,4932,56500,278.7
31711,4936,57500,283.8
31721,4932,55900,275.7
31731,4932,57500,283.6
31741,4932,55900,275.7
31751,4932,57500,283.6
31761,4932,55800,275.2
31771,4936,57500,283.8
31781,4932,58800,290.0
31791,4936,57500,283.8
31801,4932,55800,275.2
31811,4936,57300,282.8
31821,4932,56500,278.7
31831,4936,56900,280.9
31841,4932,56600,279.2
31851,4932,56900,280.6
31861,4932,56500,278.7
31871,4932,56900,280.6
31881,4932,57500,283.6
31891,4932,55900,275.7
31901,4936,57500,283.8
31911,4932,55900,275.7
31921,4932,57500,283.6
31931,4932,55900,275.7
31941,4936,57500,283.8
31951,4932,55900,275.7
31961,4936,57500,283.8
31971,4932,55900,275.7
31981,4936,57500,283.8
31991,4696,131100,615.6
32001,4936,56900,280.9
32011,4932,56400,278.2
32021,4932,56900,280.6
32031,4932,56600,279.2
32041,4932,56900,280.6
32051,4932,56600,279.2
32061,4932,56900,280.6
32071,4936,57500,283.8
32081,4932,55800,275.2
32091,4804,160500,771.0
32101,4932,55900,275.7
32111,4936,57500,283.8
32121,4932,55900,275.7
32131,4936,57500,283.8
32141,4932,55900,275.7
32151,4936,57500,283.8
32161,4932,55900,275.7
32171,4936,57500,283.8
32181,4932,55900,275.7
32191,4936,56800,280.4
32201,4700,136000,639.2
32211,4932,56800,280.1
32221,4936,56500,278.9
32231,4932,56900,280.6
32241,4932,57500,283.6
32251,4932,56100,276.7
32261,4936,57500,283.8
32271,4932,55900,275.7
32281,4932,57500,283.6
32291,4932,55900,275.7
32301,4932,57500,283.6
32311,4804,210700,1012.2
32321,4936,57500,283.8
32331,4932,55900,275.7
32341,4936,57500,283.8
32351,4932,55900,275.7
32361,4936,57000,281.4
32371,4932,56600,279.2
32381,4936,56900,280.9
32391,4932,56500,278.7
32401,4932,56900,280.6
32411,4776,136300,651.0
32421,4932,56900,280.6
32431,4932,57500,283.6
32441,4932,56000,276.2
32451,4936,57500,283.8
32461,4932,55900,275.7
32471,4932,57500,283.6
32481,4932,55900,275.7
32491,4932,57500,283.6
32501,4932,55900,275.7
32511,4932,57500,283.6
32521,4812,218300,1050.5
32531,4932,57500,283.6
32541,4932,55900,275.7
32551,4932,56900,280.6
32561,4932,56500,278.7
32571,4932,56900,280.6
32581,4932,56500,278.7
32591,4932,56900,280.6
32601,4932,57000,281.1
32611,4932,56700,279.6
32621,4780,141800,677.8
32631,4932,55900,275.7
32641,4936,57600,284.3
32651,4932,55900,275.7
32661,4936,57500,283.8
32671,4932,55900,275.7
32681,4936,57500,283.8
32691,4932,55900,275.7
32701,4936,57500,283.8
32711,4932,55900,275.7
32721,4796,142300,682.5
32731,4932,56100,276.7
32741,4936,56800,280.4
32751,4936,56600,279.4
32761,4932,56900,280.6
32771,4932,56600,279.2
32781,4936,56900,280.9
32792,4936,57500,283.8
32801,4932,55900,275.7
32811,4936,57500,283.8
32821,4932,55900,275.7
32831,4692,146600,687.8
32841,4932,55900,275.7
32851,4936,57600,284.3
32861,4932,55900,275.7
32871,4936,57600,284.3
32881,4932,55900,275.7
32891,4936,57500,283.8
32901,4932,55900,275.7
32911,4932,56800,280.1
32921,4932,56500,278.7
32931,4932,56800,280.1
32941,4932,56500,278.7
32951,4936,56900,280.9
32961,4936,56500,278.9
32971,4932,56900,280.6
32981,4932,57500,283.6
32991,4932,55900,275.7
33001,4932,57500,283.6
33011,4932,55900,275.7
33021,4932,57500,283.6
33031,4932,55900,275.7
33041,4812,134900,649.1
33051,4932,55900,275.7
33061,4936,57500,283.8
33071,4932,55900,275.7
33081,4936,57500,283.8
33091,4932,55900,275.7
33101,4932,56900,280.6
33111,4932,56500,278.7
33121,4932,56900,280.6
33131,4932,56500,278.7
33141,4808,141600,680.8
33151,4932,57300,282.6
33161,4932,56500,278.7
33171,4936,57500,283.8
33181,4932,55900,275.7
33191,4932,57500,283.6
33201,4932,55900,275.7
33211,4936,57500,283.8
33221,4932,55900,275.7
33231,4932,57500,283.6
33241,4804,140000,672.6
33251,4932,57500,283.6
33261,4932,55900,275.7
33271,4932,57400,283.1
33281,4932,56500,278.7
33291,4936,56900,280.9
33301,4932,56600,279.2
33311,4932,56900,280.6
33321,4932,56600,279.2
33331,4932,56800,280.1
33341,4932,57500,283.6
33351,4808,141200,678.9
33361,4932,57500,283.6
33371,4932,55900,275.7
33381,4936,57500,283.8
33391,4932,55900,275.7
33401,4936,57500,283.8
33411,4928,55900,275.5
33421,4936,57500,283.8
33431,4932,55900,275.7
33441,4936,57500,283.8
33451,4932,55900,275.7
33461,4932,56800,280.1
33471,4932,56500,278.7
33481,4936,56800,280.4
33491,4932,56600,279.2
33501,4936,56800,280.4
33511,4936,56600,279.4
33521,4932,56900,280.6
33531,4932,57500,283.6
33541,4932,55900,275.7
33551,4936,57500,283.8
33561,4840,55800,270.1
33571,4936,57500,283.8
33581,4932,55900,275.7
33591,4932,57500,283.6
33601,4932,55900,275.7
33611,4932,57500,283.6
33621,4932,55900,275.7
33631,4936,57500,283.8
33641,4932,55900,275.7
33651,4932,56900,280.6
33661,4728,134000,633.6
33671,4932,56900,280.6
33681,4932,56500,278.7
33691,4936,56800,280.4
33701,4932,57600,284.1
33711,4932,56100,276.7
33721,4936,57600,284.3
33731,4932,56000,276.2
33741,4932,57500,283.6
33751,4932,55900,275.7
33761,4932,69400,342.3
33771,4932,56000,276.2
33781,4936,57500,283.8
33791,4932,56000,276.2
33801,4936,57500,283.8
33811,4932,55900,275.7
33821,4936,57100,281.8
33831,4932,56600,279.2
33841,4936,56800,280.4
33851,4932,56600,279.2
33861,4932,56800,280.1
33871,4792,138000,661.3
33881,4932,56900,280.6
33891,4936,57500,283.8
33901,4932,55900,275.7
33911,4936,57500,283.8
33921,4932,55900,275.7
33931,4936,57500,283.8
33941,4932,55900,275.7
33951,4936,57500,283.8
33961,4932,55900,275.7
33971,4936,57500,283.8
33981,4800,140800,675.8
33991,4932,57500,283.6
34001,4932,56000,276.2
34011,4936,56900,280.9
34021,4932,56600,279.2
34031,4932,56900,280.6
34041,4932,56600,279.2
34051,4932,56800,280.1
34061,4932,57000,281.1
34071,4932,56700,279.6
34081,4936,57500,283.8
34091,4792,212300,1017.3
34101,4936,57500,283.8
34111,4932,55800,275.2
34121,4936,57500,283.8
34131,4932,55900,275.7
34141,4936,57500,283.8
34151,4932,55900,275.7
34161,4932,57500,283.6
34171,4932,55900,275.7
34181,4936,57500,283.8
34191,4700,133700,628.4
34201,4932,56800,280.1
34211,4936,56500,278.9
34221,4932,56900,280.6
34231,4936,56500,278.9
34241,4932,56800,280.1
34251,4932,57600,284.1
34261,4928,55900,275.5
34271,4936,57600,284.3
34281,4932,55900,275.7
34291,4804,144900,696.1
34301,4932,55900,275.7
34311,4932,57500,283.6
34321,4932,56000,276.2
34331,4936,57500,283.8
34341,4932,55900,275.7
34351,4936,57500,283.8
34361,4932,56000,276.2
34371,4936,56800,280.4
34381,4932,56500,278.7
34391,4800,141600,679.7
34401,4932,56600,279.2
34411,4932,56900,280.6
34421,4932,56600,279.2
34431,4932,56900,280.6
34441,4932,57500,283.6
34451,4932,55900,275.7
34461,4936,57500,283.8
34471,4932,55900,275.7
34481,4936,57500,283.8
34492,4932,55900,275.7
34501,4748,139100,660.4
34511,4932,55900,275.7
34521,4936,57600,284.3
34531,4932,55900,275.7
34541,4936,57500,283.8
34551,4932,56000,276.2
34561,4936,56800,280.4
34571,4932,56600,279.2
34581,4932,56800,280.1
34591,4932,56500,278.7
34601,4804,141600,680.2
34611,4932,57300,282.6
34621,4932,56500,278.7
34631,4936,57500,283.8
34641,4936,55900,275.9
34651,4936,57500,283.8
34661,4936,55900,275.9
34671,4936,57600,284.3
34681,4932,55900,275.7
34691,4936,57500,283.8
34701,4804,141300,678.8
34711,4936,57500,283.8
34721,4932,55900,275.7
34731,4936,57300,282.8
34741,4932,56400,278.2
34751,4932,56900,280.6
34761,4932,56500,278.7
34771,4932,56800,280.1
34781,4932,56500,278.7
34791,4932,56900,280.6
34801,4932,57500,283.6
34811,4808,210400,1011.6
34821,4932,57600,284.1
34831,4932,55800,275.2
34841,4932,57500,283.6
34851,4932,55900,275.7
34861,4932,57500,283.6
34871,4932,55900,275.7
34881,4932,57500,283.6
34891,4932,55900,275.7
34901,4936,57500,283.8
34911,4932,58800,290.0
34921,4936,56800,280.4
34931,4932,56600,279.2
34941,4932,56900,280.6
34951,4932,56600,279.2
34961,4932,56900,280.6
34971,4936,56700,279.9
34981,4932,56900,280.6
34991,4936,57500,283.8
35001,4932,55800,275.2
35011,4936,57500,283.8
35021,4836,56000,270.8
35031,4936,57500,283.8
35041,4932,55900,275.7
35051,4936,57600,284.3
35061,4932,55900,275.7
35071,4936,57600,284.3
35081,4932,55900,275.7
35091,4936,57500,283.8
35101,4932,56000,276.2
35111,4932,56800,280.1
35121,4716,134000,631.9
35131,4936,56800,280.4
35141,4932,56500,278.7
35151,4936,56900,280.9
35161,4932,57500,283.6
35171,4932,56100,276.7
35181,4936,57500,283.8
35191,4932,55900,275.7
35201,4932,57500,283.6
35211,4932,55900,275.7
35221,4808,144800,696.2
35231,4932,55900,275.7
35241,4936,57500,283.8
35251,4932,55900,275.7
35261,4936,57500,283.8
35271,4932,55900,275.7
35281,4936,56900,280.9
35291,4932,56600,279.2
35301,4936,56900,280.9
35311,4936,56500,278.9
35321,4800,143200,687.4
35331,4932,56500,278.7
35341,4932,56900,280.6
35351,4932,57500,283.6
35361,4932,55900,275.7
35371,4936,57500,283.8
35381,4932,55900,275.7
35391,4936,57400,283.3
35401,4932,55900,275.7
35411,4932,57500,283.6
35421,4932,58700,289.5
35431,4936,57500,283.8
35441,4932,55900,275.7
35451,4932,57500,283.6
35461,4932,55900,275.7
35471,4936,56900,280.9
35481,4932,56600,279.2
35491,4932,56800,280.1
35501,4932,56600,279.2
35511,4936,56800,280.4
35521,4932,58900,290.5
35531,4932,56700,279.6
35541,4936,57500,283.8
35551,4932,56000,276.2
35561,4936,57400,283.3
35571,4932,55900,275.7
35581,4936,57400,283.3
35591,4932,55900,275.7
35601,4936,57400,283.3
35611,4932,55900,275.7
35621,4936,57500,283.8
35631,4812,214600,1032.7
35641,4936,57500,283.8
35651,4932,56200,277.2
35661,4932,56900,280.6
35671,4932,56500,278.7
35681,4932,56800,280.1
35691,4932,56500,278.7
35701,4932,56800,280.1
35711,4932,57500,283.6
35721,4932,55900,275.7
35731,4796,139300,668.1
35741,4932,55900,275.7
35751,4936,57500,283.8
35761,4932,55900,275.7
35771,4936,57500,283.8
35781,4932,55900,275.7
35791,4932,57500,283.6
35801,4932,55900,275.7
35811,4936,57500,283.8
35821,4932,55900,275.7
35831,4936,56800,280.4
35841,4696,133500,626.9
35851,4932,56800,280.1
35861,4932,56600,279.2
35871,4932,56900,280.6
35881,4932,56600,279.2
35891,4932,56900,280.6
35901,4936,57500,283.8
35911,4932,55900,275.7
35921,4936,57500,283.8
35931,4932,55900,275.7
35941,4936,57400,283.3
35951,4840,56000,271.0
35961,4932,57500,283.6
35971,4932,56000,276.2
35981,4936,57500,283.8
35991,4932,55900,275.7
36001,4936,57500,283.8
36011,4932,55900,275.7
36021,4932,56900,280.6
36031,4936,56500,278.9
36041,4932,56900,280.6
36051,4736,131800,624.2
36061,4936,56900,280.9
36071,4932,57400,283.1
36081,4932,56400,278.2
36091,4936,57500,283.8
36101,4932,56000,276.2
36111,4936,57500,283.8
36121,4932,55900,275.7
36131,4936,57500,283.8
36141,4932,55900,275.7
36151,4804,177200,851.3
36161,4932,55900,275.7
36171,4932,57500,283.6
36181,4932,55900,275.7
36195,4932,55900,275.7
36201,4932,56600,279.2
36211,4936,56800,280.4
36221,4932,56600,279.2
36231,4932,56900,280.6
36241,4932,56600,279.2
36251,4932,56900,280.6
36261,4704,135500,637.4
36271,4932,55900,275.7
36281,4936,57500,283.8
36291,4932,55900,275.7
36301,4936,57500,283.8
36311,4932,55900,275.7
36321,4932,57500,283.6
36331,4932,56000,276.2
36341,4936,57500,283.8
36351,4932,55900,275.7
36361,4788,142300,681.3
36371,4932,55900,275.7
36381,4932,56900,280.6
36391,4932,56600,279.2
36401,4936,56800,280.4
36411,4932,56600,279.2
36421,4932,56900,280.6
36431,4936,56700,279.9
36441,4932,56900,280.6
36451,4936,57500,283.8
36461,4932,55900,275.7
36471,4696,139500,655.1
36481,4932,55800,275.2
36491,4936,57600,284.3
36501,4932,55900,275.7
36511,4936,57500,283.8
36521,4932,56000,276.2
36531,4936,57500,283.8
36541,4932,56000,276.2
36551,4936,57600,284.3
36561,4932,55900,275.7
36571,4804,207900,998.8
36581,4932,56600,279.2
36591,4932,56800,280.1
36601,4936,56600,279.4
36611,4932,56800,280.1
36621,4932,57600,284.1
36631,4932,56000,276.2
36641,4936,57500,283.8
36651,4932,56000,276.2
36661,4932,57500,283.6
36671,4800,141900,681.1
36681,4936,57500,283.8
36691,4932,56000,276.2
36701,4936,57500,283.8
36711,4932,55900,275.7
36721,4932,57500,283.6
36731,4932,55900,275.7
36741,4936,56900,280.9
36751,4932,56600,279.2
36761,4932,56800,280.1
36771,4804,147200,707.1
36781,4936,56900,280.9
36791,4932,56600,279.2
36801,4932,56900,280.6
36811,4932,57500,283.6
36821,4932,56000,276.2
36831,4936,57500,283.8
36841,4932,55900,275.7
36851,4936,57500,283.8
36861,4932,55900,275.7
36871,4932,57600,284.1
36881,4704,131800,620.0
36891,4932,57600,284.1
36901,4932,55900,275.7
36911,4936,57500,283.8
36921,4932,55900,275.7
36931,4932,56900,280.6
36941,4932,56600,279.2
36951,4936,56900,280.9
36961,4932,56500,278.7
36971,4936,56800,280.4
36981,4800,142700,685.0
36991,4932,56800,280.1
37001,4936,57500,283.8
37011,4932,55900,275.7
37021,4936,57500,283.8
37031,4932,55900,275.7
37041,4936,57500,283.8
37051,4932,56000,276.2
37061,4936,57500,283.8
37071,4932,55900,275.7
37081,4932,74100,365.5
37091,4932,55900,275.7
37101,4936,57500,283.8
37111,4932,56200,277.2
37121,4936,56800,280.4
37131,4932,56500,278.7
37141,4932,56900,280.6
37151,4936,56600,279.4
37161,4932,56800,280.1
37171,4932,57500,283.6
37181,4932,55800,275.2
37191,4804,141600,680.2
37201,4932,56000,276.2
37211,4932,57500,283.6
37221,4932,55900,275.7
37231,4936,57500,283.8
37241,4932,55900,275.7
37251,4936,57500,283.8
37261,4932,56000,276.2
37271,4936,57500,283.8
37281,4932,55800,275.2
37291,4804,145100,697.1
37301,4932,56600,279.2
37311,4932,56900,280.6
37321,4932,56600,279.2
37331,4932,56800,280.1
37341,4932,56600,279.2
37351,4932,56900,280.6
37361,4936,57500,283.8
37371,4932,56000,276.2
37381,4932,57600,284.1
37391,4932,56000,276.2
37401,4696,139600,655.6
37411,4932,55900,275.7
37421,4936,57500,283.8
37431,4932,56000,276.2
37441,4936,57500,283.8
37451,4932,55900,275.7
37461,4936,57500,283.8
37471,4932,56000,276.2
37481,4932,56800,280.1
37491,4932,56600,279.2
37501,4808,141700,681.3
37511,4932,56600,279.2
37521,4936,56900,280.9
37531,4932,57300,282.6
37541,4932,56500,278.7
37551,4936,57500,283.8
37561,4932,55900,275.7
37571,4936,57600,284.3
37581,4932,55900,275.7
37591,4936,57500,283.8
37601,4804,141800,681.2
37611,4936,57500,283.8
37621,4932,55900,275.7
37631,4936,57500,283.8
37641,4932,55900,275.7
37651,4936,57300,282.8
37661,4932,56500,278.7
37671,4932,56900,280.6
37681,4932,56500,278.7
37691,4932,56800,280.1
37701,4936,56600,279.4
37711,4732,164000,776.0
37721,4932,57500,283.6
37731,4932,55900,275.7
37741,4936,57500,283.8
37751,4932,56000,276.2
37761,4936,57500,283.8
37771,4932,56000,276.2
37781,4936,57500,283.8
37791,4932,55900,275.7
37801,4936,57500,283.8
37811,4768,172700,823.4
37821,4936,57500,283.8
37831,4932,56000,276.2
37841,4936,56900,280.9
37851,4932,56500,278.7
37861,4932,56800,280.1
37871,4932,56500,278.7
37881,4932,56800,280.1
37892,4936,57500,283.8
37901,4932,56800,280.1
37911,4932,57500,283.6
37921,4764,187500,893.2
37931,4936,57500,283.8
37941,4932,55900,275.7
37951,4936,57500,283.8
37961,4932,55900,275.7
37971,4932,57500,283.6
37981,4932,55900,275.7
37991,4936,57500,283.8
38001,4932,55900,275.7
38011,4936,57500,283.8
38021,4804,138600,665.8
38031,4932,56800,280.1
38041,4932,56500,278.7
38051,4932,56800,280.1
38061,4932,56600,279.2
38071,4932,56900,280.6
38081,4932,57500,283.6
38091,4932,56200,277.2
38101,4936,57500,283.8
38111,4932,55900,275.7
38121,4928,57700,284.3
38131,4932,55900,275.7
38141,4936,57500,283.8
38151,4932,56000,276.2
38161,4932,57500,283.6
38171,4932,55900,275.7
38181,4936,57500,283.8
38191,4932,56000,276.2
38201,4936,57000,281.4
38211,4932,56700,279.6
38221,4932,56900,280.6
38231,4816,211300,1017.6
38241,4932,56900,280.6
38251,4932,56600,279.2
38261,4932,56900,280.6
38271,4932,57600,284.1
38281,4932,55900,275.7
38291,4932,57500,283.6
38301,4932,55900,275.7
38311,4936,57400,283.3
38321,4932,55900,275.7
38331,4776,142700,681.5
38341,4932,56000,276.2
38351,4936,57500,283.8
38361,4932,55900,275.7
38371,4936,57500,283.8
38381,4932,55900,275.7
38391,4932,56900,280.6
38401,4932,56600,279.2
38411,4932,56900,280.6
38421,4932,56600,279.2
38431,4928,56900,280.4
38441,4932,56900,280.6
38451,4932,56800,280.1
38461,4936,57500,283.8
38471,4932,55900,275.7
38481,4936,57500,283.8
38491,4932,55900,275.7
38501,4936,57400,283.3
38511,4932,55900,275.7
38521,4936,57500,283.8
38531,4932,55900,275.7
38541,4804,178400,857.0
38551,4932,55900,275.7
38561,4932,57500,283.6
38571,4932,56100,276.7
38581,4932,56900,280.6
38591,4932,56600,279.2
38601,4932,56900,280.6
38611,4932,56500,278.7
38621,4936,56900,280.9
38631,4932,57500,283.6
38641,4932,55900,275.7
38651,4772,136100,649.5
38661,4932,55900,275.7
38671,4936,57600,284.3
38681,4932,55900,275.7
38691,4936,57500,283.8
38701,4932,55900,275.7
38711,4936,57600,284.3
38721,4932,55900,275.7
38731,4936,57500,283.8
38741,4932,55900,275.7
38751,4936,56700,279.9
38761,4896,56600,277.1
38771,4932,56900,280.6
38781,4932,56500,278.7
38791,4932,56800,280.1
38801,4932,56500,278.7
38811,4932,56900,280.6
38821,4932,57600,284.1
38831,4932,55900,275.7
38841,4936,57500,283.8
38851,4932,55800,275.2
38861,4928,58500,288.3
38871,4932,55900,275.7
38881,4936,57500,283.8
38891,4932,55900,275.7
38901,4936,57500,283.8
38911,4932,55900,275.7
38921,4932,57500,283.6
38931,4932,55900,275.7
38941,4932,56900,280.6
38951,4932,56500,278.7
38961,4936,56900,280.9
38971,4808,207600,998.1
38981,4936,56900,280.9
38991,4932,57300,282.6
39001,4932,56500,278.7
39011,4936,57500,283.8
39021,4932,55900,275.7
39031,4936,57500,283.8
39041,4932,56000,276.2
39051,4936,57400,283.3
39061,4932,55900,275.7
39071,4720,139000,656.1
39081,4932,55900,275.7
39091,4932,57500,283.6
39101,4932,55900,275.7
39111,4936,57300,282.8
39121,4932,56400,278.2
39131,4932,56800,280.1
39141,4936,56600,279.4
39151,4936,56800,280.4
39161,4932,56600,279.2
39171,4820,210300,1013.6
39181,4932,57500,283.6
39191,4932,55900,275.7
39201,4936,57500,283.8
39211,4932,55900,275.7
39221,4936,57500,283.8
39231,4932,55900,275.7
39241,4936,57500,283.8
39251,4932,56000,276.2
39261,4936,57500,283.8
39271,4780,180400,862.3
39281,4936,57600,284.3
39291,4932,55900,275.7
39301,4936,56800,280.4
39311,4932,56500,278.7
39321,4936,56900,280.9
39331,4932,56600,279.2
39341,4932,56900,280.6
39351,4936,56700,279.9
39361,4932,56800,280.1
39371,4808,138600,666.4
39381,4932,55900,275.7
39391,4936,57500,283.8
39401,4932,55900,275.7
39411,4932,57500,283.6
39421,4932,55900,275.7
39431,4932,57500,283.6
39441,4932,55900,275.7
39451,4936,57500,283.8
39461,4932,55900,275.7
39471,4936,57500,283.8
39481,4712,134500,633.8
39491,4932,56800,280.1
39501,4932,56500,278.7
39511,4932,56800,280.1
39521,4932,56600,279.2
39531,4936,56800,280.4
39541,4932,57500,283.6
39551,4932,56100,276.7
39561,4936,57600,284.3
39571,4932,55800,275.2
39581,4808,141700,681.3
39592,4932,56000,276.2
39601,4932,57500,283.6
39611,4932,55900,275.7
39621,4932,57500,283.6
39631,4932,55900,275.7
39641,4932,57500,283.6
39651,4932,55900,275.7
39661,4936,57000,281.4
39671,4932,56600,279.2
39681,4928,83000,409.0
39691,4932,56600,279.2
39701,4932,56900,280.6
39711,4932,56600,279.2
39721,4932,56800,280.1
39731,4936,57500,283.8
39741,4932,55900,275.7
39751,4932,57500,283.6
39761,4932,55900,275.7
39771,4936,57500,283.8
39781,4932,55900,275.7
39791,4688,150300,704.6
39801,4932,55900,275.7
39811,4936,57500,283.8
39821,4932,55900,275.7
39831,4936,57400,283.3
39841,4932,56000,276.2
39851,4936,56900,280.9
39861,4932,56500,278.7
39871,4936,56900,280.9
39881,4932,56600,279.2
39891,4804,141000,677.4
39901,4932,56900,280.6
39911,4932,56800,280.1
39921,4932,57500,283.6
39931,4932,55900,275.7
39941,4932,57500,283.6
39951,4932,55900,275.7
39961,4936,57500,283.8
39971,4932,55900,275.7
39981,4936,57500,283.8
39991,4880,159800,779.8
40001,4936,57500,283.8
40011,4932,56000,276.2
40021,4936,57500,283.8
40031,4932,56200,277.2
40041,4932,56800,280.1
40051,4932,56600,279.2
40061,4932,56800,280.1
40071,4932,56600,279.2
40081,4936,56800,280.4
40091,4932,59900,295.4
40101,4932,55900,275.7
40111,4936,57500,283.8
40121,4932,55900,275.7
40131,4932,57500,283.6
40141,4932,55900,275.7
40151,4936,57400,283.3
40161,4932,56000,276.2
40171,4936,57500,283.8
40181,4936,55900,275.9
40191,4936,57500,283.8
40201,4804,140000,672.6
40211,4936,56900,280.9
40221,4932,56600,279.2
40231,4936,56900,280.9
40241,4932,56600,279.2
40251,4932,56900,280.6
40261,4932,56500,278.7
40271,4932,56800,280.1
40281,4936,57500,283.8
40291,4932,55900,275.7
40301,4812,138300,665.5
40311,4932,55900,275.7
40321,4932,57500,283.6
40331,4932,55900,275.7
40341,4932,57500,283.6
40351,4932,55900,275.7
40361,4936,57500,283.8
40371,4932,55900,275.7
40381,4936,57500,283.8
40391,4932,55900,275.7
40401,4932,56900,280.6
40411,4804,139300,669.2
40421,4936,56900,280.9
40431,4932,56500,278.7
40441,4932,56900,280.6
40451,4936,57300,282.8
40461,4932,56400,278.2
40471,4936,57600,284.3
40481,4932,55900,275.7
40491,4936,57500,283.8
40501,4932,56000,276.2
40511,4808,135500,651.5
40521,4932,56000,276.2
40531,4936,57500,283.8
40541,4932,56000,276.2
40551,4936,57500,283.8
40561,4932,55900,275.7
40571,4936,57400,283.3
40581,4932,56400,278.2
40591,4932,56800,280.1
40601,4932,56600,279.2
40611,4932,56800,280.1
40621,4920,56500,278.0
40631,4932,56800,280.1
40641,4932,57500,283.6
40651,4932,55900,275.7
40661,4936,57500,283.8
40671,4932,55900,275.7
40681,4936,57500,283.8
40691,4932,55900,275.7
40701,4936,57400,283.3
40711,4928,55900,275.5
40721,4820,135400,652.6
40731,4932,55900,275.7
40741,4936,57600,284.3
40751,4932,55800,275.2
40761,4932,56900,280.6
40771,4932,56600,279.2
40781,4936,56700,279.9
40791,4936,56600,279.4
40801,4932,56900,280.6
40811,4932,56600,279.2
40821,4932,56900,280.6
40831,4740,135500,642.3
40841,4932,55900,275.7
40851,4936,57500,283.8
40861,4932,55900,275.7
40871,4932,57500,283.6
40881,4932,56000,276.2
40891,4936,57500,283.8
40901,4932,56000,276.2
40911,4932,57500,283.6
40921,4932,55800,275.2
40931,4928,71900,354.3
40941,4932,56000,276.2
40951,4936,56800,280.4
40961,4932,56600,279.2
40971,4932,56800,280.1
40981,4932,56600,279.2
40991,4932,56900,280.6
41001,4932,57500,283.6
41011,4932,56100,276.7
41021,4936,57600,284.3
41031,4932,55800,275.2
41041,4732,168600,797.8
41051,4932,55900,275.7
41061,4936,57500,283.8
41071,4932,56000,276.2
41081,4936,57500,283.8
41091,4932,55900,275.7
41101,4936,57500,283.8
41111,4932,55900,275.7
41121,4932,57000,281.1
41131,4932,56600,279.2
41141,4936,56900,280.9
41151,4820,217700,1049.3
41161,4932,56900,280.6
41171,4932,56500,278.7
41181,4932,56900,280.6
41191,4936,57600,284.3
41201,4932,55900,275.7
41211,4932,57500,283.6
41221,4932,55900,275.7
41231,4936,57400,283.3
41241,4932,55900,275.7
41251,4804,141300,678.8
41261,4932,55900,275.7
41271,4936,57500,283.8
41281,4932,55900,275.7
41292,4932,56900,280.6
41301,4932,55900,275.7
41311,4936,56900,280.9
41321,4932,56600,279.2
41331,4932,56800,280.1
41341,4932,56600,279.2
41351,4932,56900,280.6
41361,4712,138000,650.3
41371,4932,56800,280.1
41381,4932,57500,283.6
41391,4932,56000,276.2
41401,4936,57500,283.8
41411,4932,55900,275.7
41421,4936,57600,284.3
41431,4932,55900,275.7
41441,4936,57500,283.8
41451,4932,55900,275.7
41461,4780,142600,681.6
41471,4932,55900,275.7
41481,4936,57500,283.8
41491,4932,56200,277.2
41501,4936,56800,280.4
41511,4932,56500,278.7
41521,4932,56800,280.1
41531,4932,56600,279.2
41541,4932,56900,280.6
41551,4932,57500,283.6
41561,4932,55900,275.7
41571,4744,137900,654.2
41581,4932,55900,275.7
41591,4936,57500,283.8
41601,4932,55900,275.7
41611,4936,57500,283.8
41621,4932,55900,275.7
41631,4932,57500,283.6
41641,4932,55900,275.7
41651,4936,57500,283.8
41661,4932,55900,275.7
41671,4932,72900,359.5
41681,4932,56500,278.7
41691,4936,56900,280.9
41701,4932,56500,278.7
41711,4932,56800,280.1
41721,4932,56500,278.7
41731,4932,56900,280.6
41741,4936,57500,283.8
41751,4932,56000,276.2
41761,4936,57500,283.8
41771,4932,55900,275.7
41781,4936,57500,283.8
41791,4932,55900,275.7
41801,4936,57500,283.8
41811,4932,55900,275.7
41821,4936,57500,283.8
41831,4932,55900,275.7
41841,4936,57500,283.8
41851,4932,55900,275.7
41861,4932,56900,280.6
41871,4932,56500,278.7
41881,4804,205900,989.1
41891,4932,56600,279.2
41901,4932,56800,280.1
41911,4932,57300,282.6
41921,4932,56500,278.7
41931,4936,57500,283.8
41941,4932,55900,275.7
41951,4936,57500,283.8
41961,4932,55900,275.7
41971,4932,57500,283.6
41981,4932,55900,275.7
41991,4816,138800,668.5
42001,4932,56000,276.2
42011,4932,57500,283.6
42021,4932,56000,276.2
42031,4936,57400,283.3
42041,4932,56500,278.7
42051,4936,56800,280.4
42061,4932,56600,279.2
42071,4932,56900,280.6
42081,4936,56500,278.9
42091,4928,56900,280.4
42101,4936,57500,283.8
42111,4932,56000,276.2
42121,4936,57500,283.8
42131,4932,55900,275.7
42141,4936,57500,283.8
42151,4932,55900,275.7
42161,4932,57500,283.6
42171,4932,55900,275.7
42181,4936,57500,283.8
42191,4932,56000,276.2
42201,4692,147900,693.9
42211,4932,56000,276.2
42221,4936,56900,280.9
42231,4932,56600,279.2
42241,4932,56900,280.6
42251,4932,56600,279.2
42261,4932,56900,280.6
42271,4932,56700,279.6
42281,4932,56800,280.1
42291,4936,57500,283.8
42301,4804,141300,678.8
42311,4936,57600,284.3
42321,4932,55900,275.7
42331,4936,57500,283.8
42341,4932,56000,276.2
42351,4932,57500,283.6
42361,4932,55900,275.7
42371,4932,57500,283.6
42381,4932,56000,276.2
42391,4936,57500,283.8
42401,4932,55900,275.7
42411,4804,146500,703.8
42421,4932,56600,279.2
42431,4936,56900,280.9
42441,4932,56600,279.2
42451,4932,56800,280.1
42461,4932,57500,283.6
42471,4932,56100,276.7
42481,4936,57500,283.8
42491,4932,55900,275.7
42501,4932,57500,283.6
42511,4932,55900,275.7
42521,4716,160400,756.4
42531,4932,55900,275.7
42541,4932,57500,283.6
42551,4932,55900,275.7
42561,4936,57500,283.8
42571,4932,55900,275.7
42581,4936,57000,281.4
42591,4932,56600,279.2
42601,4932,56900,280.6
42611,4932,56600,279.2
42621,4936,56900,280.9
42631,4912,56600,278.0
42641,4932,56900,280.6
42651,4936,57500,283.8
42661,4932,56000,276.2
42671,4936,57600,284.3
42681,4932,55900,275.7
42691,4932,57500,283.6
42701,4932,55800,275.2
42711,4936,57500,283.8
42721,4932,55900,275.7
42731,4820,140300,676.2
42741,4932,55900,275.7
42751,4932,57500,283.6
42761,4932,55900,275.7
42771,4932,56900,280.6
42781,4932,56600,279.2
42791,4932,56900,280.6
42801,4932,56600,279.2
42811,4932,56900,280.6
42821,4936,57000,281.4
42831,4932,56700,279.6
42841,4728,139300,658.6
42851,4932,55900,275.7
42861,4936,57500,283.8
42871,4932,56000,276.2
42881,4932,57500,283.6
42891,4932,56000,276.2
42901,4936,57500,283.8
42911,4932,55900,275.7
42921,4932,57600,284.1
42931,4932,55900,275.7
42941,4808,172400,828.9
42951,4932,56000,276.2
42961,4932,56900,280.6
42971,4932,56500,278.7
42981,4932,56800,280.1
42991,4932,56600,279.2
43002,4936,56000,276.4
43011,4932,57600,284.1
43021,4932,55900,275.7
43031,4936,57500,283.8
43041,4932,55900,275.7
43051,4936,57500,283.8
43061,4932,55900,275.7
43071,4936,57400,283.3
43081,4932,56000,276.2
43091,4936,57500,283.8
43101,4932,55900,275.7
43111,4936,57500,283.8
43121,4932,55900,275.7
43131,4936,56800,280.4
43141,4932,56600,279.2
43151,4792,141500,678.1
43161,4932,56600,279.2
43171,4932,56900,280.6
43181,4932,56500,278.7
43191,4932,56900,280.6
43201,4936,57500,283.8
43211,4932,55900,275.7
43221,4932,57500,283.6
43231,4932,55800,275.2
43241,4936,57600,284.3
43251,4932,55900,275.7
43261,4708,157200,740.1
43271,4932,55900,275.7
43281,4936,57500,283.8
43291,4932,55900,275.7
43301,4936,57600,284.3
43311,4932,55900,275.7
43321,4936,56900,280.9
43331,4932,56500,278.7
43341,4932,56900,280.6
43351,4932,56500,278.7
43361,4932,56800,280.1
43371,4820,214400,1033.4
43381,4932,56600,279.2
43391,4932,57500,283.6
43401,4932,55900,275.7
43411,4936,57500,283.8
43421,4932,55900,275.7
43431,4936,57500,283.8
43441,4932,55900,275.7
43451,4936,57500,283.8
43461,4932,55900,275.7
43471,4932,62000,305.8
43481,4932,55900,275.7
43491,4936,57500,283.8
43501,4932,56400,278.2
43511,4936,56900,280.9
43521,4932,56600,279.2
43531,4932,56900,280.6
43541,4932,56600,279.2
43551,4936,56800,280.4
43561,4932,57400,283.1
43571,4932,55900,275.7
43581,4776,194100,927.0
43591,4932,55900,275.7
43601,4936,57500,283.8
43611,4932,56000,276.2
43621,4936,57500,283.8
43631,4932,55900,275.7
43641,4936,57600,284.3
43651,4932,55800,275.2
43661,4936,57600,284.3
43671,4932,55900,275.7
43681,4748,135200,641.9
43691,4932,56500,278.7
43701,4932,56900,280.6
43711,4932,56600,279.2
43721,4932,56800,280.1
43731,4932,56600,279.2
43741,4932,56900,280.6
43751,4936,57500,283.8
43761,4932,55900,275.7
43771,4936,57500,283.8
43781,4920,150000,738.0
43791,4936,57500,283.8
43801,4932,55900,275.7
43811,4932,57500,283.6
43821,4932,55900,275.7
43831,4936,57600,284.3
43841,4932,56000,276.2
43851,4932,57500,283.6
43861,4932,55900,275.7
43871,4932,56800,280.1
43881,4932,56500,278.7
43891,4804,144700,695.1
43901,4932,56600,279.2
43911,4932,56900,280.6
43921,4932,57500,283.6
43931,4932,56100,276.7
43941,4936,57500,283.8
43951,4932,55800,275.2
43961,4936,57500,283.8
43971,4932,55900,275.7
43981,4932,57500,283.6
43991,4932,56000,276.2
44001,4936,57500,283.8
44011,4932,55900,275.7
44021,4936,57500,283.8
44031,4932,55900,275.7
44041,4932,57100,281.6
44051,4932,56600,279.2
44061,4932,56900,280.6
44071,4936,56600,279.4
44081,4932,56900,280.6
44091,4932,56500,278.7
44101,4800,143400,688.3
44111,4936,57500,283.8
44121,4932,56000,276.2
44131,4936,57500,283.8
44141,4932,55900,275.7
44151,4932,57500,283.6
44161,4932,55900,275.7
44171,4936,57500,283.8
44181,4932,56000,276.2
44191,4932,57400,283.1
44201,4932,55900,275.7
44211,4720,135500,639.6
44221,4932,55900,275.7
44231,4932,56900,280.6
44241,4932,56600,279.2
44251,4936,56900,280.9
44261,4932,56600,279.2
44271,4932,56800,280.1
44281,4932,56900,280.6
44291,4932,56800,280.1
44301,4936,57500,283.8
44311,4804,139500,670.2
44321,4936,57500,283.8
44331,4932,55900,275.7
44341,4936,57500,283.8
44351,4932,55900,275.7
44361,4936,57500,283.8
44371,4932,55900,275.7
44381,4936,57500,283.8
44391,4932,55900,275.7
44401,4932,57500,283.6
44411,4932,56100,276.7
44421,4804,180800,868.6
44431,4932,56500,278.7
44441,4932,56900,280.6
44451,4932,56600,279.2
44461,4936,56900,280.9
44471,4932,57500,283.6
44481,4932,55900,275.7
44491,4936,57500,283.8
44501,4932,55900,275.7
44511,4936,57500,283.8
44521,4932,55900,275.7
44531,4732,169500,802.1
44541,4932,55900,275.7
44551,4936,57500,283.8
44561,4932,55900,275.7
44571,4932,57500,283.6
44581,4932,55900,275.7
44591,4932,56800,280.1
44601,4932,56600,279.2
44611,4932,56800,280.1
44621,4932,56600,279.2
44631,4688,134700,631.5
44641,4932,56600,279.2
44651,4932,56800,280.1
44661,4936,57500,283.8
44671,4932,56000,276.2
44681,4936,57500,283.8
44691,4932,55900,275.7
44702,4932,57500,283.6
44711,4932,55800,275.2
44721,4936,57500,283.8
44731,4800,140600,674.9
44741,4936,57500,283.8
44751,4932,55900,275.7
44761,4936,57500,283.8
44771,4932,55900,275.7
44781,4932,56900,280.6
44791,4936,56600,279.4
44801,4932,56900,280.6
44811,4932,56600,279.2
44821,4932,56800,280.1
44831,4796,143400,687.7
44841,4932,56600,279.2
44851,4936,57500,283.8
44861,4932,56000,276.2
44871,4936,57500,283.8
44881,4932,55900,275.7
44891,4932,57500,283.6
44901,4932,55900,275.7
44911,4936,57400,283.3
44921,4932,55900,275.7
44931,4936,57500,283.8
44941,4808,215200,1034.7
44951,4936,57400,283.3
44961,4932,56400,278.2
44971,4932,56900,280.6
44981,4932,56500,278.7
44991,4932,56900,280.6
45001,4932,56500,278.7
45011,4932,56800,280.1
45021,4932,57500,283.6
45031,4932,55900,275.7
45041,4724,138700,655.2
45051,4932,55900,275.7
45061,4932,57600,284.1
45071,4932,55900,275.7
45081,4936,57500,283.8
45091,4932,56000,276.2
45101,4936,57600,284.3
45111,4932,55900,275.7
45121,4936,57500,283.8
45131,4932,55900,275.7
45141,4936,56900,280.9
45151,4772,179000,854.2
45161,4932,56900,280.6
45171,4932,56600,279.2
45181,4932,56900,280.6
45191,4932,56700,279.6
45201,4932,56900,280.6
45211,4936,57500,283.8
45221,4932,55900,275.7
45231,4936,57500,283.8
45241,4932,55900,275.7
45251,4788,144200,690.4
45261,4932,55900,275.7
45271,4936,57500,283.8
45281,4932,55900,275.7
45291,4936,57500,283.8
45301,4932,55900,275.7
45311,4936,57500,283.8
45321,4932,55900,275.7
45331,4932,56800,280.1
45341,4932,56600,279.2
45351,4932,56800,280.1
45361,4812,214100,1030.2
45371,4932,56800,280.1
45381,4936,57500,283.8
45391,4932,56200,277.2
45401,4936,57500,283.8
45411,4932,55900,275.7
45421,4932,57500,283.6
45431,4932,55800,275.2
45441,4936,57500,283.8
45451,4932,55900,275.7
45461,4804,136200,654.3
45471,4932,55900,275.7
45481,4936,57500,283.8
45491,4932,55900,275.7
45501,4936,57100,281.8
45511,4932,56700,279.6
45521,4932,56900,280.6
45531,4932,56600,279.2
45541,4932,56900,280.6
45551,4936,56600,279.4
45561,4932,56900,280.6
45571,4912,57500,282.4
45581,4932,55900,275.7
45591,4932,57600,284.1
45601,4932,55900,275.7
45611,4936,57500,283.8
45621,4932,55900,275.7
45631,4936,57500,283.8
45641,4932,55900,275.7
45651,4936,57500,283.8
45661,4932,55900,275.7
45671,4780,141800,677.8
45681,4932,55900,275.7
45691,4932,56900,280.6
45701,4932,56600,279.2
45711,4932,56800,280.1
45721,4932,56600,279.2
45731,4932,56800,280.1
45741,4932,56900,280.6
45751,4936,56800,280.4
45761,4936,57500,283.8
45771,4932,55900,275.7
45781,4932,57500,283.6
45791,4932,55900,275.7
45801,4936,57500,283.8
45811,4932,55900,275.7
45821,4936,57500,283.8
45831,4932,55900,275.7
45841,4936,57500,283.8
45851,4932,55900,275.7
45861,4936,57500,283.8
45871,4932,56200,277.2
45881,4932,56900,280.6
45891,4864,56600,275.3
45901,4932,56900,280.6
45911,4932,56600,279.2
45921,4932,56900,280.6
45931,4936,57500,283.8
45941,4932,55900,275.7
45951,4936,57500,283.8
45961,4932,55900,275.7
45971,4936,57500,283.8
45981,4932,55900,275.7
45991,4804,141500,679.8
46001,4932,55900,275.7
46011,4936,57600,284.3
46021,4932,55900,275.7
46031,4932,57400,283.1
46041,4932,55900,275.7
46051,4936,56800,280.4
46061,4932,56600,279.2
46071,4936,56900,280.9
46081,4932,56600,279.2
46091,4804,142900,686.5
46101,4936,56600,279.4
46111,4932,56900,280.6
46121,4932,57500,283.6
46131,4932,55900,275.7
46141,4932,57500,283.6
46151,4932,56000,276.2
46161,4936,57500,283.8
46171,4932,55900,275.7
46181,4932,57400,283.1
46191,4932,56000,276.2
46201,4804,135100,649.0
46211,4932,56000,276.2
46221,4936,57500,283.8
46231,4932,55900,275.7
46241,4932,56900,280.6
46251,4932,56600,279.2
46261,4932,56900,280.6
46271,4932,56600,279.2
46281,4936,56900,280.9
46291,4936,57300,282.8
46301,4800,141800,680.6
46311,4908,57500,282.2
46321,4932,55900,275.7
46331,4932,57500,283.6
46341,4932,55900,275.7
46351,4936,57500,283.8
46361,4932,56000,276.2
46371,4936,57500,283.8
46381,4932,55900,275.7
46391,4936,57600,284.3
46402,4932,56300,277.7
46411,4936,57400,283.3
46421,4844,56400,273.2
46431,4932,56800,280.1
46441,4932,56600,279.2
46451,4932,56900,280.6
46461,4932,56600,279.2
46471,4932,56900,280.6
46481,4932,57500,283.6
46491,4932,55900,275.7
46501,4936,57500,283.8
46511,4932,55900,275.7
46521,4736,139800,662.1
46531,4932,55900,275.7
46541,4932,57500,283.6
46551,4932,55900,275.7
46561,4936,57500,283.8
46571,4932,55900,275.7
46581,4936,57500,283.8
46591,4932,55900,275.7
46601,4936,56800,280.4
46611,4932,56600,279.2
46621,4804,177000,850.3
46631,4932,56500,278.7
46641,4936,56900,280.9
46651,4932,56600,279.2
46661,4932,56900,280.6
46671,4932,57500,283.6
46681,4932,55900,275.7
46691,4936,57500,283.8
46701,4932,55900,275.7
46711,4936,57500,283.8
46721,4808,137600,661.6
46731,4936,57600,284.3
46741,4932,56000,276.2
46751,4936,57500,283.8
46761,4932,56000,276.2
46771,4932,57600,284.1
46781,4932,55900,275.7
46791,4932,56900,280.6
46801,4932,56500,278.7
46811,4932,56800,280.1
46821,4932,59500,293.5
46831,4932,56900,280.6
46841,4936,57500,283.8
46851,4932,56200,277.2
46861,4936,57500,283.8
46871,4932,55900,275.7
46881,4936,57500,283.8
46891,4932,55900,275.7
46901,4936,57500,283.8
46911,4932,55900,275.7
46921,4936,57500,283.8
46931,4804,142100,682.6
46941,4936,57500,283.8
46951,4932,55900,275.7
46961,4936,57200,282.3
46971,4932,56600,279.2
46981,4932,56900,280.6
46991,4932,56600,279.2
47001,4932,56800,280.1
47011,4936,56600,279.4
47021,4932,56900,280.6
47031,4932,57500,283.6
47041,4812,207900,1000.4
47051,4936,57500,283.8
47061,4932,56000,276.2
47071,4936,57600,284.3
47081,4932,55900,275.7
47091,4936,57500,283.8
47101,4932,55900,275.7
47111,4936,57500,283.8
47121,4932,56000,276.2
47131,4936,57500,283.8
47141,4932,55900,275.7
47151,4720,138300,652.8
47161,4932,56600,279.2
47171,4936,56900,280.9
47181,4936,56600,279.4
47191,4936,56900,280.9
47201,4932,56800,280.1
47211,4932,56800,280.1
47221,4936,57500,283.8
47231,4932,55900,275.7
47241,4932,57500,283.6
47251,4792,190000,910.5
47261,4936,57500,283.8
47271,4932,55900,275.7
47281,4932,57500,283.6
47291,4932,55900,275.7
47301,4936,57500,283.8
47311,4932,55900,275.7
47321,4936,57500,283.8
47331,4932,56100,276.7
47341,4936,56900,280.9
47351,4704,132900,625.2
47361,4932,56900,280.6
47371,4932,56500,278.7
47381,4936,56900,280.9
47391,4936,57500,283.8
47401,4932,55900,275.7
47411,4932,57500,283.6
47421,4932,55900,275.7
47431,4936,57500,283.8
47441,4932,55900,275.7
47451,4932,57500,283.6
47461,4800,56000,268.8
47471,4936,57500,283.8
47481,4932,55900,275.7
47491,4936,57500,283.8
47501,4932,55900,275.7
47511,4936,56800,280.4
47521,4932,56600,279.2
47531,4932,56800,280.1
47541,4932,56600,279.2
47551,4932,56900,280.6
47561,4748,158300,751.6
47571,4932,56900,280.6
47581,4936,57500,283.8
47591,4932,56000,276.2
47601,4936,57400,283.3
47611,4932,55900,275.7
47621,4936,57500,283.8
47631,4932,55900,275.7
47641,4936,57500,283.8
47651,4932,55900,275.7
47661,4780,143600,686.4
47671,4932,55900,275.7
47681,4936,57500,283.8
47691,4932,55900,275.7
47701,4932,56900,280.6
47711,4932,56600,279.2
47721,4936,56800,280.4
47731,4932,56600,279.2
47741,4932,56800,280.1
47751,4932,57200,282.1
47761,4928,56600,278.9
47771,4932,57600,284.1
47781,4932,55900,275.7
47791,4936,57500,283.8
47801,4932,55900,275.7
47811,4936,57500,283.8
47821,4932,55900,275.7
47831,4936,57500,283.8
47841,4932,56000,276.2
47851,4932,57500,283.6
47861,4932,58800,290.0
47871,4936,57500,283.8
47881,4932,56300,277.7
47891,4932,56900,280.6
47901,4932,56600,279.2
47911,4932,56900,280.6
47921,4932,56500,278.7
47931,4932,56800,280.1
47941,4936,57500,283.8
47951,4932,55800,275.2
47961,4936,57500,283.8
47971,4812,210500,1012.9
47981,4936,57500,283.8
47991,4932,55900,275.7
48001,4936,57500,283.8
48011,4932,56000,276.2
48021,4936,57400,283.3
48031,4932,55900,275.7
48041,4936,57500,283.8
48051,4932,55900,275.7
48061,4932,56800,280.1
48071,4812,136600,657.3
48081,4932,56900,280.6
48091,4936,56600,279.4
48102,4932,56900,280.6
48111,4932,56600,279.2
48121,4932,56900,280.6
48131,4936,57500,283.8
48141,4932,55900,275.7
48151,4932,57500,283.6
48161,4932,55900,275.7
48171,4932,57500,283.6
48181,4804,208300,1000.7
48191,4936,57500,283.8
48201,4932,55900,275.7
48211,4936,57500,283.8
48221,4932,55900,275.7
48231,4936,57500,283.8
48241,4932,55800,275.2
48251,4932,56800,280.1
48261,4936,56600,279.4
48271,4936,56900,280.9
48281,4800,143100,686.9
48291,4936,56900,280.9
48301,4932,57400,283.1
48311,4932,56400,278.2
48321,4932,57500,283.6
48331,4932,55800,275.2
48341,4936,57500,283.8
48351,4932,55900,275.7
48361,4936,57500,283.8
48371,4932,56000,276.2
48381,4936,57400,283.3
48391,4800,56000,268.8
48401,4936,57500,283.8
48411,4932,55900,275.7
48421,4932,57300,282.6
48431,4932,56600,279.2
48441,4932,56800,280.1
48451,4932,56500,278.7
48461,4932,56900,280.6
48471,4932,56500,278.7
48481,4932,56900,280.6
48491,4728,151700,717.2
48501,4932,55900,275.7
48511,4932,57500,283.6
48521,4932,56000,276.2
48531,4936,57500,283.8
48541,4932,55900,275.7
48551,4936,57400,283.3
48561,4932,55900,275.7
48571,4936,57400,283.3
48581,4932,55900,275.7
48591,4780,141600,676.8
48601,4932,55900,275.7
48611,4936,56900,280.9
48621,4932,56500,278.7
48631,4932,56900,280.6
48641,4932,56600,279.2
48651,4932,56800,280.1
48661,4932,56700,279.6
48671,4932,56900,280.6
48681,4936,57500,283.8
48691,4932,56000,276.2
48701,4700,134300,631.2
48711,4932,55900,275.7
48721,4932,57500,283.6
48731,4932,55900,275.7
48741,4936,57500,283.8
48751,4932,55900,275.7
48761,4936,57500,283.8
48771,4932,55900,275.7
48781,4936,57500,283.8
48791,4932,56000,276.2
48801,4816,139200,670.4
48811,4932,56700,279.6
48821,4932,56800,280.1
48831,4932,56500,278.7
48841,4932,56900,280.6
48851,4932,57600,284.1
48861,4932,56100,276.7
48871,4936,57500,283.8
48881,4932,55900,275.7
48891,4932,57500,283.6
48901,4932,55800,275.2
48911,4776,192000,917.0
48921,4932,56000,276.2
48931,4936,57500,283.8
48941,4932,56000,276.2
48951,4936,57500,283.8
48961,4932,55900,275.7
48971,4932,56900,280.6
48981,4932,56500,278.7
48991,4932,56900,280.6
49001,4932,56500,278.7
49011,4812,205000,986.5
49021,4932,56600,279.2
49031,4932,56900,280.6
49041,4936,57500,283.8
49051,4932,55900,275.7
49061,4936,57500,283.8
49071,4932,55900,275.7
49081,4936,57500,283.8
49091,4932,55900,275.7
49101,4936,57500,283.8
49111,4932,55900,275.7
49121,4736,171100,810.3
49131,4932,55900,275.7
49141,4932,57500,283.6
49151,4932,55900,275.7
49161,4936,56900,280.9
49171,4932,56600,279.2
49181,4936,56900,280.9
49191,4932,56600,279.2
49201,4936,56900,280.9
49211,4932,57100,281.6
49221,4932,56600,279.2
49231,4820,218200,1051.7
49241,4932,55900,275.7
49251,4932,57500,283.6
49261,4932,55900,275.7
49271,4932,57500,283.6
49281,4932,55900,275.7
49291,4936,57600,284.3
49301,4932,55900,275.7
49311,4932,57500,283.6
49321,4932,55900,275.7
49331,4808,135100,649.6
49341,4932,56200,277.2
49351,4932,56900,280.6
49361,4932,56500,278.7
49371,4932,56900,280.6
49381,4936,56600,279.4
49391,4932,56900,280.6
49401,4932,57500,283.6
49411,4932,56000,276.2
49421,4936,57500,283.8
49431,4932,56000,276.2
49441,4696,134200,630.2
49451,4932,55900,275.7
49461,4936,57500,283.8
49471,4932,56000,276.2
49481,4936,57500,283.8
49491,4932,55900,275.7
49501,4936,57500,283.8
49511,4932,55900,275.7
49521,4936,56800,280.4
49531,4932,56500,278.7
49541,4804,145700,699.9
49551,4932,56500,278.7
49561,4932,56900,280.6
49571,4936,56600,279.4
49581,4932,56900,280.6
49591,4936,57500,283.8
49601,4932,55900,275.7
49611,4936,57500,283.8
49621,4932,55900,275.7
49631,4936,57500,283.8
49641,4932,56000,276.2
49651,4700,137900,648.1
49661,4932,56000,276.2
49671,4936,57500,283.8
49681,4932,55900,275.7
49691,4936,57500,283.8
49701,4932,56000,276.2
49711,4932,56900,280.6
49721,4932,56600,279.2
49731,4932,56900,280.6
49741,4932,56600,279.2
49751,4784,102400,489.9
49761,4936,57300,282.8
49771,4932,56500,278.7
49781,4936,57500,283.8
49791,4932,55900,275.7
49802,4936,57500,283.8
49811,4932,56000,276.2
49821,4936,57500,283.8
49831,4932,56000,276.2
49841,4932,57500,283.6
49851,4932,55900,275.7
49861,4804,142800,686.0
49871,4932,55900,275.7
49881,4932,57400,283.1
49891,4932,56600,279.2
49901,4932,56900,280.6
49911,4932,56500,278.7
49921,4932,56900,280.6
49931,4932,56600,279.2
49941,4932,56900,280.6
49951,4932,57500,283.6
49961,4932,55900,275.7
49971,4936,57400,283.3
49981,4932,55900,275.7
49991,4936,57500,283.8
50001,4932,55900,275.7
50011,4936,57500,283.8
50021,4932,55900,275.7
50031,4932,57500,283.6
50041,4932,56000,276.2
50051,4936,57500,283.8
50061,4932,55900,275.7
50071,4784,138400,662.1
50081,4932,56500,278.7
50091,4932,56900,280.6
50101,4932,56600,279.2
50111,4932,56900,280.6
50121,4932,56700,279.6
50131,4932,56900,280.6
50141,4932,57600,284.1
50151,4932,55900,275.7
50161,4936,57500,283.8
50171,4932,55900,275.7
50181,4716,138200,651.8
50191,4932,55900,275.7
50201,4936,57500,283.8
50211,4932,55900,275.7
50221,4936,57500,283.8
50231,4932,55900,275.7
50241,4936,57500,283.8
50251,4932,56000,276.2
50261,4932,56900,280.6
50271,4932,56600,279.2
50281,4936,56800,280.4
50291,4852,56500,274.1
50301,4936,56900,280.9
50311,4936,57600,284.3
50321,4932,56200,277.2
50331,4936,57500,283.8
50341,4932,55900,275.7
50351,4932,57500,283.6
50361,4932,56000,276.2
50371,4932,57600,284.1
50381,4932,56000,276.2
50391,4804,141500,679.8
50401,4932,55900,275.7
50411,4932,57500,283.6
50421,4932,56000,276.2
50431,4932,57000,281.1
50441,4928,56700,279.4
50451,4932,56800,280.1
50461,4932,56500,278.7
50471,4936,56800,280.4
50481,4932,56600,279.2
50491,4932,56800,280.1
50501,4800,142400,683.5
50511,4932,56000,276.2
50521,4932,57500,283.6
50531,4932,56000,276.2
50541,4936,57500,283.8
50551,4932,55900,275.7
50561,4932,57500,283.6
50571,4932,55900,275.7
50581,4936,57500,283.8
50591,4932,55900,275.7
50601,4936,57500,283.8
50611,4796,142400,683.0
50621,4936,56900,280.9
50631,4932,56500,278.7
50641,4932,57000,281.1
50651,4932,56600,279.2
50661,4932,56900,280.6
50671,4932,57000,281.1
50681,4932,56800,280.1
50691,4936,57500,283.8
50701,4932,55900,275.7
50711,4936,57500,283.8
50721,4804,144300,693.2
50731,4936,57500,283.8
50741,4932,56000,276.2
50751,4936,57500,283.8
50761,4932,55900,275.7
50771,4936,57500,283.8
50781,4932,55900,275.7
50791,4936,57500,283.8
50801,4932,56200,277.2
50811,4932,56900,280.6
50821,4804,141500,679.8
50831,4932,56900,280.6
50841,4932,56500,278.7
50851,4932,56900,280.6
50861,4932,57500,283.6
50871,4932,55900,275.7
50881,4936,57500,283.8
50891,4932,55900,275.7
50901,4936,57500,283.8
50911,4932,56000,276.2
50921,4936,57500,283.8
50931,4788,185900,890.1
50941,4936,57600,284.3
50951,4932,55800,275.2
50961,4936,57500,283.8
50971,4932,55900,275.7
50981,4936,56800,280.4
50991,4932,56600,279.2
51001,4932,56800,280.1
51011,4932,56500,278.7
51021,4936,56800,280.4
51031,4932,56600,279.2
51041,4760,167400,796.8
51051,4936,57600,284.3
51061,4932,55900,275.7
51071,4936,57500,283.8
51081,4932,55900,275.7
51091,4936,57600,284.3
51101,4932,55900,275.7
51111,4932,57500,283.6
51121,4932,55900,275.7
51131,4936,57500,283.8
51141,4800,140400,673.9
51151,4936,57500,283.8
51161,4932,56000,276.2
51171,4932,56900,280.6
51181,4932,56600,279.2
51191,4932,56800,280.1
51201,4932,56500,278.7
51211,4932,56900,280.6
51221,4932,57300,282.6
51231,4932,56500,278.7
51241,4936,57500,283.8
51251,4812,130500,628.0
51261,4936,57500,283.8
51271,4932,55900,275.7
51281,4932,57500,283.6
51291,4932,55900,275.7
51301,4936,57600,284.3
51311,4932,55900,275.7
51321,4936,57500,283.8
51331,4932,55900,275.7
51341,4936,57400,283.3
51351,4816,212300,1022.4
51361,4932,56900,280.6
51371,4932,56600,279.2
51381,4932,56900,280.6
51391,4932,56600,279.2
51401,4932,56900,280.6
51411,4932,57500,283.6
51421,4932,55900,275.7
51431,4936,57500,283.8
51441,4932,56000,276.2
51451,4700,133300,626.5
51461,4932,56000,276.2
51471,4936,57500,283.8
51481,4932,55900,275.7
51491,4932,57500,283.6
51502,4932,56000,276.2
51511,4936,57500,283.8
51521,4932,55900,275.7
51531,4932,56800,280.1
51541,4932,56500,278.7
51551,4932,56900,280.6
51561,4840,56700,274.4
51571,4932,56900,280.6
51581,4932,56600,279.2
51591,4932,56900,280.6
51601,4936,57500,283.8
51611,4932,55900,275.7
51621,4936,57500,283.8
51631,4932,55900,275.7
51641,4932,57500,283.6
51651,4932,55900,275.7
51661,4936,60400,298.1
51671,4932,55900,275.7
51681,4936,57500,283.8
51691,4932,55900,275.7
51701,4936,57500,283.8
51711,4932,56000,276.2
51721,4936,56800,280.4
51731,4932,56500,278.7
51741,4936,56800,280.4
51751,4932,56600,279.2
51761,4932,56800,280.1
51771,4772,175900,839.4
51781,4932,56300,277.7
51791,4936,57500,283.8
51801,4932,55900,275.7
51811,4936,57500,283.8
51821,4932,55900,275.7
51831,4936,57500,283.8
51841,4932,55900,275.7
51851,4936,57500,283.8
51861,4932,56000,276.2
51871,4932,57400,283.1
51881,4800,55900,268.3
51891,4936,57200,282.3
51901,4932,56700,279.6
51911,4932,56900,280.6
51921,4932,56500,278.7
51931,4932,56900,280.6
51941,4932,56600,279.2
51951,4932,56800,280.1
51961,4936,57500,283.8
51971,4932,55900,275.7
51981,4840,153300,742.0
51991,4932,55900,275.7
52001,4936,57500,283.8
52011,4932,55900,275.7
52021,4936,57500,283.8
52031,4932,55900,275.7
52041,4936,57500,283.8
52051,4932,55900,275.7
52061,4936,57500,283.8
52071,4932,56000,276.2
52081,4928,57000,280.9
52091,4932,56600,279.2
52101,4932,56900,280.6
52111,4932,56600,279.2
52121,4932,56900,280.6
52131,4932,56800,280.1
52141,4932,56900,280.6
52151,4936,57500,283.8
52161,4932,55900,275.7
52171,4932,57500,283.6
52181,4932,56000,276.2
52191,4916,57600,283.2
52201,4932,55900,275.7
52211,4936,57500,283.8
52221,4932,55900,275.7
52231,4936,57600,284.3
52241,4932,55900,275.7
52251,4936,57500,283.8
52261,4932,56100,276.7
52271,4936,56900,280.9
52281,4932,56600,279.2
52291,4688,137100,642.7
52301,4936,56600,279.4
52311,4932,56900,280.6
52321,4932,57600,284.1
52331,4932,56000,276.2
52341,4936,57500,283.8
52351,4932,55900,275.7
52361,4936,57500,283.8
52371,4932,55900,275.7
52381,4936,57600,284.3
52391,4804,141100,677.8
52401,4936,57600,284.3
52411,4932,55900,275.7
52421,4932,57500,283.6
52431,4932,56000,276.2
52441,4936,56800,280.4
52451,4932,56600,279.2
52461,4932,56800,280.1
52471,4936,56600,279.4
52481,4936,56900,280.9
52491,4932,56600,279.2
52501,4808,206000,990.4
52511,4936,57600,284.3
52521,4932,55900,275.7
52531,4932,57500,283.6
52541,4932,55900,275.7
52551,4936,57500,283.8
52561,4932,56000,276.2
52571,4936,57500,283.8
52581,4932,55900,275.7
52591,4936,57500,283.8
52601,4932,55900,275.7
52611,4704,139500,656.2
52621,4932,55900,275.7
52631,4932,56900,280.6
52641,4932,56600,279.2
52651,4932,56900,280.6
52661,4932,56600,279.2
52671,4936,56900,280.9
52681,4932,57200,282.1
52691,4932,56600,279.2
52701,4936,57500,283.8
52711,4928,114100,562.3
52721,4932,57500,283.6
52731,4932,56000,276.2
52741,4932,57500,283.6
52751,4928,56000,276.0
52761,4932,57500,283.6
52771,4932,55900,275.7
52781,4936,57500,283.8
52791,4932,55900,275.7
52801,4936,57400,283.3
52811,4932,56400,278.2
52821,4804,137100,658.6
52831,4932,56600,279.2
52841,4932,56900,280.6
52851,4932,56600,279.2
52861,4932,56900,280.6
52871,4936,57500,283.8
52881,4932,55900,275.7
52891,4932,57500,283.6
52901,4932,55900,275.7
52911,4936,57500,283.8
52921,4932,55900,275.7
52931,4800,142800,685.4
52941,4932,55900,275.7
52951,4936,57600,284.3
52961,4932,55900,275.7
52971,4936,57500,283.8
52981,4932,55900,275.7
52991,4936,56800,280.4
53001,4932,56600,279.2
53011,4932,56800,280.1
53021,4932,56600,279.2
53031,4932,56900,280.6
53041,4800,141800,680.6
53051,4936,56900,280.9
53061,4936,57600,284.3
53071,4932,55900,275.7
53081,4936,57500,283.8
53091,4932,55900,275.7
53101,4932,57500,283.6
53111,4932,56000,276.2
53121,4936,57400,283.3
53131,4932,55900,275.7
53141,4804,142700,685.5
53151,4932,55900,275.7
53161,4932,57600,284.1
53171,4932,55900,275.7
53181,4932,56900,280.6
53191,4932,56600,279.2
53202,4932,56900,280.6
53211,4932,56600,279.2
53221,4932,56900,280.6
53231,4932,57500,283.6
53241,4796,140900,675.8
53251,4932,57500,283.6
53261,4932,56000,276.2
53271,4936,57500,283.8
53281,4932,55900,275.7
53291,4936,57500,283.8
53301,4932,55900,275.7
53311,4936,57500,283.8
53321,4932,55900,275.7
53331,4936,57500,283.8
53341,4932,55900,275.7
53351,4936,57200,282.3
53361,4932,56600,279.2
53371,4932,57100,281.6
53381,4932,56700,279.6
53391,4932,56900,280.6
53401,4932,56500,278.7
53411,4932,56900,280.6
53421,4932,57500,283.6
53431,4932,55900,275.7
53441,4936,57500,283.8
53451,4752,187300,890.0
53461,4932,57500,283.6
53471,4932,56000,276.2
53481,4936,57500,283.8
53491,4932,55900,275.7
53501,4932,57500,283.6
53511,4932,56000,276.2
53521,4936,57500,283.8
53531,4932,56000,276.2
53541,4936,56900,280.9
53551,4932,56500,278.7
53561,4696,137900,647.6
53571,4932,56600,279.2
53581,4932,56900,280.6
53591,4932,56800,280.1
53601,4936,56800,280.4
53611,4936,57500,283.8
53621,4932,55900,275.7
53631,4936,57500,283.8
53641,4932,55900,275.7
53651,4936,57500,283.8
53661,4804,143900,691.3
53671,4936,57500,283.8
53681,4932,56000,276.2
53691,4936,57500,283.8
53701,4932,55900,275.7
53711,4932,57500,283.6
53721,4932,56000,276.2
53731,4932,56800,280.1
53741,4932,56500,278.7
53751,4932,56800,280.1
53761,4932,56600,279.2
53771,4724,142200,671.8
53781,4932,57600,284.1
53791,4936,56000,276.4
53801,4936,57500,283.8
53811,4932,56000,276.2
53821,4932,57500,283.6
53831,4932,55900,275.7
53841,4936,57500,283.8
53851,4932,55900,275.7
53861,4932,57500,283.6
53871,4932,55900,275.7
53881,4936,57500,283.8
53891,4932,55900,275.7
53901,4936,56900,280.9
53911,4932,56600,279.2
53921,4932,56800,280.1
53931,4932,56600,279.2
53941,4932,56900,280.6
53951,4932,56600,279.2
53961,4932,56900,280.6
53971,4936,57500,283.8
53981,4932,56000,276.2
53991,4936,57500,283.8
54001,4932,55900,275.7
54011,4936,57500,283.8
54021,4932,55900,275.7
54031,4936,57500,283.8
54041,4932,55900,275.7
54051,4936,57500,283.8
54061,4932,55900,275.7
54071,4936,57500,283.8
54081,4932,55900,275.7
54091,4728,163800,774.4
54101,4932,56500,278.7
54111,4932,57000,281.1
54121,4932,56500,278.7
54131,4932,56900,280.6
54141,4932,57100,281.6
54151,4932,56600,279.2
54161,4936,57500,283.8
54171,4932,55900,275.7
54181,4936,57500,283.8
54191,4804,144400,693.7
54201,4932,57500,283.6
54211,4932,56000,276.2
54221,4936,57500,283.8
54231,4932,55900,275.7
54241,4936,57500,283.8
54251,4932,55900,275.7
54261,4936,57500,283.8
54271,4932,56300,277.7
54281,4932,57400,283.1
54291,4804,140600,675.4
54301,4932,56900,280.6
54311,4932,56600,279.2
54321,4932,56900,280.6
54331,4932,57500,283.6
54341,4932,55800,275.2
54351,4932,57500,283.6
54361,4936,56000,276.4
54371,4936,57500,283.8
54381,4932,55900,275.7
54391,4932,57500,283.6
54401,4808,136900,658.2
54411,4936,57600,284.3
54421,4932,55900,275.7
54431,4932,57500,283.6
54441,4932,55900,275.7
54451,4932,56800,280.1
54461,4932,56600,279.2
54471,4932,56800,280.1
54481,4932,56600,279.2
54491,4936,56900,280.9
54501,4796,142800,684.9
54511,4932,56900,280.6
54521,4936,57500,283.8
54531,4932,55900,275.7
54541,4936,57600,284.3
54551,4932,55900,275.7
54561,4936,57500,283.8
54571,4932,55900,275.7
54581,4936,57500,283.8
54591,4932,55900,275.7
54601,4936,57500,283.8
54611,4808,162200,779.9
54621,4932,57500,283.6
54631,4932,55900,275.7
54641,4932,56800,280.1
54651,4932,56500,278.7
54661,4932,56800,280.1
54671,4932,56500,278.7
54681,4932,56900,280.6
54691,4932,57400,283.1
54701,4932,56200,277.2
54711,4708,135800,639.3
54721,4932,56000,276.2
54731,4936,57500,283.8
54741,4932,55900,275.7
54751,4936,57500,283.8
54761,4932,55900,275.7
54771,4932,57400,283.1
54781,4928,55900,275.5
54791,4936,57400,283.3
54801,4932,55900,275.7
54811,4804,142500,684.6
54821,4932,56500,278.7
54831,4936,57200,282.3
54841,4932,56600,279.2
54851,4936,56900,280.9
54861,4936,56500,278.9
54871,4932,56800,280.1
54881,4932,57400,283.1
54891,4932,55900,275.7
54902,4932,57500,283.6
54911,4804,137700,661.5
54921,4936,57500,283.8
54931,4932,55900,275.7
54941,4936,57500,283.8
54951,4932,55900,275.7
54961,4932,57500,283.6
54971,4932,55900,275.7
54981,4932,57500,283.6
54991,4932,55900,275.7
55001,4932,56900,280.6
55011,4932,56600,279.2
55021,4936,133600,659.4
55031,4932,56600,279.2
55041,4932,56900,280.6
55051,4936,56800,280.4
55061,4932,56800,280.1
55071,4932,57500,283.6
55081,4932,55900,275.7
55091,4936,57500,283.8
55101,4932,55900,275.7
55111,4932,57500,283.6
55121,4932,55900,275.7
55131,4936,57500,283.8
55141,4932,55900,275.7
55151,4936,57400,283.3
55161,4932,55900,275.7
55171,4936,57500,283.8
55181,4932,56000,276.2
55191,4932,56800,280.1
55201,4932,56500,278.7
55211,4936,56900,280.9
55221,4932,56600,279.2
55231,4804,145000,696.6
55241,4932,57600,284.1
55251,4932,55900,275.7
55261,4936,57500,283.8
55271,4932,55900,275.7
55281,4932,57500,283.6
55291,4932,56000,276.2
55301,4936,57500,283.8
55311,4932,55900,275.7
55321,4936,57500,283.8
55331,4804,141100,677.8
55341,4936,57600,284.3
55351,4932,55900,275.7
55361,4936,56800,280.4
55371,4932,56600,279.2
55381,4932,56800,280.1
55391,4932,56600,279.2
55401,4932,56800,280.1
55411,4932,56600,279.2
55421,4936,56800,280.4
55431,4936,57500,283.8
55441,4812,157300,756.9
55451,4936,57500,283.8
55461,4932,55900,275.7
55471,4936,57500,283.8
55481,4932,55900,275.7
55491,4936,57500,283.8
55501,4932,55900,275.7
55511,4936,57500,283.8
55521,4932,55900,275.7
55531,4936,57400,283.3
55541,4804,141800,681.2
55551,4932,56900,280.6
55561,4932,56600,279.2
55571,4932,56900,280.6
55581,4932,56600,279.2
55591,4932,56800,280.1
55601,4932,57100,281.6
55611,4932,56700,279.6
55621,4936,57400,283.3
55631,4932,55900,275.7
55641,4936,57500,283.8
55651,4808,135700,652.4
55661,4932,57600,284.1
55671,4932,55900,275.7
55681,4932,57500,283.6
55691,4932,55900,275.7
55701,4932,57500,283.6
55711,4932,55900,275.7
55721,4932,57500,283.6
55731,4932,56400,278.2
55741,4936,57400,283.3
55751,4932,59000,291.0
55761,4936,56900,280.9
55771,4932,56500,278.7
55781,4932,56900,280.6
55791,4932,57500,283.6
55801,4932,55900,275.7
55811,4936,57500,283.8
55821,4932,55900,275.7
55831,4936,57500,283.8
55841,4932,55900,275.7
55851,4936,57600,284.3
55861,4772,70000,334.0
55871,4936,57500,283.8
55881,4932,55900,275.7
55891,4932,57500,283.6
55901,4932,55900,275.7
55911,4936,56800,280.4
55921,4932,56500,278.7
55931,4932,56800,280.1
55941,4936,56600,279.4
55951,4932,56800,280.1
55961,4804,140700,675.9
55971,4936,56900,280.9
55981,4936,57500,283.8
55991,4932,55900,275.7
56001,4936,57500,283.8
56011,4932,56000,276.2
56021,4936,57500,283.8
56031,4932,56000,276.2
56041,4936,57500,283.8
56051,4932,55900,275.7
56061,4936,57500,283.8
56071,4788,56900,272.4
56081,4936,57500,283.8
56091,4932,56000,276.2
56101,4936,56800,280.4
56111,4932,56600,279.2
56121,4936,56800,280.4
56131,4932,56600,279.2
56141,4936,56800,280.4
56151,4932,57400,283.1
56161,4932,56200,277.2
56171,4800,142400,683.5
56181,4932,56000,276.2
56191,4936,57500,283.8
56201,4932,55900,275.7
56211,4936,57500,283.8
56221,4932,55900,275.7
56231,4936,57500,283.8
56241,4932,55900,275.7
56251,4932,57500,283.6
56261,4932,55900,275.7
56271,4936,57100,281.8
56281,4800,56600,271.7
56291,4932,57200,282.1
56301,4932,56600,279.2
56311,4932,56900,280.6
56321,4932,56600,279.2
56331,4932,56900,280.6
56341,4936,57500,283.8
56351,4932,55900,275.7
56361,4936,57500,283.8
56371,4932,55800,275.2
56381,4712,140000,659.7
56391,4932,56000,276.2
56401,4936,57500,283.8
56411,4932,55900,275.7
56421,4936,57500,283.8
56431,4932,55900,275.7
56441,4932,57500,283.6
56451,4932,55900,275.7
56461,4936,56900,280.9
56471,4932,56600,279.2
56481,4928,56900,280.4
56491,4932,56500,278.7
56501,4936,56800,280.4
56511,4936,56800,280.4
56521,4932,56800,280.1
56531,4932,57500,283.6
56541,4932,55900,275.7
56551,4936,57500,283.8
56561,4932,55800,275.2
56571,4936,57500,283.8
56581,4932,55900,275.7
56591,4716,135900,640.9
56602,4932,55900,275.7
56611,4936,57600,284.3
56621,4932,55900,275.7
56631,4932,57600,284.1
56641,4932,55900,275.7
56651,4936,56800,280.4
56661,4932,56600,279.2
56671,4932,56900,280.6
56681,4932,56600,279.2
56691,4804,145800,700.4
56701,4936,57600,284.3
56711,4936,56000,276.4
56721,4936,57500,283.8
56731,4932,56000,276.2
56741,4932,57500,283.6
56751,4932,55800,275.2
56761,4936,57500,283.8
56771,4932,55900,275.7
56781,4936,57500,283.8
56791,4932,55900,275.7
56801,4936,57500,283.8
56811,4932,56000,276.2
56821,4932,56900,280.6
56831,4932,56600,279.2
56841,4932,56800,280.1
56851,4932,56500,278.7
56861,4932,56900,280.6
56871,4932,56600,279.2
56881,4932,56800,280.1
56891,4936,59800,295.2
56901,4932,55900,275.7
56911,4936,57500,283.8
56921,4932,56000,276.2
56931,4936,57500,283.8
56941,4932,55900,275.7
56951,4932,57500,283.6
56961,4932,55900,275.7
56971,4932,57500,283.6
56981,4932,55900,275.7
56991,4936,57500,283.8
57001,4780,180000,860.4
57011,4932,56900,280.6
57021,4932,56600,279.2
57031,4932,56900,280.6
57041,4936,56500,278.9
57051,4936,56900,280.9
57061,4932,57100,281.6
57071,4932,56700,279.6
57081,4932,57500,283.6
57091,4932,55900,275.7
57101,4796,143300,687.3
57111,4932,55900,275.7
57121,4936,57500,283.8
57131,4932,55900,275.7
57141,4936,57500,283.8
57151,4932,55900,275.7
57161,4936,57500,283.8
57171,4932,55900,275.7
57181,4936,57500,283.8
57191,4932,56300,277.7
57201,4936,57400,283.3
57211,4808,208000,1000.1
57221,4932,56900,280.6
57231,4932,56500,278.7
57241,4932,56800,280.1
57251,4932,57500,283.6
57261,4932,55900,275.7
57271,4936,57500,283.8
57281,4932,55900,275.7
57291,4932,57500,283.6
57301,4932,55900,275.7
57311,4936,57500,283.8
57321,4756,75300,358.1
57331,4936,57600,284.3
57341,4932,55900,275.7
57351,4936,57500,283.8
57361,4932,55900,275.7
57371,4936,56800,280.4
57381,4932,56600,279.2
57391,4936,56800,280.4
57401,4932,56500,278.7
57411,4932,56900,280.6
57421,4816,213100,1026.3
57431,4936,56900,280.9
57441,4936,57500,283.8
57451,4932,55900,275.7
57461,4936,57500,283.8
57471,4932,55900,275.7
57481,4936,57500,283.8
57491,4932,55900,275.7
57501,4936,57500,283.8
57511,4932,55900,275.7
57521,4812,148400,714.1
57531,4932,55900,275.7
57541,4936,57500,283.8
57551,4932,55900,275.7
57561,4932,56900,280.6
57571,4932,56600,279.2
57581,4932,56900,280.6
57591,4932,56500,278.7
57601,4936,56800,280.4
57611,4932,57500,283.6
57621,4936,56300,277.9
57631,4800,143600,689.3
57641,4932,55900,275.7
57651,4936,57500,283.8
57661,4932,55900,275.7
57671,4936,57500,283.8
57681,4932,55900,275.7
57691,4932,57500,283.6
57701,4932,55900,275.7
57711,4932,57500,283.6
57721,4932,55900,275.7
57731,4936,57200,282.3
57741,4804,139000,667.8
57751,4932,57200,282.1
57761,4932,56600,279.2
57771,4936,56800,280.4
57781,4932,56600,279.2
57791,4936,56800,280.4
57801,4932,57400,283.1
57811,4932,55900,275.7
57821,4936,57500,283.8
57831,4932,55900,275.7
57841,4936,57500,283.8
57851,4732,89100,421.6
57861,4936,57500,283.8
57871,4932,55900,275.7
57881,4936,57500,283.8
57891,4932,56000,276.2
57901,4936,57500,283.8
57911,4932,56000,276.2
57921,4932,56900,280.6
57931,4932,56600,279.2
57941,4936,56900,280.9
57951,4808,194300,934.2
57961,4932,56900,280.6
57971,4936,56700,279.9
57981,4932,56900,280.6
57991,4936,57500,283.8
58001,4932,56000,276.2
58011,4936,57500,283.8
58021,4932,55900,275.7
58031,4932,57600,284.1
58041,4932,55900,275.7
58051,4704,135300,636.5
58061,4932,55900,275.7
58071,4936,57500,283.8
58081,4932,56000,276.2
58091,4936,57500,283.8
58101,4932,56000,276.2
58111,4932,57500,283.6
58121,4932,56500,278.7
58131,4932,56800,280.1
58141,4932,56500,278.7
58151,4936,56800,280.4
58161,4824,211200,1018.8
58171,4932,56100,276.7
58181,4936,57500,283.8
58191,4932,55900,275.7
58201,4936,57500,283.8
58211,4932,55900,275.7
58221,4936,57600,284.3
58231,4932,55900,275.7
58241,4936,57500,283.8
58251,4932,55900,275.7
58261,4808,147600,709.7
58271,4932,55900,275.7
58281,4932,56900,280.6
58291,4932,56600,279.2
58302,4932,56900,280.6
58311,4932,56700,279.6
58321,4936,56800,280.4
58331,4932,56600,279.2
58341,4936,56800,280.4
58351,4936,57500,283.8
58361,4932,55900,275.7
58371,4856,57500,279.2
58381,4932,55900,275.7
58391,4936,57500,283.8
58401,4932,55900,275.7
58411,4936,57500,283.8
58421,4932,55900,275.7
58431,4936,57500,283.8
58441,4932,55800,275.2
58451,4936,57500,283.8
58461,4932,56000,276.2
58471,4936,56900,280.9
58481,4932,56700,279.6
58491,4936,56900,280.9
58501,4936,56500,278.9
58511,4932,56900,280.6
58521,4932,57000,281.1
58531,4932,56700,279.6
58541,4932,57500,283.6
58551,4932,55900,275.7
58561,4936,57500,283.8
58571,4804,202300,971.8
58581,4932,57500,283.6
58591,4932,55900,275.7
58601,4936,57500,283.8
58611,4932,56000,276.2
58621,4932,57500,283.6
58631,4932,56000,276.2
58641,4936,57500,283.8
58651,4932,56300,277.7
58661,4932,57400,283.1
58671,4800,141400,678.7
58681,4932,56800,280.1
58691,4932,56500,278.7
58701,4932,56900,280.6
58711,4936,57500,283.8
58721,4932,55900,275.7
58731,4936,57500,283.8
58741,4932,55900,275.7
58751,4932,57500,283.6
58761,4932,55900,275.7
58771,4800,141400,678.7
58781,4932,56000,276.2
58791,4936,57500,283.8
58801,4932,55800,275.2
58811,4936,57500,283.8
58821,4932,55900,275.7
58831,4936,56800,280.4
58841,4932,56500,278.7
58851,4932,56800,280.1
58861,4932,56600,279.2
58871,4936,56800,280.4
58881,4728,143900,680.4
58891,4936,56800,280.4
58901,4936,57500,283.8
58911,4932,55900,275.7
58921,4936,57500,283.8
58931,4932,55900,275.7
58941,4936,57500,283.8
58951,4932,56000,276.2
58961,4936,57500,283.8
58971,4932,56000,276.2
58981,4936,57500,283.8
58991,4780,65500,313.1
59001,4932,57500,283.6
59011,4932,55900,275.7
59021,4932,57500,283.6
59031,4932,56600,279.2
59041,4932,56900,280.6
59051,4932,56600,279.2
59061,4932,56900,280.6
59071,4932,57400,283.1
59081,4932,56400,278.2
59091,4936,57500,283.8
59101,4688,114500,536.8
59111,4936,57500,283.8
59121,4932,55900,275.7
59131,4936,57500,283.8
59141,4932,55900,275.7
59151,4936,57500,283.8
59161,4932,55900,275.7
59171,4932,57500,283.6
59181,4932,56000,276.2
59191,4936,57200,282.3
59201,4808,138300,664.9
59211,4932,57300,282.6
59221,4932,56600,279.2
59231,4932,56900,280.6
59241,4932,56600,279.2
59251,4936,56800,280.4
59261,4932,57500,283.6
59271,4932,55900,275.7
59281,4936,57500,283.8
59291,4932,55800,275.2
59301,4936,57500,283.8
59311,4804,201400,967.5
59321,4936,57500,283.8
59331,4932,56000,276.2
59341,4936,57500,283.8
59351,4932,55900,275.7
59361,4936,57600,284.3
59371,4932,55900,275.7
59381,4932,56900,280.6
59391,4932,56500,278.7
59401,4932,56900,280.6
59411,4932,57700,284.6
59421,4936,56900,280.9
59431,4932,56700,279.6
59441,4936,56900,280.9
59451,4932,57500,283.6
59461,4932,56000,276.2
59471,4936,57500,283.8
59481,4932,55900,275.7
59491,4936,57500,283.8
59501,4932,55900,275.7
59511,4932,57500,283.6
59521,4804,205300,986.3
59531,4936,57500,283.8
59541,4932,55900,275.7
59551,4936,57500,283.8
59561,4932,56000,276.2
59571,4932,57500,283.6
59581,4932,56500,278.7
59591,4932,56900,280.6
59601,4932,56600,279.2
59611,4936,56900,280.9
59621,4936,57500,283.8
59631,4792,133900,641.6
59641,4936,57500,283.8
59651,4932,56000,276.2
59661,4936,57500,283.8
59671,4932,55900,275.7
59681,4932,57600,284.1
59691,4932,55900,275.7
59701,4932,57600,284.1
59711,4932,55900,275.7
59721,4936,57500,283.8
59731,4936,55900,275.9
59741,4932,57000,281.1
59751,4932,56600,279.2
59761,4932,56900,280.6
59771,4936,56600,279.4
59781,4932,56800,280.1
59791,4936,56500,278.9
59801,4932,56800,280.1
59811,4936,57400,283.3
59821,4932,55900,275.7
59831,4932,57500,283.6
59841,4816,138900,668.9
59851,4936,57500,283.8
59861,4932,55900,275.7
59871,4932,57500,283.6
59881,4932,55900,275.7
59891,4936,57500,283.8
59901,4932,55900,275.7
59911,4936,57600,284.3
59921,4932,55900,275.7
59931,4932,56900,280.6
59941,4796,142400,683.0
59951,4936,56900,280.9
59961,4936,56500,278.9
59971,4932,56800,280.1
59981,4932,57000,281.1
59991,4932,56700,279.6
60001,4936,57500,283.8
60012,4932,55900,275.7
60021,4936,57500,283.8
60031,4932,55900,275.7
60041,4808,141000,677.9
60051,4932,55900,275.7
60061,4932,57500,283.6
60071,4932,55800,275.2
60081,4936,57500,283.8
60091,4932,55900,275.7
60101,4936,57500,283.8
60111,4932,56200,277.2
60121,4936,57500,283.8
60131,4932,56500,278.7
60141,4932,56900,280.6
60151,4816,207900,1001.2
60161,4932,56800,280.1
60171,4932,57500,283.6
60181,4932,55900,275.7
60191,4936,57500,283.8
60201,4932,55900,275.7
60211,4932,57600,284.1
60221,4932,55900,275.7
60231,4936,57500,283.8
60241,4932,55900,275.7
60251,4932,57500,283.6
60261,4760,77400,368.4
60271,4936,57500,283.8
60281,4932,55900,275.7
60291,4936,56800,280.4
60301,4932,56500,278.7
60311,4936,56800,280.4
60321,4932,56600,279.2
60331,4932,56900,280.6
60341,4932,56600,279.2
60351,4932,56900,280.6
60361,4800,142800,685.4
60371,4932,55900,275.7
60381,4936,57500,283.8
60391,4932,55900,275.7
60401,4932,57500,283.6
60411,4932,55900,275.7
60421,4936,57500,283.8
60431,4932,55900,275.7
60441,4936,57500,283.8
60451,4932,55900,275.7
60461,4936,57500,283.8
60471,4808,197200,948.1
60481,4932,57600,284.1
60491,4932,56600,279.2
60501,4936,56800,280.4
60511,4936,56600,279.4
60521,4932,56800,280.1
60531,4932,57300,282.6
60541,4932,56400,278.2
60551,4936,57500,283.8
60561,4932,55900,275.7
60571,4932,57500,283.6
60581,4812,137600,662.1
60591,4936,57500,283.8
60601,4932,55900,275.7
60611,4936,57400,283.3
60621,4932,55900,275.7
60631,4932,57500,283.6
60641,4932,55900,275.7
60651,4936,57300,282.8
60661,4932,56500,278.7
60671,4932,57100,281.6
60681,4804,141000,677.4
60691,4936,56900,280.9
60701,4932,56600,279.2
60711,4932,56900,280.6
60721,4932,57500,283.6
60731,4932,55900,275.7
60741,4932,57500,283.6
60751,4932,55900,275.7
60761,4936,57500,283.8
60771,4932,55900,275.7
60781,4860,155200,754.3
60791,4932,56000,276.2
60801,4936,57500,283.8
60811,4932,56000,276.2
60821,4936,57500,283.8
60831,4932,55900,275.7
60841,4936,56900,280.9
60851,4932,56600,279.2
60861,4936,56900,280.9
60871,4932,56500,278.7
60881,4936,56900,280.9
60891,4908,155100,761.2
60901,4932,56900,280.6
60911,4936,57500,283.8
60921,4932,55900,275.7
60931,4936,57500,283.8
60941,4932,55900,275.7
60951,4932,57500,283.6
60961,4932,56000,276.2
60971,4936,57500,283.8
60981,4932,55900,275.7
60991,4836,151600,733.1
61001,4932,55900,275.7
61011,4932,57500,283.6
61021,4932,55900,275.7
61031,4936,57500,283.8
61041,4936,56500,278.9
61051,4932,56900,280.6
61061,4932,56600,279.2
61071,4932,56900,280.6
61081,4936,57500,283.8
61091,4932,56000,276.2
61101,4808,142200,683.7
61111,4932,55900,275.7
61121,4936,57500,283.8
61131,4932,55900,275.7
61141,4936,57500,283.8
61151,4932,55900,275.7
61161,4936,57500,283.8
61171,4932,55900,275.7
61181,4932,57500,283.6
61191,4932,55900,275.7
61201,4932,57000,281.1
61211,4800,143500,688.8
61221,4932,57000,281.1
61231,4932,56600,279.2
61241,4932,56900,280.6
61251,4932,56600,279.2
61261,4936,56900,280.9
61271,4936,57500,283.8
61281,4932,56000,276.2
61291,4936,57500,283.8
61301,4932,55900,275.7
61311,4932,57500,283.6
61321,4816,136900,659.3
61331,4936,57500,283.8
61341,4932,55900,275.7
61351,4932,57500,283.6
61361,4932,55900,275.7
61371,4936,57500,283.8
61381,4932,55900,275.7
61391,4932,57500,283.6
61401,4932,56500,278.7
61411,4932,56900,280.6
61421,4932,56600,279.2
61431,4736,137300,650.3
61441,4932,56900,280.6
61451,4932,56800,280.1
61461,4936,57500,283.8
61471,4932,55900,275.7
61481,4936,57500,283.8
61491,4932,55800,275.2
61501,4936,57500,283.8
61511,4932,55900,275.7
61521,4936,57500,283.8
61531,4800,146100,701.3
61541,4936,57500,283.8
61551,4932,55900,275.7
61561,4936,57500,283.8
61571,4932,56100,276.7
61581,4932,57500,283.6
61591,4936,56500,278.9
61601,4932,56800,280.1
61611,4936,56600,279.4
61621,4936,56800,280.4
61631,4804,142400,684.1
61641,4932,55900,275.7
61651,4936,57500,283.8
61661,4932,56000,276.2
61671,4936,57400,283.3
61681,4932,55900,275.7
61691,4932,57500,283.6
61701,4932,55900,275.7
61712,4936,57500,283.8
61721,4932,55900,275.7
61731,4936,57600,284.3
61741,4804,144400,693.7
61751,4932,56900,280.6
61761,4932,56600,279.2
61771,4932,56800,280.1
61781,4936,56600,279.4
61791,4932,56900,280.6
61801,4932,56600,279.2
61811,4932,56900,280.6
61821,4936,57500,283.8
61831,4932,55900,275.7
61841,4800,143500,688.8
61851,4932,55900,275.7
61861,4936,57500,283.8
61871,4932,56000,276.2
61881,4936,57500,283.8
61891,4932,55900,275.7
61901,4932,57500,283.6
61911,4932,55900,275.7
61921,4932,57500,283.6
61931,4932,55900,275.7
61941,4936,57500,283.8
61951,4816,210400,1013.3
61961,4936,56900,280.9
61971,4936,56500,278.9
61981,4932,56900,280.6
61991,4932,57200,282.1
62001,4936,56600,279.4
62011,4936,57500,283.8
62021,4932,55900,275.7
62031,4936,57500,283.8
62041,4932,55900,275.7
62051,4936,57500,283.8
62061,4820,133400,643.0
62071,4936,57500,283.8
62081,4932,56000,276.2
62091,4936,57500,283.8
62101,4932,56000,276.2
62111,4936,57500,283.8
62121,4932,56400,278.2
62131,4932,57300,282.6
62141,4932,56600,279.2
62151,4936,56800,280.4
62161,4816,204300,983.9
62171,4932,56800,280.1
62181,4932,57500,283.6
62191,4932,55900,275.7
62201,4932,57500,283.6
62211,4932,56000,276.2
62221,4936,57400,283.3
62231,4932,55900,275.7
62241,4932,57500,283.6
62251,4932,55900,275.7
62261,4932,57500,283.6
62271,4744,84200,399.4
62281,4936,57500,283.8
62291,4932,55800,275.2
62301,4936,56800,280.4
62311,4932,56500,278.7
62321,4932,56800,280.1
62331,4932,56600,279.2
62341,4932,56800,280.1
62351,4936,56500,278.9
62361,4932,56900,280.6
62371,4908,158000,775.5
62381,4932,55900,275.7
62391,4932,57500,283.6
62401,4932,55900,275.7
62411,4936,57600,284.3
62421,4932,55900,275.7
62431,4932,57500,283.6
62441,4932,55800,275.2
62451,4932,57500,283.6
62461,4932,55900,275.7
62471,4936,57500,283.8
62481,4812,208900,1005.2
62491,4932,57500,283.6
62501,4932,56500,278.7
62511,4936,56900,280.9
62521,4932,56600,279.2
62531,4932,56900,280.6
62541,4932,57500,283.6
62551,4932,56200,277.2
62561,4936,57400,283.3
62571,4932,55900,275.7
62581,4936,57600,284.3
62591,4816,138300,666.1
62601,4936,57500,283.8
62611,4932,55900,275.7
62621,4936,57400,283.3
62631,4932,55900,275.7
62641,4936,57500,283.8
62651,4932,55900,275.7
62661,4936,57200,282.3
62671,4932,56600,279.2
62681,4932,57100,281.6
62691,4788,185700,889.1
62701,4936,56900,280.9
62711,4932,56500,278.7
62721,4932,56900,280.6
62731,4932,57500,283.6
62741,4932,55800,275.2
62751,4936,57500,283.8
62761,4932,55900,275.7
62771,4936,57500,283.8
62781,4932,55900,275.7
62791,4800,143500,688.8
62801,4932,55900,275.7
62811,4936,57500,283.8
62821,4932,55900,275.7
62831,4932,57500,283.6
62841,4932,55900,275.7
62851,4932,57400,283.1
62861,4932,56600,279.2
62871,4932,56900,280.6
62881,4932,56500,278.7
62891,4932,56900,280.6
62901,4932,56700,279.6
62911,4932,56900,280.6
62921,4936,57500,283.8
62931,4932,55900,275.7
62941,4936,57500,283.8
62951,4932,55900,275.7
62961,4936,57500,283.8
62971,4932,55900,275.7
62981,4936,57500,283.8
62991,4932,55900,275.7
63001,4884,57500,280.8
63011,4932,56000,276.2
63021,4932,57500,283.6
63031,4932,56000,276.2
63041,4936,57500,283.8
63051,4932,56600,279.2
63061,4936,56800,280.4
63071,4932,56600,279.2
63081,4932,56900,280.6
63091,4932,57500,283.6
63101,4804,145400,698.5
63111,4936,57500,283.8
63121,4932,55900,275.7
63131,4932,57600,284.1
63141,4932,55800,275.2
63151,4936,57500,283.8
63161,4932,55900,275.7
63171,4932,57500,283.6
63181,4932,56000,276.2
63191,4936,57500,283.8
63201,4932,55900,275.7
63211,4828,216500,1045.3
63221,4932,56600,279.2
63231,4932,56800,280.1
63241,4932,56600,279.2
63251,4936,56800,280.4
63261,4932,56500,278.7
63271,4932,56800,280.1
63281,4936,57500,283.8
63291,4932,55900,275.7
63301,4936,57500,283.8
63311,4800,206800,992.6
63321,4936,57500,283.8
63331,4932,56000,276.2
63341,4936,57500,283.8
63351,4932,55900,275.7
63361,4936,57500,283.8
63371,4932,55900,275.7
63381,4936,57600,284.3
63391,4932,55900,275.7
63401,4932,57500,283.6
63412,4932,56600,279.2
63421,4932,150800,743.7
63431,4932,56600,279.2
63441,4936,56800,280.4
63451,4936,57100,281.8
63461,4932,56700,279.6
63471,4936,57500,283.8
63481,4932,55900,275.7
63491,4936,57500,283.8
63501,4932,55900,275.7
63511,4936,57600,284.3
63521,4932,55900,275.7
63531,4868,57500,279.9
63541,4932,55900,275.7
63551,4936,57500,283.8
63561,4932,55900,275.7
63571,4936,57400,283.3
63581,4932,56300,277.7
63591,4936,57400,283.3
63601,4932,56500,278.7
63611,4932,56900,280.6
63621,4932,56500,278.7
63631,4732,137100,648.8
63641,4932,57500,283.6
63651,4932,55900,275.7
63661,4936,57500,283.8
63671,4932,55900,275.7
63681,4936,57600,284.3
63691,4932,55900,275.7
63701,4936,57500,283.8
63711,4932,55800,275.2
63721,4932,57500,283.6
63731,4932,55900,275.7
63741,4892,57500,281.3
63751,4932,55900,275.7
63761,4936,57600,284.3
63771,4932,56500,278.7
63781,4932,56800,280.1
63791,4932,56500,278.7
63801,4936,56900,280.9
63811,4932,56600,279.2
63821,4932,56900,280.6
63831,4936,57400,283.3
63841,4792,135900,651.2
63851,4936,57500,283.8
63861,4932,55900,275.7
63871,4936,57500,283.8
63881,4932,56000,276.2
63891,4936,57500,283.8
63901,4932,55900,275.7
63911,4936,57500,283.8
63921,4932,55900,275.7
63931,4936,57500,283.8
63941,4932,55900,275.7
63951,4820,135000,650.7
63961,4932,56600,279.2
63971,4936,56900,280.9
63981,4932,56500,278.7
63991,4936,56900,280.9
64001,4932,57400,283.1
64011,4936,56300,277.9
64021,4936,57500,283.8
64031,4932,55900,275.7
64041,4936,57500,283.8
64051,4932,55900,275.7
64061,4936,57600,284.3
64071,4936,55900,275.9
64081,4936,57500,283.8
64091,4932,55900,275.7
64101,4936,57600,284.3
64111,4932,55900,275.7
64121,4936,57300,282.8
64131,4932,56600,279.2
64141,4936,57100,281.8
64151,4936,56500,278.9
64161,4736,150200,711.3
64171,4932,56600,279.2
64181,4936,56900,280.9
64191,4932,57500,283.6
64201,4932,55900,275.7
64211,4936,57500,283.8
64221,4932,55900,275.7
64231,4936,57500,283.8
64241,4932,55900,275.7
64251,4936,57500,283.8
64261,4796,142300,682.5
64271,4936,57500,283.8
64281,4932,56000,276.2
64291,4936,57600,284.3
64301,4932,55900,275.7
64311,4936,57600,284.3
64321,4936,56500,278.9
64331,4936,56900,280.9
64341,4936,56600,279.4
64351,4932,56800,280.1
64361,4804,142500,684.6
64371,4936,56900,280.9
64381,4936,57500,283.8
64391,4932,55900,275.7
64401,4936,57500,283.8
64411,4932,55900,275.7
64421,4936,57400,283.3
64431,4932,55900,275.7
64441,4936,57500,283.8
64451,4932,55900,275.7
64461,4936,57500,283.8
64471,4804,137400,660.1
64481,4932,57600,284.1
64491,4932,56000,276.2
64501,4936,57500,283.8
64511,4932,56600,279.2
64521,4936,56800,280.4
64531,4932,56500,278.7
64541,4932,56800,280.1
64551,4932,57500,283.6
64561,4932,56100,276.7
64571,4804,142800,686.0
64581,4932,56000,276.2
64591,4936,57500,283.8
64601,4932,55900,275.7
64611,4936,57600,284.3
64621,4932,55900,275.7
64631,4936,57500,283.8
64641,4932,55900,275.7
64651,4932,57400,283.1
64661,4932,55900,275.7
64671,4936,59800,295.2
64681,4932,56600,279.2
64691,4932,57000,281.1
64701,4932,56500,278.7
64711,4936,56800,280.4
64721,4936,56500,278.9
64731,4932,56800,280.1
64741,4936,57500,283.8
64751,4932,55900,275.7
64761,4936,57500,283.8
64771,4932,55900,275.7
64781,4828,208200,1005.2
64791,4932,55900,275.7
64801,4936,57500,283.8
64811,4932,55900,275.7
64821,4932,57400,283.1
64831,4932,55900,275.7
64841,4936,57500,283.8
64851,4932,55900,275.7
64861,4932,57500,283.6
64871,4932,56600,279.2
64881,4800,142800,685.4
64891,4932,56600,279.2
64901,4932,56900,280.6
64911,4936,56800,280.4
64921,4932,56800,280.1
64931,4932,57500,283.6
64941,4932,55900,275.7
64951,4936,57500,283.8
64961,4932,55900,275.7
64971,4936,57400,283.3
64981,4932,56000,276.2
64991,4856,57500,279.2
65001,4932,55900,275.7
65011,4936,57500,283.8
65021,4932,55900,275.7
65031,4932,57500,283.6
65041,4932,56100,276.7
65051,4932,57500,283.6
65061,4932,56600,279.2
65071,4932,56900,280.6
65081,4932,56600,279.2
65091,4804,160600,771.5
65101,4932,57600,284.1
65112,4932,56000,276.2
65121,4936,57400,283.3
65131,4932,55900,275.7
65141,4936,57500,283.8
65151,4932,55900,275.7
65161,4936,57500,283.8
65171,4932,55900,275.7
65181,4936,57600,284.3
65191,4932,55900,275.7
65201,4808,214300,1030.4
65211,4932,55900,275.7
65221,4936,57500,283.8
65231,4932,56600,279.2
65241,4936,56800,280.4
65251,4932,56600,279.2
65261,4936,56800,280.4
65271,4932,56600,279.2
65281,4936,56800,280.4
65291,4932,57500,283.6
65301,4800,144800,695.0
65311,4932,57600,284.1
65321,4932,55900,275.7
65331,4936,57500,283.8
65341,4932,55900,275.7
65351,4936,57500,283.8
65361,4932,55900,275.7
65371,4936,57500,283.8
65381,4932,55900,275.7
65391,4936,57500,283.8
65401,4932,55900,275.7
65411,4712,133100,627.2
65421,4932,56500,278.7
65431,4936,56800,280.4
65441,4932,56600,279.2
65451,4936,56800,280.4
65461,4936,57200,282.3
65471,4936,56600,279.4
65481,4936,57500,283.8
65491,4936,56000,276.4
65501,4936,57500,283.8
65511,4932,55900,275.7
65521,4812,217100,1044.7
65531,4932,56000,276.2
65541,4932,57500,283.6
65551,4932,55900,275.7
65561,4936,57500,283.8
65571,4932,55900,275.7
65581,4936,57400,283.3
65591,4932,56300,277.7
65601,4932,57300,282.6
65611,4932,56600,279.2
65621,4696,134300,630.7
65631,4932,56600,279.2
65641,4932,56800,280.1
65651,4936,57500,283.8
65661,4932,55900,275.7
65671,4936,57500,283.8
65681,4932,55900,275.7
65691,4936,57500,283.8
65701,4932,56000,276.2
65711,4932,57500,283.6
65721,4928,92200,454.4
65731,4936,57500,283.8
65741,4932,56000,276.2
65751,4936,57500,283.8
65761,4932,55800,275.2
65771,4936,57500,283.8
65781,4932,56500,278.7
65791,4932,56800,280.1
65801,4932,56500,278.7
65811,4932,56900,280.6
65821,4932,56600,279.2
65831,4688,146400,686.3
65841,4936,57500,283.8
65851,4932,55900,275.7
65861,4936,57500,283.8
65871,4932,55900,275.7
65881,4936,57500,283.8
65891,4932,55800,275.2
65901,4936,57500,283.8
65911,4932,55800,275.2
65921,4936,57500,283.8
65931,4928,108500,534.7
65941,4936,57500,283.8
65951,4932,56000,276.2
65961,4932,57500,283.6
65971,4932,56500,278.7
65981,4932,56800,280.1
65991,4932,56500,278.7
66001,4932,56900,280.6
66011,4932,57400,283.1
66021,4932,56200,277.2
66031,4936,57500,283.8
66041,4800,184800,887.0
66051,4936,57500,283.8
66061,4932,55900,275.7
66071,4936,57500,283.8
66081,4932,56000,276.2
66091,4936,57500,283.8
66101,4932,55900,275.7
66111,4936,57600,284.3
66121,4932,55900,275.7
66131,4936,57200,282.3
66141,4932,56600,279.2
66151,4932,57100,281.6
66161,4932,56600,279.2
66171,4936,56800,280.4
66181,4936,56500,278.9
66191,4932,56800,280.1
66201,4936,57400,283.3
66211,4932,55900,275.7
66221,4936,57500,283.8
66231,4932,55900,275.7
66241,4932,57500,283.6
66251,4932,55900,275.7
66261,4932,57500,283.6
66271,4932,55900,275.7
66281,4936,57500,283.8
66291,4932,55900,275.7
66301,4936,57500,283.8
66311,4932,55900,275.7
66321,4932,57500,283.6
66331,4932,56600,279.2
66341,4932,56800,280.1
66351,4932,56600,279.2
66361,4684,150600,705.4
66371,4932,56700,279.6
66381,4932,56900,280.6
66391,4936,57500,283.8
66401,4932,55900,275.7
66411,4936,57500,283.8
66421,4932,55900,275.7
66431,4932,57500,283.6
66441,4932,55900,275.7
66451,4936,57500,283.8
66461,4820,133400,643.0
66471,4936,57500,283.8
66481,4932,55900,275.7
66491,4936,57500,283.8
66501,4932,55900,275.7
66511,4932,57400,283.1
66521,4932,56500,278.7
66531,4936,56800,280.4
66541,4932,56600,279.2
66551,4932,56800,280.1
66561,4932,57500,283.6
66571,4688,145600,682.6
66581,4936,57500,283.8
66591,4932,55900,275.7
66601,4936,57500,283.8
66611,4932,55900,275.7
66621,4932,57500,283.6
66631,4932,55900,275.7
66641,4936,57500,283.8
66651,4932,55900,275.7
66661,4936,57500,283.8
66671,4800,141000,676.8
66681,4936,57600,284.3
66691,4928,56500,278.4
66701,4936,56900,280.9
66711,4936,56500,278.9
66721,4932,56800,280.1
66731,4932,56600,279.2
66741,4932,56800,280.1
66751,4932,57500,283.6
66761,4932,55800,275.2
66771,4936,57500,283.8
66781,4696,134700,632.6
66791,4936,57500,283.8
66801,4932,55900,275.7
66815,4936,56900,280.9
66821,4932,55900,275.7
66831,4936,57500,283.8
66841,4932,55900,275.7
66851,4936,57500,283.8
66861,4932,55900,275.7
66871,4932,57500,283.6
66881,4936,56500,278.9
66891,4916,159100,782.1
66901,4932,56500,278.7
66911,4932,56900,280.6
66921,4932,57000,281.1
66931,4932,56700,279.6
66941,4936,57500,283.8
66951,4932,55800,275.2
66961,4936,57500,283.8
66971,4932,55800,275.2
66981,4936,57500,283.8
66991,4808,133700,642.8
67001,4936,57500,283.8
67011,4932,55900,275.7
67021,4936,57500,283.8
67031,4932,55900,275.7
67041,4936,57500,283.8
67051,4932,56300,277.7
67061,4936,57400,283.3
67071,4932,56600,279.2
67081,4932,56900,280.6
67091,4932,56500,278.7
67101,4932,56800,280.1
67111,4932,57500,283.6
67121,4932,55800,275.2
67131,4936,57500,283.8
67141,4932,55900,275.7
67151,4932,57500,283.6
67161,4932,55900,275.7
67171,4936,57500,283.8
67181,4932,56000,276.2
67191,4936,59800,295.2
67201,4932,55900,275.7
67211,4936,57500,283.8
67221,4932,55900,275.7
67231,4932,57500,283.6
67241,4932,56500,278.7
67251,4932,56800,280.1
67261,4936,56500,278.9
67271,4936,56800,280.4
67281,4932,56600,279.2
67291,4932,56800,280.1
67301,4772,175000,835.1
67311,4932,55900,275.7
67321,4936,57500,283.8
67331,4932,55900,275.7
67341,4936,57500,283.8
67351,4932,55900,275.7
67361,4936,57500,283.8
67371,4932,55900,275.7
67381,4936,57500,283.8
67391,4932,55900,275.7
67401,4804,144000,691.8
67411,4932,55900,275.7
67421,4932,57500,283.6
67431,4932,56700,279.6
67441,4936,56900,280.9
67451,4932,56600,279.2
67461,4932,56900,280.6
67471,4932,57300,282.6
67481,4932,56400,278.2
67491,4936,57500,283.8
67501,4932,55900,275.7
67511,4800,142800,685.4
67521,4932,55900,275.7
67531,4932,57500,283.6
67541,4932,55800,275.2
67551,4936,57500,283.8
67561,4932,55900,275.7
67571,4936,57500,283.8
67581,4932,55900,275.7
67591,4936,57500,283.8
67601,4932,56500,278.7
67611,4932,57200,282.1
67621,4932,56600,279.2
67631,4932,56900,280.6
67641,4932,56500,278.7
67651,4932,56900,280.6
67661,4936,57400,283.3
67671,4932,55800,275.2
67681,4936,57500,283.8
67691,4932,55800,275.2
67701,4936,57500,283.8
67711,4932,55900,275.7
67721,4832,57500,277.8
67731,4932,56000,276.2
67741,4936,57500,283.8
67751,4932,55900,275.7
67761,4936,57500,283.8
67771,4932,55900,275.7
67781,4936,57500,283.8
67791,4932,56500,278.7
67801,4932,56800,280.1
67811,4936,56600,279.4
67821,4932,56800,280.1
67831,4788,58200,278.7
67841,4936,56900,280.9
67851,4936,57500,283.8
67861,4932,55900,275.7
67871,4936,57500,283.8
67881,4932,56000,276.2
67891,4936,57500,283.8
67901,4932,55900,275.7
67911,4936,57500,283.8
67921,4932,55900,275.7
67931,4704,137000,644.4
67941,4932,55900,275.7
67951,4936,57500,283.8
67961,4932,55900,275.7
67971,4936,57500,283.8
67981,4932,56600,279.2
67991,4936,56800,280.4
68001,4932,56600,279.2
68011,4932,56800,280.1
68021,4936,57500,283.8
68031,4804,156700,752.8
68041,4936,57600,284.3
68051,4932,55900,275.7
68061,4936,57500,283.8
68071,4932,56000,276.2
68081,4932,57500,283.6
68091,4932,55900,275.7
68101,4936,57500,283.8
68111,4932,55900,275.7
68121,4936,57500,283.8
68131,4928,104700,516.0
68141,4936,57500,283.8
68151,4932,56600,279.2
68161,4932,57100,281.6
68171,4932,56600,279.2
68181,4932,56900,280.6
68191,4932,56500,278.7
68201,4932,56900,280.6
68211,4932,57500,283.6
68221,4932,55900,275.7
68231,4932,57500,283.6
68241,4800,145000,696.0
68251,4936,57500,283.8
68261,4932,55900,275.7
68271,4936,57500,283.8
68281,4932,55900,275.7
68291,4936,57500,283.8
68301,4932,56000,276.2
68311,4936,57500,283.8
68321,4932,55900,275.7
68331,4932,57600,284.1
68341,4932,56600,279.2
68351,4904,168500,826.3
68361,4932,56500,278.7
68371,4932,56900,280.6
68381,4932,56800,280.1
68391,4936,56700,279.9
68401,4936,57500,283.8
68411,4932,55900,275.7
68421,4932,57500,283.6
68431,4932,55900,275.7
68441,4932,57500,283.6
68451,4928,79300,390.8
68461,4932,57500,283.6
68471,4932,55900,275.7
68481,4936,57500,283.8
68491,4932,55800,275.2
68501,4936,57500,283.8
68512,4936,56600,279.4
68521,4932,57500,283.6
68531,4932,56500,278.7
68541,4932,56800,280.1
68551,4932,56500,278.7
68561,4804,141400,679.3
68571,4936,57500,283.8
68581,4932,56100,276.7
68591,4932,57500,283.6
68601,4932,55900,275.7
68611,4936,57500,283.8
68621,4932,55900,275.7
68631,4932,57500,283.6
68641,4932,55900,275.7
68651,4932,57500,283.6
68661,4932,55900,275.7
68671,4812,213300,1026.4
68681,4932,55900,275.7
68691,4936,57500,283.8
68701,4932,56700,279.6
68711,4932,56900,280.6
68721,4936,56500,278.9
68731,4932,56900,280.6
68741,4932,56600,279.2
68751,4936,56800,280.4
68761,4932,57500,283.6
68771,4932,55900,275.7
68781,4804,57600,276.7
68791,4932,56000,276.2
68801,4936,57500,283.8
68811,4932,55900,275.7
68821,4936,57500,283.8
68831,4932,55900,275.7
68841,4936,57500,283.8
68851,4932,55900,275.7
68861,4936,57500,283.8
68871,4932,55900,275.7
68881,4816,136500,657.4
68891,4932,56600,279.2
68901,4932,56900,280.6
68911,4932,56600,279.2
68921,4932,56800,280.1
68931,4932,57100,281.6
68941,4932,56700,279.6
68951,4932,57500,283.6
68961,4932,55900,275.7
68971,4932,57500,283.6
68981,4928,72100,355.3
68991,4936,57500,283.8
69001,4932,55900,275.7
69011,4936,57500,283.8
69021,4932,55900,275.7
69031,4936,57500,283.8
69041,4932,55800,275.2
69051,4936,57500,283.8
69061,4932,56200,277.2
69071,4932,57400,283.1
69081,4932,56600,279.2
69091,4800,142600,684.5
69101,4932,56600,279.2
69111,4936,56900,280.9
69121,4932,57400,283.1
69131,4932,55900,275.7
69141,4936,57500,283.8
69151,4928,55900,275.5
69161,4936,57500,283.8
69171,4932,55900,275.7
69181,4936,57500,283.8
69191,4812,137800,663.1
69201,4932,57600,284.1
69211,4932,55900,275.7
69221,4936,57500,283.8
69231,4932,56000,276.2
69241,4936,57400,283.3
69251,4932,56500,278.7
69261,4932,56800,280.1
69271,4932,56500,278.7
69281,4936,56900,280.9
69291,4804,141000,677.4
69301,4936,56900,280.9
69311,4932,57500,283.6
69321,4932,55900,275.7
69331,4932,57500,283.6
69341,4932,55900,275.7
69351,4936,57500,283.8
69361,4932,55900,275.7
69371,4936,57500,283.8
69381,4932,55900,275.7
69391,4936,57500,283.8
69401,4804,145400,698.5
69411,4932,57500,283.6
69421,4932,55900,275.7
69431,4932,57500,283.6
69441,4936,56500,278.9
69451,4932,56900,280.6
69461,4932,56500,278.7
69471,4936,56800,280.4
69481,4932,57300,282.6
69491,4932,56400,278.2
69501,4804,141400,679.3
69511,4688,147800,692.9
69521,4936,57500,283.8
69531,4932,55900,275.7
69541,4932,57500,283.6
69551,4932,55900,275.7
69561,4936,57400,283.3
69571,4932,55900,275.7
69581,4936,57400,283.3
69591,4932,55800,275.2
69601,4936,57500,283.8
69611,4800,146200,701.8
69621,4932,57400,283.1
69631,4932,56600,279.2
69641,4936,56900,280.9
69651,4936,56600,279.4
69661,4932,56800,280.1
69671,4932,57500,283.6
69681,4932,55900,275.7
69691,4936,57500,283.8
69701,4932,55900,275.7
69711,4912,156600,769.2
69721,4932,55900,275.7
69731,4932,57500,283.6
69741,4932,55900,275.7
69751,4932,57500,283.6
69761,4932,55900,275.7
69771,4936,57400,283.3
69781,4932,55900,275.7
69791,4932,57400,283.1
69801,4932,56500,278.7
69811,4936,56900,280.9
69821,4804,143600,689.9
69831,4932,56900,280.6
69841,4936,56600,279.4
69851,4932,56900,280.6
69861,4936,57500,283.8
69871,4932,55900,275.7
69881,4936,57500,283.8
69891,4932,55900,275.7
69901,4936,57500,283.8
69911,4932,56000,276.2
69921,4936,57400,283.3
69931,4800,143300,687.8
69941,4936,57500,283.8
69951,4932,55900,275.7
69961,4936,57500,283.8
69971,4932,55900,275.7
69981,4936,57500,283.8
69991,4932,56600,279.2
70001,4932,56900,280.6
70011,4932,56500,278.7
70021,4932,56800,280.1
70031,4936,57500,283.8
70041,4932,56300,277.7
70051,4936,57600,284.3
70061,4932,55900,275.7
70071,4936,57500,283.8
70081,4932,55900,275.7
70091,4932,57500,283.6
70101,4932,56000,276.2
70111,4936,57500,283.8
70121,4932,55900,275.7
70131,4936,57600,284.3
70141,4708,187400,882.3
70151,4936,57500,283.8
70161,4932,56600,279.2
70171,4932,57100,281.6
70181,4932,56600,279.2
70191,4932,56800,280.1
70201,4932,56600,279.2
70212,4932,56000,276.2
70221,4932,57500,283.6
70231,4932,55900,275.7
70241,4808,143200,688.5
70251,4932,55900,275.7
70261,4936,57500,283.8
70271,4932,55900,275.7
70281,4936,57500,283.8
70291,4932,55900,275.7
70301,4936,57500,283.8
70311,4932,55900,275.7
70321,4936,57500,283.8
70331,4932,55900,275.7
70341,4932,57500,283.6
70351,4808,181300,871.7
70361,4936,56900,280.9
70371,4932,56600,279.2
70381,4936,56800,280.4
70391,4932,56800,280.1
70401,4932,56900,280.6
70411,4936,57400,283.3
70421,4928,55900,275.5
70431,4936,57500,283.8
70441,4932,55900,275.7
70451,4936,60400,298.1
70461,4840,55900,270.6
70471,4936,57500,283.8
70481,4932,56000,276.2
70491,4936,57500,283.8
70501,4932,55800,275.2
70511,4936,57500,283.8
70521,4932,56000,276.2
70531,4932,57600,284.1
70541,4932,56500,278.7
70551,4936,56800,280.4
70561,4804,144400,693.7
70571,4936,56900,280.9
70581,4932,57500,283.6
70591,4932,55900,275.7
70601,4936,57500,283.8
70611,4932,55900,275.7
70621,4936,57500,283.8
70631,4932,55900,275.7
70641,4932,57500,283.6
70651,4932,55900,275.7
70661,4936,57400,283.3
70671,4680,117600,550.4
70681,4936,57500,283.8
70691,4932,56000,276.2
70701,4932,57600,284.1
70711,4932,56600,279.2
70721,4936,56800,280.4
70731,4936,56500,278.9
70741,4936,56800,280.4
70751,4932,56500,278.7
70761,4932,56800,280.1
70771,4768,212900,1015.1
70781,4932,55900,275.7
70791,4936,57500,283.8
70801,4932,55900,275.7
70811,4936,57500,283.8
70821,4932,55900,275.7
70831,4932,57500,283.6
70841,4932,55900,275.7
70851,4932,57500,283.6
70861,4932,55800,275.2
70871,4932,60300,297.4
70881,4932,56000,276.2
70891,4932,57400,283.1
70901,4932,56600,279.2
70911,4932,56800,280.1
70921,4932,56600,279.2
70931,4936,56800,280.4
70941,4932,57100,281.6
70951,4932,56600,279.2
70961,4932,57500,283.6
70971,4932,55800,275.2
70981,4812,176300,848.4
70991,4932,55800,275.2
71001,4936,57500,283.8
71011,4932,56000,276.2
71021,4936,57500,283.8
71031,4932,55900,275.7
71041,4936,57500,283.8
71051,4932,55900,275.7
71061,4936,57400,283.3
71071,4932,56200,277.2
71081,4852,60400,293.1
71091,4936,56600,279.4
71101,4932,56900,280.6
71111,4932,56500,278.7
71121,4936,56800,280.4
71131,4932,57500,283.6
71141,4932,55800,275.2
71151,4936,57400,283.3
71161,4932,55900,275.7
71171,4932,57500,283.6
71181,4932,56000,276.2
71191,4936,57500,283.8
71201,4932,55900,275.7
71211,4936,57500,283.8
71221,4932,55900,275.7
71231,4936,57500,283.8
71241,4932,55900,275.7
71251,4936,57500,283.8
71261,4932,56500,278.7
71271,4932,56800,280.1
71281,4932,56500,278.7
71291,4732,170600,807.3
71301,4932,56600,279.2
71311,4932,56800,280.1
71321,4932,57500,283.6
71331,4932,55800,275.2
71341,4936,57500,283.8
71351,4932,55800,275.2
71361,4936,57500,283.8
71371,4932,55800,275.2
71381,4936,57500,283.8
71391,4804,198800,955.0
71401,4936,57500,283.8
71411,4932,55900,275.7
71421,4936,57500,283.8
71431,4932,55900,275.7
71441,4936,57500,283.8
71451,4932,56500,278.7
71461,4936,56800,280.4
71471,4932,56500,278.7
71481,4932,56800,280.1
71491,4932,57300,282.6
71501,4936,56500,278.9
71511,4936,57500,283.8
71521,4932,55900,275.7
71531,4936,57500,283.8
71541,4932,55900,275.7
71551,4936,57500,283.8
71561,4932,56000,276.2
71571,4936,57400,283.3
71581,4932,55900,275.7
71591,4936,57400,283.3
71601,4800,142400,683.5
71611,4936,57500,283.8
71621,4936,56400,278.4
71631,4936,57300,282.8
71641,4932,56500,278.7
71651,4932,56800,280.1
71661,4936,56600,279.4
71671,4932,56900,280.6
71681,4932,57500,283.6
71691,4932,55900,275.7
71701,4808,143500,689.9
71711,4932,56000,276.2
71721,4936,57500,283.8
71731,4932,55900,275.7
71741,4936,57500,283.8
71751,4932,55900,275.7
71761,4936,57500,283.8
71771,4932,55800,275.2
71781,4936,57500,283.8
71791,4932,55900,275.7
71801,4936,57500,283.8
71811,4812,169300,814.7
71821,4936,56800,280.4
71831,4932,56500,278.7
71841,4936,56800,280.4
71851,4932,56600,279.2
71861,4932,56800,280.1
71871,4936,57500,283.8
71881,4932,55900,275.7
71891,4936,57500,283.8
71901,4932,55900,275.7
71912,4936,57500,283.8
71921,4696,139000,652.7
71931,4932,57500,283.6
71941,4932,55900,275.7
71951,4932,57500,283.6
71961,4932,55900,275.7
71971,4936,57500,283.8
71981,4932,55900,275.7
71991,4932,57500,283.6
72001,4932,56500,278.7
72011,4936,56800,280.4
72021,4804,141500,679.8
72031,4932,56800,280.1
72041,4932,57500,283.6
72051,4932,56200,277.2
72061,4936,57400,283.3
72071,4932,55900,275.7
72081,4936,57500,283.8
72091,4932,55900,275.7
72101,4932,57500,283.6
72111,4932,55900,275.7
72121,4936,57500,283.8
72131,4684,124500,583.2
72141,4936,57500,283.8
72151,4932,55900,275.7
72161,4936,57500,283.8
72171,4932,56600,279.2
72181,4936,57000,281.4
72191,4932,56500,278.7
72201,4932,56900,280.6
72211,4932,56500,278.7
72221,4932,56800,280.1
72231,4932,57500,283.6
72241,4932,55900,275.7
72251,4932,57600,284.1
72261,4932,55900,275.7
72271,4936,57500,283.8
72281,4932,55900,275.7
72291,4932,57400,283.1
72301,4932,55900,275.7
72311,4936,57500,283.8
72321,4932,55900,275.7
72331,4932,57500,283.6
72341,4804,206800,993.5
72351,4932,57500,283.6
72361,4932,56600,279.2
72371,4936,56900,280.9
72381,4932,56500,278.7
72391,4932,56800,280.1
72401,4932,56900,280.6
72411,4932,56800,280.1
72421,4936,57500,283.8
72431,4932,55900,275.7
72441,4804,143800,690.8
72451,4932,56000,276.2
72461,4932,57400,283.1
72471,4932,55900,275.7
72481,4932,57500,283.6
72491,4932,55900,275.7
72501,4932,57500,283.6
72511,4932,55900,275.7
72521,4932,57500,283.6
72531,4932,56100,276.7
72541,4860,60500,294.0
72551,4932,56600,279.2
72561,4932,56800,280.1
72571,4932,56600,279.2
72581,4932,56900,280.6
72591,4932,57500,283.6
72601,4932,55900,275.7
72611,4936,57400,283.3
72621,4932,55900,275.7
72631,4936,57500,283.8
72641,4932,55900,275.7
72651,4800,141800,680.6
72661,4932,55900,275.7
72671,4936,57500,283.8
72681,4932,55900,275.7
72691,4936,57400,283.3
72701,4932,55900,275.7
72711,4932,57500,283.6
72721,4932,56600,279.2
72731,4932,56800,280.1
72741,4932,56500,278.7
72751,4936,56800,280.4
72761,4744,200300,950.2
72771,4932,56900,280.6
72781,4932,57500,283.6
72791,4932,55900,275.7
72801,4936,57500,283.8
72811,4932,55900,275.7
72821,4936,57500,283.8
72831,4932,55900,275.7
72841,4936,57500,283.8
72851,4932,56000,276.2
72861,4808,141900,682.3
72871,4932,55900,275.7
72881,4936,57500,283.8
72891,4932,55900,275.7
72901,4936,57500,283.8
72911,4932,56500,278.7
72921,4932,56800,280.1
72931,4932,56600,279.2
72941,4932,56800,280.1
72951,4932,57200,282.1
72961,4932,56600,279.2
72971,4936,57500,283.8
72981,4932,55900,275.7
72991,4932,57500,283.6
73001,4932,55900,275.7
73011,4936,57500,283.8
73021,4932,55900,275.7
73031,4936,57400,283.3
73041,4932,55900,275.7
73051,4932,57500,283.6
73061,4932,55900,275.7
73071,4800,141900,681.1
73081,4932,56300,277.7
73091,4936,57300,282.8
73101,4932,56500,278.7
73111,4936,56800,280.4
73121,4932,56500,278.7
73131,4932,56900,280.6
73141,4932,57500,283.6
73151,4932,55900,275.7
73161,4936,57500,283.8
73171,4776,140000,668.6
73181,4936,57500,283.8
73191,4932,55900,275.7
73201,4932,57500,283.6
73211,4932,55900,275.7
73221,4932,57500,283.6
73231,4932,55900,275.7
73241,4936,57500,283.8
73251,4932,55900,275.7
73261,4936,57500,283.8
73271,4932,56500,278.7
73281,4816,132700,639.1
73291,4932,56500,278.7
73301,4936,56900,280.9
73311,4936,56500,278.9
73321,4932,56800,280.1
73331,4936,57500,283.8
73341,4932,55900,275.7
73351,4936,57500,283.8
73361,4932,55900,275.7
73371,4932,57400,283.1
73381,4932,55900,275.7
73391,4812,57500,276.7
73401,4932,55900,275.7
73411,4932,57500,283.6
73421,4932,56000,276.2
73431,4936,57500,283.8
73441,4932,55900,275.7
73451,4936,57400,283.3
73461,4932,56500,278.7
73471,4932,56800,280.1
73481,4932,56500,278.7
73491,4764,138500,659.8
73501,4932,57400,283.1
73511,4936,56300,277.9
73521,4936,57400,283.3
73531,4932,55900,275.7
73541,4936,57400,283.3
73551,4932,55900,275.7
73561,4936,57500,283.8
73571,4932,55900,275.7
73581,4932,57500,283.6
73591,4928,76700,378.0
73601,4936,57500,283.8
73612,4932,56500,278.7
73621,4936,57500,283.8
73631,4932,56600,279.2
73641,4932,57100,281.6
73651,4932,56600,279.2
73661,4932,56800,280.1
73671,4932,56500,278.7
73681,4936,56800,280.4
73691,4932,57400,283.1
73701,4692,133400,625.9
73711,4936,57500,283.8
73721,4932,55900,275.7
73731,4936,57500,283.8
73741,4932,55900,275.7
73751,4936,57500,283.8
73761,4932,55900,275.7
73771,4932,57500,283.6
73781,4932,55900,275.7
73791,4936,57400,283.3
73801,4804,143900,691.3
73811,4932,57500,283.6
73821,4932,56500,278.7
73831,4932,56900,280.6
73841,4932,56600,279.2
73851,4932,56800,280.1
73861,4932,56800,280.1
73871,4936,56800,280.4
73881,4936,57500,283.8
73891,4932,55800,275.2
73901,4936,57500,283.8
73911,4804,143300,688.4
73921,4932,57500,283.6
73931,4932,55900,275.7
73941,4936,57500,283.8
73951,4932,55900,275.7
73961,4936,57500,283.8
73971,4932,55800,275.2
73981,4936,57500,283.8
73991,4932,56000,276.2
74001,4936,57500,283.8
74011,4804,144700,695.1
74021,4932,56900,280.6
74031,4932,56600,279.2
74041,4932,56800,280.1
74051,4932,57600,284.1
74061,4936,56000,276.4
74071,4936,57500,283.8
74081,4932,55900,275.7
74091,4932,57400,283.1
74101,4932,55900,275.7
74111,4936,57500,283.8
74121,4808,136600,656.8
74131,4932,57600,284.1
74141,4932,55900,275.7
74151,4936,57600,284.3
74161,4932,55900,275.7
74171,4936,57500,283.8
74181,4932,56600,279.2
74191,4932,56700,279.6
74201,4932,56600,279.2
74211,4932,56800,280.1
74221,4932,56600,279.2
74231,4932,56800,280.1
74241,4932,57400,283.1
74251,4932,55900,275.7
74261,4932,57500,283.6
74271,4932,55900,275.7
74281,4932,57500,283.6
74291,4932,55800,275.2
74301,4936,57500,283.8
74311,4932,55900,275.7
74321,4932,57500,283.6
74331,4804,198200,952.2
74341,4936,57500,283.8
74351,4932,56000,276.2
74361,4932,57500,283.6
74371,4932,56600,279.2
74381,4932,56800,280.1
74391,4936,56500,278.9
74401,4932,56900,280.6
74411,4936,57200,282.3
74421,4932,56600,279.2
74431,4936,57500,283.8
74441,4692,148300,695.8
74451,4936,57500,283.8
74461,4932,55900,275.7
74471,4936,57500,283.8
74481,4932,55900,275.7
74491,4936,57500,283.8
74501,4932,55900,275.7
74511,4936,57500,283.8
74521,4932,55900,275.7
74531,4936,57500,283.8
74541,4792,141900,680.0
74551,4932,57400,283.1
74561,4932,56500,278.7
74571,4932,56800,280.1
74581,4932,56500,278.7
74591,4932,56800,280.1
74601,4932,57500,283.6
74611,4932,55800,275.2
74621,4936,57500,283.8
74631,4932,55900,275.7
74641,4936,57500,283.8
74651,4804,160600,771.5
74661,4936,57500,283.8
74671,4932,55900,275.7
74681,4932,57500,283.6
74691,4932,55900,275.7
74701,4932,57500,283.6
74711,4932,55800,275.2
74721,4936,57500,283.8
74731,4932,56500,278.7
74741,4932,56800,280.1
74751,4932,56500,278.7
74761,4700,137400,645.8
74771,4932,56500,278.7
74781,4936,56800,280.4
74791,4936,57500,283.8
74801,4932,55900,275.7
74811,4932,57500,283.6
74821,4932,55900,275.7
74831,4936,57500,283.8
74841,4932,55900,275.7
74851,4936,57500,283.8
74861,4932,55900,275.7
74871,4820,57500,277.2
74881,4932,55900,275.7
74891,4936,57500,283.8
74901,4932,55900,275.7
74911,4932,57500,283.6
74921,4932,56500,278.7
74931,4936,56800,280.4
74941,4932,56500,278.7
74951,4932,56800,280.1
74961,4932,57500,283.6
74971,4700,137900,648.1
74981,4936,57500,283.8
74991,4932,55900,275.7
75001,4936,57500,283.8
75011,4932,56000,276.2
75021,4936,57400,283.3
75031,4932,55900,275.7
75041,4936,57500,283.8
75051,4932,55800,275.2
75061,4936,57500,283.8
75071,4792,134700,645.5
75081,4936,57600,284.3
75091,4932,56600,279.2
75101,4936,57100,281.8
75111,4932,56500,278.7
75121,4936,56900,280.9
75131,4932,56600,279.2
75141,4936,56800,280.4
75151,4936,57500,283.8
75161,4932,55900,275.7
75171,4804,143700,690.3
75181,4932,55900,275.7
75191,4936,57500,283.8
75201,4932,56000,276.2
75211,4936,57500,283.8
75221,4932,55900,275.7
75231,4936,57500,283.8
75241,4932,55900,275.7
75251,4932,57500,283.6
75261,4932,55900,275.7
75271,4932,57500,283.6
75281,4816,151600,730.1
75291,4932,56900,280.6
75301,4932,56600,279.2
75311,4932,56800,280.1
75322,4932,57500,283.6
75331,4932,56800,280.1
75341,4936,57400,283.3
75351,4932,55900,275.7
75361,4936,57500,283.8
75371,4932,55900,275.7
75381,4812,208800,1004.7
75391,4932,55800,275.2
75401,4932,57500,283.6
75411,4932,55900,275.7
75421,4936,57500,283.8
75431,4932,55900,275.7
75441,4936,57400,283.3
75451,4932,56100,276.7
75461,4932,57500,283.6
75471,4932,56500,278.7
75481,4932,56800,280.1
75491,4808,138100,664.0
75501,4932,56900,280.6
75511,4932,57500,283.6
75521,4932,55900,275.7
75531,4936,57500,283.8
75541,4932,55900,275.7
75551,4936,57600,284.3
75561,4932,55900,275.7
75571,4936,57400,283.3
75581,4932,55800,275.2
75591,4936,59500,293.7
75601,4932,55900,275.7
75611,4936,57500,283.8
75621,4932,55900,275.7
75631,4932,57500,283.6
75641,4932,56500,278.7
75651,4932,56800,280.1
75661,4936,56500,278.9
75671,4932,56800,280.1
75681,4932,56500,278.7
75691,4932,56800,280.1
75701,4808,208500,1002.5
75711,4932,55900,275.7
75721,4936,57500,283.8
75731,4932,55900,275.7
75741,4936,57500,283.8
75751,4932,55900,275.7
75761,4936,57400,283.3
75771,4932,55900,275.7
75781,4932,57500,283.6
75791,4932,55800,275.2
75801,4804,139400,669.7
75811,4932,55800,275.2
75821,4932,57500,283.6
75831,4932,56600,279.2
75841,4932,56800,280.1
75851,4932,56600,279.2
75861,4932,56900,280.6
75871,4932,57200,282.1
75881,4936,56400,278.4
75891,4936,57400,283.3
75901,4932,55900,275.7
75911,4808,150000,721.2
75921,4932,55900,275.7
75931,4936,57500,283.8
75941,4932,55900,275.7
75951,4936,57500,283.8
75961,4932,55900,275.7
75971,4936,57500,283.8
75981,4932,55900,275.7
75991,4936,57400,283.3
76001,4932,56500,278.7
76011,4800,142400,683.5
76021,4932,56600,279.2
76031,4932,56900,280.6
76041,4932,56500,278.7
76051,4936,56800,280.4
76061,4932,57400,283.1
76071,4932,55900,275.7
76081,4936,57500,283.8
76091,4932,55800,275.2
76101,4936,57500,283.8
76111,4932,55900,275.7
76121,4808,174900,840.9
76131,4932,55900,275.7
76141,4936,57500,283.8
76151,4932,55900,275.7
76161,4932,57400,283.1
76171,4932,55900,275.7
76181,4936,57500,283.8
76191,4932,56500,278.7
76201,4932,56900,280.6
76211,4936,56600,279.4
76221,4804,141700,680.7
76231,4932,56600,279.2
76241,4936,56900,280.9
76251,4936,57500,283.8
76261,4932,55800,275.2
76271,4932,57500,283.6
76281,4932,55900,275.7
76291,4936,57500,283.8
76301,4936,55900,275.9
76311,4936,57500,283.8
76321,4932,55900,275.7
76331,4748,199900,949.1
76341,4932,55900,275.7
76351,4932,57500,283.6
76361,4932,55900,275.7
76371,4936,57500,283.8
76381,4932,56600,279.2
76391,4932,56800,280.1
76401,4932,56500,278.7
76411,4932,56800,280.1
76421,4932,57500,283.6
76431,4932,57900,285.6
76441,4932,57500,283.6
76451,4932,55900,275.7
76461,4936,57500,283.8
76471,4932,55900,275.7
76481,4936,57500,283.8
76491,4932,55900,275.7
76501,4932,57500,283.6
76511,4932,55900,275.7
76521,4936,57500,283.8
76531,4932,55900,275.7
76541,4824,135200,652.2
76551,4932,56600,279.2
76561,4932,56900,280.6
76571,4932,56600,279.2
76581,4936,56800,280.4
76591,4932,56500,278.7
76601,4932,56800,280.1
76611,4936,57500,283.8
76621,4932,56000,276.2
76631,4936,57500,283.8
76641,4932,55900,275.7
76651,4816,153100,737.3
76661,4932,55900,275.7
76671,4932,57500,283.6
76681,4932,55900,275.7
76691,4936,57400,283.3
76701,4932,55900,275.7
76711,4932,57500,283.6
76721,4932,56000,276.2
76731,4932,57500,283.6
76741,4932,56500,278.7
76751,4704,142700,671.3
76761,4932,56500,278.7
76771,4936,56900,280.9
76781,4936,56900,280.9
76791,4932,56800,280.1
76801,4936,57500,283.8
76811,4932,55900,275.7
76821,4936,57500,283.8
76831,4932,55900,275.7
76841,4936,57500,283.8
76851,4932,55900,275.7
76861,4748,166400,790.1
76871,4932,55900,275.7
76881,4936,57500,283.8
76891,4932,55900,275.7
76901,4936,57500,283.8
76911,4932,56100,276.7
76921,4932,57500,283.6
76931,4932,56600,279.2
76941,4932,56800,280.1
76951,4932,56600,279.2
76961,4804,141600,680.2
76971,4932,57600,284.1
76981,4932,55900,275.7
76991,4936,57500,283.8
77001,4932,55900,275.7
77011,4936,57500,283.8
77022,4932,55900,275.7
77031,4936,57500,283.8
77041,4932,55900,275.7
77051,4936,57500,283.8
77061,4932,55900,275.7
77071,4812,204000,981.6
77081,4932,55900,275.7
77091,4936,57500,283.8
77101,4932,56500,278.7
77111,4932,56900,280.6
77121,4936,56600,279.4
77131,4932,56900,280.6
77141,4932,56500,278.7
77151,4932,56900,280.6
77161,4936,57500,283.8
77171,4932,55900,275.7
77181,4936,57500,283.8
77191,4932,55900,275.7
77201,4936,57500,283.8
77211,4932,55900,275.7
77221,4936,57500,283.8
77231,4932,55900,275.7
77241,4936,57500,283.8
77251,4932,55900,275.7
77261,4936,57500,283.8
77271,4932,55900,275.7
77281,4836,219000,1059.1
77291,4932,56600,279.2
77301,4936,56800,280.4
77311,4932,56500,278.7
77321,4932,57000,281.1
77331,4932,57300,282.6
77341,4932,56300,277.7
77351,4936,57500,283.8
77361,4932,55900,275.7
77371,4936,57500,283.8
77381,4696,147000,690.3
77391,4936,57500,283.8
77401,4932,55900,275.7
77411,4936,57500,283.8
77421,4932,55900,275.7
77431,4936,57500,283.8
77441,4932,55900,275.7
77451,4936,57500,283.8
77461,4932,56500,278.7
77471,4932,57100,281.6
77481,4792,141800,679.5
77491,4932,56800,280.1
77501,4932,56500,278.7
77511,4932,56900,280.6
77521,4932,57500,283.6
77531,4932,55900,275.7
77541,4932,57500,283.6
77551,4932,55900,275.7
77561,4936,57500,283.8
77571,4932,55900,275.7
77581,4936,57500,283.8
77591,4932,56000,276.2
77601,4932,57500,283.6
77611,4932,55900,275.7
77621,4932,57500,283.6
77631,4932,55900,275.7
77641,4932,57500,283.6
77651,4932,56600,279.2
77661,4932,56800,280.1
77671,4932,56500,278.7
77681,4932,56800,280.1
77691,4816,134600,648.2
77701,4932,56900,280.6
77711,4936,57500,283.8
77721,4932,55900,275.7
77731,4936,57500,283.8
77741,4932,55900,275.7
77751,4936,57500,283.8
77761,4932,55800,275.2
77771,4936,57500,283.8
77781,4932,55900,275.7
77791,4912,156300,767.7
77801,4932,55900,275.7
77811,4936,57500,283.8
77821,4932,56000,276.2
77831,4932,57500,283.6
77841,4936,56500,278.9
77851,4932,56900,280.6
77861,4932,56500,278.7
77871,4932,56900,280.6
77881,4932,57500,283.6
77891,4936,55900,275.9
77901,4804,146400,703.3
77911,4932,55900,275.7
77921,4936,57500,283.8
77931,4932,55900,275.7
77941,4932,57400,283.1
77951,4932,55900,275.7
77961,4936,57400,283.3
77971,4932,55900,275.7
77981,4932,57500,283.6
77991,4932,55900,275.7
78001,4808,140700,676.5
78011,4932,56600,279.2
78021,4932,56900,280.6
78031,4932,56500,278.7
78041,4936,56900,280.9
78051,4932,56600,279.2
78061,4936,56900,280.9
78071,4936,57500,283.8
78081,4932,55900,275.7
78091,4932,57500,283.6
78101,4804,141400,679.3
78111,4804,187000,898.3
78121,4932,56000,276.2
78131,4936,57600,284.3
78141,4932,55900,275.7
78151,4932,57500,283.6
78161,4932,55900,275.7
78171,4932,57600,284.1
78181,4932,55900,275.7
78191,4932,57500,283.6
78201,4932,56600,279.2
78211,4932,59700,294.4
78221,4932,56600,279.2
78231,4932,56900,280.6
78241,4936,57000,281.4
78251,4932,56800,280.1
78261,4936,57500,283.8
78271,4932,55900,275.7
78281,4936,57500,283.8
78291,4932,55900,275.7
78301,4932,57500,283.6
78311,4932,55900,275.7
78321,4796,57500,275.8
78331,4932,55900,275.7
78341,4936,57500,283.8
78351,4932,55900,275.7
78361,4936,57500,283.8
78371,4932,56200,277.2
78381,4932,57400,283.1
78391,4932,56500,278.7
78401,4936,56900,280.9
78411,4932,56500,278.7
78421,4804,142000,682.2
78431,4932,57500,283.6
78441,4932,55900,275.7
78451,4936,57500,283.8
78461,4932,55900,275.7
78471,4936,57500,283.8
78481,4932,55900,275.7
78491,4936,57500,283.8
78501,4932,55900,275.7
78511,4936,57500,283.8
78521,4804,173600,834.0
78531,4936,57500,283.8
78541,4932,56000,276.2
78551,4932,57500,283.6
78561,4932,56500,278.7
78571,4932,56800,280.1
78581,4932,56500,278.7
78591,4932,56900,280.6
78601,4932,56600,279.2
78611,4936,56900,280.9
78621,4804,145700,699.9
78631,4932,56000,276.2
78641,4936,57500,283.8
78651,4932,55900,275.7
78661,4936,57500,283.8
78671,4932,56000,276.2
78681,4932,57500,283.6
78691,4932,55900,275.7
78701,4936,57500,283.8
78711,4932,55900,275.7
78722,4932,57500,283.6
78731,4780,133600,638.6
78741,4936,57500,283.8
78751,4936,56600,279.4
78761,4932,56800,280.1
78771,4932,56600,279.2
78781,4932,56800,280.1
78791,4932,57400,283.1
78801,4932,56300,277.7
78811,4936,57500,283.8
78821,4932,56000,276.2
78831,4804,143500,689.4
78841,4932,55900,275.7
78851,4932,57500,283.6
78861,4932,55900,275.7
78871,4936,57600,284.3
78881,4932,55900,275.7
78891,4936,57500,283.8
78901,4932,55900,275.7
78911,4936,57600,284.3
78921,4932,56600,279.2
78931,4932,57100,281.6
78941,4808,143900,691.9
78951,4932,56900,280.6
78961,4932,56600,279.2
78971,4932,56900,280.6
78981,4936,57600,284.3
78991,4932,55900,275.7
79001,4936,57600,284.3
79011,4932,55900,275.7
79021,4936,57500,283.8
79031,4932,55900,275.7
79041,4816,210400,1013.3
79051,4932,55900,275.7
79061,4932,57400,283.1
79071,4932,55900,275.7
79081,4932,57500,283.6
79091,4932,55900,275.7
79101,4936,57500,283.8
79111,4932,56600,279.2
79121,4936,56900,280.9
79131,4932,56600,279.2
79141,4804,141200,678.3
79151,4932,56700,279.6
79161,4932,56900,280.6
79171,4936,57500,283.8
79181,4932,55900,275.7
79191,4936,57500,283.8
79201,4932,56000,276.2
79211,4936,57500,283.8
79221,4932,55900,275.7
79231,4936,57500,283.8
79241,4932,55900,275.7
79251,4800,57500,276.0
79261,4932,55900,275.7
79271,4936,57600,284.3
79281,4932,56000,276.2
79291,4936,57500,283.8
79301,4932,56600,279.2
79311,4932,56800,280.1
79321,4932,56600,279.2
79331,4932,56800,280.1
79341,4932,57600,284.1
79351,4932,58900,290.5
79361,4936,57500,283.8
79371,4932,55900,275.7
79381,4932,57500,283.6
79391,4932,55900,275.7
79401,4936,57500,283.8
79411,4932,55900,275.7
79421,4932,57500,283.6
79431,4932,55900,275.7
79441,4936,57500,283.8
79451,4928,72000,354.8
79461,4936,57600,284.3
79471,4932,56600,279.2
79481,4936,56900,280.9
79491,4932,56600,279.2
79501,4932,56800,280.1
79511,4932,56600,279.2
79521,4932,56900,280.6
79531,4932,57500,283.6
79541,4932,55900,275.7
79551,4936,57500,283.8
79561,4724,147100,694.9
79571,4932,57500,283.6
79581,4932,55900,275.7
79591,4932,57500,283.6
79601,4932,55900,275.7
79611,4936,57500,283.8
79621,4932,55900,275.7
79631,4936,57500,283.8
79641,4932,56000,276.2
79651,4932,57500,283.6
79661,4816,127700,615.0
79671,4932,56900,280.6
79681,4932,56600,279.2
79691,4932,56800,280.1
79701,4932,57100,281.6
79711,4936,56700,279.9
79721,4932,57400,283.1
79731,4932,55900,275.7
79741,4936,57500,283.8
79751,4932,55900,275.7
79761,4932,139400,687.5
79771,4932,56000,276.2
79781,4936,57500,283.8
79791,4932,55900,275.7
79801,4936,57500,283.8
79811,4932,55900,275.7
79821,4936,57600,284.3
79831,4932,56300,277.7
79841,4932,57400,283.1
79851,4932,56500,278.7
79861,4936,56900,280.9
79871,4804,144800,695.6
79881,4932,56900,280.6
79891,4932,57500,283.6
79901,4932,55900,275.7
79911,4936,57500,283.8
79921,4932,55900,275.7
79931,4936,57500,283.8
79941,4932,55900,275.7
79951,4932,57600,284.1
79961,4932,55900,275.7
79971,4936,57500,283.8
79981,4816,136800,658.8
79991,4936,57500,283.8
80001,4932,55900,275.7
80011,4936,57500,283.8
80021,4932,56500,278.7
80031,4936,56800,280.4
80041,4932,56600,279.2
80051,4932,56900,280.6
80061,4932,56600,279.2
80071,4932,56900,280.6
80081,4804,145200,697.5
80091,4932,55900,275.7
80101,4936,57500,283.8
80111,4932,55900,275.7
80121,4932,57500,283.6
80131,4936,55900,275.9
80141,4936,57500,283.8
80151,4932,55900,275.7
80161,4936,57500,283.8
80171,4932,55900,275.7
80181,4936,57500,283.8
80191,4800,145200,697.0
80201,4932,57500,283.6
80211,4936,56600,279.4
80221,4932,56800,280.1
80231,4932,56500,278.7
80241,4936,56800,280.4
80251,4932,57500,283.6
80261,4936,56300,277.9
80271,4936,57400,283.3
80281,4932,55900,275.7
80291,4936,57500,283.8
80301,4696,133300,626.0
80311,4936,57500,283.8
80321,4932,55900,275.7
80331,4936,57500,283.8
80341,4928,55900,275.5
80351,4936,57500,283.8
80361,4932,55900,275.7
80371,4932,57500,283.6
80381,4932,56600,279.2
80391,4936,57000,281.4
80401,4804,144300,693.2
80411,4932,56800,280.1
80422,4932,57500,283.6
80431,4936,56900,280.9
80441,4936,57500,283.8
80451,4932,56000,276.2
80461,4936,57500,283.8
80471,4932,55900,275.7
80481,4932,57500,283.6
80491,4932,55900,275.7
80501,4804,140000,672.6
80511,4932,55900,275.7
80521,4936,57500,283.8
80531,4932,55900,275.7
80541,4936,57500,283.8
80551,4932,55900,275.7
80561,4932,57500,283.6
80571,4932,56500,278.7
80581,4932,56900,280.6
80591,4932,56500,278.7
80601,4932,56800,280.1
80611,4804,205300,986.3
80621,4932,56900,280.6
80631,4932,57500,283.6
80641,4932,55900,275.7
80651,4932,57500,283.6
80661,4932,55900,275.7
80671,4936,57500,283.8
80681,4932,55900,275.7
80691,4936,57500,283.8
80701,4932,55900,275.7
80711,4800,143100,686.9
80721,4932,55900,275.7
80731,4936,57600,284.3
80741,4932,56100,276.7
80751,4932,57600,284.1
80761,4932,56500,278.7
80771,4936,56800,280.4
80781,4932,56600,279.2
80791,4932,56900,280.6
80801,4932,57500,283.6
80811,4932,55900,275.7
80821,4936,57500,283.8
80831,4932,56000,276.2
80841,4932,57600,284.1
80851,4932,56000,276.2
80861,4932,57500,283.6
80871,4932,55900,275.7
80881,4932,57500,283.6
80891,4932,55900,275.7
80901,4936,57500,283.8
80911,4932,55900,275.7
80921,4808,169800,816.4
80931,4932,56600,279.2
80941,4936,56800,280.4
80951,4936,56600,279.4
80961,4936,56900,280.9
80971,4932,56600,279.2
80981,4932,56900,280.6
80991,4936,57500,283.8
81001,4932,55900,275.7
81011,4936,57500,283.8
81021,4780,142200,679.7
81031,4936,57500,283.8
81041,4932,55900,275.7
81051,4936,57500,283.8
81061,4932,55900,275.7
81071,4936,57500,283.8
81081,4932,55900,275.7
81091,4936,57500,283.8
81101,4932,56000,276.2
81111,4932,57500,283.6
81121,4932,56500,278.7
81131,4896,56900,278.6
81141,4932,56500,278.7
81151,4932,56800,280.1
81161,4932,57200,282.1
81171,4936,56600,279.4
81181,4936,57500,283.8
81191,4932,55900,275.7
81201,4936,57500,283.8
81211,4932,55900,275.7
81221,4932,57500,283.6
81231,4808,134800,648.1
81241,4936,57600,284.3
81251,4932,56000,276.2
81261,4936,57500,283.8
81271,4932,56000,276.2
81281,4936,57500,283.8
81291,4932,56400,278.2
81301,4932,57400,283.1
81311,4936,56600,279.4
81321,4932,56900,280.6
81331,4932,56600,279.2
81341,4692,131900,618.9
81351,4932,57500,283.6
81361,4936,55900,275.9
81371,4936,57500,283.8
81381,4932,55900,275.7
81391,4936,57500,283.8
81401,4932,55900,275.7
81411,4936,57400,283.3
81421,4932,56000,276.2
81431,4936,57500,283.8
81441,4776,141300,674.8
81451,4936,57500,283.8
81461,4932,55900,275.7
81471,4936,57600,284.3
81481,4932,56500,278.7
81491,4932,56900,280.6
81501,4932,56600,279.2
81511,4936,56800,280.4
81521,4936,56600,279.4
81531,4932,56900,280.6
81541,4936,57500,283.8
81551,4808,141900,682.3
81561,4936,57500,283.8
81571,4932,56000,276.2
81581,4932,57500,283.6
81591,4932,55900,275.7
81601,4936,57600,284.3
81611,4932,55900,275.7
81621,4936,57500,283.8
81631,4932,55900,275.7
81641,4932,57500,283.6
81651,4932,55900,275.7
81661,4824,136200,657.0
81671,4932,56600,279.2
81681,4936,56800,280.4
81691,4932,56600,279.2
81701,4932,56900,280.6
81711,4932,57500,283.6
81721,4936,56200,277.4
81731,4936,57400,283.3
81741,4932,55900,275.7
81751,4936,57500,283.8
81761,4928,56500,278.4
81771,4936,57600,284.3
81781,4932,55900,275.7
81791,4932,57500,283.6
81801,4932,55900,275.7
81811,4932,57500,283.6
81821,4932,56000,276.2
81831,4936,57500,283.8
81841,4932,56600,279.2
81851,4932,56900,280.6
81861,4932,56500,278.7
81871,4800,142000,681.6
81881,4932,56600,279.2
81891,4932,56900,280.6
81901,4936,57500,283.8
81911,4932,55900,275.7
81921,4936,57600,284.3
81931,4932,55900,275.7
81941,4932,57500,283.6
81951,4932,55900,275.7
81961,4936,57500,283.8
81971,4932,56000,276.2
81981,4936,57500,283.8
81991,4932,56000,276.2
82001,4936,57500,283.8
82011,4932,55800,275.2
82021,4936,57500,283.8
82031,4932,56500,278.7
82041,4932,56900,280.6
82051,4932,56600,279.2
82061,4936,56800,280.4
82071,4932,56900,280.6
82081,4804,141000,677.4
82091,4936,57500,283.8
82101,4932,55900,275.7
82111,4936,57500,283.8
82122,4932,55900,275.7
82131,4936,57500,283.8
82141,4932,55900,275.7
82151,4932,57500,283.6
82161,4932,55900,275.7
82171,4936,57600,284.3
82181,4932,55900,275.7
82191,4756,142200,676.3
82201,4928,56100,276.5
82211,4936,57500,283.8
82221,4932,56600,279.2
82231,4932,56800,280.1
82241,4932,56600,279.2
82251,4936,56900,280.9
82261,4932,57500,283.6
82271,4932,56000,276.2
82281,4936,57500,283.8
82291,4804,142000,682.2
82301,4936,57500,283.8
82311,4932,55900,275.7
82321,4932,57500,283.6
82331,4932,56000,276.2
82341,4936,57500,283.8
82351,4932,55900,275.7
82361,4936,57500,283.8
82371,4932,55900,275.7
82381,4936,57500,283.8
82391,4932,56500,278.7
82401,4712,138900,654.5
82411,4932,56600,279.2
82421,4932,56900,280.6
82431,4932,56600,279.2
82441,4936,56900,280.9
82451,4936,57500,283.8
82461,4932,55900,275.7
82471,4936,57600,284.3
82481,4932,55900,275.7
82491,4936,57500,283.8
82501,4804,140100,673.0
82511,4932,57500,283.6
82521,4932,56000,276.2
82531,4936,57500,283.8
82541,4932,55900,275.7
82551,4932,57500,283.6
82561,4932,55900,275.7
82571,4932,57500,283.6
82581,4936,56600,279.4
82591,4932,56900,280.6
82601,4804,140100,673.0
82611,4900,56800,278.3
82621,4932,57200,282.1
82631,4936,56600,279.4
82641,4932,57500,283.6
82651,4932,55900,275.7
82661,4936,57500,283.8
82671,4932,55900,275.7
82681,4936,57500,283.8
82691,4932,56000,276.2
82701,4932,57600,284.1
82711,4928,58500,288.3
82721,4936,57600,284.3
82731,4932,55900,275.7
82741,4932,57500,283.6
82751,4932,56400,278.2
82761,4936,57400,283.3
82771,4932,56600,279.2
82781,4932,56900,280.6
82791,4932,56600,279.2
82801,4932,56800,280.1
82811,4928,96900,477.5
82821,4932,56000,276.2
82831,4936,57600,284.3
82841,4932,55900,275.7
82851,4936,57500,283.8
82861,4932,55900,275.7
82871,4936,57500,283.8
82881,4932,56000,276.2
82891,4936,57500,283.8
82901,4932,55900,275.7
82911,4936,57500,283.8
82921,4816,133800,644.4
82931,4932,57500,283.6
82941,4932,56600,279.2
82951,4936,56800,280.4
82961,4932,56500,278.7
82971,4936,56900,280.9
82981,4932,56600,279.2
82991,4932,56900,280.6
83001,4936,57500,283.8
83011,4932,55900,275.7
83021,4804,145500,699.0
83031,4932,56000,276.2
83041,4932,57500,283.6
83051,4932,55900,275.7
83061,4936,57500,283.8
83071,4932,56000,276.2
83081,4936,57500,283.8
83091,4932,55900,275.7
83101,4936,57500,283.8
83111,4932,55900,275.7
83121,4936,57500,283.8
83131,4804,190100,913.2
83141,4936,56900,280.9
83151,4936,56600,279.4
83161,4932,56900,280.6
83171,4936,57600,284.3
83181,4932,56200,277.2
83191,4932,57500,283.6
83201,4932,55900,275.7
83211,4936,57500,283.8
83221,4932,55900,275.7
83231,4936,57600,284.3
83241,4712,157800,743.6
83251,4936,57600,284.3
83261,4932,55900,275.7
83271,4936,57600,284.3
83281,4932,55900,275.7
83291,4936,57500,283.8
83301,4932,56600,279.2
83311,4936,56900,280.9
83321,4932,56600,279.2
83331,4932,56800,280.1
83341,4804,144700,695.1
83351,4932,56900,280.6
83361,4932,57500,283.6
83371,4932,56000,276.2
83381,4936,57500,283.8
83391,4932,55900,275.7
83401,4932,57500,283.6
83411,4932,55900,275.7
83421,4936,57500,283.8
83431,4932,55900,275.7
83441,4936,57500,283.8
83451,4800,152000,729.6
83461,4932,57500,283.6
83471,4932,56000,276.2
83481,4932,57500,283.6
83491,4932,56600,279.2
83501,4932,56900,280.6
83511,4932,56500,278.7
83521,4932,56900,280.6
83531,4932,56900,280.6
83541,4932,56800,280.1
83551,4932,57500,283.6
83561,4732,131300,621.3
83571,4936,57500,283.8
83581,4932,55900,275.7
83591,4932,57500,283.6
83601,4932,55900,275.7
83611,4932,57500,283.6
83621,4932,55900,275.7
83631,4932,57500,283.6
83641,4932,55900,275.7
83651,4936,57500,283.8
83661,4804,143800,690.8
83671,4932,57500,283.6
83681,4932,56600,279.2
83691,4932,56900,280.6
83701,4932,56600,279.2
83711,4932,56900,280.6
83721,4932,57600,284.1
83731,4932,55900,275.7
83741,4936,57500,283.8
83751,4932,55900,275.7
83761,4928,116100,572.1
83771,4932,56000,276.2
83781,4936,57500,283.8
83791,4932,55900,275.7
83801,4936,57500,283.8
83811,4932,55900,275.7
83822,4936,57600,284.3
83831,4932,56000,276.2
83841,4932,57600,284.1
83851,4932,56500,278.7
83861,4936,56800,280.4
83871,4692,131200,615.6
83881,4932,56900,280.6
83891,4932,56600,279.2
83901,4932,56800,280.1
83911,4936,57500,283.8
83921,4932,55900,275.7
83931,4936,57500,283.8
83941,4932,55900,275.7
83951,4936,57500,283.8
83961,4932,55900,275.7
83971,4804,144000,691.8
83981,4932,55900,275.7
83991,4932,57600,284.1
84001,4932,55900,275.7
84011,4936,57500,283.8
84021,4932,55900,275.7
84031,4932,57500,283.6
84041,4932,56600,279.2
84051,4936,56800,280.4
84061,4932,56600,279.2
84071,4936,56900,280.9
84081,4876,57200,278.9
84091,4932,56500,278.7
84101,4936,57500,283.8
84111,4932,55900,275.7
84121,4932,57500,283.6
84131,4932,55900,275.7
84141,4936,57500,283.8
84151,4932,55900,275.7
84161,4932,57500,283.6
84171,4932,55900,275.7
84181,4792,143900,689.6
84191,4932,56000,276.2
84201,4936,57500,283.8
84211,4932,56500,278.7
84221,4936,57300,282.8
84231,4932,56500,278.7
84241,4932,56900,280.6
84251,4932,56600,279.2
84261,4932,56900,280.6
84271,4932,57400,283.1
84281,4932,55900,275.7
84291,4936,57500,283.8
84301,4932,55900,275.7
84311,4936,57500,283.8
84321,4932,56000,276.2
84331,4936,57500,283.8
84341,4932,55900,275.7
84351,4936,57500,283.8
84361,4932,55900,275.7
84371,4936,57500,283.8
84381,4932,55900,275.7
84391,4800,214700,1030.6
84401,4932,56600,279.2
84411,4932,56900,280.6
84421,4932,56500,278.7
84431,4932,56900,280.6
84441,4932,56600,279.2
84451,4932,56900,280.6
84461,4936,57500,283.8
84471,4932,55900,275.7
84481,4936,57500,283.8
84491,4932,55900,275.7
84501,4936,57500,283.8
84511,4932,56000,276.2
84521,4936,57500,283.8
84531,4932,55900,275.7
84541,4936,57500,283.8
84551,4932,55900,275.7
84561,4932,57500,283.6
84571,4932,56000,276.2
84581,4932,57600,284.1
84591,4932,56600,279.2
84601,4804,141600,680.2
84611,4936,56600,279.4
84621,4932,56900,280.6
84631,4932,57600,284.1
84641,4932,56200,277.2
84651,4936,57500,283.8
84661,4932,55900,275.7
84671,4932,57500,283.6
84681,4932,56000,276.2
84691,4936,57500,283.8
84701,4800,141700,680.2
84711,4804,193800,931.0
84721,4932,56000,276.2
84731,4936,57500,283.8
84741,4932,55900,275.7
84751,4936,57500,283.8
84761,4932,56600,279.2
84771,4936,57000,281.4
84781,4936,56600,279.4
84791,4932,56800,280.1
84801,4932,56500,278.7
84811,4808,138400,665.4
84821,4936,57600,284.3
84831,4932,56000,276.2
84841,4936,57600,284.3
84851,4932,55900,275.7
84861,4936,57500,283.8
84871,4932,55900,275.7
84881,4936,57500,283.8
84891,4932,56000,276.2
84901,4936,57500,283.8
84911,4776,141500,675.8
84921,4936,57500,283.8
84931,4932,55900,275.7
84941,4932,57600,284.1
84951,4932,56500,278.7
84961,4932,56800,280.1
84971,4932,56600,279.2
84981,4932,56800,280.1
84991,4932,56900,280.6
85001,4936,56800,280.4
85011,4936,57400,283.3
85021,4692,132800,623.1
85031,4936,57500,283.8
85041,4932,55900,275.7
85051,4932,57500,283.6
85061,4932,55900,275.7
85071,4936,57500,283.8
85081,4932,55900,275.7
85091,4932,57500,283.6
85101,4932,55900,275.7
85111,4936,57600,284.3
85121,4800,146200,701.8
85131,4932,57500,283.6
85141,4932,56600,279.2
85151,4932,56800,280.1
85161,4932,56500,278.7
85171,4932,56900,280.6
85181,4932,57500,283.6
85191,4932,55900,275.7
85201,4936,57500,283.8
85211,4932,55900,275.7
85221,4936,57500,283.8
85231,4752,133300,633.4
85241,4932,57600,284.1
85251,4932,55900,275.7
85261,4936,57600,284.3
85271,4932,55900,275.7
85281,4936,57400,283.3
85291,4932,56000,276.2
85301,4936,57500,283.8
85311,4932,56600,279.2
85321,4936,56800,280.4
85331,4804,187000,898.3
85341,4932,56900,280.6
85351,4932,56600,279.2
85361,4932,56900,280.6
85371,4936,57500,283.8
85381,4932,55900,275.7
85391,4932,57500,283.6
85401,4932,55900,275.7
85411,4932,57500,283.6
85421,4932,55900,275.7
85431,4808,145300,698.6
85441,4932,56000,276.2
85451,4936,57500,283.8
85461,4932,56000,276.2
85471,4936,57500,283.8
85481,4932,55900,275.7
85491,4936,57500,283.8
85501,4936,56600,279.4
85511,4932,56900,280.6
85522,4932,57200,282.1
85531,4932,56900,280.6
85541,4804,144900,696.1
85551,4932,56500,278.7
85561,4936,57500,283.8
85571,4932,55900,275.7
85581,4936,57500,283.8
85591,4932,55900,275.7
85601,4936,57500,283.8
85611,4932,55900,275.7
85621,4936,57500,283.8
85631,4932,55900,275.7
85641,4932,60400,297.9
85651,4932,55900,275.7
85661,4936,57500,283.8
85671,4932,56400,278.2
85681,4936,57300,282.8
85691,4932,56600,279.2
85701,4936,56900,280.9
85711,4932,56500,278.7
85721,4932,56900,280.6
85731,4932,57500,283.6
85741,4932,55900,275.7
85751,4756,161500,768.1
85761,4932,55900,275.7
85771,4936,57500,283.8
85781,4932,56000,276.2
85791,4936,57500,283.8
85801,4932,55900,275.7
85811,4936,57500,283.8
85821,4932,55900,275.7
85831,4936,57500,283.8
85841,4932,55900,275.7
85851,4924,60300,296.9
85861,4932,56500,278.7
85871,4936,56900,280.9
85881,4936,56500,278.9
85891,4932,56900,280.6
85901,4932,56700,279.6
85911,4932,56800,280.1
85921,4936,57500,283.8
85931,4932,55900,275.7
85941,4932,57500,283.6
85951,4932,55900,275.7
85961,4816,135100,650.6
85971,4932,55900,275.7
85981,4936,57500,283.8
85991,4932,56000,276.2
86001,4936,57500,283.8
86011,4932,55900,275.7
86021,4936,57500,283.8
86031,4932,55900,275.7
86041,4932,57500,283.6
86051,4932,56500,278.7
86061,4932,56800,280.1
86071,4932,56500,278.7
86081,4936,56900,280.9
86091,4932,57600,284.1
86101,4932,56100,276.7
86111,4936,57500,283.8
86121,4932,55900,275.7
86131,4936,57400,283.3
86141,4932,55900,275.7
86151,4936,57500,283.8
86161,4932,55800,275.2
86171,4820,204200,984.2
86181,4932,56000,276.2
86191,4936,57500,283.8
86201,4932,55900,275.7
86211,4932,57500,283.6
86221,4932,56600,279.2
86231,4936,56900,280.9
86241,4932,56500,278.7
86251,4932,56800,280.1
86261,4932,56600,279.2
86271,4804,142300,683.6
86281,4936,57500,283.8
86291,4932,55900,275.7
86301,4936,57500,283.8
86311,4932,55900,275.7
86321,4936,57500,283.8
86331,4932,56000,276.2
86341,4936,57500,283.8
86351,4932,55900,275.7
86361,4936,57500,283.8
86371,4928,56600,278.9
86381,4936,57500,283.8
86391,4932,55900,275.7
86401,4932,57500,283.6
86411,4936,56600,279.4
86421,4932,56900,280.6
86431,4932,56500,278.7
86441,4932,56900,280.6
86451,4932,57000,281.1
86461,4932,56700,279.6
86471,4936,57500,283.8
86481,4808,147700,710.1
86491,4936,57500,283.8
86501,4932,56000,276.2
86511,4936,57500,283.8
86521,4932,55900,275.7
86531,4936,57500,283.8
86541,4932,55900,275.7
86551,4936,57500,283.8
86561,4932,55900,275.7
86571,4936,57600,284.3
86581,4928,62100,306.0
86591,4936,57500,283.8
86601,4932,56600,279.2
86611,4932,56900,280.6
86621,4932,56600,279.2
86631,4932,56900,280.6
86641,4932,57600,284.1
86651,4932,55900,275.7
86661,4936,57500,283.8
86671,4932,55900,275.7
86681,4936,57500,283.8
86691,4808,139800,672.2
86701,4936,57500,283.8
86711,4932,55900,275.7
86721,4936,57500,283.8
86731,4932,55900,275.7
86741,4936,57500,283.8
86751,4932,55900,275.7
86761,4936,57500,283.8
86771,4932,56600,279.2
86781,4936,56900,280.9
86791,4936,56600,279.4
86801,4816,210500,1013.8
86811,4936,56500,278.9
86821,4932,56900,280.6
86831,4936,57500,283.8
86841,4932,56000,276.2
86851,4932,57500,283.6
86861,4932,55900,275.7
86871,4936,57600,284.3
86881,4932,55900,275.7
86891,4936,57500,283.8
86901,4800,136700,656.2
86911,4936,57500,283.8
86921,4932,56000,276.2
86931,4936,57500,283.8
86941,4932,56000,276.2
86951,4936,57500,283.8
86961,4932,56600,279.2
86971,4932,56800,280.1
86981,4932,56500,278.7
86991,4932,56900,280.6
87001,4804,142200,683.1
87011,4932,56500,278.7
87021,4936,57500,283.8
87031,4932,55900,275.7
87041,4932,57600,284.1
87051,4932,55900,275.7
87061,4936,57500,283.8
87071,4932,55900,275.7
87081,4936,57500,283.8
87091,4932,55900,275.7
87101,4936,57500,283.8
87111,4776,141200,674.4
87121,4936,57600,284.3
87131,4932,56500,278.7
87141,4936,57200,282.3
87151,4932,56600,279.2
87161,4932,56800,280.1
87171,4936,56600,279.4
87181,4936,56800,280.4
87191,4932,57500,283.6
87201,4932,56000,276.2
87211,4936,57500,283.8
87222,4932,56000,276.2
87231,4932,57600,284.1
87241,4932,56000,276.2
87251,4936,57500,283.8
87261,4932,55900,275.7
87271,4936,57500,283.8
87281,4932,55900,275.7
87291,4932,57500,283.6
87301,4932,55900,275.7
87311,4932,57500,283.6
87321,4804,144800,695.6
87331,4932,56800,280.1
87341,4932,56600,279.2
87351,4932,56900,280.6
87361,4936,56700,279.9
87371,4932,56900,280.6
87381,4936,57500,283.8
87391,4932,55900,275.7
87401,4936,57500,283.8
87411,4932,55900,275.7
87421,4936,57500,283.8
87431,4700,138700,651.9
87441,4936,57500,283.8
87451,4932,56000,276.2
87461,4936,57500,283.8
87471,4932,55900,275.7
87481,4936,57500,283.8
87491,4932,56000,276.2
87501,4936,57500,283.8
87511,4932,56500,278.7
87521,4932,56900,280.6
87531,4808,136900,658.2
87541,4932,56800,280.1
87551,4932,57500,283.6
87561,4932,56000,276.2
87571,4932,57600,284.1
87581,4932,55900,275.7
87591,4936,57500,283.8
87601,4932,55900,275.7
87611,4936,57500,283.8
87621,4932,55900,275.7
87631,4936,57500,283.8
87641,4720,163000,769.4
87651,4936,57500,283.8
87661,4932,56000,276.2
87671,4932,57500,283.6
87681,4932,56600,279.2
87691,4936,56900,280.9
87701,4932,56500,278.7
87711,4932,56800,280.1
87721,4932,56600,279.2
87731,4936,56800,280.4
87741,4788,143600,687.6
87751,4932,56000,276.2
87761,4936,57500,283.8
87771,4932,55900,275.7
87781,4936,57500,283.8
87791,4932,55800,275.2
87801,4936,57500,283.8
87811,4932,55900,275.7
87821,4936,57500,283.8
87831,4932,55900,275.7
87841,4936,57500,283.8
87851,4692,174900,820.6
87861,4936,57600,284.3
87871,4932,56600,279.2
87881,4932,56800,280.1
87891,4932,56600,279.2
87901,4932,56800,280.1
87911,4936,57100,281.8
87921,4932,56700,279.6
87931,4936,57500,283.8
87941,4932,55900,275.7
87951,4820,135200,651.7
87961,4932,56000,276.2
87971,4936,57500,283.8
87981,4932,55900,275.7
87991,4936,57500,283.8
88001,4932,55900,275.7
88011,4936,57500,283.8
88021,4932,55900,275.7
88031,4936,57600,284.3
88041,4932,56200,277.2
88051,4936,57500,283.8
88061,4936,56600,279.4
88071,4932,56900,280.6
88081,4932,56600,279.2
88091,4936,56900,280.9
88101,4932,57400,283.1
88111,4936,55900,275.9
88121,4936,57500,283.8
88131,4932,56000,276.2
88141,4936,57500,283.8
88151,4932,55900,275.7
88161,4804,144900,696.1
88171,4932,55900,275.7
88181,4936,57500,283.8
88191,4932,55900,275.7
88201,4936,57500,283.8
88211,4932,55900,275.7
88221,4936,57600,284.3
88231,4932,56500,278.7
88241,4936,56800,280.4
88251,4932,56500,278.7
88261,4936,56800,280.4
88271,4812,131200,631.3
88281,4932,56900,280.6
88291,4936,57600,284.3
88301,4932,55900,275.7
88311,4932,57500,283.6
88321,4932,55900,275.7
88331,4936,57500,283.8
88341,4932,55900,275.7
88351,4936,57400,283.3
88361,4936,55800,275.4
88371,4804,142100,682.6
88381,4932,56000,276.2
88391,4936,57500,283.8
88401,4932,55900,275.7
88411,4932,57500,283.6
88421,4932,56600,279.2
88431,4932,56900,280.6
88441,4932,56600,279.2
88451,4936,56800,280.4
88461,4932,57400,283.1
88471,4932,56200,277.2
88481,4684,121500,569.1
88491,4932,56000,276.2
88501,4936,57500,283.8
88511,4932,55900,275.7
88521,4936,57500,283.8
88531,4932,55900,275.7
88541,4936,57500,283.8
88551,4932,55900,275.7
88561,4932,57400,283.1
88571,4932,55900,275.7
88581,4804,160100,769.1
88591,4932,56600,279.2
88601,4936,57300,282.8
88611,4932,56600,279.2
88621,4936,56900,280.9
88631,4936,56600,279.4
88641,4936,56900,280.9
88651,4932,57500,283.6
88661,4932,55900,275.7
88671,4936,57600,284.3
88681,4932,55900,275.7
88691,4708,106000,499.0
88701,4932,55900,275.7
88711,4932,57500,283.6
88721,4932,55900,275.7
88731,4936,57500,283.8
88741,4932,55900,275.7
88751,4936,57400,283.3
88761,4932,55900,275.7
88771,4936,57500,283.8
88781,4932,56500,278.7
88791,4932,59800,294.9
88801,4932,56600,279.2
88811,4936,56900,280.9
88821,4932,56800,280.1
88831,4936,56800,280.4
88841,4936,57500,283.8
88851,4932,55900,275.7
88861,4936,57500,283.8
88871,4932,55900,275.7
88881,4936,57500,283.8
88891,4932,55900,275.7
88901,4808,136700,657.3
88911,4932,55900,275.7
88922,4936,57600,284.3
88931,4932,55900,275.7
88941,4936,57500,283.8
88951,4932,56000,276.2
88961,4936,57400,283.3
88971,4932,56600,279.2
88981,4936,56800,280.4
88991,4932,56600,279.2
89001,4712,136500,643.2
89011,4932,57500,283.6
89021,4932,56000,276.2
89031,4932,57500,283.6
89041,4932,55900,275.7
89051,4932,57500,283.6
89061,4932,55900,275.7
89071,4936,57500,283.8
89081,4932,55900,275.7
89091,4936,57500,283.8
89101,4800,141200,677.8
89111,4936,57500,283.8
89121,4932,56000,276.2
89131,4936,57500,283.8
89141,4932,56600,279.2
89151,4936,56800,280.4
89161,4932,56600,279.2
89171,4932,56900,280.6
89181,4932,56500,278.7
89191,4936,56900,280.9
89201,4804,143400,688.9
89211,4932,56000,276.2
89221,4936,57500,283.8
89231,4932,55900,275.7
89241,4936,57600,284.3
89251,4932,55900,275.7
89261,4936,57500,283.8
89271,4932,55900,275.7
89281,4936,57500,283.8
89291,4932,56000,276.2
89301,4804,142600,685.1
89311,4932,55900,275.7
89321,4936,57600,284.3
89331,4932,56600,279.2
89341,4932,57000,281.1
89351,4936,56600,279.4
89361,4936,56900,280.9
89371,4932,57100,281.6
89381,4932,56600,279.2
89391,4932,57500,283.6
89401,4932,55900,275.7
89411,4928,91100,448.9
89421,4932,55900,275.7
89431,4936,57500,283.8
89441,4932,55900,275.7
89451,4936,57500,283.8
89461,4932,55900,275.7
89471,4932,57500,283.6
89481,4932,55900,275.7
89491,4936,57500,283.8
89501,4932,56300,277.7
89511,4936,60300,297.6
89521,4932,56600,279.2
89531,4932,56900,280.6
89541,4932,56600,279.2
89551,4932,56900,280.6
89561,4932,57500,283.6
89571,4932,55900,275.7
89581,4936,57600,284.3
89591,4932,56000,276.2
89601,4932,57600,284.1
89611,4932,55900,275.7
89621,4932,57500,283.6
89631,4932,56000,276.2
89641,4936,57600,284.3
89651,4932,55900,275.7
89661,4936,57500,283.8
89671,4932,56000,276.2
89681,4936,57500,283.8
89691,4932,56600,279.2
89701,4936,56900,280.9
89711,4932,56500,278.7
89721,4800,141800,680.6
89731,4932,56600,279.2
89741,4936,56900,280.9
89751,4936,57500,283.8
89761,4932,55900,275.7
89771,4936,57500,283.8
89781,4932,55900,275.7
89791,4936,57500,283.8
89801,4932,55900,275.7
89811,4936,57500,283.8
89821,4932,55900,275.7
89831,4936,57500,283.8
89841,4932,56000,276.2
89851,4936,57500,283.8
89861,4932,56000,276.2
89871,4936,57500,283.8
89881,4932,56600,279.2
89891,4932,56900,280.6
89901,4932,56600,279.2
89911,4932,56900,280.6
89921,4932,57400,283.1
89931,4744,156100,740.5
89941,4936,57500,283.8
89951,4932,55900,275.7
89961,4936,57500,283.8
89971,4932,55900,275.7
89981,4936,57500,283.8
89991,4932,55900,275.7
90001,4936,57500,283.8
90011,4932,55900,275.7
90021,4936,57400,283.3
90031,4928,56000,276.0
90041,4932,57500,283.6
90051,4932,56600,279.2
90061,4936,57200,282.3
90071,4932,56600,279.2
90081,4932,56900,280.6
90091,4932,56500,278.7
90101,4932,56800,280.1
90111,4936,57500,283.8
90121,4932,55900,275.7
90131,4936,57500,283.8
90141,4908,55900,274.4
90151,4932,57600,284.1
90161,4932,55900,275.7
90171,4936,57600,284.3
90181,4932,55900,275.7
90191,4932,57500,283.6
90201,4932,55900,275.7
90211,4936,57500,283.8
90221,4932,55900,275.7
90231,4932,57400,283.1
90241,4800,144600,694.1
90251,4932,56900,280.6
90261,4932,56600,279.2
90271,4932,56900,280.6
90281,4936,56700,279.9
90291,4932,56800,280.1
90301,4936,57600,284.3
90311,4932,55900,275.7
90321,4932,57500,283.6
90331,4932,55900,275.7
90341,4936,57500,283.8
90351,4784,197000,942.4
90361,4932,57500,283.6
90371,4932,56000,276.2
90381,4936,57500,283.8
90391,4932,55900,275.7
90401,4936,57500,283.8
90411,4932,56000,276.2
90421,4936,57500,283.8
90431,4932,56600,279.2
90441,4936,56800,280.4
90451,4928,66400,327.2
90461,4936,56900,280.9
90471,4932,57500,283.6
90481,4932,56000,276.2
90491,4932,57600,284.1
90501,4932,55900,275.7
90511,4936,57500,283.8
90521,4932,55900,275.7
90531,4936,57500,283.8
90541,4932,55900,275.7
90551,4936,57500,283.8
90561,4788,141200,676.1
90571,4936,57500,283.8
90581,4932,55900,275.7
90591,4936,57500,283.8
90601,4932,56600,279.2
90611,4932,56900,280.6
90622,4932,56500,278.7
90631,4936,56900,280.9
90641,4932,56600,279.2
90651,4932,56900,280.6
90661,4936,57500,283.8
90671,4812,135600,652.5
90681,4936,57600,284.3
90691,4932,55900,275.7
90701,4936,57500,283.8
90711,4932,55900,275.7
90721,4936,57500,283.8
90731,4932,55900,275.7
90741,4936,57500,283.8
90751,4932,55900,275.7
90761,4936,57600,284.3
90771,4932,55900,275.7
90781,4820,213600,1029.6
90791,4932,56600,279.2
90801,4932,56900,280.6
90811,4936,56600,279.4
90821,4932,56900,280.6
90831,4936,57000,281.4
90841,4932,56700,279.6
90851,4932,57500,283.6
90861,4932,55900,275.7
90871,4936,57500,283.8
90881,4796,141500,678.6
90891,4936,57500,283.8
90901,4932,55900,275.7
90911,4936,57400,283.3
90921,4932,56000,276.2
90931,4936,57500,283.8
90941,4932,55900,275.7
90951,4932,57500,283.6
90961,4932,56300,277.7
90971,4936,57400,283.3
90981,4804,154000,739.8
90991,4932,56800,280.1
91001,4932,56600,279.2
91011,4936,56900,280.9
91021,4932,57500,283.6
91031,4932,55900,275.7
91041,4936,57500,283.8
91051,4932,55900,275.7
91061,4936,57500,283.8
91071,4932,55900,275.7
91081,4800,142900,685.9
91091,4932,55900,275.7
91101,4936,57600,284.3
91111,4932,56000,276.2
91121,4936,57500,283.8
91131,4932,55900,275.7
91141,4936,57500,283.8
91151,4932,56500,278.7
91161,4936,56800,280.4
91171,4932,56600,279.2
91181,4932,56900,280.6
91191,4812,137700,662.6
91201,4932,57000,281.1
91211,4936,57500,283.8
91221,4932,55900,275.7
91231,4936,57500,283.8
91241,4932,56000,276.2
91251,4936,57600,284.3
91261,4932,55900,275.7
91271,4936,57600,284.3
91281,4932,55900,275.7
91291,4804,142900,686.5
91301,4932,55900,275.7
91311,4936,57500,283.8
91321,4932,56000,276.2
91331,4936,57500,283.8
91341,4932,56600,279.2
91351,4932,56900,280.6
91361,4932,56500,278.7
91371,4932,56900,280.6
91381,4932,57400,283.1
91391,4800,142200,682.6
91401,4936,57500,283.8
91411,4932,56000,276.2
91421,4936,57500,283.8
91431,4932,55900,275.7
91441,4936,57600,284.3
91451,4932,55900,275.7
91461,4936,57500,283.8
91471,4932,55900,275.7
91481,4936,57600,284.3
91491,4932,56000,276.2
91501,4800,197500,948.0
91511,4932,56600,279.2
91521,4936,57300,282.8
91531,4932,56600,279.2
91541,4936,56900,280.9
91551,4932,56600,279.2
91561,4936,56900,280.9
91571,4932,57500,283.6
91581,4932,55900,275.7
91591,4936,57500,283.8
91601,4700,170800,802.8
91611,4936,57500,283.8
91621,4932,55900,275.7
91631,4936,57500,283.8
91641,4932,56000,276.2
91651,4936,57500,283.8
91661,4932,56000,276.2
91671,4936,57600,284.3
91681,4932,56000,276.2
91691,4932,57500,283.6
91701,4804,143200,687.9
91711,4936,56900,280.9
91721,4932,56600,279.2
91731,4936,56900,280.9
91741,4932,56800,280.1
91751,4932,56900,280.6
91761,4932,57500,283.6
91771,4932,55900,275.7
91781,4936,57500,283.8
91791,4932,56000,276.2
91801,4936,57500,283.8
91811,4800,141700,680.2
91821,4936,57500,283.8
91831,4932,55900,275.7
91841,4936,57500,283.8
91851,4932,56000,276.2
91861,4932,57500,283.6
91871,4932,56000,276.2
91881,4936,57500,283.8
91891,4932,56500,278.7
91901,4932,56900,280.6
91911,4936,56600,279.4
91921,4800,141400,678.7
91931,4932,57500,283.6
91941,4932,56100,276.7
91951,4936,57500,283.8
91961,4932,55900,275.7
91971,4936,57500,283.8
91981,4936,55900,275.9
91991,4936,57500,283.8
92001,4932,55900,275.7
92011,4932,57500,283.6
92021,4792,142800,684.3
92031,4936,57500,283.8
92041,4932,56000,276.2
92051,4936,57500,283.8
92061,4932,56600,279.2
92071,4936,56900,280.9
92081,4932,56600,279.2
92091,4936,56900,280.9
92101,4932,56600,279.2
92111,4932,56900,280.6
92121,4936,57500,283.8
92131,4880,55900,272.8
92141,4936,57500,283.8
92151,4932,56000,276.2
92161,4936,57500,283.8
92171,4932,55900,275.7
92181,4936,57600,284.3
92191,4932,55900,275.7
92201,4936,57500,283.8
92211,4932,55900,275.7
92221,4932,57500,283.6
92231,4784,141100,675.0
92241,4936,57500,283.8
92251,4932,56600,279.2
92261,4932,56900,280.6
92271,4932,56700,279.6
92281,4936,56900,280.9
92291,4932,57100,281.6
92301,4932,56700,279.6
92311,4936,57500,283.8
92322,4932,56000,276.2
92331,4936,57500,283.8
92341,4708,139200,655.4
92351,4936,57500,283.8
92361,4932,55900,275.7
92371,4936,57500,283.8
92381,4932,55900,275.7
92391,4936,57500,283.8
92401,4932,55900,275.7
92411,4936,57500,283.8
92421,4932,56200,277.2
92431,4932,57400,283.1
92441,4816,134400,647.3
92451,4932,56900,280.6
92461,4936,56500,278.9
92471,4936,56900,280.9
92481,4932,57600,284.1
92491,4932,55900,275.7
92501,4936,57500,283.8
92511,4932,55900,275.7
92521,4936,57600,284.3
92531,4932,55900,275.7
92541,4936,57500,283.8
92551,4796,202100,969.3
92561,4936,57500,283.8
92571,4932,55900,275.7
92581,4936,57500,283.8
92591,4932,56000,276.2
92601,4936,57500,283.8
92611,4932,56600,279.2
92621,4936,56800,280.4
92631,4932,56600,279.2
92641,4932,56800,280.1
92651,4800,144400,693.1
92661,4932,56900,280.6
92671,4932,57500,283.6
92681,4932,55900,275.7
92691,4936,57600,284.3
92701,4932,55900,275.7
92711,4932,57500,283.6
92721,4932,55900,275.7
92731,4936,57600,284.3
92741,4932,55900,275.7
92751,4936,57500,283.8
92761,4752,173300,823.5
92771,4936,57500,283.8
92781,4932,55900,275.7
92791,4936,57500,283.8
92801,4932,56600,279.2
92811,4932,56800,280.1
92821,4932,56600,279.2
92831,4932,56900,280.6
92841,4932,57500,283.6
92851,4932,56400,278.2
92861,4784,142100,679.8
92871,4932,56000,276.2
92881,4936,57500,283.8
92891,4932,55900,275.7
92901,4932,57500,283.6
92911,4932,55900,275.7
92921,4936,57500,283.8
92931,4932,55900,275.7
92941,4932,57500,283.6
92951,4932,56000,276.2
92961,4936,57500,283.8
92971,4804,139700,671.1
92981,4936,57300,282.8
92991,4932,56600,279.2
93001,4932,56900,280.6
93011,4932,56600,279.2
93021,4932,56900,280.6
93031,4932,57500,283.6
93041,4932,55900,275.7
93051,4936,57500,283.8
93061,4932,55900,275.7
93071,4936,57500,283.8
93081,4816,219100,1055.2
93091,4936,57500,283.8
93101,4932,55900,275.7
93111,4936,57500,283.8
93121,4932,56000,276.2
93131,4936,57500,283.8
93141,4932,56000,276.2
93151,4936,57500,283.8
93161,4932,56600,279.2
93171,4932,56900,280.6
93181,4700,136500,641.5
93191,4932,56900,280.6
93201,4932,56700,279.6
93211,4932,56900,280.6
93221,4936,57500,283.8
93231,4932,55900,275.7
93241,4932,57600,284.1
93251,4932,55900,275.7
93261,4936,57500,283.8
93271,4932,55900,275.7
93281,4932,99800,492.2
93291,4932,56000,276.2
93301,4936,57500,283.8
93311,4932,55900,275.7
93321,4936,57500,283.8
93331,4932,56000,276.2
93341,4936,57500,283.8
93351,4932,56500,278.7
93361,4936,56900,280.9
93371,4932,56600,279.2
93381,4932,56900,280.6
93391,4736,138900,657.8
93401,4936,56100,276.9
93411,4936,57600,284.3
93421,4932,55900,275.7
93431,4936,57500,283.8
93441,4932,56000,276.2
93451,4936,57500,283.8
93461,4932,55900,275.7
93471,4936,57500,283.8
93481,4932,56000,276.2
93491,4936,57600,284.3
93501,4932,56000,276.2
93511,4932,57500,283.6
93521,4932,56600,279.2
93531,4932,56900,280.6
93541,4932,56600,279.2
93551,4932,56900,280.6
93561,4936,56600,279.4
93571,4932,56900,280.6
93581,4936,57500,283.8
93591,4932,55900,275.7
93601,4812,133800,643.8
93611,4932,56000,276.2
93621,4932,57500,283.6
93631,4932,55900,275.7
93641,4936,57500,283.8
93651,4932,55900,275.7
93661,4932,57600,284.1
93671,4932,55900,275.7
93681,4936,57500,283.8
93691,4932,55900,275.7
93701,4800,142000,681.6
93711,4932,56600,279.2
93721,4932,56900,280.6
93731,4932,56500,278.7
93741,4932,56900,280.6
93751,4932,57000,281.1
93761,4932,56700,279.6
93771,4932,57500,283.6
93781,4932,55900,275.7
93791,4936,57500,283.8
93801,4804,141000,677.4
93811,4936,57500,283.8
93821,4932,55900,275.7
93831,4936,57500,283.8
93841,4932,55900,275.7
93851,4932,57500,283.6
93861,4932,55900,275.7
93871,4936,57500,283.8
93881,4932,56300,277.7
93891,4936,57500,283.8
93901,4932,56600,279.2
93911,4708,137600,647.8
93921,4932,56600,279.2
93931,4936,56900,280.9
93941,4932,57600,284.1
93951,4932,55900,275.7
93961,4936,57500,283.8
93971,4932,55900,275.7
93981,4936,57500,283.8
93991,4932,56000,276.2
94001,4936,57500,283.8
94011,4804,140800,676.4
94022,4936,57600,284.3
94031,4932,55900,275.7
94041,4936,57500,283.8
94051,4932,55900,275.7
94061,4936,57500,283.8
94071,4932,56600,279.2
94081,4936,56800,280.4
94091,4936,56600,279.4
94101,4936,56800,280.4
94111,4928,63500,312.9
94121,4936,56900,280.9
94131,4932,57600,284.1
94141,4932,56000,276.2
94151,4932,57500,283.6
94161,4932,55900,275.7
94171,4936,57600,284.3
94181,4932,55900,275.7
94191,4936,57500,283.8
94201,4932,55900,275.7
94211,4936,57500,283.8
94221,4796,139800,670.5
94231,4932,57500,283.6
94241,4932,56000,276.2
94251,4932,57500,283.6
94261,4932,56600,279.2
94271,4936,56900,280.9
94281,4932,56600,279.2
94291,4936,56900,280.9
94301,4932,57400,283.1
94311,4932,56400,278.2
94321,4936,57500,283.8
94331,4796,141300,677.7
94341,4936,57600,284.3
94351,4932,56000,276.2
94361,4936,57600,284.3
94371,4932,55900,275.7
94381,4936,57500,283.8
94391,4932,56000,276.2
94401,4936,57500,283.8
94411,4932,55900,275.7
94421,4936,57500,283.8
94431,4928,56800,279.9
94441,4936,57300,282.8
94451,4932,56600,279.2
94461,4932,56900,280.6
94471,4932,56600,279.2
94481,4936,56800,280.4
94491,4932,57500,283.6
94501,4932,55900,275.7
94511,4936,57500,283.8
94521,4932,55900,275.7
94531,4936,57500,283.8
94541,4716,142500,672.0
94551,4932,57500,283.6
94561,4932,56000,276.2
94571,4936,57500,283.8
94581,4932,55900,275.7
94591,4936,57500,283.8
94601,4932,56000,276.2
94611,4936,57500,283.8
94621,4932,56600,279.2
94631,4932,56900,280.6
94641,4800,144100,691.7
94651,4936,56900,280.9
94661,4932,56700,279.6
94671,4932,56900,280.6
94681,4932,57500,283.6
94691,4932,56000,276.2
94701,4936,57500,283.8
94711,4932,55900,275.7
94721,4936,57500,283.8
94731,4932,56000,276.2
94741,4796,143100,686.3
94751,4932,55900,275.7
94761,4932,57600,284.1
94771,4932,55900,275.7
94781,4936,57500,283.8
94791,4932,55900,275.7
94801,4932,57400,283.1
94811,4932,56600,279.2
94821,4932,56800,280.1
94831,4936,56600,279.4
94841,4932,56900,280.6
94851,4724,139400,658.5
94861,4932,56100,276.7
94871,4936,57500,283.8
94881,4932,56000,276.2
94891,4936,57500,283.8
94901,4932,55900,275.7
94911,4936,57500,283.8
94921,4932,56000,276.2
94931,4936,57500,283.8
94941,4932,56000,276.2
94951,4936,57600,284.3
94961,4932,56000,276.2
94971,4936,57500,283.8
94981,4932,56600,279.2
94991,4936,56900,280.9
95001,4932,56600,279.2
95011,4932,56900,280.6
95021,4936,56600,279.4
95031,4932,56800,280.1
95041,4932,57500,283.6
95051,4932,55900,275.7
95061,4932,74900,369.4
95071,4932,55900,275.7
95081,4932,57500,283.6
95091,4932,55900,275.7
95101,4936,57500,283.8
95111,4932,55900,275.7
95121,4936,57500,283.8
95131,4932,56000,276.2
95141,4936,57600,284.3
95151,4932,55900,275.7
95161,4936,57500,283.8
95171,4784,141200,675.5
95181,4932,57000,281.1
95191,4932,56600,279.2
95201,4936,56800,280.4
95211,4932,57000,281.1
95221,4932,56700,279.6
95231,4932,57500,283.6
95241,4932,56000,276.2
95251,4936,57500,283.8
95261,4932,56000,276.2
95271,4936,57500,283.8
95281,4800,141500,679.2
95291,4936,57600,284.3
95301,4932,55900,275.7
95311,4936,57600,284.3
95321,4932,55900,275.7
95331,4932,57500,283.6
95341,4932,56300,277.7
95351,4936,57400,283.3
95361,4932,56600,279.2
95371,4932,56900,280.6
95381,4936,56500,278.9
95391,4808,219400,1054.9
95401,4932,57500,283.6
95411,4936,56000,276.4
95421,4936,57500,283.8
95431,4932,55900,275.7
95441,4932,57600,284.1
95451,4932,55900,275.7
95461,4936,57500,283.8
95471,4932,56000,276.2
95481,4936,57500,283.8
95491,4804,141100,677.8
95501,4932,57500,283.6
95511,4932,56000,276.2
95521,4932,57500,283.6
95531,4932,56600,279.2
95541,4936,56800,280.4
95551,4932,56600,279.2
95561,4936,56900,280.9
95571,4932,56600,279.2
95581,4932,56800,280.1
95591,4932,57600,284.1
95601,4804,136700,656.7
95611,4936,57600,284.3
95621,4932,56000,276.2
95631,4936,57600,284.3
95641,4932,56000,276.2
95651,4936,57500,283.8
95661,4932,56000,276.2
95671,4936,57500,283.8
95681,4932,55900,275.7
95691,4936,57500,283.8
95701,4800,142200,682.6
95711,4936,57600,284.3
95721,4932,56600,279.2
95732,4936,56900,280.9
95741,4932,56600,279.2
95751,4932,56800,280.1
95761,4932,57400,283.1
95771,4932,56300,277.7
95781,4936,57600,284.3
95791,4932,55900,275.7
95801,4808,141900,682.3
95811,4932,56000,276.2
95821,4936,57500,283.8
95831,4932,55900,275.7
95841,4932,57500,283.6
95851,4932,55900,275.7
95861,4936,57600,284.3
95871,4932,55900,275.7
95881,4936,57600,284.3
95891,4932,56600,279.2
95901,4936,57200,282.3
95911,4804,133300,640.4
95921,4932,56900,280.6
95931,4932,56600,279.2
95941,4932,56900,280.6
95951,4932,57400,283.1
95961,4932,56000,276.2
95971,4932,57500,283.6
95981,4932,55900,275.7
95991,4936,57600,284.3
96001,4932,55900,275.7
96011,4928,86200,424.8
96021,4932,55900,275.7
96031,4936,57500,283.8
96041,4932,56000,276.2
96051,4936,57500,283.8
96061,4932,55900,275.7
96071,4936,57500,283.8
96081,4932,56600,279.2
96091,4932,56900,280.6
96101,4932,56600,279.2
96111,4932,56900,280.6
96121,4932,56700,279.6
96131,4936,56900,280.9
96141,4936,57500,283.8
96151,4932,55900,275.7
96161,4932,57600,284.1
96171,4932,55900,275.7
96181,4936,57600,284.3
96191,4932,56000,276.2
96201,4936,57500,283.8
96211,4932,56000,276.2
96221,4784,214700,1027.1
96231,4932,56000,276.2
96241,4936,57500,283.8
96251,4932,56000,276.2
96261,4936,57600,284.3
96271,4932,56600,279.2
96281,4932,56900,280.6
96291,4932,56600,279.2
96301,4932,56900,280.6
96311,4936,57500,283.8
96321,4932,58900,290.5
96331,4936,57500,283.8
96341,4932,55900,275.7
96351,4936,57500,283.8
96361,4932,55900,275.7
96371,4936,57500,283.8
96381,4932,55900,275.7
96391,4936,57500,283.8
96401,4932,55900,275.7
96411,4932,57500,283.6
96421,4932,55900,275.7
96431,4816,169200,814.9
96441,4932,56700,279.6
96451,4932,56800,280.1
96461,4932,56600,279.2
96471,4932,56800,280.1
96481,4936,56600,279.4
96491,4932,56900,280.6
96501,4936,57600,284.3
96511,4932,55900,275.7
96521,4936,57500,283.8
96531,4932,55900,275.7
96541,4688,130300,610.8
96551,4932,55900,275.7
96561,4936,57600,284.3
96571,4932,55900,275.7
96581,4936,57500,283.8
96591,4932,55900,275.7
96601,4936,57500,283.8
96611,4932,55900,275.7
96621,4932,57400,283.1
96631,4932,56600,279.2
96641,4808,137600,661.6
96651,4932,56500,278.7
96661,4932,56900,280.6
96671,4932,57000,281.1
96681,4932,56800,280.1
96691,4936,57500,283.8
96701,4932,55900,275.7
96711,4932,57500,283.6
96721,4932,55900,275.7
96731,4936,57500,283.8
96741,4932,55900,275.7
96751,4932,73800,364.0
96761,4932,56000,276.2
96771,4936,57600,284.3
96781,4932,55900,275.7
96791,4932,57600,284.1
96801,4932,56300,277.7
96811,4936,57500,283.8
96821,4932,56600,279.2
96831,4932,56900,280.6
96841,4932,56600,279.2
96851,4832,56800,274.5
96861,4932,57600,284.1
96871,4936,55900,275.9
96881,4936,57500,283.8
96891,4932,55900,275.7
96901,4936,57500,283.8
96911,4932,56000,276.2
96921,4936,57500,283.8
96931,4932,55900,275.7
96941,4936,57500,283.8
96951,4692,149100,699.6
96961,4936,57500,283.8
96971,4932,55900,275.7
96981,4936,57600,284.3
96991,4932,56600,279.2
97001,4932,56800,280.1
97011,4932,56600,279.2
97021,4932,56900,280.6
97031,4932,56600,279.2
97041,4932,56900,280.6
97051,4804,162400,780.2
97061,4932,56000,276.2
97071,4936,57500,283.8
97081,4932,55800,275.2
97091,4932,57600,284.1
97101,4932,55900,275.7
97111,4936,57500,283.8
97121,4932,56000,276.2
97131,4936,57500,283.8
97141,4932,56000,276.2
97151,4932,57500,283.6
97161,4696,137600,646.2
97171,4932,57500,283.6
97181,4932,56600,279.2
97191,4936,56900,280.9
97201,4936,56500,278.9
97211,4932,56900,280.6
97221,4932,57400,283.1
97231,4932,56300,277.7
97241,4936,57600,284.3
97251,4932,55800,275.2
97261,4804,146300,702.8
97271,4932,56000,276.2
97281,4932,57500,283.6
97291,4932,55900,275.7
97301,4932,57600,284.1
97311,4932,56000,276.2
97321,4936,57500,283.8
97331,4932,55900,275.7
97341,4936,57500,283.8
97351,4932,56600,279.2
97361,4936,57600,284.3
97371,4932,56600,279.2
97381,4932,56900,280.6
97391,4932,56600,279.2
97401,4932,56900,280.6
97411,4932,57500,283.6
97421,4932,55900,275.7
97435,4936,57500,283.8
97441,4932,55900,275.7
97451,4936,57500,283.8
97461,4932,56000,276.2
97471,4792,138700,664.7
97481,4932,56000,276.2
97491,4936,57500,283.8
97501,4932,55900,275.7
97511,4936,57500,283.8
97521,4932,55900,275.7
97531,4936,57600,284.3
97541,4932,56600,279.2
97551,4936,57000,281.4
97561,4932,56600,279.2
97571,4904,158600,777.8
97581,4932,56800,280.1
97591,4932,57000,281.1
97601,4936,57500,283.8
97611,4932,55900,275.7
97621,4936,57600,284.3
97631,4932,55900,275.7
97641,4936,57500,283.8
97651,4932,55900,275.7
97661,4936,57600,284.3
97671,4932,55900,275.7
97681,4820,214600,1034.4
97691,4932,55900,275.7
97701,4936,57500,283.8
97711,4932,56000,276.2
97721,4932,57400,283.1
97731,4932,56600,279.2
97741,4932,56900,280.6
97751,4932,56600,279.2
97761,4932,56900,280.6
97771,4932,57600,284.1
97781,4892,158600,775.9
97791,4936,57600,284.3
97801,4932,56000,276.2
97811,4936,57500,283.8
97821,4932,56000,276.2
97831,4936,57500,283.8
97841,4932,56000,276.2
97851,4936,57500,283.8
97861,4932,55900,275.7
97871,4936,57500,283.8
97881,4932,58800,290.0
97891,4936,57600,284.3
97901,4932,56600,279.2
97911,4932,56800,280.1
97921,4932,56600,279.2
97931,4932,56800,280.1
97941,4932,56600,279.2
97951,4932,56800,280.1
97961,4936,57500,283.8
97971,4932,55900,275.7
97981,4936,57500,283.8
97991,4768,176800,843.0
98001,4936,57500,283.8
98011,4932,56000,276.2
98021,4936,57500,283.8
98031,4932,55900,275.7
98041,4932,57500,283.6
98051,4928,55900,275.5
98061,4932,57500,283.6
98071,4932,55900,275.7
98081,4932,57500,283.6
98091,4756,136600,649.7
98101,4932,56900,280.6
98111,4932,56600,279.2
98121,4932,56900,280.6
98131,4932,57200,282.1
98141,4932,56700,279.6
98151,4936,57500,283.8
98161,4932,55900,275.7
98171,4936,57500,283.8
98181,4932,55900,275.7
98191,4804,146800,705.2
98201,4932,55900,275.7
98211,4936,57600,284.3
98221,4932,55900,275.7
98231,4936,57500,283.8
98241,4932,55900,275.7
98251,4936,57600,284.3
98261,4932,56400,278.2
98271,4936,57400,283.3
98281,4932,56600,279.2
98291,4932,56900,280.6
98301,4932,56500,278.7
98311,4936,56900,280.9
98321,4932,57500,283.6
98331,4932,56000,276.2
98341,4936,57500,283.8
98351,4932,55900,275.7
98361,4932,57500,283.6
98371,4932,55900,275.7
98381,4932,57500,283.6
98391,4932,56000,276.2
98401,4804,142200,683.1
98411,4932,56000,276.2
98421,4932,57500,283.6
98431,4932,56000,276.2
98441,4936,57600,284.3
98451,4932,56500,278.7
98461,4936,56800,280.4
98471,4932,56600,279.2
98481,4932,56900,280.6
98491,4932,56700,279.6
98501,4932,56800,280.1
98511,4804,155300,746.1
98521,4932,55900,275.7
98531,4936,57500,283.8
98541,4932,55900,275.7
98551,4936,57500,283.8
98561,4932,56000,276.2
98571,4936,57500,283.8
98581,4932,55900,275.7
98591,4936,57500,283.8
98601,4932,56000,276.2
98611,4928,57600,283.9
98621,4932,55900,275.7
98631,4936,57500,283.8
98641,4936,56600,279.4
98651,4932,56800,280.1
98661,4932,56600,279.2
98671,4932,56900,280.6
98681,4932,57500,283.6
98691,4932,56200,277.2
98701,4936,57500,283.8
98711,4932,55900,275.7
98721,4760,142600,678.8
98731,4932,56000,276.2
98741,4936,57500,283.8
98751,4932,55900,275.7
98761,4936,57600,284.3
98771,4932,55900,275.7
98781,4932,57500,283.6
98791,4932,56000,276.2
98801,4936,57500,283.8
98811,4932,56700,279.6
98821,4936,56900,280.9
98831,4932,56500,278.7
98841,4936,56900,280.9
98851,4932,56600,279.2
98861,4932,56900,280.6
98871,4936,57500,283.8
98881,4932,56000,276.2
98891,4936,57500,283.8
98901,4932,56000,276.2
98911,4936,57500,283.8
98921,4932,55900,275.7
98931,4684,128200,600.5
98941,4932,55900,275.7
98951,4936,57500,283.8
98961,4932,56000,276.2
98971,4936,57500,283.8
98981,4932,55900,275.7
98991,4936,57500,283.8
99001,4932,56600,279.2
99011,4932,56900,280.6
99021,4932,56600,279.2
99031,4908,156800,769.6
99041,4932,56800,280.1
99051,4936,56800,280.4
99061,4936,57600,284.3
99071,4932,56000,276.2
99081,4932,57500,283.6
99091,4932,55900,275.7
99101,4936,57500,283.8
99111,4932,55900,275.7
99121,4936,57500,283.8
99132,4932,55900,275.7
99141,4684,132200,619.2
99151,4932,55900,275.7
99161,4932,57600,284.1
99171,4932,56000,276.2
99181,4932,57500,283.6
99191,4932,56500,278.7
99201,4932,56800,280.1
99211,4932,56600,279.2
99221,4932,56900,280.6
99231,4932,57500,283.6
99241,4932,58800,290.0
99251,4936,57600,284.3
99261,4932,55900,275.7
99271,4936,57500,283.8
99281,4932,56000,276.2
99291,4936,57600,284.3
99301,4932,55900,275.7
99311,4936,57500,283.8
99321,4932,55900,275.7
99331,4936,57500,283.8
99341,4932,55900,275.7
99351,4808,214800,1032.8
99361,4932,56700,279.6
99371,4936,56800,280.4
99381,4932,56600,279.2
99391,4932,56900,280.6
99401,4932,56600,279.2
99411,4932,56800,280.1
99421,4932,57600,284.1
99431,4932,55900,275.7
99441,4936,57600,284.3
99451,4796,141000,676.2
99461,4932,57600,284.1
99471,4932,55900,275.7
99481,4932,57500,283.6
99491,4932,56000,276.2
99501,4936,57500,283.8
99511,4932,56000,276.2
99521,4936,57500,283.8
99531,4932,55900,275.7
99541,4932,57500,283.6
99551,4804,141200,678.3
99561,4932,56900,280.6
99571,4936,56600,279.4
99581,4932,56900,280.6
99591,4932,57300,282.6
99601,4936,56600,279.4
99611,4932,57600,284.1
99621,4932,55900,275.7
99631,4936,57500,283.8
99641,4932,55900,275.7
99651,4804,145500,699.0
99661,4932,55900,275.7
99671,4936,57500,283.8
99681,4932,55900,275.7
99691,4936,57500,283.8
99701,4932,55900,275.7
99711,4932,57500,283.6
99721,4932,56400,278.2
99731,4936,57300,282.8
99741,4932,56600,279.2
99751,4932,56900,280.6
99761,4784,134200,642.0
99771,4932,56900,280.6
99781,4932,57500,283.6
99791,4932,55900,275.7
99801,4936,57500,283.8
99811,4932,56000,276.2
99821,4936,57500,283.8
99831,4932,55900,275.7
99841,4932,57500,283.6
99851,4932,55900,275.7
99861,4936,57500,283.8
99871,4904,56000,274.6
99881,4932,57500,283.6
99891,4932,55900,275.7
99901,4936,57500,283.8
99911,4932,56600,279.2
99921,4936,56800,280.4
99931,4932,56600,279.2
99941,4932,56900,280.6
99951,4936,56700,279.9
99961,4936,56900,280.9
99971,4684,150700,705.9
99981,4932,55900,275.7
99991,4936,57600,284.3
100001,4932,55900,275.7
100011,4936,57500,283.8
100021,4932,56000,276.2
100031,4932,57500,283.6
100041,4932,55900,275.7
100051,4936,57500,283.8
100061,4932,55900,275.7
100071,4812,141600,681.4
100081,4932,56000,276.2
100091,4936,57600,284.3
100101,4936,56600,279.4
100111,4936,56900,280.9
100121,4932,56500,278.7
100131,4932,56900,280.6
100141,4932,57500,283.6
100151,4932,56100,276.7
100161,4932,57600,284.1
100171,4932,55900,275.7
100181,4936,57600,284.3
100191,4932,56000,276.2
100201,4936,57500,283.8
100211,4932,55900,275.7
100221,4936,57500,283.8
100231,4932,55900,275.7
100241,4936,57500,283.8
100251,4932,55900,275.7
100261,4932,57500,283.6
100271,4932,56600,279.2
100281,4776,175300,837.2
100291,4932,56500,278.7
100301,4936,56900,280.9
100311,4936,56500,278.9
100321,4932,56800,280.1
100331,4932,57500,283.6
100341,4932,55900,275.7
100351,4932,57500,283.6
100361,4932,56000,276.2
100371,4936,57500,283.8
100381,4932,55900,275.7
100391,4932,57500,283.6
100401,4932,55900,275.7
100411,4936,57500,283.8
100421,4932,55900,275.7
100431,4932,57500,283.6
100441,4932,55900,275.7
100451,4936,57500,283.8
100461,4932,56600,279.2
100471,4936,56900,280.9
100481,4932,56600,279.2
100491,4816,188100,905.9
100501,4932,56900,280.6
100511,4932,56800,280.1
100521,4936,57500,283.8
100531,4932,55900,275.7
100541,4936,57500,283.8
100551,4936,55900,275.9
100561,4936,57500,283.8
100571,4932,55900,275.7
100581,4936,57500,283.8
100591,4816,217800,1048.9
100601,4932,57500,283.6
100611,4932,56000,276.2
100621,4936,57600,284.3
100631,4932,56200,277.2
100641,4936,57500,283.8
100651,4932,56500,278.7
100661,4932,56900,280.6
100671,4932,56500,278.7
100681,4932,56800,280.1
100691,4780,142800,682.6
100701,4932,55900,275.7
100711,4932,57600,284.1
100721,4932,55900,275.7
100731,4936,57600,284.3
100741,4932,55900,275.7
100751,4936,57500,283.8
100761,4932,55900,275.7
100771,4936,57500,283.8
100781,4932,55900,275.7
100791,4792,128200,614.3
100802,4932,56600,279.2
100811,4936,57500,283.8
100821,4932,56600,279.2
100831,4932,56800,280.1
100841,4932,56600,279.2
100851,4932,56800,280.1
100861,4932,56600,279.2
100871,4932,56800,280.1
100881,4936,57600,284.3
100891,4932,55900,275.7
100901,4684,147900,692.8
100911,4932,56000,276.2
100921,4932,57500,283.6
100931,4932,55900,275.7
100941,4936,57500,283.8
100951,4932,55900,275.7
100961,4936,57500,283.8
100971,4932,56000,276.2
100981,4936,57500,283.8
100991,4932,55900,275.7
101001,4804,141700,680.7
101011,4932,56700,279.6
101021,4932,56900,280.6
101031,4932,56600,279.2
101041,4936,56800,280.4
101051,4932,57300,282.6
101061,4936,56500,278.9
101071,4936,57400,283.3
101081,4932,55900,275.7
101091,4936,57500,283.8
101101,4932,55900,275.7
101111,4692,139900,656.4
101121,4932,55900,275.7
101131,4936,57600,284.3
101141,4932,55900,275.7
101151,4932,57600,284.1
101161,4932,55900,275.7
101171,4936,57500,283.8
101181,4932,56600,279.2
101191,4936,57200,282.3
101201,4932,56600,279.2
101211,4936,56900,280.9
101221,4932,56600,279.2
101231,4932,56900,280.6
101241,4936,57600,284.3
101251,4932,55900,275.7
101261,4936,57500,283.8
101271,4932,55900,275.7
101281,4936,57500,283.8
101291,4932,55900,275.7
101301,4936,57500,283.8
101311,4932,55900,275.7
101321,4788,116700,558.8
101331,4932,55900,275.7
101341,4936,57500,283.8
101351,4932,55900,275.7
101361,4936,57500,283.8
101371,4932,56500,278.7
101381,4932,56900,280.6
101391,4932,56600,279.2
101401,4932,56800,280.1
101411,4932,56700,279.6
101421,4932,56800,280.1
101431,4936,57500,283.8
101441,4932,55900,275.7
101451,4932,57500,283.6
101461,4932,55900,275.7
101471,4936,57500,283.8
101481,4932,55900,275.7
101491,4936,57500,283.8
101501,4932,55900,275.7
101511,4936,57500,283.8
101521,4932,55900,275.7
101531,4744,210800,1000.0
101541,4932,55900,275.7
101551,4936,57400,283.3
101561,4936,56600,279.4
101571,4932,56900,280.6
101581,4932,56600,279.2
101591,4932,56800,280.1
101601,4932,57500,283.6
101611,4932,56100,276.7
101621,4932,57500,283.6
101631,4932,55900,275.7
101641,4720,140400,662.7
101651,4932,55900,275.7
101661,4936,57600,284.3
101671,4932,55900,275.7
101681,4936,57500,283.8
101691,4932,55900,275.7
101701,4936,57500,283.8
101711,4932,56000,276.2
101721,4936,57500,283.8
101731,4932,56600,279.2
101741,4936,56900,280.9
101751,4932,56600,279.2
101761,4932,56900,280.6
101771,4932,56600,279.2
101781,4932,56900,280.6
101791,4932,57500,283.6
101801,4932,55900,275.7
101811,4932,57500,283.6
101821,4932,55900,275.7
101831,4936,57500,283.8
101841,4932,55900,275.7
101851,4784,103500,495.1
101861,4932,56000,276.2
101871,4936,57500,283.8
101881,4932,56000,276.2
101891,4936,57500,283.8
101901,4932,55900,275.7
101911,4932,57500,283.6
101921,4932,56600,279.2
101931,4932,56900,280.6
101941,4932,56600,279.2
101951,4932,56900,280.6
101961,4720,166300,784.9
101971,4932,56800,280.1
101981,4936,57600,284.3
101991,4932,55900,275.7
102001,4936,57500,283.8
102011,4932,55900,275.7
102021,4936,57500,283.8
102031,4936,56000,276.4
102041,4936,57500,283.8
102051,4932,55900,275.7
102061,4808,143600,690.4
102071,4932,55800,275.2
102081,4936,57500,283.8
102091,4932,56200,277.2
102101,4936,57500,283.8
102111,4932,56600,279.2
102121,4936,56900,280.9
102131,4932,56600,279.2
102141,4932,56800,280.1
102151,4932,57500,283.6
102161,4932,55900,275.7
102171,4936,57600,284.3
102181,4932,55900,275.7
102191,4936,57500,283.8
102201,4932,56000,276.2
102211,4936,57500,283.8
102221,4932,56000,276.2
102231,4932,57600,284.1
102241,4932,56000,276.2
102251,4936,57500,283.8
102261,4932,56000,276.2
102271,4816,209200,1007.5
102281,4932,56600,279.2
102291,4936,56800,280.4
102301,4932,56500,278.7
102311,4932,57000,281.1
102321,4932,56600,279.2
102331,4936,56900,280.9
102341,4936,57600,284.3
102351,4932,55900,275.7
102361,4936,57600,284.3
102371,4800,142900,685.9
102381,4936,57600,284.3
102391,4932,55900,275.7
102401,4936,57500,283.8
102411,4932,55900,275.7
102421,4936,57500,283.8
102432,4932,56000,276.2
102441,4936,57500,283.8
102451,4932,55900,275.7
102461,4936,57600,284.3
102471,4932,59500,293.5
102481,4932,56900,280.6
102491,4932,56600,279.2
102501,4932,56900,280.6
102511,4932,57400,283.1
102521,4932,56400,278.2
102531,4936,57600,284.3
102541,4932,55900,275.7
102551,4936,57500,283.8
102561,4932,55900,275.7
102571,4936,57500,283.8
102581,4804,141000,677.4
102591,4936,57600,284.3
102601,4932,56000,276.2
102611,4936,57500,283.8
102621,4932,55900,275.7
102631,4936,57500,283.8
102641,4932,56600,279.2
102651,4936,57200,282.3
102661,4932,56600,279.2
102671,4936,56900,280.9
102681,4932,56600,279.2
102691,4796,141900,680.6
102701,4932,57500,283.6
102711,4932,56000,276.2
102721,4932,57500,283.6
102731,4932,55900,275.7
102741,4936,57500,283.8
102751,4932,55900,275.7
102761,4936,57500,283.8
102771,4932,55900,275.7
102781,4936,57500,283.8
102791,4796,142200,682.0
102801,4936,57500,283.8
102811,4932,55900,275.7
102821,4932,57500,283.6
102831,4932,56600,279.2
102841,4932,56900,280.6
102851,4932,56600,279.2
102861,4932,56800,280.1
102871,4932,56700,279.6
102881,4932,56800,280.1
102891,4928,57700,284.3
102901,4932,56000,276.2
102911,4932,57600,284.1
102921,4932,56000,276.2
102931,4936,57500,283.8
102941,4932,55900,275.7
102951,4936,57500,283.8
102961,4932,56000,276.2
102971,4936,57500,283.8
102981,4932,55900,275.7
102991,4932,57500,283.6
103001,4932,55900,275.7
103011,4936,57500,283.8
103021,4932,56600,279.2
103031,4932,56900,280.6
103041,4932,56600,279.2
103051,4932,56900,280.6
103061,4936,57600,284.3
103071,4932,56000,276.2
103081,4936,57600,284.3
103091,4932,55900,275.7
103101,4936,57500,283.8
103111,4932,56000,276.2
103121,4936,57500,283.8
103131,4932,56000,276.2
103141,4936,57400,283.3
103151,4932,55900,275.7
103161,4936,57500,283.8
103171,4932,55900,275.7
103181,4936,57500,283.8
103191,4932,56600,279.2
103201,4812,214300,1031.2
103211,4932,56600,279.2
103221,4932,56900,280.6
103231,4932,56600,279.2
103241,4936,56900,280.9
103251,4932,57500,283.6
103261,4932,55900,275.7
103271,4932,57500,283.6
103281,4932,56000,276.2
103291,4936,57500,283.8
103301,4932,56000,276.2
103311,4692,139200,653.1
103321,4932,55900,275.7
103331,4936,57600,284.3
103341,4932,56000,276.2
103351,4936,57500,283.8
103361,4932,55900,275.7
103371,4932,57500,283.6
103381,4932,56500,278.7
103391,4932,56900,280.6
103401,4932,56600,279.2
103411,4804,142100,682.6
103421,4932,57100,281.6
103431,4936,56700,279.9
103441,4936,57500,283.8
103451,4932,55900,275.7
103461,4936,57500,283.8
103471,4932,55900,275.7
103481,4936,57600,284.3
103491,4936,55900,275.9
103501,4936,57600,284.3
103511,4932,56000,276.2
103521,4804,145600,699.5
103531,4932,56000,276.2
103541,4936,57500,283.8
103551,4932,56300,277.7
103561,4936,57400,283.3
103571,4932,56600,279.2
103581,4932,56900,280.6
103591,4932,56600,279.2
103601,4932,56900,280.6
103611,4932,57600,284.1
103621,4804,140700,675.9
103631,4936,57600,284.3
103641,4932,56000,276.2
103651,4932,57500,283.6
103661,4932,55900,275.7
103671,4936,57500,283.8
103681,4932,56000,276.2
103691,4936,57500,283.8
103701,4932,55900,275.7
103711,4932,57500,283.6
103721,4804,141100,677.8
103731,4932,57600,284.1
103741,4932,56500,278.7
103751,4932,56900,280.6
103761,4932,56600,279.2
103771,4932,56900,280.6
103781,4932,56600,279.2
103791,4932,56800,280.1
103801,4936,57500,283.8
103811,4932,56000,276.2
103821,4936,57500,283.8
103831,4800,139900,671.5
103841,4932,57600,284.1
103851,4932,56000,276.2
103861,4936,57600,284.3
103871,4932,55900,275.7
103881,4936,57600,284.3
103891,4932,56000,276.2
103901,4936,57500,283.8
103911,4932,56000,276.2
103921,4936,57500,283.8
103931,4932,59500,293.5
103941,4932,56900,280.6
103951,4932,56600,279.2
103961,4932,56900,280.6
103971,4932,57500,283.6
103981,4932,56200,277.2
103991,4936,57500,283.8
104001,4932,56000,276.2
104011,4932,57500,283.6
104021,4932,55900,275.7
104031,4936,57500,283.8
104041,4700,132000,620.4
104051,4936,57500,283.8
104062,4932,56000,276.2
104071,4932,57500,283.6
104081,4932,56000,276.2
104091,4936,57500,283.8
104101,4932,56600,279.2
104111,4932,57000,281.1
104121,4932,56600,279.2
104131,4932,56900,280.6
104141,4936,56600,279.4
104151,4804,56900,273.3
104161,4936,57500,283.8
104171,4932,56000,276.2
104181,4936,57500,283.8
104191,4932,55900,275.7
104201,4936,57500,283.8
104211,4932,55900,275.7
104221,4932,57500,283.6
104231,4932,55900,275.7
104241,4932,57500,283.6
104251,4800,141100,677.3
104261,4936,57500,283.8
104271,4932,55900,275.7
104281,4936,57600,284.3
104291,4932,56600,279.2
104301,4932,56900,280.6
104311,4932,56600,279.2
104321,4936,56900,280.9
104331,4932,57000,281.1
104341,4932,56800,280.1
104351,4936,57500,283.8
104361,4808,213500,1026.5
104371,4936,57600,284.3
104381,4932,55900,275.7
104391,4936,57600,284.3
104401,4932,55900,275.7
104411,4936,57500,283.8
104421,4932,55900,275.7
104431,4936,57600,284.3
104441,4932,56000,276.2
104451,4936,57600,284.3
104461,4932,59100,291.5
104471,4932,57600,284.1
104481,4932,56600,279.2
104491,4932,56900,280.6
104501,4932,56600,279.2
104511,4936,56900,280.9
104521,4932,57500,283.6
104531,4932,55900,275.7
104541,4936,57500,283.8
104551,4932,55900,275.7
104561,4936,57500,283.8
104571,4892,159400,779.8
104581,4936,57600,284.3
104591,4932,56000,276.2
104601,4932,57600,284.1
104611,4932,55900,275.7
104621,4936,57500,283.8
104631,4932,56000,276.2
104641,4936,57500,283.8
104651,4932,56600,279.2
104661,4936,56800,280.4
104671,4800,145700,699.4
104681,4932,56900,280.6
104691,4932,56600,279.2
104701,4932,56900,280.6
104711,4932,57500,283.6
104721,4932,55900,275.7
104731,4936,57500,283.8
104741,4932,55900,275.7
104751,4936,57500,283.8
104761,4932,55900,275.7
104771,4936,57500,283.8
104781,4776,178200,851.1
104791,4936,57600,284.3
104801,4932,56000,276.2
104811,4936,57500,283.8
104821,4932,55900,275.7
104831,4936,57600,284.3
104841,4932,56600,279.2
104851,4936,56900,280.9
104861,4936,56600,279.4
104871,4932,56900,280.6
104881,4932,57400,283.1
104891,4804,56600,271.9
104901,4932,57600,284.1
104911,4932,56000,276.2
104921,4932,57500,283.6
104931,4932,55900,275.7
104941,4936,57500,283.8
104951,4932,55900,275.7
104961,4936,57500,283.8
104971,4932,55900,275.7
104981,4936,57600,284.3
104991,4840,152800,739.6
105001,4932,57500,283.6
105011,4932,56500,278.7
105021,4936,57300,282.8
105031,4932,56600,279.2
105041,4936,56900,280.9
105051,4932,56600,279.2
105061,4936,56900,280.9
105071,4932,57500,283.6
105081,4932,56000,276.2
105091,4928,57600,283.9
105101,4932,56000,276.2
105111,4936,57600,284.3
105121,4932,55900,275.7
105131,4936,57500,283.8
105141,4932,55900,275.7
105151,4932,57500,283.6
105161,4932,55900,275.7
105171,4936,57600,284.3
105181,4932,55900,275.7
105191,4936,57500,283.8
105201,4800,142800,685.4
105211,4936,56900,280.9
105221,4932,56600,279.2
105231,4932,56900,280.6
105241,4932,56700,279.6
105251,4936,56900,280.9
105261,4936,57500,283.8
105271,4932,55900,275.7
105281,4936,57600,284.3
105291,4932,56000,276.2
105301,4804,143300,688.4
105311,4840,55900,270.6
105321,4936,57500,283.8
105331,4932,56000,276.2
105341,4936,57500,283.8
105351,4932,55900,275.7
105361,4936,57600,284.3
105371,4932,56000,276.2
105381,4936,57500,283.8
105391,4932,56500,278.7
105401,4936,56900,280.9
105411,4784,194700,931.4
105421,4936,56800,280.4
105431,4932,57600,284.1
105441,4932,56100,276.7
105451,4936,57500,283.8
105461,4932,55900,275.7
105471,4936,57500,283.8
105481,4932,56000,276.2
105491,4932,57600,284.1
105501,4932,56000,276.2
105511,4808,144000,692.4
105521,4932,56000,276.2
105531,4932,57500,283.6
105541,4932,55900,275.7
105551,4932,57600,284.1
105561,4932,56600,279.2
105571,4932,56900,280.6
105581,4932,56600,279.2
105591,4936,56900,280.9
105601,4932,56600,279.2
105611,4936,56900,280.9
105621,4936,57500,283.8
105631,4932,56000,276.2
105641,4936,57500,283.8
105651,4932,55900,275.7
105661,4936,57500,283.8
105671,4932,55900,275.7
105681,4936,57500,283.8
105691,4932,55900,275.7
105702,4936,57500,283.8
105711,4932,55900,275.7
105721,4812,182600,878.7
105731,4932,56000,276.2
105741,4932,57600,284.1
105751,4932,56600,279.2
105761,4932,56900,280.6
105771,4932,56600,279.2
105781,4932,56900,280.6
105791,4932,57000,281.1
105801,4932,56700,279.6
105811,4936,57500,283.8
105821,4932,58700,289.5
105831,4936,57600,284.3
105841,4932,55900,275.7
105851,4936,57600,284.3
105861,4932,55900,275.7
105871,4932,57500,283.6
105881,4932,55900,275.7
105891,4936,57500,283.8
105901,4932,55900,275.7
105911,4936,57500,283.8
105921,4936,56200,277.4
105931,4812,205600,989.3
105941,4932,56600,279.2
105951,4932,56900,280.6
105961,4932,56600,279.2
105971,4932,56800,280.1
105981,4932,57600,284.1
105991,4932,55900,275.7
106001,4936,57500,283.8
106011,4932,55900,275.7
106021,4932,57500,283.6
106031,4932,58800,290.0
106041,4936,57600,284.3
106051,4932,56000,276.2
106061,4932,57500,283.6
106071,4932,56000,276.2
106081,4936,57500,283.8
106091,4932,55900,275.7
106101,4932,57600,284.1
106111,4932,56500,278.7
106121,4936,56900,280.9
106131,4932,56600,279.2
106141,4800,142600,684.5
106151,4932,56600,279.2
106161,4936,56900,280.9
106171,4936,57500,283.8
106181,4932,55900,275.7
106191,4936,57500,283.8
106201,4932,55900,275.7
106211,4936,57500,283.8
106221,4932,55900,275.7
106231,4932,57500,283.6
106241,4932,55900,275.7
106251,4692,140400,658.8
106261,4932,56000,276.2
106271,4936,57500,283.8
106281,4932,56000,276.2
106291,4936,57500,283.8
106301,4936,56600,279.4
106311,4932,56900,280.6
106321,4932,56600,279.2
106331,4932,56900,280.6
106341,4932,57400,283.1
106351,4764,172100,819.9
106361,4936,57500,283.8
106371,4932,55900,275.7
106381,4932,57500,283.6
106391,4932,55900,275.7
106401,4932,57500,283.6
106411,4932,55900,275.7
106421,4936,57500,283.8
106431,4932,56000,276.2
106441,4932,57400,283.1
106451,4932,55900,275.7
106461,4816,186300,897.2
106471,4932,56600,279.2
106481,4936,57200,282.3
106491,4932,56600,279.2
106501,4932,56900,280.6
106511,4932,56600,279.2
106521,4936,56800,280.4
106531,4932,57500,283.6
106541,4932,55900,275.7
106551,4936,57500,283.8
106561,4932,55900,275.7
106571,4696,150300,705.8
106581,4932,55900,275.7
106591,4936,57500,283.8
106601,4932,55900,275.7
106611,4936,57500,283.8
106621,4932,55900,275.7
106631,4936,57600,284.3
106641,4932,55900,275.7
106651,4936,57500,283.8
106661,4932,56500,278.7
106671,4816,130000,626.1
106681,4932,56600,279.2
106691,4932,56900,280.6
106701,4932,56700,279.6
106711,4932,56900,280.6
106721,4936,57600,284.3
106731,4932,55900,275.7
106741,4936,57500,283.8
106751,4932,55900,275.7
106761,4936,57500,283.8
106771,4932,55900,275.7
106781,4936,113800,561.7
106791,4932,56000,276.2
106801,4932,57600,284.1
106811,4936,55900,275.9
106821,4932,57500,283.6
106831,4932,56000,276.2
106841,4936,57500,283.8
106851,4932,56600,279.2
106861,4932,56800,280.1
106871,4932,56500,278.7
106881,4808,158500,762.1
106891,4932,57600,284.1
106901,4936,56100,276.9
106911,4936,57500,283.8
106921,4932,55900,275.7
106931,4936,57500,283.8
106941,4932,55900,275.7
106951,4936,57500,283.8
106961,4932,56000,276.2
106971,4936,57500,283.8
106981,4804,139400,669.7
106991,4936,57600,284.3
107001,4932,56000,276.2
107011,4936,57500,283.8
107021,4932,56600,279.2
107031,4936,56900,280.9
107041,4932,56500,278.7
107051,4932,56900,280.6
107061,4932,56600,279.2
107071,4936,56900,280.9
107081,4936,57500,283.8
107091,4756,167100,794.7
107101,4936,57500,283.8
107111,4932,55900,275.7
107121,4932,57400,283.1
107131,4932,55900,275.7
107141,4932,57500,283.6
107151,4932,55900,275.7
107161,4936,57400,283.3
107171,4932,55900,275.7
107181,4936,57500,283.8
107191,4932,55900,275.7
107201,4816,190900,919.4
107211,4932,56600,279.2
107221,4932,56900,280.6
107231,4936,56600,279.4
107241,4936,56800,280.4
107251,4932,57100,281.6
107261,4932,56700,279.6
107271,4936,57500,283.8
107281,4932,55900,275.7
107291,4936,57500,283.8
107301,4804,140700,675.9
107311,4936,57500,283.8
107321,4932,56000,276.2
107332,4936,57500,283.8
107341,4932,55900,275.7
107351,4932,57600,284.1
107361,4932,55900,275.7
107371,4936,57500,283.8
107381,4932,56300,277.7
107391,4936,57400,283.3
107401,4932,56600,279.2
107411,4812,213800,1028.8
107421,4932,56600,279.2
107431,4932,56800,280.1
107441,4936,57500,283.8
107451,4932,55900,275.7
107461,4936,57500,283.8
107471,4932,55900,275.7
107481,4936,57600,284.3
107491,4932,55900,275.7
107501,4932,57500,283.6
107511,4932,55900,275.7
107521,4936,110800,546.9
107531,4932,55900,275.7
107541,4936,57500,283.8
107551,4932,55900,275.7
107561,4936,57500,283.8
107571,4932,56700,279.6
107581,4936,56800,280.4
107591,4932,56600,279.2
107601,4932,56900,280.6
107611,4932,56600,279.2
107621,4800,141900,681.1
107631,4936,57500,283.8
107641,4932,56000,276.2
107651,4936,57500,283.8
107661,4932,56000,276.2
107671,4936,57500,283.8
107681,4932,55900,275.7
107691,4932,57500,283.6
107701,4932,55900,275.7
107711,4936,57500,283.8
107721,4804,140800,676.4
107731,4932,57500,283.6
107741,4932,55900,275.7
107751,4932,57500,283.6
107761,4936,56600,279.4
107771,4932,56900,280.6
107781,4936,56500,278.9
107791,4936,56900,280.9
107801,4936,57400,283.3
107811,4932,56300,277.7
107821,4936,57500,283.8
107831,4796,142300,682.5
107841,4936,57500,283.8
107851,4932,56000,276.2
107861,4936,57500,283.8
107871,4932,56000,276.2
107881,4936,57600,284.3
107891,4932,55900,275.7
107901,4936,57500,283.8
107911,4932,56000,276.2
107921,4936,57500,283.8
107931,4932,56700,279.6
107941,4812,130800,629.4
107951,4932,56700,279.6
107961,4932,56900,280.6
107971,4932,56600,279.2
107981,4936,56900,280.9
107991,4936,57500,283.8
108001,4932,55900,275.7
108011,4936,57500,283.8
108021,4932,55900,275.7
108031,4936,57500,283.8
108041,4932,55900,275.7
108051,4932,121900,601.2
108061,4932,55900,275.7
108071,4932,57500,283.6
108081,4932,56000,276.2
108091,4936,57600,284.3
108101,4932,55900,275.7
108111,4936,57400,283.3
108121,4932,56600,279.2
108131,4936,56900,280.9
108141,4932,56600,279.2
108151,4808,201700,969.8
108161,4932,56800,280.1
108171,4936,56900,280.9
108181,4936,57500,283.8
108191,4932,55900,275.7
108201,4936,57500,283.8
108211,4932,55900,275.7
108221,4932,57600,284.1
108231,4932,56000,276.2
108241,4932,57500,283.6
108251,4804,140600,675.4
108261,4936,57500,283.8
108271,4932,55900,275.7
108281,4936,57500,283.8
108291,4932,56000,276.2
108301,4936,57500,283.8
108311,4936,56500,278.9
108321,4932,56900,280.6
108331,4932,56600,279.2
108341,4932,56900,280.6
108351,4932,57500,283.6
108361,4816,209600,1009.4
108371,4936,57600,284.3
108381,4932,55900,275.7
108391,4936,57500,283.8
108401,4932,55900,275.7
108411,4936,57500,283.8
108421,4932,56000,276.2
108431,4936,57600,284.3
108441,4932,55900,275.7
108451,4932,57500,283.6
108461,4796,141800,680.1
108471,4936,57500,283.8
108481,4932,56600,279.2
108491,4936,56800,280.4
108501,4932,56600,279.2
108511,4932,56900,280.6
108521,4932,56600,279.2
108531,4932,56800,280.1
108541,4936,57600,284.3
108551,4932,56000,276.2
108561,4936,57500,283.8
108571,4816,210300,1012.8
108581,4936,57500,283.8
108591,4932,55900,275.7
108601,4936,57500,283.8
108611,4932,55900,275.7
108621,4936,57500,283.8
108631,4932,55900,275.7
108641,4936,57500,283.8
108651,4932,56000,276.2
108661,4936,57500,283.8
108671,4932,56600,279.2
108681,4808,133100,639.9
108691,4932,56600,279.2
108701,4932,57000,281.1
108711,4932,57300,282.6
108721,4932,56600,279.2
108731,4936,57500,283.8
108741,4932,55900,275.7
108751,4936,57500,283.8
108761,4932,55900,275.7
108771,4936,57600,284.3
108781,4932,58800,290.0
108791,4936,57500,283.8
108801,4932,56000,276.2
108811,4932,57500,283.6
108821,4928,55900,275.5
108831,4936,57500,283.8
108841,4932,56400,278.2
108851,4936,57300,282.8
108861,4932,56600,279.2
108871,4936,56900,280.9
108881,4932,59400,293.0
108891,4932,56900,280.6
108901,4932,57600,284.1
108911,4936,55900,275.9
108921,4936,57500,283.8
108931,4932,55900,275.7
108941,4936,57600,284.3
108951,4932,56000,276.2
108962,4936,57600,284.3
108971,4932,55900,275.7
108981,4936,57500,283.8
108991,4696,131000,615.2
109001,4932,57500,283.6
109011,4932,55900,275.7
109021,4936,57600,284.3
109031,4932,56500,278.7
109041,4932,56900,280.6
109051,4932,56500,278.7
109061,4932,56800,280.1
109071,4932,56600,279.2
109081,4932,56900,280.6
109091,4792,145300,696.3
109101,4932,56000,276.2
109111,4936,57500,283.8
109121,4932,55900,275.7
109131,4936,57500,283.8
109141,4932,55900,275.7
109151,4936,57600,284.3
109161,4932,55900,275.7
109171,4936,57500,283.8
109181,4928,55900,275.5
109191,4936,57500,283.8
109201,4932,56000,276.2
109211,4936,57500,283.8
109221,4932,56600,279.2
109231,4936,56800,280.4
109241,4932,56600,279.2
109251,4932,56900,280.6
109261,4932,57500,283.6
109271,4932,56100,276.7
109281,4936,57600,284.3
109291,4932,55900,275.7
109301,4804,143800,690.8
109311,4932,55900,275.7
109321,4932,57600,284.1
109331,4932,55900,275.7
109341,4936,57500,283.8
109351,4932,56000,276.2
109361,4936,57500,283.8
109371,4932,55900,275.7
109381,4936,57400,283.3
109391,4932,56600,279.2
109401,4808,141500,680.3
109411,4932,56600,279.2
109421,4932,56900,280.6
109431,4936,56600,279.4
109441,4932,56900,280.6
109451,4932,57500,283.6
109461,4932,55900,275.7
109471,4936,57500,283.8
109481,4932,55900,275.7
109491,4936,57500,283.8
109501,4932,55900,275.7
109511,4804,145200,697.5
109521,4932,55900,275.7
109531,4936,57500,283.8
109541,4932,55900,275.7
109551,4936,57500,283.8
109561,4932,55900,275.7
109571,4936,57600,284.3
109581,4932,56600,279.2
109591,4932,56900,280.6
109601,4932,56600,279.2
109611,4936,136600,674.3
109621,4936,56900,280.9
109631,4936,56800,280.4
109641,4936,57500,283.8
109651,4932,55900,275.7
109661,4936,57500,283.8
109671,4932,55900,275.7
109681,4936,57500,283.8
109691,4932,55900,275.7
109701,4936,57500,283.8
109711,4932,58700,289.5
109721,4936,57500,283.8
109731,4932,55900,275.7
109741,4936,57600,284.3
109751,4932,56100,276.7
109761,4936,57500,283.8
109771,4932,56600,279.2
109781,4936,56900,280.9
109791,4932,56600,279.2
109801,4932,56800,280.1
109811,4936,60400,298.1
109821,4932,56000,276.2
109831,4936,57500,283.8
109841,4932,55900,275.7
109851,4936,57500,283.8
109861,4932,55900,275.7
109871,4932,57600,284.1
109881,4932,55900,275.7
109891,4936,57500,283.8
109901,4932,55900,275.7
109911,4936,57500,283.8
109921,4800,141600,679.7
109931,4936,57500,283.8
109941,4932,56600,279.2
109951,4936,56800,280.4
109961,4932,56500,278.7
109971,4936,56900,280.9
109981,4932,56600,279.2
109991,4932,56900,280.6
110001,4936,57500,283.8
110011,4932,55900,275.7
110021,4936,57500,283.8
110031,4752,162600,772.7
110041,4936,57500,283.8
110051,4932,55900,275.7
110061,4936,57500,283.8
110071,4932,56000,276.2
110081,4936,57500,283.8
110091,4932,55900,275.7
110101,4936,57500,283.8
110111,4932,55900,275.7
110121,4936,57500,283.8
110131,4936,59500,293.7
110141,4932,56900,280.6
110151,4932,56700,279.6
110161,4936,56900,280.9
110171,4936,57300,282.8
110181,4932,56400,278.2
110191,4936,57500,283.8
110201,4932,55900,275.7
110211,4936,57500,283.8
110221,4932,56000,276.2
110231,4936,57500,283.8
110241,4812,209200,1006.7
110251,4936,57500,283.8
110261,4932,55900,275.7
110271,4936,57500,283.8
110281,4932,55900,275.7
110291,4936,57500,283.8
110301,4932,56500,278.7
110311,4932,57200,282.1
110321,4932,56600,279.2
110331,4932,56900,280.6
110341,4796,142000,681.0
110351,4936,56900,280.9
110361,4932,57500,283.6
110371,4932,55900,275.7
110381,4932,57500,283.6
110391,4932,55900,275.7
110401,4936,57600,284.3
110411,4932,55900,275.7
110421,4936,57500,283.8
110431,4932,56000,276.2
110441,4816,139900,673.8
110451,4932,55900,275.7
110461,4936,57600,284.3
110471,4932,55900,275.7
110481,4936,57500,283.8
110491,4932,56500,278.7
110501,4936,56900,280.9
110511,4932,56600,279.2
110521,4932,56900,280.6
110531,4932,56800,280.1
110541,4936,56800,280.4
110551,4780,195800,935.9
110561,4932,56000,276.2
110571,4936,57500,283.8
110581,4932,55900,275.7
110591,4936,57600,284.3
110602,4932,55900,275.7
110611,4936,57500,283.8
110621,4932,55900,275.7
110631,4936,57500,283.8
110641,4932,55900,275.7
110651,4936,57500,283.8
110661,4932,55900,275.7
110671,4936,57600,284.3
110681,4936,56500,278.9
110691,4932,56900,280.6
110701,4932,56600,279.2
110711,4936,56900,280.9
110721,4932,57500,283.6
110731,4932,56000,276.2
110741,4936,57500,283.8
110751,4932,55900,275.7
110761,4744,174900,829.7
110771,4932,55900,275.7
110781,4936,57600,284.3
110791,4932,55900,275.7
110801,4936,57600,284.3
110811,4932,55900,275.7
110821,4936,57500,283.8
110831,4932,55900,275.7
110841,4936,57500,283.8
110851,4932,56600,279.2
110861,4936,56800,280.4
110871,4896,56600,277.1
110881,4936,56900,280.9
110891,4932,56600,279.2
110901,4932,56900,280.6
110911,4936,57500,283.8
110921,4932,56000,276.2
110931,4936,57500,283.8
110941,4932,55900,275.7
110951,4936,57500,283.8
110961,4932,55900,275.7
110971,4804,145300,698.0
110981,4932,55900,275.7
110991,4936,57500,283.8
111001,4932,56000,276.2
111011,4936,57500,283.8
111021,4932,55900,275.7
111031,4932,57600,284.1
111041,4932,56600,279.2
111051,4932,56900,280.6
111061,4932,56600,279.2
111071,4932,56900,280.6
111081,4932,57000,281.1
111091,4936,56800,280.4
111101,4936,57500,283.8
111111,4932,55900,275.7
111121,4932,57600,284.1
111131,4932,55900,275.7
111141,4936,57500,283.8
111151,4932,55900,275.7
111161,4936,57400,283.3
111171,4932,55900,275.7
111181,4684,137800,645.5
111191,4932,56000,276.2
111201,4936,57600,284.3
111211,4932,56300,277.7
111221,4936,57500,283.8
111231,4936,56600,279.4
111241,4936,56900,280.9
111251,4932,56600,279.2
111261,4932,56900,280.6
111271,4932,57500,283.6
111281,4796,192400,922.8
111291,4936,57600,284.3
111301,4932,55900,275.7
111311,4936,57500,283.8
111321,4932,56000,276.2
111331,4936,57500,283.8
111341,4932,55900,275.7
111351,4936,57500,283.8
111361,4932,55900,275.7
111371,4936,57600,284.3
111381,4932,58800,290.0
111391,4932,57600,284.1
111401,4932,56600,279.2
111411,4936,56900,280.9
111421,4932,56600,279.2
111431,4932,56900,280.6
111441,4932,56600,279.2
111451,4936,56800,280.4
111461,4936,57500,283.8
111471,4932,55900,275.7
111481,4936,57500,283.8
111491,4932,56000,276.2
111501,4936,57500,283.8
111511,4932,55900,275.7
111521,4936,57500,283.8
111531,4932,55900,275.7
111541,4932,57500,283.6
111551,4932,55900,275.7
111561,4936,57500,283.8
111571,4932,56000,276.2
111581,4936,57500,283.8
111591,4932,56600,279.2
111601,4808,136000,653.9
111611,4932,56600,279.2
111621,4932,56900,280.6
111631,4932,57500,283.6
111641,4932,56300,277.7
111651,4936,57600,284.3
111661,4932,55900,275.7
111671,4936,57600,284.3
111681,4932,55900,275.7
111691,4932,57500,283.6
111701,4728,146300,691.7
111711,4936,57500,283.8
111721,4932,55900,275.7
111731,4932,57500,283.6
111741,4932,56000,276.2
111751,4936,57600,284.3
111761,4932,56600,279.2
111771,4932,57000,281.1
111781,4932,56500,278.7
111791,4936,56900,280.9
111801,4804,141800,681.2
111811,4776,70700,337.7
111821,4936,57500,283.8
111831,4932,55900,275.7
111841,4932,57500,283.6
111851,4932,55900,275.7
111861,4936,57500,283.8
111871,4932,55900,275.7
111881,4936,57500,283.8
111891,4932,56000,276.2
111901,4936,57500,283.8
111911,4932,58800,290.0
111921,4936,57600,284.3
111931,4932,55900,275.7
111941,4932,57600,284.1
111951,4932,56600,279.2
111961,4932,56900,280.6
111971,4932,56600,279.2
111981,4932,56800,280.1
111991,4936,56900,280.9
112001,4932,56800,280.1
112011,4936,57500,283.8
112021,4792,56300,269.8
112031,4932,57500,283.6
112041,4932,56000,276.2
112051,4936,57500,283.8
112061,4932,55900,275.7
112071,4936,57500,283.8
112081,4932,55900,275.7
112091,4936,57500,283.8
112101,4932,56000,276.2
112111,4936,57500,283.8
112121,4796,141700,679.6
112131,4936,57500,283.8
112141,4932,56600,279.2
112151,4932,56800,280.1
112161,4932,56600,279.2
112171,4936,56900,280.9
112181,4932,57500,283.6
112191,4932,56000,276.2
112201,4936,57600,284.3
112211,4932,55900,275.7
112221,4932,57500,283.6
112232,4816,196600,946.8
112241,4936,57600,284.3
112251,4932,55900,275.7
112261,4936,57500,283.8
112271,4932,56000,276.2
112281,4936,57500,283.8
112291,4932,55900,275.7
112301,4936,57500,283.8
112311,4932,56600,279.2
112321,4936,56800,280.4
112331,4932,56500,278.7
112341,4808,134300,645.7
112351,4932,56600,279.2
112361,4936,56900,280.9
112371,4936,57500,283.8
112381,4932,55900,275.7
112391,4936,57600,284.3
112401,4932,56000,276.2
112411,4932,57500,283.6
112421,4932,55900,275.7
112431,4936,57500,283.8
112441,4820,214700,1034.9
112451,4936,57500,283.8
112461,4932,56000,276.2
112471,4936,57500,283.8
112481,4932,55900,275.7
112491,4936,57500,283.8
112501,4932,56600,279.2
112511,4932,56900,280.6
112521,4932,56600,279.2
112531,4932,56900,280.6
112541,4804,141700,680.7
112551,4932,56600,279.2
112561,4936,57500,283.8
112571,4932,55900,275.7
112581,4936,57500,283.8
112591,4932,56000,276.2
112601,4936,57500,283.8
112611,4932,55900,275.7
112621,4936,57500,283.8
112631,4932,55900,275.7
112641,4932,83000,409.4
112651,4932,55900,275.7
112661,4936,57600,284.3
112671,4932,56300,277.7
112681,4932,57400,283.1
112691,4932,56600,279.2
112701,4932,56900,280.6
112711,4932,56600,279.2
112721,4936,56900,280.9
112731,4932,57500,283.6
112741,4932,55900,275.7
112751,4804,141900,681.7
112761,4932,56000,276.2
112771,4936,57500,283.8
112781,4932,55900,275.7
112791,4936,57500,283.8
112801,4932,55900,275.7
112811,4932,57600,284.1
112821,4932,55900,275.7
112831,4936,57500,283.8
112841,4932,55900,275.7
112851,4932,57500,283.6
112861,4932,56500,278.7
112871,4936,56800,280.4
112881,4932,56500,278.7
112891,4932,56900,280.6
112901,4932,56600,279.2
112911,4932,56900,280.6
112921,4936,57500,283.8
112931,4932,55900,275.7
112941,4936,57500,283.8
112951,4932,55900,275.7
112961,4936,142900,705.4
112971,4932,56000,276.2
112981,4936,57500,283.8
112991,4932,55900,275.7
113001,4936,57500,283.8
113011,4932,55900,275.7
113021,4936,57500,283.8
113031,4932,55900,275.7
113041,4936,57500,283.8
113051,4932,56600,279.2
113061,4800,141000,676.8
113071,4932,56600,279.2
113081,4932,56800,280.1
113091,4932,57500,283.6
113101,4932,56200,277.2
113111,4936,57500,283.8
113121,4932,55900,275.7
113131,4936,57500,283.8
113141,4932,55900,275.7
113151,4936,57500,283.8
113161,4932,55900,275.7
113171,4692,131800,618.4
113181,4932,55900,275.7
113191,4936,57600,284.3
113201,4932,55900,275.7
113211,4936,57500,283.8
113221,4932,56600,279.2
113231,4936,57000,281.4
113241,4932,56600,279.2
113251,4936,56800,280.4
113261,4932,56500,278.7
113271,4804,145200,697.5
113281,4936,57600,284.3
113291,4932,55900,275.7
113301,4936,57500,283.8
113311,4932,55900,275.7
113321,4932,57500,283.6
113331,4932,55900,275.7
113341,4936,57500,283.8
113351,4932,56000,276.2
113361,4932,57500,283.6
113371,4932,56000,276.2
113381,4804,172400,828.2
113391,4932,56000,276.2
113401,4936,57600,284.3
113411,4932,56500,278.7
113421,4936,56900,280.9
113431,4936,56600,279.4
113441,4932,56800,280.1
113451,4932,56900,280.6
113461,4936,56800,280.4
113471,4936,57500,283.8
113481,4796,142100,681.5
113491,4936,57500,283.8
113501,4932,55900,275.7
113511,4936,57600,284.3
113521,4932,55900,275.7
113531,4936,57500,283.8
113541,4932,56000,276.2
113551,4936,57500,283.8
113561,4932,55900,275.7
113571,4936,57500,283.8
113581,4932,59000,291.0
113591,4936,57500,283.8
113601,4932,56600,279.2
113611,4932,56900,280.6
113621,4932,56600,279.2
113631,4936,56900,280.9
113641,4932,57600,284.1
113651,4932,55900,275.7
113661,4936,57500,283.8
113671,4932,55900,275.7
113681,4936,57400,283.3
113691,4920,148700,731.6
113701,4936,57500,283.8
113711,4932,55900,275.7
113721,4932,57500,283.6
113731,4932,56000,276.2
113741,4936,57500,283.8
113751,4932,55900,275.7
113761,4932,57500,283.6
113771,4932,56600,279.2
113781,4936,56800,280.4
113791,4932,56600,279.2
113801,4804,205500,987.2
113811,4932,56600,279.2
113821,4936,56800,280.4
113831,4932,57500,283.6
113841,4932,56000,276.2
113851,4932,57500,283.6
113862,4932,55900,275.7
113871,4936,57500,283.8
113881,4932,55800,275.2
113891,4932,57500,283.6
113901,4932,55900,275.7
113911,4808,196200,943.3
113921,4932,55900,275.7
113931,4936,57500,283.8
113941,4932,56000,276.2
113951,4936,57400,283.3
113961,4932,56600,279.2
113971,4936,56800,280.4
113981,4932,56500,278.7
113991,4936,56900,280.9
114001,4932,57300,282.6
114011,4936,133000,656.5
114021,4936,57500,283.8
114031,4932,55900,275.7
114041,4932,57500,283.6
114051,4932,56000,276.2
114061,4936,57500,283.8
114071,4932,55900,275.7
114081,4936,57500,283.8
114091,4932,55900,275.7
114101,4936,57500,283.8
114111,4932,55900,275.7
114121,4928,89200,439.6
114131,4932,56500,278.7
114141,4936,57300,282.8
114151,4932,56600,279.2
114161,4932,57000,281.1
114171,4932,56600,279.2
114181,4936,56800,280.4
114191,4932,57500,283.6
114201,4932,55900,275.7
114211,4936,57500,283.8
114221,4932,55900,275.7
114231,4936,57500,283.8
114241,4932,55900,275.7
114251,4936,57500,283.8
114261,4932,55900,275.7
114271,4936,57500,283.8
114281,4932,55900,275.7
114291,4932,57500,283.6
114301,4932,55900,275.7
114311,4936,57500,283.8
114321,4932,56600,279.2
114331,4772,145500,694.3
114341,4932,56600,279.2
114351,4932,56900,280.6
114361,4932,56700,279.6
114371,4932,56900,280.6
114381,4936,57500,283.8
114391,4932,55900,275.7
114401,4936,57500,283.8
114411,4932,55900,275.7
114421,4936,57500,283.8
114431,4812,179100,861.8
114441,4936,57600,284.3
114451,4932,55800,275.2
114461,4936,57500,283.8
114471,4932,56000,276.2
114481,4936,57500,283.8
114491,4932,55900,275.7
114501,4936,57500,283.8
114511,4932,56500,278.7
114521,4932,56800,280.1
114531,4708,137700,648.3
114541,4932,56900,280.6
114551,4932,57600,284.1
114561,4936,56000,276.4
114571,4936,57500,283.8
114581,4932,55900,275.7
114591,4936,57500,283.8
114601,4932,55900,275.7
114611,4936,57500,283.8
114621,4932,55900,275.7
114631,4936,57500,283.8
114641,4724,144900,684.5
114651,4936,57500,283.8
114661,4932,55900,275.7
114671,4936,57500,283.8
114681,4932,56600,279.2
114691,4936,56900,280.9
114701,4936,56500,278.9
114711,4936,56900,280.9
114721,4932,56600,279.2
114731,4932,56800,280.1
114741,4796,143800,689.7
114751,4932,55900,275.7
114761,4936,57500,283.8
114771,4932,55900,275.7
114781,4932,57500,283.6
114791,4932,55900,275.7
114801,4936,57500,283.8
114811,4932,55900,275.7
114821,4936,57500,283.8
114831,4932,55900,275.7
114841,4936,57500,283.8
114851,4808,218700,1051.5
114861,4936,57500,283.8
114871,4932,56600,279.2
114881,4932,56900,280.6
114891,4932,56600,279.2
114901,4936,56800,280.4
114911,4932,57100,281.6
114921,4932,56600,279.2
114931,4936,57500,283.8
114941,4932,56000,276.2
114951,4792,198700,952.2
114961,4932,55900,275.7
114971,4936,57500,283.8
114981,4932,55900,275.7
114991,4932,57500,283.6
115001,4932,55900,275.7
115011,4936,57500,283.8
115021,4932,55900,275.7
115031,4936,57500,283.8
115041,4932,56300,277.7
115051,4816,153300,738.3
115061,4932,56600,279.2
115071,4932,56900,280.6
115081,4932,56500,278.7
115091,4932,56800,280.1
115101,4936,57500,283.8
115111,4936,55900,275.9
115121,4936,57500,283.8
115131,4932,55900,275.7
115141,4936,57600,284.3
115151,4776,177300,846.8
115161,4936,57500,283.8
115171,4932,55900,275.7
115181,4936,57500,283.8
115191,4932,55900,275.7
115201,4936,57500,283.8
115211,4932,55900,275.7
115221,4936,57500,283.8
115231,4932,56500,278.7
115241,4936,56900,280.9
115251,4932,56500,278.7
115261,4732,91600,433.5
115271,4932,56600,279.2
115281,4932,56800,280.1
115291,4936,57500,283.8
115301,4932,55900,275.7
115311,4936,57600,284.3
115321,4932,55900,275.7
115331,4936,57500,283.8
115341,4932,55900,275.7
115351,4936,57500,283.8
115361,4744,155700,738.6
115371,4936,57500,283.8
115381,4932,55900,275.7
115391,4932,57500,283.6
115401,4932,55900,275.7
115411,4932,57600,284.1
115421,4932,56600,279.2
115431,4932,56900,280.6
115441,4932,56600,279.2
115451,4932,56800,280.1
115461,4804,142800,686.0
115471,4932,56300,277.7
115481,4932,57500,283.6
115491,4932,55900,275.7
115502,4936,57500,283.8
115511,4932,56000,276.2
115521,4936,57500,283.8
115531,4932,56000,276.2
115541,4936,57500,283.8
115551,4932,56000,276.2
115561,4936,57600,284.3
115571,4800,142200,682.6
115581,4936,57500,283.8
115591,4932,56600,279.2
115601,4932,57100,281.6
115611,4932,56600,279.2
115621,4932,56800,280.1
115631,4936,56500,278.9
115641,4932,56800,280.1
115651,4932,57500,283.6
115661,4932,56000,276.2
115671,4936,57500,283.8
115681,4808,213400,1026.0
115691,4936,57500,283.8
115701,4932,55900,275.7
115711,4936,57500,283.8
115721,4932,55900,275.7
115731,4936,57500,283.8
115741,4932,55900,275.7
115751,4936,57500,283.8
115761,4932,55900,275.7
115771,4932,57500,283.6
115781,4932,56600,279.2
115791,4816,158600,763.8
115801,4932,56600,279.2
115811,4936,56900,280.9
115821,4936,56800,280.4
115831,4932,56800,280.1
115841,4936,57500,283.8
115851,4932,55900,275.7
115861,4932,57500,283.6
115871,4932,55900,275.7
115881,4932,57500,283.6
115891,4808,208200,1001.0
115901,4936,57500,283.8
115911,4932,55900,275.7
115921,4936,57500,283.8
115931,4932,55800,275.2
115941,4932,57500,283.6
115951,4932,56100,276.7
115961,4936,57500,283.8
115971,4932,56500,278.7
115981,4932,56900,280.6
115991,4932,59500,293.5
116001,4932,56800,280.1
116011,4932,57500,283.6
116021,4936,55800,275.4
116031,4936,57600,284.3
116041,4932,55900,275.7
116051,4936,57500,283.8
116061,4932,55900,275.7
116071,4932,57500,283.6
116081,4932,55900,275.7
116091,4936,57500,283.8
116101,4804,140700,675.9
116111,4936,57600,284.3
116121,4932,55900,275.7
116131,4936,57500,283.8
116141,4932,56600,279.2
116151,4936,56800,280.4
116161,4932,56600,279.2
116171,4936,56800,280.4
116181,4932,56600,279.2
116191,4932,56900,280.6
116201,4936,57500,283.8
116211,4744,208000,986.8
116221,4936,57500,283.8
116231,4932,55900,275.7
116241,4936,57500,283.8
116251,4932,55900,275.7
116261,4932,57500,283.6
116271,4932,55800,275.2
116281,4936,57600,284.3
116291,4932,55900,275.7
116301,4932,57500,283.6
116311,4932,56000,276.2
116321,4680,116700,546.2
116331,4932,56600,279.2
116341,4936,56900,280.9
116351,4936,56500,278.9
116361,4936,56900,280.9
116371,4932,57300,282.6
116381,4936,56500,278.9
116391,4936,57400,283.3
116401,4932,55900,275.7
116411,4932,57500,283.6
116421,4792,56800,272.2
116431,4932,57500,283.6
116441,4932,55900,275.7
116451,4936,57500,283.8
116461,4932,55900,275.7
116471,4936,57500,283.8
116481,4932,55900,275.7
116491,4936,57500,283.8
116501,4932,56500,278.7
116511,4932,57200,282.1
116521,4780,183800,878.6
116531,4932,56800,280.1
116541,4932,56600,279.2
116551,4932,56800,280.1
116561,4932,57500,283.6
116571,4932,55900,275.7
116581,4932,57500,283.6
116591,4932,55900,275.7
116601,4936,57500,283.8
116611,4932,56000,276.2
116621,4932,57500,283.6
116631,4932,55900,275.7
116641,4936,57500,283.8
116651,4932,55900,275.7
116661,4936,57500,283.8
116671,4932,55900,275.7
116681,4936,57500,283.8
116691,4932,56600,279.2
116701,4932,56800,280.1
116711,4932,56600,279.2
116721,4932,56900,280.6
116731,4932,56600,279.2
116741,4936,56900,280.9
116751,4936,57500,283.8
116761,4932,55900,275.7
116771,4936,57500,283.8
116781,4932,55900,275.7
116791,4936,57500,283.8
116801,4932,55900,275.7
116811,4936,57500,283.8
116821,4932,55900,275.7
116831,4932,73100,360.5
116841,4932,56000,276.2
116851,4936,57600,284.3
116861,4932,56000,276.2
116871,4936,57400,283.3
116881,4932,56500,278.7
116891,4936,56800,280.4
116901,4932,56500,278.7
116911,4932,56900,280.6
116921,4936,57500,283.8
116931,4932,56000,276.2
116941,4700,135100,635.0
116951,4932,55900,275.7
116961,4932,57600,284.1
116971,4932,55900,275.7
116981,4936,57600,284.3
116991,4932,55900,275.7
117001,4936,57500,283.8
117011,4932,55900,275.7
117021,4936,57500,283.8
117031,4932,55900,275.7
117041,4792,143100,685.7
117051,4932,56600,279.2
117061,4936,56900,280.9
117071,4932,56600,279.2
117081,4932,56800,280.1
117091,4932,56600,279.2
117101,4936,56900,280.9
117111,4932,57500,283.6
117121,4932,55900,275.7
117132,4936,57500,283.8
117141,4932,55900,275.7
117151,4692,138400,649.4
117161,4932,56000,276.2
117171,4936,57500,283.8
117181,4932,56000,276.2
117191,4936,57500,283.8
117201,4932,55900,275.7
117211,4936,57500,283.8
117221,4932,55900,275.7
117231,4936,57500,283.8
117241,4932,56600,279.2
117251,4932,56800,280.1
117261,4812,214000,1029.8
117271,4936,56800,280.4
117281,4932,57100,281.6
117291,4932,56700,279.6
117301,4936,57500,283.8
117311,4932,56000,276.2
117321,4936,57500,283.8
117331,4932,55900,275.7
117341,4936,57500,283.8
117351,4932,55900,275.7
117361,4936,57500,283.8
117371,4804,56000,269.0
117381,4936,57600,284.3
117391,4932,55900,275.7
117401,4932,57500,283.6
117411,4932,56300,277.7
117421,4936,57400,283.3
117431,4932,56600,279.2
117441,4936,56900,280.9
117451,4932,56600,279.2
117461,4932,56900,280.6
117471,4800,143000,686.4
117481,4932,55900,275.7
117491,4932,57500,283.6
117501,4932,55900,275.7
117511,4936,57500,283.8
117521,4932,55900,275.7
117531,4936,57500,283.8
117541,4932,55900,275.7
117551,4932,57500,283.6
117561,4932,56000,276.2
117571,4936,57500,283.8
117581,4804,142800,686.0
117591,4936,57600,284.3
117601,4932,56600,279.2
117611,4936,56900,280.9
117621,4932,56600,279.2
117631,4932,56900,280.6
117641,4932,56600,279.2
117651,4932,56900,280.6
117661,4936,57500,283.8
117671,4932,55900,275.7
117681,4932,57600,284.1
117691,4808,212900,1023.6
117701,4932,57500,283.6
117711,4932,55900,275.7
117721,4932,57500,283.6
117731,4932,55900,275.7
117741,4936,57500,283.8
117751,4932,55900,275.7
117761,4932,57400,283.1
117771,4932,55900,275.7
117781,4936,57500,283.8
117791,4932,59500,293.5
117801,4932,56900,280.6
117811,4932,56600,279.2
117821,4932,56900,280.6
117831,4932,57500,283.6
117841,4932,56200,277.2
117851,4932,57500,283.6
117861,4932,55900,275.7
117871,4936,57500,283.8
117881,4932,55900,275.7
117891,4932,57500,283.6
117901,4804,135500,650.9
117911,4932,57500,283.6
117921,4932,55900,275.7
117931,4932,57500,283.6
117941,4932,55900,275.7
117951,4936,57500,283.8
117961,4932,56600,279.2
117971,4936,57000,281.4
117981,4932,56600,279.2
117991,4932,56900,280.6
118001,4804,140900,676.9
118011,4728,94300,445.9
118021,4932,57500,283.6
118031,4932,56000,276.2
118041,4936,57500,283.8
118051,4932,55900,275.7
118061,4936,57500,283.8
118071,4932,55900,275.7
118081,4936,57500,283.8
118091,4932,55900,275.7
118101,4932,57500,283.6
118111,4912,155500,763.8
118121,4932,57500,283.6
118131,4932,56000,276.2
118141,4932,57500,283.6
118151,4932,56600,279.2
118161,4932,56900,280.6
118171,4932,56500,278.7
118181,4932,56900,280.6
118191,4932,56900,280.6
118201,4936,56700,279.9
118211,4936,57500,283.8
118221,4804,140300,674.0
118231,4936,57600,284.3
118241,4932,55900,275.7
118251,4936,57500,283.8
118261,4932,55900,275.7
118271,4936,57500,283.8
118281,4932,56000,276.2
118291,4936,57500,283.8
118301,4932,55900,275.7
118311,4932,57500,283.6
118321,4932,56100,276.7
118331,4800,139500,669.6
118341,4936,56600,279.4
118351,4936,56800,280.4
118361,4932,56600,279.2
118371,4936,56800,280.4
118381,4932,57500,283.6
118391,4932,55900,275.7
118401,4936,57500,283.8
118411,4932,55900,275.7
118421,4932,57500,283.6
118431,4800,197500,948.0
118441,4936,57500,283.8
118451,4932,55900,275.7
118461,4936,57500,283.8
118471,4932,55900,275.7
118481,4936,57500,283.8
118491,4932,55900,275.7
118501,4936,57600,284.3
118511,4932,56600,279.2
118521,4932,56800,280.1
118531,4932,59500,293.5
118541,4932,56900,280.6
118551,4932,56600,279.2
118561,4932,56900,280.6
118571,4936,57600,284.3
118581,4932,55900,275.7
118591,4936,57500,283.8
118601,4932,55900,275.7
118611,4932,57500,283.6
118621,4932,56000,276.2
118631,4932,57500,283.6
118641,4804,208600,1002.1
118651,4932,57600,284.1
118661,4936,55900,275.9
118671,4936,57500,283.8
118681,4932,55900,275.7
118691,4936,57500,283.8
118701,4932,56600,279.2
118711,4932,56900,280.6
118721,4932,56500,278.7
118731,4932,56900,280.6
118741,4800,141700,680.2
118751,4932,56500,278.7
118762,4936,57500,283.8
118771,4932,56000,276.2
118781,4936,57600,284.3
118791,4932,56000,276.2
118801,4932,57500,283.6
118811,4932,56000,276.2
118821,4932,57500,283.6
118831,4932,55900,275.7
118841,4936,57500,283.8
118851,4796,141300,677.7
118861,4932,57500,283.6
118871,4932,56500,278.7
118881,4936,57200,282.3
118891,4932,56500,278.7
118901,4932,56900,280.6
118911,4932,56600,279.2
118921,4932,56800,280.1
118931,4932,57500,283.6
118941,4932,55900,275.7
118951,4936,57500,283.8
118961,4812,128500,618.3
118971,4936,57500,283.8
118981,4932,55900,275.7
118991,4936,57500,283.8
119001,4932,55900,275.7
119011,4932,57500,283.6
119021,4932,55900,275.7
119031,4936,57500,283.8
119041,4932,55900,275.7
119051,4936,57500,283.8
119061,4816,218000,1049.9
119071,4932,56900,280.6
119081,4936,56600,279.4
119091,4936,56900,280.9
119101,4932,56700,279.6
119111,4932,56900,280.6
119121,4936,57500,283.8
119131,4932,55900,275.7
119141,4936,57500,283.8
119151,4932,56000,276.2
119161,4800,141000,676.8
119171,4932,55900,275.7
119181,4936,57600,284.3
119191,4932,55900,275.7
119201,4936,57600,284.3
119211,4932,56000,276.2
119221,4932,57600,284.1
119231,4932,56000,276.2
119241,4936,57500,283.8
119251,4936,56600,279.4
119261,4932,56900,280.6
119271,4856,56600,274.8
119281,4936,56900,280.9
119291,4932,57500,283.6
119301,4932,56000,276.2
119311,4936,57500,283.8
119321,4932,55900,275.7
119331,4936,57600,284.3
119341,4932,55900,275.7
119351,4932,57600,284.1
119361,4932,56000,276.2
119371,4760,139200,662.6
119381,4932,56000,276.2
119391,4936,57500,283.8
119401,4932,55900,275.7
119411,4932,57500,283.6
119421,4932,56600,279.2
119431,4936,56900,280.9
119441,4936,56600,279.4
119451,4932,56900,280.6
119461,4932,56600,279.2
119471,4816,168500,811.5
119481,4932,57500,283.6
119491,4932,56000,276.2
119501,4936,57600,284.3
119511,4932,55900,275.7
119521,4936,57500,283.8
119531,4932,55900,275.7
119541,4936,57500,283.8
119551,4932,56000,276.2
119561,4936,57600,284.3
119571,4932,55900,275.7
119581,4752,139700,663.9
119591,4932,55900,275.7
119601,4936,57600,284.3
119611,4932,56600,279.2
119621,4932,56800,280.1
119631,4936,56500,278.9
119641,4932,56900,280.6
119651,4932,57300,282.6
119661,4932,56500,278.7
119671,4936,57400,283.3
119681,4804,140800,676.4
119691,4936,57500,283.8
119701,4932,55900,275.7
119711,4936,57500,283.8
119721,4932,55900,275.7
119731,4932,57500,283.6
119741,4932,55900,275.7
119751,4936,57500,283.8
119761,4932,56000,276.2
119771,4932,57500,283.6
119781,4932,56500,278.7
119791,4792,136500,654.1
119801,4932,56600,279.2
119811,4932,56900,280.6
119821,4936,56600,279.4
119831,4932,56900,280.6
119841,4932,57500,283.6
119851,4932,55900,275.7
119861,4936,57500,283.8
119871,4932,55800,275.2
119881,4936,57500,283.8
119891,4932,55900,275.7
119901,4936,57500,283.8
119911,4932,56000,276.2
119921,4936,57500,283.8
119931,4932,55900,275.7
119941,4936,57500,283.8
119951,4932,56000,276.2
119961,4932,57500,283.6
119971,4932,56500,278.7
119981,4932,56900,280.6
119991,4932,56600,279.2
120001,4804,210300,1010.3
120011,4936,56700,279.9
120021,4932,56900,280.6
120031,4936,57600,284.3
120041,4932,55900,275.7
120051,4936,57500,283.8
120061,4932,55900,275.7
120071,4936,57500,283.8
120081,4932,55900,275.7
120091,4932,57500,283.6
120101,4932,55900,275.7
120111,4728,140600,664.8
120121,4932,55900,275.7
120131,4936,57500,283.8
120141,4932,55900,275.7
120151,4936,57500,283.8
120161,4932,56600,279.2
120171,4932,56800,280.1
120181,4932,56500,278.7
120191,4932,56900,280.6
120201,4932,57500,283.6
120211,4932,56000,276.2
120221,4936,57500,283.8
120231,4932,56000,276.2
120241,4936,57500,283.8
120251,4932,55900,275.7
120261,4936,57500,283.8
120271,4932,55900,275.7
120281,4936,57600,284.3
120291,4932,55900,275.7
120301,4932,57500,283.6
120311,4932,55900,275.7
120321,4764,135600,646.0
120331,4932,56600,279.2
120341,4932,56900,280.6
120351,4932,56600,279.2
120361,4932,56900,280.6
120371,4932,56600,279.2
120381,4936,56900,280.9
120392,4932,57500,283.6
120401,4932,55900,275.7
120411,4936,57500,283.8
120421,4932,56000,276.2
120431,4932,57500,283.6
120441,4932,55900,275.7
120451,4936,57500,283.8
120461,4932,55900,275.7
120471,4936,57500,283.8
120481,4932,55900,275.7
120491,4936,57500,283.8
120501,4932,55900,275.7
120511,4936,57600,284.3
120521,4932,56600,279.2
120531,4928,83700,412.5
120541,4932,56600,279.2
120551,4936,56900,280.9
120561,4932,57100,281.6
120571,4932,56700,279.6
120581,4936,57600,284.3
120591,4932,55900,275.7
120601,4936,57500,283.8
120611,4932,55900,275.7
120621,4936,57600,284.3
120631,4932,55900,275.7
120641,4692,135100,633.9
120651,4932,55900,275.7
120661,4936,57500,283.8
120671,4932,55900,275.7
120681,4936,57500,283.8
120691,4932,56300,277.7
120701,4932,57400,283.1
120711,4936,56500,278.9
120721,4936,56900,280.9
120731,4936,56600,279.4
120741,4936,56800,280.4
120751,4812,214300,1031.2
120761,4932,55800,275.2
120771,4936,57500,283.8
120781,4932,55900,275.7
120791,4936,57400,283.3
120801,4932,56000,276.2
120811,4936,57500,283.8
120821,4932,55900,275.7
120831,4932,57500,283.6
120841,4932,55900,275.7
120851,4804,145600,699.5
120861,4932,55900,275.7
120871,4936,57500,283.8
120881,4932,56500,278.7
120891,4936,56800,280.4
120901,4936,56700,279.9
120911,4936,56800,280.4
120921,4932,56700,279.6
120931,4936,56800,280.4
120941,4936,57500,283.8
120951,4804,144300,693.2
120961,4936,57600,284.3
120971,4932,56000,276.2
120981,4936,57600,284.3
120991,4932,55900,275.7
121001,4936,57500,283.8
121011,4932,55900,275.7
121021,4936,57500,283.8
121031,4932,55900,275.7
121041,4936,57500,283.8
121051,4908,155300,762.2
121061,4936,57500,283.8
121071,4932,56600,279.2
121081,4936,56900,280.9
121091,4932,56600,279.2
121101,4932,56900,280.6
121111,4932,57500,283.6
121121,4932,56100,276.7
121131,4936,57500,283.8
121141,4932,56000,276.2
121151,4936,57500,283.8
121161,4764,71400,340.1
121171,4936,57500,283.8
121181,4932,55900,275.7
121191,4932,57500,283.6
121201,4932,56000,276.2
121211,4936,57500,283.8
121221,4932,56000,276.2
121231,4936,57500,283.8
121241,4932,56600,279.2
121251,4936,56900,280.9
121261,4932,59400,293.0
121271,4932,56900,280.6
121281,4932,56600,279.2
121291,4936,56800,280.4
121301,4936,57500,283.8
121311,4932,56000,276.2
121321,4936,57500,283.8
121331,4932,55900,275.7
121341,4932,57500,283.6
121351,4932,55900,275.7
121361,4932,57500,283.6
121371,4804,153900,739.3
121381,4932,57500,283.6
121391,4932,55900,275.7
121401,4932,57500,283.6
121411,4932,55900,275.7
121421,4932,57500,283.6
121431,4932,56600,279.2
121441,4932,56900,280.6
121451,4936,56500,278.9
121461,4936,56800,280.4
121471,4796,143400,687.7
121481,4936,56800,280.4
121491,4932,57500,283.6
121501,4932,56000,276.2
121511,4936,57500,283.8
121521,4932,55900,275.7
121531,4936,57500,283.8
121541,4932,55900,275.7
121551,4936,57600,284.3
121561,4932,55900,275.7
121571,4932,57500,283.6
121581,4812,206700,994.6
121591,4936,57500,283.8
121601,4932,56200,277.2
121611,4936,57400,283.3
121621,4932,56500,278.7
121631,4932,56900,280.6
121641,4932,56500,278.7
121651,4932,56800,280.1
121661,4932,57500,283.6
121671,4932,55900,275.7
121681,4936,60200,297.1
121691,4932,55900,275.7
121701,4936,57500,283.8
121711,4932,55900,275.7
121721,4936,57500,283.8
121731,4932,55900,275.7
121741,4936,57500,283.8
121751,4932,55900,275.7
121761,4936,57500,283.8
121771,4932,55900,275.7
121781,4936,57500,283.8
121791,4904,157900,774.3
121801,4936,56900,280.9
121811,4932,56600,279.2
121821,4936,56800,280.4
121831,4936,56600,279.4
121841,4936,56900,280.9
121851,4936,57600,284.3
121861,4932,55900,275.7
121871,4936,57500,283.8
121881,4932,55900,275.7
121891,4936,57500,283.8
121901,4812,211100,1015.8
121911,4936,57500,283.8
121921,4932,56000,276.2
121931,4936,57500,283.8
121941,4932,55900,275.7
121951,4936,57600,284.3
121961,4932,55900,275.7
121971,4936,57400,283.3
121981,4932,56500,278.7
121991,4932,56800,280.1
122001,4804,141500,679.8
122011,4684,111900,524.1
122021,4932,57500,283.6
122032,4932,55900,275.7
122041,4936,57500,283.8
122051,4932,55900,275.7
122061,4932,57500,283.6
122071,4932,56000,276.2
122081,4936,57500,283.8
122091,4932,56000,276.2
122101,4936,57600,284.3
122111,4784,185700,888.4
122121,4936,57500,283.8
122131,4932,56000,276.2
122141,4932,57600,284.1
122151,4932,56700,279.6
122161,4936,57000,281.4
122171,4932,56600,279.2
122181,4936,56800,280.4
122191,4932,56600,279.2
122201,4936,56900,280.9
122211,4800,142500,684.0
122221,4932,56000,276.2
122231,4932,57600,284.1
122241,4932,55900,275.7
122251,4936,57500,283.8
122261,4932,55900,275.7
122271,4932,57500,283.6
122281,4932,55900,275.7
122291,4932,57500,283.6
122301,4932,55900,275.7
122311,4936,57500,283.8
122321,4804,207700,997.8
122331,4936,57500,283.8
122341,4932,56600,279.2
122351,4932,56900,280.6
122361,4932,56600,279.2
122371,4932,56900,280.6
122381,4932,57000,281.1
122391,4936,56700,279.9
122401,4936,57500,283.8
122411,4932,55900,275.7
122421,4804,142500,684.6
122431,4932,56000,276.2
122441,4932,57600,284.1
122451,4932,56000,276.2
122461,4936,57500,283.8
122471,4932,56000,276.2
122481,4936,57500,283.8
122491,4932,55900,275.7
122501,4932,57500,283.6
122511,4936,56200,277.4
122521,4932,57500,283.6
122531,4720,142300,671.7
122541,4936,56900,280.9
122551,4932,56600,279.2
122561,4932,56900,280.6
122571,4932,57500,283.6
122581,4936,55900,275.9
122591,4936,57500,283.8
122601,4932,55900,275.7
122611,4936,57500,283.8
122621,4932,55900,275.7
122631,4696,137000,643.4
122641,4932,55900,275.7
122651,4936,57500,283.8
122661,4932,55900,275.7
122671,4936,57500,283.8
122681,4932,55900,275.7
122691,4936,57500,283.8
122701,4932,56500,278.7
122711,4936,56800,280.4
122721,4932,56600,279.2
122731,4928,83800,413.0
122741,4932,56500,278.7
122751,4932,56900,280.6
122761,4936,57600,284.3
122771,4932,55900,275.7
122781,4936,57500,283.8
122791,4932,55900,275.7
122801,4936,57500,283.8
122811,4932,55900,275.7
122821,4936,57500,283.8
122831,4932,55900,275.7
122841,4680,150000,702.0
122851,4932,56000,276.2
122861,4936,57500,283.8
122871,4932,56000,276.2
122881,4932,57500,283.6
122891,4932,56600,279.2
122901,4936,56900,280.9
122911,4932,56600,279.2
122921,4936,56800,280.4
122931,4936,57400,283.3
122941,4804,207800,998.3
122951,4936,57600,284.3
122961,4932,55900,275.7
122971,4936,57500,283.8
122981,4932,55900,275.7
122991,4936,57500,283.8
123001,4932,55900,275.7
123011,4936,57500,283.8
123021,4928,55900,275.5
123031,4936,57500,283.8
123041,4932,55900,275.7
123051,4736,137400,650.7
123061,4932,56600,279.2
123071,4936,57100,281.8
123081,4932,56600,279.2
123091,4932,56900,280.6
123101,4932,56600,279.2
123111,4932,56900,280.6
123121,4932,57500,283.6
123131,4932,55900,275.7
123141,4936,57500,283.8
123151,4932,56000,276.2
123161,4936,57500,283.8
123171,4932,55900,275.7
123181,4936,57400,283.3
123191,4932,55900,275.7
123201,4936,57500,283.8
123211,4932,55900,275.7
123221,4936,57600,284.3
123231,4932,55900,275.7
123241,4936,57500,283.8
123251,4932,56600,279.2
123261,4692,132000,619.3
123271,4932,56600,279.2
123281,4932,56900,280.6
123291,4932,56800,280.1
123301,4932,56900,280.6
123311,4936,57500,283.8
123321,4932,55900,275.7
123331,4936,57500,283.8
123341,4936,55900,275.9
123351,4936,57500,283.8
123361,4932,132100,651.5
123371,4932,57500,283.6
123381,4932,55900,275.7
123391,4936,57500,283.8
123401,4932,56000,276.2
123411,4932,57500,283.6
123421,4932,56100,276.7
123431,4932,57500,283.6
123441,4932,56600,279.2
123451,4932,56900,280.6
123461,4932,56500,278.7
123471,4928,87100,429.2
123481,4932,57600,284.1
123491,4932,55900,275.7
123501,4932,57500,283.6
123511,4932,55900,275.7
123521,4936,57500,283.8
123531,4932,55900,275.7
123541,4932,57500,283.6
123551,4932,55900,275.7
123561,4936,57500,283.8
123571,4932,55900,275.7
123581,4936,57500,283.8
123591,4932,55900,275.7
123601,4936,57500,283.8
123611,4932,56600,279.2
123621,4932,56800,280.1
123631,4936,56600,279.4
123641,4932,56800,280.1
123651,4932,56600,279.2
123662,4932,55900,275.7
123671,4936,57500,283.8
123681,4928,102600,505.6
123691,4936,57500,283.8
123701,4932,56000,276.2
123711,4932,57500,283.6
123721,4932,56000,276.2
123731,4936,57500,283.8
123741,4932,56000,276.2
123751,4936,57400,283.3
123761,4932,55900,275.7
123771,4932,57600,284.1
123781,4932,55900,275.7
123791,4692,142500,668.6
123801,4932,56600,279.2
123811,4932,56900,280.6
123821,4932,56600,279.2
123831,4936,56700,279.9
123841,4932,57400,283.1
123851,4936,56400,278.4
123861,4932,57500,283.6
123871,4932,55900,275.7
123881,4936,57500,283.8
123891,4808,134100,644.8
123901,4936,57500,283.8
123911,4932,55900,275.7
123921,4936,57500,283.8
123931,4932,55900,275.7
123941,4936,57500,283.8
123951,4932,56000,276.2
123961,4932,57500,283.6
123971,4932,56600,279.2
123981,4936,57100,281.8
123991,4728,146900,694.5
124001,4936,56900,280.9
124011,4932,56500,278.7
124021,4932,56900,280.6
124031,4932,57500,283.6
124041,4932,55900,275.7
124051,4932,57500,283.6
124061,4932,55900,275.7
124071,4932,57500,283.6
124081,4932,55900,275.7
124091,4696,136700,641.9
124101,4932,56000,276.2
124111,4936,57500,283.8
124121,4932,55900,275.7
124131,4936,57500,283.8
124141,4932,55900,275.7
124151,4936,57500,283.8
124161,4936,56600,279.4
124171,4936,56900,280.9
124181,4932,56600,279.2
124191,4932,56900,280.6
124201,4836,56800,274.7
124211,4936,56900,280.9
124221,4936,57600,284.3
124231,4932,55900,275.7
124241,4936,57500,283.8
124251,4932,55900,275.7
124261,4936,57500,283.8
124271,4932,56000,276.2
124281,4936,57500,283.8
124291,4932,55900,275.7
124301,4692,135000,633.4
124311,4932,56000,276.2
124321,4936,57600,284.3
124331,4932,55900,275.7
124341,4932,57500,283.6
124351,4932,56600,279.2
124361,4932,56800,280.1
124371,4932,56600,279.2
124381,4932,56800,280.1
124391,4936,57500,283.8
124401,4812,153400,738.2
124411,4936,57500,283.8
124421,4932,56000,276.2
124431,4936,57500,283.8
124441,4932,56000,276.2
124451,4932,57500,283.6
124461,4932,55900,275.7
124471,4932,57600,284.1
124481,4932,55900,275.7
124491,4932,57500,283.6
124501,4804,140600,675.4
124511,4688,146600,687.3
124521,4932,56600,279.2
124531,4936,56900,280.9
124541,4932,56600,279.2
124551,4932,56900,280.6
124561,4932,56500,278.7
124571,4932,56900,280.6
124581,4932,57500,283.6
124591,4932,55900,275.7
124601,4936,57500,283.8
124611,4800,140900,676.3
124621,4932,57500,283.6
124631,4932,55900,275.7
124641,4936,57500,283.8
124651,4932,56000,276.2
124661,4936,57500,283.8
124671,4932,55900,275.7
124681,4936,57500,283.8
124691,4932,55900,275.7
124701,4936,57500,283.8
124711,4932,58100,286.5
124721,4932,56900,280.6
124731,4936,56600,279.4
124741,4932,56800,280.1
124751,4932,57200,282.1
124761,4932,56600,279.2
124771,4936,57600,284.3
124781,4932,55900,275.7
124791,4932,57500,283.6
124801,4932,55900,275.7
124811,4936,57500,283.8
124821,4800,144400,693.1
124831,4936,57500,283.8
124841,4932,56000,276.2
124851,4932,57500,283.6
124861,4932,55900,275.7
124871,4932,57500,283.6
124881,4932,56400,278.2
124891,4932,57400,283.1
124901,4932,56600,279.2
124911,4932,56900,280.6
124921,4932,56500,278.7
124931,4680,120700,564.9
124941,4932,57500,283.6
124951,4936,55900,275.9
124961,4936,57600,284.3
124971,4932,55900,275.7
124981,4936,57500,283.8
124991,4932,55900,275.7
125001,4936,57400,283.3
125011,4932,55900,275.7
125021,4936,57500,283.8
125031,4816,212000,1021.0
125041,4936,57600,284.3
125051,4932,55900,275.7
125061,4936,57500,283.8
125071,4932,56600,279.2
125081,4936,56900,280.9
125091,4932,56600,279.2
125101,4932,56900,280.6
125111,4932,56700,279.6
125121,4936,56900,280.9
125131,4808,141800,681.8
125141,4932,56000,276.2
125151,4932,57500,283.6
125161,4932,55900,275.7
125171,4936,57500,283.8
125181,4932,55900,275.7
125191,4936,57500,283.8
125201,4932,55900,275.7
125211,4936,57500,283.8
125221,4932,55900,275.7
125231,4936,57500,283.8
125241,4796,56000,268.6
125251,4932,57500,283.6
125261,4932,56500,278.7
125271,4932,56900,280.6
125281,4932,56600,279.2
125292,4932,56200,277.2
125301,4932,57600,284.1
125311,4932,56000,276.2
125321,4936,57500,283.8
125331,4932,55900,275.7
125341,4816,133700,643.9
125351,4932,55900,275.7
125361,4936,57600,284.3
125371,4932,55900,275.7
125381,4936,57500,283.8
125391,4932,55900,275.7
125401,4936,57500,283.8
125411,4932,55900,275.7
125421,4936,57500,283.8
125431,4932,56600,279.2
125441,4936,56800,280.4
125451,4808,199200,957.8
125461,4932,56900,280.6
125471,4932,56600,279.2
125481,4936,56900,280.9
125491,4932,57500,283.6
125501,4932,55900,275.7
125511,4936,57500,283.8
125521,4932,55900,275.7
125531,4932,57500,283.6
125541,4932,56000,276.2
125551,4936,57500,283.8
125561,4932,55900,275.7
125571,4936,57500,283.8
125581,4932,56000,276.2
125591,4936,57500,283.8
125601,4932,55900,275.7
125611,4932,57600,284.1
125621,4932,56600,279.2
125631,4936,56800,280.4
125641,4932,56600,279.2
125651,4936,56900,280.9
125661,4832,57000,275.4
125671,4932,56700,279.6
125681,4936,57500,283.8
125691,4932,56000,276.2
125701,4936,57500,283.8
125711,4932,56000,276.2
125721,4936,57500,283.8
125731,4932,55900,275.7
125741,4936,57500,283.8
125751,4932,55900,275.7
125761,4804,140000,672.6
125771,4932,56000,276.2
125781,4936,57500,283.8
125791,4932,56400,278.2
125801,4936,57400,283.3
125811,4932,56500,278.7
125821,4932,56900,280.6
125831,4932,56600,279.2
125841,4932,56900,280.6
125851,4932,57500,283.6
125861,4804,145200,697.5
125871,4936,57500,283.8
125881,4932,55900,275.7
125891,4936,57500,283.8
125901,4932,55900,275.7
125911,4936,57500,283.8
125921,4932,55900,275.7
125931,4936,57500,283.8
125941,4932,56000,276.2
125951,4936,57500,283.8
125961,4932,55900,275.7
125971,4720,138200,652.3
125981,4932,56600,279.2
125991,4932,56900,280.6
126001,4932,56500,278.7
126011,4932,56900,280.6
126021,4932,56600,279.2
126031,4932,56900,280.6
126041,4936,57500,283.8
126051,4932,56000,276.2
126061,4936,57500,283.8
126071,4932,55900,275.7
126081,4936,57500,283.8
126091,4932,55900,275.7
126101,4936,57500,283.8
126111,4932,55900,275.7
126121,4932,57500,283.6
126131,4932,55900,275.7
126141,4936,57500,283.8
126151,4932,55900,275.7
126161,4936,57500,283.8
126171,4932,56600,279.2
126181,4936,56900,280.9
126191,4932,56700,279.6
126201,4932,56900,280.6
126211,4932,57500,283.6
126221,4932,56300,277.7
126231,4936,57500,283.8
126241,4932,55900,275.7
126251,4936,57500,283.8
126261,4932,55900,275.7
126271,4936,57500,283.8
126281,4932,55900,275.7
126291,4804,137700,661.5
126301,4932,55900,275.7
126311,4936,57500,283.8
126321,4932,55900,275.7
126331,4936,57500,283.8
126341,4932,56700,279.6
126351,4936,56900,280.9
126361,4932,56600,279.2
126371,4932,56800,280.1
126381,4932,56500,278.7
126391,4812,144400,694.9
126401,4932,57500,283.6
126411,4932,55900,275.7
126421,4936,57500,283.8
126431,4932,55900,275.7
126441,4932,57600,284.1
126451,4932,55900,275.7
126461,4932,57500,283.6
126471,4932,55900,275.7
126481,4936,57500,283.8
126491,4932,55900,275.7
126501,4812,139200,669.8
126511,4932,56000,276.2
126521,4936,57500,283.8
126531,4932,56600,279.2
126541,4932,56900,280.6
126551,4932,56600,279.2
126561,4932,56800,280.1
126571,4932,57000,281.1
126581,4936,56700,279.9
126591,4936,57600,284.3
126601,4932,55900,275.7
126611,4812,134400,646.7
126621,4932,55900,275.7
126631,4936,57500,283.8
126641,4932,55900,275.7
126651,4936,57500,283.8
126661,4932,55900,275.7
126671,4936,57500,283.8
126681,4932,55900,275.7
126691,4936,57500,283.8
126701,4932,56300,277.7
126711,4824,135500,653.7
126721,4932,56600,279.2
126731,4936,56900,280.9
126741,4932,56600,279.2
126751,4932,56900,280.6
126761,4932,57500,283.6
126771,4932,55900,275.7
126781,4936,57600,284.3
126791,4932,55900,275.7
126801,4936,57400,283.3
126811,4804,144300,693.2
126821,4936,57500,283.8
126831,4932,55900,275.7
126841,4936,57600,284.3
126851,4932,55900,275.7
126861,4936,57500,283.8
126871,4932,55900,275.7
126881,4936,57500,283.8
126891,4932,56500,278.7
126901,4936,56800,280.4
126911,4932,56600,279.2
126921,4692,135000,633.4
126935,4936,57500,283.8
126941,4936,56900,280.9
126951,4936,57500,283.8
126961,4932,55900,275.7
126971,4932,57500,283.6
126981,4932,55900,275.7
126991,4936,57500,283.8
127001,4932,55900,275.7
127011,4936,57500,283.8
127021,4808,209300,1006.3
127031,4936,57500,283.8
127041,4932,55900,275.7
127051,4936,57500,283.8
127061,4932,56000,276.2
127071,4936,57500,283.8
127081,4932,56600,279.2
127091,4932,56900,280.6
127101,4932,56600,279.2
127111,4936,56900,280.9
127121,4800,143000,686.4
127131,4932,56300,277.7
127141,4936,57500,283.8
127151,4932,55900,275.7
127161,4932,57600,284.1
127171,4932,55900,275.7
127181,4936,57500,283.8
127191,4932,56000,276.2
127201,4936,57600,284.3
127211,4932,55900,275.7
127221,4936,57500,283.8
127231,4792,57800,277.0
127241,4932,57500,283.6
127251,4932,56600,279.2
127261,4932,57000,281.1
127271,4932,56600,279.2
127281,4932,56900,280.6
127291,4932,56700,279.6
127301,4936,56900,280.9
127311,4936,57500,283.8
127321,4932,55900,275.7
127331,4800,141600,679.7
127341,4932,56000,276.2
127351,4932,57600,284.1
127361,4932,55900,275.7
127371,4932,57600,284.1
127381,4932,55900,275.7
127391,4932,57600,284.1
127401,4932,55900,275.7
127411,4932,57500,283.6
127421,4932,55900,275.7
127431,4936,57500,283.8
127441,4796,56600,271.5
127451,4936,56900,280.9
127461,4932,56500,278.7
127471,4936,56900,280.9
127481,4932,57000,281.1
127491,4932,56700,279.6
127501,4936,57500,283.8
127511,4932,55900,275.7
127521,4932,57500,283.6
127531,4932,55900,275.7
127541,4936,57500,283.8
127551,4736,86900,411.6
127561,4936,57500,283.8
127571,4932,55900,275.7
127581,4936,57500,283.8
127591,4932,56000,276.2
127601,4932,57500,283.6
127611,4932,56200,277.2
127621,4936,57400,283.3
127631,4932,56600,279.2
127641,4932,56900,280.6
127651,4908,156600,768.6
127661,4932,56900,280.6
127671,4936,57600,284.3
127681,4936,55800,275.4
127691,4936,57500,283.8
127701,4932,55900,275.7
127711,4936,57600,284.3
127721,4932,55900,275.7
127731,4936,57400,283.3
127741,4932,56000,276.2
127751,4936,57500,283.8
127761,4768,69700,332.3
127771,4936,57500,283.8
127781,4932,56000,276.2
127791,4936,57500,283.8
127801,4932,56600,279.2
127811,4932,56800,280.1
127821,4932,56600,279.2
127831,4932,56800,280.1
127841,4932,56600,279.2
127851,4932,56900,280.6
127861,4804,141900,681.7
127871,4932,55900,275.7
127881,4936,57500,283.8
127891,4932,55900,275.7
127901,4936,57500,283.8
127911,4932,55900,275.7
127921,4936,57400,283.3
127931,4932,56000,276.2
127941,4936,57600,284.3
127951,4932,55900,275.7
127961,4936,57500,283.8
127971,4788,57000,272.9
127981,4936,57500,283.8
127991,4932,56600,279.2
128001,4932,56800,280.1
128011,4932,56600,279.2
128021,4932,56800,280.1
128031,4932,57500,283.6
128041,4932,56300,277.7
128051,4932,57500,283.6
128061,4932,55900,275.7
128071,4804,149100,716.3
128081,4932,55900,275.7
128091,4936,57500,283.8
128101,4932,55900,275.7
128111,4936,57500,283.8
128121,4932,55900,275.7
128131,4936,57500,283.8
128141,4932,55900,275.7
128151,4936,57500,283.8
128161,4932,56700,279.6
128171,4936,57000,281.4
128181,4760,167400,796.8
128191,4936,56900,280.9
128201,4932,56600,279.2
128211,4936,56900,280.9
128221,4932,57500,283.6
128231,4932,56000,276.2
128241,4936,57500,283.8
128251,4932,56000,276.2
128261,4936,57500,283.8
128271,4932,55900,275.7
128281,4936,57500,283.8
128291,4808,189300,910.2
128301,4932,57500,283.6
128311,4932,56000,276.2
128321,4932,57500,283.6
128331,4932,56000,276.2
128341,4932,57500,283.6
128351,4932,56600,279.2
128361,4932,56900,280.6
128371,4932,56500,278.7
128381,4932,56800,280.1
128391,4796,141800,680.1
128401,4936,56800,280.4
128411,4936,57600,284.3
128421,4932,55900,275.7
128431,4936,57500,283.8
128441,4932,56000,276.2
128451,4936,57500,283.8
128461,4932,56000,276.2
128471,4932,57500,283.6
128481,4932,55900,275.7
128491,4936,57500,283.8
128501,4776,67000,320.0
128511,4936,57500,283.8
128521,4932,56200,277.2
128531,4936,57500,283.8
128541,4932,56600,279.2
128551,4936,56900,280.9
128562,4932,56600,279.2
128571,4936,56800,280.4
128581,4936,57500,283.8
128591,4932,55900,275.7
128601,4700,131700,619.0
128611,4932,56000,276.2
128621,4932,57500,283.6
128631,4932,55900,275.7
128641,4932,57500,283.6
128651,4932,55900,275.7
128661,4936,57500,283.8
128671,4932,55900,275.7
128681,4936,57500,283.8
128691,4932,55900,275.7
128701,4804,144300,693.2
128711,4932,56600,279.2
128721,4936,56800,280.4
128731,4936,56600,279.4
128741,4932,56900,280.6
128751,4936,56500,278.9
128761,4936,56900,280.9
128771,4936,57500,283.8
128781,4932,55900,275.7
128791,4936,57500,283.8
128801,4932,55900,275.7
128811,4808,133700,642.8
128821,4932,55900,275.7
128831,4936,57500,283.8
128841,4932,55900,275.7
128851,4936,57500,283.8
128861,4932,56000,276.2
128871,4932,57500,283.6
128881,4932,55900,275.7
128891,4932,57500,283.6
128901,4932,56600,279.2
128911,4932,57000,281.1
128921,4804,56600,271.9
128931,4932,56900,280.6
128941,4932,57400,283.1
128951,4936,56400,278.4
128961,4936,57500,283.8
128971,4932,55900,275.7
128981,4932,57500,283.6
128991,4932,55900,275.7
129001,4936,57500,283.8
129011,4932,55900,275.7
129021,4700,139200,654.2
129031,4932,55900,275.7
129041,4936,57600,284.3
129051,4932,55900,275.7
129061,4932,57600,284.1
129071,4932,56600,279.2
129081,4936,57100,281.8
129091,4932,56600,279.2
129101,4936,56900,280.9
129111,4932,56600,279.2
129121,4932,56800,280.1
129131,4932,57500,283.6
129141,4932,55900,275.7
129151,4936,57500,283.8
129161,4928,55900,275.5
129171,4932,57400,283.1
129181,4932,55900,275.7
129191,4936,57500,283.8
129201,4932,55900,275.7
129211,4936,57500,283.8
129221,4932,55900,275.7
129231,4780,142000,678.8
129241,4932,56000,276.2
129251,4936,57500,283.8
129261,4932,56600,279.2
129271,4932,56900,280.6
129281,4932,56600,279.2
129291,4932,56800,280.1
129301,4932,56800,280.1
129311,4936,56900,280.9
129321,4936,57500,283.8
129331,4932,55900,275.7
129341,4848,220400,1068.5
129351,4932,55900,275.7
129361,4936,57600,284.3
129371,4932,56000,276.2
129381,4932,57500,283.6
129391,4932,55900,275.7
129401,4936,57500,283.8
129411,4932,55900,275.7
129421,4932,57500,283.6
129431,4932,56100,276.7
129441,4936,57400,283.3
129451,4936,56500,278.9
129461,4932,56900,280.6
129471,4932,56600,279.2
129481,4936,56800,280.4
129491,4932,57500,283.6
129501,4936,56000,276.4
129511,4936,57500,283.8
129521,4932,56000,276.2
129531,4932,57500,283.6
129541,4932,56000,276.2
129551,4872,198400,966.6
129561,4932,56000,276.2
129571,4936,57500,283.8
129581,4932,55900,275.7
129591,4936,57500,283.8
129601,4932,55900,275.7
129611,4936,57500,283.8
129621,4932,56600,279.2
129631,4936,56800,280.4
129641,4932,56500,278.7
129651,4688,142800,669.4
129661,4936,56600,279.4
129671,4932,56900,280.6
129681,4936,57500,283.8
129691,4932,56000,276.2
129701,4936,57500,283.8
129711,4932,56000,276.2
129721,4936,57500,283.8
129731,4932,56000,276.2
129741,4936,57500,283.8
129751,4800,203800,978.2
129761,4936,57600,284.3
129771,4932,55900,275.7
129781,4936,57500,283.8
129791,4932,55900,275.7
129801,4936,57600,284.3
129811,4932,56600,279.2
129821,4932,56900,280.6
129831,4932,56600,279.2
129841,4932,56900,280.6
129851,4800,142700,685.0
129861,4932,56600,279.2
129871,4936,57600,284.3
129881,4932,55900,275.7
129891,4932,57500,283.6
129901,4932,55900,275.7
129911,4936,57600,284.3
129921,4932,55900,275.7
129931,4936,57500,283.8
129941,4932,55900,275.7
129951,4936,57500,283.8
129961,4812,210600,1013.4
129971,4936,57500,283.8
129981,4932,56500,278.7
129991,4932,57300,282.6
130001,4932,56600,279.2
130011,4932,56900,280.6
130021,4932,56600,279.2
130031,4932,56900,280.6
130041,4932,57500,283.6
130051,4932,55900,275.7
130061,4936,57400,283.3
130071,4680,113600,531.6
130081,4936,57500,283.8
130091,4932,55900,275.7
130101,4936,57500,283.8
130111,4932,55900,275.7
130121,4936,57600,284.3
130131,4932,55900,275.7
130141,4936,57500,283.8
130151,4932,55900,275.7
130161,4932,57500,283.6
130171,4932,56600,279.2
130181,4936,56900,280.9
130192,4932,56600,279.2
130201,4936,56900,280.9
130211,4932,56700,279.6
130221,4932,56900,280.6
130231,4936,57500,283.8
130241,4932,55900,275.7
130251,4936,57500,283.8
130261,4932,55900,275.7
130271,4936,57500,283.8
130281,4712,96700,455.7
130291,4936,57600,284.3
130301,4932,56000,276.2
130311,4932,57600,284.1
130321,4932,55900,275.7
130331,4936,57500,283.8
130341,4932,56000,276.2
130351,4936,57500,283.8
130361,4932,56600,279.2
130371,4932,56900,280.6
130381,4760,167500,797.3
130391,4932,56900,280.6
130401,4936,57500,283.8
130411,4932,56100,276.7
130421,4932,57500,283.6
130431,4932,55900,275.7
130441,4936,57500,283.8
130451,4932,55900,275.7
130461,4936,57600,284.3
130471,4932,55900,275.7
130481,4932,60400,297.9
130491,4932,55900,275.7
130501,4936,57600,284.3
130511,4932,56000,276.2
130521,4936,57500,283.8
130531,4932,56600,279.2
130541,4936,56800,280.4
130551,4936,56600,279.4
130561,4936,56900,280.9
130571,4932,56500,278.7
130581,4932,56900,280.6
130591,4932,57500,283.6
130601,4932,55900,275.7
130611,4936,57500,283.8
130621,4932,55900,275.7
130631,4936,57500,283.8
130641,4932,55900,275.7
130651,4936,57500,283.8
130661,4932,55900,275.7
130671,4932,57500,283.6
130681,4932,55900,275.7
130691,4696,139300,654.2
130701,4932,55900,275.7
130711,4936,57500,283.8
130721,4932,56600,279.2
130731,4936,56900,280.9
130741,4932,56600,279.2
130751,4936,56900,280.9
130761,4932,57200,282.1
130771,4932,56600,279.2
130781,4932,57500,283.6
130791,4932,56000,276.2
130801,4936,57500,283.8
130811,4932,56000,276.2
130821,4936,57500,283.8
130831,4932,56000,276.2
130841,4936,57500,283.8
130851,4932,55900,275.7
130861,4936,57500,283.8
130871,4932,55900,275.7
130881,4936,57500,283.8
130891,4932,56500,278.7
130901,4688,150500,705.5
130911,4936,56600,279.4
130921,4932,56900,280.6
130931,4936,56600,279.4
130941,4936,56800,280.4
130951,4932,57500,283.6
130961,4932,55900,275.7
130971,4936,57500,283.8
130981,4932,56000,276.2
130991,4936,57500,283.8
131001,4804,143900,691.3
131011,4936,57600,284.3
131021,4932,55900,275.7
131031,4936,57500,283.8
131041,4932,55900,275.7
131051,4936,57500,283.8
131061,4932,55900,275.7
131071,4932,57500,283.6
131081,4932,56600,279.2
131091,4936,56900,280.9
131101,4800,142600,684.5
131111,4932,56900,280.6
131121,4932,56600,279.2
131131,4932,56900,280.6
131141,4936,57500,283.8
131151,4932,55900,275.7
131161,4936,57500,283.8
131171,4932,55900,275.7
131181,4936,57500,283.8
131191,4932,55900,275.7
131201,4812,138700,667.4
131211,4932,56000,276.2
131221,4936,57600,284.3
131231,4932,56000,276.2
131241,4936,57500,283.8
131251,4932,55900,275.7
131261,4932,57500,283.6
131271,4932,56600,279.2
131281,4932,56900,280.6
131291,4932,56500,278.7
131301,4808,138700,666.9
131311,4932,57500,283.6
131321,4932,56200,277.2
131331,4932,57600,284.1
131341,4932,55900,275.7
131351,4936,57600,284.3
131361,4932,55900,275.7
131371,4932,57600,284.1
131381,4932,56000,276.2
131391,4936,57600,284.3
131401,4932,56000,276.2
131411,4936,59800,295.2
131421,4932,55900,275.7
131431,4936,57500,283.8
131441,4932,56600,279.2
131451,4932,57000,281.1
131461,4932,56600,279.2
131471,4932,56800,280.1
131481,4932,56600,279.2
131491,4932,56900,280.6
131501,4936,57600,284.3
131511,4932,55900,275.7
131521,4708,142200,669.5
131531,4932,56000,276.2
131541,4932,57500,283.6
131551,4932,55900,275.7
131561,4936,57500,283.8
131571,4932,55900,275.7
131581,4932,57500,283.6
131591,4932,55900,275.7
131601,4932,57500,283.6
131611,4932,55900,275.7
131621,4936,57500,283.8
131631,4812,149800,720.8
131641,4932,57000,281.1
131651,4932,56600,279.2
131661,4932,56900,280.6
131671,4932,57000,281.1
131681,4932,56800,280.1
131691,4936,57500,283.8
131701,4932,56000,276.2
131711,4936,57500,283.8
131721,4932,55900,275.7
131731,4936,57500,283.8
131741,4932,55900,275.7
131751,4936,57600,284.3
131761,4932,56000,276.2
131771,4932,57600,284.1
131781,4932,55900,275.7
131791,4936,57600,284.3
131801,4932,56200,277.2
131811,4936,57500,283.8
131821,4932,56600,279.2
131832,4932,56900,280.6
131841,4920,151800,746.9
131851,4936,56900,280.9
131861,4932,57500,283.6
131871,4932,55900,275.7
131881,4936,57500,283.8
131891,4932,55900,275.7
131901,4936,57600,284.3
131911,4932,56000,276.2
131921,4936,57500,283.8
131931,4932,56000,276.2
131941,4936,57500,283.8
131951,4932,55900,275.7
131961,4936,57500,283.8
131971,4932,55900,275.7
131981,4936,57500,283.8
131991,4932,56500,278.7
132001,4932,56800,280.1
132011,4932,56600,279.2
132021,4936,56900,280.9
132031,4936,56600,279.4
132041,4932,56800,280.1
132051,4804,142500,684.6
132061,4932,55900,275.7
132071,4932,57600,284.1
132081,4932,56000,276.2
132091,4936,57600,284.3
132101,4932,56000,276.2
132111,4936,57500,283.8
132121,4932,55900,275.7
132131,4936,57500,283.8
132141,4932,55900,275.7
132151,4936,57500,283.8
132161,4804,143300,688.4
132171,4936,57500,283.8
132181,4932,56600,279.2
132191,4932,56900,280.6
132201,4932,56600,279.2
132211,4932,56800,280.1
132221,4932,57400,283.1
132231,4932,56300,277.7
132241,4932,57500,283.6
132251,4932,55900,275.7
132261,4936,57500,283.8
132271,4932,55900,275.7
132281,4932,57500,283.6
132291,4932,55900,275.7
132301,4936,57600,284.3
132311,4932,55900,275.7
132321,4936,57500,283.8
132331,4932,55900,275.7
132341,4936,57600,284.3
132351,4932,56600,279.2
132361,4932,57000,281.1
132371,4792,57400,275.1
132381,4932,56900,280.6
132391,4932,56600,279.2
132401,4932,56900,280.6
132411,4932,57500,283.6
132421,4932,56000,276.2
132431,4936,57500,283.8
132441,4932,55900,275.7
132451,4932,57500,283.6
132461,4932,55900,275.7
132471,4692,134300,630.1
132481,4932,55900,275.7
132491,4932,57500,283.6
132501,4932,55900,275.7
132511,4936,57500,283.8
132521,4932,56000,276.2
132531,4936,57500,283.8
132541,4932,56600,279.2
132551,4932,56900,280.6
132561,4932,56600,279.2
132571,4936,56900,280.9
132581,4800,56800,272.6
132591,4936,56800,280.4
132601,4932,57600,284.1
132611,4932,55900,275.7
132621,4936,57500,283.8
132631,4932,55900,275.7
132641,4936,57500,283.8
132651,4932,55900,275.7
132661,4936,57500,283.8
132671,4932,55900,275.7
132681,4748,135000,641.0
132691,4932,55900,275.7
132701,4932,57500,283.6
132711,4932,56000,276.2
132721,4936,57500,283.8
132731,4932,56600,279.2
132741,4932,56900,280.6
132751,4932,56500,278.7
132761,4936,56900,280.9
132771,4932,57500,283.6
132781,4932,55900,275.7
132791,4824,136500,658.5
132801,4932,56000,276.2
132811,4936,57500,283.8
132821,4932,56000,276.2
132831,4936,57600,284.3
132841,4932,55900,275.7
132851,4936,57500,283.8
132861,4936,55900,275.9
132871,4936,57500,283.8
132881,4932,56000,276.2
132891,4936,57500,283.8
132901,4780,69600,332.7
132911,4932,56900,280.6
132921,4932,56600,279.2
132931,4936,56900,280.9
132941,4936,56600,279.4
132951,4932,56900,280.6
132961,4936,57500,283.8
132971,4932,55900,275.7
132981,4932,57500,283.6
132991,4932,55900,275.7
133001,4808,138000,663.5
133011,4932,55900,275.7
133021,4932,57600,284.1
133031,4932,55900,275.7
133041,4936,57500,283.8
133051,4932,55900,275.7
133061,4936,57500,283.8
133071,4932,55900,275.7
133081,4936,57500,283.8
133091,4932,56600,279.2
133101,4816,135600,653.0
133111,4932,56600,279.2
133121,4936,56900,280.9
133131,4932,57400,283.1
133141,4936,56500,278.9
133151,4936,57600,284.3
133161,4932,55900,275.7
133171,4936,57500,283.8
133181,4932,55900,275.7
133191,4936,57500,283.8
133201,4800,141400,678.7
133211,4928,57500,283.4
133221,4932,56000,276.2
133231,4932,57500,283.6
133241,4932,55900,275.7
133251,4936,57500,283.8
133261,4932,56400,278.2
133271,4936,57300,282.8
133281,4932,56600,279.2
133291,4936,56800,280.4
133301,4808,137200,659.7
133311,4688,146800,688.2
133321,4932,57500,283.6
133331,4932,55900,275.7
133341,4936,57400,283.3
133351,4932,56000,276.2
133361,4936,57500,283.8
133371,4932,55900,275.7
133381,4932,57500,283.6
133391,4932,55900,275.7
133401,4936,57500,283.8
133411,4804,202100,970.9
133421,4932,57500,283.6
133431,4932,56000,276.2
133441,4936,57500,283.8
133451,4932,56500,278.7
133462,4936,56900,280.9
133471,4936,56600,279.4
133481,4932,56800,280.1
133491,4932,56700,279.6
133501,4936,56900,280.9
133511,4800,142300,683.0
133521,4932,55900,275.7
133531,4936,57600,284.3
133541,4932,55900,275.7
133551,4936,57500,283.8
133561,4932,55900,275.7
133571,4936,57500,283.8
133581,4932,55900,275.7
133591,4932,57500,283.6
133601,4932,56000,276.2
133611,4936,57500,283.8
133621,4760,72600,345.6
133631,4932,57600,284.1
133641,4932,56600,279.2
133651,4932,56900,280.6
133661,4932,56500,278.7
133671,4936,56900,280.9
133681,4932,57600,284.1
133691,4936,56000,276.4
133701,4936,57600,284.3
133711,4932,56000,276.2
133721,4808,151500,728.4
133731,4932,56000,276.2
133741,4936,57600,284.3
133751,4932,55900,275.7
133761,4936,57500,283.8
133771,4932,56000,276.2
133781,4936,57500,283.8
133791,4932,55900,275.7
133801,4936,57500,283.8
133811,4932,56600,279.2
133821,4936,56900,280.9
133831,4808,213600,1027.0
133841,4932,56900,280.6
133851,4932,56700,279.6
133861,4932,56900,280.6
133871,4932,57600,284.1
133881,4932,55900,275.7
133891,4936,57500,283.8
133901,4932,55900,275.7
133911,4936,57500,283.8
133921,4932,56000,276.2
133931,4932,57500,283.6
133941,4704,102700,483.1
133951,4936,57600,284.3
133961,4932,55900,275.7
133971,4932,57500,283.6
133981,4932,55900,275.7
133991,4936,57500,283.8
134001,4932,56700,279.6
134011,4932,56900,280.6
134021,4932,56600,279.2
134031,4932,56900,280.6
134041,4816,208500,1004.1
134051,4932,56800,280.1
134061,4936,57500,283.8
134071,4932,55900,275.7
134081,4932,57500,283.6
134091,4932,56000,276.2
134101,4932,57500,283.6
134111,4932,55900,275.7
134121,4936,57500,283.8
134131,4932,55900,275.7
134141,4804,143200,687.9
134151,4932,55900,275.7
134161,4936,57500,283.8
134171,4932,56400,278.2
134181,4936,57400,283.3
134191,4932,56600,279.2
134201,4932,56900,280.6
134211,4932,56600,279.2
134221,4932,56900,280.6
134231,4932,57500,283.6
134241,4932,56000,276.2
134251,4932,57500,283.6
134261,4932,56000,276.2
134271,4936,57500,283.8
134281,4932,56000,276.2
134291,4936,57500,283.8
134301,4932,56000,276.2
134311,4932,57600,284.1
134321,4932,55900,275.7
134331,4936,57500,283.8
134341,4932,56000,276.2
134351,4732,172000,813.9
134361,4932,56600,279.2
134371,4932,56900,280.6
134381,4932,56600,279.2
134391,4932,56900,280.6
134401,4932,56600,279.2
134411,4932,56900,280.6
134421,4932,57500,283.6
134431,4932,55900,275.7
134441,4936,57500,283.8
134451,4788,141500,677.5
134461,4936,57500,283.8
134471,4932,55900,275.7
134481,4936,57500,283.8
134491,4932,55900,275.7
134501,4936,57500,283.8
134511,4932,55900,275.7
134521,4936,57500,283.8
134531,4932,55900,275.7
134541,4936,57500,283.8
134551,4932,56600,279.2
134561,4804,140600,675.4
134571,4932,56600,279.2
134581,4932,56900,280.6
134591,4932,57500,283.6
134601,4936,56200,277.4
134611,4936,57500,283.8
134621,4928,55900,275.5
134631,4932,57500,283.6
134641,4932,56000,276.2
134651,4936,57500,283.8
134661,4932,55900,275.7
134671,4708,135000,635.6
134681,4932,56000,276.2
134691,4936,57500,283.8
134701,4932,55900,275.7
134711,4932,57500,283.6
134721,4932,56600,279.2
134731,4936,57000,281.4
134741,4932,56600,279.2
134751,4936,56900,280.9
134761,4932,56500,278.7
134771,4932,56900,280.6
134781,4816,181200,872.7
134791,4932,56000,276.2
134801,4932,57500,283.6
134811,4932,55900,275.7
134821,4932,57500,283.6
134831,4932,55900,275.7
134841,4932,57600,284.1
134851,4932,55900,275.7
134861,4936,57500,283.8
134871,4932,55900,275.7
134881,4932,57500,283.6
134891,4744,81200,385.2
134901,4936,57500,283.8
134911,4932,56600,279.2
134921,4936,56900,280.9
134931,4932,56600,279.2
134941,4932,56900,280.6
134951,4932,57000,281.1
134961,4932,56700,279.6
134971,4936,57500,283.8
134981,4932,55900,275.7
134991,4808,139300,669.8
135001,4932,55900,275.7
135011,4932,57500,283.6
135021,4932,55900,275.7
135031,4936,57500,283.8
135041,4932,55800,275.2
135051,4936,57500,283.8
135061,4932,55900,275.7
135071,4932,57500,283.6
135081,4932,56300,277.7
135091,4936,57400,283.3
135102,4820,136700,658.9
135111,4936,56900,280.9
135121,4932,56600,279.2
135131,4932,56900,280.6
135141,4932,57500,283.6
135151,4932,55900,275.7
135161,4936,57500,283.8
135171,4932,55900,275.7
135181,4932,57500,283.6
135191,4932,55900,275.7
135201,4804,142500,684.6
135211,4932,55900,275.7
135221,4932,57500,283.6
135231,4932,56000,276.2
135241,4936,57500,283.8
135251,4932,56000,276.2
135261,4936,57500,283.8
135271,4932,56600,279.2
135281,4936,56800,280.4
135291,4932,56600,279.2
135301,4804,141700,680.7
135311,4936,56600,279.4
135321,4932,56900,280.6
135331,4936,57600,284.3
135341,4932,55900,275.7
135351,4936,57500,283.8
135361,4932,55900,275.7
135371,4932,57600,284.1
135381,4932,55900,275.7
135391,4936,57600,284.3
135401,4932,55900,275.7
135411,4804,143600,689.9
135421,4932,55900,275.7
135431,4936,57500,283.8
135441,4932,55900,275.7
135451,4936,57500,283.8
135461,4936,56600,279.4
135471,4936,56900,280.9
135481,4932,56600,279.2
135491,4932,56900,280.6
135501,4932,57500,283.6
135511,4932,56200,277.2
135521,4804,216200,1038.6
135531,4932,56000,276.2
135541,4936,57500,283.8
135551,4932,56000,276.2
135561,4936,57500,283.8
135571,4932,56000,276.2
135581,4936,57500,283.8
135591,4932,55900,275.7
135601,4936,57500,283.8
135611,4932,55900,275.7
135621,4804,143200,687.9
135631,4932,56600,279.2
135641,4936,57200,282.3
135651,4932,56600,279.2
135661,4936,56800,280.4
135671,4932,56500,278.7
135681,4936,56900,280.9
135691,4936,57500,283.8
135701,4932,56000,276.2
135711,4936,57500,283.8
135721,4932,55900,275.7
135731,4932,57500,283.6
135741,4932,56000,276.2
135751,4936,57500,283.8
135761,4932,55800,275.2
135771,4932,57600,284.1
135781,4932,56000,276.2
135791,4932,57500,283.6
135801,4932,55900,275.7
135811,4936,57500,283.8
135821,4932,56600,279.2
135831,4784,141700,677.9
135841,4936,56600,279.4
135851,4932,56900,280.6
135861,4932,56800,280.1
135871,4936,56800,280.4
135881,4936,57500,283.8
135891,4932,55900,275.7
135901,4932,57500,283.6
135911,4932,55900,275.7
135921,4936,57500,283.8
135931,4928,84300,415.4
135941,4936,57600,284.3
135951,4932,56000,276.2
135961,4936,57500,283.8
135971,4932,55900,275.7
135981,4936,57500,283.8
135991,4932,56000,276.2
136001,4932,57500,283.6
136011,4936,56500,278.9
136021,4932,56900,280.6
136031,4932,56500,278.7
136041,4804,152700,733.6
136051,4932,57500,283.6
136061,4932,56000,276.2
136071,4936,57500,283.8
136081,4932,55900,275.7
136091,4936,57500,283.8
136101,4932,55900,275.7
136111,4936,57400,283.3
136121,4932,55900,275.7
136131,4936,57500,283.8
136141,4932,55900,275.7
136151,4732,134600,636.9
136161,4932,55900,275.7
136171,4932,57600,284.1
136181,4932,56600,279.2
136191,4932,56900,280.6
136201,4932,56600,279.2
136211,4932,56900,280.6
136221,4932,56500,278.7
136231,4932,56800,280.1
136241,4932,57500,283.6
136251,4928,68100,335.6
136261,4936,57500,283.8
136271,4932,55900,275.7
136281,4936,57500,283.8
136291,4932,55900,275.7
136301,4936,57500,283.8
136311,4932,55900,275.7
136321,4936,57500,283.8
136331,4932,56000,276.2
136341,4936,57500,283.8
136351,4932,55800,275.2
136361,4784,141400,676.5
136371,4932,56600,279.2
136381,4932,56900,280.6
136391,4932,56500,278.7
136401,4932,56800,280.1
136411,4932,57300,282.6
136421,4936,56500,278.9
136431,4936,57400,283.3
136441,4932,56000,276.2
136451,4936,57500,283.8
136461,4932,55900,275.7
136471,4832,220000,1063.0
136481,4932,55800,275.2
136491,4936,57500,283.8
136501,4932,55900,275.7
136511,4936,57500,283.8
136521,4932,56000,276.2
136531,4932,57500,283.6
136541,4932,56500,278.7
136551,4936,57200,282.3
136561,4932,56600,279.2
136571,4932,56900,280.6
136581,4792,58300,279.4
136591,4932,56900,280.6
136601,4932,57600,284.1
136611,4932,55900,275.7
136621,4932,57500,283.6
136631,4932,55900,275.7
136641,4936,57500,283.8
136651,4932,55900,275.7
136661,4936,57500,283.8
136671,4932,55900,275.7
136681,4804,143300,688.4
136691,4932,55900,275.7
136701,4936,57500,283.8
136711,4932,56000,276.2
136721,4936,57500,283.8
136732,4932,56600,279.2
136741,4932,56900,280.6
136751,4932,56500,278.7
136761,4932,56900,280.6
136771,4936,56800,280.4
136781,4776,141900,677.7
136791,4936,57600,284.3
136801,4932,55900,275.7
136811,4936,57600,284.3
136821,4932,55900,275.7
136831,4936,57500,283.8
136841,4932,55900,275.7
136851,4932,57500,283.6
136861,4932,56000,276.2
136871,4936,57600,284.3
136881,4796,142000,681.0
136891,4936,57500,283.8
136901,4932,56000,276.2
136911,4936,57500,283.8
136921,4932,56600,279.2
136931,4936,56900,280.9
136941,4932,56600,279.2
136951,4932,56800,280.1
136961,4932,57500,283.6
136971,4936,56000,276.4
136981,4936,57500,283.8
136991,4804,144100,692.3
137001,4936,57600,284.3
137011,4932,55900,275.7
137021,4936,57500,283.8
137031,4932,55900,275.7
137041,4936,57500,283.8
137051,4932,55900,275.7
137061,4936,57500,283.8
137071,4932,55900,275.7
137081,4932,57500,283.6
137091,4932,56600,279.2
137101,4804,138400,664.9
137111,4932,56500,278.7
137121,4932,56900,280.6
137131,4932,56600,279.2
137141,4936,56900,280.9
137151,4936,57500,283.8
137161,4932,55900,275.7
137171,4936,57600,284.3
137181,4932,55900,275.7
137191,4936,57500,283.8
137201,4804,137800,662.0
137211,4816,221300,1065.8
137221,4932,56000,276.2
137231,4936,57500,283.8
137241,4932,55900,275.7
137251,4936,57500,283.8
137261,4932,55900,275.7
137271,4936,57500,283.8
137281,4932,56500,278.7
137291,4932,56800,280.1
137301,4932,56500,278.7
137311,4928,58100,286.3
137321,4932,57100,281.6
137331,4932,56700,279.6
137341,4932,57200,282.1
137351,4932,55900,275.7
137361,4936,57500,283.8
137371,4932,55900,275.7
137381,4936,57400,283.3
137391,4932,56000,276.2
137401,4936,57500,283.8
137411,4932,55900,275.7
137421,4808,208400,1002.0
137431,4932,55900,275.7
137441,4936,57500,283.8
137451,4932,56300,277.7
137461,4932,57400,283.1
137471,4932,56500,278.7
137481,4932,56900,280.6
137491,4932,56600,279.2
137501,4932,56800,280.1
137511,4932,57500,283.6
137521,4820,133600,644.0
137531,4936,57500,283.8
137541,4932,55900,275.7
137551,4932,57500,283.6
137561,4932,55900,275.7
137571,4936,57500,283.8
137581,4932,55900,275.7
137591,4936,57500,283.8
137601,4932,55900,275.7
137611,4936,57500,283.8
137621,4808,141800,681.8
137631,4936,57500,283.8
137641,4932,56500,278.7
137651,4936,56800,280.4
137661,4932,56600,279.2
137671,4932,56900,280.6
137681,4932,56600,279.2
137691,4936,56900,280.9
137701,4936,57500,283.8
137711,4932,56000,276.2
137721,4932,57600,284.1
137731,4812,133800,643.8
137741,4932,57500,283.6
137751,4932,56000,276.2
137761,4936,57500,283.8
137771,4932,56000,276.2
137781,4936,57500,283.8
137791,4932,55900,275.7
137801,4936,57500,283.8
137811,4932,55900,275.7
137821,4936,57500,283.8
137831,4928,124100,611.6
137841,4932,56900,280.6
137851,4932,56600,279.2
137861,4932,56900,280.6
137871,4932,57500,283.6
137881,4932,56200,277.2
137891,4936,57500,283.8
137901,4932,55900,275.7
137911,4936,57500,283.8
137921,4932,55900,275.7
137931,4936,57500,283.8
137941,4800,143700,689.8
137951,4936,57500,283.8
137961,4932,55900,275.7
137971,4932,57500,283.6
137981,4932,55900,275.7
137991,4936,57500,283.8
138001,4932,56600,279.2
138011,4936,57000,281.4
138021,4932,56600,279.2
138031,4932,56800,280.1
138041,4932,56600,279.2
138051,4804,146700,704.7
138061,4936,57500,283.8
138071,4932,55900,275.7
138081,4936,57500,283.8
138091,4932,55900,275.7
138101,4932,57500,283.6
138111,4932,55900,275.7
138121,4936,57600,284.3
138131,4932,55900,275.7
138141,4936,57500,283.8
138151,4928,95300,469.6
138161,4932,57500,283.6
138171,4932,55900,275.7
138181,4936,57600,284.3
138191,4932,56500,278.7
138201,4932,56900,280.6
138211,4932,56600,279.2
138221,4932,56800,280.1
138231,4936,57000,281.4
138241,4932,56700,279.6
138251,4936,57200,282.3
138261,4932,55900,275.7
138271,4936,57500,283.8
138281,4932,55900,275.7
138291,4936,57600,284.3
138301,4932,55900,275.7
138311,4936,57600,284.3
138321,4932,55900,275.7
138331,4936,57600,284.3
138341,4932,55900,275.7
138351,4936,57500,283.8
138362,4932,56600,279.2
138371,4932,57500,283.6
138381,4932,56500,278.7
138391,4932,57000,281.1
138401,4932,56600,279.2
138411,4932,56900,280.6
138421,4936,57500,283.8
138431,4932,55900,275.7
138441,4932,57500,283.6
138451,4932,55900,275.7
138461,4812,139000,668.9
138471,4932,55900,275.7
138481,4936,57500,283.8
138491,4932,55900,275.7
138501,4936,57500,283.8
138511,4932,55900,275.7
138521,4936,57500,283.8
138531,4932,55800,275.2
138541,4936,57500,283.8
138551,4932,56500,278.7
138561,4932,56800,280.1
138571,4936,56600,279.4
138581,4932,56900,280.6
138591,4932,56600,279.2
138601,4932,56900,280.6
138611,4936,57500,283.8
138621,4932,55900,275.7
138631,4936,57500,283.8
138641,4932,56000,276.2
138651,4936,57500,283.8
138661,4932,55900,275.7
138671,4804,143500,689.4
138681,4932,56000,276.2
138691,4932,57600,284.1
138701,4932,55900,275.7
138711,4932,57500,283.6
138721,4932,56000,276.2
138731,4936,57500,283.8
138741,4932,56600,279.2
138751,4932,56800,280.1
138761,4932,56600,279.2
138771,4932,56900,280.6
138781,4800,143400,688.3
138791,4932,56400,278.2
138801,4932,57500,283.6
138811,4932,55900,275.7
138821,4936,57400,283.3
138831,4932,55900,275.7
138841,4936,57600,284.3
138851,4932,55900,275.7
138861,4936,57600,284.3
138871,4932,55900,275.7
138881,4936,57500,283.8
138891,4804,207200,995.4
138901,4936,57500,283.8
138911,4932,56600,279.2
138921,4936,57100,281.8
138931,4932,56600,279.2
138941,4932,56800,280.1
138951,4932,56600,279.2
138961,4932,56900,280.6
138971,4936,57500,283.8
138981,4932,55800,275.2
138991,4936,57500,283.8
139001,4684,145100,679.6
139011,4936,57500,283.8
139021,4932,55900,275.7
139031,4936,57500,283.8
139041,4932,55900,275.7
139051,4936,57500,283.8
139061,4932,55900,275.7
139071,4936,57500,283.8
139081,4932,55900,275.7
139091,4936,57500,283.8
139101,4800,204800,983.0
139111,4936,56900,280.9
139121,4932,56600,279.2
139131,4936,56800,280.4
139141,4932,56900,280.6
139151,4932,56800,280.1
139161,4936,57000,281.4
139171,4932,55900,275.7
139181,4932,57500,283.6
139191,4932,56000,276.2
139201,4804,142400,684.1
139211,4932,56000,276.2
139221,4932,57600,284.1
139231,4932,55900,275.7
139241,4936,57600,284.3
139251,4932,55900,275.7
139261,4936,57600,284.3
139271,4932,56000,276.2
139281,4936,57500,283.8
139291,4932,56600,279.2
139301,4936,56900,280.9
139311,4932,130500,643.6
139321,4932,56900,280.6
139331,4932,57600,284.1
139341,4936,56000,276.4
139351,4936,57500,283.8
139361,4932,55900,275.7
139371,4936,57500,283.8
139381,4932,55900,275.7
139391,4936,57500,283.8
139401,4932,55900,275.7
139411,4936,57500,283.8
139421,4800,144900,695.5
139431,4936,57500,283.8
139441,4932,55900,275.7
139451,4936,57500,283.8
139461,4932,56600,279.2
139471,4936,56800,280.4
139481,4932,56600,279.2
139491,4932,56900,280.6
139501,4932,56600,279.2
139511,4936,56900,280.9
139521,4932,59300,292.5
139531,4932,56000,276.2
139541,4936,57600,284.3
139551,4932,55900,275.7
139561,4936,57600,284.3
139571,4932,55900,275.7
139581,4936,57500,283.8
139591,4932,55900,275.7
139601,4936,57500,283.8
139611,4932,56000,276.2
139621,4936,57500,283.8
139631,4804,143300,688.4
139641,4936,57600,284.3
139651,4932,56500,278.7
139661,4932,56900,280.6
139671,4936,56600,279.4
139681,4932,56800,280.1
139691,4932,57200,282.1
139701,4932,56500,278.7
139711,4936,57400,283.3
139721,4932,55900,275.7
139731,4800,142400,683.5
139741,4932,55900,275.7
139751,4936,57600,284.3
139761,4932,55900,275.7
139771,4936,57500,283.8
139781,4932,55900,275.7
139791,4936,57500,283.8
139801,4932,55900,275.7
139811,4936,57600,284.3
139821,4932,56600,279.2
139831,4792,142600,683.3
139841,4936,56600,279.4
139851,4936,56800,280.4
139861,4932,56600,279.2
139871,4932,56900,280.6
139881,4932,57500,283.6
139891,4932,55900,275.7
139901,4936,57500,283.8
139911,4932,55900,275.7
139921,4936,57500,283.8
139931,4932,55900,275.7
139941,4752,164300,780.8
139951,4932,56000,276.2
139961,4936,57500,283.8
139971,4932,56000,276.2
139981,4936,57500,283.8
139992,4932,56600,279.2
140001,4936,57500,283.8
140011,4932,56600,279.2
140021,4936,56900,280.9
140031,4932,56600,279.2
140041,4784,141600,677.4
140051,4932,56600,279.2
140061,4932,56900,280.6
140071,4936,56800,280.4
140081,4932,55900,275.7
140091,4936,57500,283.8
140101,4932,55900,275.7
140111,4932,57500,283.6
140121,4932,55900,275.7
140131,4936,57500,283.8
140141,4932,55900,275.7
140151,4700,135100,635.0
140161,4932,56000,276.2
140171,4932,57500,283.6
140181,4932,56000,276.2
140191,4936,57500,283.8
140201,4932,56600,279.2
140211,4932,56900,280.6
140221,4932,56600,279.2
140231,4936,56900,280.9
140241,4932,57500,283.6
140251,4780,141000,674.0
140261,4936,57600,284.3
140271,4932,56000,276.2
140281,4932,57500,283.6
140291,4932,56000,276.2
140301,4936,57500,283.8
140311,4932,56000,276.2
140321,4936,57500,283.8
140331,4932,56000,276.2
140341,4936,57500,283.8
140351,4928,95200,469.1
140361,4936,57500,283.8
140371,4932,56700,279.6
140381,4936,56900,280.9
140391,4932,56600,279.2
140401,4936,56800,280.4
140411,4932,56600,279.2
140421,4932,56900,280.6
140431,4936,56600,279.4
140441,4932,55900,275.7
140451,4936,57500,283.8
140461,4928,65600,323.3
140471,4936,57500,283.8
140481,4932,55900,275.7
140491,4936,57500,283.8
140501,4932,55900,275.7
140511,4936,57600,284.3
140521,4932,55900,275.7
140531,4936,57500,283.8
140541,4932,55900,275.7
140551,4936,57500,283.8
140561,4932,56600,279.2
140571,4696,139000,652.7
140581,4932,56600,279.2
140591,4936,56900,280.9
140601,4932,57100,281.6
140611,4932,56600,279.2
140621,4936,57200,282.3
140631,4932,55900,275.7
140641,4936,57500,283.8
140651,4932,55900,275.7
140661,4932,57500,283.6
140671,4808,133900,643.8
140681,4936,57700,284.8
140691,4932,55900,275.7
140701,4936,57500,283.8
140711,4932,56000,276.2
140721,4936,57500,283.8
140731,4932,56400,278.2
140741,4932,57400,283.1
140751,4932,56600,279.2
140761,4932,56900,280.6
140771,4800,143300,687.8
140781,4932,56900,280.6
140791,4932,57500,283.6
140801,4932,55900,275.7
140811,4936,57500,283.8
140821,4932,55900,275.7
140831,4932,57500,283.6
140841,4936,55900,275.9
140851,4936,57600,284.3
140861,4932,55900,275.7
140871,4936,57500,283.8
140881,4800,137600,660.5
140891,4936,57500,283.8
140901,4932,56000,276.2
140911,4932,57500,283.6
140921,4932,56500,278.7
140931,4936,56900,280.9
140941,4932,56600,279.2
140951,4936,56900,280.9
140961,4932,56600,279.2
140971,4936,56900,280.9
140981,4812,154500,743.5
140991,4932,55900,275.7
141001,4932,57500,283.6
141011,4932,56000,276.2
141021,4936,57500,283.8
141031,4932,56000,276.2
141041,4936,57500,283.8
141051,4932,55800,275.2
141061,4936,57500,283.8
141071,4932,56000,276.2
141081,4936,57500,283.8
141091,4820,134000,645.9
141101,4936,57500,283.8
141111,4932,56600,279.2
141121,4932,56800,280.1
141131,4932,56600,279.2
141141,4932,56800,280.1
141151,4932,57500,283.6
141161,4936,56100,276.9
141171,4936,57500,283.8
141181,4932,55900,275.7
141191,4812,134100,645.3
141201,4932,56000,276.2
141211,4936,57500,283.8
141221,4932,55900,275.7
141231,4936,57600,284.3
141241,4932,55900,275.7
141251,4936,57600,284.3
141261,4932,56000,276.2
141271,4936,57500,283.8
141281,4932,56700,279.6
141291,4736,134500,637.0
141301,4936,56600,279.4
141311,4932,56900,280.6
141321,4932,56600,279.2
141331,4932,56800,280.1
141341,4936,56600,279.4
141351,4932,56000,276.2
141361,4936,57500,283.8
141371,4932,55800,275.2
141381,4932,57500,283.6
141391,4932,55900,275.7
141401,4756,170200,809.5
141411,4932,56000,276.2
141421,4932,57500,283.6
141431,4932,55900,275.7
141441,4936,57400,283.3
141451,4932,56000,276.2
141461,4936,57500,283.8
141471,4932,56600,279.2
141481,4932,56900,280.6
141491,4936,56500,278.9
141501,4804,141300,678.8
141511,4932,57000,281.1
141521,4932,56800,280.1
141531,4936,57100,281.8
141541,4932,55900,275.7
141551,4932,57500,283.6
141561,4932,55900,275.7
141571,4936,57500,283.8
141581,4932,56000,276.2
141591,4932,57500,283.6
141601,4932,55900,275.7
141611,4808,142800,686.6
141621,4932,55900,275.7
141632,4932,57600,284.1
141641,4932,56300,277.7
141651,4936,57500,283.8
141661,4932,56500,278.7
141671,4936,56900,280.9
141681,4932,56600,279.2
141691,4932,56900,280.6
141701,4932,57600,284.1
141711,4932,55900,275.7
141721,4936,57500,283.8
141731,4932,56000,276.2
141741,4936,57500,283.8
141751,4932,55900,275.7
141761,4936,57500,283.8
141771,4932,56000,276.2
141781,4932,57500,283.6
141791,4932,55900,275.7
141801,4936,57500,283.8
141811,4932,55900,275.7
141821,4708,136900,644.5
141831,4932,56600,279.2
141841,4932,56800,280.1
141851,4932,56600,279.2
141861,4932,56900,280.6
141871,4932,56500,278.7
141881,4932,56900,280.6
141891,4936,56600,279.4
141901,4932,56000,276.2
141911,4936,57500,283.8
141921,4932,55900,275.7
141931,4788,188000,900.1
141941,4932,55900,275.7
141951,4936,57500,283.8
141961,4932,55900,275.7
141971,4936,57400,283.3
141981,4932,56000,276.2
141991,4936,57600,284.3
142001,4932,56000,276.2
142011,4932,57500,283.6
142021,4936,56600,279.4
142031,4932,56900,280.6
142041,4744,82600,391.9
142051,4936,56900,280.9
142061,4932,57400,283.1
142071,4932,56300,277.7
142081,4932,57500,283.6
142091,4932,56000,276.2
142101,4936,57500,283.8
142111,4932,55900,275.7
142121,4936,57500,283.8
142131,4932,55900,275.7
142141,4936,57500,283.8
142151,4932,55900,275.7
142161,4936,57600,284.3
142171,4932,56000,276.2
142181,4936,57600,284.3
142191,4932,56600,279.2
142201,4936,57000,281.4
142211,4936,56600,279.4
142221,4936,56900,280.9
142231,4932,56600,279.2
142241,4936,56800,280.4
142251,4816,141600,681.9
142261,4932,55900,275.7
142271,4936,57500,283.8
142281,4932,56000,276.2
142291,4936,57500,283.8
142301,4932,55900,275.7
142311,4936,57500,283.8
142321,4932,55900,275.7
142331,4936,57500,283.8
142341,4932,55900,275.7
142351,4804,142800,686.0
142361,4932,55900,275.7
142371,4932,57500,283.6
142381,4932,56500,278.7
142391,4932,56900,280.6
142401,4936,56600,279.4
142411,4936,56900,280.9
142421,4936,56900,280.9
142431,4932,56800,280.1
142441,4932,57100,281.6
142451,4932,56000,276.2
142461,4932,57500,283.6
142471,4932,55900,275.7
142481,4936,57500,283.8
142491,4932,55900,275.7
142501,4936,57500,283.8
142511,4932,56000,276.2
142521,4936,57500,283.8
142531,4932,56000,276.2
142541,4932,57500,283.6
142551,4932,56200,277.2
142561,4808,142800,686.6
142571,4932,56600,279.2
142581,4936,56900,280.9
142591,4932,56600,279.2
142601,4932,56900,280.6
142611,4932,57500,283.6
142621,4932,55800,275.2
142631,4936,57500,283.8
142641,4932,55900,275.7
142651,4936,57500,283.8
142661,4928,65600,323.3
142671,4936,57500,283.8
142681,4932,56000,276.2
142691,4936,57400,283.3
142701,4932,56000,276.2
142711,4936,57500,283.8
142721,4932,55900,275.7
142731,4936,57500,283.8
142741,4932,56500,278.7
142751,4936,56900,280.9
142761,4932,56600,279.2
142771,4792,139400,668.0
142781,4936,56600,279.4
142791,4932,56900,280.6
142801,4936,56600,279.4
142811,4932,55900,275.7
142821,4936,57600,284.3
142831,4932,55900,275.7
142841,4936,57500,283.8
142851,4932,55900,275.7
142861,4936,57500,283.8
142871,4932,55900,275.7
142881,4804,141900,681.7
142891,4932,55900,275.7
142901,4936,57500,283.8
142911,4932,55900,275.7
142921,4936,57400,283.3
142931,4932,56600,279.2
142941,4932,56800,280.1
142951,4932,56600,279.2
142961,4936,56800,280.4
142971,4932,57400,283.1
142981,4936,56400,278.4
142991,4788,206200,987.3
143001,4932,56000,276.2
143011,4936,57500,283.8
143021,4932,55900,275.7
143031,4936,57500,283.8
143041,4932,56000,276.2
143051,4936,57500,283.8
143061,4932,55900,275.7
143071,4936,57500,283.8
143081,4932,55900,275.7
143091,4936,57500,283.8
143101,4696,107900,506.7
143111,4936,57200,282.3
143121,4932,56600,279.2
143131,4932,56900,280.6
143141,4932,56600,279.2
143151,4932,56900,280.6
143161,4936,56600,279.4
143171,4932,55900,275.7
143181,4932,57500,283.6
143191,4932,56000,276.2
143201,4808,200400,963.5
143211,4932,55900,275.7
143221,4936,57500,283.8
143231,4932,56000,276.2
143241,4936,57500,283.8
143251,4932,55900,275.7
143262,4936,57500,283.8
143271,4932,56000,276.2
143281,4936,57500,283.8
143291,4932,56600,279.2
143301,4804,142100,682.6
143311,4932,56600,279.2
143321,4936,56900,280.9
143331,4932,56800,280.1
143341,4932,56900,280.6
143351,4936,57000,281.4
143361,4932,55900,275.7
143371,4936,57500,283.8
143381,4932,55900,275.7
143391,4936,57500,283.8
143401,4932,55900,275.7
143411,4800,141700,680.2
143421,4932,55900,275.7
143431,4936,57500,283.8
143441,4932,55900,275.7
143451,4936,57600,284.3
143461,4936,56100,276.9
143471,4936,57500,283.8
143481,4932,56600,279.2
143491,4932,56900,280.6
143501,4932,56600,279.2
143511,4932,58600,289.0
143521,4932,57500,283.6
143531,4932,56100,276.7
143541,4936,57600,284.3
143551,4932,56000,276.2
143561,4936,57500,283.8
143571,4932,56000,276.2
143581,4936,57500,283.8
143591,4932,56000,276.2
143601,4932,57600,284.1
143611,4932,55900,275.7
143621,4728,152800,722.4
143631,4932,55900,275.7
143641,4932,57500,283.6
143651,4932,56600,279.2
143661,4936,56800,280.4
143671,4932,56600,279.2
143681,4932,56900,280.6
143691,4932,56500,278.7
143701,4936,56900,280.9
143711,4936,56600,279.4
143721,4792,135400,648.8
143731,4932,57600,284.1
143741,4932,55900,275.7
143751,4932,57500,283.6
143761,4932,55900,275.7
143771,4936,57600,284.3
143781,4932,55900,275.7
143791,4932,57500,283.6
143801,4932,56000,276.2
143811,4936,57500,283.8
143821,4932,55900,275.7
143831,4696,135100,634.4
143841,4932,56600,279.2
143851,4936,56900,280.9
143861,4932,56600,279.2
143871,4932,56900,280.6
143881,4932,57300,282.6
143891,4936,56500,278.9
143901,4936,57400,283.3
143911,4932,55900,275.7
143921,4936,57500,283.8
143931,4932,55900,275.7
143941,4796,193300,927.1
143951,4932,56000,276.2
143961,4936,57500,283.8
143971,4932,55900,275.7
143981,4936,57500,283.8
143991,4932,55900,275.7
144001,4936,57600,284.3
144011,4932,56500,278.7
144021,4936,57200,282.3
144031,4932,56600,279.2
144041,4932,59800,294.9
144051,4936,56600,279.4
144061,4932,56900,280.6
144071,4936,56600,279.4
144081,4932,55900,275.7
144091,4932,57500,283.6
144101,4932,56000,276.2
144111,4936,57500,283.8
144121,4932,56000,276.2
144131,4936,57500,283.8
144141,4932,55900,275.7
144151,4800,144500,693.6
144161,4932,56000,276.2
144171,4936,57500,283.8
144181,4932,56000,276.2
144191,4936,57500,283.8
144201,4932,56600,279.2
144211,4936,56800,280.4
144221,4932,56600,279.2
144231,4932,56900,280.6
144241,4932,56700,279.6
144251,4788,143900,689.0
144261,4936,56700,279.9
144271,4932,55900,275.7
144281,4936,57500,283.8
144291,4932,55900,275.7
144301,4936,57500,283.8
144311,4932,55900,275.7
144321,4936,57500,283.8
144331,4932,55900,275.7
144341,4936,57500,283.8
144351,4932,55900,275.7
144361,4700,134800,633.6
144371,4932,56000,276.2
144381,4936,57600,284.3
144391,4932,56600,279.2
144401,4932,56900,280.6
144411,4932,56600,279.2
144421,4932,56900,280.6
144431,4932,57500,283.6
144441,4932,56000,276.2
144451,4936,57600,284.3
144461,4800,142900,685.9
144471,4936,57500,283.8
144481,4932,55900,275.7
144491,4936,57500,283.8
144501,4932,56000,276.2
144511,4936,57600,284.3
144521,4932,55900,275.7
144531,4936,57500,283.8
144541,4932,55900,275.7
144551,4936,57500,283.8
144561,4932,56600,279.2
144571,4708,139400,656.3
144581,4936,56500,278.9
144591,4936,56900,280.9
144601,4932,56500,278.7
144611,4932,56900,280.6
144621,4936,56600,279.4
144631,4932,55900,275.7
144641,4936,57500,283.8
144651,4932,56000,276.2
144661,4936,57500,283.8
144671,4804,144400,693.7
144681,4936,57500,283.8
144691,4932,55900,275.7
144701,4936,57500,283.8
144711,4932,55900,275.7
144721,4936,57500,283.8
144731,4932,56000,276.2
144741,4936,57400,283.3
144751,4932,56600,279.2
144761,4936,56900,280.9
144771,4800,141400,678.7
144781,4936,56900,280.9
144791,4932,57200,282.1
144801,4936,56600,279.4
144811,4936,57300,282.8
144821,4932,55900,275.7
144831,4936,57500,283.8
144841,4932,55900,275.7
144851,4932,57500,283.6
144861,4932,55900,275.7
144871,4936,60800,300.1
144881,4932,56000,276.2
144892,4936,57600,284.3
144901,4932,55900,275.7
144911,4936,57600,284.3
144921,4932,56400,278.2
144931,4936,57300,282.8
144941,4932,56600,279.2
144951,4936,56900,280.9
144961,4936,56500,278.9
144971,4932,56800,280.1
144981,4756,182200,866.5
144991,4932,55900,275.7
145001,4936,57500,283.8
145011,4932,55900,275.7
145021,4936,57500,283.8
145031,4932,55900,275.7
145041,4932,57500,283.6
145051,4932,55900,275.7
145061,4936,57500,283.8
145071,4932,56000,276.2
145081,4844,152400,738.2
145091,4932,56000,276.2
145101,4932,57500,283.6
145111,4932,56500,278.7
145121,4936,56900,280.9
145131,4932,56500,278.7
145141,4936,56800,280.4
145151,4932,56700,279.6
145161,4932,56900,280.6
145171,4936,56800,280.4
145181,4932,55900,275.7
145191,4812,215400,1036.5
145201,4932,55900,275.7
145211,4936,57500,283.8
145221,4932,56000,276.2
145231,4936,57500,283.8
145241,4932,55900,275.7
145251,4936,57600,284.3
145261,4932,56000,276.2
145271,4936,57500,283.8
145281,4932,56000,276.2
145291,4936,57500,283.8
145301,4932,56600,279.2
145311,4932,56900,280.6
145321,4932,56600,279.2
145331,4936,56900,280.9
145341,4932,57500,283.6
145351,4932,56200,277.2
145361,4936,57500,283.8
145371,4932,55900,275.7
145381,4936,57500,283.8
145391,4932,55900,275.7
145401,4804,142900,686.5
145411,4932,55900,275.7
145421,4936,57600,284.3
145431,4932,55900,275.7
145441,4936,57500,283.8
145451,4932,55900,275.7
145461,4936,57500,283.8
145471,4932,56600,279.2
145481,4936,56900,280.9
145491,4932,56600,279.2
145501,4800,143300,687.8
145511,4728,94900,448.7
145521,4932,56900,280.6
145531,4932,56600,279.2
145541,4932,56000,276.2
145551,4936,57500,283.8
145561,4932,55900,275.7
145571,4936,57600,284.3
145581,4932,55900,275.7
145591,4932,57500,283.6
145601,4932,55900,275.7
145611,4768,177000,843.9
145621,4932,56000,276.2
145631,4936,57500,283.8
145641,4936,55900,275.9
145651,4932,57600,284.1
145661,4932,56600,279.2
145671,4932,56900,280.6
145681,4932,56600,279.2
145691,4932,56900,280.6
145701,4932,57100,281.6
145711,4932,58900,290.5
145721,4932,57000,281.1
145731,4932,56000,276.2
145741,4936,57500,283.8
145751,4932,55900,275.7
145761,4936,57500,283.8
145771,4932,55900,275.7
145781,4936,57500,283.8
145791,4932,55900,275.7
145801,4936,57500,283.8
145811,4932,55900,275.7
145821,4932,60700,299.4
145831,4932,56100,276.7
145841,4936,57500,283.8
145851,4932,56600,279.2
145861,4932,56800,280.1
145871,4932,56600,279.2
145881,4932,56900,280.6
145891,4932,56600,279.2
145901,4932,55800,275.2
145911,4936,57500,283.8
145921,4932,56000,276.2
145931,4796,213500,1023.9
145941,4932,55900,275.7
145951,4932,57600,284.1
145961,4932,55900,275.7
145971,4932,57600,284.1
145981,4932,55900,275.7
145991,4936,57500,283.8
146001,4932,56000,276.2
146011,4936,57500,283.8
146021,4932,56600,279.2
146031,4936,56800,280.4
146041,4932,56600,279.2
146051,4932,56900,280.6
146061,4936,56600,279.4
146071,4932,56900,280.6
146081,4936,56600,279.4
146091,4932,56000,276.2
146101,4936,57500,283.8
146111,4932,55900,275.7
146121,4932,57500,283.6
146131,4932,55900,275.7
146141,4700,132600,623.2
146151,4932,55900,275.7
146161,4936,57500,283.8
146171,4932,55900,275.7
146181,4932,57500,283.6
146191,4932,55900,275.7
146201,4936,57500,283.8
146211,4932,56600,279.2
146221,4936,56900,280.9
146231,4932,56500,278.7
146241,4932,56900,280.6
146251,4736,86600,410.1
146261,4932,56400,278.2
146271,4932,57500,283.6
146281,4932,55900,275.7
146291,4932,57500,283.6
146301,4932,55900,275.7
146311,4936,57600,284.3
146321,4932,56000,276.2
146331,4936,57400,283.3
146341,4932,56000,276.2
146351,4760,170400,811.1
146361,4932,55900,275.7
146371,4936,57500,283.8
146381,4932,56600,279.2
146391,4936,57100,281.8
146401,4936,56600,279.4
146411,4932,56900,280.6
146421,4932,56600,279.2
146431,4932,56800,280.1
146441,4932,56600,279.2
146451,4700,136500,641.5
146461,4936,57500,283.8
146471,4932,55900,275.7
146481,4936,57600,284.3
146491,4932,55900,275.7
146501,4936,57500,283.8
146511,4932,56000,276.2
146521,4932,57500,283.6
146532,4932,56000,276.2
146541,4936,57500,283.8
146551,4928,78600,387.3
146561,4932,57500,283.6
146571,4932,56600,279.2
146581,4936,56900,280.9
146591,4932,56600,279.2
146601,4932,56900,280.6
146611,4932,56800,280.1
146621,4932,56800,280.1
146631,4936,56900,280.9
146641,4932,56000,276.2
146651,4936,57500,283.8
146661,4932,55900,275.7
146671,4936,57600,284.3
146681,4932,55900,275.7
146691,4932,57500,283.6
146701,4932,55900,275.7
146711,4936,57500,283.8
146721,4932,56000,276.2
146731,4936,57500,283.8
146741,4932,56000,276.2
146751,4936,57600,284.3
146761,4792,142700,683.8
146771,4936,56900,280.9
146781,4932,56500,278.7
146791,4932,56800,280.1
146801,4932,56600,279.2
146811,4932,55900,275.7
146821,4936,57600,284.3
146831,4932,55900,275.7
146841,4936,57500,283.8
146851,4932,55900,275.7
146861,4936,57500,283.8
146871,4808,160900,773.6
146881,4932,57500,283.6
146891,4932,56000,276.2
146901,4936,57500,283.8
146911,4932,55900,275.7
146921,4936,57500,283.8
146931,4932,56600,279.2
146941,4936,56700,279.9
146951,4932,56500,278.7
146961,4936,56800,280.4
146971,4932,56600,279.2
146981,4768,188100,896.9
146991,4932,56600,279.2
147001,4932,56000,276.2
147011,4936,57500,283.8
147021,4932,55900,275.7
147031,4936,57500,283.8
147041,4932,55900,275.7
147051,4936,57500,283.8
147061,4932,55900,275.7
147071,4936,57600,284.3
147081,4808,134900,648.6
147091,4936,57600,284.3
147101,4932,56000,276.2
147111,4936,57500,283.8
147121,4932,56600,279.2
147131,4932,56900,280.6
147141,4932,56600,279.2
147151,4936,56800,280.4
147161,4932,57300,282.6
147171,4936,56400,278.4
147181,4932,57900,285.6
147191,4932,56000,276.2
147201,4936,57500,283.8
147211,4932,55900,275.7
147221,4936,57500,283.8
147231,4932,55900,275.7
147241,4936,57600,284.3
147251,4932,55900,275.7
147261,4936,57500,283.8
147271,4932,55900,275.7
147281,4932,57500,283.6
147291,4808,130500,627.4
147301,4936,57200,282.3
147311,4936,56600,279.4
147321,4932,56800,280.1
147331,4932,56500,278.7
147341,4932,56900,280.6
147351,4932,56600,279.2
147361,4932,55900,275.7
147371,4936,57500,283.8
147381,4932,55900,275.7
147391,4932,57500,283.6
147401,4688,137400,644.1
147411,4936,57500,283.8
147421,4932,56000,276.2
147431,4936,57400,283.3
147441,4932,56000,276.2
147451,4936,57500,283.8
147461,4932,55900,275.7
147471,4932,57500,283.6
147481,4932,56500,278.7
147491,4932,56900,280.6
147501,4804,141800,681.2
147511,4796,203300,975.0
147521,4932,56800,280.1
147531,4932,56900,280.6
147541,4936,56800,280.4
147551,4932,55800,275.2
147561,4932,57500,283.6
147571,4932,55900,275.7
147581,4936,57500,283.8
147591,4932,55900,275.7
147601,4936,57500,283.8
147611,4724,136200,643.4
147621,4932,57600,284.1
147631,4932,55900,275.7
147641,4936,57600,284.3
147651,4932,56000,276.2
147661,4936,57600,284.3
147671,4932,56600,279.2
147681,4932,56900,280.6
147691,4936,56600,279.4
147701,4932,56900,280.6
147711,4804,136800,657.2
147721,4932,56200,277.2
147731,4936,57600,284.3
147741,4932,55900,275.7
147751,4936,57500,283.8
147761,4932,55900,275.7
147771,4936,57500,283.8
147781,4932,55800,275.2
147791,4936,57500,283.8
147801,4932,55900,275.7
147811,4936,60400,298.1
147821,4932,55900,275.7
147831,4936,57500,283.8
147841,4932,56700,279.6
147851,4936,56900,280.9
147861,4932,56600,279.2
147871,4932,56900,280.6
147881,4932,56600,279.2
147891,4932,56900,280.6
147901,4936,56600,279.4
147911,4932,55900,275.7
147921,4936,57600,284.3
147931,4932,55900,275.7
147941,4936,57600,284.3
147951,4932,55900,275.7
147961,4936,57600,284.3
147971,4932,55900,275.7
147981,4932,57500,283.6
147991,4932,55900,275.7
148001,4936,57600,284.3
148011,4932,55900,275.7
148021,4820,219100,1056.1
148031,4936,56600,279.4
148041,4932,56900,280.6
148051,4932,56600,279.2
148061,4932,56900,280.6
148071,4932,57100,281.6
148081,4932,56600,279.2
148091,4932,57300,282.6
148101,4932,56000,276.2
148111,4936,57500,283.8
148121,4808,130100,625.5
148131,4936,57500,283.8
148141,4932,56000,276.2
148151,4936,57600,284.3
148162,4932,55900,275.7
148171,4936,57500,283.8
148181,4932,55900,275.7
148191,4936,57600,284.3
148201,4932,56300,277.7
148211,4932,57400,283.1
148221,4932,56600,279.2
148231,4820,214300,1032.9
148241,4932,56600,279.2
148251,4932,56900,280.6
148261,4932,56600,279.2
148271,4932,56000,276.2
148281,4936,57500,283.8
148291,4932,56000,276.2
148301,4936,57600,284.3
148311,4932,56000,276.2
148321,4936,57500,283.8
148331,4928,61100,301.1
148341,4936,57500,283.8
148351,4932,55900,275.7
148361,4936,57500,283.8
148371,4932,55900,275.7
148381,4936,57500,283.8
148391,4932,56600,279.2
148401,4936,56800,280.4
148411,4932,56600,279.2
148421,4932,56900,280.6
148431,4932,56600,279.2
148441,4804,141800,681.2
148451,4936,56600,279.4
148461,4932,56000,276.2
148471,4936,57500,283.8
148481,4932,55900,275.7
148491,4936,57500,283.8
148501,4932,56000,276.2
148511,4936,57500,283.8
148521,4932,55900,275.7
148531,4936,57500,283.8
148541,4932,56000,276.2
148551,4816,213400,1027.7
148561,4932,56000,276.2
148571,4936,57500,283.8
148581,4932,56600,279.2
148591,4932,56900,280.6
148601,4932,56600,279.2
148611,4932,56900,280.6
148621,4932,56600,279.2
148631,4936,56100,276.9
148641,4936,57600,284.3
148651,4764,138300,658.9
148661,4932,57500,283.6
148671,4932,55900,275.7
148681,4936,57500,283.8
148691,4932,55900,275.7
148701,4936,57500,283.8
148711,4932,56000,276.2
148721,4932,57500,283.6
148731,4932,55900,275.7
148741,4936,57500,283.8
148751,4932,56600,279.2
148761,4724,148200,700.1
148771,4936,56600,279.4
148781,4936,56900,280.9
148791,4932,56700,279.6
148801,4932,56900,280.6
148811,4932,56500,278.7
148821,4932,56000,276.2
148831,4936,57500,283.8
148841,4932,56000,276.2
148851,4932,57500,283.6
148861,4800,137000,657.6
148871,4936,57600,284.3
148881,4932,55900,275.7
148891,4936,57600,284.3
148901,4932,55900,275.7
148911,4936,57500,283.8
148921,4932,55900,275.7
148931,4936,57500,283.8
148941,4932,56600,279.2
148951,4932,56900,280.6
148961,4932,56600,279.2
148971,4920,56900,279.9
148981,4932,57100,281.6
148991,4936,56900,280.9
149001,4936,57100,281.8
149011,4932,56000,276.2
149021,4936,57500,283.8
149031,4932,55900,275.7
149041,4936,57500,283.8
149051,4932,55900,275.7
149061,4932,57500,283.6
149071,4684,142800,668.9
149081,4936,57600,284.3
149091,4932,56000,276.2
149101,4932,57500,283.6
149111,4932,56200,277.2
149121,4936,57400,283.3
149131,4932,56600,279.2
149141,4932,56900,280.6
149151,4936,56500,278.9
149161,4932,56900,280.6
149171,4932,56600,279.2
149181,4768,187600,894.5
149191,4936,57600,284.3
149201,4932,56000,276.2
149211,4936,57500,283.8
149221,4932,55900,275.7
149231,4936,57500,283.8
149241,4932,56000,276.2
149251,4932,57500,283.6
149261,4932,56000,276.2
149271,4936,57500,283.8
149281,4780,140900,673.5
149291,4936,57600,284.3
149301,4932,56600,279.2
149311,4936,56900,280.9
149321,4932,56500,278.7
149331,4936,56900,280.9
149341,4936,56600,279.4
149351,4932,56800,280.1
149361,4932,56600,279.2
149371,4932,55900,275.7
149381,4932,58200,287.0
149391,4932,55900,275.7
149401,4932,57500,283.6
149411,4932,56000,276.2
149421,4936,57500,283.8
149431,4932,55900,275.7
149441,4936,57500,283.8
149451,4932,56000,276.2
149461,4932,57600,284.1
149471,4932,56000,276.2
149481,4932,57500,283.6
149491,4932,56600,279.2
149501,4932,56900,280.6
149511,4932,56600,279.2
149521,4932,56800,280.1
149531,4932,56600,279.2
149541,4932,56300,277.7
149551,4936,57500,283.8
149561,4932,55900,275.7
149571,4936,57600,284.3
149581,4932,55900,275.7
149591,4936,57500,283.8
149601,4932,55900,275.7
149611,4936,57500,283.8
149621,4932,55900,275.7
149631,4932,57500,283.6
149641,4932,55900,275.7
149651,4936,57500,283.8
149661,4932,56600,279.2
149671,4936,56900,280.9
149681,4932,56600,279.2
149691,4932,56900,280.6
149701,4932,56700,279.6
149711,4932,56900,280.6
149721,4936,56600,279.4
149731,4932,55900,275.7
149741,4936,57600,284.3
149751,4932,56000,276.2
149761,4936,57500,283.8
149771,4932,55900,275.7
149781,4936,57500,283.8
149791,4932,55900,275.7
149802,4796,57500,275.8
149811,4932,56000,276.2
149821,4936,57500,283.8
149831,4932,56000,276.2
149841,4936,57500,283.8
149851,4932,56600,279.2
149861,4932,57000,281.1
149871,4932,56600,279.2
149881,4936,56900,280.9
149891,4932,56600,279.2
149901,4788,197400,945.2
149911,4936,57000,281.4
149921,4932,55900,275.7
149931,4936,57500,283.8
149941,4936,56000,276.4
149951,4932,57600,284.1
149961,4932,55800,275.2
149971,4936,57500,283.8
149981,4932,55900,275.7
149991,4936,57600,284.3
150001,4804,145200,697.5
150011,4936,57600,284.3
150021,4932,56200,277.2
150031,4936,57500,283.8
150041,4932,56600,279.2
150051,4932,56900,280.6
150061,4932,56600,279.2
150071,4932,56900,280.6
150081,4932,56600,279.2
150091,4932,56000,276.2
150101,4808,141900,682.3
150111,4932,56000,276.2
150121,4932,57500,283.6
150131,4932,55900,275.7
150141,4936,57600,284.3
150151,4932,55900,275.7
150161,4936,57500,283.8
150171,4932,56000,276.2
150181,4936,57500,283.8
150191,4932,55900,275.7
150201,4808,142200,683.7
150211,4932,56600,279.2
150221,4936,56800,280.4
150231,4932,56600,279.2
150241,4936,56900,280.9
150251,4932,56600,279.2
150261,4932,57000,281.1
150271,4932,56600,279.2
150281,4932,55900,275.7
150291,4936,57500,283.8
150301,4932,55900,275.7
150311,4820,212300,1023.3
150321,4932,56000,276.2
150331,4936,57500,283.8
150341,4932,56000,276.2
150351,4936,57500,283.8
150361,4932,55900,275.7
150371,4936,57500,283.8
150381,4932,55900,275.7
150391,4936,57500,283.8
150401,4936,56600,279.4
150411,4936,59800,295.2
150421,4932,56600,279.2
150431,4932,56900,280.6
150441,4932,56700,279.6
150451,4936,56400,278.4
150461,4936,57500,283.8
150471,4932,55900,275.7
150481,4932,57500,283.6
150491,4932,55900,275.7
150501,4936,57500,283.8
150511,4932,55900,275.7
150521,4900,160800,787.9
150531,4932,56000,276.2
150541,4932,57500,283.6
150551,4932,56000,276.2
150561,4932,57500,283.6
150571,4932,56600,279.2
150581,4936,57100,281.8
150591,4932,56600,279.2
150601,4936,56900,280.9
150611,4932,56600,279.2
150621,4932,56800,280.1
150631,4808,142000,682.7
150641,4932,56000,276.2
150651,4936,57500,283.8
150661,4932,55900,275.7
150671,4936,57600,284.3
150681,4932,55900,275.7
150691,4936,57500,283.8
150701,4932,55900,275.7
150711,4936,57600,284.3
150721,4932,55900,275.7
150731,4936,57600,284.3
150741,4932,56000,276.2
150751,4936,57500,283.8
150761,4932,56600,279.2
150771,4936,56900,280.9
150781,4932,56500,278.7
150791,4932,56800,280.1
150801,4932,56600,279.2
150811,4936,56900,280.9
150821,4936,57000,281.4
150831,4932,56000,276.2
150841,4816,172100,828.8
150851,4932,56000,276.2
150861,4936,57500,283.8
150871,4932,56000,276.2
150881,4932,57500,283.6
150891,4932,55900,275.7
150901,4936,57500,283.8
150911,4932,56000,276.2
150921,4936,57500,283.8
150931,4932,56100,276.7
150941,4936,57500,283.8
150951,4684,126000,590.2
150961,4932,56900,280.6
150971,4932,56600,279.2
150981,4932,56900,280.6
150991,4932,56500,278.7
151001,4932,55900,275.7
151011,4936,57500,283.8
151021,4932,55900,275.7
151031,4936,57600,284.3
151041,4932,56000,276.2
151051,4816,200800,967.1
151061,4932,55900,275.7
151071,4932,57500,283.6
151081,4932,55900,275.7
151091,4936,57600,284.3
151101,4932,56000,276.2
151111,4936,57500,283.8
151121,4932,56600,279.2
151131,4936,56800,280.4
151141,4932,56600,279.2
151151,4932,56800,280.1
151161,4688,111500,522.7
151171,4932,56900,280.6
151181,4936,56600,279.4
151191,4932,55900,275.7
151201,4936,57500,283.8
151211,4932,56000,276.2
151221,4936,57500,283.8
151231,4932,55900,275.7
151241,4936,57500,283.8
151251,4932,55900,275.7
151261,4892,160300,784.2
151271,4932,55900,275.7
151281,4936,57500,283.8
151291,4932,55900,275.7
151301,4932,57500,283.6
151311,4932,56600,279.2
151321,4932,56900,280.6
151331,4932,56500,278.7
151341,4936,56900,280.9
151351,4932,56600,279.2
151361,4932,59400,293.0
151371,4932,57400,283.1
151381,4932,55900,275.7
151391,4936,57500,283.8
151401,4932,55900,275.7
151411,4936,57600,284.3
151421,4932,55900,275.7
151432,4936,57600,284.3
151441,4932,55900,275.7
151451,4936,57500,283.8
151461,4932,56000,276.2
151471,4868,156800,763.3
151481,4932,56500,278.7
151491,4936,57300,282.8
151501,4932,56600,279.2
151511,4932,56900,280.6
151521,4936,56600,279.4
151531,4932,56900,280.6
151541,4932,56600,279.2
151551,4932,55900,275.7
151561,4932,57500,283.6
151571,4932,55900,275.7
151581,4816,208400,1003.7
151591,4932,55900,275.7
151601,4936,57500,283.8
151611,4932,55900,275.7
151621,4936,57500,283.8
151631,4932,55900,275.7
151641,4936,57500,283.8
151651,4932,55900,275.7
151661,4932,57500,283.6
151671,4932,56500,278.7
151681,4936,57000,281.4
151691,4796,137400,659.0
151701,4936,56900,280.9
151711,4932,56500,278.7
151721,4932,56900,280.6
151731,4936,56800,280.4
151741,4932,56000,276.2
151751,4936,57400,283.3
151761,4932,56000,276.2
151771,4932,57500,283.6
151781,4932,56000,276.2
151791,4904,158700,778.3
151801,4932,55900,275.7
151811,4936,57500,283.8
151821,4932,55900,275.7
151831,4936,57600,284.3
151841,4932,56000,276.2
151851,4936,57500,283.8
151861,4936,56600,279.4
151871,4936,56900,280.9
151881,4932,56600,279.2
151891,4932,56900,280.6
151901,4696,136700,641.9
151911,4932,56000,276.2
151921,4936,57500,283.8
151931,4932,55900,275.7
151941,4936,57500,283.8
151951,4932,56000,276.2
151961,4936,57500,283.8
151971,4932,56000,276.2
151981,4932,57500,283.6
151991,4932,55900,275.7
152001,4808,142400,684.7
152011,4684,145100,679.6
152021,4932,57600,284.1
152031,4932,56600,279.2
152041,4936,56800,280.4
152051,4932,56600,279.2
152061,4932,56900,280.6
152071,4932,56600,279.2
152081,4936,56900,280.9
152091,4936,56600,279.4
152101,4932,55900,275.7
152111,4808,146200,702.9
152121,4932,56000,276.2
152131,4936,57600,284.3
152141,4936,55900,275.9
152151,4936,57500,283.8
152161,4932,55900,275.7
152171,4936,57500,283.8
152181,4932,55900,275.7
152191,4936,57500,283.8
152201,4932,56000,276.2
152211,4932,57600,284.1
152221,4692,132800,623.1
152231,4932,56900,280.6
152241,4932,56600,279.2
152251,4936,56900,280.9
152261,4932,56600,279.2
152271,4932,56600,279.2
152281,4932,57400,283.1
152291,4932,55900,275.7
152301,4936,57500,283.8
152311,4932,56000,276.2
152321,4812,210800,1014.4
152331,4932,55900,275.7
152341,4936,57600,284.3
152351,4932,56000,276.2
152361,4932,57500,283.6
152371,4932,55900,275.7
152381,4932,57600,284.1
152391,4932,56400,278.2
152401,4936,57300,282.8
152411,4932,56600,279.2
152421,4804,142000,682.2
152431,4932,56600,279.2
152441,4936,56900,280.9
152451,4932,56600,279.2
152461,4932,55900,275.7
152471,4932,57500,283.6
152481,4932,56000,276.2
152491,4936,57600,284.3
152501,4932,55900,275.7
152511,4936,57500,283.8
152521,4932,55900,275.7
152531,4716,139500,657.9
152541,4932,55900,275.7
152551,4936,57500,283.8
152561,4932,55900,275.7
152571,4936,57500,283.8
152581,4932,56600,279.2
152591,4932,56900,280.6
152601,4932,56600,279.2
152611,4932,56900,280.6
152621,4932,56600,279.2
152631,4936,56900,280.9
152641,4824,213100,1028.0
152651,4932,55900,275.7
152661,4932,57500,283.6
152671,4932,55900,275.7
152681,4936,57600,284.3
152691,4932,55900,275.7
152701,4936,57500,283.8
152711,4932,56000,276.2
152721,4936,57500,283.8
152731,4932,56000,276.2
152741,4800,142700,685.0
152751,4932,55900,275.7
152761,4936,57500,283.8
152771,4932,56500,278.7
152781,4932,56900,280.6
152791,4932,56600,279.2
152801,4936,56800,280.4
152811,4932,56500,278.7
152821,4932,56000,276.2
152831,4936,57500,283.8
152841,4932,55900,275.7
152851,4796,57500,275.8
152861,4932,55900,275.7
152871,4932,57600,284.1
152881,4932,56000,276.2
152891,4932,57500,283.6
152901,4932,55900,275.7
152911,4936,57600,284.3
152921,4932,55900,275.7
152931,4932,57500,283.6
152941,4932,56600,279.2
152951,4856,156400,759.5
152961,4932,56600,279.2
152971,4936,56900,280.9
152981,4932,56600,279.2
152991,4936,56800,280.4
153001,4936,56600,279.4
153011,4932,55900,275.7
153021,4932,57500,283.6
153031,4932,55900,275.7
153041,4936,57500,283.8
153051,4932,55900,275.7
153062,4772,69900,333.6
153071,4932,55900,275.7
153081,4936,57500,283.8
153091,4932,55900,275.7
153101,4936,57500,283.8
153111,4932,55900,275.7
153121,4932,57500,283.6
153131,4932,56600,279.2
153141,4932,56800,280.1
153151,4932,56500,278.7
153161,4932,59800,294.9
153171,4932,56600,279.2
153181,4932,56800,280.1
153191,4936,57200,282.3
153201,4932,55900,275.7
153211,4936,57600,284.3
153221,4932,56000,276.2
153231,4936,57500,283.8
153241,4932,55900,275.7
153251,4936,57500,283.8
153261,4932,55900,275.7
153271,4800,143800,690.2
153281,4932,56000,276.2
153291,4936,57500,283.8
153301,4932,56300,277.7
153311,4936,57500,283.8
153321,4936,56600,279.4
153331,4932,56900,280.6
153341,4932,56500,278.7
153351,4932,56900,280.6
153361,4932,56500,278.7
153371,4932,55900,275.7
153381,4816,194700,937.7
153391,4932,55900,275.7
153401,4936,57500,283.8
153411,4932,55900,275.7
153421,4936,57500,283.8
153431,4932,56000,276.2
153441,4932,57500,283.6
153451,4932,56000,276.2
153461,4936,57500,283.8
153471,4932,55900,275.7
153481,4936,60400,298.1
153491,4932,56500,278.7
153501,4936,56900,280.9
153511,4932,56600,279.2
153521,4932,56900,280.6
153531,4932,56600,279.2
153541,4932,56900,280.6
153551,4932,56700,279.6
153561,4932,56000,276.2
153571,4936,57500,283.8
153581,4932,55900,275.7
153591,4808,209300,1006.3
153601,4932,56000,276.2
153611,4936,57500,283.8
153621,4932,55900,275.7
153631,4932,57500,283.6
153641,4932,55900,275.7
153651,4932,57500,283.6
153661,4932,56000,276.2
153671,4936,57600,284.3
153681,4932,56600,279.2
153691,4932,56900,280.6
153701,4684,130700,612.2
153711,4932,56900,280.6
153721,4932,56600,279.2
153731,4936,56200,277.4
153741,4936,57500,283.8
153751,4932,55900,275.7
153761,4932,57500,283.6
153771,4932,55900,275.7
153781,4936,57600,284.3
153791,4932,55900,275.7
153801,4804,141900,681.7
153811,4932,56000,276.2
153821,4936,57600,284.3
153831,4932,56000,276.2
153841,4936,57500,283.8
153851,4932,56700,279.6
153861,4936,57000,281.4
153871,4932,56600,279.2
153881,4932,56900,280.6
153891,4932,56500,278.7
153901,4936,56900,280.9
153911,4936,56600,279.4
153921,4924,55900,275.3
153931,4932,57500,283.6
153941,4932,56000,276.2
153951,4936,57500,283.8
153961,4932,56000,276.2
153971,4936,57500,283.8
153981,4932,56000,276.2
153991,4936,57500,283.8
154001,4932,56000,276.2
154011,4936,57500,283.8
154021,4932,55900,275.7
154031,4936,57600,284.3
154041,4932,56600,279.2
154051,4936,56900,280.9
154061,4932,56500,278.7
154071,4932,56900,280.6
154081,4932,56500,278.7
154091,4936,56800,280.4
154101,4936,57200,282.3
154111,4932,55900,275.7
154121,4936,57500,283.8
154131,4932,56000,276.2
154141,4936,57500,283.8
154151,4932,56000,276.2
154161,4932,57500,283.6
154171,4932,55900,275.7
154181,4936,57600,284.3
154191,4932,55900,275.7
154201,4936,57500,283.8
154211,4932,56200,277.2
154221,4936,57500,283.8
154231,4928,72600,357.8
154241,4932,56900,280.6
154251,4936,56600,279.4
154261,4932,56900,280.6
154271,4932,56600,279.2
154281,4932,55900,275.7
154291,4936,57500,283.8
154301,4932,55900,275.7
154311,4936,57600,284.3
154321,4932,55900,275.7
154331,4936,57500,283.8
154341,4800,136100,653.3
154351,4932,57600,284.1
154361,4932,55900,275.7
154371,4936,57500,283.8
154381,4932,55900,275.7
154391,4936,57500,283.8
154401,4932,56500,278.7
154411,4936,56800,280.4
154421,4932,56600,279.2
154431,4936,56900,280.9
154441,4928,56600,278.9
154451,4936,56900,280.9
154461,4936,56600,279.4
154471,4932,56000,276.2
154481,4936,57500,283.8
154491,4932,56000,276.2
154501,4936,57500,283.8
154511,4932,56000,276.2
154521,4936,57500,283.8
154531,4932,56000,276.2
154541,4936,57500,283.8
154551,4812,135800,653.5
154561,4936,57500,283.8
154571,4932,55900,275.7
154581,4936,57600,284.3
154591,4932,56600,279.2
154601,4936,56900,280.9
154611,4936,56600,279.4
154621,4932,56900,280.6
154631,4932,56600,279.2
154641,4932,56200,277.2
154651,4936,57500,283.8
154661,4692,131700,617.9
154671,4932,57500,283.6
154681,4932,56000,276.2
154692,4936,57600,284.3
154701,4932,55900,275.7
154711,4936,57600,284.3
154721,4932,56000,276.2
154731,4936,57600,284.3
154741,4932,56000,276.2
154751,4936,57600,284.3
154761,4932,56700,279.6
154771,4864,57100,277.7
154781,4932,56700,279.6
154791,4932,56900,280.6
154801,4932,56600,279.2
154811,4932,56800,280.1
154821,4932,56600,279.2
154831,4932,56000,276.2
154841,4936,57500,283.8
154851,4932,55900,275.7
154861,4936,57500,283.8
154871,4804,140000,672.6
154881,4936,57500,283.8
154891,4932,55900,275.7
154901,4936,57600,284.3
154911,4932,55900,275.7
154921,4936,57500,283.8
154931,4932,55900,275.7
154941,4932,57600,284.1
154951,4932,56600,279.2
154961,4936,56900,280.9
154971,4928,74800,368.6
154981,4932,56900,280.6
154991,4932,56600,279.2
155001,4932,56800,280.1
155011,4936,57000,281.4
155021,4936,55900,275.9
155031,4936,57500,283.8
155041,4932,55900,275.7
155051,4936,57500,283.8
155061,4932,56000,276.2
155071,4936,59400,293.2
155081,4932,55900,275.7
155091,4936,57500,283.8
155101,4932,55900,275.7
155111,4936,57500,283.8
155121,4932,56200,277.2
155131,4936,57500,283.8
155141,4932,56600,279.2
155151,4932,56900,280.6
155161,4932,56600,279.2
155171,4936,56900,280.9
155181,4812,138000,664.1
155191,4936,55900,275.9
155201,4936,57500,283.8
155211,4932,55900,275.7
155221,4936,57500,283.8
155231,4932,56000,276.2
155241,4936,57500,283.8
155251,4932,55900,275.7
155261,4936,57500,283.8
155271,4932,55900,275.7
155281,4900,158500,776.7
155291,4932,55900,275.7
155301,4932,57600,284.1
155311,4932,56600,279.2
155321,4936,56900,280.9
155331,4932,56500,278.7
155341,4932,56900,280.6
155351,4932,56600,279.2
155361,4932,56800,280.1
155371,4936,56600,279.4
155381,4932,58800,290.0
155391,4932,57500,283.6
155401,4932,55900,275.7
155411,4936,57500,283.8
155421,4932,56000,276.2
155431,4936,57500,283.8
155441,4932,55900,275.7
155451,4936,57600,284.3
155461,4932,55900,275.7
155471,4936,57500,283.8
155481,4928,61900,305.0
155491,4936,57500,283.8
155501,4932,56600,279.2
155511,4932,56900,280.6
155521,4932,56600,279.2
155531,4932,56900,280.6
155541,4932,56600,279.2
155551,4936,56400,278.4
155561,4936,57500,283.8
155571,4932,56000,276.2
155581,4936,57600,284.3
155591,4804,141400,679.3
155601,4936,57600,284.3
155611,4932,55900,275.7
155621,4936,57600,284.3
155631,4932,56000,276.2
155641,4936,57500,283.8
155651,4932,55900,275.7
155661,4936,57500,283.8
155671,4932,56600,279.2
155681,4936,57000,281.4
155691,4936,56600,279.4
155701,4800,143000,686.4
155711,4932,56600,279.2
155721,4932,56900,280.6
155731,4932,56600,279.2
155741,4932,55900,275.7
155751,4936,57600,284.3
155761,4932,55900,275.7
155771,4932,57500,283.6
155781,4932,56000,276.2
155791,4932,57500,283.6
155801,4804,141200,678.3
155811,4932,57500,283.6
155821,4932,55900,275.7
155831,4936,57500,283.8
155841,4932,55900,275.7
155851,4936,57500,283.8
155861,4932,56600,279.2
155871,4932,56900,280.6
155881,4932,56500,278.7
155891,4936,56800,280.4
155901,4812,138300,665.5
155911,4892,56800,277.9
155921,4932,56900,280.6
155931,4932,55900,275.7
155941,4936,57500,283.8
155951,4932,55900,275.7
155961,4936,57600,284.3
155971,4932,56000,276.2
155981,4936,57500,283.8
155991,4932,55900,275.7
156001,4936,57500,283.8
156011,4688,133400,625.4
156021,4936,57500,283.8
156031,4932,56000,276.2
156041,4932,57600,284.1
156051,4932,56600,279.2
156061,4932,56900,280.6
156071,4932,56500,278.7
156081,4932,56900,280.6
156091,4932,56500,278.7
156101,4932,56000,276.2
156111,4932,57500,283.6
156121,4924,55900,275.3
156131,4932,57500,283.6
156141,4932,56000,276.2
156151,4932,57500,283.6
156161,4932,55900,275.7
156171,4936,57600,284.3
156181,4932,56000,276.2
156191,4936,57500,283.8
156201,4932,55900,275.7
156211,4936,57500,283.8
156221,4820,134000,645.9
156231,4936,56900,280.9
156241,4932,56600,279.2
156251,4932,56800,280.1
156261,4932,56600,279.2
156271,4932,56800,280.1
156281,4936,56600,279.4
156291,4932,56000,276.2
156301,4932,57600,284.1
156311,4932,55900,275.7
156321,4788,188600,903.0
156335,4932,56600,279.2
156341,4936,57600,284.3
156351,4932,56000,276.2
156361,4936,57500,283.8
156371,4932,55900,275.7
156381,4936,57600,284.3
156391,4932,55900,275.7
156401,4936,57500,283.8
156411,4932,56600,279.2
156421,4932,56900,280.6
156431,4692,134500,631.1
156441,4932,56900,280.6
156451,4932,56600,279.2
156461,4936,56400,278.4
156471,4936,57500,283.8
156481,4932,56000,276.2
156491,4936,57500,283.8
156501,4932,56000,276.2
156511,4932,57500,283.6
156521,4932,56000,276.2
156531,4936,58500,288.8
156541,4932,55900,275.7
156551,4936,57600,284.3
156561,4932,55900,275.7
156571,4936,57600,284.3
156581,4932,56600,279.2
156591,4936,57200,282.3
156601,4932,56600,279.2
156611,4936,56800,280.4
156621,4932,56600,279.2
156631,4932,56900,280.6
156641,4796,193700,929.0
156651,4932,55900,275.7
156661,4936,57500,283.8
156671,4932,56000,276.2
156681,4936,57500,283.8
156691,4932,55900,275.7
156701,4936,57500,283.8
156711,4932,55900,275.7
156721,4932,57500,283.6
156731,4932,56000,276.2
156741,4936,57500,283.8
156751,4684,148800,697.0
156761,4936,57500,283.8
156771,4932,56600,279.2
156781,4932,56900,280.6
156791,4932,56600,279.2
156801,4932,56900,280.6
156811,4932,56600,279.2
156821,4932,56800,280.1
156831,4932,56900,280.6
156841,4932,55900,275.7
156851,4932,137200,676.7
156861,4932,55900,275.7
156871,4936,57500,283.8
156881,4932,55900,275.7
156891,4936,57500,283.8
156901,4932,55900,275.7
156911,4936,57500,283.8
156921,4932,55900,275.7
156931,4936,57500,283.8
156941,4932,56000,276.2
156951,4932,60400,297.9
156961,4932,56600,279.2
156971,4932,56900,280.6
156981,4936,56600,279.4
156991,4932,56900,280.6
157001,4932,56500,278.7
157011,4936,55900,275.9
157021,4936,57600,284.3
157031,4932,55900,275.7
157041,4936,57500,283.8
157051,4932,55900,275.7
157061,4936,57500,283.8
157071,4932,55900,275.7
157081,4936,57500,283.8
157091,4932,55900,275.7
157101,4936,57400,283.3
157111,4932,55900,275.7
157121,4936,57500,283.8
157131,4932,56600,279.2
157141,4932,56800,280.1
157151,4932,56600,279.2
157161,4932,56800,280.1
157171,4932,93100,459.2
157181,4936,56900,280.9
157191,4932,56500,278.7
157201,4932,55900,275.7
157211,4936,57500,283.8
157221,4932,55900,275.7
157231,4936,57500,283.8
157241,4932,55900,275.7
157251,4936,57500,283.8
157261,4932,55900,275.7
157271,4748,159700,758.3
157281,4932,55900,275.7
157291,4936,57500,283.8
157301,4932,55900,275.7
157311,4936,57500,283.8
157321,4932,56600,279.2
157331,4936,56800,280.4
157341,4932,56600,279.2
157351,4932,56900,280.6
157361,4932,56500,278.7
157371,4936,56500,278.9
157381,4936,77000,380.1
157391,4932,55900,275.7
157401,4936,57600,284.3
157411,4932,55900,275.7
157421,4936,57500,283.8
157431,4932,56000,276.2
157441,4932,57500,283.6
157451,4932,55900,275.7
157461,4936,57500,283.8
157471,4932,56000,276.2
157481,4936,57500,283.8
157491,4928,56500,278.4
157501,4936,57400,283.3
157511,4932,56600,279.2
157521,4936,56900,280.9
157531,4932,56600,279.2
157541,4932,56800,280.1
157551,4932,56500,278.7
157561,4932,55900,275.7
157571,4932,57600,284.1
157581,4932,55900,275.7
157591,4792,61000,292.3
157601,4932,55900,275.7
157611,4932,57500,283.6
157621,4932,55900,275.7
157631,4936,57500,283.8
157641,4932,55900,275.7
157651,4932,57500,283.6
157661,4932,55900,275.7
157671,4936,57600,284.3
157681,4932,56600,279.2
157691,4816,217900,1049.4
157701,4932,56600,279.2
157711,4932,56900,280.6
157721,4932,56600,279.2
157731,4932,56900,280.6
157741,4936,56800,280.4
157751,4932,55900,275.7
157761,4936,57500,283.8
157771,4932,56000,276.2
157781,4936,57500,283.8
157791,4932,55900,275.7
157801,4812,172900,832.0
157811,4932,55900,275.7
157821,4932,57500,283.6
157831,4932,55900,275.7
157841,4936,57500,283.8
157851,4932,55900,275.7
157861,4936,57500,283.8
157871,4932,56500,278.7
157881,4932,56900,280.6
157891,4932,56600,279.2
157901,4708,136600,643.1
157911,4932,56700,279.6
157921,4932,56100,276.7
157931,4932,57500,283.6
157941,4932,56000,276.2
157951,4936,57500,283.8
157962,4932,55900,275.7
157971,4932,57600,284.1
157981,4932,55900,275.7
157991,4932,57500,283.6
158001,4804,140900,676.9
158011,4936,57500,283.8
158021,4932,56000,276.2
158031,4936,57500,283.8
158041,4932,56600,279.2
158051,4932,56800,280.1
158061,4932,56600,279.2
158071,4932,56800,280.1
158081,4932,56500,278.7
158091,4936,56900,280.9
158101,4812,142000,683.3
158111,4932,55900,275.7
158121,4936,57500,283.8
158131,4932,55900,275.7
158141,4936,57600,284.3
158151,4932,55900,275.7
158161,4936,57500,283.8
158171,4932,55900,275.7
158181,4936,57500,283.8
158191,4932,55900,275.7
158201,4924,57500,283.1
158211,4804,140100,673.0
158221,4936,57600,284.3
158231,4932,56600,279.2
158241,4932,56900,280.6
158251,4932,56500,278.7
158261,4932,56900,280.6
158271,4936,56600,279.4
158281,4932,56600,279.2
158291,4932,57300,282.6
158301,4932,56000,276.2
158311,4936,136000,671.3
158321,4932,56000,276.2
158331,4936,57600,284.3
158341,4932,55900,275.7
158351,4936,57500,283.8
158361,4932,55900,275.7
158371,4936,57500,283.8
158381,4932,56000,276.2
158391,4936,57500,283.8
158401,4932,56500,278.7
158411,4936,57300,282.8
158421,4932,56600,279.2
158431,4932,56900,280.6
158441,4932,56600,279.2
158451,4932,56900,280.6
158461,4936,56600,279.4
158471,4932,55900,275.7
158481,4936,57500,283.8
158491,4932,55900,275.7
158501,4912,57600,282.9
158511,4932,55900,275.7
158521,4800,142900,685.9
158531,4932,55900,275.7
158541,4936,57600,284.3
158551,4932,55900,275.7
158561,4936,57500,283.8
158571,4932,56000,276.2
158581,4932,57500,283.6
158591,4932,56600,279.2
158601,4932,56900,280.6
158611,4932,56600,279.2
158621,4932,59700,294.4
158631,4932,56600,279.2
158641,4932,56900,280.6
158651,4936,56700,279.9
158661,4932,55900,275.7
158671,4936,57600,284.3
158681,4932,56000,276.2
158691,4936,57500,283.8
158701,4932,56000,276.2
158711,4936,57500,283.8
158721,4932,56000,276.2
158731,4816,185400,892.9
158741,4932,56000,276.2
158751,4936,57500,283.8
158761,4932,56000,276.2
158771,4936,57500,283.8
158781,4932,56500,278.7
158791,4932,56900,280.6
158801,4936,56600,279.4
158811,4932,56900,280.6
158821,4932,56600,279.2
158831,4740,153000,725.2
158841,4936,57600,284.3
158851,4932,56000,276.2
158861,4936,57600,284.3
158871,4936,55900,275.9
158881,4936,57500,283.8
158891,4932,55900,275.7
158901,4920,57500,282.9
158911,4932,55900,275.7
158921,4932,57600,284.1
158931,4692,137700,646.1
158941,4936,57600,284.3
158951,4932,56600,279.2
158961,4932,57000,281.1
158971,4936,56700,279.9
158981,4932,56900,280.6
158991,4932,56600,279.2
159001,4932,56900,280.6
159011,4932,56600,279.2
159021,4932,56000,276.2
159031,4932,57500,283.6
159041,4912,55900,274.6
159051,4936,57600,284.3
159061,4932,55900,275.7
159071,4936,57600,284.3
159081,4932,55900,275.7
159091,4936,57600,284.3
159101,4932,55900,275.7
159111,4936,57400,283.3
159121,4932,55900,275.7
159131,4936,57500,283.8
159141,4820,134200,646.8
159151,4932,56900,280.6
159161,4932,56600,279.2
159171,4932,56900,280.6
159181,4936,56600,279.4
159191,4932,56700,279.6
159201,4936,57200,282.3
159211,4932,55900,275.7
159221,4936,57500,283.8
159231,4932,55900,275.7
159241,4804,143200,687.9
159251,4932,56000,276.2
159261,4932,57500,283.6
159271,4932,56000,276.2
159281,4936,57500,283.8
159291,4932,55900,275.7
159301,4928,57600,283.9
159311,4932,56300,277.7
159321,4936,57400,283.3
159331,4932,56500,278.7
159341,4800,140800,675.8
159351,4932,56600,279.2
159361,4932,56800,280.1
159371,4932,56600,279.2
159381,4932,55900,275.7
159391,4936,57600,284.3
159401,4932,55900,275.7
159411,4936,57600,284.3
159421,4932,56000,276.2
159431,4932,57600,284.1
159441,4804,141200,678.3
159451,4936,57500,283.8
159461,4932,56000,276.2
159471,4932,57500,283.6
159481,4932,55900,275.7
159491,4932,57600,284.1
159501,4932,56500,278.7
159511,4936,56900,280.9
159521,4936,56600,279.4
159531,4936,56800,280.4
159541,4932,56600,279.2
159551,4796,143400,687.7
159561,4936,56700,279.9
159571,4932,56000,276.2
159581,4936,57500,283.8
159591,4932,56000,276.2
159602,4936,57600,284.3
159611,4932,56000,276.2
159621,4936,57500,283.8
159631,4932,55900,275.7
159641,4932,57500,283.6
159651,4932,55900,275.7
159661,4736,153200,725.6
159671,4932,56000,276.2
159681,4936,57500,283.8
159691,4932,56600,279.2
159701,4932,56900,280.6
159711,4932,56600,279.2
159721,4936,56900,280.9
159731,4936,56600,279.4
159741,4932,56100,276.7
159751,4936,57500,283.8
159761,4700,133300,626.5
159771,4936,57500,283.8
159781,4932,55900,275.7
159791,4932,57600,284.1
159801,4932,55900,275.7
159811,4936,57600,284.3
159821,4932,55900,275.7
159831,4936,57500,283.8
159841,4932,55900,275.7
159851,4936,57500,283.8
159861,4800,143100,686.9
159871,4932,57000,281.1
159881,4932,56500,278.7
159891,4932,56900,280.6
159901,4932,56600,279.2
159911,4932,56900,280.6
159921,4932,56600,279.2
159931,4932,55900,275.7
159941,4936,57500,283.8
159951,4932,55900,275.7
159961,4936,57500,283.8
159971,4800,141900,681.1
159981,4936,57600,284.3
159991,4932,56000,276.2
160001,4920,57600,283.4
160011,4932,55900,275.7
160021,4936,57500,283.8
160031,4932,55900,275.7
160041,4936,57500,283.8
160051,4932,56600,279.2
160061,4932,56900,280.6
160071,4932,56600,279.2
160081,4820,215600,1039.2
160091,4932,56600,279.2
160101,4932,56800,280.1
160111,4932,57200,282.1
160121,4932,56000,276.2
160131,4936,57500,283.8
160141,4932,56000,276.2
160151,4936,57500,283.8
160161,4932,56000,276.2
160171,4936,57500,283.8
160181,4804,142100,682.6
160191,4936,57600,284.3
160201,4932,55900,275.7
160211,4936,57500,283.8
160221,4932,56200,277.2
160231,4936,57500,283.8
160241,4932,56600,279.2
160251,4932,56800,280.1
160261,4932,56600,279.2
160271,4936,56900,280.9
160281,4932,56600,279.2
160291,4804,140700,675.9
160301,4932,57500,283.6
160311,4932,56000,276.2
160321,4932,57500,283.6
160331,4932,55900,275.7
160341,4936,57600,284.3
160351,4932,55900,275.7
160361,4936,57500,283.8
160371,4932,55900,275.7
160381,4932,57500,283.6
160391,4932,55900,275.7
160401,4816,204300,983.9
160411,4932,56600,279.2
160421,4936,56900,280.9
160431,4932,56700,279.6
160441,4936,56800,280.4
160451,4932,56600,279.2
160461,4936,56900,280.9
160471,4936,56700,279.9
160481,4932,55900,275.7
160491,4936,57500,283.8
160501,4696,133400,626.4
160511,4936,57500,283.8
160521,4932,56000,276.2
160531,4932,57600,284.1
160541,4932,56000,276.2
160551,4932,57500,283.6
160561,4932,55900,275.7
160571,4936,57500,283.8
160581,4932,56000,276.2
160591,4936,57500,283.8
160601,4804,140600,675.4
160611,4816,218000,1049.9
160621,4932,56600,279.2
160631,4936,56900,280.9
160641,4936,56600,279.4
160651,4932,56300,277.7
160661,4932,57500,283.6
160671,4932,55900,275.7
160681,4936,57600,284.3
160691,4932,56000,276.2
160701,4912,57500,282.4
160711,4932,58800,290.0
160721,4936,57600,284.3
160731,4932,55900,275.7
160741,4932,57500,283.6
160751,4932,55900,275.7
160761,4936,57500,283.8
160771,4932,56700,279.6
160781,4936,57100,281.8
160791,4932,56600,279.2
160801,4932,56900,280.6
160811,4932,56600,279.2
160821,4804,143000,687.0
160831,4936,56500,278.9
160841,4932,56000,276.2
160851,4936,57500,283.8
160861,4932,55900,275.7
160871,4936,57500,283.8
160881,4932,55900,275.7
160891,4932,57500,283.6
160901,4932,55900,275.7
160911,4936,57500,283.8
160921,4932,55900,275.7
160931,4756,164700,783.3
160941,4932,56000,276.2
160951,4936,57500,283.8
160961,4932,56600,279.2
160971,4936,56900,280.9
160981,4932,56600,279.2
160991,4932,56900,280.6
161001,4932,56600,279.2
161011,4936,56800,280.4
161021,4936,57000,281.4
161031,4932,55900,275.7
161041,4752,80500,382.5
161051,4932,55900,275.7
161061,4936,57500,283.8
161071,4932,56000,276.2
161081,4936,57500,283.8
161091,4932,56000,276.2
161101,4920,57500,282.9
161111,4932,55900,275.7
161121,4936,57600,284.3
161131,4932,56200,277.2
161141,4804,141600,680.2
161151,4932,56600,279.2
161161,4932,56900,280.6
161171,4932,56600,279.2
161181,4936,56900,280.9
161191,4932,56600,279.2
161201,4932,55900,275.7
161211,4932,57600,284.1
161221,4932,55900,275.7
161232,4936,57600,284.3
161241,4932,56000,276.2
161251,4752,145500,691.4
161261,4932,56000,276.2
161271,4936,57500,283.8
161281,4932,56000,276.2
161291,4936,57500,283.8
161301,4932,55900,275.7
161311,4936,57500,283.8
161321,4932,56600,279.2
161331,4936,56800,280.4
161341,4932,56600,279.2
161351,4936,56900,280.9
161361,4684,158900,744.3
161371,4932,56900,280.6
161381,4936,56600,279.4
161391,4932,55900,275.7
161401,4904,57600,282.5
161411,4932,55900,275.7
161421,4936,57500,283.8
161431,4932,55900,275.7
161441,4936,57500,283.8
161451,4932,55900,275.7
161461,4804,140600,675.4
161471,4932,56000,276.2
161481,4932,57500,283.6
161491,4932,56000,276.2
161501,4928,57500,283.4
161511,4932,56600,279.2
161521,4936,56900,280.9
161531,4932,56600,279.2
161541,4932,56900,280.6
161551,4936,56500,278.9
161561,4936,56300,277.9
161571,4808,204300,982.3
161581,4932,55900,275.7
161591,4936,57600,284.3
161601,4932,55900,275.7
161611,4932,57500,283.6
161621,4932,56000,276.2
161631,4936,57500,283.8
161641,4932,55900,275.7
161651,4936,57600,284.3
161661,4932,55900,275.7
161671,4936,59900,295.7
161681,4932,56600,279.2
161691,4936,57200,282.3
161701,4936,56600,279.4
161711,4932,56900,280.6
161721,4936,56600,279.4
161731,4932,56900,280.6
161741,4936,56600,279.4
161751,4932,55900,275.7
161761,4932,57500,283.6
161771,4932,56000,276.2
161781,4812,210900,1014.9
161791,4932,56000,276.2
161801,4912,57500,282.4
161811,4932,56000,276.2
161821,4932,57500,283.6
161831,4932,55900,275.7
161841,4932,57600,284.1
161851,4932,55900,275.7
161861,4936,57500,283.8
161871,4932,56600,279.2
161881,4800,141700,680.2
161891,4936,56600,279.4
161901,4932,56900,280.6
161911,4932,56600,279.2
161921,4936,56900,280.9
161931,4936,56900,280.9
161941,4932,56000,276.2
161951,4936,57500,283.8
161961,4932,56000,276.2
161971,4936,57500,283.8
161981,4932,55900,275.7
161991,4808,149200,717.4
162001,4932,56000,276.2
162011,4936,57600,284.3
162021,4932,55900,275.7
162031,4936,57500,283.8
162041,4932,56100,276.7
162051,4936,57500,283.8
162061,4932,56600,279.2
162071,4936,56900,280.9
162081,4932,56600,279.2
162091,4800,141500,679.2
162101,4932,56600,279.2
162111,4932,56000,276.2
162121,4932,57500,283.6
162131,4932,56000,276.2
162141,4936,57500,283.8
162151,4932,55900,275.7
162161,4936,57500,283.8
162171,4932,55900,275.7
162181,4936,57600,284.3
162191,4932,56000,276.2
162201,4768,175800,838.2
162211,4932,56000,276.2
162221,4932,57500,283.6
162231,4932,56600,279.2
162241,4936,56800,280.4
162251,4932,56600,279.2
162261,4932,56900,280.6
162271,4932,56600,279.2
162281,4932,56900,280.6
162291,4932,56600,279.2
162301,4804,140200,673.5
162311,4816,135400,652.1
162321,4932,56000,276.2
162331,4936,57500,283.8
162341,4932,55900,275.7
162351,4932,57500,283.6
162361,4932,55900,275.7
162371,4936,57500,283.8
162381,4932,55900,275.7
162391,4936,57500,283.8
162401,4932,55900,275.7
162411,4740,153300,726.6
162421,4932,56600,279.2
162431,4932,56800,280.1
162441,4932,56600,279.2
162451,4932,56900,280.6
162461,4932,56600,279.2
162471,4932,56500,278.7
162481,4932,57400,283.1
162491,4932,55900,275.7
162501,4900,57500,281.8
162511,4932,56000,276.2
162521,4808,208100,1000.5
162531,4932,55900,275.7
162541,4936,57500,283.8
162551,4932,56000,276.2
162561,4936,57600,284.3
162571,4932,55900,275.7
162581,4936,57500,283.8
162591,4932,56500,278.7
162601,4924,57200,281.7
162611,4936,56600,279.4
162621,4932,56800,280.1
162631,4936,116600,575.5
162641,4936,56800,280.4
162651,4936,56500,278.9
162661,4932,56000,276.2
162671,4932,57500,283.6
162681,4932,55900,275.7
162691,4932,57500,283.6
162701,4932,56000,276.2
162711,4936,57600,284.3
162721,4932,55900,275.7
162731,4812,214800,1033.6
162741,4932,56000,276.2
162751,4936,57500,283.8
162761,4932,56000,276.2
162771,4936,57500,283.8
162781,4932,56500,278.7
162791,4936,56900,280.9
162801,4932,56600,279.2
162811,4932,56900,280.6
162821,4932,56500,278.7
162831,4932,56800,280.1
162841,4936,99000,488.7
162851,4932,55900,275.7
162862,4936,57600,284.3
162871,4932,55900,275.7
162881,4936,57600,284.3
162891,4932,56000,276.2
162901,4912,57500,282.4
162911,4932,55900,275.7
162921,4936,57500,283.8
162931,4932,55900,275.7
162941,4812,181700,874.3
162951,4932,56000,276.2
162961,4936,57600,284.3
162971,4932,56500,278.7
162981,4932,56900,280.6
162991,4936,56500,278.9
163001,4932,56900,280.6
163011,4932,56600,279.2
163021,4936,56000,276.4
163031,4932,57600,284.1
163041,4848,152600,739.8
163051,4936,57500,283.8
163061,4932,56000,276.2
163071,4932,57500,283.6
163081,4932,55900,275.7
163091,4936,57500,283.8
163101,4932,55900,275.7
163111,4936,57500,283.8
163121,4932,55900,275.7
163131,4936,57500,283.8
163141,4932,56600,279.2
163151,4820,203500,980.9
163161,4932,56600,279.2
163171,4932,56900,280.6
163181,4932,56600,279.2
163191,4936,56900,280.9
163201,4936,56500,278.9
163211,4932,56000,276.2
163221,4936,57500,283.8
163231,4932,55900,275.7
163241,4936,57500,283.8
163251,4820,220000,1060.4
163261,4936,57600,284.3
163271,4932,55900,275.7
163281,4936,57600,284.3
163291,4932,56000,276.2
163301,4920,57600,283.4
163311,4932,56000,276.2
163321,4936,57600,284.3
163331,4932,56600,279.2
163341,4932,56900,280.6
163351,4932,56600,279.2
163361,4760,219300,1043.9
163371,4932,56600,279.2
163381,4932,56600,279.2
163391,4936,57300,282.8
163401,4932,56000,276.2
163411,4936,57600,284.3
163421,4932,56000,276.2
163431,4936,57600,284.3
163441,4932,55900,275.7
163451,4936,57600,284.3
163461,4932,56000,276.2
163471,4796,57700,276.7
163481,4932,56000,276.2
163491,4936,57500,283.8
163501,4932,56500,278.7
163511,4936,57300,282.8
163521,4932,56600,279.2
163531,4932,56900,280.6
163541,4936,56500,278.9
163551,4936,56900,280.9
163561,4932,56600,279.2
163571,4868,154400,751.6
163581,4932,57600,284.1
163591,4932,55900,275.7
163601,4904,57500,282.0
163611,4932,55900,275.7
163621,4936,57500,283.8
163631,4932,55900,275.7
163641,4936,57500,283.8
163651,4932,55900,275.7
163661,4936,57500,283.8
163671,4932,56000,276.2
163681,4812,209700,1009.1
163691,4932,56500,278.7
163701,4924,57000,280.7
163711,4932,56600,279.2
163721,4932,56900,280.6
163731,4932,56600,279.2
163741,4932,56800,280.1
163751,4936,56800,280.4
163761,4932,55900,275.7
163771,4936,57400,283.3
163781,4800,141000,676.8
163791,4936,57500,283.8
163801,4932,55900,275.7
163811,4936,57600,284.3
163821,4932,55900,275.7
163831,4936,57600,284.3
163841,4932,55900,275.7
163851,4932,57500,283.6
163861,4932,56000,276.2
163871,4936,57500,283.8
163881,4932,56600,279.2
163891,4740,213100,1010.1
163901,4932,59900,295.4
163911,4932,56900,280.6
163921,4932,56600,279.2
163931,4932,56100,276.7
163941,4932,57600,284.1
163951,4932,55900,275.7
163961,4936,57600,284.3
163971,4932,55900,275.7
163981,4936,57600,284.3
163991,4700,130000,611.0
164001,4912,57600,282.9
164011,4932,55900,275.7
164021,4936,57500,283.8
164031,4932,56000,276.2
164041,4936,57500,283.8
164051,4932,56700,279.6
164061,4936,56900,280.9
164071,4932,56600,279.2
164081,4936,56800,280.4
164091,4808,139500,670.7
164101,4932,56900,280.6
164111,4932,56600,279.2
164121,4932,55900,275.7
164131,4936,57600,284.3
164141,4932,56000,276.2
164151,4936,57500,283.8
164161,4932,56000,276.2
164171,4936,57500,283.8
164181,4932,55900,275.7
164191,4932,57500,283.6
164201,4800,141500,679.2
164211,4936,57600,284.3
164221,4932,56000,276.2
164231,4936,57500,283.8
164241,4932,56600,279.2
164251,4932,56900,280.6
164261,4932,56600,279.2
164271,4936,56900,280.9
164281,4936,56700,279.9
164291,4936,56500,278.9
164301,4860,57500,279.5
164311,4796,137400,659.0
164321,4936,57600,284.3
164331,4932,56000,276.2
164341,4936,57500,283.8
164351,4932,55900,275.7
164361,4936,57500,283.8
164371,4932,55800,275.2
164381,4936,57500,283.8
164391,4932,55900,275.7
164401,4920,57600,283.4
164411,4932,56500,278.7
164421,4800,140800,675.8
164431,4932,56600,279.2
164441,4932,56900,280.6
164451,4932,56600,279.2
164461,4932,56900,280.6
164471,4936,56500,278.9
164481,4932,56000,276.2
164492,4936,57600,284.3
164501,4932,55900,275.7
164511,4932,57500,283.6
164521,4804,140400,674.5
164531,4936,57500,283.8
164541,4932,56000,276.2
164551,4936,57600,284.3
164561,4932,55900,275.7
164571,4936,57500,283.8
164581,4932,55900,275.7
164591,4932,57500,283.6
164601,4932,56500,278.7
164611,4932,56900,280.6
164621,4936,56500,278.9
164631,4824,213100,1028.0
164641,4932,56600,279.2
164651,4932,56900,280.6
164661,4936,56700,279.9
164671,4932,55900,275.7
164681,4936,57500,283.8
164691,4932,56000,276.2
164701,4904,57600,282.5
164711,4932,56000,276.2
164721,4932,57500,283.6
164731,4932,58900,290.5
164741,4936,57500,283.8
164751,4932,55900,275.7
164761,4932,57500,283.6
164771,4932,55900,275.7
164781,4936,57500,283.8
164791,4932,56600,279.2
164801,4928,56900,280.4
164811,4932,56600,279.2
164821,4932,56900,280.6
164831,4932,56600,279.2
164841,4816,216300,1041.7
164851,4932,57600,284.1
164861,4932,55900,275.7
164871,4936,57500,283.8
164881,4932,55900,275.7
164891,4936,57500,283.8
164901,4932,55900,275.7
164911,4936,57500,283.8
164921,4932,55900,275.7
164931,4932,57500,283.6
164941,4792,143000,685.3
164951,4936,57600,284.3
164961,4932,56700,279.6
164971,4936,56900,280.9
164981,4932,56600,279.2
164991,4932,56900,280.6
165001,4932,59700,294.4
165011,4932,56900,280.6
165021,4932,56500,278.7
165031,4932,56000,276.2
165041,4932,57500,283.6
165051,4876,56000,273.1
165061,4932,57500,283.6
165071,4932,56000,276.2
165081,4932,57600,284.1
165091,4932,55900,275.7
165101,4912,57500,282.4
165111,4932,56000,276.2
165121,4936,57500,283.8
165131,4932,55900,275.7
165141,4936,57500,283.8
165151,4804,141200,678.3
165161,4932,57000,281.1
165171,4932,56600,279.2
165181,4932,56900,280.6
165191,4932,56600,279.2
165201,4932,56600,279.2
165211,4932,57300,282.6
165221,4932,55900,275.7
165231,4936,57600,284.3
165241,4932,56000,276.2
165251,4936,57500,283.8
165261,4808,134500,646.7
165271,4936,57500,283.8
165281,4932,56000,276.2
165291,4936,57500,283.8
165301,4932,55900,275.7
165311,4936,57500,283.8
165321,4932,56400,278.2
165331,4932,57400,283.1
165341,4936,56500,278.9
165351,4932,56900,280.6
165361,4936,56600,279.4
165371,4836,56900,275.2
165381,4932,56600,279.2
165391,4932,55900,275.7
165401,4872,57500,280.1
165411,4932,56000,276.2
165421,4936,57500,283.8
165431,4932,56000,276.2
165441,4936,57500,283.8
165451,4932,55900,275.7
165461,4936,57500,283.8
165471,4688,132000,618.8
165481,4936,57600,284.3
165491,4932,55900,275.7
165501,4920,57500,282.9
165511,4932,56500,278.7
165521,4932,56900,280.6
165531,4932,56500,278.7
165541,4932,56900,280.6
165551,4932,56500,278.7
165561,4932,56800,280.1
165571,4808,140900,677.4
165581,4932,55900,275.7
165591,4936,57500,283.8
165601,4932,55900,275.7
165611,4936,57600,284.3
165621,4932,55900,275.7
165631,4932,57600,284.1
165641,4932,55900,275.7
165651,4932,57500,283.6
165661,4932,55900,275.7
165671,4936,57500,283.8
165681,4748,137500,652.9
165691,4936,57600,284.3
165701,4932,56600,279.2
165711,4932,56900,280.6
165721,4932,56500,278.7
165731,4936,56900,280.9
165741,4932,56600,279.2
165751,4936,56100,276.9
165761,4932,57500,283.6
165771,4932,55900,275.7
165781,4932,107600,530.7
165791,4932,55900,275.7
165801,4904,57600,282.5
165811,4932,56000,276.2
165821,4936,57500,283.8
165831,4932,56000,276.2
165841,4936,57500,283.8
165851,4932,56000,276.2
165861,4932,57500,283.6
165871,4932,56600,279.2
165881,4932,56900,280.6
165891,4804,134900,648.1
165901,4928,57000,280.9
165911,4932,56600,279.2
165921,4936,56900,280.9
165931,4932,56600,279.2
165941,4936,56000,276.4
165951,4936,57500,283.8
165961,4932,55900,275.7
165971,4936,57500,283.8
165981,4932,56000,276.2
165991,4936,57500,283.8
166001,4816,219600,1057.6
166011,4936,57600,284.3
166021,4932,55900,275.7
166031,4936,57500,283.8
166041,4932,55900,275.7
166051,4936,57500,283.8
166061,4932,56600,279.2
166071,4932,56900,280.6
166081,4932,56600,279.2
166091,4932,56900,280.6
166101,4804,143000,687.0
166111,4932,56700,279.6
166122,4936,57500,283.8
166131,4932,56000,276.2
166141,4936,57500,283.8
166151,4932,56000,276.2
166161,4932,57500,283.6
166171,4932,55900,275.7
166181,4932,57600,284.1
166191,4932,55900,275.7
166201,4912,57500,282.4
166211,4724,136200,643.4
166221,4936,57500,283.8
166231,4932,56500,278.7
166241,4936,57400,283.3
166251,4932,56600,279.2
166261,4932,56900,280.6
166271,4932,56600,279.2
166281,4936,56900,280.9
166291,4932,56500,278.7
166301,4932,55900,275.7
166311,4792,143200,686.2
166321,4932,55900,275.7
166331,4932,57500,283.6
166341,4932,55900,275.7
166351,4932,57500,283.6
166361,4932,55900,275.7
166371,4936,57500,283.8
166381,4932,56000,276.2
166391,4936,57600,284.3
166401,4932,56000,276.2
166411,4936,57500,283.8
166421,4932,56600,279.2
166431,4932,56900,280.6
166441,4936,56600,279.4
166451,4932,56900,280.6
166461,4932,56600,279.2
166471,4932,56900,280.6
166481,4936,56800,280.4
166491,4932,55900,275.7
166501,4868,57600,280.4
166511,4932,56000,276.2
166521,4936,57500,283.8
166531,4936,55900,275.9
166541,4936,57500,283.8
166551,4932,55900,275.7
166561,4936,57500,283.8
166571,4932,55900,275.7
166581,4936,57500,283.8
166591,4932,55900,275.7
166601,4920,57500,282.9
166611,4932,56500,278.7
166621,4936,56800,280.4
166631,4704,138700,652.4
166641,4932,56900,280.6
166651,4932,56600,279.2
166661,4932,56100,276.7
166671,4932,57600,284.1
166681,4932,56000,276.2
166691,4936,57500,283.8
166701,4932,56000,276.2
166711,4936,57500,283.8
166721,4932,56000,276.2
166731,4932,128100,631.8
166741,4932,56000,276.2
166751,4932,57600,284.1
166761,4932,56000,276.2
166771,4936,57500,283.8
166781,4932,56600,279.2
166791,4936,56900,280.9
166801,4932,56600,279.2
166811,4932,56800,280.1
166821,4932,56600,279.2
166831,4932,56900,280.6
166841,4708,138200,650.6
166851,4932,56000,276.2
166861,4932,57500,283.6
166871,4932,55900,275.7
166881,4936,57600,284.3
166891,4932,55900,275.7
166901,4904,57500,282.0
166911,4932,55900,275.7
166921,4936,57500,283.8
166931,4932,56000,276.2
166941,4936,57500,283.8
166951,4932,56000,276.2
166961,4936,57500,283.8
166971,4932,56600,279.2
166981,4932,56900,280.6
166991,4932,56600,279.2
167001,4928,56900,280.4
167011,4932,56600,279.2
167021,4932,56700,279.6
167031,4936,57200,282.3
167041,4932,55900,275.7
167051,4816,160700,773.9
167061,4932,56000,276.2
167071,4936,57500,283.8
167081,4932,56000,276.2
167091,4936,57500,283.8
167101,4932,55900,275.7
167111,4936,57500,283.8
167121,4932,55900,275.7
167131,4936,57500,283.8
167141,4932,56300,277.7
167151,4920,151500,745.4
167161,4932,56600,279.2
167171,4936,56900,280.9
167181,4932,56700,279.6
167191,4932,56900,280.6
167201,4932,59600,293.9
167211,4932,55900,275.7
167221,4936,57500,283.8
167231,4932,56000,276.2
167241,4936,57500,283.8
167251,4932,56000,276.2
167261,4812,137500,661.6
167271,4936,55900,275.9
167281,4936,57600,284.3
167291,4932,55900,275.7
167301,4912,57600,282.9
167311,4932,55900,275.7
167321,4932,57400,283.1
167331,4932,56600,279.2
167341,4932,56900,280.6
167351,4932,56500,278.7
167361,4732,151200,715.5
167371,4932,56600,279.2
167381,4936,56900,280.9
167391,4936,56600,279.4
167401,4932,56000,276.2
167411,4936,57500,283.8
167421,4932,56000,276.2
167431,4932,57600,284.1
167441,4932,55900,275.7
167451,4936,57600,284.3
167461,4932,56000,276.2
167471,4816,212100,1021.5
167481,4932,56000,276.2
167491,4936,57600,284.3
167501,4932,55900,275.7
167511,4936,57600,284.3
167521,4932,56700,279.6
167531,4932,56900,280.6
167541,4936,56500,278.9
167551,4932,56900,280.6
167561,4932,56500,278.7
167571,4896,158500,776.0
167581,4932,57600,284.1
167591,4932,55900,275.7
167601,4872,57500,280.1
167611,4932,55900,275.7
167621,4932,57500,283.6
167631,4936,56000,276.4
167641,4936,57500,283.8
167651,4932,55900,275.7
167661,4936,57500,283.8
167671,4932,55900,275.7
167681,4808,158300,761.1
167691,4932,56600,279.2
167701,4920,57100,280.9
167711,4932,56600,279.2
167721,4936,56900,280.9
167731,4932,56600,279.2
167741,4932,56900,280.6
167751,4932,56600,279.2
167762,4932,56000,276.2
167771,4932,57600,284.1
167781,4796,140700,674.8
167791,4936,57500,283.8
167801,4932,56000,276.2
167811,4936,57500,283.8
167821,4932,55900,275.7
167831,4936,57600,284.3
167841,4932,55900,275.7
167851,4932,57500,283.6
167861,4932,56000,276.2
167871,4936,57500,283.8
167881,4808,141300,679.4
167891,4932,56900,280.6
167901,4932,64000,315.6
167911,4936,56900,280.9
167921,4932,56600,279.2
167931,4932,56800,280.1
167941,4932,57100,281.6
167951,4932,56000,276.2
167961,4936,57500,283.8
167971,4932,55900,275.7
167981,4936,57500,283.8
167991,4932,55900,275.7
168001,4904,57600,282.5
168011,4932,56000,276.2
168021,4936,57500,283.8
168031,4932,55900,275.7
168041,4936,57500,283.8
168051,4932,56200,277.2
168061,4936,57500,283.8
168071,4932,56600,279.2
168081,4936,56900,280.9
168091,4804,141700,680.7
168101,4928,56900,280.4
168111,4932,56600,279.2
168121,4932,55900,275.7
168131,4932,57600,284.1
168141,4932,55900,275.7
168151,4936,57600,284.3
168161,4932,56000,276.2
168171,4936,57600,284.3
168181,4932,55900,275.7
168191,4936,57500,283.8
168201,4704,134300,631.7
168211,4936,57500,283.8
168221,4932,56000,276.2
168231,4936,57600,284.3
168241,4932,56600,279.2
168251,4936,56900,280.9
168261,4932,56500,278.7
168271,4932,56900,280.6
168281,4932,56600,279.2
168291,4932,56900,280.6
168301,4804,143400,688.9
168311,4932,56000,276.2
168321,4932,57600,284.1
168331,4932,56000,276.2
168341,4932,57500,283.6
168351,4932,56000,276.2
168361,4936,57600,284.3
168371,4932,55900,275.7
168381,4932,57500,283.6
168391,4932,56000,276.2
168401,4912,57600,282.9
168411,4804,141400,679.3
168421,4936,57600,284.3
168431,4932,56600,279.2
168441,4932,56900,280.6
168451,4932,56600,279.2
168461,4932,56800,280.1
168471,4932,56600,279.2
168481,4932,56300,277.7
168491,4932,57400,283.1
168501,4932,56000,276.2
168511,4932,57500,283.6
168521,4932,56000,276.2
168531,4936,57500,283.8
168541,4932,55900,275.7
168551,4936,57500,283.8
168561,4932,55900,275.7
168571,4936,57500,283.8
168581,4932,56000,276.2
168591,4936,57500,283.8
168601,4936,56600,279.4
168611,4936,57200,282.3
168621,4744,175100,830.7
168631,4932,56900,280.6
168641,4932,56600,279.2
168651,4932,56900,280.6
168661,4932,56600,279.2
168671,4932,56000,276.2
168681,4936,57500,283.8
168691,4932,55900,275.7
168701,4876,57500,280.4
168711,4932,56000,276.2
168721,4804,204000,980.0
168731,4932,56000,276.2
168741,4936,57600,284.3
168751,4932,55900,275.7
168761,4936,57500,283.8
168771,4932,56000,276.2
168781,4936,57600,284.3
168791,4932,56600,279.2
168801,4920,56900,279.9
168811,4932,56600,279.2
168821,4932,56900,280.6
168831,4932,132600,654.0
168841,4932,56900,280.6
168851,4932,56900,280.6
168861,4932,55900,275.7
168871,4936,57500,283.8
168881,4932,56000,276.2
168891,4936,57600,284.3
168901,4932,55900,275.7
168911,4936,57500,283.8
168921,4932,55900,275.7
168931,4812,211400,1017.3
168941,4932,55900,275.7
168951,4936,57500,283.8
168961,4932,56100,276.7
168971,4936,57500,283.8
168981,4936,56700,279.9
168991,4936,56900,280.9
169001,4932,63900,315.2
169011,4936,56900,280.9
169021,4932,56600,279.2
169031,4708,131400,618.6
169041,4932,57600,284.1
169051,4932,56000,276.2
169061,4936,57500,283.8
169071,4932,55900,275.7
169081,4932,57500,283.6
169091,4932,55800,275.2
169101,4908,57600,282.7
169111,4932,56000,276.2
169121,4936,57600,284.3
169131,4932,56000,276.2
169141,4812,151100,727.1
169151,4932,56600,279.2
169161,4932,56900,280.6
169171,4932,56600,279.2
169181,4932,57000,281.1
169191,4932,56600,279.2
169201,4924,56900,280.2
169211,4932,56500,278.7
169221,4932,55900,275.7
169231,4932,57600,284.1
169241,4932,55900,275.7
169251,4708,103200,485.9
169261,4932,56000,276.2
169271,4936,57600,284.3
169281,4932,55900,275.7
169291,4936,57600,284.3
169301,4932,56000,276.2
169311,4936,57500,283.8
169321,4932,55900,275.7
169331,4936,57600,284.3
169341,4936,56500,278.9
169351,4804,140700,675.9
169361,4932,56500,278.7
169371,4936,56900,280.9
169381,4932,56600,279.2
169392,4932,56000,276.2
169401,4844,60100,291.1
169411,4932,55900,275.7
169421,4936,57500,283.8
169431,4932,56000,276.2
169441,4936,57600,284.3
169451,4932,56000,276.2
169461,4812,186200,896.0
169471,4932,56000,276.2
169481,4932,57600,284.1
169491,4932,55900,275.7
169501,4912,57600,282.9
169511,4932,56600,279.2
169521,4936,57300,282.8
169531,4932,56600,279.2
169541,4932,56900,280.6
169551,4932,56600,279.2
169561,4820,213400,1028.6
169571,4932,56700,279.6
169581,4932,55900,275.7
169591,4936,57400,283.3
169601,4932,55900,275.7
169611,4932,57500,283.6
169621,4932,55900,275.7
169631,4936,57500,283.8
169641,4932,55900,275.7
169651,4936,57500,283.8
169661,4932,55900,275.7
169671,4812,132600,638.1
169681,4932,56000,276.2
169691,4936,57500,283.8
169701,4932,56600,279.2
169711,4936,56900,280.9
169721,4932,56600,279.2
169731,4932,56900,280.6
169741,4932,56600,279.2
169751,4932,56900,280.6
169761,4936,56900,280.9
169771,4800,140400,673.9
169781,4936,57600,284.3
169791,4932,56000,276.2
169801,4872,57600,280.6
169811,4932,55900,275.7
169821,4936,57600,284.3
169831,4932,55900,275.7
169841,4936,57500,283.8
169851,4932,55900,275.7
169861,4936,57500,283.8
169871,4932,56000,276.2
169881,4816,213300,1027.3
169891,4932,56500,278.7
169901,4920,56900,279.9
169911,4936,56500,278.9
169921,4932,56900,280.6
169931,4932,56600,279.2
169941,4932,56000,276.2
169951,4932,57600,284.1
169961,4932,55900,275.7
169971,4936,57600,284.3
169981,4872,156700,763.4
169991,4932,57500,283.6
170001,4932,56000,276.2
170011,4936,57500,283.8
170021,4932,55900,275.7
170031,4932,57600,284.1
170041,4932,56000,276.2
170051,4936,57500,283.8
170061,4932,56600,279.2
170071,4936,56800,280.4
170081,4792,63700,305.3
170091,4932,56900,280.6
170101,4932,63800,314.7
170111,4932,56900,280.6
170121,4932,56600,279.2
170131,4932,56000,276.2
170141,4936,57600,284.3
170151,4932,56000,276.2
170161,4936,57500,283.8
170171,4932,55900,275.7
170181,4932,57500,283.6
170191,4740,155900,739.0
170201,4904,57500,282.0
170211,4932,55900,275.7
170221,4936,57600,284.3
170231,4932,55900,275.7
170241,4936,57500,283.8
170251,4932,56600,279.2
170261,4932,56900,280.6
170271,4932,56600,279.2
170281,4936,56900,280.9
170291,4804,143800,690.8
170301,4924,56700,279.2
170311,4932,57300,282.6
170321,4932,56000,276.2
170331,4936,57500,283.8
170341,4932,56000,276.2
170351,4936,57500,283.8
170361,4932,56000,276.2
170371,4932,57500,283.6
170381,4936,56000,276.4
170391,4936,57500,283.8
170401,4904,55900,274.1
170411,4936,57500,283.8
170421,4932,56400,278.2
170431,4932,57400,283.1
170441,4932,56500,278.7
170451,4932,56900,280.6
170461,4932,56600,279.2
170471,4936,56900,280.9
170481,4932,56600,279.2
170491,4932,55900,275.7
170501,4776,142000,678.2
170511,4932,56000,276.2
170521,4936,57600,284.3
170531,4932,56000,276.2
170541,4936,57500,283.8
170551,4932,56000,276.2
170561,4932,57600,284.1
170571,4932,55900,275.7
170581,4936,57500,283.8
170591,4932,56000,276.2
170601,4792,141200,676.6
170611,4932,56600,279.2
170621,4936,57000,281.4
170631,4932,56600,279.2
170641,4932,56900,280.6
170651,4932,56700,279.6
170661,4936,56900,280.9
170671,4932,56800,280.1
170681,4932,55900,275.7
170691,4936,57600,284.3
170701,4928,56000,276.0
170711,4804,210000,1008.8
170721,4932,55900,275.7
170731,4936,57600,284.3
170741,4932,55900,275.7
170751,4936,57600,284.3
170761,4932,56000,276.2
170771,4936,57600,284.3
170781,4932,55900,275.7
170791,4932,57500,283.6
170801,4932,56600,279.2
170811,4932,56900,280.6
170821,4932,143400,707.2
170831,4932,56900,280.6
170841,4936,56600,279.4
170851,4932,56200,277.2
170861,4932,57600,284.1
170871,4932,55900,275.7
170881,4936,57600,284.3
170891,4932,55900,275.7
170901,4872,57500,280.1
170911,4932,56000,276.2
170921,4928,112400,553.9
170931,4932,55900,275.7
170941,4932,57500,283.6
170951,4932,56000,276.2
170961,4932,57500,283.6
170971,4932,56700,279.6
170981,4936,57000,281.4
170991,4932,56600,279.2
171001,4920,56800,279.5
171011,4932,56600,279.2
171022,4932,56000,276.2
171031,4804,142000,682.2
171041,4932,55900,275.7
171051,4932,57500,283.6
171061,4932,55900,275.7
171071,4932,57500,283.6
171081,4932,56000,276.2
171091,4936,57500,283.8
171101,4932,56000,276.2
171111,4932,57600,284.1
171121,4932,55900,275.7
171131,4936,57500,283.8
171141,4700,138200,649.5
171151,4936,57600,284.3
171161,4932,56600,279.2
171171,4932,56900,280.6
171181,4932,56600,279.2
171191,4932,56900,280.6
171201,4932,63800,314.7
171211,4932,56700,279.6
171221,4932,57200,282.1
171231,4932,56000,276.2
171241,4936,57500,283.8
171251,4800,192000,921.6
171261,4936,57600,284.3
171271,4932,56000,276.2
171281,4936,57500,283.8
171291,4932,55900,275.7
171301,4896,61300,300.1
171311,4932,55800,275.2
171321,4936,56700,279.9
171331,4936,56200,277.4
171341,4936,56600,279.4
171351,4932,56200,277.2
171361,4936,56200,277.4
171371,4936,56300,277.9
171381,4936,56100,276.9
171391,4936,56300,277.9
# summary, ms_total=171398, adv_count=1713, E_total_mJ=53854.429, subject=uccs_d4b_scan90
# diag, samples=17139, rate_hz=100.00, mean_v=4.922, mean_i=64.026, mean_p_mW=314.2, parse_drop=0
