ms,mV,uA,p_mW
# meta, firmware=TXSD_UCCS_D4B_SCAN90, cond_id=4, tag=s4_ablation_ccs_off, subject=uccs_d4b_scan90
# meta, ablation=ccs_off policy=U_only actions{100,500} u_mid=0.20 u_high=0.35 hyst=0.02 ema_alpha=0.20
11,4940,57600,284.5
20,4936,56000,276.4
30,4940,57600,284.5
40,4936,56300,277.9
50,4940,56900,281.1
60,4940,56600,279.6
70,4940,57000,281.6
80,4940,56600,279.6
90,4936,56000,276.4
100,4936,57600,284.3
110,4936,56000,276.4
120,4940,57600,284.5
130,4936,56000,276.4
140,4940,57600,284.5
150,4936,55900,275.9
160,4940,57500,284.1
170,4936,55900,275.9
180,4940,57500,284.1
190,4936,55900,275.9
200,4940,57600,284.5
210,4936,56000,276.4
220,4940,57100,282.1
230,4936,56700,279.9
240,4940,56900,281.1
250,4936,56600,279.4
260,4936,56900,280.9
270,4940,56600,279.6
280,4940,56000,276.6
290,4940,57500,284.1
300,4936,55900,275.9
310,4940,57500,284.1
320,4936,56000,276.4
330,4940,57600,284.5
340,4936,56000,276.4
350,4940,57500,284.1
360,4936,55900,275.9
370,4940,57500,284.1
380,4936,56000,276.4
390,4940,57500,284.1
400,4936,56000,276.4
410,4940,56800,280.6
420,4936,56600,279.4
430,4936,56900,280.9
440,4940,56500,279.1
450,4936,57000,281.4
460,4936,56600,279.4
470,4936,55900,275.9
480,4940,57500,284.1
490,4936,56000,276.4
500,4940,57600,284.5
510,4824,160100,772.3
520,4940,57500,284.1
530,4936,56000,276.4
540,4940,57600,284.5
550,4936,56000,276.4
560,4940,57500,284.1
570,4936,55900,275.9
580,4940,57600,284.5
590,4936,56000,276.4
600,4940,56900,281.1
610,4940,56600,279.6
620,4936,56900,280.9
630,4936,56600,279.4
640,4940,56900,281.1
650,4940,56800,280.6
660,4936,55900,275.9
670,4940,57500,284.1
680,4936,56000,276.4
690,4940,57500,284.1
700,4936,55900,275.9
710,4940,57500,284.1
720,4936,55900,275.9
730,4940,57500,284.1
740,4936,55900,275.9
750,4940,57500,284.1
760,4936,55900,275.9
770,4940,57600,284.5
780,4936,55900,275.9
790,4936,56900,280.9
800,4936,56600,279.4
810,4940,56900,281.1
820,4936,56600,279.4
830,4940,56600,279.6
840,4936,57300,282.8
850,4936,55900,275.9
860,4940,57500,284.1
870,4936,56000,276.4
880,4940,57500,284.1
890,4936,55900,275.9
900,4940,57600,284.5
910,4936,55900,275.9
920,4940,57500,284.1
930,4936,55900,275.9
940,4940,57500,284.1
950,4936,56000,276.4
960,4940,57500,284.1
970,4936,56200,277.4
980,4940,56900,281.1
990,4940,56500,279.1
1000,4940,56900,281.1
1010,4936,59500,293.7
1020,4940,56100,277.1
1030,4936,57600,284.3
1040,4936,56000,276.4
1050,4940,57600,284.5
1060,4936,55900,275.9
1070,4940,57600,284.5
1080,4936,55900,275.9
1090,4940,57600,284.5
1100,4936,56000,276.4
1110,4940,57600,284.5
1120,4936,55900,275.9
1130,4940,57500,284.1
1140,4936,56000,276.4
1150,4940,57300,283.1
1160,4936,56600,279.4
1170,4940,56900,281.1
1180,4940,56600,279.6
1190,4936,56900,280.9
1200,4936,56600,279.4
1210,4940,55900,276.1
1220,4936,57500,283.8
1230,4936,55900,275.9
1240,4940,57600,284.5
1250,4936,56000,276.4
1260,4940,57600,284.5
1270,4936,55900,275.9
1280,4940,57500,284.1
1290,4936,55900,275.9
1300,4940,57600,284.5
1310,4936,55900,275.9
1320,4940,57500,284.1
1330,4936,56000,276.4
1340,4940,56800,280.6
1350,4936,56600,279.4
1360,4940,56900,281.1
1370,4936,56500,278.9
1380,4940,57000,281.6
1390,4940,56600,279.6
1400,4936,56000,276.4
1410,4940,57600,284.5
1420,4936,55900,275.9
1430,4940,57600,284.5
1440,4936,55900,275.9
1450,4940,57500,284.1
1460,4936,56000,276.4
1470,4940,57500,284.1
1480,4900,151300,741.4
1490,4940,57500,284.1
1500,4936,56000,276.4
1510,4940,57600,284.5
1520,4936,55900,275.9
1530,4940,56900,281.1
1540,4936,56600,279.4
1550,4940,56900,281.1
1560,4940,56600,279.6
1570,4940,57000,281.6
1580,4940,56700,280.1
1590,4824,130400,629.0
1600,4940,57600,284.5
1610,4936,56000,276.4
1620,4940,57500,284.1
1630,4936,55900,275.9
1640,4940,57500,284.1
1650,4936,56000,276.4
1660,4940,57600,284.5
1670,4936,55900,275.9
1680,4940,57500,284.1
1690,4812,141600,681.4
1700,4940,57600,284.5
1710,4936,56000,276.4
1720,4936,57000,281.4
1730,4936,56600,279.4
1740,4936,56900,280.9
1750,4940,56600,279.6
1760,4940,56900,281.1
1770,4936,57000,281.4
1780,4936,56000,276.4
1790,4940,57500,284.1
1800,4936,56000,276.4
1810,4940,57500,284.1
1820,4936,56000,276.4
1830,4940,57500,284.1
1841,4936,56000,276.4
1850,4940,57500,284.1
1860,4936,55900,275.9
1870,4940,57500,284.1
1880,4936,56000,276.4
1890,4940,57500,284.1
1900,4828,205100,990.2
1910,4940,56800,280.6
1920,4936,56600,279.4
1930,4940,56900,281.1
1940,4936,56600,279.4
1950,4936,55900,275.9
1960,4940,57600,284.5
1970,4936,55900,275.9
1980,4936,57600,284.3
1990,4936,55900,275.9
2000,4940,57500,284.1
2010,4744,153800,729.6
2020,4940,57600,284.5
2030,4936,56000,276.4
2040,4940,57500,284.1
2050,4936,56000,276.4
2060,4940,57500,284.1
2070,4936,55900,275.9
2080,4936,57000,281.4
2090,4940,56600,279.6
2100,4940,56900,281.1
2110,4820,208800,1006.4
2120,4936,56900,280.9
2130,4936,57100,281.8
2140,4940,56000,276.6
2150,4940,57500,284.1
2160,4936,55900,275.9
2170,4940,57600,284.5
2180,4936,56000,276.4
2190,4940,57500,284.1
2200,4936,56000,276.4
2210,4816,141100,679.5
2220,4936,56000,276.4
2230,4940,57600,284.5
2240,4936,56000,276.4
2250,4940,57200,282.6
2260,4936,56700,279.9
2270,4940,56900,281.1
2280,4936,56600,279.4
2290,4940,56900,281.1
2300,4936,56600,279.4
2310,4936,56000,276.4
2320,4812,140700,677.0
2330,4936,56000,276.4
2340,4936,57500,283.8
2350,4936,56000,276.4
2360,4940,57500,284.1
2370,4936,56000,276.4
2380,4940,57500,284.1
2390,4936,55900,275.9
2400,4940,57600,284.5
2410,4936,55900,275.9
2420,4796,144500,693.0
2430,4936,55900,275.9
2440,4940,56900,281.1
2450,4936,56700,279.9
2460,4940,56900,281.1
2470,4940,56600,279.6
2480,4940,56200,277.6
2490,4936,57600,284.3
2500,4936,55900,275.9
2510,4940,57500,284.1
2520,4932,90400,445.9
2530,4940,57500,284.1
2540,4936,56000,276.4
2550,4936,57600,284.3
2560,4936,56000,276.4
2570,4936,57500,283.8
2580,4940,56000,276.6
2590,4940,57600,284.5
2600,4936,56000,276.4
2610,4940,56900,281.1
2620,4936,56600,279.4
2630,4832,136500,659.6
2640,4940,56600,279.6
2650,4940,56900,281.1
2660,4936,56800,280.4
2670,4936,56000,276.4
2680,4940,57500,284.1
2690,4936,56000,276.4
2700,4940,57600,284.5
2710,4936,56000,276.4
2720,4940,57500,284.1
2730,4808,147100,707.3
2740,4940,57500,284.1
2750,4936,56000,276.4
2760,4940,57500,284.1
2770,4936,56000,276.4
2780,4940,57400,283.6
2790,4940,56500,279.1
2800,4940,56900,281.1
2810,4940,56600,279.6
2820,4936,56900,280.9
2830,4936,56600,279.4
2840,4812,189600,912.4
2850,4940,57500,284.1
2860,4936,55900,275.9
2870,4936,57600,284.3
2880,4936,56000,276.4
2890,4940,57500,284.1
2900,4936,55900,275.9
2910,4940,57600,284.5
2920,4940,56000,276.6
2930,4940,57600,284.5
2940,4920,154700,761.1
2950,4940,57600,284.5
2960,4936,56000,276.4
2970,4936,56900,280.9
2980,4936,56600,279.4
2990,4940,57000,281.6
3000,4936,56600,279.4
3010,4936,56600,279.4
3020,4940,57500,284.1
3030,4936,55900,275.9
3040,4940,57600,284.5
3050,4808,135700,652.4
3060,4940,57600,284.5
3070,4940,56000,276.6
3080,4940,57600,284.5
3090,4936,56000,276.4
3100,4940,57600,284.5
3110,4936,56000,276.4
3120,4940,57500,284.1
3130,4936,55900,275.9
3140,4940,56800,280.6
3150,4936,59500,293.7
3160,4936,56900,280.9
3170,4936,56600,279.4
3180,4936,56900,280.9
3190,4936,56600,279.4
3200,4936,56000,276.4
3210,4940,57500,284.1
3220,4936,56000,276.4
3230,4940,57600,284.5
3240,4936,56000,276.4
3250,4940,57600,284.5
3260,4820,188100,906.6
3270,4940,57500,284.1
3280,4936,56000,276.4
3290,4940,57500,284.1
3300,4936,56000,276.4
3310,4940,57500,284.1
3320,4936,56100,276.9
3330,4936,56900,280.9
3340,4940,56600,279.6
3350,4940,56900,281.1
3360,4812,142600,686.2
3370,4936,56000,276.4
3380,4936,57600,284.3
3390,4936,55900,275.9
3400,4940,57600,284.5
3410,4936,55900,275.9
3420,4940,57600,284.5
3430,4936,56000,276.4
3440,4940,57600,284.5
3450,4936,56000,276.4
3460,4940,57600,284.5
3470,4808,142400,684.7
3480,4940,57700,285.0
3490,4936,56000,276.4
3500,4940,57000,281.6
3510,4936,56700,279.9
3520,4936,57000,281.4
3530,4940,56700,280.1
3540,4940,56800,280.6
3550,4940,57200,282.6
3560,4936,56000,276.4
3570,4940,57500,284.1
3580,4700,120600,566.8
3590,4940,57500,284.1
3600,4936,56000,276.4
3611,4940,57600,284.5
3620,4936,56000,276.4
3630,4940,57600,284.5
3640,4936,55900,275.9
3650,4936,57600,284.3
3660,4936,55900,275.9
3670,4940,57100,282.1
3680,4936,56700,279.9
3690,4704,149300,702.3
3700,4940,56600,279.6
3710,4940,57000,281.6
3720,4940,56600,279.6
3730,4936,56000,276.4
3740,4940,57500,284.1
3750,4936,56000,276.4
3760,4940,57600,284.5
3770,4936,56000,276.4
3780,4940,57600,284.5
3790,4732,148700,703.6
3800,4940,57500,284.1
3810,4936,55900,275.9
3820,4940,57500,284.1
3830,4936,56000,276.4
3840,4940,57600,284.5
3850,4936,56000,276.4
3860,4936,56800,280.4
3870,4940,56600,279.6
3880,4940,56900,281.1
3890,4880,157700,769.6
3900,4940,56300,278.1
3910,4940,57600,284.5
3920,4936,56000,276.4
3930,4940,57700,285.0
3940,4936,56000,276.4
3950,4940,57600,284.5
3960,4936,55900,275.9
3970,4940,57600,284.5
3980,4940,56000,276.6
3990,4940,60500,298.9
4000,4936,56000,276.4
4010,4940,57500,284.1
4020,4936,56000,276.4
4030,4940,56900,281.1
4040,4936,56600,279.4
4050,4940,56900,281.1
4060,4940,56600,279.6
4070,4940,56900,281.1
4080,4940,56800,280.6
4090,4932,74400,366.9
4100,4940,57600,284.5
4110,4936,56000,276.4
4120,4940,57600,284.5
4130,4936,56000,276.4
4140,4940,57600,284.5
4150,4936,56000,276.4
4160,4940,57700,285.0
4170,4936,56000,276.4
4180,4940,57600,284.5
4190,4936,55900,275.9
4200,4792,143600,688.1
4210,4936,56400,278.4
4220,4936,56900,280.9
4230,4936,56700,279.9
4240,4940,56900,281.1
4250,4940,56700,280.1
4260,4936,56000,276.4
4270,4940,57500,284.1
4280,4940,56000,276.6
4290,4940,57500,284.1
4300,4936,56000,276.4
4310,4924,57600,283.6
4320,4936,56000,276.4
4330,4940,57600,284.5
4340,4936,56000,276.4
4350,4940,57600,284.5
4360,4936,55900,275.9
4370,4940,57600,284.5
4380,4936,56000,276.4
4390,4936,56900,280.9
4400,4936,56700,279.9
4410,4936,56900,280.9
4420,4860,56700,275.6
4430,4936,56700,279.9
4440,4936,57400,283.3
4450,4936,56000,276.4
4460,4940,57500,284.1
4470,4936,56000,276.4
4480,4940,57600,284.5
4490,4940,56000,276.6
4500,4936,57600,284.3
4510,4936,56000,276.4
4520,4936,57500,283.8
4530,4808,56000,269.2
4540,4940,57500,284.1
4550,4936,56000,276.4
4560,4940,56900,281.1
4570,4936,56700,279.9
4580,4936,57000,281.4
4590,4936,56600,279.4
4600,4940,56900,281.1
4610,4936,56600,279.4
4620,4936,56000,276.4
4630,4824,213400,1029.4
4640,4936,56000,276.4
4650,4940,57600,284.5
4660,4936,55900,275.9
4670,4940,57500,284.1
4680,4936,56000,276.4
4690,4940,57500,284.1
4700,4936,55900,275.9
4710,4940,57500,284.1
4720,4936,56000,276.4
4730,4940,57600,284.5
4740,4828,56000,270.4
4750,4940,56900,281.1
4760,4940,56600,279.6
4770,4936,57000,281.4
4780,4940,56600,279.6
4790,4936,56000,276.4
4800,4940,57600,284.5
4810,4936,56000,276.4
4820,4940,57600,284.5
4830,4936,56000,276.4
4840,4816,144000,693.5
4850,4936,56000,276.4
4860,4940,57600,284.5
4870,4936,56000,276.4
4880,4940,57600,284.5
4890,4936,56100,276.9
4900,4940,57600,284.5
4910,4936,55900,275.9
4920,4936,56900,280.9
4930,4936,56600,279.4
4940,4936,60900,300.6
4950,4936,56600,279.4
4960,4940,56900,281.1
4970,4940,57000,281.6
4980,4936,56000,276.4
4990,4940,57600,284.5
5000,4936,56000,276.4
5010,4940,57500,284.1
5020,4936,56000,276.4
5030,4940,57600,284.5
5040,4936,56000,276.4
5050,4816,143200,689.7
5060,4936,56000,276.4
5070,4940,57600,284.5
5080,4936,56000,276.4
5090,4940,57300,283.1
5100,4936,56700,279.9
5110,4936,56900,280.9
5120,4940,56600,279.6
5130,4936,56900,280.9
5140,4936,56600,279.4
5150,4936,56000,276.4
5160,4820,137800,664.2
5170,4936,56000,276.4
5180,4940,57600,284.5
5190,4936,55900,275.9
5200,4940,57600,284.5
5210,4936,56100,276.9
5220,4940,57500,284.1
5230,4936,56000,276.4
5240,4940,57500,284.1
5250,4936,56000,276.4
5260,4816,143500,691.1
5270,4936,56000,276.4
5280,4936,56900,280.9
5290,4936,56600,279.4
5300,4936,56900,280.9
5310,4936,56600,279.4
5320,4940,56300,278.1
5330,4940,57600,284.5
5340,4936,56000,276.4
5350,4940,57500,284.1
5360,4816,145300,699.8
5370,4940,57600,284.5
5380,4936,56000,276.4
5391,4940,57600,284.5
5400,4936,56000,276.4
5410,4940,57600,284.5
5420,4936,56000,276.4
5430,4940,57600,284.5
5440,4936,56000,276.4
5450,4940,56900,281.1
5460,4940,56600,279.6
5470,4940,56900,281.1
5480,4936,56700,279.9
5490,4940,56900,281.1
5500,4940,56700,280.1
5510,4936,56000,276.4
5520,4940,57600,284.5
5530,4936,56000,276.4
5540,4936,57500,283.8
5550,4936,55900,275.9
5560,4940,57500,284.1
5570,4816,143200,689.7
5580,4940,57600,284.5
5590,4936,56000,276.4
5600,4940,57600,284.5
5610,4936,56000,276.4
5620,4940,57600,284.5
5630,4936,56300,277.9
5640,4936,57000,281.4
5650,4936,56600,279.4
5660,4936,56900,280.9
5670,4940,56600,279.6
5680,4940,55900,276.1
5690,4936,57500,283.8
5700,4936,56000,276.4
5710,4940,57600,284.5
5720,4936,56000,276.4
5730,4940,57600,284.5
5740,4936,56000,276.4
5750,4940,57500,284.1
5760,4936,56000,276.4
5770,4940,57500,284.1
5780,4816,140100,674.7
5790,4940,57500,284.1
5800,4936,56000,276.4
5810,4936,57000,281.4
5820,4936,56600,279.4
5830,4940,57000,281.6
5840,4936,56700,279.9
5850,4940,56800,280.6
5860,4940,57300,283.1
5870,4936,56000,276.4
5880,4940,60100,296.9
5890,4936,56000,276.4
5900,4940,57600,284.5
5910,4936,56000,276.4
5920,4940,57500,284.1
5930,4936,56000,276.4
5940,4940,57600,284.5
5950,4936,56000,276.4
5960,4940,57500,284.1
5970,4936,55900,275.9
5980,4940,57000,281.6
5990,4812,140800,677.5
6000,4940,56900,281.1
6010,4936,56700,279.9
6020,4940,56900,281.1
6030,4936,56600,279.4
6040,4940,56000,276.6
6050,4940,57600,284.5
6060,4936,56000,276.4
6070,4940,57600,284.5
6080,4936,55900,275.9
6090,4940,57500,284.1
6100,4812,143800,692.0
6110,4940,57500,284.1
6120,4936,56000,276.4
6130,4940,57600,284.5
6140,4936,56000,276.4
6150,4940,57500,284.1
6160,4936,55900,275.9
6170,4940,56900,281.1
6180,4936,56600,279.4
6190,4940,56900,281.1
6200,4940,59500,293.9
6210,4940,56200,277.6
6220,4936,57600,284.3
6230,4936,56000,276.4
6240,4940,57500,284.1
6250,4936,56000,276.4
6260,4940,57500,284.1
6270,4936,56000,276.4
6280,4940,57600,284.5
6290,4940,55900,276.1
6300,4940,57500,284.1
6310,4928,148600,732.3
6320,4940,57600,284.5
6330,4936,55900,275.9
6340,4940,56900,281.1
6350,4936,56600,279.4
6360,4936,56900,280.9
6370,4936,56600,279.4
6380,4940,57000,281.6
6390,4936,56900,280.9
6400,4940,56000,276.6
6410,4940,57500,284.1
6420,4824,129200,623.3
6430,4936,57500,283.8
6440,4936,56000,276.4
6450,4940,57500,284.1
6460,4936,56000,276.4
6470,4940,57600,284.5
6480,4936,56000,276.4
6490,4940,57500,284.1
6500,4936,55900,275.9
6510,4940,57500,284.1
6520,4936,59000,291.2
6530,4940,57000,281.6
6540,4936,56600,279.4
6550,4936,56900,280.9
6560,4936,56600,279.4
6570,4936,56000,276.4
6580,4940,57600,284.5
6590,4940,55900,276.1
6600,4940,57500,284.1
6610,4936,55800,275.4
6620,4940,60100,296.9
6630,4936,56000,276.4
6640,4940,57500,284.1
6650,4936,55900,275.9
6660,4940,57600,284.5
6670,4936,56000,276.4
6680,4940,57600,284.5
6690,4936,56000,276.4
6700,4940,56900,281.1
6710,4940,56600,279.6
6720,4940,56900,281.1
6730,4936,59000,291.2
6740,4940,56500,279.1
6750,4936,57500,283.8
6760,4936,56000,276.4
6770,4940,57500,284.1
6780,4936,56000,276.4
6790,4940,57600,284.5
6800,4936,56000,276.4
6810,4940,57500,284.1
6820,4936,55900,275.9
6830,4940,57600,284.5
6840,4820,208500,1005.0
6850,4940,57600,284.5
6860,4936,56000,276.4
6870,4940,56900,281.1
6880,4936,56600,279.4
6890,4940,56900,281.1
6900,4936,56600,279.4
6910,4940,56900,281.1
6920,4940,56600,279.6
6930,4936,56000,276.4
6940,4872,157200,765.9
6950,4936,56000,276.4
6960,4940,57500,284.1
6970,4936,56000,276.4
6980,4940,57600,284.5
6990,4936,56000,276.4
7000,4940,57600,284.5
7010,4936,56000,276.4
7020,4940,57500,284.1
7030,4936,56000,276.4
7040,4936,57600,284.3
7050,4816,192000,924.7
7060,4936,56900,280.9
7070,4940,56600,279.6
7080,4940,56900,281.1
7090,4940,56600,279.6
7100,4936,55900,275.9
7110,4940,57600,284.5
7120,4936,55900,275.9
7130,4940,57600,284.5
7140,4936,56000,276.4
7150,4940,60200,297.4
7160,4936,56000,276.4
7171,4940,57600,284.5
7180,4936,56100,276.9
7190,4940,57500,284.1
7200,4936,55900,275.9
7210,4940,57700,285.0
7220,4936,56000,276.4
7230,4936,57000,281.4
7240,4936,56600,279.4
7250,4940,56900,281.1
7260,4836,208800,1009.8
7270,4940,56800,280.6
7280,4936,57100,281.8
7290,4940,56000,276.6
7300,4940,57600,284.5
7310,4936,56000,276.4
7320,4940,57600,284.5
7330,4936,56000,276.4
7340,4940,57600,284.5
7350,4936,56000,276.4
7360,4940,57600,284.5
7370,4804,56700,272.4
7380,4940,57600,284.5
7390,4936,56000,276.4
7400,4940,57200,282.6
7410,4936,56700,279.9
7420,4940,57000,281.6
7430,4936,56600,279.4
7440,4940,57000,281.6
7450,4936,56700,279.9
7460,4936,56000,276.4
7470,4940,60200,297.4
7480,4936,56000,276.4
7490,4940,57500,284.1
7500,4940,56000,276.6
7510,4940,57600,284.5
7520,4936,56000,276.4
7530,4940,57600,284.5
7540,4936,56000,276.4
7550,4940,57500,284.1
7560,4936,56000,276.4
7570,4940,57600,284.5
7580,4812,55900,269.0
7590,4936,56900,280.9
7600,4940,56600,279.6
7610,4936,57000,281.4
7620,4940,56600,279.6
7630,4936,56200,277.4
7640,4936,57500,283.8
7650,4936,56000,276.4
7660,4940,57600,284.5
7670,4936,56000,276.4
7680,4816,143800,692.5
7690,4940,56000,276.6
7700,4940,57600,284.5
7710,4936,56000,276.4
7720,4940,57600,284.5
7730,4936,56000,276.4
7740,4940,57500,284.1
7750,4936,56000,276.4
7760,4940,56900,281.1
7770,4936,56600,279.4
7780,4940,57000,281.6
7790,4832,211900,1023.9
7800,4936,57000,281.4
7810,4936,56800,280.4
7820,4936,56000,276.4
7830,4940,57600,284.5
7840,4936,56000,276.4
7850,4940,57600,284.5
7860,4940,56100,277.1
7870,4940,57500,284.1
7880,4936,56000,276.4
7890,4820,148300,714.8
7900,4936,56000,276.4
7910,4940,57500,284.1
7920,4936,56000,276.4
7930,4940,57600,284.5
7940,4936,56500,278.9
7950,4940,57000,281.6
7960,4936,56600,279.4
7970,4936,56900,280.9
7980,4936,56600,279.4
7990,4936,56000,276.4
8000,4720,135500,639.6
8010,4936,56000,276.4
8020,4940,57500,284.1
8030,4936,56000,276.4
8040,4940,57600,284.5
8050,4936,56000,276.4
8060,4936,57600,284.3
8070,4936,56000,276.4
8080,4940,57600,284.5
8090,4936,56000,276.4
8100,4940,57600,284.5
8110,4816,180700,870.3
8120,4936,56900,280.9
8130,4940,56600,279.6
8140,4936,56900,280.9
8150,4936,56700,279.9
8160,4936,56600,279.4
8170,4936,57500,283.8
8180,4936,56000,276.4
8190,4940,57600,284.5
8200,4936,56000,276.4
8210,4852,154000,747.2
8220,4936,56000,276.4
8230,4940,57600,284.5
8240,4936,56000,276.4
8250,4936,57600,284.3
8260,4936,56000,276.4
8270,4940,57500,284.1
8280,4936,56000,276.4
8290,4940,56900,281.1
8300,4936,56600,279.4
8310,4940,56900,281.1
8320,4736,138500,655.9
8330,4936,57000,281.4
8340,4936,56600,279.4
8350,4936,56000,276.4
8360,4940,57600,284.5
8370,4936,56000,276.4
8380,4940,57600,284.5
8390,4936,56000,276.4
8400,4940,57600,284.5
8410,4936,56000,276.4
8420,4812,144100,693.4
8430,4936,56000,276.4
8440,4940,57600,284.5
8450,4936,56000,276.4
8460,4940,57600,284.5
8470,4936,56100,276.9
8480,4936,56900,280.9
8490,4936,56600,279.4
8500,4940,57000,281.6
8510,4936,56700,279.9
8520,4936,56000,276.4
8530,4720,135400,639.1
8540,4936,56000,276.4
8550,4940,57600,284.5
8560,4936,56000,276.4
8570,4940,57600,284.5
8580,4936,56000,276.4
8590,4940,57600,284.5
8600,4936,56000,276.4
8610,4940,57600,284.5
8620,4936,56000,276.4
8630,4940,57500,284.1
8640,4820,173800,837.7
8650,4936,56900,280.9
8660,4936,56600,279.4
8670,4940,57000,281.6
8680,4936,56700,279.9
8690,4936,56900,280.9
8700,4940,57100,282.1
8710,4940,56000,276.6
8720,4940,57500,284.1
8730,4936,56000,276.4
8740,4860,149300,725.6
8750,4936,56000,276.4
8760,4940,57600,284.5
8770,4936,56000,276.4
8780,4824,106000,511.3
8790,4936,56000,276.4
8800,4940,57600,284.5
8810,4936,56000,276.4
8820,4940,57400,283.6
8830,4936,56600,279.4
8840,4936,56900,280.9
8850,4936,56700,279.9
8860,4940,56900,281.1
8870,4936,56600,279.4
8880,4936,56000,276.4
8890,4940,57600,284.5
8900,4936,56000,276.4
8910,4940,57600,284.5
8920,4936,55900,275.9
8930,4940,57600,284.5
8941,4936,56100,276.9
8950,4940,57600,284.5
8960,4936,55900,275.9
8970,4940,57600,284.5
8980,4936,56100,276.9
8990,4940,57500,284.1
9000,4936,56100,276.9
9010,4940,56800,280.6
9020,4936,56600,279.4
9030,4936,56900,280.9
9040,4940,56600,279.6
9050,4940,56100,277.1
9060,4940,57500,284.1
9070,4936,55900,275.9
9080,4940,57600,284.5
9090,4936,56000,276.4
9100,4940,57600,284.5
9110,4936,55900,275.9
9120,4940,57500,284.1
9130,4936,56000,276.4
9140,4940,57600,284.5
9150,4936,55900,275.9
9160,4940,57600,284.5
9170,4936,56000,276.4
9180,4940,56900,281.1
9190,4936,56600,279.4
9200,4940,56900,281.1
9210,4940,56700,280.1
9220,4940,56900,281.1
9230,4936,57100,281.8
9240,4936,56000,276.4
9250,4940,57600,284.5
9260,4936,55900,275.9
9270,4940,57600,284.5
9280,4936,55900,275.9
9290,4816,142700,687.2
9300,4936,56000,276.4
9310,4940,57600,284.5
9320,4936,56000,276.4
9330,4940,57600,284.5
9340,4936,55900,275.9
9350,4940,57200,282.6
9360,4936,56700,279.9
9370,4936,56900,280.9
9380,4936,56600,279.4
9390,4940,57000,281.6
9400,4936,56600,279.4
9410,4936,56000,276.4
9420,4940,57600,284.5
9430,4936,55900,275.9
9440,4940,57600,284.5
9450,4936,56000,276.4
9460,4940,57600,284.5
9470,4936,55900,275.9
9480,4940,57600,284.5
9490,4940,55900,276.1
9500,4940,57500,284.1
9510,4936,56000,276.4
9520,4940,57600,284.5
9530,4936,56100,276.9
9540,4936,56800,280.4
9550,4936,56600,279.4
9560,4936,56900,280.9
9570,4936,56600,279.4
9580,4936,56000,276.4
9590,4936,57600,284.3
9600,4936,55900,275.9
9610,4940,57500,284.1
9620,4936,56000,276.4
9630,4940,57600,284.5
9640,4936,55900,275.9
9650,4940,57600,284.5
9660,4936,56000,276.4
9670,4940,57500,284.1
9680,4936,56000,276.4
9690,4940,57600,284.5
9700,4936,56000,276.4
9710,4940,57000,281.6
9720,4940,56600,279.6
9730,4940,57000,281.6
9740,4940,56600,279.6
9750,4940,56800,280.6
9760,4940,57300,283.1
9770,4936,56000,276.4
9780,4940,57600,284.5
9790,4936,56000,276.4
9800,4764,163200,777.5
9810,4936,56000,276.4
9820,4940,57600,284.5
9830,4936,56000,276.4
9840,4940,57600,284.5
9850,4936,56000,276.4
9860,4940,57600,284.5
9870,4936,55900,275.9
9880,4940,57000,281.6
9890,4936,56700,279.9
9900,4940,56900,281.1
9910,4936,56600,279.4
9920,4940,56900,281.1
9930,4940,56700,280.1
9940,4936,56000,276.4
9950,4940,57600,284.5
9960,4936,56000,276.4
9970,4940,57600,284.5
9980,4940,56000,276.6
9990,4940,57500,284.1
10000,4936,56000,276.4
10010,4940,57600,284.5
10020,4936,56000,276.4
10030,4936,57600,284.3
10040,4936,56000,276.4
10050,4940,57600,284.5
10060,4936,56200,277.4
10070,4940,56900,281.1
10080,4936,56600,279.4
10090,4940,56900,281.1
10100,4936,56600,279.4
10110,4936,55900,275.9
10120,4936,57500,283.8
10130,4936,56000,276.4
10140,4940,57600,284.5
10150,4940,56000,276.6
10160,4940,57600,284.5
10170,4936,56000,276.4
10180,4940,57600,284.5
10190,4936,56000,276.4
10200,4940,57600,284.5
10210,4936,56000,276.4
10220,4940,57600,284.5
10230,4936,55900,275.9
10240,4940,56900,281.1
10250,4936,56700,279.9
10260,4936,56900,280.9
10270,4940,56600,279.6
10280,4940,56600,279.6
10290,4936,57400,283.3
10300,4816,165000,794.6
10310,4936,57600,284.3
10320,4936,55900,275.9
10330,4940,57600,284.5
10340,4936,55900,275.9
10350,4940,57600,284.5
10360,4936,56000,276.4
10370,4940,57500,284.1
10380,4936,56000,276.4
10390,4940,57600,284.5
10400,4936,56000,276.4
10410,4940,56900,281.1
10420,4936,56600,279.4
10430,4940,57000,281.6
10440,4940,56600,279.6
10450,4940,56900,281.1
10460,4940,56600,279.6
10470,4936,55900,275.9
10480,4940,57700,285.0
10490,4936,56000,276.4
10500,4940,57500,284.1
10510,4936,55900,275.9
10520,4940,57600,284.5
10530,4936,56000,276.4
10540,4940,57600,284.5
10550,4936,55900,275.9
10560,4940,57600,284.5
10570,4940,55900,276.1
10580,4940,57600,284.5
10590,4936,56300,277.9
10600,4936,56900,280.9
10610,4940,56600,279.6
10620,4940,56900,281.1
10630,4936,56600,279.4
10640,4936,55900,275.9
10650,4936,57500,283.8
10660,4936,56000,276.4
10670,4940,57500,284.1
10680,4936,56000,276.4
10691,4940,57600,284.5
10700,4936,56000,276.4
10710,4940,57500,284.1
10720,4936,55900,275.9
10730,4940,57600,284.5
10740,4936,55900,275.9
10750,4940,57600,284.5
10760,4936,56000,276.4
10770,4936,56900,280.9
10780,4936,56700,279.9
10790,4940,57000,281.6
10800,4940,56600,279.6
10810,4708,150300,707.6
10820,4936,57500,283.8
10830,4936,56000,276.4
10840,4940,57600,284.5
10850,4936,56000,276.4
10860,4940,57600,284.5
10870,4936,55900,275.9
10880,4936,57600,284.3
10890,4936,56000,276.4
10900,4940,57600,284.5
10910,4936,55900,275.9
10920,4940,57600,284.5
10930,4936,56000,276.4
10940,4940,56900,281.1
10950,4940,56600,279.6
10960,4940,57000,281.6
10970,4940,56700,280.1
10980,4936,56900,280.9
10990,4940,56700,280.1
11000,4936,56000,276.4
11010,4940,57500,284.1
11020,4936,56000,276.4
11030,4940,57500,284.1
11040,4936,55900,275.9
11050,4940,57600,284.5
11060,4936,56000,276.4
11070,4940,57500,284.1
11080,4940,56000,276.6
11090,4940,57500,284.1
11100,4940,56000,276.6
11110,4940,57500,284.1
11120,4936,56500,278.9
11130,4940,56900,281.1
11140,4936,56600,279.4
11150,4940,57000,281.6
11160,4940,56600,279.6
11170,4940,55900,276.1
11180,4940,57500,284.1
11190,4936,55900,275.9
11200,4940,57500,284.1
11210,4936,56000,276.4
11220,4940,57600,284.5
11230,4936,56000,276.4
11240,4940,57500,284.1
11250,4940,56000,276.6
11260,4940,57500,284.1
11270,4936,55900,275.9
11280,4940,57600,284.5
11290,4936,55900,275.9
11300,4940,57000,281.6
11310,4820,193400,932.2
11320,4936,56900,280.9
11330,4940,56700,280.1
11340,4940,56300,278.1
11350,4940,57500,284.1
11360,4936,56000,276.4
11370,4940,57600,284.5
11380,4940,56000,276.6
11390,4940,57500,284.1
11400,4936,56000,276.4
11410,4940,57600,284.5
11420,4936,56000,276.4
11430,4940,57600,284.5
11440,4936,56000,276.4
11450,4940,57600,284.5
11460,4940,55900,276.1
11470,4940,56900,281.1
11480,4936,56600,279.4
11490,4940,56900,281.1
11500,4940,56700,280.1
11510,4936,56900,280.9
11520,4936,56800,280.4
11530,4936,56100,276.9
11540,4940,57600,284.5
11550,4936,56000,276.4
11560,4940,57600,284.5
11570,4936,55900,275.9
11580,4940,57600,284.5
11590,4940,55900,276.1
11600,4936,57600,284.3
11610,4936,56000,276.4
11620,4940,57600,284.5
11630,4936,56000,276.4
11640,4940,57300,283.1
11650,4936,56700,279.9
11660,4940,57000,281.6
11670,4936,56600,279.4
11680,4936,56900,280.9
11690,4936,56600,279.4
11700,4936,56000,276.4
11710,4940,57600,284.5
11720,4936,56000,276.4
11730,4940,57600,284.5
11740,4936,55900,275.9
11750,4940,57600,284.5
11760,4936,56000,276.4
11770,4940,57500,284.1
11780,4936,56000,276.4
11790,4940,57500,284.1
11800,4936,56000,276.4
11810,4816,142900,688.2
11820,4936,56000,276.4
11830,4940,57000,281.6
11840,4936,56600,279.4
11850,4940,56900,281.1
11860,4940,56600,279.6
11870,4940,56200,277.6
11880,4936,57700,284.8
11890,4936,55900,275.9
11900,4940,57600,284.5
11910,4936,56000,276.4
11920,4940,57600,284.5
11930,4936,56000,276.4
11940,4940,57500,284.1
11950,4940,55900,276.1
11960,4940,57500,284.1
11970,4936,55900,275.9
11980,4940,57600,284.5
11990,4936,55900,275.9
12000,4940,56900,281.1
12010,4936,56600,279.4
12020,4936,56900,280.9
12030,4940,56600,279.6
12040,4936,56900,280.9
12050,4940,57000,281.6
12060,4936,56000,276.4
12070,4940,57500,284.1
12080,4936,56000,276.4
12090,4940,57500,284.1
12100,4940,56000,276.6
12110,4940,57500,284.1
12120,4940,56000,276.6
12130,4936,57500,283.8
12140,4936,56000,276.4
12150,4940,57600,284.5
12160,4940,56000,276.6
12170,4940,57100,282.1
12180,4936,56800,280.4
12190,4936,56800,280.4
12200,4936,56600,279.4
12210,4940,56900,281.1
12220,4936,56700,279.9
12230,4936,56000,276.4
12240,4940,57600,284.5
12250,4936,56000,276.4
12260,4940,57600,284.5
12270,4936,55900,275.9
12280,4940,57600,284.5
12290,4940,56000,276.6
12300,4940,57600,284.5
12310,4936,56000,276.4
12320,4812,203900,981.2
12330,4936,56000,276.4
12340,4940,57500,284.1
12350,4936,56000,276.4
12360,4940,56900,281.1
12370,4936,56600,279.4
12380,4936,56900,280.9
12390,4936,56500,278.9
12401,4936,56100,276.9
12410,4940,57500,284.1
12420,4936,55800,275.4
12430,4940,57600,284.5
12440,4936,56000,276.4
12450,4940,57600,284.5
12460,4936,55900,275.9
12470,4940,57500,284.1
12480,4936,56000,276.4
12490,4940,57600,284.5
12500,4936,55900,275.9
12510,4940,57600,284.5
12520,4936,55900,275.9
12530,4940,57000,281.6
12540,4936,56600,279.4
12550,4936,56900,280.9
12560,4936,56600,279.4
12570,4940,56800,280.6
12580,4940,57300,283.1
12590,4936,56000,276.4
12600,4940,57500,284.1
12610,4936,55900,275.9
12620,4940,57500,284.1
12630,4936,56000,276.4
12640,4940,57500,284.1
12650,4936,56000,276.4
12660,4940,57500,284.1
12670,4936,56000,276.4
12680,4940,57600,284.5
12690,4936,56000,276.4
12700,4940,56900,281.1
12710,4936,56700,279.9
12720,4936,56900,280.9
12730,4940,56600,279.6
12740,4940,56800,280.6
12750,4940,56600,279.6
12760,4936,56000,276.4
12770,4940,57400,283.6
12780,4936,55900,275.9
12790,4940,57500,284.1
12800,4936,55900,275.9
12810,4940,57500,284.1
12820,4936,56000,276.4
12830,4912,57600,282.9
12840,4936,56000,276.4
12850,4940,57600,284.5
12860,4936,56000,276.4
12870,4936,57500,283.8
12880,4936,56200,277.4
12890,4940,56900,281.1
12900,4940,56600,279.6
12910,4940,56900,281.1
12920,4936,56600,279.4
12930,4940,56000,276.6
12940,4936,57500,283.8
12950,4940,56000,276.6
12960,4940,57500,284.1
12970,4936,56000,276.4
12980,4940,57600,284.5
12990,4936,56000,276.4
13000,4940,57600,284.5
13010,4936,55900,275.9
13020,4940,57500,284.1
13030,4936,56000,276.4
13040,4940,57600,284.5
13050,4940,56000,276.6
13060,4936,56900,280.9
13070,4940,56600,279.6
13080,4940,57000,281.6
13090,4940,56600,279.6
13100,4940,56600,279.6
13110,4936,57500,283.8
13120,4936,56000,276.4
13130,4940,57600,284.5
13140,4936,56000,276.4
13150,4940,57500,284.1
13160,4936,55900,275.9
13170,4940,57600,284.5
13180,4936,55900,275.9
13190,4940,57600,284.5
13200,4936,56000,276.4
13210,4940,57500,284.1
13220,4936,55900,275.9
13230,4940,56800,280.6
13240,4936,56500,278.9
13250,4940,56900,281.1
13260,4940,56600,279.6
13270,4940,56900,281.1
13280,4936,56600,279.4
13290,4936,55900,275.9
13300,4940,57500,284.1
13310,4936,55900,275.9
13320,4940,57600,284.5
13330,4796,110100,528.0
13340,4940,57500,284.1
13350,4936,56000,276.4
13360,4940,57600,284.5
13370,4936,56000,276.4
13380,4936,57500,283.8
13390,4936,56000,276.4
13400,4940,57500,284.1
13410,4940,56300,278.1
13420,4940,56800,280.6
13430,4936,56700,279.9
13440,4936,56900,280.9
13450,4936,56600,279.4
13460,4936,55900,275.9
13470,4936,57500,283.8
13480,4936,55900,275.9
13490,4940,57500,284.1
13500,4936,56000,276.4
13510,4940,57500,284.1
13520,4936,55900,275.9
13530,4940,57500,284.1
13540,4936,56000,276.4
13550,4940,57600,284.5
13560,4936,56000,276.4
13570,4940,57600,284.5
13580,4936,56000,276.4
13590,4940,56900,281.1
13600,4936,56700,279.9
13610,4940,56900,281.1
13620,4940,56600,279.6
13630,4936,56400,278.4
13640,4940,57500,284.1
13650,4936,55900,275.9
13660,4940,57500,284.1
13670,4936,56000,276.4
13680,4940,57600,284.5
13690,4936,56000,276.4
13700,4940,57500,284.1
13710,4936,55900,275.9
13720,4940,57600,284.5
13730,4936,56000,276.4
13740,4936,57500,283.8
13750,4936,56000,276.4
13760,4940,56800,280.6
13770,4936,56600,279.4
13780,4940,56900,281.1
13790,4936,56600,279.4
13800,4940,56900,281.1
13810,4936,56800,280.4
13820,4936,55900,275.9
13830,4940,57600,284.5
13840,4824,205000,988.9
13850,4940,57500,284.1
13860,4936,56000,276.4
13870,4940,57500,284.1
13880,4936,56000,276.4
13890,4940,57500,284.1
13900,4936,56000,276.4
13910,4940,57500,284.1
13920,4940,55900,276.1
13930,4940,57500,284.1
13940,4936,56500,278.9
13950,4936,56900,280.9
13960,4940,56600,279.6
13970,4940,56900,281.1
13980,4936,56600,279.4
13990,4936,56000,276.4
14000,4940,57500,284.1
14010,4936,56000,276.4
14020,4940,57600,284.5
14030,4936,56000,276.4
14040,4940,57500,284.1
14050,4936,56000,276.4
14060,4940,57500,284.1
14070,4936,56000,276.4
14080,4940,57500,284.1
14090,4936,55900,275.9
14103,4940,56900,281.1
14110,4936,56000,276.4
14120,4936,56900,280.9
14130,4936,56600,279.4
14140,4936,57000,281.4
14150,4936,56600,279.4
14160,4940,56100,277.1
14170,4936,57600,284.3
14180,4940,56000,276.6
14190,4940,57500,284.1
14200,4936,55900,275.9
14210,4940,57500,284.1
14220,4936,56000,276.4
14230,4940,57600,284.5
14240,4936,56000,276.4
14250,4940,57500,284.1
14260,4936,56000,276.4
14270,4940,57500,284.1
14280,4936,55900,275.9
14290,4940,56800,280.6
14300,4936,56600,279.4
14310,4936,56900,280.9
14320,4940,56600,279.6
14330,4940,56900,281.1
14340,4720,144500,682.0
14350,4936,55900,275.9
14360,4940,57500,284.1
14370,4936,55900,275.9
14380,4940,57600,284.5
14390,4936,56000,276.4
14400,4940,57600,284.5
14410,4936,56000,276.4
14420,4940,57500,284.1
14430,4936,56000,276.4
14440,4940,57500,284.1
14450,4936,55900,275.9
14460,4940,57300,283.1
14470,4936,56600,279.4
14480,4940,56900,281.1
14490,4940,56600,279.6
14500,4940,56900,281.1
14510,4940,56600,279.6
14520,4940,55900,276.1
14530,4940,57600,284.5
14540,4936,56000,276.4
14550,4940,57500,284.1
14560,4936,56000,276.4
14570,4940,57500,284.1
14580,4936,55900,275.9
14590,4940,57600,284.5
14600,4936,56000,276.4
14610,4940,57500,284.1
14620,4936,55900,275.9
14630,4940,57500,284.1
14640,4936,55900,275.9
14650,4940,56800,280.6
14660,4936,56600,279.4
14670,4940,56900,281.1
14680,4940,56600,279.6
14690,4940,56000,276.6
14700,4940,57500,284.1
14710,4936,55900,275.9
14720,4940,57500,284.1
14730,4940,56000,276.6
14740,4940,57600,284.5
14750,4936,55900,275.9
14760,4940,57600,284.5
14770,4936,55900,275.9
14780,4940,57500,284.1
14790,4936,55900,275.9
14800,4936,57500,283.8
14810,4936,56000,276.4
14820,4940,56900,281.1
14830,4936,56600,279.4
14840,4936,56800,280.4
14850,4756,205000,975.0
14860,4936,56900,280.9
14870,4936,57000,281.4
14880,4936,56000,276.4
14890,4940,57600,284.5
14900,4936,56100,276.9
14910,4940,57500,284.1
14920,4936,56000,276.4
14930,4940,57600,284.5
14940,4936,56000,276.4
14950,4940,57600,284.5
14960,4936,56000,276.4
14970,4940,57500,284.1
14980,4936,56000,276.4
14990,4940,57100,282.1
15000,4936,56700,279.9
15010,4936,56900,280.9
15020,4940,56600,279.6
15030,4940,56900,281.1
15040,4940,56600,279.6
15050,4936,55900,275.9
15060,4940,57500,284.1
15070,4936,55900,275.9
15080,4940,57500,284.1
15090,4936,56000,276.4
15100,4940,57500,284.1
15110,4936,56000,276.4
15120,4940,57500,284.1
15130,4936,56000,276.4
15140,4940,57500,284.1
15150,4936,55900,275.9
15160,4940,57600,284.5
15170,4936,56000,276.4
15180,4936,56900,280.9
15190,4936,56600,279.4
15200,4936,57000,281.4
15210,4936,56600,279.4
15220,4940,55900,276.1
15230,4936,57500,283.8
15240,4936,55900,275.9
15250,4940,57500,284.1
15260,4936,55900,275.9
15270,4940,57500,284.1
15280,4936,55900,275.9
15290,4940,57500,284.1
15300,4936,56000,276.4
15310,4940,57600,284.5
15320,4936,56000,276.4
15330,4940,57600,284.5
15340,4936,55900,275.9
15350,4936,56900,280.9
15360,4812,56600,272.4
15370,4940,56900,281.1
15380,4940,56700,280.1
15390,4940,56800,280.6
15400,4940,57200,282.6
15410,4936,56000,276.4
15420,4940,57600,284.5
15430,4936,56100,276.9
15440,4940,57500,284.1
15450,4936,55900,275.9
15460,4940,57600,284.5
15470,4936,56000,276.4
15480,4940,57500,284.1
15490,4936,56100,276.9
15500,4940,57600,284.5
15510,4936,56000,276.4
15520,4940,56900,281.1
15530,4936,56700,279.9
15540,4940,56900,281.1
15550,4940,56600,279.6
15560,4936,56900,280.9
15570,4940,56600,279.6
15580,4936,56000,276.4
15590,4940,57500,284.1
15600,4936,55900,275.9
15610,4936,57500,283.8
15620,4936,55900,275.9
15630,4940,57600,284.5
15640,4936,55900,275.9
15650,4940,57500,284.1
15660,4936,56000,276.4
15670,4940,57500,284.1
15680,4936,56000,276.4
15690,4936,57500,283.8
15700,4936,56200,277.4
15710,4940,57000,281.6
15720,4940,56600,279.6
15730,4936,56900,280.9
15740,4936,56500,278.9
15750,4936,55900,275.9
15760,4940,57500,284.1
15770,4936,55900,275.9
15780,4940,57500,284.1
15790,4936,55900,275.9
15800,4940,57600,284.5
15811,4936,55900,275.9
15820,4940,57500,284.1
15830,4936,56000,276.4
15840,4940,57500,284.1
15850,4936,55900,275.9
15860,4812,143800,692.0
15870,4936,55900,275.9
15880,4940,57000,281.6
15890,4936,56700,279.9
15900,4940,56800,280.6
15910,4936,56600,279.4
15920,4940,56600,279.6
15930,4940,57400,283.6
15940,4936,55900,275.9
15950,4940,57500,284.1
15960,4936,56000,276.4
15970,4940,57500,284.1
15980,4936,56000,276.4
15990,4940,57500,284.1
16000,4936,56000,276.4
16010,4940,57500,284.1
16020,4936,56000,276.4
16030,4940,57500,284.1
16040,4936,55900,275.9
16050,4940,56900,281.1
16060,4936,56600,279.4
16070,4940,56900,281.1
16080,4936,56700,279.9
16090,4936,56800,280.4
16100,4940,56600,279.6
16110,4936,55900,275.9
16120,4940,57400,283.6
16130,4936,56000,276.4
16140,4940,57500,284.1
16150,4936,56000,276.4
16160,4940,57500,284.1
16170,4936,55900,275.9
16180,4940,57600,284.5
16190,4940,55900,276.1
16200,4940,57400,283.6
16210,4936,55900,275.9
16220,4940,57500,284.1
16230,4936,56500,278.9
16240,4940,56900,281.1
16250,4936,56600,279.4
16260,4936,56900,280.9
16270,4936,56500,278.9
16280,4936,55900,275.9
16290,4940,57500,284.1
16300,4936,55900,275.9
16310,4940,57500,284.1
16320,4936,55900,275.9
16330,4940,57500,284.1
16340,4936,56000,276.4
16350,4940,57500,284.1
16360,4936,130000,641.7
16370,4940,57600,284.5
16380,4936,56000,276.4
16390,4940,57600,284.5
16400,4936,55900,275.9
16410,4940,56900,281.1
16420,4940,56600,279.6
16430,4936,56900,280.9
16440,4940,56600,279.6
16450,4940,56300,278.1
16460,4940,57600,284.5
16470,4936,56000,276.4
16480,4940,57600,284.5
16490,4936,56000,276.4
16500,4940,57600,284.5
16510,4936,56000,276.4
16520,4936,57500,283.8
16530,4936,55900,275.9
16540,4940,57500,284.1
16550,4936,55900,275.9
16560,4940,57600,284.5
16570,4936,55900,275.9
16580,4940,56900,281.1
16590,4936,56600,279.4
16600,4940,56800,280.6
16610,4936,56600,279.4
16620,4940,56900,281.1
16630,4936,56800,280.4
16640,4936,55900,275.9
16650,4940,57500,284.1
16660,4936,55900,275.9
16670,4940,57500,284.1
16680,4936,56000,276.4
16690,4940,57500,284.1
16700,4936,56000,276.4
16710,4940,57500,284.1
16720,4936,56000,276.4
16730,4940,57500,284.1
16740,4936,55900,275.9
16750,4940,57400,283.6
16760,4936,56600,279.4
16770,4940,56900,281.1
16780,4936,56600,279.4
16790,4936,56800,280.4
16800,4936,56700,279.9
16810,4936,56000,276.4
16820,4936,57500,283.8
16830,4936,55900,275.9
16840,4940,57600,284.5
16850,4936,55900,275.9
16860,4940,57500,284.1
16870,4812,142200,684.3
16880,4940,57500,284.1
16890,4936,55900,275.9
16900,4940,57600,284.5
16910,4936,55900,275.9
16920,4940,57500,284.1
16930,4936,55900,275.9
16940,4940,56800,280.6
16950,4936,56600,279.4
16960,4940,56900,281.1
16970,4940,56600,279.6
16980,4940,56100,277.1
16990,4936,57600,284.3
17000,4936,56000,276.4
17010,4940,57500,284.1
17020,4936,56000,276.4
17030,4940,57600,284.5
17040,4936,55900,275.9
17050,4940,57400,283.6
17060,4936,55900,275.9
17070,4940,57600,284.5
17080,4936,56000,276.4
17090,4940,57500,284.1
17100,4936,55900,275.9
17110,4940,57000,281.6
17120,4936,56600,279.4
17130,4940,56900,281.1
17140,4936,56600,279.4
17150,4940,56900,281.1
17160,4940,57000,281.6
17170,4940,56000,276.6
17180,4940,57600,284.5
17190,4936,55900,275.9
17200,4940,57600,284.5
17210,4936,55900,275.9
17220,4940,57500,284.1
17230,4936,56000,276.4
17240,4940,57500,284.1
17250,4936,55900,275.9
17260,4940,57500,284.1
17270,4936,55900,275.9
17280,4808,92600,445.2
17290,4936,56600,279.4
17300,4940,56900,281.1
17310,4936,56700,279.9
17320,4940,56800,280.6
17330,4936,56600,279.4
17340,4936,55900,275.9
17350,4936,57500,283.8
17360,4936,56000,276.4
17370,4940,57400,283.6
17380,4936,56000,276.4
17390,4820,142600,687.3
17400,4936,56000,276.4
17410,4940,57500,284.1
17420,4936,56000,276.4
17430,4940,57500,284.1
17440,4940,55900,276.1
17450,4940,57500,284.1
17460,4940,56000,276.6
17470,4940,56800,280.6
17480,4936,56600,279.4
17490,4940,56900,281.1
17500,4744,141900,673.2
17511,4940,56200,277.6
17520,4936,57600,284.3
17530,4936,55900,275.9
17540,4940,57500,284.1
17550,4936,55900,275.9
17560,4940,57500,284.1
17570,4936,55900,275.9
17580,4940,57600,284.5
17590,4940,55900,276.1
17600,4940,57500,284.1
17610,4824,205900,993.3
17620,4940,57600,284.5
17630,4936,56000,276.4
17640,4940,56900,281.1
17650,4936,56500,278.9
17660,4936,56900,280.9
17670,4940,56700,280.1
17680,4940,56900,281.1
17690,4936,56800,280.4
17700,4936,55900,275.9
17710,4940,57600,284.5
17720,4940,110500,545.9
17730,4940,57600,284.5
17740,4936,55900,275.9
17750,4940,57500,284.1
17760,4936,56000,276.4
17770,4940,57500,284.1
17780,4936,55900,275.9
17790,4940,57500,284.1
17800,4940,56000,276.6
17810,4940,57500,284.1
17820,4788,178500,854.7
17830,4940,56900,281.1
17840,4936,56600,279.4
17850,4936,56900,280.9
17860,4940,56600,279.6
17870,4936,55900,275.9
17880,4936,57600,284.3
17890,4936,56000,276.4
17900,4940,57600,284.5
17910,4936,56000,276.4
17920,4812,143100,688.6
17930,4936,56000,276.4
17940,4940,57500,284.1
17950,4940,55900,276.1
17960,4940,57600,284.5
17970,4936,55900,275.9
17980,4940,57500,284.1
17990,4936,56000,276.4
18000,4940,56900,281.1
18010,4936,56600,279.4
18020,4940,56900,281.1
18030,4828,196000,946.3
18040,4940,56600,279.6
18050,4936,57400,283.3
18060,4936,56000,276.4
18070,4940,57600,284.5
18080,4936,55900,275.9
18090,4940,57600,284.5
18100,4940,56000,276.6
18110,4940,57600,284.5
18120,4936,55900,275.9
18130,4732,139600,660.6
18140,4936,56000,276.4
18150,4940,57600,284.5
18160,4936,56000,276.4
18170,4940,56800,280.6
18180,4936,56700,279.9
18190,4936,56900,280.9
18200,4940,56600,279.6
18210,4940,56900,281.1
18220,4936,56600,279.4
18230,4812,144300,694.4
18240,4940,57600,284.5
18250,4936,56000,276.4
18260,4940,57500,284.1
18270,4936,55900,275.9
18280,4940,57600,284.5
18290,4936,55900,275.9
18300,4940,57600,284.5
18310,4936,56000,276.4
18320,4940,57500,284.1
18330,4936,56000,276.4
18340,4744,138300,656.1
18350,4936,56200,277.4
18360,4940,56900,281.1
18370,4936,56600,279.4
18380,4940,56900,281.1
18390,4936,56600,279.4
18400,4936,55900,275.9
18410,4936,57600,284.3
18420,4936,55900,275.9
18430,4940,57500,284.1
18440,4792,96200,461.0
18450,4940,57600,284.5
18460,4936,56000,276.4
18470,4940,57500,284.1
18480,4936,55900,275.9
18490,4940,57500,284.1
18500,4936,56000,276.4
18510,4940,57500,284.1
18520,4936,55900,275.9
18530,4936,56900,280.9
18540,4936,56600,279.4
18550,4816,138900,668.9
18560,4936,56600,279.4
18570,4936,56900,280.9
18580,4940,57100,282.1
18590,4936,55900,275.9
18600,4940,57600,284.5
18610,4936,56000,276.4
18620,4940,57600,284.5
18630,4936,56000,276.4
18640,4940,57500,284.1
18650,4936,56000,276.4
18660,4720,174600,824.1
18670,4936,56000,276.4
18680,4940,57600,284.5
18690,4936,55900,275.9
18700,4940,57100,282.1
18710,4936,56700,279.9
18720,4940,56900,281.1
18730,4936,56700,279.9
18740,4940,56900,281.1
18750,4936,56600,279.4
18760,4788,142200,680.9
18770,4940,57500,284.1
18780,4936,56000,276.4
18790,4940,57500,284.1
18800,4936,55900,275.9
18810,4940,57600,284.5
18820,4936,56000,276.4
18830,4940,57500,284.1
18840,4936,56000,276.4
18850,4940,57600,284.5
18860,4936,56000,276.4
18870,4940,57500,284.1
18880,4936,56000,276.4
18890,4936,56900,280.9
18900,4936,56700,279.9
18910,4936,56900,280.9
18920,4940,56600,279.6
18930,4940,56100,277.1
18940,4940,57500,284.1
18950,4936,56000,276.4
18960,4940,57600,284.5
18970,4812,142300,684.7
18980,4940,57600,284.5
18990,4936,56000,276.4
19000,4936,57500,283.8
19010,4936,55900,275.9
19020,4940,57500,284.1
19030,4936,56000,276.4
19040,4940,57600,284.5
19050,4936,56000,276.4
19060,4940,56900,281.1
19070,4936,56600,279.4
19080,4940,56900,281.1
19090,4940,56600,279.6
19100,4940,56900,281.1
19110,4940,56800,280.6
19120,4936,55900,275.9
19130,4940,57600,284.5
19140,4936,56000,276.4
19150,4940,57600,284.5
19160,4936,55900,275.9
19170,4940,57500,284.1
19180,4936,56000,276.4
19190,4936,57500,283.8
19200,4936,56000,276.4
19211,4940,57500,284.1
19220,4936,56000,276.4
19230,4936,57400,283.3
19240,4936,56500,278.9
19250,4940,56900,281.1
19260,4940,56600,279.6
19270,4940,56900,281.1
19280,4936,56600,279.4
19290,4932,56800,280.1
19300,4936,57500,283.8
19310,4936,56000,276.4
19320,4940,57600,284.5
19330,4936,56000,276.4
19340,4940,57600,284.5
19350,4936,55900,275.9
19360,4940,57600,284.5
19370,4936,56000,276.4
19380,4940,57600,284.5
19390,4936,56000,276.4
19400,4728,135100,638.8
19410,4936,56000,276.4
19420,4936,56900,280.9
19430,4936,56700,279.9
19440,4940,56900,281.1
19450,4936,56600,279.4
19460,4936,56400,278.4
19470,4936,57500,283.8
19480,4936,56200,277.4
19490,4940,57500,284.1
19500,4816,140800,678.1
19510,4940,57600,284.5
19520,4936,55900,275.9
19530,4940,57600,284.5
19540,4936,56000,276.4
19550,4940,57500,284.1
19560,4936,56000,276.4
19570,4940,57500,284.1
19580,4936,56000,276.4
19590,4940,56800,280.6
19600,4812,142600,686.2
19610,4940,56900,281.1
19620,4940,56700,280.1
19630,4940,56900,281.1
19640,4940,56700,280.1
19650,4936,56000,276.4
19660,4940,57600,284.5
19670,4936,56000,276.4
19680,4940,57600,284.5
19690,4936,56000,276.4
19700,4936,57500,283.8
19710,4824,138000,665.7
19720,4940,57500,284.1
19730,4936,56000,276.4
19740,4940,57500,284.1
19750,4936,55900,275.9
19760,4940,57600,284.5
19770,4936,56300,277.9
19780,4940,57000,281.6
19790,4936,56600,279.4
19800,4936,56900,280.9
19810,4760,155800,741.6
19820,4940,55900,276.1
19830,4936,57500,283.8
19840,4936,55900,275.9
19850,4940,57500,284.1
19860,4936,56000,276.4
19870,4940,57500,284.1
19880,4936,55900,275.9
19890,4940,57500,284.1
19900,4936,55900,275.9
19910,4940,60500,298.9
19920,4936,56000,276.4
19930,4940,57500,284.1
19940,4940,56000,276.6
19950,4940,56900,281.1
19960,4940,56700,280.1
19970,4940,56900,281.1
19980,4936,56700,279.9
19990,4936,56700,279.9
20000,4940,57200,282.6
20010,4932,57600,284.1
20020,4940,57500,284.1
20030,4936,56000,276.4
20040,4940,57600,284.5
20050,4936,55900,275.9
20060,4940,57600,284.5
20070,4936,56000,276.4
20080,4940,57500,284.1
20090,4936,55900,275.9
20100,4940,57500,284.1
20110,4936,56000,276.4
20120,4816,142900,688.2
20130,4936,56700,279.9
20140,4940,57000,281.6
20150,4936,56600,279.4
20160,4940,56900,281.1
20170,4936,56600,279.4
20180,4936,56000,276.4
20190,4940,57600,284.5
20200,4936,55900,275.9
20210,4940,57600,284.5
20220,4820,135700,654.1
20230,4940,57600,284.5
20240,4936,55900,275.9
20250,4940,57500,284.1
20260,4936,56100,276.9
20270,4940,57600,284.5
20280,4936,55900,275.9
20290,4940,57600,284.5
20300,4936,56000,276.4
20310,4940,56900,281.1
20320,4940,56700,280.1
20330,4936,57000,281.4
20340,4936,56600,279.4
20350,4940,56100,277.1
20360,4940,57600,284.5
20370,4936,55900,275.9
20380,4940,57500,284.1
20390,4936,55900,275.9
20400,4940,57600,284.5
20410,4936,56000,276.4
20420,4940,57500,284.1
20430,4816,144200,694.5
20440,4936,57600,284.3
20450,4936,55900,275.9
20460,4940,57600,284.5
20470,4936,55900,275.9
20480,4936,56900,280.9
20490,4936,56600,279.4
20500,4936,56900,280.9
20510,4940,56600,279.6
20520,4936,56900,280.9
20530,4936,57000,281.4
20540,4936,56000,276.4
20550,4940,57500,284.1
20560,4936,56000,276.4
20570,4940,57500,284.1
20580,4936,56000,276.4
20590,4940,57600,284.5
20600,4936,55900,275.9
20610,4940,57500,284.1
20620,4936,55900,275.9
20630,4940,57600,284.5
20640,4816,145400,700.2
20650,4940,57400,283.6
20660,4940,56600,279.6
20670,4936,56900,280.9
20680,4936,56600,279.4
20690,4940,56900,281.1
20700,4936,56600,279.4
20710,4936,56000,276.4
20720,4940,57500,284.1
20730,4936,56000,276.4
20740,4900,161000,788.9
20750,4936,55900,275.9
20760,4940,57600,284.5
20770,4936,56000,276.4
20780,4936,57500,283.8
20790,4936,55900,275.9
20800,4940,57500,284.1
20810,4936,56000,276.4
20820,4940,57500,284.1
20830,4936,55900,275.9
20840,4940,56800,280.6
20850,4808,56800,273.1
20860,4940,56900,281.1
20870,4936,56600,279.4
20880,4940,56400,278.6
20890,4940,57500,284.1
20900,4936,56100,276.9
20910,4940,57600,284.5
20921,4936,56000,276.4
20930,4940,57600,284.5
20940,4936,55900,275.9
20950,4724,139200,657.6
20960,4936,56000,276.4
20970,4940,57600,284.5
20980,4936,56000,276.4
20990,4940,57600,284.5
21000,4936,56000,276.4
21010,4940,56900,281.1
21020,4936,56600,279.4
21030,4940,56900,281.1
21040,4936,56600,279.4
21050,4816,141900,683.4
21060,4936,56700,279.9
21070,4936,55900,275.9
21080,4940,57600,284.5
21090,4936,55900,275.9
21100,4940,57500,284.1
21110,4936,56000,276.4
21120,4940,57500,284.1
21130,4936,56000,276.4
21140,4940,57500,284.1
21150,4936,55900,275.9
21160,4736,143100,677.7
21170,4936,55900,275.9
21180,4940,57500,284.1
21190,4936,56300,277.9
21200,4940,56900,281.1
21210,4940,56600,279.6
21220,4940,56800,280.6
21230,4936,56600,279.4
21240,4936,56000,276.4
21250,4936,57500,283.8
21260,4816,142900,688.2
21270,4940,57500,284.1
21280,4912,65000,319.3
21290,4940,57600,284.5
21300,4936,56000,276.4
21310,4936,57600,284.3
21320,4936,55900,275.9
21330,4940,57500,284.1
21340,4936,56000,276.4
21350,4940,57600,284.5
21360,4936,56000,276.4
21370,4940,56900,281.1
21380,4936,56600,279.4
21390,4940,56900,281.1
21400,4936,56700,279.9
21410,4940,56800,280.6
21420,4940,57300,283.1
21430,4936,56000,276.4
21440,4940,57500,284.1
21450,4936,55900,275.9
21460,4936,57500,283.8
21470,4936,56000,276.4
21480,4940,57600,284.5
21490,4936,55900,275.9
21500,4940,57600,284.5
21510,4936,56000,276.4
21520,4940,57500,284.1
21530,4936,56000,276.4
21540,4940,56900,281.1
21550,4936,56600,279.4
21560,4936,56900,280.9
21570,4936,56600,279.4
21580,4940,56900,281.1
21590,4936,56600,279.4
21600,4936,55900,275.9
21610,4940,57500,284.1
21620,4936,55900,275.9
21630,4940,57600,284.5
21640,4936,56000,276.4
21650,4936,57500,283.8
21660,4936,55900,275.9
21670,4940,57600,284.5
21680,4936,55900,275.9
21690,4940,57600,284.5
21700,4936,55900,275.9
21710,4936,57500,283.8
21720,4936,56300,277.9
21730,4936,56900,280.9
21740,4936,56600,279.4
21750,4940,56900,281.1
21760,4936,56600,279.4
21770,4940,56000,276.6
21780,4936,57500,283.8
21790,4924,58900,290.0
21800,4940,57500,284.1
21810,4936,55900,275.9
21820,4940,57500,284.1
21830,4940,56000,276.6
21840,4940,57500,284.1
21850,4936,55900,275.9
21860,4940,57600,284.5
21870,4936,56000,276.4
21880,4940,57500,284.1
21890,4940,56000,276.6
21900,4936,56800,280.4
21910,4936,56600,279.4
21920,4940,56800,280.6
21930,4940,56600,279.6
21940,4940,56500,279.1
21950,4936,57400,283.3
21960,4936,56300,277.9
21970,4940,57500,284.1
21980,4936,55900,275.9
21990,4940,57500,284.1
22000,4936,55900,275.9
22010,4940,57600,284.5
22020,4936,55900,275.9
22030,4940,57500,284.1
22040,4936,55900,275.9
22050,4940,57500,284.1
22060,4936,56000,276.4
22070,4940,56800,280.6
22080,4936,56600,279.4
22090,4940,56900,281.1
22100,4940,56500,279.1
22110,4940,56900,281.1
22120,4936,56700,279.9
22130,4936,55900,275.9
22140,4940,57500,284.1
22150,4936,55900,275.9
22160,4940,57600,284.5
22170,4936,55900,275.9
22180,4940,57600,284.5
22190,4936,56000,276.4
22200,4940,57500,284.1
22210,4936,55900,275.9
22220,4940,57500,284.1
22230,4936,55900,275.9
22240,4940,57400,283.6
22250,4940,56600,279.6
22260,4936,56900,280.9
22270,4940,56600,279.6
22280,4940,56900,281.1
22290,4936,56600,279.4
22300,4820,209200,1008.3
22310,4940,57500,284.1
22320,4936,56000,276.4
22330,4940,57600,284.5
22340,4936,56000,276.4
22350,4940,57500,284.1
22360,4936,56000,276.4
22370,4940,57600,284.5
22380,4936,55900,275.9
22390,4940,57600,284.5
22400,4936,55900,275.9
22410,4940,57500,284.1
22420,4936,55900,275.9
22430,4940,56900,281.1
22440,4936,56600,279.4
22450,4940,56900,281.1
22460,4936,56600,279.4
22470,4936,56100,276.9
22480,4940,57500,284.1
22490,4936,56100,276.9
22500,4940,57500,284.1
22510,4936,55900,275.9
22520,4940,57500,284.1
22530,4936,55900,275.9
22540,4940,57600,284.5
22550,4936,55900,275.9
22560,4940,57500,284.1
22570,4940,55900,276.1
22580,4940,57500,284.1
22590,4936,55900,275.9
22600,4940,56900,281.1
22610,4936,56600,279.4
22621,4940,56900,281.1
22630,4936,56600,279.4
22640,4936,56900,280.9
22650,4936,56900,280.9
22660,4936,55900,275.9
22670,4940,57500,284.1
22680,4936,55900,275.9
22690,4940,57500,284.1
22700,4940,56000,276.6
22710,4936,57500,283.8
22720,4940,55900,276.1
22730,4940,57500,284.1
22740,4936,55900,275.9
22750,4940,57400,283.6
22760,4936,56000,276.4
22770,4940,57200,282.6
22780,4936,56600,279.4
22790,4940,56900,281.1
22800,4812,136200,655.4
22810,4940,56900,281.1
22820,4936,56600,279.4
22830,4936,55900,275.9
22840,4940,57500,284.1
22850,4940,56000,276.6
22860,4940,57600,284.5
22870,4936,56000,276.4
22880,4940,57500,284.1
22890,4936,55900,275.9
22900,4940,57500,284.1
22910,4936,56000,276.4
22920,4940,57500,284.1
22930,4936,55900,275.9
22940,4940,57500,284.1
22950,4936,56000,276.4
22960,4940,56900,281.1
22970,4936,56500,278.9
22980,4940,56900,281.1
22990,4936,56600,279.4
23000,4936,56000,276.4
23010,4936,57600,284.3
23020,4936,55800,275.4
23030,4940,57500,284.1
23040,4936,56000,276.4
23050,4940,57500,284.1
23060,4936,55900,275.9
23070,4940,57500,284.1
23080,4936,56000,276.4
23090,4940,57500,284.1
23100,4936,55900,275.9
23110,4940,57600,284.5
23120,4940,55900,276.1
23130,4940,56900,281.1
23140,4936,56600,279.4
23150,4940,56800,280.6
23160,4936,56600,279.4
23170,4940,56700,280.1
23180,4940,57200,282.6
23190,4936,56600,279.4
23200,4940,57500,284.1
23210,4936,56000,276.4
23220,4940,57600,284.5
23230,4936,56000,276.4
23240,4940,57600,284.5
23250,4936,55900,275.9
23260,4940,57500,284.1
23270,4936,55900,275.9
23280,4940,57600,284.5
23290,4936,55900,275.9
23300,4940,56900,281.1
23310,4772,137500,656.1
23320,4940,56900,281.1
23330,4940,56600,279.6
23340,4940,56900,281.1
23350,4936,56500,278.9
23360,4936,56000,276.4
23370,4940,57600,284.5
23380,4936,55900,275.9
23390,4940,57500,284.1
23400,4936,56000,276.4
23410,4940,57500,284.1
23420,4936,55900,275.9
23430,4940,57600,284.5
23440,4936,56000,276.4
23450,4940,57500,284.1
23460,4936,56000,276.4
23470,4940,57500,284.1
23480,4936,56100,276.9
23490,4940,56900,281.1
23500,4936,56500,278.9
23510,4936,56900,280.9
23520,4940,56600,279.6
23530,4936,55900,275.9
23540,4940,57500,284.1
23550,4936,56000,276.4
23560,4940,57500,284.1
23570,4936,55900,275.9
23580,4940,57500,284.1
23590,4936,56000,276.4
23600,4940,57500,284.1
23610,4936,55900,275.9
23620,4940,57500,284.1
23630,4936,56000,276.4
23640,4940,57500,284.1
23650,4936,55900,275.9
23660,4936,56900,280.9
23670,4940,56600,279.6
23680,4940,56800,280.6
23690,4940,56600,279.6
23700,4940,56500,279.1
23710,4940,57400,283.6
23720,4936,56300,277.9
23730,4940,57500,284.1
23740,4936,56000,276.4
23750,4940,57600,284.5
23760,4936,55900,275.9
23770,4940,57500,284.1
23780,4940,55900,276.1
23790,4940,57500,284.1
23800,4936,55900,275.9
23810,4816,204500,984.9
23820,4936,56000,276.4
23830,4940,56900,281.1
23840,4936,56700,279.9
23850,4940,56900,281.1
23860,4936,56600,279.4
23870,4940,56900,281.1
23880,4936,56700,279.9
23890,4936,55900,275.9
23900,4940,57500,284.1
23910,4936,56000,276.4
23920,4940,57600,284.5
23930,4936,55900,275.9
23940,4940,57500,284.1
23950,4936,55900,275.9
23960,4940,57500,284.1
23970,4936,55900,275.9
23980,4940,57500,284.1
23990,4936,56000,276.4
24000,4940,57500,284.1
24010,4940,56400,278.6
24020,4936,56900,280.9
24030,4940,56600,279.6
24040,4940,56900,281.1
24050,4940,56600,279.6
24060,4936,55900,275.9
24070,4940,57500,284.1
24080,4936,56000,276.4
24090,4940,57600,284.5
24100,4936,55900,275.9
24110,4940,57600,284.5
24120,4936,55900,275.9
24130,4940,57500,284.1
24140,4936,55900,275.9
24150,4940,57600,284.5
24160,4936,56000,276.4
24170,4940,57600,284.5
24180,4940,56000,276.6
24190,4936,56900,280.9
24200,4936,56600,279.4
24210,4936,56900,280.9
24220,4936,56600,279.4
24230,4940,56300,278.1
24240,4940,57600,284.5
24250,4936,56000,276.4
24260,4940,57600,284.5
24270,4936,55900,275.9
24280,4940,57500,284.1
24290,4936,56000,276.4
24300,4940,57500,284.1
24310,4936,55900,275.9
24320,4708,113200,532.9
24331,4936,56000,276.4
24340,4940,57600,284.5
24350,4936,56000,276.4
24360,4940,56800,280.6
24370,4936,56500,278.9
24380,4936,56900,280.9
24390,4936,56600,279.4
24400,4936,56900,280.9
24410,4936,56800,280.4
24420,4936,56900,280.9
24430,4940,57500,284.1
24440,4936,56000,276.4
24450,4940,57500,284.1
24460,4936,55900,275.9
24470,4940,57500,284.1
24480,4936,55900,275.9
24490,4940,57600,284.5
24500,4936,55900,275.9
24510,4940,57500,284.1
24520,4936,56000,276.4
24530,4940,57400,283.6
24540,4936,56600,279.4
24550,4936,56900,280.9
24560,4936,56600,279.4
24570,4940,56900,281.1
24580,4940,56600,279.6
24590,4936,56000,276.4
24600,4940,57700,285.0
24610,4936,56000,276.4
24620,4940,57500,284.1
24630,4940,55900,276.1
24640,4940,57500,284.1
24650,4936,56000,276.4
24660,4940,57500,284.1
24670,4936,55900,275.9
24680,4940,57500,284.1
24690,4940,56000,276.6
24700,4940,57500,284.1
24710,4936,56000,276.4
24720,4940,56900,281.1
24730,4936,56500,278.9
24740,4940,56900,281.1
24750,4940,56600,279.6
24760,4936,56000,276.4
24770,4936,57600,284.3
24780,4936,55900,275.9
24790,4940,57500,284.1
24800,4936,55900,275.9
24810,4936,57600,284.3
24820,4820,213700,1030.0
24830,4940,57500,284.1
24840,4936,55900,275.9
24850,4940,57600,284.5
24860,4936,56000,276.4
24870,4940,57600,284.5
24880,4936,55900,275.9
24890,4936,56900,280.9
24900,4936,56600,279.4
24910,4936,56800,280.4
24920,4936,56600,279.4
24930,4940,56800,280.6
24940,4940,57000,281.6
24950,4936,56700,279.9
24960,4940,57500,284.1
24970,4936,56000,276.4
24980,4940,57500,284.1
24990,4940,56000,276.6
25000,4940,57500,284.1
25010,4936,55900,275.9
25020,4940,57500,284.1
25030,4936,55900,275.9
25040,4940,57600,284.5
25050,4940,55900,276.1
25060,4940,57100,282.1
25070,4936,56700,279.9
25080,4940,56900,281.1
25090,4940,56600,279.6
25100,4940,56900,281.1
25110,4940,56600,279.6
25120,4936,55900,275.9
25130,4936,57500,283.8
25140,4936,56000,276.4
25150,4940,57500,284.1
25160,4936,55900,275.9
25170,4940,57500,284.1
25180,4940,56000,276.6
25190,4940,57500,284.1
25200,4936,55900,275.9
25210,4940,57600,284.5
25220,4936,55900,275.9
25230,4940,57500,284.1
25240,4936,56000,276.4
25250,4940,56900,281.1
25260,4936,56600,279.4
25270,4940,56900,281.1
25280,4936,56600,279.4
25290,4940,56000,276.6
25300,4940,57500,284.1
25310,4936,55900,275.9
25320,4792,143100,685.7
25330,4936,55900,275.9
25340,4940,57500,284.1
25350,4936,55900,275.9
25360,4940,57500,284.1
25370,4936,56000,276.4
25380,4940,57500,284.1
25390,4936,55900,275.9
25400,4940,57500,284.1
25410,4936,55900,275.9
25420,4940,57000,281.6
25430,4936,56600,279.4
25440,4940,56900,281.1
25450,4936,56600,279.4
25460,4936,56700,279.9
25470,4936,57300,282.8
25480,4936,56600,279.4
25490,4940,57600,284.5
25500,4936,56000,276.4
25510,4940,57500,284.1
25520,4936,55900,275.9
25530,4940,57500,284.1
25540,4936,55900,275.9
25550,4940,57600,284.5
25560,4936,55900,275.9
25570,4940,57500,284.1
25580,4936,55900,275.9
25590,4940,56800,280.6
25600,4936,56600,279.4
25610,4936,56800,280.4
25620,4936,56600,279.4
25630,4940,56800,280.6
25640,4936,56600,279.4
25650,4936,56800,280.4
25660,4940,57500,284.1
25670,4936,55900,275.9
25680,4940,57500,284.1
25690,4936,56000,276.4
25700,4940,57500,284.1
25710,4936,56000,276.4
25720,4940,57500,284.1
25730,4936,55900,275.9
25740,4940,57500,284.1
25750,4936,56000,276.4
25760,4940,57600,284.5
25770,4936,56300,277.9
25780,4940,56900,281.1
25790,4936,56600,279.4
25800,4936,57000,281.4
25810,4936,56600,279.4
25820,4812,141200,679.5
25830,4940,57600,284.5
25840,4936,56000,276.4
25850,4940,57500,284.1
25860,4936,55900,275.9
25870,4940,57500,284.1
25880,4936,55900,275.9
25890,4940,57600,284.5
25900,4936,55900,275.9
25910,4940,57600,284.5
25920,4936,56000,276.4
25930,4940,57600,284.5
25940,4940,56000,276.6
25950,4936,57000,281.4
25960,4940,56700,280.1
25970,4936,56900,280.9
25980,4940,56600,279.6
25990,4940,56500,279.1
26000,4936,57500,283.8
26010,4936,56200,277.4
26020,4940,57500,284.1
26034,4936,55900,275.9
26040,4940,57500,284.1
26050,4936,55900,275.9
26060,4940,57500,284.1
26070,4936,55900,275.9
26080,4940,57500,284.1
26090,4936,56000,276.4
26100,4940,57500,284.1
26110,4936,56000,276.4
26120,4940,56900,281.1
26130,4936,56600,279.4
26140,4940,56900,281.1
26150,4940,56600,279.6
26160,4940,56900,281.1
26170,4936,56700,279.9
26180,4936,56900,280.9
26190,4936,57500,283.8
26200,4936,55900,275.9
26210,4940,57500,284.1
26220,4936,56000,276.4
26230,4940,57400,283.6
26240,4936,55900,275.9
26250,4940,57500,284.1
26260,4936,55900,275.9
26270,4940,57500,284.1
26280,4936,55900,275.9
26290,4940,57300,283.1
26300,4936,56600,279.4
26310,4940,56900,281.1
26320,4936,56600,279.4
26330,4816,145700,701.7
26340,4936,56600,279.4
26350,4936,56000,276.4
26360,4940,57600,284.5
26370,4936,55900,275.9
26380,4940,57500,284.1
26390,4936,56100,276.9
26400,4940,57500,284.1
26410,4936,55900,275.9
26420,4940,57500,284.1
26430,4936,55900,275.9
26440,4940,57600,284.5
26450,4936,55900,275.9
26460,4940,57600,284.5
26470,4936,55900,275.9
26480,4940,57000,281.6
26490,4940,56600,279.6
26500,4940,56900,281.1
26510,4936,56600,279.4
26520,4940,56200,277.6
26530,4940,57600,284.5
26540,4936,55900,275.9
26550,4940,57600,284.5
26560,4936,56000,276.4
26570,4940,57600,284.5
26580,4936,55900,275.9
26590,4940,57600,284.5
26600,4940,56000,276.6
26610,4940,57600,284.5
26620,4936,56000,276.4
26630,4940,57500,284.1
26640,4936,56000,276.4
26650,4936,56900,280.9
26660,4936,56600,279.4
26670,4940,56900,281.1
26680,4940,56600,279.6
26690,4940,56900,281.1
26700,4940,57000,281.6
26710,4936,56800,280.4
26720,4940,57600,284.5
26730,4936,56000,276.4
26740,4940,57500,284.1
26750,4940,56000,276.6
26760,4940,57500,284.1
26770,4936,56000,276.4
26780,4940,57500,284.1
26790,4936,56000,276.4
26800,4940,57500,284.1
26810,4936,55900,275.9
26820,4940,57200,282.6
26830,4936,56700,279.9
26840,4820,132900,640.6
26850,4936,56600,279.4
26860,4936,56900,280.9
26870,4936,56600,279.4
26880,4940,55900,276.1
26890,4940,57500,284.1
26900,4936,56000,276.4
26910,4940,57500,284.1
26920,4936,56000,276.4
26930,4940,57600,284.5
26940,4936,55900,275.9
26950,4940,57500,284.1
26960,4936,56000,276.4
26970,4940,57600,284.5
26980,4936,55900,275.9
26990,4940,57500,284.1
27000,4936,56000,276.4
27010,4940,56800,280.6
27020,4940,56600,279.6
27030,4936,56900,280.9
27040,4936,56600,279.4
27050,4940,56000,276.6
27060,4936,57500,283.8
27070,4936,55900,275.9
27080,4940,57600,284.5
27090,4936,56000,276.4
27100,4940,57500,284.1
27110,4936,55900,275.9
27120,4940,57500,284.1
27130,4940,55900,276.1
27140,4940,57600,284.5
27150,4936,56000,276.4
27160,4940,57500,284.1
27170,4936,56000,276.4
27180,4936,56900,280.9
27190,4940,56600,279.6
27200,4936,56900,280.9
27210,4936,56600,279.4
27220,4940,56700,280.1
27230,4936,57300,282.8
27240,4936,56500,278.9
27250,4940,57600,284.5
27260,4936,55900,275.9
27270,4940,57500,284.1
27280,4860,64500,313.5
27290,4940,57600,284.5
27300,4936,56000,276.4
27310,4940,57500,284.1
27320,4936,56000,276.4
27330,4940,57500,284.1
27340,4936,55900,275.9
27350,4940,57000,281.6
27360,4936,56700,279.9
27370,4940,56900,281.1
27380,4936,56600,279.4
27390,4824,211400,1019.8
27400,4940,56600,279.6
27410,4936,56000,276.4
27420,4940,57600,284.5
27430,4936,56000,276.4
27440,4940,57500,284.1
27450,4936,55900,275.9
27460,4940,57500,284.1
27470,4936,55900,275.9
27480,4940,57600,284.5
27490,4940,58900,291.0
27500,4940,57500,284.1
27510,4936,55900,275.9
27520,4940,57600,284.5
27530,4936,55900,275.9
27540,4936,56800,280.4
27550,4940,56600,279.6
27560,4940,56900,281.1
27570,4936,56500,278.9
27580,4940,56000,276.6
27590,4936,57600,284.3
27600,4792,141300,677.1
27610,4940,57600,284.5
27620,4936,56000,276.4
27630,4940,57600,284.5
27640,4936,56000,276.4
27650,4940,57600,284.5
27660,4936,55900,275.9
27670,4940,57600,284.5
27680,4936,56000,276.4
27690,4940,57600,284.5
27700,4816,139500,671.8
27710,4940,56900,281.1
27720,4936,56600,279.4
27730,4940,56900,281.1
27741,4940,56800,280.6
27750,4940,56800,280.6
27760,4936,57000,281.4
27770,4936,56800,280.4
27780,4940,57400,283.6
27790,4936,55900,275.9
27800,4940,57500,284.1
27810,4876,56000,273.1
27820,4940,57500,284.1
27830,4936,56000,276.4
27840,4940,57600,284.5
27850,4936,56000,276.4
27860,4940,57500,284.1
27870,4936,56000,276.4
27880,4940,57400,283.6
27890,4936,56600,279.4
27900,4936,56900,280.9
27910,4720,140500,663.2
27920,4940,57000,281.6
27930,4940,56700,280.1
27940,4936,56000,276.4
27950,4940,57600,284.5
27960,4936,56000,276.4
27970,4940,57600,284.5
27980,4936,55900,275.9
27990,4940,57500,284.1
28000,4936,56000,276.4
28010,4824,132300,638.2
28020,4936,56000,276.4
28030,4940,57500,284.1
28040,4936,56000,276.4
28050,4940,57600,284.5
28060,4936,55900,275.9
28070,4940,56900,281.1
28080,4940,56600,279.6
28090,4940,56900,281.1
28100,4940,56600,279.6
28110,4940,56300,278.1
28120,4708,176600,831.4
28130,4936,56200,277.4
28140,4940,57600,284.5
28150,4936,56000,276.4
28160,4940,57600,284.5
28170,4936,55900,275.9
28180,4940,57500,284.1
28190,4936,56000,276.4
28200,4940,57600,284.5
28210,4936,56000,276.4
28220,4936,96100,474.3
28230,4936,56000,276.4
28240,4940,56900,281.1
28250,4936,56600,279.4
28260,4940,56900,281.1
28270,4936,56600,279.4
28280,4936,56900,280.9
28290,4940,56700,280.1
28300,4936,56900,280.9
28310,4940,57500,284.1
28320,4928,58800,289.8
28330,4940,57600,284.5
28340,4936,56000,276.4
28350,4940,57600,284.5
28360,4936,56000,276.4
28370,4940,57600,284.5
28380,4936,55900,275.9
28390,4940,57600,284.5
28400,4936,55900,275.9
28410,4940,57500,284.1
28420,4936,56400,278.4
28430,4756,88200,419.5
28440,4940,56600,279.6
28450,4936,56900,280.9
28460,4940,56600,279.6
28470,4940,56000,276.6
28480,4936,57500,283.8
28490,4936,56000,276.4
28500,4940,57600,284.5
28510,4936,56000,276.4
28520,4940,57600,284.5
28530,4864,154900,753.4
28540,4940,57600,284.5
28550,4936,56000,276.4
28560,4940,57600,284.5
28570,4936,56100,276.9
28580,4940,57500,284.1
28590,4936,56000,276.4
28600,4936,56900,280.9
28610,4936,56700,279.9
28620,4936,57000,281.4
28630,4936,57100,281.8
28640,4940,56800,280.6
28650,4936,57400,283.3
28660,4936,56600,279.4
28670,4940,57600,284.5
28680,4936,56000,276.4
28690,4940,57600,284.5
28700,4940,55900,276.1
28710,4936,57600,284.3
28720,4936,55900,275.9
28730,4940,57600,284.5
28740,4816,141100,679.5
28750,4940,57600,284.5
28760,4936,56000,276.4
28770,4940,57000,281.6
28780,4936,56700,279.9
28790,4940,56900,281.1
28800,4936,56600,279.4
28810,4940,56900,281.1
28820,4936,56700,279.9
28830,4936,56900,280.9
28840,4940,57500,284.1
28850,4820,132500,638.7
28860,4940,57600,284.5
28870,4936,56000,276.4
28880,4940,57500,284.1
28890,4936,56000,276.4
28900,4940,57600,284.5
28910,4936,56000,276.4
28920,4940,57600,284.5
28930,4936,55900,275.9
28940,4940,57600,284.5
28950,4936,56100,276.9
28960,4752,92100,437.7
28970,4940,56600,279.6
28980,4940,56900,281.1
28990,4936,56700,279.9
29000,4936,56000,276.4
29010,4936,57600,284.3
29020,4936,56000,276.4
29030,4940,57500,284.1
29040,4936,56000,276.4
29050,4940,57600,284.5
29060,4872,154700,753.7
29070,4940,57600,284.5
29080,4936,56000,276.4
29090,4940,57600,284.5
29100,4936,56000,276.4
29110,4940,57600,284.5
29120,4936,56000,276.4
29130,4936,57000,281.4
29140,4936,56600,279.4
29150,4940,56900,281.1
29160,4936,56600,279.4
29170,4812,145700,701.1
29180,4940,57000,281.6
29190,4936,56900,280.9
29200,4940,57500,284.1
29210,4940,55900,276.1
29220,4940,57600,284.5
29230,4940,56000,276.6
29240,4940,57600,284.5
29250,4936,56000,276.4
29260,4940,57600,284.5
29270,4936,56000,276.4
29280,4816,209000,1006.5
29290,4936,56000,276.4
29300,4940,57300,283.1
29310,4940,56700,280.1
29320,4940,56900,281.1
29330,4936,56600,279.4
29340,4940,56900,281.1
29350,4936,56500,278.9
29360,4936,56900,280.9
29370,4940,57600,284.5
29380,4812,142300,684.7
29390,4940,57600,284.5
29400,4936,56000,276.4
29410,4940,57500,284.1
29420,4936,56000,276.4
29430,4940,57500,284.1
29441,4936,56000,276.4
29450,4940,57500,284.1
29460,4936,55900,275.9
29470,4940,57600,284.5
29480,4936,56000,276.4
29490,4828,134500,649.4
29500,4936,56600,279.4
29510,4940,57000,281.6
29520,4940,56700,280.1
29530,4940,56200,277.6
29540,4940,57600,284.5
29550,4936,56100,276.9
29560,4940,57500,284.1
29570,4936,56000,276.4
29580,4940,57500,284.1
29590,4812,140400,675.6
29600,4940,57600,284.5
29610,4936,56000,276.4
29620,4936,57600,284.3
29630,4936,55900,275.9
29640,4936,57600,284.3
29650,4936,56000,276.4
29660,4940,56800,280.6
29670,4936,56600,279.4
29680,4940,56800,280.6
29690,4936,56600,279.4
29700,4828,128900,622.3
29710,4940,56700,280.1
29720,4936,56900,280.9
29730,4940,57500,284.1
29740,4936,56000,276.4
29750,4940,57500,284.1
29760,4936,56000,276.4
29770,4940,57500,284.1
29780,4936,55900,275.9
29790,4940,57600,284.5
29800,4936,58900,290.7
29810,4940,57500,284.1
29820,4936,56000,276.4
29830,4940,57500,284.1
29840,4936,56400,278.4
29850,4936,56900,280.9
29860,4936,56600,279.4
29870,4940,56900,281.1
29880,4936,56600,279.4
29890,4940,56900,281.1
29900,4940,57600,284.5
29910,4804,141500,679.8
29920,4940,57500,284.1
29930,4936,55900,275.9
29940,4940,57600,284.5
29950,4940,56000,276.6
29960,4940,57600,284.5
29970,4936,56000,276.4
29980,4940,57500,284.1
29990,4936,55900,275.9
30000,4940,57500,284.1
30010,4936,55900,275.9
30020,4824,138100,666.2
30030,4936,56600,279.4
30040,4940,56900,281.1
30050,4940,56600,279.6
30060,4940,56500,279.1
30070,4940,57500,284.1
30080,4936,56300,277.9
30090,4940,57600,284.5
30100,4936,56000,276.4
30110,4940,57600,284.5
30120,4880,156300,762.7
30130,4940,57600,284.5
30140,4936,56000,276.4
30150,4940,57600,284.5
30160,4936,55900,275.9
30170,4940,57600,284.5
30180,4936,55900,275.9
30190,4940,56900,281.1
30200,4936,56600,279.4
30210,4936,56900,280.9
30220,4940,58900,291.0
30230,4940,56900,281.1
30240,4936,56600,279.4
30250,4936,56900,280.9
30260,4940,57600,284.5
30270,4936,55900,275.9
30280,4940,57500,284.1
30290,4936,56000,276.4
30300,4940,57500,284.1
30310,4936,56000,276.4
30320,4936,57600,284.3
30330,4896,56000,274.2
30340,4940,57600,284.5
30350,4936,56000,276.4
30360,4936,57600,284.3
30370,4936,56200,277.4
30380,4936,56900,280.9
30390,4940,56600,279.6
30400,4940,56900,281.1
30410,4936,56600,279.4
30420,4940,56800,280.6
30430,4932,57800,285.1
30440,4936,55900,275.9
30450,4940,57600,284.5
30460,4936,56000,276.4
30470,4940,57600,284.5
30480,4936,56000,276.4
30490,4940,57600,284.5
30500,4936,56000,276.4
30510,4940,57600,284.5
30520,4936,56000,276.4
30530,4940,57600,284.5
30540,4712,129900,612.1
30550,4940,57000,281.6
30560,4936,56700,279.9
30570,4940,56900,281.1
30580,4936,56600,279.4
30590,4940,56800,280.6
30600,4936,57200,282.3
30610,4936,56600,279.4
30620,4940,57600,284.5
30630,4936,55900,275.9
30640,4816,146900,707.5
30650,4940,56000,276.6
30660,4940,57500,284.1
30670,4936,55900,275.9
30680,4940,57500,284.1
30690,4936,56000,276.4
30700,4940,57500,284.1
30710,4936,56000,276.4
30720,4936,57100,281.8
30730,4936,56700,279.9
30740,4812,142500,685.7
30750,4936,56700,279.9
30760,4940,56900,281.1
30770,4940,56700,280.1
30780,4936,56900,280.9
30790,4940,57600,284.5
30800,4936,55900,275.9
30810,4940,57600,284.5
30820,4936,56000,276.4
30830,4940,57500,284.1
30840,4936,56000,276.4
30850,4816,147300,709.4
30860,4936,56000,276.4
30870,4940,57600,284.5
30880,4936,56000,276.4
30890,4940,57500,284.1
30900,4936,56000,276.4
30910,4936,56900,280.9
30920,4936,56600,279.4
30930,4936,56900,280.9
30940,4936,56700,279.9
30950,4816,142400,685.8
30960,4940,57700,285.0
30970,4936,56000,276.4
30980,4940,57500,284.1
30990,4936,55900,275.9
31000,4936,57500,283.8
31010,4940,56000,276.6
31020,4940,57600,284.5
31030,4936,55900,275.9
31040,4940,57500,284.1
31050,4936,56000,276.4
31060,4828,135200,652.7
31070,4936,56000,276.4
31080,4940,56800,280.6
31090,4936,56600,279.4
31100,4940,56900,281.1
31110,4940,56600,279.6
31120,4940,56900,281.1
31130,4940,56900,281.1
31141,4936,56000,276.4
31150,4940,57600,284.5
31160,4824,208700,1006.8
31170,4940,57500,284.1
31180,4936,55900,275.9
31190,4940,57600,284.5
31200,4940,55900,276.1
31210,4940,57600,284.5
31220,4936,56000,276.4
31230,4940,57500,284.1
31240,4936,56000,276.4
31250,4940,57300,283.1
31260,4820,147200,709.5
31270,4940,56900,281.1
31280,4936,56600,279.4
31290,4940,56900,281.1
31300,4940,56600,279.6
31310,4936,56900,280.9
31320,4940,57600,284.5
31330,4936,56000,276.4
31340,4940,57600,284.5
31350,4936,56000,276.4
31360,4936,57500,283.8
31370,4808,142000,682.7
31380,4940,57600,284.5
31390,4936,56000,276.4
31400,4940,57600,284.5
31410,4936,56000,276.4
31420,4940,57600,284.5
31430,4936,56000,276.4
31440,4936,56900,280.9
31450,4940,56600,279.6
31460,4936,56900,280.9
31470,4812,142800,687.2
31480,4940,56400,278.6
31490,4936,57500,283.8
31500,4936,56200,277.4
31510,4940,57600,284.5
31520,4936,56000,276.4
31530,4940,57600,284.5
31540,4936,56000,276.4
31550,4940,57500,284.1
31560,4940,56000,276.6
31570,4940,57600,284.5
31580,4748,152700,725.0
31590,4940,57600,284.5
31600,4936,56000,276.4
31610,4940,56800,280.6
31620,4936,56600,279.4
31630,4940,56900,281.1
31640,4936,56700,279.9
31650,4940,56900,281.1
31660,4940,56700,280.1
31670,4936,56900,280.9
31680,4816,141400,681.0
31690,4936,56000,276.4
31700,4940,57600,284.5
31710,4936,56000,276.4
31720,4940,57600,284.5
31730,4936,56000,276.4
31740,4940,57600,284.5
31750,4936,56000,276.4
31760,4940,57500,284.1
31770,4936,56000,276.4
31780,4940,57500,284.1
31790,4820,135600,653.6
31800,4940,57000,281.6
31810,4940,56600,279.6
31820,4936,56900,280.9
31830,4936,56600,279.4
31840,4940,56900,281.1
31850,4940,57500,284.1
31860,4936,55900,275.9
31870,4940,57500,284.1
31880,4936,56000,276.4
31890,4936,65300,322.3
31900,4936,56000,276.4
31910,4940,57600,284.5
31920,4936,56000,276.4
31930,4940,57600,284.5
31940,4936,56000,276.4
31950,4940,57600,284.5
31960,4936,56000,276.4
31970,4936,56900,280.9
31980,4940,56700,280.1
31990,4936,56900,280.9
32000,4772,181900,868.0
32010,4940,56700,280.1
32020,4936,57400,283.3
32030,4936,56500,278.9
32040,4940,57500,284.1
32050,4936,56000,276.4
32060,4940,57600,284.5
32070,4936,56000,276.4
32080,4940,57500,284.1
32090,4936,56000,276.4
32100,4824,132400,638.7
32110,4936,56000,276.4
32120,4940,57600,284.5
32130,4936,56000,276.4
32140,4940,56900,281.1
32150,4936,56700,279.9
32160,4940,56900,281.1
32170,4936,56600,279.4
32180,4940,56900,281.1
32190,4940,56600,279.6
32200,4816,141800,682.9
32210,4940,57500,284.1
32220,4936,56000,276.4
32230,4940,57600,284.5
32240,4936,56000,276.4
32250,4940,57600,284.5
32260,4936,56000,276.4
32270,4940,57600,284.5
32280,4936,56000,276.4
32290,4940,57600,284.5
32300,4936,58900,290.7
32310,4940,57600,284.5
32320,4936,56100,276.9
32330,4940,57000,281.6
32340,4940,56600,279.6
32350,4940,57000,281.6
32360,4940,56600,279.6
32370,4940,57000,281.6
32380,4936,57600,284.3
32390,4936,55900,275.9
32400,4940,57500,284.1
32410,4816,158000,760.9
32420,4940,57600,284.5
32430,4936,56000,276.4
32440,4940,57500,284.1
32450,4936,56000,276.4
32460,4940,57600,284.5
32470,4936,56000,276.4
32480,4940,57600,284.5
32490,4940,56000,276.6
32500,4940,56900,281.1
32510,4940,59600,294.4
32520,4936,56900,280.9
32530,4940,56700,280.1
32540,4940,56800,280.6
32550,4940,57100,282.1
32560,4936,56700,279.9
32570,4940,57600,284.5
32580,4936,55900,275.9
32590,4940,57500,284.1
32600,4936,55900,275.9
32610,4936,57600,284.3
32620,4808,142200,683.7
32630,4940,57600,284.5
32640,4936,55900,275.9
32650,4940,57500,284.1
32660,4936,55900,275.9
32670,4940,57200,282.6
32680,4936,56700,279.9
32690,4936,56900,280.9
32700,4940,56600,279.6
32710,4940,57000,281.6
32720,4936,56700,279.9
32730,4776,184700,882.1
32740,4936,57600,284.3
32750,4936,56000,276.4
32760,4940,57500,284.1
32770,4936,56000,276.4
32780,4940,57600,284.5
32790,4936,56000,276.4
32800,4940,57600,284.5
32810,4936,55900,275.9
32820,4940,57600,284.5
32830,4936,56000,276.4
32841,4940,57600,284.5
32850,4936,56100,276.9
32860,4936,56900,280.9
32870,4940,56700,280.1
32880,4940,56900,281.1
32890,4936,56600,279.4
32900,4936,57000,281.4
32910,4936,57600,284.3
32920,4936,56000,276.4
32930,4936,57600,284.3
32940,4820,134400,647.8
32950,4940,57600,284.5
32960,4936,56000,276.4
32970,4940,57600,284.5
32980,4936,56000,276.4
32990,4940,57600,284.5
33000,4940,56000,276.6
33010,4936,57600,284.3
33020,4936,56000,276.4
33030,4940,56900,281.1
33040,4936,56600,279.4
33050,4936,56900,280.9
33060,4936,56600,279.4
33070,4936,56900,280.9
33080,4936,56800,280.4
33090,4936,56900,280.9
33100,4940,57600,284.5
33110,4936,56000,276.4
33120,4940,57600,284.5
33130,4936,56000,276.4
33140,4940,57600,284.5
33150,4884,155700,760.4
33160,4940,57600,284.5
33170,4936,56000,276.4
33180,4940,57600,284.5
33190,4936,56000,276.4
33200,4940,57500,284.1
33210,4936,56600,279.4
33220,4936,56900,280.9
33230,4936,56600,279.4
33240,4940,56900,281.1
33250,4936,56700,279.9
33260,4816,143100,689.2
33270,4936,57500,283.8
33280,4936,56000,276.4
33290,4940,57600,284.5
33300,4940,56000,276.6
33310,4940,57600,284.5
33320,4936,56000,276.4
33330,4940,57600,284.5
33340,4936,55900,275.9
33350,4940,57600,284.5
33360,4936,56100,276.9
33370,4812,135100,650.1
33380,4936,56000,276.4
33390,4940,57000,281.6
33400,4940,56700,280.1
33410,4936,56900,280.9
33420,4936,56600,279.4
33430,4936,56400,278.4
33440,4940,57500,284.1
33450,4936,56300,277.9
33460,4940,57600,284.5
33470,4812,136900,658.8
33480,4940,57600,284.5
33490,4936,56000,276.4
33500,4940,57600,284.5
33510,4936,56000,276.4
33520,4940,57600,284.5
33530,4936,56000,276.4
33540,4940,57500,284.1
33550,4936,56000,276.4
33560,4940,56800,280.6
33570,4936,56600,279.4
33580,4828,160100,773.0
33590,4936,56600,279.4
33600,4940,56900,281.1
33610,4936,56600,279.4
33620,4936,56900,280.9
33630,4940,57500,284.1
33640,4936,55900,275.9
33650,4940,57500,284.1
33660,4936,55900,275.9
33670,4940,57500,284.1
33680,4812,142500,685.7
33690,4940,57600,284.5
33700,4936,56000,276.4
33710,4940,57600,284.5
33720,4936,56000,276.4
33730,4940,57600,284.5
33740,4936,56200,277.4
33750,4940,57000,281.6
33760,4936,56600,279.4
33770,4936,56900,280.9
33780,4936,56700,279.9
33790,4816,143200,689.7
33800,4936,57600,284.3
33810,4936,55900,275.9
33820,4940,57600,284.5
33830,4936,56000,276.4
33840,4940,57600,284.5
33850,4936,56000,276.4
33860,4940,57500,284.1
33870,4936,56000,276.4
33880,4940,57600,284.5
33890,4936,56000,276.4
33900,4772,136100,649.5
33910,4936,55900,275.9
33920,4936,57000,281.4
33930,4940,56700,280.1
33940,4940,56900,281.1
33950,4936,56700,279.9
33960,4940,56800,280.6
33970,4936,57300,282.8
33980,4936,56600,279.4
33990,4940,57600,284.5
34000,4816,157700,759.5
34010,4940,57600,284.5
34020,4936,55900,275.9
34030,4940,57600,284.5
34040,4936,56000,276.4
34050,4936,57600,284.3
34060,4936,55900,275.9
34070,4940,57600,284.5
34080,4936,56000,276.4
34090,4940,57000,281.6
34100,4936,56700,279.9
34110,4828,137700,664.8
34120,4936,56600,279.4
34130,4936,56900,280.9
34140,4936,56700,279.9
34150,4936,56900,280.9
34160,4940,57600,284.5
34170,4936,56000,276.4
34180,4940,57600,284.5
34190,4936,56000,276.4
34200,4940,57600,284.5
34210,4812,141400,680.4
34220,4940,57600,284.5
34230,4936,56000,276.4
34240,4940,57500,284.1
34250,4936,56000,276.4
34260,4940,57500,284.1
34270,4936,56100,276.9
34280,4932,90600,446.8
34290,4920,56600,278.5
34300,4940,57000,281.6
34310,4936,56600,279.4
34320,4936,56900,280.9
34330,4940,57600,284.5
34340,4940,56000,276.6
34350,4940,57600,284.5
34360,4936,55900,275.9
34370,4940,57600,284.5
34380,4936,55900,275.9
34390,4940,57500,284.1
34400,4936,56000,276.4
34410,4940,57500,284.1
34420,4936,56000,276.4
34430,4940,57600,284.5
34440,4936,55900,275.9
34450,4940,57000,281.6
34460,4936,56600,279.4
34470,4940,56900,281.1
34480,4936,56600,279.4
34490,4940,56900,281.1
34500,4936,57200,282.3
34510,4936,56700,279.9
34520,4940,57600,284.5
34530,4936,56000,276.4
34541,4940,57600,284.5
34550,4936,56000,276.4
34560,4940,57600,284.5
34570,4936,56000,276.4
34580,4940,57500,284.1
34590,4936,55900,275.9
34600,4940,57600,284.5
34610,4936,56000,276.4
34620,4940,57000,281.6
34630,4936,56700,279.9
34640,4936,56900,280.9
34650,4936,56600,279.4
34660,4936,56900,280.9
34670,4940,56700,280.1
34680,4936,56900,280.9
34690,4940,57500,284.1
34700,4936,56000,276.4
34710,4940,57500,284.1
34720,4936,55900,275.9
34730,4940,57500,284.1
34740,4936,56000,276.4
34750,4940,57500,284.1
34760,4936,55900,275.9
34770,4940,57600,284.5
34780,4936,56000,276.4
34790,4936,82200,405.7
34800,4936,56100,276.9
34810,4940,56900,281.1
34820,4936,56700,279.9
34830,4940,56900,281.1
34840,4936,56600,279.4
34850,4936,57000,281.4
34860,4940,57500,284.1
34870,4936,56000,276.4
34880,4940,57600,284.5
34890,4936,56000,276.4
34900,4940,57500,284.1
34910,4936,55900,275.9
34920,4940,57600,284.5
34930,4936,55900,275.9
34940,4940,57600,284.5
34950,4936,56000,276.4
34960,4936,57600,284.3
34970,4936,56000,276.4
34980,4940,56900,281.1
34990,4936,56600,279.4
35000,4940,56900,281.1
35010,4940,56600,279.6
35020,4936,56900,280.9
35030,4940,57500,284.1
35040,4936,56400,278.4
35050,4940,57500,284.1
35060,4936,56000,276.4
35070,4940,57500,284.1
35080,4936,56000,276.4
35090,4940,57600,284.5
35100,4936,56000,276.4
35110,4940,57500,284.1
35120,4936,56000,276.4
35130,4940,57600,284.5
35140,4940,56000,276.6
35150,4940,56800,280.6
35160,4936,56600,279.4
35170,4936,56900,280.9
35180,4936,56600,279.4
35190,4940,56900,281.1
35200,4936,56700,279.9
35210,4936,56900,280.9
35220,4940,57600,284.5
35230,4936,55900,275.9
35240,4940,57600,284.5
35250,4936,55900,275.9
35260,4940,57500,284.1
35270,4936,56000,276.4
35280,4940,57500,284.1
35290,4936,55900,275.9
35300,4816,189600,913.1
35310,4936,56000,276.4
35320,4940,57500,284.1
35330,4936,56400,278.4
35340,4936,56900,280.9
35350,4936,56600,279.4
35360,4936,56900,280.9
35370,4936,56600,279.4
35380,4936,56900,280.9
35390,4936,57500,283.8
35400,4936,56000,276.4
35410,4940,57500,284.1
35420,4936,55900,275.9
35430,4940,57600,284.5
35440,4940,56000,276.6
35450,4940,57500,284.1
35460,4936,56000,276.4
35470,4940,57600,284.5
35480,4936,56000,276.4
35490,4940,57500,284.1
35500,4936,56000,276.4
35510,4940,56900,281.1
35520,4940,56600,279.6
35530,4940,56900,281.1
35540,4936,56600,279.4
35550,4940,56900,281.1
35560,4936,57600,284.3
35570,4936,56000,276.4
35580,4940,57600,284.5
35590,4936,56000,276.4
35600,4940,57500,284.1
35610,4936,55900,275.9
35620,4940,57600,284.5
35630,4936,56000,276.4
35640,4940,57500,284.1
35650,4936,55900,275.9
35660,4940,57600,284.5
35670,4936,56000,276.4
35680,4940,56800,280.6
35690,4936,56600,279.4
35700,4936,56900,280.9
35710,4940,56700,280.1
35720,4940,56900,281.1
35730,4936,56900,280.9
35740,4936,56800,280.4
35750,4936,57500,283.8
35760,4936,56000,276.4
35770,4940,57500,284.1
35780,4820,71700,345.6
35790,4940,57500,284.1
35800,4936,56000,276.4
35810,4940,57600,284.5
35820,4936,55900,275.9
35830,4940,57600,284.5
35840,4936,55900,275.9
35850,4940,57400,283.6
35860,4936,56600,279.4
35870,4940,56900,281.1
35880,4940,56600,279.6
35890,4824,165800,799.8
35900,4940,56700,280.1
35910,4936,56900,280.9
35920,4940,57500,284.1
35930,4940,56000,276.6
35940,4940,57500,284.1
35950,4936,56000,276.4
35960,4936,57500,283.8
35970,4936,56000,276.4
35980,4940,57500,284.1
35990,4936,55900,275.9
36000,4772,135300,645.7
36010,4936,55900,275.9
36020,4940,57500,284.1
36030,4936,56000,276.4
36040,4940,56800,280.6
36050,4940,56600,279.6
36060,4940,56900,281.1
36070,4936,56600,279.4
36080,4940,56900,281.1
36090,4940,57600,284.5
36100,4936,57000,281.4
36110,4940,57600,284.5
36120,4936,56000,276.4
36130,4940,57600,284.5
36140,4936,56000,276.4
36150,4940,57500,284.1
36160,4936,56000,276.4
36170,4940,57500,284.1
36180,4936,56000,276.4
36190,4940,57500,284.1
36200,4936,55900,275.9
36210,4820,133700,644.4
36220,4936,56600,279.4
36230,4936,57000,281.4
36240,4940,56600,279.6
36251,4936,56900,280.9
36260,4936,56700,279.9
36270,4940,56900,281.1
36280,4940,57600,284.5
36290,4936,55900,275.9
36300,4940,57600,284.5
36310,4940,56000,276.6
36320,4708,150400,708.1
36330,4936,56000,276.4
36340,4940,57600,284.5
36350,4936,56000,276.4
36360,4940,57600,284.5
36370,4936,56000,276.4
36380,4940,57500,284.1
36390,4936,56300,277.9
36400,4940,57100,282.1
36410,4940,56600,279.6
36420,4816,145100,698.8
36430,4940,56600,279.6
36440,4936,56900,280.9
36450,4940,57500,284.1
36460,4936,56000,276.4
36470,4940,57600,284.5
36480,4936,56000,276.4
36490,4936,57600,284.3
36500,4936,56000,276.4
36510,4940,57500,284.1
36520,4936,55900,275.9
36530,4824,138400,667.6
36540,4936,56000,276.4
36550,4940,57500,284.1
36560,4936,56000,276.4
36570,4940,56900,281.1
36580,4940,56600,279.6
36590,4940,57000,281.6
36600,4936,56600,279.4
36610,4940,56900,281.1
36620,4936,57400,283.3
36630,4812,152500,733.8
36640,4940,57600,284.5
36650,4936,56000,276.4
36660,4940,57600,284.5
36670,4936,56000,276.4
36680,4940,57600,284.5
36690,4936,56000,276.4
36700,4940,57600,284.5
36710,4936,56000,276.4
36720,4940,57500,284.1
36730,4940,56000,276.6
36740,4940,56900,281.1
36750,4936,56700,279.9
36760,4936,57000,281.4
36770,4936,56600,279.4
36780,4936,57000,281.4
36790,4940,56600,279.6
36800,4936,56900,280.9
36810,4940,57600,284.5
36820,4936,56000,276.4
36830,4940,57600,284.5
36840,4908,157600,773.5
36850,4940,57600,284.5
36860,4936,56000,276.4
36870,4940,57600,284.5
36880,4936,56000,276.4
36890,4940,57500,284.1
36900,4936,55900,275.9
36910,4940,57600,284.5
36920,4936,56100,276.9
36930,4936,56900,280.9
36940,4940,59500,293.9
36950,4936,56900,280.9
36960,4940,56600,279.6
36970,4940,56900,281.1
36980,4940,57600,284.5
36990,4936,55900,275.9
37000,4940,57600,284.5
37010,4936,56000,276.4
37020,4940,57500,284.1
37030,4936,56000,276.4
37040,4940,57500,284.1
37050,4812,141200,679.5
37060,4940,57600,284.5
37070,4936,56000,276.4
37080,4940,57600,284.5
37090,4936,56000,276.4
37100,4940,56900,281.1
37110,4936,56600,279.4
37120,4940,57000,281.6
37130,4940,56600,279.6
37140,4940,56900,281.1
37150,4936,57200,282.3
37160,4820,206400,994.8
37170,4940,57600,284.5
37180,4936,56000,276.4
37190,4940,57600,284.5
37200,4936,56100,276.9
37210,4940,57600,284.5
37220,4936,55900,275.9
37230,4940,57500,284.1
37240,4940,55900,276.1
37250,4940,57600,284.5
37260,4816,140900,678.6
37270,4940,57300,283.1
37280,4936,56700,279.9
37290,4940,56900,281.1
37300,4940,56700,280.1
37310,4936,56900,280.9
37320,4940,56600,279.6
37330,4936,56900,280.9
37340,4940,57500,284.1
37350,4936,56000,276.4
37360,4940,57600,284.5
37370,4816,140000,674.2
37380,4940,57500,284.1
37390,4936,56000,276.4
37400,4940,57600,284.5
37410,4936,56000,276.4
37420,4940,57500,284.1
37430,4936,56000,276.4
37440,4940,57600,284.5
37450,4936,56000,276.4
37460,4940,56900,281.1
37470,4940,59000,291.5
37480,4940,57000,281.6
37490,4936,56600,279.4
37500,4936,56900,280.9
37510,4940,57600,284.5
37520,4936,56000,276.4
37530,4940,57600,284.5
37540,4936,55900,275.9
37550,4940,57600,284.5
37560,4936,56000,276.4
37570,4940,57500,284.1
37580,4816,195700,942.5
37590,4940,57500,284.1
37600,4936,56000,276.4
37610,4940,57600,284.5
37620,4936,56100,276.9
37630,4940,56900,281.1
37640,4936,56700,279.9
37650,4940,56900,281.1
37660,4936,56700,279.9
37670,4940,56900,281.1
37680,4716,133300,628.6
37690,4936,56900,280.9
37700,4940,57600,284.5
37710,4936,55900,275.9
37720,4940,57600,284.5
37730,4936,56000,276.4
37740,4940,57600,284.5
37750,4936,56000,276.4
37760,4940,57500,284.1
37770,4936,56000,276.4
37780,4940,57600,284.5
37790,4884,55900,273.0
37800,4940,57500,284.1
37810,4936,56500,278.9
37820,4940,57000,281.6
37830,4940,56600,279.6
37840,4940,56900,281.1
37850,4940,56700,280.1
37860,4936,56900,280.9
37870,4936,57600,284.3
37880,4936,56000,276.4
37890,4816,142900,688.2
37900,4940,56000,276.6
37910,4940,57500,284.1
37920,4936,55900,275.9
37930,4940,57600,284.5
37940,4936,55900,275.9
37951,4940,57600,284.5
37960,4936,56000,276.4
37970,4940,57500,284.1
37980,4936,56000,276.4
37990,4800,142500,684.0
38000,4940,56700,280.1
38010,4940,56900,281.1
38020,4940,56600,279.6
38030,4940,57000,281.6
38040,4940,57600,284.5
38050,4936,56200,277.4
38060,4940,57600,284.5
38070,4936,56000,276.4
38080,4940,57600,284.5
38090,4936,56000,276.4
38100,4816,149400,719.5
38110,4936,56000,276.4
38120,4940,57600,284.5
38130,4936,56100,276.9
38140,4940,57500,284.1
38150,4936,56000,276.4
38160,4940,56900,281.1
38170,4936,56600,279.4
38180,4940,56900,281.1
38190,4936,56700,279.9
38200,4804,140300,674.0
38210,4940,56700,280.1
38220,4936,56900,280.9
38230,4940,57600,284.5
38240,4936,55900,275.9
38250,4940,57600,284.5
38260,4936,55900,275.9
38270,4940,57600,284.5
38280,4936,55900,275.9
38290,4940,57600,284.5
38300,4936,58900,290.7
38310,4940,57600,284.5
38320,4936,55900,275.9
38330,4940,57600,284.5
38340,4936,56300,277.9
38350,4936,56800,280.4
38360,4940,56600,279.6
38370,4940,56900,281.1
38380,4936,56600,279.4
38390,4936,56900,280.9
38400,4940,57500,284.1
38410,4824,205900,993.3
38420,4940,57500,284.1
38430,4936,56000,276.4
38440,4940,57600,284.5
38450,4936,56000,276.4
38460,4940,57600,284.5
38470,4936,55900,275.9
38480,4940,57600,284.5
38490,4936,55900,275.9
38500,4940,57600,284.5
38510,4936,56000,276.4
38520,4708,127300,599.3
38530,4940,56600,279.6
38540,4936,56900,280.9
38550,4940,56600,279.6
38560,4940,57000,281.6
38570,4936,57400,283.3
38580,4936,56400,278.4
38590,4940,57600,284.5
38600,4936,56000,276.4
38610,4940,57600,284.5
38620,4740,145500,689.7
38630,4940,57600,284.5
38640,4936,56000,276.4
38650,4940,57600,284.5
38660,4936,56000,276.4
38670,4940,57600,284.5
38680,4940,56000,276.6
38690,4940,56900,281.1
38700,4936,56700,279.9
38710,4940,56900,281.1
38720,4816,141600,681.9
38730,4940,57000,281.6
38740,4936,56600,279.4
38750,4936,56900,280.9
38760,4940,57500,284.1
38770,4936,56000,276.4
38780,4940,57600,284.5
38790,4936,56000,276.4
38800,4940,57500,284.1
38810,4936,56000,276.4
38820,4940,57500,284.1
38830,4808,142200,683.7
38840,4940,57600,284.5
38850,4936,56000,276.4
38860,4940,57600,284.5
38870,4936,56100,276.9
38880,4936,57000,281.4
38890,4936,56600,279.4
38900,4940,56900,281.1
38910,4940,56600,279.6
38920,4940,56900,281.1
38930,4936,60600,299.1
38940,4936,55900,275.9
38950,4940,57600,284.5
38960,4936,56000,276.4
38970,4940,57500,284.1
38980,4936,56000,276.4
38990,4940,57600,284.5
39000,4936,56000,276.4
39010,4940,57600,284.5
39020,4936,55900,275.9
39030,4940,57600,284.5
39040,4808,142600,685.6
39050,4940,57000,281.6
39060,4936,56600,279.4
39070,4940,56900,281.1
39080,4940,56600,279.6
39090,4940,56900,281.1
39100,4940,57200,282.6
39110,4936,56600,279.4
39120,4940,57600,284.5
39130,4936,56000,276.4
39140,4796,143300,687.3
39150,4936,56000,276.4
39160,4940,57500,284.1
39170,4936,55900,275.9
39180,4940,57600,284.5
39190,4936,56000,276.4
39200,4940,57600,284.5
39210,4936,56000,276.4
39220,4940,57200,282.6
39230,4936,56700,279.9
39240,4936,56900,280.9
39250,4912,56600,278.0
39260,4940,56900,281.1
39270,4936,56600,279.4
39280,4936,57000,281.4
39290,4940,57600,284.5
39300,4936,56000,276.4
39310,4940,57600,284.5
39320,4936,56000,276.4
39330,4940,57600,284.5
39340,4936,56000,276.4
39350,4788,143200,685.6
39360,4936,56000,276.4
39370,4940,57600,284.5
39380,4936,56000,276.4
39390,4940,57500,284.1
39400,4936,56000,276.4
39410,4940,56900,281.1
39420,4940,56600,279.6
39430,4936,57000,281.4
39440,4936,56700,279.9
39450,4936,56900,280.9
39460,4716,133000,627.2
39470,4936,56000,276.4
39480,4940,57600,284.5
39490,4936,55900,275.9
39500,4940,57600,284.5
39510,4936,56000,276.4
39520,4940,57600,284.5
39530,4936,55900,275.9
39540,4940,57600,284.5
39550,4936,56000,276.4
39560,4816,146700,706.5
39570,4936,55900,275.9
39580,4928,75300,371.1
39590,4888,56700,277.1
39600,4940,57000,281.6
39610,4936,56600,279.4
39620,4940,57000,281.6
39630,4940,56800,280.6
39640,4936,56900,280.9
39651,4940,57600,284.5
39660,4936,56100,276.9
39670,4940,57500,284.1
39680,4936,56000,276.4
39690,4936,57500,283.8
39700,4936,56000,276.4
39710,4940,57500,284.1
39720,4936,56000,276.4
39730,4940,57500,284.1
39740,4936,56000,276.4
39750,4940,57400,283.6
39760,4936,56600,279.4
39770,4936,57000,281.4
39780,4940,56700,280.1
39790,4940,57000,281.6
39800,4940,56600,279.6
39810,4936,56800,280.4
39820,4936,57600,284.3
39830,4936,56000,276.4
39840,4940,57500,284.1
39850,4936,55900,275.9
39860,4940,57600,284.5
39870,4936,55900,275.9
39880,4940,57600,284.5
39890,4936,56000,276.4
39900,4940,57600,284.5
39910,4936,56000,276.4
39920,4940,57600,284.5
39930,4936,56000,276.4
39940,4936,56800,280.4
39950,4936,56600,279.4
39960,4940,56900,281.1
39970,4940,56700,280.1
39980,4936,56900,280.9
39990,4936,57600,284.3
40000,4936,56000,276.4
40010,4940,57500,284.1
40020,4936,56000,276.4
40030,4940,57500,284.1
40040,4936,56000,276.4
40050,4940,57600,284.5
40060,4936,56000,276.4
40070,4940,57600,284.5
40080,4936,56000,276.4
40090,4712,142400,671.0
40100,4936,56000,276.4
40110,4940,56900,281.1
40120,4936,56600,279.4
40130,4936,57000,281.4
40140,4940,56600,279.6
40150,4940,57000,281.6
40160,4940,57100,282.1
40170,4936,56700,279.9
40180,4940,57600,284.5
40190,4940,56000,276.6
40200,4936,57500,283.8
40210,4936,56000,276.4
40220,4940,57500,284.1
40230,4936,56000,276.4
40240,4936,57600,284.3
40250,4936,56000,276.4
40260,4940,57500,284.1
40270,4936,55900,275.9
40280,4940,57000,281.6
40290,4940,56600,279.6
40300,4940,56900,281.1
40310,4940,56600,279.6
40320,4940,56900,281.1
40330,4940,56600,279.6
40340,4936,56900,280.9
40350,4940,57500,284.1
40360,4940,56000,276.6
40370,4940,57500,284.1
40380,4936,56000,276.4
40390,4940,57500,284.1
40400,4936,55900,275.9
40410,4940,57500,284.1
40420,4936,56000,276.4
40430,4940,57600,284.5
40440,4936,55900,275.9
40450,4940,57500,284.1
40460,4936,56100,276.9
40470,4936,56900,280.9
40480,4940,56600,279.6
40490,4940,56800,280.6
40500,4940,56600,279.6
40510,4936,56900,280.9
40520,4940,57500,284.1
40530,4936,55900,275.9
40540,4940,57600,284.5
40550,4936,56000,276.4
40560,4940,57500,284.1
40570,4936,56000,276.4
40580,4940,57600,284.5
40590,4816,141000,679.1
40600,4940,57500,284.1
40610,4940,56000,276.6
40620,4940,57600,284.5
40630,4936,56000,276.4
40640,4940,56900,281.1
40650,4936,56700,279.9
40660,4940,56900,281.1
40670,4940,56700,280.1
40680,4936,56900,280.9
40690,4940,57400,283.6
40700,4936,56400,278.4
40710,4940,57600,284.5
40720,4936,56000,276.4
40730,4940,57500,284.1
40740,4936,55900,275.9
40750,4940,57600,284.5
40760,4936,55900,275.9
40770,4940,57500,284.1
40780,4936,55900,275.9
40790,4940,57500,284.1
40800,4936,56000,276.4
40810,4940,56800,280.6
40820,4940,56500,279.1
40830,4940,56900,281.1
40840,4936,56600,279.4
40850,4940,57000,281.6
40860,4940,56700,280.1
40870,4936,56900,280.9
40880,4940,57600,284.5
40890,4936,55900,275.9
40900,4940,57600,284.5
40910,4936,56000,276.4
40920,4940,57500,284.1
40930,4936,56000,276.4
40940,4940,57500,284.1
40950,4936,55900,275.9
40960,4940,57500,284.1
40970,4936,55900,275.9
40980,4940,57500,284.1
40990,4936,56400,278.4
41000,4936,56900,280.9
41010,4940,56600,279.6
41020,4936,56900,280.9
41030,4936,56600,279.4
41040,4940,56900,281.1
41050,4936,57600,284.3
41060,4936,55900,275.9
41070,4940,57500,284.1
41080,4936,56000,276.4
41090,4936,57500,283.8
41100,4828,56000,270.4
41110,4940,57500,284.1
41120,4936,55900,275.9
41130,4940,57600,284.5
41140,4936,55900,275.9
41150,4940,57600,284.5
41160,4936,55900,275.9
41170,4936,56900,280.9
41180,4940,56700,280.1
41190,4940,56900,281.1
41200,4936,56600,279.4
41210,4940,56900,281.1
41220,4936,57600,284.3
41230,4936,56100,276.9
41240,4940,57600,284.5
41250,4936,56000,276.4
41260,4940,57500,284.1
41270,4936,56000,276.4
41280,4940,57500,284.1
41290,4936,55900,275.9
41300,4940,57500,284.1
41310,4936,55900,275.9
41320,4940,57500,284.1
41330,4940,55900,276.1
41340,4940,56900,281.1
41350,4936,56600,279.4
41361,4936,56900,280.9
41370,4936,56600,279.4
41380,4936,56900,280.9
41390,4936,56800,280.4
41400,4936,56900,280.9
41410,4940,57500,284.1
41420,4936,55900,275.9
41430,4940,57500,284.1
41440,4936,55900,275.9
41450,4940,57600,284.5
41460,4936,56000,276.4
41470,4940,57500,284.1
41480,4940,55900,276.1
41490,4940,57500,284.1
41500,4936,55900,275.9
41510,4940,57300,283.1
41520,4936,56700,279.9
41530,4940,56900,281.1
41540,4936,56600,279.4
41550,4940,56900,281.1
41560,4936,56600,279.4
41570,4936,56900,280.9
41580,4940,57600,284.5
41590,4940,56000,276.6
41600,4816,143200,689.7
41610,4936,55900,275.9
41620,4940,57500,284.1
41630,4936,56000,276.4
41640,4940,57600,284.5
41650,4936,55900,275.9
41660,4940,57500,284.1
41670,4936,55900,275.9
41680,4936,57500,283.8
41690,4936,56000,276.4
41700,4940,56800,280.6
41710,4936,56500,278.9
41720,4940,56900,281.1
41730,4940,56600,279.6
41740,4940,56900,281.1
41750,4936,57500,283.8
41760,4936,55900,275.9
41770,4940,57500,284.1
41780,4936,55900,275.9
41790,4936,57600,284.3
41800,4936,55900,275.9
41810,4940,57600,284.5
41820,4936,55900,275.9
41830,4940,57600,284.5
41840,4936,55900,275.9
41850,4940,57600,284.5
41860,4936,55900,275.9
41870,4940,57000,281.6
41880,4936,56600,279.4
41890,4940,56900,281.1
41900,4940,56600,279.6
41910,4940,56900,281.1
41920,4936,57100,281.8
41930,4940,56700,280.1
41940,4940,57500,284.1
41950,4936,56000,276.4
41960,4940,57500,284.1
41970,4936,56000,276.4
41980,4940,57600,284.5
41990,4936,55900,275.9
42000,4940,57600,284.5
42010,4936,55900,275.9
42020,4940,57500,284.1
42030,4936,56000,276.4
42040,4940,57000,281.6
42050,4936,56600,279.4
42060,4940,56900,281.1
42070,4940,56600,279.6
42080,4940,56900,281.1
42090,4936,56600,279.4
42100,4812,141900,682.8
42110,4940,57600,284.5
42120,4936,56000,276.4
42130,4940,57600,284.5
42140,4936,55900,275.9
42150,4936,57500,283.8
42160,4936,55900,275.9
42170,4940,57500,284.1
42180,4936,56000,276.4
42190,4940,57500,284.1
42200,4936,56000,276.4
42210,4940,57500,284.1
42220,4936,56000,276.4
42230,4936,56900,280.9
42240,4936,56600,279.4
42250,4940,56900,281.1
42260,4940,56600,279.6
42270,4936,56800,280.4
42280,4936,57600,284.3
42290,4936,56000,276.4
42300,4940,57500,284.1
42310,4936,56000,276.4
42320,4940,57500,284.1
42330,4936,56000,276.4
42340,4940,57500,284.1
42350,4936,56000,276.4
42360,4940,57600,284.5
42370,4936,55900,275.9
42380,4940,57600,284.5
42390,4936,55900,275.9
42400,4940,56900,281.1
42410,4940,56700,280.1
42420,4940,56900,281.1
42430,4940,56600,279.6
42440,4936,56800,280.4
42450,4936,57500,283.8
42460,4936,56300,277.9
42470,4940,57500,284.1
42480,4936,56000,276.4
42490,4940,57600,284.5
42500,4936,56000,276.4
42510,4940,57500,284.1
42520,4936,55900,275.9
42530,4940,57500,284.1
42540,4936,55900,275.9
42550,4936,57600,284.3
42560,4936,55900,275.9
42570,4940,56800,280.6
42580,4936,56600,279.4
42590,4940,56900,281.1
42600,4940,56600,279.6
42610,4832,205000,990.6
42620,4936,56700,279.9
42630,4936,56900,280.9
42640,4940,57500,284.1
42650,4936,56100,276.9
42660,4940,57500,284.1
42670,4936,55900,275.9
42680,4940,57700,285.0
42690,4936,55900,275.9
42700,4940,57500,284.1
42710,4940,55900,276.1
42720,4940,57500,284.1
42730,4940,56000,276.6
42740,4940,57500,284.1
42750,4936,56400,278.4
42760,4940,56900,281.1
42770,4940,56600,279.6
42780,4940,56900,281.1
42790,4940,56600,279.6
42800,4936,56900,280.9
42810,4940,57500,284.1
42820,4936,56000,276.4
42830,4940,57600,284.5
42840,4936,55900,275.9
42850,4940,57600,284.5
42860,4936,56000,276.4
42870,4940,57600,284.5
42880,4936,56000,276.4
42890,4940,57600,284.5
42900,4936,55900,275.9
42910,4940,57500,284.1
42920,4936,56000,276.4
42930,4940,56900,281.1
42940,4940,56600,279.6
42950,4940,56900,281.1
42960,4936,56600,279.4
42970,4936,56900,280.9
42980,4940,57600,284.5
42990,4936,56100,276.9
43000,4940,57600,284.5
43010,4936,55900,275.9
43020,4940,57500,284.1
43030,4936,56000,276.4
43040,4940,57500,284.1
43050,4936,56000,276.4
43061,4940,57600,284.5
43070,4936,55900,275.9
43080,4940,57600,284.5
43090,4936,55900,275.9
43100,4940,56900,281.1
43110,4728,138100,652.9
43120,4940,56900,281.1
43130,4940,56600,279.6
43140,4936,56900,280.9
43150,4936,56800,280.4
43160,4936,56900,280.9
43170,4940,57600,284.5
43180,4936,55900,275.9
43190,4940,57600,284.5
43200,4936,56000,276.4
43210,4940,57500,284.1
43220,4936,55900,275.9
43230,4940,57600,284.5
43240,4940,55900,276.1
43250,4940,57500,284.1
43260,4936,56000,276.4
43270,4936,57300,282.8
43280,4936,56700,279.9
43290,4936,56900,280.9
43300,4936,56600,279.4
43310,4936,56900,280.9
43320,4936,56600,279.4
43330,4936,56900,280.9
43340,4940,57500,284.1
43350,4936,56000,276.4
43360,4940,57600,284.5
43370,4936,55900,275.9
43380,4940,57500,284.1
43390,4936,56000,276.4
43400,4940,57600,284.5
43410,4936,56000,276.4
43420,4940,57500,284.1
43430,4936,56000,276.4
43440,4940,57500,284.1
43450,4936,56000,276.4
43460,4936,56900,280.9
43470,4936,56600,279.4
43480,4940,56900,281.1
43490,4936,56600,279.4
43500,4940,56900,281.1
43510,4940,57500,284.1
43520,4936,55900,275.9
43530,4940,57600,284.5
43540,4936,56000,276.4
43550,4936,57600,284.3
43560,4940,56000,276.6
43570,4940,57500,284.1
43580,4936,55900,275.9
43590,4940,57600,284.5
43600,4936,56000,276.4
43610,4936,68200,336.6
43620,4936,56000,276.4
43630,4940,57000,281.6
43640,4936,56600,279.4
43650,4940,57000,281.6
43660,4940,56600,279.6
43670,4940,56900,281.1
43680,4936,57100,281.8
43690,4936,56700,279.9
43700,4940,57500,284.1
43710,4936,55900,275.9
43720,4940,57500,284.1
43730,4936,56000,276.4
43740,4940,57600,284.5
43750,4936,56000,276.4
43760,4940,57500,284.1
43770,4936,56000,276.4
43780,4940,57600,284.5
43790,4936,56000,276.4
43800,4940,57100,282.1
43810,4936,56600,279.4
43820,4936,56800,280.4
43830,4936,56600,279.4
43840,4936,56900,280.9
43850,4940,56500,279.1
43860,4936,56900,280.9
43870,4940,57500,284.1
43880,4936,55900,275.9
43890,4940,57500,284.1
43900,4936,55900,275.9
43910,4940,57600,284.5
43920,4936,55900,275.9
43930,4940,57500,284.1
43940,4936,56000,276.4
43950,4940,57500,284.1
43960,4936,56000,276.4
43970,4940,57600,284.5
43980,4936,56200,277.4
43990,4940,56900,281.1
44000,4940,56600,279.6
44010,4936,56900,280.9
44020,4936,56600,279.4
44030,4936,56900,280.9
44040,4940,57600,284.5
44050,4936,55900,275.9
44060,4940,57600,284.5
44070,4936,55900,275.9
44080,4940,57600,284.5
44090,4936,56000,276.4
44100,4936,57500,283.8
44110,4936,56000,276.4
44120,4828,139500,673.5
44130,4936,56000,276.4
44140,4940,57600,284.5
44150,4936,56000,276.4
44160,4936,57000,281.4
44170,4936,56600,279.4
44180,4940,56900,281.1
44190,4936,56600,279.4
44200,4936,56900,280.9
44210,4936,57400,283.3
44220,4936,56400,278.4
44230,4940,57600,284.5
44240,4936,55900,275.9
44250,4940,57600,284.5
44260,4936,55900,275.9
44270,4940,57500,284.1
44280,4936,56000,276.4
44290,4940,57600,284.5
44300,4936,56000,276.4
44310,4936,57600,284.3
44320,4936,56000,276.4
44330,4940,56900,281.1
44340,4936,56600,279.4
44350,4940,56900,281.1
44360,4936,56600,279.4
44370,4940,56900,281.1
44380,4936,56600,279.4
44390,4936,56900,280.9
44400,4940,57600,284.5
44410,4936,55900,275.9
44420,4940,57500,284.1
44430,4936,56000,276.4
44440,4940,57500,284.1
44450,4936,56000,276.4
44460,4940,57500,284.1
44470,4936,55900,275.9
44480,4936,57500,283.8
44490,4936,55900,275.9
44500,4940,57500,284.1
44510,4936,56500,278.9
44520,4940,56900,281.1
44530,4936,56600,279.4
44540,4940,56900,281.1
44550,4936,56600,279.4
44560,4936,56900,280.9
44570,4940,57500,284.1
44580,4940,56000,276.6
44590,4940,57600,284.5
44600,4936,56000,276.4
44610,4940,57500,284.1
44620,4936,55900,275.9
44630,4716,151100,712.6
44640,4940,56000,276.6
44650,4940,57500,284.1
44660,4940,56000,276.6
44670,4940,57600,284.5
44680,4940,56000,276.6
44690,4940,56900,281.1
44700,4936,56600,279.4
44710,4936,56900,280.9
44720,4936,56600,279.4
44730,4940,56900,281.1
44740,4936,57600,284.3
44750,4936,56100,276.9
44760,4940,57500,284.1
44771,4936,55900,275.9
44780,4940,57600,284.5
44790,4936,55900,275.9
44800,4940,57500,284.1
44810,4936,55900,275.9
44820,4940,57500,284.1
44830,4936,55900,275.9
44840,4940,57600,284.5
44850,4936,56000,276.4
44860,4940,56900,281.1
44870,4936,56500,278.9
44880,4940,56900,281.1
44890,4940,56600,279.6
44900,4940,57000,281.6
44910,4940,56900,281.1
44920,4936,56900,280.9
44930,4940,57500,284.1
44940,4936,55900,275.9
44950,4940,57600,284.5
44960,4936,56000,276.4
44970,4940,57600,284.5
44980,4936,55900,275.9
44990,4936,57600,284.3
45000,4936,56000,276.4
45010,4940,57500,284.1
45020,4936,56000,276.4
45030,4940,57200,282.6
45040,4936,56700,279.9
45050,4936,56900,280.9
45060,4936,56600,279.4
45070,4936,56900,280.9
45080,4940,56600,279.6
45090,4936,56900,280.9
45100,4940,57600,284.5
45110,4936,56000,276.4
45120,4940,57500,284.1
45130,4820,180000,867.6
45140,4940,57600,284.5
45150,4936,56000,276.4
45160,4940,57600,284.5
45170,4936,55900,275.9
45180,4940,57500,284.1
45190,4936,56000,276.4
45200,4940,57600,284.5
45210,4936,56000,276.4
45220,4940,56900,281.1
45230,4940,56600,279.6
45240,4940,56900,281.1
45250,4940,56600,279.6
45260,4936,56900,280.9
45270,4940,57600,284.5
45280,4936,56000,276.4
45290,4940,57500,284.1
45300,4936,55900,275.9
45310,4940,57600,284.5
45320,4936,56000,276.4
45330,4940,57600,284.5
45340,4940,55900,276.1
45350,4940,57500,284.1
45360,4936,56000,276.4
45370,4940,57500,284.1
45380,4936,55900,275.9
45390,4940,56900,281.1
45400,4936,56600,279.4
45410,4940,56900,281.1
45420,4936,56600,279.4
45430,4940,57000,281.6
45440,4936,57200,282.3
45450,4936,56600,279.4
45460,4940,57600,284.5
45470,4936,55900,275.9
45480,4940,57600,284.5
45490,4936,56000,276.4
45500,4940,57500,284.1
45510,4936,56000,276.4
45520,4940,57600,284.5
45530,4936,55900,275.9
45540,4940,57600,284.5
45550,4940,56000,276.6
45560,4940,57000,281.6
45570,4936,56600,279.4
45580,4940,57000,281.6
45590,4940,56600,279.6
45600,4940,56900,281.1
45610,4940,56600,279.6
45620,4936,56800,280.4
45630,4940,60600,299.4
45640,4936,56000,276.4
45650,4936,57500,283.8
45660,4936,56000,276.4
45670,4940,57500,284.1
45680,4936,55900,275.9
45690,4940,57600,284.5
45700,4936,56000,276.4
45710,4940,57500,284.1
45720,4936,56000,276.4
45730,4940,57500,284.1
45740,4936,56200,277.4
45750,4940,56900,281.1
45760,4940,56600,279.6
45770,4936,56900,280.9
45780,4940,56600,279.6
45790,4936,56900,280.9
45800,4936,57600,284.3
45810,4936,55900,275.9
45820,4940,57500,284.1
45830,4936,56000,276.4
45840,4940,57600,284.5
45850,4936,56000,276.4
45860,4940,57600,284.5
45870,4936,56000,276.4
45880,4940,57500,284.1
45890,4936,56000,276.4
45900,4940,57500,284.1
45910,4936,55900,275.9
45920,4936,56900,280.9
45930,4936,56600,279.4
45940,4936,56900,280.9
45950,4936,56600,279.4
45960,4940,56900,281.1
45970,4940,57500,284.1
45980,4936,56300,277.9
45990,4940,57600,284.5
46000,4936,56000,276.4
46010,4940,57600,284.5
46020,4936,55900,275.9
46030,4940,57600,284.5
46040,4936,55900,275.9
46050,4940,57500,284.1
46060,4940,56000,276.6
46070,4940,57600,284.5
46080,4936,56000,276.4
46090,4940,56900,281.1
46100,4936,56500,278.9
46110,4940,56900,281.1
46120,4940,56700,280.1
46130,4940,56900,281.1
46140,4712,133700,630.0
46150,4936,56900,280.9
46160,4940,57500,284.1
46170,4936,56000,276.4
46180,4940,57600,284.5
46190,4936,55900,275.9
46200,4940,57600,284.5
46210,4936,56000,276.4
46220,4940,57500,284.1
46230,4936,56000,276.4
46240,4940,57500,284.1
46250,4936,56000,276.4
46260,4940,57500,284.1
46270,4936,56400,278.4
46280,4940,56900,281.1
46290,4936,56600,279.4
46300,4940,56900,281.1
46310,4936,56600,279.4
46320,4936,57000,281.4
46330,4936,57500,283.8
46340,4936,56000,276.4
46350,4940,57600,284.5
46360,4936,56000,276.4
46370,4940,57500,284.1
46380,4936,56000,276.4
46390,4940,57500,284.1
46400,4936,56000,276.4
46410,4940,57600,284.5
46420,4936,56000,276.4
46430,4940,57600,284.5
46440,4936,56000,276.4
46450,4940,56900,281.1
46460,4936,56600,279.4
46471,4940,56900,281.1
46480,4936,56600,279.4
46490,4936,56900,280.9
46500,4936,57600,284.3
46510,4936,56000,276.4
46520,4940,57500,284.1
46530,4936,56000,276.4
46540,4940,57500,284.1
46550,4936,55900,275.9
46560,4940,57500,284.1
46570,4936,56000,276.4
46580,4940,57600,284.5
46590,4936,56000,276.4
46600,4940,57600,284.5
46610,4936,55900,275.9
46620,4940,56900,281.1
46630,4936,56600,279.4
46640,4800,141700,680.2
46650,4940,56600,279.6
46660,4940,56900,281.1
46670,4940,56900,281.1
46680,4936,56900,280.9
46690,4940,57600,284.5
46700,4936,55900,275.9
46710,4940,57500,284.1
46720,4936,56000,276.4
46730,4940,57600,284.5
46740,4936,55900,275.9
46750,4940,57600,284.5
46760,4936,56000,276.4
46770,4940,57500,284.1
46780,4936,56000,276.4
46790,4940,57300,283.1
46800,4936,56700,279.9
46810,4936,57000,281.4
46820,4936,56600,279.4
46830,4936,56900,280.9
46840,4936,56600,279.4
46850,4936,56900,280.9
46860,4940,57600,284.5
46870,4936,55900,275.9
46880,4940,57600,284.5
46890,4936,55900,275.9
46900,4940,57600,284.5
46910,4936,56000,276.4
46920,4940,57600,284.5
46930,4936,56000,276.4
46940,4940,57500,284.1
46950,4936,56000,276.4
46960,4940,57500,284.1
46970,4940,56000,276.6
46980,4940,57000,281.6
46990,4940,56600,279.6
47000,4940,56900,281.1
47010,4936,56600,279.4
47020,4940,56900,281.1
47030,4940,57600,284.5
47040,4936,55900,275.9
47050,4940,57500,284.1
47060,4936,56000,276.4
47070,4940,57600,284.5
47080,4936,56100,276.9
47090,4940,57600,284.5
47100,4936,56000,276.4
47110,4940,57600,284.5
47120,4936,56000,276.4
47130,4940,57600,284.5
47140,4876,155800,759.7
47150,4940,57000,281.6
47160,4940,56600,279.6
47170,4940,56900,281.1
47180,4940,56600,279.6
47190,4936,56900,280.9
47200,4936,57200,282.3
47210,4936,56600,279.4
47220,4940,57500,284.1
47230,4936,56000,276.4
47240,4940,57500,284.1
47250,4936,55900,275.9
47260,4936,57500,283.8
47270,4936,56000,276.4
47280,4940,57600,284.5
47290,4936,55900,275.9
47300,4940,57600,284.5
47310,4936,56000,276.4
47320,4940,57000,281.6
47330,4936,56600,279.4
47340,4940,56900,281.1
47350,4936,56600,279.4
47360,4940,56900,281.1
47370,4936,56600,279.4
47380,4936,56900,280.9
47390,4940,57600,284.5
47400,4936,56000,276.4
47410,4940,57600,284.5
47420,4936,56000,276.4
47430,4940,57600,284.5
47440,4936,56000,276.4
47450,4940,57500,284.1
47460,4936,56000,276.4
47470,4940,57600,284.5
47480,4936,55900,275.9
47490,4940,57600,284.5
47500,4936,56200,277.4
47510,4940,57000,281.6
47520,4940,56600,279.6
47530,4940,56900,281.1
47540,4936,56600,279.4
47550,4936,56900,280.9
47560,4936,57500,283.8
47570,4936,55900,275.9
47580,4940,57600,284.5
47590,4936,56000,276.4
47600,4940,57500,284.1
47610,4936,56000,276.4
47620,4940,57600,284.5
47630,4936,56000,276.4
47640,4940,57500,284.1
47650,4812,142300,684.7
47660,4936,57600,284.3
47670,4936,56000,276.4
47680,4936,57000,281.4
47690,4936,56600,279.4
47700,4940,57000,281.6
47710,4936,56600,279.4
47720,4940,56900,281.1
47730,4940,57500,284.1
47740,4936,56200,277.4
47750,4940,57600,284.5
47760,4936,56000,276.4
47770,4940,57500,284.1
47780,4936,56000,276.4
47790,4940,57600,284.5
47800,4936,56000,276.4
47810,4940,57600,284.5
47820,4936,55900,275.9
47830,4940,57500,284.1
47840,4936,56000,276.4
47850,4940,56800,280.6
47860,4936,56600,279.4
47870,4936,56900,280.9
47880,4940,56600,279.6
47890,4940,56900,281.1
47900,4940,56700,280.1
47910,4936,56900,280.9
47920,4940,57500,284.1
47930,4936,56000,276.4
47940,4940,57500,284.1
47950,4936,55900,275.9
47960,4940,57600,284.5
47970,4936,55900,275.9
47980,4940,57500,284.1
47990,4936,56000,276.4
48000,4940,57500,284.1
48010,4936,55900,275.9
48020,4940,57500,284.1
48030,4936,56600,279.4
48040,4936,56900,280.9
48050,4940,56600,279.6
48060,4936,56900,280.9
48070,4936,56600,279.4
48080,4936,56900,280.9
48090,4940,57600,284.5
48100,4940,56000,276.6
48110,4940,57600,284.5
48120,4936,55900,275.9
48130,4940,57500,284.1
48140,4936,56000,276.4
48150,4940,57500,284.1
48160,4828,214600,1036.1
48170,4940,57500,284.1
48181,4936,56000,276.4
48190,4940,57600,284.5
48200,4936,55900,275.9
48210,4940,56800,280.6
48220,4940,56700,280.1
48230,4940,56900,281.1
48240,4940,56600,279.6
48250,4936,56900,280.9
48260,4940,57600,284.5
48270,4940,56100,277.1
48280,4936,57600,284.3
48290,4936,55900,275.9
48300,4940,57600,284.5
48310,4936,56000,276.4
48320,4940,57600,284.5
48330,4936,56000,276.4
48340,4940,57600,284.5
48350,4936,56000,276.4
48360,4940,57600,284.5
48370,4936,56000,276.4
48380,4936,56900,280.9
48390,4936,56500,278.9
48400,4940,57000,281.6
48410,4936,56700,279.9
48420,4936,56800,280.4
48430,4936,57000,281.4
48440,4940,56900,281.1
48450,4940,57600,284.5
48460,4936,56000,276.4
48470,4940,57500,284.1
48480,4936,56000,276.4
48490,4940,57500,284.1
48500,4940,55900,276.1
48510,4940,57600,284.5
48520,4940,56000,276.6
48530,4940,57500,284.1
48540,4936,56000,276.4
48550,4940,57000,281.6
48560,4936,56700,279.9
48570,4940,56900,281.1
48580,4940,56700,280.1
48590,4936,56900,280.9
48600,4936,56600,279.4
48610,4936,56900,280.9
48620,4940,57600,284.5
48630,4936,56000,276.4
48640,4940,57500,284.1
48650,4936,56000,276.4
48660,4940,57500,284.1
48670,4820,56000,269.9
48680,4940,57600,284.5
48690,4936,56000,276.4
48700,4940,57500,284.1
48710,4936,55900,275.9
48720,4940,57500,284.1
48730,4936,56000,276.4
48740,4940,56800,280.6
48750,4936,56600,279.4
48760,4936,56900,280.9
48770,4936,56600,279.4
48780,4936,56900,280.9
48790,4940,57500,284.1
48800,4940,55900,276.1
48810,4940,57500,284.1
48820,4936,55900,275.9
48830,4940,57600,284.5
48840,4940,56000,276.6
48850,4936,57600,284.3
48860,4940,55900,276.1
48870,4940,57500,284.1
48880,4936,56000,276.4
48890,4940,57500,284.1
48900,4940,55900,276.1
48910,4940,57000,281.6
48920,4940,56600,279.6
48930,4940,57000,281.6
48940,4936,56600,279.4
48950,4940,56900,281.1
48960,4936,57300,282.8
48970,4936,56500,278.9
48980,4940,57500,284.1
48990,4936,55900,275.9
49000,4940,57500,284.1
49010,4936,55900,275.9
49020,4936,57600,284.3
49030,4936,56000,276.4
49040,4940,57500,284.1
49050,4936,55900,275.9
49060,4940,57600,284.5
49070,4936,56000,276.4
49080,4940,56800,280.6
49090,4940,56600,279.6
49100,4940,56800,280.6
49110,4936,56600,279.4
49120,4940,56800,280.6
49130,4936,56700,279.9
49140,4936,56900,280.9
49150,4936,57500,283.8
49160,4936,56000,276.4
49170,4804,145500,699.0
49180,4936,56100,276.9
49190,4940,57500,284.1
49200,4936,56000,276.4
49210,4940,57500,284.1
49220,4936,55900,275.9
49230,4940,57600,284.5
49240,4936,55900,275.9
49250,4940,57500,284.1
49260,4936,56300,277.9
49270,4940,57000,281.6
49280,4936,56600,279.4
49290,4936,56900,280.9
49300,4936,56600,279.4
49310,4936,56900,280.9
49320,4936,57500,283.8
49330,4936,56000,276.4
49340,4940,57500,284.1
49350,4936,55900,275.9
49360,4940,57500,284.1
49370,4936,55900,275.9
49380,4940,57500,284.1
49390,4936,55900,275.9
49400,4940,57500,284.1
49410,4936,56000,276.4
49420,4940,57600,284.5
49430,4936,56000,276.4
49440,4936,56900,280.9
49450,4940,56600,279.6
49460,4940,56900,281.1
49470,4936,56600,279.4
49480,4940,56900,281.1
49490,4936,57600,284.3
49500,4936,56200,277.4
49510,4940,57600,284.5
49520,4936,56000,276.4
49530,4940,57500,284.1
49540,4936,55900,275.9
49550,4940,57600,284.5
49560,4936,56000,276.4
49570,4940,57500,284.1
49580,4936,55900,275.9
49590,4940,57500,284.1
49600,4936,55900,275.9
49610,4940,56900,281.1
49620,4936,56600,279.4
49630,4940,56900,281.1
49640,4940,56600,279.6
49650,4940,56900,281.1
49660,4936,56800,280.4
49670,4804,138200,663.9
49680,4940,57500,284.1
49690,4936,56000,276.4
49700,4940,57600,284.5
49710,4936,55900,275.9
49720,4940,57500,284.1
49730,4936,56000,276.4
49740,4940,57600,284.5
49750,4936,56000,276.4
49760,4940,57600,284.5
49770,4936,56000,276.4
49780,4940,57500,284.1
49790,4936,56600,279.4
49800,4940,56900,281.1
49810,4936,56600,279.4
49820,4940,56900,281.1
49830,4940,56600,279.6
49840,4936,56900,280.9
49850,4936,57500,283.8
49860,4936,56000,276.4
49870,4940,57500,284.1
49881,4936,56000,276.4
49890,4940,57500,284.1
49900,4936,56000,276.4
49910,4940,57600,284.5
49920,4940,55900,276.1
49930,4940,57600,284.5
49940,4936,56000,276.4
49950,4940,57500,284.1
49960,4936,56000,276.4
49970,4940,56900,281.1
49980,4936,56600,279.4
49990,4940,56900,281.1
50000,4940,56600,279.6
50010,4940,56900,281.1
50020,4940,57600,284.5
50030,4940,56000,276.6
50040,4940,57500,284.1
50050,4940,55900,276.1
50060,4940,57600,284.5
50070,4936,55900,275.9
50080,4940,57600,284.5
50090,4936,56000,276.4
50100,4940,57500,284.1
50110,4936,55900,275.9
50120,4940,57500,284.1
50130,4936,55900,275.9
50140,4936,56900,280.9
50150,4936,56600,279.4
50160,4936,57000,281.4
50170,4844,152300,737.7
50180,4936,56900,280.9
50190,4936,57100,281.8
50200,4940,56800,280.6
50210,4940,57600,284.5
50220,4940,55900,276.1
50230,4940,57600,284.5
50240,4936,56000,276.4
50250,4940,57500,284.1
50260,4936,56000,276.4
50270,4940,57500,284.1
50280,4936,56000,276.4
50290,4936,57600,284.3
50300,4936,55900,275.9
50310,4940,57100,282.1
50320,4936,56700,279.9
50330,4940,56900,281.1
50340,4936,56600,279.4
50350,4936,56900,280.9
50360,4936,56600,279.4
50370,4936,56900,280.9
50380,4940,57500,284.1
50390,4936,55900,275.9
50400,4940,57500,284.1
50410,4936,56000,276.4
50420,4940,57600,284.5
50430,4936,55900,275.9
50440,4940,57600,284.5
50450,4936,55900,275.9
50460,4940,57500,284.1
50470,4936,56000,276.4
50480,4936,57600,284.3
50490,4936,56200,277.4
50500,4940,57000,281.6
50510,4936,56700,279.9
50520,4936,56900,280.9
50530,4940,56600,279.6
50540,4940,56900,281.1
50550,4936,57500,283.8
50560,4936,56000,276.4
50570,4940,57500,284.1
50580,4936,56000,276.4
50590,4940,57600,284.5
50600,4936,56000,276.4
50610,4940,57600,284.5
50620,4936,56000,276.4
50630,4940,57600,284.5
50640,4936,56000,276.4
50650,4940,57500,284.1
50660,4936,55900,275.9
50670,4936,56900,280.9
50680,4816,142100,684.4
50690,4940,56900,281.1
50700,4936,56600,279.4
50710,4936,57000,281.4
50720,4936,57400,283.3
50730,4936,56400,278.4
50740,4940,57600,284.5
50750,4936,55900,275.9
50760,4940,57500,284.1
50770,4936,56000,276.4
50780,4940,57600,284.5
50790,4936,55900,275.9
50800,4940,57600,284.5
50810,4936,56100,276.9
50820,4936,57500,283.8
50830,4936,56000,276.4
50840,4940,56800,280.6
50850,4936,56500,278.9
50860,4940,56900,281.1
50870,4936,56700,279.9
50880,4940,57000,281.6
50890,4940,56700,280.1
50900,4936,56900,280.9
50910,4940,57600,284.5
50920,4940,55900,276.1
50930,4940,57500,284.1
50940,4936,56000,276.4
50950,4940,57500,284.1
50960,4936,55900,275.9
50970,4940,57500,284.1
50980,4936,56000,276.4
50990,4940,57600,284.5
51000,4936,56000,276.4
51010,4940,57500,284.1
51020,4936,56500,278.9
51030,4940,56900,281.1
51040,4936,56700,279.9
51050,4940,56900,281.1
51060,4936,56600,279.4
51070,4940,56900,281.1
51080,4936,57500,283.8
51090,4936,56000,276.4
51100,4940,57500,284.1
51110,4936,56000,276.4
51120,4940,57500,284.1
51130,4936,55900,275.9
51140,4940,57500,284.1
51150,4936,56000,276.4
51160,4940,57500,284.1
51170,4936,56000,276.4
51180,4936,66400,327.8
51190,4940,55900,276.1
51200,4940,56800,280.6
51210,4940,56700,280.1
51220,4940,56800,280.6
51230,4936,56700,279.9
51240,4936,56900,280.9
51250,4940,57500,284.1
51260,4936,56000,276.4
51270,4940,57500,284.1
51280,4936,56000,276.4
51290,4940,57500,284.1
51300,4936,55900,275.9
51310,4940,57600,284.5
51320,4936,56000,276.4
51330,4936,57600,284.3
51340,4936,56000,276.4
51350,4940,57500,284.1
51360,4936,56000,276.4
51370,4940,56800,280.6
51380,4936,56600,279.4
51390,4936,57000,281.4
51400,4936,56600,279.4
51410,4940,56900,281.1
51420,4936,56900,280.9
51430,4936,56800,280.4
51440,4940,57500,284.1
51450,4936,56000,276.4
51460,4940,57600,284.5
51470,4936,55900,275.9
51480,4940,57600,284.5
51490,4940,56000,276.6
51500,4940,57500,284.1
51510,4936,56000,276.4
51520,4940,57600,284.5
51530,4936,55900,275.9
51540,4940,57200,282.6
51550,4940,56600,279.6
51560,4936,57000,281.4
51570,4936,56500,278.9
51580,4936,56900,280.9
51591,4940,57600,284.5
51600,4936,56900,280.9
51610,4940,57500,284.1
51620,4936,56000,276.4
51630,4940,57500,284.1
51640,4936,56000,276.4
51650,4940,57500,284.1
51660,4936,56000,276.4
51670,4940,57600,284.5
51680,4936,55900,275.9
51690,4816,151300,728.7
51700,4940,55900,276.1
51710,4940,57600,284.5
51720,4936,56000,276.4
51730,4940,56900,281.1
51740,4940,56700,280.1
51750,4940,56900,281.1
51760,4936,56600,279.4
51770,4940,56900,281.1
51780,4936,57600,284.3
51790,4936,55900,275.9
51800,4940,57600,284.5
51810,4936,56000,276.4
51820,4940,57500,284.1
51830,4936,56000,276.4
51840,4940,57500,284.1
51850,4936,55900,275.9
51860,4940,57600,284.5
51870,4936,56000,276.4
51880,4940,57500,284.1
51890,4936,56000,276.4
51900,4936,56900,280.9
51910,4936,56600,279.4
51920,4940,57000,281.6
51930,4936,56600,279.4
51940,4940,56900,281.1
51950,4940,57300,283.1
51960,4936,56600,279.4
51970,4940,57600,284.5
51980,4936,55900,275.9
51990,4940,57500,284.1
52000,4936,56000,276.4
52010,4940,57600,284.5
52020,4936,55900,275.9
52030,4940,57600,284.5
52040,4936,56000,276.4
52050,4940,57600,284.5
52060,4936,55900,275.9
52070,4940,56800,280.6
52080,4936,56700,279.9
52090,4936,56900,280.9
52100,4936,56600,279.4
52110,4940,56900,281.1
52120,4936,56600,279.4
52130,4936,56900,280.9
52140,4940,57600,284.5
52150,4936,56000,276.4
52160,4940,57500,284.1
52170,4936,55900,275.9
52180,4940,57600,284.5
52190,4916,154500,759.5
52200,4940,57600,284.5
52210,4936,56000,276.4
52220,4940,57500,284.1
52230,4936,56000,276.4
52240,4940,57500,284.1
52250,4936,56200,277.4
52260,4940,56900,281.1
52270,4936,56700,279.9
52280,4936,56900,280.9
52290,4936,56700,279.9
52300,4940,56900,281.1
52310,4940,57500,284.1
52320,4936,56000,276.4
52330,4940,57600,284.5
52340,4936,56000,276.4
52350,4940,57500,284.1
52360,4936,56000,276.4
52370,4940,57500,284.1
52380,4936,56000,276.4
52390,4940,57500,284.1
52400,4936,56000,276.4
52410,4940,57600,284.5
52420,4936,56000,276.4
52430,4936,56900,280.9
52440,4936,56600,279.4
52450,4940,56900,281.1
52460,4936,56600,279.4
52470,4936,56900,280.9
52480,4940,57600,284.5
52490,4940,56200,277.6
52500,4940,57500,284.1
52510,4936,55900,275.9
52520,4940,57600,284.5
52530,4936,55900,275.9
52540,4940,57500,284.1
52550,4936,56000,276.4
52560,4940,57600,284.5
52570,4936,56000,276.4
52580,4940,57500,284.1
52590,4936,55900,275.9
52600,4940,56900,281.1
52610,4940,56600,279.6
52620,4940,57000,281.6
52630,4936,56600,279.4
52640,4940,56900,281.1
52650,4940,56800,280.6
52660,4940,56900,281.1
52670,4940,57500,284.1
52680,4936,55900,275.9
52690,4940,57600,284.5
52700,4824,205000,988.9
52710,4940,57600,284.5
52720,4936,55900,275.9
52730,4940,57500,284.1
52740,4936,55900,275.9
52750,4940,57500,284.1
52760,4936,56000,276.4
52770,4940,57500,284.1
52780,4936,56600,279.4
52790,4936,56900,280.9
52800,4936,56600,279.4
52810,4940,56900,281.1
52820,4936,56600,279.4
52830,4936,56900,280.9
52840,4936,57500,283.8
52850,4940,56000,276.6
52860,4940,57500,284.1
52870,4936,55900,275.9
52880,4940,57600,284.5
52890,4936,56000,276.4
52900,4940,57500,284.1
52910,4936,56000,276.4
52920,4940,57600,284.5
52930,4936,55900,275.9
52940,4936,57500,283.8
52950,4936,55900,275.9
52960,4940,56900,281.1
52970,4940,56600,279.6
52980,4936,56900,280.9
52990,4936,56600,279.4
53000,4940,56800,280.6
53010,4936,57600,284.3
53020,4940,55900,276.1
53030,4940,57600,284.5
53040,4936,56000,276.4
53050,4940,57500,284.1
53060,4936,56000,276.4
53070,4940,57500,284.1
53080,4936,55900,275.9
53090,4940,57600,284.5
53100,4936,56000,276.4
53110,4940,57600,284.5
53120,4940,55900,276.1
53130,4940,57000,281.6
53140,4936,56600,279.4
53150,4940,57000,281.6
53160,4936,56600,279.4
53170,4940,56900,281.1
53180,4936,57100,281.8
53190,4936,56600,279.4
53200,4816,147500,710.4
53210,4936,56000,276.4
53220,4940,57600,284.5
53230,4936,55900,275.9
53240,4940,57600,284.5
53250,4936,55900,275.9
53260,4940,57500,284.1
53270,4940,55900,276.1
53280,4940,57500,284.1
53291,4936,56700,279.9
53300,4940,57000,281.6
53310,4940,56700,280.1
53320,4940,56900,281.1
53330,4940,56600,279.6
53340,4936,56900,280.9
53350,4940,56600,279.6
53360,4936,56900,280.9
53370,4940,57600,284.5
53380,4936,56000,276.4
53390,4940,57600,284.5
53400,4936,56000,276.4
53410,4940,57600,284.5
53420,4936,55900,275.9
53430,4940,57600,284.5
53440,4940,56000,276.6
53450,4940,57600,284.5
53460,4936,56000,276.4
53470,4940,57500,284.1
53480,4936,56100,276.9
53490,4940,56900,281.1
53500,4940,56500,279.1
53510,4936,56900,280.9
53520,4940,56600,279.6
53530,4940,56900,281.1
53540,4940,57500,284.1
53550,4936,55900,275.9
53560,4940,57600,284.5
53570,4936,55900,275.9
53580,4940,57500,284.1
53590,4936,55900,275.9
53600,4940,57500,284.1
53610,4936,56000,276.4
53620,4940,57500,284.1
53630,4936,55900,275.9
53640,4940,57500,284.1
53650,4936,56000,276.4
53660,4940,56900,281.1
53670,4936,56600,279.4
53680,4936,56900,280.9
53690,4936,56500,278.9
53700,4940,56800,280.6
53710,4812,142300,684.7
53720,4936,56400,278.4
53730,4940,57600,284.5
53740,4936,55900,275.9
53750,4940,57600,284.5
53760,4936,56000,276.4
53770,4940,57500,284.1
53780,4936,56000,276.4
53790,4940,57500,284.1
53800,4936,56000,276.4
53810,4940,57600,284.5
53820,4936,55900,275.9
53830,4940,56800,280.6
53840,4936,56600,279.4
53850,4936,56900,280.9
53860,4936,56600,279.4
53870,4940,56900,281.1
53880,4940,56700,280.1
53890,4936,56900,280.9
53900,4940,57500,284.1
53910,4936,55900,275.9
53920,4940,57500,284.1
53930,4936,56000,276.4
53940,4936,57600,284.3
53950,4936,56000,276.4
53960,4940,57600,284.5
53970,4936,55900,275.9
53980,4940,57500,284.1
53990,4936,56000,276.4
54000,4940,57400,283.6
54010,4936,56600,279.4
54020,4940,56900,281.1
54030,4940,56600,279.6
54040,4940,56900,281.1
54050,4936,56600,279.4
54060,4936,56900,280.9
54070,4940,57500,284.1
54080,4800,85700,411.4
54090,4936,57600,284.3
54100,4936,56000,276.4
54110,4940,57700,285.0
54120,4936,55900,275.9
54130,4940,57600,284.5
54140,4936,56000,276.4
54150,4940,57500,284.1
54160,4936,55900,275.9
54170,4940,57500,284.1
54180,4936,56000,276.4
54190,4812,144900,697.3
54200,4936,56600,279.4
54210,4940,56900,281.1
54220,4936,56600,279.4
54230,4940,56900,281.1
54240,4936,57600,284.3
54250,4936,56300,277.9
54260,4940,57600,284.5
54270,4936,56000,276.4
54280,4940,57600,284.5
54290,4940,56000,276.6
54300,4720,177200,836.4
54310,4936,56000,276.4
54320,4940,57600,284.5
54330,4936,56000,276.4
54340,4940,57600,284.5
54350,4936,56000,276.4
54360,4940,56800,280.6
54370,4936,56500,278.9
54380,4940,56800,280.6
54390,4936,56600,279.4
54400,4940,56900,281.1
54410,4828,219300,1058.8
54420,4936,56900,280.9
54430,4940,57500,284.1
54440,4936,56000,276.4
54450,4940,57600,284.5
54460,4936,56000,276.4
54470,4940,57500,284.1
54480,4936,56000,276.4
54490,4940,57600,284.5
54500,4936,56000,276.4
54510,4940,57600,284.5
54520,4844,55900,270.8
54530,4936,57600,284.3
54540,4936,56300,277.9
54550,4936,56900,280.9
54560,4936,56600,279.4
54570,4940,56900,281.1
54580,4936,56600,279.4
54590,4940,56900,281.1
54600,4940,57500,284.1
54610,4936,56000,276.4
54620,4816,145500,700.7
54630,4936,56000,276.4
54640,4940,57500,284.1
54650,4936,55900,275.9
54660,4940,57600,284.5
54670,4940,56000,276.6
54680,4940,57600,284.5
54690,4936,55900,275.9
54700,4940,57500,284.1
54710,4936,56000,276.4
54720,4936,68600,338.6
54730,4936,56600,279.4
54740,4940,56900,281.1
54750,4936,56600,279.4
54760,4940,56900,281.1
54770,4936,57400,283.3
54780,4940,56500,279.1
54790,4940,57500,284.1
54800,4940,56000,276.6
54810,4940,57500,284.1
54820,4936,56000,276.4
54830,4784,135100,646.3
54840,4936,56000,276.4
54850,4940,57600,284.5
54860,4936,56000,276.4
54870,4940,57500,284.1
54880,4940,56000,276.6
54890,4940,56900,281.1
54900,4936,56600,279.4
54910,4936,56900,280.9
54920,4940,56600,279.6
54930,4936,56900,280.9
54940,4940,56700,280.1
54950,4936,56900,280.9
54960,4940,57600,284.5
54970,4936,56000,276.4
54980,4940,57600,284.5
54990,4936,56000,276.4
55001,4940,57600,284.5
55010,4940,56000,276.6
55020,4940,57500,284.1
55030,4936,55900,275.9
55040,4816,144500,695.9
55050,4936,56000,276.4
55060,4940,57600,284.5
55070,4936,56100,276.9
55080,4940,56900,281.1
55090,4940,56700,280.1
55100,4940,56900,281.1
55110,4940,56700,280.1
55120,4940,56900,281.1
55130,4936,57500,283.8
55140,4936,55900,275.9
55150,4736,135300,640.8
55160,4936,56000,276.4
55170,4940,57500,284.1
55180,4940,56000,276.6
55190,4940,57600,284.5
55200,4940,55900,276.1
55210,4936,57500,283.8
55220,4936,55900,275.9
55230,4940,57500,284.1
55240,4936,55900,275.9
55250,4936,56900,280.9
55260,4868,56700,276.0
55270,4940,56900,281.1
55280,4936,56600,279.4
55290,4940,56900,281.1
55300,4940,57200,282.6
55310,4940,56600,279.6
55320,4940,57500,284.1
55330,4936,56000,276.4
55340,4940,57500,284.1
55350,4936,55900,275.9
55360,4940,59500,293.9
55370,4936,56000,276.4
55380,4940,57500,284.1
55390,4936,56100,276.9
55400,4940,57500,284.1
55410,4940,56000,276.6
55420,4940,57100,282.1
55430,4936,56600,279.4
55440,4940,56800,280.6
55450,4936,56700,279.9
55460,4940,56900,281.1
55470,4900,56600,277.3
55480,4940,56900,281.1
55490,4940,57500,284.1
55500,4936,55900,275.9
55510,4940,57600,284.5
55520,4936,55900,275.9
55530,4940,57500,284.1
55540,4936,56000,276.4
55550,4940,57600,284.5
55560,4936,56000,276.4
55570,4820,135000,650.7
55580,4936,56000,276.4
55590,4940,57500,284.1
55600,4936,56000,276.4
55610,4936,56900,280.9
55620,4936,56600,279.4
55630,4940,56900,281.1
55640,4936,56600,279.4
55650,4940,57000,281.6
55660,4936,57600,284.3
55670,4940,55900,276.1
55680,4940,57600,284.5
55690,4936,56000,276.4
55700,4940,57600,284.5
55710,4936,56000,276.4
55720,4940,57500,284.1
55730,4936,55900,275.9
55740,4940,57500,284.1
55750,4940,56000,276.6
55760,4940,57600,284.5
55770,4936,56000,276.4
55780,4816,141100,679.5
55790,4936,56600,279.4
55800,4940,57000,281.6
55810,4940,56600,279.6
55820,4940,56900,281.1
55830,4936,57000,281.4
55840,4940,56900,281.1
55850,4940,57600,284.5
55860,4936,56000,276.4
55870,4940,57600,284.5
55880,4936,56000,276.4
55890,4720,140000,660.8
55900,4936,56000,276.4
55910,4940,57600,284.5
55920,4936,56000,276.4
55930,4940,57600,284.5
55940,4936,55900,275.9
55950,4940,57300,283.1
55960,4936,56700,279.9
55970,4940,57000,281.6
55980,4936,56600,279.4
55990,4824,136900,660.4
56000,4940,56600,279.6
56010,4936,56900,280.9
56020,4940,57600,284.5
56030,4936,56100,276.9
56040,4940,57500,284.1
56050,4936,56000,276.4
56060,4940,57600,284.5
56070,4936,56000,276.4
56080,4940,57500,284.1
56090,4936,58500,288.8
56100,4940,57600,284.5
56110,4936,56100,276.9
56120,4940,57600,284.5
56130,4940,55900,276.1
56140,4940,56900,281.1
56150,4936,56600,279.4
56160,4940,56900,281.1
56170,4940,56600,279.6
56180,4936,56900,280.9
56190,4940,57600,284.5
56200,4940,130600,645.2
56210,4940,57600,284.5
56220,4936,56000,276.4
56230,4940,57600,284.5
56240,4940,56000,276.6
56250,4940,57600,284.5
56260,4936,55900,275.9
56270,4940,57600,284.5
56280,4936,56000,276.4
56290,4940,57600,284.5
56300,4936,55900,275.9
56310,4828,137900,665.8
56320,4936,56600,279.4
56330,4940,56900,281.1
56340,4936,56700,279.9
56350,4940,56900,281.1
56360,4940,56800,280.6
56370,4936,56900,280.9
56380,4940,57500,284.1
56390,4936,56000,276.4
56400,4940,57600,284.5
56410,4936,56000,276.4
56420,4720,137000,646.6
56430,4936,56000,276.4
56440,4940,57600,284.5
56450,4936,55900,275.9
56460,4940,57500,284.1
56470,4936,55900,275.9
56480,4940,57500,284.1
56490,4936,56600,279.4
56500,4940,57200,282.6
56510,4936,56600,279.4
56520,4768,202200,964.1
56530,4936,56600,279.4
56540,4936,56900,280.9
56550,4940,57500,284.1
56560,4936,55900,275.9
56570,4940,57600,284.5
56580,4936,56000,276.4
56590,4940,57500,284.1
56600,4936,55900,275.9
56610,4940,57500,284.1
56620,4936,55900,275.9
56630,4936,57500,283.8
56640,4936,56000,276.4
56650,4940,57600,284.5
56660,4936,56000,276.4
56670,4936,56900,280.9
56680,4940,56600,279.6
56690,4936,56900,280.9
56704,4940,57600,284.5
56710,4936,57000,281.4
56720,4940,57600,284.5
56730,4940,56100,277.1
56740,4920,57600,283.4
56750,4936,56000,276.4
56760,4940,57600,284.5
56770,4936,56000,276.4
56780,4940,57600,284.5
56790,4936,56000,276.4
56800,4940,57500,284.1
56810,4936,56000,276.4
56820,4940,57600,284.5
56830,4936,55900,275.9
56840,4828,139100,671.6
56850,4936,56500,278.9
56860,4940,56900,281.1
56870,4936,56600,279.4
56880,4940,56900,281.1
56890,4936,56700,279.9
56900,4940,56900,281.1
56910,4940,57500,284.1
56920,4936,55900,275.9
56930,4940,57500,284.1
56940,4936,56000,276.4
56950,4788,187900,899.7
56960,4936,56000,276.4
56970,4940,57500,284.1
56980,4936,56000,276.4
56990,4940,57600,284.5
57000,4936,56000,276.4
57010,4940,57500,284.1
57020,4936,56400,278.4
57030,4940,56900,281.1
57040,4936,56600,279.4
57050,4820,203300,979.9
57060,4936,56700,279.9
57070,4936,56900,280.9
57080,4940,57600,284.5
57090,4936,56000,276.4
57100,4940,57600,284.5
57110,4936,56000,276.4
57120,4940,57600,284.5
57130,4936,56000,276.4
57140,4940,57500,284.1
57150,4936,56000,276.4
57160,4736,163300,773.4
57170,4936,56000,276.4
57180,4940,57600,284.5
57190,4936,56000,276.4
57200,4940,56900,281.1
57210,4936,56700,279.9
57220,4940,56900,281.1
57230,4936,56600,279.4
57240,4936,56900,280.9
57250,4936,57500,283.8
57260,4940,56300,278.1
57270,4940,57600,284.5
57280,4940,56000,276.6
57290,4940,57600,284.5
57300,4936,55900,275.9
57310,4940,57500,284.1
57320,4936,56000,276.4
57330,4940,57500,284.1
57340,4936,55900,275.9
57350,4940,57500,284.1
57360,4936,56000,276.4
57370,4816,145500,700.7
57380,4936,56600,279.4
57390,4936,56900,280.9
57400,4940,56600,279.6
57410,4940,56900,281.1
57420,4936,56600,279.4
57430,4940,56900,281.1
57440,4940,57500,284.1
57450,4936,56000,276.4
57460,4940,57500,284.1
57470,4936,56000,276.4
57480,4936,57500,283.8
57490,4936,56100,276.9
57500,4940,57600,284.5
57510,4936,55900,275.9
57520,4940,57600,284.5
57530,4936,55900,275.9
57540,4940,57500,284.1
57550,4940,56200,277.6
57560,4940,57600,284.5
57570,4936,56600,279.4
57580,4824,204000,984.1
57590,4936,56700,279.9
57600,4936,57000,281.4
57610,4940,57600,284.5
57620,4940,55900,276.1
57630,4940,57600,284.5
57640,4936,56000,276.4
57650,4940,57500,284.1
57660,4936,56000,276.4
57670,4940,57600,284.5
57680,4936,55900,275.9
57690,4744,165700,786.1
57700,4936,56000,276.4
57710,4940,57500,284.1
57720,4936,55900,275.9
57730,4940,57000,281.6
57740,4936,56700,279.9
57750,4936,56900,280.9
57760,4936,56600,279.4
57770,4940,56900,281.1
57780,4940,57400,283.6
57790,4816,144900,697.8
57800,4940,57500,284.1
57810,4936,56000,276.4
57820,4940,57600,284.5
57830,4936,56000,276.4
57840,4940,57600,284.5
57850,4936,56000,276.4
57860,4940,57600,284.5
57870,4936,56000,276.4
57880,4940,57600,284.5
57890,4908,158000,775.5
57900,4940,57100,282.1
57910,4936,56700,279.9
57920,4940,56900,281.1
57930,4940,56700,280.1
57940,4940,57000,281.6
57950,4940,56600,279.6
57960,4936,56900,280.9
57970,4940,57600,284.5
57980,4936,56000,276.4
57990,4940,60500,298.9
58000,4936,56000,276.4
58010,4940,57600,284.5
58020,4936,55900,275.9
58030,4940,57500,284.1
58040,4936,56000,276.4
58050,4940,57600,284.5
58060,4936,55900,275.9
58070,4940,57500,284.1
58080,4936,56000,276.4
58090,4936,56900,280.9
58100,4716,135200,637.6
58110,4936,57000,281.4
58120,4936,56600,279.4
58130,4936,56900,280.9
58140,4940,57600,284.5
58150,4936,55900,275.9
58160,4940,57600,284.5
58170,4936,55900,275.9
58180,4940,57600,284.5
58190,4936,56000,276.4
58200,4820,143600,692.2
58210,4936,56000,276.4
58220,4940,57600,284.5
58230,4936,56000,276.4
58240,4940,57600,284.5
58250,4936,55900,275.9
58260,4940,57000,281.6
58270,4936,56600,279.4
58280,4936,56900,280.9
58290,4936,56600,279.4
58300,4940,56900,281.1
58310,4728,139300,658.6
58320,4940,56800,280.6
58330,4940,57600,284.5
58340,4936,56000,276.4
58350,4940,57500,284.1
58360,4936,56000,276.4
58370,4940,57600,284.5
58380,4936,55900,275.9
58390,4940,57600,284.5
58401,4936,56000,276.4
58410,4936,57700,284.8
58420,4936,55900,275.9
58430,4940,57200,282.6
58440,4936,56700,279.9
58450,4940,57000,281.6
58460,4940,56600,279.6
58470,4940,56900,281.1
58480,4936,56600,279.4
58490,4940,57000,281.6
58500,4940,57600,284.5
58510,4936,56000,276.4
58520,4720,134100,633.0
58530,4936,56000,276.4
58540,4940,57600,284.5
58550,4936,56000,276.4
58560,4940,57600,284.5
58570,4936,56000,276.4
58580,4940,57500,284.1
58590,4936,56000,276.4
58600,4940,57600,284.5
58610,4936,56000,276.4
58620,4816,157000,756.1
58630,4936,56600,279.4
58640,4940,56900,281.1
58650,4940,56700,280.1
58660,4936,56900,280.9
58670,4936,57600,284.3
58680,4936,56000,276.4
58690,4940,57500,284.1
58700,4936,56000,276.4
58710,4940,57600,284.5
58720,4932,142900,704.8
58730,4940,57600,284.5
58740,4936,56000,276.4
58750,4940,57600,284.5
58760,4936,56000,276.4
58770,4940,57600,284.5
58780,4936,56000,276.4
58790,4940,57000,281.6
58800,4936,56600,279.4
58810,4940,57000,281.6
58820,4936,56700,279.9
58830,4816,145700,701.7
58840,4940,56900,281.1
58850,4940,56900,281.1
58860,4940,57600,284.5
58870,4936,56000,276.4
58880,4940,57600,284.5
58890,4936,56000,276.4
58900,4940,57500,284.1
58910,4936,56100,276.9
58920,4940,57500,284.1
58930,4936,55900,275.9
58940,4740,163800,776.4
58950,4936,55900,275.9
58960,4940,57400,283.6
58970,4936,56600,279.4
58980,4940,57200,282.6
58990,4936,56700,279.9
59000,4940,56900,281.1
59010,4936,56600,279.4
59020,4940,57000,281.6
59030,4940,57600,284.5
59040,4820,194800,938.9
59050,4940,57600,284.5
59060,4936,56000,276.4
59070,4940,57600,284.5
59080,4936,56000,276.4
59090,4940,57700,285.0
59100,4936,56000,276.4
59110,4940,57600,284.5
59120,4936,56000,276.4
59130,4940,57500,284.1
59140,4816,140900,678.6
59150,4936,57000,281.4
59160,4936,56600,279.4
59170,4940,56900,281.1
59180,4940,56600,279.6
59190,4940,57000,281.6
59200,4936,57500,283.8
59210,4936,56200,277.4
59220,4940,57600,284.5
59230,4936,56000,276.4
59240,4824,149200,719.7
59250,4936,56000,276.4
59260,4940,57600,284.5
59270,4936,55900,275.9
59280,4940,57500,284.1
59290,4936,56000,276.4
59300,4940,57500,284.1
59310,4936,56000,276.4
59320,4940,56900,281.1
59330,4936,56600,279.4
59340,4940,57000,281.6
59350,4884,153300,748.7
59360,4936,57000,281.4
59370,4940,56700,280.1
59380,4940,56900,281.1
59390,4940,57600,284.5
59400,4936,55900,275.9
59410,4940,57600,284.5
59420,4936,56000,276.4
59430,4940,57600,284.5
59440,4936,55900,275.9
59450,4940,57600,284.5
59460,4812,141100,679.0
59470,4936,57600,284.3
59480,4936,55900,275.9
59490,4940,57500,284.1
59500,4936,56500,278.9
59510,4936,57400,283.3
59520,4936,56600,279.4
59530,4940,56900,281.1
59540,4936,56700,279.9
59550,4936,56900,280.9
59560,4940,57500,284.1
59570,4760,137900,656.4
59580,4940,57600,284.5
59590,4936,56000,276.4
59600,4940,57500,284.1
59610,4936,56000,276.4
59620,4940,57600,284.5
59630,4936,56000,276.4
59640,4940,57500,284.1
59650,4936,56000,276.4
59660,4940,57600,284.5
59670,4936,55900,275.9
59680,4940,57000,281.6
59690,4936,56700,279.9
59700,4936,56900,280.9
59710,4936,56700,279.9
59720,4936,56900,280.9
59730,4940,57500,284.1
59740,4940,56400,278.6
59750,4940,57600,284.5
59760,4936,56000,276.4
59770,4940,57600,284.5
59780,4824,209900,1012.6
59790,4940,57600,284.5
59800,4936,56000,276.4
59810,4940,57600,284.5
59820,4936,56000,276.4
59830,4940,57600,284.5
59840,4936,55900,275.9
59850,4940,56900,281.1
59860,4936,56600,279.4
59870,4940,56900,281.1
59880,4936,56600,279.4
59890,4760,157400,749.2
59900,4940,56600,279.6
59910,4940,56900,281.1
59920,4940,57600,284.5
59930,4936,56000,276.4
59940,4940,57600,284.5
59950,4936,56000,276.4
59960,4940,57600,284.5
59970,4936,55900,275.9
59980,4940,57500,284.1
59990,4936,56000,276.4
60000,4784,59200,283.2
60010,4936,56000,276.4
60020,4940,57600,284.5
60030,4936,56200,277.4
60040,4940,57600,284.5
60050,4936,56700,279.9
60060,4936,56900,280.9
60070,4936,56600,279.4
60080,4936,56900,280.9
60090,4940,57600,284.5
60101,4800,138600,665.3
60110,4936,57700,284.8
60120,4936,56000,276.4
60130,4940,57600,284.5
60140,4936,56000,276.4
60150,4940,57600,284.5
60160,4936,56000,276.4
60170,4940,57600,284.5
60180,4936,56000,276.4
60190,4940,57600,284.5
60200,4812,141800,682.3
60210,4940,57000,281.6
60220,4936,56600,279.4
60230,4936,56900,280.9
60240,4936,56700,279.9
60250,4936,56900,280.9
60260,4940,57400,283.6
60270,4940,56600,279.6
60280,4940,57600,284.5
60290,4936,56000,276.4
60300,4940,57500,284.1
60310,4828,203700,983.5
60320,4940,57600,284.5
60330,4936,56000,276.4
60340,4940,57600,284.5
60350,4936,56000,276.4
60360,4940,57600,284.5
60370,4936,56000,276.4
60380,4940,57000,281.6
60390,4936,56700,279.9
60400,4940,56900,281.1
60410,4940,56600,279.6
60420,4936,110100,543.5
60430,4936,56700,279.9
60440,4936,57000,281.4
60450,4940,57600,284.5
60460,4936,56000,276.4
60470,4940,57600,284.5
60480,4936,56000,276.4
60490,4940,57600,284.5
60500,4936,56000,276.4
60510,4940,57600,284.5
60520,4800,207100,994.1
60530,4940,57600,284.5
60540,4936,56000,276.4
60550,4940,57600,284.5
60560,4936,56000,276.4
60570,4940,57600,284.5
60580,4936,56600,279.4
60590,4940,56900,281.1
60600,4940,56700,280.1
60610,4940,57000,281.6
60620,4768,167300,797.7
60630,4940,56100,277.1
60640,4940,57600,284.5
60650,4936,56000,276.4
60660,4940,57600,284.5
60670,4936,56000,276.4
60680,4940,57600,284.5
60690,4936,56000,276.4
60700,4940,57600,284.5
60710,4936,56000,276.4
60720,4936,57900,285.8
60730,4936,56000,276.4
60740,4936,57000,281.4
60750,4936,56600,279.4
60760,4936,57000,281.4
60770,4936,56700,279.9
60780,4936,56900,280.9
60790,4936,57000,281.4
60800,4936,56900,280.9
60810,4940,57600,284.5
60820,4936,56000,276.4
60830,4720,138600,654.2
60840,4936,56000,276.4
60850,4940,57600,284.5
60860,4936,56000,276.4
60870,4940,57600,284.5
60880,4936,56000,276.4
60890,4940,57600,284.5
60900,4936,56000,276.4
60910,4940,57300,283.1
60920,4936,56800,280.4
60930,4936,57000,281.4
60940,4716,130700,616.4
60950,4940,57000,281.6
60960,4936,56600,279.4
60970,4940,57000,281.6
60980,4940,57600,284.5
60990,4936,56100,276.9
61000,4940,57600,284.5
61010,4936,56000,276.4
61020,4940,57600,284.5
61030,4936,56000,276.4
61040,4940,57600,284.5
61050,4820,207900,1002.1
61060,4940,57600,284.5
61070,4936,56000,276.4
61080,4940,57600,284.5
61090,4936,56000,276.4
61100,4940,57600,284.5
61110,4940,56600,279.6
61120,4940,56900,281.1
61130,4940,56600,279.6
61140,4940,57000,281.6
61150,4812,144100,693.4
61160,4940,56100,277.1
61170,4940,57600,284.5
61180,4936,56000,276.4
61190,4940,57600,284.5
61200,4936,56000,276.4
61210,4940,57600,284.5
61220,4936,55900,275.9
61230,4940,57600,284.5
61240,4936,56100,276.9
61250,4940,57600,284.5
61260,4820,56000,269.9
61270,4940,56900,281.1
61280,4936,56600,279.4
61290,4936,57000,281.4
61300,4940,56700,280.1
61310,4936,56900,280.9
61320,4940,56800,280.6
61330,4936,56900,280.9
61340,4940,57600,284.5
61350,4936,56000,276.4
61360,4720,140400,662.7
61370,4936,56000,276.4
61380,4940,57600,284.5
61390,4936,56000,276.4
61400,4940,57600,284.5
61410,4936,56000,276.4
61420,4940,57600,284.5
61430,4936,56000,276.4
61440,4940,57500,284.1
61450,4936,56500,278.9
61460,4940,57300,283.1
61470,4764,217500,1036.2
61480,4940,57000,281.6
61490,4940,56600,279.6
61500,4936,56900,280.9
61510,4940,57600,284.5
61520,4936,56000,276.4
61530,4940,57600,284.5
61540,4936,56000,276.4
61550,4940,57600,284.5
61560,4936,56000,276.4
61570,4940,57600,284.5
61580,4792,174100,834.3
61590,4940,57600,284.5
61600,4936,56000,276.4
61610,4940,57600,284.5
61620,4936,56000,276.4
61630,4940,57600,284.5
61640,4940,56700,280.1
61650,4940,56900,281.1
61660,4940,56600,279.6
61670,4940,56900,281.1
61680,4940,57500,284.1
61690,4740,94400,447.5
61700,4940,57600,284.5
61710,4936,55800,275.4
61720,4940,57700,285.0
61730,4936,56000,276.4
61740,4940,57600,284.5
61750,4936,56000,276.4
61760,4940,57600,284.5
61770,4936,56000,276.4
61780,4936,57600,284.3
61790,4936,56000,276.4
61801,4940,56900,281.1
61810,4936,56700,279.9
61820,4940,56900,281.1
61830,4936,56600,279.4
61840,4940,56900,281.1
61850,4936,56600,279.4
61860,4940,57000,281.6
61870,4940,57600,284.5
61880,4936,55900,275.9
61890,4940,57600,284.5
61900,4828,199700,964.2
61910,4940,57600,284.5
61920,4936,56000,276.4
61930,4940,57500,284.1
61940,4936,56000,276.4
61950,4940,57600,284.5
61960,4936,56000,276.4
61970,4940,57600,284.5
61980,4936,56400,278.4
61990,4936,57500,283.8
62000,4812,141400,680.4
62010,4936,56900,280.9
62020,4936,56600,279.4
62030,4936,56900,280.9
62040,4940,57600,284.5
62050,4936,56000,276.4
62060,4940,57600,284.5
62070,4940,56000,276.6
62080,4940,57600,284.5
62090,4936,56000,276.4
62100,4816,142700,687.2
62110,4936,56100,276.9
62120,4940,57600,284.5
62130,4936,56000,276.4
62140,4940,57600,284.5
62150,4936,56000,276.4
62160,4940,57600,284.5
62170,4940,56700,280.1
62180,4940,56900,281.1
62190,4936,56700,279.9
62200,4936,56900,280.9
62210,4720,134600,635.3
62220,4940,56600,279.6
62230,4940,57500,284.1
62240,4936,55900,275.9
62250,4940,57500,284.1
62260,4936,56000,276.4
62270,4940,57500,284.1
62280,4936,56000,276.4
62290,4940,57600,284.5
62300,4936,55900,275.9
62310,4776,135100,645.2
62320,4936,56000,276.4
62330,4936,57000,281.4
62340,4936,56700,279.9
62350,4936,56900,280.9
62360,4940,56700,280.1
62370,4940,56900,281.1
62380,4936,56600,279.4
62390,4936,57000,281.4
62400,4940,57600,284.5
62410,4932,111800,551.4
62420,4940,57600,284.5
62430,4936,56000,276.4
62440,4940,57600,284.5
62450,4936,56000,276.4
62460,4940,57500,284.1
62470,4940,56100,277.1
62480,4940,57500,284.1
62490,4936,56000,276.4
62500,4940,57600,284.5
62510,4936,56200,277.4
62520,4812,192600,926.8
62530,4936,56700,279.9
62540,4940,57100,282.1
62550,4936,56600,279.4
62560,4940,57000,281.6
62570,4940,57600,284.5
62580,4940,55900,276.1
62590,4940,57600,284.5
62600,4936,55900,275.9
62610,4940,57600,284.5
62620,4816,144400,695.4
62630,4940,57600,284.5
62640,4936,56000,276.4
62650,4940,57600,284.5
62660,4936,55900,275.9
62670,4940,57500,284.1
62680,4936,55900,275.9
62690,4940,57000,281.6
62700,4936,56600,279.4
62710,4936,57000,281.4
62720,4936,56600,279.4
62730,4832,208200,1006.0
62740,4936,57100,281.8
62750,4940,56700,280.1
62760,4940,57600,284.5
62770,4936,56000,276.4
62780,4940,57500,284.1
62790,4936,56000,276.4
62800,4940,57600,284.5
62810,4936,56000,276.4
62820,4940,57600,284.5
62830,4936,56000,276.4
62840,4772,182100,869.0
62850,4936,56000,276.4
62860,4940,57200,282.6
62870,4936,56700,279.9
62880,4940,56900,281.1
62890,4936,56600,279.4
62900,4940,56800,280.6
62910,4936,56600,279.4
62920,4940,56900,281.1
62930,4940,57600,284.5
62940,4824,171600,827.8
62950,4936,57600,284.3
62960,4936,56000,276.4
62970,4940,57600,284.5
62980,4936,56000,276.4
62990,4940,57600,284.5
63000,4936,55900,275.9
63010,4940,57600,284.5
63020,4936,56000,276.4
63030,4940,57600,284.5
63040,4936,56000,276.4
63050,4724,139100,657.1
63060,4940,56700,280.1
63070,4936,56900,280.9
63080,4936,56700,279.9
63090,4940,57000,281.6
63100,4936,57600,284.3
63110,4936,55900,275.9
63120,4940,57600,284.5
63130,4936,56000,276.4
63140,4940,57500,284.1
63150,4936,56000,276.4
63160,4940,57600,284.5
63170,4940,56000,276.6
63180,4940,57500,284.1
63190,4936,56000,276.4
63200,4940,57600,284.5
63210,4936,56000,276.4
63220,4940,56900,281.1
63230,4936,56600,279.4
63240,4940,57000,281.6
63250,4936,56600,279.4
63260,4816,142900,688.2
63270,4936,56900,280.9
63280,4940,56900,281.1
63290,4940,57600,284.5
63300,4940,56000,276.6
63310,4936,57600,284.3
63320,4936,56000,276.4
63330,4940,57500,284.1
63340,4940,56000,276.6
63350,4936,57600,284.3
63360,4932,145000,715.1
63370,4940,57600,284.5
63380,4936,56000,276.4
63390,4940,57400,283.6
63400,4936,56600,279.4
63410,4940,57200,282.6
63420,4936,56600,279.4
63430,4936,56900,280.9
63440,4936,56600,279.4
63450,4940,56900,281.1
63460,4936,60200,297.1
63470,4936,56100,276.9
63480,4940,57600,284.5
63490,4936,56000,276.4
63501,4940,57500,284.1
63510,4936,55900,275.9
63520,4940,57600,284.5
63530,4936,56000,276.4
63540,4940,57700,285.0
63550,4936,56000,276.4
63560,4940,57600,284.5
63570,4768,158600,756.2
63580,4940,57600,284.5
63590,4940,56600,279.6
63600,4940,57000,281.6
63610,4936,56700,279.9
63620,4940,57000,281.6
63630,4936,57600,284.3
63640,4940,56100,277.1
63650,4940,57500,284.1
63660,4936,56100,276.9
63670,4812,143000,688.1
63680,4940,56000,276.6
63690,4940,57600,284.5
63700,4936,56000,276.4
63710,4940,57600,284.5
63720,4936,56000,276.4
63730,4940,57500,284.1
63740,4936,56000,276.4
63750,4940,56900,281.1
63760,4936,56600,279.4
63770,4940,57000,281.6
63780,4828,215800,1041.9
63790,4936,57000,281.4
63800,4940,56800,280.6
63810,4940,56900,281.1
63820,4940,57600,284.5
63830,4936,55900,275.9
63840,4940,57600,284.5
63850,4936,56000,276.4
63860,4940,57600,284.5
63870,4936,55900,275.9
63880,4732,139300,659.2
63890,4936,56000,276.4
63900,4940,57500,284.1
63910,4936,56000,276.4
63920,4940,57500,284.1
63930,4936,56500,278.9
63940,4940,57400,283.6
63950,4936,56600,279.4
63960,4940,57000,281.6
63970,4936,56600,279.4
63980,4816,141100,679.5
63990,4940,57600,284.5
64000,4936,56000,276.4
64010,4940,57500,284.1
64020,4940,56000,276.6
64030,4940,57500,284.1
64040,4936,56000,276.4
64050,4940,57500,284.1
64060,4936,56000,276.4
64070,4940,57600,284.5
64080,4812,141900,682.8
64090,4940,57600,284.5
64100,4936,56000,276.4
64110,4940,57600,284.5
64120,4936,56700,279.9
64130,4936,57000,281.4
64140,4936,56700,279.9
64150,4940,56900,281.1
64160,4936,57500,283.8
64170,4940,56400,278.6
64180,4940,57600,284.5
64190,4812,200100,962.9
64200,4940,57600,284.5
64210,4936,56000,276.4
64220,4940,57600,284.5
64230,4936,56000,276.4
64240,4940,57600,284.5
64250,4936,56000,276.4
64260,4940,57600,284.5
64270,4940,56000,276.6
64280,4940,56900,281.1
64290,4936,56600,279.4
64300,4936,133800,660.4
64310,4940,56700,280.1
64320,4936,57000,281.4
64330,4936,56700,279.9
64340,4936,57000,281.4
64350,4940,57600,284.5
64360,4936,56000,276.4
64370,4940,57500,284.1
64380,4936,55900,275.9
64390,4940,57600,284.5
64400,4820,208500,1005.0
64410,4940,57600,284.5
64420,4936,56100,276.9
64430,4940,57600,284.5
64440,4936,56000,276.4
64450,4940,57500,284.1
64460,4940,56100,277.1
64470,4940,57600,284.5
64480,4936,56700,279.9
64490,4936,56900,280.9
64500,4936,56700,279.9
64510,4824,139400,672.5
64520,4936,57600,284.3
64530,4940,55900,276.1
64540,4940,57600,284.5
64550,4936,56000,276.4
64560,4940,57600,284.5
64570,4940,56000,276.6
64580,4940,57600,284.5
64590,4936,56000,276.4
64600,4940,57500,284.1
64610,4824,208700,1006.8
64620,4936,57500,283.8
64630,4936,56000,276.4
64640,4936,57600,284.3
64650,4936,56700,279.9
64660,4936,57000,281.4
64670,4936,56700,279.9
64680,4936,56900,280.9
64690,4936,57400,283.3
64700,4940,56600,279.6
64710,4812,142300,684.7
64720,4936,56100,276.9
64730,4940,57600,284.5
64740,4936,56000,276.4
64750,4940,57700,285.0
64760,4936,56000,276.4
64770,4940,57500,284.1
64780,4936,56000,276.4
64790,4940,57600,284.5
64800,4940,55900,276.1
64810,4820,141700,683.0
64820,4936,56700,279.9
64830,4940,57000,281.6
64840,4936,56700,279.9
64850,4936,56900,280.9
64860,4936,56600,279.4
64870,4936,56900,280.9
64880,4940,57600,284.5
64890,4936,56000,276.4
64900,4940,57600,284.5
64910,4936,56000,276.4
64920,4940,57500,284.1
64930,4936,56000,276.4
64940,4940,57600,284.5
64950,4936,56000,276.4
64960,4940,57600,284.5
64970,4936,56000,276.4
64980,4940,57600,284.5
64990,4936,56000,276.4
65000,4940,57600,284.5
65010,4940,56700,280.1
65020,4816,195400,941.0
65030,4940,56700,280.1
65040,4940,57000,281.6
65050,4940,57600,284.5
65060,4940,56000,276.6
65070,4940,57600,284.5
65080,4936,55900,275.9
65090,4940,57600,284.5
65100,4940,56000,276.6
65110,4940,57600,284.5
65120,4940,134200,662.9
65130,4940,57600,284.5
65140,4936,56000,276.4
65150,4940,57600,284.5
65160,4936,56000,276.4
65170,4940,57600,284.5
65180,4936,56600,279.4
65190,4936,57000,281.4
65201,4940,56900,281.1
65210,4940,56900,281.1
65220,4940,57000,281.6
65230,4808,142200,683.7
65240,4940,57600,284.5
65250,4936,56000,276.4
65260,4940,57600,284.5
65270,4936,56000,276.4
65280,4940,57500,284.1
65290,4936,56000,276.4
65300,4936,57600,284.3
65310,4936,56000,276.4
65320,4940,57600,284.5
65330,4936,56100,276.9
65340,4720,140000,660.8
65350,4936,56700,279.9
65360,4940,57200,282.6
65370,4940,56700,280.1
65380,4936,57000,281.4
65390,4936,56700,279.9
65400,4936,56900,280.9
65410,4940,57600,284.5
65420,4936,56000,276.4
65430,4940,57600,284.5
65440,4936,56000,276.4
65450,4900,57600,282.2
65460,4936,56100,276.9
65470,4940,57600,284.5
65480,4936,56000,276.4
65490,4936,57600,284.3
65500,4940,56000,276.6
65510,4940,57600,284.5
65520,4936,56000,276.4
65530,4940,57600,284.5
65540,4936,56600,279.4
65550,4712,131100,617.7
65560,4936,56600,279.4
65570,4936,56900,280.9
65580,4940,57600,284.5
65590,4936,56100,276.9
65600,4940,57500,284.1
65610,4936,56000,276.4
65620,4940,57600,284.5
65630,4936,56000,276.4
65640,4940,57600,284.5
65650,4936,55900,275.9
65660,4716,133500,629.6
65670,4936,56000,276.4
65680,4940,57600,284.5
65690,4936,56000,276.4
65700,4936,57500,283.8
65710,4936,56600,279.4
65720,4940,56900,281.1
65730,4940,56700,280.1
65740,4940,57000,281.6
65750,4936,56900,280.9
65760,4936,56900,280.9
65770,4940,57600,284.5
65780,4936,56000,276.4
65790,4940,57600,284.5
65800,4936,56000,276.4
65810,4940,57500,284.1
65820,4936,56000,276.4
65830,4936,57600,284.3
65840,4940,56000,276.6
65850,4940,57500,284.1
65860,4936,55900,275.9
65870,4772,182900,872.8
65880,4936,56500,278.9
65890,4940,57300,283.1
65900,4936,56700,279.9
65910,4940,57000,281.6
65920,4936,56600,279.4
65930,4936,56900,280.9
65940,4940,57700,285.0
65950,4936,56000,276.4
65960,4940,57600,284.5
65970,4932,108300,534.1
65980,4940,57600,284.5
65990,4936,56000,276.4
66000,4940,57500,284.1
66010,4936,56000,276.4
66020,4940,57600,284.5
66030,4936,56000,276.4
66040,4940,57600,284.5
66050,4936,55900,275.9
66060,4940,57600,284.5
66070,4940,56600,279.6
66080,4816,143000,688.7
66090,4940,56600,279.6
66100,4940,57000,281.6
66110,4936,57500,283.8
66120,4940,56300,278.1
66130,4940,57600,284.5
66140,4936,56000,276.4
66150,4940,57600,284.5
66160,4936,56000,276.4
66170,4940,57600,284.5
66180,4940,56000,276.6
66190,4716,132400,624.4
66200,4936,56000,276.4
66210,4940,57600,284.5
66220,4936,55900,275.9
66230,4940,56800,280.6
66240,4936,56700,279.9
66250,4940,56900,281.1
66260,4936,56600,279.4
66270,4936,56900,280.9
66280,4936,56700,279.9
66290,4940,57000,281.6
66300,4820,215600,1039.2
66310,4940,56000,276.6
66320,4940,57600,284.5
66330,4936,56000,276.4
66340,4936,57600,284.3
66350,4940,55900,276.1
66360,4940,57600,284.5
66370,4936,55900,275.9
66380,4940,57600,284.5
66390,4936,56000,276.4
66400,4816,142500,686.3
66410,4936,56300,277.9
66420,4940,57600,284.5
66430,4940,56600,279.6
66440,4936,57000,281.4
66450,4940,56600,279.6
66460,4936,56900,280.9
66470,4936,57600,284.3
66480,4936,56000,276.4
66490,4936,57600,284.3
66500,4940,56000,276.6
66510,4764,159800,761.3
66520,4936,56000,276.4
66530,4940,57600,284.5
66540,4936,56000,276.4
66550,4940,57600,284.5
66560,4936,56000,276.4
66570,4940,57600,284.5
66580,4936,56000,276.4
66590,4936,57600,284.3
66600,4936,56600,279.4
66610,4940,56900,281.1
66620,4832,56700,274.0
66630,4940,57000,281.6
66640,4940,57400,283.6
66650,4940,56500,279.1
66660,4936,57700,284.8
66670,4936,56000,276.4
66680,4940,57600,284.5
66690,4936,56000,276.4
66700,4940,57600,284.5
66710,4936,56000,276.4
66720,4940,57600,284.5
66730,4796,64300,308.4
66740,4940,57600,284.5
66750,4936,56000,276.4
66760,4940,56900,281.1
66770,4936,56700,279.9
66780,4936,56900,280.9
66790,4936,56700,279.9
66800,4940,56900,281.1
66810,4940,56700,280.1
66820,4940,57000,281.6
66830,4720,158600,748.6
66840,4936,56000,276.4
66850,4940,57600,284.5
66860,4936,56000,276.4
66870,4940,57600,284.5
66880,4936,56000,276.4
66890,4940,57600,284.5
66901,4936,56000,276.4
66910,4940,57600,284.5
66920,4940,56000,276.6
66930,4940,57600,284.5
66940,4808,56200,270.2
66950,4940,57600,284.5
66960,4940,56700,280.1
66970,4940,57000,281.6
66980,4936,56600,279.4
66990,4940,56900,281.1
67000,4936,57600,284.3
67010,4936,55900,275.9
67020,4936,57600,284.3
67030,4936,56000,276.4
67040,4816,142900,688.2
67050,4940,56000,276.6
67060,4940,57600,284.5
67070,4936,56000,276.4
67080,4940,57500,284.1
67090,4936,56000,276.4
67100,4940,57600,284.5
67110,4936,56000,276.4
67120,4940,57600,284.5
67130,4940,56600,279.6
67140,4936,57000,281.4
67150,4808,143000,687.5
67160,4936,57000,281.4
67170,4940,57300,283.1
67180,4940,56700,280.1
67190,4940,57600,284.5
67200,4936,56100,276.9
67210,4940,57600,284.5
67220,4936,56000,276.4
67230,4940,57600,284.5
67240,4936,56000,276.4
67250,4940,60500,298.9
67260,4936,56000,276.4
67270,4940,57600,284.5
67280,4936,56000,276.4
67290,4940,57100,282.1
67300,4936,56600,279.4
67310,4940,57000,281.6
67320,4936,56700,279.9
67330,4940,56900,281.1
67340,4940,56700,280.1
67350,4940,56900,281.1
67360,4808,144100,692.8
67370,4936,56000,276.4
67380,4940,57600,284.5
67390,4936,56000,276.4
67400,4940,57500,284.1
67410,4936,56000,276.4
67420,4936,57600,284.3
67430,4940,56000,276.6
67440,4940,57600,284.5
67450,4936,56000,276.4
67460,4940,57600,284.5
67470,4808,142700,686.1
67480,4940,57600,284.5
67490,4940,56700,280.1
67500,4936,56900,280.9
67510,4936,56700,279.9
67520,4940,56900,281.1
67530,4940,57600,284.5
67540,4936,55900,275.9
67550,4940,57600,284.5
67560,4936,56000,276.4
67570,4940,57500,284.1
67580,4816,200200,964.2
67590,4936,57600,284.3
67600,4936,56000,276.4
67610,4940,57600,284.5
67620,4940,56000,276.6
67630,4940,57500,284.1
67640,4936,56000,276.4
67650,4940,57600,284.5
67660,4936,56700,279.9
67670,4940,56900,281.1
67680,4816,141400,681.0
67690,4936,56900,280.9
67700,4936,57000,281.4
67710,4940,56900,281.1
67720,4940,57600,284.5
67730,4936,56000,276.4
67740,4940,57600,284.5
67750,4936,56000,276.4
67760,4940,57600,284.5
67770,4936,56000,276.4
67780,4940,57500,284.1
67790,4820,131000,631.4
67800,4940,57600,284.5
67810,4936,56000,276.4
67820,4940,57200,282.6
67830,4936,56700,279.9
67840,4940,57200,282.6
67850,4936,56700,279.9
67860,4936,56900,280.9
67870,4936,56700,279.9
67880,4936,56900,280.9
67890,4828,201900,974.8
67900,4940,56000,276.6
67910,4940,57600,284.5
67920,4936,56000,276.4
67930,4940,57500,284.1
67940,4936,56000,276.4
67950,4940,57600,284.5
67960,4936,56000,276.4
67970,4940,57600,284.5
67980,4936,56000,276.4
67990,4940,60600,299.4
68000,4936,56000,276.4
68010,4940,57600,284.5
68020,4940,56600,279.6
68030,4936,56900,280.9
68040,4940,56600,279.6
68050,4940,56900,281.1
68060,4940,57600,284.5
68070,4940,56000,276.6
68080,4940,57600,284.5
68090,4936,56000,276.4
68100,4728,137900,652.0
68110,4936,56000,276.4
68120,4940,57600,284.5
68130,4936,56000,276.4
68140,4940,57600,284.5
68150,4936,55900,275.9
68160,4940,57600,284.5
68170,4936,56000,276.4
68180,4940,57600,284.5
68190,4936,56700,279.9
68200,4940,56900,281.1
68210,4820,192900,929.8
68220,4940,56900,281.1
68230,4940,56800,280.6
68240,4940,56900,281.1
68250,4940,57600,284.5
68260,4936,56000,276.4
68270,4940,57600,284.5
68280,4936,56000,276.4
68290,4940,57500,284.1
68300,4936,56000,276.4
68310,4840,150200,727.0
68320,4940,56000,276.6
68330,4940,57500,284.1
68340,4936,56000,276.4
68350,4940,57500,284.1
68360,4936,56600,279.4
68370,4940,57200,282.6
68380,4936,56700,279.9
68390,4936,56900,280.9
68400,4940,56600,279.6
68410,4936,79100,390.4
68420,4940,57600,284.5
68430,4936,56000,276.4
68440,4940,57600,284.5
68450,4936,56000,276.4
68460,4940,57600,284.5
68470,4936,56100,276.9
68480,4940,57600,284.5
68490,4936,56100,276.9
68500,4940,57500,284.1
68510,4936,56000,276.4
68520,4808,201000,966.4
68530,4940,56000,276.6
68540,4936,57600,284.3
68550,4936,56600,279.4
68560,4936,56900,280.9
68570,4940,56600,279.6
68580,4940,57000,281.6
68590,4936,57600,284.3
68601,4940,56000,276.6
68610,4936,57600,284.3
68620,4812,206700,994.6
68630,4940,57700,285.0
68640,4936,56100,276.9
68650,4936,57600,284.3
68660,4936,56000,276.4
68670,4940,57600,284.5
68680,4936,56000,276.4
68690,4940,57600,284.5
68700,4936,55900,275.9
68710,4940,57600,284.5
68720,4816,141300,680.5
68730,4936,56900,280.9
68740,4940,56700,280.1
68750,4940,56900,281.1
68760,4936,56800,280.4
68770,4940,56900,281.1
68780,4940,57600,284.5
68790,4936,56100,276.9
68800,4940,57600,284.5
68810,4936,56000,276.4
68820,4940,60600,299.4
68830,4940,56000,276.6
68840,4940,57600,284.5
68850,4936,56000,276.4
68860,4940,57600,284.5
68870,4936,56000,276.4
68880,4940,57500,284.1
68890,4936,56500,278.9
68900,4940,57400,283.6
68910,4936,56700,279.9
68920,4940,56900,281.1
68930,4812,142200,684.3
68940,4940,56900,281.1
68950,4936,57600,284.3
68960,4936,56000,276.4
68970,4940,57600,284.5
68980,4936,56000,276.4
68990,4940,57600,284.5
69000,4936,56000,276.4
69010,4940,57600,284.5
69020,4936,56000,276.4
69030,4836,149200,721.5
69040,4936,56000,276.4
69050,4940,57600,284.5
69060,4936,56000,276.4
69070,4940,57600,284.5
69080,4940,56600,279.6
69090,4940,57000,281.6
69100,4940,56600,279.6
69110,4936,56900,280.9
69120,4936,57500,283.8
69130,4936,56300,277.9
69140,4816,143700,692.1
69150,4936,56000,276.4
69160,4940,57600,284.5
69170,4940,56000,276.6
69180,4936,89800,443.3
69190,4920,56000,275.5
69200,4940,57600,284.5
69210,4936,56000,276.4
69220,4940,57700,285.0
69230,4936,56000,276.4
69240,4940,57600,284.5
69250,4940,56700,280.1
69260,4940,56900,281.1
69270,4940,56700,280.1
69280,4940,57000,281.6
69290,4940,56700,280.1
69300,4936,56900,280.9
69310,4940,57600,284.5
69320,4936,56000,276.4
69330,4940,57600,284.5
69340,4936,56000,276.4
69350,4940,57500,284.1
69360,4936,56000,276.4
69370,4940,57600,284.5
69380,4936,55900,275.9
69390,4940,57600,284.5
69400,4936,56000,276.4
69410,4940,57600,284.5
69420,4936,56300,277.9
69430,4940,57500,284.1
69440,4940,56600,279.6
69450,4940,56900,281.1
69460,4940,56600,279.6
69470,4940,56900,281.1
69480,4936,57500,283.8
69490,4936,56000,276.4
69500,4940,57600,284.5
69510,4936,56000,276.4
69520,4940,57500,284.1
69530,4940,55900,276.1
69540,4940,57600,284.5
69550,4936,56000,276.4
69560,4940,57600,284.5
69570,4940,56000,276.6
69580,4940,57600,284.5
69590,4936,56000,276.4
69600,4936,57500,283.8
69610,4940,56600,279.6
69620,4940,56900,281.1
69630,4936,56700,279.9
69640,4936,57000,281.4
69650,4936,57600,284.3
69660,4940,56000,276.6
69670,4940,57600,284.5
69680,4936,56000,276.4
69690,4708,126700,596.5
69700,4936,56000,276.4
69710,4940,57600,284.5
69720,4936,56000,276.4
69730,4940,57600,284.5
69740,4936,56000,276.4
69750,4940,57600,284.5
69760,4936,56000,276.4
69770,4940,57600,284.5
69780,4936,56500,278.9
69790,4936,56900,280.9
69800,4940,56500,279.1
69810,4940,57000,281.6
69820,4936,56800,280.4
69830,4940,56800,280.6
69840,4940,57600,284.5
69850,4936,56000,276.4
69860,4940,57600,284.5
69870,4936,56000,276.4
69880,4940,57600,284.5
69890,4936,56000,276.4
69900,4940,57600,284.5
69910,4936,55900,275.9
69920,4940,57700,285.0
69930,4936,56000,276.4
69940,4940,57600,284.5
69950,4936,56700,279.9
69960,4936,57100,281.8
69970,4940,56600,279.6
69980,4936,57000,281.4
69990,4936,56600,279.4
70000,4940,56900,281.1
70010,4940,57600,284.5
70020,4940,56000,276.6
70030,4940,57500,284.1
70040,4940,56000,276.6
70050,4940,57600,284.5
70060,4936,56000,276.4
70070,4940,57600,284.5
70080,4936,56000,276.4
70090,4940,57600,284.5
70100,4936,56000,276.4
70110,4936,57600,284.3
70120,4936,56000,276.4
70130,4940,57600,284.5
70140,4936,56700,279.9
70150,4940,56900,281.1
70160,4940,56600,279.6
70170,4940,57000,281.6
70180,4920,67800,333.6
70190,4864,56100,272.9
70200,4940,57600,284.5
70210,4936,56000,276.4
70220,4940,57600,284.5
70230,4936,56000,276.4
70240,4940,57600,284.5
70250,4936,56000,276.4
70260,4940,57600,284.5
70270,4936,56000,276.4
70280,4940,57600,284.5
70290,4772,138100,659.0
70300,4940,57600,284.5
70311,4936,56600,279.4
70320,4940,57000,281.6
70330,4940,56600,279.6
70340,4940,56900,281.1
70350,4940,57100,282.1
70360,4940,56800,280.6
70370,4940,57600,284.5
70380,4936,56000,276.4
70390,4940,57600,284.5
70400,4744,148100,702.6
70410,4940,57600,284.5
70420,4940,56000,276.6
70430,4940,57500,284.1
70440,4936,56000,276.4
70450,4940,57500,284.1
70460,4936,56000,276.4
70470,4940,57600,284.5
70480,4936,56700,279.9
70490,4936,57000,281.4
70500,4816,136100,655.5
70510,4940,56900,281.1
70520,4940,56700,280.1
70530,4940,57000,281.6
70540,4940,57600,284.5
70550,4936,56000,276.4
70560,4940,57600,284.5
70570,4936,56000,276.4
70580,4940,57500,284.1
70590,4936,56000,276.4
70600,4940,57600,284.5
70610,4812,204900,986.0
70620,4940,57600,284.5
70630,4936,56000,276.4
70640,4940,57600,284.5
70650,4936,56000,276.4
70660,4940,57600,284.5
70670,4940,56600,279.6
70680,4940,56900,281.1
70690,4940,56700,280.1
70700,4940,56900,281.1
70710,4792,142700,683.8
70720,4940,56100,277.1
70730,4940,57600,284.5
70740,4936,56000,276.4
70750,4940,57600,284.5
70760,4936,55900,275.9
70770,4940,57600,284.5
70780,4936,56000,276.4
70790,4940,57600,284.5
70800,4936,56000,276.4
70810,4932,113300,558.8
70820,4936,56000,276.4
70830,4940,57600,284.5
70840,4936,56700,279.9
70850,4936,56900,280.9
70860,4940,56600,279.6
70870,4936,56900,280.9
70880,4940,56900,281.1
70890,4940,56900,281.1
70900,4940,57500,284.1
70910,4936,56000,276.4
70920,4788,135500,648.8
70930,4936,56000,276.4
70940,4940,57600,284.5
70950,4936,56000,276.4
70960,4940,57700,285.0
70970,4936,56000,276.4
70980,4940,57600,284.5
70990,4936,56000,276.4
71000,4940,57600,284.5
71010,4936,56700,279.9
71020,4940,57100,282.1
71030,4940,56600,279.6
71040,4936,57000,281.4
71050,4940,56600,279.6
71060,4936,57000,281.4
71070,4940,57600,284.5
71080,4936,56000,276.4
71090,4940,57600,284.5
71100,4936,55900,275.9
71110,4940,57600,284.5
71120,4936,56000,276.4
71130,4804,144200,692.7
71140,4940,56000,276.6
71150,4940,57500,284.1
71160,4936,56000,276.4
71170,4940,57600,284.5
71180,4936,56000,276.4
71190,4940,57600,284.5
71200,4936,56600,279.4
71210,4940,56900,281.1
71220,4936,56600,279.4
71230,4940,56900,281.1
71240,4936,57600,284.3
71250,4940,56200,277.6
71260,4940,57600,284.5
71270,4936,56000,276.4
71280,4940,57600,284.5
71290,4936,55900,275.9
71300,4940,57600,284.5
71310,4936,56000,276.4
71320,4940,57600,284.5
71330,4936,56000,276.4
71340,4936,110800,546.9
71350,4936,56000,276.4
71360,4936,57600,284.3
71370,4936,56600,279.4
71380,4936,56900,280.9
71390,4936,56700,279.9
71400,4940,56900,281.1
71410,4936,56800,280.4
71420,4940,56900,281.1
71430,4940,57600,284.5
71440,4940,59000,291.5
71450,4940,57600,284.5
71460,4936,56000,276.4
71470,4940,57600,284.5
71480,4936,56000,276.4
71490,4940,57700,285.0
71500,4936,56000,276.4
71510,4940,57600,284.5
71520,4936,56000,276.4
71530,4940,57600,284.5
71540,4936,56600,279.4
71550,4820,142600,687.3
71560,4940,56700,280.1
71570,4940,56900,281.1
71580,4936,56600,279.4
71590,4936,57000,281.4
71600,4940,57500,284.1
71610,4936,56000,276.4
71620,4940,57600,284.5
71630,4936,56000,276.4
71640,4940,57600,284.5
71650,4940,56000,276.6
71660,4824,137300,662.3
71670,4936,56000,276.4
71680,4940,57500,284.1
71690,4936,56000,276.4
71700,4940,57600,284.5
71710,4936,56000,276.4
71720,4936,57500,283.8
71730,4940,56700,280.1
71740,4936,56900,280.9
71750,4936,56600,279.4
71760,4936,56900,280.9
71770,4708,147500,694.4
71780,4936,56300,277.9
71790,4940,57600,284.5
71800,4936,56000,276.4
71810,4940,57600,284.5
71820,4936,56000,276.4
71830,4940,57600,284.5
71840,4936,56000,276.4
71850,4940,57500,284.1
71860,4936,56100,276.9
71870,4936,107300,529.6
71880,4936,56000,276.4
71890,4940,57600,284.5
71900,4936,56700,279.9
71910,4940,56900,281.1
71920,4936,56600,279.4
71930,4936,57000,281.4
71940,4936,56700,279.9
71950,4936,56900,280.9
71960,4940,57600,284.5
71970,4936,56000,276.4
71980,4940,57600,284.5
71990,4936,56000,276.4
72000,4940,57600,284.5
72011,4936,56000,276.4
72020,4940,57500,284.1
72030,4936,56100,276.9
72040,4940,57600,284.5
72050,4936,56000,276.4
72060,4940,57600,284.5
72070,4936,56400,278.4
72080,4820,162800,784.7
72090,4936,56700,279.9
72100,4940,57000,281.6
72110,4936,56700,279.9
72120,4936,56900,280.9
72130,4940,57500,284.1
72140,4936,56000,276.4
72150,4940,57600,284.5
72160,4936,56000,276.4
72170,4940,57600,284.5
72180,4936,56000,276.4
72190,4940,57600,284.5
72200,4936,56000,276.4
72210,4940,57600,284.5
72220,4936,56000,276.4
72230,4940,57600,284.5
72240,4936,56000,276.4
72250,4940,57500,284.1
72260,4936,56700,279.9
72270,4940,57000,281.6
72280,4936,56600,279.4
72290,4940,59900,295.9
72300,4940,57400,283.6
72310,4936,56400,278.4
72320,4940,57600,284.5
72330,4936,56000,276.4
72340,4940,57500,284.1
72350,4936,56000,276.4
72360,4940,57600,284.5
72370,4936,56100,276.9
72380,4940,57600,284.5
72390,4936,56000,276.4
72400,4828,166200,802.4
72410,4936,56000,276.4
72420,4940,57600,284.5
72430,4936,56700,279.9
72440,4940,56900,281.1
72450,4940,56700,280.1
72460,4936,57000,281.4
72470,4936,56700,279.9
72480,4936,56900,280.9
72490,4940,57600,284.5
72500,4880,157900,770.6
72510,4940,57600,284.5
72520,4936,56000,276.4
72530,4940,57600,284.5
72540,4936,56000,276.4
72550,4940,57600,284.5
72560,4936,56100,276.9
72570,4940,57600,284.5
72580,4936,56000,276.4
72590,4940,57600,284.5
72600,4936,56300,277.9
72610,4936,57600,284.3
72620,4936,56700,279.9
72630,4940,57000,281.6
72640,4936,56600,279.4
72650,4940,57000,281.6
72660,4940,57600,284.5
72670,4936,56000,276.4
72680,4940,57600,284.5
72690,4936,56000,276.4
72700,4940,57600,284.5
72710,4828,213700,1031.7
72720,4936,57600,284.3
72730,4936,56000,276.4
72740,4940,57700,285.0
72750,4936,56000,276.4
72760,4940,57600,284.5
72770,4936,56000,276.4
72780,4940,57600,284.5
72790,4936,56700,279.9
72800,4940,56900,281.1
72810,4816,141700,682.4
72820,4940,57000,281.6
72830,4936,57300,282.8
72840,4940,56700,280.1
72850,4940,57500,284.1
72860,4936,56000,276.4
72870,4940,57600,284.5
72880,4936,56000,276.4
72890,4940,57600,284.5
72900,4936,55900,275.9
72910,4940,57600,284.5
72920,4824,209200,1009.2
72930,4940,57500,284.1
72940,4936,56000,276.4
72950,4940,57600,284.5
72960,4936,56800,280.4
72970,4940,56800,280.6
72980,4936,56600,279.4
72990,4940,56900,281.1
73000,4940,56600,279.6
73010,4936,56900,280.9
73020,4816,146000,703.1
73030,4936,56000,276.4
73040,4936,57600,284.3
73050,4936,56000,276.4
73060,4940,57600,284.5
73070,4936,56000,276.4
73080,4936,57600,284.3
73090,4936,56000,276.4
73100,4940,57600,284.5
73110,4936,56000,276.4
73120,4940,57500,284.1
73130,4780,183500,877.1
73140,4940,57600,284.5
73150,4936,56600,279.4
73160,4936,56900,280.9
73170,4936,56600,279.4
73180,4940,57000,281.6
73190,4940,57600,284.5
73200,4936,56000,276.4
73210,4940,57600,284.5
73220,4936,56000,276.4
73230,4796,143100,686.3
73240,4940,56000,276.6
73250,4940,57600,284.5
73260,4936,56000,276.4
73270,4940,57600,284.5
73280,4936,56000,276.4
73290,4940,57600,284.5
73300,4936,56000,276.4
73310,4940,57600,284.5
73320,4936,56700,279.9
73330,4936,56900,280.9
73340,4936,56600,279.4
73350,4940,56900,281.1
73360,4936,57100,281.8
73370,4940,56800,280.6
73380,4940,57600,284.5
73390,4936,56000,276.4
73400,4940,57600,284.5
73410,4936,56000,276.4
73420,4940,57600,284.5
73430,4936,56000,276.4
73440,4700,117600,552.7
73450,4936,56000,276.4
73460,4940,57500,284.1
73470,4936,56000,276.4
73480,4940,57600,284.5
73490,4936,56700,279.9
73500,4936,57000,281.4
73510,4936,56700,279.9
73520,4936,56900,280.9
73530,4936,56600,279.4
73540,4936,56900,280.9
73550,4940,57500,284.1
73560,4940,56100,277.1
73570,4940,57600,284.5
73580,4936,56000,276.4
73590,4940,57600,284.5
73600,4936,56000,276.4
73610,4940,57600,284.5
73620,4936,56000,276.4
73630,4940,57600,284.5
73640,4936,56000,276.4
73650,4812,144400,694.9
73660,4936,56100,276.9
73670,4940,57500,284.1
73680,4940,56600,279.6
73690,4936,56900,280.9
73700,4936,56600,279.4
73711,4936,56100,276.9
73720,4940,57700,285.0
73730,4936,56000,276.4
73740,4940,57600,284.5
73750,4936,56000,276.4
73760,4816,184900,890.5
73770,4936,56000,276.4
73780,4940,57500,284.1
73790,4936,56000,276.4
73800,4940,57600,284.5
73810,4936,56000,276.4
73820,4940,57600,284.5
73830,4936,56100,276.9
73840,4940,57600,284.5
73850,4936,56600,279.4
73860,4936,58200,287.3
73870,4936,56600,279.4
73880,4940,56900,281.1
73890,4936,56900,280.9
73900,4936,56900,280.9
73910,4940,57600,284.5
73920,4936,55900,275.9
73930,4940,57600,284.5
73940,4936,56000,276.4
73950,4940,57600,284.5
73960,4936,56000,276.4
73970,4816,209400,1008.5
73980,4936,56000,276.4
73990,4940,57600,284.5
74000,4936,56000,276.4
74010,4940,57700,285.0
74020,4940,56600,279.6
74030,4940,57100,282.1
74040,4940,56700,280.1
74050,4936,56900,280.9
74060,4940,56700,280.1
74070,4940,56900,281.1
74080,4724,138200,652.9
74090,4936,56100,276.9
74100,4940,57600,284.5
74110,4936,56000,276.4
74120,4940,57600,284.5
74130,4936,56000,276.4
74140,4940,57600,284.5
74150,4936,56000,276.4
74160,4940,57600,284.5
74170,4936,56000,276.4
74180,4820,143400,691.2
74190,4936,56000,276.4
74200,4936,57600,284.3
74210,4940,56700,280.1
74220,4936,57000,281.4
74230,4940,56700,280.1
74240,4936,57000,281.4
74250,4936,57700,284.8
74260,4940,56000,276.6
74270,4940,57600,284.5
74280,4936,56000,276.4
74290,4940,57600,284.5
74300,4936,56000,276.4
74310,4940,57700,285.0
74320,4936,56000,276.4
74330,4940,57600,284.5
74340,4936,56000,276.4
74350,4940,57600,284.5
74360,4936,56000,276.4
74370,4940,57600,284.5
74380,4936,56600,279.4
74390,4936,57500,283.8
74400,4936,56600,279.4
74410,4936,57000,281.4
74420,4936,56800,280.4
74430,4940,56900,281.1
74440,4940,57500,284.1
74450,4936,56100,276.9
74460,4940,57600,284.5
74470,4936,56000,276.4
74480,4940,57500,284.1
74490,4936,56000,276.4
74500,4816,207700,1000.3
74510,4936,56000,276.4
74520,4940,57600,284.5
74530,4936,56000,276.4
74540,4940,57600,284.5
74550,4936,56500,278.9
74560,4940,57400,283.6
74570,4936,56700,279.9
74580,4940,57000,281.6
74590,4940,56700,280.1
74600,4936,59700,294.7
74610,4936,57700,284.8
74620,4936,56000,276.4
74630,4940,57600,284.5
74640,4936,56100,276.9
74650,4940,57600,284.5
74660,4936,56000,276.4
74670,4940,57600,284.5
74680,4936,56000,276.4
74690,4940,57600,284.5
74700,4936,56000,276.4
74710,4940,57600,284.5
74720,4936,56000,276.4
74730,4940,57700,285.0
74740,4936,56600,279.4
74750,4940,56900,281.1
74760,4940,56700,280.1
74770,4936,56900,280.9
74780,4940,57600,284.5
74790,4940,56200,277.6
74800,4940,57600,284.5
74810,4936,58800,290.2
74820,4940,57600,284.5
74830,4936,56000,276.4
74840,4940,57600,284.5
74850,4936,56000,276.4
74860,4940,57700,285.0
74870,4936,56000,276.4
74880,4940,57600,284.5
74890,4936,56000,276.4
74900,4940,57600,284.5
74910,4940,56600,279.6
74920,4812,152500,733.8
74930,4936,56600,279.4
74940,4940,57000,281.6
74950,4936,56700,279.9
74960,4940,57000,281.6
74970,4940,57600,284.5
74980,4936,56000,276.4
74990,4940,57600,284.5
75000,4936,56000,276.4
75010,4940,57600,284.5
75020,4936,58800,290.2
75030,4940,57600,284.5
75040,4936,56000,276.4
75050,4940,57500,284.1
75060,4940,56000,276.6
75070,4940,57600,284.5
75080,4936,56500,278.9
75090,4940,57500,284.1
75100,4936,56600,279.4
75110,4940,57000,281.6
75120,4936,56600,279.4
75130,4940,59800,295.4
75140,4940,57600,284.5
75150,4940,56000,276.6
75160,4940,57600,284.5
75170,4940,56000,276.6
75180,4940,57600,284.5
75190,4940,56000,276.6
75200,4940,57500,284.1
75210,4936,56000,276.4
75220,4940,57600,284.5
75230,4936,56000,276.4
75240,4828,138900,670.6
75250,4936,56000,276.4
75260,4940,57600,284.5
75270,4936,56700,279.9
75280,4936,56900,280.9
75290,4936,56700,279.9
75300,4936,56900,280.9
75310,4936,57600,284.3
75320,4936,56300,277.9
75330,4936,57600,284.3
75340,4812,141000,678.5
75350,4940,57600,284.5
75360,4936,56000,276.4
75370,4940,57600,284.5
75380,4936,56000,276.4
75390,4940,57600,284.5
75400,4936,56000,276.4
75411,4940,57700,285.0
75420,4936,56100,276.9
75430,4940,57600,284.5
75440,4936,59500,293.7
75450,4940,56900,281.1
75460,4936,56700,279.9
75470,4940,56900,281.1
75480,4936,56700,279.9
75490,4940,56900,281.1
75500,4940,57600,284.5
75510,4936,56000,276.4
75520,4940,57600,284.5
75530,4936,56000,276.4
75540,4940,57600,284.5
75550,4824,210700,1016.4
75560,4940,57600,284.5
75570,4936,56100,276.9
75580,4940,57600,284.5
75590,4936,56000,276.4
75600,4940,57700,285.0
75610,4936,56400,278.4
75620,4940,57500,284.1
75630,4940,56600,279.6
75640,4936,56900,280.9
75650,4716,137300,647.5
75660,4940,57000,281.6
75670,4940,57500,284.1
75680,4936,56000,276.4
75690,4940,57600,284.5
75700,4936,56000,276.4
75710,4940,57600,284.5
75720,4936,56000,276.4
75730,4940,57600,284.5
75740,4936,56000,276.4
75750,4816,146300,704.6
75760,4936,56000,276.4
75770,4940,57600,284.5
75780,4936,56100,276.9
75790,4940,57600,284.5
75800,4940,56700,280.1
75810,4940,57000,281.6
75820,4936,56600,279.4
75830,4936,57000,281.4
75840,4936,57500,283.8
75850,4936,56500,278.9
75860,4708,149800,705.3
75870,4936,56100,276.9
75880,4940,57700,285.0
75890,4936,56000,276.4
75900,4940,57600,284.5
75910,4936,56000,276.4
75920,4940,57600,284.5
75930,4936,55900,275.9
75940,4940,57600,284.5
75950,4936,56000,276.4
75960,4824,137800,664.7
75970,4936,56700,279.9
75980,4936,56900,280.9
75990,4940,56700,280.1
76000,4936,57000,281.4
76010,4936,56700,279.9
76020,4940,57000,281.6
76030,4940,57600,284.5
76040,4936,56000,276.4
76050,4940,57600,284.5
76060,4936,56000,276.4
76070,4816,146100,703.6
76080,4936,56100,276.9
76090,4940,57600,284.5
76100,4936,56100,276.9
76110,4940,57600,284.5
76120,4936,56000,276.4
76130,4940,57600,284.5
76140,4936,56200,277.4
76150,4940,57600,284.5
76160,4936,56700,279.9
76170,4940,56900,281.1
76180,4936,56600,279.4
76190,4940,56900,281.1
76200,4936,57600,284.3
76210,4936,56000,276.4
76220,4940,57600,284.5
76230,4936,56000,276.4
76240,4940,57600,284.5
76250,4936,56000,276.4
76260,4940,57600,284.5
76270,4936,56000,276.4
76280,4816,143000,688.7
76290,4936,56000,276.4
76300,4940,57600,284.5
76310,4936,56200,277.4
76320,4940,57600,284.5
76330,4936,56600,279.4
76340,4936,57100,281.8
76350,4936,56700,279.9
76360,4936,56900,280.9
76370,4936,57300,282.8
76380,4816,73800,355.4
76390,4940,57700,285.0
76400,4936,56100,276.9
76410,4940,57700,285.0
76420,4936,56000,276.4
76430,4940,57600,284.5
76440,4936,56000,276.4
76450,4940,57600,284.5
76460,4940,56000,276.6
76470,4940,57600,284.5
76480,4936,56100,276.9
76490,4936,57600,284.3
76500,4936,56700,279.9
76510,4940,57000,281.6
76520,4940,56600,279.6
76530,4940,56900,281.1
76540,4936,56700,279.9
76550,4940,56900,281.1
76560,4940,57600,284.5
76570,4936,56000,276.4
76580,4940,57600,284.5
76590,4936,56000,276.4
76600,4940,57600,284.5
76610,4936,56000,276.4
76620,4940,57500,284.1
76630,4936,56000,276.4
76640,4940,57600,284.5
76650,4936,56000,276.4
76660,4940,57600,284.5
76670,4936,56200,277.4
76680,4936,57600,284.3
76690,4936,56600,279.4
76700,4936,56900,280.9
76710,4936,56700,279.9
76720,4940,57000,281.6
76730,4936,57600,284.3
76740,4936,56000,276.4
76750,4940,57600,284.5
76760,4936,56000,276.4
76770,4940,57600,284.5
76780,4936,56000,276.4
76790,4940,57600,284.5
76800,4936,56000,276.4
76810,4940,57600,284.5
76820,4936,56000,276.4
76830,4940,57600,284.5
76840,4936,56000,276.4
76850,4940,57600,284.5
76860,4936,56700,279.9
76870,4936,56900,280.9
76880,4936,56600,279.4
76890,4828,190600,920.2
76900,4940,57600,284.5
76910,4940,56400,278.6
76920,4940,57500,284.1
76930,4936,56100,276.9
76940,4940,57600,284.5
76950,4936,55900,275.9
76960,4940,57600,284.5
76970,4940,56000,276.6
76980,4940,57600,284.5
76990,4936,56000,276.4
77000,4940,57600,284.5
77010,4936,56000,276.4
77020,4940,57600,284.5
77030,4936,56600,279.4
77040,4940,56900,281.1
77050,4936,56600,279.4
77060,4936,57000,281.4
77070,4936,56700,279.9
77080,4936,56900,280.9
77090,4940,57600,284.5
77100,4936,56000,276.4
77110,4940,57600,284.5
77121,4940,56000,276.6
77130,4940,57600,284.5
77140,4936,56000,276.4
77150,4940,57600,284.5
77160,4936,56000,276.4
77170,4940,57600,284.5
77180,4936,56000,276.4
77190,4940,57600,284.5
77200,4936,56700,279.9
77210,4940,57200,282.6
77220,4940,56700,280.1
77230,4940,57000,281.6
77240,4940,56600,279.6
77250,4940,57000,281.6
77260,4940,57600,284.5
77270,4936,56000,276.4
77280,4940,57600,284.5
77290,4936,56000,276.4
77300,4940,57600,284.5
77310,4936,56000,276.4
77320,4940,57600,284.5
77330,4936,56000,276.4
77340,4940,57500,284.1
77350,4936,55900,275.9
77360,4940,57600,284.5
77370,4936,56000,276.4
77380,4940,57600,284.5
77390,4816,143100,689.2
77400,4940,56900,281.1
77410,4936,56700,279.9
77420,4940,56900,281.1
77430,4936,57600,284.3
77440,4936,56000,276.4
77450,4936,57500,283.8
77460,4936,56100,276.9
77470,4940,57600,284.5
77480,4936,56000,276.4
77490,4940,57500,284.1
77500,4936,56000,276.4
77510,4940,57600,284.5
77520,4936,56000,276.4
77530,4940,57700,285.0
77540,4936,56000,276.4
77550,4940,57600,284.5
77560,4936,56600,279.4
77570,4940,56900,281.1
77580,4936,56600,279.4
77590,4940,56900,281.1
77600,4936,57100,281.8
77610,4940,56700,280.1
77620,4940,57400,283.6
77630,4936,56000,276.4
77640,4940,57600,284.5
77650,4936,56000,276.4
77660,4940,57600,284.5
77670,4936,56000,276.4
77680,4940,57600,284.5
77690,4936,56000,276.4
77700,4940,57500,284.1
77710,4936,56000,276.4
77720,4936,57600,284.3
77730,4936,56700,279.9
77740,4936,56900,280.9
77750,4940,56600,279.6
77760,4940,56900,281.1
77770,4936,56600,279.4
77780,4940,56900,281.1
77790,4940,57600,284.5
77800,4936,55900,275.9
77810,4940,57600,284.5
77820,4936,56000,276.4
77830,4940,57600,284.5
77840,4936,56000,276.4
77850,4940,57600,284.5
77860,4936,56000,276.4
77870,4940,57500,284.1
77880,4936,56000,276.4
77890,4936,57600,284.3
77900,4732,137500,650.6
77910,4940,57600,284.5
77920,4936,56600,279.4
77930,4940,57000,281.6
77940,4936,56700,279.9
77950,4936,57000,281.4
77960,4940,57600,284.5
77970,4936,55900,275.9
77980,4940,57600,284.5
77990,4936,55900,275.9
78000,4940,57500,284.1
78010,4936,56000,276.4
78020,4940,57600,284.5
78030,4936,56000,276.4
78040,4940,57600,284.5
78050,4936,56000,276.4
78060,4940,57600,284.5
78070,4936,56000,276.4
78080,4940,57600,284.5
78090,4936,56600,279.4
78100,4936,56900,280.9
78110,4940,56700,280.1
78120,4940,56900,281.1
78130,4936,57600,284.3
78140,4940,56300,278.1
78150,4940,57600,284.5
78160,4936,56000,276.4
78170,4940,57600,284.5
78180,4936,56000,276.4
78190,4940,57600,284.5
78200,4936,56000,276.4
78210,4940,57600,284.5
78220,4936,56000,276.4
78230,4940,57500,284.1
78240,4940,56000,276.6
78250,4940,57600,284.5
78260,4936,56600,279.4
78270,4940,56900,281.1
78280,4936,56600,279.4
78290,4940,56900,281.1
78300,4936,56700,279.9
78310,4940,56900,281.1
78320,4940,57600,284.5
78330,4936,56000,276.4
78340,4940,57600,284.5
78350,4936,56000,276.4
78360,4940,57600,284.5
78370,4936,56000,276.4
78380,4940,57500,284.1
78390,4936,56000,276.4
78400,4940,57600,284.5
78410,4916,56000,275.3
78420,4940,57600,284.5
78430,4936,56600,279.4
78440,4940,57300,283.1
78450,4936,56600,279.4
78460,4940,56900,281.1
78470,4940,56600,279.6
78480,4936,56900,280.9
78490,4936,57600,284.3
78500,4940,56000,276.6
78510,4940,57500,284.1
78520,4936,56000,276.4
78530,4940,57500,284.1
78540,4936,56000,276.4
78550,4940,57600,284.5
78560,4940,56000,276.6
78570,4940,57500,284.1
78580,4936,56000,276.4
78590,4936,57600,284.3
78600,4936,55900,275.9
78610,4936,57600,284.3
78620,4936,56600,279.4
78630,4940,56900,281.1
78640,4936,56600,279.4
78650,4936,57000,281.4
78660,4936,57600,284.3
78670,4940,55900,276.1
78680,4940,57600,284.5
78690,4936,56000,276.4
78700,4940,57500,284.1
78710,4940,56000,276.6
78720,4940,57500,284.1
78730,4936,55900,275.9
78740,4940,57600,284.5
78750,4936,56000,276.4
78760,4940,57500,284.1
78770,4936,55900,275.9
78780,4940,57600,284.5
78790,4936,56600,279.4
78800,4936,56900,280.9
78810,4936,56700,279.9
78821,4940,56800,280.6
78830,4936,57200,282.3
78840,4940,56600,279.6
78850,4940,57600,284.5
78860,4936,56000,276.4
78870,4940,57600,284.5
78880,4840,67600,327.2
78890,4940,57500,284.1
78900,4936,56000,276.4
78910,4940,57600,284.5
78920,4936,56000,276.4
78930,4936,57500,283.8
78940,4936,56000,276.4
78950,4936,57600,284.3
78960,4940,56700,280.1
78970,4940,56900,281.1
78980,4940,56700,280.1
78990,4824,205300,990.4
79000,4940,56600,279.6
79010,4936,57000,281.4
79020,4940,57600,284.5
79030,4936,56000,276.4
79040,4940,57600,284.5
79050,4936,56000,276.4
79060,4940,57600,284.5
79070,4936,56000,276.4
79080,4940,57600,284.5
79090,4816,140400,676.2
79100,4940,57500,284.1
79110,4936,56000,276.4
79120,4940,57600,284.5
79130,4936,56000,276.4
79140,4940,57600,284.5
79150,4940,56700,280.1
79160,4940,57000,281.6
79170,4940,56600,279.6
79180,4936,56900,280.9
79190,4936,57600,284.3
79200,4820,141200,680.6
79210,4940,57600,284.5
79220,4936,56000,276.4
79230,4940,57600,284.5
79240,4936,56000,276.4
79250,4940,57500,284.1
79260,4936,56000,276.4
79270,4940,57600,284.5
79280,4936,56100,276.9
79290,4940,57500,284.1
79300,4936,55900,275.9
79310,4940,64200,317.1
79320,4936,56600,279.4
79330,4940,57000,281.6
79340,4940,56700,280.1
79350,4936,56900,280.9
79360,4940,57100,282.1
79370,4940,56800,280.6
79380,4940,57600,284.5
79390,4936,56000,276.4
79400,4940,57600,284.5
79410,4808,142100,683.2
79420,4940,57600,284.5
79430,4936,56000,276.4
79440,4940,57600,284.5
79450,4936,56000,276.4
79460,4940,57600,284.5
79470,4936,56000,276.4
79480,4940,57600,284.5
79490,4936,56700,279.9
79500,4940,57000,281.6
79510,4936,59600,294.2
79520,4940,57000,281.6
79530,4936,56700,279.9
79540,4940,57000,281.6
79550,4940,57600,284.5
79560,4936,56000,276.4
79570,4936,57600,284.3
79580,4936,56100,276.9
79590,4940,57600,284.5
79600,4936,55900,275.9
79610,4940,57600,284.5
79620,4812,141100,679.0
79630,4936,57500,283.8
79640,4936,56000,276.4
79650,4940,57500,284.1
79660,4936,56000,276.4
79670,4936,57500,283.8
79680,4936,56600,279.4
79690,4940,56900,281.1
79700,4940,56600,279.6
79710,4936,57000,281.4
79720,4796,142800,684.9
79730,4940,56100,277.1
79740,4940,57500,284.1
79750,4936,56000,276.4
79760,4940,57600,284.5
79770,4936,55900,275.9
79780,4940,57500,284.1
79790,4936,56000,276.4
79800,4940,57600,284.5
79810,4936,56000,276.4
79820,4940,57500,284.1
79830,4716,137200,647.0
79840,4940,57600,284.5
79850,4936,56600,279.4
79860,4940,57000,281.6
79870,4940,56600,279.6
79880,4936,56900,280.9
79890,4936,56900,280.9
79900,4940,56900,281.1
79910,4940,57600,284.5
79920,4940,56000,276.6
79930,4824,138900,670.1
79940,4936,56000,276.4
79950,4940,57600,284.5
79960,4936,56000,276.4
79970,4940,57600,284.5
79980,4936,56000,276.4
79990,4940,57600,284.5
80000,4936,56000,276.4
80010,4940,57600,284.5
80020,4936,56700,279.9
80030,4936,57200,282.3
80040,4940,56700,280.1
80050,4936,56900,280.9
80060,4936,56600,279.4
80070,4940,57000,281.6
80080,4936,57600,284.3
80090,4936,56000,276.4
80100,4940,57600,284.5
80110,4936,56000,276.4
80120,4940,57600,284.5
80130,4936,56000,276.4
80140,4792,142500,682.9
80150,4936,56000,276.4
80160,4940,57600,284.5
80170,4936,56000,276.4
80180,4940,57600,284.5
80190,4936,56000,276.4
80200,4940,57600,284.5
80210,4940,56700,280.1
80220,4936,56900,280.9
80230,4936,56700,279.9
80240,4936,56900,280.9
80250,4716,138900,655.1
80260,4936,56200,277.4
80270,4940,57600,284.5
80280,4936,56000,276.4
80290,4940,57600,284.5
80300,4936,56000,276.4
80310,4940,57600,284.5
80320,4936,56000,276.4
80330,4940,57500,284.1
80340,4936,56000,276.4
80350,4816,146400,705.1
80360,4936,56100,276.9
80370,4940,57600,284.5
80380,4936,56700,279.9
80390,4940,56900,281.1
80400,4940,56600,279.6
80410,4940,57000,281.6
80420,4936,56800,280.4
80430,4940,56900,281.1
80440,4936,57600,284.3
80450,4936,55900,275.9
80460,4720,140100,661.3
80470,4936,56000,276.4
80480,4940,57600,284.5
80490,4936,56000,276.4
80500,4940,57500,284.1
80510,4936,56000,276.4
80521,4940,57600,284.5
80530,4936,56000,276.4
80540,4940,57500,284.1
80550,4936,56600,279.4
80560,4828,212100,1024.0
80570,4940,56600,279.6
80580,4940,57000,281.6
80590,4940,56600,279.6
80600,4940,56900,281.1
80610,4940,57600,284.5
80620,4936,55900,275.9
80630,4940,57500,284.1
80640,4936,56000,276.4
80650,4940,57500,284.1
80660,4800,186800,896.6
80670,4940,57600,284.5
80680,4936,56000,276.4
80690,4940,57600,284.5
80700,4936,56000,276.4
80710,4940,57600,284.5
80720,4936,56000,276.4
80730,4936,57600,284.3
80740,4936,56700,279.9
80750,4940,56900,281.1
80760,4804,144800,695.6
80770,4936,56900,280.9
80780,4940,57600,284.5
80790,4940,56300,278.1
80800,4940,57600,284.5
80810,4936,56100,276.9
80820,4940,57700,285.0
80830,4936,56000,276.4
80840,4940,57600,284.5
80850,4936,56000,276.4
80860,4940,57600,284.5
80870,4756,158100,751.9
80880,4940,57700,285.0
80890,4936,56100,276.9
80900,4940,57600,284.5
80910,4936,56700,279.9
80920,4936,56900,280.9
80930,4940,56700,280.1
80940,4940,56900,281.1
80950,4940,56700,280.1
80960,4936,57000,281.4
80970,4804,135100,649.0
80980,4940,56000,276.6
80990,4940,57600,284.5
81000,4936,56000,276.4
81010,4940,57600,284.5
81020,4936,56000,276.4
81030,4940,57600,284.5
81040,4940,56000,276.6
81050,4940,57500,284.1
81060,4936,56000,276.4
81070,4936,57500,283.8
81080,4936,56400,278.4
81090,4940,57500,284.1
81100,4936,56600,279.4
81110,4940,56900,281.1
81120,4940,56600,279.6
81130,4940,57000,281.6
81140,4940,57500,284.1
81150,4936,56000,276.4
81160,4940,57600,284.5
81170,4936,56000,276.4
81180,4940,57600,284.5
81190,4936,56000,276.4
81200,4940,57600,284.5
81210,4936,56000,276.4
81220,4940,57500,284.1
81230,4936,56100,276.9
81240,4940,57600,284.5
81250,4936,56000,276.4
81260,4940,57600,284.5
81270,4940,56600,279.6
81280,4816,141200,680.0
81290,4936,56700,279.9
81300,4940,56900,281.1
81310,4936,57500,283.8
81320,4940,56500,279.1
81330,4940,57600,284.5
81340,4936,55900,275.9
81350,4940,57600,284.5
81360,4936,56000,276.4
81370,4940,57600,284.5
81380,4936,56000,276.4
81390,4940,57600,284.5
81400,4936,56000,276.4
81410,4940,57500,284.1
81420,4936,56000,276.4
81430,4936,57600,284.3
81440,4936,56600,279.4
81450,4940,56800,280.6
81460,4936,56700,279.9
81470,4940,56900,281.1
81480,4940,56600,279.6
81490,4920,150900,742.4
81500,4940,57600,284.5
81510,4936,56000,276.4
81520,4940,57600,284.5
81530,4936,56000,276.4
81540,4940,57600,284.5
81550,4936,56000,276.4
81560,4940,57600,284.5
81570,4936,56000,276.4
81580,4936,57600,284.3
81590,4936,56000,276.4
81600,4940,79900,394.7
81610,4936,56200,277.4
81620,4940,57500,284.1
81630,4936,56600,279.4
81640,4940,57000,281.6
81650,4936,56700,279.9
81660,4936,56900,280.9
81670,4936,57600,284.3
81680,4936,55900,275.9
81690,4940,57600,284.5
81700,4936,58900,290.7
81710,4940,57600,284.5
81720,4936,56000,276.4
81730,4940,57700,285.0
81740,4936,55900,275.9
81750,4940,57600,284.5
81760,4936,56000,276.4
81770,4940,57500,284.1
81780,4936,56000,276.4
81790,4940,57600,284.5
81800,4940,56600,279.6
81810,4936,56900,280.9
81820,4940,56600,279.6
81830,4940,57000,281.6
81840,4936,57300,282.8
81850,4940,56500,279.1
81860,4940,57700,285.0
81870,4936,56000,276.4
81880,4940,57600,284.5
81890,4936,56100,276.9
81900,4940,57600,284.5
81910,4936,56000,276.4
81920,4936,72000,355.4
81930,4936,56000,276.4
81940,4940,57600,284.5
81950,4936,56000,276.4
81960,4940,57600,284.5
81970,4936,56700,279.9
81980,4940,56900,281.1
81990,4940,56600,279.6
82000,4940,57000,281.6
82010,4936,56700,279.9
82020,4940,57000,281.6
82030,4748,165700,786.7
82040,4936,56000,276.4
82050,4940,57600,284.5
82060,4936,56000,276.4
82070,4940,57600,284.5
82080,4936,56000,276.4
82090,4940,57600,284.5
82100,4936,56000,276.4
82110,4940,57600,284.5
82120,4940,56000,276.6
82130,4816,142400,685.8
82140,4936,56100,276.9
82150,4940,57600,284.5
82160,4936,56600,279.4
82170,4936,57000,281.4
82180,4936,56700,279.9
82190,4940,56900,281.1
82200,4936,57600,284.3
82210,4936,56000,276.4
82220,4940,57600,284.5
82231,4816,142100,684.4
82240,4940,57600,284.5
82250,4936,56000,276.4
82260,4940,57600,284.5
82270,4940,56000,276.6
82280,4940,57600,284.5
82290,4936,56000,276.4
82300,4940,57700,285.0
82310,4936,56000,276.4
82320,4940,57600,284.5
82330,4940,56700,280.1
82340,4824,145800,703.3
82350,4936,56700,279.9
82360,4936,56900,280.9
82370,4936,57300,282.8
82380,4800,77400,371.5
82390,4940,57600,284.5
82400,4936,56100,276.9
82410,4940,57600,284.5
82420,4936,56000,276.4
82430,4940,57600,284.5
82440,4936,56000,276.4
82450,4940,57600,284.5
82460,4936,56100,276.9
82470,4940,57600,284.5
82480,4936,56000,276.4
82490,4940,57600,284.5
82500,4936,56700,279.9
82510,4940,56900,281.1
82520,4936,56700,279.9
82530,4936,57000,281.4
82540,4936,56600,279.4
82550,4936,57000,281.4
82560,4940,57600,284.5
82570,4936,55900,275.9
82580,4940,57600,284.5
82590,4936,56000,276.4
82600,4940,57600,284.5
82610,4936,56000,276.4
82620,4940,57600,284.5
82630,4936,56100,276.9
82640,4940,57600,284.5
82650,4936,56000,276.4
82660,4940,57600,284.5
82670,4936,56300,277.9
82680,4940,57500,284.1
82690,4936,56600,279.4
82700,4940,57000,281.6
82710,4936,56700,279.9
82720,4936,57000,281.4
82730,4940,57600,284.5
82740,4936,56000,276.4
82750,4940,57600,284.5
82760,4936,55900,275.9
82770,4940,57500,284.1
82780,4936,56000,276.4
82790,4940,57600,284.5
82800,4936,56000,276.4
82810,4936,57600,284.3
82820,4936,56000,276.4
82830,4940,57600,284.5
82840,4936,55900,275.9
82850,4940,57600,284.5
82860,4936,56600,279.4
82870,4936,57000,281.4
82880,4936,56700,279.9
82890,4932,149400,736.8
82900,4936,57500,283.8
82910,4936,56200,277.4
82920,4940,57500,284.1
82930,4936,56100,276.9
82940,4940,57600,284.5
82950,4936,56000,276.4
82960,4936,57500,283.8
82970,4936,56000,276.4
82980,4936,57600,284.3
82990,4936,56000,276.4
83000,4940,57600,284.5
83010,4940,56000,276.6
83020,4940,57600,284.5
83030,4936,56600,279.4
83040,4940,56900,281.1
83050,4940,56600,279.6
83060,4940,57000,281.6
83070,4940,56800,280.6
83080,4940,56900,281.1
83090,4940,57500,284.1
83100,4936,56000,276.4
83110,4940,57600,284.5
83120,4936,55900,275.9
83130,4940,57600,284.5
83140,4936,56000,276.4
83150,4940,57600,284.5
83160,4936,56000,276.4
83170,4940,57500,284.1
83180,4936,56000,276.4
83190,4940,57600,284.5
83200,4936,56700,279.9
83210,4940,57000,281.6
83220,4936,56600,279.4
83230,4936,56900,280.9
83240,4940,56600,279.6
83250,4940,56900,281.1
83260,4940,57600,284.5
83270,4936,56000,276.4
83280,4940,57600,284.5
83290,4936,55900,275.9
83300,4940,57500,284.1
83310,4936,56000,276.4
83320,4940,57600,284.5
83330,4936,56000,276.4
83340,4940,57600,284.5
83350,4936,56000,276.4
83360,4940,57600,284.5
83370,4936,56100,276.9
83380,4936,57600,284.3
83390,4936,56600,279.4
83400,4816,197500,951.2
83410,4936,56600,279.4
83420,4940,56900,281.1
83430,4936,57700,284.8
83440,4940,56000,276.6
83450,4940,57600,284.5
83460,4936,56000,276.4
83470,4940,57600,284.5
83480,4936,56000,276.4
83490,4940,57600,284.5
83500,4936,55900,275.9
83510,4940,57600,284.5
83520,4936,56000,276.4
83530,4940,57700,285.0
83540,4936,56000,276.4
83550,4940,57600,284.5
83560,4936,56700,279.9
83570,4936,57000,281.4
83580,4936,56700,279.9
83590,4936,56900,280.9
83600,4936,57400,283.3
83610,4940,56500,279.1
83620,4940,57600,284.5
83630,4936,56000,276.4
83640,4940,57600,284.5
83650,4936,56000,276.4
83660,4940,57600,284.5
83670,4936,56000,276.4
83680,4940,57600,284.5
83690,4936,56000,276.4
83700,4936,57600,284.3
83710,4936,56000,276.4
83720,4940,57500,284.1
83730,4940,56700,280.1
83740,4940,56900,281.1
83750,4940,56700,280.1
83760,4936,56900,280.9
83770,4936,56600,279.4
83780,4940,56900,281.1
83790,4940,57600,284.5
83800,4936,55900,275.9
83810,4936,57600,284.3
83820,4936,56000,276.4
83830,4940,57600,284.5
83840,4936,56000,276.4
83850,4940,57600,284.5
83860,4936,55900,275.9
83870,4940,57700,285.0
83880,4936,56000,276.4
83890,4940,57500,284.1
83900,4808,141700,681.3
83910,4936,57400,283.3
83920,4936,56700,279.9
83931,4940,56900,281.1
83940,4940,56600,279.6
83950,4940,56900,281.1
83960,4940,57600,284.5
83970,4936,56000,276.4
83980,4940,57600,284.5
83990,4936,56000,276.4
84000,4940,57600,284.5
84010,4936,56000,276.4
84020,4940,57600,284.5
84030,4936,56000,276.4
84040,4940,57600,284.5
84050,4936,56000,276.4
84060,4940,57600,284.5
84070,4936,56000,276.4
84080,4940,57600,284.5
84090,4940,56600,279.6
84100,4940,57000,281.6
84110,4940,56700,280.1
84120,4940,56900,281.1
84130,4936,57600,284.3
84140,4940,55900,276.1
84150,4940,57500,284.1
84160,4936,56100,276.9
84170,4940,57500,284.1
84180,4936,56000,276.4
84190,4940,57600,284.5
84200,4936,56000,276.4
84210,4940,57600,284.5
84220,4936,56000,276.4
84230,4940,57600,284.5
84240,4936,56000,276.4
84250,4936,57600,284.3
84260,4936,56700,279.9
84270,4936,57000,281.4
84280,4940,56600,279.6
84290,4936,56900,280.9
84300,4940,57200,282.6
84310,4936,56700,279.9
84320,4940,57600,284.5
84330,4936,56000,276.4
84340,4940,57500,284.1
84350,4936,56000,276.4
84360,4940,57600,284.5
84370,4936,56000,276.4
84380,4940,57500,284.1
84390,4936,56000,276.4
84400,4940,57500,284.1
84410,4724,137000,647.2
84420,4936,57600,284.3
84430,4936,56700,279.9
84440,4940,57000,281.6
84450,4940,56600,279.6
84460,4940,56900,281.1
84470,4940,56700,280.1
84480,4936,56900,280.9
84490,4940,57600,284.5
84500,4936,56000,276.4
84510,4940,57600,284.5
84520,4936,56000,276.4
84530,4940,57500,284.1
84540,4936,56000,276.4
84550,4940,57500,284.1
84560,4936,56000,276.4
84570,4940,57500,284.1
84580,4940,56000,276.6
84590,4940,57500,284.1
84600,4936,56300,277.9
84610,4940,57400,283.6
84620,4940,56700,280.1
84630,4936,57000,281.4
84640,4940,56600,279.6
84650,4936,57000,281.4
84660,4940,57500,284.1
84670,4940,56000,276.6
84680,4940,57600,284.5
84690,4936,56000,276.4
84700,4940,57600,284.5
84710,4936,56000,276.4
84720,4940,57600,284.5
84730,4936,56100,276.9
84740,4940,57600,284.5
84750,4936,56000,276.4
84760,4940,57600,284.5
84770,4936,56000,276.4
84780,4936,57600,284.3
84790,4936,56600,279.4
84800,4936,56900,280.9
84810,4940,56600,279.6
84820,4940,56900,281.1
84830,4936,57600,284.3
84840,4940,56000,276.6
84850,4940,57600,284.5
84860,4936,56000,276.4
84870,4936,57600,284.3
84880,4936,56000,276.4
84890,4940,57500,284.1
84900,4936,56000,276.4
84910,4940,57600,284.5
84920,4820,209400,1009.3
84930,4940,57600,284.5
84940,4936,55900,275.9
84950,4940,57600,284.5
84960,4936,56600,279.4
84970,4940,57000,281.6
84980,4940,56600,279.6
84990,4940,56900,281.1
85000,4940,56800,280.6
85010,4936,56900,280.9
85020,4940,57500,284.1
85030,4936,56000,276.4
85040,4940,57600,284.5
85050,4936,56000,276.4
85060,4940,57600,284.5
85070,4936,56000,276.4
85080,4940,57500,284.1
85090,4936,55900,275.9
85100,4940,57600,284.5
85110,4936,56000,276.4
85120,4940,57500,284.1
85130,4936,56700,279.9
85140,4936,57000,281.4
85150,4940,56700,280.1
85160,4936,57000,281.4
85170,4936,56600,279.4
85180,4940,56900,281.1
85190,4940,57500,284.1
85200,4936,56100,276.9
85210,4940,57600,284.5
85220,4936,56000,276.4
85230,4940,57600,284.5
85240,4936,55900,275.9
85250,4940,57600,284.5
85260,4936,56000,276.4
85270,4940,57600,284.5
85280,4936,56000,276.4
85290,4940,57600,284.5
85300,4936,56100,276.9
85310,4940,57600,284.5
85320,4940,56600,279.6
85330,4940,56900,281.1
85340,4936,56600,279.4
85350,4936,56900,280.9
85360,4940,57600,284.5
85370,4940,55900,276.1
85380,4940,57600,284.5
85390,4936,56000,276.4
85400,4940,57600,284.5
85410,4936,55900,275.9
85420,4940,57500,284.1
85430,4820,213400,1028.6
85440,4940,57600,284.5
85450,4936,56000,276.4
85460,4936,57500,283.8
85470,4936,56000,276.4
85480,4940,57500,284.1
85490,4940,56600,279.6
85500,4936,56900,280.9
85510,4936,56600,279.4
85520,4940,57000,281.6
85530,4936,57500,283.8
85540,4940,56400,278.6
85550,4936,57600,284.3
85560,4936,55900,275.9
85570,4940,57600,284.5
85580,4936,55900,275.9
85590,4940,57600,284.5
85600,4936,56000,276.4
85610,4940,57600,284.5
85620,4936,56000,276.4
85630,4940,57600,284.5
85641,4936,56700,279.9
85650,4940,57700,285.0
85660,4936,56600,279.4
85670,4940,56900,281.1
85680,4936,56700,279.9
85690,4936,56900,280.9
85700,4940,56800,280.6
85710,4940,56900,281.1
85720,4936,57500,283.8
85730,4936,56000,276.4
85740,4940,57600,284.5
85750,4936,56000,276.4
85760,4940,57600,284.5
85770,4936,55900,275.9
85780,4940,57600,284.5
85790,4936,55900,275.9
85800,4940,57600,284.5
85810,4936,56000,276.4
85820,4940,57600,284.5
85830,4936,56600,279.4
85840,4936,57100,281.8
85850,4936,56600,279.4
85860,4936,56900,280.9
85870,4940,56600,279.6
85880,4936,56900,280.9
85890,4940,57500,284.1
85900,4936,56000,276.4
85910,4936,57500,283.8
85920,4936,55900,275.9
85930,4940,57600,284.5
85940,4848,55900,271.0
85950,4940,57500,284.1
85960,4936,56000,276.4
85970,4940,57500,284.1
85980,4936,56000,276.4
85990,4940,57600,284.5
86000,4936,56000,276.4
86010,4940,57500,284.1
86020,4936,56600,279.4
86030,4936,56900,280.9
86040,4936,56600,279.4
86050,4936,56900,280.9
86060,4936,57600,284.3
86070,4936,56000,276.4
86080,4940,57600,284.5
86090,4936,55900,275.9
86100,4940,57600,284.5
86110,4936,56000,276.4
86120,4940,57600,284.5
86130,4936,55900,275.9
86140,4940,57600,284.5
86150,4936,56000,276.4
86160,4940,57500,284.1
86170,4936,55900,275.9
86180,4940,57600,284.5
86190,4936,56600,279.4
86200,4936,56900,280.9
86210,4940,56600,279.6
86220,4940,57000,281.6
86230,4936,57300,282.8
86240,4940,56600,279.6
86250,4940,57600,284.5
86260,4936,55900,275.9
86270,4940,57600,284.5
86280,4936,56000,276.4
86290,4940,57500,284.1
86300,4936,56000,276.4
86310,4940,57500,284.1
86320,4936,56000,276.4
86330,4936,57600,284.3
86340,4936,56000,276.4
86350,4940,57600,284.5
86360,4936,56600,279.4
86370,4940,56800,280.6
86380,4940,56600,279.6
86390,4936,56900,280.9
86400,4936,56700,279.9
86410,4936,56900,280.9
86420,4940,57600,284.5
86430,4936,55900,275.9
86440,4812,135700,653.0
86450,4940,56000,276.6
86460,4940,57500,284.1
86470,4936,56000,276.4
86480,4940,57600,284.5
86490,4936,56000,276.4
86500,4940,57600,284.5
86510,4936,56000,276.4
86520,4940,57500,284.1
86530,4936,56500,278.9
86540,4940,57400,283.6
86550,4940,56600,279.6
86560,4940,57000,281.6
86570,4940,56600,279.6
86580,4940,56900,281.1
86590,4936,57500,283.8
86600,4936,56000,276.4
86610,4940,57500,284.1
86620,4936,56000,276.4
86630,4940,57500,284.1
86640,4936,56000,276.4
86650,4936,57600,284.3
86660,4936,56000,276.4
86670,4940,57600,284.5
86680,4936,56000,276.4
86690,4940,57500,284.1
86700,4936,56000,276.4
86710,4940,57500,284.1
86720,4936,56600,279.4
86730,4940,56900,281.1
86740,4936,56600,279.4
86750,4940,57000,281.6
86760,4936,57600,284.3
86770,4936,56000,276.4
86780,4940,57600,284.5
86790,4936,55900,275.9
86800,4940,57600,284.5
86810,4936,56000,276.4
86820,4940,57500,284.1
86830,4936,56000,276.4
86840,4940,57500,284.1
86850,4936,56000,276.4
86860,4940,57500,284.1
86870,4936,56000,276.4
86880,4936,57600,284.3
86890,4936,56700,279.9
86900,4936,57000,281.4
86910,4940,56600,279.6
86920,4940,56900,281.1
86930,4936,57200,282.3
86940,4924,152000,748.4
86950,4940,57600,284.5
86960,4936,56000,276.4
86970,4940,57600,284.5
86980,4936,56000,276.4
86990,4940,57600,284.5
87000,4936,56000,276.4
87010,4940,57600,284.5
87020,4936,55900,275.9
87030,4940,57600,284.5
87040,4936,56000,276.4
87050,4940,57600,284.5
87060,4936,56600,279.4
87070,4940,56900,281.1
87080,4936,56600,279.4
87090,4936,56900,280.9
87100,4940,56600,279.6
87110,4940,56900,281.1
87120,4940,57500,284.1
87130,4936,55900,275.9
87140,4940,57500,284.1
87150,4936,56000,276.4
87160,4936,57500,283.8
87170,4936,55900,275.9
87180,4940,57600,284.5
87190,4936,55900,275.9
87200,4940,57600,284.5
87210,4936,55900,275.9
87220,4940,57600,284.5
87230,4936,56200,277.4
87240,4936,57500,283.8
87250,4940,56600,279.6
87260,4940,57000,281.6
87270,4936,56600,279.4
87280,4936,56900,280.9
87290,4940,57500,284.1
87300,4936,56000,276.4
87310,4940,57500,284.1
87320,4936,56000,276.4
87330,4940,57600,284.5
87344,4936,56500,278.9
87350,4940,57600,284.5
87360,4936,56000,276.4
87370,4940,57500,284.1
87380,4936,55900,275.9
87390,4940,57600,284.5
87400,4936,56000,276.4
87410,4940,57500,284.1
87420,4940,56700,280.1
87430,4940,56900,281.1
87440,4936,56600,279.4
87450,4792,210600,1009.2
87460,4940,57600,284.5
87470,4940,56200,277.6
87480,4940,57600,284.5
87490,4936,56000,276.4
87500,4940,57600,284.5
87510,4936,56000,276.4
87520,4940,57600,284.5
87530,4936,55900,275.9
87540,4940,57500,284.1
87550,4936,56000,276.4
87560,4940,57500,284.1
87570,4936,56000,276.4
87580,4940,57500,284.1
87590,4936,56500,278.9
87600,4936,57000,281.4
87610,4936,56600,279.4
87620,4940,56900,281.1
87630,4936,56900,280.9
87640,4936,56900,280.9
87650,4940,57600,284.5
87660,4936,55900,275.9
87670,4940,57600,284.5
87680,4940,56000,276.6
87690,4940,57500,284.1
87700,4940,56000,276.6
87710,4940,57600,284.5
87720,4936,55900,275.9
87730,4940,57500,284.1
87740,4936,55900,275.9
87750,4940,57700,285.0
87760,4936,56600,279.4
87770,4940,57000,281.6
87780,4940,56600,279.6
87790,4940,56900,281.1
87800,4936,56600,279.4
87810,4940,56900,281.1
87820,4940,57600,284.5
87830,4936,56000,276.4
87840,4940,57500,284.1
87850,4936,56000,276.4
87860,4940,57600,284.5
87870,4936,56000,276.4
87880,4940,57600,284.5
87890,4936,55900,275.9
87900,4940,57600,284.5
87910,4936,55900,275.9
87920,4940,57500,284.1
87930,4936,56200,277.4
87940,4936,57400,283.3
87950,4940,56700,280.1
87960,4804,62100,298.3
87970,4936,56700,279.9
87980,4940,56900,281.1
87990,4940,57500,284.1
88000,4936,56000,276.4
88010,4940,57500,284.1
88020,4936,56000,276.4
88030,4940,57600,284.5
88040,4936,56000,276.4
88050,4940,57600,284.5
88060,4936,55900,275.9
88070,4940,57500,284.1
88080,4936,55900,275.9
88090,4940,57500,284.1
88100,4936,56000,276.4
88110,4940,57600,284.5
88120,4936,56700,279.9
88130,4936,56900,280.9
88140,4936,56700,279.9
88150,4940,56900,281.1
88160,4936,57500,283.8
88170,4936,56300,277.9
88180,4940,57600,284.5
88190,4936,55900,275.9
88200,4940,57600,284.5
88210,4936,56000,276.4
88220,4936,57600,284.3
88230,4936,56000,276.4
88240,4940,57500,284.1
88250,4936,56000,276.4
88260,4940,57500,284.1
88270,4936,56000,276.4
88280,4940,57500,284.1
88290,4936,56600,279.4
88300,4940,56900,281.1
88310,4940,56600,279.6
88320,4940,57000,281.6
88330,4940,56800,280.6
88340,4936,56900,280.9
88350,4936,57600,284.3
88360,4936,55900,275.9
88370,4940,57600,284.5
88380,4936,55900,275.9
88390,4940,57500,284.1
88400,4936,56000,276.4
88410,4940,57600,284.5
88420,4936,55900,275.9
88430,4940,57600,284.5
88440,4936,56000,276.4
88450,4940,57600,284.5
88460,4828,217100,1048.2
88470,4940,57300,283.1
88480,4940,56700,280.1
88490,4940,57000,281.6
88500,4936,56600,279.4
88510,4936,56900,280.9
88520,4936,57600,284.3
88530,4936,56000,276.4
88540,4940,57500,284.1
88550,4936,56000,276.4
88560,4940,57500,284.1
88570,4936,55900,275.9
88580,4940,57600,284.5
88590,4936,56000,276.4
88600,4940,57600,284.5
88610,4936,56000,276.4
88620,4940,57600,284.5
88630,4936,56000,276.4
88640,4940,57500,284.1
88650,4936,56600,279.4
88660,4940,56800,280.6
88670,4940,56600,279.6
88680,4936,56900,280.9
88690,4940,57500,284.1
88700,4936,55900,275.9
88710,4940,57500,284.1
88720,4936,55900,275.9
88730,4940,57600,284.5
88740,4936,56000,276.4
88750,4940,57600,284.5
88760,4940,56000,276.6
88770,4940,57500,284.1
88780,4936,56000,276.4
88790,4940,57500,284.1
88800,4936,56000,276.4
88810,4940,57500,284.1
88820,4936,56600,279.4
88830,4940,56900,281.1
88840,4936,56600,279.4
88850,4936,56900,280.9
88860,4936,57300,282.8
88870,4936,56500,278.9
88880,4940,57600,284.5
88890,4936,56000,276.4
88900,4940,57600,284.5
88910,4940,56000,276.6
88920,4940,57600,284.5
88930,4936,55900,275.9
88940,4940,57500,284.1
88950,4936,55900,275.9
88960,4812,144500,695.3
88970,4936,56000,276.4
88980,4936,57600,284.3
88990,4936,56700,279.9
89000,4936,56800,280.4
89010,4940,56600,279.6
89020,4940,56900,281.1
89030,4940,56600,279.6
89040,4940,56900,281.1
89051,4940,57600,284.5
89060,4936,55900,275.9
89070,4940,57600,284.5
89080,4936,56000,276.4
89090,4940,57500,284.1
89100,4940,56000,276.6
89110,4940,57500,284.1
89120,4936,55900,275.9
89130,4940,57600,284.5
89140,4936,55900,275.9
89150,4940,57700,285.0
89160,4936,56500,278.9
89170,4940,57300,283.1
89180,4936,56600,279.4
89190,4940,56900,281.1
89200,4936,56700,279.9
89210,4936,57000,281.4
89220,4936,57600,284.3
89230,4936,55900,275.9
89240,4940,57500,284.1
89250,4936,56000,276.4
89260,4940,57600,284.5
89270,4936,56000,276.4
89280,4940,57600,284.5
89290,4936,56000,276.4
89300,4940,57500,284.1
89310,4936,55900,275.9
89320,4940,57500,284.1
89330,4936,56000,276.4
89340,4940,57500,284.1
89350,4936,56700,279.9
89360,4936,56900,280.9
89370,4936,56600,279.4
89380,4940,56900,281.1
89390,4940,57600,284.5
89400,4936,56000,276.4
89410,4940,57600,284.5
89420,4940,55900,276.1
89430,4940,57600,284.5
89440,4936,56000,276.4
89450,4940,57500,284.1
89460,4936,55900,275.9
89470,4828,137000,661.4
89480,4936,56000,276.4
89490,4940,57600,284.5
89500,4936,55900,275.9
89510,4940,57500,284.1
89520,4936,56600,279.4
89530,4940,57000,281.6
89540,4936,56600,279.4
89550,4936,56900,280.9
89560,4936,57100,281.8
89570,4936,56800,280.4
89580,4940,57500,284.1
89590,4936,56000,276.4
89600,4940,57600,284.5
89610,4936,55900,275.9
89620,4940,57600,284.5
89630,4936,55900,275.9
89640,4940,57600,284.5
89650,4936,56000,276.4
89660,4940,57500,284.1
89670,4936,55800,275.4
89680,4940,57600,284.5
89690,4936,56600,279.4
89700,4940,56900,281.1
89710,4936,56600,279.4
89720,4940,56900,281.1
89730,4936,56600,279.4
89740,4936,56900,280.9
89750,4940,57500,284.1
89760,4936,56000,276.4
89770,4940,57600,284.5
89780,4936,55900,275.9
89790,4940,57600,284.5
89800,4936,56000,276.4
89810,4940,57400,283.6
89820,4936,55900,275.9
89830,4940,57600,284.5
89840,4940,56000,276.6
89850,4940,57600,284.5
89860,4936,56300,277.9
89870,4940,57400,283.6
89880,4884,60000,293.0
89890,4800,67900,325.9
89900,4936,56600,279.4
89910,4940,56900,281.1
89920,4940,57600,284.5
89930,4940,56000,276.6
89940,4940,57500,284.1
89950,4936,56000,276.4
89960,4940,57500,284.1
89970,4936,56000,276.4
89980,4940,57500,284.1
89990,4820,214800,1035.3
90000,4940,57600,284.5
90010,4936,56000,276.4
90020,4940,57600,284.5
90030,4940,56000,276.6
90040,4940,57500,284.1
90050,4940,56600,279.6
90060,4940,56900,281.1
90070,4936,56600,279.4
90080,4936,56900,280.9
90090,4756,138500,658.7
90100,4936,56600,279.4
90110,4936,57600,284.3
90120,4936,56000,276.4
90130,4940,57600,284.5
90140,4936,56000,276.4
90150,4936,57600,284.3
90160,4940,56000,276.6
90170,4940,57600,284.5
90180,4936,56000,276.4
90190,4816,145400,700.2
90200,4936,56000,276.4
90210,4940,57500,284.1
90220,4936,56600,279.4
90230,4940,56900,281.1
90240,4940,56600,279.6
90250,4936,57000,281.4
90260,4936,56700,279.9
90270,4936,57000,281.4
90280,4940,57600,284.5
90290,4936,55900,275.9
90300,4796,138800,665.7
90310,4936,56000,276.4
90320,4940,57600,284.5
90330,4936,56000,276.4
90340,4940,57600,284.5
90350,4936,56000,276.4
90360,4940,57500,284.1
90370,4936,56000,276.4
90380,4940,57600,284.5
90390,4936,56300,277.9
90400,4940,57500,284.1
90410,4716,136800,645.1
90420,4940,57000,281.6
90430,4940,56700,280.1
90440,4940,56900,281.1
90450,4940,57700,285.0
90460,4936,56000,276.4
90470,4940,57500,284.1
90480,4940,56000,276.6
90490,4936,57600,284.3
90500,4936,56000,276.4
90510,4936,61400,303.1
90520,4936,56000,276.4
90530,4940,57600,284.5
90540,4936,56000,276.4
90550,4940,57600,284.5
90560,4936,55900,275.9
90570,4936,57600,284.3
90580,4936,56700,279.9
90590,4936,56900,280.9
90600,4936,56700,279.9
90610,4940,56900,281.1
90620,4936,60400,298.1
90630,4940,56500,279.1
90640,4940,57600,284.5
90650,4936,56000,276.4
90660,4940,57600,284.5
90670,4936,56000,276.4
90680,4940,57700,285.0
90690,4936,56000,276.4
90700,4940,57600,284.5
90710,4936,56000,276.4
90720,4940,57600,284.5
90730,4808,142000,682.7
90740,4940,57600,284.5
90751,4936,56700,279.9
90760,4940,56900,281.1
90770,4940,56600,279.6
90780,4936,56900,280.9
90790,4940,56600,279.6
90800,4936,56900,280.9
90810,4940,57600,284.5
90820,4936,56000,276.4
90830,4940,57600,284.5
90840,4824,198500,957.6
90850,4940,57600,284.5
90860,4936,56000,276.4
90870,4940,57600,284.5
90880,4936,56000,276.4
90890,4940,57600,284.5
90900,4936,55900,275.9
90910,4940,57600,284.5
90920,4936,56400,278.4
90930,4940,57500,284.1
90940,4936,59600,294.2
90950,4936,56900,280.9
90960,4940,56600,279.6
90970,4940,56900,281.1
90980,4936,57500,283.8
90990,4940,56000,276.6
91000,4940,57500,284.1
91010,4936,56000,276.4
91020,4940,57600,284.5
91030,4936,56000,276.4
91040,4940,57500,284.1
91050,4892,159200,778.8
91060,4940,57600,284.5
91070,4936,56000,276.4
91080,4940,57600,284.5
91090,4936,56000,276.4
91100,4936,57600,284.3
91110,4940,56600,279.6
91120,4940,56900,281.1
91130,4940,56600,279.6
91140,4940,56900,281.1
91150,4940,57500,284.1
91160,4824,207500,1001.0
91170,4940,57600,284.5
91180,4940,56000,276.6
91190,4940,57600,284.5
91200,4936,56000,276.4
91210,4940,57500,284.1
91220,4936,56000,276.4
91230,4940,57600,284.5
91240,4936,55900,275.9
91250,4940,57600,284.5
91260,4864,155400,755.9
91270,4936,57600,284.3
91280,4936,56700,279.9
91290,4940,56800,280.6
91300,4940,56600,279.6
91310,4936,56900,280.9
91320,4936,56700,279.9
91330,4940,56900,281.1
91340,4940,57600,284.5
91350,4936,56000,276.4
91360,4940,57600,284.5
91370,4828,209400,1011.0
91380,4940,57500,284.1
91390,4936,56000,276.4
91400,4940,57600,284.5
91410,4936,56000,276.4
91420,4940,57600,284.5
91430,4936,56000,276.4
91440,4940,57600,284.5
91450,4936,56400,278.4
91460,4940,57500,284.1
91470,4936,59600,294.2
91480,4936,57000,281.4
91490,4940,56600,279.6
91500,4936,57000,281.4
91510,4940,57500,284.1
91520,4936,56000,276.4
91530,4940,57600,284.5
91540,4936,55900,275.9
91550,4940,57600,284.5
91560,4936,56000,276.4
91570,4940,57600,284.5
91580,4812,142200,684.3
91590,4940,57600,284.5
91600,4936,56100,276.9
91610,4940,57600,284.5
91620,4936,56000,276.4
91630,4940,57500,284.1
91640,4940,56700,280.1
91650,4936,56900,280.9
91660,4936,56700,279.9
91670,4940,57000,281.6
91680,4940,57500,284.1
91690,4812,141900,682.8
91700,4936,57700,284.8
91710,4936,56000,276.4
91720,4940,57600,284.5
91730,4936,56000,276.4
91740,4940,57600,284.5
91750,4936,56000,276.4
91760,4940,57600,284.5
91770,4936,56000,276.4
91780,4936,57600,284.3
91790,4936,56000,276.4
91800,4824,201700,973.0
91810,4936,56600,279.4
91820,4940,56800,280.6
91830,4940,56700,280.1
91840,4940,56900,281.1
91850,4936,56700,279.9
91860,4936,56900,280.9
91870,4940,57600,284.5
91880,4936,55900,275.9
91890,4940,57600,284.5
91900,4936,58600,289.2
91910,4940,57500,284.1
91920,4936,56000,276.4
91930,4940,57600,284.5
91940,4936,56000,276.4
91950,4940,57600,284.5
91960,4936,56000,276.4
91970,4940,57600,284.5
91980,4936,56400,278.4
91990,4940,57400,283.6
92000,4936,56700,279.9
92010,4828,205500,992.2
92020,4940,56600,279.6
92030,4936,57000,281.4
92040,4936,57500,283.8
92050,4936,56000,276.4
92060,4940,57600,284.5
92070,4936,56000,276.4
92080,4940,57600,284.5
92090,4936,56000,276.4
92100,4936,57600,284.3
92110,4936,56000,276.4
92120,4740,148500,703.9
92130,4936,56000,276.4
92140,4940,57600,284.5
92150,4940,56000,276.6
92160,4940,57600,284.5
92170,4940,56700,280.1
92180,4940,56900,281.1
92190,4936,56600,279.4
92200,4940,57000,281.6
92210,4940,57500,284.1
92220,4800,186500,895.2
92230,4940,57600,284.5
92240,4940,56000,276.6
92250,4940,57600,284.5
92260,4936,55900,275.9
92270,4940,57600,284.5
92280,4936,56000,276.4
92290,4940,57500,284.1
92300,4936,56100,276.9
92310,4940,57600,284.5
92320,4936,56000,276.4
92330,4820,205200,989.1
92340,4936,56700,279.9
92350,4940,56900,281.1
92360,4936,56700,279.9
92370,4940,56900,281.1
92380,4936,56700,279.9
92390,4940,57000,281.6
92400,4940,57600,284.5
92410,4936,56000,276.4
92420,4940,57600,284.5
92430,4816,140100,674.7
92440,4940,57600,284.5
92451,4936,56000,276.4
92460,4940,57500,284.1
92470,4936,56000,276.4
92480,4940,57600,284.5
92490,4936,56000,276.4
92500,4940,57600,284.5
92510,4936,56500,278.9
92520,4940,57400,283.6
92530,4940,59500,293.9
92540,4940,57000,281.6
92550,4936,56600,279.4
92560,4940,56900,281.1
92570,4936,57600,284.3
92580,4936,55900,275.9
92590,4940,57600,284.5
92600,4936,56000,276.4
92610,4940,57600,284.5
92620,4936,56000,276.4
92630,4940,57600,284.5
92640,4820,218200,1051.7
92650,4940,57600,284.5
92660,4936,56000,276.4
92670,4940,57600,284.5
92680,4940,56000,276.6
92690,4936,57500,283.8
92700,4936,56700,279.9
92710,4936,56900,280.9
92720,4936,56600,279.4
92730,4940,57000,281.6
92740,4708,134200,631.8
92750,4940,56300,278.1
92760,4940,57500,284.1
92770,4936,56000,276.4
92780,4940,57700,285.0
92790,4936,56000,276.4
92800,4940,57600,284.5
92810,4940,56100,277.1
92820,4940,57600,284.5
92830,4936,56000,276.4
92840,4936,57600,284.3
92850,4936,56100,276.9
92860,4940,57600,284.5
92870,4936,56700,279.9
92880,4940,56900,281.1
92890,4936,56600,279.4
92900,4940,57000,281.6
92910,4936,56800,280.4
92920,4936,56900,280.9
92930,4940,57600,284.5
92940,4936,56000,276.4
92950,4800,143600,689.3
92960,4936,56000,276.4
92970,4940,57600,284.5
92980,4936,56000,276.4
92990,4940,57600,284.5
93000,4936,56000,276.4
93010,4936,57600,284.3
93020,4936,56000,276.4
93030,4940,57600,284.5
93040,4936,56600,279.4
93050,4940,57300,283.1
93060,4740,148800,705.3
93070,4940,57000,281.6
93080,4884,59800,292.1
93090,4796,67600,324.2
93100,4940,57600,284.5
93110,4936,56000,276.4
93120,4940,57500,284.1
93130,4936,56100,276.9
93140,4940,57600,284.5
93150,4936,56000,276.4
93160,4940,57600,284.5
93170,4936,56000,276.4
93180,4940,57600,284.5
93190,4936,56000,276.4
93200,4940,57600,284.5
93210,4936,56000,276.4
93220,4940,57700,285.0
93230,4936,56600,279.4
93240,4940,57000,281.6
93250,4936,56700,279.9
93260,4940,56900,281.1
93270,4936,57600,284.3
93280,4940,56100,277.1
93290,4940,57600,284.5
93300,4936,56000,276.4
93310,4940,57600,284.5
93320,4936,56000,276.4
93330,4940,57500,284.1
93340,4936,56000,276.4
93350,4940,57600,284.5
93360,4936,56000,276.4
93370,4940,57600,284.5
93380,4936,55900,275.9
93390,4940,57600,284.5
93400,4936,56600,279.4
93410,4936,56900,280.9
93420,4940,56600,279.6
93430,4936,57000,281.4
93440,4936,57000,281.4
93450,4936,56800,280.4
93460,4940,57600,284.5
93470,4936,56000,276.4
93480,4940,57600,284.5
93490,4936,55900,275.9
93500,4940,57600,284.5
93510,4936,56000,276.4
93520,4940,57600,284.5
93530,4936,55900,275.9
93540,4940,57600,284.5
93550,4936,55900,275.9
93560,4940,57500,284.1
93570,4936,56700,279.9
93580,4940,56900,281.1
93590,4812,141500,680.9
93600,4940,57000,281.6
93610,4940,56600,279.6
93620,4940,57000,281.6
93630,4940,57600,284.5
93640,4936,56000,276.4
93650,4940,57600,284.5
93660,4936,56000,276.4
93670,4940,57600,284.5
93680,4936,56000,276.4
93690,4940,57500,284.1
93700,4940,56000,276.6
93710,4940,57600,284.5
93720,4936,56000,276.4
93730,4940,57600,284.5
93740,4936,56100,276.9
93750,4940,57600,284.5
93760,4936,56500,278.9
93770,4936,57000,281.4
93780,4940,56600,279.6
93790,4936,57000,281.4
93800,4936,57600,284.3
93810,4936,55900,275.9
93820,4940,57600,284.5
93830,4936,56000,276.4
93840,4940,57500,284.1
93850,4936,56000,276.4
93860,4940,57500,284.1
93870,4936,56000,276.4
93880,4940,57600,284.5
93890,4936,56000,276.4
93900,4940,57600,284.5
93910,4940,56000,276.6
93920,4940,57600,284.5
93930,4940,56600,279.6
93940,4940,56900,281.1
93950,4936,56600,279.4
93960,4940,57000,281.6
93970,4936,57600,284.3
93980,4940,56100,277.1
93990,4940,57600,284.5
94000,4936,55900,275.9
94010,4940,57500,284.1
94020,4936,56000,276.4
94030,4940,57600,284.5
94040,4936,56000,276.4
94050,4940,57600,284.5
94060,4936,55900,275.9
94070,4936,57600,284.3
94080,4936,56000,276.4
94090,4812,144400,694.9
94100,4936,56600,279.4
94110,4940,57000,281.6
94120,4936,56600,279.4
94130,4940,57000,281.6
94140,4936,56800,280.4
94151,4936,56000,276.4
94160,4940,57600,284.5
94170,4936,56000,276.4
94180,4940,57600,284.5
94190,4936,55900,275.9
94200,4936,57600,284.3
94210,4936,56000,276.4
94220,4940,57600,284.5
94230,4936,56000,276.4
94240,4940,57500,284.1
94250,4936,55900,275.9
94260,4940,57600,284.5
94270,4936,56700,279.9
94280,4940,57000,281.6
94290,4940,56500,279.1
94300,4940,56900,281.1
94310,4940,56600,279.6
94320,4940,56900,281.1
94330,4940,57500,284.1
94340,4936,56000,276.4
94350,4940,57600,284.5
94360,4936,55900,275.9
94370,4940,57600,284.5
94380,4936,56000,276.4
94390,4940,57600,284.5
94400,4936,56000,276.4
94410,4940,57500,284.1
94420,4936,56000,276.4
94430,4940,57600,284.5
94440,4936,56200,277.4
94450,4940,57500,284.1
94460,4936,56600,279.4
94470,4940,56900,281.1
94480,4936,56600,279.4
94490,4936,56900,280.9
94500,4940,57500,284.1
94510,4936,55900,275.9
94520,4940,57600,284.5
94530,4936,56000,276.4
94540,4940,57600,284.5
94550,4936,56000,276.4
94560,4940,57600,284.5
94570,4936,56000,276.4
94580,4940,57500,284.1
94590,4936,56000,276.4
94600,4820,145500,701.3
94610,4936,56000,276.4
94620,4940,57600,284.5
94630,4940,56600,279.6
94640,4936,56900,280.9
94650,4940,56600,279.6
94660,4936,56900,280.9
94670,4940,57500,284.1
94680,4936,56300,277.9
94690,4940,57500,284.1
94700,4936,56000,276.4
94710,4940,57600,284.5
94720,4936,56000,276.4
94730,4940,57600,284.5
94740,4936,55900,275.9
94750,4940,57600,284.5
94760,4936,55900,275.9
94770,4940,57600,284.5
94780,4936,56000,276.4
94790,4940,57600,284.5
94800,4936,56600,279.4
94810,4940,56900,281.1
94820,4936,56600,279.4
94830,4940,57000,281.6
94840,4940,56900,281.1
94850,4940,56900,281.1
94860,4940,57500,284.1
94870,4936,56000,276.4
94880,4940,57500,284.1
94890,4936,56000,276.4
94900,4940,57600,284.5
94910,4936,56000,276.4
94920,4940,57600,284.5
94930,4936,55900,275.9
94940,4940,57600,284.5
94950,4936,56000,276.4
94960,4940,57600,284.5
94970,4936,56700,279.9
94980,4940,57000,281.6
94990,4940,56600,279.6
95000,4940,56900,281.1
95010,4936,56600,279.4
95020,4940,56900,281.1
95030,4940,57600,284.5
95040,4936,56000,276.4
95050,4940,57600,284.5
95060,4936,55900,275.9
95070,4940,57600,284.5
95080,4936,55900,275.9
95090,4940,57600,284.5
95100,4904,160200,785.6
95110,4940,57600,284.5
95120,4936,56100,276.9
95130,4940,57600,284.5
95140,4936,56100,276.9
95150,4940,57600,284.5
95160,4936,56600,279.4
95170,4936,56900,280.9
95180,4936,56600,279.4
95190,4940,56900,281.1
95200,4940,57600,284.5
95210,4936,55900,275.9
95220,4940,57600,284.5
95230,4936,56000,276.4
95240,4940,57500,284.1
95250,4936,56000,276.4
95260,4940,57600,284.5
95270,4936,56000,276.4
95280,4940,57600,284.5
95290,4940,56000,276.6
95300,4940,57500,284.1
95310,4936,56000,276.4
95320,4940,57600,284.5
95330,4936,56600,279.4
95340,4936,56900,280.9
95350,4936,56600,279.4
95360,4940,56900,281.1
95370,4936,57600,284.3
95380,4936,56300,277.9
95390,4940,57500,284.1
95400,4936,56000,276.4
95410,4940,57600,284.5
95420,4936,55900,275.9
95430,4940,57600,284.5
95440,4936,56000,276.4
95450,4940,57600,284.5
95460,4936,56000,276.4
95470,4940,57600,284.5
95480,4936,56000,276.4
95490,4940,57500,284.1
95500,4936,56600,279.4
95510,4940,56900,281.1
95520,4940,56600,279.6
95530,4940,57000,281.6
95540,4940,56800,280.6
95550,4936,56900,280.9
95560,4940,57500,284.1
95570,4936,56000,276.4
95580,4940,57600,284.5
95590,4936,56000,276.4
95600,4940,57500,284.1
95610,4744,147500,699.7
95620,4936,57600,284.3
95630,4936,56000,276.4
95640,4940,57500,284.1
95650,4936,56000,276.4
95660,4940,57600,284.5
95670,4936,56700,279.9
95680,4940,57100,282.1
95690,4940,56600,279.6
95700,4940,57000,281.6
95710,4936,56600,279.4
95720,4936,56900,280.9
95730,4936,57600,284.3
95740,4936,56000,276.4
95750,4940,57600,284.5
95760,4936,56000,276.4
95770,4940,57500,284.1
95780,4936,56000,276.4
95790,4940,57600,284.5
95800,4936,56000,276.4
95810,4940,57600,284.5
95820,4936,56000,276.4
95830,4940,57600,284.5
95840,4936,56100,276.9
95850,4940,57500,284.1
95861,4936,56500,278.9
95870,4936,57000,281.4
95880,4936,56500,278.9
95890,4936,56900,280.9
95900,4936,57600,284.3
95910,4936,55900,275.9
95920,4940,57600,284.5
95930,4936,55900,275.9
95940,4940,57600,284.5
95950,4936,55900,275.9
95960,4940,57600,284.5
95970,4936,56000,276.4
95980,4940,57600,284.5
95990,4936,56000,276.4
96000,4936,57600,284.3
96010,4936,56000,276.4
96020,4940,57500,284.1
96030,4940,56700,280.1
96040,4940,56900,281.1
96050,4936,56600,279.4
96060,4936,56900,280.9
96070,4936,57600,284.3
96080,4940,56300,278.1
96090,4940,57500,284.1
96100,4936,56000,276.4
96110,4940,57500,284.1
96120,4816,56000,269.7
96130,4940,57600,284.5
96140,4936,56000,276.4
96150,4940,57500,284.1
96160,4940,56000,276.6
96170,4940,57600,284.5
96180,4936,55900,275.9
96190,4936,57600,284.3
96200,4936,56600,279.4
96210,4936,56900,280.9
96220,4940,56600,279.6
96230,4940,57000,281.6
96240,4936,56800,280.4
96250,4940,56900,281.1
96260,4940,57500,284.1
96270,4940,56000,276.6
96280,4940,57500,284.1
96290,4940,55900,276.1
96300,4936,57600,284.3
96310,4936,56100,276.9
96320,4940,57600,284.5
96330,4936,55900,275.9
96340,4940,57600,284.5
96350,4936,56000,276.4
96360,4940,57500,284.1
96370,4936,56700,279.9
96380,4940,57000,281.6
96390,4940,56600,279.6
96400,4936,56900,280.9
96410,4936,56600,279.4
96420,4940,57000,281.6
96430,4940,57600,284.5
96440,4940,56000,276.6
96450,4940,57600,284.5
96460,4940,55900,276.1
96470,4940,57600,284.5
96480,4940,55900,276.1
96490,4940,57500,284.1
96500,4936,56000,276.4
96510,4940,57500,284.1
96520,4936,56000,276.4
96530,4936,57600,284.3
96540,4936,56100,276.9
96550,4940,57500,284.1
96560,4936,56600,279.4
96570,4936,57000,281.4
96580,4940,56600,279.6
96590,4940,56900,281.1
96600,4936,57500,283.8
96610,4936,55900,275.9
96620,4816,142900,688.2
96630,4936,56000,276.4
96640,4940,57600,284.5
96650,4936,56000,276.4
96660,4940,57600,284.5
96670,4936,55900,275.9
96680,4940,57600,284.5
96690,4936,55900,275.9
96700,4940,57600,284.5
96710,4936,56000,276.4
96720,4940,57500,284.1
96730,4936,56600,279.4
96740,4940,56900,281.1
96750,4940,56700,280.1
96760,4936,56900,280.9
96770,4940,57500,284.1
96780,4940,56300,278.1
96790,4936,57600,284.3
96800,4936,56000,276.4
96810,4940,57500,284.1
96820,4936,56000,276.4
96830,4940,57500,284.1
96840,4940,56000,276.6
96850,4940,57600,284.5
96860,4940,55900,276.1
96870,4940,57700,285.0
96880,4936,55900,275.9
96890,4940,57500,284.1
96900,4936,56600,279.4
96910,4940,56900,281.1
96920,4940,56700,280.1
96930,4940,56900,281.1
96940,4936,56900,280.9
96950,4936,56900,280.9
96960,4940,57500,284.1
96970,4936,56000,276.4
96980,4940,57500,284.1
96990,4936,56000,276.4
97000,4940,57600,284.5
97010,4940,55900,276.1
97020,4940,57600,284.5
97030,4936,56000,276.4
97040,4940,57600,284.5
97050,4936,56000,276.4
97060,4940,57600,284.5
97070,4936,56700,279.9
97080,4828,112000,540.7
97090,4892,56600,276.9
97100,4940,56900,281.1
97110,4936,56600,279.4
97120,4940,57000,281.6
97130,4940,57600,284.5
97140,4936,56000,276.4
97150,4940,57600,284.5
97160,4936,55900,275.9
97170,4940,57600,284.5
97180,4936,56000,276.4
97190,4792,143700,688.6
97200,4936,56000,276.4
97210,4940,57600,284.5
97220,4936,56000,276.4
97230,4940,57500,284.1
97240,4936,56100,276.9
97250,4940,57600,284.5
97260,4940,56700,280.1
97270,4940,56900,281.1
97280,4940,56600,279.6
97290,4936,57000,281.4
97300,4812,143600,691.0
97310,4940,56000,276.6
97320,4940,57600,284.5
97330,4936,56000,276.4
97340,4940,57600,284.5
97350,4936,56100,276.9
97360,4940,57600,284.5
97370,4936,56000,276.4
97380,4940,57500,284.1
97390,4936,56000,276.4
97400,4816,142800,687.7
97410,4936,56000,276.4
97420,4940,57600,284.5
97430,4936,56600,279.4
97440,4936,57000,281.4
97450,4940,56700,280.1
97460,4940,56900,281.1
97470,4940,57200,282.6
97480,4940,56700,280.1
97490,4940,57500,284.1
97500,4936,56000,276.4
97510,4816,144100,694.0
97520,4936,56000,276.4
97530,4940,57600,284.5
97540,4936,56000,276.4
97550,4940,57500,284.1
97561,4936,56000,276.4
97570,4940,57600,284.5
97580,4940,56000,276.6
97590,4940,57600,284.5
97600,4936,56700,279.9
97610,4808,142900,687.1
97620,4936,56700,279.9
97630,4940,56900,281.1
97640,4940,56600,279.6
97650,4940,57000,281.6
97660,4936,57600,284.3
97670,4936,56000,276.4
97680,4940,57600,284.5
97690,4936,56000,276.4
97700,4940,57500,284.1
97710,4916,155400,763.9
97720,4940,57600,284.5
97730,4936,56000,276.4
97740,4940,57600,284.5
97750,4940,56000,276.6
97760,4940,57600,284.5
97770,4936,56100,276.9
97780,4940,57600,284.5
97790,4940,56600,279.6
97800,4940,57000,281.6
97810,4936,56600,279.4
97820,4816,141200,680.0
97830,4936,57600,284.3
97840,4936,56000,276.4
97850,4940,57600,284.5
97860,4936,56100,276.9
97870,4940,57600,284.5
97880,4936,56000,276.4
97890,4940,57600,284.5
97900,4936,56000,276.4
97910,4940,57600,284.5
97920,4936,56000,276.4
97930,4816,147200,708.9
97940,4936,56000,276.4
97950,4940,57700,285.0
97960,4936,56600,279.4
97970,4936,57000,281.4
97980,4940,56600,279.6
97990,4936,56900,280.9
98000,4940,57400,283.6
98010,4940,56500,279.1
98020,4936,57600,284.3
98030,4936,56000,276.4
98040,4772,186800,891.4
98050,4940,56000,276.6
98060,4940,57500,284.1
98070,4936,56000,276.4
98080,4940,57600,284.5
98090,4936,56000,276.4
98100,4940,57500,284.1
98110,4936,56000,276.4
98120,4936,57600,284.3
98130,4936,56700,279.9
98140,4812,143200,689.1
98150,4936,56700,279.9
98160,4940,56900,281.1
98170,4940,56700,280.1
98180,4936,57000,281.4
98190,4940,57600,284.5
98200,4936,56000,276.4
98210,4940,57600,284.5
98220,4936,56000,276.4
98230,4940,57600,284.5
98240,4936,56000,276.4
98250,4804,139000,667.8
98260,4940,56000,276.6
98270,4940,57600,284.5
98280,4936,56000,276.4
98290,4936,57500,283.8
98300,4936,56300,277.9
98310,4940,57500,284.1
98320,4936,56700,279.9
98330,4936,56900,280.9
98340,4936,56700,279.9
98350,4940,56900,281.1
98360,4712,131700,620.6
98370,4936,56000,276.4
98380,4940,57600,284.5
98390,4940,56000,276.6
98400,4940,57600,284.5
98410,4936,56000,276.4
98420,4940,57600,284.5
98430,4936,56000,276.4
98440,4940,57600,284.5
98450,4936,56000,276.4
98460,4832,211000,1019.6
98470,4940,56100,277.1
98480,4940,57600,284.5
98490,4936,56700,279.9
98500,4940,57000,281.6
98510,4936,56700,279.9
98520,4940,57000,281.6
98530,4936,57500,283.8
98540,4936,56300,277.9
98550,4940,57600,284.5
98560,4808,141700,681.3
98570,4940,57600,284.5
98580,4936,56000,276.4
98590,4940,57600,284.5
98600,4936,56000,276.4
98610,4940,57600,284.5
98620,4936,56100,276.9
98630,4940,57600,284.5
98640,4936,56000,276.4
98650,4940,57500,284.1
98660,4936,56600,279.4
98670,4816,205000,987.3
98680,4940,56700,280.1
98690,4936,57000,281.4
98700,4936,56800,280.4
98710,4940,56900,281.1
98720,4940,57600,284.5
98730,4936,55900,275.9
98740,4940,57600,284.5
98750,4936,56100,276.9
98760,4936,57600,284.3
98770,4916,155100,762.5
98780,4940,57600,284.5
98790,4936,56000,276.4
98800,4940,57600,284.5
98810,4936,56100,276.9
98820,4940,57600,284.5
98830,4936,56500,278.9
98840,4940,57400,283.6
98850,4940,56700,280.1
98860,4940,57000,281.6
98870,4844,151300,732.9
98880,4940,57000,281.6
98890,4940,57600,284.5
98900,4936,56000,276.4
98910,4940,57500,284.1
98920,4936,56000,276.4
98930,4940,57600,284.5
98940,4936,56000,276.4
98950,4940,57600,284.5
98960,4936,55900,275.9
98970,4940,57600,284.5
98980,4832,209600,1012.8
98990,4940,57700,285.0
99000,4936,56000,276.4
99010,4940,57600,284.5
99020,4940,56700,280.1
99030,4940,56900,281.1
99040,4940,56600,279.6
99050,4936,57000,281.4
99060,4936,57600,284.3
99070,4940,56100,277.1
99080,4940,57600,284.5
99090,4820,155400,749.0
99100,4940,57600,284.5
99110,4936,56100,276.9
99120,4940,57600,284.5
99130,4936,56000,276.4
99140,4940,57600,284.5
99150,4936,56000,276.4
99160,4940,57600,284.5
99170,4936,56000,276.4
99180,4940,57600,284.5
99190,4808,142900,687.1
99200,4940,56900,281.1
99210,4936,56700,279.9
99220,4936,57000,281.4
99230,4936,56800,280.4
99240,4940,56900,281.1
99250,4940,57600,284.5
99261,4936,56000,276.4
99270,4940,57600,284.5
99280,4936,56000,276.4
99290,4940,57600,284.5
99300,4820,208700,1005.9
99310,4940,57600,284.5
99320,4936,56100,276.9
99330,4940,57600,284.5
99340,4936,56000,276.4
99350,4940,57600,284.5
99360,4936,56700,279.9
99370,4940,57100,282.1
99380,4936,56600,279.4
99390,4940,56900,281.1
99400,4812,142800,687.2
99410,4940,56900,281.1
99420,4940,57600,284.5
99430,4936,56000,276.4
99440,4940,57600,284.5
99450,4936,56000,276.4
99460,4940,57600,284.5
99470,4936,56000,276.4
99480,4940,57500,284.1
99490,4940,56000,276.6
99500,4940,57600,284.5
99510,4828,211400,1020.6
99520,4940,57600,284.5
99530,4936,56000,276.4
99540,4940,57600,284.5
99550,4940,56600,279.6
99560,4936,57000,281.4
99570,4940,56600,279.6
99580,4936,56900,280.9
99590,4936,57700,284.8
99600,4936,56000,276.4
99610,4820,147700,711.9
99620,4936,56000,276.4
99630,4940,57600,284.5
99640,4936,56000,276.4
99650,4940,57600,284.5
99660,4936,56000,276.4
99670,4940,57600,284.5
99680,4936,56000,276.4
99690,4940,57600,284.5
99700,4936,56000,276.4
99710,4940,57600,284.5
99720,4716,135800,640.4
99730,4940,57000,281.6
99740,4940,56600,279.6
99750,4940,57000,281.6
99760,4940,57000,281.6
99770,4940,56900,281.1
99780,4940,57600,284.5
99790,4936,56000,276.4
99800,4936,57600,284.3
99810,4936,56000,276.4
99820,4940,57600,284.5
99830,4816,185400,892.9
99840,4940,57600,284.5
99850,4940,56000,276.6
99860,4936,57600,284.3
99870,4936,56000,276.4
99880,4940,57600,284.5
99890,4936,56700,279.9
99900,4940,57000,281.6
99910,4940,56600,279.6
99920,4940,56900,281.1
99930,4816,142400,685.8
99940,4936,57000,281.4
99950,4940,57600,284.5
99960,4936,56000,276.4
99970,4940,57500,284.1
99980,4936,56000,276.4
99990,4940,57600,284.5
100000,4936,56000,276.4
100010,4940,57600,284.5
100020,4940,56000,276.6
100030,4940,57500,284.1
100040,4812,142000,683.3
100050,4940,57600,284.5
100060,4936,56000,276.4
100070,4940,57600,284.5
100080,4936,56600,279.4
100090,4936,56900,280.9
100100,4936,56700,279.9
100110,4940,57000,281.6
100120,4936,57700,284.8
100130,4936,55900,275.9
100140,4940,57600,284.5
100150,4824,212400,1024.6
100160,4940,57500,284.1
100170,4936,56100,276.9
100180,4940,57600,284.5
100190,4936,56000,276.4
100200,4940,57700,285.0
100210,4936,56000,276.4
100220,4940,57600,284.5
100230,4936,55900,275.9
100240,4940,57600,284.5
100250,4940,56600,279.6
100260,4824,166700,804.2
100270,4936,56700,279.9
100280,4940,56900,281.1
100290,4936,57200,282.3
100300,4940,56700,280.1
100310,4940,57600,284.5
100320,4936,56000,276.4
100330,4940,57600,284.5
100340,4936,56000,276.4
100350,4940,57600,284.5
100360,4920,153500,755.2
100370,4940,57600,284.5
100380,4936,56000,276.4
100390,4936,57600,284.3
100400,4940,56000,276.6
100410,4940,57600,284.5
100420,4936,56700,279.9
100430,4940,56900,281.1
100440,4936,56600,279.4
100450,4940,57000,281.6
100460,4940,56600,279.6
100470,4824,130600,630.0
100480,4940,57600,284.5
100490,4936,56000,276.4
100500,4940,57600,284.5
100510,4940,56000,276.6
100520,4940,57600,284.5
100530,4936,56000,276.4
100540,4940,57600,284.5
100550,4936,56000,276.4
100560,4940,57600,284.5
100570,4832,215100,1039.4
100580,4940,57600,284.5
100590,4936,56100,276.9
100600,4940,57500,284.1
100610,4936,56700,279.9
100620,4936,57000,281.4
100630,4940,56600,279.6
100640,4940,56900,281.1
100650,4940,57600,284.5
100660,4940,56000,276.6
100670,4816,143400,690.6
100680,4936,56000,276.4
100690,4940,57600,284.5
100700,4936,56100,276.9
100710,4940,57600,284.5
100720,4936,56000,276.4
100730,4940,57600,284.5
100740,4940,56100,277.1
100750,4940,57500,284.1
100760,4936,56000,276.4
100770,4940,57600,284.5
100780,4860,56700,275.6
100790,4936,57000,281.4
100800,4940,56700,280.1
100810,4936,56900,280.9
100820,4936,57500,283.8
100830,4936,56500,278.9
100840,4940,57500,284.1
100850,4936,56000,276.4
100860,4940,57600,284.5
100870,4936,56000,276.4
100880,4820,142200,685.4
100890,4936,56100,276.9
100900,4940,57600,284.5
100910,4936,56000,276.4
100921,4940,57600,284.5
100930,4936,56000,276.4
100940,4936,57600,284.3
100950,4936,56700,279.9
100960,4940,56900,281.1
100970,4940,56700,280.1
100980,4940,57000,281.6
100990,4816,139000,669.4
101000,4940,57000,281.6
101010,4940,57600,284.5
101020,4936,56000,276.4
101030,4940,57600,284.5
101040,4936,56000,276.4
101050,4940,57600,284.5
101060,4936,56000,276.4
101070,4940,57700,285.0
101080,4936,56000,276.4
101090,4940,57500,284.1
101100,4824,212100,1023.2
101110,4940,57600,284.5
101120,4936,56300,277.9
101130,4940,57600,284.5
101140,4936,56600,279.4
101150,4936,57000,281.4
101160,4940,56600,279.6
101170,4940,57000,281.6
101180,4940,57600,284.5
101190,4940,56000,276.6
101200,4940,60500,298.9
101210,4936,56000,276.4
101220,4940,57600,284.5
101230,4936,56000,276.4
101240,4940,57600,284.5
101250,4936,56000,276.4
101260,4940,57500,284.1
101270,4936,56100,276.9
101280,4940,57600,284.5
101290,4936,56000,276.4
101300,4940,57600,284.5
101310,4716,133500,629.6
101320,4940,57000,281.6
101330,4940,56700,280.1
101340,4936,57000,281.4
101350,4936,57500,283.8
101360,4940,56400,278.6
101370,4940,57600,284.5
101380,4936,56000,276.4
101390,4940,57600,284.5
101400,4936,56000,276.4
101410,4940,57600,284.5
101420,4820,178800,861.8
101430,4940,57600,284.5
101440,4936,56000,276.4
101450,4940,57600,284.5
101460,4936,56000,276.4
101470,4940,57600,284.5
101480,4936,56600,279.4
101490,4940,56900,281.1
101500,4936,56600,279.4
101510,4940,56900,281.1
101520,4936,56800,280.4
101530,4824,132200,637.7
101540,4940,57600,284.5
101550,4936,56000,276.4
101560,4940,57600,284.5
101570,4936,56000,276.4
101580,4940,57600,284.5
101590,4936,56000,276.4
101600,4940,57500,284.1
101610,4936,56100,276.9
101620,4940,57600,284.5
101630,4908,158900,779.9
101640,4936,57600,284.3
101650,4936,56400,278.4
101660,4940,57400,283.6
101670,4940,56700,280.1
101680,4940,57000,281.6
101690,4936,56600,279.4
101700,4936,56900,280.9
101710,4936,57500,283.8
101720,4936,56100,276.9
101730,4936,57600,284.3
101740,4820,145400,700.8
101750,4940,57600,284.5
101760,4936,56000,276.4
101770,4940,57600,284.5
101780,4940,56000,276.6
101790,4940,57600,284.5
101800,4936,56000,276.4
101810,4940,57600,284.5
101820,4936,56000,276.4
101830,4936,57600,284.3
101840,4884,159600,779.5
101850,4940,56900,281.1
101860,4940,56600,279.6
101870,4940,57000,281.6
101880,4936,57600,284.3
101890,4940,56200,277.6
101900,4940,57600,284.5
101910,4936,56100,276.9
101920,4940,57600,284.5
101930,4936,56000,276.4
101940,4940,57600,284.5
101950,4808,143000,687.5
101960,4940,57700,285.0
101970,4936,56000,276.4
101980,4940,57600,284.5
101990,4936,56000,276.4
102000,4940,57600,284.5
102010,4936,56600,279.4
102020,4936,56900,280.9
102030,4940,56600,279.6
102040,4936,57000,281.4
102050,4936,56800,280.4
102060,4820,190900,920.1
102070,4940,57600,284.5
102080,4936,56100,276.9
102090,4936,57600,284.3
102100,4936,56000,276.4
102110,4940,57500,284.1
102120,4936,56000,276.4
102130,4940,57600,284.5
102140,4936,56000,276.4
102150,4940,57600,284.5
102160,4936,58900,290.7
102170,4940,57600,284.5
102180,4940,56600,279.6
102190,4940,57300,283.1
102200,4940,56700,280.1
102210,4940,56900,281.1
102220,4940,56700,280.1
102230,4936,56900,280.9
102240,4940,57600,284.5
102250,4936,56000,276.4
102260,4940,60400,298.4
102270,4936,56100,276.9
102280,4940,57600,284.5
102290,4936,56000,276.4
102300,4940,57500,284.1
102310,4936,56100,276.9
102320,4936,57600,284.3
102330,4936,56000,276.4
102340,4940,57600,284.5
102350,4936,56000,276.4
102360,4940,57600,284.5
102370,4888,159500,779.6
102380,4940,57000,281.6
102390,4936,56600,279.4
102400,4936,56900,280.9
102410,4940,57700,285.0
102420,4940,56000,276.6
102430,4940,57600,284.5
102440,4936,56000,276.4
102450,4940,57600,284.5
102460,4936,56000,276.4
102470,4940,59900,295.9
102480,4936,56000,276.4
102490,4940,57600,284.5
102500,4936,56000,276.4
102510,4940,57600,284.5
102520,4936,56000,276.4
102530,4940,57500,284.1
102540,4936,56600,279.4
102550,4940,57000,281.6
102561,4936,56800,280.4
102570,4940,57000,281.6
102580,4816,142100,684.4
102590,4936,56900,280.9
102600,4940,57600,284.5
102610,4936,56000,276.4
102620,4940,57600,284.5
102630,4936,56000,276.4
102640,4940,57600,284.5
102650,4936,56000,276.4
102660,4940,57600,284.5
102670,4936,56000,276.4
102680,4940,57600,284.5
102690,4816,140800,678.1
102700,4940,57600,284.5
102710,4936,56800,280.4
102720,4940,57100,282.1
102730,4936,56700,279.9
102740,4936,57000,281.4
102750,4940,56700,280.1
102760,4936,56900,280.9
102770,4940,57600,284.5
102780,4936,56000,276.4
102790,4940,57600,284.5
102800,4796,61700,295.9
102810,4940,57600,284.5
102820,4936,56100,276.9
102830,4940,57600,284.5
102840,4936,56000,276.4
102850,4940,57600,284.5
102860,4936,56000,276.4
102870,4940,57600,284.5
102880,4936,56100,276.9
102890,4940,57600,284.5
102900,4808,143100,688.0
102910,4936,56900,280.9
102920,4940,56700,280.1
102930,4940,57000,281.6
102940,4936,57600,284.3
102950,4936,56000,276.4
102960,4940,57600,284.5
102970,4936,56000,276.4
102980,4940,57600,284.5
102990,4936,56000,276.4
103000,4940,57700,285.0
103010,4824,208300,1004.8
103020,4940,57600,284.5
103030,4936,56000,276.4
103040,4940,57600,284.5
103050,4936,56100,276.9
103060,4940,57600,284.5
103070,4936,56700,279.9
103080,4940,57000,281.6
103090,4936,56600,279.4
103100,4936,57000,281.4
103110,4856,153000,743.0
103120,4936,56800,280.4
103130,4940,57600,284.5
103140,4936,56000,276.4
103150,4940,57600,284.5
103160,4940,56000,276.6
103170,4940,57700,285.0
103180,4936,56000,276.4
103190,4940,57600,284.5
103200,4936,56100,276.9
103210,4936,57600,284.3
103220,4936,56000,276.4
103230,4940,57700,285.0
103240,4936,56700,279.9
103250,4936,56900,280.9
103260,4936,56700,279.9
103270,4940,57000,281.6
103280,4940,56700,280.1
103290,4936,56900,280.9
103300,4940,57600,284.5
103310,4936,55900,275.9
103320,4720,134500,634.8
103330,4936,56000,276.4
103340,4940,57600,284.5
103350,4936,56000,276.4
103360,4940,57600,284.5
103370,4936,56000,276.4
103380,4940,57600,284.5
103390,4936,56000,276.4
103400,4940,57600,284.5
103410,4936,56100,276.9
103420,4940,57600,284.5
103430,4936,56600,279.4
103440,4940,57000,281.6
103450,4940,56700,280.1
103460,4940,56900,281.1
103470,4936,57600,284.3
103480,4936,56000,276.4
103490,4940,57600,284.5
103500,4936,56000,276.4
103510,4940,57500,284.1
103520,4936,56000,276.4
103530,4940,57600,284.5
103540,4936,56000,276.4
103550,4936,57600,284.3
103560,4936,56000,276.4
103570,4940,57600,284.5
103580,4936,56100,276.9
103590,4940,57600,284.5
103600,4936,56800,280.4
103610,4940,56900,281.1
103620,4936,56600,279.4
103630,4932,104400,514.9
103640,4940,57300,283.1
103650,4940,56700,280.1
103660,4940,57600,284.5
103670,4936,56100,276.9
103680,4940,57600,284.5
103690,4936,56000,276.4
103700,4940,57600,284.5
103710,4936,56000,276.4
103720,4940,57600,284.5
103730,4936,56000,276.4
103740,4796,72800,349.1
103750,4936,56000,276.4
103760,4940,57500,284.1
103770,4936,56700,279.9
103780,4936,56900,280.9
103790,4936,56700,279.9
103800,4936,57000,281.4
103810,4936,56600,279.4
103820,4940,57000,281.6
103830,4940,57600,284.5
103840,4936,56000,276.4
103850,4832,150600,727.7
103860,4936,56000,276.4
103870,4940,57600,284.5
103880,4936,56000,276.4
103890,4940,57600,284.5
103900,4936,56000,276.4
103910,4940,57600,284.5
103920,4936,56000,276.4
103930,4940,57500,284.1
103940,4936,56300,277.9
103950,4940,57500,284.1
103960,4936,56700,279.9
103970,4936,57000,281.4
103980,4936,56700,279.9
103990,4936,56900,280.9
104000,4940,57600,284.5
104010,4940,56000,276.6
104020,4940,57700,285.0
104030,4936,56000,276.4
104040,4940,57500,284.1
104050,4936,56000,276.4
104060,4816,143800,692.5
104070,4936,56000,276.4
104080,4940,57600,284.5
104090,4936,56000,276.4
104100,4940,57600,284.5
104110,4936,56000,276.4
104120,4940,57600,284.5
104130,4936,56700,279.9
104140,4940,56900,281.1
104150,4936,56700,279.9
104160,4940,57000,281.6
104170,4884,57600,281.3
104180,4940,56500,279.1
104191,4936,57600,284.3
104200,4936,56100,276.9
104210,4940,57600,284.5
104220,4940,56000,276.6
104230,4940,57600,284.5
104240,4936,56000,276.4
104250,4940,57600,284.5
104260,4936,56000,276.4
104270,4744,136600,648.0
104280,4936,56000,276.4
104290,4940,57600,284.5
104300,4936,56700,279.9
104310,4940,56900,281.1
104320,4940,56700,280.1
104330,4940,56900,281.1
104340,4936,56600,279.4
104350,4940,57000,281.6
104360,4940,57600,284.5
104370,4936,56000,276.4
104380,4912,57700,283.4
104390,4936,56000,276.4
104400,4940,57600,284.5
104410,4936,56000,276.4
104420,4940,57600,284.5
104430,4936,56000,276.4
104440,4940,57600,284.5
104450,4936,56000,276.4
104460,4940,57600,284.5
104470,4936,56500,278.9
104480,4812,135200,650.6
104490,4936,56700,279.9
104500,4936,57000,281.4
104510,4936,56700,279.9
104520,4940,57000,281.6
104530,4936,57600,284.3
104540,4936,56000,276.4
104550,4940,57600,284.5
104560,4936,56000,276.4
104570,4940,57600,284.5
104580,4936,56000,276.4
104590,4940,149000,736.1
104600,4936,56000,276.4
104610,4940,57600,284.5
104620,4936,56100,276.9
104630,4940,57600,284.5
104640,4936,56000,276.4
104650,4940,57600,284.5
104660,4940,56700,280.1
104670,4940,57000,281.6
104680,4940,56700,280.1
104690,4724,102500,484.2
104700,4936,57600,284.3
104710,4940,56200,277.6
104720,4940,57600,284.5
104730,4936,56000,276.4
104740,4940,57600,284.5
104750,4936,56000,276.4
104760,4940,57600,284.5
104770,4936,56000,276.4
104780,4940,57600,284.5
104790,4772,168100,802.2
104800,4940,57600,284.5
104810,4936,56000,276.4
104820,4940,57700,285.0
104830,4936,56600,279.4
104840,4940,56900,281.1
104850,4936,56600,279.4
104860,4936,56900,280.9
104870,4936,56800,280.4
104880,4940,56800,280.6
104890,4940,57600,284.5
104900,4764,79600,379.2
104910,4940,57600,284.5
104920,4936,56000,276.4
104930,4940,57600,284.5
104940,4936,56000,276.4
104950,4940,57600,284.5
104960,4936,56000,276.4
104970,4940,57600,284.5
104980,4940,56000,276.6
104990,4940,57600,284.5
105000,4824,210800,1016.9
105010,4940,57300,283.1
105020,4936,56600,279.4
105030,4940,56900,281.1
105040,4940,56600,279.6
105050,4940,57000,281.6
105060,4936,57600,284.3
105070,4936,56100,276.9
105080,4940,57600,284.5
105090,4936,56000,276.4
105100,4720,136200,642.9
105110,4936,56100,276.9
105120,4940,57700,285.0
105130,4936,56000,276.4
105140,4936,57500,283.8
105150,4936,56000,276.4
105160,4940,57600,284.5
105170,4936,56000,276.4
105180,4940,57600,284.5
105190,4936,56600,279.4
105200,4940,56900,281.1
105210,4796,188900,906.0
105220,4940,57000,281.6
105230,4940,57700,285.0
105240,4936,56000,276.4
105250,4940,57600,284.5
105260,4936,56000,276.4
105270,4936,57600,284.3
105280,4936,56000,276.4
105290,4940,57600,284.5
105300,4936,56000,276.4
105310,4940,57600,284.5
105320,4812,56100,270.0
105330,4940,57600,284.5
105340,4936,56000,276.4
105350,4940,57600,284.5
105360,4936,56600,279.4
105370,4936,56900,280.9
105380,4940,56700,280.1
105390,4940,57000,281.6
105400,4936,57000,281.4
105410,4936,56900,280.9
105420,4940,60600,299.4
105430,4936,56000,276.4
105440,4940,57600,284.5
105450,4936,56100,276.9
105460,4940,57600,284.5
105470,4940,56000,276.6
105480,4940,57600,284.5
105490,4936,56000,276.4
105500,4940,57600,284.5
105510,4936,56000,276.4
105520,4940,57700,285.0
105530,4832,215100,1039.4
105540,4940,57100,282.1
105550,4940,56700,280.1
105560,4936,57000,281.4
105570,4940,56700,280.1
105580,4940,57000,281.6
105590,4940,57600,284.5
105600,4940,56000,276.6
105610,4940,57600,284.5
105620,4936,56000,276.4
105630,4940,57600,284.5
105640,4800,60200,289.0
105650,4936,57600,284.3
105660,4936,56000,276.4
105670,4940,57600,284.5
105680,4936,56000,276.4
105690,4940,57600,284.5
105700,4936,56100,276.9
105710,4940,57600,284.5
105720,4936,56600,279.4
105730,4940,57000,281.6
105740,4716,133700,630.5
105750,4940,57000,281.6
105760,4936,57600,284.3
105770,4940,56000,276.6
105780,4940,57500,284.1
105790,4936,56000,276.4
105800,4940,57500,284.1
105810,4936,56000,276.4
105821,4940,57600,284.5
105830,4936,56100,276.9
105840,4816,147700,711.3
105850,4936,56000,276.4
105860,4940,57600,284.5
105870,4936,56000,276.4
105880,4940,57600,284.5
105890,4936,56600,279.4
105900,4936,57000,281.4
105910,4940,56700,280.1
105920,4936,57000,281.4
105930,4936,57200,282.3
105940,4932,106900,527.2
105950,4940,57600,284.5
105960,4936,56100,276.9
105970,4940,57600,284.5
105980,4936,56000,276.4
105990,4940,57600,284.5
106000,4936,56000,276.4
106010,4940,57600,284.5
106020,4936,56000,276.4
106030,4940,57600,284.5
106040,4936,56000,276.4
106050,4772,139300,664.7
106060,4936,56800,280.4
106070,4940,57000,281.6
106080,4936,56700,279.9
106090,4936,56900,280.9
106100,4940,56700,280.1
106110,4940,57000,281.6
106120,4940,57600,284.5
106130,4936,56000,276.4
106140,4940,57600,284.5
106150,4936,56000,276.4
106160,4936,57600,284.3
106170,4936,56000,276.4
106180,4940,57600,284.5
106190,4936,56100,276.9
106200,4940,57600,284.5
106210,4936,55900,275.9
106220,4940,57600,284.5
106230,4936,56100,276.9
106240,4940,57600,284.5
106250,4936,56600,279.4
106260,4812,146200,703.5
106270,4936,56600,279.4
106280,4936,57000,281.4
106290,4936,57700,284.8
106300,4936,56000,276.4
106310,4940,57700,285.0
106320,4936,56000,276.4
106330,4936,57600,284.3
106340,4936,56000,276.4
106350,4940,57600,284.5
106360,4936,56000,276.4
106370,4756,157000,746.7
106380,4936,56000,276.4
106390,4940,57700,285.0
106400,4936,56000,276.4
106410,4940,57600,284.5
106420,4936,56700,279.9
106430,4940,56900,281.1
106440,4936,56700,279.9
106450,4936,57000,281.4
106460,4936,57400,283.3
106470,4816,144700,696.9
106480,4940,57600,284.5
106490,4940,56000,276.6
106500,4940,57600,284.5
106510,4936,56000,276.4
106520,4940,57700,285.0
106530,4936,56000,276.4
106540,4940,57600,284.5
106550,4936,56000,276.4
106560,4940,57600,284.5
106570,4936,56000,276.4
106580,4824,134100,646.9
106590,4936,56700,279.9
106600,4940,56900,281.1
106610,4940,56600,279.6
106620,4940,57000,281.6
106630,4936,56700,279.9
106640,4936,57000,281.4
106650,4940,57600,284.5
106660,4940,55900,276.1
106670,4936,57600,284.3
106680,4812,142200,684.3
106690,4940,57600,284.5
106700,4936,56000,276.4
106710,4940,57600,284.5
106720,4936,56000,276.4
106730,4940,57500,284.1
106740,4936,56000,276.4
106750,4936,57600,284.3
106760,4936,56300,277.9
106770,4940,57600,284.5
106780,4936,56600,279.4
106790,4820,137500,662.8
106800,4936,56700,279.9
106810,4940,56900,281.1
106820,4936,57600,284.3
106830,4936,56000,276.4
106840,4936,57600,284.3
106850,4936,56000,276.4
106860,4940,57600,284.5
106870,4936,56000,276.4
106880,4936,57600,284.3
106890,4936,56000,276.4
106900,4712,135200,637.1
106910,4936,56000,276.4
106920,4940,57600,284.5
106930,4936,56000,276.4
106940,4940,57600,284.5
106950,4940,56700,280.1
106960,4940,57000,281.6
106970,4936,56600,279.4
106980,4936,56900,280.9
106990,4936,57500,283.8
107000,4816,146000,703.1
107010,4940,57600,284.5
107020,4936,56000,276.4
107030,4940,57600,284.5
107040,4936,56000,276.4
107050,4940,57700,285.0
107060,4936,56000,276.4
107070,4940,57600,284.5
107080,4936,56000,276.4
107090,4940,57600,284.5
107100,4936,56000,276.4
107110,4768,137400,655.1
107120,4936,56700,279.9
107130,4940,56900,281.1
107140,4936,56600,279.4
107150,4940,57000,281.6
107160,4940,56700,280.1
107170,4936,57100,281.8
107180,4940,57600,284.5
107190,4936,56000,276.4
107200,4940,57600,284.5
107210,4816,144500,695.9
107220,4940,57600,284.5
107230,4936,56000,276.4
107240,4940,57600,284.5
107250,4936,56000,276.4
107260,4940,57600,284.5
107270,4936,56000,276.4
107280,4940,57600,284.5
107290,4932,56500,278.7
107300,4940,57300,283.1
107310,4936,56600,279.4
107320,4816,210400,1013.3
107330,4940,56700,280.1
107340,4936,56900,280.9
107350,4940,57600,284.5
107360,4936,56100,276.9
107370,4940,57600,284.5
107380,4936,56000,276.4
107390,4940,57600,284.5
107400,4936,56000,276.4
107410,4940,57600,284.5
107420,4808,142800,686.6
107430,4940,57600,284.5
107440,4936,56000,276.4
107450,4940,57600,284.5
107461,4936,56700,279.9
107470,4936,57600,284.3
107480,4940,56600,279.6
107490,4940,57000,281.6
107500,4936,56800,280.4
107510,4940,57000,281.6
107520,4936,57700,284.8
107530,4728,101300,478.9
107540,4940,57500,284.1
107550,4936,56100,276.9
107560,4940,57600,284.5
107570,4936,56000,276.4
107580,4940,57600,284.5
107590,4936,56000,276.4
107600,4940,57600,284.5
107610,4936,56000,276.4
107620,4936,57600,284.3
107630,4768,165600,789.6
107640,4940,57700,285.0
107650,4936,56600,279.4
107660,4940,56900,281.1
107670,4936,56700,279.9
107680,4940,56900,281.1
107690,4936,56900,280.9
107700,4940,57000,281.6
107710,4940,57600,284.5
107720,4936,56000,276.4
107730,4940,57600,284.5
107740,4784,200100,957.3
107750,4940,57600,284.5
107760,4936,56000,276.4
107770,4940,57500,284.1
107780,4936,56000,276.4
107790,4940,57600,284.5
107800,4936,56000,276.4
107810,4936,57600,284.3
107820,4936,56600,279.4
107830,4940,57200,282.6
107840,4732,137300,649.7
107850,4940,57000,281.6
107860,4940,56700,280.1
107870,4940,57000,281.6
107880,4940,57600,284.5
107890,4936,56000,276.4
107900,4940,57600,284.5
107910,4936,56000,276.4
107920,4936,57600,284.3
107930,4936,56000,276.4
107940,4940,57600,284.5
107950,4816,150700,725.8
107960,4940,57600,284.5
107970,4936,56000,276.4
107980,4940,57600,284.5
107990,4936,56000,276.4
108000,4940,57600,284.5
108010,4940,56700,280.1
108020,4940,57000,281.6
108030,4936,56700,279.9
108040,4940,57000,281.6
108050,4808,143000,687.5
108060,4940,56000,276.6
108070,4940,57700,285.0
108080,4940,56000,276.6
108090,4940,57600,284.5
108100,4940,56000,276.6
108110,4940,57600,284.5
108120,4936,56000,276.4
108130,4940,57600,284.5
108140,4936,56000,276.4
108150,4940,57600,284.5
108160,4760,166200,791.1
108170,4940,57700,285.0
108180,4936,56600,279.4
108190,4936,56900,280.9
108200,4936,56700,279.9
108210,4936,56900,280.9
108220,4940,57100,282.1
108230,4940,56800,280.6
108240,4940,57600,284.5
108250,4940,56100,277.1
108260,4816,141400,681.0
108270,4936,56000,276.4
108280,4940,57700,285.0
108290,4940,56000,276.6
108300,4940,57600,284.5
108310,4936,56000,276.4
108320,4940,57600,284.5
108330,4936,56000,276.4
108340,4940,57600,284.5
108350,4936,56800,280.4
108360,4940,57000,281.6
108370,4820,213100,1027.1
108380,4940,56900,281.1
108390,4940,56700,280.1
108400,4936,57000,281.4
108410,4940,57500,284.1
108420,4936,56000,276.4
108430,4940,57600,284.5
108440,4936,56000,276.4
108450,4940,57600,284.5
108460,4936,56000,276.4
108470,4824,135200,652.2
108480,4936,56000,276.4
108490,4940,57700,285.0
108500,4936,56100,276.9
108510,4940,57600,284.5
108520,4936,56100,276.9
108530,4940,57700,285.0
108540,4940,56700,280.1
108550,4936,57000,281.4
108560,4940,56700,280.1
108570,4804,142600,685.1
108580,4936,57600,284.3
108590,4940,56000,276.6
108600,4940,57600,284.5
108610,4936,56000,276.4
108620,4940,57600,284.5
108630,4936,56000,276.4
108640,4940,57600,284.5
108650,4936,56000,276.4
108660,4940,57500,284.1
108670,4936,56000,276.4
108680,4940,57700,285.0
108690,4940,56000,276.6
108700,4940,57600,284.5
108710,4936,56700,279.9
108720,4936,57000,281.4
108730,4936,56700,279.9
108740,4940,57000,281.6
108750,4936,57300,282.8
108760,4940,56600,279.6
108770,4940,57600,284.5
108780,4824,172000,829.7
108790,4940,57500,284.1
108800,4936,56100,276.9
108810,4940,57600,284.5
108820,4936,56000,276.4
108830,4940,57600,284.5
108840,4936,56000,276.4
108850,4940,57700,285.0
108860,4936,55900,275.9
108870,4936,57600,284.3
108880,4812,142600,686.2
108890,4940,57000,281.6
108900,4936,56800,280.4
108910,4940,57000,281.6
108920,4940,56600,279.6
108930,4940,57000,281.6
108940,4940,57600,284.5
108950,4936,56100,276.9
108960,4940,57600,284.5
108970,4936,56100,276.9
108980,4816,144100,694.0
108990,4936,56100,276.9
109000,4940,57600,284.5
109010,4936,56000,276.4
109020,4940,57600,284.5
109030,4936,56100,276.9
109040,4940,57600,284.5
109050,4936,56100,276.9
109060,4940,57600,284.5
109070,4936,56700,279.9
109080,4940,57000,281.6
109091,4940,57600,284.5
109100,4940,57100,282.1
109110,4936,57600,284.3
109120,4936,56000,276.4
109130,4940,57600,284.5
109140,4936,56000,276.4
109150,4936,57700,284.8
109160,4936,56000,276.4
109170,4940,57600,284.5
109180,4816,141800,682.9
109190,4940,57700,285.0
109200,4936,56000,276.4
109210,4940,57600,284.5
109220,4936,56000,276.4
109230,4940,57600,284.5
109240,4936,56600,279.4
109250,4936,57000,281.4
109260,4936,56700,279.9
109270,4940,57000,281.6
109280,4936,57400,283.3
109290,4828,138900,670.6
109300,4940,57700,285.0
109310,4936,56000,276.4
109320,4940,57600,284.5
109330,4936,56100,276.9
109340,4940,57600,284.5
109350,4936,56000,276.4
109360,4940,57600,284.5
109370,4936,56000,276.4
109380,4940,57600,284.5
109390,4936,56000,276.4
109400,4708,144800,681.7
109410,4936,56700,279.9
109420,4940,56900,281.1
109430,4936,56700,279.9
109440,4940,57000,281.6
109450,4936,56700,279.9
109460,4940,57000,281.6
109470,4940,57700,285.0
109480,4936,55900,275.9
109490,4940,57700,285.0
109500,4812,145200,698.7
109510,4940,57700,285.0
109520,4936,56100,276.9
109530,4940,57600,284.5
109540,4936,56000,276.4
109550,4940,57600,284.5
109560,4936,56000,276.4
109570,4940,57600,284.5
109580,4936,56300,277.9
109590,4940,57600,284.5
109600,4936,59200,292.2
109610,4940,57000,281.6
109620,4940,56700,280.1
109630,4940,57000,281.6
109640,4940,57500,284.1
109650,4936,56000,276.4
109660,4940,57600,284.5
109670,4936,56000,276.4
109680,4932,96000,473.5
109690,4928,56000,276.0
109700,4940,57700,285.0
109710,4936,56000,276.4
109720,4940,57600,284.5
109730,4936,56000,276.4
109740,4936,57500,283.8
109750,4940,56000,276.6
109760,4940,57500,284.1
109770,4936,56700,279.9
109780,4940,57000,281.6
109790,4940,56600,279.6
109800,4936,57000,281.4
109810,4936,57500,283.8
109820,4936,56300,277.9
109830,4940,57600,284.5
109840,4936,56000,276.4
109850,4936,57600,284.3
109860,4936,56000,276.4
109870,4940,57600,284.5
109880,4936,56000,276.4
109890,4940,57600,284.5
109900,4936,56100,276.9
109910,4940,57500,284.1
109920,4936,56000,276.4
109930,4940,57600,284.5
109940,4936,56600,279.4
109950,4940,57000,281.6
109960,4936,56700,279.9
109970,4940,57000,281.6
109980,4940,56900,281.1
109990,4936,56900,280.9
110000,4940,57600,284.5
110010,4936,56000,276.4
110020,4940,57600,284.5
110030,4940,56000,276.6
110040,4940,57600,284.5
110050,4936,56100,276.9
110060,4940,57600,284.5
110070,4936,56000,276.4
110080,4940,57600,284.5
110090,4936,56000,276.4
110100,4940,57600,284.5
110110,4936,56700,279.9
110120,4940,57000,281.6
110130,4936,56600,279.4
110140,4936,56900,280.9
110150,4936,56700,279.9
110160,4936,57000,281.4
110170,4940,57500,284.1
110180,4936,56000,276.4
110190,4808,143700,690.9
110200,4936,56000,276.4
110210,4940,57700,285.0
110220,4936,56000,276.4
110230,4940,57600,284.5
110240,4936,56000,276.4
110250,4940,57600,284.5
110260,4936,56000,276.4
110270,4940,57600,284.5
110280,4936,56200,277.4
110290,4936,57600,284.3
110300,4936,56700,279.9
110310,4940,57000,281.6
110320,4936,56600,279.4
110330,4936,57000,281.4
110340,4936,57600,284.3
110350,4936,55900,275.9
110360,4940,57500,284.1
110370,4936,56000,276.4
110380,4940,57600,284.5
110390,4936,56000,276.4
110400,4940,57700,285.0
110410,4936,56000,276.4
110420,4940,57600,284.5
110430,4936,56000,276.4
110440,4940,57600,284.5
110450,4936,56000,276.4
110460,4936,57500,283.8
110470,4936,56700,279.9
110480,4936,57000,281.4
110490,4940,56600,279.6
110500,4936,57000,281.4
110510,4940,57600,284.5
110520,4940,56100,277.1
110530,4940,57600,284.5
110540,4936,56000,276.4
110550,4940,57600,284.5
110560,4936,56000,276.4
110570,4940,57600,284.5
110580,4940,56000,276.6
110590,4940,57600,284.5
110600,4940,56000,276.6
110610,4940,57600,284.5
110620,4936,56000,276.4
110630,4940,57600,284.5
110640,4936,56600,279.4
110650,4940,57000,281.6
110660,4940,56600,279.6
110670,4940,56900,281.1
110680,4936,57100,281.8
110690,4940,59700,294.9
110700,4940,57600,284.5
110710,4936,56000,276.4
110720,4940,57500,284.1
110731,4936,56000,276.4
110740,4940,57600,284.5
110750,4936,56000,276.4
110760,4940,57500,284.1
110770,4936,56000,276.4
110780,4940,57600,284.5
110790,4936,55900,275.9
110800,4940,57600,284.5
110810,4936,56700,279.9
110820,4940,56800,280.6
110830,4940,56600,279.6
110840,4940,57000,281.6
110850,4936,56600,279.4
110860,4940,56900,281.1
110870,4940,57600,284.5
110880,4936,56000,276.4
110890,4940,57600,284.5
110900,4936,56000,276.4
110910,4940,57600,284.5
110920,4936,55900,275.9
110930,4940,57600,284.5
110940,4936,56000,276.4
110950,4940,57600,284.5
110960,4936,55900,275.9
110970,4940,57600,284.5
110980,4936,56400,278.4
110990,4940,57500,284.1
111000,4936,56700,279.9
111010,4940,56900,281.1
111020,4940,56600,279.6
111030,4936,57000,281.4
111040,4936,57600,284.3
111050,4936,56000,276.4
111060,4940,57600,284.5
111070,4936,56000,276.4
111080,4940,57600,284.5
111090,4936,56000,276.4
111100,4940,57600,284.5
111110,4936,56000,276.4
111120,4940,57500,284.1
111130,4936,56000,276.4
111140,4940,57600,284.5
111150,4936,56000,276.4
111160,4940,57600,284.5
111170,4936,56700,279.9
111180,4936,56900,280.9
111190,4936,56600,279.4
111200,4876,56900,277.4
111210,4936,57700,284.8
111220,4936,56000,276.4
111230,4940,57700,285.0
111240,4936,55900,275.9
111250,4940,57600,284.5
111260,4936,56000,276.4
111270,4940,57600,284.5
111280,4936,56000,276.4
111290,4940,57600,284.5
111300,4936,56000,276.4
111310,4940,57600,284.5
111320,4936,56000,276.4
111330,4940,57600,284.5
111340,4936,56700,279.9
111350,4936,57000,281.4
111360,4936,56700,279.9
111370,4936,56900,280.9
111380,4936,57100,281.8
111390,4936,56700,279.9
111400,4940,57600,284.5
111410,4936,56000,276.4
111420,4940,57600,284.5
111430,4936,55900,275.9
111440,4940,57600,284.5
111450,4936,56000,276.4
111460,4940,57500,284.1
111470,4936,56000,276.4
111480,4936,57600,284.3
111490,4936,56000,276.4
111500,4940,57600,284.5
111510,4936,56700,279.9
111520,4940,56900,281.1
111530,4936,56700,279.9
111540,4940,56900,281.1
111550,4940,56600,279.6
111560,4940,56900,281.1
111570,4940,57600,284.5
111580,4936,55900,275.9
111590,4940,57600,284.5
111600,4936,56000,276.4
111610,4940,57600,284.5
111620,4936,56000,276.4
111630,4936,57600,284.3
111640,4936,56000,276.4
111650,4940,57600,284.5
111660,4936,56000,276.4
111670,4940,57600,284.5
111680,4936,56500,278.9
111690,4940,57300,283.1
111700,4816,159400,767.7
111710,4936,57000,281.4
111720,4936,56700,279.9
111730,4940,57000,281.6
111740,4940,57500,284.1
111750,4936,56000,276.4
111760,4940,57600,284.5
111770,4936,56000,276.4
111780,4940,57600,284.5
111790,4936,56000,276.4
111800,4940,57600,284.5
111810,4936,56000,276.4
111820,4940,57600,284.5
111830,4936,56000,276.4
111840,4940,57600,284.5
111850,4936,55900,275.9
111860,4940,57600,284.5
111870,4936,56700,279.9
111880,4940,56900,281.1
111890,4936,56700,279.9
111900,4940,56900,281.1
111910,4940,57600,284.5
111920,4940,55900,276.1
111930,4940,57600,284.5
111940,4936,56000,276.4
111950,4940,57600,284.5
111960,4936,56000,276.4
111970,4940,57600,284.5
111980,4936,56000,276.4
111990,4940,57600,284.5
112000,4936,56000,276.4
112010,4936,57600,284.3
112020,4936,56000,276.4
112030,4940,57600,284.5
112040,4936,56700,279.9
112050,4936,57000,281.4
112060,4936,56700,279.9
112070,4940,56900,281.1
112080,4940,57300,283.1
112090,4936,56500,278.9
112100,4940,57600,284.5
112110,4936,56000,276.4
112120,4940,57600,284.5
112130,4940,55900,276.1
112140,4940,57500,284.1
112150,4936,56000,276.4
112160,4940,57600,284.5
112170,4936,56100,276.9
112180,4940,57600,284.5
112190,4936,56000,276.4
112200,4940,57600,284.5
112210,4828,134700,650.3
112220,4940,56900,281.1
112230,4940,56600,279.6
112240,4940,56900,281.1
112250,4940,56700,280.1
112260,4940,56900,281.1
112270,4940,57600,284.5
112280,4936,56000,276.4
112290,4940,57600,284.5
112300,4936,56000,276.4
112310,4940,57600,284.5
112320,4936,55900,275.9
112330,4940,57600,284.5
112340,4936,55900,275.9
112350,4936,57600,284.3
112361,4936,56300,277.9
112370,4940,57600,284.5
112380,4940,56500,279.1
112390,4940,57300,283.1
112400,4936,56600,279.4
112410,4940,56800,280.6
112420,4936,56600,279.4
112430,4936,56900,280.9
112440,4936,57500,283.8
112450,4936,56100,276.9
112460,4940,57600,284.5
112470,4936,55900,275.9
112480,4940,57600,284.5
112490,4936,56100,276.9
112500,4940,57600,284.5
112510,4936,56000,276.4
112520,4940,57600,284.5
112530,4936,56000,276.4
112540,4940,57600,284.5
112550,4936,56000,276.4
112560,4940,57500,284.1
112570,4936,56600,279.4
112580,4940,57000,281.6
112590,4936,56600,279.4
112600,4940,57000,281.6
112610,4940,57500,284.1
112620,4936,56000,276.4
112630,4940,57600,284.5
112640,4936,55900,275.9
112650,4940,57500,284.1
112660,4936,55900,275.9
112670,4940,57600,284.5
112680,4936,56000,276.4
112690,4936,57500,283.8
112700,4936,56000,276.4
112710,4940,57500,284.1
112720,4724,156800,740.7
112730,4940,57600,284.5
112740,4936,56600,279.4
112750,4936,57000,281.4
112760,4940,56600,279.6
112770,4936,56900,280.9
112780,4940,57400,283.6
112790,4936,56400,278.4
112800,4940,57500,284.1
112810,4936,56000,276.4
112820,4940,57600,284.5
112830,4936,56000,276.4
112840,4940,57600,284.5
112850,4936,56000,276.4
112860,4940,57600,284.5
112870,4940,56000,276.6
112880,4940,57600,284.5
112890,4940,56000,276.6
112900,4940,57600,284.5
112910,4936,56600,279.4
112920,4940,56900,281.1
112930,4936,56700,279.9
112940,4940,57000,281.6
112950,4936,56900,280.9
112960,4936,56900,280.9
112970,4940,57600,284.5
112980,4936,56000,276.4
112990,4940,57600,284.5
113000,4936,56000,276.4
113010,4940,57500,284.1
113020,4936,56000,276.4
113030,4940,57600,284.5
113040,4936,56000,276.4
113050,4940,57600,284.5
113060,4936,55900,275.9
113070,4940,57600,284.5
113080,4936,56700,279.9
113090,4940,57000,281.6
113100,4936,56600,279.4
113110,4940,56900,281.1
113120,4936,56700,279.9
113130,4936,57000,281.4
113140,4940,57600,284.5
113150,4936,56000,276.4
113160,4940,57600,284.5
113170,4936,56000,276.4
113180,4940,57600,284.5
113190,4936,55900,275.9
113200,4940,57600,284.5
113210,4936,56000,276.4
113220,4816,143500,691.1
113230,4936,56000,276.4
113240,4940,57600,284.5
113250,4936,56100,276.9
113260,4940,57600,284.5
113270,4936,56600,279.4
113280,4940,57000,281.6
113290,4940,56600,279.6
113300,4936,57000,281.4
113310,4936,57600,284.3
113320,4936,56000,276.4
113330,4940,57600,284.5
113340,4936,56000,276.4
113350,4940,57600,284.5
113360,4936,56000,276.4
113370,4940,57600,284.5
113380,4936,56000,276.4
113390,4940,57600,284.5
113400,4940,56000,276.6
113410,4940,57600,284.5
113420,4936,56000,276.4
113430,4940,57600,284.5
113440,4936,56600,279.4
113450,4940,56900,281.1
113460,4936,56600,279.4
113470,4936,57000,281.4
113480,4936,57600,284.3
113490,4940,56200,277.6
113500,4940,57600,284.5
113510,4936,55900,275.9
113520,4940,57600,284.5
113530,4936,56000,276.4
113540,4940,57600,284.5
113550,4936,56000,276.4
113560,4940,57700,285.0
113570,4936,56000,276.4
113580,4940,57600,284.5
113590,4936,56000,276.4
113600,4940,57600,284.5
113610,4936,56600,279.4
113620,4936,57000,281.4
113630,4936,56700,279.9
113640,4936,56900,280.9
113650,4936,57000,281.4
113660,4936,56800,280.4
113670,4940,57600,284.5
113680,4936,56100,276.9
113690,4940,57600,284.5
113700,4936,56000,276.4
113710,4940,57600,284.5
113720,4936,56000,276.4
113730,4820,140900,679.1
113740,4936,56000,276.4
113750,4940,57600,284.5
113760,4936,56000,276.4
113770,4940,57600,284.5
113780,4936,56800,280.4
113790,4940,56900,281.1
113800,4936,56700,279.9
113810,4940,56900,281.1
113820,4940,56700,280.1
113830,4940,57000,281.6
113840,4940,57600,284.5
113850,4936,56000,276.4
113860,4940,57600,284.5
113870,4940,56000,276.6
113880,4936,57600,284.3
113890,4936,56000,276.4
113900,4940,57700,285.0
113910,4936,56000,276.4
113920,4940,57600,284.5
113930,4936,56000,276.4
113940,4940,57600,284.5
113950,4936,56300,277.9
113960,4940,57500,284.1
113970,4936,56600,279.4
113980,4940,56900,281.1
113990,4940,56700,280.1
114001,4936,56000,276.4
114010,4936,57600,284.3
114020,4940,56000,276.6
114030,4940,57600,284.5
114040,4936,56000,276.4
114050,4936,57600,284.3
114060,4936,56000,276.4
114070,4940,57600,284.5
114080,4936,56000,276.4
114090,4940,57600,284.5
114100,4936,56000,276.4
114110,4940,57600,284.5
114120,4936,56000,276.4
114130,4940,57500,284.1
114140,4940,56700,280.1
114150,4940,56900,281.1
114160,4936,56700,279.9
114170,4940,56900,281.1
114180,4936,57600,284.3
114190,4940,56000,276.6
114200,4940,57600,284.5
114210,4936,56000,276.4
114220,4940,57600,284.5
114230,4936,56000,276.4
114240,4816,144000,693.5
114250,4936,56000,276.4
114260,4940,57600,284.5
114270,4936,56000,276.4
114280,4940,57600,284.5
114290,4936,55900,275.9
114300,4936,57600,284.3
114310,4936,56700,279.9
114320,4940,57000,281.6
114330,4936,56700,279.9
114340,4936,56900,280.9
114350,4936,57100,281.8
114360,4940,56800,280.6
114370,4940,57600,284.5
114380,4936,56000,276.4
114390,4940,57600,284.5
114400,4936,56100,276.9
114410,4940,57600,284.5
114420,4936,56000,276.4
114430,4940,57600,284.5
114440,4936,55900,275.9
114450,4940,57600,284.5
114460,4936,55900,275.9
114470,4940,57500,284.1
114480,4936,56700,279.9
114490,4940,56900,281.1
114500,4936,56700,279.9
114510,4940,57000,281.6
114520,4940,56600,279.6
114530,4940,56900,281.1
114540,4940,57500,284.1
114550,4940,56000,276.6
114560,4940,57500,284.1
114570,4936,55900,275.9
114580,4940,57600,284.5
114590,4936,56000,276.4
114600,4940,57600,284.5
114610,4936,56000,276.4
114620,4940,57500,284.1
114630,4936,56000,276.4
114640,4940,57500,284.1
114650,4936,56500,278.9
114660,4940,57300,283.1
114670,4936,56700,279.9
114680,4936,57000,281.4
114690,4936,56600,279.4
114700,4936,57000,281.4
114710,4940,57600,284.5
114720,4936,56000,276.4
114730,4940,57500,284.1
114740,4936,55900,275.9
114750,4712,110400,520.2
114760,4936,56100,276.9
114770,4940,57600,284.5
114780,4936,56000,276.4
114790,4940,57600,284.5
114800,4936,56000,276.4
114810,4940,57600,284.5
114820,4936,56000,276.4
114830,4940,57600,284.5
114840,4940,56600,279.6
114850,4940,56900,281.1
114860,4940,56700,280.1
114870,4936,56900,280.9
114880,4940,57600,284.5
114890,4936,56000,276.4
114900,4940,57600,284.5
114910,4936,56000,276.4
114920,4940,57600,284.5
114930,4936,56000,276.4
114940,4940,57600,284.5
114950,4936,56000,276.4
114960,4940,57600,284.5
114970,4936,56000,276.4
114980,4940,57600,284.5
114990,4936,56000,276.4
115000,4940,57600,284.5
115010,4940,56700,280.1
115020,4940,57000,281.6
115030,4936,56700,279.9
115040,4940,57000,281.6
115050,4940,57400,283.6
115060,4940,56500,279.1
115070,4940,57600,284.5
115080,4936,56000,276.4
115090,4940,57600,284.5
115100,4936,56000,276.4
115110,4940,57600,284.5
115120,4936,56000,276.4
115130,4940,57700,285.0
115140,4936,56000,276.4
115150,4940,57700,285.0
115160,4936,56000,276.4
115170,4940,57600,284.5
115180,4916,57500,282.7
115190,4836,56900,275.2
115200,4936,56600,279.4
115210,4940,57000,281.6
115220,4940,56600,279.6
115230,4940,57000,281.6
115240,4940,57600,284.5
115250,4936,56000,276.4
115260,4940,57600,284.5
115270,4936,56100,276.9
115280,4940,57600,284.5
115290,4808,202600,974.1
115300,4940,57600,284.5
115310,4936,56000,276.4
115320,4940,57600,284.5
115330,4936,56000,276.4
115340,4936,57600,284.3
115350,4936,56500,278.9
115360,4940,57300,283.1
115370,4936,56600,279.4
115380,4940,57000,281.6
115390,4748,134300,637.7
115400,4940,57000,281.6
115410,4940,57600,284.5
115420,4936,56000,276.4
115430,4940,57600,284.5
115440,4936,56000,276.4
115450,4940,57600,284.5
115460,4936,56000,276.4
115470,4940,57600,284.5
115480,4936,56000,276.4
115490,4936,57600,284.3
115500,4936,56000,276.4
115510,4940,57600,284.5
115520,4936,56000,276.4
115530,4940,57600,284.5
115540,4936,56700,279.9
115550,4936,57000,281.4
115560,4936,56600,279.4
115570,4940,56900,281.1
115580,4936,57600,284.3
115590,4936,56100,276.9
115600,4792,139600,669.0
115610,4936,55900,275.9
115620,4940,57700,285.0
115630,4936,56100,276.9
115641,4940,57600,284.5
115650,4936,56000,276.4
115660,4940,57600,284.5
115670,4936,56000,276.4
115680,4940,57600,284.5
115690,4936,56000,276.4
115700,4824,214300,1033.8
115710,4936,56700,279.9
115720,4936,56900,280.9
115730,4940,56700,280.1
115740,4940,56900,281.1
115750,4936,56900,280.9
115760,4940,56900,281.1
115770,4940,57600,284.5
115780,4936,56000,276.4
115790,4940,57600,284.5
115800,4808,142300,684.2
115810,4936,57600,284.3
115820,4936,56000,276.4
115830,4940,57600,284.5
115840,4936,56000,276.4
115850,4940,57700,285.0
115860,4936,55900,275.9
115870,4940,57700,285.0
115880,4936,56700,279.9
115890,4940,57100,282.1
115900,4936,56600,279.4
115910,4812,199200,958.6
115920,4936,56700,279.9
115930,4936,57000,281.4
115940,4940,57600,284.5
115950,4936,56000,276.4
115960,4940,57600,284.5
115970,4936,56000,276.4
115980,4940,57600,284.5
115990,4936,56000,276.4
116000,4940,57700,285.0
116010,4812,142600,686.2
116020,4940,57600,284.5
116030,4936,56000,276.4
116040,4940,57600,284.5
116050,4936,56100,276.9
116060,4940,57600,284.5
116070,4936,56600,279.4
116080,4940,57000,281.6
116090,4936,56600,279.4
116100,4936,56900,280.9
116110,4940,57600,284.5
116120,4820,212200,1022.8
116130,4940,57700,285.0
116140,4936,55900,275.9
116150,4940,57600,284.5
116160,4936,56000,276.4
116170,4940,57600,284.5
116180,4936,56000,276.4
116190,4940,57600,284.5
116200,4936,56000,276.4
116210,4940,57600,284.5
116220,4936,56000,276.4
116230,4824,57600,277.9
116240,4940,56700,280.1
116250,4936,57000,281.4
116260,4940,56700,280.1
116270,4940,56900,281.1
116280,4940,57200,282.6
116290,4940,56700,280.1
116300,4936,57600,284.3
116310,4936,56000,276.4
116320,4940,57600,284.5
116330,4724,135300,639.2
116340,4940,57600,284.5
116350,4936,56000,276.4
116360,4940,57600,284.5
116370,4936,56000,276.4
116380,4940,57600,284.5
116390,4936,56000,276.4
116400,4940,57600,284.5
116410,4936,56700,279.9
116420,4940,56900,281.1
116430,4940,56700,280.1
116440,4852,56900,276.1
116450,4940,56700,280.1
116460,4940,56900,281.1
116470,4936,57700,284.8
116480,4936,56000,276.4
116490,4940,57600,284.5
116500,4940,56000,276.6
116510,4940,57600,284.5
116520,4936,56000,276.4
116530,4940,57700,285.0
116540,4808,143800,691.4
116550,4940,57600,284.5
116560,4936,56000,276.4
116570,4940,57600,284.5
116580,4936,56200,277.4
116590,4940,57600,284.5
116600,4936,56700,279.9
116610,4940,57000,281.6
116620,4936,56700,279.9
116630,4940,57000,281.6
116640,4940,57600,284.5
116650,4724,135500,640.1
116660,4936,57600,284.3
116670,4936,56000,276.4
116680,4940,57700,285.0
116690,4936,56000,276.4
116700,4940,57600,284.5
116710,4936,56000,276.4
116720,4940,57600,284.5
116730,4936,56000,276.4
116740,4940,57600,284.5
116750,4816,136100,655.5
116760,4940,57600,284.5
116770,4936,56700,279.9
116780,4940,57000,281.6
116790,4936,56700,279.9
116800,4940,57000,281.6
116810,4940,57500,284.1
116820,4936,56300,277.9
116830,4936,57600,284.3
116840,4936,56000,276.4
116850,4820,207300,999.2
116860,4936,56000,276.4
116870,4940,57600,284.5
116880,4936,56000,276.4
116890,4940,57600,284.5
116900,4936,56000,276.4
116910,4940,57600,284.5
116920,4936,56100,276.9
116930,4940,57600,284.5
116940,4936,56600,279.4
116950,4940,59900,295.9
116960,4936,56700,279.9
116970,4940,57000,281.6
116980,4936,56700,279.9
116990,4940,57000,281.6
117000,4940,57600,284.5
117010,4940,56100,277.1
117020,4940,57600,284.5
117030,4936,56100,276.9
117040,4940,57600,284.5
117050,4936,56100,276.9
117060,4816,143900,693.0
117070,4936,56000,276.4
117080,4940,57600,284.5
117090,4936,56000,276.4
117100,4936,57600,284.3
117110,4940,56500,279.1
117120,4940,57400,283.6
117130,4936,56700,279.9
117140,4940,57000,281.6
117150,4940,56700,280.1
117160,4936,56900,280.9
117170,4760,138900,661.2
117180,4936,56100,276.9
117190,4940,57600,284.5
117200,4936,56000,276.4
117210,4940,57600,284.5
117220,4940,56000,276.6
117230,4940,57600,284.5
117240,4936,56100,276.9
117250,4940,57600,284.5
117260,4936,56000,276.4
117274,4708,168100,791.4
117280,4936,56100,276.9
117290,4940,57600,284.5
117300,4936,56700,279.9
117310,4940,57000,281.6
117320,4936,56700,279.9
117330,4936,57000,281.4
117340,4936,57600,284.3
117350,4940,56000,276.6
117360,4940,57600,284.5
117370,4936,58300,287.8
117380,4940,57700,285.0
117390,4936,56000,276.4
117400,4940,57600,284.5
117410,4936,56000,276.4
117420,4940,57600,284.5
117430,4936,56000,276.4
117440,4940,57600,284.5
117450,4936,56000,276.4
117460,4940,57500,284.1
117470,4936,56700,279.9
117480,4736,140900,667.3
117490,4936,56700,279.9
117500,4940,57000,281.6
117510,4936,57000,281.4
117520,4940,56900,281.1
117530,4940,57600,284.5
117540,4936,56000,276.4
117550,4940,57600,284.5
117560,4936,56000,276.4
117570,4936,57700,284.8
117580,4936,56000,276.4
117590,4820,200700,967.4
117600,4936,56000,276.4
117610,4940,57600,284.5
117620,4936,56000,276.4
117630,4940,57600,284.5
117640,4936,56700,279.9
117650,4936,57000,281.4
117660,4936,56600,279.4
117670,4936,57000,281.4
117680,4936,56700,279.9
117690,4812,142500,685.7
117700,4940,57600,284.5
117710,4936,56000,276.4
117720,4940,57600,284.5
117730,4936,56000,276.4
117740,4940,57600,284.5
117750,4936,56000,276.4
117760,4940,57600,284.5
117770,4936,56000,276.4
117780,4940,57600,284.5
117790,4936,56000,276.4
117800,4780,171900,821.7
117810,4936,56100,276.9
117820,4940,57600,284.5
117830,4940,56700,280.1
117840,4940,57000,281.6
117850,4940,56700,280.1
117860,4940,56900,281.1
117870,4940,57500,284.1
117880,4936,56000,276.4
117890,4940,57600,284.5
117900,4816,141900,683.4
117910,4940,57600,284.5
117920,4936,56000,276.4
117930,4936,57600,284.3
117940,4936,56000,276.4
117950,4940,57600,284.5
117960,4936,56000,276.4
117970,4940,57500,284.1
117980,4936,56000,276.4
117990,4940,57600,284.5
118000,4940,56600,279.6
118010,4736,138900,657.8
118020,4936,56700,279.9
118030,4940,56900,281.1
118040,4936,57300,282.8
118050,4940,56500,279.1
118060,4940,57600,284.5
118070,4936,56000,276.4
118080,4940,57600,284.5
118090,4936,56000,276.4
118100,4940,57600,284.5
118110,4940,56000,276.6
118120,4832,213800,1033.1
118130,4936,56000,276.4
118140,4940,57500,284.1
118150,4936,56000,276.4
118160,4940,57600,284.5
118170,4936,56700,279.9
118180,4940,56900,281.1
118190,4940,56600,279.6
118200,4936,57000,281.4
118210,4936,56700,279.9
118220,4808,143000,687.5
118230,4940,57600,284.5
118240,4936,56000,276.4
118250,4940,57600,284.5
118260,4936,56000,276.4
118270,4936,57600,284.3
118280,4936,56000,276.4
118290,4940,57500,284.1
118300,4936,56000,276.4
118310,4940,57600,284.5
118320,4804,143000,687.0
118330,4940,57600,284.5
118340,4936,56300,277.9
118350,4940,57500,284.1
118360,4936,56700,279.9
118370,4936,56900,280.9
118380,4936,56600,279.4
118390,4940,57000,281.6
118400,4936,57600,284.3
118410,4936,56000,276.4
118420,4940,57600,284.5
118430,4756,159800,760.0
118440,4940,57700,285.0
118450,4936,55900,275.9
118460,4940,57600,284.5
118470,4936,56000,276.4
118480,4940,57700,285.0
118490,4940,56000,276.6
118500,4940,57600,284.5
118510,4936,55900,275.9
118520,4940,57600,284.5
118530,4824,128400,619.4
118540,4936,56900,280.9
118550,4940,56600,279.6
118560,4940,56900,281.1
118570,4936,57600,284.3
118580,4940,56300,278.1
118590,4940,57600,284.5
118600,4936,56000,276.4
118610,4940,57700,285.0
118620,4940,56000,276.6
118630,4940,57600,284.5
118640,4712,130800,616.3
118650,4940,57600,284.5
118660,4936,56000,276.4
118670,4940,57600,284.5
118680,4936,56100,276.9
118690,4940,57600,284.5
118700,4940,56600,279.6
118710,4940,56900,281.1
118720,4940,56700,280.1
118730,4940,56900,281.1
118740,4832,134300,648.9
118750,4940,56900,281.1
118760,4940,57600,284.5
118770,4936,56000,276.4
118780,4940,57700,285.0
118790,4936,55900,275.9
118800,4940,57600,284.5
118810,4936,56000,276.4
118820,4940,57500,284.1
118830,4936,56000,276.4
118840,4804,191500,920.0
118850,4936,56000,276.4
118860,4940,57600,284.5
118870,4936,56600,279.4
118880,4940,57300,283.1
118890,4936,56600,279.4
118901,4936,57000,281.4
118910,4936,56700,279.9
118920,4940,56900,281.1
118930,4940,57600,284.5
118940,4936,58900,290.7
118950,4940,57600,284.5
118960,4936,56000,276.4
118970,4940,57600,284.5
118980,4936,56000,276.4
118990,4940,57600,284.5
119000,4936,56000,276.4
119010,4940,57600,284.5
119020,4936,56000,276.4
119030,4940,57700,285.0
119040,4936,56000,276.4
119050,4820,57600,277.6
119060,4936,56700,279.9
119070,4940,57000,281.6
119080,4936,56700,279.9
119090,4940,56900,281.1
119100,4936,57600,284.3
119110,4936,56000,276.4
119120,4940,57600,284.5
119130,4936,56000,276.4
119140,4940,57600,284.5
119150,4812,140500,676.1
119160,4940,57500,284.1
119170,4936,56000,276.4
119180,4936,88800,438.3
119190,4932,56000,276.2
119200,4940,57600,284.5
119210,4936,56000,276.4
119220,4940,57600,284.5
119230,4936,56700,279.9
119240,4936,57000,281.4
119250,4936,56600,279.4
119260,4936,56900,280.9
119270,4936,56900,280.9
119280,4936,56900,280.9
119290,4940,57600,284.5
119300,4936,56000,276.4
119310,4936,57500,283.8
119320,4936,56000,276.4
119330,4940,57600,284.5
119340,4936,56100,276.9
119350,4940,57600,284.5
119360,4936,56000,276.4
119370,4940,57600,284.5
119380,4940,56100,277.1
119390,4940,57600,284.5
119400,4936,56700,279.9
119410,4940,56900,281.1
119420,4940,56600,279.6
119430,4940,57000,281.6
119440,4936,56600,279.4
119450,4940,56900,281.1
119460,4940,57500,284.1
119470,4936,56000,276.4
119480,4940,57500,284.1
119490,4936,56000,276.4
119500,4940,57500,284.1
119510,4936,56000,276.4
119520,4940,57600,284.5
119530,4936,56000,276.4
119540,4940,57600,284.5
119550,4936,56000,276.4
119560,4940,57600,284.5
119570,4936,56400,278.4
119580,4940,57500,284.1
119590,4940,56600,279.6
119600,4940,56900,281.1
119610,4936,56600,279.4
119620,4936,56900,280.9
119630,4936,57600,284.3
119640,4936,56000,276.4
119650,4940,57600,284.5
119660,4936,56000,276.4
119670,4940,57600,284.5
119680,4936,56000,276.4
119690,4700,129500,608.6
119700,4936,56000,276.4
119710,4940,57600,284.5
119720,4936,56000,276.4
119730,4940,57600,284.5
119740,4936,56000,276.4
119750,4940,57600,284.5
119760,4940,56700,280.1
119770,4940,56900,281.1
119780,4940,56600,279.6
119790,4940,56900,281.1
119800,4940,57600,284.5
119810,4936,56000,276.4
119820,4940,57500,284.1
119830,4936,56000,276.4
119840,4940,57600,284.5
119850,4936,56000,276.4
119860,4940,57600,284.5
119870,4936,55900,275.9
119880,4940,57600,284.5
119890,4940,56000,276.6
119900,4940,57600,284.5
119910,4936,56000,276.4
119920,4940,57500,284.1
119930,4936,56600,279.4
119940,4940,57000,281.6
119950,4936,56500,278.9
119960,4940,56900,281.1
119970,4936,57100,281.8
119980,4936,56700,279.9
119990,4940,57500,284.1
120000,4936,56000,276.4
120010,4940,57500,284.1
120020,4936,55900,275.9
120030,4940,57600,284.5
120040,4936,55900,275.9
120050,4940,57600,284.5
120060,4936,56000,276.4
120070,4940,57600,284.5
120080,4936,55900,275.9
120090,4940,57500,284.1
120100,4936,56700,279.9
120110,4940,56800,280.6
120120,4940,56600,279.6
120130,4940,56900,281.1
120140,4940,56600,279.6
120150,4936,56900,280.9
120160,4940,57700,285.0
120170,4936,55900,275.9
120180,4940,57500,284.1
120190,4856,154000,747.8
120200,4940,57600,284.5
120210,4936,56000,276.4
120220,4940,57500,284.1
120230,4936,56000,276.4
120240,4940,57500,284.1
120250,4936,55900,275.9
120260,4940,57600,284.5
120270,4940,56400,278.6
120280,4940,57400,283.6
120290,4936,56600,279.4
120300,4940,56900,281.1
120310,4936,56700,279.9
120320,4940,56900,281.1
120330,4940,57600,284.5
120340,4936,55900,275.9
120350,4940,57600,284.5
120360,4936,56000,276.4
120370,4936,57500,283.8
120380,4936,56000,276.4
120390,4940,57600,284.5
120400,4936,55900,275.9
120410,4940,57500,284.1
120420,4936,56000,276.4
120430,4940,57500,284.1
120440,4940,56000,276.6
120450,4940,57600,284.5
120460,4936,56600,279.4
120470,4940,56900,281.1
120480,4936,56600,279.4
120490,4940,56900,281.1
120500,4936,57600,284.3
120510,4940,55900,276.1
120520,4940,57500,284.1
120530,4936,56000,276.4
120541,4940,57500,284.1
120550,4936,55900,275.9
120560,4940,57600,284.5
120570,4936,56000,276.4
120580,4940,57600,284.5
120590,4936,56000,276.4
120600,4940,57500,284.1
120610,4936,56000,276.4
120620,4936,57500,283.8
120630,4940,56600,279.6
120640,4940,56900,281.1
120650,4936,56600,279.4
120660,4936,56900,280.9
120670,4936,57400,283.3
120680,4936,56500,278.9
120690,4940,57500,284.1
120700,4820,213200,1027.6
120710,4940,57600,284.5
120720,4936,56000,276.4
120730,4940,57500,284.1
120740,4936,55900,275.9
120750,4940,57500,284.1
120760,4940,56000,276.6
120770,4940,57400,283.6
120780,4936,56000,276.4
120790,4940,57500,284.1
120800,4936,56600,279.4
120810,4940,56900,281.1
120820,4940,56600,279.6
120830,4936,56900,280.9
120840,4940,56600,279.6
120850,4936,56900,280.9
120860,4940,57500,284.1
120870,4936,56000,276.4
120880,4940,57600,284.5
120890,4936,56000,276.4
120900,4940,57600,284.5
120910,4936,55900,275.9
120920,4940,57500,284.1
120930,4936,56000,276.4
120940,4940,57500,284.1
120950,4936,55900,275.9
120960,4940,57500,284.1
120970,4936,56600,279.4
120980,4940,57200,282.6
120990,4940,56600,279.6
121000,4936,57000,281.4
121010,4936,56700,279.9
121020,4940,56900,281.1
121030,4940,57600,284.5
121040,4936,56000,276.4
121050,4940,57600,284.5
121060,4936,56100,276.9
121070,4940,57600,284.5
121080,4936,56000,276.4
121090,4940,57700,285.0
121100,4936,56000,276.4
121110,4940,57600,284.5
121120,4936,56000,276.4
121130,4940,57600,284.5
121140,4936,56000,276.4
121150,4936,57600,284.3
121160,4936,56700,279.9
121170,4940,57000,281.6
121180,4912,58300,286.4
121190,4840,57000,275.9
121200,4936,57600,284.3
121210,4940,56000,276.6
121220,4940,57600,284.5
121230,4936,56000,276.4
121240,4940,57600,284.5
121250,4936,56000,276.4
121260,4940,57600,284.5
121270,4940,55900,276.1
121280,4940,57600,284.5
121290,4708,133500,628.5
121300,4936,57600,284.3
121310,4936,56100,276.9
121320,4940,57600,284.5
121330,4936,56700,279.9
121340,4940,57000,281.6
121350,4936,56600,279.4
121360,4940,56900,281.1
121370,4940,57300,283.1
121380,4940,56500,279.1
121390,4940,57600,284.5
121400,4824,213200,1028.5
121410,4936,57600,284.3
121420,4936,56000,276.4
121430,4940,57600,284.5
121440,4936,55900,275.9
121450,4940,57600,284.5
121460,4936,56000,276.4
121470,4940,57600,284.5
121480,4936,56000,276.4
121490,4940,57600,284.5
121500,4716,139200,656.5
121510,4940,56900,281.1
121520,4936,56600,279.4
121530,4940,56900,281.1
121540,4940,56700,280.1
121550,4940,56900,281.1
121560,4940,57600,284.5
121570,4936,56000,276.4
121580,4940,57600,284.5
121590,4936,56000,276.4
121600,4936,57600,284.3
121610,4904,56000,274.6
121620,4940,57600,284.5
121630,4936,56000,276.4
121640,4940,57600,284.5
121650,4936,56000,276.4
121660,4940,57600,284.5
121670,4936,56300,277.9
121680,4940,57600,284.5
121690,4936,56600,279.4
121700,4936,57000,281.4
121710,4932,58100,286.5
121720,4936,56900,280.9
121730,4936,57600,284.3
121740,4936,56000,276.4
121750,4940,57600,284.5
121760,4936,56000,276.4
121770,4940,57500,284.1
121780,4936,56000,276.4
121790,4940,57500,284.1
121800,4936,56000,276.4
121810,4940,57600,284.5
121820,4816,144800,697.4
121830,4940,57600,284.5
121840,4936,56000,276.4
121850,4940,57600,284.5
121860,4940,56700,280.1
121870,4940,56900,281.1
121880,4940,56700,280.1
121890,4936,56900,280.9
121900,4936,57600,284.3
121910,4940,56200,277.6
121920,4940,57600,284.5
121930,4716,172400,813.0
121940,4940,57600,284.5
121950,4936,56000,276.4
121960,4940,57600,284.5
121970,4936,56000,276.4
121980,4940,57600,284.5
121990,4936,56000,276.4
122000,4940,57600,284.5
122010,4936,56000,276.4
122020,4940,57600,284.5
122030,4772,137800,657.6
122040,4940,56900,281.1
122050,4936,56700,279.9
122060,4940,57000,281.6
122070,4940,56700,280.1
122080,4940,57000,281.6
122090,4940,57600,284.5
122100,4936,56000,276.4
122110,4940,57600,284.5
122120,4936,56000,276.4
122130,4816,141200,680.0
122140,4936,56000,276.4
122150,4940,57600,284.5
122160,4936,56000,276.4
122171,4940,57600,284.5
122180,4936,56000,276.4
122190,4940,57600,284.5
122200,4936,56600,279.4
122210,4940,57300,283.1
122220,4936,56600,279.4
122230,4940,57000,281.6
122240,4708,138800,653.5
122250,4936,56900,280.9
122260,4940,57600,284.5
122270,4936,56000,276.4
122280,4940,57600,284.5
122290,4936,56100,276.9
122300,4940,57700,285.0
122310,4936,56100,276.9
122320,4940,57600,284.5
122330,4936,56000,276.4
122340,4936,57500,283.8
122350,4932,56000,276.2
122360,4940,57600,284.5
122370,4936,56000,276.4
122380,4940,57600,284.5
122390,4936,56600,279.4
122400,4940,56900,281.1
122410,4940,56700,280.1
122420,4940,56900,281.1
122430,4940,57700,285.0
122440,4940,56000,276.6
122450,4704,141200,664.2
122460,4936,56000,276.4
122470,4940,57600,284.5
122480,4936,56000,276.4
122490,4940,57600,284.5
122500,4936,56000,276.4
122510,4940,57600,284.5
122520,4936,56000,276.4
122530,4940,57600,284.5
122540,4936,56000,276.4
122550,4932,149400,736.8
122560,4936,56600,279.4
122570,4940,57000,281.6
122580,4940,56700,280.1
122590,4940,56900,281.1
122600,4940,57000,281.6
122610,4940,56900,281.1
122620,4940,57500,284.1
122630,4936,56000,276.4
122640,4940,57600,284.5
122650,4936,56000,276.4
122660,4812,146100,703.0
122670,4940,56000,276.6
122680,4940,57700,285.0
122690,4936,56000,276.4
122700,4936,57600,284.3
122710,4936,56100,276.9
122720,4940,57600,284.5
122730,4936,56800,280.4
122740,4940,57000,281.6
122750,4936,56700,279.9
122760,4940,59800,295.4
122770,4936,56600,279.4
122780,4936,56900,280.9
122790,4940,57600,284.5
122800,4936,56000,276.4
122810,4940,57500,284.1
122820,4936,56000,276.4
122830,4940,57500,284.1
122840,4936,56000,276.4
122850,4940,57600,284.5
122860,4936,56000,276.4
122870,4824,211600,1020.8
122880,4936,56000,276.4
122890,4940,57600,284.5
122900,4936,56000,276.4
122910,4940,57600,284.5
122920,4936,56700,279.9
122930,4940,56900,281.1
122940,4936,56700,279.9
122950,4940,56900,281.1
122960,4936,57700,284.8
122970,4936,55900,275.9
122980,4704,147700,694.8
122990,4936,56000,276.4
123000,4940,57600,284.5
123010,4936,56000,276.4
123020,4940,57600,284.5
123030,4936,56100,276.9
123040,4940,57600,284.5
123050,4936,56000,276.4
123060,4940,57700,285.0
123070,4936,55900,275.9
123080,4812,143300,689.6
123090,4936,56700,279.9
123100,4940,57000,281.6
123110,4936,56700,279.9
123120,4940,56900,281.1
123130,4936,57300,282.8
123140,4940,56600,279.6
123150,4940,57600,284.5
123160,4936,56000,276.4
123170,4940,57500,284.1
123180,4936,56000,276.4
123190,4708,137400,646.9
123200,4936,56000,276.4
123210,4940,57600,284.5
123220,4936,56000,276.4
123230,4940,57600,284.5
123240,4936,56000,276.4
123250,4940,57600,284.5
123260,4936,56700,279.9
123270,4940,56800,280.6
123280,4936,56700,279.9
123290,4936,59800,295.2
123300,4936,56700,279.9
123310,4940,57000,281.6
123320,4940,57600,284.5
123330,4936,56000,276.4
123340,4940,57600,284.5
123350,4936,56000,276.4
123360,4940,57600,284.5
123370,4936,56000,276.4
123380,4940,57700,285.0
123390,4936,56000,276.4
123400,4816,142700,687.2
123410,4936,56100,276.9
123420,4940,57600,284.5
123430,4936,56300,277.9
123440,4940,57600,284.5
123450,4936,56600,279.4
123460,4940,57000,281.6
123470,4936,56600,279.4
123480,4940,57000,281.6
123490,4940,57500,284.1
123500,4936,55900,275.9
123510,4836,136300,659.1
123520,4936,56000,276.4
123530,4940,57600,284.5
123540,4936,56000,276.4
123550,4940,57600,284.5
123560,4936,56000,276.4
123570,4940,57600,284.5
123580,4936,56000,276.4
123590,4940,57600,284.5
123600,4936,56000,276.4
123610,4940,57600,284.5
123620,4940,56700,280.1
123630,4936,56900,280.9
123640,4936,56700,279.9
123650,4936,57000,281.4
123660,4936,57500,283.8
123670,4940,56400,278.6
123680,4940,57600,284.5
123690,4936,56000,276.4
123700,4940,57700,285.0
123710,4936,56000,276.4
123720,4828,204000,984.9
123730,4936,56100,276.9
123740,4940,57600,284.5
123750,4936,56000,276.4
123760,4940,57600,284.5
123770,4936,56000,276.4
123780,4940,57600,284.5
123790,4936,56600,279.4
123800,4940,56900,281.1
123811,4940,56700,280.1
123820,4816,141400,681.0
123830,4936,56700,279.9
123840,4940,57000,281.6
123850,4936,57600,284.3
123860,4936,56000,276.4
123870,4940,57600,284.5
123880,4936,56100,276.9
123890,4940,57600,284.5
123900,4936,56000,276.4
123910,4936,57500,283.8
123920,4936,56000,276.4
123930,4820,210000,1012.2
123940,4936,56000,276.4
123950,4940,57600,284.5
123960,4936,56500,278.9
123970,4940,57300,283.1
123980,4936,56600,279.4
123990,4940,56900,281.1
124000,4940,56600,279.6
124010,4940,56900,281.1
124020,4940,57600,284.5
124030,4936,56000,276.4
124040,4704,145900,686.3
124050,4936,56000,276.4
124060,4936,57600,284.3
124070,4936,56000,276.4
124080,4940,57600,284.5
124090,4936,56000,276.4
124100,4940,57600,284.5
124110,4940,56000,276.6
124120,4940,57500,284.1
124130,4936,56100,276.9
124140,4932,147800,728.9
124150,4936,56700,279.9
124160,4940,57000,281.6
124170,4936,56600,279.4
124180,4940,56900,281.1
124190,4940,57700,285.0
124200,4940,56100,277.1
124210,4940,57700,285.0
124220,4936,56000,276.4
124230,4940,57600,284.5
124240,4940,56000,276.6
124250,4768,203600,970.8
124260,4936,56100,276.9
124270,4940,57700,285.0
124280,4936,56000,276.4
124290,4940,57600,284.5
124300,4936,56000,276.4
124310,4940,57600,284.5
124320,4936,56600,279.4
124330,4936,57000,281.4
124340,4940,56700,280.1
124350,4940,56900,281.1
124360,4940,56900,281.1
124370,4940,56900,281.1
124380,4940,57700,285.0
124390,4936,56000,276.4
124400,4940,57600,284.5
124410,4936,56000,276.4
124420,4940,57600,284.5
124430,4936,56000,276.4
124440,4940,57600,284.5
124450,4936,56000,276.4
124460,4816,142600,686.8
124470,4940,56000,276.6
124480,4940,57600,284.5
124490,4940,56700,280.1
124500,4940,56900,281.1
124510,4936,56700,279.9
124520,4936,56900,280.9
124530,4936,56700,279.9
124540,4940,57000,281.6
124550,4940,57600,284.5
124560,4900,159600,782.0
124570,4940,57600,284.5
124580,4936,56000,276.4
124590,4940,57600,284.5
124600,4936,56000,276.4
124610,4940,57700,285.0
124620,4936,56000,276.4
124630,4940,57600,284.5
124640,4936,56000,276.4
124650,4940,57600,284.5
124660,4812,144400,694.9
124670,4940,57600,284.5
124680,4936,56700,279.9
124690,4940,57000,281.6
124700,4936,56600,279.4
124710,4940,57000,281.6
124720,4936,57600,284.3
124730,4936,55900,275.9
124740,4940,57600,284.5
124750,4936,56000,276.4
124760,4940,57600,284.5
124770,4716,138000,650.8
124780,4940,57700,285.0
124790,4936,56000,276.4
124800,4940,57600,284.5
124810,4936,56000,276.4
124820,4940,57600,284.5
124830,4936,56000,276.4
124840,4940,57600,284.5
124850,4936,56700,279.9
124860,4940,57000,281.6
124870,4936,56600,279.4
124880,4760,155600,740.7
124890,4936,57200,282.3
124900,4940,56800,280.6
124910,4940,57600,284.5
124920,4936,56000,276.4
124930,4940,57700,285.0
124940,4936,56000,276.4
124950,4940,57600,284.5
124960,4936,56000,276.4
124970,4940,57500,284.1
124980,4936,56000,276.4
124990,4784,73200,350.2
125000,4936,56000,276.4
125010,4940,57600,284.5
125020,4936,56700,279.9
125030,4940,56900,281.1
125040,4936,56600,279.4
125050,4940,57000,281.6
125060,4936,56700,279.9
125070,4936,57000,281.4
125080,4940,57600,284.5
125090,4844,56100,271.7
125100,4940,57600,284.5
125110,4940,56100,277.1
125120,4940,57600,284.5
125130,4936,56100,276.9
125140,4940,57600,284.5
125150,4936,56100,276.9
125160,4940,57600,284.5
125170,4936,56000,276.4
125180,4940,57700,285.0
125190,4816,141100,679.5
125200,4940,57600,284.5
125210,4936,56700,279.9
125220,4936,57000,281.4
125230,4936,56700,279.9
125240,4936,57000,281.4
125250,4936,57600,284.3
125260,4936,56000,276.4
125270,4940,57600,284.5
125280,4936,56000,276.4
125290,4940,57600,284.5
125300,4812,138300,665.5
125310,4940,57700,285.0
125320,4936,56000,276.4
125330,4940,57600,284.5
125340,4936,56000,276.4
125350,4940,57500,284.1
125360,4936,56000,276.4
125370,4940,57600,284.5
125380,4936,56600,279.4
125390,4940,57000,281.6
125400,4796,143400,687.7
125410,4936,57000,281.4
125420,4936,57500,283.8
125430,4936,56300,277.9
125441,4940,57600,284.5
125450,4936,56000,276.4
125460,4936,57600,284.3
125470,4936,56000,276.4
125480,4940,57600,284.5
125490,4936,56000,276.4
125500,4940,57600,284.5
125510,4824,219900,1060.8
125520,4940,57600,284.5
125530,4936,56000,276.4
125540,4936,57600,284.3
125550,4936,56600,279.4
125560,4940,57000,281.6
125570,4940,56600,279.6
125580,4940,56900,281.1
125590,4936,56700,279.9
125600,4936,56900,280.9
125610,4816,144600,696.4
125620,4936,56000,276.4
125630,4940,57500,284.1
125640,4940,56000,276.6
125650,4940,57600,284.5
125660,4936,56000,276.4
125670,4940,57600,284.5
125680,4936,56000,276.4
125690,4940,57600,284.5
125700,4936,56000,276.4
125710,4940,57600,284.5
125720,4936,56500,278.9
125730,4940,57400,283.6
125740,4936,56700,279.9
125750,4940,56900,281.1
125760,4936,56700,279.9
125770,4936,56900,280.9
125780,4936,57600,284.3
125790,4936,56100,276.9
125800,4940,57600,284.5
125810,4936,56000,276.4
125820,4828,210300,1015.3
125830,4936,56100,276.9
125840,4940,57600,284.5
125850,4936,56000,276.4
125860,4940,57600,284.5
125870,4936,56000,276.4
125880,4940,57600,284.5
125890,4940,56000,276.6
125900,4940,57600,284.5
125910,4936,56700,279.9
125920,4940,56800,280.6
125930,4716,137500,648.5
125940,4940,57000,281.6
125950,4936,57600,284.3
125960,4940,56100,277.1
125970,4940,57600,284.5
125980,4936,56000,276.4
125990,4940,57600,284.5
126000,4936,56000,276.4
126010,4940,57600,284.5
126020,4936,56000,276.4
126030,4940,57600,284.5
126040,4904,56000,274.6
126050,4940,57600,284.5
126060,4936,56000,276.4
126070,4936,57600,284.3
126080,4936,56600,279.4
126090,4940,57000,281.6
126100,4940,56600,279.6
126110,4936,57000,281.4
126120,4936,57000,281.4
126130,4940,56800,280.6
126140,4936,59500,293.7
126150,4936,56100,276.9
126160,4940,57600,284.5
126170,4936,56000,276.4
126180,4940,57600,284.5
126190,4936,56000,276.4
126200,4940,57600,284.5
126210,4936,56000,276.4
126220,4940,57500,284.1
126230,4936,56000,276.4
126240,4940,57500,284.1
126250,4936,56600,279.4
126260,4940,57100,282.1
126270,4940,56700,280.1
126280,4940,57000,281.6
126290,4936,56700,279.9
126300,4940,56900,281.1
126310,4940,57700,285.0
126320,4936,56000,276.4
126330,4940,57600,284.5
126340,4936,56000,276.4
126350,4816,142900,688.2
126360,4936,56000,276.4
126370,4940,57600,284.5
126380,4936,56000,276.4
126390,4940,57600,284.5
126400,4936,56000,276.4
126410,4940,57600,284.5
126420,4936,56200,277.4
126430,4940,57600,284.5
126440,4936,56700,279.9
126450,4940,56900,281.1
126460,4776,176300,842.0
126470,4936,57000,281.4
126480,4936,57700,284.8
126490,4936,56000,276.4
126500,4940,57600,284.5
126510,4936,56000,276.4
126520,4940,57600,284.5
126530,4936,55900,275.9
126540,4936,57600,284.3
126550,4936,56000,276.4
126560,4940,57600,284.5
126570,4716,173200,816.8
126580,4940,57600,284.5
126590,4936,56000,276.4
126600,4940,57600,284.5
126610,4936,56700,279.9
126620,4940,57000,281.6
126630,4936,56600,279.4
126640,4936,57000,281.4
126650,4940,57400,283.6
126660,4936,56400,278.4
126670,4816,144800,697.4
126680,4936,56100,276.9
126690,4940,57700,285.0
126700,4940,56000,276.6
126710,4936,57600,284.3
126720,4936,56000,276.4
126730,4936,57600,284.3
126740,4936,56000,276.4
126750,4936,57600,284.3
126760,4936,56100,276.9
126770,4940,57500,284.1
126780,4896,58800,287.9
126790,4804,59500,285.8
126800,4940,56600,279.6
126810,4940,56900,281.1
126820,4936,56700,279.9
126830,4936,56900,280.9
126840,4940,57600,284.5
126850,4936,56100,276.9
126860,4940,57600,284.5
126870,4936,56000,276.4
126880,4940,57600,284.5
126890,4936,56000,276.4
126900,4940,57600,284.5
126910,4936,56000,276.4
126920,4940,57500,284.1
126930,4936,55900,275.9
126940,4940,57600,284.5
126950,4936,56500,278.9
126960,4940,57300,283.1
126970,4940,56600,279.6
126980,4940,56900,281.1
126990,4936,56600,279.4
127000,4940,56900,281.1
127010,4940,57600,284.5
127020,4936,56000,276.4
127030,4940,57600,284.5
127040,4936,56000,276.4
127050,4940,57600,284.5
127060,4936,56000,276.4
127071,4940,57600,284.5
127080,4936,56000,276.4
127090,4940,57600,284.5
127100,4936,56000,276.4
127110,4940,57600,284.5
127120,4936,56000,276.4
127130,4940,57600,284.5
127140,4940,56700,280.1
127150,4940,56900,281.1
127160,4936,56700,279.9
127170,4936,56900,280.9
127180,4936,57500,283.8
127190,4936,55900,275.9
127200,4940,57500,284.1
127210,4936,55900,275.9
127220,4940,57500,284.1
127230,4936,56000,276.4
127240,4940,57500,284.1
127250,4936,56000,276.4
127260,4940,57600,284.5
127270,4936,55900,275.9
127280,4940,57500,284.1
127290,4808,141300,679.4
127300,4940,57600,284.5
127310,4936,56600,279.4
127320,4940,56900,281.1
127330,4940,56700,280.1
127340,4936,56900,280.9
127350,4936,57400,283.3
127360,4940,56400,278.6
127370,4940,57500,284.1
127380,4936,56000,276.4
127390,4936,57600,284.3
127400,4936,55900,275.9
127410,4940,57600,284.5
127420,4936,56000,276.4
127430,4940,57600,284.5
127440,4936,56000,276.4
127450,4940,57600,284.5
127460,4936,55900,275.9
127470,4940,57600,284.5
127480,4936,56600,279.4
127490,4940,56900,281.1
127500,4936,56600,279.4
127510,4936,56900,280.9
127520,4940,56800,280.6
127530,4936,56900,280.9
127540,4940,57600,284.5
127550,4936,55900,275.9
127560,4940,57600,284.5
127570,4936,56000,276.4
127580,4940,57600,284.5
127590,4936,55900,275.9
127600,4940,57600,284.5
127610,4936,56000,276.4
127620,4936,57600,284.3
127630,4936,56000,276.4
127640,4940,57600,284.5
127650,4936,56700,279.9
127660,4940,56900,281.1
127670,4936,56600,279.4
127680,4940,56900,281.1
127690,4940,56600,279.6
127700,4936,56900,280.9
127710,4940,57600,284.5
127720,4936,56000,276.4
127730,4940,57600,284.5
127740,4936,56000,276.4
127750,4940,57600,284.5
127760,4936,56000,276.4
127770,4940,57600,284.5
127780,4936,55900,275.9
127790,4940,57600,284.5
127800,4908,56000,274.8
127810,4940,57600,284.5
127820,4940,56100,277.1
127830,4936,57600,284.3
127840,4936,56600,279.4
127850,4940,56900,281.1
127860,4936,56700,279.9
127870,4940,56900,281.1
127880,4936,57600,284.3
127890,4936,56000,276.4
127900,4940,57600,284.5
127910,4936,56000,276.4
127920,4940,57600,284.5
127930,4936,55900,275.9
127940,4940,57600,284.5
127950,4936,56000,276.4
127960,4940,57600,284.5
127970,4936,56000,276.4
127980,4940,57600,284.5
127990,4936,56000,276.4
128000,4940,57600,284.5
128010,4936,56600,279.4
128020,4940,57000,281.6
128030,4940,56700,280.1
128040,4940,56900,281.1
128050,4940,57600,284.5
128060,4940,56000,276.6
128070,4940,57600,284.5
128080,4936,56000,276.4
128090,4940,57600,284.5
128100,4940,56000,276.6
128110,4940,57600,284.5
128120,4936,55900,275.9
128130,4940,57600,284.5
128140,4936,56000,276.4
128150,4940,57600,284.5
128160,4936,56000,276.4
128170,4940,57500,284.1
128180,4936,56600,279.4
128190,4940,57000,281.6
128200,4936,56600,279.4
128210,4936,57000,281.4
128220,4940,57100,282.1
128230,4940,56700,280.1
128240,4940,57600,284.5
128250,4936,56000,276.4
128260,4940,57600,284.5
128270,4936,56000,276.4
128280,4940,57500,284.1
128290,4936,56000,276.4
128300,4772,141200,673.8
128310,4936,56000,276.4
128320,4940,57600,284.5
128330,4936,56000,276.4
128340,4940,57600,284.5
128350,4940,56600,279.6
128360,4940,56900,281.1
128370,4936,56700,279.9
128380,4940,56900,281.1
128390,4936,56600,279.4
128400,4940,56900,281.1
128410,4940,57600,284.5
128420,4940,56000,276.6
128430,4940,57600,284.5
128440,4936,56000,276.4
128450,4940,57600,284.5
128460,4936,56000,276.4
128470,4940,57600,284.5
128480,4936,56000,276.4
128490,4940,57600,284.5
128500,4936,56000,276.4
128510,4940,57600,284.5
128520,4936,56500,278.9
128530,4940,57300,283.1
128540,4936,56700,279.9
128550,4940,56900,281.1
128560,4940,56600,279.6
128570,4936,56900,280.9
128580,4940,57600,284.5
128590,4936,56000,276.4
128600,4940,57600,284.5
128610,4936,55900,275.9
128620,4940,57500,284.1
128630,4936,55900,275.9
128640,4940,57700,285.0
128650,4936,55900,275.9
128660,4940,57600,284.5
128670,4936,55900,275.9
128680,4940,57600,284.5
128690,4936,56000,276.4
128700,4940,57600,284.5
128711,4940,56600,279.6
128720,4940,56900,281.1
128730,4940,56600,279.6
128740,4936,57000,281.4
128750,4936,57500,283.8
128760,4940,56000,276.6
128770,4940,57500,284.1
128780,4936,56000,276.4
128790,4940,57600,284.5
128800,4800,190000,912.0
128810,4940,57600,284.5
128820,4936,56000,276.4
128830,4940,57600,284.5
128840,4936,56000,276.4
128850,4940,57600,284.5
128860,4936,56000,276.4
128870,4940,57500,284.1
128880,4936,56600,279.4
128890,4940,56900,281.1
128900,4940,56600,279.6
128910,4940,56900,281.1
128920,4936,57400,283.3
128930,4940,56500,279.1
128940,4940,57500,284.1
128950,4936,56000,276.4
128960,4940,57500,284.1
128970,4936,56000,276.4
128980,4940,57600,284.5
128990,4936,56000,276.4
129000,4940,57600,284.5
129010,4936,56000,276.4
129020,4940,57600,284.5
129030,4940,56000,276.6
129040,4940,57600,284.5
129050,4936,56600,279.4
129060,4940,56900,281.1
129070,4940,56700,280.1
129080,4940,57000,281.6
129090,4936,56800,280.4
129100,4940,56900,281.1
129110,4940,57600,284.5
129120,4936,55900,275.9
129130,4940,57600,284.5
129140,4936,56000,276.4
129150,4940,57500,284.1
129160,4936,56000,276.4
129170,4940,57500,284.1
129180,4936,56000,276.4
129190,4940,57600,284.5
129200,4936,55900,275.9
129210,4940,57600,284.5
129220,4940,56700,280.1
129230,4940,57000,281.6
129240,4940,56600,279.6
129250,4936,56900,280.9
129260,4940,56600,279.6
129270,4940,56900,281.1
129280,4936,57600,284.3
129290,4936,55900,275.9
129300,4792,81000,388.2
129310,4936,56000,276.4
129320,4936,57600,284.3
129330,4936,55900,275.9
129340,4940,57600,284.5
129350,4936,56000,276.4
129360,4940,57500,284.1
129370,4936,55900,275.9
129380,4940,57500,284.1
129390,4936,56100,276.9
129400,4940,57500,284.1
129410,4936,56600,279.4
129420,4940,56900,281.1
129430,4940,56600,279.6
129440,4940,56900,281.1
129450,4940,57500,284.1
129460,4936,56000,276.4
129470,4940,57500,284.1
129480,4940,56000,276.6
129490,4940,57600,284.5
129500,4936,56000,276.4
129510,4940,57600,284.5
129520,4936,55900,275.9
129530,4940,57500,284.1
129540,4936,56000,276.4
129550,4940,57600,284.5
129560,4936,56000,276.4
129570,4940,57600,284.5
129580,4936,56600,279.4
129590,4936,56900,280.9
129600,4936,56600,279.4
129610,4940,56900,281.1
129620,4936,57500,283.8
129630,4940,56000,276.6
129640,4940,57600,284.5
129650,4936,55900,275.9
129660,4940,57600,284.5
129670,4936,55900,275.9
129680,4940,57600,284.5
129690,4936,56000,276.4
129700,4940,57500,284.1
129710,4940,56100,277.1
129720,4940,57500,284.1
129730,4936,56000,276.4
129740,4940,57600,284.5
129750,4936,56600,279.4
129760,4936,57000,281.4
129770,4936,56600,279.4
129780,4940,57000,281.6
129790,4940,57200,282.6
129800,4940,59500,293.9
129810,4940,57700,285.0
129820,4936,55900,275.9
129830,4940,57600,284.5
129840,4936,55900,275.9
129850,4940,57600,284.5
129860,4936,56000,276.4
129870,4940,57600,284.5
129880,4936,56000,276.4
129890,4940,57600,284.5
129900,4940,55900,276.1
129910,4940,57500,284.1
129920,4940,56700,280.1
129930,4940,56800,280.6
129940,4940,56600,279.6
129950,4940,56900,281.1
129960,4936,56600,279.4
129970,4940,57000,281.6
129980,4940,57500,284.1
129990,4936,56000,276.4
130000,4940,57500,284.1
130010,4936,56000,276.4
130020,4940,57500,284.1
130030,4936,55900,275.9
130040,4940,57500,284.1
130050,4940,56000,276.6
130060,4940,57600,284.5
130070,4936,55900,275.9
130080,4940,57500,284.1
130090,4936,56600,279.4
130100,4940,57300,283.1
130110,4936,56700,279.9
130120,4940,56900,281.1
130130,4936,56600,279.4
130140,4936,56900,280.9
130150,4940,57600,284.5
130160,4936,56000,276.4
130170,4940,57500,284.1
130180,4936,56000,276.4
130190,4940,57600,284.5
130200,4936,56000,276.4
130210,4940,57500,284.1
130220,4936,55900,275.9
130230,4940,57600,284.5
130240,4936,56000,276.4
130250,4940,57600,284.5
130260,4936,56000,276.4
130270,4940,57500,284.1
130280,4936,56600,279.4
130290,4940,56900,281.1
130300,4940,56600,279.6
130310,4820,184200,887.8
130320,4936,57600,284.3
130330,4936,55900,275.9
130340,4940,57500,284.1
130351,4936,56000,276.4
130360,4940,57700,285.0
130370,4936,55900,275.9
130380,4940,57500,284.1
130390,4936,55900,275.9
130400,4940,57500,284.1
130410,4936,55900,275.9
130420,4940,57600,284.5
130430,4936,55900,275.9
130440,4940,57500,284.1
130450,4940,56600,279.6
130460,4936,57000,281.4
130470,4940,56600,279.6
130480,4940,56900,281.1
130490,4936,57500,283.8
130500,4936,56300,277.9
130510,4940,57500,284.1
130520,4936,56000,276.4
130530,4940,57600,284.5
130540,4936,55900,275.9
130550,4940,57500,284.1
130560,4936,56000,276.4
130570,4940,57600,284.5
130580,4936,55900,275.9
130590,4940,57600,284.5
130600,4936,55900,275.9
130610,4940,57500,284.1
130620,4936,56600,279.4
130630,4940,56900,281.1
130640,4940,56600,279.6
130650,4940,56900,281.1
130660,4936,56900,280.9
130670,4940,56900,281.1
130680,4940,57500,284.1
130690,4936,56000,276.4
130700,4940,57600,284.5
130710,4936,56000,276.4
130720,4940,57500,284.1
130730,4936,56000,276.4
130740,4940,57500,284.1
130750,4936,55900,275.9
130760,4940,57600,284.5
130770,4936,56000,276.4
130780,4940,57600,284.5
130790,4936,56800,280.4
130800,4936,56900,280.9
130810,4816,142900,688.2
130820,4940,56900,281.1
130830,4936,56600,279.4
130840,4936,57000,281.4
130850,4940,57600,284.5
130860,4936,55900,275.9
130870,4940,57600,284.5
130880,4936,56000,276.4
130890,4940,57500,284.1
130900,4936,56000,276.4
130910,4940,57600,284.5
130920,4936,55900,275.9
130930,4940,57600,284.5
130940,4936,56100,276.9
130950,4940,57600,284.5
130960,4936,56300,277.9
130970,4940,57500,284.1
130980,4936,56600,279.4
130990,4940,56900,281.1
131000,4940,56600,279.6
131010,4940,56900,281.1
131020,4940,57500,284.1
131030,4936,55900,275.9
131040,4940,57600,284.5
131050,4936,56000,276.4
131060,4940,57500,284.1
131070,4936,56000,276.4
131080,4940,57600,284.5
131090,4936,56000,276.4
131100,4940,57600,284.5
131110,4936,56000,276.4
131120,4940,57500,284.1
131130,4936,56000,276.4
131140,4940,57600,284.5
131150,4940,56600,279.6
131160,4940,56900,281.1
131170,4936,56600,279.4
131180,4936,56900,280.9
131190,4940,57600,284.5
131200,4940,56000,276.6
131210,4940,57600,284.5
131220,4936,56000,276.4
131230,4940,57500,284.1
131240,4936,56100,276.9
131250,4940,57500,284.1
131260,4936,56000,276.4
131270,4940,57600,284.5
131280,4936,56000,276.4
131290,4940,57500,284.1
131300,4936,55900,275.9
131310,4940,57600,284.5
131320,4932,56600,279.2
131330,4940,56900,281.1
131340,4936,56600,279.4
131350,4936,56900,280.9
131360,4940,57100,282.1
131370,4936,56700,279.9
131380,4940,57500,284.1
131390,4936,56000,276.4
131400,4940,57500,284.1
131410,4936,56000,276.4
131420,4940,57600,284.5
131430,4936,56000,276.4
131440,4940,57600,284.5
131450,4936,56000,276.4
131460,4940,57500,284.1
131470,4936,56000,276.4
131480,4940,57500,284.1
131490,4936,56700,279.9
131500,4940,56800,280.6
131510,4936,56700,279.9
131520,4940,56900,281.1
131530,4936,56600,279.4
131540,4940,57000,281.6
131550,4940,57500,284.1
131560,4936,56000,276.4
131570,4940,57500,284.1
131580,4940,56000,276.6
131590,4940,57600,284.5
131600,4936,55900,275.9
131610,4940,57600,284.5
131620,4936,56000,276.4
131630,4940,57500,284.1
131640,4936,56000,276.4
131650,4940,57600,284.5
131660,4936,56600,279.4
131670,4940,57300,283.1
131680,4940,56600,279.6
131690,4936,57000,281.4
131700,4936,56600,279.4
131710,4940,56900,281.1
131720,4940,57500,284.1
131730,4936,55900,275.9
131740,4940,57600,284.5
131750,4936,55900,275.9
131760,4940,57600,284.5
131770,4936,55900,275.9
131780,4940,57600,284.5
131790,4936,56000,276.4
131800,4940,57500,284.1
131810,4940,56000,276.6
131820,4764,202100,962.8
131830,4936,56000,276.4
131840,4940,57600,284.5
131850,4936,56600,279.4
131860,4940,56900,281.1
131870,4940,56600,279.6
131880,4940,56900,281.1
131890,4936,57700,284.8
131900,4940,55900,276.1
131910,4940,57600,284.5
131920,4936,56000,276.4
131930,4940,57500,284.1
131940,4936,56000,276.4
131950,4940,57600,284.5
131960,4936,56000,276.4
131970,4940,57600,284.5
131980,4936,56000,276.4
131991,4940,57600,284.5
132000,4936,55900,275.9
132010,4940,57600,284.5
132020,4936,56700,279.9
132030,4940,56900,281.1
132040,4940,56700,280.1
132050,4940,56900,281.1
132060,4940,57400,283.6
132070,4940,56300,278.1
132080,4940,57500,284.1
132090,4936,56000,276.4
132100,4940,57500,284.1
132110,4936,56000,276.4
132120,4940,57500,284.1
132130,4936,56000,276.4
132140,4940,57600,284.5
132150,4936,55900,275.9
132160,4940,57600,284.5
132170,4936,56000,276.4
132180,4936,57600,284.3
132190,4936,56600,279.4
132200,4940,56900,281.1
132210,4936,56700,279.9
132220,4940,56900,281.1
132230,4936,56900,280.9
132240,4940,56900,281.1
132250,4940,57600,284.5
132260,4936,56000,276.4
132270,4940,57600,284.5
132280,4936,55900,275.9
132290,4940,57500,284.1
132300,4936,56000,276.4
132310,4940,57500,284.1
132320,4936,56000,276.4
132330,4824,187700,905.5
132340,4936,56000,276.4
132350,4940,57500,284.1
132360,4936,56700,279.9
132370,4940,57000,281.6
132380,4936,56600,279.4
132390,4940,56900,281.1
132400,4940,56600,279.6
132410,4940,57000,281.6
132420,4940,57600,284.5
132430,4936,56000,276.4
132440,4940,57600,284.5
132450,4936,56000,276.4
132460,4940,57600,284.5
132470,4940,56000,276.6
132480,4940,57500,284.1
132490,4936,56000,276.4
132500,4940,57600,284.5
132510,4936,55900,275.9
132520,4940,57600,284.5
132530,4940,56100,277.1
132540,4940,57500,284.1
132550,4940,56500,279.1
132560,4940,56900,281.1
132570,4940,56600,279.6
132580,4940,56900,281.1
132590,4940,57600,284.5
132600,4936,56000,276.4
132610,4940,57500,284.1
132620,4936,56000,276.4
132630,4940,57500,284.1
132640,4940,56000,276.6
132650,4940,57500,284.1
132660,4940,56000,276.6
132670,4940,57600,284.5
132680,4936,55900,275.9
132690,4940,57600,284.5
132700,4940,56000,276.6
132710,4940,57600,284.5
132720,4936,56600,279.4
132730,4936,56900,280.9
132740,4940,56700,280.1
132750,4936,56900,280.9
132760,4936,57700,284.8
132770,4940,56000,276.6
132780,4940,57600,284.5
132790,4936,56000,276.4
132800,4940,57500,284.1
132810,4936,56000,276.4
132820,4936,57600,284.3
132830,4872,154900,754.7
132840,4936,57600,284.3
132850,4936,56000,276.4
132860,4940,57500,284.1
132870,4936,55900,275.9
132880,4940,57600,284.5
132890,4936,56600,279.4
132900,4940,56900,281.1
132910,4940,56600,279.6
132920,4936,56900,280.9
132930,4936,57100,281.8
132940,4936,56700,279.9
132950,4940,57600,284.5
132960,4940,55900,276.1
132970,4940,57600,284.5
132980,4936,56000,276.4
132990,4940,57600,284.5
133000,4936,56000,276.4
133010,4940,57600,284.5
133020,4940,56000,276.6
133030,4940,57600,284.5
133040,4936,56000,276.4
133050,4940,57600,284.5
133060,4936,56700,279.9
133070,4936,56900,280.9
133080,4936,56600,279.4
133090,4936,56900,280.9
133100,4940,56600,279.6
133110,4940,56900,281.1
133120,4940,57600,284.5
133130,4936,56000,276.4
133140,4936,57600,284.3
133150,4936,55900,275.9
133160,4940,57600,284.5
133170,4936,56000,276.4
133180,4940,57600,284.5
133190,4936,56000,276.4
133200,4940,57500,284.1
133210,4936,56000,276.4
133220,4940,57600,284.5
133230,4940,56600,279.6
133240,4940,57300,283.1
133250,4940,56700,280.1
133260,4940,56900,281.1
133270,4940,56600,279.6
133280,4804,77700,373.3
133290,4940,57500,284.1
133300,4936,56000,276.4
133310,4940,57600,284.5
133320,4936,56000,276.4
133330,4940,57700,285.0
133340,4936,56000,276.4
133350,4940,57500,284.1
133360,4936,55900,275.9
133370,4940,57500,284.1
133380,4936,56000,276.4
133390,4824,196200,946.5
133400,4936,56000,276.4
133410,4940,57600,284.5
133420,4940,56600,279.6
133430,4936,56900,280.9
133440,4940,56600,279.6
133450,4940,56900,281.1
133460,4936,57600,284.3
133470,4940,56000,276.6
133480,4940,57500,284.1
133490,4908,157900,775.0
133500,4940,57500,284.1
133510,4936,56000,276.4
133520,4940,57600,284.5
133530,4936,56100,276.9
133540,4940,57600,284.5
133550,4936,56000,276.4
133560,4940,57600,284.5
133570,4936,55900,275.9
133580,4940,57600,284.5
133590,4936,56700,279.9
133600,4824,213200,1028.5
133610,4936,56700,279.9
133621,4936,56900,280.9
133630,4936,57000,281.4
133640,4940,56900,281.1
133650,4940,57500,284.1
133660,4936,56100,276.9
133670,4940,57600,284.5
133680,4940,56000,276.6
133690,4940,57600,284.5
133700,4884,156100,762.4
133710,4936,57600,284.3
133720,4936,56000,276.4
133730,4940,57700,285.0
133740,4936,56000,276.4
133750,4940,57600,284.5
133760,4936,56700,279.9
133770,4940,56800,280.6
133780,4940,56600,279.6
133790,4940,57000,281.6
133800,4940,56600,279.6
133810,4816,142100,684.4
133820,4940,57600,284.5
133830,4936,56000,276.4
133840,4940,57600,284.5
133850,4936,56000,276.4
133860,4940,57600,284.5
133870,4936,56000,276.4
133880,4940,57600,284.5
133890,4940,56100,277.1
133900,4940,57500,284.1
133910,4936,56000,276.4
133920,4820,208800,1006.4
133930,4936,56100,276.9
133940,4940,57600,284.5
133950,4940,56600,279.6
133960,4940,57000,281.6
133970,4936,56600,279.4
133980,4936,56900,280.9
133990,4936,57600,284.3
134000,4936,55900,275.9
134010,4940,57500,284.1
134020,4908,157000,770.6
134030,4940,57600,284.5
134040,4936,56000,276.4
134050,4940,57500,284.1
134060,4936,56000,276.4
134070,4940,57500,284.1
134080,4936,56000,276.4
134090,4940,57600,284.5
134100,4936,56000,276.4
134110,4940,57600,284.5
134120,4940,59600,294.4
134130,4940,57000,281.6
134140,4936,56600,279.4
134150,4936,56900,280.9
134160,4940,57500,284.1
134170,4940,56400,278.6
134180,4940,57500,284.1
134190,4936,56000,276.4
134200,4940,57600,284.5
134210,4936,56000,276.4
134220,4940,57500,284.1
134230,4936,58800,290.2
134240,4940,57600,284.5
134250,4936,56000,276.4
134260,4940,57600,284.5
134270,4936,55900,275.9
134280,4940,57600,284.5
134290,4936,56600,279.4
134300,4940,56900,281.1
134310,4936,56600,279.4
134320,4940,56900,281.1
134330,4936,56700,279.9
134340,4924,150400,740.6
134350,4940,57600,284.5
134360,4936,56000,276.4
134370,4940,57600,284.5
134380,4936,56000,276.4
134390,4940,57600,284.5
134400,4936,56000,276.4
134410,4940,57700,285.0
134420,4940,56000,276.6
134430,4940,57700,285.0
134440,4936,58900,290.7
134450,4936,57600,284.3
134460,4936,56600,279.4
134470,4940,57300,283.1
134480,4940,56700,280.1
134490,4940,57000,281.6
134500,4936,56700,279.9
134510,4940,57000,281.6
134520,4940,57600,284.5
134530,4936,56000,276.4
134540,4940,57600,284.5
134550,4908,158200,776.4
134560,4940,57600,284.5
134570,4936,56000,276.4
134580,4940,57600,284.5
134590,4936,56100,276.9
134600,4940,57600,284.5
134610,4936,56000,276.4
134620,4940,57600,284.5
134630,4936,56000,276.4
134640,4940,57700,285.0
134650,4940,56600,279.6
134660,4816,199400,960.3
134670,4936,56700,279.9
134680,4940,57000,281.6
134690,4936,57700,284.8
134700,4936,56000,276.4
134710,4940,57600,284.5
134720,4936,56000,276.4
134730,4940,57600,284.5
134740,4936,56000,276.4
134750,4940,57600,284.5
134760,4936,56000,276.4
134770,4832,135200,653.3
134780,4936,56000,276.4
134790,4940,57600,284.5
134800,4936,56000,276.4
134810,4940,57600,284.5
134820,4936,56700,279.9
134830,4936,57000,281.4
134840,4940,56600,279.6
134850,4936,56900,280.9
134860,4940,57100,282.1
134870,4940,57100,282.1
134880,4940,57600,284.5
134890,4936,56000,276.4
134900,4940,57600,284.5
134910,4936,56100,276.9
134920,4940,57500,284.1
134930,4936,56000,276.4
134940,4940,57500,284.1
134950,4936,56000,276.4
134960,4940,57600,284.5
134970,4936,56000,276.4
134980,4820,134200,646.8
134990,4936,56700,279.9
135000,4940,57000,281.6
135010,4940,56700,280.1
135020,4940,57000,281.6
135030,4940,56700,280.1
135040,4940,56900,281.1
135050,4940,57600,284.5
135060,4936,55900,275.9
135070,4940,57500,284.1
135080,4936,56000,276.4
135090,4940,123700,611.1
135100,4936,56000,276.4
135110,4940,57600,284.5
135120,4940,56000,276.6
135130,4940,57600,284.5
135140,4936,56100,276.9
135150,4940,57500,284.1
135160,4936,56200,277.4
135170,4940,57600,284.5
135180,4936,56600,279.4
135190,4936,143500,708.3
135200,4940,56700,280.1
135210,4936,57000,281.4
135220,4940,57600,284.5
135230,4936,55900,275.9
135240,4940,57600,284.5
135250,4936,56000,276.4
135261,4940,57700,285.0
135270,4936,56000,276.4
135280,4940,57600,284.5
135290,4936,56000,276.4
135300,4816,146600,706.0
135310,4936,56000,276.4
135320,4940,57600,284.5
135330,4936,56100,276.9
135340,4940,57600,284.5
135350,4940,56700,280.1
135360,4936,57000,281.4
135370,4940,56700,280.1
135380,4940,56900,281.1
135390,4940,57400,283.6
135400,4924,153700,756.8
135410,4940,57700,285.0
135420,4936,56000,276.4
135430,4940,57600,284.5
135440,4936,56100,276.9
135450,4940,57600,284.5
135460,4936,56000,276.4
135470,4940,57600,284.5
135480,4936,56000,276.4
135490,4940,57600,284.5
135500,4936,56000,276.4
135510,4816,142700,687.2
135520,4940,56600,279.6
135530,4940,56900,281.1
135540,4936,56700,279.9
135550,4940,57000,281.6
135560,4940,56700,280.1
135570,4940,57000,281.6
135580,4940,57700,285.0
135590,4936,56000,276.4
135600,4940,57600,284.5
135610,4936,56000,276.4
135620,4832,207400,1002.2
135630,4936,56100,276.9
135640,4936,57600,284.3
135650,4936,56000,276.4
135660,4940,57600,284.5
135670,4936,56000,276.4
135680,4940,57600,284.5
135690,4936,56600,279.4
135700,4940,57200,282.6
135710,4940,56600,279.6
135720,4816,141800,682.9
135730,4940,56600,279.6
135740,4936,57000,281.4
135750,4940,57500,284.1
135760,4936,56100,276.9
135770,4940,57600,284.5
135780,4936,55900,275.9
135790,4940,57700,285.0
135800,4936,55900,275.9
135810,4936,57600,284.3
135820,4936,56000,276.4
135830,4820,145600,701.8
135840,4936,56000,276.4
135850,4940,57600,284.5
135860,4936,56100,276.9
135870,4940,57600,284.5
135880,4940,56600,279.6
135890,4936,57000,281.4
135900,4940,56600,279.6
135910,4936,57000,281.4
135920,4936,57600,284.3
135930,4940,56000,276.6
135940,4792,179100,858.2
135950,4936,56000,276.4
135960,4940,57700,285.0
135970,4936,56000,276.4
135980,4940,57600,284.5
135990,4936,56000,276.4
136000,4940,57600,284.5
136010,4936,56000,276.4
136020,4940,57600,284.5
136030,4936,56000,276.4
136040,4816,208700,1005.1
136050,4936,56600,279.4
136060,4940,57000,281.6
136070,4936,56700,279.9
136080,4936,56900,280.9
136090,4936,57100,281.8
136100,4940,56800,280.6
136110,4940,57600,284.5
136120,4936,56000,276.4
136130,4940,57600,284.5
136140,4936,56000,276.4
136150,4720,129500,611.2
136160,4936,56000,276.4
136170,4940,57700,285.0
136180,4940,56000,276.6
136190,4940,57600,284.5
136200,4936,55900,275.9
136210,4940,57700,285.0
136220,4940,56600,279.6
136230,4940,56900,281.1
136240,4940,56700,280.1
136250,4820,214500,1033.9
136260,4936,56700,279.9
136270,4940,57000,281.6
136280,4936,57700,284.8
136290,4936,56000,276.4
136300,4940,57600,284.5
136310,4936,56000,276.4
136320,4940,57600,284.5
136330,4936,56000,276.4
136340,4940,57700,285.0
136350,4716,133100,627.7
136360,4940,57600,284.5
136370,4936,56000,276.4
136380,4940,57500,284.1
136390,4936,56100,276.9
136400,4940,57600,284.5
136410,4936,56700,279.9
136420,4940,57000,281.6
136430,4936,56700,279.9
136440,4940,57000,281.6
136450,4804,144100,692.3
136460,4936,56000,276.4
136470,4940,57600,284.5
136480,4936,56000,276.4
136490,4936,57600,284.3
136500,4936,55900,275.9
136510,4940,57600,284.5
136520,4936,56000,276.4
136530,4940,57600,284.5
136540,4936,56000,276.4
136550,4940,57600,284.5
136560,4756,154600,735.3
136570,4940,57600,284.5
136580,4936,56700,279.9
136590,4940,56900,281.1
136600,4936,56600,279.4
136610,4940,56900,281.1
136620,4936,57500,283.8
136630,4936,56300,277.9
136640,4940,57600,284.5
136650,4936,56000,276.4
136660,4940,57600,284.5
136670,4836,56000,270.8
136680,4940,57700,285.0
136690,4936,56000,276.4
136700,4940,57500,284.1
136710,4936,56000,276.4
136720,4940,57600,284.5
136730,4936,56100,276.9
136740,4940,57600,284.5
136750,4936,56600,279.4
136760,4940,57000,281.6
136770,4708,133100,626.6
136780,4940,56900,281.1
136790,4936,56800,280.4
136800,4936,56900,280.9
136810,4940,57600,284.5
136820,4936,56000,276.4
136830,4940,57500,284.1
136840,4936,56000,276.4
136850,4940,57500,284.1
136860,4936,56000,276.4
136870,4804,143300,688.4
136880,4940,56000,276.6
136891,4940,57600,284.5
136900,4936,56000,276.4
136910,4936,57600,284.3
136920,4936,56600,279.4
136930,4940,57300,283.1
136940,4936,56700,279.9
136950,4936,57000,281.4
136960,4936,56700,279.9
136970,4936,56900,280.9
136980,4716,139900,659.8
136990,4936,56000,276.4
137000,4940,57500,284.1
137010,4936,56000,276.4
137020,4940,57600,284.5
137030,4936,56000,276.4
137040,4940,57600,284.5
137050,4936,56000,276.4
137060,4940,57600,284.5
137070,4936,56000,276.4
137080,4812,143400,690.0
137090,4936,56000,276.4
137100,4940,57600,284.5
137110,4936,56700,279.9
137120,4940,57000,281.6
137130,4936,56700,279.9
137140,4936,57000,281.4
137150,4936,57600,284.3
137160,4936,56000,276.4
137170,4940,57600,284.5
137180,4936,56000,276.4
137190,4816,142900,688.2
137200,4940,56000,276.6
137210,4940,57600,284.5
137220,4936,56000,276.4
137230,4940,57600,284.5
137240,4936,56000,276.4
137250,4940,57600,284.5
137260,4936,56000,276.4
137270,4940,57600,284.5
137280,4936,56600,279.4
137290,4940,57000,281.6
137300,4924,56700,279.2
137310,4940,57000,281.6
137320,4936,57100,281.8
137330,4936,56800,280.4
137340,4940,57700,285.0
137350,4936,56000,276.4
137360,4940,57600,284.5
137370,4936,56000,276.4
137380,4940,57600,284.5
137390,4936,56000,276.4
137400,4816,211000,1016.2
137410,4936,56100,276.9
137420,4940,57600,284.5
137430,4936,56000,276.4
137440,4940,57600,284.5
137450,4936,56700,279.9
137460,4936,57000,281.4
137470,4936,56700,279.9
137480,4936,57000,281.4
137490,4936,56700,279.9
137500,4812,142200,684.3
137510,4940,57600,284.5
137520,4936,56000,276.4
137530,4940,57600,284.5
137540,4936,56100,276.9
137550,4940,57600,284.5
137560,4936,56000,276.4
137570,4940,57600,284.5
137580,4936,56000,276.4
137590,4940,57600,284.5
137600,4936,58900,290.7
137610,4940,57600,284.5
137620,4936,56100,276.9
137630,4940,57600,284.5
137640,4936,56700,279.9
137650,4940,57000,281.6
137660,4940,56700,280.1
137670,4936,56900,280.9
137680,4940,57500,284.1
137690,4936,56000,276.4
137700,4940,57600,284.5
137710,4816,140200,675.2
137720,4940,57600,284.5
137730,4936,56000,276.4
137740,4940,57700,285.0
137750,4936,56000,276.4
137760,4940,57600,284.5
137770,4936,56100,276.9
137780,4940,57600,284.5
137790,4940,56000,276.6
137800,4940,57600,284.5
137810,4936,56700,279.9
137820,4820,131600,634.3
137830,4936,56700,279.9
137840,4940,57000,281.6
137850,4940,57400,283.6
137860,4936,56500,278.9
137870,4940,57600,284.5
137880,4936,56000,276.4
137890,4940,57700,285.0
137900,4936,56000,276.4
137910,4940,57700,285.0
137920,4936,55900,275.9
137930,4700,115900,544.7
137940,4936,56000,276.4
137950,4940,57500,284.1
137960,4936,56000,276.4
137970,4940,57600,284.5
137980,4936,56700,279.9
137990,4940,56900,281.1
138000,4936,56600,279.4
138010,4940,57000,281.6
138020,4936,56700,279.9
138030,4932,147300,726.5
138040,4940,57600,284.5
138050,4936,56000,276.4
138060,4940,57600,284.5
138070,4936,56000,276.4
138080,4940,57500,284.1
138090,4936,56000,276.4
138100,4940,57600,284.5
138110,4936,56000,276.4
138120,4940,57600,284.5
138130,4936,56000,276.4
138140,4816,205600,990.2
138150,4936,56500,278.9
138160,4940,57400,283.6
138170,4936,56600,279.4
138180,4936,57000,281.4
138190,4940,56600,279.6
138200,4936,56900,280.9
138210,4936,57500,283.8
138220,4936,56000,276.4
138230,4940,57600,284.5
138240,4936,56100,276.9
138250,4712,136100,641.3
138260,4936,56100,276.9
138270,4940,57700,285.0
138280,4936,56100,276.9
138290,4940,57600,284.5
138300,4936,56000,276.4
138310,4940,57700,285.0
138320,4936,56000,276.4
138330,4940,57600,284.5
138340,4936,56700,279.9
138350,4936,130700,645.1
138360,4936,56700,279.9
138370,4936,57000,281.4
138380,4940,57700,285.0
138390,4936,56100,276.9
138400,4940,57600,284.5
138410,4936,56000,276.4
138420,4936,57600,284.3
138430,4936,56000,276.4
138440,4940,57600,284.5
138450,4936,56000,276.4
138460,4824,135300,652.7
138470,4936,56100,276.9
138480,4940,57600,284.5
138490,4936,56100,276.9
138500,4940,57600,284.5
138510,4936,56700,279.9
138521,4940,57000,281.6
138530,4936,56600,279.4
138540,4940,57000,281.6
138550,4936,57000,281.4
138560,4824,156800,756.4
138570,4940,57600,284.5
138580,4936,56000,276.4
138590,4936,57600,284.3
138600,4936,56000,276.4
138610,4940,57600,284.5
138620,4936,56000,276.4
138630,4940,57600,284.5
138640,4936,56000,276.4
138650,4936,57600,284.3
138660,4808,140800,677.0
138670,4940,57600,284.5
138680,4940,56700,280.1
138690,4940,57100,282.1
138700,4940,56700,280.1
138710,4940,57000,281.6
138720,4940,56700,280.1
138730,4940,56900,281.1
138740,4940,57600,284.5
138750,4936,56000,276.4
138760,4940,57700,285.0
138770,4820,190800,919.7
138780,4940,57600,284.5
138790,4936,56100,276.9
138800,4940,57600,284.5
138810,4936,56000,276.4
138820,4940,57600,284.5
138830,4936,55900,275.9
138840,4940,57600,284.5
138850,4936,56100,276.9
138860,4940,57600,284.5
138870,4936,56600,279.4
138880,4800,203200,975.4
138890,4936,56700,279.9
138900,4936,56900,280.9
138910,4940,57600,284.5
138920,4936,56000,276.4
138930,4940,57600,284.5
138940,4936,56100,276.9
138950,4940,57600,284.5
138960,4936,56000,276.4
138970,4940,57600,284.5
138980,4812,142400,685.2
138990,4940,57600,284.5
139000,4936,56000,276.4
139010,4940,57500,284.1
139020,4936,56100,276.9
139030,4940,57600,284.5
139040,4936,56700,279.9
139050,4940,57000,281.6
139060,4940,56600,279.6
139070,4940,56900,281.1
139080,4936,57400,283.3
139090,4828,155600,751.2
139100,4940,57500,284.1
139110,4936,56100,276.9
139120,4940,57500,284.1
139130,4936,56000,276.4
139140,4940,57700,285.0
139150,4936,56000,276.4
139160,4940,57600,284.5
139170,4936,56000,276.4
139180,4940,57600,284.5
139190,4936,58900,290.7
139200,4940,57500,284.1
139210,4936,56700,279.9
139220,4940,56900,281.1
139230,4936,56600,279.4
139240,4940,57000,281.6
139250,4936,56700,279.9
139260,4940,56900,281.1
139270,4940,57600,284.5
139280,4936,56000,276.4
139290,4940,57600,284.5
139300,4820,189600,913.9
139310,4940,57600,284.5
139320,4936,56000,276.4
139330,4936,57600,284.3
139340,4936,56100,276.9
139350,4940,57500,284.1
139360,4936,56000,276.4
139370,4936,57600,284.3
139380,4936,56400,278.4
139390,4940,57500,284.1
139400,4816,142800,687.7
139410,4936,57000,281.4
139420,4936,56700,279.9
139430,4936,57000,281.4
139440,4940,57700,285.0
139450,4936,56000,276.4
139460,4940,57600,284.5
139470,4936,56000,276.4
139480,4940,57600,284.5
139490,4940,56000,276.6
139500,4940,57600,284.5
139510,4832,208300,1006.5
139520,4936,57600,284.3
139530,4936,56000,276.4
139540,4940,57600,284.5
139550,4936,55900,275.9
139560,4936,57600,284.3
139570,4940,56600,279.6
139580,4936,57000,281.4
139590,4936,56700,279.9
139600,4936,57000,281.4
139610,4936,57600,284.3
139620,4820,157900,761.1
139630,4940,57700,285.0
139640,4936,56100,276.9
139650,4940,57600,284.5
139660,4936,56100,276.9
139670,4940,57600,284.5
139680,4936,56000,276.4
139690,4936,57600,284.3
139700,4936,56000,276.4
139710,4940,57600,284.5
139720,4788,178300,853.7
139730,4940,57600,284.5
139740,4936,56700,279.9
139750,4940,57000,281.6
139760,4936,56600,279.4
139770,4936,56900,280.9
139780,4940,56900,281.1
139790,4936,56900,280.9
139800,4940,57100,282.1
139810,4936,56000,276.4
139820,4936,57500,283.8
139830,4816,56000,269.7
139840,4940,57700,285.0
139850,4936,56000,276.4
139860,4940,57600,284.5
139870,4936,56000,276.4
139880,4940,57600,284.5
139890,4936,56000,276.4
139900,4940,57600,284.5
139910,4936,56700,279.9
139920,4940,57000,281.6
139930,4716,133800,631.0
139940,4936,57000,281.4
139950,4940,56700,280.1
139960,4936,57000,281.4
139970,4940,57600,284.5
139980,4936,56000,276.4
139990,4940,57600,284.5
140000,4936,56000,276.4
140010,4940,57600,284.5
140020,4936,56000,276.4
140030,4940,57600,284.5
140040,4936,56000,276.4
140050,4940,57600,284.5
140060,4936,56000,276.4
140070,4940,57600,284.5
140080,4936,56000,276.4
140090,4940,57600,284.5
140100,4940,56600,279.6
140110,4936,56900,280.9
140120,4936,56700,279.9
140130,4940,57000,281.6
140140,4708,133600,629.0
140151,4936,56000,276.4
140160,4940,57500,284.1
140170,4936,56000,276.4
140180,4940,57600,284.5
140190,4936,56000,276.4
140200,4940,57600,284.5
140210,4936,56100,276.9
140220,4940,57600,284.5
140230,4936,56000,276.4
140240,4936,95200,469.9
140250,4936,56100,276.9
140260,4940,57600,284.5
140270,4936,56800,280.4
140280,4940,57000,281.6
140290,4940,56700,280.1
140300,4936,57000,281.4
140310,4936,57300,282.8
140320,4940,56600,279.6
140330,4940,57500,284.1
140340,4936,56000,276.4
140350,4720,136700,645.2
140360,4936,56100,276.9
140370,4940,57600,284.5
140380,4936,56000,276.4
140390,4940,57600,284.5
140400,4936,56000,276.4
140410,4940,57700,285.0
140420,4936,56000,276.4
140430,4940,57600,284.5
140440,4936,56700,279.9
140450,4824,182600,880.9
140460,4940,56700,280.1
140470,4940,57000,281.6
140480,4936,56700,279.9
140490,4940,57000,281.6
140500,4940,56700,280.1
140510,4936,56000,276.4
140520,4940,57600,284.5
140530,4936,56000,276.4
140540,4940,57600,284.5
140550,4936,56000,276.4
140560,4796,135100,647.9
140570,4936,56000,276.4
140580,4940,57600,284.5
140590,4936,56100,276.9
140600,4940,57700,285.0
140610,4936,56400,278.4
140620,4940,57500,284.1
140630,4936,56700,279.9
140640,4936,57000,281.4
140650,4936,56700,279.9
140660,4816,139800,673.3
140670,4940,57500,284.1
140680,4936,56000,276.4
140690,4940,57600,284.5
140700,4940,56000,276.6
140710,4940,57600,284.5
140720,4936,56000,276.4
140730,4940,57500,284.1
140740,4936,56000,276.4
140750,4940,57600,284.5
140760,4936,56000,276.4
140770,4824,153000,738.1
140780,4936,55900,275.9
140790,4940,57600,284.5
140800,4940,56700,280.1
140810,4936,56900,280.9
140820,4936,56700,279.9
140830,4940,57000,281.6
140840,4936,57600,284.3
140850,4940,56100,277.1
140860,4940,57700,285.0
140870,4812,140200,674.6
140880,4940,57600,284.5
140890,4936,56000,276.4
140900,4940,57600,284.5
140910,4936,56000,276.4
140920,4940,57600,284.5
140930,4936,56000,276.4
140940,4940,57600,284.5
140950,4940,56000,276.6
140960,4940,57600,284.5
140970,4936,56600,279.4
140980,4816,204000,982.5
140990,4936,56700,279.9
141000,4940,57000,281.6
141010,4936,56900,280.9
141020,4936,57000,281.4
141030,4940,57100,282.1
141040,4936,56000,276.4
141050,4940,57500,284.1
141060,4936,56000,276.4
141070,4940,57600,284.5
141080,4744,147900,701.6
141090,4940,57700,285.0
141100,4936,56000,276.4
141110,4940,57600,284.5
141120,4936,56000,276.4
141130,4940,57600,284.5
141140,4936,56700,279.9
141150,4940,57100,282.1
141160,4940,56700,280.1
141170,4936,56900,280.9
141180,4816,141900,683.4
141190,4940,57000,281.6
141200,4940,57600,284.5
141210,4936,56100,276.9
141220,4940,57700,285.0
141230,4940,56000,276.6
141240,4940,57700,285.0
141250,4936,56000,276.4
141260,4940,57600,284.5
141270,4936,56000,276.4
141280,4940,57600,284.5
141290,4812,142600,686.2
141300,4940,57600,284.5
141310,4936,56000,276.4
141320,4940,57600,284.5
141330,4936,56600,279.4
141340,4936,57000,281.4
141350,4936,56700,279.9
141360,4940,56900,281.1
141370,4940,57600,284.5
141380,4940,55900,276.1
141390,4940,57700,285.0
141400,4936,56000,276.4
141410,4940,57600,284.5
141420,4936,56100,276.9
141430,4940,57600,284.5
141440,4936,56100,276.9
141450,4940,57600,284.5
141460,4936,56000,276.4
141470,4940,57600,284.5
141480,4940,56000,276.6
141490,4940,57600,284.5
141500,4768,165800,790.5
141510,4940,57000,281.6
141520,4940,56700,280.1
141530,4940,56900,281.1
141540,4940,57300,283.1
141550,4940,56600,279.6
141560,4940,57400,283.6
141570,4936,56100,276.9
141580,4936,57600,284.3
141590,4940,55900,276.1
141600,4940,57600,284.5
141610,4824,56100,270.6
141620,4940,57600,284.5
141630,4936,56000,276.4
141640,4940,57600,284.5
141650,4936,55900,275.9
141660,4940,57600,284.5
141670,4936,56700,279.9
141680,4940,56800,280.6
141690,4940,56700,280.1
141700,4940,56900,281.1
141710,4936,59600,294.2
141720,4940,57000,281.6
141730,4940,56700,280.1
141740,4936,56000,276.4
141750,4940,57600,284.5
141760,4936,56100,276.9
141770,4940,57600,284.5
141780,4936,56000,276.4
141791,4940,57600,284.5
141800,4936,56000,276.4
141810,4940,57600,284.5
141820,4816,218400,1051.8
141830,4940,57600,284.5
141840,4936,56300,277.9
141850,4936,57500,283.8
141860,4936,56700,279.9
141870,4936,57000,281.4
141880,4936,56700,279.9
141890,4936,57000,281.4
141900,4940,57600,284.5
141910,4936,56000,276.4
141920,4940,57600,284.5
141930,4808,56000,269.2
141940,4940,57700,285.0
141950,4936,56000,276.4
141960,4940,57600,284.5
141970,4936,56100,276.9
141980,4940,57600,284.5
141990,4936,56100,276.9
142000,4940,57600,284.5
142010,4936,56100,276.9
142020,4940,57600,284.5
142030,4768,166800,795.3
142040,4936,57000,281.4
142050,4936,56700,279.9
142060,4936,56900,280.9
142070,4936,57600,284.3
142080,4940,56200,277.6
142090,4940,57600,284.5
142100,4936,56000,276.4
142110,4940,57700,285.0
142120,4936,56000,276.4
142130,4820,145400,700.8
142140,4940,56000,276.6
142150,4936,57600,284.3
142160,4936,56000,276.4
142170,4940,57600,284.5
142180,4936,55900,275.9
142190,4940,57600,284.5
142200,4940,56600,279.6
142210,4940,56900,281.1
142220,4936,56700,279.9
142230,4940,56900,281.1
142240,4836,221900,1073.1
142250,4940,56900,281.1
142260,4940,57000,281.6
142270,4936,56000,276.4
142280,4940,57600,284.5
142290,4936,56000,276.4
142300,4940,57600,284.5
142310,4936,56000,276.4
142320,4940,57600,284.5
142330,4936,56000,276.4
142340,4940,57700,285.0
142350,4852,56000,271.7
142360,4940,57600,284.5
142370,4936,56600,279.4
142380,4940,57200,282.6
142390,4940,56700,280.1
142400,4940,56900,281.1
142410,4936,56700,279.9
142420,4936,56900,280.9
142430,4940,57600,284.5
142440,4936,56000,276.4
142450,4940,150700,744.5
142460,4936,56000,276.4
142470,4940,57700,285.0
142480,4936,56000,276.4
142490,4940,57600,284.5
142500,4936,56000,276.4
142510,4940,57500,284.1
142520,4936,56000,276.4
142530,4940,57600,284.5
142540,4936,56000,276.4
142550,4940,57700,285.0
142560,4884,56700,276.9
142570,4940,56900,281.1
142580,4868,62900,306.2
142590,4772,80600,384.6
142600,4940,57700,285.0
142610,4940,56100,277.1
142620,4940,57600,284.5
142630,4936,56000,276.4
142640,4940,57600,284.5
142650,4936,56000,276.4
142660,4940,57600,284.5
142670,4936,56000,276.4
142680,4940,57600,284.5
142690,4936,56100,276.9
142700,4940,57600,284.5
142710,4936,56000,276.4
142720,4940,57600,284.5
142730,4936,56600,279.4
142740,4940,57100,282.1
142750,4940,56600,279.6
142760,4940,56900,281.1
142770,4936,57300,282.8
142780,4940,56600,279.6
142790,4940,57500,284.1
142800,4936,56000,276.4
142810,4940,57500,284.1
142820,4936,56000,276.4
142830,4940,57600,284.5
142840,4936,56000,276.4
142850,4940,57600,284.5
142860,4940,56000,276.6
142870,4940,57600,284.5
142880,4936,55900,275.9
142890,4940,57600,284.5
142900,4936,56600,279.4
142910,4940,57000,281.6
142920,4936,56600,279.4
142930,4940,56900,281.1
142940,4936,56800,280.4
142950,4940,56900,281.1
142960,4940,56900,281.1
142970,4936,56000,276.4
142980,4940,57600,284.5
142990,4936,56000,276.4
143000,4940,57600,284.5
143010,4936,56000,276.4
143020,4940,57600,284.5
143030,4936,56000,276.4
143040,4940,57600,284.5
143050,4936,56000,276.4
143060,4940,57600,284.5
143070,4936,56700,279.9
143080,4940,57100,282.1
143090,4860,155100,753.8
143100,4940,56900,281.1
143110,4940,56600,279.6
143120,4940,56900,281.1
143130,4940,57700,285.0
143140,4936,56100,276.9
143150,4940,57600,284.5
143160,4936,56000,276.4
143170,4940,57600,284.5
143180,4936,55900,275.9
143190,4940,57600,284.5
143200,4936,56000,276.4
143210,4940,57600,284.5
143220,4936,55900,275.9
143230,4940,57600,284.5
143240,4936,56000,276.4
143250,4940,57500,284.1
143260,4936,56600,279.4
143270,4936,57000,281.4
143280,4940,56600,279.6
143290,4940,56900,281.1
143300,4940,57500,284.1
143310,4936,55900,275.9
143320,4940,57500,284.1
143330,4936,56000,276.4
143340,4940,57600,284.5
143350,4936,56000,276.4
143360,4940,57600,284.5
143370,4936,56000,276.4
143380,4940,57500,284.1
143390,4936,56100,276.9
143400,4940,57600,284.5
143410,4936,56000,276.4
143421,4936,57000,281.4
143430,4940,56600,279.6
143440,4936,56900,280.9
143450,4940,56600,279.6
143460,4936,56900,280.9
143470,4940,57600,284.5
143480,4940,56100,277.1
143490,4940,57600,284.5
143500,4936,56000,276.4
143510,4940,57600,284.5
143520,4936,56000,276.4
143530,4940,57600,284.5
143540,4936,56000,276.4
143550,4940,57600,284.5
143560,4936,56000,276.4
143570,4940,57600,284.5
143580,4936,55900,275.9
143590,4940,57600,284.5
143600,4936,56600,279.4
143610,4940,56900,281.1
143620,4940,56700,280.1
143630,4940,57000,281.6
143640,4940,57000,281.6
143650,4940,56800,280.6
143660,4936,57200,282.3
143670,4940,56000,276.6
143680,4940,57600,284.5
143690,4940,56000,276.6
143700,4940,57600,284.5
143710,4936,56000,276.4
143720,4940,57600,284.5
143730,4936,56000,276.4
143740,4940,57700,285.0
143750,4936,56000,276.4
143760,4940,57500,284.1
143770,4936,56700,279.9
143780,4940,56900,281.1
143790,4936,56700,279.9
143800,4940,56900,281.1
143810,4936,56700,279.9
143820,4940,56900,281.1
143830,4940,56700,280.1
143840,4936,56000,276.4
143850,4940,57500,284.1
143860,4936,56000,276.4
143870,4940,57600,284.5
143880,4936,56000,276.4
143890,4940,57600,284.5
143900,4936,56000,276.4
143910,4940,57600,284.5
143920,4936,56000,276.4
143930,4940,57500,284.1
143940,4936,56500,278.9
143950,4940,57400,283.6
143960,4936,56700,279.9
143970,4940,57000,281.6
143980,4936,56600,279.4
143990,4940,56900,281.1
144000,4940,56600,279.6
144010,4936,56000,276.4
144020,4940,57500,284.1
144030,4936,56000,276.4
144040,4940,57600,284.5
144050,4936,56000,276.4
144060,4940,57600,284.5
144070,4936,56000,276.4
144080,4940,57500,284.1
144090,4936,56000,276.4
144100,4812,211600,1018.2
144110,4936,56000,276.4
144120,4940,57600,284.5
144130,4940,56600,279.6
144140,4940,57000,281.6
144150,4936,56600,279.4
144160,4940,56900,281.1
144170,4940,57600,284.5
144180,4936,56000,276.4
144190,4940,57600,284.5
144200,4936,56000,276.4
144210,4940,57600,284.5
144220,4936,56000,276.4
144230,4940,57500,284.1
144240,4936,56000,276.4
144250,4940,57600,284.5
144260,4936,56000,276.4
144270,4940,57500,284.1
144280,4936,56000,276.4
144290,4940,57700,285.0
144300,4940,56600,279.6
144310,4940,57000,281.6
144320,4936,56700,279.9
144330,4940,57000,281.6
144340,4940,57400,283.6
144350,4940,56500,279.1
144360,4940,57500,284.1
144370,4936,56000,276.4
144380,4940,57600,284.5
144390,4936,56000,276.4
144400,4940,57500,284.1
144410,4936,56000,276.4
144420,4940,57600,284.5
144430,4936,56000,276.4
144440,4940,57500,284.1
144450,4936,56000,276.4
144460,4940,57600,284.5
144470,4936,56600,279.4
144480,4940,56800,280.6
144490,4936,56600,279.4
144500,4940,56900,281.1
144510,4936,56800,280.4
144520,4936,56900,280.9
144530,4940,56900,281.1
144540,4936,56000,276.4
144550,4940,57600,284.5
144560,4940,56000,276.6
144570,4940,57600,284.5
144580,4936,55900,275.9
144590,4940,57600,284.5
144600,4908,157900,775.0
144610,4940,57600,284.5
144620,4940,56100,277.1
144630,4940,57600,284.5
144640,4936,56600,279.4
144650,4940,57100,282.1
144660,4936,56600,279.4
144670,4936,56900,280.9
144680,4940,56600,279.6
144690,4940,56900,281.1
144700,4940,56600,279.6
144710,4936,56000,276.4
144720,4940,57600,284.5
144730,4936,56000,276.4
144740,4940,57600,284.5
144750,4936,56000,276.4
144760,4940,57600,284.5
144770,4936,56000,276.4
144780,4940,57600,284.5
144790,4936,56100,276.9
144800,4940,57600,284.5
144810,4936,56100,276.9
144820,4940,57600,284.5
144830,4936,56600,279.4
144840,4940,57000,281.6
144850,4940,56600,279.6
144860,4940,57000,281.6
144870,4940,57600,284.5
144880,4936,56000,276.4
144890,4940,57500,284.1
144900,4936,56000,276.4
144910,4940,57600,284.5
144920,4936,56000,276.4
144930,4940,57500,284.1
144940,4936,56000,276.4
144950,4940,57500,284.1
144960,4936,56000,276.4
144970,4940,57600,284.5
144980,4936,56000,276.4
144990,4940,57600,284.5
145000,4940,56600,279.6
145010,4936,57000,281.4
145020,4940,56600,279.6
145030,4936,56900,280.9
145040,4936,57600,284.3
145050,4940,56100,277.1
145061,4940,57600,284.5
145070,4940,56000,276.6
145080,4940,75600,373.5
145090,4936,56100,276.9
145100,4940,57600,284.5
145110,4936,56000,276.4
145120,4940,57600,284.5
145130,4936,55900,275.9
145140,4940,57600,284.5
145150,4936,56000,276.4
145160,4940,57600,284.5
145170,4936,56700,279.9
145180,4940,56900,281.1
145190,4816,145700,701.7
145200,4940,56900,281.1
145210,4940,56900,281.1
145220,4940,56900,281.1
145230,4940,57100,282.1
145240,4940,56000,276.6
145250,4940,57600,284.5
145260,4936,56000,276.4
145270,4940,57600,284.5
145280,4936,55900,275.9
145290,4940,57600,284.5
145300,4816,163700,788.4
145310,4940,57600,284.5
145320,4936,56000,276.4
145330,4940,57600,284.5
145340,4936,56700,279.9
145350,4936,57100,281.8
145360,4940,56700,280.1
145370,4940,57000,281.6
145380,4936,56600,279.4
145390,4940,57000,281.6
145400,4940,56600,279.6
145410,4768,182200,868.7
145420,4936,57600,284.3
145430,4936,56000,276.4
145440,4940,57500,284.1
145450,4936,55900,275.9
145460,4940,57700,285.0
145470,4936,56000,276.4
145480,4940,57600,284.5
145490,4936,56000,276.4
145500,4940,57600,284.5
145510,4708,131900,621.0
145520,4940,57700,285.0
145530,4936,56600,279.4
145540,4940,56900,281.1
145550,4940,56600,279.6
145560,4936,56900,280.9
145570,4940,57600,284.5
145580,4940,55900,276.1
145590,4940,57600,284.5
145600,4936,56000,276.4
145610,4940,60000,296.4
145620,4936,56000,276.4
145630,4940,57600,284.5
145640,4936,56000,276.4
145650,4940,57600,284.5
145660,4940,56000,276.6
145670,4940,57600,284.5
145680,4936,56000,276.4
145690,4940,57600,284.5
145700,4936,56600,279.4
145710,4940,56900,281.1
145720,4804,141800,681.2
145730,4940,56900,281.1
145740,4936,57300,282.8
145750,4940,56600,279.6
145760,4940,57500,284.1
145770,4936,56000,276.4
145780,4940,57500,284.1
145790,4936,56000,276.4
145800,4940,57500,284.1
145810,4936,56000,276.4
145820,4940,57600,284.5
145830,4832,133500,645.1
145840,4940,57600,284.5
145850,4936,56000,276.4
145860,4940,57600,284.5
145870,4936,56700,279.9
145880,4940,56900,281.1
145890,4936,56700,279.9
145900,4940,56900,281.1
145910,4936,56700,279.9
145920,4940,56900,281.1
145930,4940,56800,280.6
145940,4936,55900,275.9
145950,4940,57500,284.1
145960,4936,56000,276.4
145970,4940,57600,284.5
145980,4936,56000,276.4
145990,4940,57600,284.5
146000,4936,56000,276.4
146010,4940,57600,284.5
146020,4936,56000,276.4
146030,4940,57600,284.5
146040,4812,145200,698.7
146050,4940,57500,284.1
146060,4936,56700,279.9
146070,4936,57000,281.4
146080,4936,56600,279.4
146090,4936,57000,281.4
146100,4940,56700,280.1
146110,4936,56000,276.4
146120,4940,57500,284.1
146130,4936,55900,275.9
146140,4940,57600,284.5
146150,4708,138200,650.6
146160,4940,57600,284.5
146170,4936,56000,276.4
146180,4940,57600,284.5
146190,4940,56000,276.6
146200,4940,57600,284.5
146210,4936,56100,276.9
146220,4940,57600,284.5
146230,4936,56600,279.4
146240,4936,56900,280.9
146250,4804,141700,680.7
146260,4940,57000,281.6
146270,4940,57600,284.5
146280,4940,56200,277.6
146290,4940,57600,284.5
146300,4936,56000,276.4
146310,4940,57600,284.5
146320,4936,56000,276.4
146330,4940,57600,284.5
146340,4936,56000,276.4
146350,4940,57600,284.5
146360,4936,56000,276.4
146370,4940,57700,285.0
146380,4936,56000,276.4
146390,4940,57600,284.5
146400,4936,56600,279.4
146410,4936,57000,281.4
146420,4940,56600,279.6
146430,4936,56900,280.9
146440,4936,56900,280.9
146450,4940,56800,280.6
146460,4940,57200,282.6
146470,4936,56000,276.4
146480,4940,57600,284.5
146490,4936,56100,276.9
146500,4940,57500,284.1
146510,4936,55900,275.9
146520,4940,57600,284.5
146530,4936,56000,276.4
146540,4940,57600,284.5
146550,4936,56000,276.4
146560,4936,57600,284.3
146570,4800,140700,675.4
146580,4940,57100,282.1
146590,4936,56700,279.9
146600,4940,57000,281.6
146610,4936,56600,279.4
146620,4936,56900,280.9
146630,4940,56700,280.1
146640,4936,56000,276.4
146650,4940,57600,284.5
146660,4936,55900,275.9
146670,4916,154700,760.5
146680,4936,56000,276.4
146694,4936,57000,281.4
146700,4936,56000,276.4
146710,4940,57600,284.5
146720,4936,56000,276.4
146730,4940,57600,284.5
146740,4936,56100,276.9
146750,4940,57600,284.5
146760,4936,56600,279.4
146770,4936,57000,281.4
146780,4824,147300,710.6
146790,4936,57000,281.4
146800,4936,56600,279.4
146810,4936,55900,275.9
146820,4936,57500,283.8
146830,4936,55900,275.9
146840,4940,57600,284.5
146850,4936,56000,276.4
146860,4940,57600,284.5
146870,4936,56000,276.4
146880,4940,57600,284.5
146890,4936,56000,276.4
146900,4940,57600,284.5
146910,4936,56000,276.4
146920,4940,57600,284.5
146930,4940,56700,280.1
146940,4936,57000,281.4
146950,4936,56700,279.9
146960,4940,56900,281.1
146970,4940,57500,284.1
146980,4940,56300,278.1
146990,4824,212400,1024.6
147000,4936,56100,276.9
147010,4940,57700,285.0
147020,4936,56000,276.4
147030,4940,57600,284.5
147040,4936,56100,276.9
147050,4940,57600,284.5
147060,4936,56000,276.4
147070,4940,57600,284.5
147080,4936,56000,276.4
147090,4940,57600,284.5
147100,4784,134500,643.4
147110,4940,56900,281.1
147120,4936,56700,279.9
147130,4936,57000,281.4
147140,4936,56800,280.4
147150,4940,56900,281.1
147160,4940,56800,280.6
147170,4936,56000,276.4
147180,4940,57600,284.5
147190,4936,56000,276.4
147200,4812,143800,692.0
147210,4936,56000,276.4
147220,4940,57700,285.0
147230,4936,56000,276.4
147240,4940,57700,285.0
147250,4936,56000,276.4
147260,4940,57600,284.5
147270,4936,56600,279.4
147280,4940,57300,283.1
147290,4936,56700,279.9
147300,4940,56900,281.1
147310,4832,134300,648.9
147320,4936,57000,281.4
147330,4940,56700,280.1
147340,4936,56100,276.9
147350,4940,57600,284.5
147360,4936,56000,276.4
147370,4940,57600,284.5
147380,4936,56000,276.4
147390,4940,57600,284.5
147400,4936,56000,276.4
147410,4940,57600,284.5
147420,4736,136400,646.0
147430,4940,57600,284.5
147440,4936,56100,276.9
147450,4940,57600,284.5
147460,4940,56600,279.6
147470,4940,57000,281.6
147480,4936,56600,279.4
147490,4940,56900,281.1
147500,4940,56700,280.1
147510,4936,56000,276.4
147520,4936,57600,284.3
147530,4936,56000,276.4
147540,4940,57600,284.5
147550,4936,56000,276.4
147560,4940,57600,284.5
147570,4936,56100,276.9
147580,4940,57600,284.5
147590,4936,56100,276.9
147600,4940,57600,284.5
147610,4936,56000,276.4
147620,4940,57600,284.5
147630,4812,145200,698.7
147640,4936,57000,281.4
147650,4936,56600,279.4
147660,4940,57000,281.6
147670,4940,57100,282.1
147680,4936,56800,280.4
147690,4940,57400,283.6
147700,4936,56000,276.4
147710,4940,57600,284.5
147720,4936,56000,276.4
147730,4940,57600,284.5
147740,4816,142300,685.3
147750,4940,57600,284.5
147760,4936,56000,276.4
147770,4940,57700,285.0
147780,4936,56000,276.4
147790,4940,57600,284.5
147800,4936,56700,279.9
147810,4940,56900,281.1
147820,4940,56700,280.1
147830,4940,57000,281.6
147840,4936,56700,279.9
147850,4820,209900,1011.7
147860,4940,56700,280.1
147870,4936,55900,275.9
147880,4940,57600,284.5
147890,4936,56000,276.4
147900,4940,57600,284.5
147910,4936,56000,276.4
147920,4940,57600,284.5
147930,4936,56100,276.9
147940,4940,57600,284.5
147950,4936,56000,276.4
147960,4820,217400,1047.9
147970,4936,56100,276.9
147980,4940,57600,284.5
147990,4940,56700,280.1
148000,4940,57000,281.6
148010,4940,56600,279.6
148020,4940,56900,281.1
148030,4940,56600,279.6
148040,4940,55900,276.1
148050,4940,57600,284.5
148060,4936,58700,289.7
148070,4936,57600,284.3
148080,4936,56000,276.4
148090,4940,57600,284.5
148100,4936,56000,276.4
148110,4940,57600,284.5
148120,4936,56000,276.4
148130,4940,57600,284.5
148140,4936,56000,276.4
148150,4940,57600,284.5
148160,4936,56700,279.9
148170,4724,134700,636.3
148180,4940,56700,280.1
148190,4940,56900,281.1
148200,4940,57500,284.1
148210,4940,56400,278.6
148220,4940,57700,285.0
148230,4936,55900,275.9
148240,4940,57600,284.5
148250,4936,56000,276.4
148260,4940,57600,284.5
148270,4812,142400,685.2
148280,4940,57600,284.5
148290,4936,56000,276.4
148300,4940,57600,284.5
148310,4936,56000,276.4
148320,4940,57600,284.5
148331,4936,56600,279.4
148340,4936,57000,281.4
148350,4940,56700,280.1
148360,4940,56900,281.1
148370,4936,56900,280.9
148380,4924,56900,280.2
148390,4936,57000,281.4
148400,4936,56100,276.9
148410,4940,57600,284.5
148420,4936,56100,276.9
148430,4940,57600,284.5
148440,4936,56000,276.4
148450,4940,57600,284.5
148460,4936,56000,276.4
148470,4940,57600,284.5
148480,4936,56000,276.4
148490,4940,57600,284.5
148500,4936,56600,279.4
148510,4940,57300,283.1
148520,4936,56700,279.9
148530,4936,56900,280.9
148540,4936,56700,279.9
148550,4940,56900,281.1
148560,4940,56700,280.1
148570,4936,56000,276.4
148580,4768,188100,896.9
148590,4936,56100,276.9
148600,4940,57600,284.5
148610,4936,56000,276.4
148620,4940,57600,284.5
148630,4936,56000,276.4
148640,4940,57600,284.5
148650,4940,56000,276.6
148660,4940,57500,284.1
148670,4936,56000,276.4
148680,4816,141100,679.5
148690,4936,56700,279.9
148700,4936,57000,281.4
148710,4940,56600,279.6
148720,4936,57000,281.4
148730,4936,56700,279.9
148740,4940,56000,276.6
148750,4940,57600,284.5
148760,4936,56000,276.4
148770,4940,57600,284.5
148780,4936,56000,276.4
148790,4816,144200,694.5
148800,4936,56000,276.4
148810,4940,57600,284.5
148820,4936,56000,276.4
148830,4940,57600,284.5
148840,4936,56000,276.4
148850,4940,57500,284.1
148860,4940,56600,279.6
148870,4936,57000,281.4
148880,4936,56700,279.9
148890,4836,151200,731.2
148900,4936,57100,281.8
148910,4936,56800,280.4
148920,4940,57300,283.1
148930,4936,56000,276.4
148940,4940,57600,284.5
148950,4936,56000,276.4
148960,4940,57600,284.5
148970,4936,56000,276.4
148980,4940,57600,284.5
148990,4936,56000,276.4
149000,4816,142900,688.2
149010,4940,56000,276.6
149020,4940,57600,284.5
149030,4936,56700,279.9
149040,4936,57000,281.4
149050,4940,56600,279.6
149060,4940,56900,281.1
149070,4940,56700,280.1
149080,4888,59600,291.3
149090,4940,66400,328.0
149100,4936,56100,276.9
149110,4940,57600,284.5
149120,4936,56000,276.4
149130,4940,57600,284.5
149140,4936,56000,276.4
149150,4940,57600,284.5
149160,4936,56000,276.4
149170,4940,57600,284.5
149180,4936,56000,276.4
149190,4940,57700,285.0
149200,4936,56300,277.9
149210,4940,57500,284.1
149220,4936,56700,279.9
149230,4940,57000,281.6
149240,4940,56600,279.6
149250,4940,57000,281.6
149260,4936,56600,279.4
149270,4936,56000,276.4
149280,4940,57500,284.1
149290,4936,56000,276.4
149300,4940,57600,284.5
149310,4936,56000,276.4
149320,4940,57600,284.5
149330,4936,55900,275.9
149340,4940,57600,284.5
149350,4936,56000,276.4
149360,4940,57600,284.5
149370,4936,56000,276.4
149380,4940,57600,284.5
149390,4936,56700,279.9
149400,4940,56900,281.1
149410,4936,56600,279.4
149420,4940,57000,281.6
149430,4940,56600,279.6
149440,4936,56000,276.4
149450,4940,57600,284.5
149460,4936,56000,276.4
149470,4940,57600,284.5
149480,4936,56000,276.4
149490,4940,57600,284.5
149500,4940,56000,276.6
149510,4940,57600,284.5
149520,4936,56000,276.4
149530,4940,57600,284.5
149540,4936,56000,276.4
149550,4940,57600,284.5
149560,4936,56600,279.4
149570,4936,57000,281.4
149580,4940,56600,279.6
149590,4840,151100,731.3
149600,4940,57200,282.6
149610,4940,56700,280.1
149620,4940,57400,283.6
149630,4936,56000,276.4
149640,4936,57600,284.3
149650,4936,56000,276.4
149660,4940,57600,284.5
149670,4936,56000,276.4
149680,4940,57600,284.5
149690,4936,56100,276.9
149700,4940,57600,284.5
149710,4936,55900,275.9
149720,4940,57600,284.5
149730,4936,56600,279.4
149740,4936,56800,280.4
149750,4940,56600,279.6
149760,4940,56900,281.1
149770,4940,56700,280.1
149780,4940,56900,281.1
149790,4940,56900,281.1
149800,4936,55900,275.9
149810,4940,57500,284.1
149820,4936,56000,276.4
149830,4940,57500,284.1
149840,4936,56000,276.4
149850,4940,57500,284.1
149860,4936,56000,276.4
149870,4940,57600,284.5
149880,4936,55900,275.9
149890,4940,57600,284.5
149900,4940,56700,280.1
149910,4940,57100,282.1
149920,4940,56600,279.6
149930,4940,56900,281.1
149940,4940,56700,280.1
149950,4940,56900,281.1
149961,4936,57600,284.3
149970,4936,56000,276.4
149980,4940,57600,284.5
149990,4936,56000,276.4
150000,4940,57600,284.5
150010,4936,56000,276.4
150020,4940,57600,284.5
150030,4936,56000,276.4
150040,4940,57600,284.5
150050,4936,56100,276.9
150060,4940,57600,284.5
150070,4936,56100,276.9
150080,4940,57600,284.5
150090,4936,56600,279.4
150100,4828,217200,1048.6
150110,4940,56700,280.1
150120,4936,56900,280.9
150130,4940,56600,279.6
150140,4936,55900,275.9
150150,4940,57600,284.5
150160,4936,56000,276.4
150170,4936,57600,284.3
150180,4936,56000,276.4
150190,4940,57600,284.5
150200,4936,56000,276.4
150210,4940,57600,284.5
150220,4936,56000,276.4
150230,4940,57600,284.5
150240,4936,56000,276.4
150250,4940,57600,284.5
150260,4936,56600,279.4
150270,4940,56900,281.1
150280,4936,56700,279.9
150290,4940,56900,281.1
150300,4940,56600,279.6
150310,4940,56100,277.1
150320,4940,57600,284.5
150330,4936,55900,275.9
150340,4940,57600,284.5
150350,4936,56000,276.4
150360,4940,57600,284.5
150370,4936,56000,276.4
150380,4940,57600,284.5
150390,4936,56000,276.4
150400,4940,57600,284.5
150410,4936,56000,276.4
150420,4940,57500,284.1
150430,4936,56600,279.4
150440,4940,56900,281.1
150450,4936,56700,279.9
150460,4940,56900,281.1
150470,4940,57100,282.1
150480,4940,56700,280.1
150490,4940,57400,283.6
150500,4940,56000,276.6
150510,4940,57600,284.5
150520,4936,56000,276.4
150530,4940,57600,284.5
150540,4936,56000,276.4
150550,4940,57600,284.5
150560,4936,56000,276.4
150570,4936,57600,284.3
150580,4936,56000,276.4
150590,4940,57600,284.5
150600,4812,145800,701.6
150610,4940,56900,281.1
150620,4936,56700,279.9
150630,4936,56900,280.9
150640,4940,56700,280.1
150650,4940,56900,281.1
150660,4940,56600,279.6
150670,4936,56000,276.4
150680,4936,57600,284.3
150690,4936,56100,276.9
150700,4940,57500,284.1
150710,4936,56000,276.4
150720,4940,57700,285.0
150730,4936,56000,276.4
150740,4940,57600,284.5
150750,4936,56000,276.4
150760,4940,57600,284.5
150770,4936,56500,278.9
150780,4940,57300,283.1
150790,4936,56700,279.9
150800,4936,56900,280.9
150810,4940,56600,279.6
150820,4940,56900,281.1
150830,4940,56700,280.1
150840,4936,56000,276.4
150850,4940,57600,284.5
150860,4936,56000,276.4
150870,4940,57600,284.5
150880,4940,56000,276.6
150890,4940,57600,284.5
150900,4936,56000,276.4
150910,4940,57600,284.5
150920,4940,56000,276.6
150930,4940,57600,284.5
150940,4936,56000,276.4
150950,4940,57600,284.5
150960,4940,56600,279.6
150970,4936,57000,281.4
150980,4936,56600,279.4
150990,4936,56900,280.9
151000,4936,56700,279.9
151010,4940,56000,276.6
151020,4940,57600,284.5
151030,4936,56000,276.4
151040,4940,57600,284.5
151050,4936,56000,276.4
151060,4940,57500,284.1
151070,4936,56000,276.4
151080,4816,73500,354.0
151090,4936,56100,276.9
151100,4940,57600,284.5
151110,4936,56000,276.4
151120,4940,57600,284.5
151130,4940,56700,280.1
151140,4940,57000,281.6
151150,4936,56700,279.9
151160,4940,56900,281.1
151170,4936,56600,279.4
151180,4940,56400,278.6
151190,4812,141000,678.5
151200,4936,56000,276.4
151210,4940,57600,284.5
151220,4936,56000,276.4
151230,4940,57600,284.5
151240,4936,56000,276.4
151250,4940,57600,284.5
151260,4940,56000,276.6
151270,4940,57700,285.0
151280,4936,56000,276.4
151290,4940,57600,284.5
151300,4760,134200,638.8
151310,4940,56900,281.1
151320,4936,56700,279.9
151330,4940,56900,281.1
151340,4940,56700,280.1
151350,4936,56900,280.9
151360,4940,56900,281.1
151370,4936,56000,276.4
151380,4940,57600,284.5
151390,4936,56000,276.4
151400,4816,141900,683.4
151410,4936,56000,276.4
151420,4940,57600,284.5
151430,4936,56000,276.4
151440,4940,57600,284.5
151450,4936,56000,276.4
151460,4940,57500,284.1
151470,4936,56600,279.4
151480,4940,57300,283.1
151490,4940,56700,280.1
151500,4936,59800,295.2
151510,4940,56600,279.6
151520,4940,57000,281.6
151530,4940,56700,280.1
151540,4936,56000,276.4
151550,4940,57600,284.5
151560,4936,56000,276.4
151570,4940,57600,284.5
151580,4936,56000,276.4
151590,4940,57600,284.5
151601,4936,56000,276.4
151610,4828,211100,1019.2
151620,4936,56000,276.4
151630,4940,57500,284.1
151640,4940,56000,276.6
151650,4940,57500,284.1
151660,4936,56500,278.9
151670,4940,56900,281.1
151680,4940,56600,279.6
151690,4940,57000,281.6
151700,4936,56600,279.4
151710,4812,141200,679.5
151720,4940,57600,284.5
151730,4940,56000,276.6
151740,4940,57600,284.5
151750,4936,56000,276.4
151760,4940,57600,284.5
151770,4936,56000,276.4
151780,4940,57600,284.5
151790,4936,56000,276.4
151800,4940,57600,284.5
151810,4936,56000,276.4
151820,4860,57700,280.4
151830,4936,56600,279.4
151840,4940,57000,281.6
151850,4940,56700,280.1
151860,4940,57000,281.6
151870,4936,56700,279.9
151880,4940,56700,280.1
151890,4940,57400,283.6
151900,4936,56000,276.4
151910,4940,57500,284.1
151920,4812,142800,687.2
151930,4940,57700,285.0
151940,4936,56000,276.4
151950,4940,57600,284.5
151960,4940,56000,276.6
151970,4940,57600,284.5
151980,4936,56000,276.4
151990,4940,57600,284.5
152000,4936,56700,279.9
152010,4940,56900,281.1
152020,4940,56700,280.1
152030,4812,141900,682.8
152040,4940,56700,280.1
152050,4940,56900,281.1
152060,4936,56700,279.9
152070,4936,56000,276.4
152080,4940,57600,284.5
152090,4936,56000,276.4
152100,4940,57600,284.5
152110,4940,56000,276.6
152120,4936,57600,284.3
152130,4936,56100,276.9
152140,4940,57600,284.5
152150,4936,56000,276.4
152160,4940,57600,284.5
152170,4936,56300,277.9
152180,4940,57500,284.1
152190,4936,56700,279.9
152200,4940,57000,281.6
152210,4940,56700,280.1
152220,4936,57000,281.4
152230,4940,56600,279.6
152240,4924,56000,275.7
152250,4940,57500,284.1
152260,4936,55900,275.9
152270,4940,57600,284.5
152280,4936,56000,276.4
152290,4940,57600,284.5
152300,4936,56000,276.4
152310,4940,57600,284.5
152320,4936,56000,276.4
152330,4940,57500,284.1
152340,4816,143500,691.1
152350,4936,57600,284.3
152360,4936,56700,279.9
152370,4936,57000,281.4
152380,4936,56700,279.9
152390,4940,56900,281.1
152400,4936,56700,279.9
152410,4940,56100,277.1
152420,4940,57700,285.0
152430,4936,56000,276.4
152440,4940,57700,285.0
152450,4936,56000,276.4
152460,4940,57600,284.5
152470,4936,56000,276.4
152480,4940,57600,284.5
152490,4936,56100,276.9
152500,4940,57600,284.5
152510,4936,55900,275.9
152520,4940,57600,284.5
152530,4936,56600,279.4
152540,4940,57000,281.6
152550,4816,145000,698.3
152560,4936,57000,281.4
152570,4936,56900,280.9
152580,4940,56900,281.1
152590,4940,57100,282.1
152600,4936,56000,276.4
152610,4940,57600,284.5
152620,4936,56000,276.4
152630,4940,57600,284.5
152640,4936,56000,276.4
152650,4940,57600,284.5
152660,4816,132800,639.6
152670,4940,57700,285.0
152680,4936,56000,276.4
152690,4940,57600,284.5
152700,4936,56700,279.9
152710,4940,57000,281.6
152720,4936,56700,279.9
152730,4940,56900,281.1
152740,4936,56600,279.4
152750,4940,56900,281.1
152760,4936,56700,279.9
152770,4936,56000,276.4
152780,4940,57600,284.5
152790,4936,56000,276.4
152800,4936,57600,284.3
152810,4936,56000,276.4
152820,4936,57600,284.3
152830,4936,56000,276.4
152840,4940,57600,284.5
152850,4936,56000,276.4
152860,4940,57600,284.5
152870,4816,161400,777.3
152880,4940,57600,284.5
152890,4940,56700,280.1
152900,4940,57000,281.6
152910,4940,56700,280.1
152920,4940,56900,281.1
152930,4936,56700,279.9
152940,4936,55900,275.9
152950,4940,57500,284.1
152960,4936,56000,276.4
152970,4940,57500,284.1
152980,4940,56000,276.6
152990,4940,57600,284.5
153000,4940,56100,277.1
153010,4940,57600,284.5
153020,4936,56000,276.4
153030,4940,57500,284.1
153040,4936,56000,276.4
153050,4940,57700,285.0
153060,4940,56600,279.6
153070,4940,56900,281.1
153080,4816,142400,685.8
153090,4936,57000,281.4
153100,4936,56700,279.9
153110,4936,56500,278.9
153120,4940,57600,284.5
153130,4940,56000,276.6
153140,4940,57600,284.5
153150,4936,56000,276.4
153160,4940,57600,284.5
153170,4940,56000,276.6
153180,4940,57600,284.5
153190,4792,141500,678.1
153200,4940,57600,284.5
153210,4936,56100,276.9
153220,4940,57500,284.1
153231,4936,56700,279.9
153240,4940,57000,281.6
153250,4936,56700,279.9
153260,4940,57000,281.6
153270,4936,56800,280.4
153280,4940,57000,281.6
153290,4940,57000,281.6
153300,4816,141500,681.5
153310,4940,57700,285.0
153320,4936,56100,276.9
153330,4940,57600,284.5
153340,4936,56100,276.9
153350,4940,57600,284.5
153360,4936,56000,276.4
153370,4940,57700,285.0
153380,4936,56100,276.9
153390,4936,57600,284.3
153400,4936,56700,279.9
153410,4816,143300,690.1
153420,4936,56700,279.9
153430,4940,57000,281.6
153440,4936,56700,279.9
153450,4940,57000,281.6
153460,4940,56700,280.1
153470,4936,56100,276.9
153480,4940,57600,284.5
153490,4936,56100,276.9
153500,4940,57600,284.5
153510,4812,141300,679.9
153520,4940,57600,284.5
153530,4936,56100,276.9
153540,4940,57700,285.0
153550,4936,56000,276.4
153560,4940,57600,284.5
153570,4936,56000,276.4
153580,4940,57700,285.0
153590,4940,56700,280.1
153600,4940,57000,281.6
153610,4796,141900,680.6
153620,4940,57100,282.1
153630,4940,56600,279.6
153640,4936,56100,276.9
153650,4940,57600,284.5
153660,4936,56000,276.4
153670,4940,57600,284.5
153680,4936,56000,276.4
153690,4940,57700,285.0
153700,4936,56000,276.4
153710,4936,57600,284.3
153720,4812,142300,684.7
153730,4940,57600,284.5
153740,4936,56100,276.9
153750,4940,57600,284.5
153760,4936,56600,279.4
153770,4936,57100,281.8
153780,4940,56600,279.6
153790,4936,57000,281.4
153800,4940,56700,280.1
153810,4936,56600,279.4
153820,4940,57500,284.1
153830,4708,132700,624.8
153840,4940,57600,284.5
153850,4936,56000,276.4
153860,4940,57600,284.5
153870,4936,56100,276.9
153880,4940,57600,284.5
153890,4936,56000,276.4
153900,4940,57600,284.5
153910,4936,56000,276.4
153920,4940,57600,284.5
153930,4828,134200,647.9
153940,4940,57000,281.6
153950,4936,56600,279.4
153960,4936,57000,281.4
153970,4936,56700,279.9
153980,4936,56900,280.9
153990,4940,56800,280.6
154000,4936,56100,276.9
154010,4940,57600,284.5
154020,4936,56000,276.4
154030,4940,57700,285.0
154040,4936,56100,276.9
154050,4940,57600,284.5
154060,4936,56000,276.4
154070,4940,57600,284.5
154080,4936,56000,276.4
154090,4940,57600,284.5
154100,4936,56400,278.4
154110,4940,57500,284.1
154120,4940,56700,280.1
154130,4940,57000,281.6
154140,4824,131100,632.4
154150,4936,56900,280.9
154160,4936,56700,279.9
154170,4940,56000,276.6
154180,4940,57600,284.5
154190,4940,56100,277.1
154200,4940,57600,284.5
154210,4936,56000,276.4
154220,4940,57600,284.5
154230,4936,56000,276.4
154240,4812,144300,694.4
154250,4936,56000,276.4
154260,4940,57700,285.0
154270,4940,56000,276.6
154280,4936,57700,284.8
154290,4936,56700,279.9
154300,4936,57000,281.4
154310,4936,56700,279.9
154320,4936,57000,281.4
154330,4936,56600,279.4
154340,4936,56100,276.9
154350,4824,211500,1020.3
154360,4936,56100,276.9
154370,4940,57700,285.0
154380,4936,56000,276.4
154390,4940,57700,285.0
154400,4936,56000,276.4
154410,4940,57600,284.5
154420,4936,56100,276.9
154430,4940,57600,284.5
154440,4936,56100,276.9
154450,4900,161000,788.9
154460,4936,56600,279.4
154470,4936,57000,281.4
154480,4936,56700,279.9
154490,4940,57000,281.6
154500,4940,56700,280.1
154510,4940,56900,281.1
154520,4940,57300,283.1
154530,4936,56000,276.4
154540,4940,57700,285.0
154550,4936,59000,291.2
154560,4940,57700,285.0
154570,4936,56000,276.4
154580,4940,57700,285.0
154590,4940,56100,277.1
154600,4940,57600,284.5
154610,4936,56000,276.4
154620,4940,57600,284.5
154630,4936,56800,280.4
154640,4940,57000,281.6
154650,4936,56600,279.4
154660,4868,155700,757.9
154670,4940,56700,280.1
154680,4940,57000,281.6
154690,4940,56700,280.1
154700,4936,56000,276.4
154710,4940,57700,285.0
154720,4936,56100,276.9
154730,4940,57600,284.5
154740,4936,56100,276.9
154750,4940,57600,284.5
154760,4936,56000,276.4
154770,4816,143600,691.6
154780,4936,56000,276.4
154790,4936,57700,284.8
154800,4940,56200,277.6
154810,4940,57600,284.5
154820,4936,56700,279.9
154830,4936,57000,281.4
154840,4936,56700,279.9
154850,4940,57000,281.6
154861,4936,57600,284.3
154870,4840,149300,722.6
154880,4940,57600,284.5
154890,4936,56000,276.4
154900,4940,57600,284.5
154910,4936,56000,276.4
154920,4940,57600,284.5
154930,4936,56000,276.4
154940,4940,57600,284.5
154950,4936,56000,276.4
154960,4940,57600,284.5
154970,4932,58300,287.5
154980,4940,57600,284.5
154990,4940,56800,280.6
155000,4940,56900,281.1
155010,4940,56700,280.1
155020,4936,57000,281.4
155030,4940,56700,280.1
155040,4936,56400,278.4
155050,4940,57700,285.0
155060,4936,56000,276.4
155070,4940,57700,285.0
155080,4812,141200,679.5
155090,4940,57600,284.5
155100,4936,56000,276.4
155110,4940,57600,284.5
155120,4936,56100,276.9
155130,4940,57600,284.5
155140,4936,56000,276.4
155150,4940,57600,284.5
155160,4936,56600,279.4
155170,4936,57000,281.4
155180,4816,140800,678.1
155190,4940,57000,281.6
155200,4936,56700,279.9
155210,4940,57000,281.6
155220,4940,56900,281.1
155230,4936,56000,276.4
155240,4940,57600,284.5
155250,4936,56100,276.9
155260,4940,57600,284.5
155270,4936,56000,276.4
155280,4940,57700,285.0
155290,4812,138300,665.5
155300,4940,57600,284.5
155310,4936,56100,276.9
155320,4940,57600,284.5
155330,4936,56700,279.9
155340,4940,57300,283.1
155350,4940,56800,280.6
155360,4936,56900,280.9
155370,4936,56700,279.9
155380,4940,57000,281.6
155390,4936,56700,279.9
155400,4712,133700,630.0
155410,4940,57700,285.0
155420,4936,56000,276.4
155430,4940,57600,284.5
155440,4940,56100,277.1
155450,4940,57600,284.5
155460,4936,56000,276.4
155470,4940,57600,284.5
155480,4936,56000,276.4
155490,4940,57700,285.0
155500,4812,143700,691.5
155510,4940,57700,285.0
155520,4936,56700,279.9
155530,4940,56900,281.1
155540,4936,56700,279.9
155550,4936,57000,281.4
155560,4936,56700,279.9
155570,4936,56000,276.4
155580,4940,57600,284.5
155590,4936,56000,276.4
155600,4940,57600,284.5
155610,4936,56100,276.9
155620,4940,57600,284.5
155630,4936,56000,276.4
155640,4940,57700,285.0
155650,4936,56000,276.4
155660,4940,57700,285.0
155670,4936,56000,276.4
155680,4940,57700,285.0
155690,4936,56700,279.9
155700,4940,57100,282.1
155710,4812,144600,695.8
155720,4940,57000,281.6
155730,4936,56700,279.9
155740,4936,56700,279.9
155750,4940,57500,284.1
155760,4936,56100,276.9
155770,4940,57600,284.5
155780,4936,56000,276.4
155790,4940,57700,285.0
155800,4936,56000,276.4
155810,4940,57700,285.0
155820,4936,56100,276.9
155830,4940,57600,284.5
155840,4936,56000,276.4
155850,4940,57600,284.5
155860,4936,56600,279.4
155870,4940,56900,281.1
155880,4936,56700,279.9
155890,4936,57000,281.4
155900,4936,56700,279.9
155910,4936,57000,281.4
155920,4940,83600,413.0
155930,4936,56000,276.4
155940,4936,57700,284.8
155950,4936,56100,276.9
155960,4940,57600,284.5
155970,4936,56100,276.9
155980,4940,57600,284.5
155990,4936,56000,276.4
156000,4940,57600,284.5
156010,4936,56000,276.4
156020,4820,141400,681.5
156030,4936,56400,278.4
156040,4940,57500,284.1
156050,4936,56600,279.4
156060,4936,57000,281.4
156070,4936,56700,279.9
156080,4936,57000,281.4
156090,4936,56700,279.9
156100,4936,56100,276.9
156110,4940,57600,284.5
156120,4936,56100,276.9
156130,4828,213700,1031.7
156140,4936,56100,276.9
156150,4940,57600,284.5
156160,4936,56000,276.4
156170,4936,57600,284.3
156180,4936,56000,276.4
156190,4940,57600,284.5
156200,4936,56000,276.4
156210,4940,57600,284.5
156220,4940,56700,280.1
156230,4940,57000,281.6
156240,4704,139300,655.3
156250,4940,57000,281.6
156260,4936,56700,279.9
156270,4940,56100,277.1
156280,4940,57600,284.5
156290,4936,56100,276.9
156300,4940,57600,284.5
156310,4940,56100,277.1
156320,4940,57700,285.0
156330,4936,56100,276.9
156340,4820,177500,855.6
156350,4936,56000,276.4
156360,4936,57600,284.3
156370,4936,56000,276.4
156380,4940,57600,284.5
156390,4936,56600,279.4
156400,4940,57000,281.6
156410,4940,56600,279.6
156420,4936,57000,281.4
156430,4936,56700,279.9
156440,4940,59800,295.4
156450,4940,57200,282.6
156460,4936,56100,276.9
156470,4940,57600,284.5
156480,4936,56000,276.4
156490,4940,57600,284.5
156501,4936,56000,276.4
156510,4940,57700,285.0
156520,4936,56000,276.4
156530,4940,57700,285.0
156540,4936,56100,276.9
156550,4836,57600,278.6
156560,4936,56800,280.4
156570,4940,57000,281.6
156580,4936,56700,279.9
156590,4936,57000,281.4
156600,4940,56600,279.6
156610,4936,57000,281.4
156620,4936,56700,279.9
156630,4936,56000,276.4
156640,4940,57700,285.0
156650,4712,172000,810.5
156660,4940,57700,285.0
156670,4936,56100,276.9
156680,4940,57600,284.5
156690,4936,56100,276.9
156700,4940,57600,284.5
156710,4936,56000,276.4
156720,4940,57600,284.5
156730,4940,56200,277.6
156740,4940,57600,284.5
156750,4788,141800,678.9
156760,4936,57000,281.4
156770,4940,56700,280.1
156780,4940,57000,281.6
156790,4936,56700,279.9
156800,4936,56000,276.4
156810,4940,57600,284.5
156820,4936,56000,276.4
156830,4940,57600,284.5
156840,4940,56000,276.6
156850,4940,57600,284.5
156860,4936,56100,276.9
156870,4940,57700,285.0
156880,4940,56000,276.6
156890,4940,57600,284.5
156900,4936,56100,276.9
156910,4940,57600,284.5
156920,4936,56700,279.9
156930,4940,57000,281.6
156940,4936,56700,279.9
156950,4940,57000,281.6
156960,4936,56600,279.4
156970,4892,56400,275.9
156980,4936,57600,284.3
156990,4936,56000,276.4
157000,4940,57600,284.5
157010,4936,56000,276.4
157020,4940,57600,284.5
157030,4936,56000,276.4
157040,4940,57600,284.5
157050,4940,56000,276.6
157060,4940,57700,285.0
157070,4816,141600,681.9
157080,4940,57700,285.0
157090,4936,56600,279.4
157100,4940,57000,281.6
157110,4940,56700,280.1
157120,4940,56900,281.1
157130,4936,56700,279.9
157140,4936,57000,281.4
157150,4940,57000,281.6
157160,4936,56100,276.9
157170,4940,57600,284.5
157180,4936,56000,276.4
157190,4940,57600,284.5
157200,4936,56000,276.4
157210,4940,57600,284.5
157220,4936,56000,276.4
157230,4940,57600,284.5
157240,4936,56000,276.4
157250,4936,57600,284.3
157260,4936,56700,279.9
157270,4940,57200,282.6
157280,4816,160000,770.6
157290,4936,57000,281.4
157300,4936,56700,279.9
157310,4940,57000,281.6
157320,4940,56700,280.1
157330,4936,56100,276.9
157340,4940,57700,285.0
157350,4936,56100,276.9
157360,4940,57600,284.5
157370,4936,56000,276.4
157380,4940,57600,284.5
157390,4772,185100,883.3
157400,4940,57700,285.0
157410,4936,56100,276.9
157420,4940,57600,284.5
157430,4936,56100,276.9
157440,4940,57600,284.5
157450,4940,56600,279.6
157460,4940,56900,281.1
157470,4936,56700,279.9
157480,4940,57000,281.6
157490,4936,56700,279.9
157500,4940,56000,276.6
157510,4940,57600,284.5
157520,4936,56000,276.4
157530,4940,57600,284.5
157540,4936,56000,276.4
157550,4940,57600,284.5
157560,4936,56000,276.4
157570,4936,57700,284.8
157580,4936,56000,276.4
157590,4940,57600,284.5
157600,4804,137000,658.1
157610,4940,57600,284.5
157620,4936,56700,279.9
157630,4940,57000,281.6
157640,4940,56800,280.6
157650,4936,56900,280.9
157660,4936,56700,279.9
157670,4940,56600,279.6
157680,4940,57600,284.5
157690,4936,56000,276.4
157700,4816,146900,707.5
157710,4936,56100,276.9
157720,4940,57600,284.5
157730,4936,56000,276.4
157740,4940,57700,285.0
157750,4936,56000,276.4
157760,4940,57600,284.5
157770,4936,56000,276.4
157780,4940,57600,284.5
157790,4936,56700,279.9
157800,4816,142000,683.9
157810,4936,56700,279.9
157820,4940,57100,282.1
157830,4940,56600,279.6
157840,4936,57000,281.4
157850,4940,56800,280.6
157860,4936,56000,276.4
157870,4940,57600,284.5
157880,4936,56000,276.4
157890,4940,57600,284.5
157900,4936,56000,276.4
157910,4800,188400,904.3
157920,4936,56000,276.4
157930,4936,57600,284.3
157940,4936,56000,276.4
157950,4940,57600,284.5
157960,4936,56500,278.9
157970,4940,57400,283.6
157980,4940,56600,279.6
157990,4940,57000,281.6
158000,4940,56600,279.6
158010,4940,59900,295.9
158020,4940,56700,280.1
158030,4940,56000,276.6
158040,4936,57600,284.3
158050,4936,56100,276.9
158060,4940,57600,284.5
158070,4936,56000,276.4
158080,4940,57600,284.5
158090,4936,56000,276.4
158100,4940,57600,284.5
158110,4936,56000,276.4
158120,4816,57700,277.9
158131,4936,56000,276.4
158140,4940,57700,285.0
158150,4936,56800,280.4
158160,4936,57000,281.4
158170,4936,56700,279.9
158180,4940,57000,281.6
158190,4936,56800,280.4
158200,4940,56100,277.1
158210,4940,57600,284.5
158220,4840,151000,730.8
158230,4940,57700,285.0
158240,4936,56000,276.4
158250,4940,57600,284.5
158260,4936,56100,276.9
158270,4940,57600,284.5
158280,4936,56000,276.4
158290,4940,57600,284.5
158300,4936,56000,276.4
158310,4940,57600,284.5
158320,4940,56800,280.6
158330,4844,57100,276.6
158340,4936,56700,279.9
158350,4940,57000,281.6
158360,4940,56700,280.1
158370,4936,56900,280.9
158380,4936,57300,282.8
158390,4936,56000,276.4
158400,4940,57700,285.0
158410,4936,56000,276.4
158420,4940,57600,284.5
158430,4736,133700,633.2
158440,4940,57600,284.5
158450,4936,56100,276.9
158460,4936,57700,284.8
158470,4936,56100,276.9
158480,4940,57600,284.5
158490,4936,56800,280.4
158500,4940,57000,281.6
158510,4936,56700,279.9
158520,4936,57000,281.4
158530,4936,56700,279.9
158540,4820,214600,1034.4
158550,4940,56700,280.1
158560,4936,56000,276.4
158570,4940,57600,284.5
158580,4936,56100,276.9
158590,4940,57600,284.5
158600,4936,56000,276.4
158610,4940,57700,285.0
158620,4936,56000,276.4
158630,4940,57700,285.0
158640,4720,137700,649.9
158650,4940,57700,285.0
158660,4936,56200,277.4
158670,4940,57600,284.5
158680,4936,56700,279.9
158690,4936,57000,281.4
158700,4936,56700,279.9
158710,4940,57000,281.6
158720,4936,56700,279.9
158730,4936,56000,276.4
158740,4940,57600,284.5
158750,4904,56100,275.1
158760,4936,57600,284.3
158770,4936,56100,276.9
158780,4940,57600,284.5
158790,4936,56000,276.4
158800,4940,57600,284.5
158810,4936,56000,276.4
158820,4940,57700,285.0
158830,4936,56000,276.4
158840,4936,57800,285.3
158850,4820,138500,667.6
158860,4940,56900,281.1
158870,4936,56800,280.4
158880,4936,56900,280.9
158890,4936,56700,279.9
158900,4940,56200,277.6
158910,4940,57700,285.0
158920,4936,56100,276.9
158930,4940,57600,284.5
158940,4936,56000,276.4
158950,4940,57600,284.5
158960,4932,56000,276.2
158970,4940,57700,285.0
158980,4936,56000,276.4
158990,4940,57700,285.0
159000,4936,56000,276.4
159010,4940,57700,285.0
159020,4936,56700,279.9
159030,4940,57000,281.6
159040,4936,56700,279.9
159050,4940,56900,281.1
159060,4932,56600,279.2
159070,4940,57000,281.6
159080,4940,57000,281.6
159090,4936,56000,276.4
159100,4940,57700,285.0
159110,4936,56000,276.4
159120,4940,57600,284.5
159130,4936,56000,276.4
159140,4940,57600,284.5
159150,4940,56000,276.6
159160,4940,57700,285.0
159170,4816,137700,663.2
159180,4940,57700,285.0
159190,4936,56700,279.9
159200,4940,57200,282.6
159210,4940,56700,280.1
159220,4940,57000,281.6
159230,4936,56700,279.9
159240,4940,57000,281.6
159250,4940,56600,279.6
159260,4936,56100,276.9
159270,4940,57700,285.0
159280,4936,56100,276.9
159290,4940,57700,285.0
159300,4936,56000,276.4
159310,4940,57600,284.5
159320,4936,56000,276.4
159330,4940,57700,285.0
159340,4936,56000,276.4
159350,4936,57600,284.3
159360,4936,56100,276.9
159370,4940,57700,285.0
159380,4708,139500,656.8
159390,4940,57000,281.6
159400,4940,56800,280.6
159410,4940,57100,282.1
159420,4936,56700,279.9
159430,4940,56000,276.6
159440,4940,57600,284.5
159450,4936,56000,276.4
159460,4940,57700,285.0
159470,4936,56100,276.9
159480,4824,205400,990.8
159490,4936,56100,276.9
159500,4940,57600,284.5
159510,4936,56000,276.4
159520,4940,57700,285.0
159530,4936,56000,276.4
159540,4940,57700,285.0
159550,4936,56700,279.9
159560,4940,57000,281.6
159570,4936,56700,279.9
159580,4844,70300,340.5
159590,4936,109900,542.5
159600,4940,56600,279.6
159610,4940,57600,284.5
159620,4936,56100,276.9
159630,4940,57600,284.5
159640,4936,56000,276.4
159650,4940,57600,284.5
159660,4936,56000,276.4
159670,4940,57700,285.0
159680,4940,56100,277.1
159690,4936,57700,284.8
159700,4936,56100,276.9
159710,4940,57700,285.0
159720,4936,56600,279.4
159730,4940,56900,281.1
159740,4936,56700,279.9
159750,4940,57000,281.6
159760,4940,56700,280.1
159771,4936,56100,276.9
159780,4940,57000,281.6
159790,4936,56100,276.9
159800,4940,57600,284.5
159810,4936,56000,276.4
159820,4940,57600,284.5
159830,4936,56100,276.9
159840,4940,57600,284.5
159850,4936,56000,276.4
159860,4940,57600,284.5
159870,4936,56100,276.9
159880,4940,57600,284.5
159890,4936,56800,280.4
159900,4940,57000,281.6
159910,4936,56600,279.4
159920,4940,56900,281.1
159930,4936,56700,279.9
159940,4940,57000,281.6
159950,4940,56600,279.6
159960,4936,56000,276.4
159970,4940,57700,285.0
159980,4940,56000,276.6
159990,4940,57700,285.0
160000,4936,56000,276.4
160010,4940,57600,284.5
160020,4936,56100,276.9
160030,4940,57600,284.5
160040,4936,56000,276.4
160050,4940,57600,284.5
160060,4936,56400,278.4
160070,4940,57500,284.1
160080,4936,56600,279.4
160090,4936,60000,296.2
160100,4936,56700,279.9
160110,4936,57000,281.4
160120,4936,56700,279.9
160130,4936,56000,276.4
160140,4940,57600,284.5
160150,4936,56100,276.9
160160,4940,57600,284.5
160170,4936,56100,276.9
160180,4940,57600,284.5
160190,4936,56000,276.4
160200,4940,57600,284.5
160210,4936,56100,276.9
160220,4940,57700,285.0
160230,4936,56100,276.9
160240,4940,57600,284.5
160250,4936,56700,279.9
160260,4940,57000,281.6
160270,4936,56700,279.9
160280,4940,57000,281.6
160290,4940,56700,280.1
160300,4940,56000,276.6
160310,4940,57700,285.0
160320,4936,56000,276.4
160330,4940,57600,284.5
160340,4936,56000,276.4
160350,4940,57600,284.5
160360,4936,56000,276.4
160370,4940,57600,284.5
160380,4936,56000,276.4
160390,4940,57700,285.0
160400,4936,56100,276.9
160410,4940,57600,284.5
160420,4936,56700,279.9
160430,4940,57000,281.6
160440,4936,56700,279.9
160450,4940,57000,281.6
160460,4940,56600,279.6
160470,4936,56500,278.9
160480,4940,57600,284.5
160490,4936,56100,276.9
160500,4940,57600,284.5
160510,4936,56000,276.4
160520,4940,57600,284.5
160530,4936,56000,276.4
160540,4940,57700,285.0
160550,4936,56000,276.4
160560,4940,57700,285.0
160570,4936,56000,276.4
160580,4808,76700,368.8
160590,4936,56700,279.9
160600,4940,56900,281.1
160610,4936,56600,279.4
160620,4936,57100,281.8
160630,4936,56700,279.9
160640,4936,57000,281.4
160650,4940,56900,281.1
160660,4936,56100,276.9
160670,4940,57700,285.0
160680,4936,56000,276.4
160690,4824,131600,634.8
160700,4936,56100,276.9
160710,4940,57600,284.5
160720,4936,56000,276.4
160730,4940,57600,284.5
160740,4936,56000,276.4
160750,4940,57700,285.0
160760,4936,56600,279.4
160770,4940,57300,283.1
160780,4936,56700,279.9
160790,4900,159700,782.5
160800,4940,56600,279.6
160810,4936,57000,281.4
160820,4936,56700,279.9
160830,4936,56100,276.9
160840,4940,57700,285.0
160850,4936,56100,276.9
160860,4940,57700,285.0
160870,4936,56000,276.4
160880,4940,57600,284.5
160890,4936,56000,276.4
160900,4816,144100,694.0
160910,4936,56000,276.4
160920,4940,57600,284.5
160930,4936,56100,276.9
160940,4936,57600,284.3
160950,4940,56700,280.1
160960,4936,57000,281.4
160970,4936,56700,279.9
160980,4940,56900,281.1
160990,4940,56700,280.1
161000,4940,56000,276.6
161010,4712,137500,647.9
161020,4936,56100,276.9
161030,4940,57600,284.5
161040,4936,56000,276.4
161050,4940,57600,284.5
161060,4940,56000,276.6
161070,4940,57600,284.5
161080,4936,56000,276.4
161090,4940,57700,285.0
161100,4940,56000,276.6
161110,4940,59400,293.4
161120,4936,56800,280.4
161130,4940,57100,282.1
161140,4936,56700,279.9
161150,4936,57000,281.4
161160,4936,56700,279.9
161170,4940,56800,280.6
161180,4940,57400,283.6
161190,4936,56100,276.9
161200,4940,57600,284.5
161210,4936,56000,276.4
161220,4816,142100,684.4
161230,4936,56100,276.9
161240,4940,57700,285.0
161250,4936,56100,276.9
161260,4936,57600,284.3
161270,4940,56000,276.6
161280,4936,57700,284.8
161290,4936,56800,280.4
161300,4940,56900,281.1
161310,4936,56700,279.9
161320,4940,57000,281.6
161330,4816,146100,703.6
161340,4940,57000,281.6
161350,4940,56800,280.6
161360,4936,56100,276.9
161370,4940,57700,285.0
161380,4936,56000,276.4
161390,4940,57700,285.0
161401,4936,56100,276.9
161410,4940,57600,284.5
161420,4936,56000,276.4
161430,4940,57600,284.5
161440,4772,184000,878.0
161450,4940,57600,284.5
161460,4936,56400,278.4
161470,4940,57500,284.1
161480,4936,56700,279.9
161490,4940,57000,281.6
161500,4936,56700,279.9
161510,4940,57000,281.6
161520,4940,56700,280.1
161530,4940,56000,276.6
161540,4940,57700,285.0
161550,4892,56100,274.4
161560,4940,57700,285.0
161570,4936,56100,276.9
161580,4936,57600,284.3
161590,4936,56100,276.9
161600,4940,57600,284.5
161610,4936,56000,276.4
161620,4940,57700,285.0
161630,4936,56000,276.4
161640,4940,57700,285.0
161650,4708,136200,641.2
161660,4940,57000,281.6
161670,4940,56700,280.1
161680,4940,57000,281.6
161690,4936,56700,279.9
161700,4936,56100,276.9
161710,4940,57700,285.0
161720,4936,56200,277.4
161730,4940,57600,284.5
161740,4936,56100,276.9
161750,4940,130800,646.2
161760,4936,56000,276.4
161770,4940,57700,285.0
161780,4936,56000,276.4
161790,4940,57600,284.5
161800,4936,56000,276.4
161810,4936,57600,284.3
161820,4936,56700,279.9
161830,4940,57000,281.6
161840,4936,56700,279.9
161850,4940,57000,281.6
161860,4936,115900,572.1
161870,4936,56900,280.9
161880,4940,57100,282.1
161890,4936,56100,276.9
161900,4940,57600,284.5
161910,4936,56100,276.9
161920,4940,57700,285.0
161930,4936,56100,276.9
161940,4940,57600,284.5
161950,4936,56000,276.4
161960,4932,145700,718.6
161970,4936,56000,276.4
161980,4940,57700,285.0
161990,4936,56800,280.4
162000,4940,57100,282.1
162010,4940,56600,279.6
162020,4940,57000,281.6
162030,4936,56700,279.9
162040,4936,57000,281.4
162050,4940,56700,280.1
162060,4936,56000,276.4
162070,4828,139100,671.6
162080,4936,56000,276.4
162090,4940,57700,285.0
162100,4936,56100,276.9
162110,4940,57700,285.0
162120,4936,56100,276.9
162130,4940,57600,284.5
162140,4936,56000,276.4
162150,4940,57700,285.0
162160,4936,56200,277.4
162170,4760,159100,757.3
162180,4936,56700,279.9
162190,4936,57000,281.4
162200,4936,56700,279.9
162210,4940,57000,281.6
162220,4936,56700,279.9
162230,4936,56000,276.4
162240,4940,57600,284.5
162250,4936,56100,276.9
162260,4940,57600,284.5
162270,4936,56100,276.9
162280,4820,133400,643.0
162290,4936,56100,276.9
162300,4940,57700,285.0
162310,4936,56000,276.4
162320,4940,57700,285.0
162330,4936,56000,276.4
162340,4940,57700,285.0
162350,4940,56700,280.1
162360,4936,57000,281.4
162370,4940,56800,280.6
162380,4940,57000,281.6
162390,4936,114800,566.7
162400,4936,56400,278.4
162410,4940,57700,285.0
162420,4936,56100,276.9
162430,4940,57600,284.5
162440,4936,56100,276.9
162450,4940,57700,285.0
162460,4936,56000,276.4
162470,4940,57600,284.5
162480,4936,56000,276.4
162490,4940,57600,284.5
162500,4936,56000,276.4
162510,4940,57600,284.5
162520,4936,56600,279.4
162530,4940,56900,281.1
162540,4936,56800,280.4
162550,4940,57000,281.6
162560,4936,56700,279.9
162570,4936,57000,281.4
162580,4940,57100,282.1
162590,4936,56100,276.9
162600,4816,204900,986.8
162610,4936,56000,276.4
162620,4940,57600,284.5
162630,4936,56000,276.4
162640,4940,57700,285.0
162650,4940,56000,276.6
162660,4940,57600,284.5
162670,4936,56000,276.4
162680,4940,57600,284.5
162690,4936,56700,279.9
162700,4816,143000,688.7
162710,4936,56700,279.9
162720,4940,57000,281.6
162730,4936,56700,279.9
162740,4936,57000,281.4
162750,4936,56700,279.9
162760,4936,56000,276.4
162770,4940,57700,285.0
162780,4936,56100,276.9
162790,4936,57700,284.8
162800,4816,141100,679.5
162810,4940,57600,284.5
162820,4936,56100,276.9
162830,4940,57600,284.5
162840,4936,56100,276.9
162850,4940,57600,284.5
162860,4936,56100,276.9
162870,4940,57600,284.5
162880,4940,56700,280.1
162890,4940,56900,281.1
162900,4936,56600,279.4
162910,4940,57000,281.6
162920,4940,56700,280.1
162930,4940,56000,276.6
162940,4940,57700,285.0
162950,4936,56100,276.9
162960,4936,57600,284.3
162970,4936,56000,276.4
162980,4940,57700,285.0
162990,4936,56100,276.9
163000,4940,57600,284.5
163010,4804,199000,956.0
163020,4940,57700,285.0
163030,4936,56000,276.4
163041,4940,57100,282.1
163050,4936,56700,279.9
163060,4940,57000,281.6
163070,4940,56700,280.1
163080,4940,57000,281.6
163090,4940,56700,280.1
163100,4940,56500,279.1
163110,4940,57700,285.0
163120,4876,56100,273.5
163130,4940,57700,285.0
163140,4936,56100,276.9
163150,4940,57600,284.5
163160,4936,56000,276.4
163170,4940,57600,284.5
163180,4936,56000,276.4
163190,4940,57600,284.5
163200,4936,56100,276.9
163210,4940,57600,284.5
163220,4780,177400,848.0
163230,4940,56900,281.1
163240,4936,56700,279.9
163250,4940,57000,281.6
163260,4940,56700,280.1
163270,4940,57000,281.6
163280,4940,56800,280.6
163290,4936,56000,276.4
163300,4940,57600,284.5
163310,4936,56100,276.9
163320,4940,57600,284.5
163330,4716,173400,817.8
163340,4940,57700,285.0
163350,4936,56100,276.9
163360,4940,57600,284.5
163370,4936,56000,276.4
163380,4940,57700,285.0
163390,4940,56600,279.6
163400,4940,57500,284.1
163410,4940,56700,280.1
163420,4940,57000,281.6
163430,4824,200900,969.1
163440,4940,57000,281.6
163450,4936,56700,279.9
163460,4936,56000,276.4
163470,4940,57600,284.5
163480,4936,56000,276.4
163490,4940,57700,285.0
163500,4936,56000,276.4
163510,4940,57600,284.5
163520,4936,56100,276.9
163530,4940,139800,690.6
163540,4936,56000,276.4
163550,4940,57600,284.5
163560,4940,56000,276.6
163570,4940,57600,284.5
163580,4936,56700,279.9
163590,4940,56900,281.1
163600,4936,56700,279.9
163610,4940,57000,281.6
163620,4936,56700,279.9
163630,4940,56000,276.6
163640,4816,143000,688.7
163650,4936,56000,276.4
163660,4940,57700,285.0
163670,4940,56100,277.1
163680,4940,57600,284.5
163690,4936,56000,276.4
163700,4940,57600,284.5
163710,4936,56000,276.4
163720,4940,57600,284.5
163730,4936,56000,276.4
163740,4936,57700,284.8
163750,4812,139100,669.3
163760,4940,57000,281.6
163770,4936,56700,279.9
163780,4940,56900,281.1
163790,4936,56700,279.9
163800,4940,56700,280.1
163810,4940,57500,284.1
163820,4936,56100,276.9
163830,4940,57600,284.5
163840,4940,56000,276.6
163850,4940,57600,284.5
163860,4936,56000,276.4
163870,4940,57700,285.0
163880,4936,56100,276.9
163890,4940,57600,284.5
163900,4936,56000,276.4
163910,4940,57600,284.5
163920,4936,56800,280.4
163930,4940,56900,281.1
163940,4936,56700,279.9
163950,4936,57000,281.4
163960,4788,79700,381.6
163970,4936,57000,281.4
163980,4940,56700,280.1
163990,4936,56100,276.9
164000,4940,57600,284.5
164010,4936,56000,276.4
164020,4940,57700,285.0
164030,4936,56100,276.9
164040,4940,57700,285.0
164050,4940,56000,276.6
164060,4936,57600,284.3
164070,4936,56100,276.9
164080,4940,57600,284.5
164090,4936,56400,278.4
164100,4940,57600,284.5
164110,4936,56700,279.9
164120,4940,57000,281.6
164130,4936,56700,279.9
164140,4940,57000,281.6
164150,4936,56700,279.9
164160,4936,56000,276.4
164170,4940,57600,284.5
164180,4936,56100,276.9
164190,4940,57700,285.0
164200,4936,56000,276.4
164210,4940,57600,284.5
164220,4936,56100,276.9
164230,4940,57600,284.5
164240,4936,56000,276.4
164250,4940,57700,285.0
164260,4936,56000,276.4
164270,4940,57600,284.5
164280,4716,138300,652.2
164290,4936,57000,281.4
164300,4940,56700,280.1
164310,4936,57000,281.4
164320,4936,56800,280.4
164330,4940,56100,277.1
164340,4940,57700,285.0
164350,4936,56000,276.4
164360,4940,57600,284.5
164370,4936,56100,276.9
164380,4816,147700,711.3
164390,4936,56100,276.9
164400,4940,57700,285.0
164410,4936,56000,276.4
164420,4936,57600,284.3
164430,4936,56000,276.4
164440,4940,57600,284.5
164450,4936,56600,279.4
164460,4940,57000,281.6
164470,4940,56600,279.6
164480,4936,56900,280.9
164490,4828,203300,981.5
164500,4940,56900,281.1
164510,4940,57200,282.6
164520,4936,56000,276.4
164530,4940,57600,284.5
164540,4936,56100,276.9
164550,4940,57600,284.5
164560,4936,56000,276.4
164570,4940,57600,284.5
164580,4936,56000,276.4
164590,4820,202200,974.6
164600,4936,56000,276.4
164610,4940,57600,284.5
164620,4936,56800,280.4
164630,4940,57100,282.1
164640,4936,56800,280.4
164650,4940,56900,281.1
164660,4940,56700,280.1
164671,4936,56100,276.9
164680,4940,56800,280.6
164690,4936,56000,276.4
164700,4832,138900,671.2
164710,4936,56000,276.4
164720,4940,57700,285.0
164730,4936,56000,276.4
164740,4940,57700,285.0
164750,4936,56000,276.4
164760,4940,57600,284.5
164770,4936,56100,276.9
164780,4940,57600,284.5
164790,4936,56300,277.9
164800,4816,141700,682.4
164810,4940,56700,280.1
164820,4940,57000,281.6
164830,4936,56700,279.9
164840,4940,57000,281.6
164850,4940,56700,280.1
164860,4936,56000,276.4
164870,4936,57600,284.3
164880,4936,56000,276.4
164890,4940,57700,285.0
164900,4816,141400,681.0
164910,4940,57600,284.5
164920,4936,56100,276.9
164930,4940,57600,284.5
164940,4936,56100,276.9
164950,4940,57600,284.5
164960,4936,56100,276.9
164970,4940,57700,285.0
164980,4936,56700,279.9
164990,4936,57000,281.4
165000,4792,73300,351.3
165010,4940,57000,281.6
165020,4936,56700,279.9
165030,4936,56400,278.4
165040,4940,57800,285.5
165050,4936,56000,276.4
165060,4940,57700,285.0
165070,4936,56000,276.4
165080,4940,57600,284.5
165090,4936,56000,276.4
165100,4940,57600,284.5
165110,4712,130300,614.0
165120,4940,57600,284.5
165130,4936,56000,276.4
165140,4940,57700,285.0
165150,4936,56700,279.9
165160,4940,57000,281.6
165170,4940,56800,280.6
165180,4936,57000,281.4
165190,4936,56700,279.9
165200,4940,56900,281.1
165210,4940,57200,282.6
165220,4820,217200,1046.9
165230,4940,57600,284.5
165240,4936,56000,276.4
165250,4940,57600,284.5
165260,4940,56000,276.6
165270,4940,57700,285.0
165280,4936,56000,276.4
165290,4940,57600,284.5
165300,4936,56000,276.4
165310,4940,57600,284.5
165320,4936,59600,294.2
165330,4940,57200,282.6
165340,4936,56700,279.9
165350,4940,57000,281.6
165360,4936,56700,279.9
165370,4936,57000,281.4
165380,4940,56700,280.1
165390,4936,56000,276.4
165400,4940,57600,284.5
165410,4936,56000,276.4
165420,4940,57600,284.5
165430,4856,153200,743.9
165440,4940,57700,285.0
165450,4936,56100,276.9
165460,4940,57600,284.5
165470,4936,56100,276.9
165480,4940,57400,283.6
165490,4936,56100,276.9
165500,4940,57700,285.0
165510,4936,56700,279.9
165520,4936,57000,281.4
165530,4940,56700,280.1
165540,4824,210200,1014.0
165550,4940,56700,280.1
165560,4940,56000,276.6
165570,4936,57700,284.8
165580,4936,56000,276.4
165590,4940,57600,284.5
165600,4936,56100,276.9
165610,4940,57600,284.5
165620,4936,56100,276.9
165630,4940,57600,284.5
165640,4936,56000,276.4
165650,4824,145500,701.9
165660,4936,56000,276.4
165670,4940,57600,284.5
165680,4936,56700,279.9
165690,4940,57000,281.6
165700,4940,56600,279.6
165710,4936,57000,281.4
165720,4936,56700,279.9
165730,4940,56500,279.1
165740,4940,57700,285.0
165750,4816,141400,681.0
165760,4940,57600,284.5
165770,4940,56100,277.1
165780,4936,57700,284.8
165790,4936,56000,276.4
165800,4940,57600,284.5
165810,4936,56000,276.4
165820,4940,57600,284.5
165830,4936,56000,276.4
165840,4940,57700,285.0
165850,4936,56700,279.9
165860,4820,208500,1005.0
165870,4936,56700,279.9
165880,4936,57000,281.4
165890,4936,56700,279.9
165900,4940,57000,281.6
165910,4940,56800,280.6
165920,4936,56000,276.4
165930,4940,57600,284.5
165940,4936,56100,276.9
165950,4940,57700,285.0
165960,4812,141300,679.9
165970,4940,57600,284.5
165980,4940,56000,276.6
165990,4936,57700,284.8
166000,4936,56000,276.4
166010,4940,57600,284.5
166020,4936,56600,279.4
166030,4940,57300,283.1
166040,4940,56700,280.1
166050,4936,57000,281.4
166060,4936,56700,279.9
166070,4732,140400,664.4
166080,4940,56700,280.1
166090,4936,56100,276.9
166100,4940,57700,285.0
166110,4936,56100,276.9
166120,4940,57700,285.0
166130,4936,56100,276.9
166140,4940,57600,284.5
166150,4936,56000,276.4
166160,4940,57600,284.5
166170,4808,141600,680.8
166180,4940,57700,285.0
166190,4936,56100,276.9
166200,4940,57600,284.5
166210,4936,56700,279.9
166220,4940,57000,281.6
166230,4936,56600,279.4
166240,4936,57100,281.8
166250,4936,56700,279.9
166260,4936,56000,276.4
166270,4936,57600,284.3
166280,4936,56000,276.4
166290,4940,57600,284.5
166301,4936,56100,276.9
166310,4940,57600,284.5
166320,4936,56100,276.9
166330,4940,57600,284.5
166340,4936,56000,276.4
166350,4940,57600,284.5
166360,4936,56200,277.4
166370,4936,57600,284.3
166380,4716,137400,648.0
166390,4940,57100,282.1
166400,4940,56700,280.1
166410,4936,56900,280.9
166420,4940,56700,280.1
166430,4940,56800,280.6
166440,4936,57500,283.8
166450,4936,56000,276.4
166460,4940,57600,284.5
166470,4936,56100,276.9
166480,4816,146900,707.5
166490,4936,56100,276.9
166500,4940,57600,284.5
166510,4936,56100,276.9
166520,4936,57700,284.8
166530,4936,56000,276.4
166540,4940,57600,284.5
166550,4936,56700,279.9
166560,4940,56900,281.1
166570,4936,56800,280.4
166580,4804,77100,370.4
166590,4936,138300,682.6
166600,4936,57000,281.4
166610,4940,56700,280.1
166620,4936,56000,276.4
166630,4936,57600,284.3
166640,4936,56000,276.4
166650,4940,57600,284.5
166660,4936,56100,276.9
166670,4940,57600,284.5
166680,4936,56100,276.9
166690,4940,57700,285.0
166700,4936,56100,276.9
166710,4940,57600,284.5
166720,4936,56500,278.9
166730,4940,57400,283.6
166740,4936,56700,279.9
166750,4940,57000,281.6
166760,4936,56700,279.9
166770,4940,57100,282.1
166780,4940,56700,280.1
166790,4936,56000,276.4
166800,4940,57500,284.1
166810,4936,56000,276.4
166820,4940,57600,284.5
166830,4936,56000,276.4
166840,4940,57600,284.5
166850,4936,56100,276.9
166860,4940,57700,285.0
166870,4936,56000,276.4
166880,4940,57600,284.5
166890,4936,56100,276.9
166900,4940,57600,284.5
166910,4936,56600,279.4
166920,4940,57000,281.6
166930,4940,56600,279.6
166940,4940,57000,281.6
166950,4940,56700,280.1
166960,4940,55900,276.1
166970,4936,57700,284.8
166980,4936,56000,276.4
166990,4940,57600,284.5
167000,4936,56000,276.4
167010,4940,57600,284.5
167020,4940,56000,276.6
167030,4940,57600,284.5
167040,4936,56000,276.4
167050,4940,57600,284.5
167060,4936,56000,276.4
167070,4940,57600,284.5
167080,4940,56700,280.1
167090,4808,143300,689.0
167100,4936,56700,279.9
167110,4936,56900,280.9
167120,4936,56800,280.4
167130,4940,56400,278.6
167140,4940,57700,285.0
167150,4936,56000,276.4
167160,4940,57700,285.0
167170,4936,56100,276.9
167180,4940,57600,284.5
167190,4936,56100,276.9
167200,4940,57700,285.0
167210,4936,56000,276.4
167220,4936,57700,284.8
167230,4936,56000,276.4
167240,4940,57600,284.5
167250,4936,56600,279.4
167260,4940,56900,281.1
167270,4936,56700,279.9
167280,4936,57000,281.4
167290,4936,56700,279.9
167300,4936,56900,280.9
167310,4940,57200,282.6
167320,4936,56100,276.9
167330,4940,57600,284.5
167340,4936,56000,276.4
167350,4940,57600,284.5
167360,4936,56000,276.4
167370,4940,57600,284.5
167380,4936,56000,276.4
167390,4936,57700,284.8
167400,4936,56000,276.4
167410,4940,57600,284.5
167420,4936,56700,279.9
167430,4940,56900,281.1
167440,4936,56600,279.4
167450,4940,56900,281.1
167460,4936,56600,279.4
167470,4940,56900,281.1
167480,4940,56700,280.1
167490,4936,56000,276.4
167500,4940,57700,285.0
167510,4936,56000,276.4
167520,4940,57500,284.1
167530,4936,56000,276.4
167540,4940,57600,284.5
167550,4936,56000,276.4
167560,4940,57600,284.5
167570,4936,56000,276.4
167580,4940,57600,284.5
167590,4936,56500,278.9
167600,4824,211500,1020.3
167610,4936,56700,279.9
167620,4940,57000,281.6
167630,4936,56700,279.9
167640,4940,57000,281.6
167650,4940,56700,280.1
167660,4936,56000,276.4
167670,4936,57600,284.3
167680,4936,56000,276.4
167690,4940,57600,284.5
167700,4936,56000,276.4
167710,4940,57600,284.5
167720,4936,56000,276.4
167730,4940,57600,284.5
167740,4936,56100,276.9
167750,4940,57600,284.5
167760,4936,56100,276.9
167770,4940,57600,284.5
167780,4936,56700,279.9
167790,4936,57000,281.4
167800,4940,56700,280.1
167810,4936,57000,281.4
167820,4940,56700,280.1
167830,4940,56000,276.6
167840,4940,57600,284.5
167850,4936,56000,276.4
167860,4940,57600,284.5
167870,4936,56100,276.9
167880,4940,57600,284.5
167890,4936,56100,276.9
167900,4940,57700,285.0
167910,4936,56000,276.4
167920,4940,57600,284.5
167930,4936,56000,276.4
167941,4940,57000,281.6
167950,4940,56700,280.1
167960,4936,56900,280.9
167970,4936,56700,279.9
167980,4940,56900,281.1
167990,4940,56700,280.1
168000,4936,56400,278.4
168010,4940,57600,284.5
168020,4936,56000,276.4
168030,4940,57600,284.5
168040,4936,56000,276.4
168050,4940,57600,284.5
168060,4936,56000,276.4
168070,4940,57600,284.5
168080,4936,56000,276.4
168090,4940,57600,284.5
168100,4936,56000,276.4
168110,4820,155300,748.5
168120,4936,56600,279.4
168130,4940,57000,281.6
168140,4936,56600,279.4
168150,4940,57000,281.6
168160,4936,56600,279.4
168170,4936,56900,280.9
168180,4940,57100,282.1
168190,4940,56000,276.6
168200,4940,57600,284.5
168210,4936,56100,276.9
168220,4940,57600,284.5
168230,4936,56000,276.4
168240,4940,57600,284.5
168250,4940,56000,276.6
168260,4940,57600,284.5
168270,4936,56000,276.4
168280,4940,57600,284.5
168290,4936,56800,280.4
168300,4940,56900,281.1
168310,4936,56700,279.9
168320,4936,56900,280.9
168330,4940,56700,280.1
168340,4936,57000,281.4
168350,4940,56600,279.6
168360,4936,56000,276.4
168370,4940,57600,284.5
168380,4936,56000,276.4
168390,4940,57500,284.1
168400,4936,55900,275.9
168410,4940,57600,284.5
168420,4936,56100,276.9
168430,4940,57500,284.1
168440,4940,56000,276.6
168450,4940,57600,284.5
168460,4936,56500,278.9
168470,4940,57500,284.1
168480,4940,56700,280.1
168490,4940,57000,281.6
168500,4940,56700,280.1
168510,4940,57000,281.6
168520,4936,56700,279.9
168530,4936,56000,276.4
168540,4940,57600,284.5
168550,4936,56000,276.4
168560,4940,57600,284.5
168570,4936,56000,276.4
168580,4940,57600,284.5
168590,4936,56000,276.4
168600,4940,57600,284.5
168610,4936,56000,276.4
168620,4820,142600,687.3
168630,4936,56100,276.9
168640,4940,57700,285.0
168650,4936,56700,279.9
168660,4940,56900,281.1
168670,4940,56700,280.1
168680,4940,56900,281.1
168690,4936,56800,280.4
168700,4936,56000,276.4
168710,4940,57600,284.5
168720,4940,56000,276.6
168730,4940,57600,284.5
168740,4936,56000,276.4
168750,4940,57700,285.0
168760,4936,56000,276.4
168770,4940,57600,284.5
168780,4936,56000,276.4
168790,4940,57600,284.5
168800,4936,56000,276.4
168810,4940,57500,284.1
168820,4940,56700,280.1
168830,4940,56900,281.1
168840,4940,56700,280.1
168850,4940,56900,281.1
168860,4940,56600,279.6
168870,4936,56300,277.9
168880,4936,57600,284.3
168890,4936,56000,276.4
168900,4940,57600,284.5
168910,4936,56000,276.4
168920,4940,57700,285.0
168930,4936,56000,276.4
168940,4940,57600,284.5
168950,4936,56000,276.4
168960,4940,57600,284.5
168970,4936,56000,276.4
168980,4940,57600,284.5
168990,4936,56600,279.4
169000,4936,57000,281.4
169010,4940,56600,279.6
169020,4936,56900,280.9
169030,4936,56600,279.4
169040,4936,56900,280.9
169050,4936,57200,282.3
169060,4936,56000,276.4
169070,4936,57600,284.3
169080,4936,56000,276.4
169090,4940,57600,284.5
169100,4936,56000,276.4
169110,4940,57600,284.5
169120,4840,150900,730.4
169130,4940,57600,284.5
169140,4936,56000,276.4
169150,4940,57600,284.5
169160,4936,56800,280.4
169170,4940,57000,281.6
169180,4936,56700,279.9
169190,4936,57000,281.4
169200,4936,56700,279.9
169210,4936,57000,281.4
169220,4936,56700,279.9
169230,4936,55900,275.9
169240,4940,57600,284.5
169250,4940,56000,276.6
169260,4940,57600,284.5
169270,4936,56000,276.4
169280,4940,57600,284.5
169290,4936,56000,276.4
169300,4940,57600,284.5
169310,4936,56100,276.9
169320,4940,57600,284.5
169330,4936,56500,278.9
169340,4936,57500,283.8
169350,4936,56700,279.9
169360,4936,57000,281.4
169370,4936,56700,279.9
169380,4940,56900,281.1
169390,4936,56600,279.4
169400,4936,56000,276.4
169410,4940,57600,284.5
169420,4936,56000,276.4
169430,4940,57600,284.5
169440,4936,56100,276.9
169450,4940,57600,284.5
169460,4936,56000,276.4
169470,4940,57600,284.5
169480,4936,56000,276.4
169490,4940,57600,284.5
169500,4936,56000,276.4
169510,4940,57600,284.5
169520,4940,56700,280.1
169530,4936,56900,280.9
169540,4936,56600,279.4
169550,4940,56900,281.1
169560,4936,56600,279.4
169570,4936,56000,276.4
169581,4920,62400,307.0
169590,4748,138900,659.5
169600,4940,57600,284.5
169610,4936,56000,276.4
169620,4940,57600,284.5
169630,4936,56000,276.4
169640,4940,57600,284.5
169650,4936,56000,276.4
169660,4940,57600,284.5
169670,4936,56000,276.4
169680,4940,57500,284.1
169690,4816,142500,686.3
169700,4936,57000,281.4
169710,4940,56700,280.1
169720,4940,57000,281.6
169730,4936,56700,279.9
169740,4940,56700,280.1
169750,4940,57500,284.1
169760,4936,56000,276.4
169770,4940,57600,284.5
169780,4936,56000,276.4
169790,4940,57600,284.5
169800,4808,142200,683.7
169810,4940,57700,285.0
169820,4936,56100,276.9
169830,4940,57600,284.5
169840,4936,56000,276.4
169850,4940,57600,284.5
169860,4936,56700,279.9
169870,4940,56900,281.1
169880,4940,56700,280.1
169890,4940,57000,281.6
169900,4816,145200,699.3
169910,4940,57000,281.6
169920,4940,56800,280.6
169930,4936,56000,276.4
169940,4940,57600,284.5
169950,4936,56000,276.4
169960,4936,57600,284.3
169970,4936,56000,276.4
169980,4940,57600,284.5
169990,4936,56100,276.9
170000,4940,57600,284.5
170010,4712,136900,645.1
170020,4940,57700,285.0
170030,4936,56400,278.4
170040,4940,57500,284.1
170050,4936,56700,279.9
170060,4936,57000,281.4
170070,4936,56700,279.9
170080,4936,57000,281.4
170090,4940,56700,280.1
170100,4936,56100,276.9
170110,4816,145800,702.2
170120,4936,56100,276.9
170130,4940,57600,284.5
170140,4936,56000,276.4
170150,4940,57600,284.5
170160,4936,56000,276.4
170170,4940,57600,284.5
170180,4936,56000,276.4
170190,4940,57600,284.5
170200,4936,56100,276.9
170210,4816,143300,690.1
170220,4936,56700,279.9
170230,4936,57000,281.4
170240,4936,56700,279.9
170250,4940,57000,281.6
170260,4936,56700,279.9
170270,4936,56100,276.9
170280,4936,57600,284.3
170290,4936,56000,276.4
170300,4940,57600,284.5
170310,4880,155100,756.9
170320,4940,57600,284.5
170330,4936,56000,276.4
170340,4940,57700,285.0
170350,4936,56100,276.9
170360,4940,57600,284.5
170370,4936,56100,276.9
170380,4940,57600,284.5
170390,4936,56700,279.9
170400,4940,57000,281.6
170410,4936,56700,279.9
170420,4764,163100,777.0
170430,4936,56600,279.4
170440,4940,56900,281.1
170450,4940,57300,283.1
170460,4936,56000,276.4
170470,4940,57700,285.0
170480,4936,56000,276.4
170490,4940,57700,285.0
170500,4936,56000,276.4
170510,4940,57600,284.5
170520,4940,56000,276.6
170530,4824,130800,631.0
170540,4936,56100,276.9
170550,4940,57700,285.0
170560,4936,56700,279.9
170570,4940,56900,281.1
170580,4940,56700,280.1
170590,4936,57000,281.4
170600,4936,56700,279.9
170610,4936,56900,280.9
170620,4940,56800,280.6
170630,4836,211200,1021.4
170640,4940,57600,284.5
170650,4936,56000,276.4
170660,4940,57600,284.5
170670,4936,56000,276.4
170680,4940,57600,284.5
170690,4936,56000,276.4
170700,4940,57600,284.5
170710,4936,55900,275.9
170720,4940,57600,284.5
170730,4708,130600,614.9
170740,4940,57500,284.1
170750,4936,56700,279.9
170760,4940,57000,281.6
170770,4936,56700,279.9
170780,4940,57000,281.6
170790,4940,56700,280.1
170800,4936,56000,276.4
170810,4940,57600,284.5
170820,4936,56000,276.4
170830,4824,152200,734.2
170840,4936,56000,276.4
170850,4940,57600,284.5
170860,4936,56000,276.4
170870,4940,57600,284.5
170880,4936,56100,276.9
170890,4936,57600,284.3
170900,4936,56000,276.4
170910,4940,57700,285.0
170920,4940,56700,280.1
170930,4936,56900,280.9
170940,4760,138300,658.3
170950,4940,57000,281.6
170960,4936,56700,279.9
170970,4936,56100,276.9
170980,4936,57700,284.8
170990,4936,56100,276.9
171000,4940,57700,285.0
171010,4936,56000,276.4
171020,4940,57700,285.0
171030,4936,56000,276.4
171040,4816,143200,689.7
171050,4936,56000,276.4
171060,4940,57600,284.5
171070,4936,56100,276.9
171080,4940,57700,285.0
171090,4936,56600,279.4
171100,4940,57000,281.6
171110,4940,56600,279.6
171120,4940,57000,281.6
171130,4936,56700,279.9
171140,4940,56800,280.6
171150,4704,129100,607.3
171160,4936,56100,276.9
171170,4940,57700,285.0
171180,4936,56000,276.4
171190,4940,57700,285.0
171200,4936,56000,276.4
171211,4940,57700,285.0
171220,4936,56000,276.4
171230,4940,57700,285.0
171240,4936,56000,276.4
171250,4828,134500,649.4
171260,4936,56700,279.9
171270,4940,57000,281.6
171280,4936,56700,279.9
171290,4936,57000,281.4
171300,4936,56700,279.9
171310,4936,57000,281.4
171320,4940,56800,280.6
171330,4936,56000,276.4
171340,4940,57700,285.0
171350,4940,58900,291.0
171360,4940,57600,284.5
171370,4936,56000,276.4
171380,4940,57600,284.5
171390,4936,56000,276.4
171400,4940,57600,284.5
171410,4936,56000,276.4
171420,4940,57600,284.5
171430,4936,56300,277.9
171440,4940,57600,284.5
171450,4940,56700,280.1
171460,4928,149300,735.8
171470,4940,56700,280.1
171480,4940,57000,281.6
171490,4936,56700,279.9
171500,4936,56000,276.4
171510,4940,57600,284.5
171520,4940,56100,277.1
171530,4940,57600,284.5
171540,4936,56000,276.4
171550,4940,57700,285.0
171560,4936,56100,276.9
171570,4816,205000,987.3
171580,4936,56000,276.4
171590,4940,57700,285.0
171600,4936,56000,276.4
171610,4940,57600,284.5
171620,4940,56700,280.1
171630,4940,56900,281.1
171640,4940,56800,280.6
171650,4940,57000,281.6
171660,4936,56700,279.9
171670,4936,59000,291.2
171680,4936,57700,284.8
171690,4936,56100,276.9
171700,4940,57600,284.5
171710,4936,56000,276.4
171720,4940,57600,284.5
171730,4936,56100,276.9
171740,4940,57700,285.0
171750,4936,56000,276.4
171760,4940,57700,285.0
171770,4936,56000,276.4
171780,4816,141900,683.4
171790,4936,56700,279.9
171800,4940,57000,281.6
171810,4936,56700,279.9
171820,4936,57000,281.4
171830,4940,56700,280.1
171840,4940,57000,281.6
171850,4940,57200,282.6
171860,4936,56100,276.9
171870,4940,57600,284.5
171880,4936,56000,276.4
171890,4816,147400,709.9
171900,4936,56100,276.9
171910,4940,57600,284.5
171920,4936,56000,276.4
171930,4940,57700,285.0
171940,4936,56000,276.4
171950,4936,57600,284.3
171960,4936,56800,280.4
171970,4936,57100,281.8
171980,4940,56700,280.1
171990,4932,148400,731.9
172000,4940,56700,280.1
172010,4940,57100,282.1
172020,4936,56800,280.4
172030,4936,56000,276.4
172040,4940,57600,284.5
172050,4936,56100,276.9
172060,4940,57700,285.0
172070,4936,56000,276.4
172080,4940,56800,280.6
172090,4940,55900,276.1
172100,4940,56900,281.1
172110,4940,55900,276.1
172120,4940,56900,281.1
172130,4936,56100,276.9
172140,4940,56800,280.6
172150,4940,56400,278.6
172160,4940,56200,277.6
172170,4940,56500,279.1
# summary, ms_total=172174, adv_count=1165, E_total_mJ=52283.737, subject=uccs_d4b_scan90
# diag, samples=17217, rate_hz=100.00, mean_v=4.931, mean_i=61.703, mean_p_mW=303.7, parse_drop=0
