ms,mV,uA,p_mW
# meta, firmware=TXSD_UCCS_D4B_SCAN90, cond_id=1, tag=s4_fixed100, subject=uccs_d4b_scan90
11,4936,57300,282.8
21,4932,55700,274.7
31,4932,57300,282.6
41,4932,57300,282.6
51,4932,57400,283.1
61,4796,141800,680.1
71,4936,57400,283.3
81,4932,55800,275.2
91,4932,56700,279.6
101,4932,56400,278.2
111,4932,56700,279.6
121,4932,56400,278.2
131,4932,56300,277.7
141,4912,57000,280.0
151,4932,55700,274.7
161,4932,57300,282.6
171,4792,58100,278.4
181,4936,57300,282.8
191,4932,55700,274.7
201,4936,57300,282.8
211,4932,55800,275.2
221,4936,57300,282.8
231,4932,55700,274.7
241,4932,57300,282.6
251,4932,55700,274.7
261,4932,57300,282.6
271,4820,217200,1046.9
281,4932,56700,279.6
291,4932,56300,277.7
301,4936,56700,279.9
311,4932,56400,278.2
321,4932,56700,279.6
331,4932,56400,278.2
341,4932,55700,274.7
351,4932,57300,282.6
361,4932,55700,274.7
371,4808,138500,665.9
381,4932,55800,275.2
391,4936,57300,282.8
401,4932,55800,275.2
411,4936,57300,282.8
421,4932,55800,275.2
431,4936,57300,282.8
441,4932,56600,279.2
451,4932,57300,282.6
461,4932,55700,274.7
471,4936,56900,280.9
481,4696,132400,621.8
491,4932,56700,279.6
501,4932,56400,278.2
511,4932,56700,279.6
521,4932,56400,278.2
531,4932,55800,275.2
541,4916,57300,281.7
551,4932,55800,275.2
561,4936,57300,282.8
571,4932,55800,275.2
581,4932,60200,296.9
591,4932,55800,275.2
601,4932,57300,282.6
611,4932,55700,274.7
621,4936,57300,282.8
631,4932,55700,274.7
641,4932,57300,282.6
651,4932,55700,274.7
661,4936,57300,282.8
671,4932,55700,274.7
681,4932,56700,279.6
691,4696,133000,624.6
701,4932,56700,279.6
711,4932,56300,277.7
721,4932,56600,279.2
731,4932,56700,279.6
741,4932,55700,274.7
751,4936,57300,282.8
761,4932,55700,274.7
771,4932,57300,282.6
781,4932,55700,274.7
791,4936,57300,282.8
801,4804,175400,842.6
811,4932,57300,282.6
821,4932,55700,274.7
831,4932,57300,282.6
841,4932,56100,276.7
851,4936,57300,282.8
861,4932,55700,274.7
871,4936,56700,279.9
881,4932,56400,278.2
891,4936,56600,279.4
901,4932,56300,277.7
911,4812,135300,651.1
921,4932,56400,278.2
931,4932,55700,274.7
941,4912,57300,281.5
951,4932,55700,274.7
961,4936,57300,282.8
971,4932,55700,274.7
981,4936,57300,282.8
991,4932,55600,274.2
1001,4932,57300,282.6
1011,4932,55700,274.7
1021,4936,57300,282.8
1031,4932,55700,274.7
1041,4932,57400,283.1
1051,4932,55800,275.2
1061,4936,57200,282.3
1071,4932,56100,276.7
1081,4932,56700,279.6
1091,4932,56400,278.2
1101,4932,56600,279.2
1111,4932,56400,278.2
1121,4928,117200,577.6
1131,4936,57300,282.8
1141,4932,55700,274.7
1151,4932,57400,283.1
1161,4932,55700,274.7
1171,4936,57300,282.8
1181,4932,55700,274.7
1191,4936,57300,282.8
1201,4932,55700,274.7
1211,4936,57300,282.8
1221,4932,55600,274.2
1231,4808,189600,911.6
1241,4932,56100,276.7
1251,4936,57300,282.8
1261,4932,55700,274.7
1271,4932,56700,279.6
1281,4932,56400,278.2
1291,4936,56700,279.9
1301,4932,56300,277.7
1311,4932,56600,279.2
1321,4932,56500,278.7
1331,4932,55700,274.7
1341,4784,134600,643.9
1351,4932,55700,274.7
1361,4936,57300,282.8
1371,4932,55700,274.7
1381,4932,57300,282.6
1391,4932,55700,274.7
1401,4936,57300,282.8
1411,4932,55800,275.2
1421,4936,57400,283.3
1431,4932,55700,274.7
1441,4804,141200,678.3
1451,4932,55700,274.7
1461,4936,56700,279.9
1471,4932,56400,278.2
1481,4932,56700,279.6
1491,4932,56400,278.2
1501,4932,56700,279.6
1511,4932,56300,277.7
1521,4932,55700,274.7
1531,4932,57300,282.6
1541,4932,55700,274.7
1551,4804,138800,666.8
1561,4932,55700,274.7
1571,4936,57300,282.8
1581,4932,55800,275.2
1591,4936,57300,282.8
1601,4932,55700,274.7
1611,4936,57300,282.8
1621,4932,55800,275.2
1631,4936,57300,282.8
1641,4860,56300,273.6
1651,4936,57300,282.8
1661,4820,219900,1059.9
1671,4936,56600,279.4
1681,4932,56400,278.2
1691,4932,56700,279.6
1701,4932,56400,278.2
1711,4936,56300,277.9
1721,4932,57100,281.6
1731,4932,55700,274.7
1741,4916,57300,281.7
1751,4932,55700,274.7
1761,4932,57300,282.6
1771,4932,55700,274.7
1781,4936,57300,282.8
1791,4932,55700,274.7
1801,4936,57300,282.8
1811,4932,55700,274.7
1821,4936,57300,282.8
1831,4932,55700,274.7
1842,4936,57200,282.3
1851,4932,55700,274.7
1861,4936,56700,279.9
1871,4692,132400,621.2
1881,4932,56700,279.6
1891,4932,56300,277.7
1901,4932,56700,279.6
1911,4932,56700,279.6
1921,4932,55800,275.2
1931,4936,57300,282.8
1941,4932,55700,274.7
1951,4936,57300,282.8
1961,4928,55700,274.5
1971,4932,61900,305.3
1981,4932,55800,275.2
1991,4936,57300,282.8
2001,4932,55800,275.2
2011,4932,57400,283.1
2021,4932,55700,274.7
2031,4936,57300,282.8
2041,4872,55700,271.4
2051,4936,56700,279.9
2061,4932,56400,278.2
2071,4928,101000,497.7
2081,4932,56400,278.2
2091,4932,56400,278.2
2101,4932,57100,281.6
2111,4932,55700,274.7
2121,4936,57300,282.8
2131,4932,55700,274.7
2141,4920,57300,281.9
2151,4932,55700,274.7
2161,4936,57300,282.8
2171,4932,55700,274.7
2181,4780,140000,669.2
2191,4932,55700,274.7
2201,4932,57400,283.1
2211,4932,55700,274.7
2221,4932,57300,282.6
2231,4932,56000,276.2
2241,4936,56700,279.9
2251,4932,56400,278.2
2261,4936,56700,279.9
2271,4932,56300,277.7
2281,4932,55700,274.7
2291,4932,57400,283.1
2301,4932,55700,274.7
2311,4932,57300,282.6
2321,4932,55800,275.2
2331,4936,57300,282.8
2341,4932,55700,274.7
2351,4936,57300,282.8
2361,4932,55700,274.7
2371,4932,57300,282.6
2381,4932,55700,274.7
2391,4928,75900,374.0
2401,4932,55700,274.7
2411,4936,57000,281.4
2421,4932,56400,278.2
2431,4936,56700,279.9
2441,4896,56300,275.6
2451,4936,56700,279.9
2461,4936,56400,278.4
2471,4932,55700,274.7
2481,4932,57300,282.6
2491,4932,55700,274.7
2501,4788,137600,658.8
2511,4932,55700,274.7
2521,4936,57400,283.3
2531,4932,55700,274.7
2541,4924,57200,281.7
2551,4932,55700,274.7
2561,4936,57300,282.8
2571,4932,55700,274.7
2581,4936,57300,282.8
2591,4932,55700,274.7
2601,4928,82700,407.5
2611,4932,56400,278.2
2621,4932,56700,279.6
2631,4932,56400,278.2
2641,4932,56600,279.2
2651,4932,56400,278.2
2661,4932,55700,274.7
2671,4932,57300,282.6
2681,4932,55600,274.2
2691,4936,57300,282.8
2701,4932,55700,274.7
2711,4816,137900,664.1
2721,4932,55700,274.7
2731,4932,57300,282.6
2741,4932,60700,299.4
2751,4936,57400,283.3
2761,4932,55700,274.7
2771,4936,57300,282.8
2781,4932,55700,274.7
2791,4932,56600,279.2
2801,4932,56400,278.2
2811,4796,141800,680.1
2821,4932,56400,278.2
2831,4932,56700,279.6
2841,4908,56400,276.8
2851,4932,55800,275.2
2861,4936,57300,282.8
2871,4932,55700,274.7
2881,4936,57300,282.8
2891,4932,55700,274.7
2901,4932,57300,282.6
2911,4932,55700,274.7
2921,4804,164600,790.7
2931,4932,55700,274.7
2941,4932,57300,282.6
2951,4932,55700,274.7
2961,4932,57300,282.6
2971,4932,55700,274.7
2981,4932,56600,279.2
2991,4932,56400,278.2
3001,4936,56700,279.9
3011,4932,56400,278.2
3021,4932,56500,278.7
3031,4932,56800,280.1
3041,4932,55700,274.7
3051,4936,57300,282.8
3061,4932,55700,274.7
3071,4936,57400,283.3
3081,4932,55700,274.7
3091,4936,57300,282.8
3101,4932,55700,274.7
3111,4932,57300,282.6
3121,4932,55700,274.7
3131,4932,72400,357.1
3141,4924,124300,612.1
3151,4932,57400,283.1
3161,4932,55800,275.2
3171,4932,56600,279.2
3181,4932,56400,278.2
3191,4936,56700,279.9
3201,4932,56400,278.2
3211,4932,56100,276.7
3221,4932,57200,282.1
3231,4932,55700,274.7
3241,4800,138100,662.9
3251,4932,55800,275.2
3261,4936,57300,282.8
3271,4932,55700,274.7
3281,4936,57300,282.8
3291,4932,55700,274.7
3301,4932,57300,282.6
3311,4932,55700,274.7
3321,4932,57300,282.6
3331,4932,55700,274.7
3341,4936,57300,282.8
3351,4700,136800,643.0
3361,4932,56600,279.2
3371,4932,56400,278.2
3381,4932,56700,279.6
3391,4932,56300,277.7
3401,4932,55800,275.2
3411,4932,57300,282.6
3421,4932,55700,274.7
3431,4936,57300,282.8
3441,4932,55700,274.7
3451,4936,57300,282.8
3461,4808,151300,727.5
3471,4932,57300,282.6
3481,4932,55800,275.2
3491,4936,57300,282.8
3501,4932,55700,274.7
3511,4932,57300,282.6
3521,4932,55800,275.2
3531,4936,56800,280.4
3541,4876,56400,275.0
3551,4932,56700,279.6
3561,4932,59300,292.5
3571,4932,56700,279.6
3581,4932,56400,278.2
3591,4932,55700,274.7
3601,4936,57300,282.8
3612,4932,55700,274.7
3621,4932,57400,283.1
3631,4932,55700,274.7
3641,4916,57300,281.7
3651,4932,55700,274.7
3661,4936,57300,282.8
3671,4796,140300,672.9
3681,4936,57300,282.8
3691,4932,55700,274.7
3701,4932,57400,283.1
3711,4932,55600,274.2
3721,4936,56700,279.9
3731,4932,56400,278.2
3741,4936,56700,279.9
3751,4932,56400,278.2
3761,4932,56600,279.2
3771,4796,145100,695.9
3781,4932,55700,274.7
3791,4936,57400,283.3
3801,4932,55700,274.7
3811,4932,57300,282.6
3821,4932,55800,275.2
3831,4936,57300,282.8
3841,4932,55700,274.7
3851,4936,57300,282.8
3861,4932,55800,275.2
3871,4780,142100,679.2
3881,4932,55700,274.7
3891,4936,57300,282.8
3901,4932,55800,275.2
3911,4932,56700,279.6
3921,4932,56400,278.2
3931,4932,56700,279.6
3941,4896,56400,276.1
3951,4932,56700,279.6
3961,4932,56500,278.7
3971,4932,55700,274.7
3981,4804,141100,677.8
3991,4932,55700,274.7
4001,4936,57400,283.3
4011,4932,55700,274.7
4021,4936,57400,283.3
4031,4936,55700,274.9
4041,4924,57300,282.1
4051,4932,55700,274.7
4061,4936,57300,282.8
4071,4932,55700,274.7
4081,4936,57300,282.8
4091,4736,155100,734.6
4101,4932,56700,279.6
4111,4932,56400,278.2
4121,4932,56700,279.6
4131,4932,56400,278.2
4141,4936,56600,279.4
4151,4932,56800,280.1
4161,4932,55700,274.7
4171,4936,57300,282.8
4181,4932,55700,274.7
4191,4788,136800,655.0
4201,4932,55800,275.2
4211,4936,57300,282.8
4221,4932,55800,275.2
4231,4936,57300,282.8
4241,4932,60700,299.4
4251,4936,57300,282.8
4261,4932,55700,274.7
4271,4936,57300,282.8
4281,4932,55800,275.2
4291,4816,130300,627.5
4301,4932,56400,278.2
4311,4936,56600,279.4
4321,4932,56400,278.2
4331,4936,56000,276.4
4341,4908,57300,281.2
4351,4932,55800,275.2
4361,4932,57200,282.1
4371,4932,55700,274.7
4381,4936,57300,282.8
4391,4932,55700,274.7
4401,4932,57300,282.6
4411,4932,55700,274.7
4421,4936,57400,283.3
4431,4932,55700,274.7
4441,4928,57300,282.4
4451,4932,55800,275.2
4461,4932,57300,282.6
4471,4932,56200,277.2
4481,4932,56600,279.2
4491,4932,56400,278.2
4501,4816,139200,670.4
4511,4932,56400,278.2
4521,4932,55800,275.2
4531,4932,57300,282.6
4541,4932,55700,274.7
4551,4936,57300,282.8
4561,4932,55700,274.7
4571,4936,57300,282.8
4581,4932,55700,274.7
4591,4932,57300,282.6
4601,4780,141600,676.8
4611,4936,57300,282.8
4621,4932,55700,274.7
4631,4936,57300,282.8
4641,4848,57500,278.8
4651,4932,56900,280.6
4661,4932,56400,278.2
4671,4936,56700,279.9
4681,4932,56300,277.7
4691,4932,56700,279.6
4701,4932,56300,277.7
4711,4816,133100,641.0
4721,4932,57300,282.6
4731,4932,55700,274.7
4741,4916,57300,281.7
4751,4932,55700,274.7
4761,4936,57300,282.8
4771,4932,55800,275.2
4781,4932,57300,282.6
4791,4932,55700,274.7
4801,4936,57300,282.8
4811,4804,168600,810.0
4821,4936,57300,282.8
4831,4932,55700,274.7
4841,4932,56700,279.6
4851,4932,56400,278.2
4861,4932,56700,279.6
4871,4932,56400,278.2
4881,4936,56700,279.9
4891,4932,56400,278.2
4901,4928,55700,274.5
4911,4936,57300,282.8
4921,4808,189900,913.0
4931,4936,57400,283.3
4941,4932,55700,274.7
4951,4936,57300,282.8
4961,4932,55700,274.7
4971,4936,57300,282.8
4981,4932,55700,274.7
4991,4932,57300,282.6
5001,4932,55700,274.7
5011,4936,57200,282.3
5021,4796,140400,673.4
5031,4936,56700,279.9
5041,4868,56400,274.6
5051,4932,56700,279.6
5061,4936,56300,277.9
5071,4932,56700,279.6
5081,4932,56500,278.7
5091,4932,55700,274.7
5101,4936,57300,282.8
5111,4932,55700,274.7
5121,4804,141600,680.2
5131,4932,55700,274.7
5141,4920,57300,281.9
5151,4932,55700,274.7
5161,4936,57300,282.8
5171,4932,55700,274.7
5181,4936,57300,282.8
5191,4932,55700,274.7
5201,4936,57300,282.8
5211,4932,55700,274.7
5221,4800,146400,702.7
5231,4932,56400,278.2
5241,4932,56700,279.6
5251,4932,56400,278.2
5261,4932,56600,279.2
5271,4932,56800,280.1
5281,4932,55700,274.7
5291,4932,57300,282.6
5301,4932,55700,274.7
5311,4936,57300,282.8
5321,4932,55700,274.7
5331,4936,57300,282.8
5341,4932,64400,317.6
5351,4936,57300,282.8
5361,4932,55700,274.7
5371,4936,57300,282.8
5381,4932,55700,274.7
5392,4932,56700,279.6
5401,4932,55700,274.7
5411,4932,56600,279.2
5421,4932,56400,278.2
5431,4680,116500,545.2
5441,4892,56400,275.9
5451,4936,56200,277.4
5461,4932,57300,282.6
5471,4932,55700,274.7
5481,4932,57300,282.6
5491,4932,55700,274.7
5501,4936,57300,282.8
5511,4932,55700,274.7
5521,4936,57300,282.8
5531,4932,55700,274.7
5541,4932,57400,283.1
5551,4932,55700,274.7
5561,4936,57300,282.8
5571,4932,55700,274.7
5581,4932,57200,282.1
5591,4932,56200,277.2
5601,4932,56700,279.6
5611,4932,56300,277.7
5621,4932,56700,279.6
5631,4932,56400,278.2
5641,4804,144000,691.8
5651,4932,57300,282.6
5661,4932,55700,274.7
5671,4936,57300,282.8
5681,4932,55700,274.7
5691,4932,57300,282.6
5701,4932,55700,274.7
5711,4936,57300,282.8
5721,4932,55800,275.2
5731,4936,57300,282.8
5741,4932,62000,305.8
5751,4820,133800,644.9
5761,4932,55800,275.2
5771,4936,57000,281.4
5781,4932,56500,278.7
5791,4932,56700,279.6
5801,4932,56400,278.2
5811,4932,56700,279.6
5821,4932,56400,278.2
5831,4932,55800,275.2
5841,4908,57300,281.2
5851,4932,55800,275.2
5861,4704,140100,659.0
5871,4932,55700,274.7
5881,4936,57300,282.8
5891,4932,55800,275.2
5901,4936,57200,282.3
5911,4932,55800,275.2
5921,4936,57300,282.8
5931,4932,55700,274.7
5941,4928,57300,282.4
5951,4932,55700,274.7
5961,4756,138200,657.3
5971,4932,56400,278.2
5981,4932,56600,279.2
5991,4932,56500,278.7
6001,4932,56700,279.6
6011,4932,56400,278.2
6021,4932,55700,274.7
6031,4932,57300,282.6
6041,4932,55700,274.7
6051,4936,57300,282.8
6061,4932,55700,274.7
6071,4696,138200,649.0
6081,4932,55700,274.7
6091,4932,57300,282.6
6101,4932,55700,274.7
6111,4936,57300,282.8
6121,4932,55700,274.7
6131,4936,57300,282.8
6141,4848,58000,281.2
6151,4936,56700,279.9
6161,4932,56300,277.7
6171,4800,145400,697.9
6181,4932,56300,277.7
6191,4932,56700,279.6
6201,4932,56400,278.2
6211,4932,55700,274.7
6221,4936,57300,282.8
6231,4932,55700,274.7
6241,4912,57300,281.5
6251,4932,55700,274.7
6261,4936,57300,282.8
6271,4932,55700,274.7
6281,4812,135300,651.1
6291,4932,55700,274.7
6301,4936,57300,282.8
6311,4932,55700,274.7
6321,4932,57300,282.6
6331,4932,55700,274.7
6341,4928,56600,278.9
6351,4932,56300,277.7
6361,4932,56700,279.6
6371,4932,56400,278.2
6381,4928,93800,462.2
6391,4932,56800,280.1
6401,4932,55800,275.2
6411,4936,57300,282.8
6421,4932,55700,274.7
6431,4936,57300,282.8
6441,4932,55800,275.2
6451,4936,57300,282.8
6461,4932,55700,274.7
6471,4936,57300,282.8
6481,4932,55700,274.7
6491,4804,145700,699.9
6501,4932,55700,274.7
6511,4936,57300,282.8
6521,4932,55800,275.2
6531,4936,56600,279.4
6541,4864,56400,274.3
6551,4932,56600,279.2
6561,4932,56300,277.7
6571,4932,56100,276.7
6581,4932,57300,282.6
6591,4932,55700,274.7
6601,4936,57300,282.8
6611,4932,55800,275.2
6621,4932,57300,282.6
6631,4932,55700,274.7
6641,4920,57400,282.4
6651,4932,55600,274.2
6661,4932,57300,282.6
6671,4932,55700,274.7
6681,4936,57300,282.8
6691,4932,55700,274.7
6701,4756,138200,657.3
6711,4932,56000,276.2
6721,4936,56700,279.9
6731,4932,56400,278.2
6741,4932,56700,279.6
6751,4932,56300,277.7
6761,4932,55700,274.7
6771,4932,57400,283.1
6781,4932,55700,274.7
6791,4932,57300,282.6
6801,4932,120000,591.8
6811,4936,57400,283.3
6821,4932,55700,274.7
6831,4936,57300,282.8
6841,4932,64600,318.6
6851,4936,57300,282.8
6861,4932,55800,275.2
6871,4936,57300,282.8
6881,4932,55700,274.7
6891,4936,56900,280.9
6901,4932,56400,278.2
6911,4788,133700,640.2
6921,4932,56400,278.2
6931,4936,56600,279.4
6941,4888,56500,276.2
6951,4932,55700,274.7
6961,4936,57300,282.8
6971,4932,55700,274.7
6981,4936,57300,282.8
6991,4932,55700,274.7
7001,4932,57300,282.6
7011,4800,141400,678.7
7021,4936,57300,282.8
7031,4932,55700,274.7
7041,4924,57300,282.1
7051,4932,55700,274.7
7061,4936,57300,282.8
7071,4936,55700,274.9
7081,4936,56600,279.4
7091,4932,56400,278.2
7101,4932,56600,279.2
7111,4932,56400,278.2
7121,4812,139500,671.3
7131,4932,56400,278.2
7141,4932,55800,275.2
7151,4936,57300,282.8
7162,4932,55800,275.2
7171,4936,57300,282.8
7181,4932,55700,274.7
7191,4932,57300,282.6
7201,4932,55700,274.7
7211,4936,57300,282.8
7221,4792,140300,672.3
7231,4936,57300,282.8
7241,4932,61900,305.3
7251,4936,57300,282.8
7261,4932,55600,274.2
7271,4932,56600,279.2
7281,4932,56300,277.7
7291,4936,56700,279.9
7301,4936,56300,277.9
7311,4932,56700,279.6
7321,4936,59400,293.2
7331,4932,55700,274.7
7341,4908,57400,281.7
7351,4932,55700,274.7
7361,4936,57300,282.8
7371,4932,55700,274.7
7381,4936,57400,283.3
7391,4932,55700,274.7
7401,4932,57300,282.6
7411,4932,55700,274.7
7421,4936,57300,282.8
7431,4848,55700,270.0
7441,4928,57400,282.9
7451,4932,55700,274.7
7461,4932,56700,279.6
7471,4932,56400,278.2
7481,4932,56700,279.6
7491,4932,56400,278.2
7501,4932,56600,279.2
7511,4932,56900,280.6
7521,4932,55700,274.7
7531,4732,134600,636.9
7541,4932,55800,275.2
7551,4936,57300,282.8
7561,4932,55700,274.7
7571,4936,57300,282.8
7581,4932,55700,274.7
7591,4936,57400,283.3
7601,4932,55700,274.7
7611,4932,57300,282.6
7621,4932,55700,274.7
7631,4932,57300,282.6
7641,4860,55800,271.2
7651,4932,56700,279.6
7661,4932,56400,278.2
7671,4936,56700,279.9
7681,4932,56400,278.2
7691,4936,56200,277.4
7701,4932,57200,282.1
7711,4932,55800,275.2
7721,4932,57300,282.6
7731,4932,55700,274.7
7741,4804,141700,680.7
7751,4932,55700,274.7
7761,4936,57300,282.8
7771,4932,55700,274.7
7781,4936,57300,282.8
7791,4932,55800,275.2
7801,4932,57200,282.1
7811,4932,55700,274.7
7821,4932,57200,282.1
7831,4932,56200,277.2
7841,4804,146400,703.3
7851,4932,56300,277.7
7861,4936,56700,279.9
7871,4932,56400,278.2
7881,4932,55800,275.2
7891,4932,57300,282.6
7901,4932,55700,274.7
7911,4932,57300,282.6
7921,4932,55700,274.7
7931,4932,57300,282.6
7941,4800,141700,680.2
7951,4936,57300,282.8
7961,4932,55800,275.2
7971,4932,57300,282.6
7981,4932,55700,274.7
7991,4936,57300,282.8
8001,4932,55700,274.7
8011,4932,56900,280.6
8021,4932,56400,278.2
8031,4932,56700,279.6
8041,4764,140800,670.8
8051,4932,56600,279.2
8061,4932,56400,278.2
8071,4932,55600,274.2
8081,4932,57300,282.6
8091,4932,55800,275.2
8101,4936,57300,282.8
8111,4932,55800,275.2
8121,4936,57300,282.8
8131,4932,55700,274.7
8141,4916,57300,281.7
8151,4812,139000,668.9
8161,4932,57300,282.6
8171,4932,55700,274.7
8181,4936,57300,282.8
8191,4932,55600,274.2
8201,4932,56700,279.6
8211,4932,56500,278.7
8221,4932,56700,279.6
8231,4932,56400,278.2
8241,4932,56600,279.2
8251,4932,56300,277.7
8261,4932,55700,274.7
8271,4932,57300,282.6
8281,4932,55700,274.7
8291,4936,57200,282.3
8301,4932,55700,274.7
8311,4936,57300,282.8
8321,4932,55800,275.2
8331,4932,57300,282.6
8341,4932,64600,318.6
8351,4936,57300,282.8
8361,4796,216000,1035.9
8371,4932,57300,282.6
8381,4932,55800,275.2
8391,4932,56600,279.2
8401,4932,56300,277.7
8411,4932,56700,279.6
8421,4936,56300,277.9
8431,4932,56600,279.2
8441,4888,56500,276.2
8451,4932,55700,274.7
8461,4808,143500,689.9
8471,4932,55700,274.7
8481,4936,57300,282.8
8491,4932,55700,274.7
8501,4936,57300,282.8
8511,4932,55700,274.7
8521,4936,57300,282.8
8531,4932,55700,274.7
8541,4924,57300,282.1
8551,4932,55700,274.7
8561,4936,57300,282.8
8571,4800,141500,679.2
8581,4932,56700,279.6
8591,4932,56400,278.2
8601,4936,56700,279.9
8611,4932,56400,278.2
8621,4936,56600,279.4
8631,4932,56800,280.1
8641,4932,55700,274.7
8651,4936,57300,282.8
8661,4932,55700,274.7
8671,4936,57300,282.8
8681,4748,79400,377.0
8691,4936,57300,282.8
8701,4932,55700,274.7
8711,4932,57300,282.6
8721,4932,55700,274.7
8731,4936,57200,282.3
8741,4824,61900,298.6
8751,4936,57300,282.8
8761,4932,55700,274.7
8771,4932,56600,279.2
8781,4800,140100,672.5
8791,4932,56700,279.6
8801,4936,56300,277.9
8811,4932,56300,277.7
8821,4932,57200,282.1
8831,4932,55700,274.7
8841,4908,57400,281.7
8851,4932,55700,274.7
8861,4932,57400,283.1
8871,4932,55700,274.7
8881,4936,57300,282.8
8891,4804,140800,676.4
8901,4936,57300,282.8
8911,4932,55800,275.2
8921,4936,57300,282.8
8931,4932,55700,274.7
8942,4936,56700,279.9
8951,4932,56100,276.7
8961,4932,56700,279.6
8971,4932,56400,278.2
8981,4932,56700,279.6
8991,4832,151200,730.6
9001,4932,55800,275.2
9011,4932,57400,283.1
9021,4932,55700,274.7
9031,4936,57300,282.8
9041,4932,55700,274.7
9051,4936,57300,282.8
9061,4932,55700,274.7
9071,4936,57400,283.3
9081,4932,55700,274.7
9091,4932,58300,287.5
9101,4932,55800,275.2
9111,4936,57300,282.8
9121,4932,55700,274.7
9131,4936,57000,281.4
9141,4844,59100,286.3
9151,4932,56700,279.6
9161,4932,56400,278.2
9171,4932,56600,279.2
9181,4932,56400,278.2
9191,4932,55700,274.7
9201,4932,60200,296.9
9211,4932,55800,275.2
9221,4932,57300,282.6
9231,4932,55700,274.7
9241,4912,57400,281.9
9251,4932,55700,274.7
9261,4936,57400,283.3
9271,4932,55700,274.7
9281,4936,57300,282.8
9291,4932,55800,275.2
9301,4936,57300,282.8
9311,4840,55800,270.1
9321,4932,56600,279.2
9331,4932,56400,278.2
9341,4932,56700,279.6
9351,4932,56300,277.7
9361,4932,56700,279.6
9371,4932,56300,277.7
9381,4932,55800,275.2
9391,4936,57300,282.8
9401,4932,55700,274.7
9411,4936,60300,297.6
9421,4932,55700,274.7
9431,4936,57300,282.8
9441,4932,68400,337.3
9451,4932,57300,282.6
9461,4932,55700,274.7
9471,4932,57300,282.6
9481,4932,55700,274.7
9491,4936,57300,282.8
9501,4932,55700,274.7
9511,4932,56700,279.6
9521,4808,210700,1013.0
9531,4932,56700,279.6
9541,4860,56400,274.1
9551,4936,56700,279.9
9561,4932,56500,278.7
9571,4932,55700,274.7
9581,4936,57300,282.8
9591,4932,55700,274.7
9601,4932,57300,282.6
9611,4932,55700,274.7
9621,4804,142000,682.2
9631,4932,55800,275.2
9641,4916,57300,281.7
9651,4932,55700,274.7
9661,4936,57300,282.8
9671,4932,55700,274.7
9681,4936,57300,282.8
9691,4932,55700,274.7
9701,4932,56700,279.6
9711,4932,56400,278.2
9721,4928,76000,374.5
9731,4932,56400,278.2
9741,4932,56600,279.2
9751,4932,56800,280.1
9761,4932,55800,275.2
9771,4932,57400,283.1
9781,4932,55700,274.7
9791,4936,57300,282.8
9801,4932,55700,274.7
9811,4936,57300,282.8
9821,4932,55700,274.7
9831,4784,141400,676.5
9841,4932,65400,322.6
9851,4936,57300,282.8
9861,4932,55800,275.2
9871,4936,57300,282.8
9881,4932,55700,274.7
9891,4932,56700,279.6
9901,4932,56400,278.2
9911,4932,56700,279.6
9921,4932,56400,278.2
9931,4932,56100,276.7
9941,4704,133900,629.9
9951,4932,55800,275.2
9961,4936,57300,282.8
9971,4932,55600,274.2
9981,4932,57300,282.6
9991,4932,55700,274.7
10001,4936,57300,282.8
10011,4932,55700,274.7
10021,4936,57300,282.8
10031,4932,55700,274.7
10041,4792,142300,681.9
10051,4832,55700,269.1
10061,4932,57300,282.6
10071,4932,55900,275.7
10081,4932,56700,279.6
10091,4932,56400,278.2
10101,4932,56700,279.6
10111,4932,56400,278.2
10121,4932,55800,275.2
10131,4932,57400,283.1
10141,4932,55700,274.7
10151,4720,136300,643.3
10161,4932,55700,274.7
10171,4936,57300,282.8
10181,4932,55700,274.7
10191,4936,57300,282.8
10201,4932,55700,274.7
10211,4936,57300,282.8
10221,4932,55700,274.7
10231,4932,57300,282.6
10241,4828,61600,297.4
10251,4936,56900,280.9
10261,4700,132700,623.7
10271,4932,56700,279.6
10281,4932,56400,278.2
10291,4932,56700,279.6
10301,4932,56400,278.2
10311,4932,55700,274.7
10321,4932,57300,282.6
10331,4932,55700,274.7
10341,4908,57300,281.2
10351,4932,55700,274.7
10361,4800,142900,685.9
10371,4932,55700,274.7
10381,4932,57400,283.1
10391,4932,55700,274.7
10401,4936,57300,282.8
10411,4932,55700,274.7
10421,4936,57300,282.8
10431,4932,55700,274.7
10441,4928,56700,279.4
10451,4932,56400,278.2
10461,4928,72400,356.8
10471,4936,56400,278.4
10481,4932,56700,279.6
10491,4932,56400,278.2
10501,4932,55800,275.2
10511,4932,57300,282.6
10521,4932,55700,274.7
10531,4936,57300,282.8
10541,4932,55700,274.7
10551,4936,57300,282.8
10561,4932,55700,274.7
10571,4932,57700,284.6
10581,4932,55800,275.2
10591,4932,57300,282.6
10601,4932,55700,274.7
10611,4936,57300,282.8
10621,4932,55700,274.7
10631,4936,56800,280.4
10641,4844,59500,288.2
10651,4936,56700,279.9
10661,4932,56400,278.2
10671,4928,79500,391.8
10682,4932,57400,283.1
10691,4932,55700,274.7
10701,4936,57400,283.3
10711,4932,55800,275.2
10721,4936,57300,282.8
10731,4932,55700,274.7
10741,4912,57300,281.5
10751,4932,55700,274.7
10761,4936,57300,282.8
10771,4932,55800,275.2
10781,4932,57300,282.6
10791,4932,55700,274.7
10801,4936,57300,282.8
10811,4932,55700,274.7
10821,4932,56700,279.6
10831,4932,56400,278.2
10841,4932,56700,279.6
10851,4932,56400,278.2
10861,4932,56600,279.2
10871,4932,56800,280.1
10881,4808,143200,688.5
10891,4936,57300,282.8
10901,4932,55700,274.7
10911,4932,57200,282.1
10921,4932,55700,274.7
10931,4936,57300,282.8
10941,4932,68900,339.8
10951,4936,57300,282.8
10961,4932,55700,274.7
10971,4936,57300,282.8
10981,4932,55700,274.7
10991,4712,138000,650.3
11001,4932,55700,274.7
11011,4932,56600,279.2
11021,4932,56400,278.2
11031,4932,56700,279.6
11041,4860,56500,274.6
11051,4932,56300,277.7
11061,4932,57200,282.1
11071,4932,55700,274.7
11081,4936,57300,282.8
11091,4804,144600,694.7
11101,4936,57300,282.8
11111,4932,55700,274.7
11121,4932,57300,282.6
11131,4932,55800,275.2
11141,4916,57300,281.7
11151,4932,55700,274.7
11161,4936,57300,282.8
11171,4932,55700,274.7
11181,4936,57300,282.8
11191,4880,157400,768.1
11201,4932,56800,280.1
11211,4932,56400,278.2
11221,4936,56700,279.9
11231,4932,56400,278.2
11241,4936,55800,275.4
11251,4932,57300,282.6
11261,4932,55700,274.7
11271,4932,57300,282.6
11281,4932,55700,274.7
11291,4932,57300,282.6
11301,4932,55800,275.2
11311,4936,57400,283.3
11321,4932,55700,274.7
11331,4936,57300,282.8
11341,4932,65800,324.5
11351,4932,57400,283.1
11361,4932,55700,274.7
11371,4932,57000,281.1
11381,4932,56400,278.2
11391,4936,56700,279.9
11401,4804,210900,1013.2
11411,4932,56700,279.6
11421,4932,56400,278.2
11431,4932,55700,274.7
11441,4880,57300,279.6
11451,4932,55700,274.7
11461,4936,57300,282.8
11471,4932,55700,274.7
11481,4936,57300,282.8
11491,4932,55700,274.7
11501,4932,57300,282.6
11511,4760,184800,879.6
11521,4936,57300,282.8
11531,4932,55800,275.2
11541,4924,57400,282.6
11551,4932,55700,274.7
11561,4936,56700,279.9
11571,4932,56400,278.2
11581,4932,56700,279.6
11591,4932,56400,278.2
11601,4932,56700,279.6
11611,4932,56400,278.2
11621,4684,121500,569.1
11631,4936,57300,282.8
11641,4932,55700,274.7
11651,4936,57300,282.8
11661,4932,55600,274.2
11671,4936,57300,282.8
11681,4932,55700,274.7
11691,4936,57300,282.8
11701,4932,55800,275.2
11711,4936,57300,282.8
11721,4796,141100,676.7
11731,4936,57300,282.8
11741,4820,62700,302.2
11751,4936,56700,279.9
11761,4932,56400,278.2
11771,4932,56600,279.2
11781,4932,56400,278.2
11791,4932,56700,279.6
11801,4932,56400,278.2
11811,4932,55700,274.7
11821,4796,142600,683.9
11831,4932,55700,274.7
11841,4904,57300,281.0
11851,4932,55700,274.7
11861,4936,57300,282.8
11871,4932,55700,274.7
11881,4936,57400,283.3
11891,4932,55700,274.7
11901,4936,57300,282.8
11911,4932,55700,274.7
11921,4936,57300,282.8
11931,4832,55700,269.1
11941,4924,56700,279.2
11951,4932,56400,278.2
11961,4932,56700,279.6
11971,4932,56400,278.2
11981,4932,56600,279.2
11991,4932,56500,278.7
12001,4932,55700,274.7
12011,4936,57300,282.8
12021,4932,55800,275.2
12031,4716,135000,636.7
12041,4932,55700,274.7
12051,4936,57300,282.8
12061,4932,55700,274.7
12071,4932,57400,283.1
12081,4932,55800,275.2
12091,4932,57300,282.6
12101,4932,55700,274.7
12111,4932,57300,282.6
12121,4932,55600,274.2
12131,4804,144500,694.2
12141,4836,60300,291.6
12151,4932,56700,279.6
12161,4936,56400,278.4
12171,4932,56500,278.7
12181,4932,57000,281.1
12191,4932,55700,274.7
12201,4932,57300,282.6
12211,4932,55700,274.7
12221,4936,57300,282.8
12231,4932,55700,274.7
12241,4800,143500,688.8
12251,4932,55700,274.7
12261,4936,57300,282.8
12271,4932,55700,274.7
12281,4932,57300,282.6
12291,4932,55700,274.7
12301,4936,57300,282.8
12311,4932,55900,275.7
12321,4932,56600,279.2
12331,4932,56400,278.2
12341,4804,142000,682.2
12351,4932,56400,278.2
12361,4932,56000,276.2
12371,4932,57300,282.6
12382,4932,55800,275.2
12391,4936,57300,282.8
12401,4932,55700,274.7
12411,4932,57300,282.6
12421,4932,55700,274.7
12431,4936,57300,282.8
12441,4932,71200,351.2
12451,4780,143600,686.4
12461,4932,55700,274.7
12471,4936,57400,283.3
12481,4932,55800,275.2
12491,4932,57200,282.1
12501,4932,56200,277.2
12511,4932,56600,279.2
12521,4932,56300,277.7
12531,4932,56700,279.6
12541,4856,57000,276.8
12551,4932,55800,275.2
12561,4896,57300,280.5
12571,4932,55800,275.2
12581,4932,57300,282.6
12591,4932,55700,274.7
12601,4932,57300,282.6
12611,4932,55700,274.7
12621,4932,57300,282.6
12631,4932,55700,274.7
12641,4916,57300,281.7
12651,4932,55700,274.7
12661,4804,143900,691.3
12671,4932,55700,274.7
12681,4936,56900,280.9
12691,4932,56400,278.2
12701,4932,56700,279.6
12711,4932,56300,277.7
12721,4932,56700,279.6
12731,4932,56300,277.7
12741,4932,55700,274.7
12751,4932,57300,282.6
12761,4932,55700,274.7
12771,4696,133000,624.6
12781,4932,55700,274.7
12791,4932,57300,282.6
12801,4932,55700,274.7
12811,4932,57300,282.6
12821,4932,55800,275.2
12831,4932,57300,282.6
12841,4800,66400,318.7
12851,4936,57300,282.8
12861,4932,55700,274.7
12871,4928,61300,302.1
12881,4932,56400,278.2
12891,4932,56700,279.6
12901,4932,56400,278.2
12911,4932,56700,279.6
12921,4932,56400,278.2
12931,4932,55700,274.7
12941,4876,57300,279.4
12951,4932,55800,275.2
12961,4936,57300,282.8
12971,4932,55700,274.7
12981,4732,138100,653.5
12991,4932,55600,274.2
13001,4932,57300,282.6
13011,4932,55600,274.2
13021,4936,57300,282.8
13031,4932,55800,275.2
13041,4920,57300,281.9
13051,4932,55700,274.7
13061,4932,56600,279.2
13071,4932,56300,277.7
13081,4932,56600,279.2
13091,4864,56400,274.3
13101,4932,56700,279.6
13111,4932,56400,278.2
13121,4932,55700,274.7
13131,4932,57300,282.6
13141,4932,55700,274.7
13151,4932,57300,282.6
13161,4932,55700,274.7
13171,4932,57300,282.6
13181,4932,55800,275.2
13191,4788,142300,681.3
13201,4932,55800,275.2
13211,4936,57300,282.8
13221,4932,55800,275.2
13231,4936,57300,282.8
13241,4816,63400,305.3
13251,4932,56700,279.6
13261,4936,56400,278.4
13271,4936,56600,279.4
13281,4932,56400,278.2
13291,4932,56500,278.7
13301,4812,215000,1034.6
13311,4932,55700,274.7
13321,4936,57300,282.8
13331,4932,55800,275.2
13341,4900,57300,280.8
13351,4932,55800,275.2
13361,4932,57300,282.6
13371,4932,55700,274.7
13381,4936,57300,282.8
13391,4932,55700,274.7
13401,4784,141600,677.4
13411,4932,55700,274.7
13421,4932,57300,282.6
13431,4936,55800,275.4
13441,4924,56600,278.7
13451,4936,56400,278.4
13461,4932,56600,279.2
13471,4932,56300,277.7
13481,4932,56200,277.2
13491,4932,57200,282.1
13501,4932,55700,274.7
13511,4800,141300,678.2
13521,4932,55700,274.7
13531,4936,57300,282.8
13541,4932,73700,363.5
13551,4936,57300,282.8
13561,4932,55700,274.7
13571,4932,57300,282.6
13581,4932,55700,274.7
13591,4932,57400,283.1
13601,4932,55800,275.2
13611,4928,59200,291.7
13621,4932,56000,276.2
13631,4932,56600,279.2
13641,4832,61000,294.8
13651,4932,56600,279.2
13661,4932,56400,278.2
13671,4932,55800,275.2
13681,4932,57300,282.6
13691,4932,55700,274.7
13701,4936,57300,282.8
13711,4932,55700,274.7
13721,4804,147300,707.6
13731,4932,55700,274.7
13741,4908,57300,281.2
13751,4932,55700,274.7
13761,4936,57300,282.8
13771,4932,55700,274.7
13781,4936,57300,282.8
13791,4932,55700,274.7
13801,4936,56900,280.9
13811,4932,56400,278.2
13821,4932,56700,279.6
13831,4700,133600,627.9
13841,4928,56700,279.4
13851,4932,56400,278.2
13861,4932,55700,274.7
13871,4932,57300,282.6
13881,4932,55800,275.2
13891,4932,57300,282.6
13901,4932,55600,274.2
13911,4936,57300,282.8
13921,4932,55700,274.7
13931,4936,57300,282.8
13941,4812,205200,987.4
13951,4936,57300,282.8
13961,4932,55700,274.7
13971,4932,57300,282.6
13981,4932,55700,274.7
13991,4936,56600,279.4
14001,4932,56400,278.2
14011,4932,56600,279.2
14021,4932,56300,277.7
14031,4936,56600,279.4
14041,4768,143200,682.8
14051,4688,129900,609.0
14061,4932,57300,282.6
14071,4932,55800,275.2
14081,4932,57300,282.6
14094,4932,55700,274.7
14101,4932,57300,282.6
14111,4932,55700,274.7
14121,4932,57300,282.6
14131,4932,55700,274.7
14141,4916,57300,281.7
14151,4932,57100,281.6
14161,4932,57300,282.6
14171,4932,55800,275.2
14181,4932,56700,279.6
14191,4932,56300,277.7
14201,4932,56600,279.2
14211,4932,56400,278.2
14221,4932,56700,279.6
14231,4932,56400,278.2
14241,4932,55700,274.7
14251,4936,57300,282.8
14261,4804,206900,993.9
14271,4936,57400,283.3
14281,4932,55700,274.7
14291,4936,57300,282.8
14301,4932,55700,274.7
14311,4936,57300,282.8
14321,4932,55700,274.7
14331,4932,57300,282.6
14341,4796,66900,320.9
14351,4936,57400,283.3
14361,4932,55700,274.7
14371,4700,138200,649.5
14381,4932,56400,278.2
14391,4932,56700,279.6
14401,4932,56400,278.2
14411,4932,56600,279.2
14421,4932,56700,279.6
14431,4932,55700,274.7
14441,4868,57300,278.9
14451,4932,55700,274.7
14461,4932,57300,282.6
14471,4816,135500,652.6
14481,4936,57300,282.8
14491,4932,55700,274.7
14501,4936,57300,282.8
14511,4932,55700,274.7
14521,4936,57300,282.8
14531,4932,55700,274.7
14541,4920,57300,281.9
14551,4932,55700,274.7
14561,4936,56600,279.4
14571,4800,139700,670.6
14581,4932,56600,279.2
14591,4932,56400,278.2
14601,4932,56500,278.7
14611,4932,57000,281.1
14621,4932,55800,275.2
14631,4936,57300,282.8
14641,4932,55700,274.7
14651,4936,57300,282.8
14661,4932,55700,274.7
14671,4936,57300,282.8
14681,4804,139400,669.7
14691,4932,57300,282.6
14701,4932,55800,275.2
14711,4936,57300,282.8
14721,4932,55700,274.7
14731,4932,57300,282.6
14741,4812,64200,308.9
14751,4932,56700,279.6
14761,4932,56400,278.2
14771,4936,56700,279.9
14781,4932,56300,277.7
14791,4936,56100,276.9
14801,4932,57300,282.6
14811,4932,55700,274.7
14821,4936,57300,282.8
14831,4932,55700,274.7
14841,4896,57300,280.5
14851,4932,55700,274.7
14861,4932,57300,282.6
14871,4932,55700,274.7
14881,4932,57300,282.6
14891,4756,162700,773.8
14901,4932,57300,282.6
14911,4932,55700,274.7
14921,4936,57300,282.8
14931,4932,56200,277.2
14941,4924,56700,279.2
14951,4932,56300,277.7
14961,4932,56600,279.2
14971,4932,56400,278.2
14981,4932,55700,274.7
14991,4932,57300,282.6
15001,4812,127000,611.1
15011,4932,57300,282.6
15021,4932,55700,274.7
15031,4936,57200,282.3
15041,4932,74900,369.4
15051,4932,57400,283.1
15061,4932,55700,274.7
15071,4936,57300,282.8
15081,4932,55700,274.7
15091,4932,57300,282.6
15101,4932,58600,289.0
15111,4932,56900,280.6
15121,4932,56500,278.7
15131,4932,56600,279.2
15141,4828,61900,298.9
15151,4932,56700,279.6
15161,4932,56300,277.7
15171,4932,55700,274.7
15181,4932,57300,282.6
15191,4932,55700,274.7
15201,4936,57300,282.8
15211,4932,55700,274.7
15221,4936,57300,282.8
15231,4932,55700,274.7
15241,4908,57300,281.2
15251,4932,55700,274.7
15261,4932,57300,282.6
15271,4932,55700,274.7
15281,4932,57300,282.6
15291,4932,55800,275.2
15301,4932,56600,279.2
15311,4800,139700,670.6
15321,4932,56600,279.2
15331,4932,56400,278.2
15341,4928,56600,278.9
15351,4932,56400,278.2
15361,4932,55700,274.7
15371,4936,57300,282.8
15381,4932,55700,274.7
15391,4936,57400,283.3
15401,4932,55800,275.2
15411,4936,57300,282.8
15421,4800,142100,682.1
15431,4932,57300,282.6
15441,4932,71000,350.2
15451,4936,57300,282.8
15461,4932,55800,275.2
15471,4936,57300,282.8
15481,4932,55800,275.2
15491,4932,56700,279.6
15501,4932,56300,277.7
15511,4936,56700,279.9
15521,4932,56400,278.2
15531,4804,145300,698.0
15541,4848,58900,285.5
15551,4932,55700,274.7
15561,4936,57300,282.8
15571,4932,55700,274.7
15581,4932,57300,282.6
15591,4932,55700,274.7
15601,4936,57300,282.8
15611,4932,55700,274.7
15621,4936,57300,282.8
15631,4928,55700,274.5
15641,4932,57300,282.6
15651,4932,55800,275.2
15661,4932,57300,282.6
15671,4932,55700,274.7
15681,4932,56700,279.6
15691,4932,56400,278.2
15701,4932,56700,279.6
15711,4932,56400,278.2
15721,4932,56600,279.2
15731,4932,56700,279.6
15741,4772,180800,862.8
15751,4936,57300,282.8
15761,4932,55700,274.7
15771,4936,57300,282.8
15781,4932,55700,274.7
15792,4932,57300,282.6
15801,4932,55700,274.7
15811,4932,57300,282.6
15821,4932,55700,274.7
15831,4936,57200,282.3
15841,4812,207000,996.1
15851,4936,57300,282.8
15861,4932,55700,274.7
15871,4932,56600,279.2
15881,4932,56400,278.2
15891,4932,56600,279.2
15901,4932,56400,278.2
15911,4932,56400,278.2
15921,4932,57100,281.6
15931,4936,55700,274.9
15941,4804,141400,679.3
15951,4932,55700,274.7
15961,4936,57300,282.8
15971,4932,55700,274.7
15981,4936,57300,282.8
15991,4932,55700,274.7
16001,4932,57300,282.6
16011,4932,55600,274.2
16021,4936,57300,282.8
16031,4932,55700,274.7
16041,4788,143400,686.6
16051,4736,210000,994.6
16061,4932,56700,279.6
16071,4936,56400,278.4
16081,4932,56600,279.2
16091,4932,56400,278.2
16101,4932,55900,275.7
16111,4932,57400,283.1
16121,4932,55800,275.2
16131,4936,57300,282.8
16141,4932,55700,274.7
16151,4936,60100,296.7
16161,4932,55700,274.7
16171,4936,57300,282.8
16181,4928,55700,274.5
16191,4936,57300,282.8
16201,4932,55700,274.7
16211,4936,57300,282.8
16221,4932,55800,275.2
16231,4932,57100,281.6
16241,4812,65300,314.2
16251,4936,56700,279.9
16261,4700,130300,612.4
16271,4932,56700,279.6
16281,4932,56400,278.2
16291,4932,55700,274.7
16301,4932,57300,282.6
16311,4932,55800,275.2
16321,4932,57300,282.6
16331,4932,55700,274.7
16341,4888,57400,280.6
16351,4932,55700,274.7
16361,4804,147000,706.2
16371,4932,55800,275.2
16381,4932,57300,282.6
16391,4932,55800,275.2
16401,4936,57300,282.8
16411,4932,55700,274.7
16421,4932,56800,280.1
16431,4932,56400,278.2
16441,4920,56700,279.0
16451,4932,56400,278.2
16461,4936,56600,279.4
16471,4780,180800,864.2
16481,4932,55700,274.7
16491,4932,57300,282.6
16501,4932,55800,275.2
16511,4936,57300,282.8
16521,4932,55700,274.7
16531,4936,57300,282.8
16541,4932,78700,388.1
16551,4932,57300,282.6
16561,4932,55700,274.7
16571,4936,57300,282.8
16581,4808,176600,849.1
16591,4936,57300,282.8
16601,4932,55700,274.7
16611,4936,56500,278.9
16621,4932,56400,278.2
16631,4932,56600,279.2
16641,4824,62500,301.5
16651,4932,56700,279.6
16661,4932,56300,277.7
16671,4932,55800,275.2
16681,4932,60200,296.9
16691,4932,55700,274.7
16701,4936,57300,282.8
16711,4932,55700,274.7
16721,4936,57300,282.8
16731,4932,55700,274.7
16741,4908,57300,281.2
16751,4932,55800,275.2
16761,4936,57300,282.8
16771,4932,55700,274.7
16781,4932,57300,282.6
16791,4796,140300,672.9
16801,4932,56700,279.6
16811,4932,56300,277.7
16821,4932,56700,279.6
16831,4932,56300,277.7
16841,4928,56700,279.4
16851,4932,56400,278.2
16861,4932,55700,274.7
16871,4932,57400,283.1
16881,4932,55700,274.7
16891,4932,57300,282.6
16901,4932,55700,274.7
16911,4936,57300,282.8
16921,4932,55700,274.7
16931,4936,57300,282.8
16941,4932,71900,354.6
16951,4936,57200,282.3
16961,4932,55700,274.7
16971,4936,57300,282.8
16981,4932,55700,274.7
16991,4932,56700,279.6
17001,4708,132900,625.7
17011,4932,56700,279.6
17021,4932,56400,278.2
17031,4932,56700,279.6
17041,4848,59400,288.0
17051,4932,55700,274.7
17061,4932,57300,282.6
17071,4932,55700,274.7
17081,4936,57300,282.8
17091,4932,55700,274.7
17101,4936,57300,282.8
17111,4708,144300,679.4
17121,4936,57300,282.8
17131,4932,55700,274.7
17141,4916,57300,281.7
17151,4932,55700,274.7
17161,4932,57300,282.6
17171,4932,55700,274.7
17181,4936,56700,279.9
17191,4932,56400,278.2
17201,4936,56600,279.4
17211,4932,56300,277.7
17221,4932,56400,278.2
17231,4932,57100,281.6
17241,4928,55700,274.5
17251,4932,57300,282.6
17261,4932,55800,275.2
17271,4932,57300,282.6
17281,4932,55700,274.7
17291,4936,57300,282.8
17301,4932,55700,274.7
17311,4932,57300,282.6
17321,4924,147500,726.3
17331,4936,57300,282.8
17341,4788,68800,329.4
17351,4936,57300,282.8
17361,4932,55800,275.2
17371,4932,56700,279.6
17381,4932,56300,277.7
17391,4936,56700,279.9
17401,4932,56300,277.7
17411,4936,55800,275.4
17421,4932,57300,282.6
17431,4800,144900,695.5
17441,4860,57300,278.5
17451,4932,55700,274.7
17461,4936,57300,282.8
17471,4932,55700,274.7
17481,4936,57300,282.8
17492,4932,55700,274.7
17501,4936,57300,282.8
17511,4932,55800,275.2
17521,4936,57300,282.8
17531,4932,55700,274.7
17541,4720,162500,767.0
17551,4932,56200,277.2
17561,4932,56700,279.6
17571,4932,56400,278.2
17581,4932,56700,279.6
17591,4932,56400,278.2
17601,4932,55700,274.7
17611,4932,57300,282.6
17621,4932,55700,274.7
17631,4936,57300,282.8
17641,4800,139600,670.1
17651,4936,57300,282.8
17661,4932,55700,274.7
17671,4936,57300,282.8
17681,4932,55700,274.7
17691,4936,57300,282.8
17701,4932,55600,274.2
17711,4936,57300,282.8
17721,4932,55700,274.7
17731,4936,56700,279.9
17741,4764,150800,718.4
17751,4692,139400,654.1
17761,4932,56500,278.7
17771,4932,56600,279.2
17781,4932,56400,278.2
17791,4932,55700,274.7
17801,4932,57300,282.6
17811,4932,55800,275.2
17821,4936,57400,283.3
17831,4932,55700,274.7
17841,4872,57300,279.2
17851,4932,55700,274.7
17861,4928,57300,282.4
17871,4932,55700,274.7
17881,4936,57300,282.8
17891,4932,55700,274.7
17901,4936,57300,282.8
17911,4932,55700,274.7
17921,4932,56600,279.2
17931,4932,56300,277.7
17941,4920,56700,279.0
17951,4936,56400,278.4
17961,4804,145800,700.4
17971,4936,56400,278.4
17981,4932,55700,274.7
17991,4932,57400,283.1
18001,4932,55700,274.7
18011,4936,57300,282.8
18021,4932,55700,274.7
18031,4936,57300,282.8
18041,4932,82600,407.4
18051,4936,57300,282.8
18061,4932,55700,274.7
18071,4768,189600,904.0
18081,4932,55700,274.7
18091,4936,57300,282.8
18101,4932,55700,274.7
18111,4936,56600,279.4
18121,4932,56300,277.7
18131,4936,56700,279.9
18141,4820,63100,304.1
18151,4936,56600,279.4
18161,4932,56400,278.2
18171,4812,134400,646.7
18181,4936,57300,282.8
18191,4932,55700,274.7
18201,4936,57300,282.8
18211,4932,55700,274.7
18221,4936,57300,282.8
18231,4932,55700,274.7
18241,4904,57300,281.0
18251,4932,55700,274.7
18261,4936,57300,282.8
18271,4804,140700,675.9
18281,4936,57300,282.8
18291,4932,55700,274.7
18301,4932,56700,279.6
18311,4932,56400,278.2
18321,4932,56600,279.2
18331,4936,56300,277.9
18341,4924,56600,278.7
18351,4936,56600,279.4
18361,4932,55700,274.7
18371,4804,142100,682.6
18381,4932,55700,274.7
18391,4936,57300,282.8
18401,4932,55700,274.7
18411,4936,57300,282.8
18421,4932,55700,274.7
18431,4936,57300,282.8
18441,4776,72600,346.7
18451,4936,57300,282.8
18461,4932,55600,274.2
18471,4936,57300,282.8
18481,4808,55700,267.8
18491,4936,56700,279.9
18501,4936,56300,277.9
18511,4932,56700,279.6
18521,4932,56300,277.7
18531,4932,56400,278.2
18541,4840,60700,293.8
18551,4932,55700,274.7
18561,4932,57200,282.1
18571,4932,55700,274.7
18581,4728,149500,706.8
18591,4932,55700,274.7
18601,4932,57400,283.1
18611,4932,55800,275.2
18621,4932,57300,282.6
18631,4932,55700,274.7
18641,4908,57300,281.2
18651,4932,55700,274.7
18661,4936,57400,283.3
18671,4932,55800,275.2
18681,4796,136800,656.1
18691,4932,56400,278.2
18701,4932,56700,279.6
18711,4932,56400,278.2
18721,4932,56100,276.7
18731,4936,57200,282.3
18741,4928,55700,274.5
18751,4936,57300,282.8
18761,4932,55700,274.7
18771,4936,57300,282.8
18781,4928,55700,274.5
18791,4936,57400,283.3
18801,4932,55700,274.7
18811,4936,57400,283.3
18821,4932,55700,274.7
18831,4932,57200,282.1
18841,4784,69800,333.9
18851,4936,57200,282.3
18861,4932,56200,277.2
18871,4932,56600,279.2
18881,4932,56400,278.2
18891,4932,56700,279.6
18901,4932,56400,278.2
18911,4932,55800,275.2
18921,4932,57300,282.6
18931,4932,55700,274.7
18941,4856,58400,283.6
18951,4932,55700,274.7
18961,4936,57300,282.8
18971,4932,55700,274.7
18981,4932,57300,282.6
18991,4812,201000,967.2
19001,4936,57300,282.8
19011,4932,55700,274.7
19021,4936,57300,282.8
19031,4932,55700,274.7
19041,4916,57000,280.2
19051,4932,56400,278.2
19061,4932,56600,279.2
19071,4932,56400,278.2
19081,4936,56700,279.9
19091,4700,132600,623.2
19101,4932,55700,274.7
19111,4932,57300,282.6
19121,4932,55700,274.7
19131,4932,57300,282.6
19141,4932,55700,274.7
19151,4932,57200,282.1
19161,4932,55700,274.7
19171,4936,57300,282.8
19181,4932,55700,274.7
19192,4932,57300,282.6
19201,4808,160600,772.2
19211,4932,57300,282.6
19221,4932,55800,275.2
19231,4932,56600,279.2
19241,4804,67700,325.2
19251,4932,56700,279.6
19261,4932,56300,277.7
19271,4936,56600,279.4
19281,4932,56300,277.7
19291,4932,55700,274.7
19301,4936,57300,282.8
19311,4692,135000,633.4
19321,4932,57300,282.6
19331,4932,55700,274.7
19341,4872,57400,279.7
19351,4932,55600,274.2
19361,4932,57300,282.6
19371,4932,55700,274.7
19381,4932,57300,282.6
19391,4932,55700,274.7
19401,4932,57300,282.6
19411,4796,140800,675.3
19421,4932,56600,279.2
19431,4932,56300,277.7
19441,4920,56700,279.0
19451,4932,56300,277.7
19461,4932,56700,279.6
19471,4932,56300,277.7
19481,4932,55700,274.7
19491,4936,57300,282.8
19501,4932,55600,274.2
19511,4848,155100,751.9
19521,4932,55700,274.7
19531,4936,57300,282.8
19541,4932,87900,433.5
19551,4936,57300,282.8
19561,4932,55700,274.7
19571,4936,57300,282.8
19581,4932,55700,274.7
19591,4936,57300,282.8
19601,4932,55700,274.7
19611,4936,56700,279.9
19621,4808,199700,960.2
19631,4932,56700,279.6
19641,4812,64400,309.9
19651,4932,56600,279.2
19661,4932,56400,278.2
19671,4932,55700,274.7
19681,4932,57300,282.6
19691,4932,55700,274.7
19701,4936,57300,282.8
19711,4932,55800,275.2
19721,4808,138900,667.8
19731,4932,55700,274.7
19741,4900,57300,280.8
19751,4932,55700,274.7
19761,4932,57300,282.6
19771,4932,55700,274.7
19781,4936,57300,282.8
19791,4932,55700,274.7
19801,4932,56600,279.2
19811,4932,56400,278.2
19821,4776,142100,678.7
19831,4932,56400,278.2
19841,4920,56600,278.5
19851,4932,56800,280.1
19861,4932,55700,274.7
19871,4936,57300,282.8
19881,4932,55700,274.7
19891,4932,57300,282.6
19901,4932,55700,274.7
19911,4936,57400,283.3
19921,4932,55700,274.7
19931,4808,209500,1007.3
19941,4780,73900,353.2
19951,4936,57200,282.3
19961,4932,55700,274.7
19971,4932,57300,282.6
19981,4932,55700,274.7
19991,4932,56700,279.6
20001,4932,56400,278.2
20011,4932,56600,279.2
20021,4936,56300,277.9
20031,4932,56200,277.2
20041,4844,57100,276.6
20051,4932,55600,274.2
20061,4932,57300,282.6
20071,4932,55700,274.7
20081,4936,57200,282.3
20091,4932,55700,274.7
20101,4936,57300,282.8
20111,4932,55700,274.7
20121,4932,57300,282.6
20131,4932,55700,274.7
20141,4696,135400,635.8
20151,4932,55700,274.7
20161,4936,57300,282.8
20171,4932,55900,275.7
20181,4932,56700,279.6
20191,4932,56400,278.2
20201,4932,56700,279.6
20211,4932,56300,277.7
20221,4936,55800,275.4
20231,4932,57300,282.6
20241,4796,141200,677.2
20251,4936,57300,282.8
20261,4932,55700,274.7
20271,4936,57200,282.3
20281,4932,55700,274.7
20291,4936,57300,282.8
20301,4932,55700,274.7
20311,4932,57300,282.6
20321,4932,55700,274.7
20331,4936,57300,282.8
20341,4784,72000,344.4
20351,4764,138000,657.4
20361,4932,56300,277.7
20371,4936,56600,279.4
20381,4932,56400,278.2
20391,4932,56700,279.6
20401,4932,56300,277.7
20411,4932,55700,274.7
20421,4932,57300,282.6
20431,4932,55700,274.7
20441,4852,59200,287.2
20451,4784,142000,679.3
20461,4936,57300,282.8
20471,4932,55700,274.7
20481,4936,57400,283.3
20491,4932,55700,274.7
20501,4932,57300,282.6
20511,4932,55700,274.7
20521,4932,57300,282.6
20531,4932,55700,274.7
20541,4916,56700,278.7
20551,4932,56300,277.7
20561,4788,134100,642.1
20571,4932,56400,278.2
20581,4936,56700,279.9
20591,4932,56300,277.7
20601,4932,55700,274.7
20611,4932,57300,282.6
20621,4932,55700,274.7
20631,4936,57300,282.8
20641,4928,103300,509.1
20651,4932,57300,282.6
20661,4932,55800,275.2
20671,4908,57300,281.2
20681,4932,55700,274.7
20691,4932,57300,282.6
20701,4932,55700,274.7
20711,4932,57300,282.6
20721,4932,55700,274.7
20731,4936,56600,279.4
20741,4792,68200,326.8
20751,4932,56700,279.6
20761,4932,56400,278.2
20771,4696,138100,648.5
20781,4936,56400,278.4
20791,4932,55700,274.7
20801,4932,57300,282.6
20811,4932,55700,274.7
20821,4936,57200,282.3
20831,4932,55700,274.7
20841,4868,57400,279.4
20851,4932,55700,274.7
20861,4936,57300,282.8
20871,4804,143100,687.5
20881,4936,57300,282.8
20892,4932,55700,274.7
20901,4936,57300,282.8
20911,4932,55800,275.2
20921,4936,56700,279.9
20931,4932,56300,277.7
20941,4920,56700,279.0
20951,4936,56400,278.4
20961,4936,56600,279.4
20971,4936,56400,278.4
20981,4684,145400,681.1
20991,4936,57300,282.8
21001,4932,55700,274.7
21011,4936,57300,282.8
21021,4932,55700,274.7
21031,4936,57300,282.8
21041,4932,93300,460.2
21051,4936,57300,282.8
21061,4932,55700,274.7
21071,4936,57300,282.8
21081,4932,55800,275.2
21091,4936,57300,282.8
21101,4932,55700,274.7
21111,4932,56700,279.6
21121,4932,56300,277.7
21131,4932,56800,280.1
21141,4812,65300,314.2
21151,4932,56600,279.2
21161,4932,56800,280.1
21171,4932,55700,274.7
21181,4936,57300,282.8
21191,4932,55800,275.2
21201,4936,57300,282.8
21211,4932,55700,274.7
21221,4936,57300,282.8
21231,4932,55800,275.2
21241,4892,57400,280.8
21251,4932,55700,274.7
21261,4936,57300,282.8
21271,4932,55700,274.7
21281,4936,57300,282.8
21291,4808,175700,844.8
21301,4932,56700,279.6
21311,4932,56400,278.2
21321,4932,56600,279.2
21331,4932,56300,277.7
21341,4920,56300,277.0
21351,4936,57100,281.8
21361,4932,55800,275.2
21371,4936,57300,282.8
21381,4932,55700,274.7
21391,4712,140100,660.2
21401,4932,55800,275.2
21411,4936,57300,282.8
21421,4932,55700,274.7
21431,4936,57400,283.3
21441,4784,78600,376.0
21451,4936,57300,282.8
21461,4932,55700,274.7
21471,4932,57300,282.6
21481,4932,55900,275.7
21491,4932,57500,283.6
21501,4932,56400,278.2
21511,4932,56600,279.2
21521,4932,56400,278.2
21531,4932,56000,276.2
21541,4828,63000,304.2
21551,4932,55700,274.7
21561,4936,57300,282.8
21571,4932,55700,274.7
21581,4936,57300,282.8
21591,4932,55700,274.7
21601,4704,139600,656.7
21611,4932,55800,275.2
21621,4936,57300,282.8
21631,4932,55700,274.7
21641,4908,57300,281.2
21651,4932,55700,274.7
21661,4936,57200,282.3
21671,4932,56200,277.2
21681,4932,56600,279.2
21691,4932,56300,277.7
21701,4936,56600,279.4
21711,4820,213300,1028.1
21721,4932,55700,274.7
21731,4932,57300,282.6
21741,4924,55700,274.3
21751,4932,57300,282.6
21761,4932,55700,274.7
21771,4932,57300,282.6
21781,4932,55700,274.7
21791,4932,57300,282.6
21801,4932,55700,274.7
21811,4800,142600,684.5
21821,4932,55700,274.7
21831,4932,57300,282.6
21841,4784,71500,342.1
21851,4932,56900,280.6
21861,4932,56400,278.2
21871,4932,56600,279.2
21881,4932,56400,278.2
21891,4932,56600,279.2
21901,4932,56300,277.7
21911,4776,139800,667.7
21921,4932,57300,282.6
21931,4932,55700,274.7
21941,4844,60500,293.1
21951,4932,55700,274.7
21961,4932,57300,282.6
21971,4932,55600,274.2
21981,4936,57300,282.8
21991,4932,55700,274.7
22001,4936,57300,282.8
22011,4932,55700,274.7
22021,4808,140700,676.5
22031,4932,55700,274.7
22041,4912,56600,278.0
22051,4932,56400,278.2
22061,4932,56700,279.6
22071,4932,56300,277.7
22081,4932,56700,279.6
22091,4932,56300,277.7
22101,4932,55700,274.7
22111,4932,57300,282.6
22121,4932,55700,274.7
22131,4772,175600,838.0
22141,4932,108200,533.6
22151,4932,57300,282.6
22161,4932,55700,274.7
22171,4932,57300,282.6
22181,4932,55700,274.7
22191,4936,57300,282.8
22201,4932,55700,274.7
22211,4936,57300,282.8
22221,4932,55700,274.7
22231,4932,59100,291.5
22241,4932,56300,277.7
22251,4932,56700,279.6
22261,4932,56400,278.2
22271,4936,56700,279.9
22281,4932,56400,278.2
22291,4932,55800,275.2
22301,4932,57300,282.6
22311,4932,55700,274.7
22321,4936,57300,282.8
22331,4932,55700,274.7
22341,4708,139400,656.3
22351,4932,55800,275.2
22361,4936,57300,282.8
22371,4932,55700,274.7
22381,4932,57300,282.6
22391,4932,55700,274.7
22401,4936,57300,282.8
22411,4932,55700,274.7
22421,4936,56600,279.4
22431,4932,56400,278.2
22441,4796,135900,651.8
22451,4812,56400,271.4
22461,4932,56700,279.6
22471,4932,56600,279.2
22481,4936,55800,275.4
22491,4936,57200,282.3
22501,4932,55700,274.7
22511,4936,57300,282.8
22521,4932,55600,274.2
22531,4936,57300,282.8
22541,4800,164300,788.6
22551,4820,220400,1062.3
22561,4932,55800,275.2
22571,4936,57300,282.8
22581,4932,55800,275.2
22592,4932,56600,279.2
22601,4932,55700,274.7
22611,4936,56700,279.9
22621,4932,56300,277.7
22631,4932,56700,279.6
22641,4796,67800,325.2
22651,4932,56500,278.7
22661,4836,56900,275.2
22671,4932,55700,274.7
22681,4932,57300,282.6
22691,4932,55700,274.7
22701,4936,57300,282.8
22711,4932,55700,274.7
22721,4936,57300,282.8
22731,4932,55800,275.2
22741,4884,57300,279.9
22751,4932,55700,274.7
22761,4696,134300,630.7
22771,4932,55700,274.7
22781,4936,57300,282.8
22791,4932,55700,274.7
22801,4932,56600,279.2
22811,4936,56300,277.9
22821,4932,56700,279.6
22831,4932,56400,278.2
22841,4920,56100,276.0
22851,4932,57300,282.6
22861,4816,133300,642.0
22871,4932,57300,282.6
22881,4932,55800,275.2
22891,4936,57300,282.8
22901,4932,55700,274.7
22911,4936,57300,282.8
22921,4932,55700,274.7
22931,4936,57200,282.3
22941,4784,82200,393.2
22951,4936,57300,282.8
22961,4808,138900,667.8
22971,4936,57300,282.8
22981,4932,56000,276.2
22991,4932,56700,279.6
23001,4932,56300,277.7
23011,4932,56700,279.6
23021,4932,56300,277.7
23031,4932,55800,275.2
23041,4824,64000,308.7
23051,4932,55700,274.7
23061,4936,57300,282.8
23071,4800,176200,845.8
23081,4936,57300,282.8
23091,4932,55700,274.7
23101,4936,57300,282.8
23111,4932,55700,274.7
23121,4936,57300,282.8
23131,4932,55700,274.7
23141,4904,57400,281.5
23151,4932,55700,274.7
23161,4936,57000,281.4
23171,4932,56400,278.2
23181,4704,137800,648.2
23191,4932,56400,278.2
23201,4932,56700,279.6
23211,4932,56300,277.7
23221,4932,55700,274.7
23231,4932,57300,282.6
23241,4924,55700,274.3
23251,4932,57300,282.6
23261,4932,55600,274.2
23271,4932,57300,282.6
23281,4804,139700,671.1
23291,4936,57300,282.8
23301,4932,55700,274.7
23311,4932,57400,283.1
23321,4932,55700,274.7
23331,4932,57300,282.6
23341,4776,72600,346.7
23351,4936,56700,279.9
23361,4932,56300,277.7
23371,4936,56700,279.9
23381,4804,139500,670.2
23391,4932,56700,279.6
23401,4932,56400,278.2
23411,4936,55700,274.9
23421,4932,57300,282.6
23431,4932,55800,275.2
23441,4840,61000,295.2
23451,4932,55700,274.7
23461,4932,57300,282.6
23471,4932,55700,274.7
23481,4932,57300,282.6
23491,4812,195900,942.7
23501,4936,57400,283.3
23511,4932,55800,275.2
23521,4932,57300,282.6
23531,4932,55700,274.7
23541,4908,56600,277.8
23551,4932,56400,278.2
23561,4932,56600,279.2
23571,4932,56400,278.2
23581,4932,56700,279.6
23591,4800,140500,674.4
23601,4932,55800,275.2
23611,4932,57300,282.6
23621,4932,55700,274.7
23631,4932,57300,282.6
23641,4928,111900,551.4
23651,4936,57400,283.3
23661,4932,55700,274.7
23671,4936,57300,282.8
23681,4932,55800,275.2
23691,4932,57300,282.6
23701,4808,138600,666.4
23711,4936,57300,282.8
23721,4932,55700,274.7
23731,4932,56700,279.6
23741,4792,70400,337.4
23751,4932,56700,279.6
23761,4932,56400,278.2
23771,4932,56700,279.6
23781,4932,56500,278.7
23791,4932,55700,274.7
23801,4800,140800,675.8
23811,4932,55700,274.7
23821,4936,57300,282.8
23831,4932,55700,274.7
23841,4856,58200,282.6
23851,4932,55700,274.7
23861,4932,57300,282.6
23871,4932,55700,274.7
23881,4936,57300,282.8
23891,4932,55700,274.7
23901,4936,57300,282.8
23911,4788,184700,884.3
23921,4932,56700,279.6
23931,4932,56400,278.2
23941,4912,56600,278.0
23951,4932,56400,278.2
23961,4932,56500,278.7
23971,4932,56800,280.1
23981,4932,55700,274.7
23991,4936,57300,282.8
24001,4932,55800,275.2
24011,4800,141400,678.7
24021,4932,55800,275.2
24031,4936,57300,282.8
24041,4932,101500,500.6
24051,4936,57300,282.8
24061,4932,55700,274.7
24071,4932,57400,283.1
24081,4932,55700,274.7
24091,4936,57300,282.8
24101,4932,55800,275.2
24111,4932,59500,293.5
24121,4932,56400,278.2
24131,4932,56600,279.2
24141,4796,67400,323.3
24151,4932,56200,277.2
24161,4932,57200,282.1
24171,4932,55700,274.7
24181,4932,57300,282.6
24191,4932,55700,274.7
24201,4932,57400,283.1
24211,4932,55700,274.7
24221,4800,143100,686.9
24231,4932,55700,274.7
24241,4876,57300,279.4
24251,4932,55800,275.2
24261,4936,57300,282.8
24271,4932,55700,274.7
24281,4932,57300,282.6
24292,4932,56400,278.2
24301,4936,56700,279.9
24311,4932,56300,277.7
24321,4932,56600,279.2
24331,4812,210900,1014.9
24341,4920,55900,275.0
24351,4932,57300,282.6
24361,4932,55700,274.7
24371,4936,57300,282.8
24381,4932,55700,274.7
24391,4936,57300,282.8
24401,4932,55700,274.7
24411,4936,57300,282.8
24421,4932,55700,274.7
24431,4936,57300,282.8
24441,4812,129200,621.7
24451,4936,57300,282.8
24461,4932,55700,274.7
24471,4936,57000,281.4
24481,4932,56400,278.2
24491,4932,56700,279.6
24501,4932,56400,278.2
24511,4936,56600,279.4
24521,4932,56400,278.2
24531,4932,55800,275.2
24541,4764,148900,709.4
24551,4932,55700,274.7
24561,4936,57200,282.3
24571,4932,55700,274.7
24581,4936,57300,282.8
24591,4932,55700,274.7
24601,4936,57300,282.8
24611,4932,55700,274.7
24621,4936,57300,282.8
24631,4932,55700,274.7
24641,4888,57300,280.1
24651,4800,139600,670.1
24661,4936,56800,280.4
24671,4932,56400,278.2
24681,4932,56600,279.2
24691,4932,56400,278.2
24701,4932,56700,279.6
24711,4936,56300,277.9
24721,4932,55700,274.7
24731,4932,57300,282.6
24741,4924,55700,274.3
24751,4936,57400,283.3
24761,4736,154500,731.7
24771,4936,57300,282.8
24781,4932,55700,274.7
24791,4936,57400,283.3
24801,4932,55700,274.7
24811,4932,57300,282.6
24821,4932,55700,274.7
24831,4936,57300,282.8
24841,4784,73400,351.1
24851,4936,56700,279.9
24861,4924,148300,730.2
24871,4932,56700,279.6
24881,4936,56300,277.9
24891,4932,56600,279.2
24901,4932,56400,278.2
24911,4932,55700,274.7
24921,4936,57300,282.8
24931,4932,55700,274.7
24941,4836,61800,298.9
24951,4932,55700,274.7
24961,4936,57300,282.8
24971,4768,171400,817.2
24981,4936,57400,283.3
24991,4932,55700,274.7
25001,4932,57400,283.1
25011,4932,55800,275.2
25021,4936,57300,282.8
25031,4932,55700,274.7
25041,4908,56600,277.8
25051,4932,56400,278.2
25061,4932,56700,279.6
25071,4912,150900,741.2
25081,4932,56700,279.6
25091,4932,56500,278.7
25101,4932,55700,274.7
25111,4936,57300,282.8
25121,4932,55700,274.7
25131,4936,57300,282.8
25141,4928,115500,569.2
25151,4936,57300,282.8
25161,4932,55700,274.7
25171,4936,57300,282.8
25181,4800,144900,695.5
25191,4932,57400,283.1
25201,4932,55700,274.7
25211,4936,57300,282.8
25221,4932,55800,275.2
25231,4932,56700,279.6
25241,4784,71200,340.6
25251,4932,56600,279.2
25261,4932,56400,278.2
25271,4932,56500,278.7
25281,4932,56900,280.6
25291,4692,134600,631.5
25301,4936,57300,282.8
25311,4932,55600,274.2
25321,4936,57300,282.8
25331,4932,55700,274.7
25341,4848,59400,288.0
25351,4932,55700,274.7
25361,4932,57300,282.6
25371,4932,55700,274.7
25381,4936,57300,282.8
25391,4800,142000,681.6
25401,4936,57300,282.8
25411,4932,55700,274.7
25421,4932,56600,279.2
25431,4932,56300,277.7
25441,4912,56700,278.5
25451,4932,56400,278.2
25461,4932,56100,276.7
25471,4932,57200,282.1
25481,4932,55700,274.7
25491,4936,57300,282.8
25501,4932,55700,274.7
25511,4932,57300,282.6
25521,4932,55700,274.7
25531,4936,57300,282.8
25541,4932,104600,515.9
25551,4932,57300,282.6
25561,4932,55700,274.7
25571,4936,57300,282.8
25581,4932,55700,274.7
25591,4936,57200,282.3
25601,4808,210600,1012.6
25611,4932,56600,279.2
25621,4932,56400,278.2
25631,4932,56700,279.6
25641,4792,68500,328.3
25651,4932,55800,275.2
25661,4932,57300,282.6
25671,4932,55700,274.7
25681,4936,57300,282.8
25691,4932,55700,274.7
25701,4932,57300,282.6
25711,4692,133700,627.3
25721,4932,57300,282.6
25731,4932,55700,274.7
25741,4868,57300,278.9
25751,4932,55700,274.7
25761,4936,57200,282.3
25771,4932,55700,274.7
25781,4932,57000,281.1
25791,4932,56300,277.7
25801,4932,56700,279.6
25811,4932,56300,277.7
25821,4740,171400,812.4
25831,4932,56400,278.2
25841,4916,55700,273.8
25851,4932,57200,282.1
25861,4932,55700,274.7
25871,4936,57300,282.8
25881,4932,55700,274.7
25891,4936,57200,282.3
25901,4932,55700,274.7
25911,4936,57300,282.8
25921,4932,55700,274.7
25931,4716,103200,486.7
25941,4792,92800,444.7
25951,4936,57300,282.8
25961,4932,55700,274.7
25971,4932,56800,280.1
25981,4932,56400,278.2
25992,4932,56700,279.6
26001,4932,56400,278.2
26011,4932,56600,279.2
26021,4932,56400,278.2
26031,4796,137100,657.5
26041,4812,66300,319.0
26051,4932,55700,274.7
26061,4936,57300,282.8
26071,4932,55800,275.2
26081,4932,57300,282.6
26091,4932,55700,274.7
26101,4936,57300,282.8
26111,4932,55600,274.2
26121,4932,57300,282.6
26131,4804,141900,681.7
26141,4888,57300,280.1
26151,4932,55700,274.7
26161,4932,56500,278.7
26171,4932,56300,277.7
26181,4932,56600,279.2
26191,4932,56300,277.7
26201,4932,56600,279.2
26211,4932,56300,277.7
26221,4932,55700,274.7
26231,4800,142300,683.0
26241,4920,55700,274.0
26251,4936,57300,282.8
26261,4932,55700,274.7
26271,4932,57300,282.6
26281,4932,55700,274.7
26291,4936,57300,282.8
26301,4932,55700,274.7
26311,4932,57300,282.6
26321,4932,55800,275.2
26331,4936,60200,297.1
26341,4932,55800,275.2
26351,4936,56800,280.4
26361,4932,56400,278.2
26371,4932,56700,279.6
26381,4932,56300,277.7
26391,4932,56600,279.2
26401,4932,56400,278.2
26411,4932,55700,274.7
26421,4936,57300,282.8
26431,4932,55700,274.7
26441,4808,197100,947.7
26451,4932,55800,275.2
26461,4936,57300,282.8
26471,4932,55700,274.7
26481,4932,57300,282.6
26491,4932,55700,274.7
26501,4936,57300,282.8
26511,4932,55700,274.7
26521,4932,57400,283.1
26531,4932,55700,274.7
26541,4800,142700,685.0
26551,4932,56400,278.2
26561,4936,56600,279.4
26571,4932,56400,278.2
26581,4936,56600,279.4
26591,4932,56700,279.6
26601,4932,55600,274.2
26611,4932,57300,282.6
26621,4932,55700,274.7
26631,4932,57200,282.1
26641,4772,91500,436.6
26651,4932,57300,282.6
26661,4932,55700,274.7
26671,4936,57300,282.8
26681,4932,55700,274.7
26691,4936,57300,282.8
26701,4932,55700,274.7
26711,4936,57200,282.3
26721,4932,55700,274.7
26731,4932,56600,279.2
26741,4924,143800,708.1
26751,4936,56700,279.9
26761,4936,56300,277.9
26771,4932,56400,278.2
26781,4932,57000,281.1
26791,4932,55700,274.7
26801,4936,57300,282.8
26811,4932,55700,274.7
26821,4932,57300,282.6
26831,4932,55700,274.7
26841,4872,134900,657.2
26851,4780,104800,500.9
26861,4936,57300,282.8
26871,4932,55700,274.7
26881,4936,57300,282.8
26891,4932,55700,274.7
26901,4936,57300,282.8
26911,4932,55800,275.2
26921,4932,56700,279.6
26931,4932,56300,277.7
26941,4784,78000,373.2
26951,4936,56300,277.9
26961,4696,137500,645.7
26971,4932,57400,283.1
26981,4932,55700,274.7
26991,4932,57300,282.6
27001,4932,55800,275.2
27011,4936,57300,282.8
27021,4932,55700,274.7
27031,4936,57300,282.8
27041,4832,110400,533.5
27051,4936,57300,282.8
27061,4932,55700,274.7
27071,4820,220100,1060.9
27081,4932,55700,274.7
27091,4932,57200,282.1
27101,4932,56100,276.7
27111,4932,56700,279.6
27121,4932,56400,278.2
27131,4932,56700,279.6
27141,4912,155600,764.3
27151,4932,55700,274.7
27161,4932,57300,282.6
27171,4688,136300,639.0
27181,4936,57300,282.8
27191,4932,55700,274.7
27201,4936,57300,282.8
27211,4932,55700,274.7
27221,4932,57400,283.1
27231,4932,55700,274.7
27241,4840,119300,577.4
27251,4932,55700,274.7
27261,4936,57300,282.8
27271,4812,208300,1002.3
27281,4936,56900,280.9
27291,4932,56300,277.7
27301,4932,56600,279.2
27311,4932,56300,277.7
27321,4936,56600,279.4
27331,4932,56300,277.7
27341,4784,72000,344.4
27351,4936,57200,282.3
27361,4932,55700,274.7
27371,4936,57300,282.8
27381,4680,138100,646.3
27391,4936,57300,282.8
27401,4932,55700,274.7
27411,4936,57300,282.8
27421,4932,55800,275.2
27431,4936,57300,282.8
27441,4932,123600,609.6
27451,4932,57300,282.6
27461,4932,55700,274.7
27471,4936,56600,279.4
27481,4932,56300,277.7
27491,4932,56700,279.6
27501,4932,56400,278.2
27511,4932,56700,279.6
27521,4932,56400,278.2
27531,4932,55700,274.7
27541,4904,153600,753.3
27551,4932,55800,275.2
27561,4932,57300,282.6
27571,4932,55700,274.7
27581,4936,57300,282.8
27591,4932,55800,275.2
27601,4868,57300,278.9
27611,4932,55700,274.7
27621,4936,57300,282.8
27631,4932,55700,274.7
27641,4820,109500,527.8
27651,4932,55700,274.7
27661,4932,56600,279.2
27671,4932,56300,277.7
27681,4932,56600,279.2
27692,4932,56400,278.2
27701,4932,56600,279.2
27711,4804,56300,270.5
27721,4932,55800,275.2
27731,4936,57300,282.8
27741,4788,69500,332.8
27751,4936,57200,282.3
27761,4928,55700,274.5
27771,4936,57300,282.8
27781,4932,55600,274.2
27791,4932,57400,283.1
27801,4932,55700,274.7
27811,4804,144000,691.8
27821,4932,55700,274.7
27831,4936,57300,282.8
27841,4932,136700,674.2
27851,4932,56700,279.6
27861,4932,56300,277.7
27871,4932,56600,279.2
27881,4932,56400,278.2
27891,4932,56700,279.6
27901,4932,56500,278.7
27911,4932,55700,274.7
27921,4820,57300,276.2
27931,4932,55700,274.7
27941,4888,144000,703.9
27951,4932,55700,274.7
27961,4936,57300,282.8
27971,4932,55700,274.7
27981,4936,57200,282.3
27991,4928,55700,274.5
28001,4936,57200,282.3
28011,4932,55700,274.7
28021,4708,133200,627.1
28031,4932,55700,274.7
28041,4804,98500,473.2
28051,4932,56400,278.2
28061,4932,56600,279.2
28071,4932,56400,278.2
28081,4932,56500,278.7
28091,4932,56900,280.6
28101,4932,55700,274.7
28111,4936,57300,282.8
28121,4928,55700,274.5
28131,4932,57300,282.6
28141,4804,91000,437.2
28151,4936,57300,282.8
28161,4932,55700,274.7
28171,4936,57300,282.8
28181,4932,55700,274.7
28191,4932,57300,282.6
28201,4932,55700,274.7
28211,4932,57200,282.1
28221,4932,55700,274.7
28231,4804,145400,698.5
28241,4932,146400,722.0
28251,4932,56600,279.2
28261,4932,56400,278.2
28271,4936,56300,277.9
28281,4932,57100,281.6
28291,4932,55700,274.7
28301,4936,57300,282.8
28311,4932,55800,275.2
28321,4932,57300,282.6
28331,4932,55700,274.7
28341,4800,141800,680.6
28351,4932,55700,274.7
28361,4936,57300,282.8
28371,4932,55700,274.7
28381,4932,57300,282.6
28391,4932,55700,274.7
28401,4932,57300,282.6
28411,4932,55900,275.7
28421,4932,56700,279.6
28431,4932,56300,277.7
28441,4796,159900,766.9
28451,4932,56400,278.2
28461,4932,55900,275.7
28471,4932,57300,282.6
28481,4932,55700,274.7
28491,4936,57300,282.8
28501,4932,55700,274.7
28511,4936,57300,282.8
28521,4932,55700,274.7
28531,4932,57300,282.6
28541,4932,99700,491.7
28551,4856,149200,724.5
28561,4932,55700,274.7
28571,4932,57400,283.1
28581,4932,55700,274.7
28591,4932,57200,282.1
28601,4932,56200,277.2
28611,4936,56600,279.4
28621,4932,56400,278.2
28631,4932,56600,279.2
28641,4920,153700,756.2
28651,4932,55700,274.7
28661,4912,154800,760.4
28671,4932,55700,274.7
28681,4936,57300,282.8
28691,4932,55800,275.2
28701,4936,57200,282.3
28711,4932,55700,274.7
28721,4936,57300,282.8
28731,4932,55700,274.7
28741,4848,123400,598.2
28751,4932,55600,274.2
28761,4936,57300,282.8
28771,4760,76700,365.1
28781,4932,57000,281.1
28791,4932,56400,278.2
28801,4932,56600,279.2
28811,4932,56400,278.2
28821,4936,56700,279.9
28831,4932,56300,277.7
28841,4780,73000,348.9
28851,4932,57300,282.6
28861,4932,55700,274.7
28871,4808,213900,1028.4
28881,4932,55700,274.7
28891,4936,57300,282.8
28901,4932,55700,274.7
28911,4936,57300,282.8
28921,4932,55600,274.2
28931,4932,57300,282.6
28941,4932,118000,582.0
28951,4932,57300,282.6
28961,4932,55700,274.7
28971,4700,134700,633.1
28981,4932,56400,278.2
28991,4932,56700,279.6
29001,4932,56300,277.7
29011,4932,56700,279.6
29021,4932,56400,278.2
29031,4932,55700,274.7
29041,4908,154500,758.3
29051,4932,55600,274.2
29061,4936,57300,282.8
29071,4804,143200,687.9
29081,4936,57300,282.8
29091,4932,55700,274.7
29101,4936,57300,282.8
29111,4932,55700,274.7
29121,4936,57300,282.8
29131,4932,55700,274.7
29141,4828,112700,544.1
29151,4932,55700,274.7
29161,4932,56600,279.2
29171,4932,56300,277.7
29181,4724,137900,651.4
29191,4932,56300,277.7
29201,4932,56700,279.6
29211,4932,56300,277.7
29221,4932,55700,274.7
29231,4936,57300,282.8
29241,4784,70100,335.4
29251,4936,57300,282.8
29261,4932,55700,274.7
29271,4936,57300,282.8
29281,4928,55700,274.5
29291,4932,57400,283.1
29301,4932,55700,274.7
29311,4936,57300,282.8
29321,4932,55700,274.7
29331,4936,57300,282.8
29341,4932,131300,647.6
29351,4936,56700,279.9
29361,4932,56400,278.2
29371,4936,56700,279.9
29385,4936,57300,282.8
29391,4804,141600,680.2
29401,4932,56500,278.7
29411,4932,55700,274.7
29421,4936,57300,282.8
29431,4932,55700,274.7
29441,4896,151700,742.7
29451,4932,55700,274.7
29461,4932,57300,282.6
29471,4932,55700,274.7
29481,4936,57300,282.8
29491,4928,103800,511.5
29501,4936,57300,282.8
29511,4932,55700,274.7
29521,4936,57200,282.3
29531,4932,55700,274.7
29541,4808,103900,499.6
29551,4932,56400,278.2
29561,4932,56700,279.6
29571,4932,56400,278.2
29581,4932,56500,278.7
29591,4932,56900,280.6
29601,4932,55700,274.7
29611,4932,57300,282.6
29621,4932,55700,274.7
29631,4932,57300,282.6
29641,4796,85400,409.6
29651,4936,57200,282.3
29661,4932,55700,274.7
29671,4932,57300,282.6
29681,4932,55700,274.7
29691,4932,57300,282.6
29701,4756,196900,936.5
29711,4936,57300,282.8
29721,4932,55700,274.7
29731,4932,56600,279.2
29741,4932,143600,708.2
29751,4932,56600,279.2
29761,4932,56400,278.2
29771,4932,56300,277.7
29781,4936,57100,281.8
29791,4932,55700,274.7
29801,4796,143600,688.7
29811,4932,55700,274.7
29821,4936,57300,282.8
29831,4932,55700,274.7
29841,4880,141300,689.5
29851,4932,55700,274.7
29861,4936,57300,282.8
29871,4932,55600,274.2
29881,4932,57300,282.6
29891,4932,55700,274.7
29901,4936,57300,282.8
29911,4808,204600,983.7
29921,4932,56700,279.6
29931,4932,56400,278.2
29941,4792,93200,446.6
29951,4932,56400,278.2
29961,4932,56000,276.2
29971,4932,57300,282.6
29981,4932,55700,274.7
29991,4936,57300,282.8
30001,4932,55700,274.7
30011,4936,57300,282.8
30021,4684,136800,640.8
30031,4932,57300,282.6
30041,4932,98400,485.3
30051,4936,57400,283.3
30061,4932,55700,274.7
30071,4936,57300,282.8
30081,4932,55700,274.7
30091,4936,57200,282.3
30101,4932,56100,276.7
30111,4932,56700,279.6
30121,4812,210500,1012.9
30131,4932,56600,279.2
30141,4924,151600,746.5
30151,4932,55800,275.2
30161,4932,57400,283.1
30171,4932,55700,274.7
30181,4936,57300,282.8
30191,4932,55700,274.7
30201,4936,57400,283.3
30211,4932,55700,274.7
30221,4884,159600,779.5
30231,4932,55700,274.7
30241,4856,130300,632.7
30251,4932,55700,274.7
30261,4932,57300,282.6
30271,4932,55700,274.7
30281,4936,56900,280.9
30291,4932,56400,278.2
30301,4932,56700,279.6
30311,4932,56400,278.2
30321,4936,56600,279.4
30331,4780,178800,854.7
30341,4780,77400,370.0
30351,4932,57300,282.6
30361,4932,55700,274.7
30371,4932,57300,282.6
30381,4932,55700,274.7
30391,4936,57300,282.8
30401,4932,55700,274.7
30411,4936,57300,282.8
30421,4932,55600,274.2
30431,4936,57300,282.8
30441,4780,173200,827.9
30451,4936,57300,282.8
30461,4932,55700,274.7
30471,4936,56600,279.4
30481,4932,56400,278.2
30491,4932,56700,279.6
30501,4932,56400,278.2
30511,4932,56700,279.6
30521,4932,56400,278.2
30531,4932,55700,274.7
30541,4912,153700,755.0
30551,4932,55700,274.7
30561,4936,57300,282.8
30571,4932,55600,274.2
30581,4936,57300,282.8
30591,4932,55700,274.7
30601,4936,57300,282.8
30611,4932,55700,274.7
30621,4936,57200,282.3
30631,4932,55700,274.7
30641,4844,124300,602.1
30651,4804,204700,983.4
30661,4936,56600,279.4
30671,4932,56300,277.7
30681,4932,56600,279.2
30691,4932,56400,278.2
30701,4936,56700,279.9
30711,4932,56400,278.2
30721,4932,55700,274.7
30731,4936,57300,282.8
30741,4780,71300,340.8
30751,4908,156600,768.6
30761,4932,55800,275.2
30771,4936,57300,282.8
30781,4932,55700,274.7
30791,4936,57300,282.8
30801,4932,55800,275.2
30811,4936,57300,282.8
30821,4932,55700,274.7
30831,4936,57300,282.8
30841,4928,125400,618.0
30851,4936,59500,293.7
30861,4932,56400,278.2
30871,4936,56600,279.4
30881,4932,56400,278.2
30891,4932,56700,279.6
30901,4932,56400,278.2
30911,4928,55700,274.5
30921,4936,57300,282.8
30931,4932,55800,275.2
30941,4904,153200,751.3
30951,4932,55700,274.7
30961,4700,147300,692.3
30971,4932,55700,274.7
30981,4932,57300,282.6
30991,4932,55700,274.7
31001,4936,57300,282.8
31011,4932,55700,274.7
31021,4936,57300,282.8
31031,4932,55700,274.7
31041,4816,109400,526.9
31051,4932,56400,278.2
31061,4804,140100,673.0
31071,4936,56400,278.4
31082,4932,56700,279.6
31091,4932,56700,279.6
31101,4932,55700,274.7
31111,4936,57300,282.8
31121,4932,55700,274.7
31131,4932,57300,282.6
31141,4792,79600,381.4
31151,4936,57300,282.8
31161,4932,55700,274.7
31171,4808,215400,1035.6
31181,4932,55700,274.7
31191,4936,57300,282.8
31201,4932,55700,274.7
31211,4936,57300,282.8
31221,4932,55700,274.7
31231,4932,56700,279.6
31241,4932,138500,683.1
31251,4932,56600,279.2
31261,4932,56300,277.7
31271,4736,172800,818.4
31281,4932,56900,280.6
31291,4932,55700,274.7
31301,4936,57300,282.8
31311,4932,55800,275.2
31321,4936,57300,282.8
31331,4932,55700,274.7
31341,4888,141700,692.6
31351,4932,55700,274.7
31361,4936,57400,283.3
31371,4932,55700,274.7
31381,4936,57300,282.8
31391,4932,55700,274.7
31401,4932,57300,282.6
31411,4932,55800,275.2
31421,4932,56600,279.2
31431,4932,56400,278.2
31441,4796,97900,469.5
31451,4932,56300,277.7
31461,4932,56100,276.7
31471,4932,57200,282.1
31481,4768,133300,635.6
31491,4936,57300,282.8
31501,4932,55700,274.7
31511,4936,57300,282.8
31521,4932,55800,275.2
31531,4932,57300,282.6
31541,4932,92100,454.2
31551,4936,57300,282.8
31561,4932,55700,274.7
31571,4936,57300,282.8
31581,4928,111300,548.5
31591,4932,57300,282.6
31601,4932,55900,275.7
31611,4932,56600,279.2
31621,4936,56400,278.4
31631,4932,56700,279.6
31641,4928,147400,726.4
31651,4932,55800,275.2
31661,4932,57400,283.1
31671,4932,55700,274.7
31681,4936,57300,282.8
31691,4800,140300,673.4
31701,4936,57300,282.8
31711,4932,55800,275.2
31721,4936,57300,282.8
31731,4932,55700,274.7
31741,4868,135100,657.7
31751,4932,55700,274.7
31761,4936,57300,282.8
31771,4932,55700,274.7
31781,4936,57100,281.8
31791,4932,123900,611.1
31801,4932,56700,279.6
31811,4932,56400,278.2
31821,4932,56600,279.2
31831,4932,56300,277.7
31841,4788,84700,405.5
31851,4932,57300,282.6
31861,4932,55700,274.7
31871,4936,57300,282.8
31881,4932,55700,274.7
31891,4936,60100,296.7
31901,4932,55800,275.2
31911,4936,57300,282.8
31921,4932,55700,274.7
31931,4932,57300,282.6
31941,4932,104300,514.4
31951,4932,57300,282.6
31961,4932,55700,274.7
31971,4936,56800,280.4
31981,4932,56400,278.2
31991,4932,56600,279.2
32001,4808,137700,662.1
32011,4932,56700,279.6
32021,4936,56300,277.9
32031,4932,55700,274.7
32041,4920,154100,758.2
32051,4932,55800,275.2
32061,4936,57300,282.8
32071,4932,55700,274.7
32081,4936,57300,282.8
32091,4932,55700,274.7
32101,4888,158600,775.2
32111,4932,55800,275.2
32121,4936,57300,282.8
32131,4932,55700,274.7
32141,4852,125600,609.4
32151,4932,55700,274.7
32161,4932,56700,279.6
32171,4932,56400,278.2
32181,4932,56700,279.6
32191,4932,56400,278.2
32201,4804,146100,701.9
32211,4932,56300,277.7
32221,4932,55800,275.2
32231,4932,57300,282.6
32241,4780,73200,349.9
32251,4936,57200,282.3
32261,4932,55800,275.2
32271,4936,57200,282.3
32281,4932,55700,274.7
32291,4936,57300,282.8
32301,4932,55700,274.7
32311,4808,139300,669.8
32321,4932,55800,275.2
32331,4936,57300,282.8
32341,4932,116200,573.1
32351,4936,56600,279.4
32361,4932,56300,277.7
32371,4932,56700,279.6
32381,4932,56300,277.7
32391,4932,56700,279.6
32401,4932,56400,278.2
32411,4800,141300,678.2
32421,4932,57300,282.6
32431,4932,55700,274.7
32441,4912,156600,769.2
32451,4932,55800,275.2
32461,4936,57400,283.3
32471,4932,55700,274.7
32481,4936,57300,282.8
32491,4932,55800,275.2
32501,4936,57300,282.8
32511,4932,55800,275.2
32521,4712,140500,662.0
32531,4932,55800,275.2
32541,4832,115200,556.6
32551,4932,56400,278.2
32561,4932,56700,279.6
32571,4932,56300,277.7
32581,4932,56700,279.6
32591,4936,56500,278.9
32601,4932,55700,274.7
32611,4936,57300,282.8
32621,4784,68300,326.7
32631,4936,57300,282.8
32641,4784,74900,358.3
32651,4936,57300,282.8
32661,4932,55700,274.7
32671,4936,57200,282.3
32681,4932,55700,274.7
32691,4932,57300,282.6
32701,4932,55600,274.2
32711,4932,57400,283.1
32721,4932,55700,274.7
32731,4712,100600,474.0
32741,4932,129900,640.7
32751,4932,56600,279.2
32761,4932,56400,278.2
32771,4936,56600,279.4
32782,4936,57300,282.8
32791,4932,55800,275.2
32801,4936,57300,282.8
32811,4932,55700,274.7
32821,4936,57300,282.8
32831,4804,140400,674.5
32841,4900,149900,734.5
32851,4932,55700,274.7
32861,4932,57400,283.1
32871,4932,55700,274.7
32881,4936,57300,282.8
32891,4932,55700,274.7
32901,4932,57300,282.6
32911,4932,55700,274.7
32921,4932,56600,279.2
32931,4932,126500,623.9
32941,4812,104700,503.8
32951,4932,56400,278.2
32961,4932,56500,278.7
32971,4932,56900,280.6
32981,4932,55700,274.7
32991,4936,57300,282.8
33001,4932,55700,274.7
33011,4936,57300,282.8
33021,4932,55700,274.7
33031,4936,57300,282.8
33041,4652,122600,570.3
33051,4936,57300,282.8
33061,4932,55700,274.7
33071,4932,57300,282.6
33081,4932,55700,274.7
33091,4936,57300,282.8
33101,4932,55800,275.2
33111,4932,56700,279.6
33121,4932,56400,278.2
33131,4932,56700,279.6
33141,4796,140000,671.4
33151,4932,56100,276.7
33161,4932,57300,282.6
33171,4932,55700,274.7
33181,4936,57300,282.8
33191,4932,55700,274.7
33201,4936,57300,282.8
33211,4932,55800,275.2
33221,4936,57300,282.8
33231,4932,55700,274.7
33241,4888,147200,719.5
33251,4804,205800,988.7
33261,4936,57300,282.8
33271,4932,55700,274.7
33281,4932,57300,282.6
33291,4932,56000,276.2
33301,4936,56700,279.9
33311,4932,56400,278.2
33321,4932,56600,279.2
33331,4932,56400,278.2
33341,4796,90000,431.6
33351,4784,184900,884.6
33361,4932,55800,275.2
33371,4936,57300,282.8
33381,4932,55800,275.2
33391,4936,57300,282.8
33401,4932,55800,275.2
33411,4936,57300,282.8
33421,4932,55700,274.7
33431,4932,57300,282.6
33441,4932,98200,484.3
33451,4936,60100,296.7
33461,4932,55800,275.2
33471,4936,57100,281.8
33481,4932,56300,277.7
33491,4932,56700,279.6
33501,4932,56400,278.2
33511,4936,56700,279.9
33521,4932,56300,277.7
33531,4932,55700,274.7
33541,4924,152100,748.9
33551,4932,55700,274.7
33561,4796,57300,274.8
33571,4932,55700,274.7
33581,4932,57300,282.6
33591,4932,55700,274.7
33601,4936,57300,282.8
33611,4932,55800,275.2
33621,4932,57200,282.1
33631,4932,55700,274.7
33641,4860,131300,638.1
33651,4932,55700,274.7
33661,4712,135200,637.1
33671,4932,56400,278.2
33681,4932,56700,279.6
33691,4932,56400,278.2
33701,4936,56700,279.9
33711,4932,56400,278.2
33721,4932,55700,274.7
33731,4932,57300,282.6
33741,4784,77000,368.4
33751,4936,57300,282.8
33761,4932,55800,275.2
33771,4808,203200,977.0
33781,4932,55700,274.7
33791,4936,57300,282.8
33801,4932,55700,274.7
33811,4936,57300,282.8
33821,4932,55700,274.7
33831,4936,57300,282.8
33841,4932,111600,550.4
33851,4936,56600,279.4
33861,4932,56400,278.2
33871,4700,134000,629.8
33881,4932,56400,278.2
33891,4932,56700,279.6
33901,4932,56400,278.2
33911,4932,55800,275.2
33921,4932,57300,282.6
33931,4932,55800,275.2
33941,4916,155000,762.0
33951,4932,55700,274.7
33961,4932,57300,282.6
33971,4928,55700,274.5
33981,4936,57300,282.8
33991,4932,55700,274.7
34001,4936,57300,282.8
34011,4932,55700,274.7
34021,4936,57200,282.3
34031,4932,55700,274.7
34041,4840,120700,584.2
34051,4932,56300,277.7
34061,4932,56700,279.6
34071,4932,56300,277.7
34081,4804,139900,672.1
34091,4932,56400,278.2
34101,4932,55700,274.7
34111,4936,57300,282.8
34121,4932,55700,274.7
34131,4932,57300,282.6
34141,4776,70900,338.6
34151,4932,57300,282.6
34161,4932,55700,274.7
34171,4936,57300,282.8
34181,4788,139900,669.8
34191,4936,57300,282.8
34201,4932,55700,274.7
34211,4936,57300,282.8
34221,4932,55700,274.7
34231,4932,56700,279.6
34241,4932,124500,614.0
34251,4932,56700,279.6
34261,4932,56300,277.7
34271,4932,56700,279.6
34281,4932,56500,278.7
34291,4696,132300,621.3
34301,4936,57300,282.8
34311,4932,55700,274.7
34321,4936,57300,282.8
34331,4932,55700,274.7
34341,4904,156100,765.5
34351,4932,55700,274.7
34361,4932,57300,282.6
34371,4932,55600,274.2
34381,4932,57300,282.6
34391,4800,205000,984.0
34401,4936,57300,282.8
34411,4932,55800,275.2
34421,4936,56700,279.9
34431,4932,56400,278.2
34441,4820,110500,532.6
34451,4932,56400,278.2
34461,4932,56600,279.2
34472,4932,57300,282.6
34481,4932,55700,274.7
34491,4932,57300,282.6
34501,4932,144300,711.7
34511,4936,57300,282.8
34521,4932,55700,274.7
34531,4936,57300,282.8
34541,4932,78500,387.2
34551,4936,57400,283.3
34561,4932,55700,274.7
34571,4936,57300,282.8
34581,4932,55700,274.7
34591,4936,57300,282.8
34601,4812,173100,833.0
34611,4936,56700,279.9
34621,4932,56400,278.2
34631,4932,56700,279.6
34641,4936,137800,680.2
34651,4936,56400,278.4
34661,4932,57100,281.6
34671,4932,55600,274.2
34681,4936,57300,282.8
34691,4932,55700,274.7
34701,4800,142300,683.0
34711,4932,55700,274.7
34721,4932,57400,283.1
34731,4932,55700,274.7
34741,4888,145900,713.2
34751,4932,55700,274.7
34761,4936,57400,283.3
34771,4932,55800,275.2
34781,4936,57300,282.8
34791,4932,55800,275.2
34801,4804,141100,677.8
34811,4932,56400,278.2
34821,4932,56600,279.2
34831,4932,56400,278.2
34841,4800,99200,476.2
34851,4932,57300,282.6
34861,4932,55800,275.2
34871,4936,57300,282.8
34881,4932,55800,275.2
34891,4932,57300,282.6
34901,4932,55700,274.7
34911,4820,212600,1024.7
34921,4932,55700,274.7
34931,4936,57300,282.8
34941,4932,90300,445.4
34951,4936,57300,282.8
34961,4932,55700,274.7
34971,4932,57300,282.6
34981,4932,56100,276.7
34991,4936,56600,279.4
35001,4932,56300,277.7
35011,4800,140300,673.4
35021,4932,56300,277.7
35031,4932,55800,275.2
35041,4928,148500,731.8
35051,4932,55700,274.7
35061,4936,57300,282.8
35071,4932,55800,275.2
35081,4936,57400,283.3
35091,4932,55700,274.7
35101,4932,57300,282.6
35111,4932,55700,274.7
35121,4836,57400,277.6
35131,4932,55800,275.2
35141,4872,137300,668.9
35151,4932,55700,274.7
35161,4932,57000,281.1
35171,4932,56400,278.2
35181,4932,56600,279.2
35191,4932,56400,278.2
35201,4932,56600,279.2
35211,4932,56400,278.2
35221,4932,58700,289.5
35231,4932,57200,282.1
35241,4792,84200,403.5
35251,4932,57300,282.6
35261,4932,55700,274.7
35271,4936,57200,282.3
35281,4932,55700,274.7
35291,4936,57300,282.8
35301,4932,55700,274.7
35311,4936,57300,282.8
35321,4932,55600,274.2
35331,4800,142300,683.0
35341,4932,103500,510.5
35351,4932,56700,279.6
35361,4932,56400,278.2
35371,4932,56700,279.6
35381,4932,56400,278.2
35391,4932,56600,279.2
35401,4932,56400,278.2
35411,4932,55600,274.2
35421,4932,57300,282.6
35431,4932,55700,274.7
35441,4808,206900,994.8
35451,4932,55700,274.7
35461,4936,57300,282.8
35471,4932,55800,275.2
35481,4932,57300,282.6
35491,4932,55700,274.7
35501,4936,57300,282.8
35511,4932,55700,274.7
35521,4936,57300,282.8
35531,4932,55700,274.7
35541,4860,165400,803.8
35551,4748,140500,667.1
35561,4932,56600,279.2
35571,4932,56300,277.7
35581,4932,56600,279.2
35591,4932,56300,277.7
35601,4932,55700,274.7
35611,4932,57300,282.6
35621,4932,55700,274.7
35631,4932,57300,282.6
35641,4784,67400,322.4
35651,4744,156800,743.9
35661,4932,55700,274.7
35671,4936,57300,282.8
35681,4932,55700,274.7
35691,4932,57300,282.6
35701,4932,55700,274.7
35711,4936,57300,282.8
35721,4932,55700,274.7
35731,4932,56600,279.2
35741,4932,117400,579.0
35751,4932,56700,279.6
35761,4752,135800,645.3
35771,4936,56600,279.4
35781,4932,56300,277.7
35791,4932,55600,274.2
35801,4936,57300,282.8
35811,4932,55700,274.7
35821,4936,57300,282.8
35831,4932,55700,274.7
35841,4912,157500,773.6
35851,4932,55700,274.7
35861,4716,139000,655.5
35871,4932,55700,274.7
35881,4936,57300,282.8
35891,4932,55700,274.7
35901,4936,57300,282.8
35911,4932,55700,274.7
35921,4932,56700,279.6
35931,4932,56300,277.7
35941,4828,115100,555.7
35951,4932,56400,278.2
35961,4932,56600,279.2
35971,4808,140200,674.1
35981,4932,55800,275.2
35991,4932,57300,282.6
36001,4932,55600,274.2
36011,4936,57300,282.8
36021,4932,55700,274.7
36031,4936,57300,282.8
36041,4932,74700,368.4
36051,4936,57300,282.8
36061,4932,55700,274.7
36071,4812,217100,1044.7
36081,4932,55700,274.7
36091,4936,57300,282.8
36101,4932,55700,274.7
36111,4932,56600,279.2
36121,4936,56400,278.4
36131,4932,56700,279.6
36141,4932,130300,642.6
36151,4932,56500,278.7
36161,4932,56900,280.6
36172,4804,138600,665.8
36181,4936,57300,282.8
36191,4932,55700,274.7
36201,4936,57300,282.8
36211,4932,55700,274.7
36221,4932,57200,282.1
36231,4932,55800,275.2
36241,4900,150300,736.5
36251,4932,55700,274.7
36261,4936,57300,282.8
36271,4792,140900,675.2
36281,4936,57400,283.3
36291,4932,55700,274.7
36301,4932,56600,279.2
36311,4932,56300,277.7
36321,4932,56600,279.2
36331,4932,56300,277.7
36341,4808,103300,496.7
36351,4932,57200,282.1
36361,4932,55700,274.7
36371,4932,57300,282.6
36381,4764,169800,808.9
36391,4932,57300,282.6
36401,4932,55700,274.7
36411,4936,57300,282.8
36421,4932,55800,275.2
36431,4932,57300,282.6
36441,4932,84300,415.8
36451,4936,57300,282.8
36461,4932,55700,274.7
36471,4932,57300,282.6
36481,4716,98300,463.6
36491,4932,56600,279.2
36501,4932,56400,278.2
36511,4932,56600,279.2
36521,4932,56300,277.7
36531,4932,55900,275.7
36541,4932,140300,692.0
36551,4932,55800,275.2
36561,4936,57300,282.8
36571,4932,55700,274.7
36581,4920,153800,756.7
36591,4932,55700,274.7
36601,4932,57300,282.6
36611,4932,55700,274.7
36621,4936,57200,282.3
36631,4932,55700,274.7
36641,4880,142200,693.9
36651,4932,55700,274.7
36661,4936,57200,282.3
36671,4932,56200,277.2
36681,4932,56700,279.6
36691,4804,203500,977.6
36701,4932,56700,279.6
36711,4932,56400,278.2
36721,4932,55700,274.7
36731,4932,57300,282.6
36741,4792,57700,276.5
36751,4932,57300,282.6
36761,4932,55700,274.7
36771,4936,57300,282.8
36781,4932,55700,274.7
36791,4804,141500,679.8
36801,4932,55800,275.2
36811,4936,57300,282.8
36821,4932,55700,274.7
36831,4932,57300,282.6
36841,4932,97300,479.9
36851,4936,56900,280.9
36861,4932,56400,278.2
36871,4932,56600,279.2
36881,4932,56400,278.2
36891,4932,56600,279.2
36901,4800,141600,679.7
36911,4932,55700,274.7
36921,4936,57300,282.8
36931,4932,55700,274.7
36941,4928,152200,750.0
36951,4932,55800,275.2
36961,4936,57200,282.3
36971,4932,55700,274.7
36981,4936,57200,282.3
36991,4932,55700,274.7
37001,4936,57300,282.8
37011,4800,136800,656.6
37021,4932,57300,282.6
37031,4932,55700,274.7
37041,4860,130900,636.2
37051,4932,56500,278.7
37061,4932,56700,279.6
37071,4932,56300,277.7
37081,4932,56700,279.6
37091,4932,56400,278.2
37101,4932,55800,275.2
37111,4812,145400,699.7
37121,4932,55800,275.2
37131,4936,57300,282.8
37141,4784,63600,304.3
37151,4936,57300,282.8
37161,4932,55700,274.7
37171,4932,57300,282.6
37181,4932,55700,274.7
37191,4936,57300,282.8
37201,4928,55700,274.5
37211,4768,217600,1037.5
37221,4932,55700,274.7
37231,4932,56600,279.2
37241,4932,109100,538.1
37251,4932,56700,279.6
37261,4932,56300,277.7
37271,4936,56700,279.9
37281,4932,56400,278.2
37291,4932,55700,274.7
37301,4936,57300,282.8
37311,4804,140000,672.6
37321,4932,57300,282.6
37331,4932,55700,274.7
37341,4916,157900,776.2
37351,4932,55700,274.7
37361,4932,57300,282.6
37371,4932,55700,274.7
37381,4936,57300,282.8
37391,4932,55700,274.7
37401,4936,57300,282.8
37411,4932,55700,274.7
37421,4796,139600,669.5
37431,4932,56300,277.7
37441,4836,121800,589.0
37451,4932,56400,278.2
37461,4932,56600,279.2
37471,4932,56400,278.2
37481,4932,55700,274.7
37491,4932,57300,282.6
37501,4932,55700,274.7
37511,4936,57200,282.3
37521,4804,140600,675.4
37531,4936,57300,282.8
37541,4932,70500,347.7
37551,4936,57300,282.8
37561,4932,55700,274.7
37571,4932,57300,282.6
37581,4932,55700,274.7
37591,4936,57300,282.8
37601,4932,55700,274.7
37611,4932,56600,279.2
37621,4932,56400,278.2
37631,4884,56600,276.4
37641,4936,124300,613.5
37651,4936,56700,279.9
37661,4932,56700,279.6
37671,4932,55700,274.7
37681,4936,57300,282.8
37691,4932,55700,274.7
37701,4936,57300,282.8
37711,4932,55700,274.7
37721,4936,57300,282.8
37731,4928,71000,349.9
37741,4904,156400,767.0
37751,4932,55700,274.7
37761,4936,57300,282.8
37771,4932,55800,275.2
37781,4932,57300,282.6
37791,4932,55700,274.7
37801,4936,56700,279.9
37811,4932,56400,278.2
37821,4932,56700,279.6
37831,4936,56400,278.4
37841,4828,166300,802.9
37851,4932,57000,281.1
37862,4932,55700,274.7
37871,4936,57300,282.8
37881,4932,55700,274.7
37891,4936,57300,282.8
37901,4932,55700,274.7
37911,4936,57300,282.8
37921,4932,55700,274.7
37931,4936,57300,282.8
37941,4932,77800,383.7
37951,4808,141900,682.3
37961,4932,55800,275.2
37971,4932,57300,282.6
37981,4932,55800,275.2
37991,4932,56600,279.2
38001,4932,56300,277.7
38011,4932,56700,279.6
38021,4932,56400,278.2
38031,4932,56000,276.2
38041,4936,138900,685.6
38051,4932,55700,274.7
38061,4792,59000,282.7
38071,4932,55700,274.7
38081,4932,57300,282.6
38091,4932,55700,274.7
38101,4936,57300,282.8
38111,4932,55600,274.2
38121,4936,57200,282.3
38131,4932,55700,274.7
38141,4888,146100,714.1
38151,4932,55700,274.7
38161,4936,60100,296.7
38171,4932,56100,276.7
38181,4932,56700,279.6
38191,4932,56300,277.7
38201,4932,56700,279.6
38211,4932,56400,278.2
38221,4932,55700,274.7
38231,4932,57300,282.6
38241,4800,56400,270.7
38251,4936,57300,282.8
38261,4932,55700,274.7
38271,4812,208100,1001.4
38281,4932,55700,274.7
38291,4936,57300,282.8
38301,4932,55700,274.7
38311,4932,57400,283.1
38321,4932,55700,274.7
38331,4936,57300,282.8
38341,4932,91300,450.3
38351,4936,56900,280.9
38361,4932,56400,278.2
38371,4760,169300,805.9
38381,4932,56300,277.7
38391,4932,56700,279.6
38401,4932,56400,278.2
38411,4932,55700,274.7
38421,4932,57200,282.1
38431,4932,55700,274.7
38441,4932,147900,729.4
38451,4932,55700,274.7
38461,4936,57300,282.8
38471,4928,66300,326.7
38481,4936,57200,282.3
38491,4932,55700,274.7
38501,4932,57300,282.6
38511,4932,55700,274.7
38521,4936,57300,282.8
38531,4932,55700,274.7
38541,4868,134600,655.2
38551,4932,56400,278.2
38561,4932,56600,279.2
38571,4932,56300,277.7
38581,4736,149900,709.9
38591,4932,56400,278.2
38601,4932,55800,275.2
38611,4932,57300,282.6
38621,4932,55700,274.7
38631,4936,57300,282.8
38641,4788,60500,289.7
38651,4932,57300,282.6
38661,4932,55600,274.2
38671,4936,57300,282.8
38681,4800,143800,690.2
38691,4936,57300,282.8
38701,4932,55700,274.7
38711,4936,57200,282.3
38721,4932,55700,274.7
38731,4936,56600,279.4
38741,4932,104400,514.9
38751,4932,56700,279.6
38761,4932,56300,277.7
38771,4932,56600,279.2
38781,4800,140000,672.0
38791,4932,55700,274.7
38801,4936,57300,282.8
38811,4932,55700,274.7
38821,4936,57300,282.8
38831,4932,55700,274.7
38841,4920,153900,757.2
38851,4932,55700,274.7
38861,4932,57300,282.6
38871,4932,55700,274.7
38881,4932,57300,282.6
38891,4800,202300,971.0
38901,4936,57300,282.8
38911,4932,55600,274.2
38921,4936,56700,279.9
38931,4932,56300,277.7
38941,4848,125100,606.5
38951,4932,56400,278.2
38961,4932,56600,279.2
38971,4932,56400,278.2
38981,4932,55700,274.7
38991,4804,141300,678.8
39001,4932,55700,274.7
39011,4936,57300,282.8
39021,4932,55800,275.2
39031,4936,57200,282.3
39041,4932,67200,331.4
39051,4936,57300,282.8
39061,4932,55700,274.7
39071,4936,57200,282.3
39081,4932,55700,274.7
39091,4936,57300,282.8
39101,4816,143200,689.7
39111,4932,56700,279.6
39121,4932,56400,278.2
39131,4932,56800,280.1
39141,4932,116900,576.6
39151,4932,56700,279.6
39161,4932,56500,278.7
39171,4932,55700,274.7
39181,4936,57200,282.3
39191,4932,55700,274.7
39201,4936,57300,282.8
39211,4760,137000,652.1
39221,4936,57300,282.8
39231,4932,55700,274.7
39241,4912,157100,771.7
39251,4932,55700,274.7
39261,4932,57300,282.6
39271,4932,55700,274.7
39281,4936,57300,282.8
39291,4932,55700,274.7
39301,4932,56600,279.2
39311,4816,162800,784.0
39321,4932,56700,279.6
39331,4932,56400,278.2
39341,4828,116500,562.5
39351,4932,57000,281.1
39361,4932,55700,274.7
39371,4932,57300,282.6
39381,4932,55700,274.7
39391,4936,57300,282.8
39401,4932,55600,274.2
39411,4936,57300,282.8
39421,4688,142400,667.6
39431,4936,57300,282.8
39441,4932,74200,366.0
39451,4932,57300,282.6
39461,4932,55700,274.7
39471,4936,57300,282.8
39481,4932,55700,274.7
39491,4932,56600,279.2
39501,4936,56300,277.9
39511,4932,56700,279.6
39521,4800,201900,969.1
39531,4932,56200,277.2
39541,4932,131000,646.1
39551,4932,56100,276.7
39562,4936,57300,282.8
39571,4932,55700,274.7
39581,4936,57400,283.3
39591,4932,55700,274.7
39601,4936,57300,282.8
39611,4932,55700,274.7
39621,4800,143100,686.9
39631,4932,55700,274.7
39641,4900,150300,736.5
39651,4932,55700,274.7
39661,4936,57300,282.8
39671,4932,55900,275.7
39681,4932,56700,279.6
39691,4932,56400,278.2
39701,4936,56700,279.9
39711,4932,56300,277.7
39721,4932,55800,275.2
39731,4748,135100,641.5
39741,4808,56000,269.2
39751,4936,57400,283.3
39761,4932,55700,274.7
39771,4936,57300,282.8
39781,4932,55800,275.2
39791,4936,57300,282.8
39801,4932,55800,275.2
39811,4936,57300,282.8
39821,4932,55700,274.7
39831,4808,142500,685.1
39841,4932,83300,410.8
39851,4936,57100,281.8
39861,4932,56200,277.2
39871,4936,56700,279.9
39881,4932,56400,278.2
39891,4932,56600,279.2
39901,4932,56400,278.2
39911,4932,55700,274.7
39921,4936,57400,283.3
39931,4932,55600,274.2
39941,4804,142900,686.5
39951,4932,55700,274.7
39961,4936,57300,282.8
39971,4932,55700,274.7
39981,4936,57300,282.8
39991,4932,55700,274.7
40001,4936,57300,282.8
40011,4932,55700,274.7
40021,4932,57300,282.6
40031,4932,55700,274.7
40041,4796,194500,932.8
40051,4932,56500,278.7
40061,4936,56700,279.9
40071,4932,56400,278.2
40081,4932,56700,279.6
40091,4932,56400,278.2
40101,4932,55700,274.7
40111,4932,57300,282.6
40121,4932,55700,274.7
40131,4936,57300,282.8
40141,4800,58000,278.4
40151,4792,57600,276.0
40161,4932,55700,274.7
40171,4936,57300,282.8
40181,4932,55700,274.7
40191,4936,57300,282.8
40201,4932,55700,274.7
40211,4936,57300,282.8
40221,4932,55700,274.7
40231,4936,56600,279.4
40241,4932,92700,457.2
40251,4856,56600,274.8
40261,4932,56300,277.7
40271,4932,56700,279.6
40281,4932,56400,278.2
40291,4932,55700,274.7
40301,4936,57300,282.8
40311,4932,55800,275.2
40321,4936,57300,282.8
40331,4932,55700,274.7
40341,4928,146200,720.5
40351,4932,55700,274.7
40361,4936,57300,282.8
40371,4932,55700,274.7
40381,4936,57300,282.8
40391,4932,55700,274.7
40401,4936,57300,282.8
40411,4932,55700,274.7
40421,4932,56600,279.2
40431,4932,56300,277.7
40441,4860,130400,633.7
40451,4932,56300,277.7
40461,4708,174300,820.6
40471,4932,56400,278.2
40481,4932,55700,274.7
40491,4932,57300,282.6
40501,4932,55700,274.7
40511,4932,57300,282.6
40521,4932,55700,274.7
40531,4932,57300,282.6
40541,4932,64200,316.6
40551,4936,57300,282.8
40561,4804,178100,855.6
40571,4936,57300,282.8
40581,4932,55700,274.7
40591,4932,57300,282.6
40601,4932,55700,274.7
40611,4936,56700,279.9
40621,4932,56400,278.2
40631,4932,56700,279.6
40641,4932,111000,547.5
40651,4932,56700,279.6
40661,4932,56500,278.7
40671,4816,218900,1054.2
40681,4932,57300,282.6
40691,4932,55700,274.7
40701,4936,57300,282.8
40711,4932,55700,274.7
40721,4932,57300,282.6
40731,4932,55700,274.7
40741,4916,158600,779.7
40751,4932,55700,274.7
40761,4936,57300,282.8
40771,4804,195300,938.2
40781,4936,57300,282.8
40791,4932,55800,275.2
40801,4936,56700,279.9
40811,4932,56400,278.2
40821,4932,56700,279.6
40831,4932,56300,277.7
40841,4840,118700,574.5
40851,4932,56800,280.1
40861,4932,55600,274.2
40871,4800,147300,707.0
40881,4932,55700,274.7
40891,4936,57300,282.8
40901,4928,55700,274.5
40911,4936,57300,282.8
40921,4932,55700,274.7
40931,4932,57300,282.6
40941,4932,71100,350.7
40951,4932,57300,282.6
40961,4932,55700,274.7
40971,4936,57300,282.8
40981,4808,138100,664.0
40991,4932,56700,279.6
41001,4936,56400,278.4
41011,4932,56700,279.6
41021,4932,56400,278.2
41031,4932,56300,277.7
41041,4932,124700,615.0
41051,4932,56300,277.7
41061,4936,57300,282.8
41071,4932,55700,274.7
41081,4936,57300,282.8
41091,4932,148700,733.4
41101,4936,57300,282.8
41111,4932,55800,275.2
41121,4932,57300,282.6
41131,4932,55800,275.2
41141,4904,154500,757.7
41151,4932,55700,274.7
41161,4932,57300,282.6
41171,4932,55800,275.2
41181,4936,56600,279.4
41191,4808,205700,989.0
41201,4936,56700,279.9
41211,4936,56400,278.4
41221,4932,56000,276.2
41231,4932,57300,282.6
41241,4816,56100,270.2
41251,4936,57300,282.8
41262,4932,55700,274.7
41271,4932,57200,282.1
41281,4932,55700,274.7
41291,4936,57300,282.8
41301,4932,55700,274.7
41311,4936,57300,282.8
41321,4932,55700,274.7
41331,4936,57200,282.3
41341,4932,78700,388.1
41351,4936,57200,282.3
41361,4932,56100,276.7
41371,4932,56600,279.2
41381,4932,56300,277.7
41391,4936,56700,279.9
41401,4800,138500,664.8
41411,4932,55800,275.2
41421,4932,57400,283.1
41431,4932,55700,274.7
41441,4936,138800,685.1
41451,4932,55700,274.7
41461,4932,57200,282.1
41471,4932,55700,274.7
41481,4936,57300,282.8
41491,4932,55700,274.7
41501,4936,58600,289.2
41511,4932,55800,275.2
41521,4932,57300,282.6
41531,4932,55700,274.7
41541,4892,147100,719.6
41551,4932,56400,278.2
41561,4936,56700,279.9
41571,4932,56400,278.2
41581,4932,56600,279.2
41591,4932,56300,277.7
41601,4932,55700,274.7
41611,4812,193800,932.6
41621,4932,55700,274.7
41631,4936,57300,282.8
41641,4796,56300,270.0
41651,4936,57300,282.8
41661,4932,55700,274.7
41671,4936,57300,282.8
41681,4932,55700,274.7
41691,4936,57300,282.8
41701,4932,55700,274.7
41711,4808,141600,680.8
41721,4932,55800,275.2
41731,4936,56700,279.9
41741,4932,90600,446.8
41751,4932,56700,279.6
41761,4932,56400,278.2
41771,4932,56600,279.2
41781,4932,56400,278.2
41791,4932,55800,275.2
41801,4932,57300,282.6
41811,4932,55700,274.7
41821,4808,142800,686.6
41831,4932,55800,275.2
41841,4932,149200,735.9
41851,4932,55700,274.7
41861,4936,57300,282.8
41871,4932,55700,274.7
41881,4936,57300,282.8
41891,4932,55700,274.7
41901,4936,57300,282.8
41911,4932,55700,274.7
41921,4892,158800,776.8
41931,4932,56300,277.7
41941,4868,134000,652.3
41951,4932,56400,278.2
41961,4936,56600,279.4
41971,4932,56400,278.2
41981,4932,55700,274.7
41991,4932,57300,282.6
42001,4932,55700,274.7
42011,4936,57300,282.8
42021,4932,55700,274.7
42031,4796,191300,917.5
42041,4932,60200,296.9
42051,4932,57200,282.1
42061,4932,55700,274.7
42071,4932,57300,282.6
42081,4932,55600,274.2
42091,4932,57400,283.1
42101,4932,55700,274.7
42111,4932,56600,279.2
42121,4932,56400,278.2
42131,4808,141000,677.9
42141,4932,104200,513.9
42151,4932,56700,279.6
42161,4932,56300,277.7
42171,4932,55700,274.7
42181,4936,57300,282.8
42191,4932,55700,274.7
42201,4936,57300,282.8
42211,4932,55700,274.7
42221,4936,57300,282.8
42231,4932,55700,274.7
42241,4768,173600,827.7
42251,4932,55800,275.2
42261,4932,57300,282.6
42271,4932,55800,275.2
42281,4936,57300,282.8
42291,4932,55700,274.7
42301,4932,56700,279.6
42311,4932,56400,278.2
42321,4932,56700,279.6
42331,4936,56400,278.4
42341,4860,165500,804.3
42351,4820,177200,854.1
42361,4932,55800,275.2
42371,4936,57300,282.8
42381,4932,55800,275.2
42391,4932,57400,283.1
42401,4932,55700,274.7
42411,4932,57300,282.6
42421,4932,55700,274.7
42431,4932,57300,282.6
42441,4932,67300,331.9
42451,4912,155400,763.3
42461,4932,55700,274.7
42471,4932,57300,282.6
42481,4932,55700,274.7
42491,4932,56700,279.6
42501,4932,56300,277.7
42511,4932,56600,279.2
42521,4936,56300,277.9
42531,4932,56500,278.7
42541,4932,118000,582.0
42551,4932,56500,278.7
42561,4804,142500,684.6
42571,4932,55700,274.7
42581,4936,57300,282.8
42591,4932,55800,275.2
42601,4932,57300,282.6
42611,4932,55700,274.7
42621,4936,57400,283.3
42631,4932,55600,274.2
42641,4912,157100,771.7
42651,4932,55700,274.7
42661,4936,57400,283.3
42671,4684,123600,578.9
42681,4932,56600,279.2
42691,4932,56400,278.2
42701,4932,56700,279.6
42711,4932,56400,278.2
42721,4932,56300,277.7
42731,4932,57200,282.1
42741,4828,56400,272.3
42751,4932,57300,282.6
42761,4932,55700,274.7
42771,4788,65400,313.1
42781,4932,55700,274.7
42791,4936,57400,283.3
42801,4932,55700,274.7
42811,4932,57300,282.6
42821,4932,55700,274.7
42831,4936,57300,282.8
42841,4932,74500,367.4
42851,4936,57300,282.8
42861,4932,55900,275.7
42871,4700,134100,630.3
42881,4936,56300,277.9
42891,4932,56600,279.2
42901,4932,56400,278.2
42911,4936,56000,276.4
42921,4932,57300,282.6
42931,4932,55900,275.7
42941,4932,131500,648.6
42951,4932,55700,274.7
42962,4936,57300,282.8
42971,4932,55700,274.7
42981,4932,57300,282.6
42991,4932,55700,274.7
43001,4936,57300,282.8
43011,4932,55700,274.7
43021,4932,57400,283.1
43031,4932,55700,274.7
43041,4900,151800,743.8
43051,4932,56200,277.2
43061,4932,56600,279.2
43071,4932,56400,278.2
43081,4932,59500,293.5
43091,4932,56400,278.2
43101,4932,55800,275.2
43111,4932,57300,282.6
43121,4932,55700,274.7
43131,4936,57300,282.8
43141,4808,55800,268.3
43151,4936,57300,282.8
43161,4932,55800,275.2
43171,4932,57300,282.6
43181,4932,55700,274.7
43191,4744,167100,792.7
43201,4932,55800,275.2
43211,4936,57300,282.8
43221,4932,55700,274.7
43231,4936,57000,281.4
43241,4928,84200,414.9
43251,4932,56700,279.6
43261,4932,56300,277.7
43271,4932,56700,279.6
43281,4932,56400,278.2
43291,4932,58500,288.5
43301,4920,57300,281.9
43311,4932,55700,274.7
43321,4932,57300,282.6
43331,4932,55700,274.7
43341,4936,143100,706.3
43351,4932,55700,274.7
43361,4932,57300,282.6
43371,4932,55800,275.2
43381,4932,57300,282.6
43391,4932,55700,274.7
43401,4912,152100,747.1
43411,4932,55800,275.2
43421,4932,56700,279.6
43431,4932,56400,278.2
43441,4880,141700,691.5
43451,4932,56300,277.7
43461,4932,56700,279.6
43471,4932,56400,278.2
43481,4932,55700,274.7
43491,4932,57400,283.1
43501,4932,55800,275.2
43511,4936,129400,638.7
43521,4932,55700,274.7
43531,4936,57300,282.8
43541,4932,57700,284.6
43551,4936,57300,282.8
43561,4932,55800,275.2
43571,4936,57300,282.8
43581,4932,55700,274.7
43591,4932,57300,282.6
43601,4932,55600,274.2
43611,4932,56600,279.2
43621,4804,207600,997.3
43631,4932,56700,279.6
43641,4932,96000,473.5
43651,4932,56700,279.6
43661,4932,56400,278.2
43671,4932,55800,275.2
43681,4936,57300,282.8
43691,4932,55800,275.2
43701,4932,57300,282.6
43711,4932,55700,274.7
43721,4804,142300,683.6
43731,4932,55800,275.2
43741,4928,151000,744.1
43751,4932,55700,274.7
43761,4936,57300,282.8
43771,4932,55700,274.7
43781,4936,57300,282.8
43791,4932,55700,274.7
43801,4932,56700,279.6
43811,4932,56300,277.7
43821,4932,56700,279.6
43831,4792,156000,747.6
43841,4860,131300,638.1
43851,4936,56400,278.4
43861,4932,56700,279.6
43871,4936,57300,282.8
43881,4932,55700,274.7
43891,4936,57300,282.8
43901,4932,55700,274.7
43911,4936,57300,282.8
43921,4932,55800,275.2
43931,4816,208900,1006.1
43941,4932,63400,312.7
43951,4936,57300,282.8
43961,4932,55700,274.7
43971,4932,57300,282.6
43981,4932,55700,274.7
43991,4932,56700,279.6
44001,4932,56300,277.7
44011,4932,56700,279.6
44021,4932,56400,278.2
44031,4864,156200,759.8
44041,4932,109900,542.0
44051,4932,56700,279.6
44061,4936,57300,282.8
44071,4932,55700,274.7
44081,4936,57300,282.8
44091,4932,55700,274.7
44101,4936,57300,282.8
44111,4928,55700,274.5
44121,4936,57400,283.3
44131,4932,55700,274.7
44141,4788,142100,680.4
44151,4932,55700,274.7
44161,4936,57400,283.3
44171,4932,55800,275.2
44181,4932,56600,279.2
44191,4932,56400,278.2
44201,4936,56700,279.9
44211,4932,56500,278.7
44221,4932,56400,278.2
44231,4932,57000,281.1
44241,4848,56500,273.9
44251,4808,205100,986.1
44261,4932,55700,274.7
44271,4936,57300,282.8
44281,4932,55700,274.7
44291,4936,57400,283.3
44301,4932,55700,274.7
44311,4936,57300,282.8
44321,4932,55700,274.7
44331,4936,57300,282.8
44341,4932,70900,349.7
44351,4936,60100,296.7
44361,4932,55800,275.2
44371,4932,56600,279.2
44381,4932,56400,278.2
44391,4932,56700,279.6
44401,4932,56400,278.2
44411,4932,56200,277.2
44421,4932,57200,282.1
44431,4932,56100,276.7
44441,4932,124200,612.6
44451,4932,55800,275.2
44461,4812,137600,662.1
44471,4932,55700,274.7
44481,4936,57300,282.8
44491,4932,55800,275.2
44501,4936,57300,282.8
44511,4932,55700,274.7
44521,4936,57300,282.8
44531,4932,55700,274.7
44541,4908,153900,755.3
44551,4932,55900,275.7
44561,4932,56600,279.2
44571,4808,138800,667.4
44581,4932,56700,279.6
44591,4932,56400,278.2
44601,4936,55800,275.4
44611,4932,57300,282.6
44621,4932,55900,275.7
44631,4936,57300,282.8
44641,4816,55800,268.7
44652,4936,57300,282.8
44661,4932,55700,274.7
44671,4808,212500,1021.7
44681,4932,55700,274.7
44691,4932,57300,282.6
44701,4932,55700,274.7
44711,4936,57300,282.8
44721,4932,55700,274.7
44731,4936,57100,281.8
44741,4932,78400,386.7
44751,4932,56700,279.6
44761,4932,56400,278.2
44771,4936,56600,279.4
44781,4700,106600,501.0
44791,4932,55700,274.7
44801,4932,57300,282.6
44811,4932,55700,274.7
44821,4936,57300,282.8
44831,4932,55700,274.7
44841,4932,137200,676.7
44851,4932,55700,274.7
44861,4936,57300,282.8
44871,4932,55800,275.2
44881,4936,57300,282.8
44891,4932,55800,275.2
44901,4936,57300,282.8
44911,4932,55800,275.2
44921,4936,56800,280.4
44931,4932,56400,278.2
44941,4892,146900,718.6
44951,4932,56300,277.7
44961,4932,56800,280.1
44971,4932,56400,278.2
44981,4932,55800,275.2
44991,4820,173700,837.2
45001,4932,55800,275.2
45011,4932,57300,282.6
45021,4932,55700,274.7
45031,4936,57300,282.8
45041,4932,56300,277.7
45051,4936,57300,282.8
45061,4932,55800,275.2
45071,4936,57300,282.8
45081,4932,55700,274.7
45091,4936,58800,290.2
45101,4932,55700,274.7
45111,4932,56700,279.6
45121,4932,56400,278.2
45131,4932,56700,279.6
45141,4932,89600,441.9
45151,4932,56700,279.6
45161,4932,56400,278.2
45171,4932,55700,274.7
45181,4932,57300,282.6
45191,4928,55700,274.5
45201,4812,134400,646.7
45211,4932,55800,275.2
45221,4936,57300,282.8
45231,4932,55700,274.7
45241,4932,147200,726.0
45251,4932,55700,274.7
45261,4936,57300,282.8
45271,4932,55700,274.7
45281,4936,57300,282.8
45291,4928,55700,274.5
45301,4904,157100,770.4
45311,4932,56300,277.7
45321,4932,56700,279.6
45331,4932,56400,278.2
45341,4872,137800,671.4
45351,4932,56300,277.7
45361,4932,56600,279.2
45371,4936,57300,282.8
45381,4932,55700,274.7
45391,4936,57300,282.8
45401,4932,55700,274.7
45411,4804,140900,676.9
45421,4932,55700,274.7
45431,4932,57300,282.6
45441,4932,60300,297.4
45451,4932,57200,282.1
45461,4932,55700,274.7
45471,4936,57300,282.8
45481,4932,55700,274.7
45491,4932,56800,280.1
45501,4932,56300,277.7
45511,4804,141400,679.3
45521,4932,56400,278.2
45531,4932,56600,279.2
45541,4932,103200,509.0
45551,4932,56600,279.2
45561,4936,57300,282.8
45571,4932,55700,274.7
45581,4932,57200,282.1
45591,4932,55800,275.2
45601,4932,57300,282.6
45611,4932,55700,274.7
45621,4800,142000,681.6
45631,4932,55800,275.2
45641,4924,154300,759.8
45651,4932,55800,275.2
45661,4936,57400,283.3
45671,4932,55700,274.7
45681,4932,56600,279.2
45691,4936,56400,278.4
45701,4932,56700,279.6
45711,4932,56400,278.2
45721,4932,59300,292.5
45731,4932,56900,280.6
45741,4848,56700,274.9
45751,4936,57300,282.8
45761,4932,55700,274.7
45771,4932,57300,282.6
45781,4932,55700,274.7
45791,4932,57200,282.1
45801,4932,55700,274.7
45811,4936,57300,282.8
45821,4932,55700,274.7
45831,4936,57400,283.3
45841,4812,65000,312.8
45851,4936,57300,282.8
45861,4932,55700,274.7
45871,4932,56600,279.2
45881,4932,56400,278.2
45891,4932,56700,279.6
45901,4932,56400,278.2
45911,4932,56200,277.2
45921,4932,57300,282.6
45931,4932,56100,276.7
45941,4796,202600,971.7
45951,4932,55700,274.7
45961,4936,57300,282.8
45971,4932,55800,275.2
45981,4932,57300,282.6
45991,4932,55700,274.7
46001,4936,57300,282.8
46011,4932,55700,274.7
46021,4932,57300,282.6
46031,4932,55700,274.7
46041,4804,143900,691.3
46051,4932,55900,275.7
46061,4932,56700,279.6
46071,4932,56300,277.7
46081,4932,56700,279.6
46091,4932,56400,278.2
46101,4936,55800,275.4
46111,4932,57300,282.6
46121,4932,55700,274.7
46131,4936,57300,282.8
46141,4804,156000,749.4
46151,4936,57300,282.8
46161,4932,55800,275.2
46171,4932,57300,282.6
46181,4932,55700,274.7
46191,4936,57300,282.8
46201,4932,55700,274.7
46211,4936,57300,282.8
46221,4932,55700,274.7
46231,4932,57100,281.6
46241,4932,74700,368.4
46251,4932,56700,279.6
46261,4932,56400,278.2
46271,4932,56600,279.2
46281,4932,56300,277.7
46291,4932,55700,274.7
46301,4932,57300,282.6
46311,4932,55700,274.7
46321,4932,57300,282.6
46331,4932,55800,275.2
46341,4936,126200,622.9
46352,4932,58600,289.0
46361,4936,57300,282.8
46371,4932,55700,274.7
46381,4936,57300,282.8
46391,4932,55800,275.2
46401,4936,57300,282.8
46411,4932,55700,274.7
46421,4936,56800,280.4
46431,4932,56400,278.2
46441,4900,152000,744.8
46451,4932,56400,278.2
46461,4888,159300,778.7
46471,4932,56400,278.2
46481,4932,55700,274.7
46491,4932,57300,282.6
46501,4932,55700,274.7
46511,4936,57300,282.8
46521,4932,55700,274.7
46531,4936,57300,282.8
46541,4932,55800,275.2
46551,4936,57300,282.8
46561,4932,55700,274.7
46571,4796,57500,275.8
46581,4932,55800,275.2
46591,4936,57300,282.8
46601,4932,55700,274.7
46611,4936,56600,279.4
46621,4932,56400,278.2
46631,4932,56600,279.2
46641,4932,84300,415.8
46651,4932,56600,279.2
46661,4932,56400,278.2
46671,4868,59600,290.1
46681,4932,57300,282.6
46691,4932,55800,275.2
46701,4936,57300,282.8
46711,4932,55700,274.7
46721,4936,57300,282.8
46731,4932,55700,274.7
46741,4932,143800,709.2
46751,4932,55700,274.7
46761,4932,57400,283.1
46771,4932,55700,274.7
46781,4800,142700,685.0
46791,4932,55700,274.7
46801,4936,56600,279.4
46811,4932,56300,277.7
46821,4936,56700,279.9
46831,4932,56400,278.2
46841,4880,140800,687.1
46851,4932,56400,278.2
46861,4932,56700,279.6
46871,4932,57300,282.6
46881,4932,55800,275.2
46891,4804,204700,983.4
46901,4932,55700,274.7
46911,4936,57300,282.8
46921,4932,55800,275.2
46931,4936,57300,282.8
46941,4932,58000,286.1
46951,4936,57300,282.8
46961,4932,55800,275.2
46971,4932,57300,282.6
46981,4932,55800,275.2
46991,4932,56600,279.2
47001,4688,130100,609.9
47011,4932,56700,279.6
47021,4932,56400,278.2
47031,4932,56600,279.2
47041,4932,97200,479.4
47051,4932,56700,279.6
47061,4936,57300,282.8
47071,4932,55700,274.7
47081,4932,57300,282.6
47091,4932,55700,274.7
47101,4932,130400,643.1
47111,4932,55800,275.2
47121,4936,57300,282.8
47131,4932,55700,274.7
47141,4928,151000,744.1
47151,4932,55700,274.7
47161,4936,57300,282.8
47171,4932,55700,274.7
47181,4936,56700,279.9
47191,4932,56400,278.2
47201,4932,56600,279.2
47211,4680,118300,553.6
47221,4932,56700,279.6
47231,4932,56700,279.6
47241,4860,56700,275.6
47251,4936,57300,282.8
47261,4932,55800,275.2
47271,4936,57400,283.3
47281,4932,55800,275.2
47291,4936,57400,283.3
47301,4932,55700,274.7
47311,4932,141200,696.4
47321,4932,55700,274.7
47331,4936,57400,283.3
47341,4932,64100,316.1
47351,4936,57300,282.8
47361,4932,55700,274.7
47371,4932,56600,279.2
47381,4932,56500,278.7
47391,4932,56700,279.6
47401,4932,56400,278.2
47411,4932,56500,278.7
47421,4808,155400,747.2
47431,4932,56400,278.2
47441,4932,111300,548.9
47451,4932,55700,274.7
47461,4932,57300,282.6
47471,4932,55700,274.7
47481,4936,57300,282.8
47491,4932,55700,274.7
47501,4936,57300,282.8
47511,4932,55700,274.7
47521,4936,57300,282.8
47531,4724,133500,630.7
47541,4916,157600,774.8
47551,4932,55800,275.2
47561,4932,56700,279.6
47571,4932,56400,278.2
47581,4936,56700,279.9
47591,4932,56400,278.2
47601,4936,56100,276.9
47611,4936,57300,282.8
47621,4932,56000,276.2
47631,4808,144100,692.8
47641,4840,55800,270.1
47651,4936,57300,282.8
47661,4932,55700,274.7
47671,4932,57300,282.6
47681,4932,55700,274.7
47691,4936,57300,282.8
47701,4932,55700,274.7
47711,4936,57300,282.8
47721,4932,55700,274.7
47731,4932,58500,288.5
47741,4928,70700,348.4
47751,4932,56600,279.2
47761,4932,56400,278.2
47771,4932,56600,279.2
47781,4932,56400,278.2
47791,4932,55800,275.2
47801,4932,57400,283.1
47811,4932,55800,275.2
47821,4936,57300,282.8
47831,4932,55800,275.2
47841,4748,138800,659.0
47851,4932,55600,274.2
47861,4936,57300,282.8
47871,4932,55700,274.7
47881,4936,57300,282.8
47891,4932,55700,274.7
47901,4936,57300,282.8
47911,4932,55800,275.2
47921,4936,57100,281.8
47931,4932,56300,277.7
47941,4904,158200,775.8
47951,4932,56400,278.2
47961,4932,56700,279.6
47971,4932,56400,278.2
47981,4932,55700,274.7
47991,4932,57300,282.6
48001,4932,55700,274.7
48011,4936,57300,282.8
48021,4932,55700,274.7
48031,4936,57300,282.8
48041,4932,55800,275.2
48052,4796,142200,682.0
48061,4932,55800,275.2
48071,4936,57300,282.8
48081,4932,55800,275.2
48091,4936,57300,282.8
48101,4932,55700,274.7
48111,4932,56900,280.6
48121,4932,56400,278.2
48131,4932,56600,279.2
48141,4936,78700,388.5
48151,4896,160700,786.8
48161,4932,56400,278.2
48171,4932,55700,274.7
48181,4932,57300,282.6
48191,4932,55700,274.7
48201,4936,57300,282.8
48211,4932,55700,274.7
48221,4936,57300,282.8
48231,4932,55700,274.7
48241,4932,137100,676.2
48251,4932,55700,274.7
48261,4812,211900,1019.7
48271,4932,55700,274.7
48281,4936,57300,282.8
48291,4932,55700,274.7
48301,4936,56600,279.4
48311,4932,56400,278.2
48321,4932,56700,279.6
48331,4932,56300,277.7
48341,4892,145900,713.7
48351,4932,56400,278.2
48361,4880,59600,290.8
48371,4932,57300,282.6
48381,4932,55800,275.2
48391,4936,57300,282.8
48401,4932,55700,274.7
48411,4932,57300,282.6
48421,4932,55700,274.7
48431,4932,57300,282.6
48441,4932,56400,278.2
48451,4936,57300,282.8
48461,4932,55700,274.7
48471,4808,142600,685.6
48481,4932,55700,274.7
48491,4936,56600,279.4
48501,4932,56300,277.7
48511,4932,56700,279.6
48521,4932,56300,277.7
48531,4932,56700,279.6
48541,4932,89800,442.9
48551,4932,56700,279.6
48561,4932,57200,282.1
48571,4932,55700,274.7
48581,4936,57400,283.3
48591,4932,55600,274.2
48601,4936,57400,283.3
48611,4932,55700,274.7
48621,4932,57300,282.6
48631,4932,55700,274.7
48641,4932,147900,729.4
48651,4932,55700,274.7
48661,4936,57300,282.8
48671,4932,55700,274.7
48681,4932,56700,279.6
48691,4932,56400,278.2
48701,4932,56600,279.2
48711,4932,56400,278.2
48721,4936,56700,279.9
48731,4932,56500,278.7
48741,4868,56700,276.0
48751,4936,57300,282.8
48761,4932,55700,274.7
48771,4932,57300,282.6
48781,4752,136000,646.3
48791,4932,57300,282.6
48801,4932,55700,274.7
48811,4932,57300,282.6
48821,4932,55600,274.2
48831,4932,57300,282.6
48841,4932,60300,297.4
48851,4932,57300,282.6
48861,4932,55700,274.7
48871,4932,56600,279.2
48881,4932,56400,278.2
48891,4808,208500,1002.5
48901,4932,56400,278.2
48911,4932,56600,279.2
48921,4932,56600,279.2
48931,4932,56600,279.2
48941,4932,103800,511.9
48951,4932,55700,274.7
48961,4936,57300,282.8
48971,4932,55700,274.7
48981,4936,57300,282.8
48991,4780,133500,638.1
49001,4936,57300,282.8
49011,4932,55800,275.2
49021,4936,57300,282.8
49031,4932,55700,274.7
49041,4924,154500,760.8
49051,4932,55700,274.7
49061,4932,56700,279.6
49071,4936,56400,278.4
49081,4932,56700,279.6
49091,4932,56400,278.2
49101,4836,56600,273.7
49111,4932,56900,280.6
49121,4932,56400,278.2
49131,4932,57300,282.6
49141,4852,55700,270.3
49151,4936,57300,282.8
49161,4932,55700,274.7
49171,4936,57300,282.8
49181,4932,55700,274.7
49191,4936,57300,282.8
49201,4932,55700,274.7
49211,4932,57400,283.1
49221,4932,55700,274.7
49231,4936,57300,282.8
49241,4932,66800,329.5
49251,4932,56600,279.2
49261,4936,56300,277.9
49271,4936,56600,279.4
49281,4932,56400,278.2
49291,4932,56200,277.2
49301,4932,57200,282.1
49311,4796,141800,680.1
49321,4936,57300,282.8
49331,4932,55700,274.7
49341,4932,115200,568.2
49351,4932,55700,274.7
49361,4936,57300,282.8
49371,4932,55700,274.7
49381,4932,57300,282.6
49391,4932,55700,274.7
49401,4932,57300,282.6
49411,4932,55700,274.7
49421,4800,143700,689.8
49431,4932,55900,275.7
49441,4912,155300,762.8
49451,4932,56400,278.2
49461,4932,56600,279.2
49471,4932,56300,277.7
49481,4932,56000,276.2
49491,4932,57300,282.6
49501,4932,55800,275.2
49511,4932,57300,282.6
49521,4932,55700,274.7
49531,4804,202100,970.9
49541,4932,55700,274.7
49551,4932,57400,283.1
49561,4932,55700,274.7
49571,4936,57300,282.8
49581,4932,55800,275.2
49591,4936,57200,282.3
49601,4932,55700,274.7
49611,4936,57200,282.3
49621,4932,56100,276.7
49631,4932,56700,279.6
49641,4680,136700,639.8
49651,4932,56700,279.6
49661,4932,56300,277.7
49671,4932,55700,274.7
49681,4932,57400,283.1
49691,4932,55700,274.7
49701,4936,57300,282.8
49711,4932,55700,274.7
49721,4936,57300,282.8
49731,4932,55800,275.2
49741,4804,145500,699.0
49752,4932,55700,274.7
49761,4932,57300,282.6
49771,4932,55700,274.7
49781,4936,57300,282.8
49791,4928,55700,274.5
49801,4936,57000,281.4
49811,4932,56400,278.2
49821,4936,56700,279.9
49831,4932,56400,278.2
49841,4900,151800,743.8
49851,4800,205200,985.0
49861,4932,56700,279.6
49871,4932,57300,282.6
49881,4932,55700,274.7
49891,4932,57300,282.6
49901,4932,55700,274.7
49911,4932,57300,282.6
49921,4932,55700,274.7
49931,4936,57300,282.8
49941,4932,55800,275.2
49951,4936,57300,282.8
49961,4808,136700,657.3
49971,4932,57300,282.6
49981,4932,55700,274.7
49991,4932,56700,279.6
50001,4932,56400,278.2
50011,4936,56700,279.9
50021,4932,56300,277.7
50031,4932,56700,279.6
50041,4932,82800,408.4
50051,4932,56700,279.6
50061,4800,138800,666.2
50071,4932,55700,274.7
50081,4932,57200,282.1
50091,4932,55700,274.7
50101,4932,57300,282.6
50111,4932,55700,274.7
50121,4932,57300,282.6
50131,4932,55700,274.7
50141,4936,142100,701.4
50151,4932,55700,274.7
50161,4936,57300,282.8
50171,4932,55700,274.7
50181,4936,56700,279.9
50191,4932,56400,278.2
50201,4936,56600,279.4
50211,4932,56300,277.7
50221,4936,56600,279.4
50231,4932,56400,278.2
50241,4880,56700,276.7
50251,4936,57300,282.8
50261,4932,55700,274.7
50271,4824,133200,642.6
50281,4932,55700,274.7
50291,4932,57300,282.6
50301,4932,55700,274.7
50311,4936,57300,282.8
50321,4932,55700,274.7
50331,4936,57300,282.8
50341,4932,57300,282.6
50351,4936,57300,282.8
50361,4932,55700,274.7
50371,4796,143100,686.3
50381,4932,56400,278.2
50391,4932,56600,279.2
50401,4936,56300,277.9
50411,4932,56600,279.2
50421,4932,56300,277.7
50431,4932,56700,279.6
50441,4936,95500,471.4
50451,4932,55700,274.7
50461,4932,57300,282.6
50471,4804,140100,673.0
50481,4932,57300,282.6
50491,4932,55700,274.7
50501,4936,57300,282.8
50511,4932,55700,274.7
50521,4936,57300,282.8
50531,4932,55700,274.7
50541,4928,149900,738.7
50551,4932,55700,274.7
50561,4932,56700,279.6
50571,4932,56300,277.7
50581,4808,209900,1009.2
50591,4932,56400,278.2
50601,4932,56700,279.6
50611,4932,56400,278.2
50621,4932,56600,279.2
50631,4936,57300,282.8
50641,4864,55700,270.9
50651,4936,57200,282.3
50661,4932,55600,274.2
50671,4936,57300,282.8
50681,4932,55700,274.7
50691,4932,57300,282.6
50701,4932,55700,274.7
50711,4936,57300,282.8
50721,4932,55700,274.7
50731,4932,57300,282.6
50741,4932,62200,306.8
50751,4932,56700,279.6
50761,4932,56300,277.7
50771,4932,56700,279.6
50781,4932,56300,277.7
50791,4824,213600,1030.4
50801,4932,56500,278.7
50811,4932,56600,279.2
50821,4936,57300,282.8
50831,4932,55700,274.7
50841,4936,108300,534.6
50851,4932,55600,274.2
50861,4936,57200,282.3
50871,4932,55700,274.7
50881,4936,57300,282.8
50891,4800,140200,673.0
50901,4936,57300,282.8
50911,4932,55700,274.7
50921,4936,57300,282.8
50931,4932,55700,274.7
50941,4920,155500,765.1
50951,4932,56400,278.2
50961,4932,56700,279.6
50971,4932,56300,277.7
50981,4932,56600,279.2
50991,4932,56700,279.6
51001,4800,173300,831.8
51011,4932,57300,282.6
51021,4932,55700,274.7
51031,4936,57300,282.8
51041,4932,55700,274.7
51051,4936,57300,282.8
51061,4932,55700,274.7
51071,4936,57300,282.8
51081,4932,55700,274.7
51091,4936,57300,282.8
51101,4932,55700,274.7
51111,4812,210600,1013.4
51121,4932,55600,274.2
51131,4932,56700,279.6
51141,4932,68500,337.8
51151,4936,56600,279.4
51161,4932,56300,277.7
51171,4932,56500,278.7
51181,4932,56900,280.6
51191,4932,56400,278.2
51201,4936,57300,282.8
51211,4872,58700,286.0
51221,4932,57300,282.6
51231,4932,55700,274.7
51241,4932,120400,593.8
51251,4932,55700,274.7
51261,4936,57200,282.3
51271,4932,55700,274.7
51281,4932,57200,282.1
51291,4932,55700,274.7
51301,4936,57300,282.8
51311,4932,55700,274.7
51321,4932,56600,279.2
51331,4932,56400,278.2
51341,4908,156400,767.6
51351,4932,56300,277.7
51361,4936,56200,277.4
51371,4932,57200,282.1
51381,4932,56100,276.7
51391,4932,57200,282.1
51401,4932,55700,274.7
51411,4936,57300,282.8
51421,4768,189300,902.6
51431,4936,57300,282.8
51441,4932,55800,275.2
51452,4932,57300,282.6
51461,4932,55700,274.7
51471,4936,57200,282.3
51481,4932,55700,274.7
51491,4936,57300,282.8
51501,4932,55900,275.7
51511,4936,56600,279.4
51521,4740,176200,835.2
51531,4932,56600,279.2
51541,4932,75100,370.4
51551,4936,56000,276.4
51561,4932,57300,282.6
51571,4932,56000,276.2
51581,4936,57300,282.8
51591,4932,55700,274.7
51601,4932,57300,282.6
51611,4932,55600,274.2
51621,4812,133600,642.9
51631,4932,55700,274.7
51641,4936,132400,653.5
51651,4932,55600,274.2
51661,4932,57300,282.6
51671,4932,55600,274.2
51681,4936,57200,282.3
51691,4932,56000,276.2
51701,4932,56700,279.6
51711,4936,56300,277.9
51721,4808,197800,951.0
51731,4932,56400,278.2
51741,4900,56800,278.3
51751,4932,57400,283.1
51761,4932,55800,275.2
51771,4932,57200,282.1
51781,4932,55700,274.7
51791,4936,57300,282.8
51801,4932,55700,274.7
51811,4936,57300,282.8
51821,4784,141100,675.0
51831,4932,57300,282.6
51841,4932,55800,275.2
51851,4936,57300,282.8
51861,4932,55700,274.7
51871,4936,57100,281.8
51881,4932,56300,277.7
51891,4932,56600,279.2
51901,4932,56400,278.2
51911,4932,56700,279.6
51921,4936,56400,278.4
51931,4800,140200,673.0
51941,4856,128600,624.5
51951,4932,55700,274.7
51961,4932,57200,282.1
51971,4932,55700,274.7
51981,4936,57300,282.8
51991,4932,55700,274.7
52001,4936,57300,282.8
52011,4932,55700,274.7
52021,4936,57300,282.8
52031,4932,55700,274.7
52041,4932,142300,701.8
52051,4932,55800,275.2
52061,4936,56900,280.9
52071,4932,56400,278.2
52081,4932,56700,279.6
52091,4932,56300,277.7
52101,4932,56700,279.6
52111,4932,56300,277.7
52121,4932,56700,279.6
52131,4932,57200,282.1
52141,4696,143000,671.5
52151,4936,57300,282.8
52161,4932,55700,274.7
52171,4932,57300,282.6
52181,4932,55600,274.2
52191,4936,57300,282.8
52201,4932,55800,275.2
52211,4936,57300,282.8
52221,4932,55700,274.7
52231,4932,57200,282.1
52241,4912,151000,741.7
52251,4932,56700,279.6
52261,4932,56400,278.2
52271,4932,56600,279.2
52281,4932,56300,277.7
52291,4932,56600,279.2
52301,4932,56300,277.7
52311,4932,56600,279.2
52321,4932,57300,282.6
52331,4932,55700,274.7
52341,4844,120600,584.2
52351,4800,140300,673.4
52361,4932,57200,282.1
52371,4932,55700,274.7
52381,4936,57300,282.8
52391,4932,55700,274.7
52401,4932,57300,282.6
52411,4932,55700,274.7
52421,4932,57300,282.6
52431,4932,55700,274.7
52441,4924,148600,731.7
52451,4928,63500,312.9
52461,4936,56700,279.9
52471,4932,56400,278.2
52481,4932,56600,279.2
52491,4932,56300,277.7
52501,4932,56700,279.6
52511,4936,57200,282.3
52521,4932,55800,275.2
52531,4932,57200,282.1
52541,4932,125700,620.0
52551,4932,57300,282.6
52561,4696,134400,631.1
52571,4936,57300,282.8
52581,4932,55700,274.7
52591,4936,57200,282.3
52601,4932,55700,274.7
52611,4936,57300,282.8
52621,4932,55700,274.7
52631,4932,56600,279.2
52641,4904,153900,754.7
52651,4932,56600,279.2
52661,4932,56400,278.2
52671,4812,200200,963.4
52681,4932,56300,277.7
52691,4932,56600,279.2
52701,4932,57300,282.6
52711,4932,55700,274.7
52721,4936,57300,282.8
52731,4932,55700,274.7
52741,4816,109900,529.3
52751,4932,55600,274.2
52761,4932,57200,282.1
52771,4784,140900,674.1
52781,4932,57300,282.6
52791,4932,55700,274.7
52801,4936,57300,282.8
52811,4932,55700,274.7
52821,4932,56700,279.6
52831,4932,56300,277.7
52841,4788,70700,338.5
52851,4932,56300,277.7
52861,4932,56600,279.2
52871,4936,56400,278.4
52881,4704,142300,669.4
52891,4936,57300,282.8
52901,4932,55700,274.7
52911,4932,57300,282.6
52921,4932,55700,274.7
52931,4932,57300,282.6
52941,4932,137900,680.1
52951,4936,57300,282.8
52961,4932,55700,274.7
52971,4936,57300,282.8
52981,4932,55700,274.7
52991,4812,211300,1016.8
53001,4932,55700,274.7
53011,4932,56700,279.6
53021,4932,56400,278.2
53031,4936,56700,279.9
53041,4888,146100,714.1
53051,4936,56700,279.9
53061,4932,56600,279.2
53071,4932,56700,279.6
53081,4932,57300,282.6
53091,4932,55700,274.7
53101,4932,57300,282.6
53111,4932,55700,274.7
53121,4936,57300,282.8
53131,4932,55700,274.7
53142,4936,57300,282.8
53151,4932,55700,274.7
53161,4936,57300,282.8
53171,4932,55700,274.7
53181,4932,57300,282.6
53191,4932,55600,274.2
53201,4804,142800,686.0
53211,4932,56400,278.2
53221,4932,56600,279.2
53231,4932,56300,277.7
53241,4800,68100,326.9
53251,4932,56700,279.6
53261,4932,56600,279.2
53271,4932,57200,282.1
53281,4932,55700,274.7
53291,4936,57300,282.8
53301,4932,55600,274.2
53311,4816,135000,650.2
53321,4932,55700,274.7
53331,4936,57300,282.8
53341,4928,146000,719.5
53351,4936,57300,282.8
53361,4932,55700,274.7
53371,4936,57200,282.3
53381,4932,55600,274.2
53391,4932,56700,279.6
53401,4932,56300,277.7
53411,4932,56600,279.2
53421,4752,137600,653.9
53431,4932,56500,278.7
53441,4872,137400,669.4
53451,4932,56400,278.2
53461,4932,57200,282.1
53471,4928,55700,274.5
53481,4932,57300,282.6
53491,4932,55600,274.2
53501,4936,57300,282.8
53511,4932,55700,274.7
53521,4800,145300,697.4
53531,4932,55700,274.7
53541,4788,88800,425.2
53551,4932,55700,274.7
53561,4936,57200,282.3
53571,4932,55800,275.2
53581,4932,56600,279.2
53591,4932,56300,277.7
53601,4932,56600,279.2
53611,4936,56400,278.4
53621,4932,56700,279.6
53631,4804,196700,944.9
53641,4820,101600,489.7
53651,4936,57300,282.8
53661,4932,55800,275.2
53671,4936,57300,282.8
53681,4932,55700,274.7
53691,4932,57200,282.1
53701,4932,55700,274.7
53711,4936,57300,282.8
53721,4936,55700,274.9
53731,4812,209800,1009.6
53741,4920,152200,748.8
53751,4936,57300,282.8
53761,4932,55800,275.2
53771,4932,56700,279.6
53781,4932,56300,277.7
53791,4932,56600,279.2
53801,4932,56300,277.7
53811,4932,56600,279.2
53821,4932,57300,282.6
53831,4800,139900,671.5
53841,4852,128300,622.5
53851,4932,55800,275.2
53861,4932,57300,282.6
53871,4932,55700,274.7
53881,4936,57200,282.3
53891,4932,55700,274.7
53901,4936,57300,282.8
53911,4928,55600,274.0
53921,4936,57300,282.8
53931,4932,55700,274.7
53941,4816,211600,1019.1
53951,4932,56000,276.2
53961,4932,56600,279.2
53971,4932,56300,277.7
53981,4932,56600,279.2
53991,4932,56300,277.7
54001,4932,56600,279.2
54011,4932,57300,282.6
54021,4932,55700,274.7
54031,4936,57200,282.3
54041,4928,109500,539.6
54051,4932,57300,282.6
54061,4932,55600,274.2
54071,4936,57300,282.8
54081,4932,55600,274.2
54091,4932,57200,282.1
54101,4932,55700,274.7
54111,4936,57300,282.8
54121,4932,55700,274.7
54131,4936,57000,281.4
54141,4908,153100,751.4
54151,4932,56700,279.6
54161,4932,56400,278.2
54171,4932,56700,279.6
54181,4932,56300,277.7
54191,4932,56600,279.2
54201,4932,57300,282.6
54211,4932,55700,274.7
54221,4936,57200,282.3
54231,4932,55700,274.7
54241,4840,121400,587.6
54251,4800,140500,674.4
54261,4932,57300,282.6
54271,4932,55800,275.2
54281,4936,57300,282.8
54291,4932,55700,274.7
54301,4936,57200,282.3
54311,4932,55700,274.7
54321,4936,56900,280.9
54331,4932,56400,278.2
54341,4784,72600,347.3
54351,4932,56300,277.7
54361,4752,161800,768.9
54371,4932,56400,278.2
54381,4932,56700,279.6
54391,4936,57200,282.3
54401,4932,55700,274.7
54411,4936,57200,282.3
54421,4932,55700,274.7
54431,4936,57200,282.3
54441,4932,126700,624.9
54451,4936,57300,282.8
54461,4932,55700,274.7
54471,4808,193100,928.4
54481,4932,55700,274.7
54491,4932,57300,282.6
54501,4932,55700,274.7
54511,4936,56600,279.4
54521,4932,56400,278.2
54531,4932,56500,278.7
54541,4900,151400,741.9
54551,4936,56600,279.4
54561,4932,56300,277.7
54571,4932,56700,279.6
54581,4932,57200,282.1
54591,4932,55700,274.7
54601,4932,57200,282.1
54611,4932,55700,274.7
54621,4936,57300,282.8
54631,4932,55700,274.7
54641,4816,108600,523.0
54651,4932,55700,274.7
54661,4936,57300,282.8
54671,4932,55700,274.7
54681,4936,57300,282.8
54691,4932,55700,274.7
54701,4936,56600,279.4
54711,4932,56400,278.2
54721,4932,56700,279.6
54731,4936,56400,278.4
54741,4792,70300,336.9
54751,4932,56300,277.7
54761,4932,56600,279.2
54771,4932,57300,282.6
54781,4700,134700,633.1
54791,4936,57300,282.8
54801,4932,55700,274.7
54811,4936,57300,282.8
54821,4932,55800,275.2
54831,4936,57300,282.8
54842,4864,56300,273.8
54851,4936,57300,282.8
54861,4932,55700,274.7
54871,4936,57300,282.8
54881,4932,55700,274.7
54891,4800,193000,926.4
54901,4936,56300,277.9
54911,4932,56600,279.2
54921,4936,56400,278.4
54931,4936,56600,279.4
54941,4884,145800,712.1
54951,4932,56600,279.2
54961,4936,57300,282.8
54971,4932,55700,274.7
54981,4932,57300,282.6
54991,4932,55600,274.2
55001,4812,159500,767.5
55011,4932,55700,274.7
55021,4936,57300,282.8
55031,4932,55600,274.2
55041,4800,99500,477.6
55051,4932,55700,274.7
55061,4932,57300,282.6
55071,4932,55700,274.7
55081,4932,56600,279.2
55091,4932,56300,277.7
55101,4776,176300,842.0
55111,4932,56300,277.7
55121,4932,56600,279.2
55131,4932,56400,278.2
55141,4804,93300,448.2
55151,4936,57200,282.3
55161,4932,55600,274.2
55171,4936,57300,282.8
55181,4932,55700,274.7
55191,4932,57300,282.6
55201,4800,145100,696.5
55211,4936,57300,282.8
55221,4932,55700,274.7
55231,4936,57300,282.8
55241,4928,146900,723.9
55251,4936,57300,282.8
55261,4932,55700,274.7
55271,4932,56700,279.6
55281,4932,56400,278.2
55291,4932,56700,279.6
55301,4932,56400,278.2
55311,4808,207600,998.1
55321,4932,56500,278.7
55331,4932,56600,279.2
55341,4868,135200,658.2
55351,4932,55700,274.7
55361,4936,57300,282.8
55371,4932,55700,274.7
55381,4932,57200,282.1
55391,4932,55600,274.2
55401,4932,57300,282.6
55411,4932,55700,274.7
55421,4812,133500,642.4
55431,4932,55700,274.7
55441,4788,85800,410.8
55451,4932,55700,274.7
55461,4932,56600,279.2
55471,4932,56400,278.2
55481,4932,56600,279.2
55491,4932,56400,278.2
55501,4932,56700,279.6
55511,4932,56800,280.1
55521,4928,56600,278.9
55531,4788,137700,659.3
55541,4820,104500,503.7
55551,4936,57300,282.8
55561,4932,55700,274.7
55571,4936,57300,282.8
55581,4932,55700,274.7
55591,4936,57300,282.8
55601,4932,55700,274.7
55611,4936,57300,282.8
55621,4932,55700,274.7
55631,4804,141300,678.8
55641,4920,153500,755.2
55651,4932,56600,279.2
55661,4932,56400,278.2
55671,4936,56600,279.4
55681,4932,56300,277.7
55691,4936,56600,279.4
55701,4932,57100,281.6
55711,4932,56300,277.7
55721,4936,57300,282.8
55731,4932,55600,274.2
55741,4936,90300,445.7
55751,4932,55700,274.7
55761,4936,57300,282.8
55771,4932,55700,274.7
55781,4936,57200,282.3
55791,4932,55700,274.7
55801,4932,57300,282.6
55811,4932,55600,274.2
55821,4936,57300,282.8
55831,4932,55700,274.7
55841,4800,142900,685.9
55851,4936,56200,277.4
55861,4932,56600,279.2
55871,4932,56400,278.2
55881,4932,56600,279.2
55891,4932,57300,282.6
55901,4932,56000,276.2
55911,4936,57200,282.3
55921,4932,55700,274.7
55931,4936,57300,282.8
55941,4812,163800,788.2
55951,4936,57300,282.8
55961,4932,55700,274.7
55971,4932,57300,282.6
55981,4932,55700,274.7
55991,4932,57300,282.6
56001,4932,55600,274.2
56011,4936,57300,282.8
56021,4932,55900,275.7
56031,4932,56600,279.2
56041,4908,153500,753.4
56051,4804,140700,675.9
56061,4936,56400,278.4
56071,4932,56700,279.6
56081,4932,57200,282.1
56091,4932,55800,275.2
56101,4936,57300,282.8
56111,4932,55700,274.7
56121,4932,57300,282.6
56131,4932,55600,274.2
56141,4828,115300,556.7
56151,4932,55700,274.7
56161,4808,139800,672.2
56171,4932,55700,274.7
56181,4932,57200,282.1
56191,4932,55700,274.7
56201,4936,57200,282.3
56211,4932,56200,277.2
56221,4936,56700,279.9
56231,4932,56400,278.2
56241,4784,71700,343.0
56251,4932,56300,277.7
56261,4812,136400,656.4
56271,4932,57400,283.1
56281,4932,55700,274.7
56291,4936,57200,282.3
56301,4932,55600,274.2
56311,4932,57300,282.6
56321,4932,55700,274.7
56331,4936,57300,282.8
56341,4932,130400,643.1
56351,4936,57200,282.3
56361,4932,55700,274.7
56371,4812,132700,638.6
56381,4932,55600,274.2
56391,4936,57000,281.4
56401,4932,56400,278.2
56411,4932,56600,279.2
56421,4932,56300,277.7
56431,4932,56600,279.2
56441,4896,150900,738.8
56451,4932,56600,279.2
56461,4932,57200,282.1
56471,4800,139800,671.0
56481,4932,57300,282.6
56491,4932,55700,274.7
56501,4936,57200,282.3
56511,4932,55600,274.2
56521,4932,57300,282.6
56531,4932,55700,274.7
56542,4932,57300,282.6
56551,4932,55700,274.7
56561,4932,57300,282.6
56571,4928,56100,276.5
56581,4932,56900,280.6
56591,4932,56400,278.2
56601,4932,56700,279.6
56611,4936,56300,277.9
56621,4932,56700,279.6
56631,4932,56300,277.7
56641,4792,84500,404.9
56651,4932,57200,282.1
56661,4932,55600,274.2
56671,4936,57300,282.8
56681,4796,141800,680.1
56691,4936,57300,282.8
56701,4932,55700,274.7
56711,4936,57300,282.8
56721,4932,55700,274.7
56731,4936,57200,282.3
56741,4932,140300,692.0
56751,4936,57300,282.8
56761,4932,55700,274.7
56771,4932,56600,279.2
56781,4932,56400,278.2
56791,4816,210500,1013.8
56801,4932,56400,278.2
56811,4932,56700,279.6
56821,4936,56300,277.9
56831,4932,56700,279.6
56841,4880,142000,693.0
56851,4932,55700,274.7
56861,4932,57300,282.6
56871,4932,55700,274.7
56881,4936,57300,282.8
56891,4932,55700,274.7
56901,4824,132900,641.1
56911,4932,55700,274.7
56921,4936,57300,282.8
56931,4932,55600,274.2
56941,4796,95400,457.5
56951,4932,55700,274.7
56961,4932,56600,279.2
56971,4932,56300,277.7
56981,4936,56600,279.4
56991,4932,56400,278.2
57001,4800,138200,663.4
57011,4932,56300,277.7
57021,4932,56600,279.2
57031,4936,57300,282.8
57041,4808,95200,457.7
57051,4936,57300,282.8
57061,4932,55700,274.7
57071,4936,57300,282.8
57081,4932,55700,274.7
57091,4936,57400,283.3
57101,4932,55700,274.7
57111,4812,137600,662.1
57121,4932,55700,274.7
57131,4936,57300,282.8
57141,4924,148000,728.8
57151,4936,56600,279.4
57161,4932,56300,277.7
57171,4932,56600,279.2
57181,4932,56300,277.7
57191,4932,56700,279.6
57201,4932,56300,277.7
57211,4740,142600,675.9
57221,4936,57300,282.8
57231,4932,55700,274.7
57241,4864,131600,640.1
57251,4932,55700,274.7
57261,4936,57300,282.8
57271,4932,55700,274.7
57281,4932,57300,282.6
57291,4932,55700,274.7
57301,4936,57200,282.3
57311,4932,55700,274.7
57321,4808,207400,997.2
57331,4932,55600,274.2
57341,4788,82000,392.6
57351,4932,56300,277.7
57361,4932,56600,279.2
57371,4932,56300,277.7
57381,4932,56600,279.2
57391,4932,56400,278.2
57401,4932,56600,279.2
57411,4936,57200,282.3
57421,4932,55600,274.2
57431,4792,139700,669.4
57441,4928,107700,530.7
57451,4936,57300,282.8
57461,4932,55600,274.2
57471,4936,57300,282.8
57481,4932,55600,274.2
57491,4936,57200,282.3
57501,4932,55600,274.2
57511,4936,57200,282.3
57521,4932,55700,274.7
57531,4936,56600,279.4
57541,4680,148000,692.6
57551,4932,56700,279.6
57561,4932,56300,277.7
57571,4936,56600,279.4
57581,4932,56500,278.7
57591,4932,56600,279.2
57601,4936,57300,282.8
57611,4932,55700,274.7
57621,4936,57300,282.8
57631,4932,55600,274.2
57641,4752,150300,714.2
57651,4932,55700,274.7
57661,4936,57300,282.8
57671,4932,55600,274.2
57681,4936,57200,282.3
57691,4932,55700,274.7
57701,4936,57200,282.3
57711,4932,55700,274.7
57721,4932,56700,279.6
57731,4932,56300,277.7
57741,4792,141900,680.0
57751,4936,56300,277.9
57761,4932,56700,279.6
57771,4932,56800,280.1
57781,4932,56500,278.7
57791,4936,57300,282.8
57801,4932,55700,274.7
57811,4936,57200,282.3
57821,4932,55700,274.7
57831,4936,57300,282.8
57841,4932,115400,569.2
57851,4804,144100,692.3
57861,4932,55700,274.7
57871,4932,57300,282.6
57881,4932,55700,274.7
57891,4936,57300,282.8
57901,4932,55700,274.7
57911,4936,56600,279.4
57921,4932,56400,278.2
57931,4936,56600,279.4
57941,4908,154700,759.3
57951,4932,56600,279.2
57961,4740,134400,637.1
57971,4932,56400,278.2
57981,4936,57300,282.8
57991,4932,55700,274.7
58001,4936,57200,282.3
58011,4932,55700,274.7
58021,4936,57300,282.8
58031,4932,55700,274.7
58041,4824,113200,546.1
58051,4932,55700,274.7
58061,4928,115900,571.2
58071,4932,55800,275.2
58081,4936,57300,282.8
58091,4932,55700,274.7
58101,4932,56600,279.2
58111,4932,56400,278.2
58121,4932,56600,279.2
58131,4932,56300,277.7
58141,4788,76900,368.2
58151,4932,57200,282.1
58161,4932,56100,276.7
58171,4768,137100,653.7
58181,4932,55700,274.7
58191,4936,57200,282.3
58201,4932,55600,274.2
58211,4932,57300,282.6
58221,4932,55700,274.7
58232,4936,57300,282.8
58241,4932,133500,658.4
58251,4936,57200,282.3
58261,4932,55700,274.7
58271,4932,128000,631.3
58281,4932,55800,275.2
58291,4936,56700,279.9
58301,4932,56300,277.7
58311,4936,56600,279.4
58321,4932,56400,278.2
58331,4932,56600,279.2
58341,4896,149700,732.9
58351,4932,55800,275.2
58361,4936,57300,282.8
58371,4928,55600,274.0
58381,4812,130600,628.4
58391,4932,55700,274.7
58401,4936,57300,282.8
58411,4932,55700,274.7
58421,4936,57300,282.8
58431,4932,55700,274.7
58441,4808,101700,489.0
58451,4932,55600,274.2
58461,4936,57200,282.3
58471,4932,56100,276.7
58481,4804,140200,673.5
58491,4932,56400,278.2
58501,4932,56600,279.2
58511,4932,56300,277.7
58521,4932,56600,279.2
58531,4932,57300,282.6
58541,4800,85600,410.9
58551,4936,57200,282.3
58561,4932,55700,274.7
58571,4936,57300,282.8
58581,4824,148500,716.4
58591,4936,57300,282.8
58601,4932,55700,274.7
58611,4936,57300,282.8
58621,4932,55700,274.7
58631,4936,57300,282.8
58641,4928,144500,712.1
58651,4932,57000,281.1
58661,4932,56300,277.7
58671,4932,56600,279.2
58681,4932,56300,277.7
58691,4796,143500,688.2
58701,4932,56400,278.2
58711,4932,56600,279.2
58721,4932,57300,282.6
58731,4932,55700,274.7
58741,4880,137200,669.5
58751,4932,55600,274.2
58761,4932,57300,282.6
58771,4932,55600,274.2
58781,4936,57300,282.8
58791,4808,146000,702.0
58801,4936,57300,282.8
58811,4932,55700,274.7
58821,4936,57200,282.3
58831,4932,55700,274.7
58841,4792,92700,444.2
58851,4932,56400,278.2
58861,4936,56600,279.4
58871,4936,56300,277.9
58881,4932,56600,279.2
58891,4932,56400,278.2
58901,4796,141700,679.6
58911,4936,57300,282.8
58921,4928,55600,274.0
58931,4936,57200,282.3
58941,4928,97300,479.5
58951,4936,57300,282.8
58961,4932,55700,274.7
58971,4936,57200,282.3
58981,4932,55700,274.7
58991,4936,57200,282.3
59001,4932,55700,274.7
59011,4804,203400,977.1
59021,4932,55700,274.7
59031,4936,56600,279.4
59041,4920,150700,741.4
59051,4932,56600,279.2
59061,4932,56400,278.2
59071,4936,56600,279.4
59081,4932,56300,277.7
59091,4932,56600,279.2
59101,4932,57300,282.6
59111,4800,155400,745.9
59121,4932,57300,282.6
59131,4932,55700,274.7
59141,4860,130600,634.7
59151,4932,55700,274.7
59161,4936,57300,282.8
59171,4932,55700,274.7
59181,4932,57200,282.1
59191,4932,55700,274.7
59201,4936,57200,282.3
59211,4932,55600,274.2
59221,4816,200500,965.6
59231,4932,56400,278.2
59241,4784,79800,381.8
59251,4932,56300,277.7
59261,4936,56600,279.4
59271,4932,56300,277.7
59281,4932,56700,279.6
59291,4936,57300,282.8
59301,4932,55700,274.7
59311,4936,57300,282.8
59321,4932,55700,274.7
59331,4684,121900,571.0
59341,4932,110200,543.5
59351,4932,57300,282.6
59361,4932,55700,274.7
59371,4932,57300,282.6
59381,4932,55700,274.7
59391,4932,57300,282.6
59401,4932,55700,274.7
59411,4936,56700,279.9
59421,4932,56300,277.7
59431,4800,142800,685.4
59441,4916,157000,771.8
59451,4932,56600,279.2
59461,4932,56400,278.2
59471,4932,56600,279.2
59481,4932,57300,282.6
59491,4932,55700,274.7
59501,4936,57300,282.8
59511,4932,55700,274.7
59521,4936,57300,282.8
59531,4932,55700,274.7
59541,4816,139600,672.3
59551,4932,55700,274.7
59561,4936,57300,282.8
59571,4932,55700,274.7
59581,4936,57300,282.8
59591,4932,55700,274.7
59601,4932,56700,279.6
59611,4932,56400,278.2
59621,4932,56600,279.2
59631,4932,56300,277.7
59641,4784,149700,716.2
59651,4932,56300,277.7
59661,4932,56700,279.6
59671,4936,57300,282.8
59681,4932,55700,274.7
59691,4932,57300,282.6
59701,4932,55700,274.7
59711,4936,57300,282.8
59721,4932,55700,274.7
59731,4936,57300,282.8
59741,4808,162200,779.9
59751,4932,57300,282.6
59761,4932,55700,274.7
59771,4936,57300,282.8
59781,4932,55700,274.7
59791,4936,56600,279.4
59801,4936,56300,277.9
59811,4932,56600,279.2
59821,4932,56400,278.2
59831,4936,56600,279.4
59841,4904,156600,768.0
59851,4804,214500,1030.5
59861,4936,57200,282.3
59871,4932,55700,274.7
59881,4936,57300,282.8
59891,4932,55700,274.7
59901,4936,57200,282.3
59911,4932,55700,274.7
59921,4936,57200,282.3
59935,4932,56300,277.7
59941,4828,115500,557.6
59951,4932,58600,289.0
59961,4932,57300,282.6
59971,4932,55700,274.7
59981,4932,56700,279.6
59991,4932,56300,277.7
60001,4932,56600,279.2
60011,4932,56300,277.7
60021,4936,56600,279.4
60031,4932,56900,280.6
60041,4792,78500,376.2
60051,4936,57200,282.3
60061,4796,141300,677.7
60071,4936,57300,282.8
60081,4932,55700,274.7
60091,4936,57300,282.8
60101,4932,55600,274.2
60111,4932,57300,282.6
60121,4932,55700,274.7
60131,4936,57300,282.8
60141,4932,134800,664.8
60151,4936,57300,282.8
60161,4784,141400,676.5
60171,4932,56600,279.2
60181,4932,56400,278.2
60191,4932,56700,279.6
60201,4932,56300,277.7
60211,4932,56700,279.6
60221,4932,57100,281.6
60231,4932,56300,277.7
60241,4892,147900,723.5
60251,4932,55700,274.7
60261,4928,77500,381.9
60271,4932,55700,274.7
60281,4932,57300,282.6
60291,4932,55700,274.7
60301,4932,57200,282.1
60311,4932,55700,274.7
60321,4936,57300,282.8
60331,4932,55700,274.7
60341,4804,100200,481.4
60351,4932,55700,274.7
60361,4932,56700,279.6
60371,4792,133700,640.7
60381,4932,56700,279.6
60391,4932,56300,277.7
60401,4932,56600,279.2
60411,4932,57200,282.1
60421,4932,56100,276.7
60431,4932,57200,282.1
60441,4928,88500,436.1
60451,4932,57300,282.6
60461,4932,55700,274.7
60471,4932,57300,282.6
60481,4908,55800,273.9
60491,4936,57300,282.8
60501,4932,55600,274.2
60511,4936,57200,282.3
60521,4932,55700,274.7
60531,4936,57300,282.8
60541,4928,145800,718.5
60551,4932,56600,279.2
60561,4932,56300,277.7
60571,4932,56600,279.2
60581,4692,133800,627.8
60591,4932,56600,279.2
60601,4932,57300,282.6
60611,4932,55900,275.7
60621,4936,57300,282.8
60631,4932,55800,275.2
60641,4872,138200,673.3
60651,4932,55700,274.7
60661,4932,57300,282.6
60671,4932,55700,274.7
60681,4932,94900,468.0
60691,4932,55700,274.7
60701,4936,57200,282.3
60711,4932,55800,275.2
60721,4936,57200,282.3
60731,4932,56100,276.7
60741,4788,91300,437.1
60751,4932,56300,277.7
60761,4932,56600,279.2
60771,4932,56300,277.7
60781,4932,56700,279.6
60791,4684,170700,799.6
60801,4932,55800,275.2
60811,4932,57300,282.6
60821,4932,55700,274.7
60831,4936,57300,282.8
60841,4932,100400,495.2
60851,4936,57200,282.3
60861,4932,55700,274.7
60871,4932,57200,282.1
60881,4932,55700,274.7
60891,4760,138500,659.3
60901,4932,55700,274.7
60911,4936,57200,282.3
60921,4932,56200,277.2
60931,4932,56700,279.6
60941,4924,152500,750.9
60951,4936,56600,279.4
60961,4932,56400,278.2
60971,4936,56600,279.4
60981,4932,57300,282.6
60991,4752,142100,675.3
61001,4936,57300,282.8
61011,4932,55700,274.7
61021,4936,57300,282.8
61031,4932,55700,274.7
61041,4856,126300,613.3
61051,4932,55700,274.7
61061,4936,57300,282.8
61071,4932,55700,274.7
61081,4936,57300,282.8
61091,4932,55600,274.2
61101,4744,84500,400.9
61111,4932,56400,278.2
61121,4932,56700,279.6
61131,4932,56400,278.2
61141,4780,77800,371.9
61151,4932,56300,277.7
61161,4932,56600,279.2
61171,4932,57300,282.6
61181,4932,55700,274.7
61191,4936,57200,282.3
61201,4808,137200,659.7
61211,4936,57300,282.8
61221,4932,55700,274.7
61231,4932,57300,282.6
61241,4932,112700,555.8
61251,4932,57300,282.6
61261,4932,55700,274.7
61271,4936,57300,282.8
61281,4932,55600,274.2
61291,4936,56700,279.9
61301,4932,58000,286.1
61311,4932,56700,279.6
61321,4932,56300,277.7
61331,4936,56700,279.9
61341,4912,156900,770.7
61351,4932,56600,279.2
61361,4932,57300,282.6
61371,4932,55700,274.7
61381,4936,57300,282.8
61391,4932,55700,274.7
61401,4932,57300,282.6
61411,4812,215300,1036.0
61421,4936,57300,282.8
61431,4932,55700,274.7
61441,4836,118800,574.5
61451,4932,55700,274.7
61461,4936,57300,282.8
61471,4932,55600,274.2
61481,4936,56600,279.4
61491,4932,56400,278.2
61501,4936,56600,279.4
61511,4788,137200,656.9
61521,4936,56600,279.4
61531,4936,56300,277.9
61541,4776,72300,345.3
61551,4932,57300,282.6
61561,4932,55800,275.2
61571,4936,57300,282.8
61581,4932,55700,274.7
61591,4936,57300,282.8
61601,4932,55700,274.7
61611,4936,57300,282.8
61621,4820,216500,1043.5
61632,4936,57300,282.8
61641,4932,124300,613.0
61651,4936,57300,282.8
61661,4932,55700,274.7
61671,4936,56600,279.4
61681,4932,56400,278.2
61691,4932,56600,279.2
61701,4932,56300,277.7
61711,4932,56700,279.6
61721,4932,56300,277.7
61731,4772,215200,1026.9
61741,4904,154200,756.2
61751,4932,55700,274.7
61761,4936,57300,282.8
61771,4932,55600,274.2
61781,4932,57300,282.6
61791,4932,55700,274.7
61801,4936,57200,282.3
61811,4932,55700,274.7
61821,4936,57200,282.3
61831,4932,58700,289.5
61841,4816,110100,530.2
61851,4932,55700,274.7
61861,4932,56600,279.2
61871,4932,56300,277.7
61881,4932,56700,279.6
61891,4932,56300,277.7
61901,4936,56600,279.4
61911,4932,56400,278.2
61921,4932,56600,279.2
61931,4936,57300,282.8
61941,4796,215400,1033.1
61951,4932,57300,282.6
61961,4932,55700,274.7
61971,4936,57300,282.8
61981,4932,55700,274.7
61991,4932,57200,282.1
62001,4932,55600,274.2
62011,4936,57300,282.8
62021,4932,55700,274.7
62031,4932,57300,282.6
62041,4780,140200,670.2
62051,4932,56700,279.6
62061,4932,56300,277.7
62071,4932,56600,279.2
62081,4932,56300,277.7
62091,4936,56700,279.9
62101,4932,56400,278.2
62111,4932,56700,279.6
62121,4936,57200,282.3
62131,4932,55700,274.7
62141,4896,159300,779.9
62151,4868,55700,271.1
62161,4936,57300,282.8
62171,4932,55700,274.7
62181,4932,57300,282.6
62191,4932,55700,274.7
62201,4936,57300,282.8
62211,4932,55700,274.7
62221,4936,57300,282.8
62231,4932,55700,274.7
62241,4808,164700,791.9
62251,4700,137400,645.8
62261,4932,56600,279.2
62271,4936,56300,277.9
62281,4932,56700,279.6
62291,4932,56500,278.7
62301,4932,56600,279.2
62311,4936,57300,282.8
62321,4932,55600,274.2
62331,4936,57200,282.3
62341,4932,85700,422.7
62351,4936,57300,282.8
62361,4816,215600,1038.3
62371,4936,57200,282.3
62381,4932,55800,275.2
62391,4936,57300,282.8
62401,4932,55700,274.7
62411,4936,57300,282.8
62421,4932,55700,274.7
62431,4932,56700,279.6
62441,4932,146300,721.6
62451,4932,56600,279.2
62461,4780,141500,676.4
62471,4932,56600,279.2
62481,4932,56700,279.6
62491,4932,56500,278.7
62501,4936,57200,282.3
62511,4932,55700,274.7
62521,4936,57200,282.3
62531,4932,55700,274.7
62541,4872,136400,664.5
62551,4932,55700,274.7
62561,4936,57200,282.3
62571,4804,141100,677.8
62581,4936,57300,282.8
62591,4932,55700,274.7
62601,4932,57300,282.6
62611,4932,55700,274.7
62621,4932,56600,279.2
62631,4932,56400,278.2
62641,4792,87000,416.9
62651,4932,56300,277.7
62661,4932,56700,279.6
62671,4932,57000,281.1
62681,4932,56500,278.7
62691,4936,57300,282.8
62701,4932,55700,274.7
62711,4936,57300,282.8
62721,4932,55700,274.7
62731,4936,57200,282.3
62741,4932,102800,507.0
62751,4932,57300,282.6
62761,4932,55700,274.7
62771,4936,57200,282.3
62781,4788,199900,957.1
62791,4936,57200,282.3
62801,4932,55700,274.7
62811,4932,56600,279.2
62821,4932,56300,277.7
62831,4932,56600,279.2
62841,4920,149700,736.5
62851,4932,56600,279.2
62861,4932,57100,281.6
62871,4932,56100,276.7
62881,4936,57300,282.8
62891,4856,55700,270.5
62901,4936,57300,282.8
62911,4932,55600,274.2
62921,4932,57300,282.6
62931,4932,55700,274.7
62941,4852,126800,615.2
62951,4932,55700,274.7
62961,4932,57300,282.6
62971,4932,55600,274.2
62981,4932,57300,282.6
62991,4796,139200,667.6
63001,4932,56600,279.2
63011,4932,56400,278.2
63021,4932,56600,279.2
63031,4932,56400,278.2
63041,4784,66800,319.6
63051,4932,57300,282.6
63061,4932,56000,276.2
63071,4932,57300,282.6
63081,4932,55700,274.7
63091,4936,57300,282.8
63101,4756,164100,780.5
63111,4936,57300,282.8
63121,4932,55700,274.7
63131,4936,57400,283.3
63141,4932,115000,567.2
63151,4932,57300,282.6
63161,4932,55700,274.7
63171,4936,57200,282.3
63181,4932,56000,276.2
63191,4936,56700,279.9
63201,4804,138700,666.3
63211,4932,56600,279.2
63221,4932,56300,277.7
63231,4932,56700,279.6
63241,4912,159400,783.0
63251,4932,55900,275.7
63261,4936,57300,282.8
63271,4932,55700,274.7
63281,4936,57300,282.8
63291,4932,55700,274.7
63301,4784,138100,660.7
63311,4932,55700,274.7
63322,4936,57200,282.3
63331,4932,55600,274.2
63341,4836,117500,568.2
63351,4932,55800,275.2
63361,4936,57200,282.3
63371,4932,56100,276.7
63381,4932,56600,279.2
63391,4932,56300,277.7
63401,4936,56600,279.4
63411,4932,56400,278.2
63421,4936,56700,279.9
63431,4932,57300,282.6
63441,4780,72200,345.1
63451,4936,57300,282.8
63461,4932,55700,274.7
63471,4936,57300,282.8
63481,4932,55700,274.7
63491,4936,57200,282.3
63501,4932,55700,274.7
63511,4808,137300,660.1
63521,4932,55600,274.2
63531,4936,57300,282.8
63541,4932,125800,620.4
63551,4936,57100,281.8
63561,4932,56300,277.7
63571,4932,56600,279.2
63581,4932,56400,278.2
63591,4932,56600,279.2
63601,4932,56300,277.7
63611,4804,158800,762.9
63621,4932,57300,282.6
63631,4932,55700,274.7
63641,4904,155600,763.1
63651,4932,55700,274.7
63661,4932,57300,282.6
63671,4932,55700,274.7
63681,4932,57300,282.6
63691,4932,55600,274.2
63701,4932,57200,282.1
63711,4932,55700,274.7
63721,4804,144700,695.1
63731,4932,55700,274.7
63741,4816,109400,526.9
63751,4932,56400,278.2
63761,4932,56600,279.2
63771,4932,56300,277.7
63781,4936,56700,279.9
63791,4932,56300,277.7
63801,4932,56600,279.2
63811,4932,57300,282.6
63821,4932,55700,274.7
63831,4728,138800,656.2
63841,4928,79300,390.8
63851,4936,57300,282.8
63861,4932,55600,274.2
63871,4936,57200,282.3
63881,4932,55700,274.7
63891,4936,57200,282.3
63901,4932,55600,274.2
63911,4936,57300,282.8
63921,4932,55700,274.7
63931,4932,107200,528.7
63941,4932,138500,683.1
63951,4932,56700,279.6
63961,4932,56300,277.7
63971,4932,56700,279.6
63981,4932,56300,277.7
63991,4932,56600,279.2
64001,4932,57300,282.6
64011,4932,55700,274.7
64021,4936,57300,282.8
64031,4932,55700,274.7
64041,4804,182100,874.8
64051,4932,55700,274.7
64061,4936,57300,282.8
64071,4932,55700,274.7
64081,4936,57300,282.8
64091,4932,55700,274.7
64101,4936,57300,282.8
64111,4932,55600,274.2
64121,4936,56600,279.4
64131,4932,56300,277.7
64141,4808,162600,781.8
64151,4932,56400,278.2
64161,4932,56700,279.6
64171,4932,56400,278.2
64181,4932,56700,279.6
64191,4936,57300,282.8
64201,4932,55700,274.7
64211,4936,57300,282.8
64221,4932,55700,274.7
64231,4936,57300,282.8
64241,4932,86500,426.6
64251,4688,183900,862.1
64261,4932,55700,274.7
64271,4932,57300,282.6
64281,4932,55700,274.7
64291,4932,57300,282.6
64301,4932,55700,274.7
64311,4936,56600,279.4
64321,4928,56300,277.4
64331,4932,56700,279.6
64341,4928,141200,695.8
64351,4812,142500,685.7
64361,4932,56300,277.7
64371,4932,56700,279.6
64381,4932,57300,282.6
64391,4932,55700,274.7
64401,4932,57300,282.6
64411,4932,55700,274.7
64421,4936,57300,282.8
64431,4932,55600,274.2
64441,4868,134600,655.2
64451,4932,55700,274.7
64461,4680,117500,549.9
64471,4932,55700,274.7
64481,4932,57300,282.6
64491,4932,55700,274.7
64501,4936,56600,279.4
64511,4932,56300,277.7
64521,4936,56600,279.4
64531,4932,56300,277.7
64541,4788,61400,294.0
64551,4932,56400,278.2
64561,4752,214300,1018.4
64571,4932,57300,282.6
64581,4932,55700,274.7
64591,4932,57300,282.6
64601,4932,55700,274.7
64611,4932,57300,282.6
64621,4932,55700,274.7
64631,4936,57200,282.3
64641,4932,103000,508.0
64651,4932,57300,282.6
64661,4696,133100,625.0
64671,4936,57300,282.8
64681,4932,55700,274.7
64691,4932,56700,279.6
64701,4932,56300,277.7
64711,4932,56600,279.2
64721,4932,56300,277.7
64731,4932,56600,279.2
64741,4920,154000,757.7
64751,4932,56700,279.6
64761,4808,143500,689.9
64771,4932,55700,274.7
64781,4932,57300,282.6
64791,4932,55700,274.7
64801,4936,57300,282.8
64811,4932,55700,274.7
64821,4936,57300,282.8
64831,4932,55700,274.7
64841,4852,127200,617.2
64851,4932,55700,274.7
64861,4928,97000,478.0
64871,4932,55700,274.7
64881,4932,56700,279.6
64891,4932,56300,277.7
64901,4936,56600,279.4
64911,4932,56300,277.7
64921,4932,56600,279.2
64931,4932,56500,278.7
64941,4780,67400,322.2
64951,4936,57300,282.8
64961,4932,55600,274.2
64971,4728,137900,652.0
64981,4932,55700,274.7
64991,4936,57300,282.8
65001,4932,55700,274.7
65011,4936,57300,282.8
65022,4932,55700,274.7
65031,4932,57300,282.6
65041,4932,114700,565.7
65051,4936,57300,282.8
65061,4932,55700,274.7
65071,4800,141100,677.3
65081,4932,56300,277.7
65091,4932,56600,279.2
65101,4932,56300,277.7
65111,4932,56600,279.2
65121,4932,56600,279.2
65131,4932,56500,278.7
65141,4912,157500,773.6
65151,4932,55700,274.7
65161,4932,57300,282.6
65171,4932,55700,274.7
65181,4808,136900,658.2
65191,4932,55700,274.7
65201,4936,57300,282.8
65211,4932,55700,274.7
65221,4932,57300,282.6
65231,4932,55700,274.7
65241,4832,118500,572.6
65251,4932,55700,274.7
65261,4932,56600,279.2
65271,4932,56300,277.7
65281,4932,56600,279.2
65291,4732,167800,794.0
65301,4936,56700,279.9
65311,4932,56800,280.1
65321,4932,56600,279.2
65331,4932,57300,282.6
65341,4928,72800,358.8
65351,4936,57300,282.8
65361,4932,55700,274.7
65371,4936,57200,282.3
65381,4932,55700,274.7
65391,4932,57200,282.1
65401,4892,55700,272.5
65411,4936,57300,282.8
65421,4932,55700,274.7
65431,4932,57300,282.6
65441,4932,125800,620.4
65451,4932,56700,279.6
65461,4932,56300,277.7
65471,4932,56600,279.2
65481,4932,56300,277.7
65491,4932,56600,279.2
65501,4932,57100,281.6
65511,4932,56400,278.2
65521,4936,57300,282.8
65531,4932,55700,274.7
65541,4904,149000,730.7
65551,4932,55700,274.7
65561,4936,57300,282.8
65571,4932,55700,274.7
65581,4936,57300,282.8
65591,4932,55700,274.7
65601,4932,57300,282.6
65611,4696,130200,611.4
65621,4936,57300,282.8
65631,4932,55700,274.7
65641,4816,109200,525.9
65651,4932,56400,278.2
65661,4932,56600,279.2
65671,4932,56300,277.7
65681,4932,56600,279.2
65691,4932,57200,282.1
65701,4932,56100,276.7
65711,4936,57300,282.8
65721,4840,55700,269.6
65731,4932,57300,282.6
65741,4932,80200,395.5
65751,4936,57200,282.3
65761,4932,55700,274.7
65771,4936,57300,282.8
65781,4932,55700,274.7
65791,4936,57300,282.8
65801,4932,55700,274.7
65811,4932,57200,282.1
65821,4784,198300,948.7
65831,4932,56700,279.6
65841,4932,136800,674.7
65851,4932,56700,279.6
65861,4932,56300,277.7
65871,4932,56700,279.6
65881,4932,57200,282.1
65891,4932,55900,275.7
65901,4936,57200,282.3
65911,4932,55700,274.7
65921,4932,57200,282.1
65931,4860,55600,270.2
65941,4888,146100,714.1
65951,4932,55700,274.7
65961,4936,57300,282.8
65971,4932,55700,274.7
65981,4932,57300,282.6
65991,4932,55700,274.7
66001,4932,57200,282.1
66011,4932,56000,276.2
66021,4936,56600,279.4
66031,4932,59200,292.0
66041,4800,57500,276.0
66051,4932,56400,278.2
66061,4932,56700,279.6
66071,4932,57400,283.1
66081,4932,55800,275.2
66091,4936,57300,282.8
66101,4932,55700,274.7
66111,4936,57300,282.8
66121,4932,55700,274.7
66131,4932,57300,282.6
66141,4680,174000,814.3
66151,4936,57300,282.8
66161,4932,55700,274.7
66171,4936,57300,282.8
66181,4932,55700,274.7
66191,4936,57100,281.8
66201,4932,56300,277.7
66211,4932,56700,279.6
66221,4932,56400,278.2
66231,4932,56600,279.2
66241,4928,141500,697.3
66251,4932,56700,279.6
66261,4932,57300,282.6
66271,4932,55700,274.7
66281,4936,57300,282.8
66291,4932,55700,274.7
66301,4936,57300,282.8
66311,4932,55700,274.7
66321,4936,57300,282.8
66331,4932,55700,274.7
66341,4876,140600,685.6
66351,4832,150000,724.8
66361,4936,57300,282.8
66371,4932,55700,274.7
66381,4936,57000,281.4
66391,4932,56300,277.7
66401,4936,56600,279.4
66411,4932,56300,277.7
66421,4936,56700,279.9
66431,4932,56400,278.2
66441,4788,61800,295.9
66451,4932,57300,282.6
66461,4804,141000,677.4
66471,4936,57200,282.3
66481,4932,55700,274.7
66491,4936,57200,282.3
66501,4932,55800,275.2
66511,4936,57200,282.3
66521,4932,55700,274.7
66531,4936,57300,282.8
66541,4932,105100,518.4
66551,4932,57300,282.6
66561,4932,55700,274.7
66571,4816,156300,752.7
66581,4932,56400,278.2
66591,4932,56600,279.2
66601,4932,56300,277.7
66611,4936,56600,279.4
66621,4936,56300,277.9
66631,4932,56600,279.2
66641,4920,154300,759.2
66651,4932,55700,274.7
66661,4936,57200,282.3
66671,4800,140700,675.4
66681,4932,57300,282.6
66691,4932,55700,274.7
66701,4932,57300,282.6
66712,4932,55700,274.7
66721,4936,57300,282.8
66731,4932,55700,274.7
66741,4848,126400,612.8
66751,4932,55700,274.7
66761,4936,56600,279.4
66771,4800,141700,680.2
66781,4932,56600,279.2
66791,4932,56400,278.2
66801,4932,56600,279.2
66811,4932,56400,278.2
66821,4932,56600,279.2
66831,4932,57300,282.6
66841,4928,67000,330.2
66851,4932,57300,282.6
66861,4932,55600,274.2
66871,4936,57300,282.8
66881,4700,135500,636.8
66891,4936,57300,282.8
66901,4932,55700,274.7
66911,4936,57300,282.8
66921,4932,55800,275.2
66931,4936,57200,282.3
66941,4932,116700,575.6
66951,4936,56600,279.4
66961,4928,56300,277.4
66971,4932,56600,279.2
66981,4792,142900,684.8
66991,4932,56700,279.6
67001,4932,56300,277.7
67011,4932,56700,279.6
67021,4932,57200,282.1
67031,4932,55700,274.7
67041,4912,155600,764.3
67051,4932,55700,274.7
67061,4932,57300,282.6
67071,4932,55700,274.7
67081,4932,57300,282.6
67091,4708,171900,809.3
67101,4936,57300,282.8
67111,4928,55700,274.5
67121,4932,57300,282.6
67131,4932,55700,274.7
67141,4832,115700,559.1
67151,4932,56300,277.7
67161,4932,56600,279.2
67171,4932,56300,277.7
67181,4932,56600,279.2
67191,4804,141500,679.8
67201,4932,56600,279.2
67211,4936,57300,282.8
67221,4932,55700,274.7
67231,4932,57200,282.1
67241,4928,73200,360.7
67251,4936,57300,282.8
67261,4932,55700,274.7
67271,4936,57300,282.8
67281,4932,55700,274.7
67291,4784,141300,676.0
67301,4932,55700,274.7
67311,4936,57300,282.8
67321,4932,55700,274.7
67331,4932,56600,279.2
67341,4932,129200,637.2
67351,4932,56600,279.2
67361,4932,56300,277.7
67371,4932,56600,279.2
67381,4932,56400,278.2
67391,4932,56600,279.2
67401,4808,174600,839.5
67411,4932,55700,274.7
67421,4932,57300,282.6
67431,4932,55700,274.7
67441,4900,149600,733.0
67451,4932,55700,274.7
67461,4936,57200,282.3
67471,4932,55600,274.2
67481,4932,57300,282.6
67491,4932,55700,274.7
67501,4936,57300,282.8
67511,4692,149500,701.5
67521,4932,56700,279.6
67531,4932,56400,278.2
67541,4816,108500,522.5
67551,4932,56400,278.2
67561,4936,56600,279.4
67571,4932,56500,278.7
67581,4932,56600,279.2
67591,4936,57300,282.8
67601,4932,55700,274.7
67611,4776,141400,675.3
67621,4932,55700,274.7
67631,4936,57300,282.8
67641,4932,80600,397.5
67651,4936,57200,282.3
67661,4932,55700,274.7
67671,4932,57300,282.6
67681,4932,55700,274.7
67691,4936,57300,282.8
67701,4932,55700,274.7
67711,4936,56700,279.9
67721,4720,171700,810.4
67731,4932,56600,279.2
67741,4932,138500,683.1
67751,4936,56600,279.4
67761,4932,56600,279.2
67771,4932,56600,279.2
67781,4936,57200,282.3
67791,4932,55700,274.7
67801,4936,57200,282.3
67811,4932,55700,274.7
67821,4936,57300,282.8
67831,4808,211800,1018.3
67841,4888,144300,705.3
67851,4932,55700,274.7
67861,4936,57300,282.8
67871,4932,55600,274.2
67881,4936,57300,282.8
67891,4932,55600,274.2
67901,4932,56600,279.2
67911,4932,56400,278.2
67921,4932,56600,279.2
67931,4932,56300,277.7
67941,4936,71900,354.9
67951,4932,56800,280.1
67961,4932,56500,278.7
67971,4932,57300,282.6
67981,4932,55600,274.2
67991,4936,57300,282.8
68001,4932,55700,274.7
68011,4936,57300,282.8
68021,4932,55700,274.7
68031,4936,57200,282.3
68041,4856,57600,279.7
68051,4932,57300,282.6
68061,4932,55700,274.7
68071,4936,57300,282.8
68081,4932,55600,274.2
68091,4936,56600,279.4
68101,4932,56300,277.7
68111,4936,56600,279.4
68121,4932,56400,278.2
68131,4932,56600,279.2
68141,4792,138300,662.7
68151,4932,56400,278.2
68161,4936,57300,282.8
68171,4932,55700,274.7
68181,4936,57200,282.3
68191,4932,55700,274.7
68201,4936,57300,282.8
68211,4932,55700,274.7
68221,4932,57400,283.1
68231,4932,55700,274.7
68241,4872,166400,810.7
68251,4700,135400,636.4
68261,4936,57200,282.3
68271,4932,55700,274.7
68281,4932,56700,279.6
68291,4932,56300,277.7
68301,4932,56600,279.2
68311,4932,56300,277.7
68321,4932,56600,279.2
68331,4932,57100,281.6
68341,4796,61800,296.4
68351,4932,57300,282.6
68361,4712,134100,631.9
68371,4932,57300,282.6
68381,4936,55700,274.9
68391,4936,57300,282.8
68401,4932,55700,274.7
68412,4932,57300,282.6
68421,4932,55700,274.7
68431,4932,57300,282.6
68441,4932,104300,514.4
68451,4932,57300,282.6
68461,4932,55900,275.7
68471,4816,137100,660.3
68481,4932,56400,278.2
68491,4932,56600,279.2
68501,4932,56400,278.2
68511,4932,56600,279.2
68521,4932,57300,282.6
68531,4932,55900,275.7
68541,4920,153500,755.2
68551,4932,55800,275.2
68561,4932,57300,282.6
68571,4932,55700,274.7
68581,4936,57300,282.8
68591,4932,55700,274.7
68601,4936,57200,282.3
68611,4932,55600,274.2
68621,4936,57300,282.8
68631,4932,55700,274.7
68641,4848,123800,600.2
68651,4932,56100,276.7
68661,4932,56700,279.6
68671,4932,56300,277.7
68681,4808,183200,880.8
68691,4932,56300,277.7
68701,4932,56600,279.2
68711,4932,57300,282.6
68721,4932,55700,274.7
68731,4936,57300,282.8
68741,4928,67900,334.6
68751,4932,57200,282.1
68761,4932,55700,274.7
68771,4932,57300,282.6
68781,4700,137100,644.4
68791,4932,57300,282.6
68801,4932,55800,275.2
68811,4932,57300,282.6
68821,4932,55700,274.7
68831,4932,57200,282.1
68841,4932,116600,575.1
68851,4932,56600,279.2
68861,4932,56400,278.2
68871,4932,56700,279.6
68881,4932,56300,277.7
68891,4932,56700,279.6
68901,4932,57300,282.6
68911,4932,55700,274.7
68921,4936,57300,282.8
68931,4932,55700,274.7
68941,4912,157700,774.6
68951,4932,55700,274.7
68961,4936,57200,282.3
68971,4932,55700,274.7
68981,4936,57300,282.8
68991,4708,173600,817.3
69001,4932,57300,282.6
69011,4932,55600,274.2
69021,4936,57000,281.4
69031,4932,56300,277.7
69041,4832,115400,557.6
69051,4932,56400,278.2
69061,4932,56600,279.2
69071,4932,56300,277.7
69081,4932,56600,279.2
69091,4932,57300,282.6
69101,4732,148000,700.3
69111,4936,57300,282.8
69121,4932,55700,274.7
69131,4936,57300,282.8
69141,4932,74200,366.0
69151,4936,57300,282.8
69161,4932,55700,274.7
69171,4936,57300,282.8
69181,4932,55600,274.2
69191,4936,57300,282.8
69201,4932,55700,274.7
69211,4936,56800,280.4
69221,4932,56400,278.2
69231,4932,56600,279.2
69241,4936,129000,636.7
69251,4932,56600,279.2
69261,4932,56300,277.7
69271,4932,56600,279.2
69281,4932,57300,282.6
69291,4932,55700,274.7
69301,4936,57200,282.3
69311,4828,55700,268.9
69321,4936,57300,282.8
69331,4932,55700,274.7
69341,4900,152600,747.7
69351,4932,55700,274.7
69361,4936,57300,282.8
69371,4932,55700,274.7
69381,4936,57300,282.8
69391,4932,55700,274.7
69401,4936,56600,279.4
69411,4932,56400,278.2
69421,4932,56700,279.6
69431,4932,56400,278.2
69441,4812,56700,272.8
69451,4932,56400,278.2
69461,4932,56600,279.2
69471,4932,57300,282.6
69481,4932,55700,274.7
69491,4932,57200,282.1
69501,4932,55700,274.7
69511,4936,57200,282.3
69521,4812,214700,1033.1
69531,4932,57200,282.1
69541,4932,82600,407.4
69551,4932,57200,282.1
69561,4932,55700,274.7
69571,4936,57300,282.8
69581,4932,55700,274.7
69591,4932,56600,279.2
69601,4932,56300,277.7
69611,4936,56600,279.4
69621,4932,59300,292.5
69631,4932,56600,279.2
69641,4936,138100,681.7
69651,4932,56600,279.2
69661,4932,57300,282.6
69671,4932,55700,274.7
69681,4936,57300,282.8
69691,4932,55700,274.7
69701,4936,57300,282.8
69711,4932,55600,274.2
69721,4936,57300,282.8
69731,4808,211100,1015.0
69741,4884,144400,705.2
69751,4932,55700,274.7
69761,4932,57200,282.1
69771,4932,55700,274.7
69781,4936,56600,279.4
69791,4932,56300,277.7
69801,4936,56600,279.4
69811,4936,56300,277.9
69821,4936,56600,279.4
69831,4932,56300,277.7
69841,4932,72000,355.1
69851,4932,57300,282.6
69861,4932,55600,274.2
69871,4936,57200,282.3
69881,4932,55700,274.7
69891,4932,57300,282.6
69901,4932,55600,274.2
69911,4932,57300,282.6
69921,4932,55700,274.7
69931,4936,57300,282.8
69941,4720,156400,738.2
69951,4936,57300,282.8
69961,4932,55700,274.7
69971,4932,56600,279.2
69981,4932,56300,277.7
69991,4932,56700,279.6
70001,4932,56300,277.7
70011,4932,56600,279.2
70021,4932,56400,278.2
70031,4932,56600,279.2
70041,4784,156200,747.3
70051,4932,55700,274.7
70061,4936,57300,282.8
70071,4932,55700,274.7
70081,4932,57200,282.1
70091,4932,55700,274.7
70101,4936,57300,282.8
70112,4932,55700,274.7
70121,4936,57300,282.8
70131,4932,55700,274.7
70141,4872,166500,811.2
70151,4716,139900,659.8
70161,4932,56600,279.2
70171,4932,56400,278.2
70181,4932,56600,279.2
70191,4932,56300,277.7
70201,4932,56600,279.2
70211,4932,56400,278.2
70221,4932,56700,279.6
70231,4936,57300,282.8
70241,4928,62000,305.5
70251,4776,141600,676.3
70261,4936,55700,274.9
70271,4932,57300,282.6
70281,4932,55600,274.2
70291,4936,57300,282.8
70301,4932,55600,274.2
70311,4932,57200,282.1
70321,4932,55700,274.7
70331,4936,57300,282.8
70341,4932,107400,529.7
70351,4936,56700,279.9
70361,4920,56400,277.5
70371,4932,56700,279.6
70381,4932,56300,277.7
70391,4932,56600,279.2
70401,4932,56600,279.2
70411,4932,56600,279.2
70421,4936,57300,282.8
70431,4932,55600,274.2
70441,4920,155100,763.1
70451,4932,55700,274.7
70461,4712,136800,644.6
70471,4932,55700,274.7
70481,4932,57300,282.6
70491,4932,55700,274.7
70501,4932,57300,282.6
70511,4932,55600,274.2
70521,4936,57300,282.8
70531,4932,55600,274.2
70541,4844,124200,601.6
70551,4932,56400,278.2
70561,4796,139100,667.1
70571,4932,56400,278.2
70581,4932,56700,279.6
70591,4936,56800,280.4
70601,4932,56600,279.2
70611,4932,57300,282.6
70621,4932,55700,274.7
70631,4936,57200,282.3
70641,4932,68500,337.8
70651,4936,57300,282.8
70661,4932,55700,274.7
70671,4936,57400,283.3
70681,4932,55700,274.7
70691,4932,57300,282.6
70701,4932,55700,274.7
70711,4936,57200,282.3
70721,4932,55700,274.7
70731,4932,56600,279.2
70741,4932,118400,583.9
70751,4932,56600,279.2
70761,4932,56300,277.7
70771,4732,162300,768.0
70781,4932,56900,280.6
70791,4932,56500,278.7
70801,4932,57300,282.6
70811,4932,55700,274.7
70821,4936,57300,282.8
70831,4932,55700,274.7
70841,4908,155300,762.2
70851,4932,55600,274.2
70861,4932,57300,282.6
70871,4932,55700,274.7
70881,4840,57200,276.8
70891,4932,55700,274.7
70901,4936,57300,282.8
70911,4932,55700,274.7
70921,4932,56700,279.6
70931,4932,56300,277.7
70941,4828,56700,273.7
70951,4932,56300,277.7
70961,4936,56600,279.4
70971,4932,57200,282.1
70981,4804,56300,270.5
70991,4936,57300,282.8
71001,4932,55700,274.7
71011,4936,57200,282.3
71021,4932,55700,274.7
71031,4936,57200,282.3
71041,4932,75000,369.9
71051,4932,57200,282.1
71061,4932,55700,274.7
71071,4936,57300,282.8
71081,4804,212500,1020.8
71091,4936,57300,282.8
71101,4932,55800,275.2
71111,4932,56600,279.2
71121,4936,56400,278.4
71131,4936,56700,279.9
71141,4932,130200,642.1
71151,4932,56600,279.2
71161,4932,57300,282.6
71171,4932,56000,276.2
71181,4800,138700,665.8
71191,4932,55700,274.7
71201,4936,57200,282.3
71211,4932,55700,274.7
71221,4936,57300,282.8
71231,4932,55600,274.2
71241,4900,152600,747.7
71251,4932,55700,274.7
71261,4936,57300,282.8
71271,4932,55700,274.7
71281,4932,57300,282.6
71291,4700,136800,643.0
71301,4932,56700,279.6
71311,4932,56400,278.2
71321,4932,56600,279.2
71331,4932,56300,277.7
71341,4812,56700,272.8
71351,4932,57300,282.6
71361,4932,55900,275.7
71371,4932,57200,282.1
71381,4932,55700,274.7
71391,4804,139100,668.2
71401,4932,55700,274.7
71411,4936,57300,282.8
71421,4936,55700,274.9
71431,4932,57200,282.1
71441,4932,83600,412.3
71451,4936,57300,282.8
71461,4932,55700,274.7
71471,4936,57200,282.3
71481,4932,56100,276.7
71491,4932,56600,279.2
71501,4692,131800,618.4
71511,4936,56600,279.4
71521,4932,56400,278.2
71531,4932,56600,279.2
71541,4932,140800,694.4
71551,4932,55700,274.7
71561,4936,57200,282.3
71571,4932,55600,274.2
71581,4936,57200,282.3
71591,4932,55700,274.7
71601,4928,62300,307.0
71611,4932,55600,274.2
71621,4936,57300,282.8
71631,4932,55600,274.2
71641,4884,141900,693.0
71651,4932,55600,274.2
71661,4936,57000,281.4
71671,4932,56400,278.2
71681,4932,56600,279.2
71691,4932,56400,278.2
71701,4936,56600,279.4
71711,4932,59200,292.0
71721,4932,56600,279.2
71731,4932,57200,282.1
71741,4928,57300,282.4
71751,4932,57300,282.6
71761,4932,55700,274.7
71771,4932,57300,282.6
71781,4932,55600,274.2
71791,4936,57300,282.8
71801,4932,55600,274.2
71812,4932,58200,287.0
71821,4864,55700,270.9
71831,4936,57300,282.8
71841,4932,95400,470.5
71851,4936,56900,280.9
71861,4932,56400,278.2
71871,4936,56600,279.4
71881,4932,56300,277.7
71891,4932,56600,279.2
71901,4932,56300,277.7
71911,4932,56600,279.2
71921,4700,140200,658.9
71931,4932,55600,274.2
71941,4928,150500,741.7
71951,4932,55700,274.7
71961,4932,57200,282.1
71971,4932,55700,274.7
71981,4936,57200,282.3
71991,4932,55700,274.7
72001,4936,57300,282.8
72011,4932,55700,274.7
72021,4804,187600,901.2
72031,4932,55700,274.7
72041,4864,133400,648.9
72051,4932,56400,278.2
72061,4932,56600,279.2
72071,4936,56300,277.9
72081,4932,56600,279.2
72091,4932,56300,277.7
72101,4932,56700,279.6
72111,4932,57200,282.1
72121,4916,152600,750.2
72131,4936,57300,282.8
72141,4932,62200,306.8
72151,4932,57200,282.1
72161,4932,55700,274.7
72171,4932,57300,282.6
72181,4932,55600,274.2
72191,4932,57300,282.6
72201,4932,55600,274.2
72211,4936,57200,282.3
72221,4932,55700,274.7
72231,4936,56600,279.4
72241,4932,107300,529.2
72251,4936,56500,278.9
72261,4932,56400,278.2
72271,4932,56600,279.2
72281,4932,56300,277.7
72291,4932,56600,279.2
72301,4936,57300,282.8
72311,4932,55600,274.2
72321,4936,57300,282.8
72331,4800,139000,667.2
72341,4920,155500,765.1
72351,4932,55700,274.7
72361,4932,57200,282.1
72371,4932,55700,274.7
72381,4936,57200,282.3
72391,4932,55700,274.7
72401,4932,57200,282.1
72411,4932,55600,274.2
72421,4932,56600,279.2
72431,4932,56300,277.7
72441,4932,56700,279.6
72451,4932,56300,277.7
72461,4932,56600,279.2
72471,4932,56300,277.7
72481,4932,56600,279.2
72491,4932,57200,282.1
72501,4932,55600,274.2
72511,4932,57200,282.1
72521,4932,55700,274.7
72531,4932,57200,282.1
72541,4932,68400,337.3
72551,4936,57300,282.8
72561,4932,55700,274.7
72571,4936,57200,282.3
72581,4932,55700,274.7
72591,4936,57200,282.3
72601,4932,55700,274.7
72611,4936,56700,279.9
72621,4932,56300,277.7
72631,4936,56600,279.4
72641,4932,114500,564.7
72651,4796,141500,678.6
72661,4932,56300,277.7
72671,4932,56600,279.2
72681,4932,57200,282.1
72691,4932,55600,274.2
72701,4936,57200,282.3
72711,4932,55600,274.2
72721,4932,57300,282.6
72731,4932,55600,274.2
72741,4908,154700,759.3
72751,4932,55700,274.7
72761,4804,172800,830.1
72771,4932,55700,274.7
72781,4932,57300,282.6
72791,4932,55600,274.2
72801,4932,56600,279.2
72811,4932,56400,278.2
72821,4932,56700,279.6
72831,4932,56300,277.7
72841,4828,56700,273.7
72851,4932,56400,278.2
72861,4800,147600,708.5
72871,4932,57200,282.1
72881,4932,55700,274.7
72891,4936,57200,282.3
72901,4932,55700,274.7
72911,4936,57300,282.8
72921,4932,55700,274.7
72931,4932,57200,282.1
72941,4932,75500,372.4
72951,4936,57200,282.3
72961,4932,55700,274.7
72971,4936,57300,282.8
72981,4932,55700,274.7
72991,4932,56700,279.6
73001,4932,56300,277.7
73011,4936,56600,279.4
73021,4932,56300,277.7
73031,4932,56600,279.2
73041,4932,132400,653.0
73051,4932,56500,278.7
73061,4936,57200,282.3
73071,4800,140500,674.4
73081,4932,57300,282.6
73091,4932,55700,274.7
73101,4936,57300,282.8
73111,4932,55700,274.7
73121,4932,57300,282.6
73131,4932,55600,274.2
73141,4896,150700,737.8
73151,4932,55700,274.7
73161,4932,57300,282.6
73171,4932,55700,274.7
73181,4808,131600,632.7
73191,4932,56400,278.2
73201,4936,56700,279.9
73211,4932,56300,277.7
73221,4932,56600,279.2
73231,4932,56800,280.1
73241,4924,56600,278.7
73251,4936,57200,282.3
73261,4932,55700,274.7
73271,4936,57300,282.8
73281,4796,140900,675.8
73291,4936,57300,282.8
73301,4932,55700,274.7
73311,4932,57300,282.6
73321,4932,55700,274.7
73331,4936,57200,282.3
73341,4932,84300,415.8
73351,4936,57200,282.3
73361,4932,55600,274.2
73371,4936,56600,279.4
73381,4828,146700,708.3
73391,4932,56600,279.2
73401,4932,56300,277.7
73411,4932,56600,279.2
73421,4932,57000,281.1
73431,4932,56400,278.2
73441,4932,144700,713.7
73451,4932,55600,274.2
73461,4932,57200,282.1
73471,4932,55600,274.2
73481,4932,57300,282.6
73491,4832,55700,269.1
73502,4936,57300,282.8
73511,4928,55600,274.0
73521,4936,57200,282.3
73531,4932,55700,274.7
73541,4880,139600,681.2
73551,4932,55700,274.7
73561,4932,56600,279.2
73571,4932,56300,277.7
73581,4936,56600,279.4
73591,4808,146600,704.9
73601,4932,56600,279.2
73611,4932,57100,281.6
73621,4936,56100,276.9
73631,4936,57300,282.8
73641,4928,57700,284.3
73651,4936,57200,282.3
73661,4932,55700,274.7
73671,4936,57300,282.8
73681,4932,55600,274.2
73691,4932,57200,282.1
73701,4804,215100,1033.3
73711,4936,57300,282.8
73721,4932,55700,274.7
73731,4936,57300,282.8
73741,4932,96400,475.4
73751,4932,56600,279.2
73761,4932,56300,277.7
73771,4932,56700,279.6
73781,4932,56300,277.7
73791,4932,56600,279.2
73801,4732,138500,655.4
73811,4932,56000,276.2
73821,4936,57200,282.3
73831,4932,55700,274.7
73841,4928,152600,752.0
73851,4932,55700,274.7
73861,4932,57300,282.6
73871,4932,55700,274.7
73881,4936,57200,282.3
73891,4932,55700,274.7
73901,4932,69300,341.8
73911,4932,55700,274.7
73921,4936,57300,282.8
73931,4932,56000,276.2
73941,4860,132900,645.9
73951,4932,56200,277.2
73961,4936,56600,279.4
73971,4932,56300,277.7
73981,4936,56600,279.4
73991,4932,57300,282.6
74001,4932,55700,274.7
74011,4788,136000,651.2
74021,4932,55600,274.2
74031,4936,57300,282.8
74041,4932,63300,312.2
74051,4932,57200,282.1
74061,4932,55600,274.2
74071,4936,57200,282.3
74081,4932,55700,274.7
74091,4932,57200,282.1
74101,4932,55600,274.2
74111,4932,57000,281.1
74121,4808,135500,651.5
74131,4932,56600,279.2
74141,4932,108500,535.1
74151,4932,56600,279.2
74161,4932,56300,277.7
74171,4932,56600,279.2
74181,4932,57200,282.1
74191,4936,55700,274.9
74201,4932,57200,282.1
74211,4932,55600,274.2
74221,4932,57300,282.6
74231,4816,55600,267.8
74241,4916,156700,770.3
74251,4932,55700,274.7
74261,4936,57200,282.3
74271,4932,55700,274.7
74281,4936,57200,282.3
74291,4932,55700,274.7
74301,4936,56800,280.4
74311,4932,56400,278.2
74321,4932,56600,279.2
74331,4904,56300,276.1
74341,4844,56800,275.1
74351,4932,56300,277.7
74361,4932,56600,279.2
74371,4932,57200,282.1
74381,4932,55700,274.7
74391,4932,57200,282.1
74401,4932,55700,274.7
74411,4936,57200,282.3
74421,4932,55700,274.7
74431,4692,138400,649.4
74441,4932,69600,343.3
74451,4936,57200,282.3
74461,4932,55700,274.7
74471,4936,57200,282.3
74481,4932,55700,274.7
74491,4932,56700,279.6
74501,4932,56400,278.2
74511,4932,56600,279.2
74521,4932,56400,278.2
74531,4800,131400,630.7
74541,4932,120800,595.8
74551,4932,56600,279.2
74561,4932,57200,282.1
74571,4932,55700,274.7
74581,4932,57200,282.1
74591,4932,55700,274.7
74601,4932,57300,282.6
74611,4932,55600,274.2
74621,4936,57200,282.3
74631,4932,55600,274.2
74641,4804,159200,764.8
74651,4932,55700,274.7
74661,4936,57200,282.3
74671,4932,55700,274.7
74681,4936,56500,278.9
74691,4932,56300,277.7
74701,4932,56600,279.2
74711,4936,56300,277.9
74721,4936,56600,279.4
74731,4932,56300,277.7
74741,4772,141100,673.3
74751,4932,57200,282.1
74761,4932,55700,274.7
74771,4936,57300,282.8
74781,4932,55700,274.7
74791,4932,57300,282.6
74801,4932,55700,274.7
74811,4932,57300,282.6
74821,4932,55700,274.7
74831,4936,57300,282.8
74841,4932,76200,375.8
74851,4784,142600,682.2
74861,4932,55700,274.7
74871,4936,56600,279.4
74881,4932,56300,277.7
74891,4932,56600,279.2
74901,4932,56400,278.2
74911,4932,56600,279.2
74921,4932,56300,277.7
74931,4932,56600,279.2
74941,4936,134400,663.4
74951,4932,55700,274.7
74961,4804,140500,675.0
74971,4932,55700,274.7
74981,4936,57300,282.8
74991,4932,55800,275.2
75001,4932,57200,282.1
75011,4932,55600,274.2
75021,4936,57300,282.8
75031,4932,55700,274.7
75041,4896,147900,724.1
75051,4932,55700,274.7
75061,4936,56600,279.4
75071,4808,214100,1029.4
75081,4932,56600,279.2
75091,4932,56300,277.7
75101,4936,56600,279.4
75111,4932,56300,277.7
75121,4932,56600,279.2
75131,4936,57300,282.8
75141,4928,55800,275.0
75151,4932,57300,282.6
75161,4932,55700,274.7
75171,4788,137700,659.3
75181,4932,55600,274.2
75191,4936,57300,282.8
75202,4932,55700,274.7
75211,4932,57300,282.6
75221,4932,55600,274.2
75231,4932,57300,282.6
75241,4932,86800,428.1
75251,4936,56700,279.9
75261,4932,56300,277.7
75271,4932,56600,279.2
75281,4816,220300,1061.0
75291,4936,56600,279.4
75301,4932,56400,278.2
75311,4932,56700,279.6
75321,4936,57200,282.3
75331,4932,55600,274.2
75341,4932,144200,711.2
75351,4932,55600,274.2
75361,4932,57300,282.6
75371,4932,55700,274.7
75381,4808,141800,681.8
75391,4932,55700,274.7
75401,4936,57200,282.3
75411,4932,55700,274.7
75421,4936,57300,282.8
75431,4932,55700,274.7
75441,4876,139700,681.2
75451,4932,56300,277.7
75461,4932,56700,279.6
75471,4932,56400,278.2
75481,4932,56500,278.7
75491,4804,141000,677.4
75501,4932,56600,279.2
75511,4932,57300,282.6
75521,4932,55700,274.7
75531,4932,57200,282.1
75541,4932,58200,287.0
75551,4936,57200,282.3
75561,4932,55700,274.7
75571,4936,57300,282.8
75581,4932,55700,274.7
75591,4932,57300,282.6
75601,4804,139500,670.2
75611,4932,57200,282.1
75621,4932,55600,274.2
75631,4936,56600,279.4
75641,4932,98800,487.3
75651,4932,56600,279.2
75661,4932,56300,277.7
75671,4932,56700,279.6
75681,4932,56900,280.6
75691,4932,56500,278.7
75701,4936,57200,282.3
75711,4796,55700,267.1
75721,4936,57300,282.8
75731,4932,55700,274.7
75741,4924,149600,736.6
75751,4932,55700,274.7
75761,4932,57200,282.1
75771,4932,55700,274.7
75781,4936,57200,282.3
75791,4932,55700,274.7
75801,4936,57200,282.3
75811,4796,139900,671.0
75821,4932,56600,279.2
75831,4932,56300,277.7
75841,4860,56700,275.6
75851,4936,56400,278.4
75861,4932,56600,279.2
75871,4932,57000,281.1
75881,4936,56300,277.9
75891,4932,57300,282.6
75901,4932,55600,274.2
75911,4932,57200,282.1
75921,4808,206800,994.3
75931,4936,57300,282.8
75941,4932,64000,315.6
75951,4936,57200,282.3
75961,4932,55600,274.2
75971,4932,57200,282.1
75981,4932,55600,274.2
75991,4936,57300,282.8
76001,4932,55700,274.7
76011,4932,56500,278.7
76021,4840,151900,735.2
76031,4932,56600,279.2
76041,4932,110000,542.5
76051,4932,56600,279.2
76061,4932,57200,282.1
76071,4936,56100,276.9
76081,4936,57200,282.3
76091,4932,55700,274.7
76101,4932,57300,282.6
76111,4932,55700,274.7
76121,4936,57200,282.3
76131,4820,55700,268.5
76141,4916,157200,772.8
76151,4932,55700,274.7
76161,4932,57300,282.6
76171,4932,55700,274.7
76181,4936,57200,282.3
76191,4932,55900,275.7
76201,4932,56600,279.2
76211,4932,56300,277.7
76221,4932,56600,279.2
76231,4804,139300,669.2
76241,4840,56700,274.4
76251,4932,57200,282.1
76261,4932,56000,276.2
76271,4932,57300,282.6
76281,4932,55600,274.2
76291,4936,57200,282.3
76301,4932,55600,274.2
76311,4932,57200,282.1
76321,4932,55600,274.2
76331,4932,57300,282.6
76341,4672,132900,620.9
76351,4936,57300,282.8
76361,4932,55600,274.2
76371,4932,57200,282.1
76381,4932,55900,275.7
76391,4932,56600,279.2
76401,4932,56300,277.7
76411,4932,56600,279.2
76421,4932,56300,277.7
76431,4932,56600,279.2
76441,4932,118500,584.4
76451,4812,210800,1014.4
76461,4936,57300,282.8
76471,4932,55600,274.2
76481,4936,57200,282.3
76491,4932,55700,274.7
76501,4936,57200,282.3
76511,4932,55700,274.7
76521,4932,57200,282.1
76531,4932,55600,274.2
76541,4904,153400,752.3
76551,4932,55600,274.2
76561,4748,175800,834.7
76571,4932,56100,276.7
76581,4932,56700,279.6
76591,4932,56400,278.2
76601,4932,56600,279.2
76611,4932,56300,277.7
76621,4932,56600,279.2
76631,4932,57200,282.1
76641,4928,55800,275.0
76651,4932,57200,282.1
76661,4932,55700,274.7
76671,4936,57200,282.3
76681,4932,55700,274.7
76691,4936,57300,282.8
76701,4932,55600,274.2
76711,4936,57300,282.8
76721,4932,55600,274.2
76731,4936,57200,282.3
76741,4932,77300,381.2
76751,4932,57000,281.1
76761,4932,56400,278.2
76771,4772,176500,842.3
76781,4932,56300,277.7
76791,4932,56700,279.6
76801,4932,56300,277.7
76811,4932,56600,279.2
76821,4932,57200,282.1
76831,4932,55600,274.2
76841,4936,135100,666.9
76851,4932,55600,274.2
76861,4936,57200,282.3
76871,4912,154000,756.4
76881,4932,57300,282.6
76891,4932,55700,274.7
76902,4932,57200,282.1
76911,4932,55600,274.2
76921,4936,57200,282.3
76931,4932,55600,274.2
76941,4892,147500,721.6
76951,4932,56300,277.7
76961,4932,56800,280.1
76971,4936,56400,278.4
76981,4684,131600,616.4
76991,4932,56300,277.7
77001,4932,56600,279.2
77011,4936,57200,282.3
77021,4932,55600,274.2
77031,4936,57200,282.3
77041,4928,55700,274.5
77051,4936,57200,282.3
77061,4932,55700,274.7
77071,4936,57300,282.8
77081,4796,140100,671.9
77091,4932,57300,282.6
77101,4932,55700,274.7
77111,4936,57200,282.3
77121,4932,55700,274.7
77131,4936,56600,279.4
77141,4932,87600,432.0
77151,4936,56600,279.4
77161,4932,56300,277.7
77171,4932,56600,279.2
77181,4932,56300,277.7
77191,4796,210900,1011.5
77201,4932,57300,282.6
77211,4932,55700,274.7
77221,4936,57300,282.8
77231,4932,55600,274.2
77241,4932,146100,720.6
77251,4932,55700,274.7
77261,4932,57200,282.1
77271,4932,55700,274.7
77281,4936,57300,282.8
77291,4800,140700,675.4
77301,4932,57200,282.1
77311,4932,55700,274.7
77321,4936,56600,279.4
77331,4928,56300,277.4
77341,4876,56700,276.5
77351,4936,56300,277.9
77361,4936,56600,279.4
77371,4932,56300,277.7
77381,4932,56600,279.2
77391,4932,57200,282.1
77401,4808,210200,1010.6
77411,4932,57300,282.6
77421,4932,55600,274.2
77431,4936,57300,282.8
77441,4932,58400,288.0
77451,4936,57200,282.3
77461,4932,55600,274.2
77471,4932,57200,282.1
77481,4932,55600,274.2
77491,4936,57300,282.8
77501,4932,55600,274.2
77511,4692,185000,868.0
77521,4932,56300,277.7
77531,4932,56600,279.2
77541,4932,99200,489.3
77551,4932,56500,278.7
77561,4932,56300,277.7
77571,4932,56600,279.2
77581,4936,57200,282.3
77591,4932,55700,274.7
77601,4936,57200,282.3
77611,4924,149400,735.6
77621,4936,57300,282.8
77631,4932,55700,274.7
77641,4924,151800,747.5
77651,4932,55600,274.2
77661,4932,57300,282.6
77671,4932,55700,274.7
77681,4936,57200,282.3
77691,4932,55700,274.7
77701,4932,56600,279.2
77711,4860,155800,757.2
77721,4932,56600,279.2
77731,4936,56300,277.9
77741,4860,56700,275.6
77751,4936,56300,277.9
77761,4936,56700,279.9
77771,4932,57300,282.6
77781,4932,55600,274.2
77791,4936,57300,282.8
77801,4932,55600,274.2
77811,4932,57300,282.6
77821,4796,141300,677.7
77831,4936,57300,282.8
77841,4932,64000,315.6
77851,4936,57200,282.3
77861,4932,55600,274.2
77871,4936,57300,282.8
77881,4932,55700,274.7
77891,4932,56600,279.2
77901,4932,56300,277.7
77911,4932,56600,279.2
77921,4932,56300,277.7
77931,4680,130700,611.7
77941,4932,110900,547.0
77951,4932,56600,279.2
77961,4936,57300,282.8
77971,4932,55600,274.2
77981,4932,57200,282.1
77991,4932,55700,274.7
78001,4936,57200,282.3
78011,4932,55700,274.7
78021,4936,57200,282.3
78031,4932,55600,274.2
78041,4920,57300,281.9
78051,4932,55600,274.2
78061,4932,57300,282.6
78071,4932,55700,274.7
78081,4932,56600,279.2
78091,4932,56400,278.2
78101,4936,56600,279.4
78111,4932,56400,278.2
78121,4932,56600,279.2
78131,4932,56400,278.2
78141,4928,131100,646.1
78151,4932,57200,282.1
78161,4932,55700,274.7
78171,4936,57300,282.8
78181,4932,55700,274.7
78191,4936,57200,282.3
78201,4932,55600,274.2
78211,4932,57300,282.6
78221,4932,55600,274.2
78231,4936,57200,282.3
78241,4932,70600,348.2
78251,4784,150500,720.0
78261,4932,55700,274.7
78271,4936,56700,279.9
78281,4936,56300,277.9
78291,4932,56600,279.2
78301,4932,56300,277.7
78311,4932,56600,279.2
78321,4932,56500,278.7
78331,4932,56600,279.2
78341,4932,118100,582.5
78351,4796,142900,685.3
78361,4936,57300,282.8
78371,4932,55700,274.7
78381,4936,57200,282.3
78391,4932,55600,274.2
78401,4936,57200,282.3
78411,4932,55700,274.7
78421,4936,57300,282.8
78431,4932,55600,274.2
78441,4908,153600,753.9
78451,4880,154200,752.5
78461,4932,56700,279.6
78471,4932,56400,278.2
78481,4936,56600,279.4
78491,4932,56300,277.7
78501,4932,56600,279.2
78511,4932,56700,279.6
78521,4936,56500,278.9
78531,4932,57200,282.1
78541,4928,55800,275.0
78551,4936,57200,282.3
78561,4760,165200,786.4
78571,4936,57300,282.8
78581,4932,55700,274.7
78591,4936,57200,282.3
78602,4932,55600,274.2
78611,4936,57300,282.8
78621,4932,55600,274.2
78631,4936,57200,282.3
78641,4932,77200,380.8
78651,4936,56600,279.4
78661,4724,119800,565.9
78671,4932,56600,279.2
78681,4932,56300,277.7
78691,4932,56600,279.2
78701,4932,56700,279.6
78711,4932,56500,278.7
78721,4936,57200,282.3
78731,4936,55700,274.9
78741,4936,136200,672.3
78751,4932,55600,274.2
78761,4800,142200,682.6
78771,4932,55700,274.7
78781,4932,57300,282.6
78791,4932,55700,274.7
78801,4936,57200,282.3
78811,4932,55700,274.7
78821,4936,57200,282.3
78831,4932,55700,274.7
78841,4896,149500,732.0
78851,4932,56300,277.7
78861,4800,143500,688.8
78871,4932,56300,277.7
78881,4932,56600,279.2
78891,4932,56900,280.6
78901,4932,56400,278.2
78911,4936,57300,282.8
78921,4932,55600,274.2
78931,4932,57300,282.6
78941,4932,55700,274.7
78951,4932,57200,282.1
78961,4800,141000,676.8
78971,4936,57300,282.8
78981,4932,55700,274.7
78991,4936,57200,282.3
79001,4932,55700,274.7
79011,4932,57200,282.1
79021,4932,55700,274.7
79031,4936,56600,279.4
79041,4932,86500,426.6
79051,4932,56600,279.2
79061,4932,56300,277.7
79071,4864,198200,964.0
79081,4932,57100,281.6
79091,4932,56300,277.7
79101,4932,57300,282.6
79111,4932,55600,274.2
79121,4936,57300,282.8
79131,4932,55600,274.2
79141,4932,144400,712.2
79151,4928,55600,274.0
79161,4932,57300,282.6
79171,4904,156900,769.4
79181,4932,57300,282.6
79191,4932,55700,274.7
79201,4936,57200,282.3
79211,4932,55700,274.7
79221,4932,57300,282.6
79231,4932,56400,278.2
79241,4876,56700,276.5
79251,4932,56300,277.7
79261,4932,56600,279.2
79271,4932,60100,296.4
79281,4932,56100,276.7
79291,4936,57300,282.8
79301,4932,55600,274.2
79311,4936,57300,282.8
79321,4928,55700,274.5
79331,4936,57200,282.3
79341,4932,58300,287.5
79351,4936,57200,282.3
79361,4932,55600,274.2
79371,4936,57300,282.8
79381,4932,58500,288.5
79391,4936,57200,282.3
79401,4932,55800,275.2
79411,4932,57300,282.6
79421,4932,56300,277.7
79431,4932,56600,279.2
79441,4932,98000,483.3
79451,4936,56600,279.4
79461,4932,57300,282.6
79471,4932,55800,275.2
79481,4936,57300,282.8
79491,4788,57400,274.8
79501,4936,57300,282.8
79511,4932,55600,274.2
79521,4936,57300,282.8
79531,4932,55700,274.7
79541,4928,151900,748.6
79551,4932,55600,274.2
79561,4936,57200,282.3
79571,4932,55700,274.7
79581,4936,57200,282.3
79591,4796,141700,679.6
79601,4932,57200,282.1
79611,4932,56400,278.2
79621,4936,56700,279.9
79631,4932,56300,277.7
79641,4860,56700,275.6
79651,4932,57300,282.6
79661,4936,55700,274.9
79671,4936,57200,282.3
79681,4932,55700,274.7
79691,4796,143900,690.1
79701,4932,55700,274.7
79711,4936,57300,282.8
79721,4932,55600,274.2
79731,4936,57200,282.3
79741,4932,64100,316.1
79751,4936,57300,282.8
79761,4932,55700,274.7
79771,4932,57100,281.6
79781,4932,56200,277.2
79791,4932,57100,281.6
79801,4796,141200,677.2
79811,4936,56700,279.9
79821,4932,56300,277.7
79831,4932,56600,279.2
79841,4936,110000,543.0
79851,4936,55600,274.4
79861,4936,57300,282.8
79871,4932,55600,274.2
79881,4936,57300,282.8
79891,4932,55600,274.2
79901,4936,57200,282.3
79911,4808,206600,993.3
79921,4936,57300,282.8
79931,4932,55700,274.7
79941,4916,156500,769.4
79951,4932,55600,274.2
79961,4936,57100,281.8
79971,4932,56300,277.7
79981,4932,57000,281.1
79991,4932,56300,277.7
80001,4932,56600,279.2
80011,4932,56400,278.2
80021,4808,132300,636.1
80031,4932,57200,282.1
80041,4928,55800,275.0
80051,4936,57200,282.3
80061,4932,55600,274.2
80071,4936,57200,282.3
80081,4932,55700,274.7
80091,4936,57200,282.3
80101,4928,55600,274.0
80111,4936,57200,282.3
80121,4800,140200,673.0
80131,4932,57300,282.6
80141,4932,70000,345.2
80151,4936,56900,280.9
80161,4932,56400,278.2
80171,4932,56800,280.1
80181,4932,56300,277.7
80191,4932,56600,279.2
80201,4932,56300,277.7
80211,4932,56600,279.2
80221,4932,57200,282.1
80231,4776,68900,329.1
80241,4936,121100,597.7
80251,4932,55600,274.2
80261,4936,57300,282.8
80271,4932,55700,274.7
80281,4936,57200,282.3
80292,4932,55700,274.7
80301,4932,57300,282.6
80311,4932,55700,274.7
80321,4936,57200,282.3
80331,4932,58500,288.5
80341,4908,156300,767.1
80351,4932,56400,278.2
80361,4932,56700,279.6
80371,4932,56300,277.7
80381,4932,56600,279.2
80391,4932,56300,277.7
80401,4936,56600,279.4
80411,4932,57200,282.1
80421,4932,55600,274.2
80431,4932,57200,282.1
80441,4796,172900,829.2
80451,4936,57200,282.3
80461,4932,55700,274.7
80471,4936,57200,282.3
80481,4932,55600,274.2
80491,4936,57200,282.3
80501,4932,55600,274.2
80511,4936,57300,282.8
80521,4932,55600,274.2
80531,4936,56500,278.9
80541,4900,67500,330.8
80551,4932,56500,278.7
80561,4932,56400,278.2
80571,4936,56600,279.4
80581,4932,56300,277.7
80591,4932,56600,279.2
80601,4936,57200,282.3
80611,4932,55700,274.7
80621,4936,57300,282.8
80631,4932,55700,274.7
80641,4892,57300,280.3
80651,4796,141700,679.6
80661,4936,57200,282.3
80671,4932,55700,274.7
80681,4936,57200,282.3
80691,4932,55600,274.2
80701,4936,57200,282.3
80711,4932,55700,274.7
80721,4936,56600,279.4
80731,4932,56400,278.2
80741,4920,79700,392.1
80751,4932,56300,277.7
80761,4800,146900,705.1
80771,4932,56300,277.7
80781,4932,56600,279.2
80791,4936,57300,282.8
80801,4932,55700,274.7
80811,4936,57300,282.8
80821,4932,55700,274.7
80831,4936,57200,282.3
80841,4924,83900,413.1
80851,4936,57200,282.3
80861,4932,55700,274.7
80871,4804,136200,654.3
80881,4932,55600,274.2
80891,4936,57300,282.8
80901,4932,55700,274.7
80911,4932,56600,279.2
80921,4932,56300,277.7
80931,4932,56600,279.2
80941,4892,63500,310.6
80951,4936,56600,279.4
80961,4932,56400,278.2
80971,4932,56600,279.2
80981,4932,57200,282.1
80991,4932,55700,274.7
81001,4932,57200,282.1
81011,4932,55700,274.7
81021,4936,57200,282.3
81031,4932,55700,274.7
81041,4892,57400,280.8
81051,4932,55600,274.2
81061,4936,57200,282.3
81071,4932,55700,274.7
81081,4808,138600,666.4
81091,4932,55600,274.2
81101,4936,56600,279.4
81111,4932,56300,277.7
81121,4932,56600,279.2
81131,4932,56300,277.7
81141,4924,84500,416.1
81151,4932,56400,278.2
81161,4932,56600,279.2
81171,4936,57300,282.8
81181,4932,55600,274.2
81191,4712,132700,625.3
81201,4932,55700,274.7
81211,4932,57300,282.6
81221,4932,55700,274.7
81231,4936,57200,282.3
81241,4920,79500,391.1
81251,4936,57200,282.3
81261,4932,55600,274.2
81271,4936,57200,282.3
81281,4932,55700,274.7
81291,4928,63200,311.4
81301,4932,56300,277.7
81311,4932,56700,279.6
81321,4936,56300,277.9
81331,4932,56600,279.2
81341,4888,60400,295.2
81351,4932,56600,279.2
81361,4936,57300,282.8
81371,4932,55600,274.2
81381,4936,57200,282.3
81391,4932,55600,274.2
81401,4696,136900,642.9
81411,4932,55700,274.7
81421,4932,57300,282.6
81431,4932,55700,274.7
81441,4900,57400,281.3
81451,4932,55700,274.7
81461,4936,57300,282.8
81471,4932,55700,274.7
81481,4936,56600,279.4
81491,4932,56300,277.7
81501,4932,56600,279.2
81511,4812,210300,1012.0
81521,4932,56600,279.2
81531,4932,56500,278.7
81541,4936,87400,431.4
81551,4936,57300,282.8
81561,4932,55700,274.7
81571,4936,57200,282.3
81581,4932,55700,274.7
81591,4936,57200,282.3
81601,4932,55700,274.7
81611,4788,142000,679.9
81621,4932,55700,274.7
81631,4932,57200,282.1
81641,4912,75200,369.4
81651,4936,57300,282.8
81661,4932,55700,274.7
81671,4932,56600,279.2
81681,4932,56300,277.7
81691,4932,56600,279.2
81701,4932,56300,277.7
81711,4932,56700,279.6
81721,4888,56600,276.7
81731,4932,56600,279.2
81741,4888,58800,287.4
81751,4932,55600,274.2
81761,4932,57300,282.6
81771,4932,55600,274.2
81781,4936,57300,282.8
81791,4932,55700,274.7
81801,4932,57300,282.6
81811,4932,55700,274.7
81821,4720,143000,675.0
81831,4932,55700,274.7
81841,4908,58800,288.6
81851,4932,55700,274.7
81861,4936,57300,282.8
81871,4932,56300,277.7
81881,4932,56600,279.2
81891,4936,56300,277.9
81901,4932,56600,279.2
81911,4932,56900,280.6
81921,4748,193200,917.3
81931,4936,57200,282.3
81941,4928,86900,428.2
81951,4936,57200,282.3
81961,4932,55700,274.7
81971,4936,57200,282.3
81981,4932,55600,274.2
81991,4936,57200,282.3
82002,4932,55700,274.7
82011,4936,57200,282.3
82021,4904,154900,759.6
82031,4936,57200,282.3
82041,4904,70600,346.2
82051,4932,57300,282.6
82061,4932,56400,278.2
82071,4932,56600,279.2
82081,4932,56300,277.7
82091,4932,56600,279.2
82101,4932,56900,280.6
82111,4932,56300,277.7
82121,4932,57200,282.1
82131,4812,208800,1004.7
82141,4888,57400,280.6
82151,4932,55600,274.2
82161,4932,57200,282.1
82171,4932,55700,274.7
82181,4936,57200,282.3
82191,4932,55600,274.2
82201,4932,57200,282.1
82211,4932,55600,274.2
82221,4932,57200,282.1
82231,4932,58600,289.0
82241,4912,77800,382.2
82251,4932,56300,277.7
82261,4932,56600,279.2
82271,4932,56300,277.7
82281,4932,56600,279.2
82291,4932,57100,281.6
82301,4932,56200,277.2
82311,4936,57300,282.8
82321,4932,55600,274.2
82331,4936,57200,282.3
82341,4800,177800,853.4
82351,4936,57200,282.3
82361,4932,55600,274.2
82371,4936,57200,282.3
82381,4932,55600,274.2
82391,4936,57200,282.3
82401,4932,55600,274.2
82411,4936,57200,282.3
82421,4932,55800,275.2
82431,4932,57300,282.6
82441,4664,181700,847.4
82451,4932,56600,279.2
82461,4932,56300,277.7
82471,4932,56600,279.2
82481,4932,57200,282.1
82491,4932,56000,276.2
82501,4936,57200,282.3
82511,4932,55600,274.2
82521,4936,57200,282.3
82531,4932,55600,274.2
82541,4892,57300,280.3
82551,4808,167500,805.3
82561,4932,57300,282.6
82571,4932,55700,274.7
82581,4936,57200,282.3
82591,4936,55600,274.4
82601,4932,57200,282.1
82611,4932,55800,275.2
82621,4932,57200,282.1
82631,4932,56300,277.7
82641,4924,82200,404.8
82651,4932,59100,291.5
82661,4932,56700,279.6
82671,4932,57300,282.6
82681,4932,55900,275.7
82691,4932,57300,282.6
82701,4932,55600,274.2
82711,4936,57300,282.8
82721,4932,55600,274.2
82731,4936,57300,282.8
82741,4920,82100,403.9
82751,4936,57200,282.3
82761,4912,152600,749.6
82771,4936,57300,282.8
82781,4932,55700,274.7
82791,4936,57200,282.3
82801,4932,55900,275.7
82811,4932,57300,282.6
82821,4932,56200,277.2
82831,4932,56600,279.2
82841,4892,61800,302.3
82851,4932,56600,279.2
82861,4936,57300,282.8
82871,4800,144400,693.1
82881,4932,57300,282.6
82891,4932,55600,274.2
82901,4936,57200,282.3
82911,4932,55600,274.2
82921,4932,57200,282.1
82931,4932,55600,274.2
82941,4900,57300,280.8
82951,4932,55600,274.2
82961,4936,57300,282.8
82971,4904,155000,760.1
82981,4936,57200,282.3
82991,4932,56100,276.7
83001,4932,57100,281.6
83011,4932,56300,277.7
83021,4932,56700,279.6
83031,4932,56300,277.7
83041,4936,86000,424.5
83051,4932,57200,282.1
83061,4932,55600,274.2
83071,4824,149100,719.3
83081,4932,55700,274.7
83091,4936,57200,282.3
83101,4932,55600,274.2
83111,4936,57300,282.8
83121,4932,55600,274.2
83131,4936,57200,282.3
83141,4916,77100,379.0
83151,4936,57200,282.3
83161,4932,55600,274.2
83171,4936,57000,281.4
83181,4700,132300,621.8
83191,4932,57100,281.6
83201,4932,56300,277.7
83211,4932,56700,279.6
83221,4932,56300,277.7
83231,4932,56600,279.2
83241,4884,59800,292.1
83251,4932,55600,274.2
83261,4936,57300,282.8
83271,4932,55600,274.2
83281,4936,57300,282.8
83291,4816,209100,1007.0
83301,4936,57300,282.8
83311,4932,55800,275.2
83321,4936,57200,282.3
83331,4932,55700,274.7
83341,4904,57400,281.5
83351,4932,55600,274.2
83361,4936,57000,281.4
83371,4932,56300,277.7
83381,4932,56900,280.6
83391,4932,56300,277.7
83401,4740,159500,756.0
83411,4932,56300,277.7
83421,4932,56600,279.2
83431,4932,57200,282.1
83441,4932,87400,431.1
83451,4936,57200,282.3
83461,4932,55700,274.7
83471,4936,57200,282.3
83481,4932,55700,274.7
83491,4936,57200,282.3
83501,4932,55600,274.2
83511,4748,177800,844.2
83521,4932,55700,274.7
83531,4936,57300,282.8
83541,4908,72300,354.8
83551,4936,56700,279.9
83561,4932,56400,278.2
83571,4932,56700,279.6
83581,4932,56300,277.7
83591,4936,56600,279.4
83601,4932,56300,277.7
83611,4800,201400,966.7
83621,4932,57200,282.1
83631,4936,55700,274.9
83641,4888,57400,280.6
83651,4932,55600,274.2
83661,4936,57300,282.8
83671,4932,55600,274.2
83681,4936,57200,282.3
83691,4932,55600,274.2
83702,4932,57200,282.1
83711,4932,55700,274.7
83721,4932,57300,282.6
83731,4932,55700,274.7
83741,4912,58100,285.4
83751,4932,56400,278.2
83761,4936,56600,279.4
83771,4932,56300,277.7
83781,4932,56600,279.2
83791,4936,56300,277.9
83801,4932,56600,279.2
83811,4932,57300,282.6
83821,4932,55700,274.7
83831,4936,57400,283.3
83841,4928,86800,427.8
83851,4936,57200,282.3
83861,4932,55600,274.2
83871,4936,57200,282.3
83881,4932,55700,274.7
83891,4936,57200,282.3
83901,4932,55700,274.7
83911,4936,57200,282.3
83921,4932,55600,274.2
83931,4776,142100,678.7
83941,4900,68400,335.2
83951,4932,56600,279.2
83961,4932,56400,278.2
83971,4932,56600,279.2
83981,4932,56300,277.7
83991,4932,56600,279.2
84001,4936,57300,282.8
84011,4932,55700,274.7
84021,4932,57300,282.6
84031,4932,55700,274.7
84041,4796,164500,788.9
84051,4932,55700,274.7
84061,4936,57300,282.8
84071,4932,55600,274.2
84081,4936,57300,282.8
84091,4932,55700,274.7
84101,4936,57300,282.8
84111,4932,55700,274.7
84121,4932,56600,279.2
84131,4932,56300,277.7
84141,4768,98100,467.7
84151,4932,56300,277.7
84161,4936,56700,279.9
84171,4932,56300,277.7
84181,4932,56700,279.6
84191,4932,57300,282.6
84201,4932,55700,274.7
84211,4932,57300,282.6
84221,4932,55600,274.2
84231,4936,57300,282.8
84241,4924,82800,407.7
84251,4804,141800,681.2
84261,4932,55700,274.7
84271,4932,57200,282.1
84281,4932,55700,274.7
84291,4936,57200,282.3
84301,4932,55600,274.2
84311,4932,56600,279.2
84321,4932,56200,277.2
84331,4932,56600,279.2
84341,4892,63300,309.7
84351,4932,56600,279.2
84361,4764,172800,823.2
84371,4932,56600,279.2
84381,4932,57300,282.6
84391,4932,55700,274.7
84401,4936,57300,282.8
84411,4932,55600,274.2
84421,4936,57300,282.8
84431,4932,55700,274.7
84441,4892,57300,280.3
84451,4932,55700,274.7
84461,4788,141900,679.4
84471,4932,55700,274.7
84481,4932,57200,282.1
84491,4932,55700,274.7
84501,4932,56600,279.2
84511,4932,56300,277.7
84521,4932,56600,279.2
84531,4932,56300,277.7
84541,4924,84500,416.1
84551,4932,56300,277.7
84561,4932,56700,279.6
84571,4936,57300,282.8
84581,4932,55800,275.2
84591,4936,57200,282.3
84601,4932,55700,274.7
84611,4936,57200,282.3
84621,4932,55600,274.2
84631,4932,57200,282.1
84641,4920,79800,392.6
84651,4936,57200,282.3
84661,4932,55600,274.2
84671,4788,133300,638.2
84681,4932,55700,274.7
84691,4936,57300,282.8
84701,4932,56300,277.7
84711,4932,56700,279.6
84721,4932,56300,277.7
84731,4932,56600,279.2
84741,4888,60400,295.2
84751,4932,56600,279.2
84761,4936,57300,282.8
84771,4932,55600,274.2
84781,4700,137900,648.1
84791,4932,55600,274.2
84801,4932,57200,282.1
84811,4932,55700,274.7
84821,4936,57300,282.8
84831,4932,55700,274.7
84841,4904,57400,281.5
84851,4932,55700,274.7
84861,4936,57300,282.8
84871,4932,55600,274.2
84881,4932,57300,282.6
84891,4820,207600,1000.6
84901,4936,56600,279.4
84911,4932,56300,277.7
84921,4932,56600,279.2
84931,4932,56500,278.7
84941,4932,87300,430.6
84951,4932,57300,282.6
84961,4932,55700,274.7
84971,4932,57200,282.1
84981,4932,55800,275.2
84991,4936,57300,282.8
85001,4792,58300,279.4
85011,4936,57300,282.8
85021,4932,55700,274.7
85031,4932,57200,282.1
85041,4912,75100,368.9
85051,4936,57300,282.8
85061,4932,55600,274.2
85071,4936,57300,282.8
85081,4932,56300,277.7
85091,4932,56700,279.6
85101,4796,190000,911.2
85111,4932,56600,279.2
85121,4932,56600,279.2
85131,4932,56600,279.2
85141,4884,58800,287.2
85151,4932,55700,274.7
85161,4936,57300,282.8
85171,4932,55700,274.7
85181,4936,57300,282.8
85191,4932,55700,274.7
85201,4936,60200,297.1
85211,4932,55700,274.7
85221,4936,57300,282.8
85231,4932,55700,274.7
85241,4908,57400,281.7
85251,4932,55700,274.7
85261,4932,57200,282.1
85271,4932,56300,277.7
85281,4932,56600,279.2
85291,4932,56300,277.7
85301,4936,56700,279.9
85311,4860,153800,747.5
85321,4936,56600,279.4
85331,4932,57300,282.6
85341,4928,86900,428.2
85351,4932,57300,282.6
85361,4932,55700,274.7
85371,4936,57200,282.3
85381,4932,55600,274.2
85391,4936,57300,282.8
85402,4932,55800,275.2
85411,4932,57300,282.6
85421,4752,162400,771.7
85431,4936,57300,282.8
85441,4904,70400,345.2
85451,4932,57300,282.6
85461,4932,56400,278.2
85471,4932,56600,279.2
85481,4932,56300,277.7
85491,4932,56600,279.2
85501,4932,57000,281.1
85511,4932,56400,278.2
85521,4932,60100,296.4
85531,4924,55700,274.3
85541,4888,57400,280.6
85551,4932,55700,274.7
85561,4936,57300,282.8
85571,4932,55700,274.7
85581,4932,57300,282.6
85591,4932,55600,274.2
85601,4932,57200,282.1
85611,4932,55800,275.2
85621,4932,57300,282.6
85631,4820,210300,1013.6
85641,4916,77900,383.0
85651,4932,56300,277.7
85661,4932,56600,279.2
85671,4932,56300,277.7
85681,4932,56600,279.2
85691,4932,57100,281.6
85701,4932,56200,277.2
85711,4936,57200,282.3
85721,4932,55600,274.2
85731,4828,150400,726.1
85741,4924,84900,418.0
85751,4936,57300,282.8
85761,4932,55700,274.7
85771,4936,57200,282.3
85781,4932,55700,274.7
85791,4936,57300,282.8
85801,4932,55700,274.7
85811,4932,57300,282.6
85821,4932,55700,274.7
85831,4932,57300,282.6
85841,4876,161800,788.9
85851,4932,56700,279.6
85861,4932,56300,277.7
85871,4932,56700,279.6
85881,4932,57200,282.1
85891,4932,56100,276.7
85901,4932,57300,282.6
85911,4932,55700,274.7
85921,4936,57300,282.8
85931,4932,55700,274.7
85941,4892,57300,280.3
85951,4812,209600,1008.6
85961,4936,57300,282.8
85971,4932,55700,274.7
85981,4932,57300,282.6
85991,4932,55600,274.2
86001,4936,57300,282.8
86011,4932,55900,275.7
86021,4932,57300,282.6
86031,4932,56400,278.2
86041,4924,82100,404.3
86051,4880,158400,773.0
86061,4932,56700,279.6
86071,4932,57200,282.1
86081,4932,56000,276.2
86091,4936,57300,282.8
86101,4932,55700,274.7
86111,4932,57300,282.6
86121,4932,55700,274.7
86131,4936,57300,282.8
86141,4920,81900,402.9
86151,4936,57300,282.8
86161,4792,55700,266.9
86171,4932,57300,282.6
86181,4932,55700,274.7
86191,4936,57200,282.3
86201,4932,55900,275.7
86211,4932,57200,282.1
86221,4932,56400,278.2
86231,4932,56600,279.2
86241,4888,61900,302.6
86251,4932,56600,279.2
86261,4864,155500,756.4
86271,4932,56000,276.2
86281,4936,57300,282.8
86291,4932,55700,274.7
86301,4936,57200,282.3
86311,4932,55700,274.7
86321,4936,57300,282.8
86331,4932,55700,274.7
86341,4900,57400,281.3
86351,4932,55600,274.2
86361,4936,57300,282.8
86371,4752,162100,770.3
86381,4936,57300,282.8
86391,4932,56100,276.7
86401,4932,57200,282.1
86411,4932,56400,278.2
86421,4932,56600,279.2
86431,4936,56300,277.9
86441,4932,85900,423.7
86451,4932,57300,282.6
86461,4932,55700,274.7
86471,4804,142100,682.6
86481,4932,55800,275.2
86491,4932,57300,282.6
86501,4932,55700,274.7
86511,4936,57300,282.8
86521,4932,55700,274.7
86531,4936,57300,282.8
86541,4912,77000,378.2
86551,4936,57200,282.3
86561,4932,55600,274.2
86571,4936,57100,281.8
86581,4804,201200,966.6
86591,4932,57100,281.6
86601,4932,56300,277.7
86611,4932,56700,279.6
86621,4932,56300,277.7
86631,4932,56600,279.2
86641,4888,59900,292.8
86651,4932,55700,274.7
86661,4936,57300,282.8
86671,4932,55600,274.2
86681,4936,60000,296.2
86691,4932,55700,274.7
86701,4932,57300,282.6
86711,4932,55700,274.7
86721,4936,57200,282.3
86731,4932,55700,274.7
86741,4904,57300,281.0
86751,4932,55700,274.7
86761,4936,57000,281.4
86771,4932,56300,277.7
86781,4932,56900,280.6
86791,4804,141600,680.2
86801,4932,56600,279.2
86811,4932,56400,278.2
86821,4932,56700,279.6
86831,4932,57300,282.6
86841,4932,87500,431.6
86851,4932,57200,282.1
86861,4936,55700,274.9
86871,4936,57300,282.8
86881,4932,55600,274.2
86891,4808,148000,711.6
86901,4932,55700,274.7
86911,4936,57300,282.8
86921,4932,55700,274.7
86931,4932,57300,282.6
86941,4908,72400,355.3
86951,4932,56900,280.6
86961,4932,56500,278.7
86971,4932,56700,279.6
86981,4932,56300,277.7
86991,4776,84600,404.0
87001,4932,56400,278.2
87011,4932,56700,279.6
87021,4932,57200,282.1
87031,4932,55600,274.2
87041,4884,57500,280.8
87051,4932,55700,274.7
87061,4936,57300,282.8
87071,4932,55700,274.7
87081,4936,57200,282.3
87091,4932,55600,274.2
87102,4932,57400,283.1
87111,4932,55700,274.7
87121,4932,57300,282.6
87131,4932,55700,274.7
87141,4912,56800,279.0
87151,4932,56400,278.2
87161,4932,56600,279.2
87171,4932,56300,277.7
87181,4936,56600,279.4
87191,4932,56400,278.2
87201,4932,95200,469.5
87211,4932,57300,282.6
87221,4932,55700,274.7
87231,4932,57300,282.6
87241,4928,86500,426.3
87251,4932,57200,282.1
87261,4932,55700,274.7
87271,4936,57300,282.8
87281,4932,55700,274.7
87291,4936,57200,282.3
87301,4932,55700,274.7
87311,4808,138600,666.4
87321,4932,55700,274.7
87331,4936,56600,279.4
87341,4900,68400,335.2
87351,4932,56600,279.2
87361,4936,56300,277.9
87371,4932,56600,279.2
87381,4936,56300,277.9
87391,4936,56600,279.4
87401,4932,57300,282.6
87411,4932,55700,274.7
87421,4712,135500,638.5
87431,4932,55700,274.7
87441,4888,57400,280.6
87451,4932,55700,274.7
87461,4936,57300,282.8
87471,4932,55600,274.2
87481,4936,57300,282.8
87491,4932,55600,274.2
87501,4932,57200,282.1
87511,4932,55700,274.7
87521,4936,57200,282.3
87531,4808,200200,962.6
87541,4920,79600,391.6
87551,4932,56300,277.7
87561,4932,56600,279.2
87571,4932,56300,277.7
87581,4932,56600,279.2
87591,4936,57200,282.3
87601,4932,55700,274.7
87611,4932,57300,282.6
87621,4932,55700,274.7
87631,4716,141900,669.2
87641,4924,84100,414.1
87651,4936,57300,282.8
87661,4932,55700,274.7
87671,4932,57200,282.1
87681,4932,55700,274.7
87691,4936,57200,282.3
87701,4932,55700,274.7
87711,4932,57300,282.6
87721,4932,56300,277.7
87731,4932,56600,279.2
87741,4704,145600,684.9
87751,4932,56600,279.2
87761,4932,56400,278.2
87771,4936,56600,279.4
87781,4932,57300,282.6
87791,4932,55700,274.7
87801,4936,57300,282.8
87811,4932,55600,274.2
87821,4932,57300,282.6
87831,4932,55700,274.7
87841,4752,161000,765.1
87851,4932,55700,274.7
87861,4936,57200,282.3
87871,4932,55600,274.2
87881,4932,57300,282.6
87891,4932,55600,274.2
87901,4936,57300,282.8
87911,4932,56400,278.2
87921,4936,56600,279.4
87931,4932,56300,277.7
87941,4768,98000,467.3
87951,4932,56300,277.7
87961,4932,56600,279.2
87971,4936,57300,282.8
87981,4932,55700,274.7
87991,4936,57300,282.8
88001,4932,55700,274.7
88011,4932,57300,282.6
88021,4932,55700,274.7
88031,4932,57300,282.6
88041,4920,79100,389.2
88051,4780,195900,936.4
88061,4932,55700,274.7
88071,4936,57200,282.3
88081,4932,55600,274.2
88091,4932,57300,282.6
88101,4932,56300,277.7
88111,4932,56600,279.2
88121,4932,56300,277.7
88131,4932,56700,279.6
88141,4888,60000,293.3
88151,4812,152200,732.4
88161,4932,57300,282.6
88171,4932,55700,274.7
88181,4932,57400,283.1
88191,4932,55700,274.7
88201,4936,57200,282.3
88211,4932,55700,274.7
88221,4932,57200,282.1
88231,4932,55700,274.7
88241,4904,57400,281.5
88251,4932,55700,274.7
88261,4756,181000,860.8
88271,4932,55600,274.2
88281,4932,57400,283.1
88291,4932,56300,277.7
88301,4932,56600,279.2
88311,4932,56400,278.2
88321,4932,56600,279.2
88331,4932,56400,278.2
88341,4932,87100,429.6
88351,4936,57300,282.8
88361,4804,170200,817.6
88371,4936,57300,282.8
88381,4932,55800,275.2
88391,4936,57300,282.8
88401,4932,55800,275.2
88411,4932,57300,282.6
88421,4932,55700,274.7
88431,4932,57200,282.1
88441,4912,75500,370.9
88451,4932,57300,282.6
88461,4916,151600,745.3
88471,4932,57300,282.6
88481,4932,56400,278.2
88491,4932,56600,279.2
88501,4932,56300,277.7
88511,4932,56600,279.2
88521,4932,56400,278.2
88531,4936,56600,279.4
88541,4888,59100,288.9
88551,4932,55600,274.2
88561,4936,57200,282.3
88571,4804,186600,896.4
88581,4936,57300,282.8
88591,4932,55700,274.7
88601,4932,57300,282.6
88611,4932,55700,274.7
88621,4936,57200,282.3
88631,4932,55700,274.7
88641,4908,57300,281.2
88651,4932,55600,274.2
88661,4932,57300,282.6
88671,4812,210500,1012.9
88681,4932,56600,279.2
88691,4932,56400,278.2
88701,4932,56700,279.6
88711,4932,56500,278.7
88721,4932,56600,279.2
88731,4936,57300,282.8
88741,4932,86900,428.6
88751,4936,57300,282.8
88761,4932,55700,274.7
88771,4936,57300,282.8
88781,4808,129900,624.6
88791,4936,57300,282.8
88802,4932,55700,274.7
88811,4932,57300,282.6
88821,4932,55700,274.7
88831,4932,57300,282.6
88841,4904,71000,348.2
88851,4932,57300,282.6
88861,4932,56200,277.2
88871,4932,56700,279.6
88881,4804,141700,680.7
88891,4932,56600,279.2
88901,4932,56500,278.7
88911,4936,56600,279.4
88921,4936,57200,282.3
88931,4932,55700,274.7
88941,4884,57300,279.9
88951,4932,55700,274.7
88961,4936,57200,282.3
88971,4932,55700,274.7
88981,4812,149500,719.4
88991,4932,55600,274.2
89001,4932,57200,282.1
89011,4932,55700,274.7
89021,4936,57300,282.8
89031,4932,55700,274.7
89041,4912,77300,379.7
89051,4932,56400,278.2
89061,4936,56600,279.4
89071,4932,56400,278.2
89081,4932,56600,279.2
89091,4700,133200,626.0
89101,4932,56600,279.2
89111,4936,57200,282.3
89121,4932,55700,274.7
89131,4936,57200,282.3
89141,4924,85200,419.5
89151,4936,57200,282.3
89161,4932,55700,274.7
89171,4932,57200,282.1
89181,4932,55700,274.7
89191,4804,144700,695.1
89201,4932,55700,274.7
89211,4936,57300,282.8
89221,4932,55700,274.7
89231,4936,57200,282.3
89241,4900,67100,328.8
89251,4932,56600,279.2
89261,4932,56300,277.7
89271,4936,56600,279.4
89281,4932,56900,280.6
89291,4932,56500,278.7
89301,4936,57300,282.8
89311,4932,55700,274.7
89321,4936,57300,282.8
89331,4932,55700,274.7
89341,4892,57300,280.3
89351,4932,55700,274.7
89361,4936,57300,282.8
89371,4932,55700,274.7
89381,4932,57300,282.6
89391,4932,55600,274.2
89401,4932,57300,282.6
89411,4932,55700,274.7
89421,4932,57300,282.6
89431,4932,56400,278.2
89441,4920,81300,400.0
89451,4932,56400,278.2
89461,4936,56600,279.4
89471,4932,56900,280.6
89481,4936,56400,278.4
89491,4936,57200,282.3
89501,4932,55600,274.2
89511,4936,57300,282.8
89521,4932,55700,274.7
89531,4936,57300,282.8
89541,4924,82400,405.7
89551,4936,57200,282.3
89561,4932,55700,274.7
89571,4936,57300,282.8
89581,4932,55700,274.7
89591,4936,57200,282.3
89601,4932,55700,274.7
89611,4776,176400,842.5
89621,4936,56400,278.4
89631,4932,56700,279.6
89641,4892,62800,307.2
89651,4936,56600,279.4
89661,4932,57000,281.1
89671,4936,56300,277.9
89681,4932,57200,282.1
89691,4932,55700,274.7
89701,4932,57300,282.6
89711,4932,55700,274.7
89721,4816,218300,1051.3
89731,4932,55700,274.7
89741,4896,57400,281.0
89751,4932,55700,274.7
89761,4932,57300,282.6
89771,4932,55700,274.7
89781,4932,57300,282.6
89791,4932,55700,274.7
89801,4932,57200,282.1
89811,4932,56300,277.7
89821,4928,56600,278.9
89831,4932,56400,278.2
89841,4932,85200,420.2
89851,4932,57100,281.6
89861,4932,56200,277.2
89871,4936,57300,282.8
89881,4932,55700,274.7
89891,4936,57300,282.8
89901,4932,55700,274.7
89911,4936,57300,282.8
89921,4932,55700,274.7
89931,4804,142900,686.5
89941,4916,77900,383.0
89951,4932,57300,282.6
89961,4932,55700,274.7
89971,4936,57300,282.8
89981,4932,55700,274.7
89991,4932,57200,282.1
90001,4932,56300,277.7
90011,4932,56600,279.2
90021,4932,56300,277.7
90031,4788,141500,677.5
90041,4888,60800,297.2
90051,4932,56200,277.2
90061,4932,57300,282.6
90071,4932,55700,274.7
90081,4936,57300,282.8
90091,4932,55600,274.2
90101,4932,57300,282.6
90111,4932,55700,274.7
90121,4936,57300,282.8
90131,4932,55700,274.7
90141,4748,214000,1016.1
90151,4932,55700,274.7
90161,4932,57200,282.1
90171,4932,55800,275.2
90181,4932,57300,282.6
90191,4932,56300,277.7
90201,4936,56600,279.4
90211,4932,56300,277.7
90221,4936,56700,279.9
90231,4932,57300,282.6
90241,4932,87500,431.6
90251,4856,57300,278.2
90261,4932,55700,274.7
90271,4936,57300,282.8
90281,4932,55700,274.7
90291,4936,57200,282.3
90301,4932,55700,274.7
90311,4932,57300,282.6
90321,4932,55700,274.7
90331,4936,57300,282.8
90341,4908,72900,357.8
90351,4792,144800,693.9
90361,4932,55800,275.2
90371,4936,57200,282.3
90381,4932,56300,277.7
90391,4932,56600,279.2
90401,4932,56300,277.7
90411,4932,56600,279.2
90421,4932,57300,282.6
90431,4936,55900,275.9
90441,4888,58500,285.9
90451,4932,55700,274.7
90461,4800,141800,680.6
90471,4932,55700,274.7
90481,4932,57300,282.6
90491,4932,55700,274.7
90505,4932,56700,279.6
90511,4932,55700,274.7
90521,4932,57200,282.1
90531,4932,55700,274.7
90541,4908,57300,281.2
90551,4932,56000,276.2
90561,4932,57200,282.1
90571,4812,209700,1009.1
90581,4936,56700,279.9
90591,4932,56300,277.7
90601,4936,56600,279.4
90611,4932,57300,282.6
90621,4932,55800,275.2
90631,4936,57200,282.3
90641,4928,86800,427.8
90651,4932,57300,282.6
90661,4932,55700,274.7
90671,4936,57200,282.3
90681,4812,128900,620.3
90691,4936,57300,282.8
90701,4932,55700,274.7
90711,4936,57300,282.8
90721,4932,55700,274.7
90731,4936,57200,282.3
90741,4900,69300,339.6
90751,4936,57100,281.8
90761,4932,56300,277.7
90771,4932,56600,279.2
90781,4932,59200,292.0
90791,4932,56600,279.2
90801,4932,57300,282.6
90811,4932,55700,274.7
90821,4936,57300,282.8
90831,4932,55600,274.2
90841,4888,57400,280.6
90851,4932,55700,274.7
90861,4932,57300,282.6
90871,4932,55600,274.2
90881,4932,57200,282.1
90891,4796,144400,692.5
90901,4936,57400,283.3
90911,4932,55700,274.7
90921,4936,57300,282.8
90931,4932,56200,277.2
90941,4916,79000,388.4
90951,4932,56300,277.7
90961,4932,56600,279.2
90971,4932,56300,277.7
90981,4932,56600,279.2
90991,4932,60200,296.9
91001,4932,55800,275.2
91011,4932,57300,282.6
91021,4932,55700,274.7
91031,4936,57300,282.8
91041,4924,84700,417.1
91051,4932,57300,282.6
91061,4932,55700,274.7
91071,4936,57300,282.8
91081,4932,55800,275.2
91091,4932,57200,282.1
91101,4808,136500,656.3
91111,4936,57300,282.8
91121,4932,56300,277.7
91131,4932,57100,281.6
91141,4896,64900,317.8
91151,4932,56600,279.2
91161,4932,56300,277.7
91171,4932,56600,279.2
91181,4932,57300,282.6
91191,4932,55700,274.7
91201,4936,57200,282.3
91211,4800,144300,692.6
91221,4932,57300,282.6
91231,4932,55700,274.7
91241,4892,57300,280.3
91251,4932,55700,274.7
91261,4936,57300,282.8
91271,4932,55700,274.7
91281,4936,57300,282.8
91291,4932,55700,274.7
91301,4936,57200,282.3
91311,4932,56300,277.7
91321,4936,142200,701.9
91331,4932,56400,278.2
91341,4924,83000,408.7
91351,4932,56300,277.7
91361,4932,56600,279.2
91371,4936,57300,282.8
91381,4932,55700,274.7
91391,4936,57300,282.8
91401,4932,55600,274.2
91411,4936,57300,282.8
91421,4804,200600,963.7
91431,4936,57300,282.8
91441,4920,81900,402.9
91451,4932,57300,282.6
91461,4932,55700,274.7
91471,4932,57200,282.1
91481,4932,55700,274.7
91491,4932,57300,282.6
91501,4932,56400,278.2
91511,4932,56900,280.6
91521,4800,141700,680.2
91531,4936,56600,279.4
91541,4888,61400,300.1
91551,4932,56600,279.2
91561,4932,57300,282.6
91571,4932,55600,274.2
91581,4932,57200,282.1
91591,4932,55600,274.2
91601,4936,57300,282.8
91611,4932,55700,274.7
91621,4932,57200,282.1
91631,4808,206000,990.4
91641,4892,57400,280.8
91651,4932,55700,274.7
91661,4936,57300,282.8
91671,4932,55700,274.7
91681,4936,57300,282.8
91691,4932,56300,277.7
91701,4932,56800,280.1
91711,4932,56300,277.7
91721,4932,56700,279.6
91731,4720,142800,674.0
91741,4936,86300,426.0
91751,4932,57300,282.6
91761,4932,55700,274.7
91771,4936,57300,282.8
91781,4932,55800,275.2
91791,4932,57200,282.1
91801,4932,55700,274.7
91811,4936,57300,282.8
91821,4932,55700,274.7
91831,4936,60300,297.6
91841,4916,80400,395.2
91851,4932,57300,282.6
91861,4932,55600,274.2
91871,4936,57200,282.3
91881,4932,56400,278.2
91891,4936,56800,280.4
91901,4932,56300,277.7
91911,4936,56600,279.4
91921,4932,56300,277.7
91931,4936,56700,279.9
91941,4764,227500,1083.8
91951,4932,55700,274.7
91961,4936,57300,282.8
91971,4932,55700,274.7
91981,4932,57400,283.1
91991,4932,55700,274.7
92001,4936,57300,282.8
92011,4932,55700,274.7
92021,4932,57300,282.6
92031,4932,55700,274.7
92041,4904,57300,281.0
92051,4804,213300,1024.7
92061,4932,57200,282.1
92071,4932,56400,278.2
92081,4936,56700,279.9
92091,4932,56300,277.7
92101,4932,56700,279.6
92111,4932,56400,278.2
92121,4932,56600,279.2
92131,4936,57300,282.8
92141,4932,87700,432.5
92151,4936,57300,282.8
92161,4700,103000,484.1
92171,4936,57300,282.8
92181,4932,55700,274.7
92191,4936,57200,282.3
92202,4932,55700,274.7
92211,4936,57300,282.8
92221,4932,55600,274.2
92231,4932,57300,282.6
92241,4908,75600,371.0
92251,4936,57300,282.8
92261,4932,56400,278.2
92271,4936,56700,279.9
92281,4932,56300,277.7
92291,4932,56600,279.2
92301,4932,56300,277.7
92311,4932,56600,279.2
92321,4936,57200,282.3
92331,4932,55600,274.2
92341,4884,59100,288.6
92351,4932,55700,274.7
92361,4936,57300,282.8
92371,4804,202700,973.8
92381,4932,57400,283.1
92391,4932,55700,274.7
92401,4932,57300,282.6
92411,4932,55700,274.7
92421,4936,57300,282.8
92431,4932,55700,274.7
92441,4908,74500,365.6
92451,4932,56300,277.7
92461,4932,56600,279.2
92471,4932,56300,277.7
92481,4756,138300,657.8
92491,4932,56300,277.7
92501,4932,56600,279.2
92511,4932,57200,282.1
92521,4932,55700,274.7
92531,4932,57300,282.6
92541,4928,87300,430.2
92551,4936,57200,282.3
92561,4932,55700,274.7
92571,4932,57300,282.6
92581,4804,142800,686.0
92591,4932,57200,282.1
92601,4932,55700,274.7
92611,4936,57300,282.8
92621,4932,55600,274.2
92631,4936,57300,282.8
92641,4904,71900,352.6
92651,4936,56600,279.4
92661,4932,56300,277.7
92671,4932,56600,279.2
92681,4932,56300,277.7
92691,4784,135800,649.7
92701,4932,57300,282.6
92711,4932,55700,274.7
92721,4936,57300,282.8
92731,4932,55700,274.7
92741,4888,57400,280.6
92751,4932,55700,274.7
92761,4936,57300,282.8
92771,4932,55700,274.7
92781,4932,57200,282.1
92791,4812,208700,1004.3
92801,4936,57300,282.8
92811,4932,55700,274.7
92821,4936,57300,282.8
92831,4932,56300,277.7
92841,4912,78200,384.1
92851,4932,56300,277.7
92861,4932,56600,279.2
92871,4932,56300,277.7
92881,4932,56600,279.2
92891,4932,57200,282.1
92901,4672,116800,545.7
92911,4932,57300,282.6
92921,4932,55700,274.7
92931,4932,57300,282.6
92941,4924,85800,422.5
92951,4936,57200,282.3
92961,4932,55700,274.7
92971,4936,57300,282.8
92981,4932,55700,274.7
92991,4936,57200,282.3
93001,4796,194700,933.8
93011,4936,57300,282.8
93021,4932,56400,278.2
93031,4932,56600,279.2
93041,4896,67500,330.5
93051,4932,56600,279.2
93061,4932,56300,277.7
93071,4932,56700,279.6
93081,4932,57300,282.6
93091,4932,55600,274.2
93101,4804,143200,687.9
93111,4932,55700,274.7
93121,4936,57300,282.8
93131,4932,55700,274.7
93141,4892,57300,280.3
93151,4932,55600,274.2
93161,4936,57200,282.3
93171,4932,55700,274.7
93181,4936,57300,282.8
93191,4932,55600,274.2
93201,4932,57300,282.6
93211,4812,166100,799.3
93221,4932,56600,279.2
93231,4932,56400,278.2
93241,4936,82600,407.7
93251,4932,56400,278.2
93261,4932,56600,279.2
93271,4936,57200,282.3
93281,4932,55700,274.7
93291,4932,57200,282.1
93301,4932,55700,274.7
93311,4936,60200,297.1
93321,4932,55600,274.2
93331,4932,57300,282.6
93341,4920,83100,408.9
93351,4936,57200,282.3
93361,4932,55600,274.2
93371,4936,57300,282.8
93381,4932,55800,275.2
93391,4932,57200,282.1
93401,4932,56300,277.7
93411,4932,56500,278.7
93421,4804,139300,669.2
93431,4936,56600,279.4
93441,4888,63000,307.9
93451,4936,56600,279.4
93461,4932,57300,282.6
93471,4932,55700,274.7
93481,4936,57300,282.8
93491,4932,55700,274.7
93501,4936,57300,282.8
93511,4932,55700,274.7
93521,4936,57200,282.3
93531,4740,82500,391.0
93541,4896,57400,281.0
93551,4932,55700,274.7
93561,4936,57200,282.3
93571,4932,55600,274.2
93581,4932,57200,282.1
93591,4932,56300,277.7
93601,4932,56600,279.2
93611,4936,56300,277.9
93621,4932,56600,279.2
93631,4800,140900,676.3
93641,4932,86900,428.6
93651,4932,57300,282.6
93661,4932,55800,275.2
93671,4932,57200,282.1
93681,4932,55700,274.7
93691,4936,57300,282.8
93701,4932,55700,274.7
93711,4936,57300,282.8
93721,4932,55700,274.7
93731,4936,57300,282.8
93741,4792,236500,1133.3
93751,4936,57300,282.8
93761,4932,55600,274.2
93771,4932,57200,282.1
93781,4932,56300,277.7
93791,4932,56600,279.2
93801,4932,56300,277.7
93811,4932,56600,279.2
93821,4932,56400,278.2
93831,4932,56600,279.2
93841,4884,60300,294.5
93851,4804,133200,639.9
93861,4932,57300,282.6
93871,4932,55700,274.7
93881,4932,57300,282.6
93891,4932,55600,274.2
93902,4936,57300,282.8
93911,4932,55700,274.7
93921,4936,57200,282.3
93931,4932,55600,274.2
93941,4904,57400,281.5
93951,4800,142200,682.6
93961,4932,57200,282.1
93971,4932,56300,277.7
93981,4936,56600,279.4
93991,4932,56300,277.7
94001,4936,56600,279.4
94011,4932,56300,277.7
94021,4932,56600,279.2
94031,4932,57300,282.6
94041,4932,87600,432.0
94051,4936,60200,297.1
94061,4932,55700,274.7
94071,4932,57200,282.1
94081,4932,55700,274.7
94091,4936,57200,282.3
94101,4932,55700,274.7
94111,4932,57300,282.6
94121,4932,55700,274.7
94131,4936,57300,282.8
94141,4904,74400,364.9
94151,4932,57300,282.6
94161,4932,56300,277.7
94171,4932,56700,279.6
94181,4932,56400,278.2
94191,4932,56600,279.2
94201,4932,56400,278.2
94211,4936,56600,279.4
94221,4936,57200,282.3
94231,4932,55700,274.7
94241,4884,58800,287.2
94251,4932,55700,274.7
94261,4936,57300,282.8
94271,4808,137900,663.0
94281,4936,57300,282.8
94291,4932,55700,274.7
94301,4932,57300,282.6
94311,4932,55600,274.2
94321,4932,57300,282.6
94331,4932,55700,274.7
94341,4908,75600,371.0
94351,4928,56400,277.9
94361,4936,56600,279.4
94371,4808,137800,662.5
94381,4932,56700,279.6
94391,4932,56300,277.7
94401,4936,56700,279.9
94411,4936,57300,282.8
94421,4932,55700,274.7
94431,4936,57400,283.3
94441,4928,87000,428.7
94451,4936,57300,282.8
94461,4932,55700,274.7
94471,4932,57300,282.6
94481,4808,134100,644.8
94491,4936,57200,282.3
94501,4932,55700,274.7
94511,4936,57200,282.3
94521,4932,55700,274.7
94531,4932,57300,282.6
94541,4900,70800,346.9
94551,4932,56700,279.6
94561,4932,56300,277.7
94571,4932,56600,279.2
94581,4804,137500,660.5
94591,4932,56600,279.2
94601,4936,57300,282.8
94611,4932,55600,274.2
94621,4936,57300,282.8
94631,4932,55700,274.7
94641,4888,57400,280.6
94651,4932,55700,274.7
94661,4936,57200,282.3
94671,4932,55600,274.2
94681,4808,141100,678.4
94691,4932,55700,274.7
94701,4932,57300,282.6
94711,4932,55700,274.7
94721,4932,57300,282.6
94731,4932,56300,277.7
94741,4916,79400,390.3
94751,4936,56300,277.9
94761,4932,56600,279.2
94771,4932,56400,278.2
94781,4932,56600,279.2
94791,4936,57300,282.8
94801,4932,55700,274.7
94811,4936,57300,282.8
94821,4932,55600,274.2
94831,4936,57300,282.8
94841,4924,85300,420.0
94851,4936,57300,282.8
94861,4932,55600,274.2
94871,4932,57300,282.6
94881,4932,55700,274.7
94891,4812,147800,711.2
94901,4932,55700,274.7
94911,4936,57300,282.8
94921,4932,56400,278.2
94931,4936,56600,279.4
94941,4896,66300,324.6
94951,4932,56700,279.6
94961,4932,56500,278.7
94971,4932,56600,279.2
94981,4932,57200,282.1
94991,4932,55700,274.7
95001,4816,219600,1057.6
95011,4932,55600,274.2
95021,4932,57400,283.1
95031,4932,55700,274.7
95041,4892,57400,280.8
95051,4932,55700,274.7
95061,4936,57200,282.3
95071,4932,55700,274.7
95081,4932,57300,282.6
95091,4932,55600,274.2
95101,4804,59200,284.4
95111,4932,56400,278.2
95121,4932,56700,279.6
95131,4932,56300,277.7
95141,4936,83800,413.6
95151,4932,56600,279.2
95161,4932,56700,279.6
95171,4936,57300,282.8
95181,4932,55700,274.7
95191,4936,57200,282.3
95201,4932,55700,274.7
95211,4816,216600,1043.1
95221,4932,55600,274.2
95231,4936,57300,282.8
95241,4916,82500,405.6
95251,4932,57300,282.6
95261,4932,55600,274.2
95271,4936,57300,282.8
95281,4932,55600,274.2
95291,4936,57200,282.3
95301,4932,56400,278.2
95311,4792,63200,302.9
95321,4932,56400,278.2
95331,4932,56700,279.6
95341,4888,62400,305.0
95351,4932,56600,279.2
95361,4936,57300,282.8
95371,4932,55600,274.2
95381,4936,57200,282.3
95391,4932,55700,274.7
95401,4932,57300,282.6
95411,4932,55600,274.2
95421,4808,137200,659.7
95431,4932,55700,274.7
95441,4896,57400,281.0
95451,4932,55700,274.7
95461,4936,57200,282.3
95471,4932,55600,274.2
95481,4932,57300,282.6
95491,4936,56300,277.9
95501,4936,56700,279.9
95511,4932,56400,278.2
95521,4932,56600,279.2
95531,4740,155000,734.7
95541,4932,87500,431.6
95551,4936,57300,282.8
95561,4932,55800,275.2
95571,4936,57200,282.3
95581,4932,55700,274.7
95591,4936,57200,282.3
95602,4932,55700,274.7
95611,4936,57200,282.3
95621,4932,55700,274.7
95631,4800,143600,689.3
95641,4912,78200,384.1
95651,4932,57300,282.6
95661,4932,55700,274.7
95671,4932,57200,282.1
95681,4932,56400,278.2
95691,4932,56600,279.2
95701,4932,56300,277.7
95711,4932,56600,279.2
95721,4932,56700,279.6
95731,4932,56500,278.7
95741,4756,166100,790.0
95751,4932,55700,274.7
95761,4936,57200,282.3
95771,4932,55700,274.7
95781,4932,57300,282.6
95791,4932,55700,274.7
95801,4936,57200,282.3
95811,4936,55700,274.9
95821,4936,57200,282.3
95831,4932,55700,274.7
95841,4904,72200,354.1
95851,4780,66000,315.5
95861,4932,57300,282.6
95871,4932,56300,277.7
95881,4932,56600,279.2
95891,4932,56300,277.7
95901,4932,56600,279.2
95911,4932,56800,280.1
95921,4932,56500,278.7
95931,4936,57300,282.8
95941,4932,87500,431.6
95951,4812,219900,1058.2
95961,4932,55700,274.7
95971,4932,57300,282.6
95981,4932,55700,274.7
95991,4932,57200,282.1
96001,4932,55700,274.7
96011,4936,57300,282.8
96021,4932,55700,274.7
96031,4936,57300,282.8
96041,4904,73300,359.5
96051,4716,141300,666.4
96061,4932,56400,278.2
96071,4932,56700,279.6
96081,4932,56300,277.7
96091,4932,56600,279.2
96101,4932,56800,280.1
96111,4932,56500,278.7
96121,4932,57300,282.6
96131,4932,55800,275.2
96141,4884,57500,280.8
96151,4932,55700,274.7
96161,4936,57200,282.3
96171,4932,55700,274.7
96181,4932,57300,282.6
96191,4932,55700,274.7
96201,4932,57300,282.6
96211,4932,55700,274.7
96221,4936,57300,282.8
96231,4932,55700,274.7
96241,4908,76400,375.0
96251,4932,56300,277.7
96261,4932,56700,279.6
96271,4932,56300,277.7
96281,4932,56600,279.2
96291,4932,56800,280.1
96301,4936,56500,278.9
96311,4932,57200,282.1
96321,4932,55700,274.7
96331,4936,57300,282.8
96341,4928,87200,429.7
96351,4936,57300,282.8
96361,4804,143400,688.9
96371,4936,57300,282.8
96381,4932,55600,274.2
96391,4936,57300,282.8
96401,4932,55700,274.7
96411,4936,57200,282.3
96421,4932,55600,274.2
96431,4932,57300,282.6
96441,4900,69900,342.5
96451,4932,56700,279.6
96461,4932,56300,277.7
96471,4816,134200,646.3
96481,4932,56800,280.1
96491,4936,56400,278.4
96501,4932,57300,282.6
96511,4932,55700,274.7
96521,4936,57200,282.3
96531,4932,55600,274.2
96541,4892,57300,280.3
96551,4932,55700,274.7
96561,4932,57300,282.6
96571,4932,55700,274.7
96581,4816,219500,1057.1
96591,4932,55600,274.2
96601,4936,57300,282.8
96611,4932,55700,274.7
96621,4932,57300,282.6
96631,4932,56400,278.2
96641,4916,80100,393.8
96651,4932,56400,278.2
96661,4932,56700,279.6
96671,4932,57000,281.1
96681,4928,73700,363.2
96691,4936,57200,282.3
96701,4932,55700,274.7
96711,4936,57300,282.8
96721,4932,55700,274.7
96731,4932,57300,282.6
96741,4920,84600,416.2
96751,4932,57300,282.6
96761,4932,55600,274.2
96771,4932,57300,282.6
96781,4928,123800,610.1
96791,4936,57200,282.3
96801,4932,55600,274.2
96811,4932,57300,282.6
96821,4932,56300,277.7
96831,4932,56600,279.2
96841,4892,65600,320.9
96851,4932,56600,279.2
96861,4932,57000,281.1
96871,4932,56300,277.7
96881,4936,57200,282.3
96891,4680,125300,586.4
96901,4936,57300,282.8
96911,4932,55700,274.7
96921,4936,57300,282.8
96931,4932,55700,274.7
96941,4892,57300,280.3
96951,4932,55700,274.7
96961,4936,57200,282.3
96971,4932,55700,274.7
96981,4936,57300,282.8
96991,4816,209500,1009.0
97001,4932,57300,282.6
97011,4936,56400,278.4
97021,4936,56600,279.4
97031,4932,56300,277.7
97041,4932,84600,417.2
97051,4932,57000,281.1
97061,4936,56200,277.4
97071,4936,57200,282.3
97081,4932,55700,274.7
97091,4796,143500,688.2
97101,4932,55700,274.7
97111,4932,57200,282.1
97121,4932,55600,274.2
97131,4936,57300,282.8
97141,4920,81800,402.5
97151,4936,57300,282.8
97161,4932,55700,274.7
97171,4936,57300,282.8
97181,4932,55700,274.7
97191,4932,57200,282.1
97201,4800,140400,673.9
97211,4936,56700,279.9
97221,4932,56300,277.7
97231,4932,56600,279.2
97241,4888,62500,305.5
97251,4932,56300,277.7
97261,4936,57300,282.8
97271,4932,55600,274.2
97281,4936,57300,282.8
97291,4932,55700,274.7
97302,4936,57300,282.8
97311,4700,102000,479.4
97321,4936,57300,282.8
97331,4932,55700,274.7
97341,4900,57300,280.8
97351,4932,55700,274.7
97361,4936,57300,282.8
97371,4932,55700,274.7
97381,4936,57300,282.8
97391,4932,56200,277.2
97401,4932,56600,279.2
97411,4936,56300,277.9
97421,4932,56600,279.2
97431,4932,57100,281.6
97441,4936,87700,432.9
97451,4932,57300,282.6
97461,4932,55700,274.7
97471,4932,57200,282.1
97481,4932,55700,274.7
97491,4932,57300,282.6
97501,4932,55600,274.2
97511,4936,57200,282.3
97521,4800,143500,688.8
97531,4936,57300,282.8
97541,4912,77300,379.7
97551,4936,57300,282.8
97561,4932,55700,274.7
97571,4936,57300,282.8
97581,4932,56300,277.7
97591,4932,56600,279.2
97601,4932,56300,277.7
97611,4932,56600,279.2
97621,4932,57200,282.1
97631,4804,183000,879.1
97641,4884,60000,293.0
97651,4932,55700,274.7
97661,4936,57200,282.3
97671,4932,55700,274.7
97681,4936,57300,282.8
97691,4932,55600,274.2
97701,4936,57300,282.8
97711,4932,55700,274.7
97721,4936,57300,282.8
97731,4932,55700,274.7
97741,4904,72900,357.5
97751,4932,55800,275.2
97761,4932,57300,282.6
97771,4932,56300,277.7
97781,4932,56600,279.2
97791,4932,56300,277.7
97801,4932,56600,279.2
97811,4932,57200,282.1
97821,4932,56000,276.2
97831,4932,57300,282.6
97841,4780,173600,829.8
97851,4936,57300,282.8
97861,4932,55700,274.7
97871,4932,57300,282.6
97881,4932,55700,274.7
97891,4932,57200,282.1
97901,4932,55700,274.7
97911,4936,57300,282.8
97921,4932,55600,274.2
97931,4936,57300,282.8
97941,4904,72300,354.6
97951,4932,57300,282.6
97961,4932,56300,277.7
97971,4932,56600,279.2
97981,4932,56300,277.7
97991,4932,56600,279.2
98001,4932,57300,282.6
98011,4932,55900,275.7
98021,4932,57300,282.6
98031,4932,55700,274.7
98041,4888,57300,280.1
98051,4812,136400,656.4
98061,4936,57300,282.8
98071,4932,55700,274.7
98081,4932,57300,282.6
98091,4932,55700,274.7
98101,4936,57300,282.8
98111,4932,55600,274.2
98121,4936,57300,282.8
98131,4932,55900,275.7
98141,4912,77500,380.7
98151,4932,56300,277.7
98161,4680,146200,684.2
98171,4936,56400,278.4
98181,4932,56700,279.6
98191,4932,57300,282.6
98201,4932,55900,275.7
98211,4936,57300,282.8
98221,4932,55700,274.7
98231,4936,57200,282.3
98241,4924,86800,427.4
98251,4936,57300,282.8
98261,4820,132000,636.2
98271,4936,57300,282.8
98281,4932,55700,274.7
98291,4936,57300,282.8
98301,4932,55700,274.7
98311,4932,57200,282.1
98321,4932,55900,275.7
98331,4932,57200,282.1
98341,4900,68800,337.1
98351,4932,56600,279.2
98361,4796,140400,673.4
98371,4932,56700,279.6
98381,4932,57300,282.6
98391,4932,55900,275.7
98401,4932,57300,282.6
98411,4932,55700,274.7
98421,4936,57300,282.8
98431,4932,55700,274.7
98441,4888,57400,280.6
98451,4932,55700,274.7
98461,4864,154900,753.4
98471,4932,55600,274.2
98481,4932,57300,282.6
98491,4932,55700,274.7
98501,4936,57300,282.8
98511,4932,55900,275.7
98521,4932,57200,282.1
98531,4932,56400,278.2
98541,4932,81300,401.0
98551,4932,56400,278.2
98561,4932,56600,279.2
98571,4756,165800,788.5
98581,4932,55900,275.7
98591,4936,57300,282.8
98601,4932,55700,274.7
98611,4936,57200,282.3
98621,4932,55600,274.2
98631,4936,57300,282.8
98641,4920,84100,413.8
98651,4932,57300,282.6
98661,4932,55600,274.2
98671,4804,143300,688.4
98681,4932,55700,274.7
98691,4936,57300,282.8
98701,4932,56000,276.2
98711,4932,57200,282.1
98721,4932,56300,277.7
98731,4932,56700,279.6
98741,4892,64600,316.0
98751,4932,56600,279.2
98761,4932,57300,282.6
98771,4932,55700,274.7
98781,4820,214400,1033.4
98791,4932,55700,274.7
98801,4932,57300,282.6
98811,4932,55700,274.7
98821,4936,57300,282.8
98831,4932,55700,274.7
98841,4896,57400,281.0
98851,4932,55700,274.7
98861,4936,57200,282.3
98871,4932,55600,274.2
98881,4832,58600,283.2
98891,4932,56000,276.2
98901,4932,57200,282.1
98911,4932,56300,277.7
98921,4936,56600,279.4
98931,4932,56300,277.7
98941,4932,85700,422.7
98951,4936,57300,282.8
98961,4932,55800,275.2
98971,4932,57300,282.6
98981,4928,76100,375.0
98991,4936,57300,282.8
99002,4932,55800,275.2
99011,4936,57200,282.3
99021,4932,55700,274.7
99031,4936,57300,282.8
99041,4916,80900,397.7
99051,4932,57200,282.1
99061,4932,55700,274.7
99071,4932,57200,282.1
99081,4932,56200,277.2
99091,4804,142000,682.2
99101,4932,56400,278.2
99111,4932,56600,279.2
99121,4932,56300,277.7
99131,4932,56600,279.2
99141,4888,62100,303.5
99151,4932,55700,274.7
99161,4936,57300,282.8
99171,4932,55600,274.2
99181,4936,57300,282.8
99191,4932,55600,274.2
99201,4936,57300,282.8
99211,4932,55700,274.7
99221,4932,57200,282.1
99231,4932,55700,274.7
99241,4900,57400,281.3
99251,4932,55800,275.2
99261,4936,57300,282.8
99271,4932,56200,277.2
99281,4932,57100,281.6
99291,4932,56300,277.7
99301,4928,58900,290.3
99311,4932,56400,278.2
99321,4932,56600,279.2
99331,4932,57300,282.6
99341,4932,87900,433.5
99351,4936,57300,282.8
99361,4932,55700,274.7
99371,4932,57300,282.6
99381,4932,55700,274.7
99391,4936,57200,282.3
99401,4932,55700,274.7
99411,4772,180900,863.3
99421,4932,55600,274.2
99431,4932,57300,282.6
99441,4908,76500,375.5
99451,4936,57300,282.8
99461,4932,56200,277.2
99471,4932,57100,281.6
99481,4932,56300,277.7
99491,4932,56700,279.6
99501,4936,56300,277.9
99511,4804,144000,691.8
99521,4932,57300,282.6
99531,4932,55700,274.7
99541,4884,59600,291.1
99551,4932,55700,274.7
99561,4936,57300,282.8
99571,4932,55600,274.2
99581,4936,57200,282.3
99591,4932,55700,274.7
99601,4936,57300,282.8
99611,4796,140500,673.8
99621,4932,57300,282.6
99631,4932,55700,274.7
99641,4908,73600,361.2
99651,4932,56200,277.2
99661,4932,57100,281.6
99671,4932,56300,277.7
99681,4932,56600,279.2
99691,4932,56400,278.2
99701,4936,56700,279.9
99711,4932,57300,282.6
99721,4780,140900,673.5
99731,4936,57300,282.8
99741,4932,87200,430.1
99751,4932,57300,282.6
99761,4932,55600,274.2
99771,4936,57300,282.8
99781,4932,55700,274.7
99791,4936,57200,282.3
99801,4932,55600,274.2
99811,4936,57300,282.8
99821,4928,115200,567.7
99831,4936,57200,282.3
99841,4904,72700,356.5
99851,4932,57100,281.6
99861,4932,56300,277.7
99871,4932,56700,279.6
99881,4932,56300,277.7
99891,4936,56600,279.4
99901,4932,57300,282.6
99911,4936,55600,274.4
99921,4936,57200,282.3
99931,4928,74600,367.6
99941,4888,57300,280.1
99951,4932,55700,274.7
99961,4936,57300,282.8
99971,4932,55700,274.7
99981,4932,57300,282.6
99991,4932,55600,274.2
100001,4936,57200,282.3
100011,4932,55700,274.7
100021,4936,57300,282.8
100031,4932,56300,277.7
100041,4776,159500,761.8
100051,4932,56300,277.7
100061,4932,56700,279.6
100071,4932,56300,277.7
100081,4932,56600,279.2
100091,4932,57300,282.6
100101,4932,55700,274.7
100111,4936,57200,282.3
100121,4932,55600,274.2
100131,4932,57300,282.6
100141,4924,85700,422.0
100151,4756,220900,1050.6
100161,4932,55700,274.7
100171,4936,57300,282.8
100181,4932,55700,274.7
100191,4936,57300,282.8
100201,4932,55700,274.7
100211,4936,57200,282.3
100221,4932,56300,277.7
100231,4932,56900,280.6
100241,4896,68100,333.4
100251,4932,56600,279.2
100261,4748,159200,755.9
100271,4932,56600,279.2
100281,4932,57300,282.6
100291,4932,55700,274.7
100301,4936,57300,282.8
100311,4932,55700,274.7
100321,4936,57300,282.8
100331,4932,55700,274.7
100341,4888,57300,280.1
100351,4932,55700,274.7
100361,4932,60300,297.4
100371,4932,55700,274.7
100381,4936,57400,283.3
100391,4932,55700,274.7
100401,4932,57200,282.1
100411,4932,56300,277.7
100421,4932,57000,281.1
100431,4932,56300,277.7
100441,4932,81800,403.4
100451,4932,56400,278.2
100461,4932,56700,279.6
100471,4796,143200,686.8
100481,4932,55700,274.7
100491,4932,57300,282.6
100501,4932,55700,274.7
100511,4936,57300,282.8
100521,4932,55600,274.2
100531,4936,57300,282.8
100541,4920,83800,412.3
100551,4936,57200,282.3
100561,4932,55700,274.7
100571,4804,142300,683.6
100581,4932,55700,274.7
100591,4936,57300,282.8
100601,4932,56300,277.7
100611,4932,56900,280.6
100621,4932,56300,277.7
100631,4932,56700,279.6
100641,4892,63900,312.6
100651,4932,56600,279.2
100661,4932,57200,282.1
100671,4932,55600,274.2
100682,4768,72000,343.3
100691,4932,55700,274.7
100701,4932,57300,282.6
100711,4932,55600,274.2
100721,4936,57300,282.8
100731,4932,55700,274.7
100741,4896,57400,281.0
100751,4932,55700,274.7
100761,4932,57200,282.1
100771,4932,55600,274.2
100781,4700,137300,645.3
100791,4932,56300,277.7
100801,4932,56900,280.6
100811,4936,56400,278.4
100821,4932,56600,279.2
100831,4932,56300,277.7
100841,4932,86200,425.1
100851,4932,57200,282.1
100861,4932,55600,274.2
100871,4932,57200,282.1
100881,4932,55700,274.7
100891,4828,215900,1042.4
100901,4932,55700,274.7
100911,4936,57300,282.8
100921,4932,55700,274.7
100931,4932,57200,282.1
100941,4916,80300,394.8
100951,4936,57300,282.8
100961,4932,55700,274.7
100971,4936,57300,282.8
100981,4932,56400,278.2
100991,4932,56800,280.1
101001,4932,56400,278.2
101011,4932,56600,279.2
101021,4932,56300,277.7
101031,4932,56700,279.6
101041,4884,61900,302.3
101051,4932,55600,274.2
101061,4932,57200,282.1
101071,4932,55700,274.7
101081,4936,57300,282.8
101091,4932,55700,274.7
101101,4812,219900,1058.2
101111,4932,55600,274.2
101121,4936,57300,282.8
101131,4932,55700,274.7
101141,4900,57400,281.3
101151,4932,55600,274.2
101161,4936,57300,282.8
101171,4932,56400,278.2
101181,4932,56800,280.1
101191,4932,56300,277.7
101201,4800,138500,664.8
101211,4932,56300,277.7
101221,4932,56600,279.2
101231,4932,57200,282.1
101241,4932,87700,432.5
101251,4936,57300,282.8
101261,4932,55600,274.2
101271,4932,57200,282.1
101281,4932,55600,274.2
101291,4936,57300,282.8
101301,4800,209200,1004.2
101311,4932,57200,282.1
101321,4932,55700,274.7
101331,4936,57200,282.3
101341,4908,75900,372.5
101351,4936,57200,282.3
101361,4932,56400,278.2
101371,4932,56900,280.6
101381,4932,56300,277.7
101391,4932,56600,279.2
101401,4932,56300,277.7
101411,4796,159400,764.5
101421,4932,57200,282.1
101431,4932,55600,274.2
101441,4884,59500,290.6
101451,4932,55700,274.7
101461,4932,57300,282.6
101471,4932,55700,274.7
101481,4936,57200,282.3
101491,4932,55600,274.2
101501,4936,57300,282.8
101511,4804,142700,685.5
101521,4936,57300,282.8
101531,4932,55700,274.7
101541,4904,74200,363.9
101551,4932,56400,278.2
101561,4932,56800,280.1
101571,4932,56300,277.7
101581,4932,56600,279.2
101591,4932,56300,277.7
101601,4932,56600,279.2
101611,4808,137200,659.7
101621,4932,55600,274.2
101631,4936,57300,282.8
101641,4928,87000,428.7
101651,4936,57300,282.8
101661,4932,55700,274.7
101671,4932,57300,282.6
101681,4932,55600,274.2
101691,4936,57300,282.8
101701,4932,55600,274.2
101711,4936,57300,282.8
101721,4932,55700,274.7
101731,4936,57200,282.3
101741,4904,72300,354.6
101751,4936,56900,280.9
101761,4932,56300,277.7
101771,4932,56700,279.6
101781,4932,56400,278.2
101791,4936,56600,279.4
101801,4932,57300,282.6
101811,4932,55700,274.7
101821,4752,166400,790.7
101831,4932,55700,274.7
101841,4884,57300,279.9
101851,4932,55700,274.7
101861,4936,57300,282.8
101871,4932,55700,274.7
101881,4936,57300,282.8
101891,4932,55700,274.7
101901,4932,57300,282.6
101911,4932,55700,274.7
101921,4936,57200,282.3
101931,4744,81200,385.2
101941,4912,78000,383.1
101951,4932,56300,277.7
101961,4932,56600,279.2
101971,4936,56400,278.4
101981,4932,56600,279.2
101991,4932,57200,282.1
102001,4932,55700,274.7
102011,4936,57300,282.8
102021,4932,55600,274.2
102031,4728,147700,698.3
102041,4924,86300,424.9
102051,4936,57300,282.8
102061,4932,55700,274.7
102071,4936,57200,282.3
102081,4932,55700,274.7
102091,4936,57200,282.3
102101,4932,55800,275.2
102111,4936,57300,282.8
102121,4932,56400,278.2
102131,4936,56700,279.9
102141,4772,156400,746.3
102151,4932,56600,279.2
102161,4936,56400,278.4
102171,4932,56700,279.6
102181,4932,57200,282.1
102191,4932,55700,274.7
102201,4932,57300,282.6
102211,4932,55700,274.7
102221,4936,57200,282.3
102231,4932,55600,274.2
102241,4892,57300,280.3
102251,4932,55700,274.7
102261,4936,57300,282.8
102271,4932,55700,274.7
102281,4932,57200,282.1
102291,4932,55700,274.7
102301,4936,57300,282.8
102312,4936,56300,277.9
102321,4932,56700,279.6
102331,4932,56300,277.7
102341,4936,82300,406.2
102351,4808,147400,708.7
102361,4932,56600,279.2
102371,4932,57300,282.6
102381,4932,55600,274.2
102391,4936,57200,282.3
102401,4932,55700,274.7
102411,4932,57300,282.6
102421,4932,55700,274.7
102431,4936,57300,282.8
102441,4920,83300,409.8
102451,4696,131000,615.2
102461,4932,55700,274.7
102471,4932,57300,282.6
102481,4932,55600,274.2
102491,4936,57300,282.8
102501,4932,56400,278.2
102511,4932,56800,280.1
102521,4932,56300,277.7
102531,4932,56600,279.2
102541,4892,63200,309.2
102551,4932,56700,279.6
102561,4808,165500,795.7
102571,4932,55600,274.2
102581,4936,57300,282.8
102591,4932,55700,274.7
102601,4932,57300,282.6
102611,4932,55700,274.7
102621,4936,57300,282.8
102631,4932,55700,274.7
102641,4892,57300,280.3
102651,4932,55700,274.7
102661,4772,136900,653.3
102671,4932,55700,274.7
102681,4932,57300,282.6
102691,4932,56300,277.7
102701,4932,56800,280.1
102711,4932,56300,277.7
102721,4932,56600,279.2
102731,4932,56300,277.7
102741,4932,86500,426.6
102751,4932,57200,282.1
102761,4800,145100,696.5
102771,4936,57300,282.8
102781,4932,55700,274.7
102791,4936,57200,282.3
102801,4932,55700,274.7
102811,4936,57200,282.3
102821,4932,55600,274.2
102831,4936,57300,282.8
102841,4916,80200,394.3
102851,4936,57300,282.8
102861,4928,104400,514.5
102871,4932,57300,282.6
102881,4932,56300,277.7
102891,4932,56800,280.1
102901,4936,56300,277.9
102911,4932,56600,279.2
102921,4932,56400,278.2
102931,4932,56700,279.6
102941,4884,61600,300.9
102951,4932,55700,274.7
102961,4932,57300,282.6
102971,4784,139800,668.8
102981,4932,57300,282.6
102991,4932,55700,274.7
103001,4936,57300,282.8
103011,4932,55700,274.7
103021,4936,57300,282.8
103031,4932,55600,274.2
103041,4900,69900,342.5
103051,4932,55700,274.7
103061,4932,57200,282.1
103071,4928,115700,570.2
103081,4932,56800,280.1
103091,4932,56300,277.7
103101,4932,56700,279.6
103111,4932,56300,277.7
103121,4932,56700,279.6
103131,4932,57200,282.1
103141,4932,87600,432.0
103151,4936,57300,282.8
103161,4932,55700,274.7
103171,4932,57200,282.1
103181,4780,141500,676.4
103191,4936,57300,282.8
103201,4932,55700,274.7
103211,4932,57300,282.6
103221,4932,55700,274.7
103231,4936,57300,282.8
103241,4908,75900,372.5
103251,4932,57300,282.6
103261,4932,56300,277.7
103271,4932,56700,279.6
103281,4932,56300,277.7
103291,4692,134700,632.0
103301,4932,56400,278.2
103311,4932,56600,279.2
103321,4932,57300,282.6
103331,4932,55700,274.7
103341,4884,59500,290.6
103351,4932,55700,274.7
103361,4936,57200,282.3
103371,4932,55700,274.7
103381,4936,57200,282.3
103391,4800,205600,986.9
103401,4936,57300,282.8
103411,4932,55700,274.7
103421,4936,57300,282.8
103431,4932,55700,274.7
103441,4908,74200,364.2
103451,4932,56400,278.2
103461,4932,56700,279.6
103471,4932,56300,277.7
103481,4932,56600,279.2
103491,4932,56300,277.7
103501,4936,56600,279.4
103511,4932,57200,282.1
103521,4932,55700,274.7
103531,4936,57300,282.8
103541,4928,87100,429.2
103551,4936,57300,282.8
103561,4932,55600,274.2
103571,4936,57200,282.3
103581,4932,55700,274.7
103591,4936,57200,282.3
103601,4800,143400,688.3
103611,4936,57300,282.8
103621,4932,55700,274.7
103631,4932,57300,282.6
103641,4904,72400,355.0
103651,4932,56800,280.1
103661,4932,56300,277.7
103671,4932,56700,279.6
103681,4936,56300,277.9
103691,4932,56600,279.2
103701,4804,142400,684.1
103711,4932,55700,274.7
103721,4932,57200,282.1
103731,4932,55700,274.7
103741,4888,57400,280.6
103751,4932,55700,274.7
103761,4936,57200,282.3
103771,4932,55700,274.7
103781,4936,57300,282.8
103791,4932,55600,274.2
103801,4932,57300,282.6
103811,4796,140500,673.8
103821,4932,57300,282.6
103831,4928,56300,277.4
103841,4912,77900,382.6
103851,4932,56400,278.2
103861,4932,56600,279.2
103871,4932,56300,277.7
103881,4932,56600,279.2
103891,4932,57200,282.1
103901,4932,55600,274.2
103911,4932,57300,282.6
103921,4816,133400,642.5
103931,4936,57300,282.8
103942,4932,55800,275.2
103951,4932,57300,282.6
103961,4932,55600,274.2
103971,4932,57200,282.1
103981,4932,55700,274.7
103991,4936,57300,282.8
104001,4932,55700,274.7
104011,4936,57300,282.8
104021,4932,56400,278.2
104031,4816,136700,658.3
104041,4896,68100,333.4
104051,4932,56700,279.6
104061,4932,56300,277.7
104071,4932,56600,279.2
104081,4932,57300,282.6
104091,4936,55700,274.9
104101,4936,57300,282.8
104111,4932,55700,274.7
104121,4936,57300,282.8
104131,4760,136100,647.8
104141,4888,57300,280.1
104151,4932,55700,274.7
104161,4936,57200,282.3
104171,4932,55600,274.2
104181,4936,57200,282.3
104191,4932,55600,274.2
104201,4936,57200,282.3
104211,4932,56400,278.2
104221,4932,56700,279.6
104231,4932,123600,609.6
104241,4932,81900,403.9
104251,4932,56400,278.2
104261,4932,56600,279.2
104271,4932,57300,282.6
104281,4932,55700,274.7
104291,4936,57300,282.8
104301,4932,55700,274.7
104311,4936,57200,282.3
104321,4932,55700,274.7
104331,4936,57200,282.3
104341,4796,162400,778.9
104351,4936,57300,282.8
104361,4932,55600,274.2
104371,4932,57300,282.6
104381,4932,55700,274.7
104391,4936,57300,282.8
104401,4932,56400,278.2
104411,4932,56700,279.6
104421,4932,56300,277.7
104431,4932,56600,279.2
104441,4892,62800,307.2
104451,4696,153500,720.8
104461,4932,57300,282.6
104471,4932,55700,274.7
104481,4936,57300,282.8
104491,4932,55700,274.7
104501,4936,57300,282.8
104511,4932,55600,274.2
104521,4932,57300,282.6
104531,4932,55700,274.7
104541,4896,57400,281.0
104551,4932,55600,274.2
104561,4856,215800,1047.9
104571,4932,55700,274.7
104581,4936,57300,282.8
104591,4932,56400,278.2
104601,4932,56700,279.6
104611,4932,56300,277.7
104621,4932,56600,279.2
104631,4932,56300,277.7
104641,4932,86500,426.6
104651,4932,57300,282.6
104661,4928,59500,293.2
104671,4936,57200,282.3
104681,4932,55600,274.2
104691,4936,57200,282.3
104701,4932,55600,274.2
104711,4936,57200,282.3
104721,4932,55600,274.2
104731,4936,57200,282.3
104741,4916,80000,393.3
104751,4936,57300,282.8
104761,4932,55600,274.2
104771,4816,131600,633.8
104781,4932,56400,278.2
104791,4932,56700,279.6
104801,4932,56300,277.7
104811,4932,56600,279.2
104821,4932,56300,277.7
104831,4932,56700,279.6
104841,4884,61900,302.3
104851,4932,55700,274.7
104861,4936,57300,282.8
104871,4772,142600,680.5
104881,4936,57200,282.3
104891,4932,55600,274.2
104901,4936,57300,282.8
104911,4932,55700,274.7
104921,4936,57300,282.8
104931,4932,55700,274.7
104941,4900,70200,344.0
104951,4932,55700,274.7
104961,4936,57200,282.3
104971,4932,56400,278.2
104981,4800,140300,673.4
104991,4932,56300,277.7
105001,4936,56600,279.4
105011,4932,56300,277.7
105021,4932,56600,279.2
105031,4932,57300,282.6
105041,4932,87600,432.0
105051,4936,57300,282.8
105061,4932,55600,274.2
105071,4932,57200,282.1
105081,4932,55600,274.2
105091,4936,57300,282.8
105101,4932,55700,274.7
105111,4932,57200,282.1
105121,4932,55800,275.2
105131,4936,57200,282.3
105141,4908,75700,371.5
105151,4932,57300,282.6
105161,4932,56300,277.7
105171,4932,56700,279.6
105181,4932,56300,277.7
105191,4768,135900,648.0
105201,4932,56300,277.7
105211,4932,56600,279.2
105221,4932,57300,282.6
105231,4932,55600,274.2
105241,4884,59500,290.6
105251,4932,55600,274.2
105261,4936,57200,282.3
105271,4932,55700,274.7
105281,4936,57200,282.3
105291,4800,144800,695.0
105301,4936,57200,282.3
105311,4932,55700,274.7
105321,4936,57200,282.3
105331,4932,55700,274.7
105341,4908,74400,365.2
105351,4932,56400,278.2
105361,4932,56600,279.2
105371,4932,56300,277.7
105381,4932,56600,279.2
105391,4932,56200,277.2
105401,4708,157700,742.5
105411,4932,57200,282.1
105421,4932,55600,274.2
105431,4932,57200,282.1
105441,4928,87100,429.2
105451,4936,57300,282.8
105461,4932,55700,274.7
105471,4936,57400,283.3
105481,4932,55700,274.7
105491,4936,57200,282.3
105501,4800,137400,659.5
105511,4936,57300,282.8
105521,4932,55700,274.7
105531,4932,57300,282.6
105541,4904,72200,354.1
105551,4932,56700,279.6
105561,4932,56300,277.7
105571,4932,56600,279.2
105582,4936,57200,282.3
105591,4932,56600,279.2
105601,4804,200300,962.2
105611,4932,55600,274.2
105621,4932,57200,282.1
105631,4932,55600,274.2
105641,4888,57200,279.6
105651,4932,55700,274.7
105661,4936,57200,282.3
105671,4932,55700,274.7
105681,4932,57200,282.1
105691,4932,55700,274.7
105701,4932,57200,282.1
105711,4808,151500,728.4
105721,4936,57200,282.3
105731,4932,56400,278.2
105741,4912,78000,383.1
105751,4932,56300,277.7
105761,4936,56600,279.4
105771,4932,56300,277.7
105781,4932,56600,279.2
105791,4936,57200,282.3
105801,4932,55700,274.7
105811,4804,142200,683.1
105821,4932,55600,274.2
105831,4936,57200,282.3
105841,4924,86200,424.4
105851,4936,57300,282.8
105861,4932,55600,274.2
105871,4936,57200,282.3
105881,4932,55700,274.7
105891,4936,57300,282.8
105901,4928,55700,274.5
105911,4932,57200,282.1
105921,4712,97500,459.4
105931,4936,56700,279.9
105941,4896,68000,332.9
105951,4932,56700,279.6
105961,4932,56300,277.7
105971,4932,56600,279.2
105981,4936,57200,282.3
105991,4932,55700,274.7
106001,4932,57300,282.6
106011,4932,55600,274.2
106021,4760,170100,809.7
106031,4932,55600,274.2
106041,4892,57300,280.3
106051,4932,55700,274.7
106061,4936,57200,282.3
106071,4932,55700,274.7
106081,4936,57200,282.3
106091,4932,55700,274.7
106101,4932,57300,282.6
106111,4932,56300,277.7
106121,4804,140700,675.9
106131,4936,56400,278.4
106141,4932,82100,404.9
106151,4932,56300,277.7
106161,4932,56600,279.2
106171,4932,57200,282.1
106181,4932,55600,274.2
106191,4936,57300,282.8
106201,4932,55600,274.2
106211,4936,57200,282.3
106221,4932,55600,274.2
106231,4812,213600,1027.8
106241,4920,83700,411.8
106251,4932,57300,282.6
106261,4932,55600,274.2
106271,4932,57300,282.6
106281,4932,55600,274.2
106291,4932,57200,282.1
106301,4932,56400,278.2
106311,4936,56700,279.9
106321,4932,56400,278.2
106331,4788,142900,684.2
106341,4892,63700,311.6
106351,4932,56600,279.2
106361,4932,57200,282.1
106371,4932,55700,274.7
106381,4932,57300,282.6
106391,4932,55600,274.2
106401,4932,57200,282.1
106411,4932,55600,274.2
106421,4932,57300,282.6
106431,4932,55700,274.7
106441,4756,158300,752.9
106451,4932,55700,274.7
106461,4932,57200,282.1
106471,4932,55700,274.7
106481,4932,57200,282.1
106491,4932,56300,277.7
106501,4936,56700,279.9
106511,4932,56300,277.7
106521,4932,56600,279.2
106531,4932,56300,277.7
106541,4932,86400,426.1
106551,4812,215100,1035.1
106561,4932,55700,274.7
106571,4936,57200,282.3
106581,4932,55600,274.2
106591,4932,57300,282.6
106601,4932,55700,274.7
106611,4936,57300,282.8
106621,4932,55700,274.7
106631,4932,57300,282.6
106641,4916,79900,392.8
106651,4808,135300,650.5
106661,4932,55600,274.2
106671,4936,57200,282.3
106681,4932,56400,278.2
106691,4936,56800,280.4
106701,4932,56300,277.7
106711,4932,56600,279.2
106721,4932,56300,277.7
106731,4932,56600,279.2
106741,4888,61500,300.6
106751,4804,142100,682.6
106761,4932,57300,282.6
106771,4932,55700,274.7
106781,4932,57300,282.6
106791,4932,55600,274.2
106801,4936,57200,282.3
106811,4932,55700,274.7
106821,4936,57300,282.8
106831,4932,55600,274.2
106841,4900,69800,342.0
106851,4788,140300,671.8
106861,4936,57300,282.8
106871,4932,56400,278.2
106881,4936,56800,280.4
106891,4932,56300,277.7
106901,4932,56600,279.2
106911,4932,56300,277.7
106921,4932,56600,279.2
106931,4932,57200,282.1
106941,4932,87700,432.5
106951,4928,144300,711.1
106961,4936,55700,274.9
106971,4932,57300,282.6
106981,4932,55600,274.2
106991,4936,57200,282.3
107001,4936,55700,274.9
107011,4936,57200,282.3
107021,4932,55700,274.7
107031,4936,57300,282.8
107041,4912,75900,372.8
107051,4932,57300,282.6
107061,4812,137500,661.6
107071,4936,56900,280.9
107081,4932,56300,277.7
107091,4936,56700,279.9
107101,4936,56300,277.9
107111,4936,56600,279.4
107121,4932,57200,282.1
107131,4932,55600,274.2
107141,4888,59400,290.3
107151,4932,55700,274.7
107161,4924,150200,739.6
107171,4932,55600,274.2
107181,4936,57300,282.8
107191,4932,55600,274.2
107201,4936,57300,282.8
107212,4932,55600,274.2
107221,4936,57200,282.3
107231,4932,55600,274.2
107241,4908,74100,363.7
107251,4932,56400,278.2
107261,4932,56700,279.6
107271,4796,140000,671.4
107281,4932,56600,279.2
107291,4932,56300,277.7
107301,4932,56600,279.2
107311,4932,57200,282.1
107321,4932,55600,274.2
107331,4932,57300,282.6
107341,4928,87000,428.7
107351,4936,57200,282.3
107361,4932,55600,274.2
107371,4932,57200,282.1
107381,4800,144700,694.6
107391,4936,57300,282.8
107401,4932,55700,274.7
107411,4936,57200,282.3
107421,4932,55600,274.2
107431,4932,57200,282.1
107441,4904,72500,355.5
107451,4932,56800,280.1
107461,4932,56300,277.7
107471,4932,56600,279.2
107481,4932,121200,597.8
107491,4936,56600,279.4
107501,4932,57300,282.6
107511,4932,55600,274.2
107521,4936,57300,282.8
107531,4932,55700,274.7
107541,4888,57400,280.6
107551,4932,55600,274.2
107561,4936,57200,282.3
107571,4932,55700,274.7
107581,4932,57300,282.6
107591,4788,140900,674.6
107601,4936,57300,282.8
107611,4932,55700,274.7
107621,4932,57200,282.1
107631,4932,56400,278.2
107641,4932,77800,383.7
107651,4932,56400,278.2
107661,4932,56600,279.2
107671,4932,56300,277.7
107681,4932,56600,279.2
107691,4932,57300,282.6
107701,4776,140500,671.0
107711,4936,57200,282.3
107721,4932,55700,274.7
107731,4932,57300,282.6
107741,4924,86200,424.4
107751,4932,57300,282.6
107761,4932,55600,274.2
107771,4936,57200,282.3
107781,4932,55700,274.7
107791,4936,57200,282.3
107801,4788,141500,677.5
107811,4936,57300,282.8
107821,4932,56300,277.7
107831,4932,56900,280.6
107841,4896,68300,334.4
107851,4932,56600,279.2
107861,4932,56300,277.7
107871,4936,56600,279.4
107881,4932,57200,282.1
107891,4932,55600,274.2
107901,4936,57300,282.8
107911,4820,133000,641.1
107921,4932,57300,282.6
107931,4932,55700,274.7
107941,4892,57400,280.8
107951,4932,55700,274.7
107961,4936,57200,282.3
107971,4928,55700,274.5
107981,4936,57200,282.3
107991,4932,55600,274.2
108001,4936,57300,282.8
108011,4928,95600,471.1
108021,4936,57000,281.4
108031,4932,56300,277.7
108041,4932,81700,402.9
108051,4932,56400,278.2
108061,4932,56600,279.2
108071,4932,57300,282.6
108081,4932,55700,274.7
108091,4936,57200,282.3
108101,4932,55600,274.2
108111,4932,57300,282.6
108121,4680,143000,669.2
108131,4932,57200,282.1
108141,4920,83800,412.3
108151,4936,57300,282.8
108161,4932,55600,274.2
108171,4932,57300,282.6
108181,4932,55700,274.7
108191,4936,57200,282.3
108201,4932,56400,278.2
108211,4936,56900,280.9
108221,4816,169900,818.2
108231,4932,56700,279.6
108241,4892,64200,314.1
108251,4932,56600,279.2
108261,4932,57200,282.1
108271,4932,55700,274.7
108281,4936,57300,282.8
108291,4932,55600,274.2
108301,4936,57300,282.8
108311,4932,55600,274.2
108321,4932,57300,282.6
108331,4748,137100,651.0
108341,4892,57300,280.3
108351,4932,55600,274.2
108361,4936,57300,282.8
108371,4932,55700,274.7
108381,4932,57300,282.6
108391,4932,56300,277.7
108401,4936,56900,280.9
108411,4936,56200,277.4
108421,4932,56600,279.2
108431,4804,141100,677.8
108441,4932,86000,424.2
108451,4932,57300,282.6
108461,4932,55600,274.2
108471,4932,57300,282.6
108481,4932,55700,274.7
108491,4936,57300,282.8
108501,4932,55600,274.2
108511,4936,57300,282.8
108521,4932,55700,274.7
108531,4936,57200,282.3
108541,4788,172100,824.0
108551,4936,57300,282.8
108561,4932,55600,274.2
108571,4936,57300,282.8
108581,4932,56400,278.2
108591,4936,56900,280.9
108601,4932,56200,277.2
108611,4936,56500,278.9
108621,4932,56200,277.2
108631,4936,56500,278.9
108641,4884,61300,299.4
108651,4804,140300,674.0
108661,4932,57200,282.1
108671,4932,55600,274.2
108681,4936,57200,282.3
108691,4932,55600,274.2
108701,4932,57300,282.6
108711,4932,55600,274.2
108721,4932,57300,282.6
108731,4932,55700,274.7
108741,4900,69700,341.5
108751,4928,82000,404.1
108761,4936,57300,282.8
108771,4932,56300,277.7
108781,4932,57000,281.1
108791,4932,56300,277.7
108801,4932,56600,279.2
108811,4932,56300,277.7
108821,4932,56600,279.2
108831,4932,57200,282.1
108842,4928,55700,274.5
108851,4936,57300,282.8
108861,4800,144000,691.2
108871,4936,57300,282.8
108881,4932,55700,274.7
108891,4932,57300,282.6
108901,4932,55600,274.2
108911,4936,57200,282.3
108921,4932,55700,274.7
108931,4936,57200,282.3
108941,4912,76100,373.8
108951,4932,57300,282.6
108961,4932,56300,277.7
108971,4808,208200,1001.0
108981,4932,56300,277.7
108991,4936,56700,279.9
109001,4932,56300,277.7
109011,4932,56600,279.2
109021,4932,57200,282.1
109031,4932,55600,274.2
109041,4884,59500,290.6
109051,4932,55700,274.7
109061,4932,57200,282.1
109071,4932,55600,274.2
109081,4936,57300,282.8
109091,4932,55700,274.7
109101,4936,57200,282.3
109111,4932,55700,274.7
109121,4936,57300,282.8
109131,4932,55700,274.7
109141,4908,73900,362.7
109151,4932,56300,277.7
109161,4936,56900,280.9
109171,4932,56400,278.2
109181,4932,60000,295.9
109191,4932,56300,277.7
109201,4932,56600,279.2
109211,4932,57300,282.6
109221,4932,55600,274.2
109231,4932,57300,282.6
109241,4928,87000,428.7
109251,4932,57300,282.6
109261,4936,55600,274.4
109271,4932,57200,282.1
109281,4932,55600,274.2
109291,4804,142500,684.6
109301,4932,55700,274.7
109311,4936,57200,282.3
109321,4932,55600,274.2
109331,4936,57200,282.3
109341,4904,72600,356.0
109351,4932,56900,280.6
109361,4932,56300,277.7
109371,4932,56500,278.7
109381,4932,56200,277.2
109391,4932,56500,278.7
109401,4932,57300,282.6
109411,4932,55600,274.2
109421,4932,57300,282.6
109431,4932,55700,274.7
109441,4888,57300,280.1
109451,4932,55700,274.7
109461,4932,57200,282.1
109471,4932,55600,274.2
109481,4936,57100,281.8
109491,4932,55600,274.2
109501,4804,153700,738.4
109511,4932,55600,274.2
109521,4936,57200,282.3
109531,4932,56200,277.2
109541,4936,77900,384.5
109551,4932,56300,277.7
109561,4932,56600,279.2
109571,4932,56300,277.7
109581,4932,56600,279.2
109591,4932,57200,282.1
109601,4936,55600,274.4
109611,4936,57200,282.3
109621,4932,55600,274.2
109631,4932,57200,282.1
109641,4928,86400,425.8
109651,4936,57300,282.8
109661,4932,55700,274.7
109671,4936,57300,282.8
109681,4932,55600,274.2
109691,4936,57200,282.3
109701,4932,55600,274.2
109711,4804,150400,722.5
109721,4932,56300,277.7
109731,4936,57000,281.4
109741,4900,68500,335.6
109751,4936,56700,279.9
109761,4932,56300,277.7
109771,4932,56600,279.2
109781,4932,57300,282.6
109791,4932,55600,274.2
109801,4936,57200,282.3
109811,4776,141200,674.4
109821,4932,57200,282.1
109831,4932,55700,274.7
109841,4892,57600,281.8
109851,4932,55700,274.7
109861,4936,57300,282.8
109871,4932,55700,274.7
109881,4932,57200,282.1
109891,4932,55600,274.2
109901,4936,57200,282.3
109911,4932,56300,277.7
109921,4700,138100,649.1
109931,4932,56300,277.7
109941,4932,81600,402.5
109951,4932,56300,277.7
109961,4932,56500,278.7
109971,4932,57200,282.1
109981,4932,55500,273.7
109991,4936,57200,282.3
110001,4932,55600,274.2
110011,4932,57300,282.6
110021,4932,55600,274.2
110031,4800,57200,274.6
110041,4924,84000,413.6
110051,4936,57300,282.8
110061,4932,55600,274.2
110071,4936,57300,282.8
110081,4932,55600,274.2
110091,4932,57200,282.1
110101,4932,56200,277.2
110111,4932,56900,280.6
110121,4932,56200,277.2
110131,4688,133000,623.5
110141,4892,64300,314.6
110151,4932,56500,278.7
110161,4932,57200,282.1
110171,4932,55700,274.7
110181,4936,57200,282.3
110191,4932,55600,274.2
110201,4936,57300,282.8
110211,4932,55600,274.2
110221,4932,57200,282.1
110231,4932,55600,274.2
110241,4784,68900,329.6
110251,4932,55600,274.2
110261,4936,57200,282.3
110271,4932,55700,274.7
110281,4936,57200,282.3
110291,4932,56200,277.2
110301,4936,57100,281.8
110311,4932,56200,277.2
110321,4932,56600,279.2
110331,4932,56300,277.7
110341,4800,171300,822.2
110351,4932,57300,282.6
110361,4932,55700,274.7
110371,4932,57200,282.1
110381,4932,55700,274.7
110391,4936,57200,282.3
110401,4932,55600,274.2
110411,4936,57200,282.3
110421,4932,55600,274.2
110431,4936,57200,282.3
110441,4916,80100,393.8
110451,4936,57300,282.8
110461,4932,55700,274.7
110472,4936,57200,282.3
110481,4932,56100,276.7
110491,4932,57100,281.6
110501,4932,56300,277.7
110511,4932,56600,279.2
110521,4932,56200,277.2
110531,4932,56600,279.2
110541,4884,61600,300.9
110551,4780,142000,678.8
110561,4936,57200,282.3
110571,4932,55700,274.7
110581,4936,57200,282.3
110591,4932,55600,274.2
110601,4936,57200,282.3
110611,4932,55600,274.2
110621,4936,57200,282.3
110631,4932,55600,274.2
110641,4900,69300,339.6
110651,4932,55600,274.2
110661,4816,147900,712.3
110671,4932,56100,276.7
110681,4936,57200,282.3
110691,4936,56300,277.9
110701,4936,56600,279.4
110711,4932,56200,277.2
110721,4932,56600,279.2
110731,4932,57200,282.1
110741,4936,87700,432.9
110751,4932,57200,282.1
110761,4688,136200,638.5
110771,4932,57100,281.6
110781,4932,55600,274.2
110791,4936,57200,282.3
110801,4932,55600,274.2
110811,4936,57200,282.3
110821,4932,55600,274.2
110831,4932,57200,282.1
110841,4908,76500,375.5
110851,4936,57200,282.3
110861,4812,134400,646.7
110871,4932,57100,281.6
110881,4932,56300,277.7
110891,4936,56600,279.4
110901,4932,56300,277.7
110911,4932,56600,279.2
110921,4932,57300,282.6
110931,4932,55600,274.2
110941,4888,59600,291.3
110951,4932,55600,274.2
110961,4804,143300,688.4
110971,4932,55600,274.2
110981,4936,57200,282.3
110991,4932,55600,274.2
111001,4936,57200,282.3
111011,4932,55500,273.7
111021,4936,57200,282.3
111031,4932,55600,274.2
111041,4904,73500,360.4
111051,4932,56100,276.7
111061,4936,57100,281.8
111071,4692,107300,503.5
111081,4932,56600,279.2
111091,4932,56300,277.7
111101,4936,56600,279.4
111111,4932,57300,282.6
111121,4932,55700,274.7
111131,4932,57200,282.1
111141,4928,87100,429.2
111151,4936,57300,282.8
111161,4932,55600,274.2
111171,4796,57300,274.8
111181,4932,55600,274.2
111191,4936,57200,282.3
111201,4932,55700,274.7
111211,4936,57200,282.3
111221,4932,55600,274.2
111231,4936,57200,282.3
111241,4904,72800,357.0
111251,4936,57200,282.3
111261,4932,56300,277.7
111271,4800,142300,683.0
111281,4936,56300,277.9
111291,4932,56600,279.2
111301,4932,57300,282.6
111311,4932,55700,274.7
111321,4936,57300,282.8
111331,4932,55600,274.2
111341,4884,57300,279.9
111351,4932,55600,274.2
111361,4936,57100,281.8
111371,4928,63000,310.5
111381,4936,57300,282.8
111391,4936,55600,274.4
111401,4932,57200,282.1
111411,4932,55600,274.2
111421,4936,57200,282.3
111431,4932,56000,276.2
111441,4936,77500,382.5
111451,4932,56300,277.7
111461,4936,56600,279.4
111471,4932,56300,277.7
111481,4936,59800,295.2
111491,4932,57200,282.1
111501,4932,55800,275.2
111511,4936,57200,282.3
111521,4932,55600,274.2
111531,4936,57200,282.3
111541,4928,86800,427.8
111551,4932,57300,282.6
111561,4932,55600,274.2
111571,4936,57200,282.3
111581,4932,55700,274.7
111591,4812,214300,1031.2
111601,4932,55700,274.7
111611,4936,57300,282.8
111621,4932,55900,275.7
111631,4936,57200,282.3
111641,4900,69000,338.1
111651,4936,56600,279.4
111661,4932,56200,277.2
111671,4932,56600,279.2
111681,4932,57300,282.6
111691,4696,137600,646.2
111701,4936,57200,282.3
111711,4932,55600,274.2
111721,4936,57300,282.8
111731,4932,55600,274.2
111741,4892,57300,280.3
111751,4932,55600,274.2
111761,4932,57100,281.6
111771,4932,55600,274.2
111781,4932,57200,282.1
111791,4804,144000,691.8
111801,4932,57300,282.6
111811,4932,55900,275.7
111821,4932,57200,282.1
111831,4932,56300,277.7
111841,4932,81000,399.5
111851,4932,56300,277.7
111861,4932,56600,279.2
111871,4932,57300,282.6
111881,4932,55700,274.7
111891,4936,57200,282.3
111901,4692,136500,640.5
111911,4936,57200,282.3
111921,4932,55600,274.2
111931,4936,57200,282.3
111941,4920,84200,414.3
111951,4932,57300,282.6
111961,4932,55600,274.2
111971,4936,57200,282.3
111981,4932,55700,274.7
111991,4936,57200,282.3
112001,4800,204300,980.6
112011,4936,57200,282.3
112021,4932,56300,277.7
112031,4932,56600,279.2
112041,4892,64700,316.5
112051,4932,56600,279.2
112061,4932,57200,282.1
112071,4936,55700,274.9
112081,4936,57200,282.3
112091,4932,55600,274.2
112101,4804,142900,686.5
112112,4932,55700,274.7
112121,4936,57200,282.3
112131,4932,55600,274.2
112141,4892,57800,282.8
112151,4932,55700,274.7
112161,4936,57200,282.3
112171,4932,55600,274.2
112181,4936,57200,282.3
112191,4932,55900,275.7
112201,4828,150000,724.2
112211,4932,56300,277.7
112221,4932,56500,278.7
112231,4932,56200,277.2
112241,4932,85200,420.2
112251,4932,57200,282.1
112261,4936,55800,275.4
112271,4932,57200,282.1
112281,4932,55600,274.2
112291,4932,57200,282.1
112301,4932,55700,274.7
112311,4816,154500,744.1
112321,4932,55700,274.7
112331,4936,57300,282.8
112341,4916,81200,399.2
112351,4936,57300,282.8
112361,4932,55700,274.7
112371,4936,57300,282.8
112381,4932,55900,275.7
112391,4932,57200,282.1
112401,4932,56300,277.7
112411,4932,59700,294.4
112421,4932,56300,277.7
112431,4936,56600,279.4
112441,4888,62400,305.0
112451,4936,55900,275.9
112461,4936,57200,282.3
112471,4932,55600,274.2
112481,4932,57200,282.1
112491,4932,55600,274.2
112501,4936,57200,282.3
112511,4932,55600,274.2
112521,4808,137200,659.7
112531,4932,55600,274.2
112541,4900,68600,336.1
112551,4932,55700,274.7
112561,4936,57200,282.3
112571,4932,55800,275.2
112581,4932,57200,282.1
112591,4932,56300,277.7
112601,4932,56600,279.2
112611,4932,56300,277.7
112621,4936,56600,279.4
112631,4812,178000,856.5
112641,4932,87600,432.0
112651,4936,57300,282.8
112661,4932,55600,274.2
112671,4936,57200,282.3
112681,4932,55600,274.2
112691,4936,57300,282.8
112701,4932,55600,274.2
112711,4936,57200,282.3
112721,4932,55700,274.7
112731,4936,57200,282.3
112741,4668,147100,686.7
112751,4932,57300,282.6
112761,4932,55900,275.7
112771,4936,57200,282.3
112781,4932,56300,277.7
112791,4932,56600,279.2
112801,4932,56300,277.7
112811,4932,56600,279.2
112821,4932,57200,282.1
112831,4932,55800,275.2
112841,4700,216700,1018.5
112851,4932,55700,274.7
112861,4936,57200,282.3
112871,4932,55600,274.2
112881,4932,57200,282.1
112891,4932,55600,274.2
112901,4936,57200,282.3
112911,4932,55700,274.7
112921,4936,57200,282.3
112931,4932,55600,274.2
112941,4880,75400,368.0
112951,4932,55800,275.2
112961,4936,57200,282.3
112971,4932,56300,277.7
112981,4936,56600,279.4
112991,4932,56200,277.2
113001,4932,56500,278.7
113011,4932,57200,282.1
113021,4932,55900,275.7
113031,4936,57200,282.3
113041,4928,87200,429.7
113051,4804,141600,680.2
113061,4932,55600,274.2
113071,4936,57300,282.8
113081,4932,55700,274.7
113091,4932,57200,282.1
113101,4932,55600,274.2
113111,4932,57200,282.1
113121,4932,55600,274.2
113131,4936,57200,282.3
113141,4904,72800,357.0
113151,4936,57200,282.3
113161,4936,56200,277.4
113171,4932,56600,279.2
113181,4932,56300,277.7
113191,4932,56600,279.2
113201,4932,57300,282.6
113211,4932,55800,275.2
113221,4936,57300,282.8
113231,4932,55600,274.2
113241,4884,57500,280.8
113251,4932,55600,274.2
113261,4796,59100,283.4
113271,4932,55600,274.2
113281,4936,57300,282.8
113291,4932,55600,274.2
113301,4932,57200,282.1
113311,4932,55700,274.7
113321,4936,57200,282.3
113331,4932,55900,275.7
113341,4936,77500,382.5
113351,4932,56300,277.7
113361,4804,140100,673.0
113371,4932,56300,277.7
113381,4932,56600,279.2
113391,4932,57300,282.6
113401,4932,55900,275.7
113411,4932,57200,282.1
113421,4932,55600,274.2
113431,4932,57200,282.1
113441,4924,86900,427.9
113451,4932,57200,282.1
113461,4932,55600,274.2
113471,4780,182000,870.0
113481,4932,55600,274.2
113491,4936,57100,281.8
113501,4932,55700,274.7
113511,4932,57200,282.1
113521,4932,55800,275.2
113531,4936,57200,282.3
113541,4900,69000,338.1
113551,4932,56600,279.2
113561,4932,56300,277.7
113571,4932,56600,279.2
113581,4812,138600,666.9
113591,4932,56000,276.2
113601,4936,57200,282.3
113611,4932,55600,274.2
113621,4932,57200,282.1
113631,4932,55600,274.2
113641,4888,57300,280.1
113651,4932,55600,274.2
113661,4936,57200,282.3
113671,4932,55600,274.2
113681,4808,134300,645.7
113691,4932,55700,274.7
113701,4936,57200,282.3
113711,4932,55800,275.2
113721,4932,57200,282.1
113731,4932,56200,277.2
113742,4920,75800,372.9
113751,4932,56300,277.7
113761,4932,56600,279.2
113771,4932,57200,282.1
113781,4800,140600,674.9
113791,4932,57200,282.1
113801,4932,55700,274.7
113811,4932,57200,282.1
113821,4932,55600,274.2
113831,4936,57200,282.3
113841,4920,84200,414.3
113851,4936,57200,282.3
113861,4932,55600,274.2
113871,4932,57200,282.1
113881,4932,55700,274.7
113891,4816,169700,817.3
113901,4932,55800,275.2
113911,4936,57300,282.8
113921,4932,56300,277.7
113931,4932,56600,279.2
113941,4892,64800,317.0
113951,4932,56600,279.2
113961,4932,57100,281.6
113971,4932,55900,275.7
113981,4932,57200,282.1
113991,4784,140200,670.7
114001,4936,57300,282.8
114011,4932,55600,274.2
114021,4936,57200,282.3
114031,4932,55700,274.7
114041,4892,57300,280.3
114051,4932,55600,274.2
114061,4936,57200,282.3
114071,4932,55600,274.2
114081,4936,57200,282.3
114091,4932,55800,275.2
114101,4892,57200,279.8
114111,4936,56300,277.9
114121,4936,56600,279.4
114131,4932,56200,277.2
114141,4932,85200,420.2
114151,4932,57200,282.1
114161,4936,55900,275.9
114171,4936,57200,282.3
114181,4932,55600,274.2
114191,4936,57200,282.3
114201,4784,135400,647.8
114211,4936,57200,282.3
114221,4932,55700,274.7
114231,4936,57200,282.3
114241,4916,81500,400.7
114251,4936,57200,282.3
114261,4932,55600,274.2
114271,4936,57200,282.3
114281,4932,55800,275.2
114291,4936,57200,282.3
114301,4804,143200,687.9
114311,4932,56500,278.7
114321,4932,56300,277.7
114331,4936,56600,279.4
114341,4888,62300,304.5
114351,4936,56000,276.4
114361,4936,57200,282.3
114371,4932,55700,274.7
114381,4936,57200,282.3
114391,4932,55600,274.2
114401,4932,57200,282.1
114411,4808,136300,655.3
114421,4932,57300,282.6
114431,4932,55600,274.2
114441,4896,68500,335.4
114451,4932,55600,274.2
114461,4936,57200,282.3
114471,4932,55800,275.2
114481,4936,57200,282.3
114491,4932,56200,277.2
114501,4936,56600,279.4
114511,4932,56200,277.2
114521,4688,132300,620.2
114531,4932,57200,282.1
114541,4932,87900,433.5
114551,4932,57300,282.6
114561,4932,55600,274.2
114571,4936,57200,282.3
114581,4932,55600,274.2
114591,4936,57200,282.3
114601,4932,55600,274.2
114611,4936,57200,282.3
114621,4800,157300,755.0
114631,4936,57200,282.3
114641,4912,77000,378.2
114651,4932,57300,282.6
114661,4932,55800,275.2
114671,4932,57200,282.1
114681,4932,56300,277.7
114691,4932,56500,278.7
114701,4932,56300,277.7
114711,4932,56500,278.7
114721,4932,57300,282.6
114731,4780,194000,927.3
114741,4888,59800,292.3
114751,4932,55600,274.2
114761,4936,57200,282.3
114771,4932,55700,274.7
114781,4936,57200,282.3
114791,4932,55600,274.2
114801,4936,57200,282.3
114811,4932,55600,274.2
114821,4936,57200,282.3
114831,4800,143700,689.8
114841,4904,72800,357.0
114851,4932,55800,275.2
114861,4932,57200,282.1
114871,4932,56300,277.7
114881,4932,56600,279.2
114891,4932,56300,277.7
114901,4932,56600,279.2
114911,4932,57200,282.1
114921,4932,55900,275.7
114931,4936,57200,282.3
114941,4804,170800,820.5
114951,4936,57200,282.3
114961,4932,55600,274.2
114971,4936,57200,282.3
114981,4932,55600,274.2
114991,4936,57300,282.8
115001,4932,55700,274.7
115011,4936,57200,282.3
115021,4932,55600,274.2
115031,4936,57200,282.3
115041,4904,72200,354.1
115051,4708,138200,650.6
115061,4932,56300,277.7
115071,4932,56600,279.2
115081,4932,56300,277.7
115091,4936,56500,278.9
115101,4932,57200,282.1
115111,4932,55900,275.7
115121,4932,57200,282.1
115131,4932,55700,274.7
115141,4888,57200,279.6
115151,4812,131100,630.9
115161,4932,57200,282.1
115171,4932,55700,274.7
115181,4936,57300,282.8
115191,4932,55600,274.2
115201,4936,57200,282.3
115211,4932,55700,274.7
115221,4936,57200,282.3
115231,4932,55700,274.7
115241,4932,77000,379.8
115251,4932,56300,277.7
115261,4720,144500,682.0
115271,4932,56300,277.7
115281,4936,56600,279.4
115291,4932,57100,281.6
115301,4932,56100,276.7
115311,4936,57200,282.3
115321,4932,55700,274.7
115331,4936,57300,282.8
115341,4924,86900,427.9
115351,4932,57200,282.1
115361,4804,132900,638.5
115372,4936,57200,282.3
115381,4932,55600,274.2
115391,4936,57200,282.3
115401,4932,55700,274.7
115411,4936,57200,282.3
115421,4932,55700,274.7
115431,4936,57200,282.3
115441,4900,69300,339.6
115451,4932,56600,279.2
115461,4928,86400,425.8
115471,4932,56600,279.2
115481,4932,57100,281.6
115491,4932,56100,276.7
115501,4936,57200,282.3
115511,4932,55600,274.2
115521,4936,57200,282.3
115531,4932,55600,274.2
115541,4888,57300,280.1
115551,4932,55700,274.7
115561,4932,57300,282.6
115571,4928,59800,294.7
115581,4936,57200,282.3
115591,4932,55600,274.2
115601,4936,57300,282.8
115611,4932,55700,274.7
115621,4936,57200,282.3
115631,4932,56300,277.7
115641,4936,80500,397.3
115651,4932,56200,277.2
115661,4932,56600,279.2
115671,4932,57100,281.6
115681,4720,138500,653.7
115691,4936,57200,282.3
115701,4932,55600,274.2
115711,4932,57200,282.1
115721,4932,55600,274.2
115731,4932,57200,282.1
115741,4920,84400,415.2
115751,4932,57300,282.6
115761,4932,55600,274.2
115771,4936,57200,282.3
115781,4928,65400,322.3
115791,4932,57200,282.1
115801,4932,55700,274.7
115811,4936,57300,282.8
115821,4932,56300,277.7
115831,4932,56500,278.7
115841,4892,65300,319.4
115851,4932,56600,279.2
115861,4932,57100,281.6
115871,4932,56200,277.2
115881,4932,57200,282.1
115891,4804,138700,666.3
115901,4936,57300,282.8
115911,4932,55600,274.2
115921,4932,57200,282.1
115931,4932,55600,274.2
115941,4892,57400,280.8
115951,4932,55700,274.7
115961,4936,57200,282.3
115971,4932,55600,274.2
115981,4936,57200,282.3
115991,4928,71100,350.4
116001,4932,57200,282.1
116011,4932,56300,277.7
116021,4932,56600,279.2
116031,4932,56300,277.7
116041,4936,84700,418.1
116051,4932,57100,281.6
116061,4932,56100,276.7
116071,4936,57200,282.3
116081,4932,55500,273.7
116091,4932,57200,282.1
116101,4768,133000,634.1
116111,4932,57200,282.1
116121,4932,55600,274.2
116131,4936,57200,282.3
116141,4916,81800,402.1
116151,4936,57200,282.3
116161,4932,55600,274.2
116171,4936,57200,282.3
116181,4932,55700,274.7
116191,4936,57200,282.3
116201,4784,139400,666.9
116211,4932,56500,278.7
116221,4932,56300,277.7
116231,4932,56600,279.2
116241,4888,62500,305.5
116251,4932,56300,277.7
116261,4936,57200,282.3
116271,4932,55700,274.7
116281,4936,57200,282.3
116291,4932,55600,274.2
116301,4936,57200,282.3
116311,4688,137100,642.7
116321,4936,57200,282.3
116331,4932,55600,274.2
116341,4896,68100,333.4
116351,4932,55700,274.7
116361,4936,57200,282.3
116371,4932,55600,274.2
116381,4936,57200,282.3
116391,4932,56300,277.7
116401,4932,56600,279.2
116411,4788,140900,674.6
116421,4932,56600,279.2
116431,4932,57000,281.1
116441,4932,87600,432.0
116451,4936,57300,282.8
116461,4932,55700,274.7
116471,4936,57200,282.3
116481,4932,55600,274.2
116491,4936,57200,282.3
116501,4932,55600,274.2
116511,4932,140200,691.5
116521,4932,55600,274.2
116531,4932,57200,282.1
116541,4912,77200,379.2
116551,4932,57200,282.1
116561,4932,55700,274.7
116571,4936,57200,282.3
116581,4932,56300,277.7
116591,4932,56500,278.7
116601,4932,56300,277.7
116611,4936,56500,278.9
116621,4792,140600,673.8
116631,4932,56300,277.7
116641,4884,60100,293.5
116651,4932,55700,274.7
116661,4936,57200,282.3
116671,4932,55700,274.7
116681,4936,57200,282.3
116691,4932,55600,274.2
116701,4936,57300,282.8
116711,4932,55700,274.7
116721,4932,57300,282.6
116731,4680,143800,673.0
116741,4904,72600,356.0
116751,4932,55700,274.7
116761,4932,57200,282.1
116771,4932,56300,277.7
116781,4936,56600,279.4
116791,4932,56200,277.2
116801,4932,56600,279.2
116811,4932,57100,281.6
116821,4932,56200,277.2
116831,4804,145100,697.1
116841,4928,87500,431.2
116851,4936,57200,282.3
116861,4932,55600,274.2
116871,4936,57200,282.3
116881,4932,55700,274.7
116891,4936,57200,282.3
116901,4932,55600,274.2
116911,4932,57200,282.1
116921,4932,55600,274.2
116931,4936,57300,282.8
116941,4776,201800,963.8
116951,4936,57300,282.8
116961,4932,56300,277.7
116971,4936,56600,279.4
116981,4932,56300,277.7
116991,4936,56600,279.4
117001,4936,57100,281.8
117012,4932,55600,274.2
117021,4936,57200,282.3
117031,4932,55700,274.7
117041,4884,57200,279.4
117051,4932,55600,274.2
117061,4936,57300,282.8
117071,4932,55600,274.2
117081,4936,57300,282.8
117091,4932,55600,274.2
117101,4936,57300,282.8
117111,4932,55600,274.2
117121,4936,57300,282.8
117131,4932,55700,274.7
117141,4936,77000,380.1
117151,4684,135300,633.7
117161,4932,56600,279.2
117171,4932,56300,277.7
117181,4932,56600,279.2
117191,4932,57000,281.1
117201,4932,56300,277.7
117211,4936,57200,282.3
117221,4932,55600,274.2
117231,4932,57200,282.1
117241,4928,86900,428.2
117251,4932,127800,630.3
117261,4932,55600,274.2
117271,4936,57200,282.3
117281,4932,55700,274.7
117291,4936,57200,282.3
117301,4932,55600,274.2
117311,4932,57200,282.1
117321,4932,55600,274.2
117331,4932,57200,282.1
117341,4900,69500,340.6
117351,4932,56600,279.2
117361,4800,206600,991.7
117371,4932,56600,279.2
117381,4932,57000,281.1
117391,4932,56300,277.7
117401,4932,57300,282.6
117411,4932,55600,274.2
117421,4936,57200,282.3
117431,4932,55600,274.2
117441,4888,57300,280.1
117451,4932,55600,274.2
117461,4808,143500,689.9
117471,4936,55700,274.9
117481,4932,57200,282.1
117491,4932,55700,274.7
117501,4936,57200,282.3
117511,4932,55700,274.7
117521,4932,57200,282.1
117531,4932,56300,277.7
117541,4936,80400,396.9
117551,4932,56300,277.7
117561,4932,56500,278.7
117571,4808,147600,709.7
117581,4932,56400,278.2
117591,4936,57200,282.3
117601,4932,55600,274.2
117611,4936,57200,282.3
117621,4932,55600,274.2
117631,4936,57300,282.8
117641,4920,84600,416.2
117651,4932,57200,282.1
117661,4932,55600,274.2
117671,4932,57200,282.1
117681,4708,137500,647.4
117691,4932,57200,282.1
117701,4932,55600,274.2
117711,4932,57200,282.1
117721,4932,56300,277.7
117731,4932,56500,278.7
117741,4892,65500,320.4
117751,4932,56600,279.2
117761,4932,56900,280.6
117771,4932,56200,277.2
117781,4936,57200,282.3
117791,4932,55600,274.2
117801,4936,57200,282.3
117811,4932,55600,274.2
117821,4936,57200,282.3
117831,4932,55700,274.7
117841,4892,57300,280.3
117851,4932,55700,274.7
117861,4936,57200,282.3
117871,4932,55600,274.2
117881,4936,57200,282.3
117891,4776,138400,661.0
117901,4936,57300,282.8
117911,4932,56300,277.7
117921,4932,56600,279.2
117931,4932,56300,277.7
117941,4936,84500,417.1
117951,4936,56900,280.9
117961,4932,56300,277.7
117971,4936,57200,282.3
117981,4932,55600,274.2
117991,4936,57200,282.3
118001,4764,61600,293.5
118011,4932,57200,282.1
118021,4932,55600,274.2
118031,4936,57200,282.3
118041,4920,82200,404.4
118051,4936,57300,282.8
118061,4932,55600,274.2
118071,4932,57200,282.1
118081,4932,55600,274.2
118091,4936,57200,282.3
118101,4804,186000,893.5
118111,4932,56600,279.2
118121,4932,56300,277.7
118131,4936,56600,279.4
118141,4884,62500,305.2
118151,4932,56400,278.2
118161,4932,57200,282.1
118171,4932,55700,274.7
118181,4932,57200,282.1
118191,4932,55600,274.2
118201,4932,57200,282.1
118211,4692,135700,636.7
118221,4932,57300,282.6
118231,4932,55600,274.2
118241,4900,67600,331.2
118251,4932,55600,274.2
118261,4936,57200,282.3
118271,4932,55600,274.2
118281,4932,57200,282.1
118291,4932,56300,277.7
118301,4932,56500,278.7
118311,4752,134200,637.7
118321,4932,56600,279.2
118331,4932,56800,280.1
118341,4932,87700,432.5
118351,4936,57300,282.8
118361,4932,55600,274.2
118371,4936,57200,282.3
118381,4932,55700,274.7
118391,4932,57200,282.1
118401,4932,55700,274.7
118411,4936,57200,282.3
118421,4780,55600,265.8
118431,4932,57200,282.1
118441,4912,77800,382.2
118451,4936,57300,282.8
118461,4932,55600,274.2
118471,4936,57200,282.3
118481,4932,56300,277.7
118491,4932,56500,278.7
118501,4932,56300,277.7
118511,4932,56500,278.7
118521,4872,56800,276.7
118531,4932,56500,278.7
118541,4884,60300,294.5
118551,4928,55600,274.0
118561,4932,57300,282.6
118571,4932,55600,274.2
118581,4936,57300,282.8
118591,4932,55600,274.2
118601,4932,57200,282.1
118611,4932,55600,274.2
118621,4936,57200,282.3
118631,4796,55700,267.1
118642,4904,57300,281.0
118651,4932,55600,274.2
118661,4936,57200,282.3
118671,4932,56300,277.7
118681,4932,56500,278.7
118691,4932,56300,277.7
118701,4932,56600,279.2
118711,4932,56800,280.1
118721,4932,56400,278.2
118731,4696,106400,499.7
118741,4932,87700,432.5
118751,4936,57300,282.8
118761,4932,55600,274.2
118771,4936,57200,282.3
118781,4932,55600,274.2
118791,4932,57200,282.1
118801,4936,55700,274.9
118811,4932,57200,282.1
118821,4932,55600,274.2
118831,4936,57200,282.3
118841,4652,153300,713.2
118851,4936,57200,282.3
118861,4932,56300,277.7
118871,4932,56600,279.2
118881,4932,56300,277.7
118891,4936,56500,278.9
118901,4932,56800,280.1
118911,4932,56400,278.2
118921,4936,57200,282.3
118931,4932,55600,274.2
118941,4756,226900,1079.1
118951,4932,55700,274.7
118961,4936,57200,282.3
118971,4932,55600,274.2
118981,4936,57200,282.3
118991,4932,55700,274.7
119001,4936,57300,282.8
119011,4932,55600,274.2
119021,4936,57100,281.8
119031,4932,55600,274.2
119041,4936,76400,377.1
119051,4932,56300,277.7
119061,4932,56600,279.2
119071,4936,56200,277.4
119081,4932,56600,279.2
119091,4936,56700,279.9
119101,4932,56500,278.7
119111,4936,57200,282.3
119121,4932,55600,274.2
119131,4932,57200,282.1
119141,4924,87100,428.9
119151,4744,88500,419.8
119161,4932,55700,274.7
119171,4936,57200,282.3
119181,4932,55700,274.7
119191,4936,57200,282.3
119201,4932,55700,274.7
119211,4936,57300,282.8
119221,4932,55600,274.2
119231,4936,57200,282.3
119241,4900,69800,342.0
119251,4936,56600,279.4
119261,4932,56300,277.7
119271,4932,56600,279.2
119281,4932,56700,279.6
119291,4932,56500,278.7
119301,4936,57200,282.3
119311,4932,55700,274.7
119321,4932,57300,282.6
119331,4932,55600,274.2
119341,4888,57300,280.1
119351,4932,55600,274.2
119361,4812,210900,1014.9
119371,4932,55600,274.2
119381,4936,57300,282.8
119391,4932,55600,274.2
119401,4932,57300,282.6
119411,4932,55600,274.2
119421,4936,57200,282.3
119431,4932,56300,277.7
119441,4936,79700,393.4
119451,4932,56300,277.7
119461,4932,56600,279.2
119471,4800,137000,657.6
119481,4932,56500,278.7
119491,4936,57200,282.3
119501,4932,55700,274.7
119511,4936,57300,282.8
119521,4932,55600,274.2
119531,4932,57300,282.6
119541,4920,85000,418.2
119551,4932,57200,282.1
119561,4932,55600,274.2
119571,4812,145200,698.7
119581,4932,55700,274.7
119591,4932,57200,282.1
119601,4932,55600,274.2
119611,4936,57200,282.3
119621,4932,56300,277.7
119631,4932,56600,279.2
119641,4896,66000,323.1
119651,4932,56600,279.2
119661,4932,56600,279.2
119671,4932,56500,278.7
119681,4688,110600,518.5
119691,4932,55600,274.2
119701,4936,57300,282.8
119711,4932,55600,274.2
119721,4936,57300,282.8
119731,4932,55600,274.2
119741,4892,57300,280.3
119751,4932,55600,274.2
119761,4936,57200,282.3
119771,4932,55600,274.2
119781,4936,57200,282.3
119791,4932,55600,274.2
119801,4932,57300,282.6
119811,4932,56300,277.7
119821,4936,56600,279.4
119831,4932,56300,277.7
119841,4932,83800,413.3
119851,4936,56600,279.4
119861,4936,56500,278.9
119871,4936,57200,282.3
119881,4932,55600,274.2
119891,4928,102800,506.6
119901,4932,55700,274.7
119911,4932,57200,282.1
119921,4932,55600,274.2
119931,4932,57200,282.1
119941,4920,82400,405.4
119951,4932,57200,282.1
119961,4932,55700,274.7
119971,4932,57100,281.6
119981,4932,55600,274.2
119991,4936,57100,281.8
120001,4928,68000,335.1
120011,4932,56600,279.2
120021,4932,56300,277.7
120031,4932,56600,279.2
120041,4888,62500,305.5
120051,4932,56500,278.7
120061,4932,57200,282.1
120071,4932,55700,274.7
120081,4936,57300,282.8
120091,4932,55500,273.7
120101,4932,57300,282.6
120111,4800,141000,676.8
120121,4932,57200,282.1
120131,4932,55600,274.2
120141,4896,67300,329.5
120151,4932,55600,274.2
120161,4936,57200,282.3
120171,4932,55700,274.7
120181,4932,57300,282.6
120191,4932,56300,277.7
120201,4932,56600,279.2
120211,4928,73800,363.7
120221,4932,56600,279.2
120231,4932,56500,278.7
120241,4936,87400,431.4
120251,4936,57200,282.3
120261,4932,55600,274.2
120271,4936,57200,282.3
120285,4932,55600,274.2
120291,4936,57200,282.3
120301,4932,55600,274.2
120311,4936,57200,282.3
120321,4692,135100,633.9
120331,4936,57300,282.8
120341,4912,78100,383.6
120351,4936,57200,282.3
120361,4932,55600,274.2
120371,4936,57200,282.3
120381,4932,56300,277.7
120391,4932,56600,279.2
120401,4932,56300,277.7
120411,4932,56600,279.2
120421,4928,80200,395.2
120431,4932,56600,279.2
120441,4888,60600,296.2
120451,4932,55700,274.7
120461,4936,57300,282.8
120471,4932,55500,273.7
120481,4932,57200,282.1
120491,4932,55600,274.2
120501,4936,57200,282.3
120511,4932,55600,274.2
120521,4936,57200,282.3
120531,4692,149800,702.9
120541,4904,71800,352.1
120551,4932,55600,274.2
120561,4936,57200,282.3
120571,4932,56300,277.7
120581,4932,56600,279.2
120591,4932,56300,277.7
120601,4936,56600,279.4
120611,4932,56500,278.7
120621,4932,56500,278.7
120631,4680,114400,535.4
120641,4932,87500,431.6
120651,4932,57300,282.6
120661,4932,55600,274.2
120671,4932,57200,282.1
120681,4932,55700,274.7
120691,4936,57200,282.3
120701,4932,55600,274.2
120711,4936,57100,281.8
120721,4932,55600,274.2
120731,4796,140800,675.3
120741,4904,74000,362.9
120751,4936,57200,282.3
120761,4932,56300,277.7
120771,4932,56600,279.2
120781,4932,56300,277.7
120791,4932,56500,278.7
120801,4932,56600,279.2
120811,4932,56600,279.2
120821,4932,57100,281.6
120831,4812,148400,714.1
120841,4884,58400,285.2
120851,4932,55700,274.7
120861,4936,57200,282.3
120871,4932,55600,274.2
120881,4932,57300,282.6
120891,4932,55600,274.2
120901,4936,57200,282.3
120911,4932,55600,274.2
120921,4936,57200,282.3
120931,4932,55600,274.2
120941,4696,148300,696.4
120951,4932,56300,277.7
120961,4936,56700,279.9
120971,4932,56300,277.7
120981,4932,56600,279.2
120991,4936,56500,278.9
121001,4932,56600,279.2
121011,4936,57200,282.3
121021,4932,55600,274.2
121031,4936,57200,282.3
121041,4928,87000,428.7
121051,4816,174900,842.3
121061,4932,55700,274.7
121071,4936,57200,282.3
121081,4932,55600,274.2
121091,4936,57200,282.3
121101,4932,55600,274.2
121111,4936,57200,282.3
121121,4932,55600,274.2
121131,4936,57200,282.3
121141,4900,70000,343.0
121151,4796,140900,675.8
121161,4932,56300,277.7
121171,4932,56500,278.7
121181,4932,56400,278.2
121191,4936,56600,279.4
121201,4932,57200,282.1
121211,4932,55600,274.2
121221,4936,57200,282.3
121231,4932,55600,274.2
121241,4888,57300,280.1
121251,4932,55600,274.2
121261,4804,208300,1000.7
121271,4932,55700,274.7
121281,4936,57300,282.8
121291,4932,55600,274.2
121301,4932,57200,282.1
121311,4932,55600,274.2
121321,4936,57200,282.3
121331,4932,56300,277.7
121341,4936,79400,391.9
121351,4932,56300,277.7
121361,4932,59500,293.5
121371,4932,56300,277.7
121381,4932,56600,279.2
121391,4932,57300,282.6
121401,4932,55600,274.2
121411,4936,57200,282.3
121421,4932,55600,274.2
121431,4936,57300,282.8
121441,4924,85200,419.5
121451,4936,57200,282.3
121461,4932,55700,274.7
121471,4808,212100,1019.8
121481,4932,55700,274.7
121491,4936,57200,282.3
121501,4932,55600,274.2
121511,4932,57200,282.1
121521,4932,56300,277.7
121531,4932,56600,279.2
121541,4896,66400,325.1
121551,4936,56600,279.4
121561,4932,56300,277.7
121571,4932,56600,279.2
121581,4676,119400,558.3
121591,4932,55600,274.2
121601,4936,57200,282.3
121611,4932,55700,274.7
121621,4936,57300,282.8
121631,4932,55700,274.7
121641,4892,57300,280.3
121651,4932,55600,274.2
121661,4936,57200,282.3
121671,4932,55600,274.2
121681,4936,57300,282.8
121691,4680,146700,686.6
121701,4936,57200,282.3
121711,4932,56200,277.2
121721,4936,56600,279.4
121731,4936,56300,277.9
121741,4932,83400,411.3
121751,4932,56300,277.7
121761,4932,56600,279.2
121771,4936,57300,282.8
121781,4932,55700,274.7
121791,4804,210700,1012.2
121801,4932,55600,274.2
121811,4936,57200,282.3
121821,4932,55700,274.7
121831,4936,57300,282.8
121841,4920,82800,407.4
121851,4936,57200,282.3
121861,4932,55600,274.2
121871,4936,57200,282.3
121881,4932,55600,274.2
121891,4936,57200,282.3
121901,4716,139100,656.0
121912,4932,56600,279.2
121921,4932,56300,277.7
121931,4932,56600,279.2
121941,4888,62500,305.5
121951,4932,56600,279.2
121961,4936,57200,282.3
121971,4932,55700,274.7
121981,4936,57200,282.3
121991,4932,55700,274.7
122001,4808,170200,818.3
122011,4932,55700,274.7
122021,4936,57200,282.3
122031,4932,55600,274.2
122041,4896,66800,327.1
122051,4932,55600,274.2
122061,4936,57200,282.3
122071,4932,55700,274.7
122081,4936,57200,282.3
122091,4932,56200,277.2
122101,4936,56600,279.4
122111,4744,135400,642.3
122121,4932,56600,279.2
122131,4932,56300,277.7
122141,4936,87100,429.9
122151,4932,57200,282.1
122161,4932,55600,274.2
122171,4936,57200,282.3
122181,4932,55600,274.2
122191,4936,57200,282.3
122201,4932,55600,274.2
122211,4932,115700,570.6
122221,4932,55600,274.2
122231,4932,57300,282.6
122241,4916,78800,387.4
122251,4936,57200,282.3
122261,4932,55600,274.2
122271,4936,57200,282.3
122281,4932,56300,277.7
122291,4932,56600,279.2
122301,4932,56300,277.7
122311,4932,59400,293.0
122321,4932,56300,277.7
122331,4932,56600,279.2
122341,4888,60900,297.7
122351,4932,55700,274.7
122361,4936,57200,282.3
122371,4932,55600,274.2
122381,4932,57300,282.6
122391,4932,55700,274.7
122401,4932,57300,282.6
122411,4932,55600,274.2
122421,4760,186900,889.6
122431,4932,55700,274.7
122441,4904,71000,348.2
122451,4932,55700,274.7
122461,4936,57200,282.3
122471,4932,56300,277.7
122481,4932,56600,279.2
122491,4932,56300,277.7
122501,4936,56700,279.9
122511,4932,56300,277.7
122521,4804,140400,674.5
122531,4936,57300,282.8
122541,4932,87700,432.5
122551,4936,57300,282.8
122561,4932,55700,274.7
122571,4936,57200,282.3
122581,4932,55700,274.7
122591,4936,57200,282.3
122601,4932,55700,274.7
122611,4932,57200,282.1
122621,4932,55600,274.2
122631,4936,57300,282.8
122641,4908,74900,367.6
122651,4932,57300,282.6
122661,4932,56300,277.7
122671,4936,56500,278.9
122681,4932,56200,277.2
122691,4932,56600,279.2
122701,4932,56300,277.7
122711,4932,56600,279.2
122721,4936,57300,282.8
122731,4712,141200,665.3
122741,4888,58800,287.4
122751,4932,55600,274.2
122761,4936,57200,282.3
122771,4932,55600,274.2
122781,4936,57300,282.8
122791,4932,55600,274.2
122801,4936,57200,282.3
122811,4932,55600,274.2
122821,4932,57200,282.1
122831,4932,55700,274.7
122841,4808,236900,1139.0
122851,4932,56300,277.7
122861,4932,56600,279.2
122871,4932,56300,277.7
122881,4932,56600,279.2
122891,4932,56300,277.7
122901,4936,56600,279.4
122911,4936,57300,282.8
122921,4932,55700,274.7
122931,4932,57300,282.6
122941,4692,168000,788.3
122951,4936,57300,282.8
122961,4932,55700,274.7
122971,4936,57200,282.3
122981,4932,55600,274.2
122991,4936,57200,282.3
123001,4932,55700,274.7
123011,4932,57300,282.6
123021,4932,55600,274.2
123031,4932,57200,282.1
123041,4900,70900,347.4
123051,4800,195200,937.0
123061,4932,56300,277.7
123071,4936,56600,279.4
123081,4936,56300,277.9
123091,4932,56600,279.2
123101,4932,57200,282.1
123111,4932,55700,274.7
123121,4936,57200,282.3
123131,4932,55600,274.2
123141,4888,57300,280.1
123151,4932,58600,289.0
123161,4932,57200,282.1
123171,4932,55600,274.2
123181,4936,57300,282.8
123191,4932,55600,274.2
123201,4936,57300,282.8
123211,4932,55600,274.2
123221,4932,57200,282.1
123231,4932,56300,277.7
123241,4936,78400,387.0
123251,4932,56300,277.7
123261,4800,142100,682.1
123271,4932,56300,277.7
123281,4932,56600,279.2
123291,4936,57200,282.3
123301,4932,55700,274.7
123311,4932,57200,282.1
123321,4932,55600,274.2
123331,4936,57200,282.3
123341,4924,85800,422.5
123351,4936,57200,282.3
123361,4932,55700,274.7
123371,4808,170400,819.3
123381,4932,55700,274.7
123391,4936,57200,282.3
123401,4932,55600,274.2
123411,4936,57200,282.3
123421,4932,56200,277.2
123431,4936,56600,279.4
123441,4896,67300,329.5
123451,4932,56600,279.2
123461,4932,56300,277.7
123471,4932,56600,279.2
123481,4936,57300,282.8
123491,4932,55700,274.7
123501,4936,57200,282.3
123511,4932,55600,274.2
123521,4936,57300,282.8
123531,4932,55700,274.7
123542,4888,57400,280.6
123551,4932,55600,274.2
123561,4936,57200,282.3
123571,4932,55700,274.7
123581,4808,213300,1025.5
123591,4932,55600,274.2
123601,4936,57200,282.3
123611,4932,56300,277.7
123621,4936,56500,278.9
123631,4936,56300,277.9
123641,4932,82600,407.4
123651,4932,56400,278.2
123661,4932,56500,278.7
123671,4936,57200,282.3
123681,4724,147700,697.7
123691,4932,57200,282.1
123701,4932,55600,274.2
123711,4936,57200,282.3
123721,4932,55600,274.2
123731,4932,57200,282.1
123741,4920,83100,408.9
123751,4936,57300,282.8
123761,4932,55600,274.2
123771,4936,57200,282.3
123781,4932,55700,274.7
123791,4808,213200,1025.1
123801,4932,56300,277.7
123811,4936,56500,278.9
123821,4932,56300,277.7
123831,4932,56600,279.2
123841,4888,63100,308.4
123851,4932,56600,279.2
123861,4936,57200,282.3
123871,4932,55600,274.2
123881,4936,57300,282.8
123891,4932,58600,289.0
123901,4936,57300,282.8
123911,4932,55600,274.2
123921,4936,57200,282.3
123931,4932,55600,274.2
123941,4896,66500,325.6
123951,4932,55600,274.2
123961,4936,57300,282.8
123971,4932,55600,274.2
123981,4936,57200,282.3
123991,4932,56300,277.7
124001,4696,130800,614.2
124011,4932,56300,277.7
124021,4932,56500,278.7
124031,4932,56300,277.7
124041,4932,86800,428.1
124051,4936,57200,282.3
124061,4932,55700,274.7
124071,4936,57200,282.3
124081,4932,55700,274.7
124091,4936,57200,282.3
124101,4932,55600,274.2
124111,4932,57200,282.1
124121,4932,55700,274.7
124131,4936,57300,282.8
124141,4916,79400,390.3
124151,4936,57200,282.3
124161,4932,55600,274.2
124171,4936,57200,282.3
124181,4932,56300,277.7
124191,4936,56500,278.9
124201,4932,56300,277.7
124211,4788,186300,892.0
124221,4932,56300,277.7
124231,4932,56600,279.2
124241,4884,61400,299.9
124251,4932,55700,274.7
124261,4932,57300,282.6
124271,4932,55600,274.2
124281,4936,57300,282.8
124291,4932,55700,274.7
124301,4936,57200,282.3
124311,4804,139400,669.7
124321,4932,57200,282.1
124331,4932,55700,274.7
124341,4904,70400,345.2
124351,4932,55700,274.7
124361,4936,57300,282.8
124371,4932,56300,277.7
124381,4936,56600,279.4
124391,4932,56300,277.7
124401,4932,56600,279.2
124411,4932,56400,278.2
124421,4704,135600,637.9
124431,4932,57200,282.1
124441,4932,87600,432.0
124451,4932,57300,282.6
124461,4932,55700,274.7
124471,4936,57200,282.3
124481,4932,55700,274.7
124491,4936,57200,282.3
124501,4932,55600,274.2
124511,4936,57200,282.3
124521,4804,138900,667.3
124531,4936,57300,282.8
124541,4908,75600,371.0
124551,4932,57300,282.6
124561,4932,56300,277.7
124571,4936,56600,279.4
124581,4932,56300,277.7
124591,4932,56600,279.2
124601,4932,56400,278.2
124611,4936,56600,279.4
124621,4932,57200,282.1
124631,4888,55600,271.8
124641,4884,59500,290.6
124651,4932,55700,274.7
124661,4932,57200,282.1
124671,4932,55600,274.2
124681,4936,57200,282.3
124691,4932,55700,274.7
124701,4936,57200,282.3
124711,4932,55700,274.7
124721,4936,57200,282.3
124731,4716,160900,758.8
124741,4936,74500,367.7
124751,4932,56300,277.7
124761,4936,56700,279.9
124771,4932,56300,277.7
124781,4932,56600,279.2
124791,4932,56300,277.7
124801,4932,56600,279.2
124811,4936,57200,282.3
124821,4932,55600,274.2
124831,4804,142900,686.5
124841,4928,87000,428.7
124851,4932,57300,282.6
124861,4932,55700,274.7
124871,4936,57200,282.3
124881,4932,55700,274.7
124891,4936,57200,282.3
124901,4932,55700,274.7
124911,4932,57200,282.1
124921,4932,55600,274.2
124931,4936,57300,282.8
124941,4656,163800,762.7
124951,4932,56700,279.6
124961,4932,56300,277.7
124971,4932,56600,279.2
124981,4932,56300,277.7
124991,4932,56600,279.2
125001,4936,57300,282.8
125011,4932,55700,274.7
125021,4932,57300,282.6
125031,4932,55600,274.2
125041,4888,89600,438.0
125051,4932,55600,274.2
125061,4932,57300,282.6
125071,4932,55700,274.7
125081,4932,57300,282.6
125091,4932,55700,274.7
125101,4936,57200,282.3
125111,4932,55600,274.2
125121,4936,57300,282.8
125131,4932,56400,278.2
125141,4936,78100,385.5
125151,4932,56300,277.7
125161,4932,56600,279.2
125172,4932,57200,282.1
125181,4932,56600,279.2
125191,4936,57200,282.3
125201,4932,55700,274.7
125211,4936,57300,282.8
125221,4932,55600,274.2
125231,4932,57200,282.1
125241,4924,85900,423.0
125251,4804,146200,702.3
125261,4932,55700,274.7
125271,4936,57200,282.3
125281,4932,55600,274.2
125291,4936,57200,282.3
125301,4932,55600,274.2
125311,4932,57300,282.6
125321,4932,56300,277.7
125331,4936,56600,279.4
125341,4896,67700,331.5
125351,4932,56600,279.2
125361,4688,141900,665.2
125371,4936,56600,279.4
125381,4932,57300,282.6
125391,4932,55600,274.2
125401,4936,57200,282.3
125411,4932,55500,273.7
125421,4936,57300,282.8
125431,4932,55600,274.2
125441,4892,57300,280.3
125451,4932,55700,274.7
125461,4816,182600,879.4
125471,4932,55600,274.2
125481,4936,57200,282.3
125491,4932,55600,274.2
125501,4936,57200,282.3
125511,4928,56300,277.4
125521,4936,56600,279.4
125531,4936,56300,277.9
125541,4932,82300,405.9
125551,4932,56300,277.7
125561,4932,59500,293.5
125571,4932,57100,281.6
125581,4932,55600,274.2
125591,4936,57200,282.3
125601,4932,55600,274.2
125611,4936,57200,282.3
125621,4932,55700,274.7
125631,4936,57300,282.8
125641,4920,83500,410.8
125651,4936,57200,282.3
125661,4932,55700,274.7
125671,4932,57200,282.1
125681,4932,55700,274.7
125691,4936,57200,282.3
125701,4932,56400,278.2
125711,4936,56700,279.9
125721,4932,56300,277.7
125731,4936,56600,279.4
125741,4892,63500,310.6
125751,4932,56600,279.2
125761,4932,57200,282.1
125771,4708,138500,652.1
125781,4936,57200,282.3
125791,4932,55600,274.2
125801,4936,57300,282.8
125811,4932,55600,274.2
125821,4936,57200,282.3
125831,4932,55700,274.7
125841,4892,66100,323.4
125851,4932,55700,274.7
125861,4936,57300,282.8
125871,4932,55600,274.2
125881,4812,213400,1026.9
125891,4932,56300,277.7
125901,4936,56800,280.4
125911,4932,56300,277.7
125921,4932,56500,278.7
125931,4932,56300,277.7
125941,4932,86400,426.1
125951,4932,57200,282.1
125961,4932,55700,274.7
125971,4932,57200,282.1
125981,4800,140400,673.9
125991,4932,57200,282.1
126001,4932,55600,274.2
126011,4936,57300,282.8
126021,4932,55600,274.2
126031,4936,57200,282.3
126041,4916,80200,394.3
126051,4936,57300,282.8
126061,4932,55700,274.7
126071,4936,57200,282.3
126081,4776,141300,674.8
126091,4932,56900,280.6
126101,4932,56300,277.7
126111,4932,56600,279.2
126121,4932,56300,277.7
126131,4936,56600,279.4
126141,4884,61700,301.3
126151,4932,55700,274.7
126161,4932,57300,282.6
126171,4932,55600,274.2
126181,4932,57200,282.1
126191,4912,55700,273.6
126201,4936,57200,282.3
126211,4932,55600,274.2
126221,4936,57200,282.3
126231,4932,55600,274.2
126241,4900,69700,341.5
126251,4932,55600,274.2
126261,4932,57300,282.6
126271,4932,56400,278.2
126281,4932,56900,280.6
126291,4696,131600,618.0
126301,4932,56600,279.2
126311,4932,56300,277.7
126321,4932,56600,279.2
126331,4932,57300,282.6
126341,4932,87700,432.5
126351,4932,57300,282.6
126361,4932,55700,274.7
126371,4932,57200,282.1
126381,4932,55700,274.7
126391,4936,57200,282.3
126401,4928,55700,274.5
126411,4936,57300,282.8
126421,4932,55600,274.2
126431,4936,57300,282.8
126441,4908,76100,373.5
126451,4936,57200,282.3
126461,4932,56300,277.7
126471,4936,56900,280.9
126481,4932,56300,277.7
126491,4932,56600,279.2
126501,4932,56300,277.7
126511,4932,56600,279.2
126521,4932,57200,282.1
126531,4932,55700,274.7
126541,4884,59500,290.6
126551,4932,55600,274.2
126561,4936,57300,282.8
126571,4932,55600,274.2
126581,4932,57200,282.1
126591,4932,55600,274.2
126601,4804,141500,679.8
126611,4932,55700,274.7
126621,4932,57200,282.1
126631,4932,55600,274.2
126641,4936,73700,363.8
126651,4932,56300,277.7
126661,4936,57000,281.4
126671,4932,56200,277.2
126681,4932,56600,279.2
126691,4932,56300,277.7
126701,4932,56600,279.2
126711,4816,134300,646.8
126721,4932,55600,274.2
126731,4936,57300,282.8
126741,4928,87000,428.7
126751,4932,57200,282.1
126761,4932,55700,274.7
126771,4936,57200,282.3
126781,4932,55600,274.2
126791,4936,57200,282.3
126801,4932,55600,274.2
126812,4932,57300,282.6
126821,4700,135800,638.3
126831,4936,57300,282.8
126841,4904,72700,356.5
126851,4936,57100,281.8
126861,4932,56300,277.7
126871,4936,56600,279.4
126881,4932,56300,277.7
126891,4932,56600,279.2
126901,4932,57300,282.6
126911,4932,55600,274.2
126921,4936,57200,282.3
126931,4732,151300,716.0
126941,4884,57300,279.9
126951,4932,55600,274.2
126961,4936,57200,282.3
126971,4932,55600,274.2
126981,4932,57200,282.1
126991,4932,55600,274.2
127001,4936,57200,282.3
127011,4932,55600,274.2
127021,4936,57200,282.3
127031,4932,56200,277.2
127041,4816,224900,1083.1
127051,4936,56300,277.9
127061,4932,56600,279.2
127071,4936,56300,277.9
127081,4932,56700,279.6
127091,4932,57300,282.6
127101,4932,55700,274.7
127111,4936,57200,282.3
127121,4932,55600,274.2
127131,4932,57300,282.6
127141,4924,85500,421.0
127151,4936,57200,282.3
127161,4932,55700,274.7
127171,4936,57200,282.3
127181,4932,55700,274.7
127191,4936,57200,282.3
127201,4932,55700,274.7
127211,4936,57300,282.8
127221,4932,56200,277.2
127231,4936,57100,281.8
127241,4900,68200,334.2
127251,4700,131500,618.0
127261,4932,56300,277.7
127271,4932,56600,279.2
127281,4932,57300,282.6
127291,4932,55700,274.7
127301,4932,57300,282.6
127311,4932,55700,274.7
127321,4936,57200,282.3
127331,4932,55700,274.7
127341,4892,57300,280.3
127351,4804,136300,654.8
127361,4936,57300,282.8
127371,4932,55600,274.2
127381,4932,57300,282.6
127391,4932,55600,274.2
127401,4932,57200,282.1
127411,4932,56000,276.2
127421,4936,57200,282.3
127431,4932,56300,277.7
127441,4932,81300,401.0
127451,4932,56200,277.2
127461,4772,219300,1046.5
127471,4932,57200,282.1
127481,4932,55800,275.2
127491,4932,57300,282.6
127501,4932,55700,274.7
127511,4932,57300,282.6
127521,4932,55600,274.2
127531,4932,57200,282.1
127541,4920,84100,413.8
127551,4936,57200,282.3
127561,4932,55600,274.2
127571,4732,167300,791.7
127581,4932,55700,274.7
127591,4936,57200,282.3
127601,4932,55900,275.7
127611,4932,57200,282.1
127621,4932,56300,277.7
127631,4932,56700,279.6
127641,4892,64800,317.0
127651,4936,56500,278.9
127661,4932,57300,282.6
127671,4700,134000,629.8
127681,4936,57300,282.8
127691,4932,55600,274.2
127701,4936,57300,282.8
127711,4932,55600,274.2
127721,4936,57200,282.3
127731,4932,55600,274.2
127741,4892,65500,320.4
127751,4932,55700,274.7
127761,4936,57200,282.3
127771,4800,140900,676.3
127781,4932,57300,282.6
127791,4932,55900,275.7
127801,4936,57300,282.8
127811,4932,56300,277.7
127821,4936,56600,279.4
127831,4932,56200,277.2
127841,4932,85300,420.7
127851,4932,57200,282.1
127861,4932,55800,275.2
127871,4936,57200,282.3
127881,4812,215000,1034.6
127891,4936,57200,282.3
127901,4932,55700,274.7
127911,4936,57200,282.3
127921,4932,55600,274.2
127931,4936,57200,282.3
127941,4916,81500,400.7
127951,4936,57300,282.8
127961,4932,55700,274.7
127971,4936,57200,282.3
127981,4728,166400,786.7
127991,4936,57100,281.8
128001,4932,56300,277.7
128011,4932,56600,279.2
128021,4932,56300,277.7
128031,4936,56600,279.4
128041,4888,62400,305.0
128051,4932,55900,275.7
128061,4936,57200,282.3
128071,4932,55700,274.7
128081,4936,57300,282.8
128091,4812,219900,1058.2
128101,4932,57300,282.6
128111,4932,55700,274.7
128121,4936,57200,282.3
128131,4932,55700,274.7
128141,4900,68600,336.1
128151,4932,55600,274.2
128161,4936,57300,282.8
128171,4932,55800,275.2
128181,4936,57300,282.8
128191,4932,56300,277.7
128201,4736,147900,700.5
128211,4932,56300,277.7
128221,4932,56600,279.2
128231,4932,57200,282.1
128241,4932,87700,432.5
128251,4936,57200,282.3
128261,4932,55700,274.7
128271,4936,57200,282.3
128281,4932,55700,274.7
128291,4936,57200,282.3
128301,4692,131500,617.0
128311,4932,57300,282.6
128321,4932,55500,273.7
128331,4936,57200,282.3
128341,4912,77100,378.7
128351,4936,57200,282.3
128361,4932,55700,274.7
128371,4936,57200,282.3
128381,4932,56300,277.7
128391,4932,56600,279.2
128401,4932,56300,277.7
128411,4808,219300,1054.4
128421,4932,57100,281.6
128431,4936,56100,276.9
128442,4924,60000,295.4
128451,4932,55700,274.7
128461,4936,57300,282.8
128471,4932,55600,274.2
128481,4936,57200,282.3
128491,4932,55600,274.2
128501,4936,57200,282.3
128511,4712,171800,809.5
128521,4936,57200,282.3
128531,4932,55700,274.7
128541,4936,72800,359.3
128551,4932,55700,274.7
128561,4936,57200,282.3
128571,4932,56300,277.7
128581,4932,56600,279.2
128591,4932,56300,277.7
128601,4932,56500,278.7
128611,4928,66000,325.2
128621,4936,56200,277.4
128631,4932,57300,282.6
128641,4928,87500,431.2
128651,4936,57200,282.3
128661,4932,55600,274.2
128671,4932,57200,282.1
128681,4932,55700,274.7
128691,4936,57200,282.3
128701,4932,55600,274.2
128711,4932,57300,282.6
128721,4932,55600,274.2
128731,4936,57300,282.8
128741,4904,73100,358.5
128751,4932,57200,282.1
128761,4932,56300,277.7
128771,4932,56600,279.2
128781,4932,56300,277.7
128791,4936,56600,279.4
128801,4936,57200,282.3
128811,4932,56100,276.7
128821,4784,141100,675.0
128831,4932,55700,274.7
128841,4884,57900,282.8
128851,4932,55600,274.2
128861,4936,57200,282.3
128871,4932,55600,274.2
128881,4936,57300,282.8
128891,4932,55600,274.2
128901,4936,57200,282.3
128911,4932,55700,274.7
128921,4932,57200,282.1
128931,4784,140200,670.7
128941,4936,76900,379.6
128951,4932,56300,277.7
128961,4932,56600,279.2
128971,4932,56300,277.7
128981,4932,56600,279.2
128991,4932,57100,281.6
129001,4932,56200,277.2
129011,4932,57200,282.1
129021,4932,55600,274.2
129031,4936,57200,282.3
129041,4788,174000,833.1
129051,4936,57300,282.8
129061,4932,55600,274.2
129071,4932,57300,282.6
129081,4932,55700,274.7
129091,4936,57200,282.3
129101,4932,55600,274.2
129111,4936,57200,282.3
129121,4932,55700,274.7
129131,4936,57200,282.3
129141,4772,158600,756.8
129151,4932,56600,279.2
129161,4932,56400,278.2
129171,4932,56600,279.2
129181,4932,57000,281.1
129191,4932,56200,277.2
129201,4936,57200,282.3
129211,4932,55700,274.7
129221,4936,57200,282.3
129231,4932,55700,274.7
129241,4888,57300,280.1
129251,4692,136300,639.5
129261,4936,57300,282.8
129271,4932,55600,274.2
129281,4936,57200,282.3
129291,4932,55600,274.2
129301,4932,57200,282.1
129311,4932,55600,274.2
129321,4932,57200,282.1
129331,4932,56300,277.7
129341,4932,80500,397.0
129351,4932,56300,277.7
129361,4808,219400,1054.9
129371,4936,56900,280.9
129381,4932,56400,278.2
129391,4936,57200,282.3
129401,4932,55600,274.2
129411,4936,57200,282.3
129421,4932,55700,274.7
129431,4936,57200,282.3
129441,4920,84800,417.2
129451,4932,57200,282.1
129461,4804,145800,700.4
129471,4936,57200,282.3
129481,4932,55700,274.7
129491,4936,57200,282.3
129501,4932,55700,274.7
129511,4932,57300,282.6
129521,4932,56300,277.7
129531,4932,56600,279.2
129541,4892,65500,320.4
129551,4932,56500,278.7
129561,4928,63400,312.4
129571,4936,56400,278.4
129581,4936,57200,282.3
129591,4932,55700,274.7
129601,4936,57300,282.8
129611,4932,55700,274.7
129621,4936,57100,281.8
129631,4932,55700,274.7
129641,4892,65000,318.0
129651,4932,55600,274.2
129661,4932,57200,282.1
129671,4796,143600,688.7
129681,4936,57300,282.8
129691,4932,55700,274.7
129701,4936,57300,282.8
129711,4936,56300,277.9
129721,4932,56600,279.2
129731,4932,56300,277.7
129741,4932,84400,416.3
129751,4932,56900,280.6
129761,4932,56400,278.2
129771,4780,141600,676.8
129781,4932,55700,274.7
129791,4932,57300,282.6
129801,4932,55700,274.7
129811,4936,57200,282.3
129821,4932,55600,274.2
129831,4936,57300,282.8
129841,4920,82300,404.9
129851,4936,57300,282.8
129861,4932,55700,274.7
129871,4936,57200,282.3
129881,4800,139400,669.1
129891,4936,57200,282.3
129901,4932,56400,278.2
129911,4932,56600,279.2
129921,4932,56300,277.7
129931,4936,56600,279.4
129941,4888,62400,305.0
129951,4932,56400,278.2
129961,4936,57200,282.3
129971,4932,55600,274.2
129981,4932,57300,282.6
129991,4800,139700,670.6
130001,4936,57200,282.3
130011,4932,55600,274.2
130021,4936,57200,282.3
130031,4932,55700,274.7
130041,4900,67500,330.8
130051,4932,55600,274.2
130061,4932,57300,282.6
130072,4932,56300,277.7
130081,4936,57200,282.3
130091,4780,141600,676.8
130101,4932,56600,279.2
130111,4936,56300,277.9
130121,4936,56600,279.4
130131,4932,56700,279.6
130141,4932,87700,432.5
130151,4932,57200,282.1
130161,4932,55700,274.7
130171,4936,57200,282.3
130181,4932,55700,274.7
130191,4936,57200,282.3
130201,4828,150800,728.1
130211,4936,57300,282.8
130221,4932,55600,274.2
130231,4936,57200,282.3
130241,4912,78100,383.6
130251,4936,57200,282.3
130261,4932,55600,274.2
130271,4936,57200,282.3
130281,4932,56300,277.7
130291,4932,56600,279.2
130301,4932,56200,277.2
130311,4796,141100,676.7
130321,4932,56700,279.6
130331,4932,56600,279.2
130341,4888,60300,294.7
130351,4932,55600,274.2
130361,4936,57300,282.8
130371,4932,55600,274.2
130381,4936,57300,282.8
130391,4932,55700,274.7
130401,4932,57200,282.1
130411,4932,55600,274.2
130421,4936,62000,306.0
130431,4932,55600,274.2
130441,4936,72000,355.4
130451,4932,55700,274.7
130461,4936,57300,282.8
130471,4932,56300,277.7
130481,4936,56600,279.4
130491,4932,56400,278.2
130501,4936,56600,279.4
130511,4936,56700,279.9
130521,4888,156600,765.5
130531,4936,57200,282.3
130541,4932,87600,432.0
130551,4936,57200,282.3
130561,4932,55700,274.7
130571,4932,57200,282.1
130581,4932,55600,274.2
130591,4932,57200,282.1
130601,4932,55600,274.2
130611,4936,57300,282.8
130621,4932,55600,274.2
130631,4800,143700,689.8
130641,4908,74000,363.2
130651,4936,57200,282.3
130661,4932,56200,277.2
130671,4936,56700,279.9
130681,4932,56300,277.7
130691,4932,56600,279.2
130701,4936,56700,279.9
130711,4932,56600,279.2
130721,4936,57200,282.3
130731,4932,55600,274.2
130741,4888,58300,285.0
130751,4932,55600,274.2
130761,4936,57200,282.3
130771,4932,55700,274.7
130781,4936,57300,282.8
130791,4932,55600,274.2
130801,4936,57200,282.3
130811,4932,55600,274.2
130821,4936,57200,282.3
130831,4932,55700,274.7
130841,4812,193600,931.6
130851,4932,56300,277.7
130861,4932,56600,279.2
130871,4932,56300,277.7
130881,4936,56600,279.4
130891,4932,56600,279.2
130901,4936,56600,279.4
130911,4936,57300,282.8
130921,4932,55600,274.2
130931,4936,57300,282.8
130941,4744,196500,932.2
130951,4936,57300,282.8
130961,4932,55600,274.2
130971,4936,57200,282.3
130981,4932,55700,274.7
130991,4936,57300,282.8
131001,4932,55600,274.2
131011,4936,57300,282.8
131021,4932,55600,274.2
131031,4936,57200,282.3
131041,4768,163600,780.0
131051,4932,56600,279.2
131061,4932,56300,277.7
131071,4936,56600,279.4
131081,4932,56600,279.2
131091,4936,56600,279.4
131101,4936,57200,282.3
131111,4932,55600,274.2
131121,4932,57200,282.1
131131,4932,55600,274.2
131141,4888,57400,280.6
131151,4888,55600,271.8
131161,4932,57300,282.6
131171,4932,55600,274.2
131181,4936,57200,282.3
131191,4932,55600,274.2
131201,4936,57200,282.3
131211,4932,55700,274.7
131221,4932,57200,282.1
131231,4932,56300,277.7
131241,4932,79600,392.6
131251,4804,141300,678.8
131261,4932,56600,279.2
131271,4932,56400,278.2
131281,4932,56600,279.2
131291,4936,57200,282.3
131301,4932,55600,274.2
131311,4936,57200,282.3
131321,4932,55600,274.2
131331,4932,57300,282.6
131341,4920,85200,419.2
131351,4936,57200,282.3
131361,4692,132900,623.6
131371,4932,57300,282.6
131381,4932,55600,274.2
131391,4932,57300,282.6
131401,4932,55600,274.2
131411,4936,57300,282.8
131421,4932,56300,277.7
131431,4932,56700,279.6
131441,4896,66400,325.1
131451,4932,56600,279.2
131461,4932,56500,278.7
131471,4808,219000,1053.0
131481,4932,57200,282.1
131491,4932,55600,274.2
131501,4936,57200,282.3
131511,4932,55700,274.7
131521,4936,57200,282.3
131531,4932,55600,274.2
131541,4892,64600,316.0
131551,4932,55600,274.2
131561,4932,57300,282.6
131571,4932,55600,274.2
131581,4808,155200,746.2
131591,4932,55600,274.2
131601,4932,57200,282.1
131611,4932,56400,278.2
131621,4936,56700,279.9
131631,4932,56300,277.7
131641,4932,83600,412.3
131651,4932,56500,278.7
131661,4932,56600,279.2
131671,4936,57200,282.3
131681,4932,55600,274.2
131691,4688,141800,664.8
131702,4932,55600,274.2
131711,4936,57300,282.8
131721,4932,55600,274.2
131731,4936,57200,282.3
131741,4920,82600,406.4
131751,4936,57200,282.3
131761,4932,55600,274.2
131771,4936,57200,282.3
131781,4932,55600,274.2
131791,4932,57200,282.1
131801,4744,174400,827.4
131811,4936,56600,279.4
131821,4932,56300,277.7
131831,4932,56600,279.2
131841,4888,62500,305.5
131851,4932,56600,279.2
131861,4932,57200,282.1
131871,4932,55600,274.2
131881,4936,57200,282.3
131891,4932,55600,274.2
131901,4752,137800,654.8
131911,4932,55700,274.7
131921,4936,57300,282.8
131931,4932,55700,274.7
131941,4896,67100,328.5
131951,4932,55700,274.7
131961,4936,57200,282.3
131971,4932,55700,274.7
131981,4936,57200,282.3
131991,4932,56300,277.7
132001,4932,56600,279.2
132011,4720,160400,757.1
132021,4936,56600,279.4
132031,4932,56400,278.2
132041,4932,87300,430.6
132051,4936,57300,282.8
132061,4932,55600,274.2
132071,4936,57200,282.3
132081,4932,55700,274.7
132091,4936,57200,282.3
132101,4932,55600,274.2
132111,4932,57200,282.1
132121,4932,55700,274.7
132131,4932,57300,282.6
132141,4912,78600,386.1
132151,4936,57200,282.3
132161,4932,55600,274.2
132171,4936,57200,282.3
132181,4932,56300,277.7
132191,4932,56700,279.6
132201,4932,56300,277.7
132211,4932,56600,279.2
132221,4932,56300,277.7
132231,4932,56600,279.2
132241,4884,60900,297.4
132251,4932,55700,274.7
132261,4932,57200,282.1
132271,4932,55600,274.2
132281,4936,57200,282.3
132291,4932,55600,274.2
132301,4936,57200,282.3
132311,4932,55600,274.2
132321,4808,212500,1021.7
132331,4932,55600,274.2
132341,4936,71400,352.4
132351,4932,55700,274.7
132361,4936,57200,282.3
132371,4932,56300,277.7
132381,4932,56700,279.6
132391,4932,56300,277.7
132401,4936,56600,279.4
132411,4932,56400,278.2
132421,4896,155300,760.3
132431,4932,57200,282.1
132441,4932,87500,431.6
132451,4936,57200,282.3
132461,4932,55600,274.2
132471,4936,57200,282.3
132481,4932,55700,274.7
132491,4936,57200,282.3
132501,4932,55600,274.2
132511,4936,57200,282.3
132521,4932,55600,274.2
132531,4812,214800,1033.6
132541,4908,74400,365.2
132551,4936,57200,282.3
132561,4932,56200,277.2
132571,4936,56600,279.4
132581,4932,56300,277.7
132591,4932,56600,279.2
132601,4932,56300,277.7
132611,4932,56600,279.2
132621,4936,57200,282.3
132631,4692,129500,607.6
132641,4884,58600,286.2
132651,4932,55700,274.7
132661,4936,57200,282.3
132671,4932,55600,274.2
132681,4936,57300,282.8
132691,4932,55600,274.2
132701,4936,57200,282.3
132711,4932,55600,274.2
132721,4936,57200,282.3
132731,4796,143700,689.2
132741,4936,75600,373.2
132751,4932,56200,277.2
132761,4936,56600,279.4
132771,4932,56300,277.7
132781,4932,56600,279.2
132791,4932,56400,278.2
132801,4932,56600,279.2
132811,4932,57300,282.6
132821,4932,55600,274.2
132831,4932,57200,282.1
132841,4796,172300,826.4
132851,4932,57200,282.1
132861,4932,55700,274.7
132871,4936,57200,282.3
132881,4932,55600,274.2
132891,4932,57200,282.1
132901,4932,55600,274.2
132911,4936,57200,282.3
132921,4932,55600,274.2
132931,4936,57200,282.3
132941,4900,69900,342.5
132951,4804,141600,680.2
132961,4932,56300,277.7
132971,4932,56600,279.2
132981,4932,56300,277.7
132991,4936,56600,279.4
133001,4936,57300,282.8
133011,4932,55600,274.2
133021,4936,57200,282.3
133031,4932,55700,274.7
133041,4888,57400,280.6
133051,4932,55600,274.2
133061,4936,86800,428.4
133071,4932,55600,274.2
133081,4936,57300,282.8
133091,4932,55600,274.2
133101,4932,57200,282.1
133111,4932,55600,274.2
133121,4936,57300,282.8
133131,4932,56300,277.7
133141,4932,79200,390.6
133151,4932,56300,277.7
133161,4908,155900,765.2
133171,4932,56300,277.7
133181,4936,56600,279.4
133191,4932,57300,282.6
133201,4932,55700,274.7
133211,4932,57200,282.1
133221,4932,55600,274.2
133231,4932,57300,282.6
133241,4924,85300,420.0
133251,4936,57200,282.3
133261,4928,55600,274.0
133271,4792,127500,611.0
133281,4932,55700,274.7
133291,4936,57300,282.8
133301,4932,55600,274.2
133311,4936,57300,282.8
133321,4932,56300,277.7
133331,4932,56600,279.2
133342,4932,110700,546.0
133351,4932,56500,278.7
133361,4932,56300,277.7
133371,4932,56600,279.2
133381,4804,161700,776.8
133391,4932,55700,274.7
133401,4936,57200,282.3
133411,4932,55600,274.2
133421,4936,57200,282.3
133431,4932,55700,274.7
133441,4892,64400,315.0
133451,4932,55700,274.7
133461,4932,57200,282.1
133471,4932,55600,274.2
133481,4936,57200,282.3
133491,4932,55700,274.7
133501,4936,57200,282.3
133511,4932,56300,277.7
133521,4932,56600,279.2
133531,4932,56200,277.2
133541,4932,83400,411.3
133551,4932,56300,277.7
133561,4936,56600,279.4
133571,4936,57200,282.3
133581,4932,58500,288.5
133591,4936,57200,282.3
133601,4932,55700,274.7
133611,4936,57300,282.8
133621,4932,55600,274.2
133631,4936,57200,282.3
133641,4920,82800,407.4
133651,4932,57200,282.1
133661,4932,55600,274.2
133671,4936,57200,282.3
133681,4932,55600,274.2
133691,4936,57200,282.3
133701,4932,56300,277.7
133711,4932,56600,279.2
133721,4932,56300,277.7
133731,4932,56700,279.6
133741,4888,62500,305.5
133751,4932,56600,279.2
133761,4932,57300,282.6
133771,4932,55600,274.2
133781,4936,57200,282.3
133791,4932,55700,274.7
133801,4804,182000,874.3
133811,4932,55600,274.2
133821,4936,57300,282.8
133831,4932,55700,274.7
133841,4896,67000,328.0
133851,4932,55700,274.7
133861,4936,57200,282.3
133871,4932,55600,274.2
133881,4932,57200,282.1
133891,4932,56300,277.7
133901,4932,56600,279.2
133911,4932,56400,278.2
133921,4932,56600,279.2
133931,4932,56300,277.7
133941,4932,87300,430.6
133951,4936,57200,282.3
133961,4932,55700,274.7
133971,4936,57200,282.3
133981,4932,55600,274.2
133991,4936,57200,282.3
134001,4932,55600,274.2
134011,4928,57200,281.9
134021,4932,55700,274.7
134031,4936,57300,282.8
134041,4916,78800,387.4
134051,4936,57200,282.3
134061,4932,55600,274.2
134071,4936,57300,282.8
134081,4932,56300,277.7
134091,4932,56600,279.2
134101,4932,56200,277.2
134111,4932,56600,279.2
134121,4788,137200,656.9
134131,4932,56600,279.2
134141,4884,60800,296.9
134151,4932,55600,274.2
134161,4932,57200,282.1
134171,4932,55600,274.2
134181,4936,57300,282.8
134191,4932,55700,274.7
134201,4936,57300,282.8
134211,4932,55700,274.7
134221,4804,143600,689.9
134231,4932,55700,274.7
134241,4936,71200,351.4
134251,4932,55600,274.2
134261,4932,57200,282.1
134271,4932,56300,277.7
134281,4936,56600,279.4
134291,4932,56300,277.7
134301,4936,56600,279.4
134311,4932,56300,277.7
134321,4932,56500,278.7
134331,4804,144100,692.3
134341,4932,87600,432.0
134351,4936,57200,282.3
134361,4932,55600,274.2
134371,4936,57300,282.8
134381,4932,55600,274.2
134391,4932,57200,282.1
134401,4932,55600,274.2
134411,4936,57200,282.3
134421,4932,55600,274.2
134431,4936,57300,282.8
134441,4780,228800,1093.7
134451,4936,57300,282.8
134461,4932,56300,277.7
134471,4932,56600,279.2
134481,4932,56300,277.7
134491,4932,56600,279.2
134501,4932,56300,277.7
134511,4936,56600,279.4
134521,4932,57300,282.6
134531,4932,55600,274.2
134541,4884,64000,312.6
134551,4932,55700,274.7
134561,4932,57300,282.6
134571,4932,55600,274.2
134581,4936,57200,282.3
134591,4932,55600,274.2
134601,4936,57200,282.3
134611,4932,55600,274.2
134621,4936,57200,282.3
134631,4932,55600,274.2
134641,4932,75400,371.9
134651,4796,142200,682.0
134661,4932,56600,279.2
134671,4932,56300,277.7
134681,4932,56600,279.2
134691,4932,56300,277.7
134701,4932,56600,279.2
134711,4932,57200,282.1
134721,4932,55700,274.7
134731,4936,57300,282.8
134741,4928,87000,428.7
134751,4936,57200,282.3
134761,4800,141900,681.1
134771,4932,57200,282.1
134781,4932,55600,274.2
134791,4936,57200,282.3
134801,4932,55700,274.7
134811,4936,57200,282.3
134821,4932,55700,274.7
134831,4932,57200,282.1
134841,4904,71100,348.7
134851,4932,56600,279.2
134861,4936,56300,277.9
134871,4804,56600,271.9
134881,4932,56300,277.7
134891,4932,56600,279.2
134901,4936,57200,282.3
134911,4932,55700,274.7
134921,4936,57200,282.3
134931,4932,55600,274.2
134941,4888,57300,280.1
134951,4936,55600,274.4
134961,4932,57200,282.1
134972,4932,55600,274.2
134981,4936,57200,282.3
134991,4932,55600,274.2
135001,4936,57200,282.3
135011,4932,55700,274.7
135021,4932,57200,282.1
135031,4932,56300,277.7
135041,4932,78900,389.1
135051,4932,56200,277.2
135061,4932,56600,279.2
135071,4804,141300,678.8
135081,4932,56600,279.2
135091,4932,57200,282.1
135101,4932,55600,274.2
135111,4932,57200,282.1
135121,4932,55600,274.2
135131,4932,57200,282.1
135141,4924,85300,420.0
135151,4936,57200,282.3
135161,4932,55600,274.2
135171,4936,57200,282.3
135181,4692,136200,639.1
135191,4932,57300,282.6
135201,4932,55600,274.2
135211,4936,57300,282.8
135221,4932,56300,277.7
135231,4932,56700,279.6
135241,4892,66900,327.3
135251,4936,56500,278.9
135261,4932,56300,277.7
135271,4932,56600,279.2
135281,4936,57200,282.3
135291,4704,132800,624.7
135301,4936,57200,282.3
135311,4932,55700,274.7
135321,4932,57200,282.1
135331,4932,55700,274.7
135341,4892,64200,314.1
135351,4932,55700,274.7
135361,4936,57200,282.3
135371,4932,55600,274.2
135381,4936,57300,282.8
135391,4932,55600,274.2
135401,4812,146800,706.4
135411,4932,56300,277.7
135421,4932,56500,278.7
135431,4932,56300,277.7
135441,4936,83000,409.7
135451,4932,56300,277.7
135461,4932,56600,279.2
135471,4932,57200,282.1
135481,4932,55700,274.7
135491,4936,57200,282.3
135501,4800,194300,932.6
135511,4936,57300,282.8
135521,4932,55600,274.2
135531,4936,57300,282.8
135541,4920,82800,407.4
135551,4936,57200,282.3
135561,4932,55700,274.7
135571,4936,57200,282.3
135581,4932,55700,274.7
135591,4936,57200,282.3
135601,4932,56200,277.2
135611,4812,161900,779.1
135621,4932,56300,277.7
135631,4932,56600,279.2
135641,4888,62700,306.5
135651,4932,56600,279.2
135661,4936,57300,282.8
135671,4932,55700,274.7
135681,4936,57200,282.3
135691,4932,55600,274.2
135701,4936,57100,281.8
135711,4808,136500,656.3
135721,4936,57200,282.3
135731,4932,55600,274.2
135741,4896,66800,327.1
135751,4932,55600,274.2
135761,4936,57300,282.8
135771,4932,55600,274.2
135781,4936,57200,282.3
135791,4932,56200,277.2
135801,4936,56600,279.4
135811,4932,56400,278.2
135821,4760,169200,805.4
135831,4932,56300,277.7
135841,4932,87100,429.6
135851,4932,57300,282.6
135861,4932,55700,274.7
135871,4936,57300,282.8
135881,4932,55700,274.7
135891,4936,57200,282.3
135901,4932,55600,274.2
135911,4936,57200,282.3
135921,4932,58600,289.0
135931,4936,57200,282.3
135941,4912,78800,387.1
135951,4932,57200,282.1
135961,4932,55700,274.7
135971,4932,57200,282.1
135981,4932,56200,277.2
135991,4936,56600,279.4
136001,4932,56300,277.7
136011,4932,56600,279.2
136021,4936,56300,277.9
136031,4808,197000,947.2
136041,4884,61100,298.4
136051,4932,55600,274.2
136061,4936,57300,282.8
136071,4932,55600,274.2
136081,4932,57200,282.1
136091,4932,55600,274.2
136101,4936,57200,282.3
136111,4932,55700,274.7
136121,4936,57200,282.3
136131,4932,55600,274.2
136141,4812,147300,708.8
136151,4932,55700,274.7
136161,4936,57300,282.8
136171,4932,56200,277.2
136181,4936,56600,279.4
136191,4932,56300,277.7
136201,4936,56600,279.4
136211,4932,56300,277.7
136221,4936,56600,279.4
136231,4936,57200,282.3
136241,4800,171200,821.8
136251,4936,57300,282.8
136261,4932,55700,274.7
136271,4932,57200,282.1
136281,4932,55700,274.7
136291,4932,57300,282.6
136301,4932,55700,274.7
136311,4936,57200,282.3
136321,4932,55600,274.2
136331,4932,57200,282.1
136341,4908,73000,358.3
136351,4936,57200,282.3
136361,4932,56300,277.7
136371,4936,56600,279.4
136381,4932,56300,277.7
136391,4932,56600,279.2
136401,4932,56200,277.2
136411,4936,56600,279.4
136421,4936,57200,282.3
136431,4932,55600,274.2
136441,4888,58400,285.5
136451,4932,58500,288.5
136461,4936,57300,282.8
136471,4932,55700,274.7
136481,4932,57200,282.1
136491,4932,55600,274.2
136501,4936,57200,282.3
136511,4932,55700,274.7
136521,4936,57200,282.3
136531,4932,55700,274.7
136541,4936,75300,371.7
136551,4932,56300,277.7
136561,4804,143200,687.9
136571,4932,56300,277.7
136581,4936,56600,279.4
136591,4932,56300,277.7
136601,4936,56600,279.4
136612,4936,57300,282.8
136621,4932,55700,274.7
136631,4932,57200,282.1
136641,4928,87100,429.2
136651,4936,57200,282.3
136661,4932,55600,274.2
136671,4812,208000,1000.9
136681,4932,55700,274.7
136691,4936,57200,282.3
136701,4932,55600,274.2
136711,4936,57200,282.3
136721,4932,55600,274.2
136731,4936,57300,282.8
136741,4900,71200,348.9
136751,4936,56600,279.4
136761,4932,56400,278.2
136771,4936,56600,279.4
136781,4932,56300,277.7
136791,4932,56700,279.6
136801,4932,57300,282.6
136811,4932,55600,274.2
136821,4932,57200,282.1
136831,4932,55600,274.2
136841,4888,57400,280.6
136851,4932,55700,274.7
136861,4936,57200,282.3
136871,4932,55600,274.2
136881,4804,142300,683.6
136891,4932,55700,274.7
136901,4936,57300,282.8
136911,4932,55600,274.2
136921,4936,57200,282.3
136931,4932,56300,277.7
136941,4932,78700,388.1
136951,4932,56300,277.7
136961,4936,56500,278.9
136971,4936,56300,277.9
136981,4936,56600,279.4
136991,4804,134800,647.6
137001,4932,55700,274.7
137011,4936,57300,282.8
137021,4932,55700,274.7
137031,4936,57200,282.3
137041,4924,85800,422.5
137051,4936,57200,282.3
137061,4932,55700,274.7
137071,4936,57300,282.8
137081,4932,55600,274.2
137091,4932,123300,608.1
137101,4932,55600,274.2
137111,4932,57200,282.1
137121,4932,56200,277.2
137131,4936,56600,279.4
137141,4896,67200,329.0
137151,4932,56600,279.2
137161,4932,56300,277.7
137171,4932,56500,278.7
137181,4932,57200,282.1
137191,4932,55600,274.2
137201,4808,145800,701.0
137211,4932,55600,274.2
137221,4936,57300,282.8
137231,4932,55600,274.2
137241,4892,64000,313.1
137251,4932,55600,274.2
137261,4936,57200,282.3
137271,4932,55600,274.2
137281,4932,57200,282.1
137291,4932,55700,274.7
137301,4936,57200,282.3
137311,4932,56300,277.7
137321,4932,56500,278.7
137331,4932,56300,277.7
137341,4932,82900,408.9
137351,4932,56300,277.7
137361,4936,56600,279.4
137371,4936,57300,282.8
137381,4932,55600,274.2
137391,4936,57200,282.3
137401,4932,55600,274.2
137411,4804,144400,693.7
137421,4932,55700,274.7
137431,4936,57200,282.3
137441,4920,83100,408.9
137451,4936,57200,282.3
137461,4932,55600,274.2
137471,4932,57200,282.1
137481,4932,55700,274.7
137491,4936,57200,282.3
137501,4932,56300,277.7
137511,4936,56500,278.9
137521,4932,56300,277.7
137531,4932,56600,279.2
137541,4892,63000,308.2
137551,4932,56600,279.2
137561,4936,57200,282.3
137571,4932,55700,274.7
137581,4936,57200,282.3
137591,4932,55600,274.2
137601,4936,57200,282.3
137611,4932,55600,274.2
137621,4740,158400,750.8
137631,4932,55700,274.7
137641,4896,66600,326.1
137651,4932,55600,274.2
137661,4936,57300,282.8
137671,4932,55600,274.2
137681,4936,57200,282.3
137691,4932,56200,277.2
137701,4936,56500,278.9
137711,4932,56300,277.7
137721,4936,56500,278.9
137731,4932,56300,277.7
137741,4936,86800,428.4
137751,4936,57200,282.3
137761,4932,55700,274.7
137771,4936,57200,282.3
137781,4932,55700,274.7
137791,4932,57200,282.1
137801,4932,55600,274.2
137811,4932,57200,282.1
137821,4932,55700,274.7
137831,4692,136600,640.9
137841,4916,79600,391.3
137851,4936,57200,282.3
137861,4932,55700,274.7
137871,4932,57200,282.1
137881,4932,56300,277.7
137891,4932,56600,279.2
137901,4932,56300,277.7
137911,4932,56700,279.6
137921,4932,56300,277.7
137931,4816,208000,1001.7
137941,4884,61500,300.4
137951,4932,55600,274.2
137961,4936,57300,282.8
137971,4932,55600,274.2
137981,4936,57200,282.3
137991,4932,55700,274.7
138001,4936,57200,282.3
138011,4932,55700,274.7
138021,4932,57200,282.1
138031,4740,157400,746.1
138041,4936,70400,347.5
138051,4932,55600,274.2
138061,4932,57300,282.6
138071,4932,56300,277.7
138081,4932,56600,279.2
138091,4932,56300,277.7
138101,4932,56600,279.2
138111,4936,56300,277.9
138121,4932,56600,279.2
138131,4696,137500,645.7
138141,4932,87700,432.5
138151,4932,57200,282.1
138161,4932,55700,274.7
138171,4936,57200,282.3
138181,4932,55700,274.7
138191,4936,57200,282.3
138201,4932,55600,274.2
138211,4936,57300,282.8
138221,4932,55600,274.2
138231,4804,206400,991.5
138242,4932,71000,350.2
138251,4936,57200,282.3
138261,4932,56400,278.2
138271,4936,56600,279.4
138281,4932,56300,277.7
138291,4932,56600,279.2
138301,4936,56200,277.4
138311,4936,56600,279.4
138321,4932,57200,282.1
138331,4932,55700,274.7
138341,4884,59300,289.6
138351,4932,55600,274.2
138361,4936,57300,282.8
138371,4932,55600,274.2
138381,4932,57300,282.6
138391,4932,55600,274.2
138401,4936,57300,282.8
138411,4932,55700,274.7
138421,4936,57200,282.3
138431,4932,55600,274.2
138441,4936,140000,691.0
138451,4932,56400,278.2
138461,4932,56500,278.7
138471,4932,56300,277.7
138481,4932,56700,279.6
138491,4936,56300,277.9
138501,4932,56600,279.2
138511,4936,57200,282.3
138521,4932,55700,274.7
138531,4932,57200,282.1
138541,4928,87300,430.2
138551,4816,137400,661.7
138561,4932,55700,274.7
138571,4936,57200,282.3
138581,4932,55700,274.7
138591,4936,57200,282.3
138601,4932,55700,274.7
138611,4932,57300,282.6
138621,4932,55600,274.2
138631,4936,57200,282.3
138641,4904,71600,351.1
138651,4936,56600,279.4
138661,4932,56300,277.7
138671,4936,56600,279.4
138681,4932,56300,277.7
138691,4932,56600,279.2
138701,4932,57200,282.1
138711,4932,55700,274.7
138721,4936,57300,282.8
138731,4932,55600,274.2
138741,4884,57400,280.3
138751,4932,55700,274.7
138761,4820,210400,1014.1
138771,4932,55700,274.7
138781,4936,57300,282.8
138791,4932,55700,274.7
138801,4932,57300,282.6
138811,4932,55700,274.7
138821,4936,57200,282.3
138831,4932,56400,278.2
138841,4936,78000,385.0
138851,4932,56300,277.7
138861,4936,56600,279.4
138871,4932,56300,277.7
138881,4936,56600,279.4
138891,4932,57200,282.1
138901,4932,55600,274.2
138911,4936,57200,282.3
138921,4932,55600,274.2
138931,4932,57200,282.1
138941,4924,86200,424.4
138951,4936,57200,282.3
138961,4932,55700,274.7
138971,4804,146800,705.2
138981,4932,55600,274.2
138991,4936,57200,282.3
139001,4932,55600,274.2
139011,4936,57300,282.8
139021,4932,56300,277.7
139031,4936,56600,279.4
139041,4896,67900,332.4
139051,4932,56600,279.2
139061,4932,56300,277.7
139071,4932,56600,279.2
139081,4700,177700,835.2
139091,4932,55700,274.7
139101,4936,57200,282.3
139111,4932,55700,274.7
139121,4936,57200,282.3
139131,4932,55600,274.2
139141,4892,63600,311.1
139151,4932,55600,274.2
139161,4936,57300,282.8
139171,4932,55600,274.2
139181,4812,203100,977.3
139191,4932,55700,274.7
139201,4932,57300,282.6
139211,4932,56400,278.2
139221,4936,56700,279.9
139231,4932,56300,277.7
139241,4936,82000,404.8
139251,4936,56200,277.4
139261,4932,56600,279.2
139271,4932,57200,282.1
139281,4932,55600,274.2
139291,4936,57200,282.3
139301,4932,55700,274.7
139311,4936,57200,282.3
139321,4932,55600,274.2
139331,4936,57200,282.3
139341,4920,83600,411.3
139351,4936,57300,282.8
139361,4932,55700,274.7
139371,4936,57200,282.3
139381,4932,55600,274.2
139391,4932,123400,608.6
139401,4932,56300,277.7
139411,4936,56900,280.9
139421,4932,56300,277.7
139431,4932,56600,279.2
139441,4892,63700,311.6
139451,4936,56600,279.4
139461,4936,57200,282.3
139471,4932,55600,274.2
139481,4932,57300,282.6
139491,4932,55700,274.7
139501,4692,137000,642.8
139511,4932,55700,274.7
139521,4936,57200,282.3
139531,4932,55700,274.7
139541,4896,66100,323.6
139551,4932,55700,274.7
139561,4936,57300,282.8
139571,4932,55600,274.2
139581,4936,57200,282.3
139591,4932,56400,278.2
139601,4936,56700,279.9
139611,4800,206000,988.8
139621,4936,56600,279.4
139631,4932,56300,277.7
139641,4936,86200,425.5
139651,4932,57200,282.1
139661,4932,55700,274.7
139671,4936,57200,282.3
139681,4932,55600,274.2
139691,4936,57300,282.8
139701,4932,55600,274.2
139711,4780,87100,416.3
139721,4932,55600,274.2
139731,4936,57300,282.8
139741,4916,80400,395.2
139751,4936,57200,282.3
139761,4932,55700,274.7
139771,4936,57200,282.3
139781,4932,56300,277.7
139791,4936,56800,280.4
139801,4936,56300,277.9
139811,4936,56500,278.9
139821,4932,56300,277.7
139831,4936,56600,279.4
139841,4884,61900,302.3
139851,4932,55600,274.2
139861,4932,57300,282.6
139872,4932,55600,274.2
139881,4936,57200,282.3
139891,4932,55600,274.2
139901,4936,57200,282.3
139911,4932,55600,274.2
139921,4760,209500,997.2
139931,4932,55700,274.7
139941,4936,69700,344.0
139951,4932,55700,274.7
139961,4936,57200,282.3
139971,4932,56300,277.7
139981,4932,56900,280.6
139991,4932,56300,277.7
140001,4932,56500,278.7
140011,4932,56300,277.7
140021,4936,56600,279.4
140031,4696,135700,637.2
140041,4936,87700,432.9
140051,4936,57200,282.3
140061,4932,55600,274.2
140071,4932,57300,282.6
140081,4932,55600,274.2
140091,4932,57200,282.1
140101,4932,55600,274.2
140111,4936,57200,282.3
140121,4932,55600,274.2
140131,4932,57200,282.1
140141,4908,76000,373.0
140151,4936,57200,282.3
140161,4932,56300,277.7
140171,4936,56900,280.9
140181,4932,56300,277.7
140191,4932,56600,279.2
140201,4932,56300,277.7
140211,4932,56700,279.6
140221,4932,57200,282.1
140231,4932,55600,274.2
140241,4680,176400,825.6
140251,4932,55700,274.7
140261,4932,57300,282.6
140271,4932,55600,274.2
140281,4936,57200,282.3
140291,4932,55600,274.2
140301,4936,57200,282.3
140311,4932,55700,274.7
140321,4936,57200,282.3
140331,4932,55600,274.2
140341,4804,161500,775.8
140351,4932,56200,277.2
140361,4936,57000,281.4
140371,4932,56300,277.7
140381,4932,56600,279.2
140391,4932,56300,277.7
140401,4932,56600,279.2
140411,4932,57300,282.6
140421,4932,55600,274.2
140431,4936,57200,282.3
140441,4928,87400,430.7
140451,4688,133400,625.4
140461,4932,55700,274.7
140471,4936,57300,282.8
140481,4932,55600,274.2
140491,4936,57300,282.8
140501,4932,55600,274.2
140511,4936,57300,282.8
140521,4932,55700,274.7
140531,4936,57300,282.8
140541,4900,72200,353.8
140551,4936,57000,281.4
140561,4816,211300,1017.6
140571,4932,56600,279.2
140581,4932,56300,277.7
140591,4932,56600,279.2
140601,4932,57200,282.1
140611,4932,55600,274.2
140621,4932,57200,282.1
140631,4932,55600,274.2
140641,4884,57300,279.9
140651,4932,55700,274.7
140661,4684,174000,815.0
140671,4932,55600,274.2
140681,4936,57200,282.3
140691,4932,55600,274.2
140701,4936,57200,282.3
140711,4932,55700,274.7
140721,4936,57200,282.3
140731,4932,56200,277.2
140741,4936,77900,384.5
140751,4932,56300,277.7
140761,4808,145100,697.6
140771,4932,56300,277.7
140781,4932,56600,279.2
140791,4932,57300,282.6
140801,4932,55600,274.2
140811,4936,57300,282.8
140821,4932,55600,274.2
140831,4936,57200,282.3
140841,4924,86600,426.4
140851,4936,57200,282.3
140861,4800,142700,685.0
140871,4932,57200,282.1
140881,4932,55600,274.2
140891,4936,57300,282.8
140901,4932,55600,274.2
140911,4936,57300,282.8
140921,4932,56200,277.2
140931,4936,57000,281.4
140941,4900,68400,335.2
140951,4932,56600,279.2
140961,4932,56300,277.7
140971,4784,187100,895.1
140981,4932,57300,282.6
140991,4932,55700,274.7
141001,4936,57200,282.3
141011,4936,55700,274.9
141021,4932,57300,282.6
141031,4932,55600,274.2
141041,4888,63200,308.9
141051,4932,55600,274.2
141061,4936,57200,282.3
141071,4800,142100,682.1
141081,4936,57200,282.3
141091,4932,55600,274.2
141101,4936,57200,282.3
141111,4936,56100,276.9
141121,4936,57100,281.8
141131,4932,56300,277.7
141141,4932,81500,402.0
141151,4932,56300,277.7
141161,4932,56600,279.2
141171,4932,57200,282.1
141181,4800,140700,675.4
141191,4936,57300,282.8
141201,4932,55700,274.7
141211,4932,57200,282.1
141221,4932,55600,274.2
141231,4936,57300,282.8
141241,4920,84000,413.3
141251,4932,57200,282.1
141261,4932,55600,274.2
141271,4936,57200,282.3
141281,4932,55600,274.2
141291,4736,87400,413.9
141301,4932,56100,276.7
141311,4936,57200,282.3
141321,4932,56200,277.2
141331,4932,56600,279.2
141341,4892,64400,315.0
141351,4932,56600,279.2
141361,4932,57300,282.6
141371,4932,55600,274.2
141381,4936,57200,282.3
141391,4932,58000,286.1
141401,4936,57300,282.8
141411,4928,55600,274.0
141421,4936,57300,282.8
141431,4932,55600,274.2
141441,4892,65700,321.4
141451,4936,55700,274.9
141461,4936,57300,282.8
141471,4932,55500,273.7
141481,4932,57200,282.1
141491,4932,56100,276.7
141501,4808,210000,1009.7
141512,4932,56300,277.7
141521,4936,56600,279.4
141531,4932,56300,277.7
141541,4936,85600,422.5
141551,4932,57300,282.6
141561,4936,55800,275.4
141571,4936,57300,282.8
141581,4932,55600,274.2
141591,4936,57200,282.3
141601,4900,158300,775.7
141611,4932,57300,282.6
141621,4932,55600,274.2
141631,4936,57300,282.8
141641,4920,81300,400.0
141651,4936,57300,282.8
141661,4932,55700,274.7
141671,4936,57300,282.8
141681,4932,56000,276.2
141691,4936,57200,282.3
141701,4932,56200,277.2
141711,4804,144600,694.7
141721,4932,56300,277.7
141731,4932,56600,279.2
141741,4888,62100,303.5
141751,4932,55700,274.7
141761,4932,57300,282.6
141771,4932,55600,274.2
141781,4936,57300,282.8
141791,4932,55700,274.7
141801,4936,57200,282.3
141811,4888,157200,768.4
141821,4936,57200,282.3
141831,4932,55600,274.2
141841,4932,68800,339.3
141851,4932,55600,274.2
141861,4932,57200,282.1
141871,4932,56000,276.2
141881,4936,57200,282.3
141891,4932,56300,277.7
141901,4932,56600,279.2
141911,4932,56300,277.7
141921,4796,193400,927.5
141931,4932,57200,282.1
141941,4932,87800,433.0
141951,4936,57200,282.3
141961,4932,55700,274.7
141971,4936,57300,282.8
141981,4932,55700,274.7
141991,4936,57200,282.3
142001,4932,55600,274.2
142011,4936,57200,282.3
142021,4800,140200,673.0
142031,4936,57100,281.8
142041,4912,76900,377.7
142051,4936,57200,282.3
142061,4932,55900,275.7
142071,4932,57200,282.1
142081,4932,56200,277.2
142091,4932,56600,279.2
142101,4932,56300,277.7
142111,4932,56600,279.2
142121,4932,57300,282.6
142131,4808,210000,1009.7
142141,4884,59700,291.6
142151,4932,55600,274.2
142161,4936,57300,282.8
142171,4932,55600,274.2
142181,4936,57200,282.3
142191,4932,55700,274.7
142201,4936,57200,282.3
142211,4932,55600,274.2
142221,4936,57200,282.3
142231,4700,132600,623.2
142241,4932,73000,360.0
142251,4932,55900,275.7
142261,4936,57200,282.3
142271,4932,56300,277.7
142281,4932,56600,279.2
142291,4932,56300,277.7
142301,4936,56600,279.4
142311,4936,57300,282.8
142321,4932,55800,275.2
142331,4788,141500,677.5
142341,4928,87400,430.7
142351,4936,57200,282.3
142361,4932,55700,274.7
142371,4932,57200,282.1
142381,4932,55600,274.2
142391,4936,57200,282.3
142401,4932,55600,274.2
142411,4932,57200,282.1
142421,4932,55600,274.2
142431,4936,57300,282.8
142441,4712,182900,861.8
142451,4936,57200,282.3
142461,4932,56300,277.7
142471,4932,56500,278.7
142481,4932,56300,277.7
142491,4932,56600,279.2
142501,4932,57200,282.1
142511,4936,55900,275.9
142521,4936,57200,282.3
142531,4932,55600,274.2
142541,4884,57300,279.9
142551,4812,213700,1028.3
142561,4932,57200,282.1
142571,4932,55700,274.7
142581,4936,57200,282.3
142591,4932,55600,274.2
142601,4936,57200,282.3
142611,4932,55700,274.7
142621,4936,57200,282.3
142631,4932,55800,275.2
142641,4936,77200,381.1
142651,4796,140400,673.4
142661,4932,56700,279.6
142671,4932,56300,277.7
142681,4932,56600,279.2
142691,4932,57100,281.6
142701,4932,56100,276.7
142711,4936,57300,282.8
142721,4932,55600,274.2
142731,4936,57300,282.8
142741,4924,86700,426.9
142751,4928,57200,281.9
142761,4932,55700,274.7
142771,4936,57300,282.8
142781,4932,55600,274.2
142791,4936,57200,282.3
142801,4932,55600,274.2
142811,4932,57200,282.1
142821,4932,55700,274.7
142831,4932,57300,282.6
142841,4900,69400,340.1
142851,4932,56500,278.7
142861,4932,59200,292.0
142871,4932,56600,279.2
142881,4932,57100,281.6
142891,4932,56200,277.2
142901,4932,57200,282.1
142911,4932,55700,274.7
142921,4936,57200,282.3
142931,4932,55600,274.2
142941,4888,62600,306.0
142951,4932,55600,274.2
142961,4936,57200,282.3
142971,4768,218200,1040.4
142981,4936,57200,282.3
142991,4932,55700,274.7
143001,4936,57200,282.3
143011,4932,55700,274.7
143021,4936,57200,282.3
143031,4932,56200,277.2
143041,4932,80500,397.0
143051,4932,56300,277.7
143061,4936,56600,279.4
143071,4932,60100,296.4
143081,4932,56300,277.7
143091,4936,57200,282.3
143101,4932,55700,274.7
143111,4936,57200,282.3
143121,4932,55600,274.2
143131,4936,57100,281.8
143142,4932,55700,274.7
143151,4936,57200,282.3
143161,4932,55700,274.7
143171,4936,57200,282.3
143181,4932,55600,274.2
143191,4936,57300,282.8
143201,4932,55700,274.7
143211,4932,57300,282.6
143221,4932,56300,277.7
143231,4932,56500,278.7
143241,4892,65400,319.9
143251,4932,56500,278.7
143261,4932,57000,281.1
143271,4932,56200,277.2
143281,4792,142100,680.9
143291,4932,55700,274.7
143301,4936,57200,282.3
143311,4932,55700,274.7
143321,4936,57200,282.3
143331,4932,55600,274.2
143341,4892,65200,319.0
143351,4932,55700,274.7
143361,4932,57200,282.1
143371,4932,55600,274.2
143381,4936,57200,282.3
143391,4704,138800,652.9
143401,4932,57200,282.1
143411,4932,56400,278.2
143421,4932,56600,279.2
143431,4932,56300,277.7
143441,4932,84500,416.8
143451,4932,57000,281.1
143461,4932,56200,277.2
143471,4936,57200,282.3
143481,4932,55600,274.2
143491,4936,57300,282.8
143501,4808,194800,936.6
143511,4936,57200,282.3
143521,4932,55600,274.2
143531,4936,57200,282.3
143541,4916,82000,403.1
143551,4936,57200,282.3
143561,4932,55600,274.2
143571,4932,57200,282.1
143581,4932,55600,274.2
143591,4936,57200,282.3
143601,4724,147300,695.8
143611,4932,56600,279.2
143621,4932,56300,277.7
143631,4932,56600,279.2
143641,4888,62700,306.5
143651,4932,56400,278.2
143661,4936,57200,282.3
143671,4932,55600,274.2
143681,4932,57200,282.1
143691,4932,55600,274.2
143701,4936,57200,282.3
143711,4804,212000,1018.4
143721,4936,57200,282.3
143731,4932,55700,274.7
143741,4936,67900,335.2
143751,4932,55700,274.7
143761,4936,57200,282.3
143771,4932,55600,274.2
143781,4936,57200,282.3
143791,4932,56300,277.7
143801,4932,56600,279.2
143811,4936,56200,277.4
143821,4780,64300,307.4
143831,4932,56900,280.6
143841,4932,87600,432.0
143851,4936,57200,282.3
143861,4932,55700,274.7
143871,4936,57200,282.3
143881,4932,55600,274.2
143891,4936,57200,282.3
143901,4932,55600,274.2
143911,4936,57300,282.8
143921,4804,140100,673.0
143931,4932,57200,282.1
143941,4912,77700,381.7
143951,4932,57200,282.1
143961,4932,55600,274.2
143971,4936,57200,282.3
143981,4932,56300,277.7
143991,4932,56500,278.7
144001,4932,56300,277.7
144011,4932,56600,279.2
144021,4932,56900,280.6
144031,4796,142500,683.4
144041,4884,60300,294.5
144051,4932,55600,274.2
144061,4932,57300,282.6
144071,4932,55600,274.2
144081,4936,57200,282.3
144091,4932,55600,274.2
144101,4932,57300,282.6
144111,4932,55600,274.2
144121,4936,57200,282.3
144131,4932,55600,274.2
144141,4808,223100,1072.7
144151,4932,55600,274.2
144161,4932,57200,282.1
144171,4932,56300,277.7
144181,4932,56600,279.2
144191,4936,56300,277.9
144201,4932,56500,278.7
144211,4932,56900,280.6
144221,4932,56300,277.7
144231,4936,57200,282.3
144241,4804,173500,833.5
144251,4936,57200,282.3
144261,4932,55600,274.2
144271,4936,57200,282.3
144281,4932,55600,274.2
144291,4932,57300,282.6
144301,4932,55600,274.2
144311,4932,57200,282.1
144321,4932,55600,274.2
144331,4936,57300,282.8
144341,4836,169100,817.8
144351,4936,57200,282.3
144361,4932,56300,277.7
144371,4932,56600,279.2
144381,4932,56300,277.7
144391,4936,56600,279.4
144401,4932,56900,280.6
144411,4932,56400,278.2
144421,4932,57200,282.1
144431,4932,55600,274.2
144441,4888,57500,281.1
144451,4796,141500,678.6
144461,4936,57300,282.8
144471,4932,55600,274.2
144481,4932,57300,282.6
144491,4932,55700,274.7
144501,4936,57200,282.3
144511,4932,55700,274.7
144521,4936,57300,282.8
144531,4932,55700,274.7
144541,4936,76500,377.6
144551,4932,59200,292.0
144561,4932,56600,279.2
144571,4932,56300,277.7
144581,4936,56600,279.4
144591,4936,56800,280.4
144601,4936,56500,278.9
144611,4936,57200,282.3
144621,4932,55700,274.7
144631,4936,57200,282.3
144641,4928,87000,428.7
144651,4936,57200,282.3
144661,4932,58500,288.5
144671,4932,57300,282.6
144681,4932,55600,274.2
144691,4936,57300,282.8
144701,4932,55600,274.2
144711,4936,57200,282.3
144721,4932,55600,274.2
144731,4936,57300,282.8
144741,4900,70100,343.5
144751,4932,56600,279.2
144761,4932,56300,277.7
144772,4816,146900,707.5
144781,4932,56700,279.6
144791,4932,56500,278.7
144801,4932,57200,282.1
144811,4932,55600,274.2
144821,4936,57300,282.8
144831,4932,55600,274.2
144841,4888,62200,304.0
144851,4932,55600,274.2
144861,4936,57200,282.3
144871,4796,141800,680.1
144881,4936,57200,282.3
144891,4932,55600,274.2
144901,4936,57200,282.3
144911,4932,55700,274.7
144921,4936,57200,282.3
144931,4932,56300,277.7
144941,4932,79900,394.1
144951,4932,56300,277.7
144961,4936,56500,278.9
144971,4932,56700,279.6
144981,4808,214000,1028.9
144991,4932,57200,282.1
145001,4932,55600,274.2
145011,4936,57200,282.3
145021,4932,55700,274.7
145031,4936,57200,282.3
145041,4920,84900,417.7
145051,4932,57200,282.1
145061,4932,55600,274.2
145071,4936,57200,282.3
145081,4932,58500,288.5
145091,4936,57300,282.8
145101,4932,55600,274.2
145111,4936,57300,282.8
145121,4932,56300,277.7
145131,4936,56700,279.9
145141,4896,65900,322.6
145151,4932,56500,278.7
145161,4932,56700,279.6
145171,4932,56500,278.7
145181,4932,57200,282.1
145191,4780,181300,866.6
145201,4936,57300,282.8
145211,4932,55700,274.7
145221,4936,57300,282.8
145231,4932,55600,274.2
145241,4892,64800,317.0
145251,4932,55700,274.7
145261,4936,57300,282.8
145271,4932,55600,274.2
145281,4936,57200,282.3
145291,4932,58500,288.5
145301,4936,57200,282.3
145311,4932,56300,277.7
145321,4932,56600,279.2
145331,4932,56300,277.7
145341,4932,84100,414.8
145351,4932,56700,279.6
145361,4932,56500,278.7
145371,4936,57200,282.3
145381,4932,55600,274.2
145391,4932,57300,282.6
145401,4804,139000,667.8
145411,4936,57300,282.8
145421,4932,55600,274.2
145431,4932,57200,282.1
145441,4916,82400,405.1
145451,4936,57200,282.3
145461,4932,55600,274.2
145471,4932,57300,282.6
145481,4932,55600,274.2
145491,4932,57300,282.6
145501,4932,56200,277.2
145511,4808,135500,651.5
145521,4936,56300,277.9
145531,4932,56600,279.2
145541,4888,62500,305.5
145551,4932,56500,278.7
145561,4936,57200,282.3
145571,4932,55600,274.2
145581,4932,57200,282.1
145591,4932,55600,274.2
145601,4936,57200,282.3
145611,4796,140400,673.4
145621,4932,57200,282.1
145631,4932,55600,274.2
145641,4936,67300,332.2
145651,4932,55600,274.2
145661,4932,57200,282.1
145671,4932,55600,274.2
145681,4936,57200,282.3
145691,4932,56300,277.7
145701,4932,56600,279.2
145711,4932,59200,292.0
145721,4932,56600,279.2
145731,4932,56500,278.7
145741,4932,87600,432.0
145751,4936,57200,282.3
145761,4932,55600,274.2
145771,4936,57200,282.3
145781,4932,55600,274.2
145791,4936,57300,282.8
145801,4932,55600,274.2
145811,4932,57200,282.1
145821,4712,136900,645.1
145831,4936,57200,282.3
145841,4912,78300,384.6
145851,4936,57200,282.3
145861,4932,55600,274.2
145871,4936,57200,282.3
145881,4932,56300,277.7
145891,4936,56600,279.4
145901,4932,56300,277.7
145911,4936,56600,279.4
145921,4796,140000,671.4
145931,4936,56600,279.4
145941,4884,60600,296.0
145951,4932,55600,274.2
145961,4936,57300,282.8
145971,4932,55600,274.2
145981,4936,57200,282.3
145991,4932,55600,274.2
146001,4936,57200,282.3
146011,4932,55600,274.2
146021,4804,146600,704.3
146031,4932,55600,274.2
146041,4932,71600,353.1
146051,4932,55600,274.2
146061,4936,57200,282.3
146071,4932,56300,277.7
146081,4936,56600,279.4
146091,4932,56300,277.7
146101,4932,56600,279.2
146111,4932,56500,278.7
146121,4932,56500,278.7
146131,4720,138100,651.8
146141,4932,87600,432.0
146151,4936,57300,282.8
146161,4932,55700,274.7
146171,4936,57200,282.3
146181,4932,55600,274.2
146191,4936,57300,282.8
146201,4932,55600,274.2
146211,4936,57200,282.3
146221,4932,55600,274.2
146231,4792,142600,683.3
146241,4908,74200,364.2
146251,4936,57200,282.3
146261,4932,56300,277.7
146271,4932,56600,279.2
146281,4932,56300,277.7
146291,4936,56600,279.4
146301,4932,56500,278.7
146311,4936,56600,279.4
146321,4936,57200,282.3
146331,4932,55600,274.2
146341,4720,202300,954.9
146351,4932,55600,274.2
146361,4936,57200,282.3
146371,4932,55600,274.2
146381,4936,57200,282.3
146391,4932,55600,274.2
146402,4936,57200,282.3
146411,4932,55600,274.2
146421,4936,57200,282.3
146431,4932,55600,274.2
146441,4756,182700,868.9
146451,4932,56200,277.2
146461,4932,56600,279.2
146471,4936,56300,277.9
146481,4932,56600,279.2
146491,4932,56500,278.7
146501,4932,56500,278.7
146511,4936,57200,282.3
146521,4932,55600,274.2
146531,4936,57200,282.3
146541,4916,162100,796.9
146551,4936,57200,282.3
146561,4932,55700,274.7
146571,4936,57200,282.3
146581,4932,55600,274.2
146591,4936,57200,282.3
146601,4932,55700,274.7
146611,4936,57200,282.3
146621,4932,55600,274.2
146631,4932,57200,282.1
146641,4900,70300,344.5
146651,4936,56600,279.4
146661,4936,56300,277.9
146671,4932,56600,279.2
146681,4932,56400,278.2
146691,4932,56600,279.2
146701,4932,57200,282.1
146711,4932,55600,274.2
146721,4936,57200,282.3
146731,4932,55700,274.7
146741,4888,61900,302.6
146751,4796,139100,667.1
146761,4936,57300,282.8
146771,4932,55600,274.2
146781,4936,57200,282.3
146791,4932,55600,274.2
146801,4936,57200,282.3
146811,4932,55600,274.2
146821,4932,57200,282.1
146831,4932,56300,277.7
146841,4936,79300,391.4
146851,4840,151000,730.8
146861,4936,56500,278.9
146871,4932,56400,278.2
146881,4936,56600,279.4
146891,4936,57300,282.8
146901,4932,55600,274.2
146911,4936,57200,282.3
146921,4932,55600,274.2
146931,4936,57200,282.3
146941,4924,85300,420.0
146951,4936,57300,282.8
146961,4808,207100,995.7
146971,4936,57200,282.3
146981,4932,55600,274.2
146991,4936,57300,282.8
147001,4932,55600,274.2
147011,4936,57200,282.3
147021,4932,56300,277.7
147031,4932,56600,279.2
147041,4896,66700,326.6
147051,4932,56600,279.2
147061,4824,148200,714.9
147071,4932,56600,279.2
147081,4936,57300,282.8
147091,4932,55600,274.2
147101,4932,57200,282.1
147111,4932,55700,274.7
147121,4932,57200,282.1
147131,4932,55600,274.2
147141,4892,64400,315.0
147151,4932,55600,274.2
147161,4936,57200,282.3
147171,4792,140800,674.7
147181,4936,57200,282.3
147191,4932,55700,274.7
147201,4936,57200,282.3
147211,4932,56300,277.7
147221,4932,56700,279.6
147231,4932,56300,277.7
147241,4932,83400,411.3
147251,4936,56300,277.9
147261,4932,56600,279.2
147271,4936,57200,282.3
147281,4816,211600,1019.1
147291,4932,57300,282.6
147301,4932,55600,274.2
147311,4936,57200,282.3
147321,4932,55600,274.2
147331,4936,57200,282.3
147341,4920,82800,407.4
147351,4936,57300,282.8
147361,4932,55600,274.2
147371,4936,57300,282.8
147381,4932,55600,274.2
147391,4700,106900,502.4
147401,4932,56300,277.7
147411,4932,56700,279.6
147421,4936,56300,277.9
147431,4932,56600,279.2
147441,4888,62700,306.5
147451,4936,56600,279.4
147461,4936,57200,282.3
147471,4932,55600,274.2
147481,4936,57200,282.3
147491,4812,164800,793.0
147501,4936,57300,282.8
147511,4932,55600,274.2
147521,4936,57200,282.3
147531,4932,55700,274.7
147541,4936,66900,330.2
147551,4932,55700,274.7
147561,4936,57200,282.3
147571,4932,55600,274.2
147581,4936,57200,282.3
147591,4932,56300,277.7
147601,4816,136700,658.3
147611,4932,56400,278.2
147621,4936,56600,279.4
147631,4932,56300,277.7
147641,4932,87200,430.1
147651,4932,57300,282.6
147661,4932,55700,274.7
147671,4932,57200,282.1
147681,4932,55600,274.2
147691,4936,57200,282.3
147701,4932,55700,274.7
147711,4724,138800,655.7
147721,4932,55600,274.2
147731,4932,57300,282.6
147741,4912,79000,388.0
147751,4936,57200,282.3
147761,4932,55600,274.2
147771,4936,57200,282.3
147781,4932,56300,277.7
147791,4932,56600,279.2
147801,4936,56300,277.9
147811,4808,188800,907.8
147821,4932,56400,278.2
147831,4936,56700,279.9
147841,4884,61400,299.9
147851,4932,55700,274.7
147861,4936,57200,282.3
147871,4932,55700,274.7
147881,4936,57200,282.3
147891,4932,55600,274.2
147901,4936,57300,282.8
147911,4732,149700,708.4
147921,4936,57200,282.3
147931,4932,55600,274.2
147941,4936,71000,350.5
147951,4932,55600,274.2
147961,4936,57300,282.8
147971,4932,56200,277.2
147981,4936,56500,278.9
147991,4936,56300,277.9
148001,4932,56500,278.7
148011,4932,56300,277.7
148021,4812,210400,1012.4
148032,4932,57300,282.6
148041,4932,87700,432.5
148051,4936,57200,282.3
148061,4932,55700,274.7
148071,4936,57200,282.3
148081,4932,55600,274.2
148091,4936,57300,282.8
148101,4932,55600,274.2
148111,4936,57200,282.3
148121,4804,140500,675.0
148131,4932,57300,282.6
148141,4908,75100,368.6
148151,4932,57200,282.1
148161,4932,56200,277.2
148171,4936,56500,278.9
148181,4936,56300,277.9
148191,4932,56600,279.2
148201,4932,56200,277.2
148211,4936,56600,279.4
148221,4932,57200,282.1
148231,4812,138400,666.0
148241,4888,59200,289.4
148251,4932,55600,274.2
148261,4936,57300,282.8
148271,4932,55600,274.2
148281,4936,57200,282.3
148291,4932,55700,274.7
148301,4936,57200,282.3
148311,4932,55600,274.2
148321,4932,57300,282.6
148331,4932,55600,274.2
148341,4688,126900,594.9
148351,4932,56300,277.7
148361,4936,56500,278.9
148371,4932,56300,277.7
148381,4936,56600,279.4
148391,4932,56300,277.7
148401,4932,56600,279.2
148411,4936,57200,282.3
148421,4932,55700,274.7
148431,4932,57200,282.1
148441,4780,216800,1036.3
148451,4936,57200,282.3
148461,4932,55700,274.7
148471,4936,57200,282.3
148481,4932,55700,274.7
148491,4936,57200,282.3
148501,4932,55600,274.2
148511,4936,57300,282.8
148521,4932,55700,274.7
148531,4936,57300,282.8
148541,4904,70700,346.7
148551,4808,166000,798.1
148561,4932,56300,277.7
148571,4932,56600,279.2
148581,4932,56300,277.7
148591,4932,56600,279.2
148601,4932,57200,282.1
148611,4932,55700,274.7
148621,4936,57200,282.3
148631,4932,55500,273.7
148641,4884,61200,298.9
148651,4920,150600,741.0
148661,4936,57300,282.8
148671,4932,55700,274.7
148681,4936,57300,282.8
148691,4932,55700,274.7
148701,4932,57200,282.1
148711,4932,55600,274.2
148721,4932,57200,282.1
148731,4932,56300,277.7
148741,4936,78300,386.5
148751,4932,56200,277.2
148761,4812,179400,863.3
148771,4932,56300,277.7
148781,4932,56600,279.2
148791,4932,57300,282.6
148801,4932,55600,274.2
148811,4932,57200,282.1
148821,4932,55600,274.2
148831,4936,57300,282.8
148841,4924,86100,424.0
148851,4936,57200,282.3
148861,4800,140200,673.0
148871,4936,57200,282.3
148881,4932,55500,273.7
148891,4936,57300,282.8
148901,4932,55600,274.2
148911,4936,57200,282.3
148921,4932,56300,277.7
148931,4932,56600,279.2
148941,4896,67700,331.5
148951,4932,56600,279.2
148961,4936,56300,277.9
148971,4812,195300,939.8
148981,4932,57200,282.1
148991,4932,55700,274.7
149001,4936,57200,282.3
149011,4932,55600,274.2
149021,4932,57200,282.1
149031,4932,55700,274.7
149041,4888,63700,311.4
149051,4932,55600,274.2
149061,4936,57200,282.3
149071,4932,55600,274.2
149081,4684,182800,856.2
149091,4932,55700,274.7
149101,4936,57300,282.8
149111,4932,56400,278.2
149121,4932,56700,279.6
149131,4932,56300,277.7
149141,4936,82200,405.7
149151,4932,56300,277.7
149161,4932,56600,279.2
149171,4936,57100,281.8
149181,4932,55600,274.2
149191,4936,57300,282.8
149201,4932,55700,274.7
149211,4936,57200,282.3
149221,4932,55700,274.7
149231,4932,57200,282.1
149241,4920,83700,411.8
149251,4936,57200,282.3
149261,4932,55600,274.2
149271,4936,57200,282.3
149281,4932,55600,274.2
149291,4804,211000,1013.6
149301,4932,56400,278.2
149311,4936,56900,280.9
149321,4932,56300,277.7
149331,4932,56600,279.2
149341,4892,63800,312.1
149351,4932,56500,278.7
149361,4932,57100,281.6
149371,4932,55600,274.2
149381,4936,57200,282.3
149391,4800,195600,938.9
149401,4936,57300,282.8
149411,4932,55600,274.2
149421,4936,57200,282.3
149431,4932,55700,274.7
149441,4936,66100,326.3
149451,4936,55600,274.4
149461,4936,57200,282.3
149471,4932,55600,274.2
149481,4936,57200,282.3
149491,4932,56400,278.2
149501,4700,105100,494.0
149511,4932,56400,278.2
149521,4932,56600,279.2
149531,4932,56300,277.7
149541,4932,86100,424.6
149551,4936,57200,282.3
149561,4932,55600,274.2
149571,4936,57200,282.3
149581,4932,55600,274.2
149591,4936,57300,282.8
149601,4808,164400,790.4
149611,4932,57200,282.1
149621,4932,55600,274.2
149631,4936,57200,282.3
149641,4916,80600,396.2
149651,4936,57200,282.3
149661,4932,55700,274.7
149675,4932,55600,274.2
149681,4932,56300,277.7
149691,4932,56800,280.1
149701,4800,141600,679.7
149711,4932,56600,279.2
149721,4936,56300,277.9
149731,4936,56600,279.4
149741,4884,61800,301.8
149751,4932,55600,274.2
149761,4936,57300,282.8
149771,4932,55600,274.2
149781,4932,57200,282.1
149791,4932,55700,274.7
149801,4936,57200,282.3
149811,4808,180500,867.8
149821,4932,57200,282.1
149831,4932,55600,274.2
149841,4936,69400,342.6
149851,4932,55600,274.2
149861,4932,57200,282.1
149871,4932,56300,277.7
149881,4936,57000,281.4
149891,4932,56400,278.2
149901,4936,56600,279.4
149911,4808,215400,1035.6
149921,4932,56600,279.2
149931,4932,57300,282.6
149941,4932,87800,433.0
149951,4936,57200,282.3
149961,4932,55600,274.2
149971,4932,57200,282.1
149981,4932,55600,274.2
149991,4936,57300,282.8
150001,4932,55600,274.2
150011,4804,178000,855.1
150021,4932,55700,274.7
150031,4932,57200,282.1
150041,4908,76600,376.0
150051,4932,57200,282.1
150061,4932,56200,277.2
150071,4932,57100,281.6
150081,4932,56200,277.2
150091,4932,56600,279.2
150101,4932,56300,277.7
150111,4932,56600,279.2
150121,4820,220700,1063.8
150131,4932,55700,274.7
150141,4884,59600,291.1
150151,4932,55600,274.2
150161,4936,57200,282.3
150171,4932,55700,274.7
150181,4936,57200,282.3
150191,4932,55600,274.2
150201,4936,57200,282.3
150211,4932,55600,274.2
150221,4812,132700,638.6
150231,4932,55600,274.2
150241,4936,73400,362.3
150251,4932,56000,276.2
150261,4936,57100,281.8
150271,4932,56300,277.7
150281,4936,56600,279.4
150291,4932,56300,277.7
150301,4932,56500,278.7
150311,4932,57200,282.1
150321,4932,55700,274.7
150331,4824,217600,1049.7
150341,4928,87400,430.7
150351,4936,57200,282.3
150361,4932,55700,274.7
150371,4936,57300,282.8
150381,4932,55600,274.2
150391,4936,57200,282.3
150401,4932,55600,274.2
150411,4932,57300,282.6
150421,4932,55700,274.7
150431,4932,57200,282.1
150441,4816,73600,354.5
150451,4936,57200,282.3
150461,4932,56300,277.7
150471,4932,56500,278.7
150481,4932,56200,277.2
150491,4932,56600,279.2
150501,4936,57200,282.3
150511,4932,55800,275.2
150521,4936,57200,282.3
150531,4932,55600,274.2
150541,4748,141700,672.8
150551,4932,55700,274.7
150561,4932,57300,282.6
150571,4932,55600,274.2
150581,4936,57200,282.3
150591,4932,55600,274.2
150601,4936,57300,282.8
150611,4932,55700,274.7
150621,4936,57200,282.3
150631,4932,55900,275.7
150641,4932,102200,504.1
150651,4932,56300,277.7
150661,4936,56600,279.4
150671,4932,56300,277.7
150681,4932,56600,279.2
150691,4932,57300,282.6
150701,4932,55800,275.2
150711,4936,57200,282.3
150721,4932,55600,274.2
150731,4936,57200,282.3
150741,4924,86300,424.9
150751,4740,153100,725.7
150761,4932,55700,274.7
150771,4936,57300,282.8
150781,4932,55600,274.2
150791,4936,57200,282.3
150801,4932,55600,274.2
150811,4932,57300,282.6
150821,4932,55800,275.2
150831,4936,57200,282.3
150841,4900,68900,337.6
150851,4932,100600,496.2
150861,4932,56300,277.7
150871,4932,56600,279.2
150881,4932,57100,281.6
150891,4932,56100,276.7
150901,4936,57200,282.3
150911,4932,55600,274.2
150921,4936,57200,282.3
150931,4932,55600,274.2
150941,4888,62700,306.5
150951,4932,55600,274.2
150961,4744,134700,639.0
150971,4932,55700,274.7
150981,4936,57200,282.3
150991,4932,55600,274.2
151001,4936,57200,282.3
151011,4932,55600,274.2
151021,4936,57200,282.3
151031,4932,56300,277.7
151041,4932,80600,397.5
151051,4932,56300,277.7
151061,4796,142400,683.0
151071,4932,57100,281.6
151081,4932,56200,277.2
151091,4936,57200,282.3
151101,4932,55600,274.2
151111,4936,57200,282.3
151121,4932,55700,274.7
151131,4936,57200,282.3
151141,4924,84500,416.1
151151,4936,57200,282.3
151161,4932,55700,274.7
151171,4688,138300,648.4
151181,4932,55700,274.7
151191,4936,57300,282.8
151201,4932,55700,274.7
151211,4932,57200,282.1
151221,4932,56300,277.7
151231,4932,56500,278.7
151241,4892,65300,319.4
151251,4936,56500,278.9
151261,4932,57100,281.6
151271,4808,134200,645.2
151281,4932,57200,282.1
151291,4932,55700,274.7
151302,4932,57300,282.6
151311,4932,55600,274.2
151321,4932,57300,282.6
151331,4932,55600,274.2
151341,4936,65200,321.8
151351,4932,55700,274.7
151361,4936,57300,282.8
151371,4932,55700,274.7
151381,4808,198600,954.9
151391,4932,55700,274.7
151401,4936,57300,282.8
151411,4932,56300,277.7
151421,4932,56600,279.2
151431,4932,56300,277.7
151441,4936,84600,417.6
151451,4932,57000,281.1
151461,4932,56200,277.2
151471,4936,57200,282.3
151481,4812,210500,1012.9
151491,4932,57200,282.1
151501,4932,55600,274.2
151511,4932,57300,282.6
151521,4932,55700,274.7
151531,4936,57200,282.3
151541,4920,82000,403.4
151551,4936,57200,282.3
151561,4932,55600,274.2
151571,4936,57200,282.3
151581,4932,55700,274.7
151591,4676,118700,555.0
151601,4932,56300,277.7
151611,4936,56600,279.4
151621,4932,56300,277.7
151631,4932,56600,279.2
151641,4888,62700,306.5
151651,4936,56400,278.4
151661,4936,57300,282.8
151671,4932,55600,274.2
151681,4936,57200,282.3
151691,4932,55700,274.7
151701,4936,57300,282.8
151711,4932,55700,274.7
151721,4936,57300,282.8
151731,4932,55700,274.7
151741,4932,67700,333.9
151751,4932,55700,274.7
151761,4932,57200,282.1
151771,4932,55600,274.2
151781,4936,57200,282.3
151791,4932,56300,277.7
151801,4692,108200,507.7
151811,4932,56300,277.7
151821,4936,56600,279.4
151831,4932,56700,279.6
151841,4932,87600,432.0
151851,4936,57200,282.3
151861,4932,55600,274.2
151871,4936,57200,282.3
151881,4932,55700,274.7
151891,4936,57200,282.3
151901,4808,160600,772.2
151911,4936,57200,282.3
151921,4932,55700,274.7
151931,4936,57200,282.3
151941,4912,77900,382.6
151951,4932,57200,282.1
151961,4932,55600,274.2
151971,4936,57200,282.3
151981,4932,56300,277.7
151991,4932,56600,279.2
152001,4808,215800,1037.6
152011,4936,56600,279.4
152021,4932,56600,279.2
152031,4932,56500,278.7
152041,4884,60600,296.0
152051,4932,55600,274.2
152061,4936,57200,282.3
152071,4932,55600,274.2
152081,4936,57200,282.3
152091,4932,55600,274.2
152101,4764,134700,641.7
152111,4932,55600,274.2
152121,4936,57300,282.8
152131,4932,55600,274.2
152141,4936,71900,354.9
152151,4932,55600,274.2
152161,4936,57300,282.8
152171,4932,56300,277.7
152181,4932,56600,279.2
152191,4932,56300,277.7
152201,4804,144900,696.1
152211,4932,56500,278.7
152221,4932,56600,279.2
152231,4936,57300,282.8
152241,4932,87500,431.6
152251,4932,57200,282.1
152261,4932,55700,274.7
152271,4932,57200,282.1
152281,4932,55600,274.2
152291,4936,57300,282.8
152301,4932,55600,274.2
152311,4684,141300,661.8
152321,4932,55700,274.7
152331,4932,57200,282.1
152341,4908,74000,363.2
152351,4932,57200,282.1
152361,4932,56300,277.7
152371,4932,56600,279.2
152381,4932,56300,277.7
152391,4932,56600,279.2
152401,4932,56500,278.7
152411,4932,56500,278.7
152421,4932,57200,282.1
152431,4936,55700,274.9
152441,4888,59100,288.9
152451,4932,55700,274.7
152461,4932,57200,282.1
152471,4932,55700,274.7
152481,4936,57200,282.3
152491,4932,55600,274.2
152501,4936,57200,282.3
152511,4932,55600,274.2
152521,4784,142800,683.2
152531,4932,55600,274.2
152541,4936,75800,374.1
152551,4932,56300,277.7
152561,4936,56600,279.4
152571,4932,56300,277.7
152581,4936,56600,279.4
152591,4932,56400,278.2
152601,4932,56600,279.2
152611,4936,57200,282.3
152621,4932,55700,274.7
152631,4704,135000,635.0
152641,4928,87000,428.7
152651,4936,57200,282.3
152661,4932,55700,274.7
152671,4932,57300,282.6
152681,4932,55600,274.2
152691,4932,57200,282.1
152701,4932,55700,274.7
152711,4936,57200,282.3
152721,4932,55700,274.7
152731,4936,57200,282.3
152741,4900,70900,347.4
152751,4936,56600,279.4
152761,4932,56300,277.7
152771,4932,56600,279.2
152781,4932,56300,277.7
152791,4932,56500,278.7
152801,4936,57200,282.3
152811,4932,55600,274.2
152821,4936,57300,282.8
152831,4932,55600,274.2
152841,4644,142700,662.7
152851,4932,55700,274.7
152861,4936,57200,282.3
152871,4932,55600,274.2
152881,4936,57200,282.3
152891,4932,55600,274.2
152901,4932,57200,282.1
152911,4932,55600,274.2
152921,4936,57300,282.8
152932,4932,56300,277.7
152941,4804,167200,803.2
152951,4932,56300,277.7
152961,4932,56600,279.2
152971,4932,56400,278.2
152981,4936,56600,279.4
152991,4936,57300,282.8
153001,4932,55600,274.2
153011,4936,57200,282.3
153021,4932,55700,274.7
153031,4936,57200,282.3
153041,4796,167000,800.9
153051,4936,57300,282.8
153061,4932,55600,274.2
153071,4936,57200,282.3
153081,4932,55600,274.2
153091,4936,57200,282.3
153101,4932,55600,274.2
153111,4936,57200,282.3
153121,4932,56300,277.7
153131,4936,56600,279.4
153141,4860,165000,801.9
153151,4932,56600,279.2
153161,4932,56200,277.2
153171,4932,56600,279.2
153181,4936,57200,282.3
153191,4932,55600,274.2
153201,4932,57200,282.1
153211,4932,55600,274.2
153221,4936,57200,282.3
153231,4932,55600,274.2
153241,4788,67400,322.7
153251,4932,55600,274.2
153261,4936,57300,282.8
153271,4932,55700,274.7
153281,4936,57200,282.3
153291,4932,55700,274.7
153301,4936,57200,282.3
153311,4932,56300,277.7
153321,4932,56600,279.2
153331,4932,56300,277.7
153341,4932,83100,409.8
153351,4700,134300,631.2
153361,4932,56600,279.2
153371,4932,57300,282.6
153381,4932,55600,274.2
153391,4936,57200,282.3
153401,4932,55700,274.7
153411,4936,57300,282.8
153421,4932,55700,274.7
153431,4936,57200,282.3
153441,4920,82900,407.9
153451,4936,57200,282.3
153461,4748,184000,873.6
153471,4932,57200,282.1
153481,4932,55600,274.2
153491,4936,57300,282.8
153501,4932,56300,277.7
153511,4936,56600,279.4
153521,4932,56300,277.7
153531,4932,56600,279.2
153541,4888,62900,307.5
153551,4932,56600,279.2
153561,4936,57200,282.3
153571,4808,132900,639.0
153581,4936,57200,282.3
153591,4932,55600,274.2
153601,4936,57200,282.3
153611,4932,55600,274.2
153621,4936,57300,282.8
153631,4932,55600,274.2
153641,4936,66600,328.7
153651,4932,55700,274.7
153661,4936,57200,282.3
153671,4932,58400,288.0
153681,4936,57200,282.3
153691,4932,56300,277.7
153701,4936,56500,278.9
153711,4932,56300,277.7
153721,4936,56600,279.4
153731,4936,56300,277.9
153741,4936,86800,428.4
153751,4932,57200,282.1
153761,4932,55600,274.2
153771,4936,57300,282.8
153781,4808,210000,1009.7
153791,4936,57300,282.8
153801,4932,55700,274.7
153811,4936,57200,282.3
153821,4932,55700,274.7
153831,4936,57200,282.3
153841,4916,79500,390.8
153851,4936,57200,282.3
153861,4932,55600,274.2
153871,4936,57200,282.3
153881,4932,59100,291.5
153891,4936,56600,279.4
153901,4936,56300,277.9
153911,4932,56600,279.2
153921,4936,56300,277.9
153931,4932,56500,278.7
153941,4884,61400,299.9
153951,4932,55600,274.2
153961,4936,57200,282.3
153971,4932,55600,274.2
153981,4936,57200,282.3
153991,4812,139200,669.8
154001,4936,57300,282.8
154011,4932,55600,274.2
154021,4936,57200,282.3
154031,4932,55600,274.2
154041,4932,70200,346.2
154051,4932,55700,274.7
154061,4936,57200,282.3
154071,4932,56300,277.7
154081,4936,56500,278.9
154091,4696,132500,622.2
154101,4932,56600,279.2
154111,4932,56200,277.2
154121,4936,56600,279.4
154131,4932,57200,282.1
154141,4932,87600,432.0
154151,4936,57200,282.3
154161,4932,55700,274.7
154171,4932,57200,282.1
154181,4932,55600,274.2
154191,4936,57200,282.3
154201,4808,158600,762.5
154211,4932,57300,282.6
154221,4932,55700,274.7
154231,4936,57200,282.3
154241,4908,75700,371.5
154251,4932,57300,282.6
154261,4932,56300,277.7
154271,4936,56700,279.9
154281,4932,56300,277.7
154291,4932,56600,279.2
154301,4800,139800,671.0
154311,4932,56600,279.2
154321,4932,57300,282.6
154331,4932,55600,274.2
154341,4884,59500,290.6
154351,4932,55600,274.2
154361,4936,57300,282.8
154371,4932,55700,274.7
154381,4932,57200,282.1
154391,4932,55700,274.7
154401,4936,57200,282.3
154411,4752,175800,835.4
154421,4936,57200,282.3
154431,4932,55600,274.2
154441,4936,73900,364.8
154451,4932,56300,277.7
154461,4936,56800,280.4
154471,4932,56300,277.7
154481,4936,56600,279.4
154491,4932,56300,277.7
154501,4932,56600,279.2
154511,4804,140800,676.4
154521,4932,55600,274.2
154531,4936,57200,282.3
154541,4928,87000,428.7
154551,4936,57200,282.3
154562,4932,55600,274.2
154571,4936,57200,282.3
154581,4932,55600,274.2
154591,4936,57200,282.3
154601,4932,55600,274.2
154611,4932,57200,282.1
154621,4804,55700,267.6
154631,4936,57300,282.8
154641,4904,72600,356.0
154651,4936,56900,280.9
154661,4932,56300,277.7
154671,4932,56600,279.2
154681,4932,56200,277.2
154691,4932,56600,279.2
154701,4932,57200,282.1
154711,4936,55600,274.4
154721,4800,142800,685.4
154731,4932,55700,274.7
154741,4888,60600,296.2
154751,4932,55600,274.2
154761,4936,57200,282.3
154771,4932,55600,274.2
154781,4936,57200,282.3
154791,4932,55700,274.7
154801,4936,57200,282.3
154811,4932,55700,274.7
154821,4932,57200,282.1
154831,4816,205200,988.2
154841,4936,77600,383.0
154851,4932,56300,277.7
154861,4936,56600,279.4
154871,4932,56300,277.7
154881,4932,56600,279.2
154891,4932,57200,282.1
154901,4932,55700,274.7
154911,4936,57200,282.3
154921,4932,55600,274.2
154931,4936,57200,282.3
154941,4924,86800,427.4
154951,4936,57200,282.3
154961,4932,55700,274.7
154971,4936,57200,282.3
154981,4932,55600,274.2
154991,4936,57300,282.8
155001,4932,55600,274.2
155011,4936,57200,282.3
155021,4932,56100,276.7
155031,4932,57100,281.6
155041,4668,156400,730.1
155051,4932,56600,279.2
155061,4932,56300,277.7
155071,4932,56600,279.2
155081,4936,57300,282.8
155091,4936,55800,275.4
155101,4932,57200,282.1
155111,4932,55600,274.2
155121,4936,57200,282.3
155131,4932,55600,274.2
155141,4760,145400,692.1
155151,4932,55700,274.7
155161,4932,57300,282.6
155171,4932,55600,274.2
155181,4936,57200,282.3
155191,4932,55600,274.2
155201,4936,57200,282.3
155211,4932,56000,276.2
155221,4936,57200,282.3
155231,4936,56300,277.9
155241,4932,81100,400.0
155251,4696,157100,737.7
155261,4932,56600,279.2
155271,4932,57300,282.6
155281,4932,55800,275.2
155291,4936,57200,282.3
155301,4932,55600,274.2
155311,4936,57200,282.3
155321,4932,55600,274.2
155331,4936,57100,281.8
155341,4920,84000,413.3
155351,4936,57200,282.3
155361,4776,182200,870.2
155371,4936,57200,282.3
155381,4932,55700,274.7
155391,4932,57300,282.6
155401,4932,55800,275.2
155411,4936,57200,282.3
155421,4932,56300,277.7
155431,4936,56600,279.4
155441,4892,65200,319.0
155451,4936,56600,279.4
155461,4936,57200,282.3
155471,4800,204500,981.6
155481,4932,57300,282.6
155491,4932,55700,274.7
155501,4936,57200,282.3
155511,4932,55600,274.2
155521,4936,57200,282.3
155531,4932,55700,274.7
155541,4932,65300,322.1
155551,4932,55700,274.7
155561,4936,57300,282.8
155571,4800,140200,673.0
155581,4936,57200,282.3
155591,4932,55800,275.2
155601,4936,57200,282.3
155611,4936,56200,277.4
155621,4932,56600,279.2
155631,4932,56300,277.7
155641,4932,84800,418.2
155651,4932,57100,281.6
155661,4936,56100,276.9
155671,4804,141800,681.2
155681,4932,55600,274.2
155691,4936,57200,282.3
155701,4932,55600,274.2
155711,4936,57200,282.3
155721,4932,55700,274.7
155731,4936,57200,282.3
155741,4916,81900,402.6
155751,4936,57200,282.3
155761,4932,55600,274.2
155771,4936,57300,282.8
155781,4812,55600,267.5
155791,4936,57300,282.8
155801,4932,56300,277.7
155811,4932,56600,279.2
155821,4932,56300,277.7
155831,4936,56600,279.4
155841,4888,62500,305.5
155851,4936,56200,277.4
155861,4936,57200,282.3
155871,4932,55700,274.7
155881,4700,140700,661.3
155891,4936,55700,274.9
155901,4936,57200,282.3
155911,4932,55700,274.7
155921,4932,57300,282.6
155931,4932,55600,274.2
155941,4936,68000,335.6
155951,4932,55600,274.2
155961,4936,57200,282.3
155971,4932,55600,274.2
155981,4936,57100,281.8
155991,4712,139600,657.8
156001,4932,56500,278.7
156011,4932,56300,277.7
156021,4936,56600,279.4
156031,4932,56900,280.6
156041,4936,87700,432.9
156051,4936,57300,282.8
156061,4932,55600,274.2
156071,4936,57300,282.8
156081,4932,55700,274.7
156091,4936,57300,282.8
156101,4816,205300,988.7
156111,4936,57300,282.8
156121,4932,55600,274.2
156131,4936,57200,282.3
156141,4912,77700,381.7
156151,4936,57100,281.8
156161,4932,55600,274.2
156171,4936,57300,282.8
156181,4932,56300,277.7
156191,4936,56600,279.4
156202,4932,56300,277.7
156211,4820,134500,648.3
156221,4932,56800,280.1
156231,4936,56500,278.9
156241,4884,60300,294.5
156251,4932,55600,274.2
156261,4936,57300,282.8
156271,4932,55700,274.7
156281,4936,57300,282.8
156291,4932,55600,274.2
156301,4936,57200,282.3
156311,4808,213400,1026.0
156321,4936,57300,282.8
156331,4932,55600,274.2
156341,4936,72200,356.4
156351,4932,55600,274.2
156361,4936,57200,282.3
156371,4932,56300,277.7
156381,4932,56500,278.7
156391,4932,56300,277.7
156401,4932,56500,278.7
156411,4932,56700,279.6
156421,4820,158200,762.5
156431,4936,57300,282.8
156441,4932,87600,432.0
156451,4932,57200,282.1
156461,4932,55600,274.2
156471,4932,57200,282.1
156481,4932,55600,274.2
156491,4936,57300,282.8
156501,4932,55600,274.2
156511,4936,57300,282.8
156521,4932,55600,274.2
156531,4732,135700,642.1
156541,4908,73900,362.7
156551,4932,57200,282.1
156561,4932,56300,277.7
156571,4932,56600,279.2
156581,4932,56300,277.7
156591,4932,56600,279.2
156601,4932,56600,279.2
156611,4932,56600,279.2
156621,4936,57300,282.8
156631,4808,176400,848.1
156641,4884,59400,290.1
156651,4932,55600,274.2
156661,4932,57200,282.1
156671,4932,55700,274.7
156681,4936,57300,282.8
156691,4932,55600,274.2
156701,4936,57200,282.3
156711,4932,55600,274.2
156721,4936,57300,282.8
156731,4744,160500,761.4
156741,4936,76000,375.1
156751,4932,56300,277.7
156761,4932,56600,279.2
156771,4932,56300,277.7
156781,4932,56600,279.2
156791,4932,56400,278.2
156801,4932,56500,278.7
156811,4936,57200,282.3
156821,4932,55700,274.7
156831,4936,57300,282.8
156841,4928,87000,428.7
156851,4936,57200,282.3
156861,4932,55600,274.2
156871,4936,57300,282.8
156881,4932,55600,274.2
156891,4936,57200,282.3
156901,4932,55600,274.2
156911,4936,57200,282.3
156921,4932,55600,274.2
156931,4936,57200,282.3
156941,4712,227000,1069.6
156951,4932,56700,279.6
156961,4932,56300,277.7
156971,4936,56600,279.4
156981,4936,56400,278.4
156991,4932,56600,279.2
157001,4936,57300,282.8
157011,4932,55700,274.7
157021,4932,57300,282.6
157031,4932,55600,274.2
157041,4760,148500,706.9
157051,4932,55700,274.7
157061,4936,57200,282.3
157071,4932,55600,274.2
157081,4936,57200,282.3
157091,4932,55700,274.7
157101,4936,57200,282.3
157111,4932,55600,274.2
157121,4936,57200,282.3
157131,4932,56300,277.7
157141,4932,79400,391.6
157151,4932,56300,277.7
157161,4932,56600,279.2
157171,4932,56400,278.2
157181,4932,56600,279.2
157191,4936,57200,282.3
157201,4932,55600,274.2
157211,4936,57200,282.3
157221,4932,55700,274.7
157231,4932,57200,282.1
157241,4924,85200,419.5
157251,4708,158100,744.3
157261,4932,55700,274.7
157271,4936,57300,282.8
157281,4932,55700,274.7
157291,4936,57300,282.8
157301,4932,55600,274.2
157311,4936,57200,282.3
157321,4932,56300,277.7
157331,4936,56600,279.4
157341,4896,66300,324.6
157351,4796,138600,664.7
157361,4936,56400,278.4
157371,4932,56700,279.6
157381,4936,57200,282.3
157391,4932,55700,274.7
157401,4936,57300,282.8
157411,4932,55600,274.2
157421,4936,57200,282.3
157431,4932,55600,274.2
157441,4936,64300,317.4
157451,4932,55700,274.7
157461,4808,165700,796.7
157471,4932,55700,274.7
157481,4936,57300,282.8
157491,4932,55600,274.2
157501,4936,57200,282.3
157511,4932,56300,277.7
157521,4936,56600,279.4
157531,4932,56300,277.7
157541,4932,83200,410.3
157551,4932,56300,277.7
157561,4932,56600,279.2
157571,4812,215700,1037.9
157581,4932,55700,274.7
157591,4936,57300,282.8
157601,4932,55600,274.2
157611,4936,57300,282.8
157621,4932,55700,274.7
157631,4936,57200,282.3
157641,4920,83100,408.9
157651,4936,57300,282.8
157661,4932,55700,274.7
157671,4804,145600,699.5
157681,4932,55700,274.7
157691,4936,57200,282.3
157701,4932,56300,277.7
157711,4936,56700,279.9
157721,4932,56300,277.7
157731,4932,56600,279.2
157741,4888,62700,306.5
157751,4936,56600,279.4
157761,4936,57200,282.3
157771,4796,140900,675.8
157781,4936,57200,282.3
157791,4932,55700,274.7
157801,4932,57300,282.6
157811,4932,55700,274.7
157821,4936,57300,282.8
157832,4932,55700,274.7
157841,4932,66600,328.5
157851,4932,55600,274.2
157861,4936,57200,282.3
157871,4932,55700,274.7
157881,4828,57300,276.6
157891,4932,56300,277.7
157901,4932,56600,279.2
157911,4936,56300,277.9
157921,4932,56600,279.2
157931,4932,56200,277.2
157941,4932,86900,428.6
157951,4936,57300,282.8
157961,4932,55600,274.2
157971,4936,57200,282.3
157981,4928,113600,559.8
157991,4936,57300,282.8
158001,4932,55700,274.7
158011,4936,57200,282.3
158021,4932,55700,274.7
158031,4936,57200,282.3
158041,4916,79500,390.8
158051,4932,57100,281.6
158061,4932,55600,274.2
158071,4936,57300,282.8
158081,4932,56300,277.7
158091,4692,132800,623.1
158101,4932,56300,277.7
158111,4936,56600,279.4
158121,4932,56300,277.7
158131,4932,56600,279.2
158141,4888,61200,299.1
158151,4932,55600,274.2
158161,4936,57200,282.3
158171,4932,55700,274.7
158181,4936,57200,282.3
158191,4812,194800,937.4
158201,4936,57200,282.3
158211,4932,55700,274.7
158221,4936,57300,282.8
158231,4932,55700,274.7
158241,4932,70300,346.7
158251,4932,55600,274.2
158261,4936,57200,282.3
158271,4932,56300,277.7
158281,4936,56600,279.4
158291,4932,58800,290.0
158301,4936,56600,279.4
158311,4932,56300,277.7
158321,4932,56600,279.2
158331,4936,57300,282.8
158341,4932,87800,433.0
158351,4936,57200,282.3
158361,4932,55600,274.2
158371,4936,57200,282.3
158381,4932,55600,274.2
158391,4936,57200,282.3
158401,4932,55700,274.7
158411,4936,57200,282.3
158421,4932,55700,274.7
158431,4936,57300,282.8
158441,4912,75600,371.3
158451,4936,57200,282.3
158461,4932,56400,278.2
158471,4932,56600,279.2
158481,4932,56300,277.7
158491,4936,56600,279.4
158501,4932,56300,277.7
158511,4800,210500,1010.4
158521,4932,57200,282.1
158531,4932,55700,274.7
158541,4884,58200,284.2
158551,4932,55600,274.2
158561,4936,57300,282.8
158571,4932,55700,274.7
158581,4932,57200,282.1
158591,4932,55700,274.7
158601,4936,57200,282.3
158611,4800,140700,675.4
158621,4936,57300,282.8
158631,4932,55700,274.7
158641,4936,74200,366.3
158651,4932,56300,277.7
158661,4936,56700,279.9
158671,4932,56400,278.2
158681,4932,56600,279.2
158691,4932,56300,277.7
158701,4932,56600,279.2
158711,4932,59800,294.9
158721,4932,55600,274.2
158731,4932,57100,281.6
158741,4928,87200,429.7
158751,4936,57300,282.8
158761,4932,55600,274.2
158771,4932,57300,282.6
158781,4932,55600,274.2
158791,4936,57200,282.3
158801,4932,55700,274.7
158811,4936,57200,282.3
158821,4796,55700,267.1
158831,4936,57200,282.3
158841,4904,72500,355.5
158851,4936,56900,280.9
158861,4932,56300,277.7
158871,4936,56600,279.4
158881,4932,56300,277.7
158891,4932,56500,278.7
158901,4932,57300,282.6
158911,4932,55500,273.7
158921,4936,57200,282.3
158931,4932,55600,274.2
158941,4888,60700,296.7
158951,4932,55700,274.7
158961,4936,57200,282.3
158971,4932,55700,274.7
158981,4932,57200,282.1
158991,4932,55700,274.7
159001,4936,57300,282.8
159011,4932,55700,274.7
159021,4932,57300,282.6
159031,4812,181800,874.8
159041,4936,77700,383.5
159051,4932,56300,277.7
159061,4936,56600,279.4
159071,4932,56300,277.7
159081,4932,56600,279.2
159091,4932,57300,282.6
159101,4932,55600,274.2
159111,4936,57200,282.3
159121,4932,55700,274.7
159131,4800,141100,677.3
159141,4924,86600,426.4
159151,4932,57300,282.6
159161,4932,55600,274.2
159171,4936,57300,282.8
159181,4932,55600,274.2
159191,4932,57200,282.1
159201,4932,55700,274.7
159211,4936,57100,281.8
159221,4932,56300,277.7
159231,4804,143500,689.4
159241,4900,68600,336.1
159251,4932,56600,279.2
159261,4932,56400,278.2
159271,4932,56600,279.2
159281,4932,57200,282.1
159291,4932,55600,274.2
159301,4932,57200,282.1
159311,4932,55700,274.7
159321,4936,57200,282.3
159331,4932,55600,274.2
159341,4672,182000,850.3
159351,4932,55700,274.7
159361,4936,57300,282.8
159371,4928,55700,274.5
159381,4936,57300,282.8
159391,4932,55700,274.7
159401,4936,57200,282.3
159411,4932,56200,277.2
159421,4932,57100,281.6
159431,4932,56300,277.7
159441,4932,81500,402.0
159451,4936,56300,277.9
159462,4932,55700,274.7
159471,4932,57300,282.6
159481,4932,55700,274.7
159491,4936,57300,282.8
159501,4932,55700,274.7
159511,4932,57300,282.6
159521,4932,55700,274.7
159531,4936,57200,282.3
159541,4920,83700,411.8
159551,4936,57200,282.3
159561,4932,55600,274.2
159571,4936,57300,282.8
159581,4936,55700,274.9
159591,4936,57300,282.8
159601,4932,56100,276.7
159611,4936,57200,282.3
159621,4932,56400,278.2
159631,4932,56600,279.2
159641,4892,64500,315.5
159651,4936,56600,279.4
159661,4808,143400,689.5
159671,4932,55800,275.2
159681,4936,57300,282.8
159691,4932,55700,274.7
159701,4932,57300,282.6
159711,4932,55600,274.2
159721,4932,57300,282.6
159731,4932,55600,274.2
159741,4932,65700,324.0
159751,4932,55700,274.7
159761,4936,57200,282.3
159771,4792,56100,268.8
159781,4936,57200,282.3
159791,4932,55900,275.7
159801,4936,57200,282.3
159811,4932,56300,277.7
159821,4932,56600,279.2
159831,4932,56300,277.7
159841,4932,85300,420.7
159851,4932,57300,282.6
159861,4932,55700,274.7
159871,4936,57300,282.8
159881,4708,101100,476.0
159891,4936,57200,282.3
159901,4932,55700,274.7
159911,4936,57200,282.3
159921,4932,55700,274.7
159931,4936,57300,282.8
159941,4916,81400,400.2
159951,4932,57200,282.1
159961,4932,55600,274.2
159971,4936,57300,282.8
159981,4932,55900,275.7
159991,4932,57200,282.1
160001,4932,56300,277.7
160011,4932,56700,279.6
160021,4932,56300,277.7
160031,4932,56700,279.6
160041,4884,62400,304.8
160051,4932,55900,275.7
160061,4936,57200,282.3
160071,4932,55600,274.2
160081,4936,57200,282.3
160091,4800,144300,692.6
160101,4936,57300,282.8
160111,4932,55700,274.7
160121,4936,57300,282.8
160131,4932,55600,274.2
160141,4932,68600,338.3
160151,4932,55700,274.7
160161,4936,57200,282.3
160171,4932,55800,275.2
160181,4932,57200,282.1
160191,4932,56300,277.7
160201,4812,131900,634.7
160211,4932,56300,277.7
160221,4932,56600,279.2
160231,4932,57200,282.1
160241,4932,87700,432.5
160251,4932,57200,282.1
160261,4932,55600,274.2
160271,4936,57200,282.3
160281,4932,55600,274.2
160291,4932,57200,282.1
160301,4800,139900,671.5
160311,4936,57300,282.8
160321,4932,55600,274.2
160331,4932,57200,282.1
160341,4912,77100,378.7
160351,4932,57300,282.6
160361,4932,55700,274.7
160371,4936,57200,282.3
160381,4932,56300,277.7
160391,4936,56600,279.4
160401,4932,56300,277.7
160411,4808,131200,630.8
160421,4932,57100,281.6
160431,4932,56100,276.7
160441,4884,60100,293.5
160451,4932,55600,274.2
160461,4936,57200,282.3
160471,4932,55600,274.2
160481,4932,57200,282.1
160491,4932,55700,274.7
160501,4936,57200,282.3
160511,4932,55700,274.7
160521,4704,156200,734.8
160531,4932,55600,274.2
160541,4936,72600,358.4
160551,4932,55700,274.7
160561,4932,57300,282.6
160571,4932,56400,278.2
160581,4936,56600,279.4
160591,4932,56200,277.2
160601,4936,56600,279.4
160611,4932,57000,281.1
160621,4804,138100,663.4
160631,4932,57200,282.1
160641,4932,87500,431.6
160651,4932,57200,282.1
160661,4932,55600,274.2
160671,4936,57300,282.8
160681,4932,55600,274.2
160691,4936,57200,282.3
160701,4932,55700,274.7
160711,4932,57200,282.1
160721,4800,142400,683.5
160731,4936,57200,282.3
160741,4908,73300,359.8
160751,4932,57300,282.6
160761,4936,56300,277.9
160771,4932,56600,279.2
160781,4932,56300,277.7
160791,4932,56600,279.2
160801,4932,57000,281.1
160811,4936,56300,277.9
160821,4796,142300,682.5
160831,4932,55600,274.2
160841,4888,59700,291.8
160851,4932,55700,274.7
160861,4936,57200,282.3
160871,4932,55700,274.7
160881,4936,57200,282.3
160891,4932,55600,274.2
160901,4936,57200,282.3
160911,4932,55600,274.2
160921,4936,57200,282.3
160931,4792,55700,266.9
160941,4936,76500,377.6
160951,4936,56300,277.9
160961,4932,56600,279.2
160971,4932,56300,277.7
160981,4936,56600,279.4
160991,4932,56800,280.1
161001,4936,56500,278.9
161011,4936,57200,282.3
161021,4932,55700,274.7
161031,4868,60100,292.6
161041,4928,87100,429.2
161051,4936,57300,282.8
161061,4932,55600,274.2
161071,4932,57300,282.6
161081,4932,55600,274.2
161091,4932,57200,282.1
161102,4932,55600,274.2
161111,4932,57300,282.6
161121,4932,55700,274.7
161131,4936,57300,282.8
161141,4780,202800,969.4
161151,4932,56600,279.2
161161,4932,56300,277.7
161171,4932,56600,279.2
161181,4932,56700,279.6
161191,4932,56500,278.7
161201,4936,57300,282.8
161211,4932,55700,274.7
161221,4932,57200,282.1
161231,4932,55700,274.7
161241,4888,62200,304.0
161251,4740,86400,409.5
161261,4936,57200,282.3
161271,4932,55600,274.2
161281,4932,57300,282.6
161291,4932,55700,274.7
161301,4936,57300,282.8
161311,4932,55600,274.2
161321,4936,57200,282.3
161331,4932,56300,277.7
161341,4932,80100,395.1
161351,4736,155300,735.5
161361,4932,56600,279.2
161371,4932,56500,278.7
161381,4932,56600,279.2
161391,4936,57300,282.8
161401,4932,55700,274.7
161411,4936,57200,282.3
161421,4932,55700,274.7
161431,4936,57200,282.3
161441,4924,84800,417.6
161451,4800,141300,678.2
161461,4932,55700,274.7
161471,4936,57300,282.8
161481,4932,55600,274.2
161491,4936,57200,282.3
161501,4932,55700,274.7
161511,4936,57300,282.8
161521,4932,56300,277.7
161531,4932,56600,279.2
161541,4896,65900,322.6
161551,4932,56600,279.2
161561,4816,212400,1022.9
161571,4932,56600,279.2
161581,4936,57300,282.8
161591,4932,55600,274.2
161601,4936,57300,282.8
161611,4932,55600,274.2
161621,4932,57300,282.6
161631,4936,55700,274.9
161641,4932,64600,318.6
161651,4932,55600,274.2
161661,4800,142800,685.4
161671,4932,55700,274.7
161681,4936,57300,282.8
161691,4932,55600,274.2
161701,4936,57300,282.8
161711,4932,56300,277.7
161721,4932,56600,279.2
161731,4932,56200,277.2
161741,4932,83600,412.3
161751,4932,56400,278.2
161761,4932,56500,278.7
161771,4812,219600,1056.7
161781,4932,55600,274.2
161791,4936,57200,282.3
161801,4932,55700,274.7
161811,4936,57300,282.8
161821,4932,55600,274.2
161831,4936,57200,282.3
161841,4920,82700,406.9
161851,4936,57300,282.8
161861,4932,55600,274.2
161871,4936,57300,282.8
161881,4932,55600,274.2
161891,4932,57200,282.1
161901,4932,56300,277.7
161911,4936,56600,279.4
161921,4932,56300,277.7
161931,4932,56600,279.2
161941,4888,62500,305.5
161951,4936,56600,279.4
161961,4936,57200,282.3
161971,4932,55700,274.7
161981,4856,213300,1035.8
161991,4932,55600,274.2
162001,4936,57200,282.3
162011,4932,55600,274.2
162021,4932,57300,282.6
162031,4932,55600,274.2
162041,4932,66800,329.5
162051,4932,55700,274.7
162061,4932,57200,282.1
162071,4932,55700,274.7
162081,4936,57200,282.3
162091,4932,56300,277.7
162101,4936,56600,279.4
162111,4932,56300,277.7
162121,4932,56600,279.2
162131,4932,56400,278.2
162141,4932,87300,430.6
162151,4932,57200,282.1
162161,4932,55600,274.2
162171,4932,57300,282.6
162181,4932,55600,274.2
162191,4804,145600,699.5
162201,4932,55700,274.7
162211,4936,57200,282.3
162221,4932,55700,274.7
162231,4936,57300,282.8
162241,4916,79000,388.4
162251,4936,57200,282.3
162261,4932,55600,274.2
162271,4936,57300,282.8
162281,4932,56300,277.7
162291,4936,56600,279.4
162301,4804,141300,678.8
162311,4936,56600,279.4
162321,4932,56300,277.7
162331,4932,56700,279.6
162341,4884,61000,297.9
162351,4928,55700,274.5
162361,4932,57300,282.6
162371,4932,55700,274.7
162381,4936,57200,282.3
162391,4932,55600,274.2
162401,4936,57200,282.3
162411,4748,80200,380.8
162421,4936,57300,282.8
162431,4932,55700,274.7
162441,4936,70800,349.5
162451,4932,55700,274.7
162461,4936,57200,282.3
162471,4932,56300,277.7
162481,4936,56600,279.4
162491,4932,56300,277.7
162501,4932,56600,279.2
162511,4816,56300,271.1
162521,4932,56600,279.2
162531,4932,57200,282.1
162541,4932,87800,433.0
162551,4932,57200,282.1
162561,4932,55700,274.7
162571,4936,57300,282.8
162581,4932,55700,274.7
162591,4932,57300,282.6
162601,4932,55700,274.7
162611,4932,58100,286.5
162621,4932,55700,274.7
162631,4936,57200,282.3
162641,4908,75200,369.1
162651,4932,57300,282.6
162661,4932,56200,277.2
162671,4936,56500,278.9
162681,4932,56300,277.7
162691,4932,56500,278.7
162701,4932,56300,277.7
162711,4932,56600,279.2
162721,4804,142900,686.5
162732,4932,55700,274.7
162741,4888,58500,285.9
162751,4932,55700,274.7
162761,4936,57200,282.3
162771,4932,55700,274.7
162781,4932,57200,282.1
162791,4932,55600,274.2
162801,4936,57200,282.3
162811,4932,55600,274.2
162821,4780,141700,677.3
162831,4932,55700,274.7
162841,4936,74600,368.2
162851,4932,56300,277.7
162861,4932,56500,278.7
162871,4932,56300,277.7
162881,4932,56500,278.7
162891,4932,56300,277.7
162901,4932,56600,279.2
162911,4936,57200,282.3
162921,4928,82900,408.5
162931,4932,57200,282.1
162941,4928,87200,429.7
162951,4932,57200,282.1
162961,4932,55700,274.7
162971,4936,57200,282.3
162981,4932,55600,274.2
162991,4936,57200,282.3
163001,4932,55600,274.2
163011,4932,57200,282.1
163021,4928,138500,682.5
163031,4932,57200,282.1
163041,4904,72100,353.6
163051,4936,56600,279.4
163061,4936,56300,277.9
163071,4932,56600,279.2
163081,4932,56300,277.7
163091,4932,56600,279.2
163101,4932,57200,282.1
163111,4932,55600,274.2
163121,4932,57300,282.6
163131,4808,150800,725.0
163141,4884,61000,297.9
163151,4932,55700,274.7
163161,4936,57300,282.8
163171,4932,55700,274.7
163181,4932,57200,282.1
163191,4932,55600,274.2
163201,4936,57200,282.3
163211,4932,55700,274.7
163221,4936,57300,282.8
163231,4932,56300,277.7
163241,4936,77900,384.5
163251,4932,56400,278.2
163261,4936,56600,279.4
163271,4932,56300,277.7
163281,4932,56700,279.6
163291,4936,57200,282.3
163301,4932,55600,274.2
163311,4936,57200,282.3
163321,4932,55700,274.7
163331,4936,57200,282.3
163341,4784,174500,834.8
163351,4932,57300,282.6
163361,4932,55700,274.7
163371,4932,57200,282.1
163381,4932,55700,274.7
163391,4936,57300,282.8
163401,4932,55600,274.2
163411,4936,57200,282.3
163421,4932,56400,278.2
163431,4936,56700,279.9
163441,4896,67600,331.0
163451,4804,173600,834.0
163461,4932,56300,277.7
163471,4932,56700,279.6
163481,4932,57200,282.1
163491,4932,55700,274.7
163501,4936,57200,282.3
163511,4932,55600,274.2
163521,4936,57300,282.8
163531,4932,55600,274.2
163541,4936,63500,313.4
163551,4932,55700,274.7
163561,4936,57200,282.3
163571,4932,55700,274.7
163581,4936,57300,282.8
163591,4932,55600,274.2
163601,4932,57300,282.6
163611,4932,56200,277.2
163621,4936,56900,280.9
163631,4932,56300,277.7
163641,4936,81800,403.8
163651,4932,56300,277.7
163661,4808,142900,687.1
163671,4932,57300,282.6
163681,4932,55600,274.2
163691,4936,57200,282.3
163701,4932,55700,274.7
163711,4932,57200,282.1
163721,4932,55700,274.7
163731,4936,57200,282.3
163741,4924,83900,413.1
163751,4936,57300,282.8
163761,4932,55600,274.2
163771,4696,134700,632.6
163781,4932,55700,274.7
163791,4936,57200,282.3
163801,4932,56200,277.2
163811,4932,57100,281.6
163821,4932,56300,277.7
163831,4932,56600,279.2
163841,4892,64300,314.6
163851,4932,56600,279.2
163861,4932,57200,282.1
163871,4932,55600,274.2
163881,4936,57200,282.3
163891,4932,55600,274.2
163901,4932,57300,282.6
163911,4932,55700,274.7
163921,4936,57300,282.8
163931,4932,55700,274.7
163941,4932,65800,324.5
163951,4932,55600,274.2
163961,4936,57200,282.3
163971,4932,55600,274.2
163981,4780,140800,673.0
163991,4932,56000,276.2
164001,4936,57100,281.8
164011,4932,56300,277.7
164021,4936,56600,279.4
164031,4932,56300,277.7
164041,4932,85700,422.7
164051,4932,57200,282.1
164061,4932,55700,274.7
164071,4936,57300,282.8
164081,4932,55700,274.7
164091,4808,148400,713.5
164101,4932,55700,274.7
164111,4936,57300,282.8
164121,4932,55700,274.7
164131,4936,57200,282.3
164141,4920,81000,398.5
164151,4936,57300,282.8
164161,4932,55600,274.2
164171,4936,57200,282.3
164181,4932,56000,276.2
164191,4776,141900,677.7
164201,4932,56400,278.2
164211,4932,56600,279.2
164221,4932,56300,277.7
164231,4932,56600,279.2
164241,4884,62200,303.8
164251,4932,55800,275.2
164261,4936,57200,282.3
164271,4932,55600,274.2
164281,4936,57200,282.3
164291,4932,55700,274.7
164301,4692,132000,619.3
164311,4932,55700,274.7
164321,4936,57200,282.3
164331,4932,55700,274.7
164341,4936,68700,339.1
164351,4932,55700,274.7
164362,4936,57200,282.3
164371,4932,55900,275.7
164381,4936,57200,282.3
164391,4932,56300,277.7
164401,4932,56600,279.2
164411,4804,56300,270.5
164421,4932,56600,279.2
164431,4932,57300,282.6
164441,4932,87700,432.5
164451,4932,57200,282.1
164461,4932,55600,274.2
164471,4936,57200,282.3
164481,4932,55600,274.2
164491,4932,57200,282.1
164501,4932,55600,274.2
164511,4936,57200,282.3
164521,4740,82100,389.2
164531,4936,57300,282.8
164541,4912,77000,378.2
164551,4936,57200,282.3
164561,4932,55800,275.2
164571,4936,57300,282.8
164581,4932,56300,277.7
164591,4932,56500,278.7
164601,4936,56300,277.9
164611,4932,56600,279.2
164621,4820,214000,1031.5
164631,4936,56100,276.9
164641,4884,57200,279.4
164651,4932,55700,274.7
164661,4932,57200,282.1
164671,4932,55600,274.2
164681,4936,57200,282.3
164691,4932,55600,274.2
164701,4936,57200,282.3
164711,4932,55600,274.2
164721,4932,58500,288.5
164731,4932,55600,274.2
164741,4936,72800,359.3
164751,4932,55600,274.2
164761,4936,57200,282.3
164771,4932,56300,277.7
164781,4936,56600,279.4
164791,4932,56300,277.7
164801,4936,56600,279.4
164811,4932,57100,281.6
164821,4932,56100,276.7
164831,4820,139300,671.4
164841,4928,87500,431.2
164851,4932,57200,282.1
164861,4932,55700,274.7
164871,4936,57200,282.3
164881,4932,55700,274.7
164891,4936,57200,282.3
164901,4932,55700,274.7
164911,4936,57200,282.3
164921,4932,55700,274.7
164931,4928,57300,282.4
164941,4904,73200,359.0
164951,4932,57200,282.1
164961,4932,56300,277.7
164971,4932,56600,279.2
164981,4932,56300,277.7
164991,4936,56600,279.4
165001,4932,57000,281.1
165011,4932,56200,277.2
165021,4932,57100,281.6
165031,4932,55600,274.2
165041,4808,225900,1086.1
165051,4932,55700,274.7
165061,4936,57200,282.3
165071,4932,55600,274.2
165081,4932,57200,282.1
165091,4932,55700,274.7
165101,4936,57200,282.3
165111,4932,55600,274.2
165121,4936,57200,282.3
165131,4932,55600,274.2
165141,4776,160900,768.5
165151,4932,56300,277.7
165161,4932,56500,278.7
165171,4932,56300,277.7
165181,4936,56600,279.4
165191,4936,56800,280.4
165201,4936,56400,278.4
165211,4936,56800,280.4
165221,4932,55700,274.7
165231,4936,57200,282.3
165241,4928,87000,428.7
165251,4852,210800,1022.8
165261,4932,55600,274.2
165271,4936,57300,282.8
165281,4932,55700,274.7
165291,4932,57200,282.1
165301,4932,55700,274.7
165311,4936,57200,282.3
165321,4932,55700,274.7
165331,4932,57300,282.6
165341,4900,69500,340.6
165351,4776,142800,682.0
165361,4932,56300,277.7
165371,4932,56700,279.6
165381,4936,56700,279.9
165391,4936,56500,278.9
165401,4932,56700,279.6
165411,4932,55600,274.2
165421,4936,57200,282.3
165431,4932,55600,274.2
165441,4888,62200,304.0
165451,4932,55700,274.7
165461,4688,132700,622.1
165471,4932,55600,274.2
165481,4936,57300,282.8
165491,4932,55700,274.7
165501,4932,57200,282.1
165511,4932,55600,274.2
165521,4936,57300,282.8
165531,4936,56300,277.9
165541,4932,79800,393.6
165551,4932,56300,277.7
165561,4816,134800,649.2
165571,4932,56500,278.7
165581,4936,56600,279.4
165591,4936,56600,279.4
165601,4932,55700,274.7
165611,4932,57200,282.1
165621,4932,55600,274.2
165631,4932,57200,282.1
165641,4924,85000,418.5
165651,4936,57200,282.3
165661,4804,202600,973.3
165671,4932,57300,282.6
165681,4932,55600,274.2
165691,4932,57200,282.1
165701,4932,55700,274.7
165711,4936,57300,282.8
165721,4932,56300,277.7
165731,4932,56600,279.2
165741,4896,66100,323.6
165751,4936,56600,279.4
165761,4800,142800,685.4
165771,4932,56600,279.2
165781,4936,56400,278.4
165791,4932,55600,274.2
165801,4936,57300,282.8
165811,4932,55700,274.7
165821,4936,57300,282.8
165831,4932,55700,274.7
165841,4936,64600,318.9
165851,4932,55700,274.7
165861,4936,57200,282.3
165871,4804,207000,994.4
165881,4936,57300,282.8
165891,4932,55600,274.2
165901,4936,57200,282.3
165911,4932,56300,277.7
165921,4932,56700,279.6
165931,4932,56300,277.7
165941,4932,83700,412.8
165951,4932,56400,278.2
165961,4932,56600,279.2
165971,4932,56500,278.7
165981,4808,130700,628.4
165991,4932,57300,282.6
166002,4932,55700,274.7
166011,4936,57200,282.3
166021,4932,55700,274.7
166031,4932,57300,282.6
166041,4920,82600,406.4
166051,4936,57200,282.3
166061,4932,55600,274.2
166071,4936,57300,282.8
166081,4804,143500,689.4
166091,4932,57300,282.6
166101,4932,56300,277.7
166111,4932,56600,279.2
166121,4932,56400,278.2
166131,4932,56600,279.2
166141,4888,62400,305.0
166151,4932,56500,278.7
166161,4936,56300,277.9
166171,4932,55700,274.7
166181,4936,57200,282.3
166191,4808,137700,662.1
166201,4936,57300,282.8
166211,4932,55700,274.7
166221,4936,57300,282.8
166231,4932,55600,274.2
166241,4936,66900,330.2
166251,4932,55700,274.7
166261,4936,57200,282.3
166271,4932,55700,274.7
166281,4936,57200,282.3
166291,4800,142800,685.4
166301,4932,56600,279.2
166311,4932,56300,277.7
166321,4932,56600,279.2
166331,4932,56300,277.7
166341,4932,87300,430.6
166351,4936,56300,277.9
166361,4932,55700,274.7
166371,4936,57200,282.3
166381,4932,55700,274.7
166391,4800,142700,685.0
166401,4932,55700,274.7
166411,4936,57200,282.3
166421,4932,55700,274.7
166431,4936,57300,282.8
166441,4916,78900,387.9
166451,4936,57300,282.8
166461,4932,55600,274.2
166471,4936,57200,282.3
166481,4932,56200,277.2
166491,4936,56700,279.9
166501,4808,161900,778.4
166511,4932,56600,279.2
166521,4932,56300,277.7
166531,4932,56600,279.2
166541,4888,56300,275.2
166551,4932,55700,274.7
166561,4932,57300,282.6
166571,4932,55700,274.7
166581,4936,57200,282.3
166591,4932,55600,274.2
166601,4804,142500,684.6
166611,4932,55700,274.7
166621,4932,57300,282.6
166631,4932,55600,274.2
166641,4936,70900,350.0
166651,4932,55600,274.2
166661,4936,57200,282.3
166671,4932,56200,277.2
166681,4936,56600,279.4
166691,4932,56300,277.7
166701,4932,56600,279.2
166711,4760,168900,804.0
166721,4932,56600,279.2
166731,4936,57200,282.3
166741,4932,87700,432.5
166751,4936,57200,282.3
166761,4932,55600,274.2
166771,4936,57200,282.3
166781,4932,55600,274.2
166791,4936,57300,282.8
166801,4932,55700,274.7
166811,4932,57200,282.1
166821,4808,135500,651.5
166831,4936,57300,282.8
166841,4908,75200,369.1
166851,4936,57300,282.8
166861,4932,56300,277.7
166871,4936,56600,279.4
166881,4932,56300,277.7
166891,4932,56500,278.7
166901,4932,56300,277.7
166911,4932,56600,279.2
166921,4804,154000,739.8
166931,4932,55700,274.7
166941,4884,58500,285.7
166951,4932,55700,274.7
166961,4936,57200,282.3
166971,4932,55700,274.7
166981,4936,57200,282.3
166991,4932,55600,274.2
167001,4936,57300,282.8
167011,4932,55700,274.7
167021,4936,57200,282.3
167031,4800,141900,681.1
167041,4932,74600,367.9
167051,4932,56300,277.7
167061,4936,56500,278.9
167071,4932,56300,277.7
167081,4932,56500,278.7
167091,4932,56300,277.7
167101,4932,56600,279.2
167111,4936,57200,282.3
167121,4932,55700,274.7
167131,4904,60200,295.2
167141,4928,87300,430.2
167151,4936,57300,282.8
167161,4932,55700,274.7
167171,4932,57300,282.6
167181,4932,55700,274.7
167191,4936,57200,282.3
167201,4932,55600,274.2
167211,4936,57300,282.8
167221,4932,55700,274.7
167231,4936,57200,282.3
167241,4904,72100,353.6
167251,4932,56600,279.2
167261,4932,56300,277.7
167271,4932,56600,279.2
167281,4932,56300,277.7
167291,4932,56600,279.2
167301,4932,57300,282.6
167311,4932,55600,274.2
167321,4936,57200,282.3
167331,4932,55600,274.2
167341,4756,146500,696.8
167351,4932,55700,274.7
167361,4936,57200,282.3
167371,4932,55700,274.7
167381,4936,57300,282.8
167391,4932,55600,274.2
167401,4936,57300,282.8
167411,4932,55600,274.2
167421,4936,57300,282.8
167431,4932,56300,277.7
167441,4936,78100,385.5
167451,4792,58800,281.8
167461,4932,56600,279.2
167471,4932,56300,277.7
167481,4932,56600,279.2
167491,4932,57300,282.6
167501,4932,55600,274.2
167511,4936,57200,282.3
167521,4932,55700,274.7
167531,4932,57300,282.6
167541,4924,85800,422.5
167551,4696,135000,634.0
167561,4932,55700,274.7
167571,4936,57200,282.3
167581,4932,55700,274.7
167591,4936,57200,282.3
167601,4932,55700,274.7
167611,4936,57300,282.8
167621,4932,56400,278.2
167632,4932,56700,279.6
167641,4896,67700,331.5
167651,4776,141400,675.3
167661,4932,56300,277.7
167671,4932,56600,279.2
167681,4936,57200,282.3
167691,4932,55600,274.2
167701,4936,57300,282.8
167711,4932,55700,274.7
167721,4936,57300,282.8
167731,4932,55700,274.7
167741,4936,63500,313.4
167751,4932,55700,274.7
167761,4720,138600,654.2
167771,4932,55700,274.7
167781,4936,57200,282.3
167791,4932,55600,274.2
167801,4936,57200,282.3
167811,4932,56400,278.2
167821,4936,56900,280.9
167831,4932,56300,277.7
167841,4932,81800,403.4
167851,4932,56300,277.7
167861,4804,166000,797.5
167871,4932,57300,282.6
167881,4932,55700,274.7
167891,4932,57200,282.1
167901,4932,55700,274.7
167911,4936,57200,282.3
167921,4932,55700,274.7
167931,4936,57300,282.8
167941,4920,83700,411.8
167951,4936,57300,282.8
167961,4800,143900,690.7
167971,4932,57300,282.6
167981,4932,55600,274.2
167991,4936,57200,282.3
168001,4932,56300,277.7
168011,4936,57000,281.4
168021,4932,56300,277.7
168031,4932,56600,279.2
168041,4892,64200,314.1
168051,4932,56600,279.2
168061,4800,142000,681.6
168071,4932,55800,275.2
168081,4936,57300,282.8
168091,4932,55600,274.2
168101,4936,57200,282.3
168111,4932,55700,274.7
168121,4936,57300,282.8
168131,4932,55700,274.7
168141,4936,65800,324.8
168151,4932,55700,274.7
168161,4932,57200,282.1
168171,4812,185900,894.6
168181,4932,57300,282.6
168191,4932,56100,276.7
168201,4936,57200,282.3
168211,4932,56300,277.7
168221,4932,56600,279.2
168231,4932,56300,277.7
168241,4936,85700,423.0
168251,4932,57200,282.1
168261,4932,55600,274.2
168271,4936,57300,282.8
168281,4684,129900,608.5
168291,4936,57200,282.3
168301,4932,55600,274.2
168311,4936,57200,282.3
168321,4932,55600,274.2
168331,4936,57200,282.3
168341,4916,80900,397.7
168351,4936,57200,282.3
168361,4932,55600,274.2
168371,4936,57200,282.3
168381,4932,128500,633.8
168391,4936,57200,282.3
168401,4932,56300,277.7
168411,4932,56600,279.2
168421,4932,56400,278.2
168431,4936,56600,279.4
168441,4888,62300,304.5
168451,4932,55800,275.2
168461,4936,57200,282.3
168471,4932,55700,274.7
168481,4936,57300,282.8
168491,4804,137900,662.5
168501,4932,57300,282.6
168511,4932,55600,274.2
168521,4932,57300,282.6
168531,4932,55700,274.7
168541,4936,68900,340.1
168551,4932,55700,274.7
168561,4936,57200,282.3
168571,4932,55900,275.7
168581,4932,57200,282.1
168591,4932,56300,277.7
168601,4804,144000,691.8
168611,4932,56300,277.7
168621,4936,56500,278.9
168631,4932,57300,282.6
168641,4936,87700,432.9
168651,4932,57300,282.6
168661,4932,55600,274.2
168671,4936,57200,282.3
168681,4932,55600,274.2
168691,4936,57200,282.3
168701,4796,138700,665.2
168711,4932,57200,282.1
168721,4932,55700,274.7
168731,4936,57200,282.3
168741,4912,76900,377.7
168751,4932,57200,282.1
168761,4932,55800,275.2
168771,4936,57300,282.8
168781,4932,56300,277.7
168791,4932,56600,279.2
168801,4932,56300,277.7
168811,4804,144900,696.1
168821,4932,57200,282.1
168831,4932,56000,276.2
168841,4884,57300,279.9
168851,4932,55700,274.7
168861,4932,57200,282.1
168871,4928,55700,274.5
168881,4936,57200,282.3
168891,4932,55600,274.2
168901,4932,57300,282.6
168911,4792,141700,679.0
168921,4936,57300,282.8
168931,4932,55700,274.7
168941,4936,72900,359.8
168951,4932,55800,275.2
168961,4936,57300,282.8
168971,4932,56300,277.7
168981,4932,56600,279.2
168991,4932,56300,277.7
169001,4932,56600,279.2
169011,4932,57200,282.1
169021,4736,134200,635.6
169031,4936,57100,281.8
169041,4932,87400,431.1
169051,4936,57200,282.3
169061,4932,55600,274.2
169071,4936,57200,282.3
169081,4936,55600,274.4
169091,4936,57200,282.3
169101,4932,55700,274.7
169111,4936,57200,282.3
169121,4800,202400,971.5
169131,4936,57200,282.3
169141,4904,73300,359.5
169151,4936,57200,282.3
169161,4932,56300,277.7
169171,4932,56600,279.2
169181,4932,56300,277.7
169191,4936,56500,278.9
169201,4932,57000,281.1
169211,4936,56200,277.4
169221,4804,157000,754.2
169231,4932,55600,274.2
169241,4888,59700,291.8
169251,4932,55600,274.2
169262,4936,57200,282.3
169271,4932,55600,274.2
169281,4936,57200,282.3
169291,4932,55600,274.2
169301,4936,57300,282.8
169311,4932,55600,274.2
169321,4936,57200,282.3
169331,4812,191300,920.5
169341,4936,76700,378.6
169351,4932,56300,277.7
169361,4932,56500,278.7
169371,4932,56300,277.7
169381,4936,56600,279.4
169391,4932,56900,280.6
169401,4932,56400,278.2
169411,4936,57000,281.4
169421,4932,55700,274.7
169431,4936,57200,282.3
169441,4676,145700,681.3
169451,4936,57300,282.8
169461,4932,55700,274.7
169471,4936,57200,282.3
169481,4932,55600,274.2
169491,4936,57300,282.8
169501,4936,55700,274.9
169511,4936,57200,282.3
169521,4932,55600,274.2
169531,4932,57200,282.1
169541,4900,132600,649.7
169551,4936,56600,279.4
169561,4932,56200,277.2
169571,4932,56600,279.2
169581,4932,56800,280.1
169591,4936,56400,278.4
169601,4936,56800,280.4
169611,4932,55700,274.7
169621,4936,57200,282.3
169631,4932,55600,274.2
169641,4936,62200,307.0
169651,4800,209900,1007.5
169661,4936,57200,282.3
169671,4932,55700,274.7
169681,4936,57200,282.3
169691,4932,55700,274.7
169701,4936,57200,282.3
169711,4932,55700,274.7
169721,4932,57200,282.1
169731,4932,56300,277.7
169741,4936,79900,394.4
169751,4932,56300,277.7
169761,4932,56600,279.2
169771,4932,56500,278.7
169781,4936,56600,279.4
169791,4936,56500,278.9
169801,4932,55600,274.2
169811,4936,57200,282.3
169821,4932,55600,274.2
169831,4936,57200,282.3
169841,4924,85000,418.5
169851,4936,57300,282.8
169861,4808,152800,734.7
169871,4936,57200,282.3
169881,4932,55600,274.2
169891,4936,57200,282.3
169901,4932,55600,274.2
169911,4936,57200,282.3
169921,4932,56300,277.7
169931,4932,56600,279.2
169941,4892,66200,323.9
169951,4936,56600,279.4
169961,4932,56400,278.2
169971,4680,144100,674.4
169981,4936,56400,278.4
169991,4932,55700,274.7
170001,4932,57200,282.1
170011,4932,55700,274.7
170021,4932,57200,282.1
170031,4932,55600,274.2
170041,4932,64500,318.1
170051,4932,55700,274.7
170061,4932,57200,282.1
170071,4932,55600,274.2
170081,4936,57300,282.8
170091,4932,55600,274.2
170101,4936,57300,282.8
170111,4932,56300,277.7
170121,4932,56600,279.2
170131,4932,56300,277.7
170141,4932,83500,411.8
170151,4932,56400,278.2
170161,4932,56500,278.7
170171,4936,56400,278.4
170181,4932,55700,274.7
170191,4936,57300,282.8
170201,4932,55700,274.7
170211,4936,57200,282.3
170221,4932,55700,274.7
170231,4932,57200,282.1
170241,4920,82800,407.4
170251,4936,57200,282.3
170261,4932,55600,274.2
170271,4936,57200,282.3
170281,4732,87200,412.6
170291,4932,57300,282.6
170301,4932,56300,277.7
170311,4932,56600,279.2
170321,4932,56300,277.7
170331,4936,56600,279.4
170341,4888,62500,305.5
170351,4932,56600,279.2
170361,4936,56300,277.9
170371,4932,55700,274.7
170381,4808,176200,847.2
170391,4932,55700,274.7
170401,4936,57300,282.8
170411,4932,55600,274.2
170421,4936,57200,282.3
170431,4932,55700,274.7
170441,4936,66700,329.2
170451,4932,55700,274.7
170461,4936,57200,282.3
170471,4932,55700,274.7
170481,4756,138400,658.2
170491,4932,56300,277.7
170501,4936,56600,279.4
170511,4932,56300,277.7
170521,4932,56600,279.2
170531,4932,56300,277.7
170541,4932,87000,429.1
170551,4932,56400,278.2
170561,4932,55600,274.2
170571,4936,57300,282.8
170581,4932,55600,274.2
170591,4816,159800,769.6
170601,4932,55700,274.7
170611,4936,57300,282.8
170621,4932,55600,274.2
170631,4936,57200,282.3
170641,4916,79400,390.3
170651,4932,57300,282.6
170661,4932,55600,274.2
170671,4936,57200,282.3
170681,4932,56200,277.2
170691,4932,57100,281.6
170701,4932,56300,277.7
170711,4932,56600,279.2
170721,4932,56300,277.7
170731,4932,56600,279.2
170741,4888,56300,275.2
170751,4932,55700,274.7
170761,4936,57300,282.8
170771,4932,55700,274.7
170781,4936,57200,282.3
170791,4932,55600,274.2
170801,4936,59800,295.2
170811,4932,55600,274.2
170821,4936,57200,282.3
170831,4932,55600,274.2
170841,4936,70500,348.0
170851,4932,55700,274.7
170861,4932,57200,282.1
170871,4932,56400,278.2
170881,4936,56500,278.9
170891,4932,56300,277.7
170902,4932,56600,279.2
170911,4928,141500,697.3
170921,4932,56600,279.2
170931,4936,56300,277.9
170941,4932,87600,432.0
170951,4936,57200,282.3
170961,4932,55600,274.2
170971,4936,57200,282.3
170981,4932,55700,274.7
170991,4932,57200,282.1
171001,4932,55600,274.2
171011,4936,57200,282.3
171021,4796,145700,698.8
171031,4936,57200,282.3
171041,4908,75600,371.0
171051,4936,57200,282.3
171061,4932,56300,277.7
171071,4936,56600,279.4
171081,4932,56300,277.7
171091,4932,56600,279.2
171101,4932,56300,277.7
171111,4932,56600,279.2
171121,4804,159300,765.3
171131,4932,55600,274.2
171141,4884,58200,284.2
171151,4932,55700,274.7
171161,4936,57200,282.3
171171,4932,55600,274.2
171181,4936,57200,282.3
171191,4932,55600,274.2
171201,4936,57300,282.8
171211,4932,55700,274.7
171221,4932,57200,282.1
171231,4812,171000,822.9
171241,4936,74100,365.8
171251,4932,56300,277.7
171261,4932,56800,280.1
171271,4932,56300,277.7
171281,4932,56600,279.2
171291,4932,56300,277.7
171301,4932,56500,278.7
171311,4932,56300,277.7
171321,4932,55600,274.2
171331,4804,159800,767.7
171341,4928,87100,429.2
171351,4936,57300,282.8
171361,4932,55600,274.2
171371,4936,57200,282.3
171381,4932,55600,274.2
171391,4936,57200,282.3
171401,4932,55700,274.7
171411,4936,57100,281.8
171421,4932,55600,274.2
171431,4936,57200,282.3
171441,4780,229500,1097.0
171451,4936,57000,281.4
171461,4932,56300,277.7
171471,4932,56600,279.2
171481,4932,56300,277.7
171491,4932,56500,278.7
171501,4932,56300,277.7
171511,4932,55600,274.2
171521,4936,57200,282.3
171531,4936,55700,274.9
171541,4688,145500,682.1
171551,4936,55500,273.9
171561,4936,56500,278.9
171571,4932,55500,273.7
171581,4932,56500,278.7
171591,4936,55400,273.5
171601,4936,56500,278.9
171611,4932,55400,273.2
171621,4936,56400,278.4
171631,4936,56100,276.9
171641,4936,56100,276.9
# summary, ms_total=171641, adv_count=1716, E_total_mJ=55837.560, subject=uccs_d4b_scan90
# diag, samples=17164, rate_hz=100.00, mean_v=4.919, mean_i=66.335, mean_p_mW=325.3, parse_drop=0
