ms,mV,uA,p_mW
# meta, firmware=TXSD_UCCS_D4B_SCAN90, cond_id=2, tag=s4_fixed500, subject=uccs_d4b_scan90
11,4940,57400,283.6
21,4936,55800,275.4
31,4936,57500,283.8
41,4936,55900,275.9
51,4936,57400,283.3
61,4936,55900,275.9
71,4940,57400,283.6
81,4716,138600,653.6
91,4940,57400,283.6
101,4936,55800,275.4
111,4936,56700,279.9
121,4936,56500,278.9
131,4936,56800,280.4
141,4936,56400,278.4
151,4936,56800,280.4
161,4936,56400,278.4
171,4936,55900,275.9
181,4936,57400,283.3
191,4936,55800,275.4
201,4940,57500,284.1
211,4936,55800,275.4
221,4936,57400,283.3
231,4936,55800,275.4
241,4940,57400,283.6
251,4936,55800,275.4
261,4940,57300,283.1
271,4936,55900,275.9
281,4940,57400,283.6
291,4784,133300,637.7
301,4936,57000,281.4
311,4936,56500,278.9
321,4936,56800,280.4
331,4936,56400,278.4
341,4936,56700,279.9
351,4936,56500,278.9
361,4936,55800,275.4
371,4936,57400,283.3
381,4936,55800,275.4
391,4936,57400,283.3
401,4936,55800,275.4
411,4940,57400,283.6
421,4936,55800,275.4
431,4940,57400,283.6
441,4936,55800,275.4
451,4936,57500,283.8
461,4936,55900,275.9
471,4936,57400,283.3
481,4936,55800,275.4
491,4940,57200,282.6
501,4936,56400,278.4
511,4936,56700,279.9
521,4936,56500,278.9
531,4936,56800,280.4
541,4936,56500,278.9
551,4936,56000,276.4
561,4936,57500,283.8
571,4936,56000,276.4
581,4940,57400,283.6
591,4936,55800,275.4
601,4940,57400,283.6
611,4888,58600,286.4
621,4936,57400,283.3
631,4936,55800,275.4
641,4940,57400,283.6
651,4936,55900,275.9
661,4936,57400,283.3
671,4936,55800,275.4
681,4940,57400,283.6
691,4936,55900,275.9
701,4936,56800,280.4
711,4936,56400,278.4
721,4932,147100,725.5
731,4936,56500,278.9
741,4936,56400,278.4
751,4936,57200,282.3
761,4936,56400,278.4
771,4936,57400,283.3
781,4936,55800,275.4
791,4936,57400,283.3
801,4936,55900,275.9
811,4936,57400,283.3
821,4936,55800,275.4
831,4804,142500,684.6
841,4936,55800,275.4
851,4940,57500,284.1
861,4936,55700,274.9
871,4940,57400,283.6
881,4936,55800,275.4
891,4936,56800,280.4
901,4936,56500,278.9
911,4936,56800,280.4
921,4936,56500,278.9
931,4936,56700,279.9
941,4700,145300,682.9
951,4936,55800,275.4
961,4940,57500,284.1
971,4936,55800,275.4
981,4940,57400,283.6
991,4936,55700,274.9
1001,4936,57500,283.8
1011,4936,55800,275.4
1021,4936,57400,283.3
1031,4936,55800,275.4
1041,4812,141700,681.9
1051,4936,55900,275.9
1061,4940,57500,284.1
1071,4936,55800,275.4
1081,4936,56800,280.4
1091,4936,56400,278.4
1101,4936,56800,280.4
1111,4936,56400,278.4
1121,4936,56900,280.9
1131,4936,56500,278.9
1141,4936,55800,275.4
1151,4932,73500,362.5
1161,4936,55800,275.4
1171,4936,57500,283.8
1181,4936,55800,275.4
1191,4936,57400,283.3
1201,4936,55800,275.4
1211,4936,57300,282.8
1221,4936,55800,275.4
1231,4936,57400,283.3
1241,4936,55800,275.4
1251,4940,57400,283.6
1261,4784,137300,656.8
1271,4936,56700,279.9
1281,4936,56400,278.4
1291,4936,56800,280.4
1301,4936,56500,278.9
1311,4936,56800,280.4
1321,4936,56400,278.4
1331,4936,55800,275.4
1341,4936,57400,283.3
1351,4936,55900,275.9
1361,4936,57400,283.3
1371,4936,55900,275.9
1381,4940,57500,284.1
1391,4936,55900,275.9
1401,4936,57400,283.3
1411,4936,55800,275.4
1421,4936,57400,283.3
1431,4936,55800,275.4
1441,4940,57400,283.6
1451,4936,55700,274.9
1461,4940,56700,280.1
1471,4804,133900,643.3
1481,4936,56800,280.4
1491,4936,56500,278.9
1501,4936,56800,280.4
1511,4936,56500,278.9
1521,4936,55800,275.4
1531,4936,57300,282.8
1541,4936,55800,275.4
1551,4936,57500,283.8
1561,4936,55800,275.4
1571,4936,57400,283.3
1581,4828,217200,1048.6
1591,4936,57500,283.8
1601,4936,55800,275.4
1611,4936,57300,282.8
1621,4936,55800,275.4
1631,4936,57400,283.3
1641,4936,55800,275.4
1651,4936,57100,281.8
1661,4936,56500,278.9
1671,4936,56800,280.4
1681,4936,56500,278.9
1691,4800,56900,273.1
1701,4936,56600,279.4
1711,4936,55900,275.9
1721,4936,57400,283.3
1731,4936,55900,275.9
1741,4940,57500,284.1
1751,4936,55800,275.4
1761,4936,57400,283.3
1771,4936,55900,275.9
1781,4936,57400,283.3
1791,4936,55800,275.4
1801,4720,99700,470.6
1811,4936,55800,275.4
1821,4940,57500,284.1
1831,4936,55800,275.4
1841,4936,57300,282.8
1851,4936,56300,277.9
1861,4936,56700,279.9
1871,4936,56500,278.9
1881,4936,56800,280.4
1891,4936,56500,278.9
1901,4936,55800,275.4
1911,4936,57400,283.3
1921,4936,55900,275.9
1931,4936,57400,283.3
1941,4936,55800,275.4
1951,4940,57500,284.1
1961,4936,55800,275.4
1971,4936,57500,283.8
1981,4936,55800,275.4
1991,4940,57400,283.6
2001,4936,55800,275.4
2011,4816,198100,954.0
2021,4936,55900,275.9
2031,4940,56700,280.1
2041,4936,56400,278.4
2051,4940,56800,280.6
2061,4936,56400,278.4
2071,4936,56700,279.9
2081,4936,56500,278.9
2091,4936,55800,275.4
2101,4936,57400,283.3
2111,4804,140900,676.9
2121,4936,57400,283.3
2131,4936,55800,275.4
2141,4940,57400,283.6
2151,4936,55800,275.4
2161,4936,57400,283.3
2171,4936,55900,275.9
2181,4940,57400,283.6
2191,4936,55800,275.4
2201,4940,57400,283.6
2211,4936,55800,275.4
2221,4820,203100,978.9
2231,4936,56500,278.9
2241,4936,56800,280.4
2251,4936,56500,278.9
2261,4936,56500,278.9
2271,4936,57200,282.3
2281,4936,56300,277.9
2291,4936,57400,283.3
2301,4936,55800,275.4
2311,4936,57500,283.8
2321,4936,55800,275.4
2331,4816,143700,692.1
2341,4936,55800,275.4
2351,4940,57400,283.6
2361,4936,55800,275.4
2371,4936,57400,283.3
2381,4936,55800,275.4
2391,4936,57300,282.8
2401,4936,56400,278.4
2411,4936,56600,279.4
2421,4936,56500,278.9
2431,4804,185600,891.6
2441,4936,56500,278.9
2451,4936,55800,275.4
2461,4936,57400,283.3
2471,4936,55900,275.9
2481,4936,57400,283.3
2491,4936,55800,275.4
2501,4940,57400,283.6
2511,4936,55800,275.4
2521,4940,57400,283.6
2531,4936,58700,289.7
2541,4936,57500,283.8
2551,4936,55900,275.9
2561,4940,57400,283.6
2571,4936,55800,275.4
2581,4940,56700,280.1
2591,4936,56400,278.4
2601,4936,56800,280.4
2611,4936,56500,278.9
2621,4936,56800,280.4
2631,4936,56500,278.9
2641,4808,141800,681.8
2651,4936,57500,283.8
2661,4936,55900,275.9
2671,4936,57400,283.3
2681,4936,55800,275.4
2691,4940,57400,283.6
2701,4936,55800,275.4
2711,4940,57400,283.6
2721,4936,55900,275.9
2731,4940,57400,283.6
2741,4936,55800,275.4
2751,4932,119700,590.4
2761,4936,55800,275.4
2771,4936,56800,280.4
2781,4936,56500,278.9
2791,4936,56700,279.9
2801,4936,56400,278.4
2811,4936,56400,278.4
2821,4936,57300,282.8
2831,4936,56300,277.9
2841,4940,57400,283.6
2851,4936,55900,275.9
2861,4936,57400,283.3
2871,4936,55800,275.4
2881,4936,57400,283.3
2891,4936,55800,275.4
2901,4940,57500,284.1
2911,4936,55800,275.4
2921,4936,57400,283.3
2931,4936,55800,275.4
2941,4936,57200,282.3
2951,4936,56400,278.4
2961,4820,129400,623.7
2971,4936,56500,278.9
2981,4936,56800,280.4
2991,4936,56500,278.9
3001,4936,55800,275.4
3011,4936,57400,283.3
3021,4936,55800,275.4
3031,4940,57400,283.6
3041,4936,55800,275.4
3051,4936,57400,283.3
3061,4936,55800,275.4
3071,4692,112200,526.4
3081,4936,55800,275.4
3091,4940,57400,283.6
3101,4936,55800,275.4
3111,4936,57400,283.3
3121,4936,55800,275.4
3131,4936,56800,280.4
3141,4936,56500,278.9
3151,4936,56800,280.4
3161,4936,56500,278.9
3171,4796,182900,877.2
3181,4936,56500,278.9
3191,4936,55900,275.9
3201,4940,57500,284.1
3211,4936,55800,275.4
3221,4936,57400,283.3
3231,4936,55800,275.4
3241,4940,57400,283.6
3251,4936,55900,275.9
3261,4940,57300,283.1
3271,4812,147700,710.7
3281,4940,57500,284.1
3291,4936,55800,275.4
3301,4936,57400,283.3
3311,4936,55800,275.4
3321,4936,56800,280.4
3331,4936,56500,278.9
3341,4940,56800,280.6
3351,4936,56500,278.9
3361,4936,56300,277.9
3371,4936,57300,282.8
3381,4764,142600,679.3
3391,4936,57400,283.3
3401,4936,55900,275.9
3411,4936,57400,283.3
3421,4936,55900,275.9
3431,4940,57400,283.6
3441,4936,55800,275.4
3451,4936,57500,283.8
3461,4936,55800,275.4
3471,4940,57400,283.6
3481,4936,55800,275.4
3491,4812,199300,959.0
3501,4936,56500,278.9
3511,4936,56800,280.4
3521,4936,56500,278.9
3531,4936,56800,280.4
3541,4936,56500,278.9
3551,4936,55800,275.4
3561,4936,57400,283.3
3571,4936,55800,275.4
3581,4940,57400,283.6
3591,4936,55800,275.4
3601,4816,132000,635.7
3612,4936,55900,275.9
3621,4936,57400,283.3
3631,4936,55900,275.9
3641,4936,57400,283.3
3651,4936,55800,275.4
3661,4940,57400,283.6
3671,4936,55800,275.4
3681,4936,56800,280.4
3691,4936,56400,278.4
3701,4936,56800,280.4
3711,4708,147800,695.8
3721,4936,56800,280.4
3731,4936,56500,278.9
3741,4936,55700,274.9
3751,4936,57400,283.3
3761,4936,55700,274.9
3771,4940,57400,283.6
3781,4936,55800,275.4
3791,4936,57400,283.3
3801,4936,55800,275.4
3811,4808,202700,974.6
3821,4936,55900,275.9
3831,4940,57500,284.1
3841,4936,55800,275.4
3851,4940,57500,284.1
3861,4936,55800,275.4
3871,4936,56700,279.9
3881,4936,56500,278.9
3891,4936,56700,279.9
3901,4936,56500,278.9
3911,4936,56200,277.4
3921,4936,57300,282.8
3931,4936,56200,277.4
3941,4936,57400,283.3
3951,4936,55900,275.9
3961,4936,57400,283.3
3971,4936,55900,275.9
3981,4936,57400,283.3
3991,4936,55800,275.4
4001,4936,57400,283.3
4011,4936,55800,275.4
4021,4728,95700,452.5
4031,4936,55800,275.4
4041,4936,57200,282.3
4051,4936,56500,278.9
4061,4936,56700,279.9
4071,4936,56500,278.9
4081,4940,56700,280.1
4091,4936,56500,278.9
4101,4936,55800,275.4
4111,4936,57400,283.3
4121,4936,55800,275.4
4131,4936,57400,283.3
4141,4936,55800,275.4
4151,4936,57500,283.8
4161,4936,55800,275.4
4171,4936,57500,283.8
4181,4936,55800,275.4
4191,4936,57400,283.3
4201,4936,55800,275.4
4211,4936,57300,282.8
4221,4936,55800,275.4
4231,4936,56800,280.4
4241,4936,56500,278.9
4251,4936,56800,280.4
4261,4936,56400,278.4
4271,4936,56800,280.4
4281,4936,56600,279.4
4291,4936,55900,275.9
4301,4940,57400,283.6
4311,4936,55800,275.4
4321,4936,57400,283.3
4331,4936,55900,275.9
4341,4808,142600,685.6
4351,4936,55900,275.9
4361,4940,57400,283.6
4371,4936,55900,275.9
4381,4940,57400,283.6
4391,4936,55800,275.4
4401,4936,57500,283.8
4411,4936,55800,275.4
4421,4936,56800,280.4
4431,4936,56500,278.9
4441,4808,142100,683.2
4451,4936,56600,279.4
4461,4936,56400,278.4
4471,4936,57400,283.3
4481,4936,56200,277.4
4491,4936,57400,283.3
4501,4936,55900,275.9
4511,4940,57400,283.6
4521,4936,55800,275.4
4531,4936,57500,283.8
4541,4936,55900,275.9
4551,4940,57500,284.1
4561,4928,55900,275.5
4571,4936,57500,283.8
4581,4936,55900,275.9
4591,4936,57200,282.3
4601,4936,56500,278.9
4611,4936,56700,279.9
4621,4936,56500,278.9
4631,4936,56800,280.4
4641,4936,56500,278.9
4651,4936,55800,275.4
4661,4804,161800,777.3
4671,4936,55900,275.9
4681,4936,57400,283.3
4691,4936,55800,275.4
4701,4936,57400,283.3
4711,4936,55900,275.9
4721,4940,57500,284.1
4731,4936,55900,275.9
4741,4940,57400,283.6
4751,4936,55900,275.9
4761,4940,57500,284.1
4771,4820,136200,656.5
4781,4936,56900,280.9
4791,4936,56500,278.9
4801,4940,56800,280.6
4811,4936,56500,278.9
4821,4936,56700,279.9
4831,4936,56500,278.9
4841,4936,56800,280.4
4851,4940,57400,283.6
4861,4936,55800,275.4
4871,4936,57400,283.3
4881,4824,134200,647.4
4891,4936,57400,283.3
4901,4936,55900,275.9
4911,4936,57400,283.3
4921,4936,55800,275.4
4931,4936,57400,283.3
4941,4936,55800,275.4
4951,4936,57500,283.8
4961,4936,55800,275.4
4971,4936,56700,279.9
4981,4936,56500,278.9
4991,4788,66700,319.4
5001,4936,56500,278.9
5011,4936,56300,277.9
5021,4936,57400,283.3
5031,4936,56200,277.4
5041,4936,57400,283.3
5051,4936,55900,275.9
5061,4936,57400,283.3
5071,4936,55900,275.9
5081,4940,57400,283.6
5091,4832,150100,725.3
5101,4940,57400,283.6
5111,4936,55800,275.4
5121,4936,57400,283.3
5131,4936,55800,275.4
5141,4940,57000,281.6
5151,4936,56600,279.4
5161,4936,56800,280.4
5171,4936,56500,278.9
5181,4936,56700,279.9
5191,4784,141600,677.4
5201,4936,55800,275.4
5211,4940,57400,283.6
5221,4936,55900,275.9
5231,4940,57400,283.6
5241,4936,55800,275.4
5251,4940,57400,283.6
5261,4936,55800,275.4
5271,4936,57400,283.3
5281,4936,55900,275.9
5291,4936,57400,283.3
5301,4720,137800,650.4
5311,4936,57500,283.8
5321,4936,55800,275.4
5331,4936,56800,280.4
5341,4936,56400,278.4
5351,4936,56700,279.9
5361,4936,56500,278.9
5371,4936,56800,280.4
5381,4936,56500,278.9
5392,4936,55800,275.4
5401,4936,57300,282.8
5411,4816,133600,643.4
5421,4940,57500,284.1
5431,4936,55800,275.4
5441,4936,57400,283.3
5451,4936,55800,275.4
5461,4936,57400,283.3
5471,4936,55900,275.9
5481,4940,57400,283.6
5491,4936,55800,275.4
5501,4940,57400,283.6
5511,4808,141200,678.9
5521,4936,56800,280.4
5531,4936,56500,278.9
5541,4936,56800,280.4
5551,4936,56500,278.9
5561,4936,56100,276.9
5571,4936,57500,283.8
5581,4936,56000,276.4
5591,4936,57400,283.3
5601,4936,55800,275.4
5611,4936,73700,363.8
5621,4936,55800,275.4
5631,4936,57400,283.3
5641,4936,55800,275.4
5651,4940,57400,283.6
5661,4936,55800,275.4
5671,4936,57400,283.3
5681,4936,55800,275.4
5691,4936,57000,281.4
5701,4936,56600,279.4
5711,4936,56700,279.9
5721,4788,133900,641.1
5731,4936,56800,280.4
5741,4936,56500,278.9
5751,4936,55900,275.9
5761,4936,57400,283.3
5771,4936,55800,275.4
5781,4940,57400,283.6
5791,4936,55800,275.4
5801,4940,57400,283.6
5811,4936,55800,275.4
5821,4808,202300,972.7
5831,4936,55800,275.4
5841,4940,57400,283.6
5851,4936,55900,275.9
5861,4936,57500,283.8
5871,4936,55800,275.4
5881,4936,56700,279.9
5891,4936,56500,278.9
5901,4936,56800,280.4
5911,4936,56500,278.9
5921,4808,143700,690.9
5931,4936,56600,279.4
5941,4936,56800,280.4
5951,4936,57400,283.3
5961,4936,55800,275.4
5971,4936,57400,283.3
5981,4936,55800,275.4
5991,4940,57400,283.6
6001,4936,55800,275.4
6011,4940,57400,283.6
6021,4936,55800,275.4
6031,4936,57400,283.3
6041,4936,55800,275.4
6051,4940,57500,284.1
6061,4936,55900,275.9
6071,4936,56700,279.9
6081,4936,56500,278.9
6091,4936,56700,279.9
6101,4936,56500,278.9
6111,4936,56000,276.4
6121,4936,57400,283.3
6131,4788,140300,671.8
6141,4936,57400,283.3
6151,4936,55800,275.4
6161,4936,57400,283.3
6171,4936,55900,275.9
6181,4936,57400,283.3
6191,4936,55800,275.4
6201,4936,57400,283.3
6211,4936,55800,275.4
6221,4936,57400,283.3
6231,4936,58600,289.2
6241,4936,57000,281.4
6251,4936,56600,279.4
6261,4936,56700,279.9
6271,4936,56400,278.4
6281,4936,56800,280.4
6291,4936,56500,278.9
6301,4936,55900,275.9
6311,4936,57400,283.3
6321,4936,55900,275.9
6331,4936,57400,283.3
6341,4808,140300,674.6
6351,4936,57500,283.8
6361,4936,55800,275.4
6371,4936,57500,283.8
6381,4936,55800,275.4
6391,4940,57400,283.6
6401,4936,55800,275.4
6411,4936,57400,283.3
6421,4936,55900,275.9
6431,4936,56800,280.4
6441,4936,56500,278.9
6451,4820,203100,978.9
6461,4936,56400,278.4
6471,4936,56800,280.4
6481,4936,56700,279.9
6491,4936,56700,279.9
6501,4936,57400,283.3
6511,4936,55800,275.4
6521,4936,57500,283.8
6531,4936,55800,275.4
6541,4940,57400,283.6
6551,4800,142200,682.6
6561,4936,57500,283.8
6571,4936,55900,275.9
6581,4936,57400,283.3
6591,4936,55900,275.9
6601,4936,57400,283.3
6611,4936,55800,275.4
6621,4936,56700,279.9
6631,4936,56400,278.4
6641,4936,56800,280.4
6651,4936,56500,278.9
6661,4796,59200,283.9
6671,4936,57400,283.3
6681,4936,56000,276.4
6691,4936,57400,283.3
6701,4936,55800,275.4
6711,4940,57400,283.6
6721,4936,55800,275.4
6731,4940,57500,284.1
6741,4936,55800,275.4
6751,4940,57400,283.6
6761,4712,130400,614.4
6771,4936,57500,283.8
6781,4936,55800,275.4
6791,4936,56900,280.9
6801,4936,56600,279.4
6811,4936,56800,280.4
6821,4936,56500,278.9
6831,4936,56800,280.4
6841,4936,56500,278.9
6851,4936,55800,275.4
6861,4932,60700,299.4
6871,4936,55800,275.4
6881,4936,57400,283.3
6891,4936,55900,275.9
6901,4936,57500,283.8
6911,4936,55800,275.4
6921,4940,57400,283.6
6931,4936,55800,275.4
6941,4936,57400,283.3
6951,4936,55900,275.9
6961,4940,57400,283.6
6971,4936,55900,275.9
6981,4936,56800,280.4
6991,4936,56500,278.9
7001,4936,56800,280.4
7011,4936,56500,278.9
7021,4936,56700,279.9
7031,4936,56700,279.9
7041,4936,56600,279.4
7051,4940,57500,284.1
7061,4936,55800,275.4
7071,4788,142500,682.3
7081,4936,55800,275.4
7091,4940,57400,283.6
7101,4936,55900,275.9
7111,4936,57400,283.3
7121,4936,55900,275.9
7131,4940,57400,283.6
7141,4936,55800,275.4
7151,4936,57500,283.8
7161,4936,55900,275.9
7172,4808,143300,689.0
7181,4936,56500,278.9
7191,4940,56800,280.6
7201,4936,56500,278.9
7211,4936,56000,276.4
7221,4936,57500,283.8
7231,4936,55900,275.9
7241,4940,57400,283.6
7251,4936,55900,275.9
7261,4936,57400,283.3
7271,4936,55800,275.4
7281,4700,132200,621.3
7291,4936,55900,275.9
7301,4936,57500,283.8
7311,4936,55800,275.4
7321,4936,57500,283.8
7331,4936,55900,275.9
7341,4940,56800,280.6
7351,4936,56500,278.9
7361,4936,56800,280.4
7371,4936,56500,278.9
7381,4816,202800,976.7
7391,4936,56500,278.9
7401,4936,56800,280.4
7411,4940,57500,284.1
7421,4936,55800,275.4
7431,4936,57400,283.3
7441,4936,55800,275.4
7451,4940,57400,283.6
7461,4936,55900,275.9
7471,4936,57400,283.3
7481,4936,58600,289.2
7491,4936,57400,283.3
7501,4936,55900,275.9
7511,4936,57300,282.8
7521,4936,55800,275.4
7531,4936,56800,280.4
7541,4936,56400,278.4
7551,4936,56800,280.4
7561,4936,56500,278.9
7571,4936,56800,280.4
7581,4932,57500,283.6
7591,4936,56700,279.9
7601,4936,57400,283.3
7611,4936,55700,274.9
7621,4936,57400,283.3
7631,4936,55900,275.9
7641,4940,57400,283.6
7651,4936,55900,275.9
7661,4940,57400,283.6
7671,4936,55900,275.9
7681,4940,57400,283.6
7691,4712,133200,627.6
7701,4940,57400,283.6
7711,4936,56000,276.4
7721,4936,56800,280.4
7731,4936,56400,278.4
7741,4936,56700,279.9
7751,4936,56500,278.9
7761,4936,55900,275.9
7771,4936,57500,283.8
7781,4936,55900,275.9
7791,4940,57400,283.6
7801,4936,55800,275.4
7811,4940,57400,283.6
7821,4936,55800,275.4
7831,4936,57400,283.3
7841,4936,55900,275.9
7851,4936,57400,283.3
7861,4936,55800,275.4
7871,4936,57400,283.3
7881,4936,55800,275.4
7891,4936,56700,279.9
7901,4804,141400,679.3
7911,4936,56800,280.4
7921,4936,56500,278.9
7931,4940,56800,280.6
7941,4936,56400,278.4
7951,4936,55900,275.9
7961,4936,57400,283.3
7971,4936,55900,275.9
7981,4940,57400,283.6
7991,4936,55800,275.4
8001,4936,57400,283.3
8011,4816,209000,1006.5
8021,4936,57400,283.3
8031,4936,55800,275.4
8041,4936,57400,283.3
8051,4936,55800,275.4
8061,4936,57400,283.3
8071,4936,55800,275.4
8081,4936,56700,279.9
8091,4936,56500,278.9
8101,4936,56800,280.4
8111,4808,140400,675.0
8121,4936,56800,280.4
8131,4936,56900,280.9
8141,4936,56700,279.9
8151,4936,57400,283.3
8161,4936,55700,274.9
8171,4940,57400,283.6
8181,4936,55800,275.4
8191,4940,57400,283.6
8201,4936,55900,275.9
8211,4936,57500,283.8
8221,4904,55900,274.1
8231,4940,57400,283.6
8241,4936,55800,275.4
8251,4940,57400,283.6
8261,4936,56000,276.4
8271,4936,56800,280.4
8281,4936,56500,278.9
8291,4936,56700,279.9
8301,4936,56500,278.9
8311,4936,55800,275.4
8321,4808,143200,688.5
8331,4936,55900,275.9
8341,4940,57400,283.6
8351,4936,55800,275.4
8361,4936,57400,283.3
8371,4936,55800,275.4
8381,4940,57400,283.6
8391,4936,55800,275.4
8401,4936,57300,282.8
8411,4936,55800,275.4
8421,4800,142400,683.5
8431,4936,55900,275.9
8441,4936,56700,279.9
8451,4936,56500,278.9
8461,4936,56700,279.9
8471,4936,56500,278.9
8481,4936,56800,280.4
8491,4936,56400,278.4
8501,4936,56800,280.4
8511,4940,57400,283.6
8521,4808,159100,765.0
8531,4940,57400,283.6
8541,4936,55800,275.4
8551,4936,57500,283.8
8561,4936,55800,275.4
8571,4936,57400,283.3
8581,4936,55800,275.4
8591,4936,57400,283.3
8601,4936,55800,275.4
8611,4940,57400,283.6
8621,4932,58700,289.5
8631,4936,56900,280.9
8641,4936,56500,278.9
8651,4936,56800,280.4
8661,4936,56500,278.9
8671,4936,56700,279.9
8681,4936,57000,281.4
8691,4936,56600,279.4
8701,4940,57400,283.6
8711,4936,55800,275.4
8721,4940,57400,283.6
8731,4788,180500,864.2
8741,4936,57400,283.3
8751,4936,55900,275.9
8761,4936,57400,283.3
8771,4936,55800,275.4
8781,4940,57400,283.6
8791,4936,55900,275.9
8801,4940,57300,283.1
8811,4936,56200,277.4
8821,4936,56800,280.4
8831,4796,141700,679.6
8841,4936,56800,280.4
8851,4936,56600,279.4
8861,4936,55900,275.9
8871,4936,57500,283.8
8881,4936,55800,275.4
8891,4936,57400,283.3
8901,4936,55900,275.9
8911,4936,57500,283.8
8921,4936,55800,275.4
8931,4936,57400,283.3
8942,4936,55800,275.4
8951,4940,57500,284.1
8961,4936,55800,275.4
8971,4936,57400,283.3
8981,4936,55800,275.4
8991,4936,56700,279.9
9001,4936,56500,278.9
9011,4940,56700,280.1
9021,4936,56500,278.9
9031,4936,56700,279.9
9041,4792,136800,655.5
9051,4936,56900,280.9
9061,4936,57400,283.3
9071,4936,55800,275.4
9081,4936,57400,283.3
9091,4936,55800,275.4
9101,4936,57500,283.8
9111,4936,55800,275.4
9121,4940,57400,283.6
9131,4936,55800,275.4
9141,4936,57400,283.3
9151,4716,134100,632.4
9161,4940,57400,283.6
9171,4936,55800,275.4
9181,4936,56800,280.4
9191,4936,56400,278.4
9201,4936,56800,280.4
9211,4936,56500,278.9
9221,4936,56600,279.4
9231,4936,57200,282.3
9241,4936,56500,278.9
9251,4808,144300,693.8
9261,4936,55800,275.4
9271,4940,57400,283.6
9281,4936,55800,275.4
9291,4940,57400,283.6
9301,4936,55800,275.4
9311,4940,57400,283.6
9321,4936,55800,275.4
9331,4936,57400,283.3
9341,4936,55900,275.9
9351,4940,57300,283.1
9361,4800,199800,959.0
9371,4936,56700,279.9
9381,4936,56500,278.9
9391,4936,56800,280.4
9401,4936,56500,278.9
9411,4936,55700,274.9
9421,4936,57400,283.3
9431,4936,55800,275.4
9441,4940,57400,283.6
9451,4936,55800,275.4
9461,4812,165400,795.9
9471,4936,55800,275.4
9481,4936,57500,283.8
9491,4936,55900,275.9
9501,4940,57400,283.6
9511,4936,55800,275.4
9521,4936,57400,283.3
9531,4936,55800,275.4
9541,4940,56700,280.1
9551,4936,56400,278.4
9561,4804,142100,682.6
9571,4936,56500,278.9
9581,4936,56800,280.4
9591,4936,56500,278.9
9601,4936,56800,280.4
9611,4936,57400,283.3
9621,4936,55800,275.4
9631,4940,57300,283.1
9641,4936,55800,275.4
9651,4936,57400,283.3
9661,4936,55800,275.4
9671,4700,134100,630.3
9681,4936,55800,275.4
9691,4940,57400,283.6
9701,4936,55900,275.9
9711,4936,57400,283.3
9721,4936,55800,275.4
9731,4936,56800,280.4
9741,4936,56500,278.9
9751,4936,56800,280.4
9761,4936,56500,278.9
9771,4820,196400,946.6
9781,4940,57200,282.6
9791,4936,56400,278.4
9801,4940,57400,283.6
9811,4936,55800,275.4
9821,4936,57400,283.3
9831,4936,55800,275.4
9841,4940,57400,283.6
9851,4936,55800,275.4
9861,4940,57300,283.1
9871,4716,133200,628.2
9881,4936,57400,283.3
9891,4936,55800,275.4
9901,4940,57300,283.1
9911,4936,56300,277.9
9921,4936,56800,280.4
9931,4936,56500,278.9
9941,4936,56700,279.9
9951,4936,56500,278.9
9961,4936,56700,279.9
9971,4936,57400,283.3
9981,4936,55800,275.4
9991,4936,57300,282.8
10001,4936,55800,275.4
10011,4936,57400,283.3
10021,4936,55800,275.4
10031,4940,57500,284.1
10041,4936,55800,275.4
10051,4936,57400,283.3
10061,4936,55900,275.9
10071,4940,57400,283.6
10081,4800,142500,684.0
10091,4940,56700,280.1
10101,4936,56400,278.4
10111,4936,56800,280.4
10121,4936,56500,278.9
10131,4936,56800,280.4
10141,4936,56500,278.9
10151,4936,56800,280.4
10161,4936,57400,283.3
10171,4932,55800,275.2
10181,4812,144700,696.3
10191,4936,55800,275.4
10201,4936,57500,283.8
10211,4936,55900,275.9
10221,4940,57400,283.6
10231,4936,55800,275.4
10241,4936,57400,283.3
10251,4936,55900,275.9
10261,4936,57400,283.3
10271,4936,55800,275.4
10281,4812,145300,699.2
10291,4936,56500,278.9
10301,4936,56800,280.4
10311,4936,56500,278.9
10321,4936,56400,278.4
10331,4936,57300,282.8
10341,4936,56300,277.9
10351,4936,57400,283.3
10361,4936,55800,275.4
10371,4936,57400,283.3
10381,4936,55900,275.9
10391,4936,57500,283.8
10401,4936,55800,275.4
10411,4940,57400,283.6
10421,4936,55800,275.4
10431,4936,57400,283.3
10441,4936,55800,275.4
10451,4936,57200,282.3
10461,4936,56400,278.4
10471,4936,56800,280.4
10481,4936,56500,278.9
10491,4812,136200,655.4
10501,4936,56500,278.9
10511,4936,56800,280.4
10521,4936,57400,283.3
10531,4936,55800,275.4
10541,4936,57400,283.3
10551,4936,55800,275.4
10561,4940,57400,283.6
10571,4936,55900,275.9
10581,4936,57400,283.3
10591,4720,135600,640.0
10601,4940,57500,284.1
10611,4936,55800,275.4
10621,4936,57400,283.3
10631,4936,55800,275.4
10641,4936,56700,279.9
10651,4936,56400,278.4
10661,4936,56800,280.4
10671,4936,56500,278.9
10681,4940,56800,280.6
10692,4808,142500,685.1
10701,4936,56900,280.9
10711,4936,57500,283.8
10721,4936,55800,275.4
10731,4936,57400,283.3
10741,4936,55800,275.4
10751,4940,57500,284.1
10761,4936,55900,275.9
10771,4940,57400,283.6
10781,4936,55900,275.9
10791,4936,57500,283.8
10801,4900,55900,273.9
10811,4936,57400,283.3
10821,4936,55800,275.4
10831,4936,56800,280.4
10841,4936,56500,278.9
10851,4936,56800,280.4
10861,4936,56500,278.9
10871,4940,56400,278.6
10881,4936,57300,282.8
10891,4936,56200,277.4
10901,4708,150400,708.1
10911,4936,55800,275.4
10921,4936,57400,283.3
10931,4936,55800,275.4
10941,4936,57400,283.3
10951,4936,55900,275.9
10961,4940,57400,283.6
10971,4936,55800,275.4
10981,4940,57400,283.6
10991,4936,55800,275.4
11001,4820,144400,696.0
11011,4936,56400,278.4
11021,4936,56800,280.4
11031,4936,56500,278.9
11041,4936,56800,280.4
11051,4936,56500,278.9
11061,4936,56800,280.4
11071,4936,57400,283.3
11081,4936,55800,275.4
11091,4936,57400,283.3
11101,4792,140200,671.8
11111,4940,57400,283.6
11121,4936,55900,275.9
11131,4940,57400,283.6
11141,4936,55700,274.9
11151,4936,57400,283.3
11161,4936,55900,275.9
11171,4936,57400,283.3
11181,4936,55800,275.4
11191,4936,56700,279.9
11201,4808,141300,679.4
11211,4936,56800,280.4
11221,4936,56500,278.9
11231,4936,56800,280.4
11241,4936,56500,278.9
11251,4936,56800,280.4
11261,4936,57500,283.8
11271,4936,55800,275.4
11281,4936,57400,283.3
11291,4936,55800,275.4
11301,4936,57400,283.3
11311,4808,136800,657.7
11321,4940,57400,283.6
11331,4936,55800,275.4
11341,4940,57500,284.1
11351,4936,55900,275.9
11361,4936,57400,283.3
11371,4936,55800,275.4
11381,4936,56700,279.9
11391,4936,56500,278.9
11401,4936,56800,280.4
11411,4936,56500,278.9
11421,4816,190300,916.5
11431,4936,57400,283.3
11441,4936,56100,276.9
11451,4940,57400,283.6
11461,4936,55800,275.4
11471,4936,57400,283.3
11481,4936,55900,275.9
11491,4940,57400,283.6
11501,4936,55800,275.4
11511,4936,57400,283.3
11521,4804,142600,685.1
11531,4936,57400,283.3
11541,4936,55800,275.4
11551,4936,57100,281.8
11561,4932,56500,278.7
11571,4936,56800,280.4
11581,4936,56500,278.9
11591,4936,56700,279.9
11601,4936,56500,278.9
11611,4936,56800,280.4
11621,4932,57400,283.1
11631,4936,55900,275.9
11641,4936,57400,283.3
11651,4936,55800,275.4
11661,4936,57400,283.3
11671,4936,55900,275.9
11681,4940,57400,283.6
11691,4936,55800,275.4
11701,4940,57500,284.1
11711,4936,55800,275.4
11721,4936,57400,283.3
11731,4708,133200,627.1
11741,4936,56800,280.4
11751,4936,56600,279.4
11761,4936,56700,279.9
11771,4936,56500,278.9
11781,4936,56800,280.4
11791,4936,56600,279.4
11801,4936,56800,280.4
11811,4936,57400,283.3
11821,4936,55800,275.4
11831,4812,145800,701.6
11841,4936,55800,275.4
11851,4940,57500,284.1
11861,4936,55800,275.4
11871,4940,57500,284.1
11881,4936,55900,275.9
11891,4940,57400,283.6
11901,4936,55800,275.4
11911,4940,57400,283.6
11921,4936,55900,275.9
11931,4936,56700,279.9
11941,4728,136300,644.4
11951,4936,56800,280.4
11961,4936,56500,278.9
11971,4936,56100,276.9
11981,4936,57400,283.3
11991,4936,56000,276.4
12001,4936,57400,283.3
12011,4936,55800,275.4
12021,4936,57400,283.3
12031,4936,55800,275.4
12041,4808,147300,708.2
12051,4936,55900,275.9
12061,4940,57400,283.6
12071,4936,55900,275.9
12081,4936,57500,283.8
12091,4936,55800,275.4
12101,4936,56900,280.9
12111,4936,56500,278.9
12121,4936,56800,280.4
12131,4936,56500,278.9
12141,4940,56800,280.6
12151,4760,137500,654.5
12161,4936,56800,280.4
12171,4940,57400,283.6
12181,4936,55800,275.4
12191,4936,57400,283.3
12201,4936,55800,275.4
12211,4940,57400,283.6
12221,4936,55900,275.9
12231,4936,57400,283.3
12241,4936,55800,275.4
12251,4940,57400,283.6
12261,4748,155700,739.3
12271,4936,57400,283.3
12281,4936,55800,275.4
12291,4936,56800,280.4
12301,4936,56500,278.9
12311,4936,56700,279.9
12321,4936,56500,278.9
12331,4936,56800,280.4
12341,4936,56800,280.4
12351,4936,56800,280.4
12361,4788,142400,681.8
12371,4936,55800,275.4
12381,4936,57400,283.3
12392,4936,55900,275.9
12401,4936,57400,283.3
12411,4936,55800,275.4
12421,4936,57500,283.8
12431,4936,55800,275.4
12441,4936,57400,283.3
12451,4936,55900,275.9
12461,4936,57400,283.3
12471,4828,148700,717.9
12481,4936,56800,280.4
12491,4936,56500,278.9
12501,4936,56800,280.4
12511,4936,56400,278.4
12521,4940,56700,280.1
12531,4936,57500,283.8
12541,4936,55900,275.9
12551,4936,57400,283.3
12561,4936,55800,275.4
12571,4940,57500,284.1
12581,4804,140900,676.9
12591,4940,57400,283.6
12601,4936,55900,275.9
12611,4936,57500,283.8
12621,4936,55800,275.4
12631,4936,57400,283.3
12641,4936,55800,275.4
12651,4936,56900,280.9
12661,4936,56600,279.4
12671,4936,56800,280.4
12681,4936,56500,278.9
12691,4732,92000,435.3
12701,4936,56500,278.9
12711,4936,56800,280.4
12721,4936,57400,283.3
12731,4936,55800,275.4
12741,4936,57400,283.3
12751,4936,55800,275.4
12761,4936,57400,283.3
12771,4936,55800,275.4
12781,4936,57500,283.8
12791,4936,58600,289.2
12801,4940,57400,283.6
12811,4936,55800,275.4
12821,4940,57400,283.6
12831,4936,55900,275.9
12841,4936,56800,280.4
12851,4936,56500,278.9
12861,4936,56800,280.4
12871,4936,56500,278.9
12881,4936,56700,279.9
12891,4940,57000,281.6
12901,4764,182700,870.4
12911,4940,57400,283.6
12921,4936,55800,275.4
12931,4936,57400,283.3
12941,4936,55800,275.4
12951,4940,57400,283.6
12961,4936,55900,275.9
12971,4936,57500,283.8
12981,4936,55800,275.4
12991,4936,57400,283.3
13001,4820,213500,1029.1
13011,4936,57500,283.8
13021,4936,56100,276.9
13031,4936,56800,280.4
13041,4936,56500,278.9
13051,4936,56800,280.4
13061,4936,56500,278.9
13071,4936,56800,280.4
13081,4936,57400,283.3
13091,4936,55800,275.4
13101,4720,159100,751.0
13111,4936,55900,275.9
13121,4936,57400,283.3
13131,4936,55900,275.9
13141,4936,57400,283.3
13151,4936,55800,275.4
13161,4936,57400,283.3
13171,4936,55800,275.4
13181,4940,57400,283.6
13191,4936,55800,275.4
13201,4808,204800,984.7
13211,4936,56500,278.9
13221,4936,56800,280.4
13231,4936,56500,278.9
13241,4936,56800,280.4
13251,4936,56500,278.9
13261,4936,56800,280.4
13271,4940,57400,283.6
13281,4936,55900,275.9
13291,4936,57400,283.3
13301,4936,55900,275.9
13311,4692,147300,691.1
13321,4936,55800,275.4
13331,4936,57400,283.3
13341,4936,55800,275.4
13351,4936,57400,283.3
13361,4936,55800,275.4
13371,4936,57400,283.3
13381,4936,55900,275.9
13391,4936,56800,280.4
13401,4936,56500,278.9
13411,4932,99100,488.8
13421,4936,56500,278.9
13431,4936,56800,280.4
13441,4936,57000,281.4
13451,4936,56700,279.9
13461,4936,57400,283.3
13471,4936,55900,275.9
13481,4936,57400,283.3
13491,4936,55800,275.4
13501,4936,57500,283.8
13511,4936,55800,275.4
13521,4816,171100,824.0
13531,4936,55900,275.9
13541,4940,57500,284.1
13551,4936,55800,275.4
13561,4936,57400,283.3
13571,4936,56200,277.4
13581,4936,56800,280.4
13591,4936,56500,278.9
13601,4936,56800,280.4
13611,4936,56500,278.9
13621,4936,56800,280.4
13631,4712,136300,642.2
13641,4936,55900,275.9
13651,4936,57400,283.3
13661,4936,55800,275.4
13671,4940,57400,283.6
13681,4936,55800,275.4
13691,4940,57500,284.1
13701,4936,55900,275.9
13711,4940,57400,283.6
13721,4936,55800,275.4
13731,4940,57400,283.6
13741,4892,55800,273.0
13751,4936,56700,279.9
13761,4936,56400,278.4
13771,4936,56800,280.4
13781,4936,56500,278.9
13791,4936,56800,280.4
13801,4936,56500,278.9
13811,4936,56800,280.4
13821,4940,57400,283.6
13831,4936,55900,275.9
13841,4816,132400,637.6
13851,4936,55900,275.9
13861,4936,57400,283.3
13871,4936,55900,275.9
13881,4936,57500,283.8
13891,4936,55900,275.9
13901,4936,57400,283.3
13911,4936,55800,275.4
13921,4940,57400,283.6
13931,4936,55800,275.4
13941,4812,140400,675.6
13951,4936,56500,278.9
13961,4936,56800,280.4
13971,4936,56400,278.4
13981,4936,56600,279.4
13991,4936,57100,281.8
14001,4936,56400,278.4
14011,4940,57400,283.6
14021,4936,55800,275.4
14031,4936,57400,283.3
14041,4936,55800,275.4
14051,4808,145600,700.0
14061,4932,55800,275.2
14071,4936,57300,282.8
14081,4936,55800,275.4
14093,4936,56800,280.4
14101,4936,55900,275.9
14111,4936,57300,282.8
14121,4936,56400,278.4
14131,4936,56800,280.4
14141,4936,56500,278.9
14151,4936,56800,280.4
14161,4744,133900,635.2
14171,4936,56800,280.4
14181,4936,57400,283.3
14191,4936,55800,275.4
14201,4936,57400,283.3
14211,4936,55800,275.4
14221,4936,57400,283.3
14231,4936,55800,275.4
14241,4936,57400,283.3
14251,4936,55800,275.4
14261,4936,69900,345.0
14271,4936,55900,275.9
14281,4936,57500,283.8
14291,4936,55800,275.4
14301,4936,56700,279.9
14311,4936,56500,278.9
14321,4936,56800,280.4
14331,4936,56500,278.9
14341,4936,56700,279.9
14351,4936,56500,278.9
14361,4936,56800,280.4
14371,4776,134800,643.8
14381,4936,55900,275.9
14391,4936,57400,283.3
14401,4936,55800,275.4
14411,4940,57400,283.6
14421,4936,55800,275.4
14431,4936,57400,283.3
14441,4936,55800,275.4
14451,4936,57400,283.3
14461,4936,55800,275.4
14471,4936,78300,386.5
14481,4936,55900,275.9
14491,4936,56800,280.4
14501,4936,56500,278.9
14511,4936,56700,279.9
14521,4936,56500,278.9
14531,4936,56800,280.4
14541,4936,57300,282.8
14551,4936,56400,278.4
14561,4940,57400,283.6
14571,4936,55900,275.9
14581,4808,135900,653.4
14591,4936,55800,275.4
14601,4936,57500,283.8
14611,4936,55800,275.4
14621,4936,57400,283.3
14631,4936,55800,275.4
14641,4940,57300,283.1
14651,4936,55800,275.4
14661,4936,57200,282.3
14671,4936,56400,278.4
14681,4812,143500,690.5
14691,4936,56500,278.9
14701,4936,56800,280.4
14711,4936,56500,278.9
14721,4936,56800,280.4
14731,4936,57400,283.3
14741,4936,55800,275.4
14751,4936,57400,283.3
14761,4936,55800,275.4
14771,4936,57400,283.3
14781,4936,55800,275.4
14791,4940,57400,283.6
14801,4936,55800,275.4
14811,4940,57500,284.1
14821,4936,55800,275.4
14831,4936,57500,283.8
14841,4936,55800,275.4
14851,4936,56800,280.4
14861,4936,56500,278.9
14871,4936,56700,279.9
14881,4936,56500,278.9
14891,4812,199900,961.9
14901,4936,56500,278.9
14911,4936,56800,280.4
14921,4940,57500,284.1
14931,4936,55900,275.9
14941,4940,57400,283.6
14951,4936,55800,275.4
14961,4936,57400,283.3
14971,4936,55800,275.4
14981,4936,57400,283.3
14991,4808,140700,676.5
15001,4936,57500,283.8
15011,4936,55800,275.4
15021,4940,57500,284.1
15031,4936,55800,275.4
15041,4936,56800,280.4
15051,4936,56500,278.9
15061,4936,56800,280.4
15071,4936,56500,278.9
15081,4936,56800,280.4
15091,4800,143100,686.9
15101,4936,56300,277.9
15111,4936,57400,283.3
15121,4936,55800,275.4
15131,4936,57500,283.8
15141,4936,55800,275.4
15151,4936,57400,283.3
15161,4936,55800,275.4
15171,4936,57300,282.8
15181,4936,55800,275.4
15191,4936,57400,283.3
15201,4800,142600,684.5
15211,4936,57300,282.8
15221,4936,56400,278.4
15231,4936,56800,280.4
15241,4936,56500,278.9
15251,4936,56800,280.4
15261,4936,56500,278.9
15271,4936,56800,280.4
15281,4936,57400,283.3
15291,4936,55900,275.9
15301,4936,57400,283.3
15311,4744,147700,700.7
15321,4936,57400,283.3
15331,4936,55900,275.9
15341,4936,57400,283.3
15351,4936,55800,275.4
15361,4940,57400,283.6
15371,4932,55800,275.2
15381,4936,57500,283.8
15391,4936,55900,275.9
15401,4936,56800,280.4
15411,4936,59200,292.2
15421,4936,56800,280.4
15431,4936,56500,278.9
15441,4936,56700,279.9
15451,4936,56600,279.4
15461,4936,56800,280.4
15471,4936,57400,283.3
15481,4936,55800,275.4
15491,4940,57400,283.6
15501,4936,55800,275.4
15511,4936,57400,283.3
15521,4836,55900,270.3
15531,4940,57500,284.1
15541,4936,55800,275.4
15551,4936,57400,283.3
15561,4936,55800,275.4
15571,4936,57400,283.3
15581,4936,55900,275.9
15591,4940,56800,280.6
15601,4936,56500,278.9
15611,4936,56700,279.9
15621,4936,59300,292.7
15631,4940,56800,280.6
15641,4936,57400,283.3
15651,4936,56200,277.4
15661,4936,57500,283.8
15671,4936,55800,275.4
15681,4936,57400,283.3
15691,4936,55700,274.9
15701,4940,57400,283.6
15711,4936,55800,275.4
15721,4940,57300,283.1
15731,4876,155600,758.7
15741,4936,57400,283.3
15751,4936,55900,275.9
15761,4940,57000,281.6
15771,4936,56500,278.9
15781,4940,56800,280.6
15792,4936,56500,278.9
15801,4936,56800,280.4
15811,4936,56600,279.4
15821,4936,56800,280.4
15831,4936,57400,283.3
15841,4808,140000,673.1
15851,4936,57400,283.3
15861,4936,55800,275.4
15871,4940,57400,283.6
15881,4936,55800,275.4
15891,4936,57500,283.8
15901,4936,55800,275.4
15911,4936,57500,283.8
15921,4936,55800,275.4
15931,4936,57500,283.8
15941,4936,55800,275.4
15951,4696,126400,593.6
15961,4936,56500,278.9
15971,4936,56700,279.9
15981,4936,56500,278.9
15991,4936,56800,280.4
16001,4936,56700,279.9
16011,4936,56800,280.4
16021,4940,57400,283.6
16031,4936,55800,275.4
16041,4940,57500,284.1
16051,4936,55900,275.9
16061,4936,57400,283.3
16071,4936,55800,275.4
16081,4936,57500,283.8
16091,4936,55800,275.4
16101,4936,57400,283.3
16111,4936,55800,275.4
16121,4940,57400,283.6
16131,4936,55900,275.9
16141,4936,56700,279.9
16151,4936,56500,278.9
16161,4936,56800,280.4
16171,4928,56500,278.4
16181,4936,56800,280.4
16191,4936,57400,283.3
16201,4936,56000,276.4
16211,4936,57400,283.3
16221,4936,55800,275.4
16231,4936,57500,283.8
16241,4936,55800,275.4
16251,4936,57400,283.3
16261,4936,55800,275.4
16271,4784,142500,681.7
16281,4936,55900,275.9
16291,4936,57500,283.8
16301,4936,55900,275.9
16311,4936,56900,280.9
16321,4936,56600,279.4
16331,4936,56800,280.4
16341,4936,56500,278.9
16351,4936,56800,280.4
16361,4936,56500,278.9
16371,4936,56700,279.9
16381,4772,186700,890.9
16391,4936,55800,275.4
16401,4940,57500,284.1
16411,4936,55900,275.9
16421,4936,57400,283.3
16431,4936,55900,275.9
16441,4940,57500,284.1
16451,4936,55900,275.9
16461,4936,57400,283.3
16471,4936,55900,275.9
16481,4932,73100,360.5
16491,4936,55800,275.4
16501,4940,56900,281.1
16511,4936,56500,278.9
16521,4936,56700,279.9
16531,4936,56500,278.9
16541,4936,56800,280.4
16551,4936,56900,280.9
16561,4936,56700,279.9
16571,4940,57400,283.6
16581,4932,56500,278.7
16591,4940,57400,283.6
16601,4936,55800,275.4
16611,4936,57500,283.8
16621,4936,55900,275.9
16631,4940,57500,284.1
16641,4936,55800,275.4
16651,4936,57400,283.3
16661,4936,55800,275.4
16671,4936,57400,283.3
16681,4936,56000,276.4
16691,4936,56800,280.4
16701,4936,56500,278.9
16711,4936,56800,280.4
16721,4936,56400,278.4
16731,4936,56800,280.4
16741,4936,57400,283.3
16751,4936,55900,275.9
16761,4936,57500,283.8
16771,4936,55800,275.4
16781,4936,57400,283.3
16791,4808,141800,681.8
16801,4936,57500,283.8
16811,4936,55900,275.9
16821,4940,57400,283.6
16831,4936,55900,275.9
16841,4940,57400,283.6
16851,4936,55800,275.4
16861,4936,56800,280.4
16871,4936,56500,278.9
16881,4936,56800,280.4
16891,4824,150300,725.0
16901,4936,56800,280.4
16911,4936,56500,278.9
16921,4936,56800,280.4
16931,4936,57500,283.8
16941,4936,55900,275.9
16951,4936,57500,283.8
16961,4936,55800,275.4
16971,4940,57400,283.6
16981,4936,55800,275.4
16991,4940,57400,283.6
17001,4708,132200,622.4
17011,4936,57400,283.3
17021,4936,55800,275.4
17031,4936,57400,283.3
17041,4936,55800,275.4
17051,4936,56800,280.4
17061,4936,56500,278.9
17071,4936,56800,280.4
17081,4936,56500,278.9
17091,4936,56800,280.4
17101,4812,138600,666.9
17111,4936,56700,279.9
17121,4940,57400,283.6
17131,4936,55900,275.9
17141,4940,57400,283.6
17151,4936,55900,275.9
17161,4940,57400,283.6
17171,4936,55800,275.4
17181,4940,57500,284.1
17191,4936,55800,275.4
17201,4936,57500,283.8
17211,4808,140900,677.4
17221,4936,57400,283.3
17231,4936,56100,276.9
17241,4936,56800,280.4
17251,4936,56500,278.9
17261,4936,56800,280.4
17271,4936,56500,278.9
17281,4936,56800,280.4
17291,4936,57500,283.8
17301,4936,55800,275.4
17311,4936,57400,283.3
17321,4804,139900,672.1
17331,4940,57500,284.1
17341,4936,55800,275.4
17351,4936,57400,283.3
17361,4936,55900,275.9
17371,4936,57400,283.3
17381,4936,55900,275.9
17391,4936,57400,283.3
17401,4936,55800,275.4
17411,4936,56700,279.9
17421,4936,56500,278.9
17431,4692,122900,576.6
17441,4936,56500,278.9
17451,4936,56800,280.4
17461,4940,56500,279.1
17471,4936,56800,280.4
17481,4936,57500,283.8
17492,4936,55800,275.4
17501,4936,57400,283.3
17511,4936,55800,275.4
17521,4936,57300,282.8
17531,4908,158100,776.0
17541,4940,57400,283.6
17551,4932,55800,275.2
17561,4936,57500,283.8
17571,4936,55800,275.4
17581,4940,57400,283.6
17591,4936,55800,275.4
17601,4936,56800,280.4
17611,4936,56400,278.4
17621,4936,56800,280.4
17631,4936,56500,278.9
17641,4936,68200,336.6
17651,4936,57100,281.8
17661,4936,56500,278.9
17671,4936,57400,283.3
17681,4936,55800,275.4
17691,4940,57400,283.6
17701,4936,55800,275.4
17711,4936,57400,283.3
17721,4936,55800,275.4
17731,4940,57400,283.6
17741,4840,55800,270.1
17751,4940,57400,283.6
17761,4936,55800,275.4
17771,4936,57300,282.8
17781,4936,56300,277.9
17791,4936,56800,280.4
17801,4936,56500,278.9
17811,4936,56800,280.4
17821,4936,56500,278.9
17831,4936,56800,280.4
17841,4932,57400,283.1
17851,4932,55900,275.7
17861,4940,57500,284.1
17871,4936,55900,275.9
17881,4940,57500,284.1
17891,4936,55900,275.9
17901,4940,57400,283.6
17911,4936,55900,275.9
17921,4940,57400,283.6
17931,4936,55900,275.9
17941,4808,172000,827.0
17951,4936,55900,275.9
17961,4936,56800,280.4
17971,4936,56500,278.9
17981,4936,56700,279.9
17991,4936,56500,278.9
18001,4940,56800,280.6
18011,4936,56500,278.9
18021,4936,56800,280.4
18031,4940,57400,283.6
18041,4936,55800,275.4
18051,4716,139200,656.5
18061,4936,55900,275.9
18071,4936,57400,283.3
18081,4936,55800,275.4
18091,4936,57400,283.3
18101,4936,55900,275.9
18111,4936,57400,283.3
18121,4936,55900,275.9
18131,4940,57400,283.6
18141,4936,55900,275.9
18151,4808,190600,916.4
18161,4936,56500,278.9
18171,4940,56800,280.6
18181,4936,56500,278.9
18191,4936,56800,280.4
18201,4936,57300,282.8
18211,4936,56300,277.9
18221,4940,57400,283.6
18231,4936,55900,275.9
18241,4936,57400,283.3
18251,4936,58200,287.3
18261,4940,57500,284.1
18271,4936,55800,275.4
18281,4936,57400,283.3
18291,4936,55800,275.4
18301,4936,57400,283.3
18311,4936,55800,275.4
18321,4940,57200,282.6
18331,4936,56400,278.4
18341,4936,56800,280.4
18351,4936,56500,278.9
18361,4796,140700,674.8
18371,4936,56500,278.9
18381,4936,56900,280.9
18391,4936,57400,283.3
18401,4936,55800,275.4
18411,4936,57500,283.8
18421,4936,55800,275.4
18431,4940,57400,283.6
18441,4936,55800,275.4
18451,4936,57400,283.3
18461,4936,55800,275.4
18471,4940,57400,283.6
18481,4936,55900,275.9
18491,4936,57400,283.3
18501,4936,55900,275.9
18511,4940,56700,280.1
18521,4936,56400,278.4
18531,4936,56800,280.4
18541,4936,56500,278.9
18551,4936,56800,280.4
18561,4936,56500,278.9
18571,4808,142600,685.6
18581,4936,57400,283.3
18591,4936,55800,275.4
18601,4936,57400,283.3
18611,4936,55900,275.9
18621,4936,57400,283.3
18631,4936,55900,275.9
18641,4936,57500,283.8
18651,4936,55900,275.9
18661,4936,57400,283.3
18671,4936,58600,289.2
18681,4940,57400,283.6
18691,4936,55900,275.9
18701,4936,56700,279.9
18711,4936,56500,278.9
18721,4936,56800,280.4
18731,4936,56600,279.4
18741,4936,56800,280.4
18751,4936,57400,283.3
18761,4936,56100,276.9
18771,4936,57400,283.3
18781,4808,139800,672.2
18791,4940,57500,284.1
18801,4936,55900,275.9
18811,4936,57400,283.3
18821,4936,55800,275.4
18831,4940,57500,284.1
18841,4936,55900,275.9
18851,4936,57500,283.8
18861,4936,55900,275.9
18871,4940,57000,281.6
18881,4936,56500,278.9
18891,4936,56800,280.4
18901,4936,56500,278.9
18911,4940,56800,280.6
18921,4936,56500,278.9
18931,4936,56800,280.4
18941,4936,57500,283.8
18951,4936,55900,275.9
18961,4940,57400,283.6
18971,4936,55800,275.4
18981,4940,57400,283.6
18991,4804,142600,685.1
19001,4936,57400,283.3
19011,4936,55800,275.4
19021,4940,57400,283.6
19031,4936,55900,275.9
19041,4940,57500,284.1
19051,4936,55800,275.4
19061,4936,56800,280.4
19071,4936,56400,278.4
19081,4936,56800,280.4
19091,4936,56400,278.4
19101,4808,142200,683.7
19111,4936,56700,279.9
19121,4936,56800,280.4
19131,4936,57400,283.3
19141,4936,55800,275.4
19151,4936,57500,283.8
19161,4936,55900,275.9
19171,4936,57400,283.3
19181,4936,55800,275.4
19191,4936,57400,283.3
19202,4936,55900,275.9
19211,4724,139300,658.1
19221,4936,55800,275.4
19231,4940,57500,284.1
19241,4936,55900,275.9
19251,4936,56700,279.9
19261,4936,56500,278.9
19271,4936,56800,280.4
19281,4936,56500,278.9
19291,4936,56800,280.4
19301,4936,57500,283.8
19311,4808,141500,680.3
19321,4936,57500,283.8
19331,4936,55900,275.9
19341,4940,57400,283.6
19351,4936,55800,275.4
19361,4936,57500,283.8
19371,4936,55800,275.4
19381,4940,57500,284.1
19391,4936,55800,275.4
19401,4936,57400,283.3
19411,4880,156800,765.2
19421,4936,56900,280.9
19431,4936,56600,279.4
19441,4936,56800,280.4
19451,4936,56400,278.4
19461,4936,56800,280.4
19471,4936,56500,278.9
19481,4936,56800,280.4
19491,4936,57400,283.3
19501,4936,55900,275.9
19511,4936,57400,283.3
19521,4920,150900,742.4
19531,4936,57400,283.3
19541,4936,55800,275.4
19551,4940,57400,283.6
19561,4936,55800,275.4
19571,4936,57400,283.3
19581,4936,55900,275.9
19591,4940,57400,283.6
19601,4936,55900,275.9
19611,4936,56900,280.9
19621,4856,154100,748.3
19631,4936,56800,280.4
19641,4936,56500,278.9
19651,4936,56800,280.4
19661,4936,56800,280.4
19671,4936,56700,279.9
19681,4936,57400,283.3
19691,4936,55800,275.4
19701,4936,57400,283.3
19711,4936,55800,275.4
19721,4940,57400,283.6
19731,4804,140000,672.6
19741,4940,57400,283.6
19751,4936,55900,275.9
19761,4936,57500,283.8
19771,4936,55800,275.4
19781,4936,57500,283.8
19791,4936,55900,275.9
19801,4940,56800,280.6
19811,4936,56500,278.9
19821,4936,56800,280.4
19831,4936,56500,278.9
19841,4828,204700,988.3
19851,4936,57500,283.8
19861,4936,56000,276.4
19871,4940,57400,283.6
19881,4936,55800,275.4
19891,4936,57400,283.3
19901,4936,55800,275.4
19911,4940,57400,283.6
19921,4936,55800,275.4
19931,4940,57400,283.6
19941,4936,55800,275.4
19951,4728,134900,637.8
19961,4936,55800,275.4
19971,4940,56800,280.6
19981,4936,56500,278.9
19991,4936,56800,280.4
20001,4936,56400,278.4
20011,4936,56900,280.9
20021,4936,56500,278.9
20031,4936,56800,280.4
20041,4936,57500,283.8
20051,4808,141000,677.9
20061,4940,57400,283.6
20071,4936,55900,275.9
20081,4936,57500,283.8
20091,4936,55800,275.4
20101,4936,57400,283.3
20111,4936,55800,275.4
20121,4936,57400,283.3
20131,4936,55800,275.4
20141,4936,57400,283.3
20151,4816,139000,669.4
20161,4936,56800,280.4
20171,4936,56500,278.9
20181,4936,56800,280.4
20191,4936,56500,278.9
20201,4936,56800,280.4
20211,4936,57000,281.4
20221,4936,56500,278.9
20231,4936,57500,283.8
20241,4936,55900,275.9
20251,4804,138400,664.9
20261,4936,55900,275.9
20271,4936,57400,283.3
20281,4936,55900,275.9
20291,4940,57400,283.6
20301,4936,55800,275.4
20311,4940,57500,284.1
20321,4936,55800,275.4
20331,4936,57400,283.3
20341,4936,56200,277.4
20351,4936,56800,280.4
20361,4752,156500,743.7
20371,4936,56800,280.4
20381,4936,56500,278.9
20391,4936,56700,279.9
20401,4936,57400,283.3
20411,4936,55800,275.4
20421,4940,57400,283.6
20431,4936,55900,275.9
20441,4940,57400,283.6
20451,4936,55800,275.4
20461,4816,137700,663.2
20471,4936,55800,275.4
20481,4936,57500,283.8
20491,4936,55800,275.4
20501,4936,57400,283.3
20511,4936,55800,275.4
20521,4936,56700,279.9
20531,4936,56500,278.9
20541,4936,56800,280.4
20551,4936,56500,278.9
20561,4936,56800,280.4
20571,4712,134100,631.9
20581,4936,56900,280.9
20591,4940,57500,284.1
20601,4936,55900,275.9
20611,4936,57500,283.8
20621,4936,55900,275.9
20631,4936,57500,283.8
20641,4936,55800,275.4
20651,4940,57400,283.6
20661,4936,55800,275.4
20671,4940,57500,284.1
20681,4708,131900,621.0
20691,4936,57400,283.3
20701,4936,55800,275.4
20711,4936,56800,280.4
20721,4936,56500,278.9
20731,4936,56700,279.9
20741,4936,56500,278.9
20751,4936,56800,280.4
20761,4936,57200,282.3
20771,4936,56400,278.4
20781,4936,57400,283.3
20791,4812,206900,995.6
20801,4936,57400,283.3
20811,4936,55900,275.9
20821,4940,57400,283.6
20831,4936,55900,275.9
20841,4940,57400,283.6
20851,4936,55800,275.4
20861,4940,57400,283.6
20871,4936,55900,275.9
20881,4940,57300,283.1
20891,4716,133800,631.0
20905,4936,55800,275.4
20911,4936,56500,278.9
20921,4936,56800,280.4
20931,4936,56500,278.9
20941,4936,56800,280.4
20951,4936,57400,283.3
20961,4936,55900,275.9
20971,4936,57400,283.3
20981,4936,55900,275.9
20991,4940,57400,283.6
21001,4804,55900,268.5
21011,4936,57600,284.3
21021,4936,55800,275.4
21031,4936,57400,283.3
21041,4936,55900,275.9
21051,4936,57400,283.3
21061,4936,55800,275.4
21071,4936,56800,280.4
21081,4936,56500,278.9
21091,4936,56800,280.4
21101,4936,56500,278.9
21111,4936,80600,397.8
21121,4936,56500,278.9
21131,4936,56700,279.9
21141,4940,57400,283.6
21151,4936,55800,275.4
21161,4936,57500,283.8
21171,4936,55900,275.9
21181,4940,57500,284.1
21191,4936,55800,275.4
21201,4940,57400,283.6
21211,4936,58700,289.7
21221,4940,57400,283.6
21231,4936,55800,275.4
21241,4936,57500,283.8
21251,4936,55900,275.9
21261,4936,56700,279.9
21271,4936,56500,278.9
21281,4936,56800,280.4
21291,4936,56500,278.9
21301,4936,56800,280.4
21311,4936,57500,283.8
21321,4808,140500,675.5
21331,4936,57400,283.3
21341,4936,55900,275.9
21351,4936,57400,283.3
21361,4936,55800,275.4
21371,4940,57400,283.6
21381,4936,55900,275.9
21391,4936,57500,283.8
21401,4936,55800,275.4
21411,4936,57400,283.3
21421,4936,55800,275.4
21431,4812,165200,794.9
21441,4936,56600,279.4
21451,4936,56900,280.9
21461,4936,56500,278.9
21471,4936,56700,279.9
21481,4936,56500,278.9
21491,4936,56800,280.4
21501,4936,57400,283.3
21511,4936,55900,275.9
21521,4936,57500,283.8
21531,4936,55900,275.9
21541,4712,140400,661.6
21551,4936,55900,275.9
21561,4936,57500,283.8
21571,4936,55900,275.9
21581,4936,57400,283.3
21591,4936,55900,275.9
21601,4940,57400,283.6
21611,4936,55900,275.9
21621,4936,56800,280.4
21631,4936,56600,279.4
21641,4820,131600,634.3
21651,4936,56500,278.9
21661,4936,56800,280.4
21671,4936,56700,279.9
21681,4936,56800,280.4
21691,4936,57400,283.3
21701,4936,55800,275.4
21711,4940,57500,284.1
21721,4936,55800,275.4
21731,4936,57400,283.3
21741,4808,139800,672.2
21751,4936,57400,283.3
21761,4936,55900,275.9
21771,4936,57400,283.3
21781,4936,55800,275.4
21791,4936,57400,283.3
21801,4936,55900,275.9
21811,4936,56800,280.4
21821,4936,56500,278.9
21831,4936,56800,280.4
21841,4936,56500,278.9
21851,4808,144400,694.3
21861,4936,57400,283.3
21871,4936,56000,276.4
21881,4940,57400,283.6
21891,4936,55900,275.9
21901,4940,57400,283.6
21911,4936,55900,275.9
21921,4936,57400,283.3
21931,4936,55800,275.4
21941,4940,57500,284.1
21951,4808,141100,678.4
21961,4936,57500,283.8
21971,4936,55800,275.4
21981,4940,56900,281.1
21991,4936,56500,278.9
22001,4936,56800,280.4
22011,4936,56500,278.9
22021,4936,56800,280.4
22031,4936,56600,279.4
22041,4936,56700,279.9
22051,4936,57500,283.8
22061,4824,207600,1001.5
22071,4936,57500,283.8
22081,4936,55800,275.4
22091,4936,57400,283.3
22101,4936,55800,275.4
22111,4940,57400,283.6
22121,4936,55900,275.9
22131,4940,57400,283.6
22141,4936,55900,275.9
22151,4940,57500,284.1
22161,4936,55800,275.4
22171,4936,56800,280.4
22181,4936,56500,278.9
22191,4936,56800,280.4
22201,4940,56600,279.6
22211,4936,56800,280.4
22221,4936,56900,280.9
22231,4936,56700,279.9
22241,4936,57400,283.3
22251,4936,55800,275.4
22261,4936,57400,283.3
22271,4928,148300,730.8
22281,4936,57500,283.8
22291,4936,55900,275.9
22301,4936,57500,283.8
22311,4936,55900,275.9
22321,4936,57400,283.3
22331,4936,55800,275.4
22341,4936,57400,283.3
22351,4932,56200,277.2
22361,4936,56900,280.9
22371,4936,56500,278.9
22381,4780,134200,641.5
22391,4936,56500,278.9
22401,4936,56800,280.4
22411,4936,57500,283.8
22421,4936,55800,275.4
22431,4936,57400,283.3
22441,4936,55800,275.4
22451,4936,57400,283.3
22461,4936,55800,275.4
22471,4940,57400,283.6
22481,4812,204900,986.0
22491,4936,57500,283.8
22501,4936,55800,275.4
22511,4936,57400,283.3
22521,4936,55800,275.4
22531,4936,56700,279.9
22541,4936,56500,278.9
22551,4936,56800,280.4
22561,4936,56500,278.9
22571,4936,56800,280.4
22581,4736,147500,698.6
22591,4936,56800,280.4
22602,4936,57400,283.3
22611,4936,55900,275.9
22621,4940,57400,283.6
22631,4936,55800,275.4
22641,4936,57400,283.3
22651,4932,55800,275.2
22661,4936,57500,283.8
22671,4936,55700,274.9
22681,4936,57400,283.3
22691,4832,55900,270.1
22701,4936,57400,283.3
22711,4936,55900,275.9
22721,4940,56800,280.6
22731,4936,56500,278.9
22741,4936,56800,280.4
22751,4936,56500,278.9
22761,4936,56800,280.4
22771,4936,57200,282.3
22781,4936,56400,278.4
22791,4808,142400,684.7
22801,4936,55800,275.4
22811,4940,57500,284.1
22821,4936,55800,275.4
22831,4940,57500,284.1
22841,4936,55900,275.9
22851,4940,57400,283.6
22861,4936,55800,275.4
22871,4940,57400,283.6
22881,4936,55800,275.4
22891,4936,57300,282.8
22901,4800,188100,902.9
22911,4936,56900,280.9
22921,4936,56400,278.4
22931,4936,56800,280.4
22941,4936,56500,278.9
22951,4936,56800,280.4
22961,4936,57500,283.8
22971,4936,55800,275.4
22981,4940,57400,283.6
22991,4936,55800,275.4
23001,4800,144700,694.6
23011,4936,55900,275.9
23021,4936,57400,283.3
23031,4936,55900,275.9
23041,4936,57400,283.3
23051,4936,55800,275.4
23061,4940,57400,283.6
23071,4936,55800,275.4
23081,4936,56800,280.4
23091,4936,56400,278.4
23101,4936,56800,280.4
23111,4880,56500,275.7
23121,4936,56800,280.4
23131,4936,56500,278.9
23141,4936,56800,280.4
23151,4936,57500,283.8
23161,4936,55800,275.4
23171,4936,57400,283.3
23181,4936,55900,275.9
23191,4940,57400,283.6
23201,4936,55800,275.4
23211,4936,57500,283.8
23221,4816,55800,268.7
23231,4936,57400,283.3
23241,4936,55800,275.4
23251,4940,57400,283.6
23261,4936,55900,275.9
23271,4936,56800,280.4
23281,4936,56400,278.4
23291,4936,56800,280.4
23301,4936,56500,278.9
23311,4936,56700,279.9
23321,4836,151700,733.6
23331,4936,56300,277.9
23341,4936,57500,283.8
23351,4936,55800,275.4
23361,4940,57300,283.1
23371,4936,55900,275.9
23381,4940,57400,283.6
23391,4936,55800,275.4
23401,4940,57400,283.6
23411,4936,55800,275.4
23421,4940,57400,283.6
23431,4812,215800,1038.4
23441,4940,57100,282.1
23451,4936,56500,278.9
23461,4940,56900,281.1
23471,4936,56500,278.9
23481,4936,56700,279.9
23491,4936,56500,278.9
23501,4936,56800,280.4
23511,4936,57400,283.3
23521,4936,55800,275.4
23531,4812,143200,689.1
23541,4936,55800,275.4
23551,4936,57400,283.3
23561,4936,55900,275.9
23571,4940,57500,284.1
23581,4936,55900,275.9
23591,4940,57500,284.1
23601,4936,55800,275.4
23611,4936,57400,283.3
23621,4936,55800,275.4
23631,4936,56800,280.4
23641,4812,133800,643.8
23651,4936,56800,280.4
23661,4936,56500,278.9
23671,4936,56800,280.4
23681,4936,56600,279.4
23691,4936,56700,279.9
23701,4940,57400,283.6
23711,4936,55800,275.4
23721,4936,57400,283.3
23731,4936,55800,275.4
23741,4936,57400,283.3
23751,4772,169100,806.9
23761,4940,57500,284.1
23771,4936,55800,275.4
23781,4940,57400,283.6
23791,4936,55800,275.4
23801,4936,57400,283.3
23811,4936,55900,275.9
23821,4936,56800,280.4
23831,4936,56400,278.4
23841,4936,56800,280.4
23851,4808,141400,679.9
23861,4936,56800,280.4
23871,4936,57500,283.8
23881,4936,56000,276.4
23891,4936,57500,283.8
23901,4936,55800,275.4
23911,4936,57400,283.3
23921,4936,55900,275.9
23931,4940,57500,284.1
23941,4936,55800,275.4
23951,4936,57400,283.3
23961,4800,142300,683.0
23971,4936,57400,283.3
23981,4936,55800,275.4
23991,4936,56900,280.9
24001,4936,56500,278.9
24011,4940,56800,280.6
24021,4936,56400,278.4
24031,4936,56700,279.9
24041,4936,56500,278.9
24051,4936,56800,280.4
24061,4936,57400,283.3
24071,4824,203800,983.1
24081,4936,57500,283.8
24091,4936,55800,275.4
24101,4936,57400,283.3
24111,4936,55800,275.4
24121,4940,57500,284.1
24131,4936,55900,275.9
24141,4940,57500,284.1
24151,4936,55800,275.4
24161,4940,57400,283.6
24171,4896,158900,778.0
24181,4936,56800,280.4
24191,4936,56500,278.9
24201,4936,56800,280.4
24211,4936,56500,278.9
24221,4936,56800,280.4
24231,4936,56800,280.4
24241,4936,56700,279.9
24251,4936,57400,283.3
24261,4936,55900,275.9
24271,4940,60200,297.4
24281,4936,55900,275.9
24291,4936,57500,283.8
24302,4936,55800,275.4
24311,4936,57400,283.3
24321,4936,55800,275.4
24331,4936,57500,283.8
24341,4936,55800,275.4
24351,4936,57400,283.3
24361,4936,56200,277.4
24371,4936,56800,280.4
24381,4788,179400,859.0
24391,4936,56700,279.9
24401,4936,56500,278.9
24411,4936,56800,280.4
24421,4936,57500,283.8
24431,4936,55800,275.4
24441,4936,57400,283.3
24451,4936,55900,275.9
24461,4940,57500,284.1
24471,4936,55900,275.9
24481,4712,136400,642.7
24491,4936,55800,275.4
24501,4936,57400,283.3
24511,4936,55900,275.9
24521,4940,57500,284.1
24531,4936,55800,275.4
24541,4936,56700,279.9
24551,4936,56500,278.9
24561,4936,56800,280.4
24571,4936,56500,278.9
24581,4808,139700,671.7
24591,4936,56500,278.9
24601,4936,56800,280.4
24611,4936,57400,283.3
24621,4936,55900,275.9
24631,4936,57400,283.3
24641,4936,55900,275.9
24651,4936,57400,283.3
24661,4936,55800,275.4
24671,4940,57400,283.6
24681,4936,55800,275.4
24691,4936,57500,283.8
24701,4936,55900,275.9
24711,4936,57400,283.3
24721,4936,55900,275.9
24731,4936,56800,280.4
24741,4936,56600,279.4
24751,4936,56800,280.4
24761,4936,56400,278.4
24771,4936,56800,280.4
24781,4936,57200,282.3
24791,4808,143700,690.9
24801,4936,57500,283.8
24811,4936,55900,275.9
24821,4936,57400,283.3
24831,4936,55900,275.9
24841,4940,57400,283.6
24851,4936,55800,275.4
24861,4936,57400,283.3
24871,4936,55800,275.4
24881,4936,57400,283.3
24891,4936,55800,275.4
24901,4800,57400,275.5
24911,4936,56400,278.4
24921,4940,56800,280.6
24931,4936,56500,278.9
24941,4936,56800,280.4
24951,4936,56600,279.4
24961,4936,56800,280.4
24971,4936,57400,283.3
24981,4936,55800,275.4
24991,4936,57500,283.8
25001,4820,207000,997.7
25011,4940,57400,283.6
25021,4936,55800,275.4
25031,4936,57400,283.3
25041,4936,55800,275.4
25051,4936,57400,283.3
25061,4936,55900,275.9
25071,4940,57400,283.6
25081,4936,55900,275.9
25091,4940,56700,280.1
25101,4936,56400,278.4
25111,4936,56800,280.4
25121,4936,56500,278.9
25131,4936,56800,280.4
25141,4936,56500,278.9
25151,4936,56800,280.4
25161,4940,57400,283.6
25171,4936,55800,275.4
25181,4936,57400,283.3
25191,4932,55800,275.2
25201,4936,57300,282.8
25211,4788,178000,852.3
25221,4936,57500,283.8
25231,4936,55800,275.4
25241,4936,57400,283.3
25251,4936,55900,275.9
25261,4936,57400,283.3
25271,4936,55800,275.4
25281,4936,56700,279.9
25291,4936,56500,278.9
25301,4936,56700,279.9
25311,4716,135000,636.7
25321,4936,56800,280.4
25331,4936,57300,282.8
25341,4936,56300,277.9
25351,4936,57400,283.3
25361,4936,55900,275.9
25371,4940,57400,283.6
25381,4936,55800,275.4
25391,4936,57400,283.3
25401,4936,55800,275.4
25411,4936,57400,283.3
25421,4808,55900,268.8
25431,4940,57500,284.1
25441,4936,55900,275.9
25451,4936,57200,282.3
25461,4936,56500,278.9
25471,4936,56800,280.4
25481,4936,56600,279.4
25491,4936,56800,280.4
25501,4936,56500,278.9
25511,4936,56800,280.4
25521,4840,152800,739.6
25531,4936,55900,275.9
25541,4936,57400,283.3
25551,4936,55900,275.9
25561,4936,57400,283.3
25571,4936,55900,275.9
25581,4940,57500,284.1
25591,4936,55800,275.4
25601,4940,57400,283.6
25611,4936,55800,275.4
25621,4936,57400,283.3
25631,4800,139700,670.6
25641,4936,56800,280.4
25651,4936,56500,278.9
25661,4936,56800,280.4
25671,4936,56500,278.9
25681,4936,56800,280.4
25691,4936,56600,279.4
25701,4936,56700,279.9
25711,4936,57400,283.3
25721,4936,55800,275.4
25731,4820,149300,719.6
25741,4936,55800,275.4
25751,4940,57400,283.6
25761,4936,55900,275.9
25771,4936,57400,283.3
25781,4936,55800,275.4
25791,4936,57500,283.8
25801,4936,55800,275.4
25811,4936,57400,283.3
25821,4936,55900,275.9
25831,4936,56700,279.9
25841,4712,130700,615.9
25851,4936,56800,280.4
25861,4936,56500,278.9
25871,4936,56800,280.4
25881,4936,57400,283.3
25891,4936,56000,276.4
25901,4936,57400,283.3
25911,4936,55900,275.9
25921,4936,57400,283.3
25931,4936,55800,275.4
25941,4808,142800,686.6
25951,4936,55900,275.9
25961,4936,57500,283.8
25971,4936,55900,275.9
25981,4936,57400,283.3
25991,4936,55900,275.9
26002,4936,56900,280.9
26011,4936,56500,278.9
26021,4936,56800,280.4
26031,4936,56500,278.9
26041,4936,56700,279.9
26051,4768,167700,799.6
26061,4936,56800,280.4
26071,4936,57400,283.3
26081,4936,55900,275.9
26091,4936,57500,283.8
26101,4936,55800,275.4
26111,4940,57500,284.1
26121,4936,55800,275.4
26131,4936,57400,283.3
26141,4936,55900,275.9
26151,4808,142300,684.2
26161,4936,55900,275.9
26171,4936,57400,283.3
26181,4936,55800,275.4
26191,4936,56900,280.9
26201,4936,56400,278.4
26211,4936,56800,280.4
26221,4936,56500,278.9
26231,4936,56800,280.4
26241,4936,56900,280.9
26251,4936,56700,279.9
26261,4904,57500,282.0
26271,4936,55800,275.4
26281,4936,57400,283.3
26291,4936,55900,275.9
26301,4940,57400,283.6
26311,4936,55900,275.9
26321,4940,57500,284.1
26331,4936,55800,275.4
26341,4940,57400,283.6
26351,4936,55800,275.4
26361,4808,140100,673.6
26371,4936,56000,276.4
26381,4936,56800,280.4
26391,4936,56500,278.9
26401,4936,56700,279.9
26411,4936,56500,278.9
26421,4936,56900,280.9
26431,4936,57500,283.8
26441,4936,55900,275.9
26451,4940,57400,283.6
26461,4816,204500,984.9
26471,4936,57500,283.8
26481,4936,55800,275.4
26491,4936,57400,283.3
26501,4936,55800,275.4
26511,4936,57400,283.3
26521,4936,55900,275.9
26531,4940,57300,283.1
26541,4936,55900,275.9
26551,4936,56800,280.4
26561,4800,141800,680.6
26571,4936,56800,280.4
26581,4936,56500,278.9
26591,4936,56800,280.4
26601,4936,56500,278.9
26611,4936,56800,280.4
26621,4936,57500,283.8
26631,4936,55900,275.9
26641,4936,57500,283.8
26651,4936,55800,275.4
26661,4936,57400,283.3
26671,4796,56500,271.0
26681,4936,57400,283.3
26691,4936,55800,275.4
26701,4936,57300,282.8
26711,4936,55900,275.9
26721,4936,57400,283.3
26731,4936,55800,275.4
26741,4940,56800,280.6
26751,4936,56500,278.9
26761,4936,56700,279.9
26771,4712,132600,624.8
26781,4936,56800,280.4
26791,4936,57000,281.4
26801,4936,56600,279.4
26811,4936,57500,283.8
26821,4936,55800,275.4
26831,4936,57400,283.3
26841,4936,55800,275.4
26851,4940,57400,283.6
26861,4936,55800,275.4
26871,4936,57400,283.3
26881,4772,165700,790.7
26891,4940,57400,283.6
26901,4936,55800,275.4
26911,4940,57400,283.6
26921,4936,56200,277.4
26931,4936,56800,280.4
26941,4936,56500,278.9
26951,4936,56800,280.4
26961,4936,56500,278.9
26971,4936,56800,280.4
26981,4852,156000,756.9
26991,4936,55800,275.4
27001,4936,57500,283.8
27011,4936,55800,275.4
27021,4936,57400,283.3
27031,4936,55800,275.4
27041,4936,57400,283.3
27051,4936,55800,275.4
27061,4936,57500,283.8
27071,4936,55800,275.4
27081,4940,57400,283.6
27091,4816,207900,1001.2
27101,4936,56700,279.9
27111,4936,56400,278.4
27121,4936,56800,280.4
27131,4936,56500,278.9
27141,4936,56800,280.4
27151,4936,56500,278.9
27161,4936,56800,280.4
27171,4940,57400,283.6
27181,4936,55800,275.4
27191,4712,134800,635.2
27201,4936,55800,275.4
27211,4936,57400,283.3
27221,4936,55800,275.4
27231,4940,57500,284.1
27241,4936,55800,275.4
27251,4936,57400,283.3
27261,4936,55900,275.9
27271,4936,57400,283.3
27281,4936,55900,275.9
27291,4936,56800,280.4
27301,4708,130700,615.3
27311,4936,56800,280.4
27321,4936,56600,279.4
27331,4940,56800,280.6
27341,4936,57300,282.8
27351,4936,56300,277.9
27361,4936,57500,283.8
27371,4936,55800,275.4
27381,4936,57400,283.3
27391,4936,55800,275.4
27401,4936,57400,283.3
27411,4816,205900,991.6
27421,4940,57300,283.1
27431,4936,55800,275.4
27441,4936,57500,283.8
27451,4936,55700,274.9
27461,4940,57200,282.6
27471,4936,56500,278.9
27481,4936,56800,280.4
27491,4936,56500,278.9
27501,4936,56800,280.4
27511,4936,59200,292.2
27521,4936,56700,279.9
27531,4936,57400,283.3
27541,4936,55800,275.4
27551,4936,57500,283.8
27561,4936,55900,275.9
27571,4936,57400,283.3
27581,4936,55800,275.4
27591,4936,57500,283.8
27601,4936,55800,275.4
27611,4940,57400,283.6
27621,4812,180600,869.0
27631,4940,57400,283.6
27641,4936,55900,275.9
27651,4936,56800,280.4
27661,4936,56400,278.4
27671,4936,56800,280.4
27681,4936,56500,278.9
27691,4936,56800,280.4
27702,4940,57400,283.6
27711,4936,56800,280.4
27721,4720,137600,649.5
27731,4936,55800,275.4
27741,4936,57400,283.3
27751,4936,55800,275.4
27761,4936,57400,283.3
27771,4936,55800,275.4
27781,4940,57400,283.6
27791,4932,55800,275.2
27801,4940,57400,283.6
27811,4936,55800,275.4
27821,4936,57500,283.8
27831,4936,55900,275.9
27841,4936,56800,280.4
27851,4936,56500,278.9
27861,4936,56800,280.4
27871,4936,56400,278.4
27881,4936,56700,279.9
27891,4936,57500,283.8
27901,4936,56000,276.4
27911,4940,57400,283.6
27921,4936,55900,275.9
27931,4828,149400,721.3
27941,4936,55900,275.9
27951,4936,57500,283.8
27961,4936,55800,275.4
27971,4940,57500,284.1
27981,4936,55800,275.4
27991,4936,57400,283.3
28001,4936,55900,275.9
28011,4936,56900,280.9
28021,4936,56500,278.9
28031,4936,56700,279.9
28041,4840,56500,273.5
28051,4936,56800,280.4
28061,4936,56500,278.9
28071,4936,56800,280.4
28081,4936,57400,283.3
28091,4936,55900,275.9
28101,4936,57400,283.3
28111,4936,55900,275.9
28121,4940,57400,283.6
28131,4936,55800,275.4
28141,4796,197500,947.2
28151,4936,55800,275.4
28161,4940,57500,284.1
28171,4936,55800,275.4
28181,4936,57400,283.3
28191,4936,55900,275.9
28201,4936,56800,280.4
28211,4936,56500,278.9
28221,4936,56800,280.4
28231,4936,56500,278.9
28241,4820,202900,978.0
28251,4936,56700,279.9
28261,4936,56800,280.4
28271,4940,57500,284.1
28281,4936,55800,275.4
28291,4936,57400,283.3
28301,4936,55800,275.4
28311,4936,57400,283.3
28321,4936,55800,275.4
28331,4936,57400,283.3
28341,4808,141500,680.3
28351,4936,57400,283.3
28361,4936,55800,275.4
28371,4936,57400,283.3
28381,4936,56000,276.4
28391,4936,56800,280.4
28401,4936,56500,278.9
28411,4936,56800,280.4
28421,4936,56500,278.9
28431,4936,56800,280.4
28441,4936,57500,283.8
28451,4936,89300,440.8
28461,4936,57500,283.8
28471,4936,55800,275.4
28481,4940,57400,283.6
28491,4936,55900,275.9
28501,4936,57400,283.3
28511,4936,55800,275.4
28521,4936,57400,283.3
28531,4936,55900,275.9
28541,4936,57500,283.8
28551,4752,153100,727.5
28561,4936,56700,279.9
28571,4936,56500,278.9
28581,4940,56700,280.1
28591,4936,56500,278.9
28601,4936,56800,280.4
28611,4936,56400,278.4
28621,4936,56800,280.4
28631,4940,57400,283.6
28641,4936,55800,275.4
28651,4940,57400,283.6
28661,4812,203000,976.8
28671,4940,57400,283.6
28681,4936,55800,275.4
28691,4936,57500,283.8
28701,4936,55800,275.4
28711,4940,57400,283.6
28721,4936,55800,275.4
28731,4936,57500,283.8
28741,4936,55800,275.4
28751,4936,56800,280.4
28761,4936,56500,278.9
28771,4824,134300,647.9
28781,4936,56500,278.9
28791,4936,56800,280.4
28801,4936,57000,281.4
28811,4936,56600,279.4
28821,4940,57400,283.6
28831,4936,55900,275.9
28841,4940,57400,283.6
28851,4936,55800,275.4
28861,4936,57400,283.3
28871,4932,55800,275.2
28881,4708,133600,629.0
28891,4936,55800,275.4
28901,4936,57500,283.8
28911,4936,55800,275.4
28921,4940,57400,283.6
28931,4936,56200,277.4
28941,4936,56800,280.4
28951,4936,56500,278.9
28961,4936,56800,280.4
28971,4936,56500,278.9
28981,4932,56800,280.1
28991,4936,57500,283.8
29001,4936,55800,275.4
29011,4936,57400,283.3
29021,4936,55800,275.4
29031,4936,57400,283.3
29041,4936,55900,275.9
29051,4936,57400,283.3
29061,4936,55800,275.4
29071,4940,57500,284.1
29081,4932,55800,275.2
29091,4808,142700,686.1
29101,4936,55800,275.4
29111,4936,56700,279.9
29121,4932,56500,278.7
29131,4936,56800,280.4
29141,4936,56400,278.4
29151,4936,56700,279.9
29161,4936,56600,279.4
29171,4936,56800,280.4
29181,4936,57400,283.3
29191,4936,55800,275.4
29201,4716,134700,635.2
29211,4932,55900,275.7
29221,4936,57400,283.3
29231,4936,55800,275.4
29241,4940,57500,284.1
29251,4936,55800,275.4
29261,4936,57500,283.8
29271,4936,55900,275.9
29281,4940,57400,283.6
29291,4936,55800,275.4
29301,4812,141100,679.0
29311,4936,56500,278.9
29321,4936,56800,280.4
29331,4936,56400,278.4
29341,4936,56700,279.9
29351,4936,57200,282.3
29361,4936,56300,277.9
29371,4936,57500,283.8
29381,4936,55900,275.9
29391,4940,57500,284.1
29402,4936,55900,275.9
29411,4924,57500,283.1
29421,4936,55900,275.9
29431,4940,57400,283.6
29441,4936,55800,275.4
29451,4936,57400,283.3
29461,4936,55900,275.9
29471,4936,57100,281.8
29481,4936,56500,278.9
29491,4936,56800,280.4
29501,4936,56500,278.9
29511,4936,56800,280.4
29521,4852,56500,274.1
29531,4936,56800,280.4
29541,4936,57400,283.3
29551,4936,55800,275.4
29561,4940,57400,283.6
29571,4936,55800,275.4
29581,4936,57400,283.3
29591,4936,55800,275.4
29601,4936,57400,283.3
29611,4936,55800,275.4
29621,4748,135900,645.3
29631,4936,55800,275.4
29641,4936,57400,283.3
29651,4936,55800,275.4
29661,4936,56800,280.4
29671,4936,56400,278.4
29681,4936,56700,279.9
29691,4936,56500,278.9
29701,4936,56700,279.9
29711,4936,56500,278.9
29721,4784,101200,484.1
29731,4940,57400,283.6
29741,4936,55800,275.4
29751,4936,57400,283.3
29761,4936,55800,275.4
29771,4936,57500,283.8
29781,4936,55800,275.4
29791,4936,57400,283.3
29801,4936,55800,275.4
29811,4936,57400,283.3
29821,4936,55900,275.9
29831,4940,57400,283.6
29841,4936,55900,275.9
29851,4936,56700,279.9
29861,4936,56500,278.9
29871,4936,56700,279.9
29881,4936,56500,278.9
29891,4936,56800,280.4
29901,4936,57400,283.3
29911,4936,56000,276.4
29921,4936,57500,283.8
29931,4744,85100,403.7
29941,4940,57500,284.1
29951,4936,55800,275.4
29961,4936,57400,283.3
29971,4936,55800,275.4
29981,4936,57400,283.3
29991,4936,55800,275.4
30001,4936,57400,283.3
30011,4936,55900,275.9
30021,4936,56900,280.9
30031,4740,146600,694.9
30041,4936,56900,280.9
30051,4936,56500,278.9
30061,4936,56700,279.9
30071,4936,56400,278.4
30081,4936,56800,280.4
30091,4940,57400,283.6
30101,4936,55900,275.9
30111,4940,57400,283.6
30121,4936,55800,275.4
30131,4936,57400,283.3
30141,4776,70300,335.8
30151,4936,57400,283.3
30161,4936,55800,275.4
30171,4940,57500,284.1
30181,4936,55900,275.9
30191,4936,57400,283.3
30201,4936,55800,275.4
30211,4936,56800,280.4
30221,4936,56500,278.9
30231,4936,56800,280.4
30241,4936,56500,278.9
30251,4936,116300,574.1
30261,4936,56800,280.4
30271,4936,56800,280.4
30281,4936,57300,282.8
30291,4936,55800,275.4
30301,4936,57400,283.3
30311,4936,55800,275.4
30321,4936,57400,283.3
30331,4936,55800,275.4
30341,4936,57400,283.3
30351,4812,206600,994.2
30361,4936,57400,283.3
30371,4936,55800,275.4
30381,4940,57400,283.6
30391,4936,56000,276.4
30401,4936,56800,280.4
30411,4940,56400,278.6
30421,4936,56800,280.4
30431,4936,56400,278.4
30441,4936,56800,280.4
30451,4808,141200,678.9
30461,4936,55800,275.4
30471,4940,57500,284.1
30481,4936,55800,275.4
30491,4940,57500,284.1
30501,4936,55800,275.4
30511,4940,57400,283.6
30521,4936,55900,275.9
30531,4936,57400,283.3
30541,4936,55800,275.4
30551,4936,57400,283.3
30561,4820,177400,855.1
30571,4936,56800,280.4
30581,4936,56500,278.9
30591,4936,56800,280.4
30601,4936,56500,278.9
30611,4936,56800,280.4
30621,4940,56400,278.6
30631,4936,56800,280.4
30641,4936,57500,283.8
30651,4936,55900,275.9
30661,4852,154100,747.7
30671,4936,55900,275.9
30681,4936,57400,283.3
30691,4936,55900,275.9
30701,4940,57400,283.6
30711,4936,55800,275.4
30721,4936,57500,283.8
30731,4936,55800,275.4
30741,4940,57500,284.1
30751,4936,55900,275.9
30761,4936,56800,280.4
30771,4824,56500,272.6
30781,4936,56800,280.4
30791,4936,56500,278.9
30801,4936,56800,280.4
30811,4936,57100,281.8
30821,4936,56500,278.9
30831,4936,57400,283.3
30841,4936,55900,275.9
30851,4936,57400,283.3
30861,4936,55700,274.9
30871,4936,60000,296.2
30881,4936,55800,275.4
30891,4936,57500,283.8
30901,4936,55800,275.4
30911,4936,57400,283.3
30921,4936,55800,275.4
30931,4936,57300,282.8
30941,4936,56400,278.4
30951,4936,56800,280.4
30961,4936,56500,278.9
30971,4936,56800,280.4
30981,4804,141700,680.7
30991,4936,56800,280.4
31001,4936,57400,283.3
31011,4936,55800,275.4
31021,4936,57400,283.3
31031,4936,55800,275.4
31041,4936,57400,283.3
31051,4936,55800,275.4
31061,4936,57500,283.8
31071,4936,55900,275.9
31081,4940,57400,283.6
31091,4792,181000,867.4
31102,4940,57500,284.1
31111,4936,55800,275.4
31121,4936,56700,279.9
31131,4936,56400,278.4
31141,4936,56800,280.4
31151,4936,56400,278.4
31161,4936,56800,280.4
31171,4936,56500,278.9
31181,4936,56700,279.9
31191,4936,57400,283.3
31201,4816,137200,660.8
31211,4940,57400,283.6
31221,4936,55800,275.4
31231,4940,57400,283.6
31241,4936,55800,275.4
31251,4940,57500,284.1
31261,4936,55800,275.4
31271,4940,57500,284.1
31281,4936,55900,275.9
31291,4940,57400,283.6
31301,4820,202200,974.6
31311,4936,56800,280.4
31321,4936,56500,278.9
31331,4940,56800,280.6
31341,4936,56500,278.9
31351,4936,56700,279.9
31361,4936,57300,282.8
31371,4936,56200,277.4
31381,4936,57400,283.3
31391,4936,55900,275.9
31401,4720,140000,660.8
31411,4936,55800,275.4
31421,4936,57400,283.3
31431,4936,55800,275.4
31441,4936,57500,283.8
31451,4936,55800,275.4
31461,4936,57400,283.3
31471,4936,55800,275.4
31481,4936,57100,281.8
31491,4936,56500,278.9
31501,4808,134400,646.2
31511,4936,56500,278.9
31521,4936,56800,280.4
31531,4936,56500,278.9
31541,4936,56800,280.4
31551,4936,57400,283.3
31561,4936,55800,275.4
31571,4936,57500,283.8
31581,4936,55900,275.9
31591,4936,57400,283.3
31601,4808,141500,680.3
31611,4936,57400,283.3
31621,4932,55800,275.2
31631,4940,57500,284.1
31641,4936,55900,275.9
31651,4936,57400,283.3
31661,4936,55800,275.4
31671,4936,56800,280.4
31681,4936,56500,278.9
31691,4936,56900,280.9
31701,4936,56400,278.4
31711,4716,134100,632.4
31721,4936,56700,279.9
31731,4936,56700,279.9
31741,4940,57400,283.6
31751,4936,55800,275.4
31761,4940,57500,284.1
31771,4936,55800,275.4
31781,4936,57300,282.8
31791,4936,55900,275.9
31801,4936,57400,283.3
31811,4816,194000,934.3
31821,4936,57400,283.3
31831,4936,55900,275.9
31841,4936,57500,283.8
31851,4936,55800,275.4
31861,4940,56700,280.1
31871,4936,56500,278.9
31881,4940,56800,280.6
31891,4936,56500,278.9
31901,4936,56700,279.9
31911,4936,57500,283.8
31921,4824,137400,662.8
31931,4940,57400,283.6
31941,4936,55900,275.9
31951,4940,57400,283.6
31961,4936,55800,275.4
31971,4936,57400,283.3
31981,4936,55800,275.4
31991,4940,57500,284.1
32001,4936,55800,275.4
32011,4936,57400,283.3
32021,4936,55800,275.4
32031,4936,56800,280.4
32041,4936,56600,279.4
32051,4936,56800,280.4
32061,4936,56400,278.4
32071,4936,56800,280.4
32081,4936,56400,278.4
32091,4936,56800,280.4
32101,4936,57400,283.3
32111,4936,55800,275.4
32121,4940,57400,283.6
32131,4816,137200,660.8
32141,4936,57500,283.8
32151,4936,55800,275.4
32161,4936,57400,283.3
32171,4936,55900,275.9
32181,4936,57400,283.3
32191,4936,55800,275.4
32201,4940,57400,283.6
32211,4936,55800,275.4
32221,4936,56800,280.4
32231,4812,206300,992.7
32241,4936,56800,280.4
32251,4936,56400,278.4
32261,4936,56800,280.4
32271,4936,56900,280.9
32281,4936,56600,279.4
32291,4936,57500,283.8
32301,4936,55800,275.4
32311,4940,57400,283.6
32321,4936,55800,275.4
32331,4716,134700,635.2
32341,4936,55900,275.9
32351,4940,57400,283.6
32361,4936,55800,275.4
32371,4940,57400,283.6
32381,4936,55800,275.4
32391,4936,57400,283.3
32401,4936,56100,276.9
32411,4936,56800,280.4
32421,4936,56500,278.9
32431,4936,56800,280.4
32441,4812,216800,1043.2
32451,4936,56800,280.4
32461,4936,57500,283.8
32471,4936,55800,275.4
32481,4940,57400,283.6
32491,4936,55800,275.4
32501,4940,57400,283.6
32511,4936,55800,275.4
32521,4940,57400,283.6
32531,4936,55800,275.4
32541,4812,141600,681.4
32551,4936,55800,275.4
32561,4940,57400,283.6
32571,4936,55900,275.9
32581,4940,56700,280.1
32591,4936,56500,278.9
32601,4936,56700,279.9
32611,4936,56500,278.9
32621,4936,56800,280.4
32631,4936,56500,278.9
32641,4936,56800,280.4
32651,4804,142500,684.6
32661,4936,55900,275.9
32671,4940,57500,284.1
32681,4936,55800,275.4
32691,4936,57400,283.3
32701,4936,55900,275.9
32711,4936,57400,283.3
32721,4936,55800,275.4
32731,4936,57400,283.3
32741,4936,55900,275.9
32751,4936,57400,283.3
32761,4812,202800,975.9
32771,4936,56800,280.4
32781,4936,56500,278.9
32791,4936,56800,280.4
32802,4936,57100,281.8
32811,4936,56800,280.4
32821,4936,57100,281.8
32831,4936,56400,278.4
32841,4936,57500,283.8
32851,4936,55800,275.4
32861,4936,57400,283.3
32871,4820,179400,864.7
32881,4936,57400,283.3
32891,4936,55800,275.4
32901,4940,57500,284.1
32911,4936,55800,275.4
32921,4940,57400,283.6
32931,4932,55800,275.2
32941,4936,57300,282.8
32951,4936,56400,278.4
32961,4936,56800,280.4
32971,4740,148200,702.5
32981,4936,56800,280.4
32991,4936,56500,278.9
33001,4936,56800,280.4
33011,4936,57400,283.3
33021,4936,55800,275.4
33031,4936,57400,283.3
33041,4936,55800,275.4
33051,4940,57400,283.6
33061,4936,55800,275.4
33071,4940,57400,283.6
33081,4820,202000,973.6
33091,4936,57500,283.8
33101,4936,55900,275.9
33111,4936,57400,283.3
33121,4936,55800,275.4
33131,4936,56700,279.9
33141,4936,56500,278.9
33151,4936,56800,280.4
33161,4936,56500,278.9
33171,4936,56800,280.4
33181,4936,56500,278.9
33191,4936,116600,575.5
33201,4940,57500,284.1
33211,4936,55800,275.4
33221,4936,57400,283.3
33231,4936,55900,275.9
33241,4936,57400,283.3
33251,4936,55900,275.9
33261,4936,57400,283.3
33271,4936,55800,275.4
33281,4936,57400,283.3
33291,4936,55900,275.9
33301,4936,57400,283.3
33311,4936,55800,275.4
33321,4936,56800,280.4
33331,4936,56500,278.9
33341,4936,56800,280.4
33351,4936,56400,278.4
33361,4936,56800,280.4
33371,4936,57400,283.3
33381,4936,56100,276.9
33391,4936,57400,283.3
33401,4936,55800,275.4
33411,4940,57400,283.6
33421,4936,56000,276.4
33431,4936,57500,283.8
33441,4936,55900,275.9
33451,4940,57500,284.1
33461,4936,55800,275.4
33471,4936,57500,283.8
33481,4936,55800,275.4
33491,4936,57000,281.4
33501,4936,56500,278.9
33511,4932,57000,281.1
33521,4936,56500,278.9
33531,4936,56800,280.4
33541,4936,56500,278.9
33551,4936,56800,280.4
33561,4936,57400,283.3
33571,4936,55800,275.4
33581,4940,57400,283.6
33591,4936,55800,275.4
33601,4936,57400,283.3
33611,4936,55800,275.4
33621,4712,135300,637.5
33631,4936,55800,275.4
33641,4936,57400,283.3
33651,4936,55800,275.4
33661,4936,57400,283.3
33671,4936,55800,275.4
33681,4940,56800,280.6
33691,4936,56500,278.9
33701,4936,56800,280.4
33711,4936,56400,278.4
33721,4932,56800,280.1
33731,4936,56600,279.4
33741,4936,56800,280.4
33751,4936,57500,283.8
33761,4936,55800,275.4
33771,4936,57500,283.8
33781,4936,55800,275.4
33791,4936,57400,283.3
33801,4936,55800,275.4
33811,4936,57400,283.3
33821,4936,55900,275.9
33831,4704,134900,634.6
33841,4936,55900,275.9
33851,4936,57500,283.8
33861,4936,55900,275.9
33871,4936,56800,280.4
33881,4936,56400,278.4
33891,4936,56800,280.4
33901,4936,56500,278.9
33911,4936,56800,280.4
33921,4936,57400,283.3
33931,4812,203400,978.8
33941,4940,57400,283.6
33951,4936,55900,275.9
33961,4936,57400,283.3
33971,4936,55800,275.4
33981,4936,57400,283.3
33991,4932,55900,275.7
34001,4936,57500,283.8
34011,4936,55800,275.4
34021,4936,57400,283.3
34031,4936,55800,275.4
34041,4772,184100,878.5
34051,4936,56500,278.9
34061,4936,56800,280.4
34071,4936,56500,278.9
34081,4936,56700,279.9
34091,4936,56500,278.9
34101,4936,56800,280.4
34111,4940,57500,284.1
34121,4936,55900,275.9
34131,4936,57400,283.3
34141,4808,140200,674.1
34151,4936,57400,283.3
34161,4936,55800,275.4
34171,4940,57400,283.6
34181,4936,55800,275.4
34191,4936,57400,283.3
34201,4936,55800,275.4
34211,4940,57400,283.6
34221,4936,55800,275.4
34231,4936,56800,280.4
34241,4808,140100,673.6
34251,4936,56800,280.4
34261,4936,56600,279.4
34271,4936,56800,280.4
34281,4936,56900,280.9
34291,4936,56700,279.9
34301,4940,57400,283.6
34311,4936,55900,275.9
34321,4940,57500,284.1
34331,4936,55900,275.9
34341,4936,57500,283.8
34351,4804,145800,700.4
34361,4940,57500,284.1
34371,4936,55800,275.4
34381,4936,57500,283.8
34391,4936,56000,276.4
34401,4940,57400,283.6
34411,4936,56100,276.9
34421,4936,56800,280.4
34431,4936,56500,278.9
34441,4936,56800,280.4
34451,4936,56500,278.9
34461,4808,145000,697.2
34471,4936,57500,283.8
34481,4936,55800,275.4
34491,4936,57500,283.8
34501,4936,55900,275.9
34512,4940,57400,283.6
34521,4936,55800,275.4
34531,4940,57400,283.6
34541,4936,55800,275.4
34551,4936,57400,283.3
34561,4804,142000,682.2
34571,4940,57400,283.6
34581,4936,55900,275.9
34591,4936,56800,280.4
34601,4936,56400,278.4
34611,4940,56700,280.1
34621,4936,56500,278.9
34631,4936,56700,279.9
34641,4936,56500,278.9
34651,4936,56800,280.4
34661,4892,160200,783.7
34671,4936,55900,275.9
34681,4936,57400,283.3
34691,4936,55900,275.9
34701,4936,57400,283.3
34711,4936,55900,275.9
34721,4940,57400,283.6
34731,4936,55800,275.4
34741,4936,57500,283.8
34751,4936,55800,275.4
34761,4936,57400,283.3
34771,4788,205500,983.9
34781,4936,56800,280.4
34791,4936,56600,279.4
34801,4936,56800,280.4
34811,4936,56500,278.9
34821,4936,56800,280.4
34831,4936,57200,282.3
34841,4940,56500,279.1
34851,4936,57400,283.3
34861,4936,55800,275.4
34871,4940,60200,297.4
34881,4936,55900,275.9
34891,4936,57400,283.3
34901,4936,55900,275.9
34911,4940,57400,283.6
34921,4936,55900,275.9
34931,4940,57500,284.1
34941,4936,55800,275.4
34951,4936,57300,282.8
34961,4936,56400,278.4
34971,4936,56800,280.4
34981,4804,56400,270.9
34991,4936,56800,280.4
35001,4936,56600,279.4
35011,4936,56700,279.9
35021,4936,57400,283.3
35031,4936,55800,275.4
35041,4936,57500,283.8
35051,4936,55800,275.4
35061,4936,57500,283.8
35071,4936,55900,275.9
35081,4804,143800,690.8
35091,4936,55800,275.4
35101,4940,57500,284.1
35111,4936,55800,275.4
35121,4940,57400,283.6
35131,4936,55800,275.4
35141,4940,56800,280.6
35151,4936,56400,278.4
35161,4936,56800,280.4
35171,4936,56500,278.9
35181,4808,145400,699.1
35191,4936,56500,278.9
35201,4940,56900,281.1
35211,4940,57500,284.1
35221,4936,55900,275.9
35231,4936,57500,283.8
35241,4936,55800,275.4
35251,4936,57400,283.3
35261,4936,55800,275.4
35271,4936,57500,283.8
35281,4936,127200,627.9
35291,4936,57400,283.3
35301,4936,55900,275.9
35311,4936,57400,283.3
35321,4936,55900,275.9
35331,4936,56800,280.4
35341,4936,56500,278.9
35351,4936,56800,280.4
35361,4936,56500,278.9
35371,4940,56800,280.6
35381,4936,57400,283.3
35391,4820,132000,636.2
35401,4936,57400,283.3
35411,4936,55800,275.4
35421,4936,57500,283.8
35431,4936,55800,275.4
35441,4940,57400,283.6
35451,4936,55800,275.4
35461,4940,57400,283.6
35471,4936,55800,275.4
35481,4936,57400,283.3
35491,4936,55800,275.4
35501,4788,193100,924.6
35511,4936,56500,278.9
35521,4936,57000,281.4
35531,4936,56500,278.9
35541,4936,56900,280.9
35551,4936,56500,278.9
35561,4936,56800,280.4
35571,4936,57500,283.8
35581,4936,55800,275.4
35591,4940,57500,284.1
35601,4932,97400,480.4
35611,4936,57400,283.3
35621,4936,55900,275.9
35631,4940,57500,284.1
35641,4932,55900,275.7
35651,4936,57500,283.8
35661,4936,55800,275.4
35671,4936,57400,283.3
35681,4936,55800,275.4
35691,4936,56800,280.4
35701,4936,56500,278.9
35711,4772,169000,806.5
35721,4936,56600,279.4
35731,4936,56800,280.4
35741,4936,56600,279.4
35751,4936,56800,280.4
35761,4936,57400,283.3
35771,4936,55900,275.9
35781,4940,57400,283.6
35791,4936,55900,275.9
35801,4936,57400,283.3
35811,4936,55800,275.4
35821,4716,134400,633.8
35831,4936,55800,275.4
35841,4940,57500,284.1
35851,4936,55900,275.9
35861,4936,57400,283.3
35871,4936,56000,276.4
35881,4936,56800,280.4
35891,4936,56500,278.9
35901,4936,56700,279.9
35911,4936,56500,278.9
35921,4808,189000,908.7
35931,4936,57500,283.8
35941,4936,56100,276.9
35951,4936,57500,283.8
35961,4936,55900,275.9
35971,4936,57500,283.8
35981,4936,55800,275.4
35991,4936,57500,283.8
36001,4936,55800,275.4
36011,4936,57400,283.3
36021,4936,55800,275.4
36031,4924,57400,282.6
36041,4936,55900,275.9
36051,4936,56900,280.9
36061,4936,56500,278.9
36071,4936,56800,280.4
36081,4936,56500,278.9
36091,4936,56800,280.4
36101,4936,56600,279.4
36111,4936,56800,280.4
36121,4936,57500,283.8
36131,4932,84900,418.7
36141,4936,57500,283.8
36151,4932,55800,275.2
36161,4936,57400,283.3
36171,4936,55800,275.4
36181,4940,57400,283.6
36191,4936,55800,275.4
36201,4940,57500,284.1
36212,4936,55800,275.4
36221,4936,57400,283.3
36231,4936,55800,275.4
36241,4708,134200,631.8
36251,4936,56500,278.9
36261,4936,56800,280.4
36271,4936,56500,278.9
36281,4936,56800,280.4
36291,4936,56900,280.9
36301,4936,56700,279.9
36311,4936,57500,283.8
36321,4936,55900,275.9
36331,4940,57300,283.1
36341,4808,199500,959.2
36351,4940,57400,283.6
36361,4936,55800,275.4
36371,4936,57500,283.8
36381,4936,55900,275.9
36391,4940,57400,283.6
36401,4936,55900,275.9
36411,4936,57300,282.8
36421,4936,56200,277.4
36431,4936,56800,280.4
36441,4936,56500,278.9
36451,4784,173700,831.0
36461,4936,56500,278.9
36471,4936,56800,280.4
36481,4936,57400,283.3
36491,4936,55800,275.4
36501,4936,57400,283.3
36511,4936,55800,275.4
36521,4940,57400,283.6
36531,4936,55800,275.4
36541,4936,57500,283.8
36551,4808,143700,690.9
36561,4940,57500,284.1
36571,4936,55900,275.9
36581,4936,57400,283.3
36591,4936,55800,275.4
36601,4936,56700,279.9
36611,4936,56500,278.9
36621,4936,56800,280.4
36631,4936,56500,278.9
36641,4936,56800,280.4
36651,4804,141700,680.7
36661,4936,56800,280.4
36671,4940,57500,284.1
36681,4932,55800,275.2
36691,4936,57400,283.3
36701,4936,55900,275.9
36711,4936,57400,283.3
36721,4936,55900,275.9
36731,4940,57500,284.1
36741,4936,55800,275.4
36751,4808,142600,685.6
36761,4936,55800,275.4
36771,4936,57500,283.8
36781,4936,55800,275.4
36791,4936,56800,280.4
36801,4936,56600,279.4
36811,4936,56800,280.4
36821,4936,56500,278.9
36831,4940,56800,280.6
36841,4936,57300,282.8
36851,4936,56300,277.9
36861,4808,143500,689.9
36871,4936,55900,275.9
36881,4936,57400,283.3
36891,4936,55900,275.9
36901,4936,57400,283.3
36911,4936,55800,275.4
36921,4940,57400,283.6
36931,4936,55800,275.4
36941,4936,57400,283.3
36951,4936,55800,275.4
36961,4936,57100,281.8
36971,4820,206500,995.3
36981,4940,57100,282.1
36991,4936,56500,278.9
37001,4936,56800,280.4
37011,4936,56500,278.9
37021,4936,56800,280.4
37031,4936,57400,283.3
37041,4936,55800,275.4
37051,4936,57400,283.3
37061,4936,55900,275.9
37071,4808,143800,691.4
37081,4936,55800,275.4
37091,4936,57500,283.8
37101,4936,55800,275.4
37111,4936,57500,283.8
37121,4936,55800,275.4
37131,4940,57400,283.6
37141,4936,55800,275.4
37151,4936,56800,280.4
37161,4936,56500,278.9
37171,4936,56900,280.9
37181,4820,202000,973.6
37191,4936,56800,280.4
37201,4936,56600,279.4
37211,4936,56800,280.4
37221,4936,57500,283.8
37231,4936,55800,275.4
37241,4936,57500,283.8
37251,4936,55800,275.4
37261,4936,57400,283.3
37271,4936,55900,275.9
37281,4940,57400,283.6
37291,4752,80300,381.6
37301,4936,57400,283.3
37311,4936,55800,275.4
37321,4940,57400,283.6
37331,4936,55900,275.9
37341,4936,56700,279.9
37351,4936,56500,278.9
37361,4936,56700,279.9
37371,4936,56500,278.9
37381,4936,56800,280.4
37391,4824,209500,1010.6
37401,4936,56200,277.4
37411,4936,57400,283.3
37421,4936,55900,275.9
37431,4940,57400,283.6
37441,4936,55900,275.9
37451,4940,57400,283.6
37461,4936,55800,275.4
37471,4936,57500,283.8
37481,4936,55900,275.9
37491,4808,142200,683.7
37501,4936,55900,275.9
37511,4936,57000,281.4
37521,4936,56500,278.9
37531,4936,56900,280.9
37541,4936,56500,278.9
37551,4936,56800,280.4
37561,4936,56400,278.4
37571,4936,56800,280.4
37581,4940,57400,283.6
37591,4936,55900,275.9
37601,4712,133800,630.5
37611,4936,55800,275.4
37621,4940,57500,284.1
37631,4936,55900,275.9
37641,4936,57400,283.3
37651,4936,55900,275.9
37661,4936,57400,283.3
37671,4936,55900,275.9
37681,4936,57400,283.3
37691,4936,55800,275.4
37701,4936,59600,294.2
37711,4936,56400,278.4
37721,4936,56900,280.9
37731,4936,56500,278.9
37741,4936,56800,280.4
37751,4936,56700,279.9
37761,4936,56800,280.4
37771,4936,57400,283.3
37781,4936,55800,275.4
37791,4936,57400,283.3
37801,4936,55800,275.4
37811,4804,142200,683.1
37821,4936,55900,275.9
37831,4936,57500,283.8
37841,4936,55800,275.4
37851,4940,57500,284.1
37861,4936,55800,275.4
37871,4936,57500,283.8
37881,4936,55900,275.9
37891,4936,56800,280.4
37901,4936,56500,278.9
37912,4936,56800,280.4
37921,4804,141800,681.2
37931,4936,56800,280.4
37941,4936,57500,283.8
37951,4936,55900,275.9
37961,4940,57400,283.6
37971,4932,55800,275.2
37981,4936,57400,283.3
37991,4936,55800,275.4
38001,4936,57400,283.3
38011,4936,55800,275.4
38021,4936,57400,283.3
38031,4816,190000,915.0
38041,4936,57500,283.8
38051,4936,55800,275.4
38061,4936,56800,280.4
38071,4936,56500,278.9
38081,4936,56700,279.9
38091,4936,56400,278.4
38101,4936,56800,280.4
38111,4936,56400,278.4
38121,4936,56800,280.4
38131,4904,158100,775.3
38141,4936,55900,275.9
38151,4936,57500,283.8
38161,4932,55900,275.7
38171,4936,57400,283.3
38181,4936,55800,275.4
38191,4936,57500,283.8
38201,4936,55800,275.4
38211,4940,57400,283.6
38221,4936,55800,275.4
38231,4820,149100,718.7
38241,4936,55900,275.9
38251,4936,56800,280.4
38261,4936,56500,278.9
38271,4936,56800,280.4
38281,4936,56500,278.9
38291,4936,56800,280.4
38301,4936,57000,281.4
38311,4936,56600,279.4
38321,4940,57500,284.1
38331,4936,55800,275.4
38341,4824,215500,1039.6
38351,4936,55900,275.9
38361,4936,57400,283.3
38371,4936,55800,275.4
38381,4936,57400,283.3
38391,4936,55800,275.4
38401,4936,57500,283.8
38411,4936,55800,275.4
38421,4936,57400,283.3
38431,4936,56300,277.9
38441,4936,57200,282.3
38451,4800,56500,271.2
38461,4936,56800,280.4
38471,4936,56500,278.9
38481,4936,56700,279.9
38491,4936,57400,283.3
38501,4936,55800,275.4
38511,4940,57400,283.6
38521,4936,55900,275.9
38531,4936,57400,283.3
38541,4936,55800,275.4
38551,4940,60600,299.4
38561,4936,55700,274.9
38571,4936,57500,283.8
38581,4936,55900,275.9
38591,4940,57400,283.6
38601,4936,55900,275.9
38611,4936,56700,279.9
38621,4936,56500,278.9
38631,4936,56800,280.4
38641,4936,56400,278.4
38651,4936,56800,280.4
38661,4808,56500,271.7
38671,4936,56800,280.4
38681,4936,57400,283.3
38691,4936,55900,275.9
38701,4940,57400,283.6
38711,4936,55800,275.4
38721,4940,57400,283.6
38731,4936,55800,275.4
38741,4940,57400,283.6
38751,4936,55800,275.4
38761,4840,152100,736.2
38771,4932,55900,275.7
38781,4940,57400,283.6
38791,4936,55800,275.4
38801,4936,56800,280.4
38811,4936,56500,278.9
38821,4936,56700,279.9
38831,4936,56600,279.4
38841,4936,56800,280.4
38851,4936,57300,282.8
38861,4936,56300,277.9
38871,4940,57500,284.1
38881,4936,55800,275.4
38891,4940,57400,283.6
38901,4936,55900,275.9
38911,4940,57500,284.1
38921,4936,55900,275.9
38931,4940,57400,283.6
38941,4936,55800,275.4
38951,4940,57400,283.6
38961,4936,55800,275.4
38971,4808,142300,684.2
38981,4936,56500,278.9
38991,4936,57200,282.3
39001,4936,56500,278.9
39011,4936,56800,280.4
39021,4936,56600,279.4
39031,4936,56800,280.4
39041,4936,57400,283.3
39051,4936,55900,275.9
39061,4940,57400,283.6
39071,4928,84400,415.9
39081,4936,57500,283.8
39091,4936,55900,275.9
39101,4936,57400,283.3
39111,4936,55800,275.4
39121,4936,57500,283.8
39131,4936,55800,275.4
39141,4940,57400,283.6
39151,4936,55800,275.4
39161,4936,56800,280.4
39171,4936,56500,278.9
39181,4780,134600,643.4
39191,4936,56500,278.9
39201,4936,56800,280.4
39211,4936,56600,279.4
39221,4936,56800,280.4
39231,4940,57400,283.6
39241,4936,55800,275.4
39251,4940,57500,284.1
39261,4936,55800,275.4
39271,4936,57400,283.3
39281,4808,200000,961.6
39291,4936,57400,283.3
39301,4936,55900,275.9
39311,4940,57400,283.6
39321,4936,55900,275.9
39331,4936,57500,283.8
39341,4936,55900,275.9
39351,4936,56800,280.4
39361,4936,56500,278.9
39371,4936,56700,279.9
39381,4808,140500,675.5
39391,4936,56800,280.4
39401,4936,57400,283.3
39411,4936,56100,276.9
39421,4936,57400,283.3
39431,4936,55900,275.9
39441,4936,57400,283.3
39451,4936,55800,275.4
39461,4936,57400,283.3
39471,4936,55800,275.4
39481,4936,57400,283.3
39491,4804,145200,697.5
39501,4936,57500,283.8
39511,4936,55800,275.4
39521,4936,57000,281.4
39531,4936,56600,279.4
39541,4936,56900,280.9
39551,4936,56500,278.9
39561,4936,56800,280.4
39571,4936,56500,278.9
39581,4940,56800,280.6
39591,4936,60600,299.1
39601,4936,55900,275.9
39612,4936,57400,283.3
39621,4936,55800,275.4
39631,4936,57500,283.8
39641,4936,55900,275.9
39651,4936,57400,283.3
39661,4936,55800,275.4
39671,4936,57400,283.3
39681,4932,55800,275.2
39691,4936,57400,283.3
39701,4776,68000,324.8
39711,4936,56800,280.4
39721,4936,56500,278.9
39731,4936,56800,280.4
39741,4936,56500,278.9
39751,4936,56800,280.4
39761,4936,56800,280.4
39771,4936,56700,279.9
39781,4936,57400,283.3
39791,4936,55800,275.4
39801,4936,60400,298.1
39811,4936,55800,275.4
39821,4936,57500,283.8
39831,4936,55900,275.9
39841,4936,57400,283.3
39851,4936,55800,275.4
39861,4936,57400,283.3
39871,4936,55800,275.4
39881,4936,57400,283.3
39891,4936,56000,276.4
39901,4936,57400,283.3
39911,4932,144500,712.7
39921,4936,56800,280.4
39931,4936,56500,278.9
39941,4940,56800,280.6
39951,4936,57600,284.3
39961,4936,55900,275.9
39971,4940,57400,283.6
39981,4936,55800,275.4
39991,4936,57400,283.3
40001,4936,55800,275.4
40011,4940,57400,283.6
40021,4820,133400,643.0
40031,4936,57500,283.8
40041,4936,55800,275.4
40051,4936,57400,283.3
40061,4936,55900,275.9
40071,4936,56700,279.9
40081,4936,56500,278.9
40091,4936,56700,279.9
40101,4936,56500,278.9
40111,4936,56800,280.4
40121,4820,201500,971.2
40131,4936,56800,280.4
40141,4936,57400,283.3
40151,4936,55900,275.9
40161,4936,57400,283.3
40171,4936,55900,275.9
40181,4940,57400,283.6
40191,4936,55700,274.9
40201,4936,57500,283.8
40211,4936,55800,275.4
40221,4752,158300,752.2
40231,4936,55800,275.4
40241,4940,57500,284.1
40251,4936,55800,275.4
40261,4936,56800,280.4
40271,4936,56500,278.9
40281,4936,56800,280.4
40291,4936,56500,278.9
40301,4936,56900,280.9
40311,4936,57000,281.4
40321,4936,56500,278.9
40331,4936,57400,283.3
40341,4936,55800,275.4
40351,4936,57500,283.8
40361,4936,55800,275.4
40371,4936,57400,283.3
40381,4936,55900,275.9
40391,4936,57400,283.3
40401,4936,55800,275.4
40411,4940,57400,283.6
40421,4936,55800,275.4
40431,4804,142300,683.6
40441,4936,56200,277.4
40451,4936,57400,283.3
40461,4936,56500,278.9
40471,4936,56800,280.4
40481,4936,56500,278.9
40491,4940,56800,280.6
40501,4936,57400,283.3
40511,4936,55800,275.4
40521,4940,57500,284.1
40531,4936,55800,275.4
40541,4712,131400,619.2
40551,4936,55800,275.4
40561,4936,57400,283.3
40571,4936,55800,275.4
40581,4936,57400,283.3
40591,4936,55800,275.4
40601,4936,57500,283.8
40611,4936,55900,275.9
40621,4936,56800,280.4
40631,4936,56500,278.9
40641,4808,142000,682.7
40651,4936,56500,278.9
40661,4936,56800,280.4
40671,4936,56500,278.9
40681,4936,56800,280.4
40691,4940,57400,283.6
40701,4936,55900,275.9
40711,4936,57500,283.8
40721,4936,55900,275.9
40731,4940,57400,283.6
40741,4936,55900,275.9
40751,4872,158100,770.3
40761,4936,55800,275.4
40771,4936,57400,283.3
40781,4936,55800,275.4
40791,4936,57400,283.3
40801,4936,55800,275.4
40811,4936,56800,280.4
40821,4936,56400,278.4
40831,4936,56800,280.4
40841,4936,56400,278.4
40851,4936,56800,280.4
40861,4936,57300,282.8
40871,4936,56400,278.4
40881,4940,57500,284.1
40891,4936,55800,275.4
40901,4936,57500,283.8
40911,4936,55800,275.4
40921,4936,57400,283.3
40931,4936,55800,275.4
40941,4936,57400,283.3
40951,4936,55800,275.4
40961,4848,155100,751.9
40971,4936,55800,275.4
40981,4940,57300,283.1
40991,4936,56400,278.4
41001,4936,57100,281.8
41011,4936,56500,278.9
41021,4936,56700,279.9
41031,4936,56500,278.9
41041,4936,56800,280.4
41051,4936,57400,283.3
41061,4936,55800,275.4
41071,4828,209900,1013.4
41081,4936,55800,275.4
41091,4936,57400,283.3
41101,4936,55800,275.4
41111,4936,57400,283.3
41121,4936,55800,275.4
41131,4936,57500,283.8
41141,4936,55800,275.4
41151,4940,57500,284.1
41161,4936,55900,275.9
41171,4712,133000,626.7
41181,4936,56500,278.9
41191,4936,56800,280.4
41201,4936,56500,278.9
41211,4936,56800,280.4
41221,4936,56600,279.4
41231,4936,56800,280.4
41241,4936,57500,283.8
41251,4936,55800,275.4
41261,4936,57400,283.3
41271,4796,137300,658.5
41281,4940,57500,284.1
41291,4936,55800,275.4
41301,4936,57400,283.3
41312,4936,55900,275.9
41321,4936,57400,283.3
41331,4936,55900,275.9
41341,4936,57500,283.8
41351,4936,55900,275.9
41361,4936,57400,283.3
41371,4936,56500,278.9
41381,4788,138200,661.7
41391,4936,56500,278.9
41401,4936,56800,280.4
41411,4936,57400,283.3
41421,4936,56000,276.4
41431,4936,57400,283.3
41441,4936,55800,275.4
41451,4936,57500,283.8
41461,4936,55800,275.4
41471,4936,57500,283.8
41481,4936,55900,275.9
41491,4820,211000,1017.0
41501,4936,55900,275.9
41511,4936,57400,283.3
41521,4936,55800,275.4
41531,4936,56900,280.9
41541,4936,56600,279.4
41551,4936,56800,280.4
41561,4936,56500,278.9
41571,4936,56800,280.4
41581,4936,56500,278.9
41591,4936,56800,280.4
41601,4812,57400,276.2
41611,4936,55900,275.9
41621,4936,57400,283.3
41631,4936,55800,275.4
41641,4940,57500,284.1
41651,4936,55800,275.4
41661,4936,57400,283.3
41671,4936,55800,275.4
41681,4936,57500,283.8
41691,4936,55800,275.4
41701,4900,57500,281.8
41711,4936,55800,275.4
41721,4936,56800,280.4
41731,4936,56500,278.9
41741,4936,56900,280.9
41751,4936,56500,278.9
41761,4936,56700,279.9
41771,4936,56800,280.4
41781,4936,56700,279.9
41791,4940,57400,283.6
41801,4936,55900,275.9
41811,4940,57400,283.6
41821,4936,55900,275.9
41831,4940,57400,283.6
41841,4936,55800,275.4
41851,4936,57500,283.8
41861,4936,55800,275.4
41871,4940,57400,283.6
41881,4936,55800,275.4
41891,4940,57400,283.6
41901,4936,56100,276.9
41911,4820,138500,667.6
41921,4936,56500,278.9
41931,4936,56700,279.9
41941,4936,56500,278.9
41951,4936,56800,280.4
41961,4936,57400,283.3
41971,4936,55800,275.4
41981,4936,57400,283.3
41991,4936,55900,275.9
42001,4940,57400,283.6
42011,4796,141200,677.2
42021,4936,57400,283.3
42031,4936,55900,275.9
42041,4936,57500,283.8
42051,4936,55900,275.9
42061,4936,57500,283.8
42071,4936,55900,275.9
42081,4940,56800,280.6
42091,4936,56500,278.9
42101,4936,56800,280.4
42111,4936,56400,278.4
42121,4744,150100,712.1
42131,4936,56400,278.4
42141,4936,56700,279.9
42151,4936,57500,283.8
42161,4936,55900,275.9
42171,4940,57400,283.6
42181,4936,55800,275.4
42191,4936,57400,283.3
42201,4936,55800,275.4
42211,4936,57500,283.8
42221,4808,200800,965.4
42231,4936,57500,283.8
42241,4936,55900,275.9
42251,4936,57500,283.8
42261,4936,55800,275.4
42271,4936,57400,283.3
42281,4936,56500,278.9
42291,4936,56800,280.4
42301,4936,56600,279.4
42311,4936,56800,280.4
42321,4776,170400,813.8
42331,4936,56600,279.4
42341,4940,57500,284.1
42351,4936,55800,275.4
42361,4936,57400,283.3
42371,4936,55800,275.4
42381,4936,57500,283.8
42391,4936,55900,275.9
42401,4936,57400,283.3
42411,4936,55800,275.4
42421,4936,57400,283.3
42431,4740,86100,408.1
42441,4940,57400,283.6
42451,4936,56400,278.4
42461,4936,57300,282.8
42471,4936,56500,278.9
42481,4936,56900,280.9
42491,4936,56500,278.9
42501,4936,56800,280.4
42511,4936,57400,283.3
42521,4936,55800,275.4
42531,4936,60200,297.1
42541,4936,55800,275.4
42551,4936,57400,283.3
42561,4936,55900,275.9
42571,4936,57400,283.3
42581,4936,55800,275.4
42591,4940,57400,283.6
42601,4936,55800,275.4
42611,4936,57500,283.8
42621,4936,55900,275.9
42631,4936,56800,280.4
42641,4808,140700,676.5
42651,4936,56800,280.4
42661,4936,56500,278.9
42671,4936,56800,280.4
42681,4936,56500,278.9
42691,4936,56800,280.4
42701,4936,57500,283.8
42711,4936,55800,275.4
42721,4936,57400,283.3
42731,4936,55900,275.9
42741,4936,57400,283.3
42751,4804,145800,700.4
42761,4940,57400,283.6
42771,4936,55800,275.4
42781,4936,57500,283.8
42791,4936,55800,275.4
42801,4936,57500,283.8
42811,4936,55800,275.4
42821,4936,57500,283.8
42831,4936,56500,278.9
42841,4936,56800,280.4
42851,4804,143200,687.9
42861,4936,56800,280.4
42871,4936,57300,282.8
42881,4936,56300,277.9
42891,4940,57400,283.6
42901,4936,55900,275.9
42911,4936,57400,283.3
42921,4936,55800,275.4
42931,4936,57500,283.8
42941,4936,55900,275.9
42951,4936,57400,283.3
42961,4808,144100,692.8
42971,4940,57500,284.1
42981,4936,55900,275.9
42991,4936,57100,281.8
43001,4936,56600,279.4
43012,4936,56800,280.4
43021,4936,56400,278.4
43031,4936,56800,280.4
43041,4936,56500,278.9
43051,4936,56800,280.4
43061,4936,57500,283.8
43071,4932,55800,275.2
43081,4940,57500,284.1
43091,4936,55900,275.9
43101,4936,57300,282.8
43111,4936,55900,275.9
43121,4936,57400,283.3
43131,4936,55800,275.4
43141,4936,57400,283.3
43151,4936,55900,275.9
43161,4940,57400,283.6
43171,4808,199200,957.8
43181,4936,57000,281.4
43191,4936,56500,278.9
43201,4936,56800,280.4
43211,4936,56500,278.9
43221,4936,56800,280.4
43231,4936,56700,279.9
43241,4936,56800,280.4
43251,4940,57500,284.1
43261,4936,55800,275.4
43271,4940,57400,283.6
43281,4692,127200,596.8
43291,4940,57500,284.1
43301,4936,55900,275.9
43311,4936,57400,283.3
43321,4932,55800,275.2
43331,4936,57400,283.3
43341,4936,55800,275.4
43351,4936,57400,283.3
43361,4936,55900,275.9
43371,4936,57400,283.3
43381,4808,144600,695.2
43391,4936,56800,280.4
43401,4936,56500,278.9
43411,4936,56800,280.4
43421,4936,57500,283.8
43431,4936,55900,275.9
43441,4940,57400,283.6
43451,4936,55900,275.9
43461,4940,57400,283.6
43471,4936,55800,275.4
43481,4940,57500,284.1
43491,4820,141100,680.1
43501,4940,57500,284.1
43511,4936,55900,275.9
43521,4936,57400,283.3
43531,4936,55800,275.4
43541,4936,56900,280.9
43551,4936,56500,278.9
43561,4936,56700,279.9
43571,4936,56500,278.9
43581,4936,56800,280.4
43591,4808,141400,679.9
43601,4936,56800,280.4
43611,4936,57500,283.8
43621,4936,55900,275.9
43631,4936,57400,283.3
43641,4936,55800,275.4
43651,4936,57600,284.3
43661,4932,55800,275.2
43671,4936,57500,283.8
43681,4936,55900,275.9
43691,4936,60200,297.1
43701,4936,55800,275.4
43711,4940,57500,284.1
43721,4936,55800,275.4
43731,4936,57400,283.3
43741,4936,56500,278.9
43751,4936,56900,280.9
43761,4936,56500,278.9
43771,4936,56800,280.4
43781,4936,57000,281.4
43791,4936,56600,279.4
43801,4764,165100,786.5
43811,4936,55900,275.9
43821,4936,57400,283.3
43831,4936,55900,275.9
43841,4936,57400,283.3
43851,4936,55900,275.9
43861,4936,57400,283.3
43871,4936,55800,275.4
43881,4936,57500,283.8
43891,4932,55800,275.2
43901,4720,138600,654.2
43911,4936,56100,276.9
43921,4936,57400,283.3
43931,4936,56500,278.9
43941,4936,56800,280.4
43951,4936,56500,278.9
43961,4936,56800,280.4
43971,4936,57400,283.3
43981,4936,55900,275.9
43991,4936,57500,283.8
44001,4808,144200,693.3
44011,4936,57500,283.8
44021,4932,55800,275.2
44031,4936,57500,283.8
44041,4936,55800,275.4
44051,4936,57500,283.8
44061,4936,55900,275.9
44071,4936,57400,283.3
44081,4936,55800,275.4
44091,4940,56600,279.6
44101,4936,56500,278.9
44111,4828,136000,656.6
44121,4936,56400,278.4
44131,4936,56900,280.9
44141,4936,56500,278.9
44151,4936,56800,280.4
44161,4936,57500,283.8
44171,4936,55800,275.4
44181,4936,57500,283.8
44191,4936,55900,275.9
44201,4936,57500,283.8
44211,4792,141300,677.1
44221,4940,57400,283.6
44231,4936,55900,275.9
44241,4936,57400,283.3
44251,4936,55900,275.9
44261,4936,57500,283.8
44271,4936,55900,275.9
44281,4936,57400,283.3
44291,4936,56500,278.9
44301,4936,56800,280.4
44311,4808,141500,680.3
44321,4936,56800,280.4
44331,4936,57200,282.3
44341,4936,56400,278.4
44351,4936,57400,283.3
44361,4936,55900,275.9
44371,4936,57400,283.3
44381,4936,55900,275.9
44391,4936,57500,283.8
44401,4936,55800,275.4
44411,4936,57400,283.3
44421,4820,135800,654.6
44431,4936,57500,283.8
44441,4936,55800,275.4
44451,4936,57300,282.8
44461,4936,56300,277.9
44471,4936,57100,281.8
44481,4936,56600,279.4
44491,4940,56800,280.6
44501,4936,56500,278.9
44511,4936,56800,280.4
44521,4804,141300,678.8
44531,4936,55900,275.9
44541,4936,57500,283.8
44551,4936,55900,275.9
44561,4940,57500,284.1
44571,4936,55800,275.4
44581,4936,57500,283.8
44591,4936,55900,275.9
44601,4936,57400,283.3
44611,4936,55800,275.4
44621,4936,57400,283.3
44631,4808,196200,943.3
44641,4936,56800,280.4
44651,4936,56500,278.9
44661,4936,56800,280.4
44671,4936,56500,278.9
44681,4940,56800,280.6
44691,4936,56500,278.9
44701,4936,56800,280.4
44712,4936,57400,283.3
44721,4936,55800,275.4
44731,4936,57500,283.8
44741,4816,182200,877.5
44751,4936,57500,283.8
44761,4936,55800,275.4
44771,4936,57400,283.3
44781,4936,55900,275.9
44791,4940,57300,283.1
44801,4936,55800,275.4
44811,4936,57500,283.8
44821,4936,55900,275.9
44831,4936,57400,283.3
44841,4936,56400,278.4
44851,4708,136500,642.6
44861,4936,56500,278.9
44871,4936,56800,280.4
44881,4936,57400,283.3
44891,4936,56000,276.4
44901,4936,57400,283.3
44911,4936,55800,275.4
44921,4940,57400,283.6
44931,4936,55800,275.4
44941,4940,57500,284.1
44951,4804,144300,693.2
44961,4936,57500,283.8
44971,4936,55800,275.4
44981,4940,57500,284.1
44991,4936,55800,275.4
45001,4940,56900,281.1
45011,4936,56500,278.9
45021,4936,56800,280.4
45031,4936,56500,278.9
45041,4936,56800,280.4
45051,4808,141800,681.8
45061,4936,56800,280.4
45071,4936,57400,283.3
45081,4936,55900,275.9
45091,4936,57500,283.8
45101,4936,55900,275.9
45111,4936,57400,283.3
45121,4936,55800,275.4
45131,4936,57500,283.8
45141,4936,55800,275.4
45151,4884,159500,779.0
45161,4936,55900,275.9
45171,4940,57400,283.6
45181,4936,55900,275.9
45191,4936,57400,283.3
45201,4936,56500,278.9
45211,4936,56800,280.4
45221,4936,56500,278.9
45231,4936,56800,280.4
45241,4936,56800,280.4
45251,4940,56700,280.1
45261,4764,173300,825.6
45271,4936,55800,275.4
45281,4940,57500,284.1
45291,4936,55800,275.4
45301,4936,57500,283.8
45311,4936,55800,275.4
45321,4936,57400,283.3
45331,4932,55800,275.2
45341,4936,57400,283.3
45351,4936,55800,275.4
45361,4804,143800,690.8
45371,4932,56000,276.2
45381,4936,57400,283.3
45391,4936,56500,278.9
45401,4936,56800,280.4
45411,4936,56500,278.9
45421,4936,56800,280.4
45431,4936,57500,283.8
45441,4936,55800,275.4
45451,4936,57500,283.8
45461,4936,55900,275.9
45471,4756,199100,946.9
45481,4936,55800,275.4
45491,4940,57400,283.6
45501,4932,55900,275.7
45511,4936,57500,283.8
45521,4936,55800,275.4
45531,4936,57500,283.8
45541,4936,55800,275.4
45551,4940,56700,280.1
45561,4936,56500,278.9
45571,4800,143900,690.7
45581,4936,56600,279.4
45591,4936,56800,280.4
45601,4936,56500,278.9
45611,4936,56800,280.4
45621,4936,57500,283.8
45631,4936,55900,275.9
45641,4936,57500,283.8
45651,4936,55800,275.4
45661,4940,57500,284.1
45671,4936,55900,275.9
45681,4840,57500,278.3
45691,4936,55800,275.4
45701,4936,57400,283.3
45711,4936,55800,275.4
45721,4936,57400,283.3
45731,4936,55800,275.4
45741,4936,57400,283.3
45751,4936,56500,278.9
45761,4936,56800,280.4
45771,4936,56400,278.4
45781,4784,141300,676.0
45791,4936,57000,281.4
45801,4936,56600,279.4
45811,4936,57400,283.3
45821,4936,55900,275.9
45831,4936,57400,283.3
45841,4936,55900,275.9
45851,4940,57400,283.6
45861,4936,55800,275.4
45871,4936,57400,283.3
45881,4936,55800,275.4
45891,4812,213900,1029.3
45901,4936,55900,275.9
45911,4936,57400,283.3
45921,4936,56300,277.9
45931,4936,57300,282.8
45941,4936,56500,278.9
45951,4936,56800,280.4
45961,4936,56600,279.4
45971,4936,56800,280.4
45981,4936,57400,283.3
45991,4936,55800,275.4
46001,4820,175200,844.5
46011,4936,55800,275.4
46021,4940,57400,283.6
46031,4936,55900,275.9
46041,4936,57400,283.3
46051,4936,55800,275.4
46061,4936,57400,283.3
46071,4936,55800,275.4
46081,4936,57400,283.3
46091,4936,55800,275.4
46101,4804,141200,678.3
46111,4936,56400,278.4
46121,4936,56800,280.4
46131,4936,56500,278.9
46141,4936,56800,280.4
46151,4936,56500,278.9
46161,4936,56800,280.4
46171,4936,57400,283.3
46181,4936,55900,275.9
46191,4936,57400,283.3
46201,4808,143300,689.0
46211,4936,57400,283.3
46221,4936,55900,275.9
46231,4936,57500,283.8
46241,4936,55800,275.4
46251,4940,57500,284.1
46261,4936,55800,275.4
46271,4940,57400,283.6
46281,4936,55900,275.9
46291,4936,57400,283.3
46301,4936,56400,278.4
46311,4936,56800,280.4
46321,4936,56500,278.9
46331,4936,56800,280.4
46341,4936,57300,282.8
46351,4936,56200,277.4
46361,4936,57400,283.3
46371,4936,55800,275.4
46381,4936,57500,283.8
46391,4936,55800,275.4
46401,4936,57400,283.3
46412,4776,141300,674.8
46421,4936,57400,283.3
46431,4936,55900,275.9
46441,4936,57400,283.3
46451,4936,55800,275.4
46461,4936,57000,281.4
46471,4936,56500,278.9
46481,4936,56900,280.9
46491,4936,56500,278.9
46501,4936,56800,280.4
46511,4936,56500,278.9
46521,4700,148600,698.4
46531,4936,57400,283.3
46541,4936,55800,275.4
46551,4936,57400,283.3
46561,4936,55900,275.9
46571,4940,57300,283.1
46581,4936,55900,275.9
46591,4940,57400,283.6
46601,4936,55800,275.4
46611,4936,57400,283.3
46621,4936,55900,275.9
46631,4936,57400,283.3
46641,4936,55900,275.9
46651,4936,57500,283.8
46661,4936,56400,278.4
46671,4936,56800,280.4
46681,4936,56500,278.9
46691,4936,56800,280.4
46701,4936,56700,279.9
46711,4936,56700,279.9
46721,4936,57400,283.3
46731,4732,137300,649.7
46741,4936,57400,283.3
46751,4936,55800,275.4
46761,4936,57400,283.3
46771,4936,55800,275.4
46781,4940,57400,283.6
46791,4936,55800,275.4
46801,4940,57400,283.6
46811,4936,55900,275.9
46821,4940,57400,283.6
46831,4936,56000,276.4
46841,4936,57500,283.8
46851,4936,56500,278.9
46861,4936,56800,280.4
46871,4936,56500,278.9
46881,4936,56800,280.4
46891,4936,57400,283.3
46901,4936,55900,275.9
46911,4936,57400,283.3
46921,4936,55800,275.4
46931,4940,57400,283.6
46941,4816,131800,634.7
46951,4936,57500,283.8
46961,4936,55900,275.9
46971,4940,57400,283.6
46981,4936,55800,275.4
46991,4936,57400,283.3
47001,4936,55800,275.4
47011,4936,56700,279.9
47021,4936,56500,278.9
47031,4936,56700,279.9
47041,4936,56500,278.9
47051,4824,138000,665.7
47061,4936,56500,278.9
47071,4936,56800,280.4
47081,4940,57400,283.6
47091,4936,55800,275.4
47101,4936,57400,283.3
47111,4936,55900,275.9
47121,4936,57400,283.3
47131,4936,55800,275.4
47141,4940,57400,283.6
47151,4936,55900,275.9
47161,4820,216300,1042.6
47171,4936,55800,275.4
47181,4936,57500,283.8
47191,4936,55900,275.9
47201,4936,57400,283.3
47211,4936,56500,278.9
47221,4936,56800,280.4
47231,4936,56500,278.9
47241,4936,56800,280.4
47251,4936,57100,281.8
47261,4932,58500,288.5
47271,4940,57500,284.1
47281,4936,55800,275.4
47291,4936,57400,283.3
47301,4932,55800,275.2
47311,4936,57500,283.8
47321,4936,55800,275.4
47331,4940,57500,284.1
47341,4936,55800,275.4
47351,4936,57400,283.3
47361,4936,55800,275.4
47371,4716,137700,649.4
47381,4936,56300,277.9
47391,4936,57300,282.8
47401,4936,56500,278.9
47411,4936,56900,280.9
47421,4936,56500,278.9
47431,4936,56800,280.4
47441,4936,57400,283.3
47451,4936,55800,275.4
47461,4936,57400,283.3
47471,4936,55800,275.4
47481,4816,204700,985.8
47491,4936,55900,275.9
47501,4936,57400,283.3
47511,4936,55800,275.4
47521,4940,57400,283.6
47531,4936,55900,275.9
47541,4940,57400,283.6
47551,4936,55800,275.4
47561,4936,57400,283.3
47571,4936,56500,278.9
47581,4936,56800,280.4
47591,4808,193800,931.8
47601,4936,56800,280.4
47611,4936,56400,278.4
47621,4940,56800,280.6
47631,4936,57500,283.8
47641,4936,55800,275.4
47651,4936,57400,283.3
47661,4936,55800,275.4
47671,4936,57400,283.3
47681,4936,55900,275.9
47691,4804,142600,685.1
47701,4936,55800,275.4
47711,4936,57500,283.8
47721,4936,55800,275.4
47731,4936,57400,283.3
47741,4936,55900,275.9
47751,4940,57400,283.6
47761,4936,56500,278.9
47771,4936,56800,280.4
47781,4936,56500,278.9
47791,4808,141100,678.4
47801,4936,57300,282.8
47811,4936,56300,277.9
47821,4936,57400,283.3
47831,4936,55900,275.9
47841,4936,57500,283.8
47851,4936,55800,275.4
47861,4936,57500,283.8
47871,4936,55800,275.4
47881,4936,57400,283.3
47891,4936,55800,275.4
47901,4936,57500,283.8
47911,4936,55900,275.9
47921,4940,57100,282.1
47931,4936,56600,279.4
47941,4936,57000,281.4
47951,4936,56400,278.4
47961,4936,56800,280.4
47971,4936,56500,278.9
47981,4936,56800,280.4
47991,4936,57400,283.3
48001,4692,148200,695.4
48011,4936,57500,283.8
48021,4936,55800,275.4
48031,4936,57500,283.8
48041,4936,55800,275.4
48051,4936,57500,283.8
48061,4936,55900,275.9
48071,4936,57400,283.3
48081,4936,55800,275.4
48091,4936,57400,283.3
48101,4932,97500,480.9
48111,4936,57500,283.8
48122,4936,56500,278.9
48131,4936,56800,280.4
48141,4936,56500,278.9
48151,4936,56800,280.4
48161,4936,56600,279.4
48171,4936,56800,280.4
48181,4936,57400,283.3
48191,4936,55900,275.9
48201,4936,57400,283.3
48211,4784,139900,669.3
48221,4936,57400,283.3
48231,4936,55800,275.4
48241,4936,57500,283.8
48251,4936,55800,275.4
48261,4936,57500,283.8
48271,4936,55800,275.4
48281,4936,57400,283.3
48291,4936,56000,276.4
48301,4936,57400,283.3
48311,4936,56600,279.4
48321,4808,141700,681.3
48331,4936,56600,279.4
48341,4940,56800,280.6
48351,4936,57400,283.3
48361,4936,55900,275.9
48371,4936,57400,283.3
48381,4932,55800,275.2
48391,4940,57400,283.6
48401,4936,55800,275.4
48411,4936,57400,283.3
48421,4936,55800,275.4
48431,4808,143100,688.0
48441,4936,55900,275.9
48451,4940,57400,283.6
48461,4936,55800,275.4
48471,4936,57400,283.3
48481,4936,56500,278.9
48491,4936,56700,279.9
48501,4936,56400,278.4
48511,4936,56800,280.4
48521,4936,56500,278.9
48531,4936,56700,279.9
48541,4804,146100,701.9
48551,4936,55800,275.4
48561,4940,57400,283.6
48571,4936,55800,275.4
48581,4936,57400,283.3
48591,4936,55800,275.4
48601,4936,57400,283.3
48611,4936,55900,275.9
48621,4936,57400,283.3
48631,4936,55800,275.4
48641,4936,57400,283.3
48651,4820,154400,744.2
48661,4936,57400,283.3
48671,4936,56500,278.9
48681,4936,56800,280.4
48691,4936,56500,278.9
48701,4936,56700,279.9
48711,4936,57100,281.8
48721,4936,56500,278.9
48731,4936,57400,283.3
48741,4936,55800,275.4
48751,4812,142300,684.7
48761,4936,55900,275.9
48771,4940,57500,284.1
48781,4936,55800,275.4
48791,4940,57400,283.6
48801,4936,55800,275.4
48811,4940,57500,284.1
48821,4936,55800,275.4
48831,4936,57300,282.8
48841,4936,56300,277.9
48851,4936,57200,282.3
48861,4808,197800,951.0
48871,4936,56800,280.4
48881,4936,56500,278.9
48891,4936,56800,280.4
48901,4936,57400,283.3
48911,4936,55800,275.4
48921,4940,57500,284.1
48931,4936,55900,275.9
48941,4940,57400,283.6
48951,4936,55900,275.9
48961,4744,150600,714.4
48971,4936,55800,275.4
48981,4940,57400,283.6
48991,4936,55900,275.9
49001,4940,57400,283.6
49011,4936,55800,275.4
49021,4940,57400,283.6
49031,4932,56400,278.2
49041,4936,56800,280.4
49051,4936,56500,278.9
49061,4936,58300,287.8
49071,4936,56500,278.9
49081,4936,56800,280.4
49091,4940,57500,284.1
49101,4936,55800,275.4
49111,4936,57500,283.8
49121,4936,55800,275.4
49131,4936,57400,283.3
49141,4936,55900,275.9
49151,4936,57500,283.8
49161,4936,55900,275.9
49171,4900,160900,788.4
49181,4936,55900,275.9
49191,4940,57400,283.6
49201,4936,55800,275.4
49211,4936,57500,283.8
49221,4936,56500,278.9
49231,4936,56800,280.4
49241,4936,56500,278.9
49251,4936,56800,280.4
49261,4936,57400,283.3
49271,4936,56100,276.9
49281,4804,189800,911.8
49291,4936,55900,275.9
49301,4936,57500,283.8
49311,4936,55900,275.9
49321,4936,57400,283.3
49331,4936,55900,275.9
49341,4936,57400,283.3
49351,4936,55800,275.4
49361,4936,57400,283.3
49371,4936,55800,275.4
49381,4712,142900,673.3
49391,4936,56500,278.9
49401,4936,57000,281.4
49411,4936,56400,278.4
49421,4936,56800,280.4
49431,4936,56500,278.9
49441,4936,56800,280.4
49451,4936,57400,283.3
49461,4936,55800,275.4
49471,4936,57400,283.3
49481,4936,55800,275.4
49491,4816,203300,979.1
49501,4936,55900,275.9
49511,4936,57400,283.3
49521,4936,55800,275.4
49531,4936,57400,283.3
49541,4936,55900,275.9
49551,4936,57400,283.3
49561,4936,55900,275.9
49571,4936,57400,283.3
49581,4936,56500,278.9
49591,4756,138300,657.8
49601,4936,56400,278.4
49611,4936,56800,280.4
49621,4936,56700,279.9
49631,4936,56700,279.9
49641,4936,57400,283.3
49651,4936,55800,275.4
49661,4940,57500,284.1
49671,4936,55800,275.4
49681,4936,57400,283.3
49691,4816,135300,651.6
49701,4940,57400,283.6
49711,4936,55900,275.9
49721,4940,57400,283.6
49731,4936,55900,275.9
49741,4936,57400,283.3
49751,4936,56100,276.9
49761,4936,57500,283.8
49771,4936,56500,278.9
49781,4936,56900,280.9
49791,4936,56500,278.9
49801,4712,138100,650.7
49811,4936,57500,283.8
49822,4936,55900,275.9
49831,4936,57400,283.3
49841,4936,55900,275.9
49851,4936,57400,283.3
49861,4936,55900,275.9
49871,4940,57400,283.6
49881,4936,55900,275.9
49891,4936,57500,283.8
49901,4792,139700,669.4
49911,4936,57400,283.3
49921,4936,55800,275.4
49931,4936,57400,283.3
49941,4936,56500,278.9
49951,4936,56700,279.9
49961,4936,56400,278.4
49971,4936,56800,280.4
49981,4936,56500,278.9
49991,4936,56800,280.4
50001,4936,57400,283.3
50011,4936,55900,275.9
50021,4940,57400,283.6
50031,4936,55800,275.4
50041,4936,57400,283.3
50051,4936,55900,275.9
50061,4940,57400,283.6
50071,4936,55900,275.9
50081,4936,57400,283.3
50091,4936,55800,275.4
50101,4940,57400,283.6
50111,4928,91500,450.9
50121,4936,57400,283.3
50131,4936,56500,278.9
50141,4936,56800,280.4
50151,4936,56400,278.4
50161,4936,56800,280.4
50171,4936,57000,281.4
50181,4936,56500,278.9
50191,4936,57400,283.3
50201,4936,55800,275.4
50211,4936,57400,283.3
50221,4780,141200,674.9
50231,4936,57400,283.3
50241,4936,55800,275.4
50251,4936,57400,283.3
50261,4936,55900,275.9
50271,4936,57400,283.3
50281,4936,55800,275.4
50291,4936,57400,283.3
50301,4936,56400,278.4
50311,4936,57200,282.3
50321,4804,141400,679.3
50331,4936,56900,280.9
50341,4936,56500,278.9
50351,4936,56800,280.4
50361,4936,57400,283.3
50371,4936,55700,274.9
50381,4936,57400,283.3
50391,4936,55800,275.4
50401,4936,57400,283.3
50411,4936,55900,275.9
50421,4920,156000,767.5
50431,4936,55900,275.9
50441,4936,57500,283.8
50451,4932,55800,275.2
50461,4936,57400,283.3
50471,4936,55800,275.4
50481,4936,57400,283.3
50491,4936,56400,278.4
50501,4936,56700,279.9
50511,4936,56600,279.4
50521,4936,56800,280.4
50531,4820,129800,625.6
50541,4936,56800,280.4
50551,4936,57400,283.3
50561,4936,55800,275.4
50571,4936,57400,283.3
50581,4936,55800,275.4
50591,4936,57400,283.3
50601,4936,55800,275.4
50611,4936,57500,283.8
50621,4936,55800,275.4
50631,4936,57400,283.3
50641,4688,124400,583.2
50651,4936,57400,283.3
50661,4936,55900,275.9
50671,4936,57500,283.8
50681,4936,56400,278.4
50691,4936,56800,280.4
50701,4936,56400,278.4
50711,4940,56800,280.6
50721,4936,57400,283.3
50731,4936,56100,276.9
50741,4808,144200,693.3
50751,4936,55900,275.9
50761,4940,57400,283.6
50771,4936,55800,275.4
50781,4936,57400,283.3
50791,4932,55800,275.2
50801,4936,57400,283.3
50811,4936,55800,275.4
50821,4940,57400,283.6
50831,4936,55900,275.9
50841,4936,57400,283.3
50851,4808,203000,976.0
50861,4936,57000,281.4
50871,4936,56500,278.9
50881,4936,56700,279.9
50891,4936,56500,278.9
50901,4936,56800,280.4
50911,4936,57400,283.3
50921,4936,55900,275.9
50931,4936,57500,283.8
50941,4936,55900,275.9
50951,4808,142800,686.6
50961,4936,55900,275.9
50971,4936,57400,283.3
50981,4936,55800,275.4
50991,4936,57400,283.3
51001,4936,55800,275.4
51011,4936,57400,283.3
51021,4936,55800,275.4
51031,4936,57500,283.8
51041,4936,56500,278.9
51051,4936,56800,280.4
51061,4812,139200,669.8
51071,4936,56800,280.4
51081,4936,56700,279.9
51091,4936,56800,280.4
51101,4936,57400,283.3
51111,4936,55800,275.4
51121,4936,57400,283.3
51131,4936,55900,275.9
51141,4940,57400,283.6
51151,4936,55800,275.4
51161,4808,142400,684.7
51171,4936,55900,275.9
51181,4936,57400,283.3
51191,4936,55900,275.9
51201,4936,57400,283.3
51211,4936,56000,276.4
51221,4936,57500,283.8
51231,4936,56400,278.4
51241,4936,56700,279.9
51251,4936,56500,278.9
51261,4936,58400,288.3
51271,4936,57400,283.3
51281,4936,55900,275.9
51291,4936,57400,283.3
51301,4936,55900,275.9
51311,4936,57500,283.8
51321,4936,55900,275.9
51331,4936,57400,283.3
51341,4936,55800,275.4
51351,4936,57400,283.3
51361,4936,55900,275.9
51371,4832,209200,1010.9
51381,4936,55900,275.9
51391,4936,57400,283.3
51401,4936,56600,279.4
51411,4936,56800,280.4
51421,4936,56500,278.9
51431,4936,56800,280.4
51441,4936,56500,278.9
51451,4936,56800,280.4
51461,4940,57400,283.6
51471,4784,141200,675.5
51481,4936,57500,283.8
51491,4936,55800,275.4
51501,4936,57400,283.3
51511,4936,55800,275.4
51525,4936,56900,280.9
51531,4936,55900,275.9
51541,4936,57500,283.8
51551,4936,55800,275.4
51561,4936,57400,283.3
51571,4936,55800,275.4
51581,4820,131900,635.8
51591,4936,56500,278.9
51601,4936,56800,280.4
51611,4936,56500,278.9
51621,4936,56800,280.4
51631,4936,57200,282.3
51641,4936,56400,278.4
51651,4936,57400,283.3
51661,4936,55900,275.9
51671,4940,57400,283.6
51681,4824,133200,642.6
51691,4936,57500,283.8
51701,4936,55900,275.9
51711,4936,57500,283.8
51721,4936,55800,275.4
51731,4936,57400,283.3
51741,4936,55800,275.4
51751,4936,57400,283.3
51761,4936,56400,278.4
51771,4936,57100,281.8
51781,4808,199700,960.2
51791,4936,56800,280.4
51801,4936,56500,278.9
51811,4936,56800,280.4
51821,4936,57500,283.8
51831,4936,55800,275.4
51841,4936,57400,283.3
51851,4936,55800,275.4
51861,4940,57400,283.6
51871,4936,55800,275.4
51881,4768,165700,790.1
51891,4936,55800,275.4
51901,4936,57400,283.3
51911,4936,55900,275.9
51921,4936,57400,283.3
51931,4936,55800,275.4
51941,4940,57400,283.6
51951,4936,56400,278.4
51961,4936,56800,280.4
51971,4936,56500,278.9
51981,4936,56800,280.4
51991,4752,82200,390.6
52001,4936,56800,280.4
52011,4936,57400,283.3
52021,4936,55800,275.4
52031,4936,57500,283.8
52041,4932,55800,275.2
52051,4940,57500,284.1
52061,4936,55900,275.9
52071,4936,57400,283.3
52081,4936,55800,275.4
52091,4808,142100,683.2
52101,4936,55800,275.4
52111,4936,57500,283.8
52121,4936,55800,275.4
52131,4936,57400,283.3
52141,4936,56500,278.9
52151,4936,56800,280.4
52161,4936,56500,278.9
52171,4936,56800,280.4
52181,4936,57400,283.3
52191,4936,56100,276.9
52201,4812,209500,1008.1
52211,4936,55800,275.4
52221,4936,57400,283.3
52231,4936,55900,275.9
52241,4940,57400,283.6
52251,4936,55800,275.4
52261,4936,57400,283.3
52271,4936,55800,275.4
52281,4936,57400,283.3
52291,4936,55900,275.9
52301,4808,150000,721.2
52311,4936,56600,279.4
52321,4936,56800,280.4
52331,4936,56500,278.9
52341,4936,56800,280.4
52351,4936,56500,278.9
52361,4936,56800,280.4
52371,4936,57400,283.3
52381,4936,55900,275.9
52391,4936,57500,283.8
52401,4928,57500,283.4
52411,4936,57400,283.3
52421,4936,55900,275.9
52431,4936,57400,283.3
52441,4936,55800,275.4
52451,4936,57500,283.8
52461,4936,55900,275.9
52471,4936,57400,283.3
52481,4936,55900,275.9
52491,4936,57400,283.3
52501,4936,56500,278.9
52511,4872,203100,989.5
52521,4936,56500,278.9
52531,4936,56800,280.4
52541,4936,56800,280.4
52551,4936,56800,280.4
52561,4936,57500,283.8
52571,4936,55900,275.9
52581,4936,57400,283.3
52591,4932,55900,275.7
52601,4940,57500,284.1
52611,4820,136100,656.0
52621,4936,57400,283.3
52631,4936,55800,275.4
52641,4940,57500,284.1
52651,4936,55800,275.4
52661,4936,57500,283.8
52671,4936,56000,276.4
52681,4936,57400,283.3
52691,4936,56500,278.9
52701,4936,56800,280.4
52711,4936,56500,278.9
52721,4712,135900,640.4
52731,4936,57500,283.8
52741,4936,55900,275.9
52751,4940,57500,284.1
52761,4936,55900,275.9
52771,4936,57400,283.3
52781,4936,55800,275.4
52791,4940,57400,283.6
52801,4936,55800,275.4
52811,4936,57400,283.3
52821,4936,55900,275.9
52831,4940,57400,283.6
52841,4936,55900,275.9
52851,4940,57400,283.6
52861,4936,56500,278.9
52871,4936,56700,279.9
52881,4936,56500,278.9
52891,4936,56800,280.4
52901,4936,56500,278.9
52911,4936,56800,280.4
52921,4936,57400,283.3
52931,4936,55900,275.9
52941,4936,57500,283.8
52951,4936,55800,275.4
52961,4936,57500,283.8
52971,4936,55800,275.4
52981,4936,57400,283.3
52991,4936,55900,275.9
53001,4940,57400,283.6
53011,4936,55800,275.4
53021,4936,60200,297.1
53031,4932,55800,275.2
53041,4936,57400,283.3
53051,4936,56400,278.4
53061,4936,56800,280.4
53071,4936,56400,278.4
53081,4936,56700,279.9
53091,4936,57200,282.3
53101,4936,56400,278.4
53111,4936,57500,283.8
53121,4936,55900,275.9
53131,4820,208200,1003.5
53141,4936,55800,275.4
53151,4936,57400,283.3
53161,4936,55900,275.9
53171,4940,57500,284.1
53181,4936,55800,275.4
53191,4936,57500,283.8
53201,4936,55900,275.9
53211,4936,57500,283.8
53222,4936,56500,278.9
53231,4716,135800,640.4
53241,4936,56500,278.9
53251,4936,56800,280.4
53261,4936,56500,278.9
53271,4936,56700,279.9
53281,4936,57400,283.3
53291,4936,55800,275.4
53301,4936,57400,283.3
53311,4936,55900,275.9
53321,4936,57400,283.3
53331,4936,55800,275.4
53341,4936,57400,283.3
53351,4936,55800,275.4
53361,4940,57400,283.6
53371,4936,55800,275.4
53381,4936,57400,283.3
53391,4932,55900,275.7
53401,4936,57400,283.3
53411,4936,56500,278.9
53421,4936,56900,280.9
53431,4936,56500,278.9
53441,4808,140900,677.4
53451,4936,56600,279.4
53461,4936,56900,280.9
53471,4940,57400,283.6
53481,4936,55800,275.4
53491,4936,57500,283.8
53501,4936,55900,275.9
53511,4936,57500,283.8
53521,4936,55800,275.4
53531,4936,57500,283.8
53541,4936,55900,275.9
53551,4804,143600,689.9
53561,4936,55900,275.9
53571,4936,57500,283.8
53581,4936,55900,275.9
53591,4936,57500,283.8
53601,4936,56500,278.9
53611,4936,56900,280.9
53621,4936,56500,278.9
53631,4936,56800,280.4
53641,4936,57400,283.3
53651,4788,141300,676.5
53661,4936,57500,283.8
53671,4936,55900,275.9
53681,4936,57400,283.3
53691,4936,55900,275.9
53701,4936,57400,283.3
53711,4936,55900,275.9
53721,4936,57400,283.3
53731,4936,55900,275.9
53741,4936,57500,283.8
53751,4936,55800,275.4
53761,4840,216800,1049.3
53771,4936,56500,278.9
53781,4936,56900,280.9
53791,4936,56500,278.9
53801,4936,56800,280.4
53811,4936,56500,278.9
53821,4936,56800,280.4
53831,4936,57400,283.3
53841,4936,55800,275.4
53851,4936,57400,283.3
53861,4708,151500,713.3
53871,4936,57400,283.3
53881,4936,55900,275.9
53891,4940,57500,284.1
53901,4936,55900,275.9
53911,4936,57400,283.3
53921,4936,55800,275.4
53931,4936,57400,283.3
53941,4936,55800,275.4
53951,4936,57400,283.3
53961,4792,142700,683.8
53971,4936,56800,280.4
53981,4936,56500,278.9
53991,4936,56800,280.4
54001,4936,56800,280.4
54011,4936,56700,279.9
54021,4940,57400,283.6
54031,4936,55800,275.4
54041,4940,57500,284.1
54051,4932,55800,275.2
54061,4936,57400,283.3
54071,4720,137600,649.5
54081,4940,57400,283.6
54091,4936,55900,275.9
54101,4936,57500,283.8
54111,4936,55900,275.9
54121,4936,57500,283.8
54131,4936,56100,276.9
54141,4936,57400,283.3
54151,4936,56500,278.9
54161,4936,56800,280.4
54171,4808,199000,956.8
54181,4936,56800,280.4
54191,4936,57500,283.8
54201,4936,55900,275.9
54211,4936,57400,283.3
54221,4936,55900,275.9
54231,4940,57400,283.6
54241,4936,55800,275.4
54251,4936,57400,283.3
54261,4936,55900,275.9
54271,4920,154600,760.6
54281,4936,55800,275.4
54291,4940,57400,283.6
54301,4936,55800,275.4
54311,4936,57500,283.8
54321,4936,56400,278.4
54331,4936,56700,279.9
54341,4936,56400,278.4
54351,4936,56800,280.4
54361,4936,56500,278.9
54371,4936,56800,280.4
54381,4808,201800,970.3
54391,4932,55900,275.7
54401,4940,57400,283.6
54411,4936,55900,275.9
54421,4940,57500,284.1
54431,4936,55800,275.4
54441,4936,57400,283.3
54451,4936,55800,275.4
54461,4936,57500,283.8
54471,4936,55800,275.4
54481,4732,144500,683.8
54491,4936,55900,275.9
54501,4936,57400,283.3
54511,4936,56500,278.9
54521,4936,56900,280.9
54531,4936,56500,278.9
54541,4936,56800,280.4
54551,4936,57200,282.3
54561,4936,56300,277.9
54571,4940,57400,283.6
54581,4932,55700,274.7
54591,4820,202900,978.0
54601,4936,55800,275.4
54611,4940,57500,284.1
54621,4936,55900,275.9
54631,4936,57500,283.8
54641,4936,55900,275.9
54651,4936,57400,283.3
54661,4936,55800,275.4
54671,4936,57400,283.3
54681,4936,56500,278.9
54691,4936,57100,281.8
54701,4692,110100,516.6
54711,4936,56800,280.4
54721,4936,56600,279.4
54731,4936,56800,280.4
54741,4936,57400,283.3
54751,4936,55900,275.9
54761,4936,57500,283.8
54771,4936,55900,275.9
54781,4936,57400,283.3
54791,4936,55900,275.9
54801,4808,142400,684.7
54811,4936,55800,275.4
54821,4936,57400,283.3
54831,4936,55800,275.4
54841,4936,57400,283.3
54851,4936,55900,275.9
54861,4936,57500,283.8
54871,4936,56400,278.4
54881,4936,56800,280.4
54891,4936,56500,278.9
54901,4936,56700,279.9
54911,4808,197900,951.5
54922,4932,55900,275.7
54931,4936,57400,283.3
54941,4936,55800,275.4
54951,4936,57500,283.8
54961,4936,55900,275.9
54971,4936,57400,283.3
54981,4936,55900,275.9
54991,4940,57500,284.1
55001,4936,55800,275.4
55011,4940,58800,290.5
55021,4936,55800,275.4
55031,4940,57500,284.1
55041,4936,56000,276.4
55051,4936,57400,283.3
55061,4936,56600,279.4
55071,4936,56800,280.4
55081,4936,56500,278.9
55091,4936,56800,280.4
55101,4936,57500,283.8
55111,4936,56000,276.4
55121,4820,193000,930.3
55131,4936,55900,275.9
55141,4936,57400,283.3
55151,4936,55800,275.4
55161,4936,57400,283.3
55171,4936,55900,275.9
55181,4940,57400,283.6
55191,4936,55900,275.9
55201,4940,57400,283.6
55211,4936,55900,275.9
55221,4728,141500,669.0
55231,4936,56500,278.9
55241,4936,56800,280.4
55251,4936,56600,279.4
55261,4936,56800,280.4
55271,4936,56500,278.9
55281,4936,56900,280.9
55291,4936,57500,283.8
55301,4936,55800,275.4
55311,4936,57500,283.8
55321,4936,55800,275.4
55331,4816,143000,688.7
55341,4936,55900,275.9
55351,4940,57500,284.1
55361,4936,55800,275.4
55371,4936,57500,283.8
55381,4936,55800,275.4
55391,4936,57500,283.8
55401,4936,55800,275.4
55411,4936,57500,283.8
55421,4936,56500,278.9
55431,4808,149700,719.8
55441,4936,56500,278.9
55451,4936,56800,280.4
55461,4936,56800,280.4
55471,4936,56700,279.9
55481,4936,57400,283.3
55491,4936,55900,275.9
55501,4936,57400,283.3
55511,4936,55800,275.4
55521,4936,57400,283.3
55531,4780,140500,671.6
55541,4936,57500,283.8
55551,4932,55900,275.7
55561,4936,57500,283.8
55571,4936,55900,275.9
55581,4936,57400,283.3
55591,4936,56200,277.4
55601,4936,57400,283.3
55611,4936,56500,278.9
55621,4936,56800,280.4
55631,4932,97600,481.4
55641,4936,56900,280.9
55651,4936,57500,283.8
55661,4936,55800,275.4
55671,4936,57500,283.8
55681,4936,55800,275.4
55691,4936,57500,283.8
55701,4936,55900,275.9
55711,4936,57400,283.3
55721,4936,55900,275.9
55731,4936,57400,283.3
55741,4824,55900,269.7
55751,4936,57400,283.3
55761,4936,55900,275.9
55771,4936,57500,283.8
55781,4936,56500,278.9
55791,4936,56800,280.4
55801,4936,56500,278.9
55811,4936,56800,280.4
55821,4936,56500,278.9
55831,4936,56800,280.4
55841,4812,137700,662.6
55851,4936,55900,275.9
55861,4936,57500,283.8
55871,4936,55800,275.4
55881,4940,57500,284.1
55891,4936,55900,275.9
55901,4936,57400,283.3
55911,4936,55900,275.9
55921,4936,57400,283.3
55931,4936,55800,275.4
55941,4812,168000,808.4
55951,4936,55900,275.9
55961,4936,57400,283.3
55971,4936,56500,278.9
55981,4936,56700,279.9
55991,4936,56500,278.9
56001,4936,56800,280.4
56011,4936,57300,282.8
56021,4940,56200,277.6
56031,4936,57400,283.3
56041,4808,141300,679.4
56051,4940,57400,283.6
56061,4936,55900,275.9
56071,4936,57400,283.3
56081,4936,55800,275.4
56091,4936,57400,283.3
56101,4936,55800,275.4
56111,4936,57400,283.3
56121,4936,55800,275.4
56131,4936,57400,283.3
56141,4936,56500,278.9
56151,4824,138100,666.2
56161,4936,56500,278.9
56171,4936,56800,280.4
56181,4936,56500,278.9
56191,4936,56800,280.4
56201,4936,57400,283.3
56211,4936,55800,275.4
56221,4936,57400,283.3
56231,4936,55900,275.9
56241,4936,57500,283.8
56251,4780,140300,670.6
56261,4936,57400,283.3
56271,4936,55900,275.9
56281,4936,57500,283.8
56291,4936,55800,275.4
56301,4940,57400,283.6
56311,4936,55800,275.4
56321,4940,57400,283.6
56331,4936,56500,278.9
56341,4936,56900,280.9
56351,4936,56500,278.9
56361,4812,207100,996.6
56371,4936,56600,279.4
56381,4936,56800,280.4
56391,4940,57400,283.6
56401,4936,55800,275.4
56411,4936,57400,283.3
56421,4936,55900,275.9
56431,4936,57400,283.3
56441,4936,55800,275.4
56451,4936,57400,283.3
56461,4936,55800,275.4
56471,4936,57400,283.3
56481,4936,55800,275.4
56491,4936,57500,283.8
56501,4936,55900,275.9
56511,4940,57500,284.1
56521,4936,56500,278.9
56531,4936,56800,280.4
56541,4936,56500,278.9
56551,4936,56800,280.4
56561,4936,57400,283.3
56571,4936,58700,289.7
56581,4940,57400,283.6
56591,4936,55900,275.9
56601,4936,57400,283.3
56611,4936,55900,275.9
56622,4936,57400,283.3
56631,4936,55800,275.4
56641,4936,57500,283.8
56651,4936,55800,275.4
56661,4940,57500,284.1
56671,4932,71400,352.1
56681,4940,57400,283.6
56691,4936,56500,278.9
56701,4936,56800,280.4
56711,4936,56500,278.9
56721,4936,56700,279.9
56731,4936,56500,278.9
56741,4936,56800,280.4
56751,4936,57400,283.3
56761,4936,55900,275.9
56771,4936,122900,606.6
56781,4936,55800,275.4
56791,4936,57500,283.8
56801,4936,55800,275.4
56811,4936,57500,283.8
56821,4936,55800,275.4
56831,4936,57500,283.8
56841,4936,55900,275.9
56851,4936,57400,283.3
56861,4936,55800,275.4
56871,4936,57500,283.8
56881,4788,143200,685.6
56891,4936,56800,280.4
56901,4936,56500,278.9
56911,4940,56800,280.6
56921,4936,57000,281.4
56931,4936,56600,279.4
56941,4936,57500,283.8
56951,4936,55900,275.9
56961,4936,57500,283.8
56971,4936,55900,275.9
56981,4940,138400,683.7
56991,4936,55900,275.9
57001,4940,57400,283.6
57011,4936,55900,275.9
57021,4936,57500,283.8
57031,4936,55800,275.4
57041,4936,57400,283.3
57051,4932,56200,277.2
57061,4936,57400,283.3
57071,4936,56500,278.9
57081,4936,56800,280.4
57091,4824,148100,714.4
57101,4936,56800,280.4
57111,4936,57500,283.8
57121,4936,55800,275.4
57131,4940,57500,284.1
57141,4936,55800,275.4
57151,4940,57300,283.1
57161,4936,55800,275.4
57171,4936,57500,283.8
57181,4936,55800,275.4
57191,4936,57500,283.8
57201,4692,143500,673.3
57211,4936,57400,283.3
57221,4936,55900,275.9
57231,4936,57500,283.8
57241,4936,56500,278.9
57251,4936,56800,280.4
57261,4936,56500,278.9
57271,4936,56800,280.4
57281,4936,56500,278.9
57291,4936,56800,280.4
57301,4932,110500,545.0
57311,4936,55800,275.4
57321,4936,57400,283.3
57331,4936,55900,275.9
57341,4936,57500,283.8
57351,4936,55800,275.4
57361,4936,57400,283.3
57371,4936,55800,275.4
57381,4940,57400,283.6
57391,4936,55900,275.9
57401,4936,57500,283.8
57411,4932,73100,360.5
57421,4936,57500,283.8
57431,4936,56500,278.9
57441,4936,56800,280.4
57451,4936,56500,278.9
57461,4936,56800,280.4
57471,4936,57400,283.3
57481,4936,56200,277.4
57491,4936,57500,283.8
57501,4936,55800,275.4
57511,4936,57500,283.8
57521,4724,160700,759.1
57531,4936,57400,283.3
57541,4936,55800,275.4
57551,4940,57500,284.1
57561,4936,55900,275.9
57571,4936,57500,283.8
57581,4936,55800,275.4
57591,4936,57500,283.8
57601,4936,56500,278.9
57611,4936,57000,281.4
57621,4796,141400,678.2
57631,4936,56800,280.4
57641,4936,56600,279.4
57651,4936,56800,280.4
57661,4936,57500,283.8
57671,4936,55900,275.9
57681,4940,57500,284.1
57691,4936,55900,275.9
57701,4936,57400,283.3
57711,4936,55900,275.9
57721,4936,57400,283.3
57731,4688,148200,694.8
57741,4940,57400,283.6
57751,4936,55800,275.4
57761,4936,57500,283.8
57771,4936,55800,275.4
57781,4936,57400,283.3
57791,4936,56500,278.9
57801,4936,56800,280.4
57811,4936,56400,278.4
57821,4936,56800,280.4
57831,4816,156800,755.1
57841,4936,56800,280.4
57851,4940,57400,283.6
57861,4936,55900,275.9
57871,4936,57400,283.3
57881,4936,55800,275.4
57891,4936,57400,283.3
57901,4936,55800,275.4
57911,4936,57500,283.8
57921,4936,55900,275.9
57931,4940,57400,283.6
57941,4744,134200,636.6
57951,4940,57500,284.1
57961,4936,56000,276.4
57971,4936,57400,283.3
57981,4936,56500,278.9
57991,4936,56900,280.9
58001,4936,56500,278.9
58011,4936,56800,280.4
58021,4936,57500,283.8
58031,4936,55800,275.4
58041,4812,143200,689.1
58051,4936,55900,275.9
58061,4936,57500,283.8
58071,4936,55900,275.9
58081,4936,57400,283.3
58091,4936,55800,275.4
58101,4936,57400,283.3
58111,4936,55900,275.9
58121,4940,57400,283.6
58131,4936,55800,275.4
58141,4812,141900,682.8
58151,4936,56600,279.4
58161,4936,56900,280.9
58171,4936,56500,278.9
58181,4936,56800,280.4
58191,4936,56600,279.4
58201,4936,56800,280.4
58211,4936,57400,283.3
58221,4936,55900,275.9
58231,4936,57500,283.8
58241,4936,56000,276.4
58251,4820,128900,621.3
58261,4936,55900,275.9
58271,4936,57500,283.8
58281,4936,55900,275.9
58291,4940,57500,284.1
58301,4936,55800,275.4
58311,4940,57500,284.1
58322,4936,56500,278.9
58331,4936,57400,283.3
58341,4936,56500,278.9
58351,4828,133800,646.0
58361,4936,56500,278.9
58371,4936,56800,280.4
58381,4936,57000,281.4
58391,4936,56700,279.9
58401,4936,57500,283.8
58411,4936,55900,275.9
58421,4940,57500,284.1
58431,4936,55800,275.4
58441,4936,57500,283.8
58451,4808,135600,652.0
58461,4940,57500,284.1
58471,4936,55900,275.9
58481,4940,57400,283.6
58491,4936,55800,275.4
58501,4936,57400,283.3
58511,4936,56300,277.9
58521,4936,57400,283.3
58531,4936,56500,278.9
58541,4936,56800,280.4
58551,4936,56500,278.9
58561,4716,134200,632.9
58571,4936,57500,283.8
58581,4936,55800,275.4
58591,4936,57500,283.8
58601,4936,55900,275.9
58611,4936,57400,283.3
58621,4936,55800,275.4
58631,4936,57400,283.3
58641,4936,55900,275.9
58651,4936,57400,283.3
58661,4936,55900,275.9
58671,4816,176500,850.0
58681,4936,55800,275.4
58691,4940,57500,284.1
58701,4932,56500,278.7
58711,4936,56800,280.4
58721,4936,56500,278.9
58731,4936,56800,280.4
58741,4936,56500,278.9
58751,4936,56800,280.4
58761,4936,57400,283.3
58771,4936,55800,275.4
58781,4748,84700,402.2
58791,4936,55900,275.9
58801,4936,57500,283.8
58811,4936,55900,275.9
58821,4940,57500,284.1
58831,4936,55800,275.4
58841,4940,57500,284.1
58851,4936,55800,275.4
58861,4940,57500,284.1
58871,4936,55900,275.9
58881,4824,211200,1018.8
58891,4936,56500,278.9
58901,4936,56700,279.9
58911,4936,56500,278.9
58921,4936,56800,280.4
58931,4936,57400,283.3
58941,4936,56300,277.9
58951,4940,57400,283.6
58961,4936,55900,275.9
58971,4940,57400,283.6
58981,4792,137600,659.4
58991,4940,57400,283.6
59001,4936,55800,275.4
59011,4940,57400,283.6
59021,4936,55800,275.4
59031,4936,57400,283.3
59041,4936,55900,275.9
59051,4936,57400,283.3
59061,4936,56500,278.9
59071,4936,57000,281.4
59081,4932,78900,389.1
59091,4936,56800,280.4
59101,4936,56500,278.9
59111,4936,56800,280.4
59121,4936,57400,283.3
59131,4936,55800,275.4
59141,4936,57500,283.8
59151,4936,55800,275.4
59161,4936,57500,283.8
59171,4936,55900,275.9
59181,4940,57400,283.6
59191,4812,138600,666.9
59201,4940,57500,284.1
59211,4936,55900,275.9
59221,4936,57500,283.8
59231,4936,55800,275.4
59241,4940,57400,283.6
59251,4936,56500,278.9
59261,4936,56800,280.4
59271,4936,56500,278.9
59281,4936,56800,280.4
59291,4936,56800,280.4
59301,4724,137900,651.4
59311,4936,57400,283.3
59321,4936,55900,275.9
59331,4936,57400,283.3
59341,4932,55900,275.7
59351,4936,57400,283.3
59361,4936,55900,275.9
59371,4936,57500,283.8
59381,4936,55800,275.4
59391,4940,57500,284.1
59401,4932,63600,313.7
59411,4940,57500,284.1
59421,4932,56000,276.2
59431,4936,57400,283.3
59441,4936,56400,278.4
59451,4936,56800,280.4
59461,4936,56500,278.9
59471,4936,56800,280.4
59481,4936,57500,283.8
59491,4936,55900,275.9
59501,4940,57400,283.6
59511,4708,135700,638.9
59521,4936,57500,283.8
59531,4936,55900,275.9
59541,4940,57500,284.1
59551,4936,55900,275.9
59561,4936,57400,283.3
59571,4936,55900,275.9
59581,4940,57500,284.1
59591,4936,55800,275.4
59601,4936,57500,283.8
59611,4788,141100,675.6
59621,4936,56700,279.9
59631,4936,56500,278.9
59641,4936,56800,280.4
59651,4936,56500,278.9
59661,4936,56800,280.4
59671,4936,57400,283.3
59681,4936,55900,275.9
59691,4936,57400,283.3
59701,4936,55800,275.4
59711,4936,57400,283.3
59721,4808,141200,678.9
59731,4936,57500,283.8
59741,4936,55900,275.9
59751,4936,57400,283.3
59761,4936,55900,275.9
59771,4940,57500,284.1
59781,4936,55800,275.4
59791,4936,57400,283.3
59801,4936,56500,278.9
59811,4936,56800,280.4
59821,4936,56500,278.9
59831,4824,220200,1062.2
59841,4936,57100,281.8
59851,4936,56500,278.9
59861,4936,57500,283.8
59871,4936,55900,275.9
59881,4940,57500,284.1
59891,4936,55900,275.9
59901,4940,57500,284.1
59911,4936,55800,275.4
59921,4936,57500,283.8
59931,4780,140300,670.6
59941,4936,57500,283.8
59951,4936,55900,275.9
59961,4936,57500,283.8
59971,4936,56500,278.9
59981,4936,57300,282.8
59991,4936,56500,278.9
60001,4936,56800,280.4
60011,4936,56500,278.9
60022,4936,55800,275.4
60031,4936,57400,283.3
60041,4932,55800,275.2
60051,4940,57500,284.1
60061,4936,55800,275.4
60071,4936,57400,283.3
60081,4936,55800,275.4
60091,4936,57400,283.3
60101,4936,55900,275.9
60111,4940,57500,284.1
60121,4936,55900,275.9
60131,4936,57500,283.8
60141,4808,140300,674.6
60151,4936,57500,283.8
60161,4936,56600,279.4
60171,4936,56800,280.4
60181,4936,56500,278.9
60191,4936,56800,280.4
60201,4936,56500,278.9
60211,4936,56800,280.4
60221,4936,57500,283.8
60231,4936,55800,275.4
60241,4936,57500,283.8
60251,4936,58600,289.2
60261,4936,57500,283.8
60271,4936,55900,275.9
60281,4936,57400,283.3
60291,4936,55800,275.4
60301,4936,57400,283.3
60311,4936,55800,275.4
60321,4940,57400,283.6
60331,4936,55800,275.4
60341,4940,57500,284.1
60351,4936,56500,278.9
60361,4800,143600,689.3
60371,4936,56500,278.9
60381,4940,56800,280.6
60391,4936,57500,283.8
60401,4936,56100,276.9
60411,4936,57400,283.3
60421,4936,55800,275.4
60431,4940,57400,283.6
60441,4936,55900,275.9
60451,4936,57400,283.3
60461,4808,141200,678.9
60471,4936,57500,283.8
60481,4936,55800,275.4
60491,4936,57400,283.3
60501,4936,55800,275.4
60511,4936,57400,283.3
60521,4936,56600,279.4
60531,4936,56800,280.4
60541,4936,56500,278.9
60551,4936,56800,280.4
60561,4936,56500,278.9
60571,4832,216800,1047.6
60581,4936,57400,283.3
60591,4936,55900,275.9
60601,4936,57400,283.3
60611,4936,55800,275.4
60621,4936,57500,283.8
60631,4936,55800,275.4
60641,4940,57400,283.6
60651,4936,55900,275.9
60661,4936,57400,283.3
60671,4808,148800,715.4
60681,4936,57500,283.8
60691,4936,55800,275.4
60701,4936,57400,283.3
60711,4936,56500,278.9
60721,4936,56800,280.4
60731,4936,56500,278.9
60741,4936,56800,280.4
60751,4936,56900,280.9
60761,4936,56700,279.9
60771,4940,57400,283.6
60781,4792,194800,933.5
60791,4936,57500,283.8
60801,4936,55800,275.4
60811,4936,57500,283.8
60821,4936,55900,275.9
60831,4940,57400,283.6
60841,4936,55800,275.4
60851,4940,57400,283.6
60861,4936,55800,275.4
60871,4936,57500,283.8
60881,4808,168800,811.6
60891,4936,57500,283.8
60901,4936,56400,278.4
60911,4936,56800,280.4
60921,4936,56500,278.9
60931,4936,56800,280.4
60941,4936,57500,283.8
60951,4936,55800,275.4
60961,4936,57400,283.3
60971,4936,55800,275.4
60981,4940,57400,283.6
60991,4712,137000,645.5
61001,4940,57400,283.6
61011,4936,55800,275.4
61021,4940,57500,284.1
61031,4936,55900,275.9
61041,4936,57400,283.3
61051,4936,55800,275.4
61061,4940,57400,283.6
61071,4936,56400,278.4
61081,4936,56800,280.4
61091,4808,191400,920.3
61101,4940,56800,280.6
61111,4936,56500,278.9
61121,4940,56800,280.6
61131,4936,57400,283.3
61141,4936,55900,275.9
61151,4936,57400,283.3
61161,4936,55900,275.9
61171,4940,57500,284.1
61181,4936,55900,275.9
61191,4820,206200,993.9
61201,4936,55900,275.9
61211,4936,57400,283.3
61221,4936,55900,275.9
61231,4940,57500,284.1
61241,4936,55900,275.9
61251,4936,57500,283.8
61261,4936,56500,278.9
61271,4936,56800,280.4
61281,4936,56500,278.9
61291,4936,56800,280.4
61301,4688,115000,539.1
61311,4936,56300,277.9
61321,4940,57400,283.6
61331,4936,55900,275.9
61341,4940,57500,284.1
61351,4936,55900,275.9
61361,4936,57400,283.3
61371,4936,55800,275.4
61381,4940,57400,283.6
61391,4936,55900,275.9
61401,4796,58100,278.6
61411,4936,55900,275.9
61421,4940,57400,283.6
61431,4936,56500,278.9
61441,4940,57100,282.1
61451,4936,56400,278.4
61461,4936,56700,279.9
61471,4936,56500,278.9
61481,4936,56800,280.4
61491,4936,57400,283.3
61501,4804,142100,682.6
61511,4936,57400,283.3
61521,4932,55900,275.7
61531,4936,57400,283.3
61541,4936,55900,275.9
61551,4936,57400,283.3
61561,4936,55800,275.4
61571,4936,57500,283.8
61581,4936,55900,275.9
61591,4936,57500,283.8
61601,4932,62900,310.2
61611,4936,57500,283.8
61621,4936,56500,278.9
61631,4936,56900,280.9
61641,4936,56500,278.9
61651,4936,56800,280.4
61661,4936,56600,279.4
61671,4936,56800,280.4
61681,4940,57400,283.6
61691,4936,55900,275.9
61701,4936,57500,283.8
61711,4936,55900,275.9
61722,4936,57400,283.3
61731,4936,55900,275.9
61741,4936,57500,283.8
61751,4936,55900,275.9
61761,4936,57500,283.8
61771,4936,55900,275.9
61781,4936,57400,283.3
61791,4936,56000,276.4
61801,4936,57400,283.3
61811,4700,136900,643.4
61821,4936,56700,279.9
61831,4936,56500,278.9
61841,4936,56800,280.4
61851,4936,57500,283.8
61861,4936,55900,275.9
61871,4940,57400,283.6
61881,4936,55900,275.9
61891,4940,57500,284.1
61901,4936,55800,275.4
61911,4820,193300,931.7
61921,4936,55800,275.4
61931,4936,57400,283.3
61941,4936,55800,275.4
61951,4936,57400,283.3
61961,4936,55900,275.9
61971,4940,57500,284.1
61981,4936,56500,278.9
61991,4936,56700,279.9
62001,4936,56500,278.9
62011,4936,56800,280.4
62021,4688,123700,579.9
62031,4936,56800,280.4
62041,4936,57500,283.8
62051,4936,55900,275.9
62061,4936,57500,283.8
62071,4932,55900,275.7
62081,4940,57400,283.6
62091,4936,55900,275.9
62101,4936,57400,283.3
62111,4936,55800,275.4
62121,4812,142600,686.2
62131,4936,55800,275.4
62141,4936,57500,283.8
62151,4936,55900,275.9
62161,4936,57500,283.8
62171,4936,56600,279.4
62181,4936,56800,280.4
62191,4936,56500,278.9
62201,4936,56800,280.4
62211,4936,57100,281.8
62221,4824,149200,719.7
62231,4940,57500,284.1
62241,4936,55900,275.9
62251,4936,57400,283.3
62261,4932,55800,275.2
62271,4936,57400,283.3
62281,4936,55900,275.9
62291,4936,57500,283.8
62301,4936,55800,275.4
62311,4936,57400,283.3
62321,4936,55800,275.4
62331,4804,216500,1040.1
62341,4936,56300,277.9
62351,4936,57400,283.3
62361,4936,56500,278.9
62371,4936,56800,280.4
62381,4936,56500,278.9
62391,4936,56800,280.4
62401,4936,57400,283.3
62411,4936,55800,275.4
62421,4936,57500,283.8
62431,4936,55800,275.4
62441,4936,57400,283.3
62451,4936,55900,275.9
62461,4936,57500,283.8
62471,4936,55900,275.9
62481,4940,57400,283.6
62491,4936,55900,275.9
62501,4936,57400,283.3
62511,4936,55800,275.4
62521,4936,57400,283.3
62531,4936,56500,278.9
62541,4808,141700,681.3
62551,4936,56500,278.9
62561,4936,56800,280.4
62571,4936,56600,279.4
62581,4936,56800,280.4
62591,4936,57500,283.8
62601,4936,55800,275.4
62611,4940,57500,284.1
62621,4936,55900,275.9
62631,4936,57500,283.8
62641,4936,55900,275.9
62651,4820,130000,626.6
62661,4932,55800,275.2
62671,4940,57400,283.6
62681,4936,55800,275.4
62691,4940,57500,284.1
62701,4936,55900,275.9
62711,4936,57500,283.8
62721,4936,56500,278.9
62731,4936,56800,280.4
62741,4936,56500,278.9
62751,4936,59600,294.2
62761,4936,57300,282.8
62771,4936,56200,277.4
62781,4936,57400,283.3
62791,4936,55800,275.4
62801,4940,57500,284.1
62811,4932,55900,275.7
62821,4936,57500,283.8
62831,4936,55900,275.9
62841,4936,57400,283.3
62851,4936,55800,275.4
62861,4820,138100,665.6
62871,4936,55900,275.9
62881,4936,57500,283.8
62891,4936,56600,279.4
62901,4936,56900,280.9
62911,4936,56500,278.9
62921,4940,56800,280.6
62931,4936,56500,278.9
62941,4940,56900,281.1
62951,4940,57500,284.1
62961,4936,55800,275.4
62971,4708,104200,490.6
62981,4936,55800,275.4
62991,4936,57500,283.8
63001,4936,55900,275.9
63011,4936,57500,283.8
63021,4936,55900,275.9
63031,4936,57400,283.3
63041,4936,55900,275.9
63051,4936,57400,283.3
63061,4936,55800,275.4
63071,4936,57400,283.3
63081,4696,141000,662.1
63091,4936,56800,280.4
63101,4936,56500,278.9
63111,4936,56800,280.4
63121,4936,56800,280.4
63131,4936,56700,279.9
63141,4936,57400,283.3
63151,4936,55800,275.4
63161,4940,57500,284.1
63171,4936,55900,275.9
63181,4820,179800,866.6
63191,4936,55900,275.9
63201,4936,57400,283.3
63211,4936,55900,275.9
63221,4936,57500,283.8
63231,4936,55800,275.4
63241,4936,57500,283.8
63251,4936,56100,276.9
63261,4940,57400,283.6
63271,4936,56500,278.9
63281,4800,143100,686.9
63291,4936,56500,278.9
63301,4940,56800,280.6
63311,4936,57500,283.8
63321,4936,55800,275.4
63331,4936,57400,283.3
63341,4936,55800,275.4
63351,4936,57400,283.3
63361,4936,55800,275.4
63371,4940,57400,283.6
63381,4936,55800,275.4
63391,4820,203000,978.5
63401,4936,55900,275.9
63411,4936,57400,283.3
63422,4936,56500,278.9
63431,4940,57400,283.6
63441,4936,56500,278.9
63451,4936,56800,280.4
63461,4936,56500,278.9
63471,4936,56800,280.4
63481,4936,56500,278.9
63491,4808,138700,666.9
63501,4936,57500,283.8
63511,4936,55800,275.4
63521,4940,57400,283.6
63531,4936,55900,275.9
63541,4936,57500,283.8
63551,4936,55900,275.9
63561,4936,57400,283.3
63571,4936,55900,275.9
63581,4940,57400,283.6
63591,4804,138200,663.9
63601,4936,57400,283.3
63611,4936,55900,275.9
63621,4936,57500,283.8
63631,4936,56400,278.4
63641,4936,56800,280.4
63651,4936,56600,279.4
63661,4936,56800,280.4
63671,4936,57400,283.3
63681,4936,56200,277.4
63691,4936,57400,283.3
63701,4704,132200,621.9
63711,4936,57400,283.3
63721,4936,55800,275.4
63731,4936,57400,283.3
63741,4936,55900,275.9
63751,4936,57400,283.3
63761,4936,55800,275.4
63771,4940,57500,284.1
63781,4936,55900,275.9
63791,4936,57500,283.8
63801,4932,62400,307.8
63811,4936,57100,281.8
63821,4936,56600,279.4
63831,4936,56800,280.4
63841,4936,56500,278.9
63851,4940,56800,280.6
63861,4936,57400,283.3
63871,4936,55900,275.9
63881,4936,57500,283.8
63891,4936,55900,275.9
63901,4936,57400,283.3
63911,4708,133600,629.0
63921,4940,57500,284.1
63931,4936,55800,275.4
63941,4936,57500,283.8
63951,4936,55900,275.9
63961,4940,57500,284.1
63971,4936,55800,275.4
63981,4936,57400,283.3
63991,4936,56600,279.4
64001,4936,56800,280.4
64011,4936,56500,278.9
64021,4884,56900,277.9
64031,4936,56600,279.4
64041,4936,56800,280.4
64051,4936,57400,283.3
64061,4936,55800,275.4
64071,4936,57400,283.3
64081,4936,55900,275.9
64091,4936,57500,283.8
64101,4936,55900,275.9
64111,4940,57400,283.6
64121,4932,56400,278.2
64131,4936,57400,283.3
64141,4936,55900,275.9
64151,4940,57400,283.6
64161,4936,56000,276.4
64171,4936,57500,283.8
64181,4936,56400,278.4
64191,4936,56800,280.4
64201,4936,56500,278.9
64211,4936,56700,279.9
64221,4936,57400,283.3
64231,4804,141300,678.8
64241,4936,57400,283.3
64251,4936,55900,275.9
64261,4936,57300,282.8
64271,4936,55800,275.4
64281,4940,57500,284.1
64291,4936,55800,275.4
64301,4940,57500,284.1
64311,4936,55800,275.4
64321,4936,57400,283.3
64331,4932,57500,283.6
64341,4936,57500,283.8
64351,4936,56500,278.9
64361,4936,56700,279.9
64371,4936,56600,279.4
64381,4936,56800,280.4
64391,4936,56600,279.4
64401,4936,56800,280.4
64411,4936,57400,283.3
64421,4936,55800,275.4
64431,4936,57400,283.3
64441,4704,132100,621.4
64451,4936,57500,283.8
64461,4936,55900,275.9
64471,4940,57500,284.1
64481,4936,55900,275.9
64491,4936,57500,283.8
64501,4936,55800,275.4
64511,4936,57400,283.3
64521,4936,55900,275.9
64531,4936,57500,283.8
64541,4808,141900,682.3
64551,4860,56800,276.0
64561,4936,56600,279.4
64571,4936,56800,280.4
64581,4936,57100,281.8
64591,4936,56500,278.9
64601,4936,57400,283.3
64611,4936,55900,275.9
64621,4936,57400,283.3
64631,4936,55900,275.9
64641,4936,57400,283.3
64651,4756,136000,646.8
64661,4936,57500,283.8
64671,4936,55900,275.9
64681,4936,57400,283.3
64691,4936,55900,275.9
64701,4940,57500,284.1
64711,4936,56400,278.4
64721,4936,57200,282.3
64731,4936,56500,278.9
64741,4936,56800,280.4
64751,4808,184100,885.2
64761,4936,56800,280.4
64771,4936,57400,283.3
64781,4936,55800,275.4
64791,4940,57400,283.6
64801,4936,55800,275.4
64811,4940,57400,283.6
64821,4936,55900,275.9
64831,4940,57400,283.6
64841,4936,55900,275.9
64851,4936,57500,283.8
64861,4936,55800,275.4
64871,4936,57500,283.8
64881,4936,55800,275.4
64891,4936,57500,283.8
64901,4936,56400,278.4
64911,4936,56800,280.4
64921,4936,56500,278.9
64931,4936,56800,280.4
64941,4936,56500,278.9
64951,4936,56800,280.4
64961,4796,142300,682.5
64971,4936,55900,275.9
64981,4936,57400,283.3
64991,4936,55800,275.4
65001,4936,57400,283.3
65011,4936,55800,275.4
65021,4936,57500,283.8
65031,4936,55800,275.4
65041,4936,57400,283.3
65051,4936,55800,275.4
65061,4936,60100,296.7
65071,4936,55800,275.4
65081,4936,57400,283.3
65091,4936,56500,278.9
65101,4936,56800,280.4
65111,4936,56500,278.9
65122,4936,56100,276.9
65131,4936,57400,283.3
65141,4936,56000,276.4
65151,4940,57500,284.1
65161,4936,55800,275.4
65171,4828,134900,651.3
65181,4936,55900,275.9
65191,4940,57500,284.1
65201,4936,55900,275.9
65211,4936,57400,283.3
65221,4936,55900,275.9
65231,4936,57400,283.3
65241,4936,55900,275.9
65251,4936,57500,283.8
65261,4936,56600,279.4
65271,4712,132300,623.4
65281,4936,56600,279.4
65291,4936,56800,280.4
65301,4936,56500,278.9
65311,4936,56800,280.4
65321,4936,57500,283.8
65331,4936,55800,275.4
65341,4940,57500,284.1
65351,4936,55800,275.4
65361,4936,57500,283.8
65371,4800,144100,691.7
65381,4936,57500,283.8
65391,4936,55900,275.9
65401,4940,57400,283.6
65411,4936,55900,275.9
65421,4940,57500,284.1
65431,4936,55800,275.4
65441,4936,57400,283.3
65451,4936,56500,278.9
65461,4936,56800,280.4
65471,4936,56500,278.9
65481,4876,56800,277.0
65491,4936,56900,280.9
65501,4936,56800,280.4
65511,4940,57400,283.6
65521,4936,55800,275.4
65531,4936,57400,283.3
65541,4936,55800,275.4
65551,4936,57400,283.3
65561,4936,55800,275.4
65571,4940,57500,284.1
65581,4788,140500,672.7
65591,4936,57400,283.3
65601,4936,55900,275.9
65611,4936,57500,283.8
65621,4936,56200,277.4
65631,4936,57300,282.8
65641,4936,56500,278.9
65651,4936,56800,280.4
65661,4936,56500,278.9
65671,4936,56800,280.4
65681,4936,57500,283.8
65691,4808,140400,675.0
65701,4936,57500,283.8
65711,4936,55900,275.9
65721,4940,57400,283.6
65731,4936,55900,275.9
65741,4936,57500,283.8
65751,4936,55800,275.4
65761,4936,57500,283.8
65771,4936,55900,275.9
65781,4936,57400,283.3
65791,4936,55900,275.9
65801,4780,139800,668.2
65811,4936,56400,278.4
65821,4936,56800,280.4
65831,4936,56500,278.9
65841,4936,56800,280.4
65851,4936,56500,278.9
65861,4936,56800,280.4
65871,4940,57400,283.6
65881,4936,55800,275.4
65891,4940,57400,283.6
65901,4936,58700,289.7
65911,4936,57500,283.8
65921,4936,55900,275.9
65931,4936,57500,283.8
65941,4932,55900,275.7
65951,4940,57400,283.6
65961,4936,55900,275.9
65971,4936,57500,283.8
65981,4936,55800,275.4
65991,4936,57400,283.3
66001,4936,56500,278.9
66011,4804,139900,672.1
66021,4936,56600,279.4
66031,4936,56800,280.4
66041,4936,57400,283.3
66051,4936,56200,277.4
66061,4940,57500,284.1
66071,4936,55800,275.4
66081,4940,57500,284.1
66091,4936,55900,275.9
66101,4936,57400,283.3
66111,4936,55800,275.4
66121,4752,84000,399.2
66131,4936,55900,275.9
66141,4936,57400,283.3
66151,4936,55800,275.4
66161,4936,57400,283.3
66171,4936,56500,278.9
66181,4940,57000,281.6
66191,4936,56600,279.4
66201,4936,56800,280.4
66211,4936,56500,278.9
66221,4816,210700,1014.7
66231,4936,57500,283.8
66241,4936,55900,275.9
66251,4940,57500,284.1
66261,4936,55800,275.4
66271,4940,57500,284.1
66281,4936,55800,275.4
66291,4940,57500,284.1
66301,4936,55800,275.4
66311,4936,57400,283.3
66321,4732,166700,788.8
66331,4936,57400,283.3
66341,4936,55900,275.9
66351,4936,57500,283.8
66361,4936,56500,278.9
66371,4936,56900,280.9
66381,4936,56500,278.9
66391,4936,56800,280.4
66401,4936,56900,280.9
66411,4936,56700,279.9
66421,4820,128700,620.3
66431,4936,55800,275.4
66441,4936,57500,283.8
66451,4936,55800,275.4
66461,4936,57400,283.3
66471,4936,55900,275.9
66481,4936,57300,282.8
66491,4936,55900,275.9
66501,4936,57400,283.3
66511,4936,55800,275.4
66521,4824,142800,688.9
66531,4936,56100,276.9
66541,4936,57400,283.3
66551,4936,56600,279.4
66561,4936,56800,280.4
66571,4936,56500,278.9
66581,4936,56700,279.9
66591,4936,57500,283.8
66601,4936,55800,275.4
66611,4940,57400,283.6
66621,4936,55900,275.9
66631,4824,138800,669.6
66641,4936,55900,275.9
66651,4936,57400,283.3
66661,4936,55800,275.4
66671,4936,57500,283.8
66681,4936,55900,275.9
66691,4936,57500,283.8
66701,4936,55800,275.4
66711,4940,57400,283.6
66721,4936,56500,278.9
66731,4896,159200,779.4
66741,4936,56600,279.4
66751,4936,56800,280.4
66761,4936,56500,278.9
66771,4936,56800,280.4
66781,4936,57500,283.8
66791,4932,55800,275.2
66801,4936,57400,283.3
66811,4932,55900,275.7
66821,4940,57500,284.1
66832,4936,55900,275.9
66841,4808,197600,950.1
66851,4936,55900,275.9
66861,4940,57400,283.6
66871,4936,56000,276.4
66881,4936,57400,283.3
66891,4936,55900,275.9
66901,4936,57400,283.3
66911,4936,56600,279.4
66921,4936,56800,280.4
66931,4936,56500,278.9
66941,4808,141900,682.3
66951,4936,57200,282.3
66961,4936,56400,278.4
66971,4936,57500,283.8
66981,4936,55900,275.9
66991,4936,57400,283.3
67001,4936,55800,275.4
67011,4936,57500,283.8
67021,4936,55900,275.9
67031,4936,57400,283.3
67041,4936,55900,275.9
67051,4812,204200,982.6
67061,4936,55800,275.4
67071,4936,57500,283.8
67081,4936,56500,278.9
67091,4936,57100,281.8
67101,4936,56500,278.9
67111,4936,56800,280.4
67121,4936,56500,278.9
67131,4936,56800,280.4
67141,4936,57400,283.3
67151,4800,140600,674.9
67161,4936,57500,283.8
67171,4936,55900,275.9
67181,4936,57400,283.3
67191,4936,55900,275.9
67201,4936,57500,283.8
67211,4936,55800,275.4
67221,4936,57500,283.8
67231,4936,55800,275.4
67241,4940,57500,284.1
67251,4932,55900,275.7
67261,4936,57400,283.3
67271,4936,56500,278.9
67281,4936,56800,280.4
67291,4936,56500,278.9
67301,4940,56700,280.1
67311,4936,56700,279.9
67321,4936,56800,280.4
67331,4936,57500,283.8
67341,4936,55800,275.4
67351,4940,57500,284.1
67361,4920,55900,275.0
67371,4936,57500,283.8
67381,4936,55900,275.9
67391,4936,57400,283.3
67401,4936,55900,275.9
67411,4936,57500,283.8
67421,4936,55900,275.9
67431,4940,57400,283.6
67441,4936,56000,276.4
67451,4936,57400,283.3
67461,4716,139200,656.5
67471,4936,56800,280.4
67481,4936,56600,279.4
67491,4936,56800,280.4
67501,4936,57500,283.8
67511,4936,55900,275.9
67521,4936,57500,283.8
67531,4936,55800,275.4
67541,4936,57400,283.3
67551,4936,55800,275.4
67561,4820,140600,677.7
67571,4936,55900,275.9
67581,4940,57500,284.1
67591,4936,55900,275.9
67601,4936,57400,283.3
67611,4936,55800,275.4
67621,4936,57400,283.3
67631,4936,56500,278.9
67641,4936,56700,279.9
67651,4936,56600,279.4
67661,4804,140500,675.0
67671,4936,56600,279.4
67681,4936,56900,280.9
67691,4936,57500,283.8
67701,4936,55900,275.9
67711,4936,57400,283.3
67721,4936,55900,275.9
67731,4940,57400,283.6
67741,4936,55800,275.4
67751,4936,57400,283.3
67761,4808,140900,677.4
67771,4940,57400,283.6
67781,4936,55900,275.9
67791,4940,57400,283.6
67801,4936,55800,275.4
67811,4936,57400,283.3
67821,4936,56600,279.4
67831,4940,56800,280.6
67841,4936,56500,278.9
67851,4940,56800,280.6
67861,4788,142100,680.4
67871,4936,56500,278.9
67881,4936,57500,283.8
67891,4936,55900,275.9
67901,4936,57500,283.8
67911,4936,55800,275.4
67921,4936,57400,283.3
67931,4936,55800,275.4
67941,4940,57500,284.1
67951,4936,55900,275.9
67961,4936,57700,284.8
67971,4936,55900,275.9
67981,4936,57400,283.3
67991,4936,56500,278.9
68001,4936,57100,281.8
68011,4936,56500,278.9
68021,4936,56800,280.4
68031,4936,56500,278.9
68041,4936,56800,280.4
68051,4936,57400,283.3
68061,4936,55900,275.9
68071,4820,130700,630.0
68081,4936,55800,275.4
68091,4936,57500,283.8
68101,4936,55900,275.9
68111,4936,57400,283.3
68121,4936,55900,275.9
68131,4940,57500,284.1
68141,4936,55900,275.9
68151,4936,57400,283.3
68161,4936,55900,275.9
68171,4936,57500,283.8
68181,4936,56500,278.9
68191,4936,56900,280.9
68201,4936,56600,279.4
68211,4936,56700,279.9
68221,4936,56600,279.4
68231,4936,56800,280.4
68241,4936,57400,283.3
68251,4936,55900,275.9
68261,4940,57400,283.6
68271,4936,55900,275.9
68281,4700,110700,520.3
68291,4936,55900,275.9
68301,4936,57500,283.8
68311,4936,55800,275.4
68321,4940,57500,284.1
68331,4936,55900,275.9
68341,4940,57500,284.1
68351,4936,55900,275.9
68361,4940,57500,284.1
68371,4936,56500,278.9
68381,4804,142600,685.1
68391,4936,56500,278.9
68401,4936,56800,280.4
68411,4936,57500,283.8
68421,4936,56000,276.4
68431,4940,57400,283.6
68441,4936,56000,276.4
68451,4936,57400,283.3
68461,4936,55800,275.4
68471,4936,57500,283.8
68481,4808,144200,693.3
68491,4936,57500,283.8
68501,4936,55900,275.9
68511,4936,57500,283.8
68521,4936,55800,275.4
68532,4936,56800,280.4
68541,4936,56500,278.9
68551,4940,56700,280.1
68561,4936,56500,278.9
68571,4936,56800,280.4
68581,4936,56500,278.9
68591,4872,56800,276.7
68601,4936,57500,283.8
68611,4936,55900,275.9
68621,4936,57500,283.8
68631,4936,55800,275.4
68641,4936,57400,283.3
68651,4936,55900,275.9
68661,4936,57400,283.3
68671,4936,55900,275.9
68681,4936,57400,283.3
68691,4804,140800,676.4
68701,4936,57500,283.8
68711,4936,55800,275.4
68721,4936,57500,283.8
68731,4936,56500,278.9
68741,4936,56800,280.4
68751,4936,56500,278.9
68761,4936,56800,280.4
68771,4936,57100,281.8
68781,4936,56500,278.9
68791,4812,145200,698.7
68801,4936,55900,275.9
68811,4940,57500,284.1
68821,4936,55800,275.4
68831,4936,57500,283.8
68841,4936,55800,275.4
68851,4940,57500,284.1
68861,4936,55900,275.9
68871,4936,57500,283.8
68881,4936,55800,275.4
68891,4812,155000,745.9
68901,4936,56400,278.4
68911,4936,57300,282.8
68921,4936,56600,279.4
68931,4940,56800,280.6
68941,4936,56500,278.9
68951,4936,56800,280.4
68961,4936,57500,283.8
68971,4936,55900,275.9
68981,4936,57500,283.8
68991,4936,55800,275.4
69001,4940,57500,284.1
69011,4936,55800,275.4
69021,4936,57400,283.3
69031,4936,55900,275.9
69041,4936,57400,283.3
69051,4936,55900,275.9
69061,4936,57500,283.8
69071,4936,55800,275.4
69081,4936,57400,283.3
69091,4936,56500,278.9
69101,4820,215200,1037.3
69111,4936,56500,278.9
69121,4936,56800,280.4
69131,4936,56600,279.4
69141,4936,56900,280.9
69151,4940,57500,284.1
69161,4936,55900,275.9
69171,4936,57400,283.3
69181,4936,55800,275.4
69191,4936,57400,283.3
69201,4812,208100,1001.4
69211,4936,57400,283.3
69221,4936,55900,275.9
69231,4940,57500,284.1
69241,4936,56000,276.4
69251,4936,57400,283.3
69261,4936,55900,275.9
69271,4940,57400,283.6
69281,4936,56500,278.9
69291,4936,56800,280.4
69301,4936,56500,278.9
69311,4864,56800,276.3
69321,4936,57500,283.8
69331,4936,56000,276.4
69341,4936,57400,283.3
69351,4936,55800,275.4
69361,4936,57500,283.8
69371,4936,55800,275.4
69381,4936,57400,283.3
69391,4936,55900,275.9
69401,4936,57400,283.3
69411,4936,55800,275.4
69421,4940,57500,284.1
69431,4936,55800,275.4
69441,4936,57500,283.8
69451,4936,56600,279.4
69461,4936,56800,280.4
69471,4936,56500,278.9
69481,4940,56800,280.6
69491,4936,56500,278.9
69501,4936,56800,280.4
69511,4936,57400,283.3
69521,4936,58700,289.7
69531,4936,57400,283.3
69541,4936,55800,275.4
69551,4940,57500,284.1
69561,4936,55800,275.4
69571,4936,57500,283.8
69581,4936,55900,275.9
69591,4940,57500,284.1
69601,4936,55900,275.9
69611,4936,57400,283.3
69621,4932,55800,275.2
69631,4936,57500,283.8
69641,4936,56500,278.9
69651,4936,56800,280.4
69661,4936,56500,278.9
69671,4936,56800,280.4
69681,4936,57100,281.8
69691,4936,56500,278.9
69701,4940,57400,283.6
69711,4936,55800,275.4
69721,4936,57500,283.8
69731,4820,218300,1052.2
69741,4940,57500,284.1
69751,4936,55900,275.9
69761,4940,57500,284.1
69771,4936,55900,275.9
69781,4936,57500,283.8
69791,4936,55900,275.9
69801,4940,57400,283.6
69811,4936,56500,278.9
69821,4940,57200,282.6
69831,4700,134800,633.6
69841,4936,56800,280.4
69851,4936,56500,278.9
69861,4936,56800,280.4
69871,4936,57500,283.8
69881,4936,55900,275.9
69891,4936,57500,283.8
69901,4936,55800,275.4
69911,4936,57500,283.8
69921,4932,55800,275.2
69931,4820,150000,723.0
69941,4936,55800,275.4
69951,4936,57400,283.3
69961,4936,55900,275.9
69971,4940,57500,284.1
69981,4936,55800,275.4
69991,4936,57500,283.8
70001,4936,56500,278.9
70011,4936,56900,280.9
70021,4936,56400,278.4
70031,4808,141000,677.9
70041,4936,56500,278.9
70051,4936,56800,280.4
70061,4936,57500,283.8
70071,4936,55900,275.9
70081,4936,57400,283.3
70091,4936,55900,275.9
70101,4940,57400,283.6
70111,4936,55900,275.9
70121,4936,57500,283.8
70131,4936,55900,275.9
70141,4808,142700,686.1
70151,4936,56000,276.4
70161,4940,57500,284.1
70171,4936,55900,275.9
70181,4940,57400,283.6
70191,4936,56500,278.9
70201,4936,56800,280.4
70211,4936,56500,278.9
70221,4936,56800,280.4
70232,4936,57500,283.8
70241,4808,140700,676.5
70251,4936,57500,283.8
70261,4936,55900,275.9
70271,4936,57500,283.8
70281,4936,55900,275.9
70291,4936,57500,283.8
70301,4936,55900,275.9
70311,4940,57400,283.6
70321,4936,55900,275.9
70331,4940,57500,284.1
70341,4936,55900,275.9
70351,4936,57600,284.3
70361,4936,56600,279.4
70371,4940,56900,281.1
70381,4936,56500,278.9
70391,4936,56800,280.4
70401,4936,56500,278.9
70411,4936,56800,280.4
70421,4936,57500,283.8
70431,4936,55900,275.9
70441,4936,57400,283.3
70451,4936,55900,275.9
70461,4808,205500,988.0
70471,4936,55900,275.9
70481,4936,57500,283.8
70491,4936,55900,275.9
70501,4936,57500,283.8
70511,4936,55900,275.9
70521,4936,57500,283.8
70531,4936,55900,275.9
70541,4936,57400,283.3
70551,4940,56500,279.1
70561,4936,56800,280.4
70571,4936,56600,279.4
70581,4936,56800,280.4
70591,4936,57100,281.8
70601,4936,56700,279.9
70611,4936,57400,283.3
70621,4936,55900,275.9
70631,4940,57500,284.1
70641,4936,55900,275.9
70651,4940,57500,284.1
70661,4936,55800,275.4
70671,4812,202200,973.0
70681,4936,55800,275.4
70691,4940,57500,284.1
70701,4936,55800,275.4
70711,4936,57400,283.3
70721,4936,56400,278.4
70731,4936,57200,282.3
70741,4936,56500,278.9
70751,4936,56800,280.4
70761,4936,56600,279.4
70771,4936,56800,280.4
70781,4936,57500,283.8
70791,4936,55800,275.4
70801,4940,57500,284.1
70811,4936,55900,275.9
70821,4940,57500,284.1
70831,4936,55900,275.9
70841,4936,57400,283.3
70851,4932,55800,275.2
70861,4940,57400,283.6
70871,4936,55900,275.9
70881,4820,204900,987.6
70891,4936,55900,275.9
70901,4936,57400,283.3
70911,4936,56500,278.9
70921,4936,56900,280.9
70931,4936,56600,279.4
70941,4936,56800,280.4
70951,4936,56600,279.4
70961,4936,56800,280.4
70971,4940,57500,284.1
70981,4720,138600,654.2
70991,4936,57400,283.3
71001,4936,55900,275.9
71011,4936,57500,283.8
71021,4936,55900,275.9
71031,4936,57400,283.3
71041,4936,55900,275.9
71051,4936,57500,283.8
71061,4936,55800,275.4
71071,4940,57400,283.6
71081,4936,55900,275.9
71091,4816,57400,276.4
71101,4936,56500,278.9
71111,4936,56800,280.4
71121,4936,56500,278.9
71131,4936,56800,280.4
71141,4936,57500,283.8
71151,4936,56000,276.4
71161,4936,57500,283.8
71171,4936,56000,276.4
71181,4936,57400,283.3
71191,4804,140200,673.5
71201,4940,57500,284.1
71211,4936,55900,275.9
71221,4936,57400,283.3
71231,4936,55800,275.4
71241,4940,57400,283.6
71251,4936,55900,275.9
71261,4940,57400,283.6
71271,4936,56600,279.4
71281,4936,56800,280.4
71291,4936,56500,278.9
71301,4808,142300,684.2
71311,4936,56500,278.9
71321,4936,56900,280.9
71331,4936,57500,283.8
71341,4936,55900,275.9
71351,4936,57500,283.8
71361,4936,55900,275.9
71371,4936,57400,283.3
71381,4936,55800,275.4
71391,4936,57400,283.3
71401,4936,55900,275.9
71411,4820,209300,1008.8
71421,4936,55900,275.9
71431,4940,57500,284.1
71441,4936,55900,275.9
71451,4936,57500,283.8
71461,4936,56600,279.4
71471,4936,56800,280.4
71481,4936,56500,278.9
71491,4936,56800,280.4
71501,4936,57100,281.8
71511,4796,184200,883.4
71521,4936,57500,283.8
71531,4936,55900,275.9
71541,4936,57500,283.8
71551,4936,55900,275.9
71561,4940,57500,284.1
71571,4936,55900,275.9
71581,4936,57400,283.3
71591,4936,55800,275.4
71601,4940,57400,283.6
71611,4800,143500,688.8
71621,4936,57500,283.8
71631,4936,56300,277.9
71641,4936,57300,282.8
71651,4936,56600,279.4
71661,4936,56800,280.4
71671,4936,56500,278.9
71681,4936,56800,280.4
71691,4936,57500,283.8
71701,4936,55900,275.9
71711,4936,57500,283.8
71721,4856,152900,742.5
71731,4940,57500,284.1
71741,4936,55900,275.9
71751,4936,57400,283.3
71761,4936,55800,275.4
71771,4936,57500,283.8
71781,4936,55800,275.4
71791,4940,57400,283.6
71801,4932,55900,275.7
71811,4936,57400,283.3
71821,4936,56500,278.9
71831,4816,199300,959.8
71841,4936,56500,278.9
71851,4936,56800,280.4
71861,4936,56600,279.4
71871,4936,56800,280.4
71881,4936,57500,283.8
71891,4936,55800,275.4
71901,4936,57400,283.3
71911,4936,55900,275.9
71921,4936,57400,283.3
71932,4844,55800,270.3
71941,4936,57500,283.8
71951,4932,55900,275.7
71961,4940,57400,283.6
71971,4936,55800,275.4
71981,4940,57400,283.6
71991,4936,55900,275.9
72001,4936,57500,283.8
72011,4936,56500,278.9
72021,4936,56800,280.4
72031,4936,56500,278.9
72041,4836,56800,274.7
72051,4936,57500,283.8
72061,4936,56000,276.4
72071,4936,57500,283.8
72081,4936,55800,275.4
72091,4940,57400,283.6
72101,4932,55900,275.7
72111,4936,57400,283.3
72121,4936,55800,275.4
72131,4940,57500,284.1
72141,4800,200100,960.5
72151,4940,57500,284.1
72161,4936,55800,275.4
72171,4940,57500,284.1
72181,4936,56500,278.9
72191,4936,56700,279.9
72201,4936,56500,278.9
72211,4936,56900,280.9
72221,4936,56500,278.9
72231,4936,56800,280.4
72241,4808,167200,803.9
72251,4936,55900,275.9
72261,4936,57500,283.8
72271,4936,55900,275.9
72281,4936,57500,283.8
72291,4936,55900,275.9
72301,4940,57500,284.1
72311,4936,55800,275.4
72321,4940,57400,283.6
72331,4936,55800,275.4
72341,4812,142100,683.8
72351,4936,55900,275.9
72361,4940,57500,284.1
72371,4936,56600,279.4
72381,4936,56800,280.4
72391,4936,56500,278.9
72401,4936,56800,280.4
72411,4936,57100,281.8
72421,4936,56600,279.4
72431,4940,57500,284.1
72441,4936,55900,275.9
72451,4808,145700,700.5
72461,4936,55900,275.9
72471,4936,57500,283.8
72481,4936,55900,275.9
72491,4936,57500,283.8
72501,4936,55800,275.4
72511,4940,57400,283.6
72521,4936,55900,275.9
72531,4936,57500,283.8
72541,4936,56400,278.4
72551,4940,57200,282.6
72561,4808,134900,648.6
72571,4936,57000,281.4
72581,4936,56500,278.9
72591,4936,56800,280.4
72601,4936,57400,283.3
72611,4936,55800,275.4
72621,4936,57500,283.8
72631,4936,55900,275.9
72641,4936,57400,283.3
72651,4936,55900,275.9
72661,4936,57500,283.8
72671,4916,55900,274.8
72681,4936,57500,283.8
72691,4936,55900,275.9
72701,4936,57500,283.8
72711,4936,55800,275.4
72721,4936,57400,283.3
72731,4936,56500,278.9
72741,4936,56900,280.9
72751,4936,56500,278.9
72761,4936,56900,280.9
72771,4824,134500,648.8
72781,4936,56800,280.4
72791,4940,57400,283.6
72801,4936,55900,275.9
72811,4936,57500,283.8
72821,4936,55900,275.9
72831,4936,57500,283.8
72841,4936,55900,275.9
72851,4940,57500,284.1
72861,4936,55800,275.4
72871,4808,144000,692.4
72881,4936,55900,275.9
72891,4940,57500,284.1
72901,4936,55900,275.9
72911,4940,57500,284.1
72921,4936,56600,279.4
72931,4936,56800,280.4
72941,4936,56500,278.9
72951,4936,56900,280.9
72961,4936,57400,283.3
72971,4884,158800,775.6
72981,4940,57500,284.1
72991,4936,55900,275.9
73001,4936,57500,283.8
73011,4936,55900,275.9
73021,4940,57500,284.1
73031,4936,55900,275.9
73041,4936,57500,283.8
73051,4936,55900,275.9
73061,4936,57400,283.3
73071,4936,55900,275.9
73081,4808,142600,685.6
73091,4936,56600,279.4
73101,4936,56800,280.4
73111,4936,56500,278.9
73121,4936,56800,280.4
73131,4936,56500,278.9
73141,4936,56800,280.4
73151,4936,57500,283.8
73161,4936,55800,275.4
73171,4936,57500,283.8
73181,4860,154300,749.9
73191,4936,57500,283.8
73201,4936,55900,275.9
73211,4936,57400,283.3
73221,4936,55900,275.9
73231,4936,57500,283.8
73241,4936,55900,275.9
73251,4936,57500,283.8
73261,4936,55900,275.9
73271,4940,57400,283.6
73281,4936,56600,279.4
73291,4816,56900,274.0
73301,4936,56500,278.9
73311,4936,56900,280.9
73321,4936,57100,281.8
73331,4936,56600,279.4
73341,4936,57500,283.8
73351,4936,55900,275.9
73361,4936,57500,283.8
73371,4936,56000,276.4
73381,4940,57500,284.1
73391,4808,140200,674.1
73401,4940,57500,284.1
73411,4936,55900,275.9
73421,4940,57500,284.1
73431,4936,55800,275.4
73441,4940,57500,284.1
73451,4932,56500,278.7
73461,4940,57100,282.1
73471,4936,56500,278.9
73481,4936,56800,280.4
73491,4936,56500,278.9
73501,4816,137100,660.3
73511,4936,57400,283.3
73521,4936,55900,275.9
73531,4936,57500,283.8
73541,4932,55900,275.7
73551,4936,57500,283.8
73561,4936,55900,275.9
73571,4936,57500,283.8
73581,4936,55800,275.4
73591,4936,57400,283.3
73601,4936,55900,275.9
73611,4812,189700,912.8
73621,4936,56000,276.4
73632,4940,56800,280.6
73641,4936,56500,278.9
73651,4936,56800,280.4
73661,4936,56500,278.9
73671,4936,56800,280.4
73681,4936,56600,279.4
73691,4936,56800,280.4
73701,4936,57500,283.8
73711,4808,141100,678.4
73721,4940,57500,284.1
73731,4936,55900,275.9
73741,4940,57400,283.6
73751,4936,55900,275.9
73761,4936,57500,283.8
73771,4936,55900,275.9
73781,4936,57500,283.8
73791,4936,55900,275.9
73801,4936,57500,283.8
73811,4936,56000,276.4
73821,4804,143300,688.4
73831,4936,56600,279.4
73841,4936,56800,280.4
73851,4936,56500,278.9
73861,4936,56900,280.9
73871,4936,57500,283.8
73881,4936,55900,275.9
73891,4940,57500,284.1
73901,4936,55900,275.9
73911,4940,57400,283.6
73921,4936,55900,275.9
73931,4692,125700,589.8
73941,4936,55900,275.9
73951,4940,57500,284.1
73961,4936,55900,275.9
73971,4936,57500,283.8
73981,4936,55900,275.9
73991,4936,57400,283.3
74001,4936,56500,278.9
74011,4936,56700,279.9
74021,4936,56500,278.9
74031,4808,142400,684.7
74041,4936,56500,278.9
74051,4936,56800,280.4
74061,4940,57500,284.1
74071,4936,55900,275.9
74081,4940,57500,284.1
74091,4936,55900,275.9
74101,4940,57400,283.6
74111,4936,55900,275.9
74121,4936,57500,283.8
74131,4808,142000,682.7
74141,4936,57500,283.8
74151,4932,55900,275.7
74161,4940,57500,284.1
74171,4936,55900,275.9
74181,4936,57500,283.8
74191,4936,56600,279.4
74201,4936,56800,280.4
74211,4936,56500,278.9
74221,4936,56900,280.9
74231,4936,57300,282.8
74241,4816,215200,1036.4
74251,4936,57500,283.8
74261,4936,55900,275.9
74271,4936,57500,283.8
74281,4936,55800,275.4
74291,4936,57400,283.3
74301,4936,55900,275.9
74311,4940,57500,284.1
74321,4936,55900,275.9
74331,4936,57500,283.8
74341,4804,143000,687.0
74351,4940,58200,287.5
74361,4936,56500,278.9
74371,4936,57200,282.3
74381,4936,56600,279.4
74391,4936,56900,280.9
74401,4936,56600,279.4
74411,4936,56800,280.4
74421,4936,57500,283.8
74431,4936,55900,275.9
74441,4936,57500,283.8
74451,4936,55900,275.9
74461,4940,57500,284.1
74471,4936,55900,275.9
74481,4936,57500,283.8
74491,4936,55800,275.4
74501,4936,57500,283.8
74511,4932,55800,275.2
74521,4936,57500,283.8
74531,4936,55900,275.9
74541,4936,57500,283.8
74551,4936,56600,279.4
74561,4820,203200,979.4
74571,4936,56500,278.9
74581,4936,56900,280.9
74591,4936,56600,279.4
74601,4936,56800,280.4
74611,4940,57500,284.1
74621,4936,55900,275.9
74631,4936,57500,283.8
74641,4936,55800,275.4
74651,4940,57500,284.1
74661,4716,133300,628.6
74671,4936,57500,283.8
74681,4936,55900,275.9
74691,4936,57500,283.8
74701,4936,55900,275.9
74711,4936,57500,283.8
74721,4936,56000,276.4
74731,4936,57500,283.8
74741,4936,56500,278.9
74751,4936,56800,280.4
74761,4784,142300,680.8
74771,4936,56800,280.4
74781,4936,57500,283.8
74791,4936,56000,276.4
74801,4940,57600,284.5
74811,4936,55900,275.9
74821,4936,57500,283.8
74831,4936,55900,275.9
74841,4940,57500,284.1
74851,4932,55900,275.7
74861,4936,57400,283.3
74871,4708,138600,652.5
74881,4936,57500,283.8
74891,4936,55900,275.9
74901,4940,57500,284.1
74911,4936,56500,278.9
74921,4936,56800,280.4
74931,4936,56500,278.9
74941,4936,56800,280.4
74951,4936,56500,278.9
74961,4940,56800,280.6
74971,4780,142500,681.2
74981,4936,55900,275.9
74991,4940,57500,284.1
75001,4936,55900,275.9
75011,4936,57400,283.3
75021,4936,56000,276.4
75031,4936,57500,283.8
75041,4936,55900,275.9
75051,4936,57500,283.8
75061,4936,55900,275.9
75071,4936,57500,283.8
75081,4808,141000,677.9
75091,4940,57400,283.6
75101,4936,56600,279.4
75111,4936,56900,280.9
75121,4936,56600,279.4
75131,4936,56800,280.4
75141,4936,57200,282.3
75151,4936,56500,278.9
75161,4936,57400,283.3
75171,4936,55900,275.9
75181,4940,57500,284.1
75191,4876,55900,272.6
75201,4936,57500,283.8
75211,4936,55900,275.9
75221,4936,57500,283.8
75231,4936,55900,275.9
75241,4940,57500,284.1
75251,4936,55900,275.9
75261,4940,57500,284.1
75271,4936,56600,279.4
75281,4936,57100,281.8
75291,4808,139100,668.8
75301,4936,56900,280.9
75311,4936,56500,278.9
75321,4940,56900,281.1
75332,4936,57500,283.8
75341,4936,55900,275.9
75351,4940,57500,284.1
75361,4936,55900,275.9
75371,4940,57500,284.1
75381,4936,55800,275.4
75391,4932,79100,390.1
75401,4936,55900,275.9
75411,4940,57500,284.1
75421,4936,55900,275.9
75431,4936,57500,283.8
75441,4936,55900,275.9
75451,4936,57500,283.8
75461,4936,56500,278.9
75471,4936,56900,280.9
75481,4936,56600,279.4
75491,4936,56800,280.4
75501,4704,149500,703.2
75511,4936,56800,280.4
75521,4936,57500,283.8
75531,4936,55900,275.9
75541,4936,57400,283.3
75551,4936,55900,275.9
75561,4936,57600,284.3
75571,4936,55900,275.9
75581,4936,57400,283.3
75591,4936,55900,275.9
75601,4808,146100,702.4
75611,4936,55900,275.9
75621,4936,57500,283.8
75631,4936,56000,276.4
75641,4936,57500,283.8
75651,4936,56600,279.4
75661,4936,56900,280.9
75671,4936,56500,278.9
75681,4936,56900,280.9
75691,4936,57500,283.8
75701,4812,134400,646.7
75711,4936,57500,283.8
75721,4936,56000,276.4
75731,4936,57400,283.3
75741,4936,55900,275.9
75751,4936,57500,283.8
75761,4936,55800,275.4
75771,4940,57500,284.1
75781,4936,55900,275.9
75791,4940,57500,284.1
75801,4936,58700,289.7
75811,4940,57500,284.1
75821,4936,56600,279.4
75831,4936,56700,279.9
75841,4936,56500,278.9
75851,4936,56900,280.9
75861,4936,56600,279.4
75871,4936,56800,280.4
75881,4940,57500,284.1
75891,4936,55900,275.9
75901,4936,57500,283.8
75911,4936,58700,289.7
75921,4936,57500,283.8
75931,4936,55900,275.9
75941,4936,57500,283.8
75951,4936,55900,275.9
75961,4936,57500,283.8
75971,4936,55900,275.9
75981,4936,57400,283.3
75991,4936,55900,275.9
76001,4936,57500,283.8
76011,4936,56500,278.9
76021,4804,56900,273.3
76031,4936,56500,278.9
76041,4936,56900,280.9
76051,4936,57300,282.8
76061,4936,56400,278.4
76071,4936,57500,283.8
76081,4936,55900,275.9
76091,4936,57500,283.8
76101,4936,55900,275.9
76111,4940,57500,284.1
76121,4812,212500,1022.5
76131,4940,57500,284.1
76141,4936,55900,275.9
76151,4936,57500,283.8
76161,4936,55800,275.4
76171,4940,57500,284.1
76181,4936,56500,278.9
76191,4940,57200,282.6
76201,4936,56600,279.4
76211,4936,56900,280.9
76221,4788,140400,672.2
76231,4940,56900,281.1
76241,4936,57400,283.3
76251,4936,55900,275.9
76261,4940,57500,284.1
76271,4936,55900,275.9
76281,4936,57500,283.8
76291,4936,55900,275.9
76301,4936,57600,284.3
76311,4936,55900,275.9
76321,4936,57500,283.8
76331,4808,140800,677.0
76341,4940,57500,284.1
76351,4936,55900,275.9
76361,4936,57500,283.8
76371,4936,56500,278.9
76381,4936,56900,280.9
76391,4936,56500,278.9
76401,4936,56800,280.4
76411,4936,56800,280.4
76421,4936,56800,280.4
76431,4940,57500,284.1
76441,4804,139000,667.8
76451,4936,57500,283.8
76461,4936,55900,275.9
76471,4936,57500,283.8
76481,4936,55900,275.9
76491,4936,57400,283.3
76501,4936,55900,275.9
76511,4940,57500,284.1
76521,4936,55900,275.9
76531,4936,57500,283.8
76541,4936,56100,276.9
76551,4804,141000,677.4
76561,4936,56500,278.9
76571,4936,56900,280.9
76581,4936,56500,278.9
76591,4936,56900,280.9
76601,4936,57500,283.8
76611,4936,55900,275.9
76621,4936,57500,283.8
76631,4936,55900,275.9
76641,4940,57500,284.1
76651,4936,55900,275.9
76661,4812,137000,659.2
76671,4936,55900,275.9
76681,4936,57500,283.8
76691,4936,55800,275.4
76701,4936,57500,283.8
76711,4936,55900,275.9
76721,4936,57500,283.8
76731,4936,56600,279.4
76741,4936,56700,279.9
76751,4936,56500,278.9
76761,4936,56800,280.4
76771,4936,56600,279.4
76781,4936,56800,280.4
76791,4936,57500,283.8
76801,4936,55900,275.9
76811,4936,57500,283.8
76821,4936,55800,275.4
76831,4940,57500,284.1
76841,4936,55900,275.9
76851,4940,57500,284.1
76861,4936,55900,275.9
76871,4808,142300,684.2
76881,4936,55900,275.9
76891,4940,57500,284.1
76901,4936,55900,275.9
76911,4936,57500,283.8
76921,4936,56500,278.9
76931,4936,56900,280.9
76941,4936,56600,279.4
76951,4936,56900,280.9
76961,4936,57300,282.8
76971,4936,56300,277.9
76981,4936,57500,283.8
76991,4936,55900,275.9
77001,4940,57500,284.1
77011,4932,55900,275.7
77021,4936,57500,283.8
77032,4936,55900,275.9
77041,4936,57500,283.8
77051,4936,55900,275.9
77061,4940,57500,284.1
77071,4936,55900,275.9
77081,4804,139400,669.7
77091,4936,56600,279.4
77101,4936,57100,281.8
77111,4936,56600,279.4
77121,4936,56900,280.9
77131,4936,56600,279.4
77141,4936,56900,280.9
77151,4936,57500,283.8
77161,4936,55900,275.9
77171,4936,57500,283.8
77181,4936,55900,275.9
77191,4940,57500,284.1
77201,4936,55900,275.9
77211,4936,57500,283.8
77221,4932,55900,275.7
77231,4936,57400,283.3
77241,4936,55800,275.4
77251,4936,57500,283.8
77261,4936,55900,275.9
77271,4940,57500,284.1
77281,4936,56600,279.4
77291,4808,141600,680.8
77301,4936,56600,279.4
77311,4936,56800,280.4
77321,4936,56800,280.4
77331,4936,56800,280.4
77341,4940,57400,283.6
77351,4936,55900,275.9
77361,4936,57500,283.8
77371,4936,55900,275.9
77381,4936,57500,283.8
77391,4936,56000,276.4
77401,4940,57500,284.1
77411,4936,55900,275.9
77421,4936,57500,283.8
77431,4936,55900,275.9
77441,4936,57500,283.8
77451,4936,56100,276.9
77461,4940,57400,283.6
77471,4936,56600,279.4
77481,4936,56900,280.9
77491,4936,56600,279.4
77501,4936,59200,292.2
77511,4936,57500,283.8
77521,4936,55900,275.9
77531,4936,57500,283.8
77541,4936,55800,275.4
77551,4940,57500,284.1
77561,4936,55800,275.4
77571,4940,57500,284.1
77581,4936,55900,275.9
77591,4936,57500,283.8
77601,4936,56000,276.4
77611,4800,129400,621.1
77621,4936,55900,275.9
77631,4936,57500,283.8
77641,4936,56600,279.4
77651,4936,56800,280.4
77661,4936,56500,278.9
77671,4936,56900,280.9
77681,4936,56600,279.4
77691,4936,56800,280.4
77701,4940,57500,284.1
77711,4900,159100,779.6
77721,4940,57500,284.1
77731,4936,55900,275.9
77741,4940,57500,284.1
77751,4936,55900,275.9
77761,4936,57500,283.8
77771,4936,55900,275.9
77781,4936,57500,283.8
77791,4936,55900,275.9
77801,4936,57500,283.8
77811,4936,55900,275.9
77821,4792,58300,279.4
77831,4936,56600,279.4
77841,4940,56800,280.6
77851,4936,56600,279.4
77861,4936,56800,280.4
77871,4936,57400,283.3
77881,4936,56300,277.9
77891,4936,57500,283.8
77901,4936,55900,275.9
77911,4936,57500,283.8
77921,4792,180500,865.0
77931,4940,57500,284.1
77941,4936,55900,275.9
77951,4936,57500,283.8
77961,4936,55800,275.4
77971,4940,57600,284.5
77981,4936,55900,275.9
77991,4936,57500,283.8
78001,4932,56600,279.2
78011,4936,56900,280.9
78021,4936,59400,293.2
78031,4936,56900,280.9
78041,4936,56500,278.9
78051,4936,56900,280.9
78061,4936,57500,283.8
78071,4936,55800,275.4
78081,4940,57500,284.1
78091,4936,55900,275.9
78101,4940,57500,284.1
78111,4936,55900,275.9
78121,4936,57500,283.8
78131,4888,55900,273.2
78141,4936,57500,283.8
78151,4936,56000,276.4
78161,4936,57500,283.8
78171,4936,55900,275.9
78181,4936,57500,283.8
78191,4936,56600,279.4
78201,4936,56900,280.9
78211,4940,56500,279.1
78221,4936,56800,280.4
78231,4808,143100,688.0
78241,4936,56800,280.4
78251,4936,57500,283.8
78261,4936,55900,275.9
78271,4936,57400,283.3
78281,4936,55900,275.9
78291,4936,57500,283.8
78301,4936,55900,275.9
78311,4940,57500,284.1
78321,4936,55800,275.4
78331,4936,57500,283.8
78341,4904,55900,274.1
78351,4940,57500,284.1
78361,4936,56200,277.4
78371,4936,57500,283.8
78381,4936,56500,278.9
78391,4936,56900,280.9
78401,4936,56600,279.4
78411,4936,56800,280.4
78421,4936,57500,283.8
78431,4936,55900,275.9
78441,4940,57500,284.1
78451,4936,55900,275.9
78461,4936,57400,283.3
78471,4936,55900,275.9
78481,4940,57500,284.1
78491,4936,55900,275.9
78501,4936,57500,283.8
78511,4936,55900,275.9
78521,4940,57500,284.1
78531,4936,55900,275.9
78541,4820,199300,960.6
78551,4936,56600,279.4
78561,4940,56800,280.6
78571,4936,56600,279.4
78581,4936,56900,280.9
78591,4936,56600,279.4
78601,4936,56900,280.9
78611,4940,57500,284.1
78621,4936,55900,275.9
78631,4936,57500,283.8
78641,4808,141500,680.3
78651,4936,57600,284.3
78661,4936,55900,275.9
78671,4940,57500,284.1
78681,4936,55900,275.9
78691,4940,57500,284.1
78701,4936,55900,275.9
78711,4940,57500,284.1
78721,4936,55900,275.9
78731,4936,57500,283.8
78742,4936,56600,279.4
78751,4816,166900,803.8
78761,4936,56500,278.9
78771,4936,56800,280.4
78781,4936,57400,283.3
78791,4936,56200,277.4
78801,4936,57500,283.8
78811,4936,55900,275.9
78821,4936,57500,283.8
78831,4936,55900,275.9
78841,4940,57500,284.1
78851,4932,55900,275.7
78861,4940,91500,452.0
78871,4936,55900,275.9
78881,4936,57500,283.8
78891,4936,55800,275.4
78901,4940,57500,284.1
78911,4936,56600,279.4
78921,4940,56900,281.1
78931,4936,56700,279.9
78941,4936,56800,280.4
78951,4936,56500,278.9
78961,4808,141900,682.3
78971,4936,57500,283.8
78981,4936,56000,276.4
78991,4940,57500,284.1
79001,4936,55900,275.9
79011,4940,57400,283.6
79021,4936,55900,275.9
79031,4936,57500,283.8
79041,4936,55900,275.9
79051,4940,57500,284.1
79061,4936,55900,275.9
79071,4936,74300,366.7
79081,4936,55900,275.9
79091,4936,57500,283.8
79101,4936,56600,279.4
79111,4936,56900,280.9
79121,4936,56600,279.4
79131,4936,56900,280.9
79141,4936,56900,280.9
79151,4936,56800,280.4
79161,4940,57500,284.1
79171,4816,215100,1035.9
79181,4940,57500,284.1
79191,4936,55900,275.9
79201,4936,57500,283.8
79211,4936,55900,275.9
79221,4940,57500,284.1
79231,4932,55900,275.7
79241,4936,57500,283.8
79251,4936,55900,275.9
79261,4936,57500,283.8
79271,4816,207100,997.4
79281,4940,57500,284.1
79291,4936,56500,278.9
79301,4936,56800,280.4
79311,4936,56500,278.9
79321,4936,56800,280.4
79331,4936,57500,283.8
79341,4936,55800,275.4
79351,4936,57500,283.8
79361,4936,55900,275.9
79371,4808,146000,702.0
79381,4936,55900,275.9
79391,4940,57500,284.1
79401,4936,55900,275.9
79411,4940,57500,284.1
79421,4936,55900,275.9
79431,4940,57500,284.1
79441,4936,55900,275.9
79451,4936,57500,283.8
79461,4936,56500,278.9
79471,4936,56800,280.4
79481,4752,134000,636.8
79491,4936,56800,280.4
79501,4936,56500,278.9
79511,4936,56800,280.4
79521,4940,57500,284.1
79531,4936,55800,275.4
79541,4936,57500,283.8
79551,4936,55900,275.9
79561,4936,57500,283.8
79571,4936,55900,275.9
79581,4808,145500,699.6
79591,4936,55900,275.9
79601,4936,57500,283.8
79611,4936,55900,275.9
79621,4936,57500,283.8
79631,4936,55900,275.9
79641,4940,57500,284.1
79651,4936,56700,279.9
79661,4936,56800,280.4
79671,4936,56500,278.9
79681,4936,57300,282.8
79691,4936,57500,283.8
79701,4936,56300,277.9
79711,4940,57500,284.1
79721,4936,55900,275.9
79731,4940,57500,284.1
79741,4936,55900,275.9
79751,4940,57500,284.1
79761,4936,55900,275.9
79771,4936,57500,283.8
79781,4936,55900,275.9
79791,4820,201800,972.7
79801,4936,55900,275.9
79811,4936,57500,283.8
79821,4936,56600,279.4
79831,4936,56900,280.9
79841,4936,56600,279.4
79851,4936,56900,280.9
79861,4936,56600,279.4
79871,4936,56800,280.4
79881,4936,57500,283.8
79891,4732,141600,670.1
79901,4940,57500,284.1
79911,4936,56000,276.4
79921,4936,57500,283.8
79931,4936,56000,276.4
79941,4940,57400,283.6
79951,4936,55900,275.9
79961,4936,57500,283.8
79971,4936,56000,276.4
79981,4936,57500,283.8
79991,4936,55800,275.4
80001,4788,65900,315.5
80011,4936,56600,279.4
80021,4936,56900,280.9
80031,4936,56500,278.9
80041,4936,56800,280.4
80051,4936,57000,281.4
80061,4936,56700,279.9
80071,4940,57500,284.1
80081,4936,55900,275.9
80091,4936,57500,283.8
80101,4848,56000,271.5
80111,4936,57400,283.3
80121,4936,55800,275.4
80131,4940,57500,284.1
80141,4936,55800,275.4
80151,4940,57500,284.1
80161,4936,55900,275.9
80171,4936,57500,283.8
80181,4936,56300,277.9
80191,4936,57400,283.3
80201,4808,146000,702.0
80211,4936,56800,280.4
80221,4936,56500,278.9
80231,4936,56900,280.9
80241,4936,57500,283.8
80251,4936,55900,275.9
80261,4936,57500,283.8
80271,4936,55900,275.9
80281,4936,57500,283.8
80291,4936,55900,275.9
80301,4788,142000,679.9
80311,4936,55900,275.9
80321,4936,57500,283.8
80331,4936,55900,275.9
80341,4936,57500,283.8
80351,4936,55900,275.9
80361,4936,57500,283.8
80371,4936,56500,278.9
80381,4936,56900,280.9
80391,4936,56500,278.9
80401,4936,56800,280.4
80411,4808,139900,672.6
80421,4936,56900,280.9
80431,4940,57500,284.1
80442,4936,55900,275.9
80451,4936,57500,283.8
80461,4936,55900,275.9
80471,4940,57500,284.1
80481,4936,55900,275.9
80491,4940,57500,284.1
80501,4936,55900,275.9
80511,4792,111700,535.3
80521,4936,56000,276.4
80531,4940,57500,284.1
80541,4936,55900,275.9
80551,4936,57600,284.3
80561,4936,56500,278.9
80571,4936,56800,280.4
80581,4936,56600,279.4
80591,4936,56800,280.4
80601,4936,57500,283.8
80611,4936,56000,276.4
80621,4812,134300,646.3
80631,4936,55800,275.4
80641,4936,57400,283.3
80651,4936,55900,275.9
80661,4936,57500,283.8
80671,4936,55900,275.9
80681,4936,57500,283.8
80691,4936,55900,275.9
80701,4936,57500,283.8
80711,4936,55900,275.9
80721,4940,57500,284.1
80731,4924,56600,278.7
80741,4936,56900,280.9
80751,4936,56600,279.4
80761,4940,56800,280.6
80771,4936,56600,279.4
80781,4940,56800,280.6
80791,4936,57500,283.8
80801,4936,56000,276.4
80811,4940,57400,283.6
80821,4936,55800,275.4
80831,4828,134900,651.3
80841,4936,56000,276.4
80851,4936,57500,283.8
80861,4936,55900,275.9
80871,4936,57500,283.8
80881,4936,55900,275.9
80891,4936,57500,283.8
80901,4936,56000,276.4
80911,4936,57500,283.8
80921,4936,56600,279.4
80931,4936,142300,702.4
80941,4936,56500,278.9
80951,4936,56900,280.9
80961,4936,57100,281.8
80971,4936,56600,279.4
80981,4940,57500,284.1
80991,4936,55900,275.9
81001,4936,57500,283.8
81011,4936,56000,276.4
81021,4936,57500,283.8
81031,4936,55900,275.9
81041,4820,201600,971.7
81051,4936,56000,276.4
81061,4940,57400,283.6
81071,4936,55900,275.9
81081,4936,57500,283.8
81091,4936,56500,278.9
81101,4936,57200,282.3
81111,4936,56500,278.9
81121,4936,56900,280.9
81131,4936,56600,279.4
81141,4812,141300,679.9
81151,4936,57500,283.8
81161,4940,55900,276.1
81171,4940,57500,284.1
81181,4936,55900,275.9
81191,4936,57500,283.8
81201,4936,55900,275.9
81211,4940,57500,284.1
81221,4936,55800,275.4
81231,4936,57500,283.8
81241,4804,141300,678.8
81251,4936,89100,439.8
81261,4936,55900,275.9
81271,4936,57500,283.8
81281,4936,56500,278.9
81291,4936,56800,280.4
81301,4936,56600,279.4
81311,4936,56800,280.4
81321,4936,56700,279.9
81331,4936,56900,280.9
81341,4936,57400,283.3
81351,4808,140300,674.6
81361,4936,57500,283.8
81371,4936,55900,275.9
81381,4940,57500,284.1
81391,4936,55900,275.9
81401,4936,57500,283.8
81411,4936,55900,275.9
81421,4940,57500,284.1
81431,4936,55900,275.9
81441,4936,57600,284.3
81451,4936,56000,276.4
81461,4780,67800,324.1
81471,4936,56600,279.4
81481,4936,56800,280.4
81491,4936,56500,278.9
81501,4936,56800,280.4
81511,4936,57500,283.8
81521,4936,56000,276.4
81531,4936,57500,283.8
81541,4936,55900,275.9
81551,4936,57500,283.8
81561,4712,129700,611.1
81571,4936,57500,283.8
81581,4936,55900,275.9
81591,4936,57500,283.8
81601,4936,55900,275.9
81611,4936,57500,283.8
81621,4936,55800,275.4
81631,4940,57500,284.1
81641,4936,56600,279.4
81651,4940,56800,280.6
81661,4936,56500,278.9
81671,4816,207600,999.8
81681,4936,56500,278.9
81691,4936,56800,280.4
81701,4940,57500,284.1
81711,4936,55900,275.9
81721,4940,57500,284.1
81731,4936,55900,275.9
81741,4936,57400,283.3
81751,4936,55900,275.9
81761,4936,57400,283.3
81771,4872,155500,757.6
81781,4936,57500,283.8
81791,4936,55900,275.9
81801,4936,57500,283.8
81811,4936,55900,275.9
81821,4936,57500,283.8
81831,4936,56600,279.4
81841,4936,56900,280.9
81851,4936,56500,278.9
81861,4936,56900,280.9
81871,4940,57200,282.6
81881,4808,56600,272.1
81891,4936,57400,283.3
81901,4936,55900,275.9
81911,4936,57500,283.8
81921,4936,55800,275.4
81931,4936,57500,283.8
81941,4936,55800,275.4
81951,4940,57500,284.1
81961,4936,55900,275.9
81971,4940,57500,284.1
81981,4936,55900,275.9
81991,4760,81200,386.5
82001,4936,56400,278.4
82011,4936,57300,282.8
82021,4936,56500,278.9
82031,4936,56900,280.9
82041,4936,56600,279.4
82051,4936,56800,280.4
82061,4936,57400,283.3
82071,4936,55900,275.9
82081,4940,57500,284.1
82091,4728,138900,656.7
82101,4936,57400,283.3
82111,4936,55900,275.9
82121,4936,57500,283.8
82131,4936,55900,275.9
82145,4936,56800,280.4
82151,4936,55900,275.9
82161,4936,57400,283.3
82171,4936,55900,275.9
82181,4936,57500,283.8
82191,4936,56500,278.9
82201,4816,208400,1003.7
82211,4936,56500,278.9
82221,4936,56900,280.9
82231,4936,56700,279.9
82241,4936,56800,280.4
82251,4936,57500,283.8
82261,4936,55800,275.4
82271,4940,57500,284.1
82281,4936,55900,275.9
82291,4940,57500,284.1
82301,4808,133800,643.3
82311,4936,57600,284.3
82321,4936,55900,275.9
82331,4936,57400,283.3
82341,4936,55900,275.9
82351,4940,57500,284.1
82361,4936,56000,276.4
82371,4936,57500,283.8
82381,4936,56600,279.4
82391,4936,56800,280.4
82401,4936,56500,278.9
82411,4800,56900,273.1
82421,4936,57600,284.3
82431,4936,56000,276.4
82441,4940,57500,284.1
82451,4936,55900,275.9
82461,4940,57500,284.1
82471,4936,55900,275.9
82481,4936,57500,283.8
82491,4936,55900,275.9
82501,4936,57600,284.3
82511,4936,55800,275.4
82521,4936,92700,457.6
82531,4936,55900,275.9
82541,4940,57400,283.6
82551,4932,56600,279.2
82561,4936,56800,280.4
82571,4936,56500,278.9
82581,4936,56800,280.4
82591,4936,56600,279.4
82601,4940,56800,280.6
82611,4936,57500,283.8
82621,4820,189200,911.9
82631,4940,57500,284.1
82641,4936,55900,275.9
82651,4936,57500,283.8
82661,4936,55900,275.9
82671,4936,57500,283.8
82681,4936,55900,275.9
82691,4936,57500,283.8
82701,4936,55900,275.9
82711,4940,57500,284.1
82721,4936,58700,289.7
82731,4936,57600,284.3
82741,4936,56600,279.4
82751,4936,56900,280.9
82761,4936,56500,278.9
82771,4936,56800,280.4
82781,4936,57300,282.8
82791,4936,56300,277.9
82801,4936,57500,283.8
82811,4936,55800,275.4
82821,4940,57400,283.6
82831,4808,141500,680.3
82841,4936,57500,283.8
82851,4936,55900,275.9
82861,4936,57500,283.8
82871,4936,55900,275.9
82881,4940,57500,284.1
82891,4936,55900,275.9
82901,4936,57500,283.8
82911,4936,56600,279.4
82921,4940,57000,281.6
82931,4936,56600,279.4
82941,4808,141200,678.9
82951,4936,56600,279.4
82961,4936,56900,280.9
82971,4936,57400,283.3
82981,4936,55800,275.4
82991,4936,57400,283.3
83001,4936,55900,275.9
83011,4936,57500,283.8
83021,4936,55900,275.9
83031,4940,57500,284.1
83041,4816,135900,654.5
83051,4936,57500,283.8
83061,4936,55900,275.9
83071,4936,57400,283.3
83081,4936,55900,275.9
83091,4940,57400,283.6
83101,4936,56500,278.9
83111,4936,56900,280.9
83121,4936,56500,278.9
83131,4936,56900,280.9
83141,4936,56800,280.4
83151,4776,170000,811.9
83161,4936,57400,283.3
83171,4936,55900,275.9
83181,4936,57500,283.8
83191,4932,56000,276.2
83201,4940,57500,284.1
83211,4936,55900,275.9
83221,4936,57500,283.8
83231,4936,55900,275.9
83241,4936,57500,283.8
83251,4720,136700,645.2
83261,4940,57500,284.1
83271,4936,56100,276.9
83281,4936,57500,283.8
83291,4936,56500,278.9
83301,4936,56900,280.9
83311,4936,56500,278.9
83321,4936,56800,280.4
83331,4936,57500,283.8
83341,4936,55900,275.9
83351,4936,57500,283.8
83361,4820,197200,950.5
83371,4936,57500,283.8
83381,4936,55900,275.9
83391,4940,57500,284.1
83401,4936,55800,275.4
83411,4940,57500,284.1
83421,4936,55900,275.9
83431,4936,57500,283.8
83441,4936,55900,275.9
83451,4936,57500,283.8
83461,4936,56500,278.9
83471,4780,70500,337.0
83481,4936,56600,279.4
83491,4936,56900,280.9
83501,4936,56600,279.4
83511,4936,56800,280.4
83521,4936,57500,283.8
83531,4936,55900,275.9
83541,4936,57400,283.3
83551,4936,55900,275.9
83561,4940,57500,284.1
83571,4800,141400,678.7
83581,4936,57500,283.8
83591,4936,55800,275.4
83601,4940,57500,284.1
83611,4936,55900,275.9
83621,4936,57500,283.8
83631,4936,55900,275.9
83641,4936,57500,283.8
83651,4936,56500,278.9
83661,4936,56800,280.4
83671,4808,146600,704.9
83681,4936,56900,280.9
83691,4936,57500,283.8
83701,4936,56300,277.9
83711,4936,57500,283.8
83721,4936,55900,275.9
83731,4936,57600,284.3
83741,4936,55900,275.9
83751,4936,57500,283.8
83761,4936,55900,275.9
83771,4932,57500,283.6
83781,4936,56000,276.4
83791,4940,57500,284.1
83801,4936,55900,275.9
83811,4940,57500,284.1
83821,4936,56600,279.4
83831,4940,56900,281.1
83842,4936,56600,279.4
83851,4936,56800,280.4
83861,4936,56500,278.9
83871,4936,56900,280.9
83881,4796,143400,687.7
83891,4936,55900,275.9
83901,4936,57600,284.3
83911,4936,56000,276.4
83921,4940,57500,284.1
83931,4936,55900,275.9
83941,4940,57400,283.6
83951,4936,55900,275.9
83961,4936,57500,283.8
83971,4936,55900,275.9
83981,4936,57500,283.8
83991,4748,152200,722.6
84001,4936,57500,283.8
84011,4936,56600,279.4
84021,4936,56900,280.9
84031,4936,56600,279.4
84041,4936,56800,280.4
84051,4936,57000,281.4
84061,4936,56700,279.9
84071,4936,57500,283.8
84081,4936,55900,275.9
84091,4800,138000,662.4
84101,4936,55900,275.9
84111,4936,57500,283.8
84121,4936,55900,275.9
84131,4936,57500,283.8
84141,4936,55900,275.9
84151,4936,57600,284.3
84161,4936,55900,275.9
84171,4936,57500,283.8
84181,4936,56400,278.4
84191,4816,143300,690.1
84201,4936,56500,278.9
84211,4936,56900,280.9
84221,4936,56600,279.4
84231,4936,56800,280.4
84241,4936,57500,283.8
84251,4936,55900,275.9
84261,4936,57500,283.8
84271,4936,55900,275.9
84281,4936,57600,284.3
84291,4936,58700,289.7
84301,4936,57500,283.8
84311,4936,55900,275.9
84321,4936,57500,283.8
84331,4936,56000,276.4
84341,4940,57500,284.1
84351,4936,56000,276.4
84361,4940,57500,284.1
84371,4936,56600,279.4
84381,4936,56900,280.9
84391,4936,56600,279.4
84401,4804,143500,689.4
84411,4936,56600,279.4
84421,4936,56800,280.4
84431,4940,57500,284.1
84441,4936,55900,275.9
84451,4940,57500,284.1
84461,4936,55900,275.9
84471,4940,57500,284.1
84481,4936,55900,275.9
84491,4940,57500,284.1
84501,4936,55900,275.9
84511,4700,139100,653.8
84521,4936,55900,275.9
84531,4940,57500,284.1
84541,4936,56000,276.4
84551,4940,57500,284.1
84561,4936,56500,278.9
84571,4936,56800,280.4
84581,4936,56600,279.4
84591,4936,56800,280.4
84601,4936,57500,283.8
84611,4784,171300,819.5
84621,4936,57500,283.8
84631,4936,55900,275.9
84641,4936,57500,283.8
84651,4936,56000,276.4
84661,4940,57600,284.5
84671,4936,55900,275.9
84681,4936,57500,283.8
84691,4936,55900,275.9
84701,4936,57500,283.8
84711,4936,58700,289.7
84721,4936,57500,283.8
84731,4936,56600,279.4
84741,4936,56800,280.4
84751,4936,56600,279.4
84761,4936,56800,280.4
84771,4936,56600,279.4
84781,4936,56900,280.9
84791,4936,57500,283.8
84801,4936,55900,275.9
84811,4936,57500,283.8
84821,4748,149500,709.8
84831,4936,57500,283.8
84841,4936,55900,275.9
84851,4936,57500,283.8
84861,4936,55900,275.9
84871,4940,57500,284.1
84881,4936,56000,276.4
84891,4940,57400,283.6
84901,4936,55900,275.9
84911,4936,57400,283.3
84921,4936,56500,278.9
84931,4816,130200,627.0
84941,4936,56600,279.4
84951,4940,56900,281.1
84961,4936,57200,282.3
84971,4936,56500,278.9
84981,4940,57500,284.1
84991,4936,56000,276.4
85001,4936,57500,283.8
85011,4936,55900,275.9
85021,4940,57500,284.1
85031,4936,55900,275.9
85041,4936,120400,594.3
85051,4936,56000,276.4
85061,4940,57500,284.1
85071,4936,55900,275.9
85081,4936,57500,283.8
85091,4936,56400,278.4
85101,4936,57200,282.3
85111,4936,56500,278.9
85121,4936,56800,280.4
85131,4936,56600,279.4
85141,4808,143600,690.4
85151,4940,57500,284.1
85161,4936,55900,275.9
85171,4936,57400,283.3
85181,4936,55900,275.9
85191,4940,57500,284.1
85201,4936,55900,275.9
85211,4940,57400,283.6
85221,4936,55900,275.9
85231,4936,57500,283.8
85241,4936,55900,275.9
85251,4820,200800,967.9
85261,4936,55900,275.9
85271,4936,57500,283.8
85281,4936,56500,278.9
85291,4936,56800,280.4
85301,4936,56500,278.9
85311,4936,56800,280.4
85321,4936,56700,279.9
85331,4936,56800,280.4
85341,4936,57500,283.8
85351,4804,140200,673.5
85361,4936,57500,283.8
85371,4936,55900,275.9
85381,4940,57500,284.1
85391,4936,55900,275.9
85401,4940,57500,284.1
85411,4936,56000,276.4
85421,4940,57500,284.1
85431,4936,55900,275.9
85441,4940,57500,284.1
85451,4936,56100,276.9
85461,4820,186600,899.4
85471,4936,56600,279.4
85481,4936,56900,280.9
85491,4936,56500,278.9
85501,4936,56900,280.9
85511,4936,57500,283.8
85521,4936,56000,276.4
85531,4936,57500,283.8
85542,4936,55800,275.4
85551,4936,57400,283.3
85561,4808,141400,679.9
85571,4940,57500,284.1
85581,4936,55900,275.9
85591,4940,57500,284.1
85601,4936,55900,275.9
85611,4936,57500,283.8
85621,4936,55900,275.9
85631,4940,57500,284.1
85641,4936,56500,278.9
85651,4936,56800,280.4
85661,4936,56500,278.9
85671,4808,144900,696.7
85681,4936,56600,279.4
85691,4936,56800,280.4
85701,4940,57500,284.1
85711,4936,55900,275.9
85721,4940,57400,283.6
85731,4936,55900,275.9
85741,4936,57500,283.8
85751,4936,55900,275.9
85761,4940,57400,283.6
85771,4936,55900,275.9
85781,4812,144900,697.3
85791,4936,55900,275.9
85801,4940,57500,284.1
85811,4936,56000,276.4
85821,4940,57500,284.1
85831,4936,56600,279.4
85841,4936,56800,280.4
85851,4936,56600,279.4
85861,4936,56900,280.9
85871,4936,57400,283.3
85881,4936,56200,277.4
85891,4768,172700,823.4
85901,4936,55900,275.9
85911,4940,57500,284.1
85921,4936,55900,275.9
85931,4936,57500,283.8
85941,4936,55800,275.4
85951,4940,57500,284.1
85961,4936,55900,275.9
85971,4936,57500,283.8
85981,4936,55900,275.9
85991,4820,139400,671.9
86001,4936,56600,279.4
86011,4936,57000,281.4
86021,4936,56500,278.9
86031,4936,56800,280.4
86041,4936,56500,278.9
86051,4936,56900,280.9
86061,4936,57500,283.8
86071,4936,55900,275.9
86081,4940,57500,284.1
86091,4820,203100,978.9
86101,4940,57500,284.1
86111,4936,55900,275.9
86121,4940,57500,284.1
86131,4936,55900,275.9
86141,4936,57500,283.8
86151,4936,55900,275.9
86161,4936,57500,283.8
86171,4936,55900,275.9
86181,4936,57500,283.8
86191,4936,56500,278.9
86201,4816,133100,641.0
86211,4936,56600,279.4
86221,4936,56900,280.9
86231,4936,56800,280.4
86241,4936,56800,280.4
86251,4936,57500,283.8
86261,4936,55900,275.9
86271,4936,57500,283.8
86281,4936,55900,275.9
86291,4940,57400,283.6
86301,4724,137600,650.0
86311,4940,57500,284.1
86321,4936,55800,275.4
86331,4940,57500,284.1
86341,4936,55900,275.9
86351,4936,57600,284.3
86361,4936,56200,277.4
86371,4936,57400,283.3
86381,4936,56500,278.9
86391,4940,56800,280.6
86401,4808,141900,682.3
86411,4936,56800,280.4
86421,4936,57500,283.8
86431,4936,55900,275.9
86441,4936,57500,283.8
86451,4932,55900,275.7
86461,4936,57500,283.8
86471,4936,55900,275.9
86481,4936,57500,283.8
86491,4936,55800,275.4
86501,4940,57500,284.1
86511,4856,55900,271.5
86521,4936,57500,283.8
86531,4936,55900,275.9
86541,4936,57500,283.8
86551,4936,56500,278.9
86561,4936,56800,280.4
86571,4936,56600,279.4
86581,4936,56900,280.9
86591,4936,56600,279.4
86601,4936,56800,280.4
86611,4808,142400,684.7
86621,4936,56000,276.4
86631,4936,57500,283.8
86641,4936,55800,275.4
86651,4940,57500,284.1
86661,4936,55900,275.9
86671,4936,57500,283.8
86681,4936,55800,275.4
86691,4940,57500,284.1
86701,4936,55900,275.9
86711,4940,57400,283.6
86721,4936,55900,275.9
86731,4940,57500,284.1
86741,4936,56500,278.9
86751,4936,56800,280.4
86761,4936,56600,279.4
86771,4936,56800,280.4
86781,4936,57500,283.8
86791,4936,56200,277.4
86801,4936,57500,283.8
86811,4936,55900,275.9
86821,4788,143100,685.2
86831,4936,56000,276.4
86841,4940,57500,284.1
86851,4936,55900,275.9
86861,4936,57500,283.8
86871,4936,55900,275.9
86881,4940,57500,284.1
86891,4936,55900,275.9
86901,4940,57500,284.1
86911,4936,56600,279.4
86921,4936,56800,280.4
86931,4904,56600,277.6
86941,4936,56800,280.4
86951,4936,56600,279.4
86961,4936,56800,280.4
86971,4936,57400,283.3
86981,4936,56000,276.4
86991,4940,57400,283.6
87001,4936,55900,275.9
87011,4936,57500,283.8
87021,4936,55900,275.9
87031,4808,142500,685.1
87041,4936,55900,275.9
87051,4936,57500,283.8
87061,4936,55900,275.9
87071,4940,57500,284.1
87081,4936,55900,275.9
87091,4940,57500,284.1
87101,4936,56600,279.4
87111,4936,56900,280.9
87121,4936,56500,278.9
87131,4808,142100,683.2
87141,4936,57100,281.8
87151,4936,56700,279.9
87161,4936,57500,283.8
87171,4936,55900,275.9
87181,4940,57500,284.1
87191,4936,55900,275.9
87201,4936,57500,283.8
87211,4936,55900,275.9
87221,4936,57500,283.8
87231,4936,56000,276.4
87242,4696,148300,696.4
87251,4936,56000,276.4
87261,4936,57500,283.8
87271,4936,56500,278.9
87281,4936,57300,282.8
87291,4936,56500,278.9
87301,4936,56800,280.4
87311,4936,56600,279.4
87321,4936,56900,280.9
87331,4936,57500,283.8
87341,4816,157500,758.5
87351,4940,57500,284.1
87361,4936,55800,275.4
87371,4936,57500,283.8
87381,4936,55900,275.9
87391,4940,57500,284.1
87401,4936,55900,275.9
87411,4936,57500,283.8
87421,4936,55900,275.9
87431,4936,57500,283.8
87441,4808,141000,677.9
87451,4936,57600,284.3
87461,4936,56600,279.4
87471,4936,56800,280.4
87481,4936,56600,279.4
87491,4936,56800,280.4
87501,4936,56700,279.9
87511,4940,56900,281.1
87521,4940,57500,284.1
87531,4936,55900,275.9
87541,4940,57400,283.6
87551,4804,143000,687.0
87561,4936,57600,284.3
87571,4936,55900,275.9
87581,4940,57600,284.5
87591,4936,55900,275.9
87601,4940,57500,284.1
87611,4936,55900,275.9
87621,4940,57500,284.1
87631,4936,56100,276.9
87641,4936,57400,283.3
87651,4936,59300,292.7
87661,4936,56900,280.9
87671,4936,56600,279.4
87681,4936,56900,280.9
87691,4936,57500,283.8
87701,4936,55900,275.9
87711,4940,57600,284.5
87721,4936,55900,275.9
87731,4940,57500,284.1
87741,4936,55900,275.9
87751,4936,57500,283.8
87761,4816,209600,1009.4
87771,4940,57500,284.1
87781,4936,56000,276.4
87791,4936,57500,283.8
87801,4936,55900,275.9
87811,4940,57500,284.1
87821,4936,56500,278.9
87831,4936,56800,280.4
87841,4936,56500,278.9
87851,4936,56900,280.9
87861,4708,130900,616.3
87871,4936,56800,280.4
87881,4940,57500,284.1
87891,4936,55900,275.9
87901,4940,57400,283.6
87911,4932,55900,275.7
87921,4940,57500,284.1
87931,4936,55900,275.9
87941,4936,57500,283.8
87951,4936,55900,275.9
87961,4936,57500,283.8
87971,4820,214100,1032.0
87981,4940,57600,284.5
87991,4936,55900,275.9
88001,4940,57500,284.1
88011,4936,56500,278.9
88021,4936,56800,280.4
88031,4936,56500,278.9
88041,4936,56800,280.4
88051,4936,57400,283.3
88061,4936,56300,277.9
88071,4808,143900,691.9
88081,4936,56000,276.4
88091,4936,57500,283.8
88101,4936,55900,275.9
88111,4936,57500,283.8
88121,4936,55900,275.9
88131,4936,57500,283.8
88141,4936,55900,275.9
88151,4936,57500,283.8
88161,4936,55900,275.9
88171,4936,57500,283.8
88181,4820,209300,1008.8
88191,4940,57000,281.6
88201,4936,56600,279.4
88211,4940,56800,280.6
88221,4936,56600,279.4
88231,4936,56900,280.9
88241,4936,57500,283.8
88251,4936,56000,276.4
88261,4936,57500,283.8
88271,4936,55900,275.9
88281,4780,138500,662.0
88291,4936,55900,275.9
88301,4936,57500,283.8
88311,4936,55900,275.9
88321,4940,57500,284.1
88331,4936,55900,275.9
88341,4936,57400,283.3
88351,4936,55900,275.9
88361,4936,57500,283.8
88371,4936,56600,279.4
88381,4936,56900,280.9
88391,4820,216900,1045.5
88401,4936,56900,280.9
88411,4936,56900,280.9
88421,4936,56700,279.9
88431,4936,57500,283.8
88441,4936,55900,275.9
88451,4936,57500,283.8
88461,4936,56000,276.4
88471,4936,57500,283.8
88481,4936,55900,275.9
88491,4812,144300,694.4
88501,4936,55900,275.9
88511,4936,57500,283.8
88521,4936,55900,275.9
88531,4940,57500,284.1
88541,4936,56300,277.9
88551,4936,57400,283.3
88561,4936,56600,279.4
88571,4936,56800,280.4
88581,4936,56600,279.4
88591,4936,56800,280.4
88601,4924,57500,283.1
88611,4936,55900,275.9
88621,4940,57500,284.1
88631,4936,55900,275.9
88641,4940,57500,284.1
88651,4936,55900,275.9
88661,4936,57500,283.8
88671,4936,55900,275.9
88681,4940,57600,284.5
88691,4936,55800,275.4
88701,4688,114400,536.3
88711,4936,55900,275.9
88721,4936,57500,283.8
88731,4936,56500,278.9
88741,4936,56800,280.4
88751,4936,56500,278.9
88761,4936,56800,280.4
88771,4936,56600,279.4
88781,4936,56900,280.9
88791,4940,57400,283.6
88801,4804,140900,676.9
88811,4936,57500,283.8
88821,4936,55900,275.9
88831,4940,57500,284.1
88841,4936,55900,275.9
88851,4940,57500,284.1
88861,4936,55900,275.9
88871,4940,57500,284.1
88881,4936,55900,275.9
88891,4936,57500,283.8
88901,4936,55900,275.9
88911,4724,97000,458.2
88921,4936,56500,278.9
88931,4936,56900,280.9
88942,4936,57500,283.8
88951,4936,56800,280.4
88961,4936,57500,283.8
88971,4936,56000,276.4
88981,4936,57500,283.8
88991,4936,55900,275.9
89001,4936,57500,283.8
89011,4820,180000,867.6
89021,4936,57500,283.8
89031,4936,55900,275.9
89041,4936,57500,283.8
89051,4936,56000,276.4
89061,4940,57500,284.1
89071,4936,55900,275.9
89081,4936,57500,283.8
89091,4936,56600,279.4
89101,4936,56700,279.9
89111,4936,59400,293.2
89121,4936,56900,280.9
89131,4936,56600,279.4
89141,4940,56800,280.6
89151,4940,57500,284.1
89161,4936,55900,275.9
89171,4936,57400,283.3
89181,4936,55900,275.9
89191,4936,57500,283.8
89201,4936,55900,275.9
89211,4940,57500,284.1
89221,4800,141100,677.3
89231,4940,57500,284.1
89241,4936,55900,275.9
89251,4940,57500,284.1
89261,4936,55900,275.9
89271,4940,57500,284.1
89281,4936,56600,279.4
89291,4936,56800,280.4
89301,4936,56600,279.4
89311,4936,56800,280.4
89321,4936,57300,282.8
89331,4820,207100,998.2
89341,4936,57500,283.8
89351,4936,55900,275.9
89361,4940,57500,284.1
89371,4936,55900,275.9
89381,4936,57500,283.8
89391,4936,55900,275.9
89401,4936,57500,283.8
89411,4936,55800,275.4
89421,4936,57500,283.8
89431,4712,129800,611.6
89441,4936,57500,283.8
89451,4936,56600,279.4
89461,4936,57200,282.3
89471,4936,56500,278.9
89481,4936,56900,280.9
89491,4936,56600,279.4
89501,4940,56800,280.6
89511,4940,57500,284.1
89521,4936,55800,275.4
89531,4940,57400,283.6
89541,4800,55800,267.8
89551,4940,57500,284.1
89561,4936,55800,275.4
89571,4936,57400,283.3
89581,4932,55900,275.7
89591,4936,57500,283.8
89601,4936,55900,275.9
89611,4936,57500,283.8
89621,4936,55900,275.9
89631,4936,57500,283.8
89641,4808,141500,680.3
89651,4936,56800,280.4
89661,4936,56600,279.4
89671,4936,56800,280.4
89681,4936,56700,279.9
89691,4936,56800,280.4
89701,4940,57500,284.1
89711,4936,55900,275.9
89721,4940,57500,284.1
89731,4936,56000,276.4
89741,4940,57400,283.6
89751,4800,141700,680.2
89761,4936,57500,283.8
89771,4936,55900,275.9
89781,4936,57600,284.3
89791,4936,55900,275.9
89801,4936,57500,283.8
89811,4936,56100,276.9
89821,4936,57500,283.8
89831,4936,56500,278.9
89841,4940,56800,280.6
89851,4840,153200,741.5
89861,4936,56800,280.4
89871,4936,57600,284.3
89881,4936,55900,275.9
89891,4936,57500,283.8
89901,4936,56000,276.4
89911,4940,57500,284.1
89921,4936,55900,275.9
89931,4936,57400,283.3
89941,4936,55900,275.9
89951,4940,57500,284.1
89961,4832,55900,270.1
89971,4940,57500,284.1
89981,4936,55900,275.9
89991,4940,57500,284.1
90001,4936,56500,278.9
90011,4940,56800,280.6
90021,4936,56500,278.9
90031,4936,56800,280.4
90041,4936,56600,279.4
90051,4936,56800,280.4
90061,4708,132200,622.4
90071,4936,56000,276.4
90081,4936,57500,283.8
90091,4936,55900,275.9
90101,4936,57500,283.8
90111,4936,55800,275.4
90121,4940,57500,284.1
90131,4936,56000,276.4
90141,4940,57500,284.1
90151,4936,55900,275.9
90161,4932,87600,432.0
90171,4936,55900,275.9
90181,4940,57500,284.1
90191,4936,56600,279.4
90201,4936,56900,280.9
90211,4936,56600,279.4
90221,4936,56800,280.4
90231,4936,57500,283.8
90241,4936,56200,277.4
90251,4940,57500,284.1
90261,4936,56000,276.4
90271,4800,144400,693.1
90281,4936,55900,275.9
90291,4936,57500,283.8
90301,4936,55900,275.9
90311,4940,57500,284.1
90321,4936,55900,275.9
90331,4936,57500,283.8
90341,4936,55900,275.9
90351,4936,57500,283.8
90361,4936,56600,279.4
90371,4936,56900,280.9
90381,4812,211700,1018.7
90391,4936,56800,280.4
90401,4936,56600,279.4
90411,4936,56900,280.9
90421,4936,57500,283.8
90431,4936,55900,275.9
90441,4936,57500,283.8
90451,4936,55900,275.9
90461,4936,57500,283.8
90471,4936,56000,276.4
90481,4712,134800,635.2
90491,4936,55800,275.4
90501,4940,57500,284.1
90511,4936,56000,276.4
90521,4936,57600,284.3
90531,4936,55900,275.9
90541,4936,57500,283.8
90551,4936,56600,279.4
90561,4936,56900,280.9
90571,4936,56600,279.4
90581,4812,146000,702.6
90591,4936,57100,281.8
90601,4936,56700,279.9
90611,4936,57500,283.8
90621,4936,56000,276.4
90631,4936,57500,283.8
90642,4936,55900,275.9
90651,4940,57500,284.1
90661,4936,55900,275.9
90671,4936,57500,283.8
90681,4936,58700,289.7
90691,4940,57500,284.1
90701,4936,56000,276.4
90711,4936,57500,283.8
90721,4936,56400,278.4
90731,4940,57200,282.6
90741,4936,56600,279.4
90751,4936,56800,280.4
90761,4936,56600,279.4
90771,4936,56800,280.4
90781,4936,57500,283.8
90791,4812,137000,659.2
90801,4936,57500,283.8
90811,4936,55900,275.9
90821,4936,57600,284.3
90831,4936,56000,276.4
90841,4940,57500,284.1
90851,4936,55900,275.9
90861,4940,57500,284.1
90871,4936,55900,275.9
90881,4940,57500,284.1
90891,4804,141200,678.3
90901,4936,57500,283.8
90911,4936,56600,279.4
90921,4936,56900,280.9
90931,4936,56500,278.9
90941,4936,56800,280.4
90951,4936,56600,279.4
90961,4936,56800,280.4
90971,4936,57500,283.8
90981,4936,55900,275.9
90991,4804,146700,704.7
91001,4936,55900,275.9
91011,4936,57500,283.8
91021,4936,55800,275.4
91031,4936,57500,283.8
91041,4936,55900,275.9
91051,4936,57500,283.8
91061,4936,55900,275.9
91071,4940,57500,284.1
91081,4936,56000,276.4
91091,4936,57500,283.8
91101,4716,135200,637.6
91111,4936,56800,280.4
91121,4936,56500,278.9
91131,4936,56900,280.9
91141,4936,57500,283.8
91151,4936,56000,276.4
91161,4936,57500,283.8
91171,4936,55900,275.9
91181,4940,57500,284.1
91191,4936,55800,275.4
91201,4776,168500,804.8
91211,4936,55900,275.9
91221,4940,57500,284.1
91231,4936,55800,275.4
91241,4936,57500,283.8
91251,4936,55900,275.9
91261,4936,57500,283.8
91271,4936,56500,278.9
91281,4936,56700,279.9
91291,4936,56500,278.9
91301,4932,114200,563.2
91311,4936,56600,279.4
91321,4936,56800,280.4
91331,4940,57600,284.5
91341,4936,55900,275.9
91351,4940,57500,284.1
91361,4936,55900,275.9
91371,4936,57400,283.3
91381,4936,55900,275.9
91391,4940,57500,284.1
91401,4936,58500,288.8
91411,4936,57500,283.8
91421,4936,55900,275.9
91431,4940,57500,284.1
91441,4936,55900,275.9
91451,4940,57600,284.5
91461,4936,56600,279.4
91471,4936,56800,280.4
91481,4936,56500,278.9
91491,4936,56900,280.9
91501,4936,57400,283.3
91511,4816,204400,984.4
91521,4940,57400,283.6
91531,4936,55900,275.9
91541,4940,57500,284.1
91551,4936,55900,275.9
91561,4940,57500,284.1
91571,4936,55900,275.9
91581,4940,57500,284.1
91591,4936,55900,275.9
91601,4936,57500,283.8
91611,4936,55800,275.4
91621,4812,204700,985.0
91631,4936,56600,279.4
91641,4940,57000,281.6
91651,4936,56600,279.4
91661,4936,56900,280.9
91671,4936,56500,278.9
91681,4936,56800,280.4
91691,4936,57500,283.8
91701,4936,55900,275.9
91711,4940,57500,284.1
91721,4936,55900,275.9
91731,4708,135000,635.6
91741,4936,55900,275.9
91751,4936,57500,283.8
91761,4936,55900,275.9
91771,4940,57500,284.1
91781,4936,55800,275.4
91791,4936,57400,283.3
91801,4936,55800,275.4
91811,4940,57500,284.1
91821,4936,56600,279.4
91831,4936,56900,280.9
91841,4816,210600,1014.2
91851,4936,56900,280.9
91861,4936,56900,280.9
91871,4936,56800,280.4
91881,4936,57400,283.3
91891,4936,55900,275.9
91901,4936,57400,283.3
91911,4936,55900,275.9
91921,4940,57400,283.6
91931,4936,56000,276.4
91941,4712,134900,635.6
91951,4936,55900,275.9
91961,4940,57500,284.1
91971,4936,55900,275.9
91981,4940,57500,284.1
91991,4936,56300,277.9
92001,4940,57500,284.1
92011,4936,56600,279.4
92021,4936,56800,280.4
92031,4936,56500,278.9
92041,4936,56900,280.9
92051,4824,219800,1060.3
92061,4936,55900,275.9
92071,4936,57500,283.8
92081,4936,55900,275.9
92091,4940,57500,284.1
92101,4936,55900,275.9
92111,4940,57500,284.1
92121,4936,55900,275.9
92131,4940,57500,284.1
92141,4936,55900,275.9
92151,4812,196600,946.0
92161,4936,55900,275.9
92171,4936,57500,283.8
92181,4936,56500,278.9
92191,4936,56800,280.4
92201,4936,56500,278.9
92211,4936,56900,280.9
92221,4936,56500,278.9
92231,4936,56800,280.4
92241,4940,57500,284.1
92251,4808,141100,678.4
92261,4940,57500,284.1
92271,4936,55900,275.9
92281,4936,57500,283.8
92291,4936,55900,275.9
92301,4940,57500,284.1
92311,4936,55900,275.9
92321,4940,57500,284.1
92331,4936,55900,275.9
92342,4940,57500,284.1
92351,4936,56000,276.4
92361,4828,135000,651.8
92371,4936,56600,279.4
92381,4936,56900,280.9
92391,4936,56600,279.4
92401,4936,56900,280.9
92411,4936,57500,283.8
92421,4936,56000,276.4
92431,4936,57500,283.8
92441,4936,55900,275.9
92451,4936,57500,283.8
92461,4936,56000,276.4
92471,4940,143800,710.4
92481,4936,55900,275.9
92491,4936,57500,283.8
92501,4936,55900,275.9
92511,4936,57500,283.8
92521,4936,55900,275.9
92531,4940,57500,284.1
92541,4936,56600,279.4
92551,4940,56800,280.6
92561,4936,56600,279.4
92571,4816,141600,681.9
92581,4936,56600,279.4
92591,4936,56800,280.4
92601,4936,57500,283.8
92611,4936,55900,275.9
92621,4940,57500,284.1
92631,4936,56000,276.4
92641,4940,57500,284.1
92651,4936,55800,275.4
92661,4936,57500,283.8
92671,4916,151700,745.8
92681,4936,57500,283.8
92691,4936,55900,275.9
92701,4940,57500,284.1
92711,4936,55900,275.9
92721,4936,57500,283.8
92731,4936,56600,279.4
92741,4936,56800,280.4
92751,4936,56600,279.4
92761,4936,56900,280.9
92771,4936,57300,282.8
92781,4812,142600,686.2
92791,4936,57500,283.8
92801,4936,55900,275.9
92811,4940,57500,284.1
92821,4936,55800,275.4
92831,4936,57500,283.8
92841,4936,55900,275.9
92851,4940,57500,284.1
92861,4936,55900,275.9
92871,4936,57400,283.3
92881,4936,55900,275.9
92891,4692,121500,570.1
92901,4936,56500,278.9
92911,4940,57200,282.6
92921,4936,56500,278.9
92931,4936,56900,280.9
92941,4936,56500,278.9
92951,4936,56800,280.4
92961,4936,57500,283.8
92971,4936,55900,275.9
92981,4940,57500,284.1
92991,4808,141000,677.9
93001,4940,57500,284.1
93011,4936,55900,275.9
93021,4936,57500,283.8
93031,4936,55900,275.9
93041,4940,57400,283.6
93051,4936,55800,275.4
93061,4936,57500,283.8
93071,4936,55800,275.4
93081,4940,57500,284.1
93091,4936,59300,292.7
93101,4936,56900,280.9
93111,4936,56500,278.9
93121,4936,56800,280.4
93131,4936,56800,280.4
93141,4936,56800,280.4
93151,4940,57400,283.6
93161,4936,55900,275.9
93171,4936,57500,283.8
93181,4936,55900,275.9
93191,4936,57400,283.3
93201,4820,202900,978.0
93211,4936,57500,283.8
93221,4936,55900,275.9
93231,4936,57500,283.8
93241,4936,55800,275.4
93251,4940,57600,284.5
93261,4936,56200,277.4
93271,4940,57400,283.6
93281,4940,56600,279.6
93291,4936,56800,280.4
93301,4860,154200,749.4
93311,4936,56900,280.9
93321,4936,57500,283.8
93331,4936,55900,275.9
93341,4936,57500,283.8
93351,4936,55900,275.9
93361,4936,57500,283.8
93371,4936,56000,276.4
93381,4936,57500,283.8
93391,4936,55900,275.9
93401,4936,57400,283.3
93411,4808,141400,679.9
93421,4940,57500,284.1
93431,4936,55900,275.9
93441,4936,57500,283.8
93451,4936,56500,278.9
93461,4936,56800,280.4
93471,4936,56600,279.4
93481,4936,56800,280.4
93491,4936,56500,278.9
93501,4936,56700,279.9
93511,4940,57500,284.1
93521,4812,202600,974.9
93531,4936,57500,283.8
93541,4936,55800,275.4
93551,4940,57500,284.1
93561,4936,56000,276.4
93571,4936,57400,283.3
93581,4936,55900,275.9
93591,4940,57500,284.1
93601,4936,55900,275.9
93611,4936,57500,283.8
93621,4824,203100,979.8
93631,4940,57500,284.1
93641,4936,56500,278.9
93651,4936,56800,280.4
93661,4936,56600,279.4
93671,4936,56800,280.4
93681,4936,57500,283.8
93691,4936,56100,276.9
93701,4940,57400,283.6
93711,4936,55900,275.9
93721,4940,57500,284.1
93731,4820,206600,995.8
93741,4940,57500,284.1
93751,4936,55900,275.9
93761,4940,57500,284.1
93771,4936,55800,275.4
93781,4940,57500,284.1
93791,4936,55900,275.9
93801,4936,57400,283.3
93811,4936,56600,279.4
93821,4940,56800,280.6
93831,4936,59400,293.2
93841,4936,56800,280.4
93851,4936,56600,279.4
93861,4936,56900,280.9
93871,4936,57500,283.8
93881,4936,55900,275.9
93891,4940,57500,284.1
93901,4936,55900,275.9
93911,4940,57500,284.1
93921,4936,55900,275.9
93931,4940,57500,284.1
93941,4820,201000,968.8
93951,4940,57500,284.1
93961,4936,55900,275.9
93971,4936,57500,283.8
93981,4936,55900,275.9
93991,4936,57500,283.8
94001,4936,56500,278.9
94011,4936,56900,280.9
94021,4936,56500,278.9
94031,4936,56800,280.4
94042,4804,142500,684.6
94051,4936,56600,279.4
94061,4936,57500,283.8
94071,4936,55900,275.9
94081,4936,57500,283.8
94091,4936,55800,275.4
94101,4940,57500,284.1
94111,4936,55900,275.9
94121,4940,57500,284.1
94131,4936,55800,275.4
94141,4940,57400,283.6
94151,4828,55900,269.9
94161,4936,57500,283.8
94171,4936,56500,278.9
94181,4936,57200,282.3
94191,4936,56600,279.4
94201,4936,56800,280.4
94211,4936,56600,279.4
94221,4936,56700,279.9
94231,4936,57500,283.8
94241,4936,55900,275.9
94251,4716,132400,624.4
94261,4936,55900,275.9
94271,4936,57500,283.8
94281,4936,56000,276.4
94291,4936,57500,283.8
94301,4936,55900,275.9
94311,4940,57600,284.5
94321,4936,55800,275.4
94331,4940,57500,284.1
94341,4936,55900,275.9
94351,4936,57500,283.8
94361,4936,56600,279.4
94371,4936,56900,280.9
94381,4936,56600,279.4
94391,4936,56800,280.4
94401,4936,56700,279.9
94411,4936,56900,280.9
94421,4936,57500,283.8
94431,4936,55900,275.9
94441,4940,57500,284.1
94451,4936,55900,275.9
94461,4936,150300,741.9
94471,4936,55900,275.9
94481,4936,57500,283.8
94491,4936,55900,275.9
94501,4936,57500,283.8
94511,4936,55900,275.9
94521,4940,57500,284.1
94531,4936,56100,276.9
94541,4936,57500,283.8
94551,4936,56600,279.4
94561,4812,202700,975.4
94571,4936,56600,279.4
94581,4936,56900,280.9
94591,4936,57500,283.8
94601,4936,55900,275.9
94611,4940,57500,284.1
94621,4936,55900,275.9
94631,4936,57500,283.8
94641,4936,55900,275.9
94651,4936,57500,283.8
94661,4936,55900,275.9
94671,4936,143200,706.8
94681,4936,55900,275.9
94691,4936,57500,283.8
94701,4936,55900,275.9
94711,4940,57500,284.1
94721,4936,56500,278.9
94731,4940,56800,280.6
94741,4936,56500,278.9
94751,4936,56900,280.9
94761,4936,56600,279.4
94771,4936,56800,280.4
94781,4936,57500,283.8
94791,4936,55900,275.9
94801,4936,57500,283.8
94811,4936,56000,276.4
94821,4940,57500,284.1
94831,4936,55900,275.9
94841,4940,57500,284.1
94851,4936,55900,275.9
94861,4936,57500,283.8
94871,4936,55900,275.9
94881,4936,76500,377.6
94891,4936,55900,275.9
94901,4936,57500,283.8
94911,4936,56600,279.4
94921,4936,56800,280.4
94931,4936,56500,278.9
94941,4936,56900,280.9
94951,4936,57500,283.8
94961,4940,56200,277.6
94971,4936,57400,283.3
94981,4936,55900,275.9
94991,4812,142300,684.7
95001,4936,55900,275.9
95011,4936,57500,283.8
95021,4936,55900,275.9
95031,4936,57500,283.8
95041,4936,55900,275.9
95051,4940,57500,284.1
95061,4936,56000,276.4
95071,4936,57500,283.8
95081,4936,56600,279.4
95091,4936,56800,280.4
95101,4808,141500,680.3
95111,4936,56800,280.4
95121,4936,56500,278.9
95131,4936,56900,280.9
95141,4940,57500,284.1
95151,4936,56000,276.4
95161,4936,57500,283.8
95171,4936,55900,275.9
95181,4940,57500,284.1
95191,4936,55900,275.9
95201,4936,57500,283.8
95211,4804,55900,268.5
95221,4940,57500,284.1
95231,4936,55900,275.9
95241,4936,57500,283.8
95251,4936,55900,275.9
95261,4936,57500,283.8
95271,4936,56500,278.9
95281,4936,56900,280.9
95291,4936,56500,278.9
95301,4936,56800,280.4
95311,4804,142600,685.1
95321,4940,56600,279.6
95331,4936,57400,283.3
95341,4936,55900,275.9
95351,4936,57400,283.3
95361,4936,55900,275.9
95371,4940,57500,284.1
95381,4936,55900,275.9
95391,4936,57600,284.3
95401,4936,55800,275.4
95411,4936,57500,283.8
95421,4816,56000,269.7
95431,4936,57500,283.8
95441,4936,56400,278.4
95451,4940,57200,282.6
95461,4936,56500,278.9
95471,4940,56800,280.6
95481,4936,56600,279.4
95491,4936,56900,280.9
95501,4936,57400,283.3
95511,4936,55900,275.9
95521,4940,60300,297.9
95531,4936,55900,275.9
95541,4940,57500,284.1
95551,4936,55900,275.9
95561,4940,57500,284.1
95571,4936,55800,275.4
95581,4940,57500,284.1
95591,4936,55900,275.9
95601,4936,57500,283.8
95611,4936,55900,275.9
95621,4936,57400,283.3
95631,4712,130300,614.0
95641,4940,56900,281.1
95651,4936,56500,278.9
95661,4936,56800,280.4
95671,4936,56700,279.9
95681,4936,56900,280.9
95691,4940,57500,284.1
95701,4936,55900,275.9
95711,4940,57500,284.1
95721,4936,55900,275.9
95731,4940,57500,284.1
95741,4820,209200,1008.3
95752,4940,57500,284.1
95761,4936,55800,275.4
95771,4940,57400,283.6
95781,4936,55900,275.9
95791,4940,57500,284.1
95801,4936,56100,276.9
95811,4936,57500,283.8
95821,4936,56500,278.9
95831,4936,56800,280.4
95841,4712,135300,637.5
95851,4936,56900,280.9
95861,4936,57500,283.8
95871,4936,55900,275.9
95881,4940,57500,284.1
95891,4936,55900,275.9
95901,4940,57500,284.1
95911,4936,55900,275.9
95921,4940,57400,283.6
95931,4936,55900,275.9
95941,4812,143000,688.1
95951,4936,55900,275.9
95961,4936,57500,283.8
95971,4936,56000,276.4
95981,4940,57500,284.1
95991,4936,56600,279.4
96001,4940,56800,280.6
96011,4936,56500,278.9
96021,4936,56800,280.4
96031,4936,56600,279.4
96041,4936,56800,280.4
96051,4816,139200,670.4
96061,4936,55900,275.9
96071,4940,57500,284.1
96081,4936,55900,275.9
96091,4940,57400,283.6
96101,4936,55900,275.9
96111,4940,57500,284.1
96121,4936,55900,275.9
96131,4936,57500,283.8
96141,4936,55900,275.9
96151,4936,73800,364.3
96161,4936,56000,276.4
96171,4940,57500,284.1
96181,4936,56600,279.4
96191,4936,56800,280.4
96201,4936,56500,278.9
96211,4936,56800,280.4
96221,4936,57400,283.3
96231,4936,56300,277.9
96241,4940,57400,283.6
96251,4936,55900,275.9
96261,4828,150100,724.7
96271,4936,55900,275.9
96281,4936,57500,283.8
96291,4936,55900,275.9
96301,4940,57500,284.1
96311,4936,55900,275.9
96321,4936,57500,283.8
96331,4936,55900,275.9
96341,4940,57500,284.1
96351,4936,56600,279.4
96361,4940,56900,281.1
96371,4800,141700,680.2
96381,4936,56900,280.9
96391,4936,56500,278.9
96401,4936,56900,280.9
96411,4936,57400,283.3
96421,4936,55900,275.9
96431,4940,57500,284.1
96441,4936,55900,275.9
96451,4936,57500,283.8
96461,4936,55900,275.9
96471,4936,57500,283.8
96481,4800,55900,268.3
96491,4936,57500,283.8
96501,4936,55900,275.9
96511,4940,57500,284.1
96521,4936,55900,275.9
96531,4940,57500,284.1
96541,4936,56600,279.4
96551,4936,56900,280.9
96561,4936,56500,278.9
96571,4936,56900,280.9
96581,4936,59800,295.2
96591,4940,56800,280.6
96601,4936,57500,283.8
96611,4936,55900,275.9
96621,4940,57500,284.1
96631,4932,55900,275.7
96641,4940,57500,284.1
96651,4936,55900,275.9
96661,4936,57500,283.8
96671,4936,55800,275.4
96681,4936,57500,283.8
96691,4808,141000,677.9
96701,4936,57500,283.8
96711,4936,56300,277.9
96721,4936,57300,282.8
96731,4936,56500,278.9
96741,4936,56900,280.9
96751,4936,56600,279.4
96761,4936,56800,280.4
96771,4936,57400,283.3
96781,4936,55900,275.9
96791,4936,57400,283.3
96801,4808,144400,694.3
96811,4936,57500,283.8
96821,4936,55900,275.9
96831,4940,57500,284.1
96841,4936,55900,275.9
96851,4940,57500,284.1
96861,4936,55900,275.9
96871,4940,57400,283.6
96881,4936,55900,275.9
96891,4936,57400,283.3
96901,4808,140700,676.5
96911,4936,56900,280.9
96921,4936,56600,279.4
96931,4936,56800,280.4
96941,4936,56600,279.4
96951,4936,56800,280.4
96961,4940,57500,284.1
96971,4936,55900,275.9
96981,4936,57400,283.3
96991,4936,55900,275.9
97001,4936,57500,283.8
97011,4796,59300,284.4
97021,4940,57500,284.1
97031,4936,55900,275.9
97041,4940,57500,284.1
97051,4936,55900,275.9
97061,4940,57400,283.6
97071,4936,55900,275.9
97081,4936,57500,283.8
97091,4936,56600,279.4
97101,4936,56800,280.4
97111,4936,59400,293.2
97121,4940,56900,281.1
97131,4936,57600,284.3
97141,4936,56100,276.9
97151,4936,57500,283.8
97161,4936,56000,276.4
97171,4936,57400,283.3
97181,4936,55900,275.9
97191,4940,57500,284.1
97201,4932,55900,275.7
97211,4936,57500,283.8
97221,4936,55900,275.9
97231,4936,57500,283.8
97241,4936,55900,275.9
97251,4936,57500,283.8
97261,4936,56600,279.4
97271,4936,56800,280.4
97281,4940,56500,279.1
97291,4936,56800,280.4
97301,4936,56500,278.9
97311,4936,56900,280.9
97321,4936,57500,283.8
97331,4804,198900,955.5
97341,4936,57500,283.8
97351,4936,55900,275.9
97361,4940,57500,284.1
97371,4936,55900,275.9
97381,4936,57500,283.8
97391,4936,55900,275.9
97401,4936,57500,283.8
97411,4936,55900,275.9
97421,4936,57500,283.8
97431,4936,58500,288.8
97441,4936,57500,283.8
97452,4936,56600,279.4
97461,4936,56900,280.9
97471,4936,56500,278.9
97481,4936,56900,280.9
97491,4936,57300,282.8
97501,4936,56400,278.4
97511,4936,57500,283.8
97521,4936,55900,275.9
97531,4936,57500,283.8
97541,4776,72800,347.7
97551,4940,57500,284.1
97561,4936,56000,276.4
97571,4936,57500,283.8
97581,4936,55900,275.9
97591,4940,57500,284.1
97601,4936,55900,275.9
97611,4936,57500,283.8
97621,4936,56600,279.4
97631,4936,56900,280.9
97641,4808,141500,680.3
97651,4936,56800,280.4
97661,4936,56600,279.4
97671,4936,56900,280.9
97681,4936,57500,283.8
97691,4936,56000,276.4
97701,4936,57400,283.3
97711,4936,55900,275.9
97721,4936,57500,283.8
97731,4936,55900,275.9
97741,4940,57500,284.1
97751,4816,154400,743.6
97761,4936,57500,283.8
97771,4936,55900,275.9
97781,4936,57500,283.8
97791,4936,55800,275.4
97801,4936,57500,283.8
97811,4936,56500,278.9
97821,4936,56800,280.4
97831,4936,56500,278.9
97841,4936,56800,280.4
97851,4804,141900,681.7
97861,4936,56800,280.4
97871,4936,57500,283.8
97881,4936,55900,275.9
97891,4940,57400,283.6
97901,4936,55900,275.9
97911,4936,57400,283.3
97921,4936,55900,275.9
97931,4936,57400,283.3
97941,4936,55900,275.9
97951,4940,57400,283.6
97961,4936,55900,275.9
97971,4940,57500,284.1
97981,4936,56200,277.4
97991,4940,57400,283.6
98001,4936,56500,278.9
98011,4936,56900,280.9
98021,4936,56600,279.4
98031,4936,56900,280.9
98041,4936,57500,283.8
98051,4936,55800,275.4
98061,4720,135500,639.6
98071,4936,55900,275.9
98081,4936,57500,283.8
98091,4936,55900,275.9
98101,4940,57500,284.1
98111,4936,55900,275.9
98121,4936,57400,283.3
98131,4936,55800,275.4
98141,4936,57500,283.8
98151,4936,55900,275.9
98161,4936,57500,283.8
98171,4816,211500,1018.6
98181,4940,56800,280.6
98191,4936,56600,279.4
98201,4940,56800,280.6
98211,4936,56500,278.9
98221,4940,56900,281.1
98231,4936,57500,283.8
98241,4936,55900,275.9
98251,4940,57400,283.6
98261,4936,56000,276.4
98271,4708,136400,642.2
98281,4936,55900,275.9
98291,4940,57400,283.6
98301,4936,55900,275.9
98311,4936,57500,283.8
98321,4936,56000,276.4
98331,4936,57500,283.8
98341,4936,56000,276.4
98351,4936,57500,283.8
98361,4936,56600,279.4
98371,4936,56800,280.4
98381,4708,131700,620.0
98391,4936,56900,280.9
98401,4936,57500,283.8
98411,4936,56100,276.9
98421,4940,57400,283.6
98431,4936,55900,275.9
98441,4940,57500,284.1
98451,4936,55800,275.4
98461,4940,57500,284.1
98471,4936,55900,275.9
98481,4940,57500,284.1
98491,4820,207200,998.7
98501,4936,57500,283.8
98511,4936,55900,275.9
98521,4936,57500,283.8
98531,4936,56600,279.4
98541,4936,56800,280.4
98551,4936,56500,278.9
98561,4936,56900,280.9
98571,4936,56600,279.4
98581,4936,56800,280.4
98591,4936,57500,283.8
98601,4816,137700,663.2
98611,4936,57500,283.8
98621,4936,55900,275.9
98631,4936,57500,283.8
98641,4936,55900,275.9
98651,4940,57500,284.1
98661,4936,55900,275.9
98671,4936,57400,283.3
98681,4936,55900,275.9
98691,4940,57500,284.1
98701,4916,154600,760.0
98711,4936,57500,283.8
98721,4936,56500,278.9
98731,4936,56800,280.4
98741,4936,56500,278.9
98751,4936,56900,280.9
98761,4936,57300,282.8
98771,4936,56400,278.4
98781,4936,57500,283.8
98791,4936,55900,275.9
98801,4936,59900,295.7
98811,4936,56000,276.4
98821,4936,57500,283.8
98831,4936,55900,275.9
98841,4940,57500,284.1
98851,4936,55800,275.4
98861,4940,57600,284.5
98871,4936,55800,275.4
98881,4936,57500,283.8
98891,4936,56500,278.9
98901,4940,57000,281.6
98911,4816,216200,1041.2
98921,4936,56800,280.4
98931,4936,56600,279.4
98941,4936,56800,280.4
98951,4936,57400,283.3
98961,4936,55900,275.9
98971,4936,57500,283.8
98981,4936,55900,275.9
98991,4936,57500,283.8
99001,4936,55800,275.4
99011,4940,57500,284.1
99021,4820,144700,697.5
99031,4940,57500,284.1
99041,4936,55900,275.9
99051,4936,57500,283.8
99061,4936,55900,275.9
99071,4936,57500,283.8
99081,4936,56600,279.4
99091,4936,56900,280.9
99101,4936,56500,278.9
99111,4936,56900,280.9
99121,4884,160100,781.9
99131,4936,56800,280.4
99141,4936,57500,283.8
99152,4936,55900,275.9
99161,4936,57500,283.8
99171,4936,55900,275.9
99181,4936,57500,283.8
99191,4936,55900,275.9
99201,4940,57400,283.6
99211,4936,56000,276.4
99221,4940,57400,283.6
99231,4804,139900,672.1
99241,4936,57600,284.3
99251,4936,56200,277.4
99261,4936,57400,283.3
99271,4936,56500,278.9
99281,4936,56900,280.9
99291,4936,56500,278.9
99301,4940,56800,280.6
99311,4936,57500,283.8
99321,4936,55800,275.4
99331,4936,57400,283.3
99341,4812,136100,654.9
99351,4936,57400,283.3
99361,4936,56000,276.4
99371,4940,57500,284.1
99381,4936,55900,275.9
99391,4940,57500,284.1
99401,4936,55900,275.9
99411,4936,57500,283.8
99421,4936,55900,275.9
99431,4936,57500,283.8
99441,4820,198900,958.7
99451,4940,56800,280.6
99461,4936,56600,279.4
99471,4940,56800,280.6
99481,4936,56600,279.4
99491,4936,56800,280.4
99501,4936,57500,283.8
99511,4936,55900,275.9
99521,4936,57500,283.8
99531,4936,55900,275.9
99541,4720,138700,654.7
99551,4936,55900,275.9
99561,4940,57500,284.1
99571,4936,55900,275.9
99581,4940,57500,284.1
99591,4936,55900,275.9
99601,4940,57400,283.6
99611,4936,56000,276.4
99621,4940,57500,284.1
99631,4936,56500,278.9
99641,4936,56800,280.4
99651,4812,218800,1052.9
99661,4936,56900,280.9
99671,4936,57500,283.8
99681,4940,56000,276.6
99691,4936,57500,283.8
99701,4936,55900,275.9
99711,4936,57500,283.8
99721,4936,55900,275.9
99731,4936,57500,283.8
99741,4936,55900,275.9
99751,4936,57500,283.8
99761,4936,55900,275.9
99771,4940,57500,284.1
99781,4936,55900,275.9
99791,4940,57500,284.1
99801,4936,56500,278.9
99811,4936,56800,280.4
99821,4940,56500,279.1
99831,4936,56800,280.4
99841,4936,56500,278.9
99851,4936,56800,280.4
99861,4824,215300,1038.6
99871,4936,55900,275.9
99881,4936,57400,283.3
99891,4936,55900,275.9
99901,4940,57500,284.1
99911,4936,55900,275.9
99921,4936,57500,283.8
99931,4936,55900,275.9
99941,4940,57400,283.6
99951,4936,55800,275.4
99961,4936,57500,283.8
99971,4808,55900,268.8
99981,4940,57500,284.1
99991,4936,56600,279.4
100001,4936,56800,280.4
100011,4936,56600,279.4
100021,4936,56800,280.4
100031,4936,57400,283.3
100041,4936,56300,277.9
100051,4940,57500,284.1
100061,4936,55900,275.9
100071,4940,59900,295.9
100081,4936,55900,275.9
100091,4936,57500,283.8
100101,4936,55900,275.9
100111,4940,57500,284.1
100121,4936,55900,275.9
100131,4936,57500,283.8
100141,4936,55900,275.9
100151,4940,57500,284.1
100161,4936,56600,279.4
100171,4940,56900,281.1
100181,4824,212000,1022.7
100191,4936,56900,280.9
100201,4936,56500,278.9
100211,4936,56900,280.9
100221,4936,57500,283.8
100231,4936,55900,275.9
100241,4936,57500,283.8
100251,4936,55900,275.9
100261,4940,57500,284.1
100271,4936,55900,275.9
100281,4808,141900,682.3
100291,4936,55900,275.9
100301,4940,57400,283.6
100311,4936,55900,275.9
100321,4936,57500,283.8
100331,4936,55900,275.9
100341,4936,57500,283.8
100351,4936,56500,278.9
100361,4936,56900,280.9
100371,4936,56600,279.4
100381,4936,56800,280.4
100391,4936,57000,281.4
100401,4936,56700,279.9
100411,4936,57500,283.8
100421,4936,55900,275.9
100431,4940,57400,283.6
100441,4936,55900,275.9
100451,4940,57500,284.1
100461,4936,55900,275.9
100471,4940,57500,284.1
100481,4936,55900,275.9
100491,4784,143200,685.1
100501,4936,55900,275.9
100511,4936,57500,283.8
100521,4936,56400,278.4
100531,4940,57400,283.6
100541,4936,56600,279.4
100551,4936,56800,280.4
100561,4936,56600,279.4
100571,4936,56800,280.4
100581,4936,57400,283.3
100591,4936,55900,275.9
100601,4804,142500,684.6
100611,4936,55900,275.9
100621,4940,57500,284.1
100631,4936,56000,276.4
100641,4936,57500,283.8
100651,4936,55900,275.9
100661,4940,57500,284.1
100671,4936,55900,275.9
100681,4936,57500,283.8
100691,4936,55800,275.4
100701,4936,69100,341.1
100711,4936,56600,279.4
100721,4936,56800,280.4
100731,4936,56500,278.9
100741,4936,56800,280.4
100751,4936,56700,279.9
100761,4936,56900,280.9
100771,4936,57400,283.3
100781,4936,55900,275.9
100791,4936,57500,283.8
100801,4936,55900,275.9
100811,4732,137100,648.8
100822,4936,55900,275.9
100831,4940,57400,283.6
100841,4936,55900,275.9
100851,4936,57500,283.8
100861,4936,55900,275.9
100871,4940,57500,284.1
100881,4936,56100,276.9
100891,4936,57500,283.8
100901,4936,56500,278.9
100911,4936,56900,280.9
100921,4936,56600,279.4
100931,4936,56800,280.4
100941,4936,57500,283.8
100951,4936,55900,275.9
100961,4940,57500,284.1
100971,4936,55800,275.4
100981,4936,57500,283.8
100991,4936,55900,275.9
101001,4936,57500,283.8
101011,4936,55900,275.9
101021,4720,136000,641.9
101031,4936,55900,275.9
101041,4940,57500,284.1
101051,4936,55900,275.9
101061,4940,57500,284.1
101071,4936,56600,279.4
101081,4936,56800,280.4
101091,4936,56500,278.9
101101,4936,56800,280.4
101111,4936,56600,279.4
101121,4932,89200,439.9
101131,4940,57500,284.1
101141,4936,55900,275.9
101151,4936,57600,284.3
101161,4936,56000,276.4
101171,4940,57400,283.6
101181,4936,55900,275.9
101191,4936,57500,283.8
101201,4936,55900,275.9
101211,4940,57400,283.6
101221,4936,56000,276.4
101231,4812,145600,700.6
101241,4936,55900,275.9
101251,4940,57500,284.1
101261,4936,56500,278.9
101271,4940,56800,280.6
101281,4936,56500,278.9
101291,4936,56900,280.9
101301,4936,57400,283.3
101311,4936,56100,276.9
101321,4936,57500,283.8
101331,4804,140900,676.9
101341,4936,57400,283.3
101351,4936,55900,275.9
101361,4936,57500,283.8
101371,4936,55900,275.9
101381,4936,57500,283.8
101391,4936,55900,275.9
101401,4936,57500,283.8
101411,4936,55900,275.9
101421,4936,57500,283.8
101431,4936,56600,279.4
101441,4696,140600,660.3
101451,4936,56500,278.9
101461,4936,56900,280.9
101471,4936,56600,279.4
101481,4936,56800,280.4
101491,4936,57500,283.8
101501,4936,55900,275.9
101511,4936,57500,283.8
101521,4936,55900,275.9
101531,4936,57400,283.3
101541,4820,190300,917.2
101551,4936,57600,284.3
101561,4936,56000,276.4
101571,4940,57600,284.5
101581,4936,55800,275.4
101591,4936,57400,283.3
101601,4936,55900,275.9
101611,4936,57500,283.8
101621,4936,56600,279.4
101631,4940,56800,280.6
101641,4936,56600,279.4
101651,4688,123600,579.4
101661,4936,57200,282.3
101671,4936,56600,279.4
101681,4936,57500,283.8
101691,4936,55900,275.9
101701,4940,57500,284.1
101711,4936,55900,275.9
101721,4940,57500,284.1
101731,4936,55900,275.9
101741,4940,57400,283.6
101751,4808,142500,685.1
101761,4936,57500,283.8
101771,4936,55900,275.9
101781,4936,57500,283.8
101791,4936,56500,278.9
101801,4936,57200,282.3
101811,4936,56600,279.4
101821,4940,56800,280.6
101831,4936,56500,278.9
101841,4936,56900,280.9
101851,4936,57500,283.8
101861,4820,151500,730.2
101871,4940,57500,284.1
101881,4936,55900,275.9
101891,4936,57500,283.8
101901,4936,55900,275.9
101911,4940,57500,284.1
101921,4936,55900,275.9
101931,4936,57500,283.8
101941,4936,55900,275.9
101951,4940,57400,283.6
101961,4936,55900,275.9
101971,4936,57500,283.8
101981,4936,56600,279.4
101991,4936,56900,280.9
102001,4936,56500,278.9
102011,4936,56800,280.4
102021,4936,56800,280.4
102031,4936,56800,280.4
102041,4940,57400,283.6
102051,4936,55900,275.9
102061,4936,57500,283.8
102071,4808,198700,955.3
102081,4940,57500,284.1
102091,4936,55900,275.9
102101,4940,57500,284.1
102111,4936,55900,275.9
102121,4940,57400,283.6
102131,4936,55900,275.9
102141,4940,57500,284.1
102151,4936,56200,277.4
102161,4940,57400,283.6
102171,4808,142200,683.7
102181,4940,56900,281.1
102191,4936,56600,279.4
102201,4936,56900,280.9
102211,4936,57600,284.3
102221,4936,55900,275.9
102231,4940,57500,284.1
102241,4936,55900,275.9
102251,4936,57400,283.3
102261,4936,55900,275.9
102271,4836,58900,284.8
102281,4936,55900,275.9
102291,4940,57600,284.5
102301,4936,55900,275.9
102311,4936,57500,283.8
102321,4936,55900,275.9
102331,4936,57400,283.3
102341,4936,56600,279.4
102351,4936,56800,280.4
102361,4936,56600,279.4
102371,4936,56800,280.4
102381,4832,208100,1005.5
102391,4936,56900,280.9
102401,4936,57500,283.8
102411,4936,55900,275.9
102421,4940,57500,284.1
102431,4936,55900,275.9
102441,4936,57500,283.8
102452,4936,55900,275.9
102461,4936,57500,283.8
102471,4936,55900,275.9
102481,4932,58100,286.5
102491,4936,55900,275.9
102501,4936,57500,283.8
102511,4936,55900,275.9
102521,4940,57400,283.6
102531,4936,56500,278.9
102541,4936,56900,280.9
102551,4936,56500,278.9
102561,4936,56900,280.9
102571,4936,57500,283.8
102581,4932,89000,438.9
102591,4936,57500,283.8
102601,4936,55900,275.9
102611,4936,57500,283.8
102621,4936,55900,275.9
102631,4940,57500,284.1
102641,4936,55900,275.9
102651,4936,57400,283.3
102661,4936,55900,275.9
102671,4940,57500,284.1
102681,4936,55900,275.9
102691,4720,139300,657.5
102701,4936,56600,279.4
102711,4940,56800,280.6
102721,4936,56600,279.4
102731,4936,56800,280.4
102741,4936,56600,279.4
102751,4936,56900,280.9
102761,4936,57500,283.8
102771,4936,55900,275.9
102781,4936,57500,283.8
102791,4932,105000,517.9
102801,4936,57500,283.8
102811,4936,56000,276.4
102821,4936,57500,283.8
102831,4936,55900,275.9
102841,4936,57500,283.8
102851,4936,55900,275.9
102861,4936,57500,283.8
102871,4936,55900,275.9
102881,4940,57500,284.1
102891,4936,57600,284.3
102901,4936,56800,280.4
102911,4936,56500,278.9
102921,4936,56800,280.4
102931,4936,57300,282.8
102941,4936,56400,278.4
102951,4940,57500,284.1
102961,4936,56000,276.4
102971,4940,57400,283.6
102981,4936,55900,275.9
102991,4936,57400,283.3
103001,4820,190200,916.8
103011,4940,57500,284.1
103021,4936,55900,275.9
103031,4936,57500,283.8
103041,4936,55900,275.9
103051,4936,57500,283.8
103061,4936,56600,279.4
103071,4936,57000,281.4
103081,4936,56500,278.9
103091,4936,56900,280.9
103101,4904,158900,779.2
103111,4936,56800,280.4
103121,4936,57500,283.8
103131,4936,55900,275.9
103141,4936,57500,283.8
103151,4936,55900,275.9
103161,4936,57500,283.8
103171,4936,55900,275.9
103181,4940,57500,284.1
103191,4936,55900,275.9
103201,4936,57400,283.3
103211,4788,60200,288.2
103221,4936,57500,283.8
103231,4936,55900,275.9
103241,4936,57500,283.8
103251,4936,56600,279.4
103261,4936,56900,280.9
103271,4936,56500,278.9
103281,4936,56900,280.9
103291,4936,57000,281.4
103301,4936,56700,279.9
103311,4804,192600,925.3
103321,4936,55900,275.9
103331,4936,57500,283.8
103341,4936,55900,275.9
103351,4936,57500,283.8
103361,4936,55900,275.9
103371,4940,57500,284.1
103381,4936,55900,275.9
103391,4940,57600,284.5
103401,4936,55800,275.4
103411,4812,151600,729.5
103421,4936,56400,278.4
103431,4936,57400,283.3
103441,4936,56600,279.4
103451,4936,56900,280.9
103461,4936,56600,279.4
103471,4936,56900,280.9
103481,4936,57500,283.8
103491,4936,55900,275.9
103501,4936,57400,283.3
103511,4936,55900,275.9
103521,4936,57500,283.8
103531,4936,55900,275.9
103541,4940,57500,284.1
103551,4936,55900,275.9
103561,4936,57500,283.8
103571,4936,55900,275.9
103581,4936,57500,283.8
103591,4936,55900,275.9
103601,4940,57500,284.1
103611,4936,56500,278.9
103621,4940,56800,280.6
103631,4936,56500,278.9
103641,4936,56900,280.9
103651,4936,56600,279.4
103661,4936,56900,280.9
103671,4936,57500,283.8
103681,4936,55900,275.9
103691,4940,57500,284.1
103701,4936,55900,275.9
103711,4940,57500,284.1
103721,4744,82700,392.3
103731,4940,57500,284.1
103741,4936,56000,276.4
103751,4940,57500,284.1
103761,4936,55900,275.9
103771,4936,57500,283.8
103781,4936,56000,276.4
103791,4940,57400,283.6
103801,4936,56500,278.9
103811,4936,56800,280.4
103821,4808,139800,672.2
103831,4940,56900,281.1
103841,4936,57500,283.8
103851,4936,55900,275.9
103861,4936,57600,284.3
103871,4936,55900,275.9
103881,4940,57400,283.6
103891,4936,55900,275.9
103901,4940,57400,283.6
103911,4936,55900,275.9
103921,4936,57500,283.8
103931,4820,205900,992.4
103941,4940,57500,284.1
103951,4936,55900,275.9
103961,4940,57500,284.1
103971,4936,56500,278.9
103981,4936,56800,280.4
103991,4936,56500,278.9
104001,4936,56800,280.4
104011,4936,56600,279.4
104021,4936,56800,280.4
104031,4804,142800,686.0
104041,4936,56000,276.4
104051,4940,57500,284.1
104061,4936,55900,275.9
104071,4940,57500,284.1
104081,4936,55800,275.4
104092,4940,57600,284.5
104101,4936,55900,275.9
104111,4940,57500,284.1
104121,4936,55900,275.9
104131,4936,59300,292.7
104141,4936,55900,275.9
104151,4940,57600,284.5
104161,4936,56600,279.4
104171,4936,56900,280.9
104181,4936,56600,279.4
104191,4936,56800,280.4
104201,4936,57500,283.8
104211,4936,56100,276.9
104221,4940,57500,284.1
104231,4936,55900,275.9
104241,4716,143400,676.3
104251,4932,55900,275.7
104261,4940,57500,284.1
104271,4936,55900,275.9
104281,4940,57500,284.1
104291,4936,55900,275.9
104301,4940,57500,284.1
104311,4936,55900,275.9
104321,4936,57500,283.8
104331,4936,56600,279.4
104341,4812,166200,799.8
104351,4936,56500,278.9
104361,4936,56900,280.9
104371,4936,56500,278.9
104381,4936,56900,280.9
104391,4936,57600,284.3
104401,4936,55900,275.9
104411,4936,57400,283.3
104421,4936,55800,275.4
104431,4940,57500,284.1
104441,4936,55900,275.9
104451,4740,172200,816.2
104461,4936,56000,276.4
104471,4940,57500,284.1
104481,4936,55900,275.9
104491,4936,57500,283.8
104501,4936,55900,275.9
104511,4940,57600,284.5
104521,4936,56500,278.9
104531,4936,56900,280.9
104541,4936,56600,279.4
104551,4808,146500,704.4
104561,4936,57300,282.8
104571,4940,56500,279.1
104581,4940,57500,284.1
104591,4936,56000,276.4
104601,4936,57500,283.8
104611,4936,55900,275.9
104621,4940,57500,284.1
104631,4936,55900,275.9
104641,4936,57500,283.8
104651,4808,145400,699.1
104661,4936,57500,283.8
104671,4936,55900,275.9
104681,4940,57500,284.1
104691,4936,56600,279.4
104701,4936,57000,281.4
104711,4936,56500,278.9
104721,4936,56800,280.4
104731,4936,56500,278.9
104741,4936,56800,280.4
104751,4936,57400,283.3
104761,4812,138800,667.9
104771,4936,57500,283.8
104781,4936,55900,275.9
104791,4936,57500,283.8
104801,4936,55900,275.9
104811,4936,57500,283.8
104821,4936,55800,275.4
104831,4940,57500,284.1
104841,4936,55900,275.9
104851,4940,57500,284.1
104861,4804,191800,921.4
104871,4936,57500,283.8
104881,4936,56600,279.4
104891,4936,56900,280.9
104901,4936,56500,278.9
104911,4936,56800,280.4
104921,4936,57000,281.4
104931,4936,56700,279.9
104941,4940,57500,284.1
104951,4936,55900,275.9
104961,4936,57500,283.8
104971,4816,201400,969.9
104981,4936,57500,283.8
104991,4936,55900,275.9
105001,4940,57500,284.1
105011,4936,55900,275.9
105021,4936,57500,283.8
105031,4936,55900,275.9
105041,4940,57500,284.1
105051,4936,56400,278.4
105061,4936,57300,282.8
105071,4936,56600,279.4
105081,4696,139100,653.2
105091,4936,56600,279.4
105101,4940,56800,280.6
105111,4940,57500,284.1
105121,4936,55900,275.9
105131,4940,57500,284.1
105141,4936,55900,275.9
105151,4940,57500,284.1
105161,4936,55900,275.9
105171,4940,57400,283.6
105181,4808,144500,694.8
105191,4940,57500,284.1
105201,4936,55900,275.9
105211,4940,57500,284.1
105221,4936,55900,275.9
105231,4940,57400,283.6
105241,4936,56600,279.4
105251,4936,56800,280.4
105261,4936,56500,278.9
105271,4936,56900,280.9
105281,4808,141700,681.3
105291,4936,56900,280.9
105301,4940,57500,284.1
105311,4936,55900,275.9
105321,4936,57500,283.8
105331,4936,55900,275.9
105341,4936,57500,283.8
105351,4936,55900,275.9
105361,4936,57500,283.8
105371,4936,55900,275.9
105381,4936,57600,284.3
105391,4936,56000,276.4
105401,4936,57500,283.8
105411,4936,56200,277.4
105421,4940,57400,283.6
105431,4936,56600,279.4
105441,4936,56800,280.4
105451,4936,56500,278.9
105461,4936,56800,280.4
105471,4936,57400,283.3
105481,4936,55900,275.9
105491,4712,131700,620.6
105501,4936,55900,275.9
105511,4940,57500,284.1
105521,4936,55900,275.9
105531,4940,57500,284.1
105541,4936,55900,275.9
105551,4940,57600,284.5
105561,4936,56000,276.4
105571,4940,57500,284.1
105581,4936,55900,275.9
105591,4780,143000,683.5
105601,4936,56500,278.9
105611,4936,56900,280.9
105621,4936,56500,278.9
105631,4936,56900,280.9
105641,4936,56600,279.4
105651,4936,56800,280.4
105661,4936,57500,283.8
105671,4936,55900,275.9
105681,4936,57500,283.8
105691,4936,55800,275.4
105701,4820,131500,633.8
105711,4936,55900,275.9
105722,4936,57400,283.3
105731,4936,55900,275.9
105741,4940,57500,284.1
105751,4936,55900,275.9
105761,4936,57500,283.8
105771,4936,56000,276.4
105781,4936,57500,283.8
105791,4936,56600,279.4
105801,4936,56800,280.4
105811,4816,56600,272.6
105821,4936,56900,280.9
105831,4936,57600,284.3
105841,4936,55900,275.9
105851,4936,57500,283.8
105861,4936,55900,275.9
105871,4940,57400,283.6
105881,4936,55900,275.9
105891,4936,57500,283.8
105901,4936,55900,275.9
105911,4764,137500,655.0
105921,4936,55900,275.9
105931,4940,57600,284.5
105941,4936,55900,275.9
105951,4940,57500,284.1
105961,4936,56500,278.9
105971,4936,56700,279.9
105981,4936,56500,278.9
105991,4936,56900,280.9
106001,4936,56500,278.9
106011,4808,190000,913.5
106021,4940,57500,284.1
106031,4936,55900,275.9
106041,4940,57500,284.1
106051,4936,55900,275.9
106061,4940,57500,284.1
106071,4936,55900,275.9
106081,4936,57500,283.8
106091,4936,55900,275.9
106101,4940,57500,284.1
106111,4808,140900,677.4
106121,4936,57500,283.8
106131,4936,55900,275.9
106141,4940,57500,284.1
106151,4936,56500,278.9
106161,4940,56800,280.6
106171,4936,56500,278.9
106181,4936,56800,280.4
106191,4936,57500,283.8
106201,4936,56300,277.9
106211,4936,57500,283.8
106221,4680,113900,533.1
106231,4940,57500,284.1
106241,4936,55900,275.9
106251,4940,57500,284.1
106261,4936,55900,275.9
106271,4936,57500,283.8
106281,4936,55900,275.9
106291,4940,57600,284.5
106301,4936,55900,275.9
106311,4936,57500,283.8
106321,4812,154700,744.4
106331,4940,56900,281.1
106341,4936,56600,279.4
106351,4936,56800,280.4
106361,4936,56600,279.4
106371,4936,56900,280.9
106381,4940,57500,284.1
106391,4936,56000,276.4
106401,4940,57400,283.6
106411,4936,55900,275.9
106421,4816,134100,645.8
106431,4936,56000,276.4
106441,4936,57500,283.8
106451,4936,55800,275.4
106461,4936,57500,283.8
106471,4936,56000,276.4
106481,4940,57500,284.1
106491,4936,55900,275.9
106501,4940,57500,284.1
106511,4936,56600,279.4
106521,4808,143800,691.4
106531,4936,56600,279.4
106541,4936,56900,280.9
106551,4936,57200,282.3
106561,4936,56600,279.4
106571,4940,57500,284.1
106581,4936,55900,275.9
106591,4940,57500,284.1
106601,4936,55900,275.9
106611,4940,57500,284.1
106621,4936,55900,275.9
106631,4768,187300,893.0
106641,4936,56000,276.4
106651,4940,57500,284.1
106661,4936,55900,275.9
106671,4936,57500,283.8
106681,4936,56600,279.4
106691,4936,57100,281.8
106701,4936,56500,278.9
106711,4936,56900,280.9
106721,4936,56500,278.9
106731,4808,145400,699.1
106741,4936,57500,283.8
106751,4936,55900,275.9
106761,4936,57500,283.8
106771,4936,55900,275.9
106781,4936,57500,283.8
106791,4936,55900,275.9
106801,4940,57500,284.1
106811,4936,55900,275.9
106821,4936,57500,283.8
106831,4808,140400,675.0
106841,4940,57600,284.5
106851,4936,55900,275.9
106861,4940,57500,284.1
106871,4936,56500,278.9
106881,4940,56800,280.6
106891,4936,56600,279.4
106901,4936,56800,280.4
106911,4936,56900,280.9
106921,4940,56700,280.1
106931,4940,57500,284.1
106941,4688,123100,577.1
106951,4940,57500,284.1
106961,4936,55900,275.9
106971,4940,57500,284.1
106981,4936,55900,275.9
106991,4936,57500,283.8
107001,4936,55900,275.9
107011,4940,57500,284.1
107021,4936,55900,275.9
107031,4940,57500,284.1
107041,4808,140200,674.1
107051,4940,57400,283.6
107061,4936,56500,278.9
107071,4940,56900,281.1
107081,4936,56600,279.4
107091,4936,56900,280.9
107101,4936,57400,283.3
107111,4936,55900,275.9
107121,4940,57500,284.1
107131,4936,55900,275.9
107141,4808,143100,688.0
107151,4936,55900,275.9
107161,4936,57500,283.8
107171,4936,55900,275.9
107181,4940,57500,284.1
107191,4936,55900,275.9
107201,4936,57500,283.8
107211,4936,55900,275.9
107221,4940,57500,284.1
107231,4936,56400,278.4
107241,4936,56900,280.9
107251,4936,56600,279.4
107261,4936,56900,280.9
107271,4936,56600,279.4
107281,4936,56800,280.4
107291,4940,57500,284.1
107301,4936,55900,275.9
107311,4940,57400,283.6
107321,4936,55900,275.9
107331,4940,57500,284.1
107341,4936,55900,275.9
107352,4936,57500,283.8
107361,4744,86500,410.4
107371,4940,57500,284.1
107381,4936,55900,275.9
107391,4936,57500,283.8
107401,4936,56100,276.9
107411,4936,57500,283.8
107421,4936,56600,279.4
107431,4936,56800,280.4
107441,4936,56600,279.4
107451,4936,56900,280.9
107461,4748,149300,708.9
107471,4936,56000,276.4
107481,4940,57500,284.1
107491,4936,55900,275.9
107501,4940,57500,284.1
107511,4936,55800,275.4
107521,4940,57500,284.1
107531,4936,55900,275.9
107541,4936,57500,283.8
107551,4936,55900,275.9
107561,4936,57500,283.8
107571,4776,66700,318.6
107581,4940,57500,284.1
107591,4936,56600,279.4
107601,4936,56800,280.4
107611,4936,56500,278.9
107621,4940,56800,280.6
107631,4936,56500,278.9
107641,4936,56900,280.9
107651,4940,57500,284.1
107661,4936,55900,275.9
107671,4708,144300,679.4
107681,4936,55900,275.9
107691,4940,57500,284.1
107701,4936,55800,275.4
107711,4940,57500,284.1
107721,4936,55800,275.4
107731,4940,57500,284.1
107741,4936,56000,276.4
107751,4940,57500,284.1
107761,4936,56000,276.4
107771,4932,59000,291.0
107781,4936,56600,279.4
107791,4936,56900,280.9
107801,4936,56600,279.4
107811,4936,56800,280.4
107821,4936,57500,283.8
107831,4936,56100,276.9
107841,4940,57500,284.1
107851,4936,55900,275.9
107861,4936,57600,284.3
107871,4936,55900,275.9
107881,4876,60300,294.0
107891,4936,55900,275.9
107901,4936,57500,283.8
107911,4936,55900,275.9
107921,4940,57500,284.1
107931,4936,55900,275.9
107941,4936,57500,283.8
107951,4936,56500,278.9
107961,4936,56800,280.4
107971,4936,56500,278.9
107981,4936,56800,280.4
107991,4808,142100,683.2
108001,4936,56800,280.4
108011,4936,57500,283.8
108021,4936,55900,275.9
108031,4940,57500,284.1
108041,4936,55900,275.9
108051,4940,57500,284.1
108061,4936,55900,275.9
108071,4940,57400,283.6
108081,4936,55900,275.9
108091,4936,57500,283.8
108101,4820,190400,917.7
108111,4936,57500,283.8
108121,4936,55900,275.9
108131,4940,57500,284.1
108141,4936,56500,278.9
108151,4936,56800,280.4
108161,4936,56600,279.4
108171,4936,56800,280.4
108181,4936,57400,283.3
108191,4936,56300,277.9
108201,4732,140400,664.4
108211,4936,56000,276.4
108221,4940,57500,284.1
108231,4936,56000,276.4
108241,4940,57500,284.1
108251,4936,55900,275.9
108261,4940,57500,284.1
108271,4936,55900,275.9
108281,4940,57500,284.1
108291,4936,55900,275.9
108301,4936,57500,283.8
108311,4936,56600,279.4
108321,4940,57000,281.6
108331,4936,56500,278.9
108341,4936,57000,281.4
108351,4936,56600,279.4
108361,4936,56900,280.9
108371,4936,57500,283.8
108381,4936,56000,276.4
108391,4936,57500,283.8
108401,4936,55900,275.9
108411,4888,60300,294.7
108421,4936,56000,276.4
108431,4936,57500,283.8
108441,4936,56000,276.4
108451,4940,57500,284.1
108461,4936,55900,275.9
108471,4940,57500,284.1
108481,4936,55900,275.9
108491,4936,57500,283.8
108501,4936,56500,278.9
108511,4936,56800,280.4
108521,4816,207300,998.4
108531,4936,56800,280.4
108541,4936,57100,281.8
108551,4936,56600,279.4
108561,4940,57500,284.1
108571,4936,56000,276.4
108581,4940,57500,284.1
108591,4936,55900,275.9
108601,4940,57500,284.1
108611,4936,55900,275.9
108621,4940,57400,283.6
108631,4820,133400,643.0
108641,4936,57600,284.3
108651,4936,55900,275.9
108661,4936,57500,283.8
108671,4936,56600,279.4
108681,4940,57200,282.6
108691,4936,56600,279.4
108701,4940,56800,280.6
108711,4936,56500,278.9
108721,4936,56800,280.4
108731,4812,142600,686.2
108741,4936,56000,276.4
108751,4936,57500,283.8
108761,4936,55900,275.9
108771,4936,57600,284.3
108781,4936,55800,275.4
108791,4940,57600,284.5
108801,4936,55900,275.9
108811,4936,57500,283.8
108821,4936,55800,275.4
108831,4936,57500,283.8
108841,4816,206400,994.0
108851,4940,57500,284.1
108861,4936,56600,279.4
108871,4936,56900,280.9
108881,4936,56500,278.9
108891,4936,56800,280.4
108901,4936,56900,280.9
108911,4940,56700,280.1
108921,4936,57600,284.3
108931,4936,55900,275.9
108941,4936,57500,283.8
108951,4808,205300,987.1
108961,4936,57500,283.8
108971,4936,55900,275.9
108981,4936,57500,283.8
108992,4936,55900,275.9
109001,4940,57500,284.1
109011,4936,55900,275.9
109021,4940,57500,284.1
109031,4936,56400,278.4
109041,4940,57400,283.6
109051,4808,141600,680.8
109061,4936,56900,280.9
109071,4936,56600,279.4
109081,4936,56900,280.9
109091,4936,57500,283.8
109101,4936,55800,275.4
109111,4936,57500,283.8
109121,4936,55900,275.9
109131,4940,57400,283.6
109141,4936,55900,275.9
109151,4940,57500,284.1
109161,4820,137800,664.2
109171,4940,57500,284.1
109181,4936,55900,275.9
109191,4940,57400,283.6
109201,4936,55800,275.4
109211,4940,57500,284.1
109221,4936,56500,278.9
109231,4936,56800,280.4
109241,4936,56500,278.9
109251,4936,56800,280.4
109261,4936,57100,281.8
109271,4936,56800,280.4
109281,4936,57500,283.8
109291,4936,55900,275.9
109301,4936,57500,283.8
109311,4936,55900,275.9
109321,4936,57500,283.8
109331,4936,55800,275.4
109341,4936,57500,283.8
109351,4936,55800,275.4
109361,4936,57500,283.8
109371,4812,202600,974.9
109381,4940,57500,284.1
109391,4936,56000,276.4
109401,4940,57500,284.1
109411,4936,56500,278.9
109421,4936,56800,280.4
109431,4936,56500,278.9
109441,4936,56900,280.9
109451,4936,57500,283.8
109461,4936,55900,275.9
109471,4732,143500,679.0
109481,4936,55900,275.9
109491,4936,57500,283.8
109501,4936,55900,275.9
109511,4936,57500,283.8
109521,4936,55800,275.4
109531,4936,57400,283.3
109541,4936,55900,275.9
109551,4936,57500,283.8
109561,4936,55900,275.9
109571,4820,138700,668.5
109581,4936,56500,278.9
109591,4936,56800,280.4
109601,4936,56500,278.9
109611,4940,56900,281.1
109621,4936,56500,278.9
109631,4936,56800,280.4
109641,4936,57500,283.8
109651,4936,55900,275.9
109661,4940,57500,284.1
109671,4800,137300,659.0
109681,4940,57500,284.1
109691,4936,55900,275.9
109701,4936,57400,283.3
109711,4936,55900,275.9
109721,4940,57500,284.1
109731,4936,55900,275.9
109741,4940,57500,284.1
109751,4936,55900,275.9
109761,4936,57500,283.8
109771,4936,139000,686.1
109781,4936,56800,280.4
109791,4936,56500,278.9
109801,4936,56800,280.4
109811,4936,57500,283.8
109821,4936,56000,276.4
109831,4940,57500,284.1
109841,4936,55900,275.9
109851,4940,57500,284.1
109861,4936,55900,275.9
109871,4936,57500,283.8
109881,4936,55900,275.9
109891,4940,57500,284.1
109901,4936,55900,275.9
109911,4936,57500,283.8
109921,4936,55900,275.9
109931,4940,57500,284.1
109941,4936,56600,279.4
109951,4936,56800,280.4
109961,4936,56500,278.9
109971,4936,56800,280.4
109981,4800,143700,689.8
109991,4936,56900,280.9
110001,4936,57500,283.8
110011,4936,55900,275.9
110021,4940,57500,284.1
110031,4936,55900,275.9
110041,4936,57500,283.8
110051,4936,55900,275.9
110061,4940,57500,284.1
110071,4936,55900,275.9
110081,4804,141700,680.7
110091,4936,55900,275.9
110101,4936,57500,283.8
110111,4936,55900,275.9
110121,4936,57500,283.8
110131,4936,56500,278.9
110141,4936,56800,280.4
110151,4936,56500,278.9
110161,4936,56800,280.4
110171,4936,57400,283.3
110181,4936,56200,277.4
110191,4820,198700,957.7
110201,4936,55900,275.9
110211,4936,57500,283.8
110221,4936,55900,275.9
110231,4940,57500,284.1
110241,4936,55900,275.9
110251,4940,57500,284.1
110261,4936,55900,275.9
110271,4936,57500,283.8
110281,4936,55900,275.9
110291,4940,57600,284.5
110301,4816,130900,630.4
110311,4940,56900,281.1
110321,4936,56500,278.9
110331,4936,56800,280.4
110341,4936,56600,279.4
110351,4936,56900,280.9
110361,4936,57500,283.8
110371,4936,55900,275.9
110381,4936,57500,283.8
110391,4936,55900,275.9
110401,4936,57500,283.8
110411,4936,55900,275.9
110421,4936,57400,283.3
110431,4936,55900,275.9
110441,4940,57500,284.1
110451,4936,55900,275.9
110461,4940,57500,284.1
110471,4936,55900,275.9
110481,4940,57500,284.1
110491,4936,56600,279.4
110501,4936,56700,279.9
110511,4808,140500,675.5
110521,4936,56800,280.4
110531,4936,57200,282.3
110541,4936,56600,279.4
110551,4940,57500,284.1
110561,4936,55900,275.9
110571,4940,57500,284.1
110581,4936,55800,275.4
110591,4936,57500,283.8
110601,4936,55800,275.4
110611,4940,60400,298.4
110622,4936,55900,275.9
110631,4940,57500,284.1
110641,4936,56000,276.4
110651,4940,57500,284.1
110661,4936,56600,279.4
110671,4936,57100,281.8
110681,4936,56600,279.4
110691,4936,56900,280.9
110701,4936,56600,279.4
110711,4936,56900,280.9
110721,4920,155200,763.6
110731,4936,55900,275.9
110741,4936,57400,283.3
110751,4936,55900,275.9
110761,4940,57500,284.1
110771,4936,56000,276.4
110781,4936,57500,283.8
110791,4936,55900,275.9
110801,4936,57500,283.8
110811,4936,55900,275.9
110821,4940,57400,283.6
110831,4936,55900,275.9
110841,4936,57600,284.3
110851,4936,56600,279.4
110861,4936,56900,280.9
110871,4936,56600,279.4
110881,4936,56900,280.9
110891,4936,57100,281.8
110901,4936,56600,279.4
110911,4940,57500,284.1
110921,4936,55800,275.4
110931,4832,217300,1050.0
110941,4936,55900,275.9
110951,4936,57500,283.8
110961,4936,55900,275.9
110971,4936,57500,283.8
110981,4936,55900,275.9
110991,4936,57500,283.8
111001,4936,55900,275.9
111011,4936,57500,283.8
111021,4936,56500,278.9
111031,4788,141100,675.6
111041,4936,56600,279.4
111051,4936,56900,280.9
111061,4936,56600,279.4
111071,4936,56800,280.4
111081,4936,57500,283.8
111091,4936,55900,275.9
111101,4936,57500,283.8
111111,4936,55900,275.9
111121,4936,57500,283.8
111131,4936,55900,275.9
111141,4940,57500,284.1
111151,4936,55900,275.9
111161,4940,57500,284.1
111171,4936,55900,275.9
111181,4936,57500,283.8
111191,4936,55900,275.9
111201,4940,57500,284.1
111211,4936,56500,278.9
111221,4936,56900,280.9
111231,4936,56500,278.9
111241,4692,149700,702.4
111251,4936,56800,280.4
111261,4936,56900,280.9
111271,4940,57500,284.1
111281,4936,55900,275.9
111291,4940,57500,284.1
111301,4936,55900,275.9
111311,4940,57500,284.1
111321,4936,55900,275.9
111331,4936,57500,283.8
111341,4712,103900,489.6
111351,4940,57500,284.1
111361,4936,55900,275.9
111371,4936,57500,283.8
111381,4936,56200,277.4
111391,4940,57500,284.1
111401,4936,56600,279.4
111411,4936,56900,280.9
111421,4936,56500,278.9
111431,4936,56800,280.4
111441,4820,205600,991.0
111451,4936,55800,275.4
111461,4940,57500,284.1
111471,4936,55900,275.9
111481,4940,57500,284.1
111491,4936,55900,275.9
111501,4940,57500,284.1
111511,4936,55900,275.9
111521,4936,57500,283.8
111531,4936,55900,275.9
111541,4808,143100,688.0
111551,4936,55900,275.9
111561,4940,57500,284.1
111571,4936,56500,278.9
111581,4940,56800,280.6
111591,4936,56600,279.4
111601,4936,56800,280.4
111611,4936,56700,279.9
111621,4936,56800,280.4
111631,4940,57500,284.1
111641,4936,55900,275.9
111651,4936,57500,283.8
111661,4936,55900,275.9
111671,4940,57500,284.1
111681,4936,56000,276.4
111691,4936,57500,283.8
111701,4936,55900,275.9
111711,4936,57500,283.8
111721,4936,55900,275.9
111731,4940,57500,284.1
111741,4936,56000,276.4
111751,4940,57500,284.1
111761,4808,141000,677.9
111771,4936,56900,280.9
111781,4936,56600,279.4
111791,4936,56900,280.9
111801,4936,57500,283.8
111811,4936,55900,275.9
111821,4936,57500,283.8
111831,4936,55900,275.9
111841,4936,57500,283.8
111851,4936,55900,275.9
111861,4936,57500,283.8
111871,4812,205100,986.9
111881,4936,57500,283.8
111891,4936,55900,275.9
111901,4940,57400,283.6
111911,4936,55900,275.9
111921,4940,57400,283.6
111931,4936,56500,278.9
111941,4940,56800,280.6
111951,4936,56600,279.4
111961,4936,56800,280.4
111971,4932,148100,730.4
111981,4936,56900,280.9
111991,4940,57500,284.1
112001,4936,55900,275.9
112011,4940,57500,284.1
112021,4936,55900,275.9
112031,4936,57500,283.8
112041,4936,55900,275.9
112051,4940,57500,284.1
112061,4936,55900,275.9
112071,4940,60200,297.4
112081,4936,56000,276.4
112091,4940,57500,284.1
112101,4936,55900,275.9
112111,4936,57500,283.8
112121,4936,56500,278.9
112131,4936,56900,280.9
112141,4936,56600,279.4
112151,4936,56800,280.4
112161,4936,57500,283.8
112171,4936,56000,276.4
112181,4820,207800,1001.6
112191,4936,55900,275.9
112201,4936,57600,284.3
112211,4936,55800,275.4
112221,4936,57500,283.8
112231,4936,55900,275.9
112241,4940,57500,284.1
112255,4936,56600,279.4
112261,4936,57600,284.3
112271,4936,55900,275.9
112281,4816,139800,673.3
112291,4932,56600,279.2
112301,4936,56800,280.4
112311,4936,56500,278.9
112321,4936,56900,280.9
112331,4936,56600,279.4
112341,4936,56900,280.9
112351,4940,57500,284.1
112361,4936,55900,275.9
112371,4936,57600,284.3
112381,4804,145800,700.4
112391,4940,57500,284.1
112401,4932,55900,275.7
112411,4940,57500,284.1
112421,4936,55900,275.9
112431,4936,57500,283.8
112441,4936,55900,275.9
112451,4936,57600,284.3
112461,4936,55900,275.9
112471,4940,57500,284.1
112481,4936,56500,278.9
112491,4712,156500,737.4
112501,4936,56600,279.4
112511,4936,56800,280.4
112521,4936,57500,283.8
112531,4936,56200,277.4
112541,4940,57500,284.1
112551,4936,55900,275.9
112561,4940,57500,284.1
112571,4936,55900,275.9
112581,4940,57500,284.1
112591,4812,142300,684.7
112601,4940,57500,284.1
112611,4936,55900,275.9
112621,4940,57500,284.1
112631,4936,55900,275.9
112641,4936,57500,283.8
112651,4936,56600,279.4
112661,4940,56900,281.1
112671,4936,56500,278.9
112681,4936,56800,280.4
112691,4936,56500,278.9
112701,4828,134500,649.4
112711,4936,57600,284.3
112721,4936,55900,275.9
112731,4940,57500,284.1
112741,4936,55900,275.9
112751,4940,57500,284.1
112761,4936,55900,275.9
112771,4940,57500,284.1
112781,4936,55900,275.9
112791,4936,57600,284.3
112801,4804,140300,674.0
112811,4936,57600,284.3
112821,4936,56000,276.4
112831,4940,57500,284.1
112841,4936,56600,279.4
112851,4936,56800,280.4
112861,4936,56500,278.9
112871,4936,56800,280.4
112881,4936,57400,283.3
112891,4936,56400,278.4
112901,4936,57500,283.8
112911,4808,143700,690.9
112921,4936,57600,284.3
112931,4936,56000,276.4
112941,4940,57500,284.1
112951,4936,55900,275.9
112961,4936,57500,283.8
112971,4936,55900,275.9
112981,4940,57500,284.1
112991,4936,56000,276.4
113001,4936,57500,283.8
113011,4808,140600,676.0
113021,4940,57000,281.6
113031,4936,56600,279.4
113041,4940,56900,281.1
113051,4936,56600,279.4
113061,4936,56800,280.4
113071,4936,57500,283.8
113081,4936,55900,275.9
113091,4940,57500,284.1
113101,4936,55900,275.9
113111,4940,57500,284.1
113121,4808,144000,692.4
113131,4940,57500,284.1
113141,4936,55900,275.9
113151,4940,57600,284.5
113161,4936,55900,275.9
113171,4936,57500,283.8
113181,4936,55900,275.9
113191,4936,57500,283.8
113201,4936,56500,278.9
113211,4936,56900,280.9
113221,4936,138600,684.1
113231,4936,56800,280.4
113241,4936,57100,281.8
113251,4936,56600,279.4
113261,4940,57500,284.1
113271,4936,56000,276.4
113281,4936,57500,283.8
113291,4936,55900,275.9
113301,4940,57500,284.1
113311,4936,55900,275.9
113321,4936,57500,283.8
113331,4808,205400,987.6
113341,4936,57500,283.8
113351,4936,55900,275.9
113361,4936,57500,283.8
113371,4936,56500,278.9
113381,4936,57200,282.3
113391,4936,56600,279.4
113401,4936,56900,280.9
113411,4940,56500,279.1
113421,4936,56900,280.9
113431,4812,143300,689.6
113441,4936,56000,276.4
113451,4936,57500,283.8
113461,4936,55900,275.9
113471,4940,57500,284.1
113481,4940,55900,276.1
113491,4936,57500,283.8
113501,4936,55900,275.9
113511,4940,57500,284.1
113521,4936,55900,275.9
113531,4804,146100,701.9
113541,4936,55900,275.9
113551,4940,57500,284.1
113561,4936,56500,278.9
113571,4936,56900,280.9
113581,4936,56500,278.9
113591,4936,56900,280.9
113601,4936,57000,281.4
113611,4936,56700,279.9
113621,4936,57500,283.8
113631,4936,55900,275.9
113641,4812,214200,1030.7
113651,4936,55900,275.9
113661,4936,57500,283.8
113671,4936,56000,276.4
113681,4940,57600,284.5
113691,4936,55900,275.9
113701,4940,57500,284.1
113711,4936,55900,275.9
113721,4936,57500,283.8
113731,4936,56500,278.9
113741,4812,139800,672.7
113751,4936,56500,278.9
113761,4936,56800,280.4
113771,4936,56500,278.9
113781,4936,56800,280.4
113791,4936,57500,283.8
113801,4936,55900,275.9
113811,4936,57500,283.8
113821,4936,55900,275.9
113831,4936,57500,283.8
113841,4808,140700,676.5
113851,4940,57500,284.1
113861,4936,55900,275.9
113871,4936,57500,283.8
113882,4936,55900,275.9
113891,4936,57500,283.8
113901,4936,55900,275.9
113911,4940,57500,284.1
113921,4936,56500,278.9
113931,4936,56900,280.9
113941,4936,56600,279.4
113951,4812,134300,646.3
113961,4936,56800,280.4
113971,4936,56900,280.9
113981,4936,57500,283.8
113991,4936,55900,275.9
114001,4940,57500,284.1
114011,4936,55900,275.9
114021,4936,57500,283.8
114031,4940,55900,276.1
114041,4940,57600,284.5
114051,4936,55900,275.9
114061,4816,208800,1005.6
114071,4936,56000,276.4
114081,4940,57500,284.1
114091,4936,56300,277.9
114101,4940,57400,283.6
114111,4936,56500,278.9
114121,4936,56900,280.9
114131,4936,56500,278.9
114141,4936,56800,280.4
114151,4940,57400,283.6
114161,4932,63700,314.2
114171,4940,57500,284.1
114181,4936,55900,275.9
114191,4940,57500,284.1
114201,4936,55900,275.9
114211,4940,57500,284.1
114221,4936,55900,275.9
114231,4936,57500,283.8
114241,4936,56000,276.4
114251,4940,57500,284.1
114261,4936,55900,275.9
114271,4708,136800,644.1
114281,4936,56500,278.9
114291,4936,56900,280.9
114301,4936,56600,279.4
114311,4936,56800,280.4
114321,4936,56700,279.9
114331,4936,56800,280.4
114341,4936,57500,283.8
114351,4936,55900,275.9
114361,4940,57500,284.1
114371,4936,55900,275.9
114381,4940,57500,284.1
114391,4936,56000,276.4
114401,4940,57500,284.1
114411,4936,55900,275.9
114421,4940,57600,284.5
114431,4936,55800,275.4
114441,4936,57500,283.8
114451,4936,56100,276.9
114461,4936,57500,283.8
114471,4936,56600,279.4
114481,4788,143000,684.7
114491,4936,56600,279.4
114501,4936,56900,280.9
114511,4936,57600,284.3
114521,4936,55900,275.9
114531,4940,57500,284.1
114541,4936,55900,275.9
114551,4940,57400,283.6
114561,4936,55900,275.9
114571,4936,57500,283.8
114581,4792,141700,679.0
114591,4940,57600,284.5
114601,4936,55900,275.9
114611,4936,57500,283.8
114621,4936,55900,275.9
114631,4940,57400,283.6
114641,4936,56500,278.9
114651,4936,56900,280.9
114661,4936,56500,278.9
114671,4936,56800,280.4
114681,4936,56600,279.4
114691,4936,56900,280.9
114701,4940,57500,284.1
114711,4936,55900,275.9
114721,4940,57500,284.1
114731,4936,55900,275.9
114741,4940,57600,284.5
114751,4936,55900,275.9
114761,4940,57500,284.1
114771,4936,55900,275.9
114781,4940,57500,284.1
114791,4808,145500,699.6
114801,4936,57500,283.8
114811,4936,56000,276.4
114821,4940,57500,284.1
114831,4936,56500,278.9
114841,4936,56900,280.9
114851,4936,56600,279.4
114861,4936,56900,280.9
114871,4936,57500,283.8
114881,4936,55900,275.9
114891,4940,57500,284.1
114901,4748,133400,633.4
114911,4936,57500,283.8
114921,4936,55900,275.9
114931,4936,57500,283.8
114941,4936,55900,275.9
114951,4940,57500,284.1
114961,4936,55800,275.4
114971,4940,57500,284.1
114981,4936,55800,275.4
114991,4940,57500,284.1
115001,4816,184300,887.6
115011,4936,56800,280.4
115021,4936,56600,279.4
115031,4936,56800,280.4
115041,4936,56600,279.4
115051,4936,56900,280.9
115061,4940,57500,284.1
115071,4936,55900,275.9
115081,4940,57500,284.1
115091,4936,55900,275.9
115101,4940,57500,284.1
115111,4936,56000,276.4
115121,4936,57500,283.8
115131,4936,55900,275.9
115141,4936,57600,284.3
115151,4936,55900,275.9
115161,4936,57500,283.8
115171,4936,55900,275.9
115181,4936,57500,283.8
115191,4936,56500,278.9
115201,4940,56800,280.6
115211,4780,65500,313.1
115221,4936,56800,280.4
115231,4936,57500,283.8
115241,4936,56100,276.9
115251,4936,57500,283.8
115261,4936,55900,275.9
115271,4940,57500,284.1
115281,4936,55900,275.9
115291,4940,57500,284.1
115301,4936,55800,275.4
115311,4712,134900,635.6
115321,4936,56000,276.4
115331,4936,57500,283.8
115341,4936,55900,275.9
115351,4940,57500,284.1
115361,4936,56500,278.9
115371,4940,56800,280.6
115381,4936,56500,278.9
115391,4936,56900,280.9
115401,4936,56500,278.9
115411,4812,144400,694.9
115421,4936,57500,283.8
115431,4936,55800,275.4
115441,4940,57500,284.1
115451,4936,55900,275.9
115461,4940,57500,284.1
115471,4936,55900,275.9
115481,4936,57400,283.3
115491,4936,55900,275.9
115501,4940,57400,283.6
115511,4932,94500,466.1
115522,4936,57600,284.3
115531,4936,55800,275.4
115541,4936,57500,283.8
115551,4936,56600,279.4
115561,4936,56900,280.9
115571,4936,56500,278.9
115581,4936,56800,280.4
115591,4936,57500,283.8
115601,4936,56100,276.9
115611,4940,57500,284.1
115621,4808,165100,793.8
115631,4936,57500,283.8
115641,4936,55900,275.9
115651,4940,57500,284.1
115661,4936,55900,275.9
115671,4940,57500,284.1
115681,4936,55900,275.9
115691,4940,57500,284.1
115701,4936,55800,275.4
115711,4936,57500,283.8
115721,4936,56600,279.4
115731,4764,137700,656.0
115741,4936,56600,279.4
115751,4936,56800,280.4
115761,4940,56500,279.1
115771,4936,56800,280.4
115781,4936,57500,283.8
115791,4936,55900,275.9
115801,4940,57500,284.1
115811,4936,55900,275.9
115821,4936,57500,283.8
115831,4792,141200,676.6
115841,4936,57500,283.8
115851,4936,55900,275.9
115861,4940,57500,284.1
115871,4936,55900,275.9
115881,4936,57400,283.3
115891,4936,55900,275.9
115901,4936,57500,283.8
115911,4936,56600,279.4
115921,4936,56800,280.4
115931,4936,130500,644.1
115941,4936,56800,280.4
115951,4936,57300,282.8
115961,4936,56400,278.4
115971,4940,57500,284.1
115981,4936,55900,275.9
115991,4940,57600,284.5
116001,4936,55900,275.9
116011,4936,57500,283.8
116021,4936,55900,275.9
116031,4936,57500,283.8
116041,4808,204900,985.2
116051,4940,57500,284.1
116061,4936,55900,275.9
116071,4936,57500,283.8
116081,4936,56600,279.4
116091,4940,56900,281.1
116101,4936,56600,279.4
116111,4936,56800,280.4
116121,4936,56600,279.4
116131,4936,56800,280.4
116141,4808,143100,688.0
116151,4936,55900,275.9
116161,4936,57600,284.3
116171,4936,55900,275.9
116181,4936,57500,283.8
116191,4936,55900,275.9
116201,4940,57500,284.1
116211,4936,55900,275.9
116221,4940,57500,284.1
116231,4936,55900,275.9
116241,4812,142600,686.2
116251,4936,55900,275.9
116261,4936,57500,283.8
116271,4936,56600,279.4
116281,4936,56800,280.4
116291,4936,56500,278.9
116301,4936,56900,280.9
116311,4936,57200,282.3
116321,4940,56600,279.6
116331,4936,57400,283.3
116341,4932,56000,276.2
116351,4768,142500,679.4
116361,4936,55900,275.9
116371,4940,57500,284.1
116381,4936,55900,275.9
116391,4936,57500,283.8
116401,4936,55900,275.9
116411,4940,57400,283.6
116421,4936,55900,275.9
116431,4940,57500,284.1
116441,4936,56600,279.4
116451,4936,57000,281.4
116461,4936,56500,278.9
116471,4936,56900,280.9
116481,4936,56500,278.9
116491,4936,56900,280.9
116501,4940,57400,283.6
116511,4936,55900,275.9
116521,4940,57500,284.1
116531,4936,55900,275.9
116541,4936,57500,283.8
116551,4936,55900,275.9
116561,4940,60300,297.9
116571,4936,55900,275.9
116581,4940,57500,284.1
116591,4936,55900,275.9
116601,4940,57500,284.1
116611,4936,55900,275.9
116621,4936,57500,283.8
116631,4936,56500,278.9
116641,4936,56900,280.9
116651,4940,56500,279.1
116661,4936,56800,280.4
116671,4808,141200,678.9
116681,4936,56800,280.4
116691,4940,57600,284.5
116701,4936,56000,276.4
116711,4936,57500,283.8
116721,4936,55900,275.9
116731,4940,57500,284.1
116741,4936,55900,275.9
116751,4940,57500,284.1
116761,4936,55900,275.9
116771,4936,57600,284.3
116781,4808,143700,690.9
116791,4940,57500,284.1
116801,4936,56500,278.9
116811,4936,57300,282.8
116821,4936,56600,279.4
116831,4936,56800,280.4
116841,4936,56600,279.4
116851,4936,56800,280.4
116861,4936,57500,283.8
116871,4936,56000,276.4
116881,4936,57500,283.8
116891,4692,140700,660.2
116901,4940,57400,283.6
116911,4936,55900,275.9
116921,4940,57500,284.1
116931,4936,55900,275.9
116941,4940,57500,284.1
116951,4936,55900,275.9
116961,4936,57500,283.8
116971,4936,55900,275.9
116981,4940,57500,284.1
116991,4932,111600,550.4
117001,4936,56900,280.9
117011,4936,56600,279.4
117021,4936,56800,280.4
117031,4936,56800,280.4
117041,4936,56800,280.4
117051,4940,57500,284.1
117061,4936,55900,275.9
117071,4940,57500,284.1
117081,4936,55900,275.9
117091,4940,57500,284.1
117101,4852,55900,271.2
117111,4936,57500,283.8
117121,4936,55900,275.9
117131,4936,57500,283.8
117141,4936,55900,275.9
117152,4940,57400,283.6
117161,4936,56400,278.4
117171,4936,57300,282.8
117181,4936,56500,278.9
117191,4936,56900,280.9
117201,4936,56600,279.4
117211,4936,56900,280.9
117221,4936,57500,283.8
117231,4936,55800,275.4
117241,4940,57500,284.1
117251,4936,55800,275.4
117261,4936,57500,283.8
117271,4936,55900,275.9
117281,4936,57400,283.3
117291,4936,55900,275.9
117301,4824,220200,1062.2
117311,4936,55900,275.9
117321,4936,57500,283.8
117331,4936,55900,275.9
117341,4936,57600,284.3
117351,4936,56500,278.9
117361,4936,56900,280.9
117371,4936,56600,279.4
117381,4936,56900,280.9
117391,4936,56800,280.4
117401,4784,141700,677.9
117411,4940,57500,284.1
117421,4936,55900,275.9
117431,4936,57500,283.8
117441,4936,55900,275.9
117451,4940,57600,284.5
117461,4936,55900,275.9
117471,4936,57500,283.8
117481,4936,56000,276.4
117491,4936,57500,283.8
117501,4932,89900,443.4
117511,4936,57500,283.8
117521,4936,56200,277.4
117531,4940,57500,284.1
117541,4936,56600,279.4
117551,4936,56900,280.9
117561,4936,56500,278.9
117571,4940,56900,281.1
117581,4936,57400,283.3
117591,4936,55900,275.9
117601,4936,57400,283.3
117611,4932,63000,310.7
117621,4936,57500,283.8
117631,4936,55900,275.9
117641,4936,57500,283.8
117651,4936,55900,275.9
117661,4936,57500,283.8
117671,4936,56000,276.4
117681,4940,57500,284.1
117691,4936,55900,275.9
117701,4936,57600,284.3
117711,4936,56500,278.9
117721,4776,186700,891.7
117731,4936,56600,279.4
117741,4936,56900,280.9
117751,4936,56600,279.4
117761,4936,56800,280.4
117771,4940,57500,284.1
117781,4936,55800,275.4
117791,4936,57500,283.8
117801,4936,55900,275.9
117811,4936,57500,283.8
117821,4932,72300,356.6
117831,4940,57500,284.1
117841,4936,55900,275.9
117851,4936,57500,283.8
117861,4936,55900,275.9
117871,4936,57500,283.8
117881,4936,56000,276.4
117891,4940,57500,284.1
117901,4936,56500,278.9
117911,4936,56800,280.4
117921,4936,56600,279.4
117931,4788,140900,674.6
117941,4936,57500,283.8
117951,4936,56000,276.4
117961,4940,57600,284.5
117971,4936,55900,275.9
117981,4936,57500,283.8
117991,4936,55900,275.9
118001,4940,57500,284.1
118011,4936,55900,275.9
118021,4936,57500,283.8
118031,4936,55900,275.9
118041,4828,222400,1073.7
118051,4936,56000,276.4
118061,4936,57500,283.8
118071,4936,56500,278.9
118081,4936,56800,280.4
118091,4936,56500,278.9
118101,4936,56900,280.9
118111,4936,56600,279.4
118121,4936,56900,280.9
118131,4940,57400,283.6
118141,4808,149100,716.9
118151,4940,57500,284.1
118161,4936,56000,276.4
118171,4936,57500,283.8
118181,4932,55900,275.7
118191,4940,57500,284.1
118201,4936,55900,275.9
118211,4940,57500,284.1
118221,4936,56000,276.4
118231,4936,57500,283.8
118241,4936,56000,276.4
118251,4796,198800,953.4
118261,4936,56600,279.4
118271,4936,56900,280.9
118281,4936,56600,279.4
118291,4936,56900,280.9
118301,4936,57600,284.3
118311,4936,55900,275.9
118321,4940,57500,284.1
118331,4936,55900,275.9
118341,4940,57500,284.1
118351,4808,144900,696.7
118361,4940,57500,284.1
118371,4936,55900,275.9
118381,4936,57500,283.8
118391,4936,55900,275.9
118401,4940,57500,284.1
118411,4936,55800,275.4
118421,4940,57500,284.1
118431,4936,56500,278.9
118441,4936,56800,280.4
118451,4936,56600,279.4
118461,4712,139400,656.9
118471,4936,56600,279.4
118481,4940,56900,281.1
118491,4940,57500,284.1
118501,4936,55900,275.9
118511,4936,57500,283.8
118521,4936,55900,275.9
118531,4940,57500,284.1
118541,4936,56000,276.4
118551,4940,57500,284.1
118561,4932,77000,379.8
118571,4936,57500,283.8
118581,4936,56000,276.4
118591,4936,57500,283.8
118601,4936,55800,275.4
118611,4940,57600,284.5
118621,4936,56600,279.4
118631,4936,56800,280.4
118641,4936,56600,279.4
118651,4936,56900,280.9
118661,4936,57500,283.8
118671,4808,135800,652.9
118681,4940,57600,284.5
118691,4936,55900,275.9
118701,4936,57500,283.8
118711,4936,55900,275.9
118721,4940,57500,284.1
118731,4936,55900,275.9
118741,4940,57500,284.1
118751,4936,55900,275.9
118761,4936,57400,283.3
118771,4936,56000,276.4
118781,4928,57500,283.4
118792,4936,56500,278.9
118801,4940,56800,280.6
118811,4936,56600,279.4
118821,4936,56900,280.9
118831,4936,56500,278.9
118841,4936,56800,280.4
118851,4936,57500,283.8
118861,4936,55900,275.9
118871,4936,57600,284.3
118881,4808,159200,765.4
118891,4936,57500,283.8
118901,4936,56000,276.4
118911,4940,57500,284.1
118921,4936,55900,275.9
118931,4940,57500,284.1
118941,4936,55900,275.9
118951,4940,57500,284.1
118961,4936,55900,275.9
118971,4940,57500,284.1
118981,4936,56600,279.4
118991,4708,138000,649.7
119001,4936,56500,278.9
119011,4936,56900,280.9
119021,4936,57500,283.8
119031,4936,56200,277.4
119041,4940,57500,284.1
119051,4936,55900,275.9
119061,4936,57500,283.8
119071,4936,56000,276.4
119081,4936,57500,283.8
119091,4808,181500,872.7
119101,4936,57600,284.3
119111,4936,56000,276.4
119121,4940,57500,284.1
119131,4936,56000,276.4
119141,4940,57500,284.1
119151,4936,56600,279.4
119161,4936,56800,280.4
119171,4936,56700,279.9
119181,4936,56800,280.4
119191,4940,56500,279.1
119201,4936,56900,280.9
119211,4940,57400,283.6
119221,4936,56000,276.4
119231,4936,57500,283.8
119241,4932,55900,275.7
119251,4936,57500,283.8
119261,4936,55900,275.9
119271,4936,57500,283.8
119281,4936,55900,275.9
119291,4936,57500,283.8
119301,4800,137500,660.0
119311,4936,57500,283.8
119321,4936,56000,276.4
119331,4940,57500,284.1
119341,4936,56600,279.4
119351,4936,56800,280.4
119361,4936,56600,279.4
119371,4940,56800,280.6
119381,4936,57400,283.3
119391,4936,56300,277.9
119401,4936,57500,283.8
119411,4808,147400,708.7
119421,4936,57500,283.8
119431,4936,55900,275.9
119441,4940,57400,283.6
119451,4936,55900,275.9
119461,4940,57400,283.6
119471,4936,55900,275.9
119481,4940,57500,284.1
119491,4936,55900,275.9
119501,4936,57500,283.8
119511,4936,56600,279.4
119521,4936,56900,280.9
119531,4936,56500,278.9
119541,4936,56900,280.9
119551,4936,56600,279.4
119561,4936,56900,280.9
119571,4940,57500,284.1
119581,4936,55900,275.9
119591,4940,57500,284.1
119601,4936,55900,275.9
119611,4940,57500,284.1
119621,4816,137100,660.3
119631,4940,57500,284.1
119641,4936,55900,275.9
119651,4940,57500,284.1
119661,4936,55900,275.9
119671,4936,57500,283.8
119681,4936,55900,275.9
119691,4940,57500,284.1
119701,4940,56600,279.6
119711,4936,56800,280.4
119721,4808,141700,681.3
119731,4936,56900,280.9
119741,4940,57200,282.6
119751,4936,56500,278.9
119761,4940,57300,283.1
119771,4936,55900,275.9
119781,4936,57500,283.8
119791,4936,55900,275.9
119801,4936,57500,283.8
119811,4936,55900,275.9
119821,4940,57500,284.1
119831,4692,126300,592.6
119841,4940,57500,284.1
119851,4936,55900,275.9
119861,4936,57500,283.8
119871,4936,56600,279.4
119881,4940,57000,281.6
119891,4936,56600,279.4
119901,4936,56800,280.4
119911,4936,56500,278.9
119921,4936,56900,280.9
119931,4940,57500,284.1
119941,4936,55900,275.9
119951,4940,57500,284.1
119961,4936,55900,275.9
119971,4940,57500,284.1
119981,4936,55900,275.9
119991,4936,57500,283.8
120001,4936,55900,275.9
120011,4936,57500,283.8
120021,4936,55900,275.9
120031,4940,57500,284.1
120041,4808,141100,678.4
120051,4924,57500,283.1
120061,4936,56500,278.9
120071,4936,56900,280.9
120081,4936,56600,279.4
120091,4936,56800,280.4
120101,4936,57100,281.8
120111,4936,56600,279.4
120121,4940,57200,282.6
120131,4936,55900,275.9
120141,4936,57500,283.8
120151,4808,158400,761.6
120161,4940,57600,284.5
120171,4936,56000,276.4
120181,4940,57500,284.1
120191,4936,55900,275.9
120201,4936,57500,283.8
120211,4936,55900,275.9
120221,4936,57500,283.8
120231,4936,56500,278.9
120241,4940,57200,282.6
120251,4936,56600,279.4
120261,4808,141900,682.3
120271,4936,56600,279.4
120281,4936,56900,280.9
120291,4936,57600,284.3
120301,4936,55900,275.9
120311,4936,57500,283.8
120321,4936,55900,275.9
120331,4940,57600,284.5
120341,4936,55900,275.9
120351,4936,57500,283.8
120361,4932,71700,353.6
120371,4940,57500,284.1
120381,4936,56000,276.4
120391,4936,57500,283.8
120401,4936,55900,275.9
120411,4940,57500,284.1
120422,4936,56500,278.9
120431,4936,56900,280.9
120441,4936,56600,279.4
120451,4936,56900,280.9
120461,4936,124300,613.5
120471,4936,56800,280.4
120481,4936,57000,281.4
120491,4936,55900,275.9
120501,4940,57500,284.1
120511,4936,55900,275.9
120521,4936,57500,283.8
120531,4936,55900,275.9
120541,4940,57400,283.6
120551,4936,55900,275.9
120561,4940,57400,283.6
120571,4936,55900,275.9
120581,4936,57500,283.8
120591,4936,56300,277.9
120601,4936,57400,283.3
120611,4936,56500,278.9
120621,4936,56900,280.9
120631,4936,56500,278.9
120641,4936,56900,280.9
120651,4936,57500,283.8
120661,4936,55800,275.4
120671,4940,57500,284.1
120681,4936,55900,275.9
120691,4936,57500,283.8
120701,4936,55900,275.9
120711,4940,57500,284.1
120721,4936,55900,275.9
120731,4940,57500,284.1
120741,4936,55900,275.9
120751,4940,57500,284.1
120761,4936,55900,275.9
120771,4936,60400,298.1
120781,4936,56600,279.4
120791,4936,56900,280.9
120801,4936,56600,279.4
120811,4936,56800,280.4
120821,4940,56800,280.6
120831,4936,56800,280.4
120841,4940,56900,281.1
120851,4936,56000,276.4
120861,4936,57500,283.8
120871,4936,55900,275.9
120881,4808,219100,1053.4
120891,4936,55900,275.9
120901,4940,57500,284.1
120911,4936,55900,275.9
120921,4940,57600,284.5
120931,4936,55900,275.9
120941,4936,57500,283.8
120951,4936,56300,277.9
120961,4940,57500,284.1
120971,4936,56600,279.4
120981,4936,60100,296.7
120991,4936,56600,279.4
121001,4936,56900,280.9
121011,4936,57500,283.8
121021,4936,55900,275.9
121031,4940,57500,284.1
121041,4936,56000,276.4
121051,4936,57500,283.8
121061,4936,55800,275.4
121071,4940,57500,284.1
121081,4936,55900,275.9
121091,4804,143700,690.3
121101,4936,55900,275.9
121111,4940,57500,284.1
121121,4936,56000,276.4
121131,4936,57500,283.8
121141,4936,56500,278.9
121151,4936,56900,280.9
121161,4940,56500,279.1
121171,4936,56900,280.9
121181,4936,56700,279.9
121191,4812,136800,658.3
121201,4940,56800,280.6
121211,4936,55900,275.9
121221,4940,57500,284.1
121231,4936,55900,275.9
121241,4940,57500,284.1
121251,4936,55900,275.9
121261,4940,57600,284.5
121271,4936,55900,275.9
121281,4940,57600,284.5
121291,4808,142500,685.1
121301,4940,57600,284.5
121311,4936,56100,276.9
121321,4940,57500,284.1
121331,4936,56500,278.9
121341,4936,56900,280.9
121351,4936,56600,279.4
121361,4936,56800,280.4
121371,4936,57500,283.8
121381,4936,55900,275.9
121391,4936,57500,283.8
121401,4696,148500,697.4
121411,4940,57500,284.1
121421,4936,55900,275.9
121431,4940,57500,284.1
121441,4936,55900,275.9
121451,4940,57500,284.1
121461,4936,55900,275.9
121471,4936,57500,283.8
121481,4936,55900,275.9
121491,4940,57500,284.1
121501,4820,136800,659.4
121511,4940,56900,281.1
121521,4936,56600,279.4
121531,4936,56800,280.4
121541,4936,56500,278.9
121551,4936,56800,280.4
121561,4940,56700,280.1
121571,4936,55900,275.9
121581,4940,57500,284.1
121591,4936,55900,275.9
121601,4936,57500,283.8
121611,4732,134700,637.4
121621,4940,57500,284.1
121631,4936,55800,275.4
121641,4940,57500,284.1
121651,4936,55900,275.9
121661,4940,57500,284.1
121671,4936,56100,276.9
121681,4936,57500,283.8
121691,4936,56600,279.4
121701,4936,56900,280.9
121711,4824,174300,840.8
121721,4936,56900,280.9
121731,4936,57600,284.3
121741,4936,55900,275.9
121751,4940,57600,284.5
121761,4936,55900,275.9
121771,4940,57600,284.5
121781,4936,55900,275.9
121791,4940,57500,284.1
121801,4936,55900,275.9
121811,4940,61000,301.3
121821,4936,56000,276.4
121831,4936,57600,284.3
121841,4936,55900,275.9
121851,4936,57500,283.8
121861,4936,56500,278.9
121871,4936,56800,280.4
121881,4936,56600,279.4
121891,4936,56900,280.9
121901,4936,56600,279.4
121911,4936,56900,280.9
121921,4820,159200,767.3
121931,4936,55900,275.9
121941,4940,57500,284.1
121951,4936,55900,275.9
121961,4936,57500,283.8
121971,4936,55900,275.9
121981,4936,57400,283.3
121991,4936,55900,275.9
122001,4936,57500,283.8
122011,4936,55900,275.9
122021,4940,60900,300.8
122031,4936,56000,276.4
122041,4936,57500,283.8
122052,4936,56500,278.9
122061,4940,56800,280.6
122071,4936,56600,279.4
122081,4936,56900,280.9
122091,4936,57500,283.8
122101,4936,56000,276.4
122111,4940,57500,284.1
122121,4936,55900,275.9
122131,4804,143400,688.9
122141,4936,55800,275.4
122151,4940,57500,284.1
122161,4936,55900,275.9
122171,4936,57500,283.8
122181,4936,55900,275.9
122191,4940,57500,284.1
122201,4936,55900,275.9
122211,4936,57400,283.3
122221,4936,56500,278.9
122231,4936,56800,280.4
122241,4716,101200,477.3
122251,4936,56800,280.4
122261,4936,56600,279.4
122271,4936,56900,280.9
122281,4940,56500,279.1
122291,4936,55800,275.4
122301,4936,57500,283.8
122311,4936,55900,275.9
122321,4940,57500,284.1
122331,4936,55900,275.9
122341,4816,218000,1049.9
122351,4936,55900,275.9
122361,4940,57500,284.1
122371,4936,55900,275.9
122381,4940,57500,284.1
122391,4936,55900,275.9
122401,4936,57500,283.8
122411,4936,56600,279.4
122421,4940,56900,281.1
122431,4936,56500,278.9
122441,4812,141700,681.9
122451,4936,57500,283.8
122461,4936,56200,277.4
122471,4936,57600,284.3
122481,4936,55900,275.9
122491,4940,57600,284.5
122501,4936,56000,276.4
122511,4940,57500,284.1
122521,4936,55900,275.9
122531,4936,57400,283.3
122541,4936,55900,275.9
122551,4720,136800,645.7
122561,4936,55900,275.9
122571,4936,57500,283.8
122581,4936,56600,279.4
122591,4936,56900,280.9
122601,4936,56600,279.4
122611,4936,56800,280.4
122621,4936,56600,279.4
122631,4936,56900,280.9
122641,4936,56500,278.9
122651,4936,56000,276.4
122661,4936,57500,283.8
122671,4936,56000,276.4
122681,4940,57500,284.1
122691,4936,55900,275.9
122701,4940,57500,284.1
122711,4936,55900,275.9
122721,4940,57600,284.5
122731,4936,55800,275.4
122741,4940,57500,284.1
122751,4936,55900,275.9
122761,4832,223100,1078.0
122771,4936,56600,279.4
122781,4936,56800,280.4
122791,4940,56600,279.6
122801,4936,56900,280.9
122811,4936,57400,283.3
122821,4936,56200,277.4
122831,4936,57500,283.8
122841,4936,55900,275.9
122851,4936,57500,283.8
122861,4704,134100,630.8
122871,4936,57500,283.8
122881,4936,55800,275.4
122891,4936,57500,283.8
122901,4936,55900,275.9
122911,4940,57500,284.1
122921,4936,55900,275.9
122931,4940,57500,284.1
122941,4936,56600,279.4
122951,4940,56900,281.1
122961,4932,96200,474.5
122971,4936,56900,280.9
122981,4936,56600,279.4
122991,4936,56900,280.9
123001,4936,56600,279.4
123011,4936,55900,275.9
123021,4940,57400,283.6
123031,4936,55900,275.9
123041,4940,57500,284.1
123051,4936,55900,275.9
123061,4936,57500,283.8
123071,4692,140300,658.3
123081,4940,57500,284.1
123091,4936,56000,276.4
123101,4940,57500,284.1
123111,4936,55900,275.9
123121,4936,57500,283.8
123131,4936,56500,278.9
123141,4936,56800,280.4
123151,4936,56600,279.4
123161,4936,56800,280.4
123171,4812,143600,691.0
123181,4936,56400,278.4
123191,4940,57400,283.6
123201,4936,55900,275.9
123211,4940,57500,284.1
123221,4936,55900,275.9
123231,4936,57400,283.3
123241,4936,55900,275.9
123251,4940,57500,284.1
123261,4936,55800,275.4
123271,4936,57600,284.3
123281,4936,55900,275.9
123291,4936,57500,283.8
123301,4936,56700,279.9
123311,4940,56900,281.1
123321,4936,56500,278.9
123331,4936,56900,280.9
123341,4936,56600,279.4
123351,4936,56900,280.9
123361,4936,56500,278.9
123371,4936,55900,275.9
123381,4936,60500,298.6
123391,4936,55900,275.9
123401,4940,57500,284.1
123411,4936,55900,275.9
123421,4936,57500,283.8
123431,4936,55900,275.9
123441,4940,57500,284.1
123451,4936,55900,275.9
123461,4936,57500,283.8
123471,4936,55900,275.9
123481,4940,57500,284.1
123491,4820,134100,646.4
123501,4936,56900,280.9
123511,4936,56500,278.9
123521,4936,56900,280.9
123531,4936,57200,282.3
123541,4936,56500,278.9
123551,4936,57400,283.3
123561,4936,55800,275.4
123571,4940,57500,284.1
123581,4936,55900,275.9
123591,4900,159800,783.0
123601,4936,55900,275.9
123611,4936,57500,283.8
123621,4936,55900,275.9
123631,4936,57500,283.8
123641,4936,55900,275.9
123651,4936,57500,283.8
123661,4936,56500,278.9
123671,4940,57000,281.6
123681,4936,56600,279.4
123692,4936,56900,280.9
123701,4816,139200,670.4
123711,4940,56900,281.1
123721,4940,56500,279.1
123731,4936,55900,275.9
123741,4936,57500,283.8
123751,4936,55900,275.9
123761,4940,57500,284.1
123771,4936,55900,275.9
123781,4936,57500,283.8
123791,4936,55900,275.9
123801,4876,158200,771.4
123811,4936,55900,275.9
123821,4940,57500,284.1
123831,4936,55900,275.9
123841,4940,57500,284.1
123851,4936,56600,279.4
123861,4936,56900,280.9
123871,4936,56600,279.4
123881,4936,56900,280.9
123891,4936,57100,281.8
123901,4796,144600,693.5
123911,4940,57200,282.6
123921,4936,56000,276.4
123931,4940,57500,284.1
123941,4936,55900,275.9
123951,4936,57600,284.3
123961,4936,56000,276.4
123971,4940,57500,284.1
123981,4936,55900,275.9
123991,4936,57500,283.8
124001,4936,55800,275.4
124011,4852,150200,728.8
124021,4936,56500,278.9
124031,4940,57200,282.6
124041,4936,56600,279.4
124051,4936,56900,280.9
124061,4936,56500,278.9
124071,4936,56900,280.9
124081,4936,56500,278.9
124091,4936,55900,275.9
124101,4940,57500,284.1
124111,4936,55900,275.9
124121,4816,142200,684.8
124131,4936,55900,275.9
124141,4940,57500,284.1
124151,4936,55900,275.9
124161,4936,57500,283.8
124171,4936,55900,275.9
124181,4940,57500,284.1
124191,4936,55900,275.9
124201,4936,57500,283.8
124211,4936,56500,278.9
124221,4824,150000,723.6
124231,4936,56600,279.4
124241,4936,56800,280.4
124251,4936,56900,280.9
124261,4940,56700,280.1
124271,4940,57100,282.1
124281,4936,55900,275.9
124291,4940,57500,284.1
124301,4936,55900,275.9
124311,4940,57500,284.1
124321,4936,55900,275.9
124331,4816,141900,683.4
124341,4936,55800,275.4
124351,4936,57500,283.8
124361,4936,55800,275.4
124371,4940,57500,284.1
124381,4936,56400,278.4
124391,4940,57300,283.1
124401,4936,56500,278.9
124411,4936,56800,280.4
124421,4936,56600,279.4
124431,4936,56800,280.4
124441,4936,57500,283.8
124451,4936,56000,276.4
124461,4940,57500,284.1
124471,4936,55900,275.9
124481,4936,57500,283.8
124491,4936,55900,275.9
124501,4936,57500,283.8
124511,4936,55900,275.9
124521,4940,57500,284.1
124531,4936,55900,275.9
124541,4808,142500,685.1
124551,4936,55900,275.9
124561,4940,57500,284.1
124571,4936,56600,279.4
124581,4936,56900,280.9
124591,4936,56600,279.4
124601,4940,56800,280.6
124611,4936,56900,280.9
124621,4936,56800,280.4
124631,4936,57000,281.4
124641,4808,141300,679.4
124651,4936,57500,283.8
124661,4936,55900,275.9
124671,4940,57500,284.1
124681,4936,55900,275.9
124691,4936,57500,283.8
124701,4936,55900,275.9
124711,4940,57400,283.6
124721,4936,55900,275.9
124731,4936,57500,283.8
124741,4808,141300,679.4
124751,4940,57500,284.1
124761,4936,56500,278.9
124771,4936,56900,280.9
124781,4936,56500,278.9
124791,4936,56900,280.9
124801,4936,57600,284.3
124811,4936,55800,275.4
124821,4940,57500,284.1
124831,4936,56000,276.4
124841,4936,57500,283.8
124851,4696,133500,626.9
124861,4940,57500,284.1
124871,4936,56000,276.4
124881,4940,57600,284.5
124891,4936,56000,276.4
124901,4940,57500,284.1
124911,4936,55900,275.9
124921,4936,57500,283.8
124931,4936,56500,278.9
124941,4936,56900,280.9
124951,4936,56500,278.9
124961,4804,205900,989.1
124971,4936,56700,279.9
124981,4936,56800,280.4
124991,4940,56800,280.6
125001,4936,56000,276.4
125011,4936,57500,283.8
125021,4936,55900,275.9
125031,4936,57500,283.8
125041,4936,55900,275.9
125051,4936,57500,283.8
125061,4932,64500,318.1
125071,4940,57500,284.1
125081,4936,55900,275.9
125091,4940,57500,284.1
125101,4936,56100,276.9
125111,4940,57500,284.1
125121,4936,56500,278.9
125131,4936,56900,280.9
125141,4936,56500,278.9
125151,4936,56800,280.4
125161,4936,57500,283.8
125171,4936,55900,275.9
125181,4936,57500,283.8
125191,4936,55900,275.9
125201,4940,57500,284.1
125211,4936,55900,275.9
125221,4936,57600,284.3
125231,4936,55900,275.9
125241,4940,57500,284.1
125251,4936,55900,275.9
125261,4940,57500,284.1
125271,4936,56000,276.4
125281,4896,57500,281.5
125291,4936,56500,278.9
125301,4936,56800,280.4
125311,4936,56500,278.9
125322,4936,56900,280.9
125331,4936,56500,278.9
125341,4936,56900,280.9
125351,4940,56700,280.1
125361,4936,55900,275.9
125371,4940,57600,284.5
125381,4784,140500,672.2
125391,4936,57400,283.3
125401,4936,55900,275.9
125411,4940,57500,284.1
125421,4936,56000,276.4
125431,4940,57500,284.1
125441,4936,55800,275.4
125451,4936,57500,283.8
125461,4936,56000,276.4
125471,4936,57500,283.8
125481,4936,56600,279.4
125491,4808,140400,675.0
125501,4936,56600,279.4
125511,4936,56800,280.4
125521,4936,57500,283.8
125531,4936,55900,275.9
125541,4940,57500,284.1
125551,4936,55900,275.9
125561,4940,57500,284.1
125571,4936,55900,275.9
125581,4940,57400,283.6
125591,4936,55900,275.9
125601,4808,195700,940.9
125611,4936,56000,276.4
125621,4940,57500,284.1
125631,4936,55900,275.9
125641,4940,57400,283.6
125651,4936,56600,279.4
125661,4936,56800,280.4
125671,4936,56600,279.4
125681,4936,56800,280.4
125691,4936,56500,278.9
125701,4936,56900,280.9
125711,4816,207600,999.8
125721,4936,55900,275.9
125731,4940,57500,284.1
125741,4936,55900,275.9
125751,4936,57500,283.8
125761,4936,55900,275.9
125771,4936,57500,283.8
125781,4936,55900,275.9
125791,4936,57500,283.8
125801,4936,55900,275.9
125811,4936,57500,283.8
125821,4936,55900,275.9
125831,4940,57500,284.1
125841,4936,56500,278.9
125851,4936,56800,280.4
125861,4940,56600,279.6
125871,4936,56800,280.4
125881,4936,57500,283.8
125891,4940,56000,276.6
125901,4936,57500,283.8
125911,4936,55900,275.9
125921,4812,142400,685.2
125931,4936,55900,275.9
125941,4940,57500,284.1
125951,4936,56000,276.4
125961,4940,57500,284.1
125971,4936,55900,275.9
125981,4940,57500,284.1
125991,4936,55900,275.9
126001,4936,57500,283.8
126011,4936,56500,278.9
126021,4940,56800,280.6
126031,4684,111400,521.8
126041,4940,56800,280.6
126051,4936,56600,279.4
126061,4936,56900,280.9
126071,4936,56600,279.4
126081,4936,55900,275.9
126091,4936,57500,283.8
126101,4936,56000,276.4
126111,4940,57500,284.1
126121,4936,56000,276.4
126131,4832,209200,1010.9
126141,4936,56000,276.4
126151,4940,57500,284.1
126161,4936,55900,275.9
126171,4936,57500,283.8
126181,4936,55900,275.9
126191,4940,57400,283.6
126201,4940,56600,279.6
126211,4936,56900,280.9
126221,4936,56500,278.9
126231,4936,56800,280.4
126241,4936,57400,283.3
126251,4936,56100,276.9
126261,4940,57500,284.1
126271,4936,56000,276.4
126281,4940,57500,284.1
126291,4936,55900,275.9
126301,4936,57500,283.8
126311,4936,55800,275.4
126321,4940,57500,284.1
126331,4936,55900,275.9
126341,4812,142400,685.2
126351,4936,56000,276.4
126361,4940,57500,284.1
126371,4936,56500,278.9
126381,4940,56800,280.6
126391,4936,56500,278.9
126401,4936,56900,280.9
126411,4936,56400,278.4
126421,4936,56900,280.9
126431,4936,56500,278.9
126441,4808,141800,681.8
126451,4940,57600,284.5
126461,4936,56000,276.4
126471,4940,57500,284.1
126481,4936,55900,275.9
126491,4940,57600,284.5
126501,4936,56000,276.4
126511,4940,57500,284.1
126521,4936,55900,275.9
126531,4940,57500,284.1
126541,4936,55900,275.9
126551,4936,57500,283.8
126561,4936,56600,279.4
126571,4936,56800,280.4
126581,4936,56600,279.4
126591,4936,56800,280.4
126601,4936,57400,283.3
126611,4940,56300,278.1
126621,4936,57500,283.8
126631,4936,55900,275.9
126641,4940,57500,284.1
126651,4936,55900,275.9
126661,4940,60300,297.9
126671,4936,55900,275.9
126681,4940,57500,284.1
126691,4936,55900,275.9
126701,4940,57500,284.1
126711,4936,55900,275.9
126721,4940,57500,284.1
126731,4936,56600,279.4
126741,4940,56900,281.1
126751,4936,56600,279.4
126761,4936,56900,280.9
126771,4824,134300,647.9
126781,4936,56900,280.9
126791,4936,56600,279.4
126801,4936,55900,275.9
126811,4936,57500,283.8
126821,4936,56000,276.4
126831,4936,57500,283.8
126841,4936,55900,275.9
126851,4936,57500,283.8
126861,4936,55900,275.9
126871,4936,57500,283.8
126881,4692,140500,659.2
126891,4940,57500,284.1
126901,4936,55900,275.9
126911,4936,57500,283.8
126921,4936,56600,279.4
126931,4936,56900,280.9
126941,4936,56500,278.9
126952,4936,56600,279.4
126961,4936,57300,282.8
126971,4936,56400,278.4
126981,4816,138700,668.0
126991,4936,56000,276.4
127001,4936,57500,283.8
127011,4936,55900,275.9
127021,4936,57500,283.8
127031,4936,56000,276.4
127041,4936,57500,283.8
127051,4936,55900,275.9
127061,4940,57500,284.1
127071,4932,55900,275.7
127081,4816,143900,693.0
127091,4936,56600,279.4
127101,4936,57100,281.8
127111,4936,56600,279.4
127121,4936,56900,280.9
127131,4936,56600,279.4
127141,4936,56800,280.4
127151,4940,56600,279.6
127161,4936,56000,276.4
127171,4936,57500,283.8
127181,4936,55900,275.9
127191,4824,190900,920.9
127201,4936,56000,276.4
127211,4940,57500,284.1
127221,4936,55900,275.9
127231,4936,57600,284.3
127241,4936,55900,275.9
127251,4936,57600,284.3
127261,4936,55800,275.4
127271,4936,57500,283.8
127281,4936,56600,279.4
127291,4808,142200,683.7
127301,4936,56600,279.4
127311,4936,56900,280.9
127321,4936,57100,281.8
127331,4936,56600,279.4
127341,4940,57300,283.1
127351,4936,55900,275.9
127361,4936,57500,283.8
127371,4936,55900,275.9
127381,4936,57500,283.8
127391,4936,55900,275.9
127401,4824,210700,1016.4
127411,4936,55900,275.9
127421,4936,57500,283.8
127431,4936,55900,275.9
127441,4936,57500,283.8
127451,4936,56500,278.9
127461,4936,57200,282.3
127471,4940,56500,279.1
127481,4936,56800,280.4
127491,4936,56500,278.9
127501,4936,56900,280.9
127511,4720,148000,698.6
127521,4936,55900,275.9
127531,4936,57500,283.8
127541,4936,55800,275.4
127551,4940,57500,284.1
127561,4936,55800,275.4
127571,4940,57500,284.1
127581,4936,55900,275.9
127591,4936,57500,283.8
127601,4936,55900,275.9
127611,4712,135200,637.1
127621,4936,55900,275.9
127631,4940,57500,284.1
127641,4936,56600,279.4
127651,4936,56900,280.9
127661,4936,56600,279.4
127671,4940,56900,281.1
127681,4936,57100,281.8
127691,4936,56700,279.9
127701,4936,57100,281.8
127711,4936,55900,275.9
127721,4756,176600,839.9
127731,4936,55900,275.9
127741,4940,57500,284.1
127751,4936,56000,276.4
127761,4940,57500,284.1
127771,4936,55900,275.9
127781,4936,57600,284.3
127791,4936,55900,275.9
127801,4936,57500,283.8
127811,4936,56500,278.9
127821,4812,142100,683.8
127831,4936,56700,279.9
127841,4936,56900,280.9
127851,4936,56600,279.4
127861,4936,56900,280.9
127871,4936,56600,279.4
127881,4936,55900,275.9
127891,4940,57500,284.1
127901,4936,55900,275.9
127911,4936,57500,283.8
127921,4788,141200,676.1
127931,4940,57500,284.1
127941,4936,56000,276.4
127951,4936,57500,283.8
127961,4936,55900,275.9
127971,4940,57500,284.1
127981,4936,55900,275.9
127991,4940,57500,284.1
128001,4936,56600,279.4
128011,4936,56900,280.9
128021,4936,56600,279.4
128031,4812,141500,680.9
128041,4936,56700,279.9
128051,4936,56900,280.9
128061,4940,56900,281.1
128071,4936,55900,275.9
128081,4940,57500,284.1
128091,4936,56000,276.4
128101,4940,57500,284.1
128111,4936,55900,275.9
128121,4940,57500,284.1
128131,4784,141200,675.5
128141,4936,57500,283.8
128151,4936,55900,275.9
128161,4936,57500,283.8
128171,4936,56300,277.9
128181,4940,57400,283.6
128191,4936,56600,279.4
128201,4936,56900,280.9
128211,4936,56500,278.9
128221,4936,56800,280.4
128231,4936,56600,279.4
128241,4788,196600,941.3
128251,4936,57600,284.3
128261,4936,55900,275.9
128271,4936,57500,283.8
128281,4936,56000,276.4
128291,4940,57500,284.1
128301,4936,56000,276.4
128311,4936,57500,283.8
128321,4936,55900,275.9
128331,4936,57500,283.8
128341,4804,141500,679.8
128351,4936,57600,284.3
128361,4936,56600,279.4
128371,4936,56900,280.9
128381,4936,56600,279.4
128391,4936,56800,280.4
128401,4936,56700,279.9
128411,4936,56900,280.9
128421,4936,56800,280.4
128431,4936,55900,275.9
128441,4940,57500,284.1
128451,4808,138200,664.5
128461,4936,57500,283.8
128471,4936,55900,275.9
128481,4936,57600,284.3
128491,4936,55900,275.9
128501,4936,57500,283.8
128511,4936,55900,275.9
128521,4936,57500,283.8
128531,4936,56300,277.9
128541,4936,57500,283.8
128551,4936,56600,279.4
128561,4712,134100,631.9
128571,4936,56600,279.4
128581,4936,56900,280.9
128592,4936,57500,283.8
128601,4936,55900,275.9
128611,4936,57500,283.8
128621,4936,55900,275.9
128631,4940,57500,284.1
128641,4936,55900,275.9
128651,4936,57500,283.8
128661,4936,55900,275.9
128671,4720,135900,641.4
128681,4936,55900,275.9
128691,4936,57500,283.8
128701,4936,55900,275.9
128711,4940,57500,284.1
128721,4936,56500,278.9
128731,4940,56900,281.1
128741,4936,56500,278.9
128751,4936,56900,280.9
128761,4936,56600,279.4
128771,4816,147700,711.3
128781,4940,56700,280.1
128791,4936,55900,275.9
128801,4936,57500,283.8
128811,4936,55900,275.9
128821,4940,57500,284.1
128831,4936,55900,275.9
128841,4940,57500,284.1
128851,4936,55900,275.9
128861,4940,57500,284.1
128871,4936,55900,275.9
128881,4792,186100,891.8
128891,4936,56100,276.9
128901,4936,57500,283.8
128911,4936,56500,278.9
128921,4936,56800,280.4
128931,4936,56600,279.4
128941,4936,56900,280.9
128951,4936,56600,279.4
128961,4936,55900,275.9
128971,4936,57500,283.8
128981,4704,133800,629.4
128991,4940,57500,284.1
129001,4936,55900,275.9
129011,4936,57500,283.8
129021,4936,55900,275.9
129031,4936,57500,283.8
129041,4936,55900,275.9
129051,4936,57500,283.8
129061,4936,55900,275.9
129071,4936,57600,284.3
129081,4808,144500,694.8
129091,4936,56900,280.9
129101,4936,56600,279.4
129111,4936,56800,280.4
129121,4936,56600,279.4
129131,4940,56900,281.1
129141,4940,56700,280.1
129151,4936,55900,275.9
129161,4936,57500,283.8
129171,4936,55900,275.9
129181,4936,57500,283.8
129191,4812,133000,640.0
129201,4940,57500,284.1
129211,4936,55900,275.9
129221,4940,57500,284.1
129231,4936,56000,276.4
129241,4936,57500,283.8
129251,4936,56000,276.4
129261,4940,57500,284.1
129271,4936,56500,278.9
129281,4936,56900,280.9
129291,4936,56600,279.4
129301,4708,134300,632.3
129311,4936,56600,279.4
129321,4936,56000,276.4
129331,4940,57600,284.5
129341,4936,55900,275.9
129351,4940,57500,284.1
129361,4936,55900,275.9
129371,4940,57500,284.1
129381,4936,55900,275.9
129391,4936,57400,283.3
129401,4932,58900,290.5
129411,4936,57500,283.8
129421,4936,55900,275.9
129431,4936,57500,283.8
129441,4936,56600,279.4
129451,4936,56800,280.4
129461,4936,56500,278.9
129471,4936,56800,280.4
129481,4936,56600,279.4
129491,4936,56900,280.9
129501,4936,56600,279.4
129511,4736,136900,648.4
129521,4936,57500,283.8
129531,4936,55900,275.9
129541,4940,57500,284.1
129551,4936,55900,275.9
129561,4936,57500,283.8
129571,4936,55900,275.9
129581,4940,57500,284.1
129591,4936,55900,275.9
129601,4936,57500,283.8
129611,4936,55900,275.9
129621,4780,173500,829.3
129631,4936,56700,279.9
129641,4936,56800,280.4
129651,4936,56600,279.4
129661,4936,56900,280.9
129671,4936,56500,278.9
129681,4936,56100,276.9
129691,4936,57600,284.3
129701,4936,55900,275.9
129711,4940,57400,283.6
129721,4808,140300,674.6
129731,4940,57600,284.5
129741,4936,55900,275.9
129751,4936,57500,283.8
129761,4936,55900,275.9
129771,4936,57500,283.8
129781,4936,56000,276.4
129791,4940,57500,284.1
129801,4936,56600,279.4
129811,4940,56800,280.6
129821,4936,56600,279.4
129831,4736,149300,707.1
129841,4936,56600,279.4
129851,4936,56900,280.9
129861,4940,56600,279.6
129871,4936,55900,275.9
129881,4936,57500,283.8
129891,4936,55800,275.4
129901,4940,57500,284.1
129911,4936,55900,275.9
129921,4940,57500,284.1
129931,4700,133400,627.0
129941,4940,57600,284.5
129951,4936,55900,275.9
129961,4936,57500,283.8
129971,4936,55900,275.9
129981,4936,57500,283.8
129991,4936,56500,278.9
130001,4936,56900,280.9
130011,4936,56500,278.9
130021,4936,56800,280.4
130031,4812,139000,668.9
130041,4940,56200,277.6
130051,4940,57500,284.1
130061,4936,56000,276.4
130071,4936,57500,283.8
130081,4936,55900,275.9
130091,4936,57600,284.3
130101,4936,55900,275.9
130111,4940,57500,284.1
130121,4936,55900,275.9
130131,4936,57500,283.8
130141,4728,133600,631.7
130151,4936,57500,283.8
130161,4936,56600,279.4
130171,4936,56800,280.4
130181,4936,56600,279.4
130191,4936,56900,280.9
130201,4936,56600,279.4
130211,4936,56900,280.9
130222,4940,57600,284.5
130231,4936,56000,276.4
130241,4812,142600,686.2
130251,4936,56000,276.4
130261,4936,57500,283.8
130271,4936,56000,276.4
130281,4936,57600,284.3
130291,4936,55900,275.9
130301,4936,57500,283.8
130311,4936,55900,275.9
130321,4940,57500,284.1
130331,4936,55900,275.9
130341,4812,142600,686.2
130351,4936,56600,279.4
130361,4936,56900,280.9
130371,4936,56600,279.4
130381,4940,56900,281.1
130391,4936,56600,279.4
130401,4936,56400,278.4
130411,4940,57500,284.1
130421,4936,55900,275.9
130431,4940,57600,284.5
130441,4936,55900,275.9
130451,4920,155800,766.5
130461,4936,56000,276.4
130471,4936,57500,283.8
130481,4936,55900,275.9
130491,4936,57500,283.8
130501,4936,55900,275.9
130511,4936,57500,283.8
130521,4936,56700,279.9
130531,4936,57000,281.4
130541,4936,56500,278.9
130551,4936,56900,280.9
130561,4816,141300,680.5
130571,4936,56900,280.9
130581,4936,56600,279.4
130591,4936,56000,276.4
130601,4936,57500,283.8
130611,4936,55900,275.9
130621,4936,57600,284.3
130631,4936,55900,275.9
130641,4940,57500,284.1
130651,4936,55900,275.9
130661,4908,159900,784.8
130671,4936,55900,275.9
130681,4936,57500,283.8
130691,4936,55900,275.9
130701,4940,57500,284.1
130711,4936,56600,279.4
130721,4936,56800,280.4
130731,4936,56600,279.4
130741,4936,56900,280.9
130751,4936,56600,279.4
130761,4936,56400,278.4
130771,4816,200200,964.2
130781,4936,55900,275.9
130791,4940,57500,284.1
130801,4936,56000,276.4
130811,4936,57600,284.3
130821,4936,55900,275.9
130831,4936,57500,283.8
130841,4936,55900,275.9
130851,4936,57500,283.8
130861,4936,55900,275.9
130871,4940,57500,284.1
130881,4692,140100,657.3
130891,4936,57100,281.8
130901,4936,56600,279.4
130911,4940,56900,281.1
130921,4936,56500,278.9
130931,4936,56900,280.9
130941,4936,56600,279.4
130951,4936,55900,275.9
130961,4940,57500,284.1
130971,4936,55900,275.9
130981,4928,149800,738.2
130991,4936,55900,275.9
131001,4936,57500,283.8
131011,4936,55900,275.9
131021,4940,57500,284.1
131031,4936,55900,275.9
131041,4936,57600,284.3
131051,4936,55900,275.9
131061,4940,57500,284.1
131071,4936,56600,279.4
131081,4936,56900,280.9
131091,4808,144800,696.2
131101,4936,56800,280.4
131111,4936,56600,279.4
131121,4936,56700,279.9
131131,4940,57300,283.1
131141,4936,55900,275.9
131151,4936,57500,283.8
131161,4936,55900,275.9
131171,4940,57500,284.1
131181,4936,55900,275.9
131191,4808,142400,684.7
131201,4936,55900,275.9
131211,4940,57500,284.1
131221,4936,55900,275.9
131231,4940,57500,284.1
131241,4936,56600,279.4
131251,4936,57100,281.8
131261,4936,56500,278.9
131271,4936,56900,280.9
131281,4936,56500,278.9
131291,4936,56800,280.4
131301,4812,142800,687.2
131311,4936,55800,275.4
131321,4940,57500,284.1
131331,4936,55900,275.9
131341,4936,57500,283.8
131351,4936,55900,275.9
131361,4936,57500,283.8
131371,4936,55800,275.4
131381,4936,57500,283.8
131391,4936,56000,276.4
131401,4936,57500,283.8
131411,4688,142900,669.9
131421,4936,57500,283.8
131431,4936,56600,279.4
131441,4940,56900,281.1
131451,4936,56600,279.4
131461,4936,56800,280.4
131471,4936,57000,281.4
131481,4936,56700,279.9
131491,4936,57100,281.8
131501,4936,55900,275.9
131511,4936,57500,283.8
131521,4936,55900,275.9
131531,4940,57500,284.1
131541,4936,55900,275.9
131551,4936,57500,283.8
131561,4936,55900,275.9
131571,4936,57500,283.8
131581,4936,55900,275.9
131591,4940,57500,284.1
131601,4936,56400,278.4
131611,4940,57100,282.1
131621,4764,137900,657.0
131631,4940,56900,281.1
131641,4936,56500,278.9
131651,4936,56800,280.4
131661,4940,56500,279.1
131671,4936,55900,275.9
131681,4940,57500,284.1
131691,4936,55900,275.9
131701,4940,57500,284.1
131711,4936,56000,276.4
131721,4920,154400,759.6
131731,4936,55900,275.9
131741,4940,57500,284.1
131751,4936,55900,275.9
131761,4936,57500,283.8
131771,4936,55900,275.9
131781,4940,57500,284.1
131791,4936,56600,279.4
131801,4940,56900,281.1
131811,4936,56600,279.4
131821,4940,56800,280.6
131831,4808,141600,680.8
131841,4936,56800,280.4
131852,4936,57500,283.8
131861,4936,56000,276.4
131871,4940,57400,283.6
131881,4936,55900,275.9
131891,4940,57500,284.1
131901,4936,55900,275.9
131911,4940,57500,284.1
131921,4936,55800,275.4
131931,4936,58100,286.8
131941,4936,56000,276.4
131951,4936,57500,283.8
131961,4936,56300,277.9
131971,4940,57400,283.6
131981,4936,56600,279.4
131991,4936,56900,280.9
132001,4936,56500,278.9
132011,4936,57000,281.4
132021,4936,56600,279.4
132031,4936,55900,275.9
132041,4940,65300,322.6
132051,4936,55900,275.9
132061,4936,57600,284.3
132071,4936,55900,275.9
132081,4936,57500,283.8
132091,4936,55900,275.9
132101,4940,57500,284.1
132111,4936,55900,275.9
132121,4936,57500,283.8
132131,4936,56000,276.4
132141,4804,143600,689.9
132151,4936,56600,279.4
132161,4940,56900,281.1
132171,4936,56600,279.4
132181,4936,56900,280.9
132191,4936,56800,280.4
132201,4936,56800,280.4
132211,4936,57000,281.4
132221,4936,55900,275.9
132231,4940,57500,284.1
132241,4936,55900,275.9
132251,4784,176100,842.5
132261,4936,55900,275.9
132271,4940,57500,284.1
132281,4936,56000,276.4
132291,4940,57500,284.1
132301,4936,55900,275.9
132311,4940,57500,284.1
132321,4936,56300,277.9
132331,4936,57400,283.3
132341,4936,56500,278.9
132351,4936,59700,294.7
132361,4936,56600,279.4
132371,4936,56900,280.9
132381,4936,56600,279.4
132391,4936,55900,275.9
132401,4936,57500,283.8
132411,4936,55900,275.9
132421,4940,57500,284.1
132431,4936,55900,275.9
132441,4936,57500,283.8
132451,4936,55900,275.9
132461,4820,57500,277.2
132471,4936,55900,275.9
132481,4936,57600,284.3
132491,4936,55900,275.9
132501,4940,57500,284.1
132511,4936,56500,278.9
132521,4936,56900,280.9
132531,4936,56600,279.4
132541,4940,56800,280.6
132551,4936,56600,279.4
132561,4712,138000,650.3
132571,4940,56800,280.6
132581,4936,55900,275.9
132591,4940,57500,284.1
132601,4936,56000,276.4
132611,4940,57500,284.1
132621,4936,55900,275.9
132631,4940,57500,284.1
132641,4936,55900,275.9
132651,4940,57500,284.1
132661,4936,56000,276.4
132671,4840,57500,278.3
132681,4936,56200,277.4
132691,4936,57500,283.8
132701,4936,56500,278.9
132711,4940,56800,280.6
132721,4936,56600,279.4
132731,4936,56900,280.9
132741,4936,56500,278.9
132751,4936,55900,275.9
132761,4936,57500,283.8
132771,4796,202900,973.1
132781,4936,57500,283.8
132791,4936,55800,275.4
132801,4940,57500,284.1
132811,4936,55900,275.9
132821,4936,57500,283.8
132831,4936,55900,275.9
132841,4940,57500,284.1
132851,4936,55900,275.9
132861,4940,57500,284.1
132871,4932,65500,323.0
132881,4936,56900,280.9
132891,4936,56600,279.4
132901,4936,56900,280.9
132911,4936,56700,279.9
132921,4936,56800,280.4
132931,4940,56800,280.6
132941,4936,55900,275.9
132951,4936,57500,283.8
132961,4936,55900,275.9
132971,4936,57500,283.8
132981,4760,180200,857.8
132991,4936,57500,283.8
133001,4936,56000,276.4
133011,4936,57500,283.8
133021,4936,55900,275.9
133031,4940,57500,284.1
133041,4936,56200,277.4
133051,4936,57500,283.8
133061,4936,56600,279.4
133071,4936,56800,280.4
133081,4932,74800,368.9
133091,4936,56800,280.4
133101,4936,56600,279.4
133111,4936,56000,276.4
133121,4936,57500,283.8
133131,4936,55900,275.9
133141,4940,57500,284.1
133151,4936,55900,275.9
133161,4940,57400,283.6
133171,4936,56000,276.4
133181,4936,57500,283.8
133191,4796,137100,657.5
133201,4936,57500,283.8
133211,4936,55900,275.9
133221,4936,57600,284.3
133231,4936,56600,279.4
133241,4936,56900,280.9
133251,4936,56600,279.4
133261,4936,56800,280.4
133271,4936,56600,279.4
133281,4936,56900,280.9
133291,4812,145200,698.7
133301,4936,55900,275.9
133311,4940,57500,284.1
133321,4936,55900,275.9
133331,4940,57500,284.1
133341,4936,55900,275.9
133351,4936,57400,283.3
133361,4936,55900,275.9
133371,4936,57500,283.8
133381,4936,55900,275.9
133391,4940,57500,284.1
133401,4824,133500,644.0
133411,4940,57500,284.1
133421,4940,56600,279.6
133431,4936,56900,280.9
133441,4936,56600,279.4
133451,4936,56900,280.9
133461,4936,56600,279.4
133471,4936,55900,275.9
133481,4940,57500,284.1
133492,4936,55900,275.9
133501,4808,192700,926.5
133511,4936,55900,275.9
133521,4936,57500,283.8
133531,4936,55900,275.9
133541,4940,57500,284.1
133551,4936,55900,275.9
133561,4936,57500,283.8
133571,4936,55900,275.9
133581,4936,57500,283.8
133591,4936,56500,278.9
133601,4940,56800,280.6
133611,4936,56600,279.4
133621,4936,56900,280.9
133631,4936,56600,279.4
133641,4936,56800,280.4
133651,4940,56600,279.6
133661,4936,55900,275.9
133671,4936,57500,283.8
133681,4936,56000,276.4
133691,4936,57500,283.8
133701,4936,55900,275.9
133711,4940,57500,284.1
133721,4936,55900,275.9
133731,4936,57500,283.8
133741,4936,56000,276.4
133751,4940,57500,284.1
133761,4936,55900,275.9
133771,4940,57500,284.1
133781,4936,56600,279.4
133791,4936,56800,280.4
133801,4936,56600,279.4
133811,4936,56900,280.9
133821,4792,118400,567.4
133831,4940,56000,276.6
133841,4936,57500,283.8
133851,4936,56000,276.4
133861,4936,57500,283.8
133871,4936,55900,275.9
133881,4940,57500,284.1
133891,4936,55900,275.9
133901,4940,57500,284.1
133911,4936,55900,275.9
133921,4936,57500,283.8
133931,4808,142700,686.1
133941,4936,57500,283.8
133951,4936,56500,278.9
133961,4940,56800,280.6
133971,4936,56500,278.9
133981,4936,56800,280.4
133991,4936,56600,279.4
134001,4936,56900,280.9
134011,4940,56700,280.1
134021,4936,55900,275.9
134031,4940,57500,284.1
134041,4932,55900,275.7
134051,4936,57500,283.8
134061,4936,55900,275.9
134071,4940,57500,284.1
134081,4936,55900,275.9
134091,4936,57500,283.8
134101,4936,55900,275.9
134111,4940,57500,284.1
134121,4936,56000,276.4
134131,4936,57500,283.8
134141,4808,142800,686.6
134151,4936,56800,280.4
134161,4936,56500,278.9
134171,4936,56900,280.9
134181,4936,56600,279.4
134191,4936,55900,275.9
134201,4940,57500,284.1
134211,4936,55900,275.9
134221,4940,57400,283.6
134231,4932,56000,276.2
134241,4812,142600,686.2
134251,4936,56000,276.4
134261,4940,57500,284.1
134271,4936,55900,275.9
134281,4936,57500,283.8
134291,4936,55900,275.9
134301,4940,57500,284.1
134311,4936,56500,278.9
134321,4940,56800,280.6
134331,4936,56600,279.4
134341,4936,56800,280.4
134351,4816,189000,910.2
134361,4936,56900,280.9
134371,4936,56600,279.4
134381,4936,56000,276.4
134391,4936,57500,283.8
134401,4936,56000,276.4
134411,4936,57500,283.8
134421,4936,55900,275.9
134431,4936,57600,284.3
134441,4936,55900,275.9
134451,4936,57500,283.8
134461,4700,133600,627.9
134471,4940,57500,284.1
134481,4936,55900,275.9
134491,4940,57500,284.1
134501,4936,56600,279.4
134511,4936,56900,280.9
134521,4936,56500,278.9
134531,4936,56900,280.9
134541,4936,56600,279.4
134551,4936,56000,276.4
134561,4820,199600,962.1
134571,4936,55900,275.9
134581,4936,57500,283.8
134591,4936,55900,275.9
134601,4940,57500,284.1
134611,4936,55900,275.9
134621,4936,57500,283.8
134631,4936,55900,275.9
134641,4940,57500,284.1
134651,4936,55900,275.9
134661,4804,143900,691.3
134671,4936,56600,279.4
134681,4940,56800,280.6
134691,4936,56600,279.4
134701,4936,56900,280.9
134711,4936,56600,279.4
134721,4936,56900,280.9
134731,4940,56600,279.6
134741,4936,56000,276.4
134751,4940,57500,284.1
134761,4936,55900,275.9
134771,4824,210500,1015.5
134781,4936,55900,275.9
134791,4936,57500,283.8
134801,4936,55900,275.9
134811,4940,57500,284.1
134821,4936,55800,275.4
134831,4940,57500,284.1
134841,4936,55900,275.9
134851,4936,57500,283.8
134861,4936,56600,279.4
134871,4936,59600,294.2
134881,4936,56600,279.4
134891,4936,56900,280.9
134901,4936,56600,279.4
134911,4936,56200,277.4
134921,4936,57600,284.3
134931,4936,56000,276.4
134941,4940,57500,284.1
134951,4936,55900,275.9
134961,4940,57500,284.1
134971,4936,55900,275.9
134981,4772,169100,806.9
134991,4936,55900,275.9
135001,4940,57500,284.1
135011,4936,56000,276.4
135021,4940,57500,284.1
135031,4936,56600,279.4
135041,4940,56800,280.6
135051,4936,56600,279.4
135061,4936,56900,280.9
135071,4936,56600,279.4
135081,4936,56900,280.9
135091,4688,134000,628.2
135101,4936,56000,276.4
135111,4940,57500,284.1
135122,4936,55900,275.9
135131,4940,57500,284.1
135141,4936,55900,275.9
135151,4940,57500,284.1
135161,4936,55900,275.9
135171,4940,57500,284.1
135181,4936,55900,275.9
135191,4808,142600,685.6
135201,4936,55900,275.9
135211,4940,57600,284.5
135221,4936,56600,279.4
135231,4936,56900,280.9
135241,4936,56500,278.9
135251,4936,56900,280.9
135261,4936,56600,279.4
135271,4936,56200,277.4
135281,4940,57600,284.5
135291,4936,55900,275.9
135301,4820,137000,660.3
135311,4936,56000,276.4
135321,4936,57500,283.8
135331,4936,55900,275.9
135341,4936,57500,283.8
135351,4936,55900,275.9
135361,4936,57500,283.8
135371,4936,55900,275.9
135381,4940,57500,284.1
135391,4936,56600,279.4
135401,4940,59600,294.4
135411,4936,56600,279.4
135421,4936,56900,280.9
135431,4940,56600,279.6
135441,4936,56900,280.9
135451,4940,56600,279.6
135461,4936,55900,275.9
135471,4940,57500,284.1
135481,4936,56000,276.4
135491,4940,57600,284.5
135501,4936,55900,275.9
135511,4788,180400,863.8
135521,4936,55900,275.9
135531,4940,57500,284.1
135541,4936,55900,275.9
135551,4940,57500,284.1
135561,4936,55900,275.9
135571,4940,57500,284.1
135581,4936,56600,279.4
135591,4936,56800,280.4
135601,4936,56600,279.4
135611,4936,56800,280.4
135621,4936,92700,457.6
135631,4936,56300,277.9
135641,4936,57500,283.8
135651,4936,56000,276.4
135661,4940,57500,284.1
135671,4936,55900,275.9
135681,4940,57500,284.1
135691,4936,55900,275.9
135701,4940,57600,284.5
135711,4936,55900,275.9
135721,4940,59600,294.4
135731,4936,56000,276.4
135741,4940,57500,284.1
135751,4936,56600,279.4
135761,4940,56900,281.1
135771,4936,56500,278.9
135781,4936,56900,280.9
135791,4936,56500,278.9
135801,4940,56900,281.1
135811,4936,56600,279.4
135821,4936,55900,275.9
135831,4684,129700,607.5
135841,4936,55900,275.9
135851,4936,57500,283.8
135861,4936,55900,275.9
135871,4940,57500,284.1
135881,4936,55900,275.9
135891,4940,57500,284.1
135901,4936,55900,275.9
135911,4936,57500,283.8
135921,4936,55900,275.9
135931,4808,141900,682.3
135941,4936,56600,279.4
135951,4936,56900,280.9
135961,4940,56600,279.6
135971,4936,56800,280.4
135981,4936,56600,279.4
135991,4936,56400,278.4
136001,4936,57500,283.8
136011,4936,55900,275.9
136021,4940,57500,284.1
136031,4936,58800,290.2
136041,4940,57500,284.1
136051,4936,56000,276.4
136061,4936,57500,283.8
136071,4936,55900,275.9
136081,4940,57500,284.1
136091,4936,55900,275.9
136101,4940,57500,284.1
136111,4932,56600,279.2
136121,4940,56900,281.1
136131,4936,56600,279.4
136141,4812,140500,676.1
136151,4936,56600,279.4
136161,4936,56900,280.9
136171,4936,56600,279.4
136181,4936,56000,276.4
136191,4940,57500,284.1
136201,4936,56000,276.4
136211,4936,57500,283.8
136221,4936,55800,275.4
136231,4936,57500,283.8
136241,4804,140200,673.5
136251,4804,57500,276.2
136261,4936,56000,276.4
136271,4940,57500,284.1
136281,4936,56000,276.4
136291,4936,57500,283.8
136301,4936,56600,279.4
136311,4936,56800,280.4
136321,4936,56600,279.4
136331,4936,56900,280.9
136341,4936,56500,278.9
136351,4936,59300,292.7
136361,4940,57300,283.1
136371,4936,55900,275.9
136381,4936,57500,283.8
136391,4936,56000,276.4
136401,4936,57600,284.3
136411,4936,55900,275.9
136421,4936,57500,283.8
136431,4936,55900,275.9
136441,4940,57400,283.6
136451,4936,55900,275.9
136461,4808,142500,685.1
136471,4936,56600,279.4
136481,4940,57100,282.1
136491,4936,56600,279.4
136501,4936,56900,280.9
136511,4936,56600,279.4
136521,4936,56800,280.4
136531,4936,56600,279.4
136541,4936,55900,275.9
136551,4936,57500,283.8
136561,4936,58700,289.7
136571,4940,57500,284.1
136581,4936,55900,275.9
136591,4940,57500,284.1
136601,4936,56000,276.4
136611,4940,57500,284.1
136621,4936,55900,275.9
136631,4936,57500,283.8
136641,4936,55900,275.9
136651,4936,57500,283.8
136661,4936,56600,279.4
136671,4708,130900,616.3
136681,4936,56600,279.4
136691,4936,56900,280.9
136701,4936,56500,278.9
136711,4940,56700,280.1
136721,4940,57300,283.1
136731,4936,55900,275.9
136741,4940,57500,284.1
136752,4936,55900,275.9
136761,4936,57500,283.8
136771,4808,141400,679.9
136781,4940,57600,284.5
136791,4936,55900,275.9
136801,4940,57600,284.5
136811,4936,55900,275.9
136821,4936,57500,283.8
136831,4936,56600,279.4
136841,4940,57100,282.1
136851,4936,56600,279.4
136861,4936,56900,280.9
136871,4936,56500,278.9
136881,4816,213200,1026.8
136891,4936,56600,279.4
136901,4936,56000,276.4
136911,4936,57500,283.8
136921,4936,55900,275.9
136931,4940,57500,284.1
136941,4936,55900,275.9
136951,4936,57500,283.8
136961,4936,55900,275.9
136971,4940,57500,284.1
136981,4936,55900,275.9
136991,4816,57600,277.4
137001,4936,55900,275.9
137011,4936,57600,284.3
137021,4936,56600,279.4
137031,4936,56900,280.9
137041,4940,56500,279.1
137051,4936,56800,280.4
137061,4936,56500,278.9
137071,4936,56700,279.9
137081,4936,57300,282.8
137091,4812,140300,675.1
137101,4940,57500,284.1
137111,4936,55900,275.9
137121,4940,57500,284.1
137131,4936,56000,276.4
137141,4936,57500,283.8
137151,4936,55900,275.9
137161,4940,57600,284.5
137171,4936,56000,276.4
137181,4940,57600,284.5
137191,4936,56500,278.9
137201,4828,211700,1022.1
137211,4936,56600,279.4
137221,4936,56800,280.4
137231,4936,56600,279.4
137241,4940,56900,281.1
137251,4936,56600,279.4
137261,4936,55900,275.9
137271,4940,57500,284.1
137281,4936,56000,276.4
137291,4936,57500,283.8
137301,4804,141000,677.4
137311,4940,57500,284.1
137321,4936,55900,275.9
137331,4940,57500,284.1
137341,4936,55900,275.9
137351,4936,57500,283.8
137361,4936,55900,275.9
137371,4936,57500,283.8
137381,4936,56600,279.4
137391,4936,56900,280.9
137401,4936,56600,279.4
137411,4788,216900,1038.5
137421,4936,56600,279.4
137431,4936,56800,280.4
137441,4936,57100,281.8
137451,4936,55900,275.9
137461,4936,57500,283.8
137471,4936,56000,276.4
137481,4940,57600,284.5
137491,4936,55900,275.9
137501,4936,57500,283.8
137511,4808,141100,678.4
137521,4940,57400,283.6
137531,4936,56000,276.4
137541,4936,57500,283.8
137551,4936,56400,278.4
137561,4936,57300,282.8
137571,4936,56600,279.4
137581,4936,56800,280.4
137591,4936,56600,279.4
137601,4936,56800,280.4
137611,4788,105400,504.7
137621,4936,55900,275.9
137631,4936,57500,283.8
137641,4936,55900,275.9
137651,4940,57500,284.1
137661,4936,55900,275.9
137671,4940,57500,284.1
137681,4936,55900,275.9
137691,4940,57500,284.1
137701,4936,55900,275.9
137711,4920,154900,762.1
137721,4936,55900,275.9
137731,4936,57500,283.8
137741,4936,56600,279.4
137751,4936,56900,280.9
137761,4936,56600,279.4
137771,4936,56800,280.4
137781,4936,56600,279.4
137791,4936,56800,280.4
137801,4940,57100,282.1
137811,4936,55900,275.9
137821,4824,193100,931.5
137831,4936,55900,275.9
137841,4936,57500,283.8
137851,4936,56000,276.4
137861,4936,57500,283.8
137871,4936,55900,275.9
137881,4940,57500,284.1
137891,4936,55900,275.9
137901,4936,57500,283.8
137911,4936,56400,278.4
137921,4940,57200,282.6
137931,4936,56600,279.4
137941,4940,56900,281.1
137951,4936,56600,279.4
137961,4936,56900,280.9
137971,4936,56600,279.4
137981,4936,55900,275.9
137991,4940,57500,284.1
138001,4936,55900,275.9
138011,4936,57600,284.3
138021,4936,55900,275.9
138031,4808,143800,691.4
138041,4936,55900,275.9
138051,4936,57600,284.3
138061,4936,55900,275.9
138071,4940,57500,284.1
138081,4936,56000,276.4
138091,4936,57400,283.3
138101,4936,56600,279.4
138111,4936,56900,280.9
138121,4936,56500,278.9
138131,4808,142400,684.7
138141,4936,56600,279.4
138151,4940,56800,280.6
138161,4936,57000,281.4
138171,4936,55900,275.9
138181,4940,57500,284.1
138191,4936,55900,275.9
138201,4936,57600,284.3
138211,4936,56000,276.4
138221,4940,57500,284.1
138231,4800,143300,687.8
138241,4940,57500,284.1
138251,4936,55900,275.9
138261,4936,57500,283.8
138271,4936,56300,277.9
138281,4936,57400,283.3
138291,4936,56600,279.4
138301,4936,56900,280.9
138311,4936,56600,279.4
138321,4940,56900,281.1
138331,4940,56600,279.6
138341,4800,142500,684.0
138351,4940,57600,284.5
138361,4936,55900,275.9
138371,4936,57500,283.8
138381,4936,56000,276.4
138392,4940,57600,284.5
138401,4936,56000,276.4
138411,4936,57500,283.8
138421,4936,55900,275.9
138431,4936,57500,283.8
138441,4808,141300,679.4
138451,4940,57600,284.5
138461,4936,56600,279.4
138471,4936,56900,280.9
138481,4936,56600,279.4
138491,4936,56900,280.9
138501,4936,56600,279.4
138511,4936,56900,280.9
138521,4936,56900,280.9
138531,4936,55900,275.9
138541,4940,57500,284.1
138551,4824,221700,1069.5
138561,4936,57600,284.3
138571,4936,56000,276.4
138581,4940,57500,284.1
138591,4936,55900,275.9
138601,4936,57500,283.8
138611,4932,55900,275.7
138621,4940,57500,284.1
138631,4936,56300,277.9
138641,4940,57400,283.6
138651,4708,134100,631.3
138661,4936,56900,280.9
138671,4936,56600,279.4
138681,4936,56900,280.9
138691,4936,56500,278.9
138701,4936,55900,275.9
138711,4936,57500,283.8
138721,4936,55900,275.9
138731,4936,57500,283.8
138741,4936,55900,275.9
138751,4936,139400,688.1
138761,4936,56000,276.4
138771,4940,57500,284.1
138781,4936,56000,276.4
138791,4936,57500,283.8
138801,4936,55900,275.9
138811,4940,57500,284.1
138821,4936,56500,278.9
138831,4936,56900,280.9
138841,4936,56500,278.9
138851,4936,56900,280.9
138861,4748,151100,717.4
138871,4936,56800,280.4
138881,4936,56900,280.9
138891,4936,55900,275.9
138901,4940,57500,284.1
138911,4936,56000,276.4
138921,4940,57400,283.6
138931,4936,55900,275.9
138941,4940,57500,284.1
138951,4936,55900,275.9
138961,4804,144700,695.1
138971,4936,55900,275.9
138981,4940,57500,284.1
138991,4936,56200,277.4
139001,4936,57400,283.3
139011,4936,56500,278.9
139021,4936,56900,280.9
139031,4936,56600,279.4
139041,4936,56900,280.9
139051,4936,56600,279.4
139061,4936,58700,289.7
139071,4936,57500,283.8
139081,4936,56000,276.4
139091,4940,57500,284.1
139101,4936,55900,275.9
139111,4940,57500,284.1
139121,4936,55900,275.9
139131,4940,57500,284.1
139141,4936,55900,275.9
139151,4940,57500,284.1
139161,4936,55900,275.9
139171,4820,57500,277.2
139181,4936,56600,279.4
139191,4940,56900,281.1
139201,4936,56600,279.4
139211,4936,56900,280.9
139221,4936,56600,279.4
139231,4936,56800,280.4
139241,4936,56900,280.9
139251,4936,55900,275.9
139261,4940,57500,284.1
139271,4724,142700,674.1
139281,4936,57600,284.3
139291,4936,55900,275.9
139301,4940,57500,284.1
139311,4936,55900,275.9
139321,4936,57500,283.8
139331,4936,55900,275.9
139341,4940,57500,284.1
139351,4936,56300,277.9
139361,4936,57500,283.8
139371,4808,143700,690.9
139381,4936,56900,280.9
139391,4936,56600,279.4
139401,4936,56800,280.4
139411,4936,56600,279.4
139421,4936,55900,275.9
139431,4936,57500,283.8
139441,4936,55900,275.9
139451,4936,57500,283.8
139461,4936,56000,276.4
139471,4816,139300,670.9
139481,4936,56000,276.4
139491,4940,57500,284.1
139501,4936,56000,276.4
139511,4940,57500,284.1
139521,4936,55900,275.9
139531,4936,57500,283.8
139541,4936,56600,279.4
139551,4940,56900,281.1
139561,4936,56500,278.9
139571,4936,56900,280.9
139581,4820,205300,989.5
139591,4936,56900,280.9
139601,4940,56800,280.6
139611,4936,55900,275.9
139621,4936,57500,283.8
139631,4936,55900,275.9
139641,4936,57500,283.8
139651,4936,55900,275.9
139661,4940,57500,284.1
139671,4936,56000,276.4
139681,4936,57500,283.8
139691,4756,180500,858.5
139701,4940,57500,284.1
139711,4936,56200,277.4
139721,4936,57500,283.8
139731,4936,56500,278.9
139741,4936,56900,280.9
139751,4936,56600,279.4
139761,4936,56900,280.9
139771,4936,56600,279.4
139781,4936,55900,275.9
139791,4696,135000,634.0
139801,4936,56000,276.4
139811,4936,57500,283.8
139821,4936,55900,275.9
139831,4940,57600,284.5
139841,4936,55900,275.9
139851,4940,57500,284.1
139861,4936,55900,275.9
139871,4940,57500,284.1
139881,4936,55900,275.9
139891,4824,208000,1003.4
139901,4936,56500,278.9
139911,4936,56900,280.9
139921,4936,56500,278.9
139931,4936,56900,280.9
139941,4936,56500,278.9
139951,4936,56800,280.4
139961,4940,56800,280.6
139971,4936,55900,275.9
139981,4940,57500,284.1
139991,4808,141100,678.4
140001,4936,57500,283.8
140011,4936,55900,275.9
140022,4936,57500,283.8
140031,4936,56000,276.4
140041,4940,57500,284.1
140051,4936,55900,275.9
140061,4940,57500,284.1
140071,4936,56100,276.9
140081,4940,57500,284.1
140091,4936,56600,279.4
140101,4832,209700,1013.3
140111,4936,56600,279.4
140121,4936,56900,280.9
140131,4936,56600,279.4
140141,4936,55900,275.9
140151,4936,57600,284.3
140161,4936,55900,275.9
140171,4936,57500,283.8
140181,4936,55900,275.9
140191,4940,57500,284.1
140201,4936,55900,275.9
140211,4820,210600,1015.1
140221,4936,55900,275.9
140231,4936,57500,283.8
140241,4936,55900,275.9
140251,4936,57500,283.8
140261,4936,56500,278.9
140271,4936,56900,280.9
140281,4936,56600,279.4
140291,4936,56900,280.9
140301,4936,56500,278.9
140311,4808,141900,682.3
140321,4940,56700,280.1
140331,4936,55900,275.9
140341,4940,57500,284.1
140351,4936,56000,276.4
140361,4940,57500,284.1
140371,4936,55900,275.9
140381,4940,57600,284.5
140391,4936,55900,275.9
140401,4940,57600,284.5
140411,4936,55900,275.9
140421,4804,143000,687.0
140431,4936,56100,276.9
140441,4936,57500,283.8
140451,4936,56500,278.9
140461,4936,56900,280.9
140471,4936,56600,279.4
140481,4936,56900,280.9
140491,4936,56600,279.4
140501,4936,55800,275.4
140511,4940,57500,284.1
140521,4812,141000,678.5
140531,4940,57600,284.5
140541,4936,56000,276.4
140551,4936,57500,283.8
140561,4936,56000,276.4
140571,4940,57500,284.1
140581,4936,55900,275.9
140591,4936,57500,283.8
140601,4936,55900,275.9
140611,4936,57500,283.8
140621,4936,56500,278.9
140631,4736,144600,684.8
140641,4936,56600,279.4
140651,4936,56900,280.9
140661,4936,56600,279.4
140671,4936,56900,280.9
140681,4936,56800,280.4
140691,4936,56000,276.4
140701,4940,57500,284.1
140711,4936,55900,275.9
140721,4940,57500,284.1
140731,4936,55900,275.9
140741,4784,67300,322.0
140751,4936,55900,275.9
140761,4936,57500,283.8
140771,4936,55900,275.9
140781,4936,57500,283.8
140791,4936,56100,276.9
140801,4936,57500,283.8
140811,4936,56500,278.9
140821,4936,56900,280.9
140831,4936,56500,278.9
140841,4804,142200,683.1
140851,4936,56600,279.4
140861,4936,55900,275.9
140871,4936,57500,283.8
140881,4936,55900,275.9
140891,4940,57600,284.5
140901,4932,55900,275.7
140911,4940,57500,284.1
140921,4936,55900,275.9
140931,4936,57600,284.3
140941,4936,56000,276.4
140951,4816,167100,804.8
140961,4936,55900,275.9
140971,4936,57500,283.8
140981,4936,56600,279.4
140991,4940,56800,280.6
141001,4936,56600,279.4
141011,4936,56900,280.9
141021,4940,56600,279.6
141031,4936,56900,280.9
141041,4936,56700,279.9
141051,4936,55900,275.9
141061,4736,91000,431.0
141071,4936,55900,275.9
141081,4940,57500,284.1
141091,4936,55900,275.9
141101,4940,57500,284.1
141111,4936,56000,276.4
141121,4936,57400,283.3
141131,4936,55900,275.9
141141,4940,57500,284.1
141151,4936,56100,276.9
141161,4808,142200,683.7
141171,4940,56600,279.6
141181,4940,56900,281.1
141191,4936,56500,278.9
141201,4936,56900,280.9
141211,4936,56600,279.4
141221,4936,55900,275.9
141231,4940,57500,284.1
141241,4936,55800,275.4
141251,4940,57500,284.1
141261,4936,56000,276.4
141271,4820,200100,964.5
141281,4936,55900,275.9
141291,4936,57600,284.3
141301,4940,56000,276.6
141311,4940,57500,284.1
141321,4936,55900,275.9
141331,4936,57500,283.8
141341,4936,56500,278.9
141351,4936,56900,280.9
141361,4936,56500,278.9
141371,4904,160300,786.1
141381,4936,56600,279.4
141391,4936,56900,280.9
141401,4940,56700,280.1
141411,4936,55900,275.9
141421,4940,57500,284.1
141431,4936,55900,275.9
141441,4936,57500,283.8
141451,4936,55900,275.9
141461,4940,57500,284.1
141471,4936,55900,275.9
141481,4936,144100,711.3
141491,4936,55900,275.9
141501,4936,57500,283.8
141511,4936,56000,276.4
141521,4936,57500,283.8
141531,4936,56500,278.9
141541,4936,56900,280.9
141551,4936,56600,279.4
141561,4940,56900,281.1
141571,4936,56600,279.4
141581,4936,55900,275.9
141591,4940,99800,493.0
141601,4936,55900,275.9
141611,4940,57500,284.1
141621,4936,55900,275.9
141631,4936,57500,283.8
141641,4936,55900,275.9
141655,4936,56900,280.9
141661,4936,55900,275.9
141671,4940,57500,284.1
141681,4936,55900,275.9
141691,4920,153200,753.7
141701,4936,56600,279.4
141711,4936,56900,280.9
141721,4936,56600,279.4
141731,4936,56900,280.9
141741,4936,56500,278.9
141751,4936,56800,280.4
141761,4936,56700,279.9
141771,4936,55900,275.9
141781,4936,57500,283.8
141791,4936,55900,275.9
141801,4808,204200,981.8
141811,4936,56000,276.4
141821,4936,57500,283.8
141831,4936,56000,276.4
141841,4940,57500,284.1
141851,4936,55900,275.9
141861,4940,57600,284.5
141871,4936,56000,276.4
141881,4940,57400,283.6
141891,4940,56600,279.6
141901,4936,59600,294.2
141911,4936,56600,279.4
141921,4936,56800,280.4
141931,4936,56600,279.4
141941,4936,55900,275.9
141951,4936,57600,284.3
141961,4936,55900,275.9
141971,4936,57500,283.8
141981,4936,55900,275.9
141991,4940,57500,284.1
142001,4936,55900,275.9
142011,4940,57500,284.1
142021,4936,55900,275.9
142031,4940,57500,284.1
142041,4936,55900,275.9
142051,4936,57500,283.8
142061,4936,56600,279.4
142071,4936,56900,280.9
142081,4936,56600,279.4
142091,4940,56800,280.6
142101,4936,56500,278.9
142111,4936,56900,280.9
142121,4808,144700,695.7
142131,4936,55900,275.9
142141,4940,57500,284.1
142151,4936,55900,275.9
142161,4940,57500,284.1
142171,4936,56000,276.4
142181,4936,57500,283.8
142191,4936,55900,275.9
142201,4940,57500,284.1
142211,4936,55900,275.9
142221,4940,57500,284.1
142231,4936,56100,276.9
142241,4936,57500,283.8
142251,4936,56600,279.4
142261,4940,56900,281.1
142271,4936,56500,278.9
142281,4936,56900,280.9
142291,4936,56500,278.9
142301,4936,55900,275.9
142311,4940,57600,284.5
142321,4936,55900,275.9
142331,4736,90400,428.1
142341,4936,55900,275.9
142351,4940,57500,284.1
142361,4936,55900,275.9
142371,4940,57500,284.1
142381,4936,55900,275.9
142391,4940,57500,284.1
142401,4936,55900,275.9
142411,4940,57600,284.5
142421,4936,56500,278.9
142431,4824,208400,1005.3
142441,4936,56600,279.4
142451,4936,56800,280.4
142461,4936,56600,279.4
142471,4936,56900,280.9
142481,4936,56800,280.4
142491,4936,55900,275.9
142501,4936,57500,283.8
142511,4936,55900,275.9
142521,4936,57500,283.8
142531,4936,58700,289.7
142541,4940,57600,284.5
142551,4936,55900,275.9
142561,4940,57500,284.1
142571,4936,55900,275.9
142581,4936,57500,283.8
142591,4936,56100,276.9
142601,4936,57500,283.8
142611,4936,56600,279.4
142621,4936,56900,280.9
142631,4936,56600,279.4
142641,4716,132300,623.9
142651,4936,56600,279.4
142661,4936,56000,276.4
142671,4940,57500,284.1
142681,4936,55800,275.4
142691,4940,57500,284.1
142701,4936,55900,275.9
142711,4936,57600,284.3
142721,4936,56000,276.4
142731,4936,57500,283.8
142741,4936,55900,275.9
142751,4824,152500,735.7
142761,4936,55900,275.9
142771,4940,57400,283.6
142781,4936,56500,278.9
142791,4936,56800,280.4
142801,4936,56600,279.4
142811,4940,56800,280.6
142821,4940,56500,279.1
142831,4936,56900,280.9
142841,4936,56700,279.9
142851,4804,141000,677.4
142861,4940,57500,284.1
142871,4936,55900,275.9
142881,4936,57600,284.3
142891,4936,55900,275.9
142901,4936,57500,283.8
142911,4936,55900,275.9
142921,4940,57500,284.1
142931,4936,56000,276.4
142941,4940,57500,284.1
142951,4936,56000,276.4
142961,4812,57500,276.7
142971,4936,56600,279.4
142981,4936,56900,280.9
142991,4936,56600,279.4
143001,4936,56900,280.9
143011,4936,56600,279.4
143021,4936,55900,275.9
143031,4940,57600,284.5
143041,4936,55900,275.9
143051,4936,57500,283.8
143061,4936,58700,289.7
143071,4936,57600,284.3
143081,4936,56000,276.4
143091,4940,57500,284.1
143101,4936,55900,275.9
143111,4936,57500,283.8
143121,4936,55900,275.9
143131,4936,57600,284.3
143141,4936,56500,278.9
143151,4936,56800,280.4
143161,4936,56600,279.4
143171,4828,212000,1023.5
143181,4936,56600,279.4
143191,4936,56900,280.9
143201,4940,56700,280.1
143211,4936,55900,275.9
143221,4940,57500,284.1
143231,4936,55900,275.9
143241,4940,57500,284.1
143251,4936,55900,275.9
143261,4936,57500,283.8
143271,4820,148700,716.7
143282,4940,57600,284.5
143291,4936,56000,276.4
143301,4940,57500,284.1
143311,4936,55900,275.9
143321,4936,57500,283.8
143331,4936,56600,279.4
143341,4936,56900,280.9
143351,4936,56500,278.9
143361,4936,56900,280.9
143371,4932,56500,278.7
143381,4936,56000,276.4
143391,4936,57500,283.8
143401,4936,55900,275.9
143411,4940,57600,284.5
143421,4936,55900,275.9
143431,4936,57600,284.3
143441,4936,55900,275.9
143451,4940,57500,284.1
143461,4936,56000,276.4
143471,4940,57500,284.1
143481,4936,58800,290.2
143491,4940,57500,284.1
143501,4936,56600,279.4
143511,4940,56900,281.1
143521,4936,56600,279.4
143531,4936,56900,280.9
143541,4936,56600,279.4
143551,4940,56900,281.1
143561,4936,56700,279.9
143571,4936,55900,275.9
143581,4940,57500,284.1
143591,4768,167000,796.3
143601,4936,57500,283.8
143611,4936,55900,275.9
143621,4940,57500,284.1
143631,4936,55900,275.9
143641,4936,57500,283.8
143651,4936,55900,275.9
143661,4936,57600,284.3
143671,4936,56000,276.4
143681,4940,57500,284.1
143691,4936,57400,283.3
143701,4936,56900,280.9
143711,4936,56600,279.4
143721,4940,56800,280.6
143731,4936,56600,279.4
143741,4936,55900,275.9
143751,4936,57500,283.8
143761,4936,55900,275.9
143771,4936,57500,283.8
143781,4936,55900,275.9
143791,4940,57500,284.1
143801,4908,56000,274.8
143811,4940,57600,284.5
143821,4936,55900,275.9
143831,4936,57400,283.3
143841,4936,55900,275.9
143851,4936,57400,283.3
143861,4936,56600,279.4
143871,4936,56800,280.4
143881,4936,56600,279.4
143891,4936,56900,280.9
143901,4936,56600,279.4
143911,4844,56900,275.6
143921,4936,56700,279.9
143931,4936,55900,275.9
143941,4936,57500,283.8
143951,4936,55900,275.9
143961,4940,57500,284.1
143971,4936,55900,275.9
143981,4940,57500,284.1
143991,4936,55900,275.9
144001,4936,57500,283.8
144011,4812,144300,694.4
144021,4940,57500,284.1
144031,4936,56000,276.4
144041,4936,57500,283.8
144051,4936,56600,279.4
144061,4936,56900,280.9
144071,4936,56500,278.9
144081,4936,56800,280.4
144091,4936,56500,278.9
144101,4936,55900,275.9
144111,4936,57500,283.8
144121,4936,56000,276.4
144131,4940,57500,284.1
144141,4936,56000,276.4
144151,4940,57500,284.1
144161,4936,55900,275.9
144171,4940,57500,284.1
144181,4936,55900,275.9
144191,4936,57600,284.3
144201,4936,55900,275.9
144211,4936,57500,283.8
144221,4796,142400,683.0
144231,4936,56800,280.4
144241,4936,56600,279.4
144251,4936,56900,280.9
144261,4936,56600,279.4
144271,4936,56800,280.4
144281,4936,56700,279.9
144291,4936,55900,275.9
144301,4936,57600,284.3
144311,4936,56000,276.4
144321,4932,109600,540.5
144331,4936,56000,276.4
144341,4940,57600,284.5
144351,4936,55900,275.9
144361,4940,57500,284.1
144371,4936,55900,275.9
144381,4936,57500,283.8
144391,4936,56000,276.4
144401,4940,57500,284.1
144411,4936,56500,278.9
144421,4936,58600,289.2
144431,4936,56600,279.4
144441,4936,56800,280.4
144451,4936,56600,279.4
144461,4936,56000,276.4
144471,4936,57500,283.8
144481,4936,55900,275.9
144491,4936,57600,284.3
144501,4936,55900,275.9
144511,4936,57500,283.8
144521,4936,55900,275.9
144531,4808,142700,686.1
144541,4936,55900,275.9
144551,4936,57500,283.8
144561,4936,56000,276.4
144571,4936,57500,283.8
144581,4936,56600,279.4
144591,4936,56800,280.4
144601,4936,56600,279.4
144611,4936,56900,280.9
144621,4936,56600,279.4
144631,4936,56800,280.4
144641,4720,136800,645.7
144651,4936,55900,275.9
144661,4936,57600,284.3
144671,4936,55900,275.9
144681,4936,57500,283.8
144691,4936,55900,275.9
144701,4936,57500,283.8
144711,4936,56000,276.4
144721,4936,57500,283.8
144731,4936,55900,275.9
144741,4808,144300,693.8
144751,4936,55900,275.9
144761,4936,57600,284.3
144771,4936,56600,279.4
144781,4936,56900,280.9
144791,4936,56500,278.9
144801,4936,56900,280.9
144811,4936,56600,279.4
144821,4936,56000,276.4
144831,4936,57500,283.8
144841,4936,55900,275.9
144851,4812,146300,704.0
144861,4936,56000,276.4
144871,4936,57500,283.8
144881,4936,56000,276.4
144891,4940,57600,284.5
144901,4936,55900,275.9
144911,4936,57600,284.3
144922,4936,55900,275.9
144931,4936,57500,283.8
144941,4936,56600,279.4
144951,4936,56800,280.4
144961,4812,137100,659.7
144971,4940,56900,281.1
144981,4936,56600,279.4
144991,4936,56900,280.9
145001,4936,56600,279.4
145011,4936,55900,275.9
145021,4940,57600,284.5
145031,4936,55900,275.9
145041,4936,57500,283.8
145051,4936,55900,275.9
145061,4808,142800,686.6
145071,4936,56000,276.4
145081,4936,57600,284.3
145091,4936,56000,276.4
145101,4940,57500,284.1
145111,4936,55900,275.9
145121,4936,57500,283.8
145131,4936,56600,279.4
145141,4936,56900,280.9
145151,4936,56600,279.4
145161,4936,56900,280.9
145171,4700,132100,620.9
145181,4936,56000,276.4
145191,4936,57500,283.8
145201,4936,55900,275.9
145211,4936,57500,283.8
145221,4936,55900,275.9
145231,4936,57500,283.8
145241,4936,55900,275.9
145251,4936,57500,283.8
145261,4936,55900,275.9
145271,4812,142300,684.7
145281,4936,56000,276.4
145291,4940,57500,284.1
145301,4936,56600,279.4
145311,4940,56900,281.1
145321,4936,56600,279.4
145331,4936,56800,280.4
145341,4936,56600,279.4
145351,4936,56900,280.9
145361,4940,56700,280.1
145371,4936,55900,275.9
145381,4812,206600,994.2
145391,4936,56000,276.4
145401,4940,57500,284.1
145411,4936,55900,275.9
145421,4936,57500,283.8
145431,4936,55900,275.9
145441,4940,57500,284.1
145451,4936,55900,275.9
145461,4940,57500,284.1
145471,4936,56000,276.4
145481,4812,142200,684.3
145491,4936,56600,279.4
145501,4936,56900,280.9
145511,4936,56600,279.4
145521,4936,56900,280.9
145531,4936,56600,279.4
145541,4940,56100,277.1
145551,4936,57600,284.3
145561,4936,55900,275.9
145571,4940,57500,284.1
145581,4936,55900,275.9
145591,4732,91200,431.6
145601,4936,55900,275.9
145611,4936,57500,283.8
145621,4936,55900,275.9
145631,4936,57600,284.3
145641,4936,55900,275.9
145651,4940,57500,284.1
145661,4936,56600,279.4
145671,4936,56800,280.4
145681,4936,56600,279.4
145691,4936,59000,291.2
145701,4936,56500,278.9
145711,4936,56900,280.9
145721,4936,56500,278.9
145731,4936,56000,276.4
145741,4940,57500,284.1
145751,4936,55900,275.9
145761,4940,57500,284.1
145771,4936,55900,275.9
145781,4936,57500,283.8
145791,4936,55800,275.4
145801,4812,141800,682.3
145811,4936,56000,276.4
145821,4936,57500,283.8
145831,4936,56000,276.4
145841,4940,57600,284.5
145851,4936,56500,278.9
145861,4936,56900,280.9
145871,4936,56600,279.4
145881,4936,56900,280.9
145891,4936,56600,279.4
145901,4936,56000,276.4
145911,4812,207500,998.5
145921,4936,56000,276.4
145931,4936,57600,284.3
145941,4936,55900,275.9
145951,4940,57600,284.5
145961,4936,55900,275.9
145971,4940,57500,284.1
145981,4936,55900,275.9
145991,4936,57500,283.8
146001,4936,56000,276.4
146011,4808,142400,684.7
146021,4936,56600,279.4
146031,4936,56800,280.4
146041,4936,56600,279.4
146051,4936,56900,280.9
146061,4936,56600,279.4
146071,4936,56900,280.9
146081,4936,56600,279.4
146091,4936,55900,275.9
146101,4940,57600,284.5
146111,4936,56000,276.4
146121,4824,161800,780.5
146131,4936,56000,276.4
146141,4940,57500,284.1
146151,4936,55900,275.9
146161,4936,57500,283.8
146171,4936,55900,275.9
146181,4936,57500,283.8
146191,4936,55900,275.9
146201,4936,57500,283.8
146211,4936,56600,279.4
146221,4820,205200,989.1
146231,4936,56600,279.4
146241,4936,56800,280.4
146251,4936,56600,279.4
146261,4936,56100,276.9
146271,4936,57500,283.8
146281,4936,55900,275.9
146291,4936,57500,283.8
146301,4936,55900,275.9
146311,4936,57500,283.8
146321,4804,141100,677.8
146331,4936,57500,283.8
146341,4936,56000,276.4
146351,4936,57600,284.3
146361,4936,55900,275.9
146371,4936,57500,283.8
146381,4936,56600,279.4
146391,4936,56800,280.4
146401,4936,56600,279.4
146411,4936,56900,280.9
146421,4808,144700,695.7
146431,4936,56900,280.9
146441,4940,56600,279.6
146451,4936,56000,276.4
146461,4940,57600,284.5
146471,4936,55900,275.9
146481,4940,57500,284.1
146491,4936,55900,275.9
146501,4936,57500,283.8
146511,4936,55900,275.9
146521,4940,57400,283.6
146531,4708,135500,637.9
146541,4936,57500,283.8
146552,4936,55900,275.9
146561,4940,57500,284.1
146571,4936,56500,278.9
146581,4936,56900,280.9
146591,4936,56500,278.9
146601,4936,56900,280.9
146611,4936,56600,279.4
146621,4936,56100,276.9
146631,4808,146600,704.9
146641,4936,56000,276.4
146651,4936,57500,283.8
146661,4936,55900,275.9
146671,4936,57500,283.8
146681,4936,55900,275.9
146691,4936,57500,283.8
146701,4936,55800,275.4
146711,4940,57500,284.1
146721,4936,55900,275.9
146731,4812,143600,691.0
146741,4936,56700,279.9
146751,4940,56800,280.6
146761,4936,56500,278.9
146771,4936,56900,280.9
146781,4936,56600,279.4
146791,4936,56900,280.9
146801,4936,56600,279.4
146811,4936,55900,275.9
146821,4940,57500,284.1
146831,4808,140300,674.6
146841,4940,57500,284.1
146851,4936,55900,275.9
146861,4940,57500,284.1
146871,4936,55900,275.9
146881,4936,57600,284.3
146891,4936,55900,275.9
146901,4940,57500,284.1
146911,4936,55900,275.9
146921,4940,57500,284.1
146931,4936,56500,278.9
146941,4820,172500,831.5
146951,4936,56600,279.4
146961,4936,56900,280.9
146971,4936,56500,278.9
146981,4936,56100,276.9
146991,4936,57600,284.3
147001,4936,55800,275.4
147011,4936,57500,283.8
147021,4936,55900,275.9
147031,4936,57600,284.3
147041,4812,139400,670.8
147051,4936,57500,283.8
147061,4936,56000,276.4
147071,4936,57500,283.8
147081,4936,56000,276.4
147091,4940,57600,284.5
147101,4936,56600,279.4
147111,4936,56800,280.4
147121,4936,56600,279.4
147131,4936,56900,280.9
147141,4936,56600,279.4
147151,4804,142500,684.6
147161,4936,56600,279.4
147171,4936,56000,276.4
147181,4936,57600,284.3
147191,4936,56000,276.4
147201,4940,57600,284.5
147211,4936,55900,275.9
147221,4940,57500,284.1
147231,4936,55900,275.9
147241,4936,57500,283.8
147251,4828,150700,727.6
147261,4940,57500,284.1
147271,4936,55900,275.9
147281,4936,57600,284.3
147291,4936,56600,279.4
147301,4936,56900,280.9
147311,4936,56600,279.4
147321,4936,56900,280.9
147331,4936,56600,279.4
147341,4936,56100,276.9
147351,4936,57500,283.8
147361,4936,56000,276.4
147371,4936,57500,283.8
147381,4936,56000,276.4
147391,4936,57500,283.8
147401,4936,55900,275.9
147411,4940,57500,284.1
147421,4936,55900,275.9
147431,4936,57500,283.8
147441,4936,55900,275.9
147451,4936,57500,283.8
147461,4748,77100,366.1
147471,4940,56900,281.1
147481,4936,56600,279.4
147491,4936,56900,280.9
147501,4936,56600,279.4
147511,4936,56900,280.9
147521,4940,56600,279.6
147531,4932,56000,276.2
147541,4936,57500,283.8
147551,4936,55900,275.9
147561,4940,57500,284.1
147571,4936,56000,276.4
147581,4940,57600,284.5
147591,4936,55900,275.9
147601,4936,57500,283.8
147611,4936,56000,276.4
147621,4936,57500,283.8
147631,4936,55900,275.9
147641,4936,57500,283.8
147651,4936,56500,278.9
147661,4940,56900,281.1
147671,4808,144700,695.7
147681,4936,56900,280.9
147691,4936,56600,279.4
147701,4936,56300,277.9
147711,4936,57500,283.8
147721,4936,55900,275.9
147731,4940,57500,284.1
147741,4936,55900,275.9
147751,4940,57500,284.1
147761,4936,56000,276.4
147771,4808,143300,689.0
147781,4936,56000,276.4
147791,4940,57500,284.1
147801,4936,55800,275.4
147811,4940,57600,284.5
147821,4936,56600,279.4
147831,4936,56800,280.4
147841,4936,56600,279.4
147851,4936,56800,280.4
147861,4936,56600,279.4
147871,4940,59400,293.4
147881,4936,56600,279.4
147891,4936,55900,275.9
147901,4940,57500,284.1
147911,4932,55900,275.7
147921,4936,57500,283.8
147931,4936,55900,275.9
147941,4940,57500,284.1
147951,4936,55900,275.9
147961,4936,57500,283.8
147971,4936,56000,276.4
147981,4776,70000,334.3
147991,4936,55900,275.9
148001,4936,57500,283.8
148011,4936,56600,279.4
148021,4936,56800,280.4
148031,4936,56600,279.4
148041,4936,56900,280.9
148051,4936,56500,278.9
148061,4936,56300,277.9
148071,4936,57500,283.8
148081,4808,140800,677.0
148091,4940,57500,284.1
148101,4936,55900,275.9
148111,4936,57500,283.8
148121,4936,56000,276.4
148131,4936,57600,284.3
148141,4936,55900,275.9
148151,4940,57500,284.1
148161,4936,55900,275.9
148171,4940,57500,284.1
148181,4936,56600,279.4
148192,4824,135200,652.2
148201,4936,56600,279.4
148211,4936,56900,280.9
148221,4936,56500,278.9
148231,4936,56900,280.9
148241,4936,56500,278.9
148251,4936,55900,275.9
148261,4936,57500,283.8
148271,4936,55900,275.9
148281,4936,57500,283.8
148291,4808,140200,674.1
148301,4936,57500,283.8
148311,4936,55900,275.9
148321,4940,57500,284.1
148331,4936,55900,275.9
148341,4936,57500,283.8
148351,4936,55900,275.9
148361,4940,57500,284.1
148371,4936,56500,278.9
148381,4936,56800,280.4
148391,4936,56500,278.9
148401,4812,56900,273.8
148411,4940,56600,279.6
148421,4936,56400,278.4
148431,4936,57500,283.8
148441,4936,55900,275.9
148451,4936,57500,283.8
148461,4936,55900,275.9
148471,4940,57500,284.1
148481,4936,55900,275.9
148491,4940,57500,284.1
148501,4716,135800,640.4
148511,4940,57500,284.1
148521,4936,55900,275.9
148531,4940,57500,284.1
148541,4936,56600,279.4
148551,4940,56800,280.6
148561,4936,56600,279.4
148571,4936,56800,280.4
148581,4940,56600,279.6
148591,4940,56800,280.6
148601,4812,141600,681.4
148611,4936,56000,276.4
148621,4936,57500,283.8
148631,4936,55900,275.9
148641,4940,57500,284.1
148651,4936,55900,275.9
148661,4940,57500,284.1
148671,4936,55900,275.9
148681,4936,57500,283.8
148691,4936,55900,275.9
148701,4936,57500,283.8
148711,4824,213900,1031.9
148721,4936,57500,283.8
148731,4936,56600,279.4
148741,4936,56800,280.4
148751,4936,56500,278.9
148761,4936,56900,280.9
148771,4936,56500,278.9
148781,4936,56200,277.4
148791,4936,57500,283.8
148801,4936,55900,275.9
148811,4808,207900,999.6
148821,4936,55900,275.9
148831,4940,57500,284.1
148841,4936,56000,276.4
148851,4940,57500,284.1
148861,4936,55900,275.9
148871,4940,57500,284.1
148881,4936,55900,275.9
148891,4940,57500,284.1
148901,4936,56600,279.4
148911,4936,143200,706.8
148921,4936,56500,278.9
148931,4936,56800,280.4
148941,4936,56600,279.4
148951,4936,56900,280.9
148961,4936,56600,279.4
148971,4936,55900,275.9
148981,4936,57500,283.8
148991,4936,55900,275.9
149001,4936,57500,283.8
149011,4936,58700,289.7
149021,4936,57500,283.8
149031,4936,55900,275.9
149041,4940,57500,284.1
149051,4936,55900,275.9
149061,4936,57500,283.8
149071,4936,55900,275.9
149081,4936,57500,283.8
149091,4936,56500,278.9
149101,4936,56800,280.4
149111,4936,56500,278.9
149121,4940,57000,281.6
149131,4936,56600,279.4
149141,4936,56300,277.9
149151,4936,57500,283.8
149161,4936,55900,275.9
149171,4940,57500,284.1
149181,4936,55900,275.9
149191,4940,57500,284.1
149201,4936,55900,275.9
149211,4940,57500,284.1
149221,4936,55900,275.9
149231,4812,136500,656.8
149241,4936,56000,276.4
149251,4940,57500,284.1
149261,4936,56600,279.4
149271,4936,56900,280.9
149281,4936,56600,279.4
149291,4936,56800,280.4
149301,4936,56500,278.9
149311,4940,56800,280.6
149321,4940,56500,279.1
149331,4936,58700,289.7
149341,4940,57500,284.1
149351,4936,55900,275.9
149361,4936,57500,283.8
149371,4936,55900,275.9
149381,4936,57500,283.8
149391,4936,55900,275.9
149401,4940,57500,284.1
149411,4936,56000,276.4
149421,4936,57500,283.8
149431,4936,55900,275.9
149441,4824,211200,1018.8
149451,4936,56600,279.4
149461,4940,56800,280.6
149471,4936,56500,278.9
149481,4936,56800,280.4
149491,4936,56600,279.4
149501,4936,56200,277.4
149511,4936,57500,283.8
149521,4936,55900,275.9
149531,4936,57500,283.8
149541,4808,140500,675.5
149551,4936,57500,283.8
149561,4936,55900,275.9
149571,4940,57500,284.1
149581,4936,55900,275.9
149591,4940,57500,284.1
149601,4936,56000,276.4
149611,4940,57500,284.1
149621,4936,56600,279.4
149631,4936,56800,280.4
149641,4936,56500,278.9
149651,4824,207300,1000.0
149661,4936,56600,279.4
149671,4936,56800,280.4
149681,4936,56600,279.4
149691,4936,55900,275.9
149701,4940,57500,284.1
149711,4936,55900,275.9
149721,4940,57500,284.1
149731,4936,55900,275.9
149741,4940,57500,284.1
149751,4808,140800,677.0
149761,4940,57600,284.5
149771,4936,55900,275.9
149781,4940,57500,284.1
149791,4936,56000,276.4
149801,4936,57500,283.8
149811,4936,56600,279.4
149822,4936,56900,280.9
149831,4936,56600,279.4
149841,4936,56900,280.9
149851,4936,56500,278.9
149861,4812,139000,668.9
149871,4936,57500,283.8
149881,4936,55900,275.9
149891,4940,57500,284.1
149901,4936,55900,275.9
149911,4940,57500,284.1
149921,4936,55900,275.9
149931,4936,57500,283.8
149941,4936,55800,275.4
149951,4936,57500,283.8
149961,4936,55900,275.9
149971,4816,132300,637.2
149981,4936,56600,279.4
149991,4936,56800,280.4
150001,4936,56500,278.9
150011,4936,56900,280.9
150021,4936,56500,278.9
150031,4936,56900,280.9
150041,4936,56600,279.4
150051,4936,55900,275.9
150061,4936,57500,283.8
150071,4712,129400,609.7
150081,4936,57500,283.8
150091,4936,55900,275.9
150101,4940,57400,283.6
150111,4936,55900,275.9
150121,4940,57500,284.1
150131,4936,55900,275.9
150141,4940,57500,284.1
150151,4936,55900,275.9
150161,4940,57500,284.1
150171,4812,146000,702.6
150181,4936,56900,280.9
150191,4936,56600,279.4
150201,4936,56800,280.4
150211,4936,56600,279.4
150221,4936,56200,277.4
150231,4936,57600,284.3
150241,4936,55900,275.9
150251,4936,57500,283.8
150261,4936,55900,275.9
150271,4936,57400,283.3
150281,4808,140700,676.5
150291,4940,57600,284.5
150301,4936,55900,275.9
150311,4936,57500,283.8
150321,4936,55900,275.9
150331,4940,57500,284.1
150341,4936,56500,278.9
150351,4936,56800,280.4
150361,4936,56600,279.4
150371,4936,56900,280.9
150381,4796,63400,304.1
150391,4936,56900,280.9
150401,4940,56500,279.1
150411,4936,55900,275.9
150421,4936,57500,283.8
150431,4936,55900,275.9
150441,4940,57500,284.1
150451,4936,55900,275.9
150461,4936,57500,283.8
150471,4936,55900,275.9
150481,4936,57500,283.8
150491,4716,133700,630.5
150501,4940,57500,284.1
150511,4936,55900,275.9
150521,4940,57500,284.1
150531,4936,56600,279.4
150541,4936,56800,280.4
150551,4936,56600,279.4
150561,4936,56900,280.9
150571,4936,56500,278.9
150581,4936,56100,276.9
150591,4936,57600,284.3
150601,4812,209100,1006.2
150611,4936,57600,284.3
150621,4936,55900,275.9
150631,4936,57500,283.8
150641,4936,55900,275.9
150651,4936,57500,283.8
150661,4936,55900,275.9
150671,4940,57500,284.1
150681,4936,55900,275.9
150691,4940,57500,284.1
150701,4812,141300,679.9
150711,4936,56800,280.4
150721,4936,56500,278.9
150731,4936,56800,280.4
150741,4936,56600,279.4
150751,4936,56800,280.4
150761,4936,56600,279.4
150771,4936,55900,275.9
150781,4940,57400,283.6
150791,4936,55900,275.9
150801,4936,57500,283.8
150811,4804,190300,914.2
150821,4940,57500,284.1
150831,4936,55900,275.9
150841,4940,57600,284.5
150851,4936,55900,275.9
150861,4936,57500,283.8
150871,4936,55900,275.9
150881,4936,57500,283.8
150891,4936,56500,278.9
150901,4936,56800,280.4
150911,4704,136400,641.6
150921,4936,56800,280.4
150931,4936,56500,278.9
150941,4936,56100,276.9
150951,4936,57500,283.8
150961,4936,55900,275.9
150971,4936,57500,283.8
150981,4936,55900,275.9
150991,4940,57500,284.1
151001,4936,55900,275.9
151011,4812,143700,691.5
151021,4936,55900,275.9
151031,4940,57500,284.1
151041,4936,55900,275.9
151051,4940,57500,284.1
151061,4936,56600,279.4
151071,4940,56800,280.6
151081,4936,56500,278.9
151091,4936,56800,280.4
151101,4936,56600,279.4
151111,4936,56900,280.9
151121,4752,139300,662.0
151131,4936,55900,275.9
151141,4940,57500,284.1
151151,4936,56000,276.4
151161,4936,57500,283.8
151171,4936,55900,275.9
151181,4940,57500,284.1
151191,4936,55900,275.9
151201,4940,57500,284.1
151211,4936,55900,275.9
151221,4940,57500,284.1
151231,4908,55900,274.4
151241,4940,57500,284.1
151251,4936,56500,278.9
151261,4936,56900,280.9
151271,4936,56500,278.9
151281,4936,56900,280.9
151291,4936,56600,279.4
151301,4936,55900,275.9
151311,4936,57500,283.8
151321,4936,55900,275.9
151331,4936,57500,283.8
151341,4836,55900,270.3
151351,4940,57500,284.1
151361,4936,56000,276.4
151371,4940,57400,283.6
151381,4936,55900,275.9
151391,4936,57500,283.8
151401,4936,55800,275.4
151411,4936,57500,283.8
151421,4936,56500,278.9
151431,4936,56800,280.4
151441,4704,134000,630.3
151452,4940,56900,281.1
151461,4936,56600,279.4
151471,4940,56800,280.6
151481,4936,56600,279.4
151491,4936,55900,275.9
151501,4940,57500,284.1
151511,4936,56000,276.4
151521,4940,57500,284.1
151531,4936,55900,275.9
151541,4812,142400,685.2
151551,4860,55900,271.7
151561,4940,57500,284.1
151571,4936,55900,275.9
151581,4936,57500,283.8
151591,4936,55900,275.9
151601,4940,57500,284.1
151611,4936,56600,279.4
151621,4936,56900,280.9
151631,4936,56500,278.9
151641,4812,141900,682.8
151651,4936,146700,724.1
151661,4936,56100,276.9
151671,4936,57600,284.3
151681,4936,55900,275.9
151691,4936,57500,283.8
151701,4936,56000,276.4
151711,4936,57500,283.8
151721,4936,55900,275.9
151731,4936,57500,283.8
151741,4936,55900,275.9
151751,4936,112600,555.8
151761,4936,55900,275.9
151771,4936,57500,283.8
151781,4936,56600,279.4
151791,4936,56800,280.4
151801,4936,56400,278.4
151811,4936,56900,280.9
151821,4936,56600,279.4
151831,4936,56800,280.4
151841,4936,56600,279.4
151851,4936,55900,275.9
151861,4776,135000,644.8
151871,4936,55900,275.9
151881,4940,57500,284.1
151891,4936,56000,276.4
151901,4940,57500,284.1
151911,4936,55900,275.9
151921,4936,57500,283.8
151931,4936,55900,275.9
151941,4936,57500,283.8
151951,4936,56000,276.4
151961,4940,57500,284.1
151971,4940,56500,279.1
151981,4936,56800,280.4
151991,4936,56600,279.4
152001,4936,56900,280.9
152011,4936,56600,279.4
152021,4936,56000,276.4
152031,4936,57500,283.8
152041,4936,55900,275.9
152051,4936,57500,283.8
152061,4936,55900,275.9
152071,4816,135000,650.2
152081,4936,56000,276.4
152091,4940,57500,284.1
152101,4936,55900,275.9
152111,4936,57500,283.8
152121,4936,55900,275.9
152131,4936,57500,283.8
152141,4936,56500,278.9
152151,4936,56800,280.4
152161,4936,56600,279.4
152171,4940,56800,280.6
152181,4936,56600,279.4
152191,4940,56900,281.1
152201,4940,56600,279.6
152211,4936,55900,275.9
152221,4936,57500,283.8
152231,4936,55900,275.9
152241,4936,57600,284.3
152251,4936,56000,276.4
152261,4940,57500,284.1
152271,4936,58700,289.7
152281,4940,57500,284.1
152291,4936,56000,276.4
152301,4940,57500,284.1
152311,4936,56000,276.4
152321,4936,57500,283.8
152331,4936,56600,279.4
152341,4936,56800,280.4
152351,4936,56600,279.4
152361,4936,56900,280.9
152371,4936,56600,279.4
152381,4816,203700,981.0
152391,4936,57600,284.3
152401,4936,55900,275.9
152411,4936,57600,284.3
152421,4936,55900,275.9
152431,4936,57600,284.3
152441,4936,55900,275.9
152451,4940,57500,284.1
152461,4936,55900,275.9
152471,4936,57500,283.8
152481,4936,56000,276.4
152491,4756,80200,381.4
152501,4936,56600,279.4
152511,4940,56800,280.6
152521,4936,56600,279.4
152531,4936,56900,280.9
152541,4936,56600,279.4
152551,4936,56900,280.9
152561,4936,56700,279.9
152571,4936,55900,275.9
152581,4936,57500,283.8
152591,4820,208000,1002.6
152601,4940,57500,284.1
152611,4936,56000,276.4
152621,4936,57500,283.8
152631,4936,55900,275.9
152641,4940,57600,284.5
152651,4936,55900,275.9
152661,4936,57600,284.3
152671,4936,56100,276.9
152681,4940,57500,284.1
152691,4708,131900,621.0
152701,4936,56900,280.9
152711,4936,56600,279.4
152721,4936,56900,280.9
152731,4936,56700,279.9
152741,4940,56000,276.6
152751,4936,57500,283.8
152761,4936,56000,276.4
152771,4940,57600,284.5
152781,4936,56000,276.4
152791,4796,143400,687.7
152801,4936,55900,275.9
152811,4936,57600,284.3
152821,4936,55900,275.9
152831,4936,57600,284.3
152841,4936,55900,275.9
152851,4936,57600,284.3
152861,4936,56600,279.4
152871,4936,56900,280.9
152881,4936,56600,279.4
152891,4936,56900,280.9
152901,4784,132400,633.4
152911,4936,56900,280.9
152921,4936,56700,279.9
152931,4936,56000,276.4
152941,4936,57500,283.8
152951,4936,55800,275.4
152961,4940,57500,284.1
152971,4936,55900,275.9
152981,4940,57500,284.1
152991,4936,55900,275.9
153001,4828,135500,654.2
153011,4936,55900,275.9
153021,4936,57500,283.8
153031,4936,56000,276.4
153041,4936,57500,283.8
153051,4936,56600,279.4
153061,4936,56800,280.4
153071,4936,56500,278.9
153082,4936,55900,275.9
153091,4936,56600,279.4
153101,4936,55900,275.9
153111,4696,141200,663.1
153121,4936,55900,275.9
153131,4940,57600,284.5
153141,4936,55900,275.9
153151,4940,57500,284.1
153161,4936,56000,276.4
153171,4936,57500,283.8
153181,4936,55900,275.9
153191,4936,57500,283.8
153201,4936,55900,275.9
153211,4752,82900,393.9
153221,4936,56500,278.9
153231,4936,56900,280.9
153241,4936,56600,279.4
153251,4936,56900,280.9
153261,4940,56600,279.6
153271,4936,56900,280.9
153281,4936,56800,280.4
153291,4936,55900,275.9
153301,4936,57500,283.8
153311,4824,56000,270.1
153321,4936,57500,283.8
153331,4936,56000,276.4
153341,4940,57600,284.5
153351,4936,55900,275.9
153361,4940,57500,284.1
153371,4936,55900,275.9
153381,4936,57500,283.8
153391,4936,56200,277.4
153401,4936,57500,283.8
153411,4804,141400,679.3
153421,4936,56900,280.9
153431,4936,56500,278.9
153441,4936,56800,280.4
153451,4936,56600,279.4
153461,4936,55900,275.9
153471,4936,57500,283.8
153481,4936,55900,275.9
153491,4936,57500,283.8
153501,4936,55900,275.9
153511,4940,57400,283.6
153521,4936,55900,275.9
153531,4940,57600,284.5
153541,4936,55900,275.9
153551,4936,57500,283.8
153561,4932,55900,275.7
153571,4936,57500,283.8
153581,4936,56600,279.4
153591,4936,56900,280.9
153601,4936,56600,279.4
153611,4936,56900,280.9
153621,4936,56600,279.4
153631,4936,56900,280.9
153641,4936,56800,280.4
153651,4936,55900,275.9
153661,4936,57500,283.8
153671,4936,55900,275.9
153681,4936,57600,284.3
153691,4936,55900,275.9
153701,4940,57500,284.1
153711,4936,56000,276.4
153721,4808,146400,703.9
153731,4936,56000,276.4
153741,4936,57600,284.3
153751,4936,56200,277.4
153761,4936,57500,283.8
153771,4936,56300,277.9
153781,4936,56900,280.9
153791,4936,56600,279.4
153801,4936,56900,280.9
153811,4936,56500,278.9
153821,4936,55900,275.9
153831,4820,137400,662.3
153841,4936,56000,276.4
153851,4940,57500,284.1
153861,4936,56000,276.4
153871,4936,57500,283.8
153881,4936,55900,275.9
153891,4940,57600,284.5
153901,4936,56000,276.4
153911,4940,57500,284.1
153921,4936,55900,275.9
153931,4808,142500,685.1
153941,4936,56600,279.4
153951,4940,56900,281.1
153961,4936,56600,279.4
153971,4936,56900,280.9
153981,4936,56700,279.9
153991,4936,56900,280.9
154001,4936,56900,280.9
154011,4936,55900,275.9
154021,4936,57600,284.3
154031,4936,55900,275.9
154041,4788,138500,663.1
154051,4936,55900,275.9
154061,4936,57600,284.3
154071,4936,55900,275.9
154081,4936,57500,283.8
154091,4936,55800,275.4
154101,4940,57600,284.5
154111,4936,56300,277.9
154121,4940,57400,283.6
154131,4936,56400,278.4
154141,4808,141700,681.3
154151,4936,56600,279.4
154161,4936,56900,280.9
154171,4936,56600,279.4
154181,4932,55900,275.7
154191,4936,57500,283.8
154201,4936,55900,275.9
154211,4940,57500,284.1
154221,4932,56000,276.2
154231,4936,57500,283.8
154241,4936,55900,275.9
154251,4812,206600,994.2
154261,4936,56000,276.4
154271,4940,57500,284.1
154281,4936,55900,275.9
154291,4940,57500,284.1
154301,4936,56600,279.4
154311,4936,56900,280.9
154321,4936,56600,279.4
154331,4936,56900,280.9
154341,4936,56600,279.4
154351,4936,56800,280.4
154361,4692,143800,674.7
154371,4936,55900,275.9
154381,4936,57500,283.8
154391,4936,55900,275.9
154401,4936,57500,283.8
154411,4936,55900,275.9
154421,4936,57600,284.3
154431,4936,55900,275.9
154441,4940,57600,284.5
154451,4936,55900,275.9
154461,4936,57600,284.3
154471,4936,56300,277.9
154481,4936,57400,283.3
154491,4936,56500,278.9
154501,4936,57000,281.4
154511,4936,56600,279.4
154521,4940,56900,281.1
154531,4936,56600,279.4
154541,4936,55900,275.9
154551,4936,57500,283.8
154561,4936,55900,275.9
154571,4932,75100,370.4
154581,4932,56000,276.2
154591,4936,57500,283.8
154601,4936,55900,275.9
154611,4940,57500,284.1
154621,4936,55900,275.9
154631,4936,57600,284.3
154641,4936,55900,275.9
154651,4936,57500,283.8
154661,4936,56600,279.4
154671,4936,56900,280.9
154681,4708,135500,637.9
154691,4936,56900,280.9
154701,4936,56600,279.4
154711,4936,56900,280.9
154722,4936,57500,283.8
154731,4936,55900,275.9
154741,4940,57600,284.5
154751,4936,55900,275.9
154761,4936,57600,284.3
154771,4936,55900,275.9
154781,4936,57500,283.8
154791,4816,217000,1045.1
154801,4940,57500,284.1
154811,4936,56000,276.4
154821,4936,57500,283.8
154831,4936,56400,278.4
154841,4940,57400,283.6
154851,4936,56500,278.9
154861,4936,56900,280.9
154871,4936,56600,279.4
154881,4936,56900,280.9
154891,4824,137300,662.3
154901,4936,55900,275.9
154911,4936,57500,283.8
154921,4936,55900,275.9
154931,4936,57500,283.8
154941,4936,55900,275.9
154951,4940,57500,284.1
154961,4936,55900,275.9
154971,4936,57500,283.8
154981,4936,55900,275.9
154991,4812,204100,982.1
155001,4936,55900,275.9
155011,4940,57500,284.1
155021,4936,56600,279.4
155031,4936,56900,280.9
155041,4936,56600,279.4
155051,4940,56900,281.1
155061,4936,56700,279.9
155071,4936,56800,280.4
155081,4936,57100,281.8
155091,4936,55900,275.9
155101,4756,136500,649.2
155111,4936,55900,275.9
155121,4936,57500,283.8
155131,4936,55900,275.9
155141,4936,57500,283.8
155151,4936,55900,275.9
155161,4936,57500,283.8
155171,4936,55900,275.9
155181,4936,57600,284.3
155191,4936,56500,278.9
155201,4808,140300,674.6
155211,4936,56600,279.4
155221,4936,56900,280.9
155231,4936,56600,279.4
155241,4936,56900,280.9
155251,4936,56600,279.4
155261,4936,56000,276.4
155271,4936,57400,283.3
155281,4936,55900,275.9
155291,4940,57500,284.1
155301,4936,58700,289.7
155311,4940,57600,284.5
155321,4936,55900,275.9
155331,4940,57500,284.1
155341,4936,56000,276.4
155351,4940,57600,284.5
155361,4936,56000,276.4
155371,4936,57500,283.8
155381,4936,56600,279.4
155391,4936,56900,280.9
155401,4936,56600,279.4
155411,4808,144500,694.8
155421,4936,56600,279.4
155431,4936,56800,280.4
155441,4936,57100,281.8
155451,4936,55900,275.9
155461,4940,57500,284.1
155471,4936,56000,276.4
155481,4936,57500,283.8
155491,4936,56000,276.4
155501,4936,57500,283.8
155511,4808,140400,675.0
155521,4936,57500,283.8
155531,4936,56000,276.4
155541,4936,57600,284.3
155551,4936,56600,279.4
155561,4936,57300,282.8
155571,4936,56600,279.4
155581,4936,56900,280.9
155591,4936,56600,279.4
155601,4936,56900,280.9
155611,4936,56600,279.4
155621,4936,56000,276.4
155631,4936,57500,283.8
155641,4936,56000,276.4
155651,4936,57500,283.8
155661,4936,55900,275.9
155671,4940,57400,283.6
155681,4936,56000,276.4
155691,4936,57500,283.8
155701,4936,55900,275.9
155711,4940,57500,284.1
155721,4808,140300,674.6
155731,4936,57600,284.3
155741,4936,56600,279.4
155751,4936,56900,280.9
155761,4936,56600,279.4
155771,4936,56900,280.9
155781,4936,56600,279.4
155791,4936,56700,279.9
155801,4936,57200,282.3
155811,4936,55900,275.9
155821,4936,57600,284.3
155831,4816,207600,999.8
155841,4936,57500,283.8
155851,4936,56000,276.4
155861,4936,57600,284.3
155871,4936,55900,275.9
155881,4940,57500,284.1
155891,4936,55900,275.9
155901,4936,57500,283.8
155911,4936,56600,279.4
155921,4936,57100,281.8
155931,4712,139600,657.8
155941,4936,56900,280.9
155951,4936,56600,279.4
155961,4936,56800,280.4
155971,4936,56600,279.4
155981,4936,55900,275.9
155991,4940,57500,284.1
156001,4936,56000,276.4
156011,4936,57600,284.3
156021,4936,55800,275.4
156031,4936,57500,283.8
156041,4828,55900,269.9
156051,4936,57600,284.3
156061,4936,55900,275.9
156071,4936,57500,283.8
156081,4936,55900,275.9
156091,4940,57500,284.1
156101,4936,56600,279.4
156111,4936,56900,280.9
156121,4936,56600,279.4
156131,4940,56900,281.1
156141,4812,140700,677.0
156151,4936,56700,279.9
156161,4936,57300,282.8
156171,4936,56000,276.4
156181,4936,57600,284.3
156191,4936,55900,275.9
156201,4940,57600,284.5
156211,4936,56000,276.4
156221,4936,57500,283.8
156231,4936,56000,276.4
156241,4940,57500,284.1
156251,4872,155700,758.6
156261,4936,57500,283.8
156271,4936,56600,279.4
156281,4936,57100,281.8
156291,4936,56700,279.9
156301,4940,56800,280.6
156311,4936,56600,279.4
156321,4936,56900,280.9
156331,4936,56600,279.4
156341,4936,56000,276.4
156352,4936,57600,284.3
156361,4816,203700,981.0
156371,4940,57500,284.1
156381,4936,55900,275.9
156391,4940,57500,284.1
156401,4936,56000,276.4
156411,4940,57600,284.5
156421,4936,55900,275.9
156431,4936,57600,284.3
156441,4936,56000,276.4
156451,4940,57500,284.1
156461,4716,134500,634.3
156471,4936,57000,281.4
156481,4936,56600,279.4
156491,4936,57000,281.4
156501,4936,56600,279.4
156511,4936,56500,278.9
156521,4936,57400,283.3
156531,4936,56000,276.4
156541,4940,57500,284.1
156551,4936,55900,275.9
156561,4936,57500,283.8
156571,4728,139700,660.5
156581,4936,57500,283.8
156591,4936,56000,276.4
156601,4936,57600,284.3
156611,4936,55900,275.9
156621,4940,57500,284.1
156631,4936,56600,279.4
156641,4940,57000,281.6
156651,4936,56600,279.4
156661,4936,56900,280.9
156671,4932,56500,278.7
156681,4792,62800,300.9
156691,4936,56600,279.4
156701,4936,55900,275.9
156711,4936,57600,284.3
156721,4936,55900,275.9
156731,4940,57400,283.6
156741,4936,55900,275.9
156751,4936,57500,283.8
156761,4936,55900,275.9
156771,4936,57500,283.8
156781,4884,158300,773.1
156791,4936,57500,283.8
156801,4936,55900,275.9
156811,4936,57600,284.3
156821,4936,56500,278.9
156831,4936,56900,280.9
156841,4936,56600,279.4
156851,4936,56900,280.9
156861,4936,56600,279.4
156871,4936,56400,278.4
156881,4936,57400,283.3
156891,4804,56000,269.0
156901,4936,57600,284.3
156911,4936,56000,276.4
156921,4936,57500,283.8
156931,4936,55900,275.9
156941,4940,57500,284.1
156951,4936,55900,275.9
156961,4936,57600,284.3
156971,4936,55900,275.9
156981,4940,57500,284.1
156991,4764,166400,792.7
157001,4940,57000,281.6
157011,4936,56700,279.9
157021,4936,56900,280.9
157031,4936,56600,279.4
157041,4936,56900,280.9
157051,4940,56600,279.6
157061,4936,55900,275.9
157071,4936,57500,283.8
157081,4932,55900,275.7
157091,4936,57500,283.8
157101,4936,56000,276.4
157111,4936,57600,284.3
157121,4936,56000,276.4
157131,4936,57500,283.8
157141,4936,56000,276.4
157151,4940,57500,284.1
157161,4936,56000,276.4
157171,4936,57500,283.8
157181,4936,56000,276.4
157191,4936,56900,280.9
157201,4724,134300,634.4
157211,4936,57000,281.4
157221,4936,56600,279.4
157231,4936,56400,278.4
157241,4936,57500,283.8
157251,4936,55900,275.9
157261,4940,57500,284.1
157271,4936,55900,275.9
157281,4936,57500,283.8
157291,4936,56000,276.4
157301,4936,57500,283.8
157311,4816,201800,971.9
157321,4936,57500,283.8
157331,4936,56000,276.4
157341,4940,57500,284.1
157351,4936,56700,279.9
157361,4936,56900,280.9
157371,4936,56600,279.4
157381,4936,56900,280.9
157391,4936,56600,279.4
157401,4936,56900,280.9
157411,4936,56600,279.4
157421,4812,158200,761.3
157431,4936,57600,284.3
157441,4936,55900,275.9
157451,4936,57500,283.8
157461,4936,56000,276.4
157471,4940,57500,284.1
157481,4936,55900,275.9
157491,4936,57500,283.8
157501,4936,55800,275.4
157511,4940,57600,284.5
157521,4936,55900,275.9
157531,4724,95100,449.3
157541,4936,56000,276.4
157551,4940,57000,281.6
157561,4936,56600,279.4
157571,4936,56800,280.4
157581,4936,56600,279.4
157591,4940,56200,277.6
157601,4936,57600,284.3
157611,4936,55900,275.9
157621,4936,57600,284.3
157631,4936,57200,282.3
157641,4940,57600,284.5
157651,4936,55900,275.9
157661,4936,57600,284.3
157671,4936,55900,275.9
157681,4940,57500,284.1
157691,4936,55900,275.9
157701,4936,57500,283.8
157711,4936,56600,279.4
157721,4940,56800,280.6
157731,4936,56600,279.4
157741,4808,146100,702.4
157751,4936,56600,279.4
157761,4936,56900,280.9
157771,4936,56600,279.4
157781,4936,55900,275.9
157791,4936,57500,283.8
157801,4932,55900,275.7
157811,4936,57500,283.8
157821,4932,55900,275.7
157831,4936,57600,284.3
157841,4936,56000,276.4
157851,4816,134000,645.3
157861,4936,56000,276.4
157871,4940,57500,284.1
157881,4936,55900,275.9
157891,4940,57500,284.1
157901,4936,55900,275.9
157911,4936,57000,281.4
157921,4936,56500,278.9
157931,4936,56900,280.9
157941,4936,56500,278.9
157951,4812,139500,671.3
157961,4936,57600,284.3
157971,4936,56000,276.4
157981,4936,57600,284.3
157992,4936,55900,275.9
158001,4940,57500,284.1
158011,4936,55900,275.9
158021,4936,57500,283.8
158031,4936,55900,275.9
158041,4936,57500,283.8
158051,4936,55900,275.9
158061,4764,161700,770.3
158071,4936,56600,279.4
158081,4936,56800,280.4
158091,4940,56600,279.6
158101,4936,56900,280.9
158111,4936,56600,279.4
158121,4940,56900,281.1
158131,4936,56600,279.4
158141,4936,55900,275.9
158151,4940,57500,284.1
158161,4936,55900,275.9
158171,4748,137300,651.9
158181,4936,55900,275.9
158191,4936,57500,283.8
158201,4936,55900,275.9
158211,4940,57600,284.5
158221,4936,55900,275.9
158231,4936,57500,283.8
158241,4936,55900,275.9
158251,4936,57500,283.8
158261,4936,56000,276.4
158271,4820,182600,880.1
158281,4936,56600,279.4
158291,4936,56900,280.9
158301,4936,56600,279.4
158311,4936,56100,276.9
158321,4936,57500,283.8
158331,4936,55900,275.9
158341,4936,57500,283.8
158351,4936,55900,275.9
158361,4940,57600,284.5
158371,4936,56000,276.4
158381,4788,137400,657.9
158391,4936,55900,275.9
158401,4936,57500,283.8
158411,4936,56000,276.4
158421,4936,57500,283.8
158431,4936,56600,279.4
158441,4936,56900,280.9
158451,4936,56500,278.9
158461,4936,56900,280.9
158471,4936,56600,279.4
158481,4936,56900,280.9
158491,4708,151700,714.2
158501,4936,55900,275.9
158511,4936,57500,283.8
158521,4936,56000,276.4
158531,4936,57600,284.3
158541,4936,55900,275.9
158551,4936,57500,283.8
158561,4936,56000,276.4
158571,4936,57400,283.3
158581,4936,56000,276.4
158591,4800,142000,681.6
158601,4936,55900,275.9
158611,4936,57600,284.3
158621,4936,56000,276.4
158631,4936,56900,280.9
158641,4936,56600,279.4
158651,4936,56900,280.9
158661,4932,56600,279.2
158671,4936,56000,276.4
158681,4936,57600,284.3
158691,4808,141000,677.9
158701,4936,57600,284.3
158711,4936,56000,276.4
158721,4936,57500,283.8
158731,4936,55900,275.9
158741,4940,57600,284.5
158751,4936,55900,275.9
158761,4936,57600,284.3
158771,4936,55900,275.9
158781,4940,57500,284.1
158791,4936,59300,292.7
158801,4936,56800,280.4
158811,4936,56600,279.4
158821,4936,56900,280.9
158831,4936,56600,279.4
158841,4936,56900,280.9
158851,4936,56600,279.4
158861,4936,55900,275.9
158871,4940,57500,284.1
158881,4936,55900,275.9
158891,4940,57500,284.1
158901,4816,206500,994.5
158911,4936,57500,283.8
158921,4936,56000,276.4
158931,4936,57500,283.8
158941,4936,56000,276.4
158951,4940,57500,284.1
158961,4936,56000,276.4
158971,4940,57500,284.1
158981,4936,56200,277.4
158991,4936,56800,280.4
159001,4712,140300,661.1
159011,4936,56900,280.9
159021,4936,56600,279.4
159031,4936,56000,276.4
159041,4936,57500,283.8
159051,4936,56000,276.4
159061,4940,57500,284.1
159071,4936,55900,275.9
159081,4936,57600,284.3
159091,4936,55900,275.9
159101,4936,57500,283.8
159111,4716,133900,631.5
159121,4936,57500,283.8
159131,4936,56000,276.4
159141,4940,57600,284.5
159151,4936,56500,278.9
159161,4936,56900,280.9
159171,4936,56500,278.9
159181,4936,56900,280.9
159191,4936,56600,279.4
159201,4936,56900,280.9
159211,4936,56700,279.9
159221,4816,209400,1008.5
159231,4936,57500,283.8
159241,4936,56000,276.4
159251,4936,57500,283.8
159261,4936,55900,275.9
159271,4936,57500,283.8
159281,4936,56000,276.4
159291,4936,57600,284.3
159301,4936,55900,275.9
159311,4936,57600,284.3
159321,4708,131600,619.6
159331,4936,57600,284.3
159341,4936,56100,276.9
159351,4936,56900,280.9
159361,4936,56600,279.4
159371,4936,56900,280.9
159381,4936,56600,279.4
159391,4936,55900,275.9
159401,4936,57500,283.8
159411,4936,56000,276.4
159421,4808,146500,704.4
159431,4936,56000,276.4
159441,4940,57500,284.1
159451,4936,55900,275.9
159461,4936,57600,284.3
159471,4936,56000,276.4
159481,4936,57500,283.8
159491,4936,56000,276.4
159501,4940,57500,284.1
159511,4936,56600,279.4
159521,4936,56900,280.9
159531,4888,187500,916.5
159541,4940,57000,281.6
159551,4936,56600,279.4
159561,4936,56900,280.9
159571,4936,56700,279.9
159581,4936,56000,276.4
159591,4940,57500,284.1
159601,4936,55900,275.9
159611,4936,57500,283.8
159622,4936,55900,275.9
159631,4788,143700,688.0
159641,4936,56000,276.4
159651,4936,57500,283.8
159661,4936,56000,276.4
159671,4940,57500,284.1
159681,4936,56100,276.9
159691,4936,57500,283.8
159701,4936,56300,277.9
159711,4936,56900,280.9
159721,4936,56600,279.4
159731,4936,56900,280.9
159741,4812,142700,686.7
159751,4936,55900,275.9
159761,4936,57500,283.8
159771,4936,56000,276.4
159781,4940,57500,284.1
159791,4936,55900,275.9
159801,4940,57600,284.5
159811,4936,55900,275.9
159821,4936,57500,283.8
159831,4936,56000,276.4
159841,4812,147500,709.8
159851,4936,55900,275.9
159861,4936,57500,283.8
159871,4936,56600,279.4
159881,4936,57000,281.4
159891,4936,56600,279.4
159901,4936,56900,280.9
159911,4936,56600,279.4
159921,4936,56900,280.9
159931,4936,56900,280.9
159941,4808,139300,669.8
159951,4940,57600,284.5
159961,4936,56000,276.4
159971,4936,57500,283.8
159981,4936,55900,275.9
159991,4936,57500,283.8
160001,4936,55900,275.9
160011,4940,57600,284.5
160021,4936,55900,275.9
160031,4940,57500,284.1
160041,4808,140300,674.6
160051,4712,106000,499.5
160061,4936,56400,278.4
160071,4936,56900,280.9
160081,4936,56600,279.4
160091,4940,56900,281.1
160101,4936,56600,279.4
160111,4936,55900,275.9
160121,4936,57500,283.8
160131,4936,55900,275.9
160141,4940,57500,284.1
160151,4920,152300,749.3
160161,4940,57600,284.5
160171,4936,55900,275.9
160181,4940,57600,284.5
160191,4936,56000,276.4
160201,4940,57500,284.1
160211,4936,55900,275.9
160221,4940,57600,284.5
160231,4936,56000,276.4
160241,4936,56900,280.9
160251,4936,56600,279.4
160261,4748,84800,402.6
160271,4936,56600,279.4
160281,4936,56900,280.9
160291,4936,56900,280.9
160301,4936,55900,275.9
160311,4940,57600,284.5
160321,4932,55900,275.7
160331,4936,57500,283.8
160341,4936,56000,276.4
160351,4936,57500,283.8
160361,4824,56000,270.1
160371,4940,57500,284.1
160381,4936,55900,275.9
160391,4936,57500,283.8
160401,4936,56300,277.9
160411,4940,57600,284.5
160421,4936,56500,278.9
160431,4936,56900,280.9
160441,4936,56600,279.4
160451,4940,56900,281.1
160461,4792,138400,663.2
160471,4936,55900,275.9
160481,4936,57500,283.8
160491,4936,56000,276.4
160501,4940,57500,284.1
160511,4936,55900,275.9
160521,4936,57500,283.8
160531,4936,56000,276.4
160541,4936,57600,284.3
160551,4936,55900,275.9
160561,4940,57600,284.5
160571,4804,139700,671.1
160581,4936,57500,283.8
160591,4936,56000,276.4
160601,4936,56900,280.9
160611,4936,56600,279.4
160621,4936,56900,280.9
160631,4936,56600,279.4
160641,4936,56900,280.9
160651,4936,57000,281.4
160661,4936,55900,275.9
160671,4940,57500,284.1
160681,4936,56000,276.4
160691,4936,57600,284.3
160701,4936,55900,275.9
160711,4940,57500,284.1
160721,4936,55900,275.9
160731,4940,57500,284.1
160741,4936,55900,275.9
160751,4940,57500,284.1
160761,4936,56400,278.4
160771,4936,57300,282.8
160781,4812,144800,696.8
160791,4940,56800,280.6
160801,4936,56600,279.4
160811,4936,56900,280.9
160821,4936,56500,278.9
160831,4936,55900,275.9
160841,4936,57500,283.8
160851,4936,55900,275.9
160861,4936,57500,283.8
160871,4932,56000,276.2
160881,4936,57500,283.8
160891,4816,190000,915.0
160901,4936,57500,283.8
160911,4936,55900,275.9
160921,4940,57500,284.1
160931,4936,55900,275.9
160941,4940,57500,284.1
160951,4936,56000,276.4
160961,4936,56900,280.9
160971,4936,56600,279.4
160981,4936,56900,280.9
160991,4804,140500,675.0
161001,4936,56800,280.4
161011,4936,57100,281.8
161021,4936,55900,275.9
161031,4940,57500,284.1
161041,4936,56000,276.4
161051,4940,57600,284.5
161061,4936,56000,276.4
161071,4936,57500,283.8
161081,4936,55900,275.9
161091,4936,57500,283.8
161101,4816,218000,1049.9
161111,4936,57600,284.3
161121,4936,56500,278.9
161131,4936,57300,282.8
161141,4936,56700,279.9
161151,4936,56900,280.9
161161,4936,56600,279.4
161171,4936,56900,280.9
161181,4936,56600,279.4
161191,4936,55900,275.9
161201,4812,135600,652.5
161211,4936,55900,275.9
161221,4940,57500,284.1
161231,4936,55900,275.9
161241,4936,57500,283.8
161252,4936,55800,275.4
161261,4936,57500,283.8
161271,4936,55900,275.9
161281,4940,57600,284.5
161291,4936,56000,276.4
161301,4932,91300,450.3
161311,4936,56000,276.4
161321,4936,56900,280.9
161331,4936,56700,279.9
161341,4936,56900,280.9
161351,4936,56600,279.4
161361,4936,56700,279.9
161371,4936,57300,282.8
161381,4936,56000,276.4
161391,4940,57500,284.1
161401,4936,56000,276.4
161411,4820,140400,676.7
161421,4936,55900,275.9
161431,4936,57500,283.8
161441,4936,56000,276.4
161451,4936,57600,284.3
161461,4936,56000,276.4
161471,4936,57500,283.8
161481,4936,56600,279.4
161491,4936,57100,281.8
161501,4936,56700,279.9
161511,4820,170600,822.3
161521,4936,56600,279.4
161531,4936,56900,280.9
161541,4936,56600,279.4
161551,4936,55900,275.9
161561,4936,57500,283.8
161571,4936,55900,275.9
161581,4936,57500,283.8
161591,4936,55900,275.9
161601,4936,57500,283.8
161611,4936,57700,284.8
161621,4936,57500,283.8
161631,4936,55900,275.9
161641,4940,57600,284.5
161651,4936,55900,275.9
161661,4936,57500,283.8
161671,4936,55900,275.9
161681,4936,56900,280.9
161691,4936,56600,279.4
161701,4936,56900,280.9
161711,4936,56600,279.4
161721,4808,145300,698.6
161731,4936,57300,282.8
161741,4936,56000,276.4
161751,4936,57600,284.3
161761,4936,55900,275.9
161771,4936,57500,283.8
161781,4936,55900,275.9
161791,4940,57500,284.1
161801,4936,55900,275.9
161811,4940,57600,284.5
161821,4808,140900,677.4
161831,4940,57500,284.1
161841,4936,56600,279.4
161851,4940,57100,282.1
161861,4936,56700,279.9
161871,4936,56900,280.9
161881,4936,56600,279.4
161891,4936,56900,280.9
161901,4936,56600,279.4
161911,4936,56000,276.4
161921,4940,57500,284.1
161931,4816,149100,718.1
161941,4940,57600,284.5
161951,4936,55900,275.9
161961,4936,57600,284.3
161971,4936,55900,275.9
161981,4936,57500,283.8
161991,4936,56000,276.4
162001,4940,57500,284.1
162011,4936,56000,276.4
162021,4936,57500,283.8
162031,4796,133400,639.8
162041,4936,56900,280.9
162051,4936,56500,278.9
162061,4936,56900,280.9
162071,4936,56600,279.4
162081,4936,56500,278.9
162091,4936,57500,283.8
162101,4936,56000,276.4
162111,4936,57500,283.8
162121,4936,55900,275.9
162131,4784,142400,681.2
162141,4936,56000,276.4
162151,4936,57500,283.8
162161,4936,56000,276.4
162171,4936,57600,284.3
162181,4936,56000,276.4
162191,4940,57500,284.1
162201,4936,56600,279.4
162211,4936,56900,280.9
162221,4936,56600,279.4
162231,4936,56900,280.9
162241,4804,140700,675.9
162251,4936,56900,280.9
162261,4936,56700,279.9
162271,4936,55900,275.9
162281,4936,57600,284.3
162291,4936,55900,275.9
162301,4936,57600,284.3
162311,4936,56000,276.4
162321,4936,57500,283.8
162331,4936,55900,275.9
162341,4936,57500,283.8
162351,4820,202500,976.1
162361,4936,57600,284.3
162371,4936,56000,276.4
162381,4936,57500,283.8
162391,4936,56000,276.4
162401,4940,56900,281.1
162411,4936,56600,279.4
162421,4936,56900,280.9
162431,4936,56600,279.4
162441,4936,56300,277.9
162451,4808,142500,685.1
162461,4936,56000,276.4
162471,4940,57500,284.1
162481,4936,56000,276.4
162491,4936,57600,284.3
162501,4936,56000,276.4
162511,4940,57600,284.5
162521,4936,56000,276.4
162531,4940,57500,284.1
162541,4936,56000,276.4
162551,4936,57500,283.8
162561,4804,195600,939.7
162571,4936,56900,280.9
162581,4936,56700,279.9
162591,4936,56900,280.9
162601,4936,56600,279.4
162611,4936,56800,280.4
162621,4936,56600,279.4
162631,4936,56000,276.4
162641,4936,57500,283.8
162651,4936,56000,276.4
162661,4936,57500,283.8
162671,4800,56000,268.8
162681,4936,57600,284.3
162691,4936,56000,276.4
162701,4936,57500,283.8
162711,4936,56000,276.4
162721,4936,57500,283.8
162731,4932,55900,275.7
162741,4936,57600,284.3
162751,4936,56000,276.4
162761,4936,56900,280.9
162771,4772,134100,639.9
162781,4936,56900,280.9
162791,4936,56600,279.4
162801,4936,56200,277.4
162811,4936,57500,283.8
162821,4936,56000,276.4
162831,4940,57500,284.1
162841,4936,55900,275.9
162851,4936,57600,284.3
162861,4936,56000,276.4
162871,4936,69100,341.1
162882,4936,56000,276.4
162891,4940,57500,284.1
162901,4936,55900,275.9
162911,4940,57500,284.1
162921,4936,55900,275.9
162931,4936,56800,280.4
162941,4936,56500,278.9
162951,4936,56800,280.4
162961,4936,56600,279.4
162971,4936,56900,280.9
162981,4808,142700,686.1
162991,4936,56000,276.4
163001,4940,57500,284.1
163011,4936,55900,275.9
163021,4936,57500,283.8
163031,4936,55900,275.9
163041,4936,57500,283.8
163051,4936,55900,275.9
163061,4936,57600,284.3
163071,4936,55900,275.9
163081,4940,57500,284.1
163091,4820,217000,1045.9
163101,4936,57500,283.8
163111,4936,56000,276.4
163121,4936,56800,280.4
163131,4936,56500,278.9
163141,4936,56900,280.9
163151,4936,56600,279.4
163161,4936,56000,276.4
163171,4936,57500,283.8
163181,4936,56000,276.4
163191,4816,141400,681.0
163201,4936,56000,276.4
163211,4936,57600,284.3
163221,4936,55900,275.9
163231,4936,57500,283.8
163241,4936,55900,275.9
163251,4936,57500,283.8
163261,4936,56000,276.4
163271,4936,57500,283.8
163281,4936,56000,276.4
163291,4940,56900,281.1
163301,4712,141600,667.2
163311,4936,56900,280.9
163321,4936,56600,279.4
163331,4936,56900,280.9
163341,4936,56600,279.4
163351,4936,55900,275.9
163361,4940,57500,284.1
163371,4936,55900,275.9
163381,4940,57500,284.1
163391,4936,56000,276.4
163401,4936,57500,283.8
163411,4816,179300,863.5
163421,4936,57600,284.3
163431,4936,55900,275.9
163441,4936,57600,284.3
163451,4936,56000,276.4
163461,4936,57600,284.3
163471,4936,56100,276.9
163481,4936,56900,280.9
163491,4936,56600,279.4
163501,4940,56800,280.6
163511,4808,142400,684.7
163521,4936,56000,276.4
163531,4936,57600,284.3
163541,4936,55900,275.9
163551,4940,57500,284.1
163561,4936,56000,276.4
163571,4936,57500,283.8
163581,4932,56000,276.2
163591,4940,57500,284.1
163601,4936,55900,275.9
163611,4936,57500,283.8
163621,4820,211500,1019.4
163631,4936,57500,283.8
163641,4936,56000,276.4
163651,4936,56900,280.9
163661,4936,56600,279.4
163671,4936,56900,280.9
163681,4936,56600,279.4
163691,4936,56900,280.9
163701,4936,56700,279.9
163711,4936,56000,276.4
163721,4936,57500,283.8
163731,4820,138900,669.5
163741,4940,57500,284.1
163751,4936,55900,275.9
163761,4940,57500,284.1
163771,4936,56000,276.4
163781,4936,57500,283.8
163791,4936,55900,275.9
163801,4936,57600,284.3
163811,4936,56000,276.4
163821,4936,57500,283.8
163831,4884,59000,288.2
163841,4936,56900,280.9
163851,4936,56500,278.9
163861,4936,56900,280.9
163871,4936,56600,279.4
163881,4936,56000,276.4
163891,4936,57500,283.8
163901,4936,56000,276.4
163911,4936,57600,284.3
163921,4936,56000,276.4
163931,4936,57500,283.8
163941,4776,174600,833.9
163951,4936,57600,284.3
163961,4936,56000,276.4
163971,4936,57500,283.8
163981,4936,56000,276.4
163991,4940,57500,284.1
164001,4936,55900,275.9
164011,4936,56900,280.9
164021,4936,56500,278.9
164031,4936,56900,280.9
164041,4808,142000,682.7
164051,4740,89700,425.2
164061,4936,56800,280.4
164071,4936,55900,275.9
164081,4936,57600,284.3
164091,4936,55900,275.9
164101,4940,57500,284.1
164111,4936,56000,276.4
164121,4936,57500,283.8
164131,4936,56000,276.4
164141,4936,57500,283.8
164151,4820,196300,946.2
164161,4936,57600,284.3
164171,4936,56000,276.4
164181,4936,57500,283.8
164191,4936,56200,277.4
164201,4936,56900,280.9
164211,4936,56600,279.4
164221,4936,56800,280.4
164231,4936,56600,279.4
164241,4936,55900,275.9
164251,4776,137900,658.6
164261,4936,55900,275.9
164271,4940,57500,284.1
164281,4936,56000,276.4
164291,4936,57500,283.8
164301,4936,55900,275.9
164311,4936,57500,283.8
164321,4932,56000,276.2
164331,4940,57500,284.1
164341,4936,55900,275.9
164351,4792,143900,689.6
164361,4936,55900,275.9
164371,4936,56900,280.9
164381,4936,56600,279.4
164391,4936,56900,280.9
164401,4936,56600,279.4
164411,4936,56900,280.9
164421,4936,56800,280.4
164431,4936,55900,275.9
164441,4940,57500,284.1
164451,4936,55900,275.9
164461,4936,57600,284.3
164471,4936,56000,276.4
164481,4936,57600,284.3
164491,4936,55900,275.9
164501,4936,57500,283.8
164511,4936,56000,276.4
164522,4940,57600,284.5
164531,4936,56300,277.9
164541,4940,57500,284.1
164551,4936,56300,277.9
164561,4700,108500,509.9
164571,4936,56600,279.4
164581,4936,56900,280.9
164591,4936,56600,279.4
164601,4936,55900,275.9
164611,4936,57500,283.8
164621,4936,56000,276.4
164631,4940,57500,284.1
164641,4936,56000,276.4
164651,4936,57600,284.3
164661,4808,137700,662.1
164671,4940,57500,284.1
164681,4936,55900,275.9
164691,4936,57500,283.8
164701,4936,55900,275.9
164711,4936,57600,284.3
164721,4936,56000,276.4
164731,4936,56900,280.9
164741,4936,56600,279.4
164751,4936,56900,280.9
164761,4800,147300,707.0
164771,4936,56900,280.9
164781,4936,56900,280.9
164791,4936,55900,275.9
164801,4940,57500,284.1
164811,4936,55900,275.9
164821,4936,57500,283.8
164831,4936,56000,276.4
164841,4936,57600,284.3
164851,4936,55900,275.9
164861,4936,57600,284.3
164871,4812,56000,269.5
164881,4936,57500,283.8
164891,4936,56300,277.9
164901,4936,57400,283.3
164911,4936,56400,278.4
164921,4936,56900,280.9
164931,4936,56600,279.4
164941,4940,56900,281.1
164951,4936,56600,279.4
164961,4936,55900,275.9
164971,4772,138600,661.4
164981,4936,55900,275.9
164991,4940,57500,284.1
165001,4936,55900,275.9
165011,4940,57600,284.5
165021,4936,56000,276.4
165031,4936,57500,283.8
165041,4936,55900,275.9
165051,4936,57500,283.8
165061,4936,55900,275.9
165071,4808,196800,946.2
165081,4936,56000,276.4
165091,4936,56900,280.9
165101,4936,56600,279.4
165111,4936,56900,280.9
165121,4936,56600,279.4
165131,4936,56900,280.9
165141,4936,57000,281.4
165151,4936,55900,275.9
165161,4936,57500,283.8
165171,4820,203700,981.8
165181,4936,57600,284.3
165191,4936,56000,276.4
165201,4940,57600,284.5
165211,4936,56000,276.4
165221,4936,57500,283.8
165231,4936,56000,276.4
165241,4936,57500,283.8
165251,4936,56400,278.4
165261,4940,57300,283.1
165271,4804,142300,683.6
165281,4936,56900,280.9
165291,4936,56700,279.9
165301,4936,56900,280.9
165311,4936,56600,279.4
165321,4936,55800,275.4
165331,4936,57500,283.8
165341,4936,55900,275.9
165351,4940,57500,284.1
165361,4936,56000,276.4
165371,4936,57500,283.8
165381,4932,56000,276.2
165391,4936,57500,283.8
165401,4936,55900,275.9
165411,4936,57500,283.8
165421,4936,56000,276.4
165431,4936,57500,283.8
165441,4936,56000,276.4
165451,4936,56900,280.9
165461,4936,56600,279.4
165471,4936,56900,280.9
165481,4812,138400,666.0
165491,4936,56800,280.4
165501,4936,57100,281.8
165511,4936,55900,275.9
165521,4940,57500,284.1
165531,4936,55900,275.9
165541,4936,57500,283.8
165551,4936,55900,275.9
165561,4936,57500,283.8
165571,4936,55900,275.9
165581,4808,171800,826.0
165591,4936,55900,275.9
165601,4936,57500,283.8
165611,4940,56000,276.6
165621,4936,57300,282.8
165631,4936,56600,279.4
165641,4936,56900,280.9
165651,4936,56600,279.4
165661,4936,56900,280.9
165671,4936,56600,279.4
165681,4936,55900,275.9
165691,4936,57600,284.3
165701,4936,55900,275.9
165711,4936,57500,283.8
165721,4936,56000,276.4
165731,4936,57500,283.8
165741,4936,55900,275.9
165751,4940,57500,284.1
165761,4936,55900,275.9
165771,4936,57500,283.8
165781,4936,55900,275.9
165791,4936,78500,387.5
165801,4936,56000,276.4
165811,4936,56900,280.9
165821,4936,56600,279.4
165831,4936,56900,280.9
165841,4936,56600,279.4
165851,4936,56700,279.9
165861,4936,57300,282.8
165871,4936,56000,276.4
165881,4936,57500,283.8
165891,4936,55900,275.9
165901,4940,57500,284.1
165911,4936,56000,276.4
165921,4936,57500,283.8
165931,4936,56000,276.4
165941,4936,57500,283.8
165951,4936,56000,276.4
165961,4936,57500,283.8
165971,4936,56000,276.4
165981,4936,57100,281.8
165991,4936,56700,279.9
166001,4808,206300,991.9
166011,4936,56600,279.4
166021,4936,56900,280.9
166031,4936,56600,279.4
166041,4936,56000,276.4
166051,4936,57500,283.8
166061,4936,56000,276.4
166071,4940,57500,284.1
166081,4936,55900,275.9
166091,4936,57500,283.8
166101,4936,55900,275.9
166111,4936,57600,284.3
166121,4936,56000,276.4
166131,4936,57600,284.3
166141,4936,56000,276.4
166152,4936,56900,280.9
166161,4936,55900,275.9
166171,4936,56900,280.9
166181,4936,56700,279.9
166191,4936,56900,280.9
166201,4936,56500,278.9
166211,4820,136400,657.4
166221,4936,57300,282.8
166231,4936,56000,276.4
166241,4936,57500,283.8
166251,4936,56000,276.4
166261,4936,57500,283.8
166271,4936,55900,275.9
166281,4936,57500,283.8
166291,4936,56000,276.4
166301,4940,57500,284.1
166311,4756,158900,755.7
166321,4936,57500,283.8
166331,4936,56000,276.4
166341,4936,57100,281.8
166351,4936,56600,279.4
166361,4936,56900,280.9
166371,4936,56600,279.4
166381,4936,56800,280.4
166391,4936,56600,279.4
166401,4936,56000,276.4
166411,4936,57500,283.8
166421,4820,128500,619.4
166431,4936,57600,284.3
166441,4936,56000,276.4
166451,4940,57500,284.1
166461,4936,56000,276.4
166471,4936,57500,283.8
166481,4936,55900,275.9
166491,4936,57600,284.3
166501,4936,56000,276.4
166511,4936,57500,283.8
166521,4816,153000,736.8
166531,4936,56900,280.9
166541,4936,56600,279.4
166551,4936,56900,280.9
166561,4936,56600,279.4
166571,4940,56500,279.1
166581,4936,57400,283.3
166591,4936,55900,275.9
166601,4940,57500,284.1
166611,4936,56000,276.4
166621,4804,135100,649.0
166631,4936,56000,276.4
166641,4936,57500,283.8
166651,4936,56000,276.4
166661,4936,57600,284.3
166671,4936,55900,275.9
166681,4936,57500,283.8
166691,4936,55900,275.9
166701,4936,56900,280.9
166711,4936,56600,279.4
166721,4932,89100,439.4
166731,4936,56600,279.4
166741,4936,56900,280.9
166751,4936,56600,279.4
166761,4936,56000,276.4
166771,4936,57500,283.8
166781,4936,55900,275.9
166791,4936,57500,283.8
166801,4936,55900,275.9
166811,4936,57500,283.8
166821,4936,55900,275.9
166831,4932,63700,314.2
166841,4936,55900,275.9
166851,4940,57600,284.5
166861,4936,56000,276.4
166871,4936,57600,284.3
166881,4936,56000,276.4
166891,4936,56800,280.4
166901,4936,56600,279.4
166911,4936,56900,280.9
166921,4936,56600,279.4
166931,4936,56300,277.9
166941,4808,142500,685.1
166951,4936,55900,275.9
166961,4936,57600,284.3
166971,4936,55900,275.9
166981,4936,57500,283.8
166991,4936,55900,275.9
167001,4936,57500,283.8
167011,4936,56000,276.4
167021,4936,57500,283.8
167031,4936,55900,275.9
167041,4808,143800,691.4
167051,4936,55900,275.9
167061,4936,57000,281.4
167071,4936,56600,279.4
167081,4936,56900,280.9
167091,4936,56600,279.4
167101,4936,56900,280.9
167111,4936,56700,279.9
167121,4936,56000,276.4
167131,4936,57600,284.3
167141,4804,140900,676.9
167151,4936,57500,283.8
167161,4936,55900,275.9
167171,4936,57500,283.8
167181,4936,56000,276.4
167191,4940,57500,284.1
167201,4936,56000,276.4
167211,4940,57600,284.5
167221,4936,55900,275.9
167231,4936,57500,283.8
167241,4936,55900,275.9
167251,4808,143000,687.5
167261,4936,56700,279.9
167271,4936,56900,280.9
167281,4936,56600,279.4
167291,4936,56300,277.9
167301,4936,57500,283.8
167311,4936,56000,276.4
167321,4936,57500,283.8
167331,4936,56000,276.4
167341,4940,57500,284.1
167351,4936,55900,275.9
167361,4812,149200,718.0
167371,4936,56000,276.4
167381,4936,57600,284.3
167391,4936,55900,275.9
167401,4936,57500,283.8
167411,4936,56000,276.4
167421,4936,56800,280.4
167431,4936,56600,279.4
167441,4936,56900,280.9
167451,4936,56600,279.4
167461,4936,57000,281.4
167471,4792,196900,943.5
167481,4936,56000,276.4
167491,4936,57500,283.8
167501,4936,55900,275.9
167511,4936,57500,283.8
167521,4936,55900,275.9
167531,4940,57600,284.5
167541,4936,55900,275.9
167551,4936,57500,283.8
167561,4936,55900,275.9
167571,4936,57500,283.8
167581,4936,56000,276.4
167591,4936,57500,283.8
167601,4936,56000,276.4
167611,4936,56900,280.9
167621,4936,56500,278.9
167631,4936,56900,280.9
167641,4936,56600,279.4
167651,4936,56100,276.9
167661,4936,57500,283.8
167671,4936,55900,275.9
167681,4772,138100,659.0
167691,4936,55900,275.9
167701,4936,57500,283.8
167711,4936,55900,275.9
167721,4936,57500,283.8
167731,4936,55900,275.9
167741,4936,57500,283.8
167751,4936,56000,276.4
167761,4940,57600,284.5
167771,4936,56000,276.4
167781,4808,195600,940.4
167792,4936,56600,279.4
167801,4936,56900,280.9
167811,4936,56600,279.4
167821,4936,56800,280.4
167831,4936,56700,279.9
167841,4936,55900,275.9
167851,4940,57600,284.5
167861,4936,56000,276.4
167871,4936,57600,284.3
167881,4804,142800,686.0
167891,4940,57500,284.1
167901,4936,55900,275.9
167911,4936,57600,284.3
167921,4936,55900,275.9
167931,4940,57500,284.1
167941,4936,55900,275.9
167951,4940,57500,284.1
167961,4936,56000,276.4
167971,4936,56900,280.9
167981,4936,56600,279.4
167991,4808,145200,698.1
168001,4936,56700,279.9
168011,4936,56200,277.4
168021,4936,57600,284.3
168031,4936,55900,275.9
168041,4936,57600,284.3
168051,4936,56000,276.4
168061,4936,57600,284.3
168071,4936,55900,275.9
168081,4940,57600,284.5
168091,4936,55900,275.9
168101,4808,146500,704.4
168111,4936,56000,276.4
168121,4940,57500,284.1
168131,4936,56000,276.4
168141,4940,56800,280.6
168151,4936,56500,278.9
168161,4936,56900,280.9
168171,4936,56600,279.4
168181,4936,56900,280.9
168191,4936,56600,279.4
168201,4936,56000,276.4
168211,4760,185800,884.4
168221,4936,55900,275.9
168231,4936,57600,284.3
168241,4936,56000,276.4
168251,4936,57500,283.8
168261,4936,56000,276.4
168271,4940,57500,284.1
168281,4936,56000,276.4
168291,4936,57600,284.3
168301,4936,56000,276.4
168311,4932,75100,370.4
168321,4936,56000,276.4
168331,4936,56900,280.9
168341,4936,56600,279.4
168351,4940,56900,281.1
168361,4936,56600,279.4
168371,4936,56000,276.4
168381,4936,57600,284.3
168391,4936,55900,275.9
168401,4936,57500,283.8
168411,4936,56000,276.4
168421,4792,135000,646.9
168431,4936,55900,275.9
168441,4940,57600,284.5
168451,4936,56000,276.4
168461,4936,57500,283.8
168471,4936,55900,275.9
168481,4936,57600,284.3
168491,4936,55900,275.9
168501,4936,56900,280.9
168511,4936,56600,279.4
168521,4936,56900,280.9
168531,4828,217600,1050.6
168541,4936,56900,280.9
168551,4936,56600,279.4
168561,4936,55900,275.9
168571,4936,57500,283.8
168581,4936,56000,276.4
168591,4940,57500,284.1
168601,4936,55900,275.9
168611,4940,57600,284.5
168621,4936,55900,275.9
168631,4808,153700,739.0
168641,4936,55900,275.9
168651,4940,57500,284.1
168661,4936,55900,275.9
168671,4940,57500,284.1
168681,4936,56100,276.9
168691,4940,56900,281.1
168701,4940,56600,279.6
168711,4936,56900,280.9
168721,4936,56600,279.4
168731,4936,56000,276.4
168741,4740,138900,658.4
168751,4936,56000,276.4
168761,4936,57500,283.8
168771,4936,55900,275.9
168781,4936,57600,284.3
168791,4936,55900,275.9
168801,4936,57500,283.8
168811,4936,56000,276.4
168821,4936,57500,283.8
168831,4936,56000,276.4
168841,4808,142700,686.1
168851,4936,56000,276.4
168861,4936,56900,280.9
168871,4936,56600,279.4
168881,4936,56900,280.9
168891,4936,56600,279.4
168901,4936,56900,280.9
168911,4936,56700,279.9
168921,4936,55900,275.9
168931,4940,57500,284.1
168941,4808,141000,677.9
168951,4740,172000,815.3
168961,4936,56000,276.4
168971,4936,57500,283.8
168981,4936,56000,276.4
168991,4940,57600,284.5
169001,4936,55900,275.9
169011,4936,57500,283.8
169021,4936,55900,275.9
169031,4940,57600,284.5
169041,4936,56300,277.9
169051,4936,56900,280.9
169061,4936,56500,278.9
169071,4936,56900,280.9
169081,4936,56600,279.4
169091,4936,56000,276.4
169101,4936,57600,284.3
169111,4936,56000,276.4
169121,4940,57500,284.1
169131,4936,56000,276.4
169141,4936,57500,283.8
169151,4936,55900,275.9
169161,4808,144700,695.7
169171,4936,55900,275.9
169181,4936,57500,283.8
169191,4936,55900,275.9
169201,4940,57600,284.5
169211,4936,56000,276.4
169221,4936,56900,280.9
169231,4936,56700,279.9
169241,4936,56800,280.4
169251,4936,56600,279.4
169261,4936,56900,280.9
169271,4804,203800,979.1
169281,4936,56000,276.4
169291,4936,57500,283.8
169301,4936,55900,275.9
169311,4940,57600,284.5
169321,4936,55900,275.9
169331,4936,57500,283.8
169341,4936,55900,275.9
169351,4936,57500,283.8
169361,4936,56000,276.4
169371,4824,138700,669.1
169381,4936,56000,276.4
169391,4936,57500,283.8
169401,4936,56300,277.9
169411,4936,56900,280.9
169422,4936,56600,279.4
169431,4936,56900,280.9
169441,4936,56600,279.4
169451,4936,55900,275.9
169461,4936,57500,283.8
169471,4936,55900,275.9
169481,4764,137100,653.1
169491,4936,56000,276.4
169501,4936,57600,284.3
169511,4936,55900,275.9
169521,4936,57500,283.8
169531,4936,56000,276.4
169541,4940,57600,284.5
169551,4936,55900,275.9
169561,4936,57500,283.8
169571,4936,55900,275.9
169581,4808,142500,685.1
169591,4936,56600,279.4
169601,4936,56900,280.9
169611,4936,56600,279.4
169621,4936,56800,280.4
169631,4936,56900,280.9
169641,4936,55900,275.9
169651,4940,57500,284.1
169661,4936,56000,276.4
169671,4936,57500,283.8
169681,4936,129800,640.7
169691,4940,57600,284.5
169701,4936,56000,276.4
169711,4936,57500,283.8
169721,4936,56000,276.4
169731,4936,57600,284.3
169741,4936,55900,275.9
169751,4940,57400,283.6
169761,4936,56400,278.4
169771,4936,57000,281.4
169781,4936,56700,279.9
169791,4800,140600,674.9
169801,4936,56600,279.4
169811,4936,56000,276.4
169821,4936,57500,283.8
169831,4936,56000,276.4
169841,4940,57500,284.1
169851,4936,55900,275.9
169861,4936,57600,284.3
169871,4936,55800,275.4
169881,4936,57500,283.8
169891,4936,55900,275.9
169901,4828,135100,652.3
169911,4936,55900,275.9
169921,4940,57600,284.5
169931,4936,56000,276.4
169941,4936,56900,280.9
169951,4936,56600,279.4
169961,4936,56900,280.9
169971,4936,56600,279.4
169981,4936,56800,280.4
169991,4936,57000,281.4
170001,4808,143900,691.9
170011,4936,57500,283.8
170021,4936,56000,276.4
170031,4936,57600,284.3
170041,4936,56000,276.4
170051,4936,57500,283.8
170061,4936,56000,276.4
170071,4936,57600,284.3
170081,4936,55900,275.9
170091,4936,57500,283.8
170101,4936,55900,275.9
170111,4820,137200,661.3
170121,4936,56500,278.9
170131,4936,57000,281.4
170141,4936,56600,279.4
170151,4936,56900,280.9
170161,4936,56600,279.4
170171,4936,55900,275.9
170181,4936,57600,284.3
170191,4936,55900,275.9
170201,4936,57600,284.3
170211,4812,203800,980.7
170221,4936,57500,283.8
170231,4936,55900,275.9
170241,4940,57500,284.1
170251,4936,55900,275.9
170261,4936,57500,283.8
170271,4936,55900,275.9
170281,4936,57600,284.3
170291,4936,55900,275.9
170301,4936,56900,280.9
170311,4936,56600,279.4
170321,4936,56900,280.9
170331,4936,56600,279.4
170341,4936,56800,280.4
170351,4936,57100,281.8
170361,4936,56000,276.4
170371,4940,57500,284.1
170381,4936,55900,275.9
170391,4936,57500,283.8
170401,4936,55900,275.9
170411,4936,57500,283.8
170421,4808,140500,675.5
170431,4936,57600,284.3
170441,4936,55900,275.9
170451,4936,57500,283.8
170461,4936,55900,275.9
170471,4940,57300,283.1
170481,4936,56600,279.4
170491,4936,56900,280.9
170501,4936,56600,279.4
170511,4936,56900,280.9
170521,4936,56600,279.4
170531,4704,101500,477.5
170541,4936,57600,284.3
170551,4936,56000,276.4
170561,4936,57500,283.8
170571,4936,55900,275.9
170581,4936,57500,283.8
170591,4936,55900,275.9
170601,4940,57500,284.1
170611,4932,55900,275.7
170621,4940,57500,284.1
170631,4804,141600,680.2
170641,4936,57600,284.3
170651,4936,56000,276.4
170661,4936,56900,280.9
170671,4936,56600,279.4
170681,4940,56900,281.1
170691,4936,56600,279.4
170701,4936,56700,279.9
170711,4936,57200,282.3
170721,4936,55900,275.9
170731,4936,57600,284.3
170741,4808,199800,960.6
170751,4936,57500,283.8
170761,4936,56000,276.4
170771,4936,57500,283.8
170781,4936,55900,275.9
170791,4936,57500,283.8
170801,4936,55900,275.9
170811,4936,57600,284.3
170821,4936,55900,275.9
170831,4936,57100,281.8
170841,4812,140800,677.5
170851,4936,56900,280.9
170861,4936,56600,279.4
170871,4936,56900,280.9
170881,4936,56600,279.4
170891,4936,55900,275.9
170901,4936,57400,283.3
170911,4936,55900,275.9
170921,4940,57500,284.1
170931,4936,55900,275.9
170941,4812,142200,684.3
170951,4936,56000,276.4
170961,4936,57600,284.3
170971,4936,55900,275.9
170981,4936,57500,283.8
170991,4936,55900,275.9
171001,4936,57500,283.8
171011,4936,56000,276.4
171021,4936,56900,280.9
171031,4936,56600,279.4
171041,4936,56900,280.9
171055,4816,133500,642.9
171061,4936,56600,279.4
171071,4936,57300,282.8
171081,4936,55900,275.9
171091,4940,57500,284.1
171101,4936,55900,275.9
171111,4936,57600,284.3
171121,4936,55900,275.9
171131,4936,57500,283.8
171141,4936,55900,275.9
171151,4936,57600,284.3
171161,4816,207600,999.8
171171,4936,57600,284.3
171181,4936,56000,276.4
171191,4936,57100,281.8
171201,4936,56700,279.9
171211,4936,56800,280.4
171221,4936,56600,279.4
171231,4936,56900,280.9
171241,4940,56600,279.6
171251,4936,56000,276.4
171261,4936,57500,283.8
171271,4936,56000,276.4
171281,4936,57600,284.3
171291,4936,56000,276.4
171301,4936,57600,284.3
171311,4936,55900,275.9
171321,4940,57500,284.1
171331,4936,55900,275.9
171341,4936,57500,283.8
171351,4936,56000,276.4
171361,4936,57600,284.3
171371,4816,134400,647.3
171381,4936,56900,280.9
171391,4936,56600,279.4
171401,4936,56900,280.9
171411,4936,56600,279.4
171421,4936,56500,278.9
171431,4936,57500,283.8
171441,4936,55900,275.9
171451,4936,57600,284.3
171461,4936,55900,275.9
171471,4940,59700,294.9
171481,4936,56000,276.4
171491,4940,57600,284.5
171501,4936,56000,276.4
171511,4936,57500,283.8
171521,4936,55900,275.9
171531,4936,57500,283.8
171541,4936,55900,275.9
171551,4936,57000,281.4
171561,4936,56600,279.4
171571,4936,56900,280.9
171581,4936,59400,293.2
171591,4936,56900,280.9
171601,4936,56600,279.4
171611,4936,56000,276.4
171621,4936,57500,283.8
171631,4936,55900,275.9
171641,4940,57500,284.1
171651,4936,55900,275.9
171661,4940,57500,284.1
171671,4936,56000,276.4
171681,4936,57500,283.8
171691,4816,147400,709.9
171701,4936,57600,284.3
171711,4936,55900,275.9
171721,4940,57500,284.1
171731,4936,55900,275.9
171741,4936,56800,280.4
171751,4936,56600,279.4
171761,4936,56900,280.9
171771,4936,56600,279.4
171781,4936,56400,278.4
171791,4936,60300,297.6
171801,4936,55900,275.9
171811,4936,57500,283.8
171821,4936,55900,275.9
171831,4936,57600,284.3
171841,4936,55900,275.9
171851,4936,57600,284.3
171861,4936,56000,276.4
171871,4936,57600,284.3
171881,4936,55900,275.9
171891,4936,57500,283.8
171901,4768,141900,676.6
171911,4936,56900,280.9
171921,4936,56600,279.4
171931,4936,56900,280.9
171941,4936,56600,279.4
171951,4936,56900,280.9
171961,4936,56600,279.4
171971,4936,55900,275.9
171981,4936,57600,284.3
171991,4936,55900,275.9
172001,4812,140800,677.5
172011,4936,56000,276.4
172021,4940,57600,284.5
172031,4936,56000,276.4
172041,4936,57500,283.8
172051,4936,55900,275.9
172061,4936,57500,283.8
172071,4936,56000,276.4
172081,4936,57600,284.3
172091,4936,55900,275.9
172101,4936,56900,280.9
172111,4816,161700,778.7
172121,4936,56900,280.9
172131,4936,56700,279.9
172141,4940,56300,278.1
172151,4936,57600,284.3
172161,4936,55900,275.9
172171,4940,57500,284.1
172181,4936,55900,275.9
172191,4936,57400,283.3
172201,4936,55900,275.9
172211,4812,137100,659.7
172221,4936,56000,276.4
172231,4936,57600,284.3
172241,4936,56000,276.4
172251,4936,57500,283.8
172261,4936,55900,275.9
172271,4940,56800,280.6
172281,4936,56600,279.4
172291,4936,56900,280.9
172301,4936,56700,279.9
172311,4936,56900,280.9
172321,4708,134100,631.3
172331,4936,56000,276.4
172341,4936,57600,284.3
172351,4936,56000,276.4
172361,4936,57600,284.3
172371,4936,55900,275.9
172381,4936,57600,284.3
172391,4936,56000,276.4
172401,4940,57500,284.1
172411,4936,56000,276.4
172421,4936,60400,298.1
172431,4936,55900,275.9
172441,4940,57600,284.5
172451,4936,56000,276.4
172461,4936,56900,280.9
172471,4936,56600,279.4
172481,4936,56900,280.9
172491,4936,56600,279.4
172501,4936,56000,276.4
172511,4936,57500,283.8
172521,4936,56000,276.4
172531,4704,132600,623.8
172541,4936,55900,275.9
172551,4940,57500,284.1
172561,4936,56000,276.4
172571,4936,57500,283.8
172581,4936,56000,276.4
172591,4936,57500,283.8
172601,4936,55900,275.9
172611,4940,57500,284.1
172621,4936,56000,276.4
172631,4936,56900,280.9
172641,4808,213200,1025.1
172651,4936,57000,281.4
172661,4936,56600,279.4
172671,4936,56900,280.9
172682,4936,57600,284.3
172691,4936,55900,275.9
172701,4936,57500,283.8
172711,4936,55900,275.9
172721,4936,57500,283.8
172731,4936,56000,276.4
172741,4748,176100,836.1
172751,4936,56000,276.4
172761,4940,57600,284.5
172771,4936,55900,275.9
172781,4936,57600,284.3
172791,4936,55900,275.9
172801,4940,57600,284.5
172811,4936,56100,276.9
172821,4936,56900,280.9
172831,4936,56600,279.4
172841,4692,130400,611.8
172851,4936,56700,279.9
172861,4936,56000,276.4
172871,4936,57600,284.3
172881,4936,56000,276.4
172891,4940,57500,284.1
172901,4932,55900,275.7
172911,4940,57500,284.1
172921,4936,55900,275.9
172931,4940,57600,284.5
172941,4816,135300,651.6
172951,4940,57500,284.1
172961,4936,56000,276.4
172971,4940,57500,284.1
172981,4936,56000,276.4
172991,4936,56900,280.9
173001,4936,56600,279.4
173011,4936,56900,280.9
173021,4936,56600,279.4
173031,4936,57000,281.4
173041,4720,137600,649.5
173051,4936,56000,276.4
173061,4936,57600,284.3
173071,4936,56000,276.4
173081,4936,57600,284.3
173091,4936,56000,276.4
173101,4936,57500,283.8
173111,4936,56000,276.4
173121,4940,57500,284.1
173131,4936,56000,276.4
173141,4808,143200,688.5
173151,4936,56000,276.4
173161,4940,57600,284.5
173171,4936,56200,277.4
173181,4936,56900,280.9
173191,4936,56600,279.4
173201,4936,56900,280.9
173211,4936,56700,279.9
173221,4936,56000,276.4
173231,4936,57600,284.3
173241,4936,56000,276.4
173251,4936,60400,298.1
173261,4936,55900,275.9
173271,4940,57400,283.6
173281,4936,56000,276.4
173291,4936,57500,283.8
173301,4936,55900,275.9
173311,4936,57600,284.3
173321,4936,55900,275.9
173331,4936,57500,283.8
173341,4936,55900,275.9
173351,4936,57000,281.4
173361,4812,213400,1026.9
173371,4936,56900,280.9
173381,4936,56600,279.4
173391,4936,56900,280.9
173401,4936,56700,279.9
173411,4936,56000,276.4
173421,4936,57500,283.8
173431,4936,56000,276.4
173441,4936,57500,283.8
173451,4936,56000,276.4
173461,4712,136700,644.1
173471,4936,56000,276.4
173481,4936,57600,284.3
173491,4936,55900,275.9
173501,4940,57500,284.1
173511,4936,56000,276.4
173521,4940,57500,284.1
173531,4936,56300,277.9
173541,4936,56800,280.4
173551,4936,56600,279.4
173561,4936,56900,280.9
173571,4896,56600,277.1
173581,4936,55900,275.9
173591,4936,57500,283.8
173601,4936,55900,275.9
173611,4936,57600,284.3
173621,4936,55900,275.9
173631,4940,57600,284.5
173641,4936,56000,276.4
173651,4936,57600,284.3
173661,4936,56000,276.4
173671,4788,139300,667.0
173681,4936,56000,276.4
173691,4936,57500,283.8
173701,4936,56000,276.4
173711,4940,56900,281.1
173721,4936,56500,278.9
173731,4936,56900,280.9
173741,4936,56600,279.4
173751,4936,56900,280.9
173761,4936,56900,280.9
173771,4936,55900,275.9
173781,4808,142800,686.6
173791,4936,55900,275.9
173801,4936,57600,284.3
173811,4936,55900,275.9
173821,4936,57500,283.8
173831,4936,56000,276.4
173841,4936,57500,283.8
173851,4936,55900,275.9
173861,4936,57500,283.8
173871,4936,55900,275.9
173881,4816,142100,684.4
173891,4936,56400,278.4
173901,4936,56900,280.9
173911,4936,56600,279.4
173921,4936,56900,280.9
173931,4936,56600,279.4
173941,4936,55900,275.9
173951,4936,57500,283.8
173961,4936,56000,276.4
173971,4936,57500,283.8
173981,4936,55900,275.9
173991,4816,140700,677.6
174001,4936,55900,275.9
174011,4936,57600,284.3
174021,4936,55900,275.9
174031,4936,57500,283.8
174041,4936,55900,275.9
174051,4940,57500,284.1
174061,4936,55900,275.9
174071,4936,56900,280.9
174081,4936,56600,279.4
174091,4936,56800,280.4
174101,4752,160300,761.7
174111,4936,56900,280.9
174121,4936,57000,281.4
174131,4936,55900,275.9
174141,4940,57500,284.1
174151,4936,55900,275.9
174161,4936,57500,283.8
174171,4936,55900,275.9
174181,4936,57500,283.8
174191,4936,55900,275.9
174201,4936,57500,283.8
174211,4788,61000,292.1
174221,4940,57500,284.1
174231,4936,55900,275.9
174241,4936,57400,283.3
174251,4936,56500,278.9
174261,4940,56900,281.1
174271,4936,56600,279.4
174281,4940,56900,281.1
174291,4936,56500,278.9
174301,4936,55900,275.9
174311,4936,60300,297.6
174322,4936,56000,276.4
174331,4936,57500,283.8
174341,4936,55900,275.9
174351,4936,57600,284.3
174361,4936,56000,276.4
174371,4936,57500,283.8
174381,4936,56000,276.4
174391,4940,57500,284.1
174401,4936,55900,275.9
174411,4940,57600,284.5
174421,4780,141300,675.4
174431,4936,56900,280.9
174441,4936,56600,279.4
174451,4936,56900,280.9
174461,4936,56600,279.4
174471,4936,56800,280.4
174481,4936,57200,282.3
174491,4936,55900,275.9
174501,4940,57500,284.1
174511,4936,55900,275.9
174521,4936,57500,283.8
174531,4936,56000,276.4
174541,4936,57500,283.8
174551,4936,55900,275.9
174561,4936,57500,283.8
174571,4936,55900,275.9
174581,4940,57600,284.5
174591,4936,55900,275.9
174601,4940,57200,282.6
174611,4936,56600,279.4
174621,4936,56900,280.9
174631,4816,140500,676.6
174641,4936,56900,280.9
174651,4940,56600,279.6
174661,4936,56000,276.4
174671,4940,57500,284.1
174681,4936,56000,276.4
174691,4940,57500,284.1
174701,4936,56000,276.4
174711,4936,57600,284.3
174721,4936,55900,275.9
174731,4936,57600,284.3
174741,4816,129400,623.2
174751,4936,57600,284.3
174761,4936,55900,275.9
174771,4936,57500,283.8
174781,4936,56000,276.4
174791,4936,56900,280.9
174801,4936,56600,279.4
174811,4936,56900,280.9
174821,4936,56600,279.4
174831,4936,56700,279.9
174841,4804,142800,686.0
174851,4936,55900,275.9
174861,4940,57500,284.1
174871,4936,56000,276.4
174881,4940,57500,284.1
174891,4936,56000,276.4
174901,4940,57500,284.1
174911,4936,56000,276.4
174921,4940,57500,284.1
174931,4936,56000,276.4
174941,4812,142500,685.7
174951,4936,56000,276.4
174961,4936,57200,282.3
174971,4936,56700,279.9
174981,4940,56900,281.1
174991,4936,56600,279.4
175001,4936,56900,280.9
175011,4936,56600,279.4
175021,4936,55900,275.9
175031,4936,57500,283.8
175041,4852,137000,664.7
175051,4940,56800,280.6
175061,4936,55800,275.4
175071,4936,56700,279.9
175081,4936,55800,275.4
175091,4940,56700,280.1
175101,4936,55700,274.9
175111,4936,56700,279.9
175121,4936,55700,274.9
175131,4940,56800,280.6
# summary, ms_total=175137, adv_count=1751, E_total_mJ=54944.631, subject=uccs_d4b_scan90
# diag, samples=17513, rate_hz=100.00, mean_v=4.926, mean_i=63.872, mean_p_mW=313.7, parse_drop=0
