ms,mV,uA,p_mW
# meta, firmware=TXSD_UCCS_D4B_SCAN90, cond_id=3, tag=s4_policy, subject=uccs_d4b_scan90
# meta, policy=U+CCS actions{100,500} u_mid=0.20 u_high=0.35 c_mid=0.20 c_high=0.35 hyst=0.02 ema_alpha=0.20 ccs_inverted=true
11,4940,56600,279.6
21,4936,55800,275.4
31,4940,57300,283.1
41,4940,55700,275.2
51,4940,57400,283.6
61,4936,55700,274.9
71,4944,57300,283.3
81,4940,55800,275.7
91,4940,57400,283.6
101,4940,55800,275.7
111,4940,57400,283.6
121,4940,55800,275.7
131,4940,57400,283.6
141,4940,56400,278.6
151,4800,134200,644.2
161,4940,56400,278.6
171,4940,56700,280.1
181,4940,56400,278.6
191,4940,56800,280.6
201,4940,56400,278.6
211,4940,55800,275.7
221,4940,57400,283.6
231,4940,55700,275.2
241,4940,57400,283.6
251,4940,55800,275.7
261,4940,57400,283.6
271,4940,55700,275.2
281,4940,57300,283.1
291,4940,55800,275.7
301,4940,57400,283.6
311,4940,55700,275.2
321,4940,57300,283.1
331,4940,56400,278.6
341,4940,56700,280.1
351,4940,56400,278.6
361,4940,56800,280.6
371,4940,56400,278.6
381,4940,56700,280.1
391,4940,56400,278.6
401,4940,55800,275.7
411,4940,57300,283.1
421,4940,55800,275.7
431,4940,57300,283.1
441,4940,55800,275.7
451,4940,57400,283.6
461,4936,55700,274.9
471,4940,57400,283.6
481,4940,55800,275.7
491,4940,57400,283.6
501,4936,55800,275.4
511,4940,57400,283.6
521,4940,56400,278.6
531,4940,56800,280.6
541,4940,56500,279.1
551,4940,56700,280.1
561,4940,56400,278.6
571,4940,56600,279.6
581,4940,56400,278.6
591,4940,55700,275.2
601,4940,57300,283.1
611,4940,55800,275.7
621,4940,57300,283.1
631,4940,55700,275.2
641,4940,57300,283.1
651,4940,55700,275.2
661,4940,57400,283.6
671,4936,55800,275.4
681,4940,57400,283.6
691,4940,55800,275.7
701,4940,57300,283.1
711,4936,56200,277.4
721,4940,57300,283.1
731,4940,56100,277.1
741,4940,56700,280.1
751,4940,56400,278.6
761,4940,56700,280.1
771,4940,56400,278.6
781,4940,56000,276.6
791,4940,57300,283.1
801,4936,55800,275.4
811,4940,57300,283.1
821,4940,55700,275.2
831,4944,57300,283.3
841,4936,55800,275.4
851,4940,57400,283.6
861,4936,55800,275.4
871,4940,57400,283.6
881,4936,55800,275.4
891,4940,57400,283.6
901,4936,55800,275.4
911,4940,57400,283.6
921,4940,55800,275.7
931,4940,56700,280.1
941,4940,56400,278.6
951,4940,56700,280.1
961,4940,56400,278.6
971,4940,56400,278.6
981,4940,57100,282.1
991,4936,55800,275.4
1001,4940,57300,283.1
1011,4940,55700,275.2
1021,4940,57400,283.6
1031,4940,55700,275.2
1041,4940,57400,283.6
1051,4940,55700,275.2
1061,4940,57400,283.6
1071,4936,55800,275.4
1081,4940,57400,283.6
1091,4936,55800,275.4
1101,4940,57300,283.1
1111,4940,56500,279.1
1121,4940,56800,280.6
1131,4940,56400,278.6
1141,4940,56700,280.1
1151,4940,56400,278.6
1161,4824,154600,745.8
1171,4940,56600,279.6
1181,4940,55700,275.2
1191,4940,57400,283.6
1201,4940,55800,275.7
1211,4940,57300,283.1
1221,4940,55800,275.7
1231,4940,57300,283.1
1241,4940,55800,275.7
1251,4940,57300,283.1
1261,4940,55700,275.2
1271,4940,57300,283.1
1281,4940,55800,275.7
1291,4940,57400,283.6
1301,4940,56400,278.6
1311,4940,56700,280.1
1321,4940,56400,278.6
1331,4940,56700,280.1
1341,4940,56500,279.1
1351,4940,56700,280.1
1361,4940,56400,278.6
1371,4940,55800,275.7
1381,4940,57300,283.1
1391,4936,55800,275.4
1401,4940,57400,283.6
1411,4936,55700,274.9
1421,4940,57400,283.6
1431,4940,55700,275.2
1441,4940,57400,283.6
1451,4940,55700,275.2
1461,4940,57300,283.1
1471,4936,55700,274.9
1481,4940,57300,283.1
1491,4936,56400,278.4
1501,4940,56700,280.1
1511,4940,56400,278.6
1521,4940,56600,279.6
1531,4940,56400,278.6
1541,4940,56700,280.1
1551,4940,56400,278.6
1561,4940,55800,275.7
1571,4940,57400,283.6
1581,4936,55700,274.9
1591,4940,57400,283.6
1601,4936,55700,274.9
1611,4940,57400,283.6
1621,4940,55800,275.7
1631,4944,57300,283.3
1641,4940,55800,275.7
1651,4940,57300,283.1
1661,4812,142500,685.7
1671,4940,57400,283.6
1681,4940,56500,279.1
1691,4940,56700,280.1
1701,4940,56400,278.6
1711,4940,56700,280.1
1721,4940,56400,278.6
1731,4940,56700,280.1
1741,4940,56500,279.1
1751,4940,55600,274.7
1761,4940,57400,283.6
1771,4940,55800,275.7
1781,4940,57300,283.1
1791,4936,55800,275.4
1801,4940,57400,283.6
1811,4936,55800,275.4
1821,4940,57400,283.6
1831,4936,55800,275.4
1841,4940,57400,283.6
1851,4940,55800,275.7
1861,4940,57400,283.6
1871,4936,56500,278.9
1881,4940,56800,280.6
1891,4940,56500,279.1
1901,4940,56700,280.1
1911,4940,56400,278.6
1921,4940,56700,280.1
1931,4940,56400,278.6
1941,4940,55800,275.7
1951,4940,57400,283.6
1961,4936,55800,275.4
1971,4940,57400,283.6
1981,4936,55700,274.9
1991,4940,57500,284.1
2001,4940,55800,275.7
2011,4940,57400,283.6
2021,4940,55800,275.7
2031,4940,57400,283.6
2041,4940,55700,275.2
2051,4940,57400,283.6
2061,4940,56400,278.6
2071,4940,56800,280.6
2081,4940,56500,279.1
2091,4940,56800,280.6
2101,4940,56400,278.6
2111,4940,56600,279.6
2121,4940,56800,280.6
2131,4940,55800,275.7
2141,4940,57400,283.6
2151,4936,55800,275.4
2161,4940,57400,283.6
2171,4792,70200,336.4
2181,4940,57400,283.6
2191,4936,55800,275.4
2201,4940,57300,283.1
2211,4940,55800,275.7
2221,4940,57400,283.6
2231,4936,55900,275.9
2241,4940,57300,283.1
2251,4940,55900,276.1
2261,4940,56700,280.1
2271,4940,56400,278.6
2281,4940,56800,280.6
2291,4940,56500,279.1
2301,4940,55900,276.1
2311,4940,57400,283.6
2321,4940,55800,275.7
2331,4940,57400,283.6
2341,4936,55800,275.4
2351,4940,57300,283.1
2361,4940,55700,275.2
2371,4940,57400,283.6
2381,4940,55800,275.7
2391,4940,57300,283.1
2401,4940,55800,275.7
2411,4940,57300,283.1
2421,4940,56500,279.1
2431,4940,56700,280.1
2441,4940,56500,279.1
2451,4940,56600,279.6
2461,4940,56400,278.6
2471,4940,56700,280.1
2481,4940,56400,278.6
2491,4940,55800,275.7
2501,4940,57400,283.6
2511,4940,55800,275.7
2521,4940,57300,283.1
2531,4940,55700,275.2
2541,4940,57400,283.6
2551,4940,55800,275.7
2561,4940,57300,283.1
2571,4936,55800,275.4
2581,4940,57300,283.1
2591,4940,55700,275.2
2601,4940,57300,283.1
2611,4940,56400,278.6
2621,4940,56700,280.1
2631,4940,56500,279.1
2641,4940,56700,280.1
2651,4936,56400,278.4
2661,4940,56600,279.6
2671,4816,141500,681.5
2681,4940,55800,275.7
2691,4944,57400,283.8
2701,4940,55800,275.7
2711,4940,57300,283.1
2721,4940,55700,275.2
2731,4940,57400,283.6
2741,4940,55800,275.7
2751,4940,57400,283.6
2761,4940,55800,275.7
2771,4940,57300,283.1
2781,4940,55900,276.1
2791,4940,57300,283.1
2801,4936,56000,276.4
2811,4940,56700,280.1
2821,4940,56400,278.6
2831,4940,56700,280.1
2841,4940,56500,279.1
2851,4940,55800,275.7
2861,4936,57400,283.3
2871,4940,55800,275.7
2881,4940,57400,283.6
2891,4936,55700,274.9
2901,4940,57300,283.1
2911,4940,55800,275.7
2921,4940,57300,283.1
2931,4940,55700,275.2
2941,4940,57400,283.6
2951,4936,55800,275.4
2961,4940,57400,283.6
2971,4936,56500,278.9
2981,4940,56600,279.6
2991,4940,56400,278.6
3001,4940,56700,280.1
3011,4940,56400,278.6
3021,4940,56700,280.1
3031,4940,56400,278.6
3041,4936,55800,275.4
3051,4940,57300,283.1
3061,4940,55800,275.7
3071,4940,57300,283.1
3081,4940,55800,275.7
3091,4940,57300,283.1
3101,4940,55700,275.2
3111,4940,57300,283.1
3121,4940,55800,275.7
3131,4944,57300,283.3
3141,4940,55700,275.2
3151,4940,57300,283.1
3161,4940,56400,278.6
3171,4940,56600,279.6
3181,4940,56400,278.6
3191,4940,56700,280.1
3201,4940,56400,278.6
3211,4940,56700,280.1
3221,4940,56800,280.6
3231,4940,55700,275.2
3241,4940,57400,283.6
3251,4936,55700,274.9
3261,4940,57400,283.6
3271,4940,55700,275.2
3281,4944,57300,283.3
3291,4940,55800,275.7
3301,4940,57400,283.6
3311,4940,55800,275.7
3321,4940,57300,283.1
3331,4940,55900,276.1
3341,4940,57400,283.6
3351,4940,56000,276.6
3361,4940,56700,280.1
3371,4940,56400,278.6
3381,4940,56700,280.1
3391,4940,56400,278.6
3401,4940,55900,276.1
3411,4940,57300,283.1
3421,4940,55700,275.2
3431,4940,57300,283.1
3441,4940,55800,275.7
3451,4940,57400,283.6
3461,4936,55700,274.9
3471,4940,57300,283.1
3481,4940,55700,275.2
3491,4940,57300,283.1
3501,4940,55700,275.2
3511,4940,57300,283.1
3521,4940,56500,279.1
3531,4944,56600,279.8
3541,4940,56400,278.6
3551,4940,56700,280.1
3561,4940,56400,278.6
3571,4940,56700,280.1
3581,4940,56400,278.6
3591,4936,55800,275.4
3601,4940,57300,283.1
3611,4936,55800,275.4
3622,4940,57400,283.6
3631,4936,55800,275.4
3641,4940,57300,283.1
3651,4940,55800,275.7
3661,4940,57300,283.1
3671,4936,55800,275.4
3681,4836,134900,652.4
3691,4940,55800,275.7
3701,4940,57400,283.6
3711,4936,56400,278.4
3721,4940,56700,280.1
3731,4940,56500,279.1
3741,4940,56800,280.6
3751,4940,56400,278.6
3761,4940,56700,280.1
3771,4940,56800,280.6
3781,4936,55800,275.4
3791,4940,57400,283.6
3801,4936,55800,275.4
3811,4940,57400,283.6
3821,4940,55800,275.7
3831,4940,57400,283.6
3841,4940,55700,275.2
3851,4940,57400,283.6
3861,4936,55800,275.4
3871,4940,57400,283.6
3881,4940,55900,276.1
3891,4940,57300,283.1
3901,4940,56000,276.6
3911,4940,56800,280.6
3921,4936,56400,278.4
3931,4940,56700,280.1
3941,4940,56400,278.6
3951,4940,55800,275.7
3961,4940,57300,283.1
3971,4940,55800,275.7
3981,4940,57300,283.1
3991,4940,55800,275.7
4001,4944,57300,283.3
4011,4940,55700,275.2
4021,4940,57300,283.1
4031,4936,55700,274.9
4041,4940,57400,283.6
4051,4936,55700,274.9
4061,4940,57400,283.6
4071,4940,56400,278.6
4081,4940,56700,280.1
4091,4940,56500,279.1
4101,4940,56700,280.1
4111,4940,56400,278.6
4121,4940,56700,280.1
4131,4940,56400,278.6
4141,4940,55800,275.7
4151,4940,57300,283.1
4161,4940,55800,275.7
4171,4940,57300,283.1
4181,4940,55700,275.2
4191,4736,162400,769.1
4201,4940,55800,275.7
4211,4940,57300,283.1
4221,4940,55800,275.7
4231,4940,57300,283.1
4241,4936,55800,275.4
4251,4940,57300,283.1
4261,4936,56400,278.4
4271,4940,56800,280.6
4281,4940,56500,279.1
4291,4940,56800,280.6
4301,4940,56400,278.6
4311,4940,56700,280.1
4321,4940,56900,281.1
4331,4940,55800,275.7
4341,4940,57400,283.6
4351,4940,55800,275.7
4361,4940,57300,283.1
4371,4940,55700,275.2
4381,4940,57400,283.6
4391,4940,55800,275.7
4401,4940,57300,283.1
4411,4940,55700,275.2
4421,4940,57400,283.6
4431,4940,55900,276.1
4441,4940,57400,283.6
4451,4940,56000,276.6
4461,4940,56800,280.6
4471,4940,56400,278.6
4481,4940,56700,280.1
4491,4940,56500,279.1
4501,4940,55800,275.7
4511,4940,57400,283.6
4521,4940,55800,275.7
4531,4940,57400,283.6
4541,4936,55700,274.9
4551,4940,57300,283.1
4561,4936,55700,274.9
4571,4944,57300,283.3
4581,4940,55700,275.2
4591,4940,57300,283.1
4601,4940,55800,275.7
4611,4940,57300,283.1
4621,4936,56400,278.4
4631,4940,56600,279.6
4641,4940,56400,278.6
4651,4940,56700,280.1
4661,4940,56400,278.6
4671,4936,56800,280.4
4681,4940,56400,278.6
4691,4816,199800,962.2
4701,4940,57300,283.1
4711,4940,55800,275.7
4721,4940,57300,283.1
4731,4940,55800,275.7
4741,4940,57300,283.1
4751,4940,55800,275.7
4761,4940,57400,283.6
4771,4936,55800,275.4
4781,4940,57300,283.1
4791,4940,55800,275.7
4801,4940,57300,283.1
4811,4940,56400,278.6
4821,4940,56700,280.1
4831,4940,56400,278.6
4841,4944,56800,280.8
4851,4940,56400,278.6
4861,4940,56600,279.6
4871,4940,56700,280.1
4881,4940,55700,275.2
4891,4940,57400,283.6
4901,4940,55700,275.2
4911,4940,57300,283.1
4921,4936,55800,275.4
4931,4940,57400,283.6
4941,4936,55800,275.4
4951,4940,57300,283.1
4961,4940,55800,275.7
4971,4940,57300,283.1
4981,4940,55900,276.1
4991,4940,57400,283.6
5001,4940,56000,276.6
5011,4940,56700,280.1
5021,4940,56500,279.1
5031,4940,56700,280.1
5041,4936,56500,278.9
5051,4940,55800,275.7
5061,4940,57400,283.6
5071,4940,55800,275.7
5081,4940,57400,283.6
5091,4940,55700,275.2
5101,4944,57300,283.3
5111,4936,55800,275.4
5121,4940,57300,283.1
5131,4936,55800,275.4
5141,4940,57300,283.1
5151,4940,55800,275.7
5161,4940,57400,283.6
5171,4936,56500,278.9
5181,4940,56700,280.1
5191,4908,59200,290.6
5201,4940,56700,280.1
5211,4940,56400,278.6
5221,4940,56700,280.1
5231,4940,56400,278.6
5241,4940,55800,275.7
5251,4940,57300,283.1
5261,4940,55700,275.2
5271,4940,57400,283.6
5281,4936,55800,275.4
5291,4940,57500,284.1
5301,4940,55800,275.7
5311,4940,57400,283.6
5321,4940,55800,275.7
5331,4940,57300,283.1
5341,4936,55800,275.4
5351,4940,57300,283.1
5361,4936,55700,274.9
5371,4940,56800,280.6
5381,4940,56400,278.6
5391,4940,56700,280.1
5402,4940,56600,279.6
5411,4940,56700,280.1
5421,4940,56800,280.6
5431,4940,55700,275.2
5441,4940,57400,283.6
5451,4936,55800,275.4
5461,4940,57400,283.6
5471,4940,55800,275.7
5481,4940,57300,283.1
5491,4940,55800,275.7
5501,4940,57400,283.6
5511,4936,55800,275.4
5521,4940,57300,283.1
5531,4940,55900,276.1
5541,4940,57400,283.6
5551,4940,55900,276.1
5561,4940,56700,280.1
5571,4940,56400,278.6
5581,4940,56700,280.1
5591,4940,56400,278.6
5601,4940,55900,276.1
5611,4940,57400,283.6
5621,4936,55700,274.9
5631,4940,57300,283.1
5641,4936,55800,275.4
5651,4940,57300,283.1
5661,4940,55800,275.7
5671,4940,57400,283.6
5681,4940,55700,275.2
5691,4940,57400,283.6
5701,4820,168600,812.7
5711,4940,57400,283.6
5721,4940,56500,279.1
5731,4940,56700,280.1
5741,4940,56500,279.1
5751,4940,56700,280.1
5761,4940,56500,279.1
5771,4940,56600,279.6
5781,4940,56400,278.6
5791,4940,55700,275.2
5801,4940,57300,283.1
5811,4940,55700,275.2
5821,4940,57400,283.6
5831,4936,55700,274.9
5841,4940,57400,283.6
5851,4940,55800,275.7
5861,4940,57300,283.1
5871,4936,55700,274.9
5881,4940,57300,283.1
5891,4940,55800,275.7
5901,4940,57300,283.1
5911,4936,55800,275.4
5921,4940,56700,280.1
5931,4940,56300,278.1
5941,4940,56800,280.6
5951,4940,56400,278.6
5961,4940,56700,280.1
5971,4940,56700,280.1
5981,4940,55700,275.2
5991,4940,57400,283.6
6001,4936,55700,274.9
6011,4940,57400,283.6
6021,4936,55800,275.4
6031,4940,57300,283.1
6041,4940,55800,275.7
6051,4940,57300,283.1
6061,4940,55700,275.2
6071,4940,57300,283.1
6081,4940,55800,275.7
6091,4940,57400,283.6
6101,4940,55800,275.7
6111,4940,56700,280.1
6121,4940,56400,278.6
6131,4940,56800,280.6
6141,4940,56400,278.6
6151,4940,55800,275.7
6161,4940,57300,283.1
6171,4936,55800,275.4
6181,4940,57300,283.1
6191,4940,55800,275.7
6201,4820,142700,687.8
6211,4940,55800,275.7
6221,4940,57400,283.6
6231,4940,55700,275.2
6241,4940,57300,283.1
6251,4936,55700,274.9
6261,4940,57400,283.6
6271,4936,56400,278.4
6281,4940,56800,280.6
6291,4940,56400,278.6
6301,4940,56600,279.6
6311,4940,56400,278.6
6321,4940,56800,280.6
6331,4940,56400,278.6
6341,4936,55800,275.4
6351,4940,57400,283.6
6361,4940,55800,275.7
6371,4940,57400,283.6
6381,4940,55800,275.7
6391,4944,57300,283.3
6401,4940,55700,275.2
6411,4940,57400,283.6
6421,4940,55700,275.2
6431,4940,57300,283.1
6441,4940,55800,275.7
6451,4940,57300,283.1
6461,4940,55700,275.2
6471,4940,56700,280.1
6481,4940,56400,278.6
6491,4940,56700,280.1
6501,4940,56400,278.6
6511,4940,56700,280.1
6521,4940,56700,280.1
6531,4940,55700,275.2
6541,4940,57400,283.6
6551,4936,55700,274.9
6561,4940,57300,283.1
6571,4936,55700,274.9
6581,4940,57300,283.1
6591,4940,55800,275.7
6601,4940,57400,283.6
6611,4936,55800,275.4
6621,4940,57300,283.1
6631,4940,55800,275.7
6641,4940,57400,283.6
6651,4940,55800,275.7
6661,4940,56700,280.1
6671,4940,56400,278.6
6681,4940,56700,280.1
6691,4940,56400,278.6
6701,4940,55900,276.1
6711,4816,141500,681.5
6721,4940,55800,275.7
6731,4940,57300,283.1
6741,4936,55700,274.9
6751,4940,57300,283.1
6761,4940,55800,275.7
6771,4940,57400,283.6
6781,4936,55700,274.9
6791,4940,57400,283.6
6801,4940,55700,275.2
6811,4940,57300,283.1
6821,4940,56500,279.1
6831,4944,56900,281.3
6841,4940,56500,279.1
6851,4940,56700,280.1
6861,4940,56400,278.6
6871,4940,56700,280.1
6881,4940,56400,278.6
6891,4940,55800,275.7
6901,4940,57300,283.1
6911,4940,55700,275.2
6921,4944,57300,283.3
6931,4940,55800,275.7
6941,4940,57400,283.6
6951,4940,55700,275.2
6961,4940,57400,283.6
6971,4940,55800,275.7
6981,4940,57300,283.1
6991,4940,55800,275.7
7001,4944,57400,283.8
7011,4940,55700,275.2
7021,4940,56700,280.1
7031,4940,56400,278.6
7041,4940,56700,280.1
7051,4940,56300,278.1
7061,4940,56700,280.1
7071,4940,56600,279.6
7081,4940,55700,275.2
7091,4944,57400,283.8
7101,4940,55700,275.2
7111,4940,57300,283.1
7121,4940,55800,275.7
7131,4944,57300,283.3
7141,4940,55800,275.7
7151,4940,57300,283.1
7161,4940,55800,275.7
7171,4940,57400,283.6
7182,4940,55800,275.7
7191,4940,57300,283.1
7201,4940,55800,275.7
7211,4800,141700,680.2
7221,4940,56400,278.6
7231,4940,56800,280.6
7241,4940,56500,279.1
7251,4940,56100,277.1
7261,4940,57300,283.1
7271,4940,55700,275.2
7281,4940,57300,283.1
7291,4936,55800,275.4
7301,4940,57400,283.6
7311,4940,55800,275.7
7321,4940,57300,283.1
7331,4940,55700,275.2
7341,4940,57300,283.1
7351,4940,55700,275.2
7361,4940,57400,283.6
7371,4940,56500,279.1
7381,4940,56900,281.1
7391,4940,56400,278.6
7401,4940,56700,280.1
7411,4940,56400,278.6
7421,4940,56700,280.1
7431,4940,56400,278.6
7441,4940,55700,275.2
7451,4940,57300,283.1
7461,4940,55800,275.7
7471,4940,57400,283.6
7481,4940,55700,275.2
7491,4940,57400,283.6
7501,4940,55800,275.7
7511,4940,57300,283.1
7521,4936,55700,274.9
7531,4940,57300,283.1
7541,4940,55800,275.7
7551,4940,57300,283.1
7561,4936,55800,275.4
7571,4940,56800,280.6
7581,4940,56300,278.1
7591,4940,56700,280.1
7601,4940,56400,278.6
7611,4940,56700,280.1
7621,4940,56600,279.6
7631,4940,55700,275.2
7641,4940,57400,283.6
7651,4940,55800,275.7
7661,4940,57400,283.6
7671,4940,55700,275.2
7681,4944,57300,283.3
7691,4936,55700,274.9
7701,4940,57300,283.1
7711,4936,143500,708.3
7721,4940,57400,283.6
7731,4940,55800,275.7
7741,4940,57300,283.1
7751,4940,55800,275.7
7761,4940,56700,280.1
7771,4940,56400,278.6
7781,4940,56700,280.1
7791,4940,56400,278.6
7801,4940,56200,277.6
7811,4940,57300,283.1
7821,4940,55800,275.7
7831,4940,57400,283.6
7841,4940,55800,275.7
7851,4940,57300,283.1
7861,4940,55800,275.7
7871,4940,57400,283.6
7881,4940,55800,275.7
7891,4940,57400,283.6
7901,4940,55800,275.7
7911,4940,57300,283.1
7921,4940,56500,279.1
7931,4940,57000,281.6
7941,4940,56400,278.6
7951,4940,56700,280.1
7961,4940,56400,278.6
7971,4940,56700,280.1
7981,4940,56400,278.6
7991,4940,55800,275.7
8001,4940,57300,283.1
8011,4940,55700,275.2
8021,4940,57300,283.1
8031,4940,55700,275.2
8041,4940,57400,283.6
8051,4940,55700,275.2
8061,4940,57300,283.1
8071,4940,55700,275.2
8081,4940,57400,283.6
8091,4940,55700,275.2
8101,4940,57300,283.1
8111,4940,55700,275.2
8121,4940,56700,280.1
8131,4940,56400,278.6
8141,4940,56700,280.1
8151,4940,56400,278.6
8161,4940,56700,280.1
8171,4940,56500,279.1
8181,4940,55700,275.2
8191,4940,57300,283.1
8201,4936,55700,274.9
8211,4940,57300,283.1
8221,4820,133400,643.0
8231,4940,57300,283.1
8241,4940,55800,275.7
8251,4940,57300,283.1
8261,4940,55700,275.2
8271,4940,57300,283.1
8281,4940,55800,275.7
8291,4940,57300,283.1
8301,4940,55700,275.2
8311,4940,56700,280.1
8321,4940,56400,278.6
8331,4940,56700,280.1
8341,4940,56400,278.6
8351,4940,56200,277.6
8361,4940,57300,283.1
8371,4936,55800,275.4
8381,4940,57300,283.1
8391,4940,55700,275.2
8401,4940,57300,283.1
8411,4940,55700,275.2
8421,4940,57300,283.1
8431,4940,55800,275.7
8441,4940,57400,283.6
8451,4936,55800,275.4
8461,4940,57300,283.1
8471,4940,56400,278.6
8481,4940,57000,281.6
8491,4940,56500,279.1
8501,4940,56700,280.1
8511,4936,56400,278.4
8521,4940,56700,280.1
8531,4940,56400,278.6
8541,4940,55800,275.7
8551,4940,57300,283.1
8561,4940,55700,275.2
8571,4940,57400,283.6
8581,4936,55700,274.9
8591,4940,57400,283.6
8601,4936,55800,275.4
8611,4940,57300,283.1
8621,4940,55800,275.7
8631,4940,57400,283.6
8641,4940,55800,275.7
8651,4940,57300,283.1
8661,4940,55800,275.7
8671,4940,56800,280.6
8681,4940,56400,278.6
8691,4940,56700,280.1
8701,4940,56400,278.6
8711,4940,56700,280.1
8721,4940,56500,279.1
8731,4940,55800,275.7
8741,4940,57400,283.6
8751,4940,55800,275.7
8761,4940,57300,283.1
8771,4940,55800,275.7
8781,4940,57300,283.1
8791,4940,55800,275.7
8801,4940,57400,283.6
8811,4940,55800,275.7
8821,4940,57400,283.6
8831,4940,55800,275.7
8841,4940,57400,283.6
8851,4940,55800,275.7
8861,4940,56700,280.1
8871,4940,56500,279.1
8881,4940,56700,280.1
8891,4940,56400,278.6
8901,4940,56200,277.6
8911,4940,57300,283.1
8921,4936,55800,275.4
8931,4940,57400,283.6
8941,4936,55800,275.4
8951,4940,57400,283.6
8962,4940,55700,275.2
8971,4940,57400,283.6
8981,4940,55800,275.7
8991,4940,57400,283.6
9001,4936,55800,275.4
9011,4940,57400,283.6
9021,4940,56400,278.6
9031,4940,57000,281.6
9041,4940,56500,279.1
9051,4940,56700,280.1
9061,4940,56500,279.1
9071,4940,56800,280.6
9081,4940,56400,278.6
9091,4940,55800,275.7
9101,4940,57300,283.1
9111,4940,55800,275.7
9121,4940,57300,283.1
9131,4936,55800,275.4
9141,4940,57400,283.6
9151,4936,55700,274.9
9161,4940,57400,283.6
9171,4936,55700,274.9
9181,4940,57300,283.1
9191,4940,55800,275.7
9201,4944,57400,283.8
9211,4940,55700,275.2
9221,4940,56600,279.6
9231,4748,140600,667.6
9241,4940,56700,280.1
9251,4940,56400,278.6
9261,4940,56700,280.1
9271,4940,56400,278.6
9281,4936,55800,275.4
9291,4940,57400,283.6
9301,4940,55800,275.7
9311,4940,57400,283.6
9321,4940,55800,275.7
9331,4940,57300,283.1
9341,4940,55800,275.7
9351,4940,57400,283.6
9361,4940,55700,275.2
9371,4940,57400,283.6
9381,4940,55700,275.2
9391,4940,57400,283.6
9401,4940,55700,275.2
9411,4940,56700,280.1
9421,4940,56400,278.6
9431,4940,56700,280.1
9441,4940,56400,278.6
9451,4940,56300,278.1
9461,4940,57200,282.6
9471,4936,55700,274.9
9481,4940,57300,283.1
9491,4940,55800,275.7
9501,4940,57400,283.6
9511,4940,55800,275.7
9521,4940,57400,283.6
9531,4940,55700,275.2
9541,4940,57400,283.6
9551,4940,55800,275.7
9561,4940,57400,283.6
9571,4936,56400,278.4
9581,4940,57100,282.1
9591,4940,56400,278.6
9601,4940,56700,280.1
9611,4940,56400,278.6
9621,4940,56700,280.1
9631,4940,56400,278.6
9641,4940,55700,275.2
9651,4940,57300,283.1
9661,4940,55700,275.2
9671,4940,57400,283.6
9681,4940,55800,275.7
9691,4940,57400,283.6
9701,4940,55800,275.7
9711,4940,57400,283.6
9721,4940,55800,275.7
9731,4940,60500,298.9
9741,4940,55800,275.7
9751,4940,57300,283.1
9761,4936,55800,275.4
9771,4940,56700,280.1
9781,4940,56400,278.6
9791,4940,56700,280.1
9801,4940,56500,279.1
9811,4940,56700,280.1
9821,4940,56400,278.6
9831,4940,55800,275.7
9841,4940,57400,283.6
9851,4940,55800,275.7
9861,4940,57300,283.1
9871,4940,55800,275.7
9881,4944,57400,283.8
9891,4940,55800,275.7
9901,4940,57400,283.6
9911,4940,55700,275.2
9921,4940,57400,283.6
9931,4940,55800,275.7
9941,4940,57400,283.6
9951,4940,55700,275.2
9961,4940,56700,280.1
9971,4940,56400,278.6
9981,4940,56700,280.1
9991,4940,56400,278.6
10001,4940,56300,278.1
10011,4940,57300,283.1
10021,4940,55800,275.7
10031,4940,57300,283.1
10041,4936,55800,275.4
10051,4940,57300,283.1
10061,4940,55900,276.1
10071,4940,57400,283.6
10081,4936,55800,275.4
10091,4940,57400,283.6
10101,4940,55700,275.2
10111,4940,57300,283.1
10121,4940,56400,278.6
10131,4940,57000,281.6
10141,4940,56400,278.6
10151,4940,56700,280.1
10161,4940,56500,279.1
10171,4940,56700,280.1
10181,4940,56400,278.6
10191,4940,55800,275.7
10201,4940,57300,283.1
10211,4936,55800,275.4
10221,4940,57300,283.1
10231,4940,55700,275.2
10241,4944,57400,283.8
10251,4940,55700,275.2
10261,4940,57400,283.6
10271,4940,55800,275.7
10281,4940,57300,283.1
10291,4940,55800,275.7
10301,4940,57300,283.1
10311,4940,55800,275.7
10321,4940,56800,280.6
10331,4940,56400,278.6
10341,4940,56800,280.6
10351,4940,56400,278.6
10361,4940,56700,280.1
10371,4940,56400,278.6
10381,4936,55700,274.9
10391,4940,57300,283.1
10401,4940,55700,275.2
10411,4940,57400,283.6
10421,4940,55800,275.7
10431,4940,57300,283.1
10441,4940,55800,275.7
10451,4940,57400,283.6
10461,4940,55700,275.2
10471,4940,57300,283.1
10481,4940,55700,275.2
10491,4940,57400,283.6
10501,4940,55800,275.7
10511,4940,56700,280.1
10521,4940,56400,278.6
10531,4940,56700,280.1
10541,4940,56500,279.1
10551,4940,56200,277.6
10561,4940,57300,283.1
10571,4940,55800,275.7
10581,4940,57300,283.1
10591,4936,55800,275.4
10601,4940,57300,283.1
10611,4940,55800,275.7
10621,4940,57400,283.6
10631,4940,55700,275.2
10641,4940,57300,283.1
10651,4940,55700,275.2
10661,4940,57300,283.1
10671,4940,56400,278.6
10681,4940,57000,281.6
10691,4940,56400,278.6
10701,4940,56600,279.6
10712,4940,56400,278.6
10721,4940,56800,280.6
10731,4940,56500,279.1
10741,4936,93300,460.5
10751,4940,57400,283.6
10761,4940,55700,275.2
10771,4940,57400,283.6
10781,4936,55700,274.9
10791,4940,57400,283.6
10801,4940,55800,275.7
10811,4940,57400,283.6
10821,4940,55800,275.7
10831,4940,57400,283.6
10841,4940,55800,275.7
10851,4940,57300,283.1
10861,4936,55800,275.4
10871,4940,56700,280.1
10881,4940,56300,278.1
10891,4940,56700,280.1
10901,4940,56400,278.6
10911,4940,56700,280.1
10921,4940,56500,279.1
10931,4940,55800,275.7
10941,4940,57400,283.6
10951,4940,55800,275.7
10961,4940,57300,283.1
10971,4940,55700,275.2
10981,4940,57400,283.6
10991,4940,55800,275.7
11001,4940,57300,283.1
11011,4940,55800,275.7
11021,4940,57400,283.6
11031,4940,55800,275.7
11041,4940,57400,283.6
11051,4940,55700,275.2
11061,4940,56700,280.1
11071,4940,56400,278.6
11081,4936,56700,279.9
11091,4940,56500,279.1
11101,4940,56300,278.1
11111,4940,57200,282.6
11121,4940,55800,275.7
11131,4940,57300,283.1
11141,4940,55800,275.7
11151,4940,57400,283.6
11161,4940,55800,275.7
11171,4940,57400,283.6
11181,4940,55800,275.7
11191,4940,57300,283.1
11201,4940,55800,275.7
11211,4940,57300,283.1
11221,4940,55800,275.7
11231,4940,57000,281.6
11241,4940,56500,279.1
11251,4712,132400,623.9
11261,4940,56500,279.1
11271,4940,56800,280.6
11281,4940,56400,278.6
11291,4940,55700,275.2
11301,4940,57300,283.1
11311,4940,55700,275.2
11321,4940,57300,283.1
11331,4940,55800,275.7
11341,4944,57400,283.8
11351,4940,55800,275.7
11361,4940,57300,283.1
11371,4940,55800,275.7
11381,4940,57300,283.1
11391,4940,55800,275.7
11401,4940,57400,283.6
11411,4940,55800,275.7
11421,4940,56700,280.1
11431,4940,56400,278.6
11441,4940,56700,280.1
11451,4940,56400,278.6
11461,4940,56700,280.1
11471,4940,56500,279.1
11481,4940,55700,275.2
11491,4940,57400,283.6
11501,4940,55800,275.7
11511,4940,57300,283.1
11521,4940,55800,275.7
11531,4940,57300,283.1
11541,4940,55800,275.7
11551,4940,57300,283.1
11561,4936,55700,274.9
11571,4940,57400,283.6
11581,4940,55800,275.7
11591,4940,57400,283.6
11601,4940,55800,275.7
11611,4940,56700,280.1
11621,4940,56500,279.1
11631,4940,56700,280.1
11641,4940,56400,278.6
11651,4940,56200,277.6
11661,4940,57300,283.1
11671,4940,55800,275.7
11681,4940,57300,283.1
11691,4940,55800,275.7
11701,4940,57300,283.1
11711,4940,55800,275.7
11721,4940,57300,283.1
11731,4940,55700,275.2
11741,4940,57400,283.6
11751,4824,205900,993.3
11761,4940,57400,283.6
11771,4940,55800,275.7
11781,4940,57200,282.6
11791,4940,56400,278.6
11801,4940,56700,280.1
11811,4940,56500,279.1
11821,4940,56800,280.6
11831,4940,56500,279.1
11841,4940,55800,275.7
11851,4940,57400,283.6
11861,4940,55800,275.7
11871,4940,57400,283.6
11881,4936,55800,275.4
11891,4940,57300,283.1
11901,4940,55700,275.2
11911,4940,57300,283.1
11921,4936,55800,275.4
11931,4940,57300,283.1
11941,4936,55700,274.9
11951,4940,57300,283.1
11961,4940,55700,275.2
11971,4940,56700,280.1
11981,4940,56400,278.6
11991,4940,56800,280.6
12001,4940,56400,278.6
12011,4940,56700,280.1
12021,4940,56500,279.1
12031,4940,55700,275.2
12041,4940,57400,283.6
12051,4940,55800,275.7
12061,4940,57300,283.1
12071,4940,55700,275.2
12081,4940,57300,283.1
12091,4940,55800,275.7
12101,4940,57300,283.1
12111,4940,55800,275.7
12121,4940,57400,283.6
12131,4936,55800,275.4
12141,4940,57400,283.6
12151,4940,55700,275.2
12161,4940,56700,280.1
12171,4940,56400,278.6
12181,4940,56700,280.1
12191,4940,56400,278.6
12201,4940,56200,277.6
12211,4940,57300,283.1
12221,4940,55800,275.7
12231,4940,57300,283.1
12241,4940,55800,275.7
12251,4804,142700,685.5
12261,4940,55800,275.7
12271,4940,57500,284.1
12281,4940,55800,275.7
12291,4940,57400,283.6
12301,4940,55800,275.7
12311,4940,57400,283.6
12321,4936,55800,275.4
12331,4940,57100,282.1
12341,4940,56400,278.6
12351,4940,56700,280.1
12361,4940,56400,278.6
12371,4940,56700,280.1
12381,4940,56400,278.6
12391,4940,55700,275.2
12401,4940,57300,283.1
12411,4940,55800,275.7
12422,4940,57400,283.6
12431,4940,55800,275.7
12441,4940,57400,283.6
12451,4940,55800,275.7
12461,4940,57400,283.6
12471,4940,55900,276.1
12481,4940,57400,283.6
12491,4940,55800,275.7
12501,4940,57300,283.1
12511,4936,55800,275.4
12521,4940,56700,280.1
12531,4940,56400,278.6
12541,4940,56800,280.6
12551,4940,56400,278.6
12561,4940,56700,280.1
12571,4940,56400,278.6
12581,4940,55700,275.2
12591,4940,57400,283.6
12601,4940,55800,275.7
12611,4940,57300,283.1
12621,4940,55700,275.2
12631,4940,57300,283.1
12641,4936,55800,275.4
12651,4940,57300,283.1
12661,4940,55800,275.7
12671,4940,57300,283.1
12681,4940,55700,275.2
12691,4940,57500,284.1
12701,4940,55800,275.7
12711,4940,56800,280.6
12721,4940,56400,278.6
12731,4940,56600,279.6
12741,4940,56500,279.1
12751,4808,139800,672.2
12761,4940,57200,282.6
12771,4940,55800,275.7
12781,4940,57400,283.6
12791,4936,55800,275.4
12801,4944,57400,283.8
12811,4940,55800,275.7
12821,4940,57400,283.6
12831,4936,55700,274.9
12841,4940,57400,283.6
12851,4940,55700,275.2
12861,4940,57400,283.6
12871,4940,55700,275.2
12881,4940,57100,282.1
12891,4940,56400,278.6
12901,4940,56700,280.1
12911,4940,56500,279.1
12921,4940,56700,280.1
12931,4940,56400,278.6
12941,4940,55800,275.7
12951,4940,57300,283.1
12961,4936,55800,275.4
12971,4940,57400,283.6
12981,4940,55800,275.7
12991,4940,57400,283.6
13001,4936,55800,275.4
13011,4940,57400,283.6
13021,4936,55800,275.4
13031,4940,57400,283.6
13041,4940,55800,275.7
13051,4940,57400,283.6
13061,4940,55800,275.7
13071,4940,56700,280.1
13081,4940,56400,278.6
13091,4940,56700,280.1
13101,4940,56400,278.6
13111,4940,56700,280.1
13121,4936,56500,278.9
13131,4936,55800,275.4
13141,4940,57400,283.6
13151,4940,55700,275.2
13161,4940,57400,283.6
13171,4936,55800,275.4
13181,4940,57400,283.6
13191,4940,55800,275.7
13201,4940,57400,283.6
13211,4940,55800,275.7
13221,4940,57300,283.1
13231,4940,55700,275.2
13241,4940,57400,283.6
13251,4940,55700,275.2
13261,4780,136300,651.5
13271,4940,56500,279.1
13281,4940,56700,280.1
13291,4940,56400,278.6
13301,4940,56300,278.1
13311,4940,57200,282.6
13321,4940,55800,275.7
13331,4940,57400,283.6
13341,4936,55900,275.9
13351,4940,57400,283.6
13361,4936,55700,274.9
13371,4940,57500,284.1
13381,4940,55800,275.7
13391,4940,57400,283.6
13401,4940,55800,275.7
13411,4940,57400,283.6
13421,4940,55800,275.7
13431,4944,57100,282.3
13441,4940,56500,279.1
13451,4940,56700,280.1
13461,4940,56400,278.6
13471,4940,56800,280.6
13481,4936,56400,278.4
13491,4940,55800,275.7
13501,4940,57400,283.6
13511,4940,55800,275.7
13521,4940,57500,284.1
13531,4940,55700,275.2
13541,4940,57400,283.6
13551,4936,55800,275.4
13561,4940,57400,283.6
13571,4940,55700,275.2
13581,4940,57300,283.1
13591,4940,55700,275.2
13601,4940,57300,283.1
13611,4936,55700,274.9
13621,4940,56600,279.6
13631,4940,56400,278.6
13641,4940,56800,280.6
13651,4940,56400,278.6
13661,4940,56700,280.1
13671,4940,56400,278.6
13681,4940,55700,275.2
13691,4940,57400,283.6
13701,4936,55700,274.9
13711,4940,57400,283.6
13721,4940,55700,275.2
13731,4940,57300,283.1
13741,4940,55800,275.7
13751,4940,57400,283.6
13761,4816,140800,678.1
13771,4940,57400,283.6
13781,4940,55800,275.7
13791,4940,57400,283.6
13801,4944,55800,275.9
13811,4940,56700,280.1
13821,4940,56500,279.1
13831,4940,56700,280.1
13841,4940,56500,279.1
13851,4940,56400,278.6
13861,4940,57200,282.6
13871,4940,55800,275.7
13881,4940,57400,283.6
13891,4936,55800,275.4
13901,4940,57400,283.6
13911,4940,55700,275.2
13921,4940,57400,283.6
13931,4940,55800,275.7
13941,4940,57400,283.6
13951,4940,55800,275.7
13961,4940,57400,283.6
13971,4936,55700,274.9
13981,4940,57100,282.1
13991,4940,56400,278.6
14001,4940,56700,280.1
14011,4940,56400,278.6
14021,4940,56800,280.6
14031,4940,56400,278.6
14041,4940,55700,275.2
14051,4940,57300,283.1
14061,4936,55800,275.4
14071,4940,57300,283.1
14081,4940,55800,275.7
14091,4940,57400,283.6
14101,4940,55800,275.7
14111,4940,57400,283.6
14123,4940,56400,278.6
14131,4940,57300,283.1
14141,4940,55700,275.2
14151,4940,57400,283.6
14161,4940,55800,275.7
14171,4940,56700,280.1
14181,4940,56300,278.1
14191,4940,56700,280.1
14201,4940,56300,278.1
14211,4940,56700,280.1
14221,4940,56500,279.1
14231,4936,55800,275.4
14241,4940,57400,283.6
14251,4940,55800,275.7
14261,4940,57400,283.6
14271,4820,134300,647.3
14281,4940,57400,283.6
14291,4936,55800,275.4
14301,4940,57400,283.6
14311,4940,55800,275.7
14321,4940,57300,283.1
14331,4940,55800,275.7
14341,4940,57400,283.6
14351,4940,55800,275.7
14361,4940,56700,280.1
14371,4940,56400,278.6
14381,4940,56700,280.1
14391,4940,56500,279.1
14401,4940,56300,278.1
14411,4940,57200,282.6
14421,4940,55800,275.7
14431,4940,57300,283.1
14441,4940,55800,275.7
14451,4940,57300,283.1
14461,4940,55800,275.7
14471,4940,57300,283.1
14481,4940,55700,275.2
14491,4940,57400,283.6
14501,4940,55700,275.2
14511,4940,57400,283.6
14521,4940,55700,275.2
14531,4940,57100,282.1
14541,4940,56500,279.1
14551,4940,56700,280.1
14561,4940,56500,279.1
14571,4940,56800,280.6
14581,4940,56400,278.6
14591,4940,55700,275.2
14601,4940,57400,283.6
14611,4936,55700,274.9
14621,4940,57400,283.6
14631,4940,55700,275.2
14641,4940,57300,283.1
14651,4940,55800,275.7
14661,4940,57300,283.1
14671,4940,55800,275.7
14681,4944,57400,283.8
14691,4940,55800,275.7
14701,4940,57400,283.6
14711,4940,55800,275.7
14721,4940,56700,280.1
14731,4940,56400,278.6
14741,4940,56800,280.6
14751,4940,56400,278.6
14761,4940,56700,280.1
14771,4724,169500,800.7
14781,4936,55700,274.9
14791,4940,57400,283.6
14801,4940,55700,275.2
14811,4940,57400,283.6
14821,4936,55800,275.4
14831,4940,57300,283.1
14841,4936,55700,274.9
14851,4940,57400,283.6
14861,4940,55800,275.7
14871,4940,57400,283.6
14881,4940,55700,275.2
14891,4940,57400,283.6
14901,4940,55800,275.7
14911,4936,56800,280.4
14921,4940,56500,279.1
14931,4940,56700,280.1
14941,4940,56400,278.6
14951,4940,56400,278.6
14961,4940,57200,282.6
14971,4940,55700,275.2
14981,4940,57300,283.1
14991,4936,55800,275.4
15001,4940,57400,283.6
15011,4940,55800,275.7
15021,4940,57300,283.1
15031,4940,55800,275.7
15041,4940,57300,283.1
15051,4940,55700,275.2
15061,4944,57300,283.3
15071,4936,55800,275.4
15081,4940,57200,282.6
15091,4940,56400,278.6
15101,4940,56700,280.1
15111,4940,56500,279.1
15121,4940,56700,280.1
15131,4940,56400,278.6
15141,4940,55700,275.2
15151,4940,57300,283.1
15161,4940,55800,275.7
15171,4940,57400,283.6
15181,4940,55700,275.2
15191,4940,57400,283.6
15201,4940,55700,275.2
15211,4940,57300,283.1
15221,4936,55800,275.4
15231,4940,57400,283.6
15241,4936,55800,275.4
15251,4940,57300,283.1
15261,4936,55800,275.4
15271,4936,69800,344.5
15281,4940,56400,278.6
15291,4940,56700,280.1
15301,4940,56500,279.1
15311,4940,56700,280.1
15321,4940,56500,279.1
15331,4940,55800,275.7
15341,4940,57500,284.1
15351,4940,55800,275.7
15361,4940,57400,283.6
15371,4940,55800,275.7
15381,4940,57400,283.6
15391,4936,55700,274.9
15401,4940,57400,283.6
15411,4940,55700,275.2
15421,4940,57300,283.1
15431,4940,55800,275.7
15441,4940,57300,283.1
15451,4940,55800,275.7
15461,4940,56700,280.1
15471,4936,56500,278.9
15481,4940,56700,280.1
15491,4940,56400,278.6
15501,4940,56400,278.6
15511,4940,57200,282.6
15521,4936,55700,274.9
15531,4940,57300,283.1
15541,4940,55700,275.2
15551,4940,57400,283.6
15561,4940,55800,275.7
15571,4940,57400,283.6
15581,4940,55700,275.2
15591,4940,57400,283.6
15601,4940,55800,275.7
15611,4940,57400,283.6
15621,4940,55800,275.7
15631,4940,57100,282.1
15641,4940,56300,278.1
15651,4940,56700,280.1
15661,4940,56400,278.6
15671,4940,56700,280.1
15681,4940,56400,278.6
15691,4940,55800,275.7
15701,4940,57300,283.1
15711,4940,55700,275.2
15721,4940,57400,283.6
15731,4940,55700,275.2
15741,4940,57400,283.6
15751,4940,55700,275.2
15761,4940,57300,283.1
15771,4940,55700,275.2
15781,4940,57400,283.6
15791,4940,55800,275.7
15801,4940,57400,283.6
15811,4940,55800,275.7
15821,4940,56700,280.1
15832,4940,56400,278.6
15841,4940,56700,280.1
15851,4940,56400,278.6
15861,4940,56700,280.1
15871,4940,56400,278.6
15881,4940,55800,275.7
15891,4940,57400,283.6
15901,4936,55800,275.4
15911,4940,57400,283.6
15921,4940,55800,275.7
15931,4940,57400,283.6
15941,4936,55800,275.4
15951,4940,57400,283.6
15961,4940,55800,275.7
15971,4940,57300,283.1
15981,4936,55700,274.9
15991,4940,57300,283.1
16001,4940,55800,275.7
16011,4940,56700,280.1
16021,4940,56400,278.6
16031,4940,56600,279.6
16041,4940,56500,279.1
16051,4940,56400,278.6
16061,4940,57200,282.6
16071,4936,55800,275.4
16081,4940,57400,283.6
16091,4940,55800,275.7
16101,4940,57300,283.1
16111,4940,55700,275.2
16121,4940,57300,283.1
16131,4940,55700,275.2
16141,4940,57300,283.1
16151,4940,55800,275.7
16161,4940,57300,283.1
16171,4940,55700,275.2
16181,4940,57200,282.6
16191,4940,56300,278.1
16201,4940,56700,280.1
16211,4940,56400,278.6
16221,4940,56700,280.1
16231,4940,56400,278.6
16241,4936,55700,274.9
16251,4940,57300,283.1
16261,4940,55800,275.7
16271,4940,57300,283.1
16281,4752,87300,414.8
16291,4940,57400,283.6
16301,4940,55800,275.7
16311,4940,57300,283.1
16321,4940,55800,275.7
16331,4940,57300,283.1
16341,4936,55800,275.4
16351,4940,57400,283.6
16361,4940,55700,275.2
16371,4940,56600,279.6
16381,4940,56300,278.1
16391,4940,56700,280.1
16401,4940,56400,278.6
16411,4940,56700,280.1
16421,4940,56500,279.1
16431,4940,55700,275.2
16441,4940,57400,283.6
16451,4940,55700,275.2
16461,4944,57300,283.3
16471,4936,55800,275.4
16481,4940,57400,283.6
16491,4940,55800,275.7
16501,4940,57400,283.6
16511,4936,55800,275.4
16521,4940,57400,283.6
16531,4940,55800,275.7
16541,4940,57400,283.6
16551,4940,55700,275.2
16561,4940,56600,279.6
16571,4940,56500,279.1
16581,4940,56700,280.1
16591,4940,56400,278.6
16601,4940,56500,279.1
16611,4940,57200,282.6
16621,4940,55800,275.7
16631,4940,57400,283.6
16641,4940,55800,275.7
16651,4940,57300,283.1
16661,4940,55800,275.7
16671,4940,57400,283.6
16681,4940,55700,275.2
16691,4940,57400,283.6
16701,4936,55800,275.4
16711,4940,57300,283.1
16721,4936,55800,275.4
16731,4940,57200,282.6
16741,4940,56300,278.1
16751,4940,56700,280.1
16761,4940,56500,279.1
16771,4944,56700,280.3
16781,4828,218000,1052.5
16791,4940,55800,275.7
16801,4940,57300,283.1
16811,4940,55800,275.7
16821,4940,57400,283.6
16831,4936,55800,275.4
16841,4940,57400,283.6
16851,4940,55700,275.2
16861,4940,57400,283.6
16871,4940,55800,275.7
16881,4940,57300,283.1
16891,4936,55700,274.9
16901,4940,57300,283.1
16911,4936,55800,275.4
16921,4940,56600,279.6
16931,4940,56400,278.6
16941,4940,56700,280.1
16951,4940,56500,279.1
16961,4940,56700,280.1
16971,4940,56500,279.1
16981,4940,55800,275.7
16991,4944,57400,283.8
17001,4940,55800,275.7
17011,4940,57400,283.6
17021,4940,55800,275.7
17031,4940,57400,283.6
17041,4940,55800,275.7
17051,4940,57400,283.6
17061,4940,55800,275.7
17071,4940,57400,283.6
17081,4940,55800,275.7
17091,4940,57400,283.6
17101,4940,55800,275.7
17111,4940,56800,280.6
17121,4940,56400,278.6
17131,4940,56700,280.1
17141,4940,56400,278.6
17151,4940,56400,278.6
17161,4940,57100,282.1
17171,4936,55800,275.4
17181,4940,57400,283.6
17191,4940,55800,275.7
17201,4940,57300,283.1
17211,4940,55700,275.2
17221,4940,57400,283.6
17231,4940,55800,275.7
17241,4940,57400,283.6
17251,4940,55800,275.7
17261,4940,57300,283.1
17271,4936,55700,274.9
17281,4788,142500,682.3
17291,4940,56300,278.1
17301,4940,56800,280.6
17311,4940,56400,278.6
17321,4940,56700,280.1
17331,4940,56400,278.6
17341,4940,55800,275.7
17351,4940,57400,283.6
17361,4936,55800,275.4
17371,4940,57400,283.6
17381,4940,55700,275.2
17391,4940,57400,283.6
17401,4940,55800,275.7
17411,4940,57400,283.6
17421,4940,55800,275.7
17431,4940,57300,283.1
17441,4936,55800,275.4
17451,4940,57400,283.6
17461,4936,55800,275.4
17471,4940,56600,279.6
17481,4940,56400,278.6
17491,4940,56700,280.1
17501,4940,56300,278.1
17511,4940,56700,280.1
17521,4940,56400,278.6
17532,4940,55800,275.7
17541,4940,57400,283.6
17551,4940,55700,275.2
17561,4940,57400,283.6
17571,4940,55800,275.7
17581,4940,57400,283.6
17591,4940,55800,275.7
17601,4940,57300,283.1
17611,4936,55800,275.4
17621,4944,57300,283.3
17631,4940,55700,275.2
17641,4940,57400,283.6
17651,4940,55800,275.7
17661,4940,56700,280.1
17671,4936,56500,278.9
17681,4940,56800,280.6
17691,4940,56500,279.1
17701,4940,56400,278.6
17711,4940,57200,282.6
17721,4940,55800,275.7
17731,4940,57500,284.1
17741,4940,55800,275.7
17751,4940,57400,283.6
17761,4940,55800,275.7
17771,4940,57300,283.1
17781,4940,55700,275.2
17791,4720,134700,635.8
17801,4940,55800,275.7
17811,4940,57400,283.6
17821,4940,55800,275.7
17831,4940,57300,283.1
17841,4940,56300,278.1
17851,4940,56700,280.1
17861,4940,56400,278.6
17871,4940,56800,280.6
17881,4940,56400,278.6
17891,4940,55700,275.2
17901,4940,57300,283.1
17911,4940,55800,275.7
17921,4940,57400,283.6
17931,4936,55800,275.4
17941,4940,57400,283.6
17951,4936,55700,274.9
17961,4940,57400,283.6
17971,4940,55800,275.7
17981,4940,57300,283.1
17991,4940,55700,275.2
18001,4944,57400,283.8
18011,4940,55800,275.7
18021,4940,56600,279.6
18031,4936,56400,278.4
18041,4940,56800,280.6
18051,4940,56400,278.6
18061,4940,56700,280.1
18071,4940,56400,278.6
18081,4940,55700,275.2
18091,4940,57400,283.6
18101,4936,55800,275.4
18111,4940,57400,283.6
18121,4936,55800,275.4
18131,4940,57400,283.6
18141,4936,55800,275.4
18151,4940,57300,283.1
18161,4936,55800,275.4
18171,4940,57400,283.6
18181,4940,55800,275.7
18191,4940,57300,283.1
18201,4940,55800,275.7
18211,4940,56700,280.1
18221,4940,56500,279.1
18231,4940,56700,280.1
18241,4940,56500,279.1
18251,4940,56400,278.6
18261,4940,57200,282.6
18271,4936,55800,275.4
18281,4940,57300,283.1
18291,4812,140800,677.5
18301,4940,57300,283.1
18311,4936,55700,274.9
18321,4940,57300,283.1
18331,4940,55800,275.7
18341,4940,57300,283.1
18351,4940,55700,275.2
18361,4940,57300,283.1
18371,4940,55800,275.7
18381,4940,57200,282.6
18391,4940,56300,278.1
18401,4940,56700,280.1
18411,4940,56400,278.6
18421,4940,56700,280.1
18431,4940,56500,279.1
18441,4940,55700,275.2
18451,4940,57300,283.1
18461,4936,55700,274.9
18471,4940,57300,283.1
18481,4940,55700,275.2
18491,4940,57300,283.1
18501,4936,55800,275.4
18511,4940,57400,283.6
18521,4936,55700,274.9
18531,4940,57300,283.1
18541,4940,55800,275.7
18551,4940,57300,283.1
18561,4940,55800,275.7
18571,4940,56600,279.6
18581,4940,56300,278.1
18591,4940,56800,280.6
18601,4940,56400,278.6
18611,4940,56700,280.1
18621,4940,56500,279.1
18631,4940,55700,275.2
18641,4940,57400,283.6
18651,4940,55800,275.7
18661,4940,57300,283.1
18671,4936,55800,275.4
18681,4940,57300,283.1
18691,4940,55800,275.7
18701,4940,57400,283.6
18711,4936,55700,274.9
18721,4940,57300,283.1
18731,4940,55800,275.7
18741,4940,57300,283.1
18751,4940,55700,275.2
18761,4940,56700,280.1
18771,4940,56400,278.6
18781,4940,56700,280.1
18791,4940,56400,278.6
18801,4816,144900,697.8
18811,4940,57200,282.6
18821,4936,55800,275.4
18831,4940,57300,283.1
18841,4940,55800,275.7
18851,4940,57400,283.6
18861,4940,55800,275.7
18871,4940,57400,283.6
18881,4940,55700,275.2
18891,4940,57300,283.1
18901,4940,55700,275.2
18911,4940,57300,283.1
18921,4940,55700,275.2
18931,4940,57200,282.6
18941,4940,56300,278.1
18951,4940,56800,280.6
18961,4940,56500,279.1
18971,4940,56700,280.1
18981,4940,56400,278.6
18991,4940,55700,275.2
19001,4940,57300,283.1
19011,4940,55700,275.2
19021,4940,57400,283.6
19031,4940,55700,275.2
19041,4940,57400,283.6
19051,4940,55700,275.2
19061,4940,57400,283.6
19071,4940,55800,275.7
19081,4940,57300,283.1
19091,4940,55800,275.7
19101,4940,57300,283.1
19111,4940,55800,275.7
19121,4940,56600,279.6
19131,4940,56400,278.6
19141,4940,56800,280.6
19151,4940,56500,279.1
19161,4940,56700,280.1
19171,4940,56500,279.1
19181,4940,55700,275.2
19191,4940,57300,283.1
19201,4936,55800,275.4
19211,4940,57400,283.6
19221,4936,55700,274.9
19231,4940,57300,283.1
19242,4940,55800,275.7
19251,4940,57300,283.1
19261,4936,55800,275.4
19271,4940,57400,283.6
19281,4940,55800,275.7
19291,4944,57400,283.8
19301,4812,141200,679.5
19311,4940,56700,280.1
19321,4940,56400,278.6
19331,4936,56700,279.9
19341,4940,56400,278.6
19351,4940,56400,278.6
19361,4940,57200,282.6
19371,4940,55800,275.7
19381,4940,57400,283.6
19391,4940,55800,275.7
19401,4940,57400,283.6
19411,4940,55800,275.7
19421,4940,57400,283.6
19431,4940,55700,275.2
19441,4940,57400,283.6
19451,4940,55800,275.7
19461,4940,57400,283.6
19471,4940,55800,275.7
19481,4940,57100,282.1
19491,4940,56400,278.6
19501,4940,56700,280.1
19511,4940,56400,278.6
19521,4940,56800,280.6
19531,4940,56400,278.6
19541,4940,55800,275.7
19551,4940,57300,283.1
19561,4940,55800,275.7
19571,4940,57300,283.1
19581,4940,55700,275.2
19591,4940,57400,283.6
19601,4940,55700,275.2
19611,4940,57300,283.1
19621,4940,55800,275.7
19631,4940,57400,283.6
19641,4940,55800,275.7
19651,4944,57300,283.3
19661,4940,55700,275.2
19671,4940,56700,280.1
19681,4940,56400,278.6
19691,4940,56700,280.1
19701,4940,56400,278.6
19711,4940,56700,280.1
19721,4940,56400,278.6
19731,4940,55800,275.7
19741,4940,57300,283.1
19751,4940,55700,275.2
19761,4940,57400,283.6
19771,4936,55700,274.9
19781,4940,57300,283.1
19791,4936,55800,275.4
19801,4940,57400,283.6
19811,4828,138300,667.7
19821,4940,57400,283.6
19831,4940,55800,275.7
19841,4940,57400,283.6
19851,4940,55700,275.2
19861,4940,56700,280.1
19871,4940,56400,278.6
19881,4940,56700,280.1
19891,4940,56400,278.6
19901,4940,56300,278.1
19911,4940,57200,282.6
19921,4936,55700,274.9
19931,4940,57400,283.6
19941,4940,55800,275.7
19951,4940,57400,283.6
19961,4936,55800,275.4
19971,4940,57400,283.6
19981,4940,55800,275.7
19991,4940,57400,283.6
20001,4936,55800,275.4
20011,4940,57400,283.6
20021,4940,55800,275.7
20031,4940,57100,282.1
20041,4940,56400,278.6
20051,4940,56800,280.6
20061,4940,56400,278.6
20071,4940,56700,280.1
20081,4940,56500,279.1
20091,4940,55700,275.2
20101,4940,57300,283.1
20111,4936,55800,275.4
20121,4940,57400,283.6
20131,4940,55800,275.7
20141,4940,57300,283.1
20151,4936,55800,275.4
20161,4940,57400,283.6
20171,4940,55800,275.7
20181,4940,57400,283.6
20191,4936,55800,275.4
20201,4940,57300,283.1
20211,4940,55800,275.7
20221,4940,56600,279.6
20231,4940,56300,278.1
20241,4940,56700,280.1
20251,4940,56400,278.6
20261,4940,56700,280.1
20271,4940,56500,279.1
20281,4940,55800,275.7
20291,4940,57400,283.6
20301,4940,55800,275.7
20311,4940,60200,297.4
20321,4936,55700,274.9
20331,4940,57300,283.1
20341,4940,55800,275.7
20351,4940,57400,283.6
20361,4936,55800,275.4
20371,4940,57400,283.6
20381,4940,55800,275.7
20391,4940,57400,283.6
20401,4940,55800,275.7
20411,4940,56700,280.1
20421,4940,56400,278.6
20431,4940,56800,280.6
20441,4940,56400,278.6
20451,4940,56300,278.1
20461,4940,57200,282.6
20471,4936,55800,275.4
20481,4940,57400,283.6
20491,4936,55800,275.4
20501,4940,57400,283.6
20511,4940,55800,275.7
20521,4940,57300,283.1
20531,4940,55800,275.7
20541,4940,57400,283.6
20551,4940,55800,275.7
20561,4940,57400,283.6
20571,4940,55800,275.7
20581,4940,57100,282.1
20591,4940,56400,278.6
20601,4940,56700,280.1
20611,4940,56500,279.1
20621,4940,56800,280.6
20631,4940,56400,278.6
20641,4936,55800,275.4
20651,4940,57300,283.1
20661,4940,55700,275.2
20671,4940,57400,283.6
20681,4940,55800,275.7
20691,4940,57400,283.6
20701,4940,55800,275.7
20711,4940,57400,283.6
20721,4940,55800,275.7
20731,4940,57300,283.1
20741,4940,55700,275.2
20751,4940,57300,283.1
20761,4940,55700,275.2
20771,4940,56700,280.1
20781,4940,56400,278.6
20791,4940,56700,280.1
20801,4940,56500,279.1
20811,4940,56700,280.1
20821,4836,218900,1058.6
20831,4940,55800,275.7
20841,4940,57400,283.6
20851,4940,55800,275.7
20861,4940,57400,283.6
20871,4940,55800,275.7
20881,4940,57400,283.6
20891,4940,55800,275.7
20901,4940,57300,283.1
20911,4940,55800,275.7
20921,4940,57300,283.1
20931,4940,55800,275.7
20942,4940,56800,280.6
20951,4940,55700,275.2
20961,4936,56700,279.9
20971,4940,56400,278.6
20981,4940,56800,280.6
20991,4940,56400,278.6
21001,4940,56300,278.1
21011,4940,57300,283.1
21021,4940,55800,275.7
21031,4940,57400,283.6
21041,4940,55800,275.7
21051,4940,57300,283.1
21061,4940,55800,275.7
21071,4940,57300,283.1
21081,4940,55700,275.2
21091,4940,57300,283.1
21101,4940,55700,275.2
21111,4940,57300,283.1
21121,4940,55800,275.7
21131,4940,57000,281.6
21141,4940,56500,279.1
21151,4940,56700,280.1
21161,4940,56500,279.1
21171,4940,56800,280.6
21181,4940,56400,278.6
21191,4940,55700,275.2
21201,4940,57300,283.1
21211,4940,55700,275.2
21221,4940,57400,283.6
21231,4940,55800,275.7
21241,4940,57400,283.6
21251,4936,55800,275.4
21261,4940,57400,283.6
21271,4940,55800,275.7
21281,4940,57400,283.6
21291,4940,55800,275.7
21301,4940,57300,283.1
21311,4940,55700,275.2
21321,4756,138300,657.8
21331,4940,56400,278.6
21341,4940,56800,280.6
21351,4940,56400,278.6
21361,4940,56800,280.6
21371,4940,56500,279.1
21381,4940,55800,275.7
21391,4940,57300,283.1
21401,4940,55700,275.2
21411,4940,57400,283.6
21421,4940,55800,275.7
21431,4940,57300,283.1
21441,4936,55700,274.9
21451,4940,57300,283.1
21461,4940,55800,275.7
21471,4940,57300,283.1
21481,4940,55800,275.7
21491,4940,57300,283.1
21501,4940,55800,275.7
21511,4940,56700,280.1
21521,4940,56500,279.1
21531,4940,56700,280.1
21541,4940,56500,279.1
21551,4940,56100,277.1
21561,4940,57300,283.1
21571,4940,55800,275.7
21581,4940,57400,283.6
21591,4936,55800,275.4
21601,4940,57400,283.6
21611,4936,55700,274.9
21621,4940,57400,283.6
21631,4940,55700,275.2
21641,4940,57400,283.6
21651,4936,55700,274.9
21661,4940,57400,283.6
21671,4940,55700,275.2
21681,4940,57000,281.6
21691,4940,56500,279.1
21701,4940,56700,280.1
21711,4940,56400,278.6
21721,4940,56700,280.1
21731,4940,56400,278.6
21741,4940,55800,275.7
21751,4940,57300,283.1
21761,4940,55700,275.2
21771,4940,57300,283.1
21781,4940,55700,275.2
21791,4940,57400,283.6
21801,4940,55700,275.2
21811,4940,57300,283.1
21821,4940,133800,661.0
21831,4940,57400,283.6
21841,4940,55800,275.7
21851,4940,57300,283.1
21861,4940,55800,275.7
21871,4940,56700,280.1
21881,4940,56400,278.6
21891,4940,56700,280.1
21901,4940,56400,278.6
21911,4940,56700,280.1
21921,4940,56500,279.1
21931,4940,55700,275.2
21941,4940,57400,283.6
21951,4936,55700,274.9
21961,4940,57300,283.1
21971,4940,55700,275.2
21981,4940,57400,283.6
21991,4936,55800,275.4
22001,4940,57300,283.1
22011,4940,55800,275.7
22021,4940,57300,283.1
22031,4936,55700,274.9
22041,4940,57400,283.6
22051,4940,55700,275.2
22061,4940,56700,280.1
22071,4940,56400,278.6
22081,4940,56700,280.1
22091,4940,56400,278.6
22101,4940,56200,277.6
22111,4940,57400,283.6
22121,4940,55700,275.2
22131,4940,57400,283.6
22141,4940,55800,275.7
22151,4940,57400,283.6
22161,4940,55700,275.2
22171,4940,57300,283.1
22181,4940,55700,275.2
22191,4940,57300,283.1
22201,4936,55700,274.9
22211,4940,57300,283.1
22221,4940,55700,275.2
22231,4940,56900,281.1
22241,4940,56500,279.1
22251,4940,56600,279.6
22261,4940,56500,279.1
22271,4940,56600,279.6
22281,4940,56400,278.6
22291,4940,55800,275.7
22301,4940,57300,283.1
22311,4936,55800,275.4
22321,4940,57400,283.6
22331,4824,171900,829.2
22341,4940,57400,283.6
22351,4936,55800,275.4
22361,4940,57400,283.6
22371,4940,55800,275.7
22381,4940,57400,283.6
22391,4940,55800,275.7
22401,4940,57400,283.6
22411,4940,55800,275.7
22421,4940,56700,280.1
22431,4940,56400,278.6
22441,4940,56700,280.1
22451,4940,56400,278.6
22461,4940,56700,280.1
22471,4940,56500,279.1
22481,4940,55700,275.2
22491,4940,57400,283.6
22501,4940,55700,275.2
22511,4940,57400,283.6
22521,4940,55800,275.7
22531,4940,57300,283.1
22541,4940,55800,275.7
22551,4940,57300,283.1
22561,4940,55800,275.7
22571,4940,57400,283.6
22581,4940,55700,275.2
22591,4940,57400,283.6
22601,4940,55800,275.7
22611,4940,56700,280.1
22621,4940,56400,278.6
22631,4940,56700,280.1
22641,4936,56400,278.4
22652,4940,55800,275.7
22661,4940,57400,283.6
22671,4940,55700,275.2
22681,4940,57400,283.6
22691,4936,55800,275.4
22701,4940,57400,283.6
22711,4940,55800,275.7
22721,4940,57300,283.1
22731,4940,55800,275.7
22741,4940,57400,283.6
22751,4940,55800,275.7
22761,4940,57300,283.1
22771,4940,55800,275.7
22781,4940,57000,281.6
22791,4940,56500,279.1
22801,4940,56700,280.1
22811,4940,56400,278.6
22821,4940,56700,280.1
22831,4940,56400,278.6
22841,4880,55800,272.3
22851,4940,57400,283.6
22861,4940,55800,275.7
22871,4940,57300,283.1
22881,4940,55800,275.7
22891,4940,57400,283.6
22901,4940,55800,275.7
22911,4944,57400,283.8
22921,4940,55700,275.2
22931,4940,57300,283.1
22941,4940,55700,275.2
22951,4940,57400,283.6
22961,4940,55700,275.2
22971,4940,56700,280.1
22981,4940,56300,278.1
22991,4940,56700,280.1
23001,4940,56400,278.6
23011,4940,56700,280.1
23021,4940,56500,279.1
23031,4940,55700,275.2
23041,4940,57400,283.6
23051,4940,55700,275.2
23061,4940,57400,283.6
23071,4940,55800,275.7
23081,4940,57300,283.1
23091,4940,55800,275.7
23101,4940,57300,283.1
23111,4940,55800,275.7
23121,4940,57300,283.1
23131,4936,55800,275.4
23141,4940,57300,283.1
23151,4940,55700,275.2
23161,4940,56700,280.1
23171,4940,56400,278.6
23181,4940,56800,280.6
23191,4940,56500,279.1
23201,4940,56000,276.6
23211,4940,57400,283.6
23221,4940,55800,275.7
23231,4940,57300,283.1
23241,4936,55800,275.4
23251,4940,57300,283.1
23261,4940,55800,275.7
23271,4940,57400,283.6
23281,4936,55700,274.9
23291,4940,57400,283.6
23301,4940,55700,275.2
23311,4940,57400,283.6
23321,4940,55700,275.2
23331,4940,56900,281.1
23341,4824,139000,670.5
23351,4936,56800,280.4
23361,4940,56400,278.6
23371,4940,56800,280.6
23381,4940,56400,278.6
23391,4940,55800,275.7
23401,4940,57300,283.1
23411,4936,55800,275.4
23421,4940,57400,283.6
23431,4940,55800,275.7
23441,4940,57300,283.1
23451,4940,55800,275.7
23461,4940,57400,283.6
23471,4936,55700,274.9
23481,4940,57300,283.1
23491,4940,55800,275.7
23501,4940,57300,283.1
23511,4940,55800,275.7
23521,4940,56700,280.1
23531,4940,56400,278.6
23541,4940,56800,280.6
23551,4940,56400,278.6
23561,4940,56700,280.1
23571,4940,56500,279.1
23581,4940,55800,275.7
23591,4940,57300,283.1
23601,4940,55800,275.7
23611,4940,57400,283.6
23621,4940,55800,275.7
23631,4940,57400,283.6
23641,4936,55800,275.4
23651,4940,57300,283.1
23661,4940,55800,275.7
23671,4940,57400,283.6
23681,4936,55800,275.4
23691,4940,57400,283.6
23701,4940,55800,275.7
23711,4940,56700,280.1
23721,4940,56400,278.6
23731,4940,56700,280.1
23741,4940,56400,278.6
23751,4940,56000,276.6
23761,4940,57400,283.6
23771,4940,55700,275.2
23781,4940,57300,283.1
23791,4936,55800,275.4
23801,4940,57400,283.6
23811,4940,55800,275.7
23821,4940,57300,283.1
23831,4940,55800,275.7
23841,4940,57400,283.6
23851,4804,59400,285.4
23861,4940,57400,283.6
23871,4940,55700,275.2
23881,4940,57000,281.6
23891,4940,56500,279.1
23901,4940,56700,280.1
23911,4940,56500,279.1
23921,4940,56700,280.1
23931,4940,56400,278.6
23941,4940,55800,275.7
23951,4940,57300,283.1
23961,4940,55800,275.7
23971,4940,57400,283.6
23981,4940,55700,275.2
23991,4940,57300,283.1
24001,4940,55700,275.2
24011,4940,57400,283.6
24021,4940,55700,275.2
24031,4940,57300,283.1
24041,4940,55800,275.7
24051,4940,57400,283.6
24061,4940,55800,275.7
24071,4940,56800,280.6
24081,4940,56400,278.6
24091,4940,56700,280.1
24101,4940,56300,278.1
24111,4940,56700,280.1
24121,4940,56600,279.6
24131,4940,55700,275.2
24141,4940,57400,283.6
24151,4940,55700,275.2
24161,4940,57300,283.1
24171,4940,55700,275.2
24181,4940,57300,283.1
24191,4940,55700,275.2
24201,4940,57300,283.1
24211,4940,55700,275.2
24221,4940,57400,283.6
24231,4940,55800,275.7
24241,4940,57400,283.6
24251,4940,55800,275.7
24261,4940,56700,280.1
24271,4940,56400,278.6
24281,4940,56700,280.1
24291,4940,56400,278.6
24301,4940,55900,276.1
24311,4940,57400,283.6
24321,4940,55700,275.2
24331,4940,57400,283.6
24341,4940,55800,275.7
24352,4940,57400,283.6
24361,4760,84700,403.2
24371,4940,57300,283.1
24381,4940,55800,275.7
24391,4940,57400,283.6
24401,4936,55700,274.9
24411,4940,57400,283.6
24421,4940,55800,275.7
24431,4944,56900,281.3
24441,4940,56500,279.1
24451,4940,56700,280.1
24461,4940,56400,278.6
24471,4940,56700,280.1
24481,4940,56400,278.6
24491,4940,55800,275.7
24501,4940,57300,283.1
24511,4940,55800,275.7
24521,4940,57300,283.1
24531,4936,55800,275.4
24541,4944,57400,283.8
24551,4940,55700,275.2
24561,4940,57400,283.6
24571,4940,55700,275.2
24581,4940,57300,283.1
24591,4940,55800,275.7
24601,4940,57400,283.6
24611,4940,55800,275.7
24621,4940,56800,280.6
24631,4940,56400,278.6
24641,4940,56800,280.6
24651,4940,56500,279.1
24661,4940,56700,280.1
24671,4940,56600,279.6
24681,4940,55700,275.2
24691,4940,57300,283.1
24701,4940,55800,275.7
24711,4940,57400,283.6
24721,4940,55800,275.7
24731,4940,57400,283.6
24741,4940,55800,275.7
24751,4940,57300,283.1
24761,4940,55800,275.7
24771,4940,57300,283.1
24781,4940,55800,275.7
24791,4940,57300,283.1
24801,4940,55800,275.7
24811,4940,56700,280.1
24821,4940,56400,278.6
24831,4940,56700,280.1
24841,4940,56400,278.6
24851,4940,55900,276.1
24861,4836,150700,728.8
24871,4936,55800,275.4
24881,4940,57400,283.6
24891,4940,55800,275.7
24901,4940,57300,283.1
24911,4936,55800,275.4
24921,4944,57300,283.3
24931,4936,55800,275.4
24941,4940,57400,283.6
24951,4940,55700,275.2
24961,4940,57300,283.1
24971,4936,55700,274.9
24981,4940,56900,281.1
24991,4940,56500,279.1
25001,4940,56800,280.6
25011,4940,56500,279.1
25021,4940,56700,280.1
25031,4940,56400,278.6
25041,4940,55800,275.7
25051,4940,57400,283.6
25061,4936,55800,275.4
25071,4940,57300,283.1
25081,4940,55800,275.7
25091,4940,57400,283.6
25101,4936,55700,274.9
25111,4944,57400,283.8
25121,4940,55700,275.2
25131,4940,57300,283.1
25141,4940,55800,275.7
25151,4940,57300,283.1
25161,4940,55800,275.7
25171,4940,56700,280.1
25181,4940,56400,278.6
25191,4940,56800,280.6
25201,4940,56400,278.6
25211,4940,56700,280.1
25221,4940,56600,279.6
25231,4940,55700,275.2
25241,4940,57400,283.6
25251,4940,55700,275.2
25261,4944,57400,283.8
25271,4940,55700,275.2
25281,4940,57300,283.1
25291,4936,55800,275.4
25301,4940,57400,283.6
25311,4936,55800,275.4
25321,4940,57300,283.1
25331,4940,55700,275.2
25341,4940,57400,283.6
25351,4940,55800,275.7
25361,4936,68400,337.6
25371,4940,56400,278.6
25381,4940,56700,280.1
25391,4940,56400,278.6
25401,4940,56000,276.6
25411,4940,57400,283.6
25421,4940,55700,275.2
25431,4940,57300,283.1
25441,4940,55700,275.2
25451,4940,57300,283.1
25461,4940,55800,275.7
25471,4940,57300,283.1
25481,4936,55700,274.9
25491,4940,57400,283.6
25501,4936,55700,274.9
25511,4940,57300,283.1
25521,4940,55700,275.2
25531,4940,56800,280.6
25541,4940,56500,279.1
25551,4940,56700,280.1
25561,4940,56500,279.1
25571,4940,56700,280.1
25581,4940,56500,279.1
25591,4940,55800,275.7
25601,4940,57300,283.1
25611,4940,55800,275.7
25621,4940,57300,283.1
25631,4936,55800,275.4
25641,4940,57400,283.6
25651,4940,55700,275.2
25661,4940,57400,283.6
25671,4940,55700,275.2
25681,4940,57400,283.6
25691,4940,55700,275.2
25701,4940,57300,283.1
25711,4936,55800,275.4
25721,4940,56700,280.1
25731,4940,56400,278.6
25741,4940,56700,280.1
25751,4940,56400,278.6
25761,4940,56700,280.1
25771,4940,56700,280.1
25781,4940,55700,275.2
25791,4940,57300,283.1
25801,4940,55700,275.2
25811,4940,57300,283.1
25821,4940,55700,275.2
25831,4940,57300,283.1
25841,4936,55700,274.9
25851,4940,57300,283.1
25861,4940,55800,275.7
25871,4936,58400,288.3
25881,4940,55700,275.2
25891,4940,57400,283.6
25901,4940,55900,276.1
25911,4940,56700,280.1
25921,4940,56300,278.1
25931,4940,56700,280.1
25941,4940,56500,279.1
25951,4940,56000,276.6
25961,4940,57400,283.6
25971,4936,55800,275.4
25981,4940,57400,283.6
25991,4940,55800,275.7
26001,4940,57300,283.1
26011,4936,55800,275.4
26021,4940,57300,283.1
26031,4940,55800,275.7
26041,4940,57400,283.6
26051,4940,55700,275.2
26062,4940,56900,281.1
26071,4936,55800,275.4
26081,4940,56700,280.1
26091,4940,56500,279.1
26101,4940,56700,280.1
26111,4940,56400,278.6
26121,4940,56700,280.1
26131,4936,56500,278.9
26141,4940,55800,275.7
26151,4940,57300,283.1
26161,4940,55700,275.2
26171,4944,57300,283.3
26181,4940,55800,275.7
26191,4940,57400,283.6
26201,4936,55700,274.9
26211,4940,57400,283.6
26221,4940,55700,275.2
26231,4940,57300,283.1
26241,4936,55700,274.9
26251,4940,57400,283.6
26261,4936,55800,275.4
26271,4940,56700,280.1
26281,4940,56400,278.6
26291,4940,56700,280.1
26301,4940,56300,278.1
26311,4940,56700,280.1
26321,4940,56800,280.6
26331,4940,55800,275.7
26341,4940,57400,283.6
26351,4940,55700,275.2
26361,4940,57300,283.1
26371,4940,55700,275.2
26381,4940,57400,283.6
26391,4940,55700,275.2
26401,4940,57300,283.1
26411,4936,55800,275.4
26421,4940,57300,283.1
26431,4940,55800,275.7
26441,4940,57400,283.6
26451,4940,55900,276.1
26461,4940,56700,280.1
26471,4940,56400,278.6
26481,4940,56700,280.1
26491,4940,56400,278.6
26501,4940,55900,276.1
26511,4940,57400,283.6
26521,4936,55800,275.4
26531,4940,57300,283.1
26541,4940,55800,275.7
26551,4940,57300,283.1
26561,4940,55800,275.7
26571,4940,57300,283.1
26581,4936,55800,275.4
26591,4940,57300,283.1
26601,4940,55800,275.7
26611,4940,57400,283.6
26621,4940,55700,275.2
26631,4940,56800,280.6
26641,4940,56400,278.6
26651,4940,56700,280.1
26661,4940,56400,278.6
26671,4940,56700,280.1
26681,4940,56400,278.6
26691,4940,55700,275.2
26701,4940,57300,283.1
26711,4940,55800,275.7
26721,4940,57300,283.1
26731,4936,55800,275.4
26741,4940,57400,283.6
26751,4940,55700,275.2
26761,4940,57300,283.1
26771,4936,55700,274.9
26781,4940,57300,283.1
26791,4940,55700,275.2
26801,4940,57300,283.1
26811,4940,55800,275.7
26821,4940,56700,280.1
26831,4940,56400,278.6
26841,4940,56700,280.1
26851,4940,56400,278.6
26861,4940,56700,280.1
26871,4940,56700,280.1
26881,4824,140100,675.8
26891,4944,57400,283.8
26901,4940,55800,275.7
26911,4940,57300,283.1
26921,4940,55800,275.7
26931,4940,57400,283.6
26941,4940,55700,275.2
26951,4944,57400,283.8
26961,4936,55800,275.4
26971,4940,57300,283.1
26981,4940,55800,275.7
26991,4940,57400,283.6
27001,4936,55800,275.4
27011,4940,56700,280.1
27021,4940,56400,278.6
27031,4940,56700,280.1
27041,4940,56500,279.1
27051,4940,55900,276.1
27061,4940,57400,283.6
27071,4940,55800,275.7
27081,4940,57400,283.6
27091,4940,55700,275.2
27101,4944,57400,283.8
27111,4940,55700,275.2
27121,4944,57300,283.3
27131,4940,55800,275.7
27141,4940,57300,283.1
27151,4940,55700,275.2
27161,4940,57400,283.6
27171,4940,55800,275.7
27181,4940,56700,280.1
27191,4940,56500,279.1
27201,4940,56700,280.1
27211,4940,56400,278.6
27221,4940,56700,280.1
27231,4940,56400,278.6
27241,4936,55800,275.4
27251,4940,57400,283.6
27261,4940,55800,275.7
27271,4940,57300,283.1
27281,4940,55700,275.2
27291,4940,57400,283.6
27301,4940,55700,275.2
27311,4944,57400,283.8
27321,4940,55700,275.2
27331,4940,57300,283.1
27341,4936,55700,274.9
27351,4940,57300,283.1
27361,4940,55800,275.7
27371,4940,56700,280.1
27381,4728,134900,637.8
27391,4940,56700,280.1
27401,4940,56400,278.6
27411,4940,56700,280.1
27421,4940,56600,279.6
27431,4940,55700,275.2
27441,4944,57300,283.3
27451,4940,55700,275.2
27461,4940,57400,283.6
27471,4940,55700,275.2
27481,4940,57300,283.1
27491,4936,55800,275.4
27501,4940,57300,283.1
27511,4940,55800,275.7
27521,4940,57300,283.1
27531,4940,55800,275.7
27541,4940,57300,283.1
27551,4940,55900,276.1
27561,4940,56800,280.6
27571,4940,56400,278.6
27581,4940,56700,280.1
27591,4940,56300,278.1
27601,4940,55900,276.1
27611,4940,57400,283.6
27621,4940,55700,275.2
27631,4940,57300,283.1
27641,4940,55700,275.2
27651,4940,57400,283.6
27661,4940,55700,275.2
27671,4940,57300,283.1
27681,4936,55800,275.4
27691,4940,57300,283.1
27701,4936,55800,275.4
27711,4944,57300,283.3
27721,4936,55700,274.9
27731,4940,56800,280.6
27741,4940,56500,279.1
27751,4940,56700,280.1
27761,4940,56500,279.1
27772,4940,55800,275.7
27781,4940,56400,278.6
27791,4940,55800,275.7
27801,4940,57300,283.1
27811,4940,55800,275.7
27821,4940,57300,283.1
27831,4940,55700,275.2
27841,4940,57300,283.1
27851,4940,55800,275.7
27861,4940,57400,283.6
27871,4940,55700,275.2
27881,4816,142300,685.3
27891,4940,55800,275.7
27901,4940,57400,283.6
27911,4940,55800,275.7
27921,4940,56700,280.1
27931,4940,56400,278.6
27941,4940,56700,280.1
27951,4940,56500,279.1
27961,4940,56700,280.1
27971,4940,56700,280.1
27981,4940,55800,275.7
27991,4940,57400,283.6
28001,4940,55800,275.7
28011,4940,57300,283.1
28021,4940,55800,275.7
28031,4940,57300,283.1
28041,4940,55700,275.2
28051,4940,57300,283.1
28061,4940,55700,275.2
28071,4940,57300,283.1
28081,4936,55700,274.9
28091,4940,57300,283.1
28101,4940,55900,276.1
28111,4940,56800,280.6
28121,4940,56400,278.6
28131,4940,56700,280.1
28141,4940,56400,278.6
28151,4940,55900,276.1
28161,4940,57500,284.1
28171,4936,55700,274.9
28181,4940,57300,283.1
28191,4940,55700,275.2
28201,4940,57300,283.1
28211,4940,55800,275.7
28221,4940,57300,283.1
28231,4936,55800,275.4
28241,4940,57300,283.1
28251,4936,55800,275.4
28261,4940,57300,283.1
28271,4940,55800,275.7
28281,4940,56800,280.6
28291,4940,56400,278.6
28301,4940,56700,280.1
28311,4940,56400,278.6
28321,4940,56700,280.1
28331,4940,56400,278.6
28341,4940,55800,275.7
28351,4940,57300,283.1
28361,4940,55700,275.2
28371,4940,57300,283.1
28381,4940,55700,275.2
28391,4940,57300,283.1
28401,4940,55800,275.7
28411,4940,57400,283.6
28421,4940,55700,275.2
28431,4940,57400,283.6
28441,4940,55700,275.2
28451,4940,57300,283.1
28461,4940,55700,275.2
28471,4940,56700,280.1
28481,4940,56400,278.6
28491,4940,56800,280.6
28501,4940,56400,278.6
28511,4940,56700,280.1
28521,4940,56600,279.6
28531,4940,55800,275.7
28541,4940,57400,283.6
28551,4940,55700,275.2
28561,4940,57300,283.1
28571,4940,55700,275.2
28581,4940,57300,283.1
28591,4940,55800,275.7
28601,4944,57300,283.3
28611,4936,55700,274.9
28621,4940,57300,283.1
28631,4940,55700,275.2
28641,4940,57300,283.1
28651,4940,55800,275.7
28661,4940,56700,280.1
28671,4940,56400,278.6
28681,4940,56700,280.1
28691,4940,56400,278.6
28701,4940,55900,276.1
28711,4940,57400,283.6
28721,4940,55700,275.2
28731,4940,57400,283.6
28741,4940,55800,275.7
28751,4940,57300,283.1
28761,4940,55700,275.2
28771,4940,57400,283.6
28781,4940,55800,275.7
28791,4940,57300,283.1
28801,4936,55700,274.9
28811,4944,57300,283.3
28821,4936,55700,274.9
28831,4940,56800,280.6
28841,4940,56500,279.1
28851,4940,56800,280.6
28861,4940,56400,278.6
28871,4940,56700,280.1
28881,4940,56400,278.6
28891,4820,202700,977.0
28901,4940,57300,283.1
28911,4940,55800,275.7
28921,4940,57400,283.6
28931,4940,55800,275.7
28941,4940,57400,283.6
28951,4940,55700,275.2
28961,4940,57400,283.6
28971,4940,55700,275.2
28981,4940,57400,283.6
28991,4940,55800,275.7
29001,4940,57400,283.6
29011,4936,55700,274.9
29021,4940,56700,280.1
29031,4940,56400,278.6
29041,4940,56700,280.1
29051,4940,56400,278.6
29061,4940,56800,280.6
29071,4940,56500,279.1
29081,4940,55800,275.7
29091,4940,57300,283.1
29101,4940,55700,275.2
29111,4940,57400,283.6
29121,4940,55700,275.2
29131,4940,57400,283.6
29141,4940,55700,275.2
29151,4944,57300,283.3
29161,4940,55700,275.2
29171,4940,57400,283.6
29181,4940,55700,275.2
29191,4940,57300,283.1
29201,4940,55800,275.7
29211,4940,56700,280.1
29221,4940,56400,278.6
29231,4940,56700,280.1
29241,4940,56400,278.6
29251,4940,56000,276.6
29261,4940,57400,283.6
29271,4940,55700,275.2
29281,4940,57300,283.1
29291,4940,55700,275.2
29301,4940,57300,283.1
29311,4940,55700,275.2
29321,4940,57300,283.1
29331,4936,55800,275.4
29341,4940,57300,283.1
29351,4940,55800,275.7
29361,4940,57300,283.1
29371,4940,55700,275.2
29381,4940,56800,280.6
29391,4816,140200,675.2
29401,4940,56700,280.1
29411,4940,56400,278.6
29421,4940,56700,280.1
29431,4940,56400,278.6
29441,4940,55700,275.2
29451,4940,57300,283.1
29461,4940,55700,275.2
29472,4940,57400,283.6
29481,4940,55800,275.7
29491,4944,57400,283.8
29501,4940,55800,275.7
29511,4940,57400,283.6
29521,4940,55700,275.2
29531,4940,57400,283.6
29541,4940,55700,275.2
29551,4940,57300,283.1
29561,4936,55800,275.4
29571,4940,56800,280.6
29581,4940,56400,278.6
29591,4940,56700,280.1
29601,4940,56400,278.6
29611,4940,56800,280.6
29621,4940,56500,279.1
29631,4940,55700,275.2
29641,4940,57400,283.6
29651,4940,55700,275.2
29661,4940,57300,283.1
29671,4940,55700,275.2
29681,4940,57400,283.6
29691,4940,55800,275.7
29701,4940,57300,283.1
29711,4940,55800,275.7
29721,4940,57400,283.6
29731,4940,55800,275.7
29741,4940,57400,283.6
29751,4940,55800,275.7
29761,4940,56700,280.1
29771,4936,56400,278.4
29781,4940,56700,280.1
29791,4940,56400,278.6
29801,4940,56000,276.6
29811,4940,57400,283.6
29821,4940,55700,275.2
29831,4940,57400,283.6
29841,4940,55700,275.2
29851,4940,57400,283.6
29861,4940,55700,275.2
29871,4940,57300,283.1
29881,4940,55700,275.2
29891,4796,142300,682.5
29901,4940,55800,275.7
29911,4940,57300,283.1
29921,4940,55800,275.7
29931,4940,57000,281.6
29941,4940,56500,279.1
29951,4940,56600,279.6
29961,4940,56400,278.6
29971,4940,56700,280.1
29981,4940,56400,278.6
29991,4936,55800,275.4
30001,4940,57300,283.1
30011,4940,55800,275.7
30021,4940,57400,283.6
30031,4940,55800,275.7
30041,4940,57300,283.1
30051,4936,55800,275.4
30061,4940,57300,283.1
30071,4936,55700,274.9
30081,4940,57300,283.1
30091,4940,55700,275.2
30101,4940,57400,283.6
30111,4940,55800,275.7
30121,4940,56700,280.1
30131,4936,56400,278.4
30141,4940,56700,280.1
30151,4940,56400,278.6
30161,4940,56700,280.1
30171,4940,56500,279.1
30181,4940,55800,275.7
30191,4940,57300,283.1
30201,4940,55700,275.2
30211,4940,57300,283.1
30221,4940,55800,275.7
30231,4940,57300,283.1
30241,4940,55700,275.2
30251,4940,57300,283.1
30261,4940,55800,275.7
30271,4940,57300,283.1
30281,4940,55700,275.2
30291,4940,57300,283.1
30301,4940,55700,275.2
30311,4940,56700,280.1
30321,4940,56400,278.6
30331,4940,56700,280.1
30341,4940,56300,278.1
30351,4940,56100,277.1
30361,4940,57300,283.1
30371,4940,55800,275.7
30381,4944,57300,283.3
30391,4936,55700,274.9
30401,4800,198100,950.9
30411,4940,55700,275.2
30421,4940,57300,283.1
30431,4940,55800,275.7
30441,4940,57300,283.1
30451,4940,55800,275.7
30461,4940,57300,283.1
30471,4940,55800,275.7
30481,4940,57100,282.1
30491,4936,56400,278.4
30501,4940,56700,280.1
30511,4940,56400,278.6
30521,4940,56700,280.1
30531,4940,56400,278.6
30541,4940,55700,275.2
30551,4940,57400,283.6
30561,4940,55700,275.2
30571,4940,57300,283.1
30581,4940,55800,275.7
30591,4940,57300,283.1
30601,4936,55800,275.4
30611,4940,57300,283.1
30621,4940,55700,275.2
30631,4940,57400,283.6
30641,4936,55800,275.4
30651,4940,57400,283.6
30661,4940,55700,275.2
30671,4940,56700,280.1
30681,4940,56400,278.6
30691,4940,56600,279.6
30701,4940,56400,278.6
30711,4940,56700,280.1
30721,4940,56400,278.6
30731,4936,55800,275.4
30741,4940,57300,283.1
30751,4940,55700,275.2
30761,4940,57300,283.1
30771,4940,55700,275.2
30781,4940,57300,283.1
30791,4940,55800,275.7
30801,4940,57300,283.1
30811,4940,55800,275.7
30821,4940,57300,283.1
30831,4940,55800,275.7
30841,4940,57300,283.1
30851,4940,55700,275.2
30861,4940,56700,280.1
30871,4940,56400,278.6
30881,4940,56800,280.6
30891,4940,56300,278.1
30901,4800,141700,680.2
30911,4940,57200,282.6
30921,4940,55700,275.2
30931,4944,57400,283.8
30941,4940,55800,275.7
30951,4940,57400,283.6
30961,4940,55700,275.2
30971,4940,57300,283.1
30981,4936,55700,274.9
30991,4940,57300,283.1
31001,4940,55700,275.2
31011,4940,57400,283.6
31021,4936,55700,274.9
31031,4940,57100,282.1
31041,4936,56400,278.4
31051,4940,56700,280.1
31061,4940,56400,278.6
31071,4940,56700,280.1
31081,4940,56400,278.6
31091,4940,55700,275.2
31101,4940,57300,283.1
31111,4940,55700,275.2
31121,4940,57300,283.1
31131,4940,55800,275.7
31141,4940,57300,283.1
31151,4940,55700,275.2
31161,4940,57300,283.1
31171,4940,55700,275.2
31185,4940,56800,280.6
31191,4940,55800,275.7
31201,4940,57300,283.1
31211,4940,55700,275.2
31221,4940,56700,280.1
31231,4936,56400,278.4
31241,4940,56700,280.1
31251,4940,56400,278.6
31261,4940,56600,279.6
31271,4940,56400,278.6
31281,4940,55800,275.7
31291,4940,57300,283.1
31301,4936,55800,275.4
31311,4940,57400,283.6
31321,4940,55800,275.7
31331,4940,57300,283.1
31341,4940,55700,275.2
31351,4940,57300,283.1
31361,4940,55700,275.2
31371,4940,57300,283.1
31381,4940,55700,275.2
31391,4940,57300,283.1
31401,4940,55700,275.2
31411,4940,56700,280.1
31421,4940,56400,278.6
31431,4940,56700,280.1
31441,4940,56400,278.6
31451,4940,56400,278.6
31461,4940,57200,282.6
31471,4940,55700,275.2
31481,4940,57300,283.1
31491,4936,55800,275.4
31501,4940,57300,283.1
31511,4940,55700,275.2
31521,4940,57300,283.1
31531,4940,55800,275.7
31541,4940,57300,283.1
31551,4940,55700,275.2
31561,4940,57300,283.1
31571,4940,55700,275.2
31581,4940,57100,282.1
31591,4936,56300,277.9
31601,4940,56600,279.6
31611,4940,56400,278.6
31621,4940,56700,280.1
31631,4940,56400,278.6
31641,4940,55700,275.2
31651,4940,57300,283.1
31661,4940,55800,275.7
31671,4940,57300,283.1
31681,4940,55700,275.2
31691,4940,57300,283.1
31701,4940,55800,275.7
31711,4940,57300,283.1
31721,4940,55700,275.2
31731,4940,57300,283.1
31741,4940,55700,275.2
31751,4940,57300,283.1
31761,4940,55800,275.7
31771,4940,56700,280.1
31781,4940,56400,278.6
31791,4940,56600,279.6
31801,4940,56500,279.1
31811,4940,56700,280.1
31821,4940,56400,278.6
31831,4940,55800,275.7
31841,4940,57400,283.6
31851,4940,55700,275.2
31861,4940,57300,283.1
31871,4940,55700,275.2
31881,4940,57300,283.1
31891,4936,55700,274.9
31901,4940,57400,283.6
31911,4824,204400,986.0
31921,4940,57400,283.6
31931,4940,55800,275.7
31941,4940,57300,283.1
31951,4940,55800,275.7
31961,4940,56700,280.1
31971,4940,56400,278.6
31981,4940,56700,280.1
31991,4940,56400,278.6
32001,4940,56400,278.6
32011,4940,57100,282.1
32021,4940,55700,275.2
32031,4940,57300,283.1
32041,4940,55700,275.2
32051,4940,57300,283.1
32061,4940,55700,275.2
32071,4940,57300,283.1
32081,4940,55800,275.7
32091,4940,57300,283.1
32101,4940,55800,275.7
32111,4940,57300,283.1
32121,4936,55700,274.9
32131,4940,57300,283.1
32141,4940,56200,277.6
32151,4940,56700,280.1
32161,4940,56300,278.1
32171,4940,56700,280.1
32181,4940,56300,278.1
32191,4940,55700,275.2
32201,4940,57300,283.1
32211,4940,55700,275.2
32221,4940,57300,283.1
32231,4940,55700,275.2
32241,4944,57300,283.3
32251,4940,55700,275.2
32261,4940,57400,283.6
32271,4940,55700,275.2
32281,4940,57400,283.6
32291,4940,55700,275.2
32301,4940,57300,283.1
32311,4940,55800,275.7
32321,4940,56600,279.6
32331,4936,56300,277.9
32341,4940,56700,280.1
32351,4940,56400,278.6
32361,4940,56700,280.1
32371,4940,56400,278.6
32381,4936,55800,275.4
32391,4940,57300,283.1
32401,4940,55800,275.7
32411,4940,60100,296.9
32421,4940,55700,275.2
32431,4940,57400,283.6
32441,4940,55700,275.2
32451,4940,57300,283.1
32461,4940,55800,275.7
32471,4940,57300,283.1
32481,4940,55800,275.7
32491,4940,57300,283.1
32501,4940,55800,275.7
32511,4940,56700,280.1
32521,4940,56400,278.6
32531,4940,56800,280.6
32541,4940,56400,278.6
32551,4940,56500,279.1
32561,4940,57000,281.6
32571,4940,55700,275.2
32581,4944,57300,283.3
32591,4936,55700,274.9
32601,4944,57400,283.8
32611,4940,55800,275.7
32621,4940,57300,283.1
32631,4940,55700,275.2
32641,4940,57300,283.1
32651,4940,55800,275.7
32661,4940,57300,283.1
32671,4940,55800,275.7
32681,4940,57300,283.1
32691,4940,56100,277.1
32701,4940,56700,280.1
32711,4940,56400,278.6
32721,4940,56700,280.1
32731,4940,56400,278.6
32741,4940,55700,275.2
32751,4940,57300,283.1
32761,4936,55700,274.9
32771,4940,57200,282.6
32781,4936,55800,275.4
32791,4940,57300,283.1
32801,4940,55800,275.7
32811,4940,57400,283.6
32821,4940,55800,275.7
32831,4940,57300,283.1
32841,4940,55700,275.2
32851,4940,57300,283.1
32861,4940,55700,275.2
32871,4940,56600,279.6
32882,4940,56400,278.6
32891,4940,56700,280.1
32901,4940,56400,278.6
32911,4940,56700,280.1
32921,4856,153800,746.9
32931,4940,55800,275.7
32941,4940,57400,283.6
32951,4936,55700,274.9
32961,4940,57400,283.6
32971,4940,55700,275.2
32981,4940,57300,283.1
32991,4940,55700,275.2
33001,4940,57400,283.6
33011,4940,55800,275.7
33021,4940,57300,283.1
33031,4940,55700,275.2
33041,4940,57300,283.1
33051,4940,55700,275.2
33061,4940,56700,280.1
33071,4940,56400,278.6
33081,4940,56700,280.1
33091,4940,56300,278.1
33101,4940,56600,279.6
33111,4940,57000,281.6
33121,4936,55700,274.9
33131,4940,57400,283.6
33141,4940,55700,275.2
33151,4940,57400,283.6
33161,4936,55700,274.9
33171,4940,57300,283.1
33181,4940,55800,275.7
33191,4940,57300,283.1
33201,4936,55800,275.4
33211,4940,57400,283.6
33221,4936,55700,274.9
33231,4940,57300,283.1
33241,4936,56100,276.9
33251,4940,56700,280.1
33261,4940,56300,278.1
33271,4940,56700,280.1
33281,4940,56400,278.6
33291,4940,55700,275.2
33301,4940,57400,283.6
33311,4940,55700,275.2
33321,4940,57300,283.1
33331,4940,55700,275.2
33341,4940,57300,283.1
33351,4940,55700,275.2
33361,4940,57300,283.1
33371,4940,55700,275.2
33381,4940,57400,283.6
33391,4940,55700,275.2
33401,4940,57300,283.1
33411,4940,55800,275.7
33421,4940,56600,279.6
33431,4856,56500,274.4
33441,4940,56700,280.1
33451,4940,56400,278.6
33461,4940,56800,280.6
33471,4940,56400,278.6
33481,4940,55800,275.7
33491,4940,57400,283.6
33501,4936,55800,275.4
33511,4940,57300,283.1
33521,4936,55700,274.9
33531,4940,57300,283.1
33541,4940,55700,275.2
33551,4940,57400,283.6
33561,4940,55700,275.2
33571,4940,57400,283.6
33581,4936,55700,274.9
33591,4940,57300,283.1
33601,4940,55800,275.7
33611,4940,56700,280.1
33621,4940,56400,278.6
33631,4940,56700,280.1
33641,4940,56400,278.6
33651,4940,56700,280.1
33661,4940,56900,281.1
33671,4940,55700,275.2
33681,4940,57300,283.1
33691,4940,55800,275.7
33701,4940,57300,283.1
33711,4936,55700,274.9
33721,4940,57400,283.6
33731,4940,55800,275.7
33741,4940,57200,282.6
33751,4936,55700,274.9
33761,4940,57300,283.1
33771,4936,55700,274.9
33781,4940,57300,283.1
33791,4940,56100,277.1
33801,4940,56800,280.6
33811,4940,56400,278.6
33821,4940,56700,280.1
33831,4940,56500,279.1
33841,4940,55700,275.2
33851,4940,57300,283.1
33861,4940,55700,275.2
33871,4940,57400,283.6
33881,4940,55700,275.2
33891,4940,57300,283.1
33901,4940,55800,275.7
33911,4940,57300,283.1
33921,4940,55700,275.2
33931,4804,138700,666.3
33941,4936,55800,275.4
33951,4940,57400,283.6
33961,4936,55800,275.4
33971,4940,56600,279.6
33981,4940,56400,278.6
33991,4940,56700,280.1
34001,4940,56500,279.1
34011,4940,56700,280.1
34021,4940,56400,278.6
34031,4940,55700,275.2
34041,4940,57300,283.1
34051,4940,55800,275.7
34061,4940,57300,283.1
34071,4936,55800,275.4
34081,4940,57300,283.1
34091,4940,55700,275.2
34101,4940,57300,283.1
34111,4936,55700,274.9
34121,4940,57400,283.6
34131,4940,55700,275.2
34141,4940,57300,283.1
34151,4940,55700,275.2
34161,4940,56700,280.1
34171,4940,56400,278.6
34181,4940,56700,280.1
34191,4940,56400,278.6
34201,4940,56600,279.6
34211,4940,56900,281.1
34221,4940,55700,275.2
34231,4940,57300,283.1
34241,4940,55700,275.2
34251,4940,57300,283.1
34261,4940,55700,275.2
34271,4940,57300,283.1
34281,4940,55800,275.7
34291,4940,57300,283.1
34301,4940,55800,275.7
34311,4940,57300,283.1
34321,4936,55700,274.9
34331,4940,57400,283.6
34341,4936,56100,276.9
34351,4940,56800,280.6
34361,4940,56400,278.6
34371,4940,56700,280.1
34381,4940,56400,278.6
34391,4940,55700,275.2
34401,4940,57300,283.1
34411,4940,55700,275.2
34421,4940,57300,283.1
34431,4808,142500,685.1
34441,4940,57300,283.1
34451,4940,55800,275.7
34461,4940,57400,283.6
34471,4940,55800,275.7
34481,4940,57400,283.6
34491,4940,55800,275.7
34501,4940,57300,283.1
34511,4940,55800,275.7
34521,4940,56700,280.1
34531,4936,56500,278.9
34541,4940,56700,280.1
34551,4940,56400,278.6
34561,4940,56700,280.1
34571,4940,56400,278.6
34581,4936,55800,275.4
34592,4940,57400,283.6
34601,4940,55800,275.7
34611,4940,57300,283.1
34621,4940,55800,275.7
34631,4940,57300,283.1
34641,4940,55800,275.7
34651,4940,57300,283.1
34661,4940,55700,275.2
34671,4940,57300,283.1
34681,4936,55700,274.9
34691,4940,57300,283.1
34701,4940,55800,275.7
34711,4940,56700,280.1
34721,4940,56400,278.6
34731,4940,56700,280.1
34741,4940,56400,278.6
34751,4940,56600,279.6
34761,4940,56900,281.1
34771,4940,55700,275.2
34781,4940,57300,283.1
34791,4936,55700,274.9
34801,4940,57400,283.6
34811,4940,55700,275.2
34821,4940,57300,283.1
34831,4940,55700,275.2
34841,4940,57300,283.1
34851,4940,55700,275.2
34861,4940,57300,283.1
34871,4940,55800,275.7
34881,4940,57300,283.1
34891,4940,56100,277.1
34901,4940,56700,280.1
34911,4940,56400,278.6
34921,4940,56700,280.1
34931,4940,56500,279.1
34941,4800,142500,684.0
34951,4940,57400,283.6
34961,4936,55800,275.4
34971,4940,57400,283.6
34981,4940,55700,275.2
34991,4940,57300,283.1
35001,4940,55800,275.7
35011,4940,57300,283.1
35021,4936,55700,274.9
35031,4940,57300,283.1
35041,4940,55700,275.2
35051,4940,57400,283.6
35061,4940,55700,275.2
35071,4940,56700,280.1
35081,4940,56500,279.1
35091,4940,56700,280.1
35101,4936,56500,278.9
35111,4940,56700,280.1
35121,4940,56400,278.6
35131,4940,55800,275.7
35141,4940,57300,283.1
35151,4936,55800,275.4
35161,4940,57300,283.1
35171,4940,55800,275.7
35181,4940,57300,283.1
35191,4940,55800,275.7
35201,4940,57300,283.1
35211,4940,55700,275.2
35221,4940,57400,283.6
35231,4940,55800,275.7
35241,4940,57300,283.1
35251,4940,55800,275.7
35261,4940,56600,279.6
35271,4940,56400,278.6
35281,4940,56700,280.1
35291,4940,56400,278.6
35301,4940,56500,279.1
35311,4940,56900,281.1
35321,4940,55700,275.2
35331,4944,57300,283.3
35341,4936,55700,274.9
35351,4940,57400,283.6
35361,4940,55700,275.2
35371,4940,57300,283.1
35381,4940,55800,275.7
35391,4940,57300,283.1
35401,4940,55800,275.7
35411,4940,57400,283.6
35421,4940,55800,275.7
35431,4944,57200,282.8
35441,4940,56200,277.6
35451,4828,56700,273.7
35461,4940,56400,278.6
35471,4940,56700,280.1
35481,4940,56400,278.6
35491,4940,55800,275.7
35501,4940,57400,283.6
35511,4936,55700,274.9
35521,4940,57300,283.1
35531,4940,55800,275.7
35541,4940,57300,283.1
35551,4940,55800,275.7
35561,4940,57300,283.1
35571,4940,55700,275.2
35581,4940,57300,283.1
35591,4940,55800,275.7
35601,4940,57300,283.1
35611,4940,55800,275.7
35621,4940,56700,280.1
35631,4936,56400,278.4
35641,4940,56700,280.1
35651,4940,56400,278.6
35661,4944,56700,280.3
35671,4940,56400,278.6
35681,4940,55800,275.7
35691,4940,57400,283.6
35701,4940,55700,275.2
35711,4940,57300,283.1
35721,4936,55800,275.4
35731,4940,57400,283.6
35741,4940,55700,275.2
35751,4940,57300,283.1
35761,4940,55700,275.2
35771,4940,57300,283.1
35781,4936,55700,274.9
35791,4940,57300,283.1
35801,4940,55800,275.7
35811,4940,56700,280.1
35821,4940,56500,279.1
35831,4940,56700,280.1
35841,4940,56400,278.6
35851,4940,56600,279.6
35861,4940,57000,281.6
35871,4936,55800,275.4
35881,4940,57300,283.1
35891,4940,55700,275.2
35901,4940,57400,283.6
35911,4940,55700,275.2
35921,4940,57300,283.1
35931,4940,55800,275.7
35941,4940,57300,283.1
35951,4816,138400,666.5
35961,4940,57300,283.1
35971,4936,55700,274.9
35981,4940,57400,283.6
35991,4940,56100,277.1
36001,4940,56700,280.1
36011,4940,56400,278.6
36021,4940,56800,280.6
36031,4940,56400,278.6
36041,4940,55700,275.2
36051,4940,57300,283.1
36061,4940,55700,275.2
36071,4940,57300,283.1
36081,4940,55700,275.2
36091,4940,57300,283.1
36101,4936,55800,275.4
36111,4940,57300,283.1
36121,4936,55800,275.4
36131,4940,57400,283.6
36141,4940,55800,275.7
36151,4940,57300,283.1
36161,4940,55700,275.2
36171,4940,56700,280.1
36181,4940,56400,278.6
36191,4940,56600,279.6
36201,4940,56400,278.6
36211,4940,56700,280.1
36221,4940,56400,278.6
36231,4940,55700,275.2
36241,4940,57400,283.6
36251,4940,55800,275.7
36261,4940,57400,283.6
36271,4940,55700,275.2
36281,4944,57400,283.8
36292,4940,55800,275.7
36301,4944,57300,283.3
36311,4936,55800,275.4
36321,4940,57400,283.6
36331,4936,55700,274.9
36341,4940,57300,283.1
36351,4936,55800,275.4
36361,4940,56800,280.6
36371,4940,56500,279.1
36381,4940,56600,279.6
36391,4940,56400,278.6
36401,4940,56500,279.1
36411,4940,57100,282.1
36421,4936,55800,275.4
36431,4940,57300,283.1
36441,4940,55700,275.2
36451,4944,57300,283.3
36461,4824,138200,666.7
36471,4940,57300,283.1
36481,4940,55800,275.7
36491,4940,57400,283.6
36501,4940,55800,275.7
36511,4940,57400,283.6
36521,4940,55800,275.7
36531,4940,57300,283.1
36541,4940,56200,277.6
36551,4940,56800,280.6
36561,4940,56500,279.1
36571,4940,56700,280.1
36581,4940,56400,278.6
36591,4940,55700,275.2
36601,4940,57300,283.1
36611,4940,55700,275.2
36621,4940,57300,283.1
36631,4936,55800,275.4
36641,4940,57300,283.1
36651,4940,55700,275.2
36661,4944,57300,283.3
36671,4940,55800,275.7
36681,4940,57400,283.6
36691,4940,55700,275.2
36701,4940,57300,283.1
36711,4940,55700,275.2
36721,4940,56700,280.1
36731,4940,56400,278.6
36741,4940,56700,280.1
36751,4940,56500,279.1
36761,4940,56600,279.6
36771,4940,56400,278.6
36781,4940,55800,275.7
36791,4940,57400,283.6
36801,4940,55800,275.7
36811,4940,57400,283.6
36821,4940,55800,275.7
36831,4940,57300,283.1
36841,4940,55700,275.2
36851,4940,57400,283.6
36861,4936,55700,274.9
36871,4940,57300,283.1
36881,4940,55800,275.7
36891,4940,57300,283.1
36901,4940,55800,275.7
36911,4940,56700,280.1
36921,4940,56400,278.6
36931,4940,56700,280.1
36941,4940,56400,278.6
36951,4940,56400,278.6
36961,4940,59900,295.9
36971,4940,55800,275.7
36981,4940,57300,283.1
36991,4940,55700,275.2
37001,4940,57400,283.6
37011,4936,55800,275.4
37021,4940,57300,283.1
37031,4940,55700,275.2
37041,4940,57300,283.1
37051,4936,55800,275.4
37061,4940,57300,283.1
37071,4940,55800,275.7
37081,4944,57300,283.3
37091,4940,56200,277.6
37101,4940,56800,280.6
37111,4940,56400,278.6
37121,4940,56700,280.1
37131,4940,56400,278.6
37141,4940,55700,275.2
37151,4940,57300,283.1
37161,4936,55700,274.9
37171,4940,57300,283.1
37181,4940,55800,275.7
37191,4940,57300,283.1
37201,4940,55700,275.2
37211,4944,57300,283.3
37221,4936,55800,275.4
37231,4940,57300,283.1
37241,4940,55700,275.2
37251,4940,57300,283.1
37261,4940,55700,275.2
37271,4940,56700,280.1
37281,4940,56300,278.1
37291,4940,56700,280.1
37301,4940,56400,278.6
37311,4940,56700,280.1
37321,4940,56400,278.6
37331,4940,55700,275.2
37341,4940,57400,283.6
37351,4940,55800,275.7
37361,4940,57400,283.6
37371,4940,55700,275.2
37381,4940,57300,283.1
37391,4936,55800,275.4
37401,4940,57400,283.6
37411,4940,55700,275.2
37421,4940,57300,283.1
37431,4940,55700,275.2
37441,4940,57400,283.6
37451,4940,55700,275.2
37461,4940,56700,280.1
37471,4892,158000,772.9
37481,4940,56700,280.1
37491,4940,56400,278.6
37501,4940,56400,278.6
37511,4940,57100,282.1
37521,4936,55800,275.4
37531,4940,57300,283.1
37541,4940,55800,275.7
37551,4940,57400,283.6
37561,4940,55700,275.2
37571,4940,57400,283.6
37581,4940,55800,275.7
37591,4940,57300,283.1
37601,4940,55700,275.2
37611,4940,57300,283.1
37621,4940,55800,275.7
37631,4940,57200,282.6
37641,4940,56300,278.1
37651,4940,56800,280.6
37661,4940,56400,278.6
37671,4940,56700,280.1
37681,4940,56400,278.6
37691,4936,55700,274.9
37701,4940,57400,283.6
37711,4940,55800,275.7
37721,4940,57300,283.1
37731,4936,55700,274.9
37741,4940,57300,283.1
37751,4936,55800,275.4
37761,4940,57400,283.6
37771,4940,55800,275.7
37781,4940,57300,283.1
37791,4940,55700,275.2
37801,4940,57300,283.1
37811,4940,55800,275.7
37821,4940,56700,280.1
37831,4940,56300,278.1
37841,4940,56700,280.1
37851,4940,56400,278.6
37861,4940,56700,280.1
37871,4940,56500,279.1
37881,4940,55700,275.2
37891,4944,57300,283.3
37901,4940,55800,275.7
37911,4940,57300,283.1
37921,4940,55700,275.2
37931,4940,57400,283.6
37941,4940,55800,275.7
37951,4940,57300,283.1
37961,4940,55800,275.7
37971,4940,57400,283.6
37981,4828,145500,702.5
37991,4940,57300,283.1
38002,4940,56400,278.6
38011,4940,56800,280.6
38021,4940,56500,279.1
38031,4940,56700,280.1
38041,4940,56400,278.6
38051,4940,56300,278.1
38061,4940,57100,282.1
38071,4940,55800,275.7
38081,4940,57300,283.1
38091,4940,55800,275.7
38101,4940,57400,283.6
38111,4940,55700,275.2
38121,4940,57400,283.6
38131,4936,55800,275.4
38141,4940,57300,283.1
38151,4940,55700,275.2
38161,4940,57300,283.1
38171,4940,55800,275.7
38181,4940,57200,282.6
38191,4940,56400,278.6
38201,4940,56800,280.6
38211,4940,56400,278.6
38221,4940,56700,280.1
38231,4940,56300,278.1
38241,4940,55700,275.2
38251,4940,57400,283.6
38261,4940,55800,275.7
38271,4940,57300,283.1
38281,4940,55800,275.7
38291,4940,57400,283.6
38301,4940,55800,275.7
38311,4940,57300,283.1
38321,4940,55800,275.7
38331,4940,57300,283.1
38341,4940,55800,275.7
38351,4940,57300,283.1
38361,4940,55700,275.2
38371,4940,56700,280.1
38381,4936,56300,277.9
38391,4940,56700,280.1
38401,4936,56300,277.9
38411,4940,56700,280.1
38421,4940,56500,279.1
38431,4940,55800,275.7
38441,4940,57300,283.1
38451,4940,55800,275.7
38461,4940,57300,283.1
38471,4940,55800,275.7
38481,4812,146000,702.6
38491,4940,55800,275.7
38501,4940,57400,283.6
38511,4940,55700,275.2
38521,4940,57400,283.6
38531,4936,55800,275.4
38541,4940,57300,283.1
38551,4940,55700,275.2
38561,4940,56700,280.1
38571,4940,56400,278.6
38581,4940,56600,279.6
38591,4940,56400,278.6
38601,4940,56200,277.6
38611,4940,57200,282.6
38621,4940,55800,275.7
38631,4940,57300,283.1
38641,4940,55700,275.2
38651,4940,57300,283.1
38661,4940,55700,275.2
38671,4940,57400,283.6
38681,4940,55700,275.2
38691,4940,57300,283.1
38701,4936,55700,274.9
38711,4940,57300,283.1
38721,4936,55800,275.4
38731,4944,57100,282.3
38741,4940,56500,279.1
38751,4940,56800,280.6
38761,4940,56400,278.6
38771,4940,56800,280.6
38781,4940,56400,278.6
38791,4940,55700,275.2
38801,4940,57300,283.1
38811,4936,55800,275.4
38821,4940,57300,283.1
38831,4940,55700,275.2
38841,4940,57300,283.1
38851,4936,55700,274.9
38861,4940,57400,283.6
38871,4940,55800,275.7
38881,4940,57300,283.1
38891,4940,55800,275.7
38901,4940,57300,283.1
38911,4940,55700,275.2
38921,4940,56700,280.1
38931,4940,56400,278.6
38941,4940,56700,280.1
38951,4940,56400,278.6
38961,4940,56700,280.1
38971,4940,56500,279.1
38981,4932,78100,385.2
38991,4940,57300,283.1
39001,4940,55800,275.7
39011,4944,57300,283.3
39021,4940,55700,275.2
39031,4940,57300,283.1
39041,4940,55800,275.7
39051,4940,57300,283.1
39061,4940,55700,275.2
39071,4940,57400,283.6
39081,4936,55800,275.4
39091,4940,57300,283.1
39101,4940,55700,275.2
39111,4940,56600,279.6
39121,4940,56400,278.6
39131,4940,56700,280.1
39141,4940,56400,278.6
39151,4940,56300,278.1
39161,4940,57300,283.1
39171,4940,55800,275.7
39181,4940,57400,283.6
39191,4940,55800,275.7
39201,4940,57300,283.1
39211,4936,55800,275.4
39221,4940,57400,283.6
39231,4940,55700,275.2
39241,4940,57300,283.1
39251,4940,55800,275.7
39261,4940,57400,283.6
39271,4940,55800,275.7
39281,4940,57000,281.6
39291,4940,56500,279.1
39301,4940,56700,280.1
39311,4940,56400,278.6
39321,4940,56800,280.6
39331,4940,56400,278.6
39341,4940,55700,275.2
39351,4940,57300,283.1
39361,4940,55800,275.7
39371,4940,57300,283.1
39381,4940,55700,275.2
39391,4940,57300,283.1
39401,4940,55700,275.2
39411,4940,57400,283.6
39421,4940,55800,275.7
39431,4940,57300,283.1
39441,4940,55700,275.2
39451,4940,57300,283.1
39461,4940,55700,275.2
39471,4940,56700,280.1
39481,4940,56400,278.6
39491,4936,65900,325.3
39501,4940,56400,278.6
39511,4940,56700,280.1
39521,4940,56500,279.1
39531,4936,55700,274.9
39541,4940,57300,283.1
39551,4940,55700,275.2
39561,4940,57400,283.6
39571,4940,55700,275.2
39581,4940,57300,283.1
39591,4936,55800,275.4
39601,4940,57300,283.1
39611,4940,55700,275.2
39621,4940,57400,283.6
39631,4940,55700,275.2
39641,4940,57300,283.1
39651,4940,55700,275.2
39661,4940,56700,280.1
39671,4940,56400,278.6
39681,4940,56700,280.1
39691,4940,56400,278.6
39701,4940,56200,277.6
39712,4940,57400,283.6
39721,4940,55800,275.7
39731,4940,57400,283.6
39741,4940,55800,275.7
39751,4940,57400,283.6
39761,4940,55800,275.7
39771,4940,57400,283.6
39781,4940,55800,275.7
39791,4940,57300,283.1
39801,4940,55800,275.7
39811,4940,57300,283.1
39821,4940,55700,275.2
39831,4940,57000,281.6
39841,4940,56500,279.1
39851,4940,56700,280.1
39861,4940,56400,278.6
39871,4940,56700,280.1
39881,4940,56300,278.1
39891,4940,55800,275.7
39901,4940,57300,283.1
39911,4936,55800,275.4
39921,4940,57400,283.6
39931,4940,55700,275.2
39941,4940,57400,283.6
39951,4940,55700,275.2
39961,4940,57300,283.1
39971,4940,55800,275.7
39981,4940,57300,283.1
39991,4940,55700,275.2
40001,4728,156300,739.0
40011,4940,55800,275.7
40021,4940,56800,280.6
40031,4940,56400,278.6
40041,4940,56800,280.6
40051,4940,56400,278.6
40061,4940,56700,280.1
40071,4940,56500,279.1
40081,4936,55800,275.4
40091,4940,57400,283.6
40101,4940,55700,275.2
40111,4940,57400,283.6
40121,4940,55800,275.7
40131,4940,57300,283.1
40141,4940,55800,275.7
40151,4940,57300,283.1
40161,4936,55800,275.4
40171,4940,57400,283.6
40181,4940,55700,275.2
40191,4940,57400,283.6
40201,4940,55800,275.7
40211,4940,56700,280.1
40221,4940,56400,278.6
40231,4940,56700,280.1
40241,4940,56400,278.6
40251,4940,56100,277.1
40261,4940,57300,283.1
40271,4936,55800,275.4
40281,4940,57300,283.1
40291,4940,55700,275.2
40301,4940,57300,283.1
40311,4940,55700,275.2
40321,4940,57400,283.6
40331,4940,55800,275.7
40341,4940,57300,283.1
40351,4940,55800,275.7
40361,4940,57400,283.6
40371,4940,55800,275.7
40381,4940,57000,281.6
40391,4940,56500,279.1
40401,4940,56600,279.6
40411,4940,56400,278.6
40421,4940,56700,280.1
40431,4940,56400,278.6
40441,4936,55800,275.4
40451,4940,57300,283.1
40461,4940,55800,275.7
40471,4940,57400,283.6
40481,4936,55600,274.4
40491,4940,57400,283.6
40501,4740,94400,447.5
40511,4940,57300,283.1
40521,4936,55800,275.4
40531,4940,57400,283.6
40541,4940,55800,275.7
40551,4940,57300,283.1
40561,4936,55800,275.4
40571,4940,56800,280.6
40581,4940,56300,278.1
40591,4940,56700,280.1
40601,4940,56400,278.6
40611,4940,56600,279.6
40621,4940,56500,279.1
40631,4936,55700,274.9
40641,4940,57400,283.6
40651,4940,55700,275.2
40661,4940,57300,283.1
40671,4936,55800,275.4
40681,4940,57300,283.1
40691,4936,55800,275.4
40701,4940,57300,283.1
40711,4940,55800,275.7
40721,4940,57400,283.6
40731,4940,55800,275.7
40741,4940,57400,283.6
40751,4940,55800,275.7
40761,4940,56700,280.1
40771,4940,56400,278.6
40781,4940,56700,280.1
40791,4940,56400,278.6
40801,4940,56200,277.6
40811,4936,57300,282.8
40821,4940,55800,275.7
40831,4940,57300,283.1
40841,4940,55800,275.7
40851,4940,57300,283.1
40861,4940,55800,275.7
40871,4940,57400,283.6
40881,4940,55800,275.7
40891,4940,57400,283.6
40901,4940,55700,275.2
40911,4940,57300,283.1
40921,4940,55700,275.2
40931,4940,56900,281.1
40941,4940,56400,278.6
40951,4940,56700,280.1
40961,4940,56400,278.6
40971,4940,56700,280.1
40981,4940,56400,278.6
40991,4940,55700,275.2
41001,4756,151900,722.4
41011,4936,55800,275.4
41021,4940,57400,283.6
41031,4940,55700,275.2
41041,4940,57400,283.6
41051,4940,55800,275.7
41061,4940,57300,283.1
41071,4940,55800,275.7
41081,4940,57400,283.6
41091,4940,55800,275.7
41101,4940,57300,283.1
41111,4936,55700,274.9
41121,4940,56700,280.1
41131,4940,56300,278.1
41141,4940,56700,280.1
41151,4940,56400,278.6
41161,4940,56700,280.1
41171,4940,56500,279.1
41181,4936,55700,274.9
41191,4940,57300,283.1
41201,4936,55800,275.4
41211,4940,57400,283.6
41221,4940,55700,275.2
41231,4940,57400,283.6
41241,4940,55800,275.7
41251,4940,57300,283.1
41261,4936,55800,275.4
41271,4940,57300,283.1
41281,4940,55800,275.7
41291,4940,57300,283.1
41301,4936,55700,274.9
41311,4940,56600,279.6
41321,4940,56400,278.6
41331,4940,56700,280.1
41341,4940,56400,278.6
41351,4940,56100,277.1
41361,4940,57300,283.1
41371,4936,55800,275.4
41381,4940,57300,283.1
41391,4940,55800,275.7
41401,4940,57400,283.6
41412,4940,55700,275.2
41421,4940,57300,283.1
41431,4936,55700,274.9
41441,4940,57300,283.1
41451,4936,55800,275.4
41461,4940,57400,283.6
41471,4936,55800,275.4
41481,4940,56900,281.1
41491,4940,56500,279.1
41501,4740,134300,636.6
41511,4940,56500,279.1
41521,4940,56800,280.6
41531,4940,56400,278.6
41541,4936,55700,274.9
41551,4940,57300,283.1
41561,4940,55800,275.7
41571,4940,57300,283.1
41581,4936,55700,274.9
41591,4940,57300,283.1
41601,4940,55700,275.2
41611,4940,57400,283.6
41621,4940,55700,275.2
41631,4940,57300,283.1
41641,4936,55800,275.4
41651,4940,57300,283.1
41661,4940,55800,275.7
41671,4940,56700,280.1
41681,4940,56400,278.6
41691,4940,56700,280.1
41701,4940,56400,278.6
41711,4940,56600,279.6
41721,4936,56500,278.9
41731,4940,55800,275.7
41741,4940,57400,283.6
41751,4940,55700,275.2
41761,4940,57300,283.1
41771,4940,55700,275.2
41781,4940,57200,282.6
41791,4936,55700,274.9
41801,4940,57300,283.1
41811,4940,55700,275.2
41821,4940,57400,283.6
41831,4940,55700,275.2
41841,4944,57300,283.3
41851,4936,55800,275.4
41861,4940,56700,280.1
41871,4940,56400,278.6
41881,4940,56600,279.6
41891,4940,56500,279.1
41901,4940,56000,276.6
41911,4940,57300,283.1
41921,4940,55800,275.7
41931,4940,57400,283.6
41941,4940,55800,275.7
41951,4940,57300,283.1
41961,4936,55700,274.9
41971,4940,57400,283.6
41981,4940,55800,275.7
41991,4940,57300,283.1
42001,4816,140200,675.2
42011,4940,57400,283.6
42021,4936,55700,274.9
42031,4940,57100,282.1
42041,4936,56500,278.9
42051,4940,56700,280.1
42061,4940,56500,279.1
42071,4940,56700,280.1
42081,4940,56400,278.6
42091,4940,55800,275.7
42101,4940,57300,283.1
42111,4940,55800,275.7
42121,4940,57300,283.1
42131,4940,55800,275.7
42141,4940,57300,283.1
42151,4940,55700,275.2
42161,4940,57300,283.1
42171,4940,55700,275.2
42181,4940,57300,283.1
42191,4936,55800,275.4
42201,4940,57400,283.6
42211,4940,55700,275.2
42221,4940,56700,280.1
42231,4940,56400,278.6
42241,4940,56700,280.1
42251,4940,56300,278.1
42261,4940,56700,280.1
42271,4940,56500,279.1
42281,4940,55700,275.2
42291,4940,57300,283.1
42301,4940,55700,275.2
42311,4940,57400,283.6
42321,4940,55800,275.7
42331,4940,57300,283.1
42341,4940,55700,275.2
42351,4940,57200,282.6
42361,4940,55700,275.2
42371,4940,57300,283.1
42381,4936,55800,275.4
42391,4940,57300,283.1
42401,4940,55800,275.7
42411,4940,56700,280.1
42421,4940,56400,278.6
42431,4940,56700,280.1
42441,4940,56400,278.6
42451,4940,56100,277.1
42461,4940,57300,283.1
42471,4940,55800,275.7
42481,4940,57400,283.6
42491,4940,55800,275.7
42501,4828,147800,713.6
42511,4940,55700,275.2
42521,4940,57400,283.6
42531,4936,55800,275.4
42541,4940,57300,283.1
42551,4940,55700,275.2
42561,4940,57300,283.1
42571,4940,55700,275.2
42581,4940,57000,281.6
42591,4940,56400,278.6
42601,4940,56600,279.6
42611,4940,56400,278.6
42621,4940,56700,280.1
42631,4940,56300,278.1
42641,4940,55800,275.7
42651,4940,57200,282.6
42661,4936,55700,274.9
42671,4940,57300,283.1
42681,4940,55700,275.2
42691,4940,57300,283.1
42701,4940,55700,275.2
42711,4940,57300,283.1
42721,4940,55700,275.2
42731,4940,57300,283.1
42741,4936,55700,274.9
42751,4940,57300,283.1
42761,4940,55700,275.2
42771,4940,56700,280.1
42781,4940,56400,278.6
42791,4940,56600,279.6
42801,4940,56400,278.6
42811,4940,56700,280.1
42821,4940,56500,279.1
42831,4936,55800,275.4
42841,4940,57300,283.1
42851,4940,55700,275.2
42861,4940,57300,283.1
42871,4940,55800,275.7
42881,4940,57400,283.6
42891,4940,55700,275.2
42901,4940,57300,283.1
42911,4936,55800,275.4
42921,4940,57400,283.6
42931,4936,55700,274.9
42941,4940,57300,283.1
42951,4936,55700,274.9
42961,4940,56600,279.6
42971,4940,56400,278.6
42981,4940,56700,280.1
42991,4940,56400,278.6
43001,4940,56100,277.1
43011,4892,57300,280.3
43021,4940,55800,275.7
43031,4940,57300,283.1
43041,4940,55800,275.7
43051,4940,57300,283.1
43061,4940,55700,275.2
43071,4940,57400,283.6
43081,4940,55800,275.7
43091,4940,57400,283.6
43101,4940,55800,275.7
43111,4940,57400,283.6
43122,4936,56400,278.4
43131,4940,57000,281.6
43141,4940,56400,278.6
43151,4940,56600,279.6
43161,4940,56400,278.6
43171,4940,56600,279.6
43181,4940,56400,278.6
43191,4940,55700,275.2
43201,4940,57300,283.1
43211,4936,55800,275.4
43221,4940,57300,283.1
43231,4936,55800,275.4
43241,4940,57300,283.1
43251,4940,55800,275.7
43261,4940,57400,283.6
43271,4940,55700,275.2
43281,4940,57300,283.1
43291,4940,55700,275.2
43301,4940,57300,283.1
43311,4940,55700,275.2
43321,4940,56700,280.1
43331,4940,56300,278.1
43341,4940,56700,280.1
43351,4940,56400,278.6
43361,4940,56700,280.1
43371,4940,56500,279.1
43381,4940,55700,275.2
43391,4940,57300,283.1
43401,4940,55800,275.7
43411,4940,57300,283.1
43421,4940,55700,275.2
43431,4940,57300,283.1
43441,4940,55700,275.2
43451,4940,57300,283.1
43461,4940,55800,275.7
43471,4940,57300,283.1
43481,4940,55800,275.7
43491,4940,57300,283.1
43501,4940,55800,275.7
43511,4796,141700,679.6
43521,4940,56400,278.6
43531,4940,56700,280.1
43541,4940,56400,278.6
43551,4940,56100,277.1
43561,4940,57300,283.1
43571,4936,55800,275.4
43581,4940,57400,283.6
43591,4936,55800,275.4
43601,4940,57300,283.1
43611,4940,55700,275.2
43621,4940,57300,283.1
43631,4940,55800,275.7
43641,4940,57400,283.6
43651,4936,55800,275.4
43661,4940,57400,283.6
43671,4940,55800,275.7
43681,4940,57000,281.6
43691,4940,56400,278.6
43701,4940,56700,280.1
43711,4940,56500,279.1
43721,4940,56700,280.1
43731,4940,56400,278.6
43741,4940,55800,275.7
43751,4940,57300,283.1
43761,4940,55700,275.2
43771,4940,57300,283.1
43781,4940,55800,275.7
43791,4940,57400,283.6
43801,4940,55800,275.7
43811,4944,57400,283.8
43821,4940,55700,275.2
43831,4940,57300,283.1
43841,4940,55800,275.7
43851,4940,57400,283.6
43861,4936,55800,275.4
43871,4940,56700,280.1
43881,4940,56300,278.1
43891,4940,56800,280.6
43901,4940,56400,278.6
43911,4940,56700,280.1
43921,4940,56500,279.1
43931,4940,55700,275.2
43941,4940,57300,283.1
43951,4940,55600,274.7
43961,4940,57400,283.6
43971,4936,55700,274.9
43981,4940,57400,283.6
43991,4940,55700,275.2
44001,4940,57400,283.6
44011,4936,55700,274.9
44021,4816,142700,687.2
44031,4940,55800,275.7
44041,4940,57400,283.6
44051,4936,55700,274.9
44061,4940,56700,280.1
44071,4940,56400,278.6
44081,4940,56700,280.1
44091,4940,56400,278.6
44101,4940,56200,277.6
44111,4940,57200,282.6
44121,4936,55700,274.9
44131,4940,57300,283.1
44141,4940,55700,275.2
44151,4940,57300,283.1
44161,4936,55700,274.9
44171,4940,57300,283.1
44181,4940,55800,275.7
44191,4940,57400,283.6
44201,4940,55700,275.2
44211,4940,57300,283.1
44221,4940,55700,275.2
44231,4940,57000,281.6
44241,4940,56400,278.6
44251,4940,56700,280.1
44261,4940,56500,279.1
44271,4940,56700,280.1
44281,4940,56400,278.6
44291,4940,55600,274.7
44301,4940,57300,283.1
44311,4940,55700,275.2
44321,4940,57300,283.1
44331,4940,55700,275.2
44341,4940,57300,283.1
44351,4940,55800,275.7
44361,4940,57300,283.1
44371,4936,55700,274.9
44381,4940,57300,283.1
44391,4940,55700,275.2
44401,4940,57300,283.1
44411,4940,55800,275.7
44421,4940,56700,280.1
44431,4940,56400,278.6
44441,4940,56700,280.1
44451,4940,56400,278.6
44461,4940,56700,280.1
44471,4940,56500,279.1
44481,4940,55700,275.2
44491,4940,57400,283.6
44501,4940,55800,275.7
44511,4940,57300,283.1
44521,4936,93900,463.5
44531,4940,57300,283.1
44541,4936,55800,275.4
44551,4940,57300,283.1
44561,4940,55800,275.7
44571,4940,57400,283.6
44581,4936,55800,275.4
44591,4940,57300,283.1
44601,4940,55700,275.2
44611,4940,56700,280.1
44621,4940,56400,278.6
44631,4940,56700,280.1
44641,4940,56400,278.6
44651,4940,56200,277.6
44661,4940,57200,282.6
44671,4940,55800,275.7
44681,4940,57300,283.1
44691,4940,55800,275.7
44701,4940,57300,283.1
44711,4940,55800,275.7
44721,4940,57300,283.1
44731,4940,55800,275.7
44741,4940,57300,283.1
44751,4940,55700,275.2
44761,4940,57300,283.1
44771,4940,55800,275.7
44781,4940,57100,282.1
44791,4936,56400,278.4
44801,4940,56700,280.1
44811,4940,56500,279.1
44822,4940,55700,275.2
44831,4940,56400,278.6
44841,4940,55700,275.2
44851,4940,57300,283.1
44861,4940,55800,275.7
44871,4940,57300,283.1
44881,4940,55800,275.7
44891,4940,57300,283.1
44901,4936,55700,274.9
44911,4940,57300,283.1
44921,4936,55800,275.4
44931,4940,57300,283.1
44941,4940,55800,275.7
44951,4940,57300,283.1
44961,4940,55800,275.7
44971,4940,56700,280.1
44981,4940,56300,278.1
44991,4940,56700,280.1
45001,4940,56400,278.6
45011,4940,56700,280.1
45021,4940,56500,279.1
45031,4940,55800,275.7
45041,4940,57400,283.6
45051,4940,55800,275.7
45061,4940,57400,283.6
45071,4940,55700,275.2
45081,4940,57300,283.1
45091,4940,55800,275.7
45101,4940,57400,283.6
45111,4940,55800,275.7
45121,4940,57300,283.1
45131,4936,55800,275.4
45141,4940,57400,283.6
45151,4940,55700,275.2
45161,4940,56800,280.6
45171,4940,56400,278.6
45181,4940,56700,280.1
45191,4940,56400,278.6
45201,4940,56300,278.1
45211,4940,57300,283.1
45221,4940,55700,275.2
45231,4940,57300,283.1
45241,4936,55800,275.4
45251,4940,57300,283.1
45261,4940,55700,275.2
45271,4940,57300,283.1
45281,4940,55800,275.7
45291,4940,57400,283.6
45301,4940,55800,275.7
45311,4940,57300,283.1
45321,4940,55700,275.2
45331,4940,57100,282.1
45341,4936,56400,278.4
45351,4940,56700,280.1
45361,4940,56400,278.6
45371,4940,56700,280.1
45381,4940,56500,279.1
45391,4940,55800,275.7
45401,4940,57300,283.1
45411,4936,55800,275.4
45421,4940,57300,283.1
45431,4940,55800,275.7
45441,4940,57400,283.6
45451,4940,55700,275.2
45461,4940,57400,283.6
45471,4936,55700,274.9
45481,4940,57300,283.1
45491,4940,55800,275.7
45501,4940,57300,283.1
45511,4940,55800,275.7
45521,4940,56700,280.1
45531,4848,56400,273.4
45541,4940,56700,280.1
45551,4940,56400,278.6
45561,4940,56800,280.6
45571,4940,56400,278.6
45581,4936,55700,274.9
45591,4940,57400,283.6
45601,4940,55700,275.2
45611,4940,57400,283.6
45621,4940,55700,275.2
45631,4940,57400,283.6
45641,4940,55800,275.7
45651,4940,57300,283.1
45661,4936,55700,274.9
45671,4940,57300,283.1
45681,4940,55800,275.7
45691,4940,57300,283.1
45701,4936,55700,274.9
45711,4940,56700,280.1
45721,4940,56400,278.6
45731,4940,56700,280.1
45741,4940,56500,279.1
45751,4940,56300,278.1
45761,4940,57300,283.1
45771,4940,55700,275.2
45781,4940,57300,283.1
45791,4940,55800,275.7
45801,4940,57300,283.1
45811,4940,55800,275.7
45821,4940,57300,283.1
45831,4936,55700,274.9
45841,4940,57300,283.1
45851,4940,55700,275.2
45861,4940,57400,283.6
45871,4940,55800,275.7
45881,4940,57100,282.1
45891,4940,56500,279.1
45901,4940,56600,279.6
45911,4940,56400,278.6
45921,4940,56700,280.1
45931,4940,56400,278.6
45941,4940,55800,275.7
45951,4940,57300,283.1
45961,4936,55700,274.9
45971,4940,57300,283.1
45981,4940,55800,275.7
45991,4940,57300,283.1
46001,4936,55800,275.4
46011,4940,57400,283.6
46021,4940,55800,275.7
46031,4820,141500,682.0
46041,4940,55800,275.7
46051,4940,57400,283.6
46061,4936,55800,275.4
46071,4940,56700,280.1
46081,4940,56300,278.1
46091,4940,56800,280.6
46101,4940,56400,278.6
46111,4940,56800,280.6
46121,4940,56400,278.6
46131,4940,55800,275.7
46141,4940,57400,283.6
46151,4936,55800,275.4
46161,4940,57300,283.1
46171,4940,55700,275.2
46181,4940,57300,283.1
46191,4940,55700,275.2
46201,4940,57300,283.1
46211,4940,55800,275.7
46221,4940,57300,283.1
46231,4940,55800,275.7
46241,4940,57300,283.1
46251,4936,55700,274.9
46261,4940,56700,280.1
46271,4940,56400,278.6
46281,4940,56700,280.1
46291,4940,56300,278.1
46301,4940,56300,278.1
46311,4940,57200,282.6
46321,4940,55700,275.2
46331,4940,57400,283.6
46341,4940,55800,275.7
46351,4940,57300,283.1
46361,4940,55800,275.7
46371,4940,57400,283.6
46381,4936,55800,275.4
46391,4940,57300,283.1
46401,4936,55800,275.4
46411,4940,57300,283.1
46421,4940,55700,275.2
46431,4940,57100,282.1
46441,4936,56500,278.9
46451,4940,56700,280.1
46461,4940,56400,278.6
46471,4940,56700,280.1
46481,4940,56400,278.6
46491,4940,55700,275.2
46501,4940,57300,283.1
46511,4940,55800,275.7
46521,4940,57300,283.1
46532,4792,88200,422.7
46541,4940,57300,283.1
46551,4940,55700,275.2
46561,4940,57400,283.6
46571,4940,55800,275.7
46581,4940,57300,283.1
46591,4936,55700,274.9
46601,4940,57300,283.1
46611,4940,55800,275.7
46621,4944,56700,280.3
46631,4940,56500,279.1
46641,4940,56700,280.1
46651,4940,56400,278.6
46661,4940,56700,280.1
46671,4940,56500,279.1
46681,4940,55800,275.7
46691,4940,57300,283.1
46701,4940,55800,275.7
46711,4940,57400,283.6
46721,4940,55800,275.7
46731,4940,57300,283.1
46741,4940,55800,275.7
46751,4940,57400,283.6
46761,4940,55700,275.2
46771,4940,57300,283.1
46781,4936,55800,275.4
46791,4940,57400,283.6
46801,4940,55700,275.2
46811,4940,56700,280.1
46821,4940,56400,278.6
46831,4940,56700,280.1
46841,4940,56400,278.6
46851,4940,56200,277.6
46861,4940,57200,282.6
46871,4940,55700,275.2
46881,4940,57300,283.1
46891,4940,55700,275.2
46901,4940,57300,283.1
46911,4936,55800,275.4
46921,4940,57300,283.1
46931,4940,55800,275.7
46941,4940,57400,283.6
46951,4940,55700,275.2
46961,4940,57300,283.1
46971,4940,55700,275.2
46981,4940,57100,282.1
46991,4940,56400,278.6
47001,4940,56700,280.1
47011,4940,56500,279.1
47021,4940,56600,279.6
47031,4940,56400,278.6
47041,4824,179700,866.9
47051,4940,57400,283.6
47061,4936,55700,274.9
47071,4940,57400,283.6
47081,4940,55800,275.7
47091,4940,57300,283.1
47101,4940,55700,275.2
47111,4940,57300,283.1
47121,4940,55800,275.7
47131,4940,57300,283.1
47141,4940,55700,275.2
47151,4940,57300,283.1
47161,4936,55800,275.4
47171,4940,56700,280.1
47181,4940,56400,278.6
47191,4940,56700,280.1
47201,4940,56400,278.6
47211,4940,56700,280.1
47221,4940,56400,278.6
47231,4940,55700,275.2
47241,4940,57400,283.6
47251,4940,55700,275.2
47261,4940,57400,283.6
47271,4940,55700,275.2
47281,4940,57400,283.6
47291,4940,55800,275.7
47301,4940,57200,282.6
47311,4940,55700,275.2
47321,4940,57300,283.1
47331,4936,55700,274.9
47341,4940,57300,283.1
47351,4940,55700,275.2
47361,4940,56700,280.1
47371,4940,56400,278.6
47381,4940,56800,280.6
47391,4940,56400,278.6
47401,4940,56300,278.1
47411,4940,57300,283.1
47421,4940,55700,275.2
47431,4940,57400,283.6
47441,4940,55700,275.2
47451,4940,57300,283.1
47461,4940,55800,275.7
47471,4940,57400,283.6
47481,4936,55800,275.4
47491,4940,57400,283.6
47501,4936,55700,274.9
47511,4940,57400,283.6
47521,4940,55800,275.7
47531,4940,57100,282.1
47541,4908,159200,781.4
47551,4940,56700,280.1
47561,4940,56400,278.6
47571,4940,56800,280.6
47581,4940,56500,279.1
47591,4940,55800,275.7
47601,4940,57300,283.1
47611,4940,55800,275.7
47621,4940,57300,283.1
47631,4940,55700,275.2
47641,4940,57300,283.1
47651,4940,55800,275.7
47661,4940,57400,283.6
47671,4940,55700,275.2
47681,4940,57300,283.1
47691,4936,55800,275.4
47701,4940,57300,283.1
47711,4940,55700,275.2
47721,4940,56600,279.6
47731,4936,56500,278.9
47741,4940,56700,280.1
47751,4940,56400,278.6
47761,4940,56700,280.1
47771,4940,56500,279.1
47781,4940,55800,275.7
47791,4940,57300,283.1
47801,4940,55700,275.2
47811,4940,57300,283.1
47821,4936,55700,274.9
47831,4940,57400,283.6
47841,4936,55800,275.4
47851,4940,57400,283.6
47861,4940,55800,275.7
47871,4940,57300,283.1
47881,4940,55700,275.2
47891,4940,57300,283.1
47901,4940,55800,275.7
47911,4940,56700,280.1
47921,4940,56400,278.6
47931,4940,56700,280.1
47941,4940,56400,278.6
47951,4940,56300,278.1
47961,4940,57300,283.1
47971,4940,55700,275.2
47981,4940,57400,283.6
47991,4940,55700,275.2
48001,4940,57300,283.1
48011,4940,55800,275.7
48021,4940,57400,283.6
48031,4940,55700,275.2
48041,4940,60200,297.4
48051,4940,55700,275.2
48061,4940,57300,283.1
48071,4940,55700,275.2
48081,4940,57200,282.6
48091,4940,56400,278.6
48101,4940,56700,280.1
48111,4940,56400,278.6
48121,4940,56700,280.1
48131,4940,56500,279.1
48141,4940,55700,275.2
48151,4940,57300,283.1
48161,4940,55700,275.2
48171,4944,57300,283.3
48181,4940,55800,275.7
48191,4940,57300,283.1
48201,4940,55700,275.2
48211,4940,57400,283.6
48221,4940,55800,275.7
48231,4940,57300,283.1
48242,4936,55800,275.4
48251,4940,57300,283.1
48261,4940,55700,275.2
48271,4940,56600,279.6
48281,4936,56400,278.4
48291,4940,56700,280.1
48301,4940,56400,278.6
48311,4940,56800,280.6
48321,4940,56400,278.6
48331,4940,55800,275.7
48341,4940,57300,283.1
48351,4936,55700,274.9
48361,4940,57400,283.6
48371,4940,55700,275.2
48381,4940,57300,283.1
48391,4940,55700,275.2
48401,4940,57400,283.6
48411,4936,55800,275.4
48421,4940,57300,283.1
48431,4940,55800,275.7
48441,4940,57300,283.1
48451,4940,55800,275.7
48461,4940,56700,280.1
48471,4940,56400,278.6
48481,4940,56800,280.6
48491,4940,56400,278.6
48501,4940,56200,277.6
48511,4940,57200,282.6
48521,4940,55700,275.2
48531,4944,57400,283.8
48541,4940,55700,275.2
48551,4724,138200,652.9
48561,4940,55800,275.7
48571,4940,57400,283.6
48581,4936,55800,275.4
48591,4940,57300,283.1
48601,4936,55800,275.4
48611,4940,57400,283.6
48621,4936,55700,274.9
48631,4940,57200,282.6
48641,4940,56400,278.6
48651,4940,56700,280.1
48661,4940,56400,278.6
48671,4940,56700,280.1
48681,4940,56400,278.6
48691,4940,55700,275.2
48701,4940,57300,283.1
48711,4940,55700,275.2
48721,4940,57300,283.1
48731,4940,55700,275.2
48741,4940,57300,283.1
48751,4936,55800,275.4
48761,4940,57400,283.6
48771,4936,55700,274.9
48781,4940,57300,283.1
48791,4940,55700,275.2
48801,4940,57400,283.6
48811,4940,55800,275.7
48821,4940,56600,279.6
48831,4940,56400,278.6
48841,4940,56700,280.1
48851,4940,56400,278.6
48861,4940,56700,280.1
48871,4940,56400,278.6
48881,4940,55700,275.2
48891,4940,57300,283.1
48901,4940,55700,275.2
48911,4940,57300,283.1
48921,4940,55700,275.2
48931,4940,57400,283.6
48941,4940,55700,275.2
48951,4940,57400,283.6
48961,4940,55800,275.7
48971,4940,57300,283.1
48981,4940,55800,275.7
48991,4940,57300,283.1
49001,4940,55800,275.7
49011,4940,56700,280.1
49021,4940,56400,278.6
49031,4940,56700,280.1
49041,4940,56300,278.1
49051,4936,69400,342.6
49061,4940,57200,282.6
49071,4940,55800,275.7
49081,4940,57400,283.6
49091,4940,55700,275.2
49101,4940,57300,283.1
49111,4940,55700,275.2
49121,4940,57300,283.1
49131,4940,55800,275.7
49141,4940,57300,283.1
49151,4940,55700,275.2
49161,4940,57300,283.1
49171,4940,55700,275.2
49181,4940,57200,282.6
49191,4940,56300,278.1
49201,4940,56700,280.1
49211,4940,56400,278.6
49221,4940,56700,280.1
49231,4936,56400,278.4
49241,4940,55700,275.2
49251,4940,57300,283.1
49261,4940,55800,275.7
49271,4940,57300,283.1
49281,4936,55800,275.4
49291,4940,57300,283.1
49301,4940,55800,275.7
49311,4940,57300,283.1
49321,4940,55700,275.2
49331,4940,57300,283.1
49341,4940,55700,275.2
49351,4940,57300,283.1
49361,4940,55700,275.2
49371,4944,56600,279.8
49381,4940,56400,278.6
49391,4940,56700,280.1
49401,4940,56400,278.6
49411,4940,56700,280.1
49421,4940,56400,278.6
49431,4940,55700,275.2
49441,4940,57300,283.1
49451,4936,55700,274.9
49461,4940,57300,283.1
49471,4940,55800,275.7
49481,4940,57400,283.6
49491,4940,55700,275.2
49501,4940,57300,283.1
49511,4936,55800,275.4
49521,4940,57300,283.1
49531,4940,55800,275.7
49541,4940,57400,283.6
49551,4940,55800,275.7
49561,4716,139100,656.0
49571,4940,56400,278.6
49581,4940,56800,280.6
49591,4940,56400,278.6
49601,4940,56400,278.6
49611,4940,57100,282.1
49621,4940,55800,275.7
49631,4940,57400,283.6
49641,4936,55800,275.4
49651,4940,57400,283.6
49661,4940,55800,275.7
49671,4940,57300,283.1
49681,4940,55800,275.7
49691,4940,57300,283.1
49701,4940,55800,275.7
49711,4940,57400,283.6
49721,4940,55800,275.7
49731,4940,57200,282.6
49741,4940,56300,278.1
49751,4940,56700,280.1
49761,4940,56400,278.6
49771,4940,56700,280.1
49781,4940,56400,278.6
49791,4940,55700,275.2
49801,4936,57400,283.3
49811,4940,55700,275.2
49821,4940,57400,283.6
49831,4936,55800,275.4
49841,4940,57300,283.1
49851,4940,55800,275.7
49861,4940,57300,283.1
49871,4936,55700,274.9
49881,4940,57300,283.1
49891,4940,55700,275.2
49901,4940,57400,283.6
49911,4940,55800,275.7
49921,4940,56700,280.1
49931,4940,56400,278.6
49942,4940,56700,280.1
49951,4940,56400,278.6
49961,4940,56700,280.1
49971,4940,56400,278.6
49981,4940,55700,275.2
49991,4940,57400,283.6
50001,4936,55700,274.9
50011,4940,57300,283.1
50021,4940,55800,275.7
50031,4940,57400,283.6
50041,4940,55800,275.7
50051,4940,57300,283.1
50061,4940,55800,275.7
50071,4940,57300,283.1
50081,4940,55800,275.7
50091,4940,57300,283.1
50101,4940,55700,275.2
50111,4940,56600,279.6
50121,4940,56400,278.6
50131,4940,56700,280.1
50141,4940,56400,278.6
50151,4940,56400,278.6
50161,4940,57200,282.6
50171,4936,55700,274.9
50181,4940,57400,283.6
50191,4940,55700,275.2
50201,4940,57300,283.1
50211,4940,55800,275.7
50221,4944,57400,283.8
50231,4936,55800,275.4
50241,4940,57300,283.1
50251,4936,55800,275.4
50261,4940,57300,283.1
50271,4936,55700,274.9
50281,4940,57100,282.1
50291,4940,56300,278.1
50301,4940,56700,280.1
50311,4940,56400,278.6
50321,4940,56700,280.1
50331,4940,56400,278.6
50341,4940,55700,275.2
50351,4940,57300,283.1
50361,4940,55800,275.7
50371,4940,57300,283.1
50381,4940,55700,275.2
50391,4940,57300,283.1
50401,4940,55800,275.7
50411,4940,57300,283.1
50421,4940,55800,275.7
50431,4940,57300,283.1
50441,4936,55700,274.9
50451,4940,57400,283.6
50461,4940,55700,275.2
50471,4940,56700,280.1
50481,4936,56400,278.4
50491,4940,56600,279.6
50501,4940,56400,278.6
50511,4940,56700,280.1
50521,4940,56400,278.6
50531,4940,55800,275.7
50541,4940,57300,283.1
50551,4940,55700,275.2
50561,4940,57300,283.1
50571,4820,145400,700.8
50581,4940,57400,283.6
50591,4940,55700,275.2
50601,4940,57400,283.6
50611,4940,55800,275.7
50621,4940,57400,283.6
50631,4940,55800,275.7
50641,4940,57300,283.1
50651,4940,55800,275.7
50661,4940,56600,279.6
50671,4940,56400,278.6
50681,4940,56700,280.1
50691,4940,56400,278.6
50701,4940,56500,279.1
50711,4940,57200,282.6
50721,4936,55700,274.9
50731,4940,57400,283.6
50741,4940,55700,275.2
50751,4940,57300,283.1
50761,4940,55800,275.7
50771,4940,57400,283.6
50781,4936,55800,275.4
50791,4940,57400,283.6
50801,4940,55800,275.7
50811,4940,57300,283.1
50821,4940,55800,275.7
50831,4940,57200,282.6
50841,4940,56300,278.1
50851,4940,56700,280.1
50861,4940,56400,278.6
50871,4940,56700,280.1
50881,4940,56400,278.6
50891,4940,55700,275.2
50901,4940,57300,283.1
50911,4940,55700,275.2
50921,4940,57300,283.1
50931,4936,55800,275.4
50941,4940,57300,283.1
50951,4940,55800,275.7
50961,4940,57300,283.1
50971,4940,55700,275.2
50981,4940,57400,283.6
50991,4940,55700,275.2
51001,4940,57400,283.6
51011,4940,55800,275.7
51021,4940,56700,280.1
51031,4940,56400,278.6
51041,4940,56700,280.1
51051,4940,56400,278.6
51061,4940,56700,280.1
51071,4812,140400,675.6
51081,4940,55800,275.7
51091,4940,57300,283.1
51101,4936,55700,274.9
51111,4940,57300,283.1
51121,4940,55700,275.2
51131,4944,57300,283.3
51141,4936,55800,275.4
51151,4940,57300,283.1
51161,4940,55700,275.2
51171,4940,57400,283.6
51181,4936,55800,275.4
51191,4940,57300,283.1
51201,4940,55800,275.7
51211,4940,56700,280.1
51221,4940,56400,278.6
51231,4940,56700,280.1
51241,4936,56400,278.4
51251,4940,56500,279.1
51261,4940,57100,282.1
51271,4940,55800,275.7
51281,4940,57400,283.6
51291,4940,55800,275.7
51301,4940,57300,283.1
51311,4940,55700,275.2
51321,4940,57300,283.1
51331,4940,55800,275.7
51341,4940,57400,283.6
51351,4940,55800,275.7
51361,4940,57300,283.1
51371,4936,55800,275.4
51381,4940,57300,283.1
51391,4936,56400,278.4
51401,4940,56800,280.6
51411,4940,56400,278.6
51421,4940,56600,279.6
51431,4940,56400,278.6
51441,4940,55700,275.2
51451,4940,57400,283.6
51461,4940,55800,275.7
51471,4940,57300,283.1
51481,4940,55700,275.2
51491,4940,57400,283.6
51501,4940,55800,275.7
51511,4940,57300,283.1
51521,4940,55700,275.2
51531,4940,57300,283.1
51541,4940,55700,275.2
51551,4940,57400,283.6
51561,4936,55700,274.9
51571,4940,56600,279.6
51581,4832,56400,272.5
51591,4940,56700,280.1
51601,4940,56400,278.6
51611,4940,56700,280.1
51621,4940,56400,278.6
51631,4940,55800,275.7
51641,4940,57300,283.1
51652,4940,55800,275.7
51661,4940,57300,283.1
51671,4940,55700,275.2
51681,4940,57400,283.6
51691,4940,55700,275.2
51701,4940,57300,283.1
51711,4940,55700,275.2
51721,4940,57300,283.1
51731,4940,55800,275.7
51741,4940,57300,283.1
51751,4940,55800,275.7
51761,4940,56700,280.1
51771,4940,56400,278.6
51781,4940,56700,280.1
51791,4940,56400,278.6
51801,4940,56400,278.6
51811,4940,57100,282.1
51821,4940,55700,275.2
51831,4940,57300,283.1
51841,4940,55700,275.2
51851,4940,57400,283.6
51861,4940,55700,275.2
51871,4940,57300,283.1
51881,4936,55700,274.9
51891,4940,57300,283.1
51901,4940,55800,275.7
51911,4940,57400,283.6
51921,4936,55700,274.9
51931,4940,57200,282.6
51941,4940,56300,278.1
51951,4940,56700,280.1
51961,4940,56400,278.6
51971,4940,56700,280.1
51981,4940,56400,278.6
51991,4940,55700,275.2
52001,4940,57400,283.6
52011,4940,55700,275.2
52021,4940,57300,283.1
52031,4940,55800,275.7
52041,4940,57300,283.1
52051,4936,55700,274.9
52061,4940,57300,283.1
52071,4940,55700,275.2
52081,4940,60200,297.4
52091,4940,55700,275.2
52101,4940,57300,283.1
52111,4940,55800,275.7
52121,4940,56600,279.6
52131,4936,56300,277.9
52141,4940,56700,280.1
52151,4940,56400,278.6
52161,4940,56600,279.6
52171,4940,56400,278.6
52181,4940,55800,275.7
52191,4940,57300,283.1
52201,4940,55800,275.7
52211,4944,57300,283.3
52221,4940,55700,275.2
52231,4940,57300,283.1
52241,4940,55700,275.2
52251,4940,57300,283.1
52261,4940,55700,275.2
52271,4940,57400,283.6
52281,4940,55700,275.2
52291,4940,57300,283.1
52301,4940,55800,275.7
52311,4940,56700,280.1
52321,4936,56400,278.4
52331,4940,56700,280.1
52341,4940,56400,278.6
52351,4936,56400,278.4
52361,4940,57100,282.1
52371,4940,55700,275.2
52381,4940,57300,283.1
52391,4940,55800,275.7
52401,4944,57300,283.3
52411,4940,55700,275.2
52421,4940,57400,283.6
52431,4940,55700,275.2
52441,4940,57400,283.6
52451,4940,55700,275.2
52461,4940,57300,283.1
52471,4940,55800,275.7
52481,4940,57200,282.6
52491,4936,56300,277.9
52501,4940,56700,280.1
52511,4940,56300,278.1
52521,4940,56600,279.6
52531,4940,56400,278.6
52541,4936,55600,274.4
52551,4940,57300,283.1
52561,4940,55800,275.7
52571,4940,57300,283.1
52581,4940,55700,275.2
52591,4728,132600,626.9
52601,4940,55800,275.7
52611,4940,57300,283.1
52621,4936,55800,275.4
52631,4940,57300,283.1
52641,4940,55800,275.7
52651,4940,57400,283.6
52661,4940,55800,275.7
52671,4940,56600,279.6
52681,4936,56300,277.9
52691,4940,56700,280.1
52701,4940,56400,278.6
52711,4940,56700,280.1
52721,4936,56400,278.4
52731,4940,55800,275.7
52741,4940,57300,283.1
52751,4940,55800,275.7
52761,4940,57300,283.1
52771,4940,55700,275.2
52781,4940,57300,283.1
52791,4940,55700,275.2
52801,4940,57400,283.6
52811,4940,55700,275.2
52821,4940,57300,283.1
52831,4940,55700,275.2
52841,4940,57300,283.1
52851,4936,55800,275.4
52861,4940,56700,280.1
52871,4940,56400,278.6
52881,4940,56600,279.6
52891,4940,56400,278.6
52901,4940,56400,278.6
52911,4940,57100,282.1
52921,4936,55700,274.9
52931,4940,57300,283.1
52941,4936,55700,274.9
52951,4940,57300,283.1
52961,4940,55700,275.2
52971,4940,57300,283.1
52981,4936,55700,274.9
52991,4940,57300,283.1
53001,4940,55700,275.2
53011,4940,57300,283.1
53021,4936,55700,274.9
53031,4940,57200,282.6
53041,4940,56200,277.6
53051,4940,56700,280.1
53061,4940,56400,278.6
53071,4940,56700,280.1
53081,4940,56400,278.6
53091,4940,55700,275.2
53101,4828,210800,1017.7
53111,4940,55700,275.2
53121,4940,57400,283.6
53131,4940,55800,275.7
53141,4940,57300,283.1
53151,4936,55800,275.4
53161,4940,57300,283.1
53171,4940,55700,275.2
53181,4940,57300,283.1
53191,4940,55700,275.2
53201,4940,57300,283.1
53211,4940,55700,275.2
53221,4940,56700,280.1
53231,4940,56400,278.6
53241,4940,56600,279.6
53251,4940,56400,278.6
53261,4940,56700,280.1
53271,4940,56300,278.1
53281,4936,55700,274.9
53291,4940,57300,283.1
53301,4940,55800,275.7
53311,4940,57300,283.1
53321,4940,55700,275.2
53331,4940,57300,283.1
53341,4940,55700,275.2
53352,4940,57300,283.1
53361,4940,55800,275.7
53371,4940,57300,283.1
53381,4940,55700,275.2
53391,4940,57300,283.1
53401,4940,55700,275.2
53411,4940,56700,280.1
53421,4940,56400,278.6
53431,4940,56600,279.6
53441,4940,56400,278.6
53451,4940,56500,279.1
53461,4940,57100,282.1
53471,4940,55800,275.7
53481,4940,57300,283.1
53491,4940,55700,275.2
53501,4940,57300,283.1
53511,4940,55700,275.2
53521,4940,57300,283.1
53531,4940,55800,275.7
53541,4940,57400,283.6
53551,4940,55800,275.7
53561,4940,57300,283.1
53571,4940,55800,275.7
53581,4940,57300,283.1
53591,4940,56200,277.6
53601,4940,56700,280.1
53611,4848,56400,273.4
53621,4940,56700,280.1
53631,4940,56400,278.6
53641,4940,55700,275.2
53651,4940,57400,283.6
53661,4936,55700,274.9
53671,4940,57300,283.1
53681,4940,55700,275.2
53691,4940,57300,283.1
53701,4936,55800,275.4
53711,4940,57300,283.1
53721,4936,55700,274.9
53731,4940,57300,283.1
53741,4940,55800,275.7
53751,4940,57400,283.6
53761,4940,55700,275.2
53771,4940,56600,279.6
53781,4936,56300,277.9
53791,4940,56600,279.6
53801,4940,56500,279.1
53811,4940,56700,280.1
53821,4940,56400,278.6
53831,4940,55700,275.2
53841,4940,57400,283.6
53851,4936,55800,275.4
53861,4940,57300,283.1
53871,4940,55700,275.2
53881,4940,57300,283.1
53891,4940,55800,275.7
53901,4940,57300,283.1
53911,4936,55800,275.4
53921,4940,57400,283.6
53931,4936,55700,274.9
53941,4940,57300,283.1
53951,4940,55700,275.2
53961,4940,56700,280.1
53971,4940,56400,278.6
53981,4940,56700,280.1
53991,4940,56400,278.6
54001,4940,56500,279.1
54011,4940,57100,282.1
54021,4940,55700,275.2
54031,4940,57300,283.1
54041,4936,55700,274.9
54051,4940,57300,283.1
54061,4940,55600,274.7
54071,4940,57300,283.1
54081,4940,55700,275.2
54091,4940,57300,283.1
54101,4940,55800,275.7
54111,4940,57400,283.6
54121,4820,55700,268.5
54131,4944,57300,283.3
54141,4936,56100,276.9
54151,4940,56700,280.1
54161,4940,56400,278.6
54171,4940,56700,280.1
54181,4940,56400,278.6
54191,4940,55800,275.7
54201,4940,57400,283.6
54211,4940,55700,275.2
54221,4940,57400,283.6
54231,4940,55700,275.2
54241,4940,57300,283.1
54251,4940,55700,275.2
54261,4940,57400,283.6
54271,4940,55800,275.7
54281,4940,57400,283.6
54291,4940,55800,275.7
54301,4940,57400,283.6
54311,4940,55800,275.7
54321,4940,56700,280.1
54331,4936,56400,278.4
54341,4940,56700,280.1
54351,4940,56400,278.6
54361,4940,56700,280.1
54371,4940,56500,279.1
54381,4940,55800,275.7
54391,4940,57400,283.6
54401,4940,55800,275.7
54411,4940,57300,283.1
54421,4936,55700,274.9
54431,4940,57300,283.1
54441,4940,55700,275.2
54451,4940,57400,283.6
54461,4940,55700,275.2
54471,4940,57300,283.1
54481,4940,55700,275.2
54491,4940,57300,283.1
54501,4940,55800,275.7
54511,4940,56600,279.6
54521,4940,56400,278.6
54531,4940,56700,280.1
54541,4940,56400,278.6
54551,4940,56500,279.1
54561,4940,57100,282.1
54571,4940,55800,275.7
54581,4940,57400,283.6
54591,4940,55700,275.2
54601,4940,57300,283.1
54611,4936,55700,274.9
54621,4816,142800,687.7
54631,4940,55800,275.7
54641,4940,57400,283.6
54651,4936,55800,275.4
54661,4940,57300,283.1
54671,4940,55800,275.7
54681,4940,57300,283.1
54691,4940,56100,277.1
54701,4940,56700,280.1
54711,4940,56400,278.6
54721,4940,56700,280.1
54731,4940,56400,278.6
54741,4936,55700,274.9
54751,4940,57300,283.1
54761,4940,55700,275.2
54771,4940,57400,283.6
54781,4940,55700,275.2
54791,4940,57300,283.1
54801,4940,55800,275.7
54811,4940,57300,283.1
54821,4936,55800,275.4
54831,4940,57300,283.1
54841,4940,55700,275.2
54851,4940,57400,283.6
54861,4940,55800,275.7
54871,4940,56700,280.1
54881,4940,56400,278.6
54891,4940,56600,279.6
54901,4940,56400,278.6
54911,4940,56700,280.1
54921,4940,56400,278.6
54931,4936,55800,275.4
54941,4940,57400,283.6
54951,4940,55700,275.2
54961,4944,57400,283.8
54971,4936,55800,275.4
54981,4940,57300,283.1
54991,4940,55700,275.2
55001,4940,57400,283.6
55011,4936,55600,274.4
55021,4940,57400,283.6
55031,4940,55700,275.2
55041,4940,57300,283.1
55051,4940,55700,275.2
55062,4940,56600,279.6
55071,4940,56500,279.1
55081,4940,56700,280.1
55091,4940,56400,278.6
55101,4940,56600,279.6
55111,4940,57000,281.6
55121,4936,55800,275.4
55131,4896,57400,281.0
55141,4936,55800,275.4
55151,4940,57400,283.6
55161,4940,55800,275.7
55171,4940,57400,283.6
55181,4936,55700,274.9
55191,4940,57300,283.1
55201,4936,55700,274.9
55211,4940,57300,283.1
55221,4940,55700,275.2
55231,4940,57300,283.1
55241,4940,56000,276.6
55251,4940,56700,280.1
55261,4940,56300,278.1
55271,4940,56700,280.1
55281,4940,56400,278.6
55291,4940,55700,275.2
55301,4940,57400,283.6
55311,4940,55700,275.2
55321,4940,57300,283.1
55331,4940,55800,275.7
55341,4940,57300,283.1
55351,4940,55800,275.7
55361,4940,57300,283.1
55371,4940,55800,275.7
55381,4940,57300,283.1
55391,4940,55700,275.2
55401,4940,57300,283.1
55411,4940,55700,275.2
55421,4940,56600,279.6
55431,4940,56400,278.6
55441,4940,56700,280.1
55451,4940,56400,278.6
55461,4940,56700,280.1
55471,4940,56400,278.6
55481,4940,55700,275.2
55491,4940,57400,283.6
55501,4940,55800,275.7
55511,4940,57300,283.1
55521,4936,55800,275.4
55531,4940,57400,283.6
55541,4940,55800,275.7
55551,4940,57400,283.6
55561,4940,55700,275.2
55571,4940,57300,283.1
55581,4940,55800,275.7
55591,4940,57300,283.1
55601,4940,55800,275.7
55611,4940,56700,280.1
55621,4940,56500,279.1
55631,4936,59900,295.7
55641,4940,56400,278.6
55651,4940,56700,280.1
55661,4940,56800,280.6
55671,4940,55800,275.7
55681,4940,57300,283.1
55691,4940,55700,275.2
55701,4940,57300,283.1
55711,4936,55700,274.9
55721,4944,57300,283.3
55731,4940,55800,275.7
55741,4940,57300,283.1
55751,4936,55800,275.4
55761,4940,57400,283.6
55771,4936,55800,275.4
55781,4940,57300,283.1
55791,4940,56000,276.6
55801,4940,56700,280.1
55811,4940,56400,278.6
55821,4940,56700,280.1
55831,4940,56400,278.6
55841,4940,55800,275.7
55851,4940,57400,283.6
55861,4936,55700,274.9
55871,4940,57400,283.6
55881,4940,55700,275.2
55891,4940,57300,283.1
55901,4940,55800,275.7
55911,4940,57300,283.1
55921,4940,55800,275.7
55931,4940,57400,283.6
55941,4940,55800,275.7
55951,4940,57300,283.1
55961,4940,55700,275.2
55971,4940,56700,280.1
55981,4940,56400,278.6
55991,4940,56700,280.1
56001,4940,56400,278.6
56011,4940,56700,280.1
56021,4940,56400,278.6
56031,4940,55700,275.2
56041,4940,57300,283.1
56051,4936,55800,275.4
56061,4940,57300,283.1
56071,4940,55700,275.2
56081,4940,57300,283.1
56091,4936,55700,274.9
56101,4940,57400,283.6
56111,4940,55700,275.2
56121,4940,57400,283.6
56131,4940,55700,275.2
56141,4728,175500,829.8
56151,4940,55800,275.7
56161,4940,56700,280.1
56171,4940,56400,278.6
56181,4940,56700,280.1
56191,4940,56500,279.1
56201,4940,56700,280.1
56211,4940,56700,280.1
56221,4936,55700,274.9
56231,4944,57400,283.8
56241,4940,55700,275.2
56251,4940,57300,283.1
56261,4940,55700,275.2
56271,4940,57400,283.6
56281,4940,55800,275.7
56291,4940,57300,283.1
56301,4940,55800,275.7
56311,4940,57300,283.1
56321,4940,55800,275.7
56331,4940,57300,283.1
56341,4936,55900,275.9
56351,4940,56700,280.1
56361,4940,56400,278.6
56371,4940,56700,280.1
56381,4940,56400,278.6
56391,4940,55800,275.7
56401,4940,57400,283.6
56411,4940,55700,275.2
56421,4940,57400,283.6
56431,4940,55700,275.2
56441,4940,57300,283.1
56451,4940,55800,275.7
56461,4940,57400,283.6
56471,4940,55700,275.2
56481,4940,57400,283.6
56491,4940,55800,275.7
56501,4940,57300,283.1
56511,4940,55700,275.2
56521,4940,56700,280.1
56531,4940,56400,278.6
56541,4940,56700,280.1
56551,4940,56400,278.6
56561,4940,56700,280.1
56571,4940,56400,278.6
56581,4940,55800,275.7
56591,4940,57300,283.1
56601,4940,55800,275.7
56611,4940,57400,283.6
56621,4940,55800,275.7
56631,4940,57300,283.1
56641,4816,140600,677.1
56651,4940,57300,283.1
56661,4940,55700,275.2
56671,4940,57300,283.1
56681,4936,55700,274.9
56691,4940,57300,283.1
56701,4940,55700,275.2
56711,4940,56700,280.1
56721,4940,56400,278.6
56731,4940,56700,280.1
56741,4940,56400,278.6
56751,4940,56700,280.1
56762,4940,57400,283.6
56771,4936,55700,274.9
56781,4940,57300,283.1
56791,4940,55700,275.2
56801,4944,57300,283.3
56811,4936,55800,275.4
56821,4940,57300,283.1
56831,4936,55800,275.4
56841,4940,57300,283.1
56851,4940,55700,275.2
56861,4940,57300,283.1
56871,4940,55800,275.7
56881,4940,57300,283.1
56891,4940,55800,275.7
56901,4940,56700,280.1
56911,4940,56400,278.6
56921,4940,56700,280.1
56931,4940,56400,278.6
56941,4940,55900,276.1
56951,4940,57400,283.6
56961,4940,55700,275.2
56971,4940,57400,283.6
56981,4940,55800,275.7
56991,4940,57400,283.6
57001,4936,55800,275.4
57011,4940,57300,283.1
57021,4940,55700,275.2
57031,4940,57400,283.6
57041,4940,55800,275.7
57051,4940,57300,283.1
57061,4940,55700,275.2
57071,4940,56800,280.6
57081,4940,56400,278.6
57091,4940,56700,280.1
57101,4940,56400,278.6
57111,4940,56600,279.6
57121,4940,56400,278.6
57131,4940,55700,275.2
57141,4940,57300,283.1
57151,4712,129500,610.2
57161,4940,57400,283.6
57171,4936,55800,275.4
57181,4940,57400,283.6
57191,4936,55700,274.9
57201,4940,57400,283.6
57211,4940,55800,275.7
57221,4940,57400,283.6
57231,4940,55700,275.2
57241,4940,57400,283.6
57251,4940,55700,275.2
57261,4940,56700,280.1
57271,4940,56400,278.6
57281,4940,56700,280.1
57291,4940,56400,278.6
57301,4940,56700,280.1
57311,4940,56600,279.6
57321,4936,55800,275.4
57331,4944,57300,283.3
57341,4940,55800,275.7
57351,4940,57300,283.1
57361,4936,55700,274.9
57371,4940,57400,283.6
57381,4940,55700,275.2
57391,4940,57400,283.6
57401,4940,55700,275.2
57411,4944,57400,283.8
57421,4940,55800,275.7
57431,4944,57400,283.8
57441,4936,55800,275.4
57451,4940,56700,280.1
57461,4940,56400,278.6
57471,4940,56800,280.6
57481,4940,56400,278.6
57491,4940,56000,276.6
57501,4940,57300,283.1
57511,4940,55700,275.2
57521,4940,57400,283.6
57531,4940,55700,275.2
57541,4940,57300,283.1
57551,4940,55800,275.7
57561,4940,57300,283.1
57571,4940,55800,275.7
57581,4940,57300,283.1
57591,4940,55800,275.7
57601,4940,57300,283.1
57611,4940,55800,275.7
57621,4940,56900,281.1
57631,4940,56400,278.6
57641,4940,56700,280.1
57651,4812,140400,675.6
57661,4940,56700,280.1
57671,4940,56400,278.6
57681,4940,55700,275.2
57691,4940,57300,283.1
57701,4940,55700,275.2
57711,4940,57300,283.1
57721,4940,55800,275.7
57731,4940,57300,283.1
57741,4940,55700,275.2
57751,4940,57300,283.1
57761,4936,55700,274.9
57771,4940,57300,283.1
57781,4940,55700,275.2
57791,4940,57300,283.1
57801,4940,55800,275.7
57811,4940,56700,280.1
57821,4936,56400,278.4
57831,4940,56700,280.1
57841,4940,56400,278.6
57851,4940,56700,280.1
57861,4940,56400,278.6
57871,4940,55700,275.2
57881,4940,57400,283.6
57891,4936,55700,274.9
57901,4940,57300,283.1
57911,4940,55700,275.2
57921,4940,57400,283.6
57931,4940,55700,275.2
57941,4940,57300,283.1
57951,4940,55700,275.2
57961,4940,57300,283.1
57971,4940,55800,275.7
57981,4940,57300,283.1
57991,4936,55800,275.4
58001,4940,56700,280.1
58011,4940,56400,278.6
58021,4940,56600,279.6
58031,4940,56400,278.6
58041,4940,56100,277.1
58051,4940,57300,283.1
58061,4940,55800,275.7
58071,4940,57400,283.6
58081,4940,55700,275.2
58091,4940,57400,283.6
58101,4940,55800,275.7
58111,4940,57300,283.1
58121,4940,55800,275.7
58131,4940,57300,283.1
58141,4940,55700,275.2
58151,4940,57300,283.1
58161,4816,55700,268.3
58171,4940,57200,282.6
58181,4940,56400,278.6
58191,4940,56700,280.1
58201,4940,56400,278.6
58211,4940,56700,280.1
58221,4940,56400,278.6
58231,4936,55600,274.4
58241,4940,57400,283.6
58251,4940,55700,275.2
58261,4940,57300,283.1
58271,4936,55800,275.4
58281,4940,57300,283.1
58291,4936,55700,274.9
58301,4940,57300,283.1
58311,4940,55700,275.2
58321,4940,57400,283.6
58331,4940,55700,275.2
58341,4940,57400,283.6
58351,4936,55700,274.9
58361,4940,56700,280.1
58371,4940,56400,278.6
58381,4940,56700,280.1
58391,4940,56400,278.6
58401,4940,56700,280.1
58411,4940,56400,278.6
58421,4940,55700,275.2
58431,4940,57400,283.6
58441,4940,55800,275.7
58451,4940,57400,283.6
58461,4936,55700,274.9
58472,4944,57400,283.8
58481,4940,55700,275.2
58491,4940,57400,283.6
58501,4940,55700,275.2
58511,4940,57300,283.1
58521,4936,55700,274.9
58531,4940,57300,283.1
58541,4940,55800,275.7
58551,4940,56700,280.1
58561,4940,56400,278.6
58571,4940,56700,280.1
58581,4940,56400,278.6
58591,4940,56300,278.1
58601,4940,57200,282.6
58611,4940,55700,275.2
58621,4940,57300,283.1
58631,4940,55700,275.2
58641,4940,57300,283.1
58651,4936,55800,275.4
58661,4828,149600,722.3
58671,4940,55800,275.7
58681,4940,57300,283.1
58691,4940,55700,275.2
58701,4940,57300,283.1
58711,4940,55800,275.7
58721,4940,57200,282.6
58731,4940,56300,278.1
58741,4940,56700,280.1
58751,4940,56400,278.6
58761,4940,56700,280.1
58771,4940,56400,278.6
58781,4940,55700,275.2
58791,4940,57400,283.6
58801,4940,55700,275.2
58811,4944,57300,283.3
58821,4940,55800,275.7
58831,4940,57300,283.1
58841,4940,55800,275.7
58851,4940,57300,283.1
58861,4940,55800,275.7
58871,4940,57300,283.1
58881,4940,55800,275.7
58891,4940,57400,283.6
58901,4936,55800,275.4
58911,4940,56700,280.1
58921,4940,56300,278.1
58931,4940,56700,280.1
58941,4940,56400,278.6
58951,4940,56700,280.1
58961,4936,56400,278.4
58971,4940,55800,275.7
58981,4944,57400,283.8
58991,4936,55800,275.4
59001,4940,57300,283.1
59011,4936,55800,275.4
59021,4940,57400,283.6
59031,4940,55700,275.2
59041,4940,57400,283.6
59051,4940,55800,275.7
59061,4940,57300,283.1
59071,4940,55800,275.7
59081,4944,57300,283.3
59091,4940,55700,275.2
59101,4940,56700,280.1
59111,4940,56400,278.6
59121,4940,56700,280.1
59131,4940,56400,278.6
59141,4940,56400,278.6
59151,4940,57100,282.1
59161,4940,55700,275.2
59171,4816,142400,685.8
59181,4940,55800,275.7
59191,4940,57300,283.1
59201,4940,55800,275.7
59211,4940,57300,283.1
59221,4936,55700,274.9
59231,4940,57400,283.6
59241,4940,55800,275.7
59251,4940,57300,283.1
59261,4936,55700,274.9
59271,4940,57300,283.1
59281,4936,56200,277.4
59291,4940,56700,280.1
59301,4940,56400,278.6
59311,4940,56700,280.1
59321,4940,56400,278.6
59331,4940,55700,275.2
59341,4940,57400,283.6
59351,4936,55800,275.4
59361,4940,57300,283.1
59371,4936,55800,275.4
59381,4944,57300,283.3
59391,4940,55800,275.7
59401,4940,57300,283.1
59411,4940,55800,275.7
59421,4940,57300,283.1
59431,4940,55800,275.7
59441,4940,57300,283.1
59451,4936,55700,274.9
59461,4940,56600,279.6
59471,4940,56400,278.6
59481,4940,56600,279.6
59491,4940,56400,278.6
59501,4940,56700,280.1
59511,4940,56400,278.6
59521,4940,55800,275.7
59531,4940,57300,283.1
59541,4940,55700,275.2
59551,4940,57400,283.6
59561,4940,55700,275.2
59571,4940,57300,283.1
59581,4940,55700,275.2
59591,4940,57300,283.1
59601,4940,55700,275.2
59611,4940,57300,283.1
59621,4940,55800,275.7
59631,4940,57300,283.1
59641,4940,55700,275.2
59651,4940,56700,280.1
59661,4940,56300,278.1
59671,4820,143500,691.7
59681,4940,56400,278.6
59691,4940,56600,279.6
59701,4940,56900,281.1
59711,4940,55800,275.7
59721,4940,57300,283.1
59731,4936,55800,275.4
59741,4940,57400,283.6
59751,4940,55700,275.2
59761,4940,57400,283.6
59771,4936,55700,274.9
59781,4940,57300,283.1
59791,4940,55800,275.7
59801,4940,57300,283.1
59811,4940,55800,275.7
59821,4940,57300,283.1
59831,4936,56000,276.4
59841,4940,56700,280.1
59851,4940,56400,278.6
59861,4940,56700,280.1
59871,4940,56400,278.6
59881,4940,55700,275.2
59891,4940,57400,283.6
59901,4940,55700,275.2
59911,4940,57400,283.6
59921,4940,55800,275.7
59931,4940,57400,283.6
59941,4936,55800,275.4
59951,4940,57400,283.6
59961,4940,55800,275.7
59971,4944,57300,283.3
59981,4940,55800,275.7
59991,4940,57300,283.1
60001,4940,55800,275.7
60011,4940,56600,279.6
60021,4940,56400,278.6
60031,4940,56700,280.1
60041,4940,56400,278.6
60051,4940,56700,280.1
60061,4940,56400,278.6
60071,4936,55800,275.4
60081,4940,57300,283.1
60091,4940,55700,275.2
60101,4940,57400,283.6
60111,4936,55700,274.9
60121,4940,57300,283.1
60131,4940,55700,275.2
60141,4940,57300,283.1
60151,4940,55700,275.2
60161,4944,57300,283.3
60171,4816,139700,672.8
60182,4940,56700,280.1
60191,4936,55800,275.4
60201,4940,56700,280.1
60211,4940,56400,278.6
60221,4940,56700,280.1
60231,4940,56400,278.6
60241,4940,56700,280.1
60251,4940,56800,280.6
60261,4936,55700,274.9
60271,4940,57400,283.6
60281,4940,55700,275.2
60291,4940,57300,283.1
60301,4940,55700,275.2
60311,4940,57300,283.1
60321,4936,55700,274.9
60331,4940,57300,283.1
60341,4936,55800,275.4
60351,4940,57300,283.1
60361,4940,55700,275.2
60371,4940,57300,283.1
60381,4940,56000,276.6
60391,4940,56700,280.1
60401,4940,56300,278.1
60411,4940,56700,280.1
60421,4940,56400,278.6
60431,4940,55800,275.7
60441,4940,57300,283.1
60451,4940,55700,275.2
60461,4940,57300,283.1
60471,4940,55700,275.2
60481,4940,57300,283.1
60491,4940,55700,275.2
60501,4940,57400,283.6
60511,4940,55700,275.2
60521,4944,57400,283.8
60531,4936,55700,274.9
60541,4940,57300,283.1
60551,4940,55700,275.2
60561,4940,56600,279.6
60571,4940,56400,278.6
60581,4940,56600,279.6
60591,4940,56300,278.1
60601,4940,56700,280.1
60611,4940,56400,278.6
60621,4940,55800,275.7
60631,4940,57300,283.1
60641,4940,55800,275.7
60651,4940,57300,283.1
60661,4940,55700,275.2
60671,4820,141300,681.1
60681,4940,55800,275.7
60691,4940,57400,283.6
60701,4940,55800,275.7
60711,4940,57300,283.1
60721,4940,55800,275.7
60731,4940,57300,283.1
60741,4940,55700,275.2
60751,4940,56700,280.1
60761,4940,56400,278.6
60771,4940,56700,280.1
60781,4940,56400,278.6
60791,4940,56600,279.6
60801,4940,56800,280.6
60811,4940,55800,275.7
60821,4940,57300,283.1
60831,4940,55700,275.2
60841,4940,57300,283.1
60851,4940,55800,275.7
60861,4940,57300,283.1
60871,4936,55800,275.4
60881,4940,57300,283.1
60891,4936,55800,275.4
60901,4940,57300,283.1
60911,4940,55700,275.2
60921,4940,57300,283.1
60931,4940,55900,276.1
60941,4940,56700,280.1
60951,4940,56400,278.6
60961,4940,56700,280.1
60971,4940,56400,278.6
60981,4940,55800,275.7
60991,4940,57300,283.1
61001,4940,55800,275.7
61011,4940,57300,283.1
61021,4940,55700,275.2
61031,4940,57400,283.6
61041,4940,55800,275.7
61051,4940,57300,283.1
61061,4936,55700,274.9
61071,4944,57300,283.3
61081,4940,55700,275.2
61091,4940,57300,283.1
61101,4940,55700,275.2
61111,4940,56600,279.6
61121,4940,56400,278.6
61131,4940,56700,280.1
61141,4940,56400,278.6
61151,4940,56700,280.1
61161,4940,56400,278.6
61171,4824,140600,678.3
61181,4940,57300,283.1
61191,4936,55700,274.9
61201,4940,57300,283.1
61211,4940,55700,275.2
61221,4940,57300,283.1
61231,4940,55700,275.2
61241,4940,57300,283.1
61251,4940,55700,275.2
61261,4940,57300,283.1
61271,4940,55800,275.7
61281,4940,57300,283.1
61291,4940,55700,275.2
61301,4940,56700,280.1
61311,4940,56400,278.6
61321,4940,56700,280.1
61331,4940,56400,278.6
61341,4940,56700,280.1
61351,4940,56600,279.6
61361,4940,55800,275.7
61371,4940,57300,283.1
61381,4940,55800,275.7
61391,4940,57300,283.1
61401,4940,55800,275.7
61411,4940,57300,283.1
61421,4936,55800,275.4
61431,4940,57300,283.1
61441,4940,55700,275.2
61451,4940,57300,283.1
61461,4936,55700,274.9
61471,4940,57400,283.6
61481,4940,55800,275.7
61491,4940,56700,280.1
61501,4940,56400,278.6
61511,4940,56700,280.1
61521,4936,56400,278.4
61531,4940,55900,276.1
61541,4940,57300,283.1
61551,4940,55800,275.7
61561,4940,57300,283.1
61571,4940,55700,275.2
61581,4940,57300,283.1
61591,4940,55700,275.2
61601,4940,57300,283.1
61611,4940,55800,275.7
61621,4940,57300,283.1
61631,4940,55700,275.2
61641,4940,57300,283.1
61651,4936,55700,274.9
61661,4940,56700,280.1
61671,4916,157100,772.3
61681,4940,56700,280.1
61691,4936,56400,278.4
61701,4940,56700,280.1
61711,4940,56400,278.6
61721,4940,55800,275.7
61731,4940,57300,283.1
61741,4940,55700,275.2
61751,4940,57300,283.1
61761,4940,55800,275.7
61771,4940,57300,283.1
61781,4940,55800,275.7
61791,4940,57300,283.1
61801,4940,55700,275.2
61811,4940,57300,283.1
61821,4936,55700,274.9
61831,4940,57300,283.1
61841,4940,55700,275.2
61851,4940,56700,280.1
61861,4940,56300,278.1
61871,4940,56700,280.1
61885,4940,57300,283.1
61891,4940,56700,280.1
61901,4940,56600,279.6
61911,4940,55700,275.2
61921,4940,57300,283.1
61931,4940,55700,275.2
61941,4940,57300,283.1
61951,4936,55700,274.9
61961,4940,57300,283.1
61971,4940,55700,275.2
61981,4944,57300,283.3
61991,4940,55800,275.7
62001,4940,57300,283.1
62011,4940,55700,275.2
62021,4940,57400,283.6
62031,4940,55900,276.1
62041,4940,56700,280.1
62051,4940,56400,278.6
62061,4940,56700,280.1
62071,4940,56400,278.6
62081,4940,55900,276.1
62091,4940,57300,283.1
62101,4940,55700,275.2
62111,4944,57400,283.8
62121,4940,55800,275.7
62131,4940,57300,283.1
62141,4940,55700,275.2
62151,4940,57300,283.1
62161,4940,55700,275.2
62171,4940,59700,294.9
62181,4940,55700,275.2
62191,4940,57300,283.1
62201,4940,55700,275.2
62211,4940,56800,280.6
62221,4940,56500,279.1
62231,4940,56700,280.1
62241,4940,56400,278.6
62251,4940,56700,280.1
62261,4940,56400,278.6
62271,4940,55800,275.7
62281,4940,57300,283.1
62291,4940,55800,275.7
62301,4940,57300,283.1
62311,4936,55700,274.9
62321,4940,57300,283.1
62331,4940,55700,275.2
62341,4940,57300,283.1
62351,4940,55800,275.7
62361,4940,57300,283.1
62371,4940,55800,275.7
62381,4940,57300,283.1
62391,4936,55800,275.4
62401,4940,56700,280.1
62411,4940,56400,278.6
62421,4940,56700,280.1
62431,4940,56400,278.6
62441,4940,56700,280.1
62451,4940,56600,279.6
62461,4940,55700,275.2
62471,4944,57300,283.3
62481,4940,55700,275.2
62491,4940,57300,283.1
62501,4940,55700,275.2
62511,4940,57300,283.1
62521,4940,55800,275.7
62531,4940,57300,283.1
62541,4936,55800,275.4
62551,4940,57300,283.1
62561,4940,55700,275.2
62571,4940,57300,283.1
62581,4940,55800,275.7
62591,4940,56600,279.6
62601,4940,56400,278.6
62611,4940,56700,280.1
62621,4940,56400,278.6
62631,4940,56000,276.6
62641,4940,57400,283.6
62651,4936,55800,275.4
62661,4944,57400,283.8
62671,4940,55700,275.2
62681,4732,138200,654.0
62691,4936,55800,275.4
62701,4940,57300,283.1
62711,4940,55700,275.2
62721,4940,57400,283.6
62731,4940,55700,275.2
62741,4940,57400,283.6
62751,4940,55800,275.7
62761,4940,57000,281.6
62771,4940,56400,278.6
62781,4940,56600,279.6
62791,4940,56400,278.6
62801,4940,56700,280.1
62811,4940,56400,278.6
62821,4936,55700,274.9
62831,4940,57300,283.1
62841,4940,55800,275.7
62851,4940,57300,283.1
62861,4940,55700,275.2
62871,4940,57300,283.1
62881,4936,55800,275.4
62891,4940,57300,283.1
62901,4940,55700,275.2
62911,4940,57300,283.1
62921,4936,55700,274.9
62931,4940,57300,283.1
62941,4940,55800,275.7
62951,4940,56700,280.1
62961,4936,56400,278.4
62971,4940,56700,280.1
62981,4940,56400,278.6
62991,4940,56700,280.1
63001,4940,56500,279.1
63011,4940,55700,275.2
63021,4940,57400,283.6
63031,4940,55700,275.2
63041,4940,57300,283.1
63051,4940,55800,275.7
63061,4940,57300,283.1
63071,4940,55700,275.2
63081,4940,57300,283.1
63091,4936,55700,274.9
63101,4940,57300,283.1
63111,4940,55700,275.2
63121,4940,57400,283.6
63131,4936,55700,274.9
63141,4940,56700,280.1
63151,4940,56400,278.6
63161,4940,56700,280.1
63171,4940,56400,278.6
63181,4940,56100,277.1
63191,4724,130700,617.4
63201,4940,55800,275.7
63211,4940,57400,283.6
63221,4940,55800,275.7
63231,4940,57300,283.1
63241,4936,55700,274.9
63251,4940,57300,283.1
63261,4940,55700,275.2
63271,4940,57400,283.6
63281,4940,55700,275.2
63291,4940,57300,283.1
63301,4940,55700,275.2
63311,4944,57000,281.8
63321,4936,56400,278.4
63331,4940,56700,280.1
63341,4940,56400,278.6
63351,4940,56700,280.1
63361,4940,56400,278.6
63371,4940,55700,275.2
63381,4940,57300,283.1
63391,4940,55700,275.2
63401,4940,57300,283.1
63411,4940,55800,275.7
63421,4940,57300,283.1
63431,4940,55700,275.2
63441,4940,57400,283.6
63451,4940,55700,275.2
63461,4944,57300,283.3
63471,4936,55800,275.4
63481,4940,57300,283.1
63491,4940,55800,275.7
63501,4940,56700,280.1
63511,4940,56400,278.6
63521,4940,56800,280.6
63531,4940,56400,278.6
63541,4940,56700,280.1
63551,4936,56500,278.9
63561,4936,55800,275.4
63571,4940,57400,283.6
63581,4940,55700,275.2
63592,4940,57400,283.6
63601,4940,55800,275.7
63611,4940,57300,283.1
63621,4936,55700,274.9
63631,4940,57400,283.6
63641,4936,55800,275.4
63651,4940,57300,283.1
63661,4940,55800,275.7
63671,4940,57300,283.1
63681,4940,55700,275.2
63691,4940,56700,280.1
63701,4832,56400,272.5
63711,4940,56700,280.1
63721,4940,56400,278.6
63731,4940,56300,278.1
63741,4940,57200,282.6
63751,4940,55700,275.2
63761,4940,57300,283.1
63771,4940,55800,275.7
63781,4944,57300,283.3
63791,4940,55700,275.2
63801,4940,57300,283.1
63811,4940,55800,275.7
63821,4940,57300,283.1
63831,4940,55700,275.2
63841,4940,57300,283.1
63851,4940,55700,275.2
63861,4940,57100,282.1
63871,4940,56400,278.6
63881,4940,56700,280.1
63891,4940,56300,278.1
63901,4940,56700,280.1
63911,4940,56400,278.6
63921,4940,55700,275.2
63931,4940,57300,283.1
63941,4940,55700,275.2
63951,4940,57300,283.1
63961,4940,55700,275.2
63971,4940,57400,283.6
63981,4940,55800,275.7
63991,4940,57300,283.1
64001,4940,55700,275.2
64011,4940,57300,283.1
64021,4936,55700,274.9
64031,4940,57300,283.1
64041,4940,55800,275.7
64051,4940,56600,279.6
64061,4940,56300,278.1
64071,4940,56700,280.1
64081,4940,56300,278.1
64091,4940,56600,279.6
64101,4940,56400,278.6
64111,4936,55700,274.9
64121,4940,57400,283.6
64131,4936,55700,274.9
64141,4940,57300,283.1
64151,4940,55800,275.7
64161,4940,57300,283.1
64171,4940,55700,275.2
64181,4940,57300,283.1
64191,4940,55800,275.7
64201,4756,138500,658.7
64211,4940,55700,275.2
64221,4940,57400,283.6
64231,4936,55700,274.9
64241,4940,56700,280.1
64251,4940,56300,278.1
64261,4940,56700,280.1
64271,4940,56400,278.6
64281,4940,56400,278.6
64291,4940,57100,282.1
64301,4940,55700,275.2
64311,4940,57300,283.1
64321,4936,55700,274.9
64331,4940,57300,283.1
64341,4940,55800,275.7
64351,4940,57400,283.6
64361,4940,55800,275.7
64371,4940,57300,283.1
64381,4940,55800,275.7
64391,4940,57400,283.6
64401,4940,55700,275.2
64411,4940,57200,282.6
64421,4936,56300,277.9
64431,4940,56700,280.1
64441,4940,56400,278.6
64451,4940,56700,280.1
64461,4940,56400,278.6
64471,4940,55700,275.2
64481,4940,57300,283.1
64491,4940,55800,275.7
64501,4940,57300,283.1
64511,4936,55700,274.9
64521,4940,57300,283.1
64531,4940,55700,275.2
64541,4940,57300,283.1
64551,4936,55700,274.9
64561,4940,57300,283.1
64571,4936,55800,275.4
64581,4940,57300,283.1
64591,4940,55800,275.7
64601,4940,56600,279.6
64611,4940,56400,278.6
64621,4940,56600,279.6
64631,4940,56400,278.6
64641,4940,56600,279.6
64651,4940,56300,278.1
64661,4940,55700,275.2
64671,4940,57300,283.1
64681,4940,55700,275.2
64691,4944,57300,283.3
64701,4940,55700,275.2
64711,4836,219200,1060.1
64721,4940,55700,275.2
64731,4940,57300,283.1
64741,4940,55700,275.2
64751,4940,57300,283.1
64761,4936,55700,274.9
64771,4940,57300,283.1
64781,4940,55700,275.2
64791,4940,56700,280.1
64801,4940,56400,278.6
64811,4940,56700,280.1
64821,4940,56400,278.6
64831,4940,56400,278.6
64841,4940,57000,281.6
64851,4940,55700,275.2
64861,4940,57300,283.1
64871,4940,55700,275.2
64881,4940,57300,283.1
64891,4940,55800,275.7
64901,4940,57300,283.1
64911,4940,55700,275.2
64921,4940,57300,283.1
64931,4940,55700,275.2
64941,4940,57400,283.6
64951,4940,55700,275.2
64961,4944,57200,282.8
64971,4940,56300,278.1
64981,4940,56700,280.1
64991,4940,56400,278.6
65001,4940,56700,280.1
65011,4940,56400,278.6
65021,4940,55800,275.7
65031,4940,57200,282.6
65041,4940,55700,275.2
65051,4940,57300,283.1
65061,4936,55800,275.4
65071,4940,57300,283.1
65081,4940,55700,275.2
65091,4940,57300,283.1
65101,4940,55700,275.2
65111,4940,57300,283.1
65121,4940,55800,275.7
65131,4940,57200,282.6
65141,4940,55700,275.2
65151,4940,56600,279.6
65161,4940,56300,278.1
65171,4940,56700,280.1
65181,4940,56400,278.6
65191,4940,56700,280.1
65201,4940,56400,278.6
65211,4940,55700,275.2
65221,4820,212900,1026.2
65231,4936,55700,274.9
65241,4944,57400,283.8
65251,4940,55800,275.7
65261,4940,57300,283.1
65271,4940,55700,275.2
65281,4940,57300,283.1
65292,4940,55700,275.2
65301,4940,57300,283.1
65311,4940,55800,275.7
65321,4940,57300,283.1
65331,4936,55700,274.9
65341,4940,56700,280.1
65351,4940,56400,278.6
65361,4940,56700,280.1
65371,4940,56400,278.6
65381,4940,56500,279.1
65391,4940,57100,282.1
65401,4940,55800,275.7
65411,4940,57400,283.6
65421,4936,55800,275.4
65431,4940,57300,283.1
65441,4940,55800,275.7
65451,4940,57300,283.1
65461,4940,55700,275.2
65471,4940,57300,283.1
65481,4940,55700,275.2
65491,4940,57300,283.1
65501,4940,55800,275.7
65511,4940,57200,282.6
65521,4940,56200,277.6
65531,4940,56700,280.1
65541,4940,56300,278.1
65551,4940,56700,280.1
65561,4940,56400,278.6
65571,4940,55700,275.2
65581,4940,57300,283.1
65591,4940,55700,275.2
65601,4940,57300,283.1
65611,4940,55700,275.2
65621,4940,57300,283.1
65631,4936,55800,275.4
65641,4940,57300,283.1
65651,4940,55700,275.2
65661,4940,57300,283.1
65671,4936,55800,275.4
65681,4940,57300,283.1
65691,4940,55700,275.2
65701,4940,56600,279.6
65711,4940,56300,278.1
65721,4940,56700,280.1
65731,4756,151400,720.1
65741,4940,56700,280.1
65751,4940,56400,278.6
65761,4936,55800,275.4
65771,4940,57400,283.6
65781,4940,55700,275.2
65791,4940,57300,283.1
65801,4940,55700,275.2
65811,4940,57300,283.1
65821,4940,55700,275.2
65831,4940,57400,283.6
65841,4940,55800,275.7
65851,4940,57200,282.6
65861,4940,55600,274.7
65871,4940,57300,283.1
65881,4940,55700,275.2
65891,4940,56700,280.1
65901,4940,56400,278.6
65911,4940,56700,280.1
65921,4940,56400,278.6
65931,4940,56500,279.1
65941,4940,57000,281.6
65951,4940,55700,275.2
65961,4940,57300,283.1
65971,4936,55800,275.4
65981,4940,57200,282.6
65991,4936,55700,274.9
66001,4940,57300,283.1
66011,4940,55700,275.2
66021,4940,57400,283.6
66031,4940,55700,275.2
66041,4944,57300,283.3
66051,4940,55800,275.7
66061,4940,57300,283.1
66071,4940,56100,277.1
66081,4940,56800,280.6
66091,4940,56400,278.6
66101,4940,56600,279.6
66111,4940,56400,278.6
66121,4940,55700,275.2
66131,4940,57300,283.1
66141,4936,55800,275.4
66151,4940,57300,283.1
66161,4940,55700,275.2
66171,4940,57300,283.1
66181,4940,55700,275.2
66191,4940,57300,283.1
66201,4940,55700,275.2
66211,4940,57300,283.1
66221,4940,55800,275.7
66231,4820,142200,685.4
66241,4940,55800,275.7
66251,4940,56700,280.1
66261,4940,56400,278.6
66271,4940,56700,280.1
66281,4940,56400,278.6
66291,4940,56700,280.1
66301,4940,56400,278.6
66311,4940,55800,275.7
66321,4940,57300,283.1
66331,4936,55700,274.9
66341,4940,57300,283.1
66351,4940,55700,275.2
66361,4940,57300,283.1
66371,4940,55800,275.7
66381,4940,57300,283.1
66391,4940,55800,275.7
66401,4940,57300,283.1
66411,4940,55700,275.2
66421,4940,57300,283.1
66431,4940,55700,275.2
66441,4940,56700,280.1
66451,4940,56400,278.6
66461,4940,56700,280.1
66471,4936,56400,278.4
66481,4940,56600,279.6
66491,4940,56900,281.1
66501,4940,55600,274.7
66511,4940,57300,283.1
66521,4940,55700,275.2
66531,4940,57300,283.1
66541,4936,55800,275.4
66551,4940,57400,283.6
66561,4940,55700,275.2
66571,4940,57400,283.6
66581,4940,55700,275.2
66591,4940,57300,283.1
66601,4940,55800,275.7
66611,4940,57300,283.1
66621,4940,56100,277.1
66631,4940,56700,280.1
66641,4940,56400,278.6
66651,4940,56700,280.1
66661,4940,56400,278.6
66671,4940,55800,275.7
66681,4940,57400,283.6
66691,4936,55700,274.9
66701,4940,57300,283.1
66711,4940,55800,275.7
66721,4940,57300,283.1
66731,4940,55700,275.2
66741,4820,141600,682.5
66751,4940,55700,275.2
66761,4940,57400,283.6
66771,4940,55800,275.7
66781,4940,57400,283.6
66791,4940,55700,275.2
66801,4940,56700,280.1
66811,4940,56400,278.6
66821,4940,56700,280.1
66831,4940,56400,278.6
66841,4940,56700,280.1
66851,4940,56400,278.6
66861,4940,55700,275.2
66871,4940,57300,283.1
66881,4940,55700,275.2
66891,4940,57400,283.6
66901,4936,55800,275.4
66911,4940,57400,283.6
66921,4940,55700,275.2
66931,4940,57300,283.1
66941,4936,55800,275.4
66951,4940,57300,283.1
66961,4936,55700,274.9
66971,4940,57300,283.1
66981,4940,55800,275.7
66991,4940,56700,280.1
67002,4940,56500,279.1
67011,4940,56600,279.6
67021,4940,56400,278.6
67031,4940,56600,279.6
67041,4940,56800,280.6
67051,4940,55800,275.7
67061,4940,57400,283.6
67071,4940,55700,275.2
67081,4940,57300,283.1
67091,4940,55700,275.2
67101,4940,57300,283.1
67111,4940,55800,275.7
67121,4940,57300,283.1
67131,4936,55700,274.9
67141,4944,57300,283.3
67151,4936,55700,274.9
67161,4940,57200,282.6
67171,4940,56000,276.6
67181,4940,56600,279.6
67191,4940,56400,278.6
67201,4940,56700,280.1
67211,4940,56400,278.6
67221,4940,55700,275.2
67231,4940,57400,283.6
67241,4940,55800,275.7
67251,4820,142200,685.4
67261,4940,55700,275.2
67271,4940,57400,283.6
67281,4940,55700,275.2
67291,4940,57300,283.1
67301,4936,55800,275.4
67311,4940,57300,283.1
67321,4940,55800,275.7
67331,4940,57300,283.1
67341,4940,55800,275.7
67351,4940,56600,279.6
67361,4940,56400,278.6
67371,4940,56700,280.1
67381,4940,56300,278.1
67391,4940,56600,279.6
67401,4940,56400,278.6
67411,4940,55800,275.7
67421,4936,57400,283.3
67431,4936,55700,274.9
67441,4940,57300,283.1
67451,4940,55700,275.2
67461,4940,57300,283.1
67471,4940,55700,275.2
67481,4940,57300,283.1
67491,4940,55800,275.7
67501,4940,57200,282.6
67511,4940,55800,275.7
67521,4940,57300,283.1
67531,4940,55700,275.2
67541,4940,56800,280.6
67551,4940,56400,278.6
67561,4940,56700,280.1
67571,4940,56400,278.6
67581,4940,56600,279.6
67591,4940,56800,280.6
67601,4940,55700,275.2
67611,4940,57300,283.1
67621,4940,55800,275.7
67631,4940,57300,283.1
67641,4936,55700,274.9
67651,4940,57300,283.1
67661,4936,55700,274.9
67671,4940,57300,283.1
67681,4940,55700,275.2
67691,4940,57300,283.1
67701,4936,55600,274.4
67711,4940,57300,283.1
67721,4936,56000,276.4
67731,4940,56600,279.6
67741,4940,56400,278.6
67751,4940,56600,279.6
67761,4816,140800,678.1
67771,4940,55900,276.1
67781,4940,57400,283.6
67791,4936,55800,275.4
67801,4944,57300,283.3
67811,4940,55800,275.7
67821,4940,57300,283.1
67831,4936,55800,275.4
67841,4940,57400,283.6
67851,4940,55700,275.2
67861,4940,57300,283.1
67871,4940,55700,275.2
67881,4940,57300,283.1
67891,4940,55800,275.7
67901,4940,56700,280.1
67911,4940,56400,278.6
67921,4940,56700,280.1
67931,4940,56400,278.6
67941,4940,56700,280.1
67951,4940,56400,278.6
67961,4936,55700,274.9
67971,4940,57400,283.6
67981,4940,55700,275.2
67991,4940,57300,283.1
68001,4940,55700,275.2
68011,4940,57300,283.1
68021,4940,55700,275.2
68031,4940,57300,283.1
68041,4940,55700,275.2
68051,4940,57300,283.1
68061,4940,55700,275.2
68071,4940,57300,283.1
68081,4940,55700,275.2
68091,4940,56700,280.1
68101,4940,56400,278.6
68111,4940,56700,280.1
68121,4940,56400,278.6
68131,4940,56600,279.6
68141,4940,56800,280.6
68151,4940,55700,275.2
68161,4940,57400,283.6
68171,4936,55600,274.4
68181,4940,57300,283.1
68191,4940,55800,275.7
68201,4940,57400,283.6
68211,4940,55700,275.2
68221,4940,57300,283.1
68231,4940,55700,275.2
68241,4940,57400,283.6
68251,4940,55700,275.2
68261,4940,57200,282.6
68271,4768,160200,763.8
68281,4940,56700,280.1
68291,4940,56400,278.6
68301,4940,56700,280.1
68311,4940,56300,278.1
68321,4940,55800,275.7
68331,4940,57400,283.6
68341,4936,55700,274.9
68351,4940,57300,283.1
68361,4936,55700,274.9
68371,4940,57300,283.1
68381,4940,55700,275.2
68391,4940,57300,283.1
68401,4940,55800,275.7
68411,4940,57400,283.6
68421,4940,55700,275.2
68431,4940,57300,283.1
68441,4940,55700,275.2
68451,4940,56700,280.1
68461,4940,56400,278.6
68471,4940,56700,280.1
68481,4940,56400,278.6
68491,4940,56700,280.1
68501,4940,56400,278.6
68511,4940,55700,275.2
68521,4940,57300,283.1
68531,4940,55700,275.2
68541,4940,57300,283.1
68551,4940,55700,275.2
68561,4940,57300,283.1
68571,4936,55700,274.9
68581,4940,57300,283.1
68591,4940,55800,275.7
68601,4940,57300,283.1
68611,4940,55700,275.2
68621,4940,57300,283.1
68631,4936,55600,274.4
68641,4940,56800,280.6
68651,4940,56400,278.6
68661,4940,56600,279.6
68671,4940,56300,278.1
68681,4940,56600,279.6
68691,4940,56800,280.6
68702,4936,55800,275.4
68711,4940,57300,283.1
68721,4940,55700,275.2
68731,4940,57400,283.6
68741,4940,55700,275.2
68751,4940,57300,283.1
68761,4940,55700,275.2
68771,4940,59800,295.4
68781,4940,55700,275.2
68791,4940,57300,283.1
68801,4940,55700,275.2
68811,4940,57300,283.1
68821,4940,55900,276.1
68831,4940,56700,280.1
68841,4940,56400,278.6
68851,4940,56700,280.1
68861,4940,56400,278.6
68871,4940,55900,276.1
68881,4940,57400,283.6
68891,4940,55700,275.2
68901,4940,57300,283.1
68911,4940,55800,275.7
68921,4940,57300,283.1
68931,4940,55700,275.2
68941,4940,57300,283.1
68951,4940,55700,275.2
68961,4940,57300,283.1
68971,4940,55800,275.7
68981,4940,57400,283.6
68991,4940,55800,275.7
69001,4940,56700,280.1
69011,4940,56400,278.6
69021,4940,56700,280.1
69031,4940,56400,278.6
69041,4940,56700,280.1
69051,4940,56300,278.1
69061,4940,55700,275.2
69071,4940,57400,283.6
69081,4940,55700,275.2
69091,4940,57300,283.1
69101,4936,55800,275.4
69111,4940,57300,283.1
69121,4936,55700,274.9
69131,4940,57300,283.1
69141,4940,55800,275.7
69151,4940,57300,283.1
69161,4940,55700,275.2
69171,4940,57400,283.6
69181,4940,55700,275.2
69191,4936,56800,280.4
69201,4940,56400,278.6
69211,4940,56700,280.1
69221,4940,56400,278.6
69231,4940,56600,279.6
69241,4940,56800,280.6
69251,4936,55700,274.9
69261,4940,57300,283.1
69271,4936,55800,275.4
69281,4940,57300,283.1
69291,4940,55800,275.7
69301,4940,57300,283.1
69311,4940,55700,275.2
69321,4940,57400,283.6
69331,4940,55700,275.2
69341,4940,57300,283.1
69351,4940,55800,275.7
69361,4944,57300,283.3
69371,4940,55900,276.1
69381,4940,56600,279.6
69391,4940,56400,278.6
69401,4940,56700,280.1
69411,4940,56400,278.6
69421,4940,55900,276.1
69431,4940,57300,283.1
69441,4940,55800,275.7
69451,4940,57400,283.6
69461,4940,55700,275.2
69471,4940,57300,283.1
69481,4940,55700,275.2
69491,4940,57300,283.1
69501,4936,55700,274.9
69511,4940,57400,283.6
69521,4936,55700,274.9
69531,4940,57300,283.1
69541,4940,55800,275.7
69551,4940,56700,280.1
69561,4936,56400,278.4
69571,4940,56600,279.6
69581,4940,56300,278.1
69591,4940,56700,280.1
69601,4940,56400,278.6
69611,4940,55700,275.2
69621,4940,57300,283.1
69631,4940,55700,275.2
69641,4940,57400,283.6
69651,4940,55800,275.7
69661,4940,57300,283.1
69671,4936,55700,274.9
69681,4944,57300,283.3
69691,4940,55800,275.7
69701,4940,57300,283.1
69711,4940,55700,275.2
69721,4940,57400,283.6
69731,4940,55700,275.2
69741,4940,56700,280.1
69751,4940,56400,278.6
69761,4940,56700,280.1
69771,4940,56400,278.6
69781,4832,137700,665.4
69791,4940,56600,279.6
69801,4940,55700,275.2
69811,4940,57300,283.1
69821,4940,55700,275.2
69831,4944,57300,283.3
69841,4940,55800,275.7
69851,4940,57300,283.1
69861,4940,55700,275.2
69871,4940,57400,283.6
69881,4940,55700,275.2
69891,4940,57300,283.1
69901,4940,55700,275.2
69911,4940,57300,283.1
69921,4936,55800,275.4
69931,4940,56700,280.1
69941,4940,56300,278.1
69951,4940,56700,280.1
69961,4940,56400,278.6
69971,4940,55900,276.1
69981,4940,57300,283.1
69991,4940,55700,275.2
70001,4940,57300,283.1
70011,4940,55700,275.2
70021,4940,57400,283.6
70031,4940,55700,275.2
70041,4940,57300,283.1
70051,4940,55700,275.2
70061,4940,57300,283.1
70071,4936,55700,274.9
70081,4940,57300,283.1
70091,4936,55700,274.9
70101,4940,56800,280.6
70111,4940,56500,279.1
70121,4940,56600,279.6
70131,4940,56400,278.6
70141,4940,56700,280.1
70151,4940,56400,278.6
70161,4940,55700,275.2
70171,4940,57300,283.1
70181,4936,55700,274.9
70191,4940,57300,283.1
70201,4940,55700,275.2
70211,4940,57300,283.1
70221,4936,55800,275.4
70231,4940,57300,283.1
70241,4936,55800,275.4
70251,4940,57300,283.1
70261,4940,55700,275.2
70271,4940,57300,283.1
70281,4940,55700,275.2
70291,4760,171000,814.0
70301,4940,56400,278.6
70311,4940,56700,280.1
70321,4940,56400,278.6
70331,4940,56600,279.6
70341,4940,56600,279.6
70351,4940,55700,275.2
70361,4940,57400,283.6
70371,4936,55800,275.4
70381,4940,57300,283.1
70391,4940,55800,275.7
70401,4940,57300,283.1
70412,4940,55700,275.2
70421,4940,57400,283.6
70431,4940,55700,275.2
70441,4940,57300,283.1
70451,4940,55700,275.2
70461,4940,57300,283.1
70471,4936,55800,275.4
70481,4940,56600,279.6
70491,4940,56400,278.6
70501,4940,56700,280.1
70511,4940,56400,278.6
70521,4940,56000,276.6
70531,4936,57400,283.3
70541,4936,55800,275.4
70551,4940,57300,283.1
70561,4940,55700,275.2
70571,4940,57300,283.1
70581,4940,55700,275.2
70591,4940,57300,283.1
70601,4936,55700,274.9
70611,4940,57300,283.1
70621,4940,55700,275.2
70631,4940,57300,283.1
70641,4940,55800,275.7
70651,4940,56700,280.1
70661,4940,56400,278.6
70671,4940,56700,280.1
70681,4940,56400,278.6
70691,4940,56600,279.6
70701,4940,56400,278.6
70711,4936,55700,274.9
70721,4940,57400,283.6
70731,4940,55700,275.2
70741,4940,57400,283.6
70751,4940,55700,275.2
70761,4940,57300,283.1
70771,4940,55800,275.7
70781,4940,57300,283.1
70791,4824,208700,1006.8
70801,4940,57300,283.1
70811,4940,55800,275.7
70821,4940,57300,283.1
70831,4940,55700,275.2
70841,4940,56700,280.1
70851,4940,56300,278.1
70861,4940,56700,280.1
70871,4940,56400,278.6
70881,4940,56600,279.6
70891,4940,56500,279.1
70901,4936,55700,274.9
70911,4940,57300,283.1
70921,4940,55700,275.2
70931,4940,57300,283.1
70941,4936,55800,275.4
70951,4940,57300,283.1
70961,4940,55800,275.7
70971,4940,57300,283.1
70981,4940,55800,275.7
70991,4940,57300,283.1
71001,4940,55800,275.7
71011,4940,57400,283.6
71021,4940,55800,275.7
71031,4940,56700,280.1
71041,4940,56300,278.1
71051,4940,56700,280.1
71061,4940,56400,278.6
71071,4940,56000,276.6
71081,4936,57400,283.3
71091,4940,55700,275.2
71101,4940,57300,283.1
71111,4940,55700,275.2
71121,4944,57300,283.3
71131,4940,55700,275.2
71141,4940,57300,283.1
71151,4940,55700,275.2
71161,4944,57300,283.3
71171,4940,55700,275.2
71181,4940,57300,283.1
71191,4936,55800,275.4
71201,4940,56900,281.1
71211,4940,56400,278.6
71221,4940,56700,280.1
71231,4940,56400,278.6
71241,4940,56600,279.6
71251,4940,56400,278.6
71261,4940,55600,274.7
71271,4940,57300,283.1
71281,4940,55700,275.2
71291,4732,136300,645.0
71301,4936,55700,274.9
71311,4940,57300,283.1
71321,4936,55700,274.9
71331,4940,57300,283.1
71341,4940,55700,275.2
71351,4940,57400,283.6
71361,4940,55700,275.2
71371,4940,57300,283.1
71381,4940,55700,275.2
71391,4940,56700,280.1
71401,4940,56400,278.6
71411,4940,56700,280.1
71421,4940,56400,278.6
71431,4940,56600,279.6
71441,4940,56500,279.1
71451,4940,55700,275.2
71461,4940,57300,283.1
71471,4940,55600,274.7
71481,4940,57300,283.1
71491,4940,55800,275.7
71501,4940,57300,283.1
71511,4940,55700,275.2
71521,4940,57300,283.1
71531,4940,55700,275.2
71541,4940,57300,283.1
71551,4940,55700,275.2
71561,4940,57300,283.1
71571,4940,55800,275.7
71581,4940,56600,279.6
71591,4940,56400,278.6
71601,4940,56700,280.1
71611,4940,56400,278.6
71621,4940,56000,276.6
71631,4940,57300,283.1
71641,4936,55700,274.9
71651,4940,57300,283.1
71661,4940,55600,274.7
71671,4940,57300,283.1
71681,4940,55700,275.2
71691,4940,57400,283.6
71701,4940,55800,275.7
71711,4940,57400,283.6
71721,4940,55800,275.7
71731,4940,57200,282.6
71741,4936,55700,274.9
71751,4940,56800,280.6
71761,4940,56400,278.6
71771,4940,56700,280.1
71781,4940,56400,278.6
71791,4940,56600,279.6
71801,4836,204300,988.0
71811,4940,55700,275.2
71821,4940,57300,283.1
71831,4940,55700,275.2
71841,4940,57300,283.1
71851,4940,55700,275.2
71861,4940,57300,283.1
71871,4940,55700,275.2
71881,4940,57400,283.6
71891,4940,55700,275.2
71901,4940,57300,283.1
71911,4940,55800,275.7
71921,4940,57400,283.6
71931,4936,55700,274.9
71941,4940,56700,280.1
71951,4940,56300,278.1
71961,4940,56600,279.6
71971,4940,56400,278.6
71981,4940,56600,279.6
71991,4940,56500,279.1
72001,4940,55700,275.2
72011,4940,57300,283.1
72021,4940,55700,275.2
72031,4940,57300,283.1
72041,4940,55800,275.7
72051,4944,57300,283.3
72061,4940,55700,275.2
72071,4940,57300,283.1
72081,4940,55700,275.2
72091,4940,57300,283.1
72101,4940,55700,275.2
72112,4940,56700,280.1
72121,4940,55800,275.7
72131,4940,56600,279.6
72141,4940,56400,278.6
72151,4940,56600,279.6
72161,4940,56300,278.1
72171,4940,56000,276.6
72181,4940,57300,283.1
72191,4940,55700,275.2
72201,4940,57200,282.6
72211,4940,55700,275.2
72221,4940,57300,283.1
72231,4940,55700,275.2
72241,4940,57300,283.1
72251,4940,55700,275.2
72261,4940,57300,283.1
72271,4940,55700,275.2
72281,4940,57300,283.1
72291,4936,55700,274.9
72301,4820,142000,684.4
72311,4940,56400,278.6
72321,4940,56700,280.1
72331,4940,56400,278.6
72341,4940,56700,280.1
72351,4940,56300,278.1
72361,4940,55700,275.2
72371,4940,57300,283.1
72381,4940,55700,275.2
72391,4940,57300,283.1
72401,4940,55800,275.7
72411,4940,57300,283.1
72421,4940,55700,275.2
72431,4940,57300,283.1
72441,4940,55700,275.2
72451,4940,57300,283.1
72461,4936,55800,275.4
72471,4940,57300,283.1
72481,4940,55700,275.2
72491,4940,56700,280.1
72501,4936,56400,278.4
72511,4940,56700,280.1
72521,4940,56400,278.6
72531,4940,56600,279.6
72541,4940,56500,279.1
72551,4940,55800,275.7
72561,4940,57300,283.1
72571,4940,55700,275.2
72581,4940,57300,283.1
72591,4936,55800,275.4
72601,4940,57400,283.6
72611,4940,55700,275.2
72621,4940,57300,283.1
72631,4940,55700,275.2
72641,4940,57300,283.1
72651,4940,55700,275.2
72661,4940,57300,283.1
72671,4940,55700,275.2
72681,4940,56600,279.6
72691,4940,56400,278.6
72701,4940,56700,280.1
72711,4940,56300,278.1
72721,4940,56100,277.1
72731,4940,57300,283.1
72741,4940,55800,275.7
72751,4940,57300,283.1
72761,4936,55700,274.9
72771,4940,57300,283.1
72781,4940,55700,275.2
72791,4940,57300,283.1
72801,4940,55700,275.2
72811,4816,141400,681.0
72821,4936,55800,275.4
72831,4940,57300,283.1
72841,4936,55700,274.9
72851,4940,57000,281.6
72861,4940,56400,278.6
72871,4940,56700,280.1
72881,4940,56400,278.6
72891,4940,56700,280.1
72901,4940,56400,278.6
72911,4940,55700,275.2
72921,4940,57300,283.1
72931,4940,55700,275.2
72941,4940,57300,283.1
72951,4940,55800,275.7
72961,4940,57200,282.6
72971,4940,55700,275.2
72981,4940,57300,283.1
72991,4940,55700,275.2
73001,4940,57300,283.1
73011,4940,55700,275.2
73021,4940,57300,283.1
73031,4940,55700,275.2
73041,4940,56700,280.1
73051,4940,56400,278.6
73061,4940,56600,279.6
73071,4940,56400,278.6
73081,4940,56700,280.1
73091,4940,56500,279.1
73101,4940,55600,274.7
73111,4940,57300,283.1
73121,4936,55700,274.9
73131,4940,57300,283.1
73141,4940,55800,275.7
73151,4944,57300,283.3
73161,4940,55700,275.2
73171,4940,57300,283.1
73181,4936,55700,274.9
73191,4940,57400,283.6
73201,4940,55700,275.2
73211,4940,57300,283.1
73221,4940,55800,275.7
73231,4940,56600,279.6
73241,4940,56300,278.1
73251,4940,56600,279.6
73261,4940,56400,278.6
73271,4940,56100,277.1
73281,4940,57200,282.6
73291,4936,55700,274.9
73301,4940,57300,283.1
73311,4800,102900,493.9
73321,4940,57300,283.1
73331,4940,55700,275.2
73341,4940,57300,283.1
73351,4940,55700,275.2
73361,4940,57300,283.1
73371,4940,55800,275.7
73381,4940,57300,283.1
73391,4940,55700,275.2
73401,4940,57100,282.1
73411,4936,56400,278.4
73421,4940,56700,280.1
73431,4940,56400,278.6
73441,4940,56700,280.1
73451,4940,56400,278.6
73461,4940,55700,275.2
73471,4940,57300,283.1
73481,4940,55700,275.2
73491,4940,57300,283.1
73501,4940,55700,275.2
73511,4940,57300,283.1
73521,4940,55800,275.7
73531,4940,57300,283.1
73541,4940,55700,275.2
73551,4940,57300,283.1
73561,4940,55700,275.2
73571,4940,57300,283.1
73581,4940,55700,275.2
73591,4940,56700,280.1
73601,4940,56300,278.1
73611,4940,56600,279.6
73621,4940,56400,278.6
73631,4940,56700,280.1
73641,4940,56500,279.1
73651,4940,55800,275.7
73661,4940,57300,283.1
73671,4940,55800,275.7
73681,4940,57300,283.1
73691,4936,55700,274.9
73701,4940,57300,283.1
73711,4936,55700,274.9
73721,4940,57300,283.1
73731,4940,55700,275.2
73741,4940,57300,283.1
73751,4936,55800,275.4
73761,4940,57300,283.1
73771,4940,55700,275.2
73781,4940,56700,280.1
73791,4940,56400,278.6
73801,4940,56600,279.6
73811,4940,56300,278.1
73822,4940,56300,278.1
73831,4936,57300,282.8
73841,4940,55800,275.7
73851,4940,57300,283.1
73861,4940,55700,275.2
73871,4940,57400,283.6
73881,4940,55800,275.7
73891,4940,57300,283.1
73901,4936,55700,274.9
73911,4940,57300,283.1
73921,4940,55700,275.2
73931,4940,57400,283.6
73941,4936,55700,274.9
73951,4940,57100,282.1
73961,4940,56400,278.6
73971,4936,56700,279.9
73981,4940,56300,278.1
73991,4940,56700,280.1
74001,4940,56400,278.6
74011,4940,55600,274.7
74021,4940,57300,283.1
74031,4940,55700,275.2
74041,4940,57400,283.6
74051,4940,55700,275.2
74061,4940,57300,283.1
74071,4940,55700,275.2
74081,4940,57300,283.1
74091,4940,55800,275.7
74101,4940,57300,283.1
74111,4940,55800,275.7
74121,4940,57300,283.1
74131,4940,55700,275.2
74141,4940,56700,280.1
74151,4940,56300,278.1
74161,4940,56700,280.1
74171,4940,56400,278.6
74181,4940,56700,280.1
74191,4940,56500,279.1
74201,4940,55700,275.2
74211,4944,57300,283.3
74221,4940,55700,275.2
74231,4940,57300,283.1
74241,4940,55700,275.2
74251,4940,57400,283.6
74261,4940,55700,275.2
74271,4940,57300,283.1
74281,4936,55700,274.9
74291,4940,57300,283.1
74301,4940,55700,275.2
74311,4940,57300,283.1
74321,4812,55800,268.5
74331,4940,56600,279.6
74341,4940,56400,278.6
74351,4940,56700,280.1
74361,4940,56400,278.6
74371,4940,56200,277.6
74381,4940,57300,283.1
74391,4940,55800,275.7
74401,4940,57400,283.6
74411,4940,55700,275.2
74421,4940,57400,283.6
74431,4936,55700,274.9
74441,4940,57300,283.1
74451,4940,55700,275.2
74461,4940,57300,283.1
74471,4940,55700,275.2
74481,4940,57300,283.1
74491,4936,55700,274.9
74501,4940,57100,282.1
74511,4940,56400,278.6
74521,4940,56700,280.1
74531,4940,56400,278.6
74541,4940,56600,279.6
74551,4940,56300,278.1
74561,4940,55600,274.7
74571,4940,57300,283.1
74581,4940,55800,275.7
74591,4940,57300,283.1
74601,4940,55800,275.7
74611,4940,57200,282.6
74621,4936,55700,274.9
74631,4940,57200,282.6
74641,4940,55700,275.2
74651,4940,57300,283.1
74661,4940,55800,275.7
74671,4940,57400,283.6
74681,4940,55700,275.2
74691,4940,56700,280.1
74701,4940,56400,278.6
74711,4940,56700,280.1
74721,4940,56400,278.6
74731,4940,56700,280.1
74741,4940,56400,278.6
74751,4940,55700,275.2
74761,4940,57300,283.1
74771,4940,55800,275.7
74781,4944,57300,283.3
74791,4940,55700,275.2
74801,4940,57200,282.6
74811,4940,55700,275.2
74821,4732,133300,630.8
74831,4936,55800,275.4
74841,4940,57300,283.1
74851,4940,55700,275.2
74861,4944,57300,283.3
74871,4940,55800,275.7
74881,4940,56600,279.6
74891,4940,56300,278.1
74901,4940,56700,280.1
74911,4940,56300,278.1
74921,4940,56300,278.1
74931,4940,57200,282.6
74941,4940,55700,275.2
74951,4940,57300,283.1
74961,4940,55700,275.2
74971,4940,57400,283.6
74981,4940,55700,275.2
74991,4940,57300,283.1
75001,4940,55700,275.2
75011,4940,57300,283.1
75021,4936,55700,274.9
75031,4940,57300,283.1
75041,4940,55800,275.7
75051,4940,57100,282.1
75061,4940,56400,278.6
75071,4940,56700,280.1
75081,4940,56300,278.1
75091,4940,56700,280.1
75101,4940,56400,278.6
75111,4940,55700,275.2
75121,4940,57300,283.1
75131,4936,55800,275.4
75141,4940,57400,283.6
75151,4940,55700,275.2
75161,4940,57300,283.1
75171,4936,55700,274.9
75181,4940,57300,283.1
75191,4936,55700,274.9
75201,4940,57300,283.1
75211,4936,55700,274.9
75221,4940,57400,283.6
75231,4936,55700,274.9
75241,4940,56700,280.1
75251,4940,56300,278.1
75261,4940,56700,280.1
75271,4940,56400,278.6
75281,4940,56600,279.6
75291,4940,56500,279.1
75301,4940,55700,275.2
75311,4940,57300,283.1
75321,4796,96700,463.8
75331,4940,57300,283.1
75341,4936,55800,275.4
75351,4940,57300,283.1
75361,4940,55800,275.7
75371,4940,57300,283.1
75381,4940,55700,275.2
75391,4940,57400,283.6
75401,4940,55700,275.2
75411,4940,57300,283.1
75421,4940,55700,275.2
75431,4940,56600,279.6
75441,4940,56400,278.6
75451,4940,56700,280.1
75461,4940,56400,278.6
75471,4940,56400,278.6
75481,4940,57200,282.6
75491,4936,55700,274.9
75501,4940,57300,283.1
75511,4936,55700,274.9
75522,4940,57400,283.6
75531,4940,55800,275.7
75541,4940,57300,283.1
75551,4940,55700,275.2
75561,4944,57300,283.3
75571,4940,55700,275.2
75581,4940,57300,283.1
75591,4936,55800,275.4
75601,4944,57100,282.3
75611,4940,56400,278.6
75621,4940,56700,280.1
75631,4940,56400,278.6
75641,4940,56700,280.1
75651,4940,56300,278.1
75661,4940,55700,275.2
75671,4940,57300,283.1
75681,4940,55700,275.2
75691,4940,57300,283.1
75701,4936,55800,275.4
75711,4940,57400,283.6
75721,4936,55800,275.4
75731,4940,57300,283.1
75741,4936,55800,275.4
75751,4940,57300,283.1
75761,4940,55800,275.7
75771,4940,57300,283.1
75781,4940,55700,275.2
75791,4940,56700,280.1
75801,4940,56400,278.6
75811,4940,56600,279.6
75821,4940,56400,278.6
75831,4820,139800,673.8
75841,4940,56500,279.1
75851,4940,55700,275.2
75861,4940,57300,283.1
75871,4940,55700,275.2
75881,4940,57300,283.1
75891,4940,55700,275.2
75901,4940,57400,283.6
75911,4940,55700,275.2
75921,4940,57400,283.6
75931,4936,55700,274.9
75941,4940,57300,283.1
75951,4940,55700,275.2
75961,4940,57300,283.1
75971,4940,55700,275.2
75981,4940,56600,279.6
75991,4940,56400,278.6
76001,4940,56700,280.1
76011,4940,56300,278.1
76021,4940,56300,278.1
76031,4940,57300,283.1
76041,4936,55800,275.4
76051,4940,57400,283.6
76061,4940,55800,275.7
76071,4940,57400,283.6
76081,4940,55700,275.2
76091,4940,57400,283.6
76101,4940,55700,275.2
76111,4940,57300,283.1
76121,4936,55800,275.4
76131,4940,57300,283.1
76141,4940,55800,275.7
76151,4944,57100,282.3
76161,4940,56400,278.6
76171,4940,56700,280.1
76181,4940,56400,278.6
76191,4940,56700,280.1
76201,4940,56400,278.6
76211,4940,55700,275.2
76221,4940,57300,283.1
76231,4940,55700,275.2
76241,4940,57300,283.1
76251,4940,55700,275.2
76261,4940,57300,283.1
76271,4940,55700,275.2
76281,4940,57300,283.1
76291,4940,55800,275.7
76301,4940,57300,283.1
76311,4940,55700,275.2
76321,4940,57300,283.1
76331,4816,140900,678.6
76341,4940,56600,279.6
76351,4940,56400,278.6
76361,4940,56700,280.1
76371,4940,56300,278.1
76381,4940,56600,279.6
76391,4940,56400,278.6
76401,4940,55700,275.2
76411,4940,57300,283.1
76421,4940,55800,275.7
76431,4940,57400,283.6
76441,4940,55700,275.2
76451,4940,57300,283.1
76461,4936,55700,274.9
76471,4940,57300,283.1
76481,4940,55700,275.2
76491,4940,57300,283.1
76501,4940,55800,275.7
76511,4940,57200,282.6
76521,4940,55800,275.7
76531,4940,56700,280.1
76541,4940,56400,278.6
76551,4940,56700,280.1
76561,4940,56500,279.1
76571,4940,56300,278.1
76581,4940,57200,282.6
76591,4936,55800,275.4
76601,4940,57400,283.6
76611,4940,55700,275.2
76621,4940,57300,283.1
76631,4940,55700,275.2
76641,4940,57400,283.6
76651,4940,55700,275.2
76661,4940,57300,283.1
76671,4936,55800,275.4
76681,4940,57300,283.1
76691,4940,55700,275.2
76701,4940,57100,282.1
76711,4940,56400,278.6
76721,4940,56700,280.1
76731,4940,56400,278.6
76741,4940,56700,280.1
76751,4940,56400,278.6
76761,4940,55700,275.2
76771,4940,57300,283.1
76781,4940,55700,275.2
76791,4940,57300,283.1
76801,4940,55700,275.2
76811,4940,57300,283.1
76821,4940,55700,275.2
76831,4940,57300,283.1
76841,4764,201100,958.0
76851,4940,57300,283.1
76861,4940,55800,275.7
76871,4940,57400,283.6
76881,4940,55800,275.7
76891,4940,56700,280.1
76901,4940,56300,278.1
76911,4940,56700,280.1
76921,4940,56400,278.6
76931,4940,56700,280.1
76941,4940,56500,279.1
76951,4940,55700,275.2
76961,4940,57300,283.1
76971,4936,55700,274.9
76981,4940,57400,283.6
76991,4940,55700,275.2
77001,4940,57300,283.1
77011,4940,55700,275.2
77021,4940,57300,283.1
77031,4936,55700,274.9
77041,4940,57300,283.1
77051,4940,55700,275.2
77061,4940,57300,283.1
77071,4936,55700,274.9
77081,4940,56600,279.6
77091,4940,56400,278.6
77101,4940,56700,280.1
77111,4940,56400,278.6
77121,4940,56300,278.1
77131,4940,57200,282.6
77141,4940,55700,275.2
77151,4940,57300,283.1
77161,4940,55700,275.2
77171,4940,57300,283.1
77181,4940,55700,275.2
77191,4940,57300,283.1
77201,4940,55700,275.2
77211,4940,57200,282.6
77221,4936,55700,274.9
77232,4944,57200,282.8
77241,4940,55700,275.2
77251,4944,57100,282.3
77261,4936,56400,278.4
77271,4940,56700,280.1
77281,4940,56300,278.1
77291,4940,56700,280.1
77301,4940,56300,278.1
77311,4940,55700,275.2
77321,4940,57300,283.1
77331,4940,55700,275.2
77341,4940,57300,283.1
77351,4940,96300,475.7
77361,4940,57300,283.1
77371,4936,55800,275.4
77381,4940,57300,283.1
77391,4940,55700,275.2
77401,4940,57300,283.1
77411,4936,55700,274.9
77421,4940,57400,283.6
77431,4940,55700,275.2
77441,4940,56600,279.6
77451,4936,56300,277.9
77461,4940,56600,279.6
77471,4940,56400,278.6
77481,4940,56600,279.6
77491,4940,56400,278.6
77501,4940,55700,275.2
77511,4940,57400,283.6
77521,4940,55700,275.2
77531,4940,57300,283.1
77541,4936,55700,274.9
77551,4940,57300,283.1
77561,4940,55700,275.2
77571,4940,57300,283.1
77581,4936,55700,274.9
77591,4940,57400,283.6
77601,4940,55700,275.2
77611,4944,57400,283.8
77621,4940,55700,275.2
77631,4940,56600,279.6
77641,4940,56400,278.6
77651,4940,56700,280.1
77661,4940,56300,278.1
77671,4940,56300,278.1
77681,4940,57200,282.6
77691,4940,55700,275.2
77701,4940,57300,283.1
77711,4940,55700,275.2
77721,4944,57300,283.3
77731,4936,55600,274.4
77741,4940,57300,283.1
77751,4936,55700,274.9
77761,4940,57300,283.1
77771,4940,55800,275.7
77781,4940,57300,283.1
77791,4940,55700,275.2
77801,4940,57100,282.1
77811,4940,56300,278.1
77821,4940,56600,279.6
77831,4940,56400,278.6
77841,4940,56700,280.1
77851,4740,134700,638.5
77861,4940,55700,275.2
77871,4940,57400,283.6
77881,4940,55700,275.2
77891,4940,57300,283.1
77901,4940,55700,275.2
77911,4940,57300,283.1
77921,4936,55800,275.4
77931,4940,57300,283.1
77941,4936,55700,274.9
77951,4940,57400,283.6
77961,4940,55700,275.2
77971,4940,57300,283.1
77981,4940,55700,275.2
77991,4940,56600,279.6
78001,4940,56300,278.1
78011,4940,56700,280.1
78021,4940,56400,278.6
78031,4940,56600,279.6
78041,4940,56400,278.6
78051,4940,55700,275.2
78061,4940,57300,283.1
78071,4940,55800,275.7
78081,4940,57300,283.1
78091,4940,55700,275.2
78101,4940,57300,283.1
78111,4936,55700,274.9
78121,4940,57300,283.1
78131,4940,55600,274.7
78141,4940,57300,283.1
78151,4940,55700,275.2
78161,4940,57300,283.1
78171,4940,55800,275.7
78181,4940,56600,279.6
78191,4940,56400,278.6
78201,4940,56600,279.6
78211,4940,56300,278.1
78221,4940,56300,278.1
78231,4940,57100,282.1
78241,4940,55700,275.2
78251,4940,57300,283.1
78261,4936,55700,274.9
78271,4940,57300,283.1
78281,4936,55700,274.9
78291,4940,57400,283.6
78301,4940,55700,275.2
78311,4940,57300,283.1
78321,4940,55700,275.2
78331,4944,57300,283.3
78341,4940,55700,275.2
78351,4940,57100,282.1
78361,4772,175900,839.4
78371,4940,56700,280.1
78381,4940,56400,278.6
78391,4940,56700,280.1
78401,4940,56500,279.1
78411,4940,55700,275.2
78421,4940,57400,283.6
78431,4940,55700,275.2
78441,4940,57300,283.1
78451,4940,55700,275.2
78461,4940,57300,283.1
78471,4940,55800,275.7
78481,4940,57300,283.1
78491,4940,55700,275.2
78501,4940,57300,283.1
78511,4940,55700,275.2
78521,4940,57300,283.1
78531,4940,55700,275.2
78541,4940,56600,279.6
78551,4940,56300,278.1
78561,4940,56600,279.6
78571,4940,56400,278.6
78581,4940,56700,280.1
78591,4940,56400,278.6
78601,4940,55700,275.2
78611,4940,57300,283.1
78621,4940,55800,275.7
78631,4940,57300,283.1
78641,4940,55800,275.7
78651,4940,57400,283.6
78661,4940,55800,275.7
78671,4940,57400,283.6
78681,4940,55700,275.2
78691,4940,57400,283.6
78701,4940,55700,275.2
78711,4940,57300,283.1
78721,4936,55700,274.9
78731,4940,56600,279.6
78741,4940,56300,278.1
78751,4940,56600,279.6
78761,4940,56400,278.6
78771,4940,56300,278.1
78781,4940,57200,282.6
78791,4936,55700,274.9
78801,4940,57300,283.1
78811,4936,55700,274.9
78821,4940,57300,283.1
78831,4936,55700,274.9
78841,4940,57300,283.1
78851,4936,55700,274.9
78861,4944,57300,283.3
78871,4792,65700,314.8
78881,4940,57300,283.1
78891,4940,55800,275.7
78901,4940,57300,283.1
78911,4940,56300,278.1
78921,4940,56700,280.1
78931,4940,56300,278.1
78942,4940,56700,280.1
78951,4940,56400,278.6
78961,4940,55700,275.2
78971,4940,57300,283.1
78981,4940,55700,275.2
78991,4940,57300,283.1
79001,4940,55700,275.2
79011,4940,57300,283.1
79021,4936,55800,275.4
79031,4940,57300,283.1
79041,4940,55700,275.2
79051,4944,57300,283.3
79061,4940,55700,275.2
79071,4940,57300,283.1
79081,4940,55700,275.2
79091,4940,56700,280.1
79101,4936,56300,277.9
79111,4940,56700,280.1
79121,4940,56400,278.6
79131,4940,56700,280.1
79141,4940,56400,278.6
79151,4940,55700,275.2
79161,4940,57300,283.1
79171,4940,55700,275.2
79181,4940,57300,283.1
79191,4940,55700,275.2
79201,4940,57300,283.1
79211,4940,55800,275.7
79221,4940,57300,283.1
79231,4940,55700,275.2
79241,4940,57300,283.1
79251,4940,55700,275.2
79261,4940,57300,283.1
79271,4940,55700,275.2
79281,4940,56700,280.1
79291,4940,56400,278.6
79301,4940,56700,280.1
79311,4940,56400,278.6
79321,4940,56300,278.1
79331,4940,57100,282.1
79341,4936,55700,274.9
79351,4940,57300,283.1
79361,4940,55700,275.2
79371,4816,141900,683.4
79381,4940,55700,275.2
79391,4940,57400,283.6
79401,4940,55700,275.2
79411,4940,57300,283.1
79421,4940,55800,275.7
79431,4940,57300,283.1
79441,4940,55800,275.7
79451,4940,57200,282.6
79461,4940,56300,278.1
79471,4940,56700,280.1
79481,4940,56400,278.6
79491,4940,56700,280.1
79501,4940,56400,278.6
79511,4940,55700,275.2
79521,4940,57300,283.1
79531,4940,55600,274.7
79541,4940,57300,283.1
79551,4936,55700,274.9
79561,4940,57300,283.1
79571,4936,55700,274.9
79581,4940,57300,283.1
79591,4940,55800,275.7
79601,4940,57300,283.1
79611,4940,55700,275.2
79621,4940,57300,283.1
79631,4940,55700,275.2
79641,4940,56700,280.1
79651,4940,56400,278.6
79661,4940,56700,280.1
79671,4940,56400,278.6
79681,4940,56700,280.1
79691,4940,56400,278.6
79701,4936,55700,274.9
79711,4940,57400,283.6
79721,4940,55700,275.2
79731,4940,57300,283.1
79741,4940,55800,275.7
79751,4940,57300,283.1
79761,4940,55800,275.7
79771,4940,57300,283.1
79781,4940,55700,275.2
79791,4940,57300,283.1
79801,4936,55800,275.4
79811,4940,57300,283.1
79821,4940,55700,275.2
79831,4940,56700,280.1
79841,4940,56500,279.1
79851,4940,56700,280.1
79861,4940,56400,278.6
79871,4940,56400,278.6
79881,4828,215500,1040.4
79891,4940,55700,275.2
79901,4940,57300,283.1
79911,4936,55700,274.9
79921,4940,57300,283.1
79931,4940,55700,275.2
79941,4940,57300,283.1
79951,4940,55700,275.2
79961,4940,57300,283.1
79971,4940,55700,275.2
79981,4940,57400,283.6
79991,4940,55700,275.2
80001,4940,57200,282.6
80011,4936,56300,277.9
80021,4940,56700,280.1
80031,4940,56300,278.1
80041,4940,56700,280.1
80051,4940,56400,278.6
80061,4940,55700,275.2
80071,4940,57400,283.6
80081,4940,55700,275.2
80091,4940,57200,282.6
80101,4940,55700,275.2
80111,4940,57300,283.1
80121,4940,55700,275.2
80131,4940,57300,283.1
80141,4940,55700,275.2
80151,4940,57300,283.1
80161,4940,55700,275.2
80171,4940,57400,283.6
80181,4940,55700,275.2
80191,4940,56600,279.6
80201,4940,56300,278.1
80211,4940,56700,280.1
80221,4940,56400,278.6
80231,4940,56700,280.1
80241,4940,56300,278.1
80251,4940,55700,275.2
80261,4940,57300,283.1
80271,4940,55800,275.7
80281,4944,57300,283.3
80291,4940,55700,275.2
80301,4940,57300,283.1
80311,4940,55700,275.2
80321,4940,57400,283.6
80331,4940,55700,275.2
80341,4940,57300,283.1
80351,4940,55700,275.2
80361,4940,57300,283.1
80371,4940,55800,275.7
80381,4940,59100,292.0
80391,4940,56400,278.6
80401,4940,56700,280.1
80411,4940,56400,278.6
80421,4940,56500,279.1
80431,4940,57200,282.6
80441,4936,56300,277.9
80451,4940,57300,283.1
80461,4940,55700,275.2
80471,4940,57400,283.6
80481,4940,55700,275.2
80491,4940,57300,283.1
80501,4940,55800,275.7
80511,4940,57300,283.1
80521,4940,55800,275.7
80531,4940,57300,283.1
80541,4940,55700,275.2
80551,4940,57200,282.6
80561,4940,56300,278.1
80571,4940,56700,280.1
80581,4940,56400,278.6
80591,4940,56600,279.6
80601,4940,56400,278.6
80611,4940,55700,275.2
80621,4940,57300,283.1
80631,4936,55700,274.9
80642,4940,57300,283.1
80651,4940,55700,275.2
80661,4940,57300,283.1
80671,4940,55800,275.7
80681,4940,57300,283.1
80691,4940,55700,275.2
80701,4940,57300,283.1
80711,4940,55700,275.2
80721,4940,57400,283.6
80731,4940,55700,275.2
80741,4940,56600,279.6
80751,4940,56300,278.1
80761,4940,56700,280.1
80771,4940,56400,278.6
80781,4940,56600,279.6
80791,4940,56400,278.6
80801,4940,55600,274.7
80811,4940,57300,283.1
80821,4940,55800,275.7
80831,4940,57300,283.1
80841,4936,55700,274.9
80851,4940,57300,283.1
80861,4936,55700,274.9
80871,4940,57400,283.6
80881,4940,55700,275.2
80891,4824,211500,1020.3
80901,4940,55700,275.2
80911,4940,57300,283.1
80921,4940,55800,275.7
80931,4940,56600,279.6
80941,4940,56400,278.6
80951,4940,56700,280.1
80961,4940,56300,278.1
80971,4940,56400,278.6
80981,4940,57200,282.6
80991,4940,56300,278.1
81001,4940,57300,283.1
81011,4940,55700,275.2
81021,4940,57300,283.1
81031,4940,55700,275.2
81041,4940,57400,283.6
81051,4936,55700,274.9
81061,4940,57300,283.1
81071,4940,55700,275.2
81081,4940,57300,283.1
81091,4940,55800,275.7
81101,4940,57100,282.1
81111,4940,56400,278.6
81121,4940,56800,280.6
81131,4940,56300,278.1
81141,4940,56700,280.1
81151,4940,56400,278.6
81161,4940,55700,275.2
81171,4940,57300,283.1
81181,4940,55700,275.2
81191,4940,57300,283.1
81201,4940,55700,275.2
81211,4940,57300,283.1
81221,4940,55700,275.2
81231,4940,57300,283.1
81241,4940,55700,275.2
81251,4940,57300,283.1
81261,4940,55700,275.2
81271,4940,57300,283.1
81281,4940,55700,275.2
81291,4940,56700,280.1
81301,4940,56300,278.1
81311,4940,56700,280.1
81321,4940,56400,278.6
81331,4940,56700,280.1
81341,4940,56400,278.6
81351,4940,55700,275.2
81361,4944,57300,283.3
81371,4940,55800,275.7
81381,4940,57300,283.1
81391,4816,141000,679.1
81401,4940,57300,283.1
81411,4936,55800,275.4
81421,4940,57300,283.1
81431,4936,55700,274.9
81441,4940,57300,283.1
81451,4936,55700,274.9
81461,4940,57300,283.1
81471,4940,55800,275.7
81481,4940,56700,280.1
81491,4936,56400,278.4
81501,4940,56700,280.1
81511,4940,56400,278.6
81521,4940,56300,278.1
81531,4940,57200,282.6
81541,4936,56300,277.9
81551,4940,57300,283.1
81561,4940,55700,275.2
81571,4940,57300,283.1
81581,4940,55800,275.7
81591,4940,57400,283.6
81601,4940,55700,275.2
81611,4940,57300,283.1
81621,4940,55700,275.2
81631,4940,57300,283.1
81641,4940,55700,275.2
81651,4940,57100,282.1
81661,4940,56400,278.6
81671,4940,56800,280.6
81681,4940,56400,278.6
81691,4940,56700,280.1
81701,4940,56400,278.6
81711,4940,55700,275.2
81721,4940,57300,283.1
81731,4940,55700,275.2
81741,4944,57300,283.3
81751,4940,55700,275.2
81761,4940,57300,283.1
81771,4940,55700,275.2
81781,4940,57300,283.1
81791,4936,55600,274.4
81801,4940,57300,283.1
81811,4940,55700,275.2
81821,4940,57300,283.1
81831,4936,55700,274.9
81841,4940,56700,280.1
81851,4940,56300,278.1
81861,4940,56700,280.1
81871,4940,56400,278.6
81881,4940,56600,279.6
81891,4940,56500,279.1
81901,4832,133100,643.1
81911,4940,57300,283.1
81921,4940,55800,275.7
81931,4940,57300,283.1
81941,4940,55700,275.2
81951,4940,57300,283.1
81961,4940,55700,275.2
81971,4940,57300,283.1
81981,4940,55700,275.2
81991,4940,57300,283.1
82001,4940,55800,275.7
82011,4940,57300,283.1
82021,4940,55700,275.2
82031,4940,56600,279.6
82041,4940,56400,278.6
82051,4940,56700,280.1
82061,4940,56400,278.6
82071,4940,56300,278.1
82081,4940,57100,282.1
82091,4936,56200,277.4
82101,4940,57300,283.1
82111,4936,55800,275.4
82121,4940,57300,283.1
82131,4940,55800,275.7
82141,4940,57400,283.6
82151,4936,55800,275.4
82161,4940,57300,283.1
82171,4940,55700,275.2
82181,4940,57300,283.1
82191,4940,55700,275.2
82201,4940,57100,282.1
82211,4940,56300,278.1
82221,4940,56700,280.1
82231,4940,56400,278.6
82241,4940,56700,280.1
82251,4940,56400,278.6
82261,4940,55600,274.7
82271,4940,57300,283.1
82281,4940,55700,275.2
82291,4940,57300,283.1
82301,4940,55800,275.7
82311,4940,57300,283.1
82321,4936,55800,275.4
82331,4940,57300,283.1
82341,4940,55800,275.7
82352,4940,57300,283.1
82361,4940,55700,275.2
82371,4940,57300,283.1
82381,4940,55700,275.2
82391,4940,56600,279.6
82401,4816,140900,678.6
82411,4940,56600,279.6
82421,4940,56400,278.6
82431,4940,56700,280.1
82441,4940,56500,279.1
82451,4940,55800,275.7
82461,4940,57300,283.1
82471,4940,55700,275.2
82481,4940,57300,283.1
82491,4940,55700,275.2
82501,4940,57300,283.1
82511,4940,55800,275.7
82521,4940,57300,283.1
82531,4940,55700,275.2
82541,4940,57400,283.6
82551,4936,55700,274.9
82561,4940,57300,283.1
82571,4940,55700,275.2
82581,4940,56600,279.6
82591,4940,56300,278.1
82601,4940,56700,280.1
82611,4940,56400,278.6
82621,4940,56300,278.1
82631,4940,57200,282.6
82641,4940,56200,277.6
82651,4940,57300,283.1
82661,4936,55800,275.4
82671,4940,57300,283.1
82681,4940,55700,275.2
82691,4940,57400,283.6
82701,4936,55700,274.9
82711,4940,57300,283.1
82721,4940,55800,275.7
82731,4940,57300,283.1
82741,4936,55800,275.4
82751,4940,57100,282.1
82761,4940,56400,278.6
82771,4940,56700,280.1
82781,4940,56400,278.6
82791,4940,56700,280.1
82801,4940,56400,278.6
82811,4940,55700,275.2
82821,4940,57300,283.1
82831,4940,55600,274.7
82841,4940,57400,283.6
82851,4940,55700,275.2
82861,4940,57300,283.1
82871,4936,55800,275.4
82881,4940,57300,283.1
82891,4936,55700,274.9
82901,4940,60100,296.9
82911,4940,55800,275.7
82921,4940,57300,283.1
82931,4940,55700,275.2
82941,4944,56700,280.3
82951,4940,56300,278.1
82961,4940,56700,280.1
82971,4940,56400,278.6
82981,4940,56700,280.1
82991,4940,56400,278.6
83001,4940,55700,275.2
83011,4940,57300,283.1
83021,4936,55700,274.9
83031,4940,57300,283.1
83041,4940,55700,275.2
83051,4940,57300,283.1
83061,4940,55700,275.2
83071,4940,57300,283.1
83081,4940,55700,275.2
83091,4940,57300,283.1
83101,4940,55700,275.2
83111,4940,57300,283.1
83121,4940,55800,275.7
83131,4940,56700,280.1
83141,4940,56400,278.6
83151,4940,56700,280.1
83161,4940,56400,278.6
83171,4940,56200,277.6
83181,4940,57300,283.1
83191,4940,56100,277.1
83201,4940,57300,283.1
83211,4940,55700,275.2
83221,4940,57300,283.1
83231,4940,55700,275.2
83241,4940,57300,283.1
83251,4940,55700,275.2
83261,4940,57300,283.1
83271,4936,55700,274.9
83281,4940,57400,283.6
83291,4936,55700,274.9
83301,4940,57000,281.6
83311,4940,56400,278.6
83321,4940,56800,280.6
83331,4940,56400,278.6
83341,4940,56700,280.1
83351,4940,56400,278.6
83361,4940,55700,275.2
83371,4940,57300,283.1
83381,4940,55700,275.2
83391,4940,57300,283.1
83401,4940,55700,275.2
83411,4820,142600,687.3
83421,4940,55800,275.7
83431,4940,57300,283.1
83441,4940,55800,275.7
83451,4944,57300,283.3
83461,4936,55800,275.4
83471,4940,57300,283.1
83481,4940,55700,275.2
83491,4940,56600,279.6
83501,4940,56400,278.6
83511,4940,56700,280.1
83521,4940,56400,278.6
83531,4940,56700,280.1
83541,4940,56500,279.1
83551,4936,55800,275.4
83561,4944,57300,283.3
83571,4940,55800,275.7
83581,4944,57400,283.8
83591,4940,55700,275.2
83601,4940,57300,283.1
83611,4936,55700,274.9
83621,4940,57300,283.1
83631,4936,55700,274.9
83641,4940,57300,283.1
83651,4940,55800,275.7
83661,4940,57300,283.1
83671,4940,55700,275.2
83681,4940,56600,279.6
83691,4940,56400,278.6
83701,4940,56700,280.1
83711,4936,56300,277.9
83721,4940,56200,277.6
83731,4940,57200,282.6
83741,4940,56100,277.1
83751,4940,57300,283.1
83761,4936,55700,274.9
83771,4940,57300,283.1
83781,4940,55800,275.7
83791,4940,57400,283.6
83801,4940,55700,275.2
83811,4940,57300,283.1
83821,4940,55800,275.7
83831,4940,57300,283.1
83841,4940,55800,275.7
83851,4940,57000,281.6
83861,4940,56400,278.6
83871,4940,56700,280.1
83881,4940,56400,278.6
83891,4940,56600,279.6
83901,4940,56400,278.6
83911,4816,142700,687.2
83921,4936,57400,283.3
83931,4936,55700,274.9
83941,4940,57300,283.1
83951,4940,55700,275.2
83961,4940,57300,283.1
83971,4940,55800,275.7
83981,4940,57300,283.1
83991,4940,55800,275.7
84001,4940,57300,283.1
84011,4940,55800,275.7
84021,4940,57400,283.6
84031,4936,55700,274.9
84041,4940,56700,280.1
84052,4940,56300,278.1
84061,4940,56700,280.1
84071,4940,56400,278.6
84081,4940,56700,280.1
84091,4940,56400,278.6
84101,4936,56700,279.9
84111,4940,57300,283.1
84121,4940,55800,275.7
84131,4940,57400,283.6
84141,4940,55700,275.2
84151,4940,57300,283.1
84161,4940,55800,275.7
84171,4940,57300,283.1
84181,4936,55700,274.9
84191,4940,57300,283.1
84201,4940,55600,274.7
84211,4940,57300,283.1
84221,4940,55800,275.7
84231,4940,56600,279.6
84241,4940,56400,278.6
84251,4940,56700,280.1
84261,4940,56400,278.6
84271,4940,56200,277.6
84281,4940,57300,283.1
84291,4940,56100,277.1
84301,4940,57300,283.1
84311,4940,55700,275.2
84321,4940,57300,283.1
84331,4940,55700,275.2
84341,4940,57300,283.1
84351,4940,55700,275.2
84361,4940,57300,283.1
84371,4936,55700,274.9
84381,4940,57300,283.1
84391,4940,55800,275.7
84401,4940,57000,281.6
84411,4940,56500,279.1
84421,4728,138100,652.9
84431,4940,56400,278.6
84441,4940,56700,280.1
84451,4940,56400,278.6
84461,4940,55700,275.2
84471,4940,57400,283.6
84481,4940,55700,275.2
84491,4940,57300,283.1
84501,4936,55700,274.9
84511,4940,57300,283.1
84521,4940,55700,275.2
84531,4940,57300,283.1
84541,4936,55800,275.4
84551,4940,57300,283.1
84561,4940,55700,275.2
84571,4940,57300,283.1
84581,4940,55700,275.2
84591,4944,56700,280.3
84601,4940,56300,278.1
84611,4940,56600,279.6
84621,4940,56300,278.1
84631,4940,56600,279.6
84641,4940,56500,279.1
84651,4940,56700,280.1
84661,4940,57300,283.1
84671,4936,55700,274.9
84681,4940,57300,283.1
84691,4936,55700,274.9
84701,4940,57400,283.6
84711,4936,55800,275.4
84721,4940,57400,283.6
84731,4936,55700,274.9
84741,4940,57300,283.1
84751,4940,55600,274.7
84761,4940,57300,283.1
84771,4940,55700,275.2
84781,4940,56600,279.6
84791,4940,56400,278.6
84801,4940,56600,279.6
84811,4940,56400,278.6
84821,4940,56200,277.6
84831,4940,57300,283.1
84841,4940,56100,277.1
84851,4940,57300,283.1
84861,4936,55700,274.9
84871,4940,57400,283.6
84881,4940,55700,275.2
84891,4940,57300,283.1
84901,4940,55700,275.2
84911,4940,57300,283.1
84921,4816,144300,694.9
84931,4940,57300,283.1
84941,4940,55800,275.7
84951,4940,57100,282.1
84961,4940,56400,278.6
84971,4936,56700,279.9
84981,4940,56400,278.6
84991,4940,56600,279.6
85001,4940,56300,278.1
85011,4940,55700,275.2
85021,4940,57300,283.1
85031,4940,55800,275.7
85041,4940,57400,283.6
85051,4940,55800,275.7
85061,4940,57400,283.6
85071,4936,55700,274.9
85081,4940,57300,283.1
85091,4936,55800,275.4
85101,4940,57300,283.1
85111,4940,55700,275.2
85121,4940,57400,283.6
85131,4940,55700,275.2
85141,4944,56700,280.3
85151,4936,56300,277.9
85161,4940,56700,280.1
85171,4940,56400,278.6
85181,4940,56600,279.6
85191,4940,56500,279.1
85201,4940,56700,280.1
85211,4940,57300,283.1
85221,4940,55800,275.7
85231,4940,57400,283.6
85241,4940,55800,275.7
85251,4940,57300,283.1
85261,4940,55800,275.7
85271,4940,57400,283.6
85281,4936,55700,274.9
85291,4940,57300,283.1
85301,4940,55700,275.2
85311,4940,57300,283.1
85321,4936,55800,275.4
85331,4940,56600,279.6
85341,4940,56400,278.6
85351,4940,56700,280.1
85361,4940,56400,278.6
85371,4940,56100,277.1
85381,4940,57300,283.1
85391,4940,56000,276.6
85401,4940,57300,283.1
85411,4940,55800,275.7
85421,4940,60100,296.9
85431,4940,55700,275.2
85441,4940,57300,283.1
85451,4936,55700,274.9
85461,4944,57300,283.3
85471,4936,55700,274.9
85481,4940,57300,283.1
85491,4936,55700,274.9
85501,4940,57000,281.6
85511,4936,56400,278.4
85521,4940,56700,280.1
85531,4940,56300,278.1
85541,4940,56700,280.1
85551,4940,56400,278.6
85561,4940,55700,275.2
85571,4940,57300,283.1
85581,4940,55700,275.2
85591,4940,57300,283.1
85601,4936,55800,275.4
85611,4940,57300,283.1
85621,4940,55800,275.7
85631,4940,57300,283.1
85641,4940,55700,275.2
85651,4940,57300,283.1
85661,4936,55700,274.9
85671,4940,57300,283.1
85681,4940,55700,275.2
85691,4940,56700,280.1
85701,4940,56300,278.1
85711,4940,56600,279.6
85721,4940,56400,278.6
85731,4940,56600,279.6
85741,4940,56400,278.6
85751,4940,56700,280.1
85762,4940,57300,283.1
85771,4940,55700,275.2
85781,4940,57300,283.1
85791,4940,55700,275.2
85801,4940,57400,283.6
85811,4940,55700,275.2
85821,4940,57400,283.6
85831,4940,55700,275.2
85841,4940,57300,283.1
85851,4936,55800,275.4
85861,4940,57300,283.1
85871,4940,55800,275.7
85881,4940,56700,280.1
85891,4940,56400,278.6
85901,4940,56700,280.1
85911,4940,56300,278.1
85921,4940,56000,276.6
85931,4812,142500,685.7
85941,4936,56100,276.9
85951,4940,57300,283.1
85961,4940,55800,275.7
85971,4944,57300,283.3
85981,4936,55700,274.9
85991,4940,57300,283.1
86001,4940,55700,275.2
86011,4940,57300,283.1
86021,4940,55800,275.7
86031,4940,57300,283.1
86041,4936,55800,275.4
86051,4940,56900,281.1
86061,4940,56400,278.6
86071,4940,56700,280.1
86081,4940,56400,278.6
86091,4940,56700,280.1
86101,4940,56400,278.6
86111,4940,55700,275.2
86121,4940,57300,283.1
86131,4940,55700,275.2
86141,4940,57300,283.1
86151,4936,55700,274.9
86161,4940,57300,283.1
86171,4940,55700,275.2
86181,4940,57300,283.1
86191,4940,55800,275.7
86201,4940,57400,283.6
86211,4940,55700,275.2
86221,4940,57300,283.1
86231,4940,55700,275.2
86241,4940,56700,280.1
86251,4940,56300,278.1
86261,4940,56700,280.1
86271,4940,56400,278.6
86281,4940,56700,280.1
86291,4940,56500,279.1
86301,4936,56700,279.9
86311,4940,57300,283.1
86321,4940,55700,275.2
86331,4940,57300,283.1
86341,4940,55700,275.2
86351,4940,57300,283.1
86361,4940,55600,274.7
86371,4940,57300,283.1
86381,4940,55700,275.2
86391,4940,57300,283.1
86401,4940,55700,275.2
86411,4940,57200,282.6
86421,4940,55800,275.7
86431,4808,143300,689.0
86441,4940,56400,278.6
86451,4940,56700,280.1
86461,4940,56400,278.6
86471,4940,56100,277.1
86481,4940,57300,283.1
86491,4936,56100,276.9
86501,4940,57300,283.1
86511,4940,55700,275.2
86521,4940,57300,283.1
86531,4940,55700,275.2
86541,4940,57400,283.6
86551,4940,55700,275.2
86561,4940,57300,283.1
86571,4936,55800,275.4
86581,4940,57300,283.1
86591,4940,55800,275.7
86601,4944,57000,281.8
86611,4936,56400,278.4
86621,4940,56700,280.1
86631,4940,56400,278.6
86641,4940,56600,279.6
86651,4940,56400,278.6
86661,4940,55800,275.7
86671,4940,57300,283.1
86681,4940,55700,275.2
86691,4940,57300,283.1
86701,4936,55700,274.9
86711,4940,57300,283.1
86721,4940,55700,275.2
86731,4940,57300,283.1
86741,4936,55700,274.9
86751,4940,57400,283.6
86761,4940,55700,275.2
86771,4940,57300,283.1
86781,4936,55800,275.4
86791,4940,56700,280.1
86801,4940,56400,278.6
86811,4940,56700,280.1
86821,4940,56400,278.6
86831,4940,56700,280.1
86841,4940,56500,279.1
86851,4940,56600,279.6
86861,4944,57300,283.3
86871,4940,55700,275.2
86881,4940,57300,283.1
86891,4940,55700,275.2
86901,4940,57300,283.1
86911,4940,55700,275.2
86921,4940,57300,283.1
86931,4936,55700,274.9
86941,4832,217200,1049.5
86951,4940,55700,275.2
86961,4940,57300,283.1
86971,4936,55700,274.9
86981,4940,56600,279.6
86991,4940,56400,278.6
87001,4940,56700,280.1
87011,4936,56400,278.4
87021,4940,56100,277.1
87031,4940,57300,283.1
87041,4936,55900,275.9
87051,4940,57300,283.1
87061,4940,55700,275.2
87071,4940,57300,283.1
87081,4940,55700,275.2
87091,4940,57400,283.6
87101,4940,55700,275.2
87111,4940,57200,282.6
87121,4940,55800,275.7
87131,4940,57200,282.6
87141,4940,55800,275.7
87151,4940,56900,281.1
87161,4940,56500,279.1
87171,4940,56700,280.1
87181,4940,56400,278.6
87191,4940,56700,280.1
87201,4940,56300,278.1
87211,4940,55700,275.2
87221,4940,57200,282.6
87231,4940,55800,275.7
87241,4940,57300,283.1
87251,4940,55700,275.2
87261,4940,57300,283.1
87271,4940,55700,275.2
87281,4940,57300,283.1
87291,4936,55700,274.9
87301,4940,57300,283.1
87311,4940,55700,275.2
87321,4940,57300,283.1
87331,4940,55700,275.2
87341,4936,56700,279.9
87351,4940,56400,278.6
87361,4940,56700,280.1
87371,4940,56400,278.6
87381,4940,56700,280.1
87391,4940,56500,279.1
87401,4936,56700,279.9
87411,4944,57300,283.3
87421,4940,55600,274.7
87431,4940,57300,283.1
87441,4940,55700,275.2
87451,4824,210800,1016.9
87462,4936,55800,275.4
87471,4940,57400,283.6
87481,4936,55800,275.4
87491,4940,57300,283.1
87501,4940,55700,275.2
87511,4940,57300,283.1
87521,4936,55800,275.4
87531,4940,56700,280.1
87541,4940,56400,278.6
87551,4940,56700,280.1
87561,4940,56300,278.1
87571,4940,56000,276.6
87581,4940,57300,283.1
87591,4940,55900,276.1
87601,4940,57300,283.1
87611,4936,55700,274.9
87621,4940,57400,283.6
87631,4936,55700,274.9
87641,4940,57300,283.1
87651,4936,55700,274.9
87661,4940,57300,283.1
87671,4940,55700,275.2
87681,4940,57400,283.6
87691,4940,55700,275.2
87701,4940,56900,281.1
87711,4940,56400,278.6
87721,4940,56600,279.6
87731,4940,56400,278.6
87741,4940,56700,280.1
87751,4940,56400,278.6
87761,4940,56700,280.1
87771,4940,57400,283.6
87781,4940,55700,275.2
87791,4940,57300,283.1
87801,4936,55700,274.9
87811,4940,57300,283.1
87821,4936,55800,275.4
87831,4940,57300,283.1
87841,4940,55700,275.2
87851,4940,57300,283.1
87861,4940,55700,275.2
87871,4940,57300,283.1
87881,4940,55700,275.2
87891,4940,56700,280.1
87901,4940,56400,278.6
87911,4940,56700,280.1
87921,4940,56400,278.6
87931,4940,56600,279.6
87941,4940,56600,279.6
87951,4704,138000,649.2
87961,4940,57300,283.1
87971,4936,55700,274.9
87981,4940,57300,283.1
87991,4940,55700,275.2
88001,4940,57300,283.1
88011,4940,55700,275.2
88021,4940,57300,283.1
88031,4936,55700,274.9
88041,4940,57300,283.1
88051,4940,55700,275.2
88061,4940,57300,283.1
88071,4940,55800,275.7
88081,4940,56700,280.1
88091,4940,56400,278.6
88101,4940,56700,280.1
88111,4940,56400,278.6
88121,4940,55900,276.1
88131,4940,57300,283.1
88141,4936,55900,275.9
88151,4940,57300,283.1
88161,4940,55600,274.7
88171,4940,57300,283.1
88181,4940,55700,275.2
88191,4940,57300,283.1
88201,4940,55800,275.7
88211,4940,57300,283.1
88221,4940,55800,275.7
88231,4940,57300,283.1
88241,4940,55800,275.7
88251,4940,56800,280.6
88261,4936,56500,278.9
88271,4940,56700,280.1
88281,4940,56300,278.1
88291,4940,56700,280.1
88301,4940,56400,278.6
88311,4940,56600,279.6
88321,4940,57300,283.1
88331,4940,55800,275.7
88341,4940,57400,283.6
88351,4940,55700,275.2
88361,4940,57300,283.1
88371,4936,55700,274.9
88381,4940,57300,283.1
88391,4940,55700,275.2
88401,4940,57400,283.6
88411,4936,55700,274.9
88421,4940,57300,283.1
88431,4940,55700,275.2
88441,4940,56800,280.6
88451,4940,56400,278.6
88461,4940,56700,280.1
88471,4940,56400,278.6
88481,4940,56700,280.1
88491,4940,56600,279.6
88501,4940,56700,280.1
88511,4940,57300,283.1
88521,4940,55700,275.2
88531,4940,57300,283.1
88541,4936,55700,274.9
88551,4940,57300,283.1
88561,4940,55800,275.7
88571,4940,57400,283.6
88581,4936,55700,274.9
88591,4944,57300,283.3
88601,4936,55700,274.9
88611,4940,57300,283.1
88621,4936,55800,275.4
88631,4940,56700,280.1
88641,4940,56400,278.6
88651,4940,56700,280.1
88661,4940,56400,278.6
88671,4940,56000,276.6
88681,4936,57300,282.8
88691,4940,55900,276.1
88701,4940,57300,283.1
88711,4936,55700,274.9
88721,4940,57300,283.1
88731,4940,55700,275.2
88741,4940,57300,283.1
88751,4940,55700,275.2
88761,4940,57300,283.1
88771,4940,55700,275.2
88781,4940,57300,283.1
88791,4936,55800,275.4
88801,4940,56700,280.1
88811,4940,56500,279.1
88821,4940,56700,280.1
88831,4940,56300,278.1
88841,4940,56700,280.1
88851,4940,56400,278.6
88861,4940,56700,280.1
88871,4940,57300,283.1
88881,4940,55700,275.2
88891,4940,57300,283.1
88901,4940,55700,275.2
88911,4940,57300,283.1
88921,4940,55700,275.2
88931,4940,57300,283.1
88941,4940,55800,275.7
88951,4940,57300,283.1
88961,4828,127500,615.6
88971,4940,57400,283.6
88981,4940,55700,275.2
88991,4940,56700,280.1
89001,4940,56300,278.1
89011,4940,56600,279.6
89021,4940,56400,278.6
89031,4940,56700,280.1
89041,4940,56600,279.6
89051,4940,56700,280.1
89061,4940,57300,283.1
89071,4940,55700,275.2
89081,4940,57300,283.1
89091,4940,55700,275.2
89101,4940,57400,283.6
89111,4936,55800,275.4
89121,4940,57400,283.6
89131,4940,55800,275.7
89141,4940,57400,283.6
89151,4940,55700,275.2
89161,4940,57400,283.6
89172,4940,56400,278.6
89181,4940,56700,280.1
89191,4940,56400,278.6
89201,4940,56700,280.1
89211,4940,56300,278.1
89221,4940,55800,275.7
89231,4940,57300,283.1
89241,4940,55800,275.7
89251,4944,57300,283.3
89261,4940,55700,275.2
89271,4940,57400,283.6
89281,4936,55700,274.9
89291,4940,57300,283.1
89301,4936,55700,274.9
89311,4940,57300,283.1
89321,4940,55700,275.2
89331,4940,57300,283.1
89341,4940,55800,275.7
89351,4940,56700,280.1
89361,4940,56400,278.6
89371,4940,56700,280.1
89381,4940,56400,278.6
89391,4940,56700,280.1
89401,4940,56300,278.1
89411,4936,56600,279.4
89421,4940,57300,283.1
89431,4940,55700,275.2
89441,4940,57300,283.1
89451,4940,55700,275.2
89461,4820,142800,688.3
89471,4936,55700,274.9
89481,4940,57400,283.6
89491,4940,55700,275.2
89501,4940,57300,283.1
89511,4936,55700,274.9
89521,4940,57300,283.1
89531,4940,55700,275.2
89541,4940,56800,280.6
89551,4940,56400,278.6
89561,4940,56600,279.6
89571,4940,56400,278.6
89581,4940,56700,280.1
89591,4940,56700,280.1
89601,4940,56600,279.6
89611,4940,57300,283.1
89621,4936,55800,275.4
89631,4940,57300,283.1
89641,4940,55700,275.2
89651,4940,57300,283.1
89661,4936,55700,274.9
89671,4940,57400,283.6
89681,4940,55700,275.2
89691,4940,57300,283.1
89701,4940,55700,275.2
89711,4944,57300,283.3
89721,4940,55900,276.1
89731,4940,56700,280.1
89741,4940,56400,278.6
89751,4940,56700,280.1
89761,4940,56400,278.6
89771,4940,55900,276.1
89781,4940,57300,283.1
89791,4940,55700,275.2
89801,4940,57300,283.1
89811,4940,55700,275.2
89821,4940,57300,283.1
89831,4940,55700,275.2
89841,4940,57300,283.1
89851,4936,55700,274.9
89861,4940,57300,283.1
89871,4936,55800,275.4
89881,4940,57300,283.1
89891,4936,55800,275.4
89901,4940,56600,279.6
89911,4940,56400,278.6
89921,4940,56700,280.1
89931,4940,56300,278.1
89941,4940,56700,280.1
89951,4940,56400,278.6
89961,4936,56600,279.4
89971,4836,208900,1010.2
89981,4940,55700,275.2
89991,4940,57300,283.1
90001,4940,55700,275.2
90011,4940,57300,283.1
90021,4940,55700,275.2
90031,4940,57300,283.1
90041,4940,55700,275.2
90051,4944,57300,283.3
90061,4940,55800,275.7
90071,4940,57300,283.1
90081,4940,55700,275.2
90091,4940,56700,280.1
90101,4940,56400,278.6
90111,4940,56600,279.6
90121,4940,56400,278.6
90131,4940,56600,279.6
90141,4940,56800,280.6
90151,4940,56500,279.1
90161,4940,57300,283.1
90171,4940,55700,275.2
90181,4940,57300,283.1
90191,4940,55800,275.7
90201,4940,57300,283.1
90211,4940,55700,275.2
90221,4940,57400,283.6
90231,4936,55700,274.9
90241,4940,57300,283.1
90251,4936,55700,274.9
90261,4940,57200,282.6
90271,4940,55900,276.1
90281,4940,56700,280.1
90291,4940,56400,278.6
90301,4940,56700,280.1
90311,4940,56400,278.6
90321,4940,55800,275.7
90331,4940,57400,283.6
90341,4936,55700,274.9
90351,4940,57300,283.1
90361,4940,55700,275.2
90371,4940,57300,283.1
90381,4940,55700,275.2
90391,4940,57300,283.1
90401,4940,55700,275.2
90411,4940,57300,283.1
90421,4940,55700,275.2
90431,4940,57300,283.1
90441,4936,55800,275.4
90451,4940,56600,279.6
90461,4940,56400,278.6
90471,4804,142800,686.0
90481,4940,56400,278.6
90491,4940,56700,280.1
90501,4940,56400,278.6
90511,4940,56700,280.1
90521,4940,57300,283.1
90531,4936,55700,274.9
90541,4940,57300,283.1
90551,4936,55700,274.9
90561,4940,57300,283.1
90571,4940,55800,275.7
90581,4944,57300,283.3
90591,4940,55800,275.7
90601,4940,57300,283.1
90611,4936,55700,274.9
90621,4940,57300,283.1
90631,4936,55800,275.4
90641,4940,56700,280.1
90651,4940,56400,278.6
90661,4940,56700,280.1
90671,4940,56400,278.6
90681,4940,56600,279.6
90691,4940,56800,280.6
90701,4940,56500,279.1
90711,4940,57300,283.1
90721,4940,55800,275.7
90731,4940,57300,283.1
90741,4940,55700,275.2
90751,4940,57300,283.1
90761,4940,55700,275.2
90771,4940,57300,283.1
90781,4940,55700,275.2
90791,4940,57300,283.1
90801,4940,55800,275.7
90811,4940,57300,283.1
90821,4940,56100,277.1
90831,4940,56700,280.1
90841,4940,56300,278.1
90851,4940,56600,279.6
90861,4940,56400,278.6
90872,4940,55800,275.7
90881,4940,57400,283.6
90891,4936,55700,274.9
90901,4940,57300,283.1
90911,4940,55700,275.2
90921,4940,57300,283.1
90931,4940,55700,275.2
90941,4940,57300,283.1
90951,4940,55700,275.2
90961,4940,57300,283.1
90971,4940,55700,275.2
90981,4820,142700,687.8
90991,4940,55800,275.7
91001,4940,56600,279.6
91011,4940,56400,278.6
91021,4940,56700,280.1
91031,4940,56400,278.6
91041,4940,56700,280.1
91051,4940,56400,278.6
91061,4940,56600,279.6
91071,4940,57400,283.6
91081,4936,55700,274.9
91091,4940,57300,283.1
91101,4940,55700,275.2
91111,4940,57300,283.1
91121,4940,55700,275.2
91131,4940,57200,282.6
91141,4940,55700,275.2
91151,4940,57300,283.1
91161,4940,55800,275.7
91171,4940,57400,283.6
91181,4940,55700,275.2
91191,4940,56700,280.1
91201,4940,56400,278.6
91211,4940,56600,279.6
91221,4940,56400,278.6
91231,4940,56500,279.1
91241,4940,56900,281.1
91251,4940,56500,279.1
91261,4940,57300,283.1
91271,4940,55800,275.7
91281,4940,57300,283.1
91291,4940,55800,275.7
91301,4940,57300,283.1
91311,4936,55700,274.9
91321,4940,57300,283.1
91331,4940,55700,275.2
91341,4940,57300,283.1
91351,4940,55700,275.2
91361,4940,57300,283.1
91371,4940,56200,277.6
91381,4940,56700,280.1
91391,4940,56400,278.6
91401,4940,56600,279.6
91411,4940,56400,278.6
91421,4940,56800,280.6
91431,4940,57300,283.1
91441,4936,55800,275.4
91451,4940,57400,283.6
91461,4940,55800,275.7
91471,4944,57300,283.3
91481,4940,55700,275.2
91491,4824,212400,1024.6
91501,4940,55800,275.7
91511,4940,57300,283.1
91521,4940,55700,275.2
91531,4940,57200,282.6
91541,4940,55800,275.7
91551,4940,56600,279.6
91561,4940,56300,278.1
91571,4936,56600,279.4
91581,4940,56300,278.1
91591,4940,56600,279.6
91601,4940,56400,278.6
91611,4940,56600,279.6
91621,4940,57400,283.6
91631,4940,55700,275.2
91641,4940,57300,283.1
91651,4940,55700,275.2
91661,4940,57300,283.1
91671,4940,55800,275.7
91681,4940,57300,283.1
91691,4940,55700,275.2
91701,4940,57300,283.1
91711,4940,55700,275.2
91721,4940,57300,283.1
91731,4940,55700,275.2
91741,4940,56600,279.6
91751,4940,56400,278.6
91761,4940,56600,279.6
91771,4940,56400,278.6
91781,4940,56400,278.6
91791,4940,57100,282.1
91801,4940,56400,278.6
91811,4940,57300,283.1
91821,4940,55700,275.2
91831,4940,57200,282.6
91841,4940,55700,275.2
91851,4940,57300,283.1
91861,4936,55700,274.9
91871,4940,57300,283.1
91881,4940,55700,275.2
91891,4940,57300,283.1
91901,4940,55800,275.7
91911,4940,57200,282.6
91921,4940,56300,278.1
91931,4940,56700,280.1
91941,4940,56400,278.6
91951,4940,56700,280.1
91961,4940,56300,278.1
91971,4940,56700,280.1
91981,4940,57300,283.1
91991,4724,128500,607.0
92001,4940,57400,283.6
92011,4940,55800,275.7
92021,4940,57300,283.1
92031,4936,55800,275.4
92041,4940,57400,283.6
92051,4940,55800,275.7
92061,4940,57300,283.1
92071,4940,55700,275.2
92081,4940,57400,283.6
92091,4940,55800,275.7
92101,4940,56600,279.6
92111,4940,56300,278.1
92121,4940,56700,280.1
92131,4940,56300,278.1
92141,4940,56700,280.1
92151,4940,56400,278.6
92161,4940,56700,280.1
92171,4940,57300,283.1
92181,4936,55700,274.9
92191,4940,57300,283.1
92201,4940,55700,275.2
92211,4940,57400,283.6
92221,4940,55800,275.7
92231,4940,57300,283.1
92241,4940,55700,275.2
92251,4940,57300,283.1
92261,4940,55700,275.2
92271,4944,57400,283.8
92281,4940,55700,275.2
92291,4940,56700,280.1
92301,4940,56400,278.6
92311,4940,56700,280.1
92321,4940,56400,278.6
92331,4940,56300,278.1
92341,4940,57100,282.1
92351,4940,56300,278.1
92361,4940,57300,283.1
92371,4936,55800,275.4
92381,4940,57200,282.6
92391,4940,55700,275.2
92401,4940,57300,283.1
92411,4940,55800,275.7
92421,4940,57300,283.1
92431,4940,55700,275.2
92441,4940,57300,283.1
92451,4940,55700,275.2
92461,4940,57100,282.1
92471,4940,56400,278.6
92481,4940,56700,280.1
92491,4784,169600,811.4
92501,4940,56700,280.1
92511,4940,56400,278.6
92521,4940,56700,280.1
92531,4940,57300,283.1
92541,4940,55700,275.2
92551,4940,57300,283.1
92561,4940,55700,275.2
92571,4940,57300,283.1
92585,4940,56400,278.6
92591,4940,57400,283.6
92601,4936,55800,275.4
92611,4944,57300,283.3
92621,4940,55700,275.2
92631,4940,57300,283.1
92641,4940,55700,275.2
92651,4940,56500,279.1
92661,4940,56400,278.6
92671,4940,56700,280.1
92681,4940,56300,278.1
92691,4940,56700,280.1
92701,4940,56400,278.6
92711,4940,56700,280.1
92721,4940,57400,283.6
92731,4940,55700,275.2
92741,4940,57300,283.1
92751,4940,55800,275.7
92761,4940,57300,283.1
92771,4936,55700,274.9
92781,4940,57300,283.1
92791,4940,55800,275.7
92801,4940,57400,283.6
92811,4940,55700,275.2
92821,4944,57400,283.8
92831,4936,55700,274.9
92841,4940,56700,280.1
92851,4940,56400,278.6
92861,4940,56800,280.6
92871,4940,56300,278.1
92881,4940,56300,278.1
92891,4940,57200,282.6
92901,4940,56100,277.1
92911,4940,57300,283.1
92921,4940,55800,275.7
92931,4940,57300,283.1
92941,4940,55700,275.2
92951,4940,57300,283.1
92961,4940,55800,275.7
92971,4944,57300,283.3
92981,4940,55800,275.7
92991,4816,142000,683.9
93001,4940,55700,275.2
93011,4940,57100,282.1
93021,4940,56300,278.1
93031,4940,56600,279.6
93041,4940,56500,279.1
93051,4940,56700,280.1
93061,4940,56400,278.6
93071,4940,56700,280.1
93081,4940,57300,283.1
93091,4940,55700,275.2
93101,4940,57300,283.1
93111,4940,55700,275.2
93121,4940,57300,283.1
93131,4936,55700,274.9
93141,4940,57300,283.1
93151,4940,55700,275.2
93161,4940,57300,283.1
93171,4940,55800,275.7
93181,4940,57300,283.1
93191,4940,55700,275.2
93201,4940,56700,280.1
93211,4940,56300,278.1
93221,4940,56600,279.6
93231,4940,56300,278.1
93241,4940,56700,280.1
93251,4940,56400,278.6
93261,4940,56600,279.6
93271,4940,57300,283.1
93281,4940,55700,275.2
93291,4940,57300,283.1
93301,4940,55700,275.2
93311,4940,57300,283.1
93321,4940,55700,275.2
93331,4940,57300,283.1
93341,4940,55700,275.2
93351,4940,57300,283.1
93361,4940,55700,275.2
93371,4940,57300,283.1
93381,4940,55700,275.2
93391,4940,56700,280.1
93401,4940,56300,278.1
93411,4940,56600,279.6
93421,4940,56400,278.6
93431,4940,56600,279.6
93441,4940,57300,283.1
93451,4940,56000,276.6
93461,4940,57300,283.1
93471,4940,55800,275.7
93481,4940,57300,283.1
93491,4940,55700,275.2
93501,4884,57300,279.9
93511,4940,55800,275.7
93521,4940,57300,283.1
93531,4940,55700,275.2
93541,4940,57300,283.1
93551,4940,55800,275.7
93561,4940,57100,282.1
93571,4940,56500,279.1
93581,4940,56600,279.6
93591,4940,56300,278.1
93601,4940,56700,280.1
93611,4940,56300,278.1
93621,4940,56700,280.1
93631,4940,57300,283.1
93641,4940,55800,275.7
93651,4940,57300,283.1
93661,4940,55700,275.2
93671,4940,57300,283.1
93681,4940,55700,275.2
93691,4940,57300,283.1
93701,4940,55700,275.2
93711,4940,57300,283.1
93721,4940,55800,275.7
93731,4940,57300,283.1
93741,4940,55700,275.2
93751,4940,56700,280.1
93761,4940,56300,278.1
93771,4940,56700,280.1
93781,4940,56300,278.1
93791,4940,56600,279.6
93801,4940,56500,279.1
93811,4936,56700,279.9
93821,4940,57300,283.1
93831,4940,55700,275.2
93841,4940,57300,283.1
93851,4940,55700,275.2
93861,4940,57300,283.1
93871,4940,55800,275.7
93881,4940,57300,283.1
93891,4936,55700,274.9
93901,4940,57300,283.1
93911,4940,55700,275.2
93921,4940,57300,283.1
93931,4940,55700,275.2
93941,4940,56700,280.1
93951,4940,56400,278.6
93961,4940,56700,280.1
93971,4940,56400,278.6
93981,4940,56600,279.6
93991,4940,57300,283.1
94001,4936,56000,276.4
94011,4940,57300,283.1
94021,4940,55800,275.7
94031,4940,57200,282.6
94041,4940,55800,275.7
94051,4940,57300,283.1
94061,4940,55700,275.2
94071,4940,57300,283.1
94081,4940,55800,275.7
94091,4940,57300,283.1
94101,4940,55800,275.7
94111,4940,56900,281.1
94121,4940,56500,279.1
94131,4940,56600,279.6
94141,4940,56400,278.6
94151,4940,56700,280.1
94161,4940,56300,278.1
94171,4940,56700,280.1
94181,4940,57300,283.1
94191,4940,55700,275.2
94201,4944,57300,283.3
94211,4940,55800,275.7
94221,4940,57400,283.6
94231,4940,55700,275.2
94241,4940,57300,283.1
94251,4940,55700,275.2
94261,4940,57200,282.6
94271,4940,55700,275.2
94282,4940,56700,280.1
94291,4936,55800,275.4
94301,4940,56700,280.1
94311,4940,56400,278.6
94321,4936,56800,280.4
94331,4940,56400,278.6
94341,4940,56700,280.1
94351,4940,56500,279.1
94361,4940,56700,280.1
94371,4940,57400,283.6
94381,4940,55700,275.2
94391,4940,57300,283.1
94401,4940,55700,275.2
94411,4940,57400,283.6
94421,4940,55700,275.2
94431,4944,57200,282.8
94441,4936,55700,274.9
94451,4940,57400,283.6
94461,4940,55700,275.2
94471,4940,57400,283.6
94481,4936,55800,275.4
94491,4940,56700,280.1
94501,4940,56400,278.6
94511,4816,141800,682.9
94521,4940,56400,278.6
94531,4940,56600,279.6
94541,4940,57300,283.1
94551,4940,55900,276.1
94561,4940,57300,283.1
94571,4940,55800,275.7
94581,4940,57300,283.1
94591,4940,55700,275.2
94601,4940,57300,283.1
94611,4936,55700,274.9
94621,4940,57300,283.1
94631,4936,55700,274.9
94641,4940,57300,283.1
94651,4940,55800,275.7
94661,4940,56900,281.1
94671,4936,56500,278.9
94681,4940,56600,279.6
94691,4940,56400,278.6
94701,4940,56700,280.1
94711,4940,56300,278.1
94721,4940,56700,280.1
94731,4940,57300,283.1
94741,4940,55700,275.2
94751,4940,57300,283.1
94761,4940,55700,275.2
94771,4940,57300,283.1
94781,4940,55800,275.7
94791,4940,57300,283.1
94801,4936,55800,275.4
94811,4940,57300,283.1
94821,4940,55700,275.2
94831,4940,57400,283.6
94841,4940,55800,275.7
94851,4940,56700,280.1
94861,4940,56300,278.1
94871,4940,56700,280.1
94881,4940,56400,278.6
94891,4940,56700,280.1
94901,4940,56700,280.1
94911,4940,56600,279.6
94921,4940,57300,283.1
94931,4940,55700,275.2
94941,4940,57300,283.1
94951,4936,55700,274.9
94961,4940,57300,283.1
94971,4936,55800,275.4
94981,4940,57300,283.1
94991,4940,55800,275.7
95001,4940,57300,283.1
95011,4940,55700,275.2
95021,4828,210600,1016.8
95031,4936,55800,275.4
95041,4940,56700,280.1
95051,4940,56400,278.6
95061,4940,56700,280.1
95071,4940,56400,278.6
95081,4940,56700,280.1
95091,4940,57300,283.1
95101,4940,55900,276.1
95111,4940,57300,283.1
95121,4940,55700,275.2
95131,4940,57400,283.6
95141,4940,55700,275.2
95151,4940,57400,283.6
95161,4940,55700,275.2
95171,4940,57400,283.6
95181,4940,55700,275.2
95191,4940,57300,283.1
95201,4936,55800,275.4
95211,4940,56700,280.1
95221,4940,56500,279.1
95231,4940,56700,280.1
95241,4940,56400,278.6
95251,4940,56700,280.1
95261,4940,56400,278.6
95271,4940,56700,280.1
95281,4940,57300,283.1
95291,4936,55700,274.9
95301,4940,57300,283.1
95311,4940,55700,275.2
95321,4940,57300,283.1
95331,4936,55700,274.9
95341,4940,57300,283.1
95351,4940,55700,275.2
95361,4940,57300,283.1
95371,4940,55700,275.2
95381,4940,57300,283.1
95391,4940,55800,275.7
95401,4940,56700,280.1
95411,4940,56400,278.6
95421,4940,56700,280.1
95431,4940,56300,278.1
95441,4940,56700,280.1
95451,4940,56700,280.1
95461,4940,56600,279.6
95471,4940,57300,283.1
95481,4940,55700,275.2
95491,4940,57200,282.6
95501,4940,55700,275.2
95511,4940,57300,283.1
95521,4820,200400,965.9
95531,4940,57300,283.1
95541,4940,55700,275.2
95551,4940,57300,283.1
95561,4940,55700,275.2
95571,4940,57400,283.6
95581,4940,55800,275.7
95591,4940,56700,280.1
95601,4940,56400,278.6
95611,4940,56600,279.6
95621,4940,56400,278.6
95631,4940,56600,279.6
95641,4940,57400,283.6
95651,4936,55800,275.4
95661,4940,57400,283.6
95671,4940,55800,275.7
95681,4940,57300,283.1
95691,4936,55700,274.9
95701,4944,57300,283.3
95711,4940,55700,275.2
95721,4940,57400,283.6
95731,4940,55700,275.2
95741,4940,57300,283.1
95751,4936,55700,274.9
95761,4940,56700,280.1
95771,4940,56500,279.1
95781,4940,56600,279.6
95791,4940,56400,278.6
95801,4940,56700,280.1
95811,4940,56400,278.6
95821,4940,56700,280.1
95831,4940,57300,283.1
95841,4940,55800,275.7
95851,4940,57300,283.1
95861,4940,55700,275.2
95871,4940,57300,283.1
95881,4940,55700,275.2
95891,4940,57300,283.1
95901,4940,55800,275.7
95911,4940,57300,283.1
95921,4936,55700,274.9
95931,4940,57300,283.1
95941,4940,55700,275.2
95951,4940,56700,280.1
95961,4940,56400,278.6
95971,4940,56700,280.1
95981,4940,56400,278.6
95992,4940,56600,279.6
96001,4940,56800,280.6
96011,4940,56500,279.1
96021,4940,57400,283.6
96031,4940,119700,591.3
96041,4940,57300,283.1
96051,4940,55800,275.7
96061,4940,57400,283.6
96071,4936,55800,275.4
96081,4940,57300,283.1
96091,4940,55800,275.7
96101,4940,57400,283.6
96111,4936,55800,275.4
96121,4940,57400,283.6
96131,4936,55900,275.9
96141,4940,56700,280.1
96151,4940,56400,278.6
96161,4940,56600,279.6
96171,4940,56400,278.6
96181,4940,56700,280.1
96191,4940,57400,283.6
96201,4936,55800,275.4
96211,4940,57300,283.1
96221,4940,55700,275.2
96231,4940,57300,283.1
96241,4940,55700,275.2
96251,4940,57300,283.1
96261,4940,55700,275.2
96271,4944,57400,283.8
96281,4940,55700,275.2
96291,4940,57400,283.6
96301,4940,55700,275.2
96311,4940,56600,279.6
96321,4940,56400,278.6
96331,4940,56700,280.1
96341,4936,56400,278.4
96351,4940,56700,280.1
96361,4940,56300,278.1
96371,4940,56700,280.1
96381,4940,57300,283.1
96391,4940,55700,275.2
96401,4940,57400,283.6
96411,4940,55700,275.2
96421,4940,57300,283.1
96431,4940,55700,275.2
96441,4940,57400,283.6
96451,4940,55800,275.7
96461,4940,57300,283.1
96471,4940,55700,275.2
96481,4940,57300,283.1
96491,4940,55800,275.7
96501,4940,56800,280.6
96511,4940,56400,278.6
96521,4940,56700,280.1
96531,4940,56700,280.1
96541,4940,56700,280.1
96551,4940,56900,281.1
96561,4940,56600,279.6
96571,4944,57300,283.3
96581,4940,55800,275.7
96591,4940,57300,283.1
96601,4940,55700,275.2
96611,4940,57300,283.1
96621,4936,55700,274.9
96631,4940,57300,283.1
96641,4940,55800,275.7
96651,4940,57300,283.1
96661,4940,55800,275.7
96671,4940,57300,283.1
96681,4936,56000,276.4
96691,4940,56700,280.1
96701,4940,56300,278.1
96711,4940,56600,279.6
96721,4940,56300,278.1
96731,4940,56700,280.1
96741,4940,57300,283.1
96751,4940,55700,275.2
96761,4940,57300,283.1
96771,4940,55800,275.7
96781,4940,57200,282.6
96791,4940,55700,275.2
96801,4940,57300,283.1
96811,4940,55700,275.2
96821,4940,57300,283.1
96831,4940,55700,275.2
96841,4940,57300,283.1
96851,4940,55800,275.7
96861,4940,56600,279.6
96871,4940,56400,278.6
96881,4940,56600,279.6
96891,4940,56400,278.6
96901,4940,56700,280.1
96911,4940,56300,278.1
96921,4940,56600,279.6
96931,4940,57300,283.1
96941,4936,55800,275.4
96951,4940,57300,283.1
96961,4936,55700,274.9
96971,4940,57300,283.1
96981,4940,55700,275.2
96991,4940,57300,283.1
97001,4940,55600,274.7
97011,4944,57300,283.3
97021,4940,55700,275.2
97031,4940,57300,283.1
97041,4940,55800,275.7
97051,4940,56800,280.6
97061,4940,56500,279.1
97071,4940,56700,280.1
97081,4940,56400,278.6
97091,4940,56700,280.1
97101,4940,56800,280.6
97111,4940,56500,279.1
97121,4940,57400,283.6
97131,4940,55800,275.7
97141,4940,57300,283.1
97151,4940,55800,275.7
97161,4940,57300,283.1
97171,4940,55800,275.7
97181,4940,57200,282.6
97191,4940,55700,275.2
97201,4940,57400,283.6
97211,4940,55700,275.2
97221,4940,57300,283.1
97231,4936,56100,276.9
97241,4940,56800,280.6
97251,4940,56400,278.6
97261,4940,56700,280.1
97271,4940,56400,278.6
97281,4940,56700,280.1
97291,4940,57300,283.1
97301,4936,55700,274.9
97311,4940,57400,283.6
97321,4936,55800,275.4
97331,4940,57300,283.1
97341,4940,55700,275.2
97351,4940,57300,283.1
97361,4940,55700,275.2
97371,4940,57300,283.1
97381,4940,55700,275.2
97391,4940,57300,283.1
97401,4940,55700,275.2
97411,4940,56600,279.6
97421,4940,56400,278.6
97431,4940,56700,280.1
97441,4940,56400,278.6
97451,4940,56700,280.1
97461,4940,56400,278.6
97471,4940,56700,280.1
97481,4940,57300,283.1
97491,4936,55800,275.4
97501,4940,57400,283.6
97511,4940,55700,275.2
97521,4940,57400,283.6
97531,4940,55700,275.2
97541,4940,57300,283.1
97551,4828,133600,645.0
97561,4940,57300,283.1
97571,4940,55800,275.7
97581,4940,57300,283.1
97591,4940,55800,275.7
97601,4940,56700,280.1
97611,4940,56300,278.1
97621,4940,56700,280.1
97631,4940,56400,278.6
97641,4940,56600,279.6
97651,4940,57000,281.6
97661,4936,56400,278.4
97671,4940,57400,283.6
97681,4940,55800,275.7
97692,4940,57300,283.1
97701,4940,55800,275.7
97711,4940,57200,282.6
97721,4940,55700,275.2
97731,4940,57400,283.6
97741,4940,55700,275.2
97751,4940,57300,283.1
97761,4936,55700,274.9
97771,4940,57200,282.6
97781,4940,56200,277.6
97791,4940,56700,280.1
97801,4940,56400,278.6
97811,4940,56700,280.1
97821,4940,56500,279.1
97831,4940,56600,279.6
97841,4940,57400,283.6
97851,4940,55700,275.2
97861,4940,57400,283.6
97871,4936,55800,275.4
97881,4940,57300,283.1
97891,4940,55700,275.2
97901,4940,57300,283.1
97911,4940,55800,275.7
97921,4940,57400,283.6
97931,4940,55700,275.2
97941,4940,57300,283.1
97951,4940,55700,275.2
97961,4940,56500,279.1
97971,4940,56400,278.6
97981,4940,56700,280.1
97991,4940,56400,278.6
98001,4940,56600,279.6
98011,4940,56400,278.6
98021,4940,56800,280.6
98031,4940,57400,283.6
98041,4940,55700,275.2
98051,4940,57300,283.1
98061,4704,110200,518.4
98071,4940,57400,283.6
98081,4940,55700,275.2
98091,4940,57300,283.1
98101,4936,55800,275.4
98111,4940,57300,283.1
98121,4940,55700,275.2
98131,4940,57300,283.1
98141,4940,55700,275.2
98151,4940,56800,280.6
98161,4940,56400,278.6
98171,4940,56700,280.1
98181,4940,56400,278.6
98191,4940,56700,280.1
98201,4940,57100,282.1
98211,4940,56300,278.1
98221,4940,57300,283.1
98231,4940,55800,275.7
98241,4940,57300,283.1
98251,4940,55700,275.2
98261,4940,57300,283.1
98271,4940,55800,275.7
98281,4940,57300,283.1
98291,4940,55700,275.2
98301,4944,57300,283.3
98311,4940,55700,275.2
98321,4944,57300,283.3
98331,4940,56300,278.1
98341,4940,56700,280.1
98351,4940,56300,278.1
98361,4940,56600,279.6
98371,4940,56400,278.6
98381,4940,56700,280.1
98391,4940,57300,283.1
98401,4936,55700,274.9
98411,4940,57300,283.1
98421,4940,55800,275.7
98431,4940,57300,283.1
98441,4940,55800,275.7
98451,4940,57400,283.6
98461,4940,55700,275.2
98471,4940,57300,283.1
98481,4940,55700,275.2
98491,4940,57300,283.1
98501,4940,55700,275.2
98511,4940,56600,279.6
98521,4936,56300,277.9
98531,4940,56600,279.6
98541,4940,56400,278.6
98551,4940,56700,280.1
98561,4812,141700,681.9
98571,4940,56700,280.1
98581,4940,57300,283.1
98591,4936,55700,274.9
98601,4940,57300,283.1
98611,4940,55700,275.2
98621,4940,57300,283.1
98631,4940,55700,275.2
98641,4940,57300,283.1
98651,4940,55700,275.2
98661,4940,57400,283.6
98671,4936,55700,274.9
98681,4940,57300,283.1
98691,4940,55700,275.2
98701,4940,56700,280.1
98711,4940,56500,279.1
98721,4940,56700,280.1
98731,4940,56400,278.6
98741,4940,56700,280.1
98751,4940,57100,282.1
98761,4940,56300,278.1
98771,4940,57200,282.6
98781,4940,55700,275.2
98791,4940,57400,283.6
98801,4940,55700,275.2
98811,4940,57300,283.1
98821,4936,55700,274.9
98831,4940,57300,283.1
98841,4940,55700,275.2
98851,4940,57400,283.6
98861,4940,55700,275.2
98871,4940,57200,282.6
98881,4940,56300,278.1
98891,4940,56700,280.1
98901,4940,56400,278.6
98911,4940,56600,279.6
98921,4940,56300,278.1
98931,4940,56600,279.6
98941,4940,57300,283.1
98951,4940,55800,275.7
98961,4940,57300,283.1
98971,4940,55800,275.7
98981,4940,57400,283.6
98991,4940,55700,275.2
99001,4940,57300,283.1
99011,4940,55800,275.7
99021,4940,57300,283.1
99031,4940,55700,275.2
99041,4940,57300,283.1
99051,4940,55700,275.2
99061,4820,140800,678.7
99071,4940,56400,278.6
99081,4940,56700,280.1
99091,4940,56400,278.6
99101,4940,56600,279.6
99111,4940,56400,278.6
99121,4936,56800,280.4
99131,4940,57300,283.1
99141,4936,55800,275.4
99151,4940,57400,283.6
99161,4940,55700,275.2
99171,4940,57300,283.1
99181,4940,55700,275.2
99191,4940,57300,283.1
99201,4940,55800,275.7
99211,4944,57300,283.3
99221,4936,55800,275.4
99231,4940,57300,283.1
99241,4940,55800,275.7
99251,4940,56700,280.1
99261,4940,56400,278.6
99271,4940,56700,280.1
99281,4940,56400,278.6
99291,4940,56700,280.1
99301,4940,57200,282.6
99311,4940,56200,277.6
99321,4940,57300,283.1
99331,4940,55700,275.2
99341,4940,57300,283.1
99351,4940,55800,275.7
99361,4940,57300,283.1
99371,4940,55700,275.2
99381,4940,57300,283.1
99391,4940,55800,275.7
99402,4940,57200,282.6
99411,4936,55700,274.9
99421,4940,57100,282.1
99431,4940,56400,278.6
99441,4940,56700,280.1
99451,4940,56400,278.6
99461,4940,56700,280.1
99471,4940,56400,278.6
99481,4940,56600,279.6
99491,4940,57300,283.1
99501,4936,55700,274.9
99511,4940,57300,283.1
99521,4940,55800,275.7
99531,4940,57300,283.1
99541,4940,55700,275.2
99551,4940,57400,283.6
99561,4936,109600,541.0
99571,4944,57300,283.3
99581,4940,55700,275.2
99591,4940,57300,283.1
99601,4936,55700,274.9
99611,4940,56600,279.6
99621,4940,56400,278.6
99631,4940,56700,280.1
99641,4940,56400,278.6
99651,4940,56600,279.6
99661,4940,56400,278.6
99671,4940,56700,280.1
99681,4940,57300,283.1
99691,4940,55700,275.2
99701,4940,57300,283.1
99711,4936,55700,274.9
99721,4940,57400,283.6
99731,4940,55700,275.2
99741,4940,57300,283.1
99751,4936,55800,275.4
99761,4940,57400,283.6
99771,4940,55800,275.7
99781,4940,57300,283.1
99791,4940,55700,275.2
99801,4940,56700,280.1
99811,4940,56400,278.6
99821,4940,56700,280.1
99831,4940,56400,278.6
99841,4940,56700,280.1
99851,4940,57300,283.1
99861,4940,56100,277.1
99871,4940,57300,283.1
99881,4940,55700,275.2
99891,4940,57300,283.1
99901,4940,55800,275.7
99911,4940,57300,283.1
99921,4940,55700,275.2
99931,4940,57300,283.1
99941,4940,55700,275.2
99951,4940,57300,283.1
99961,4940,55700,275.2
99971,4940,57100,282.1
99981,4940,56500,279.1
99991,4940,56700,280.1
100001,4940,56400,278.6
100011,4940,56700,280.1
100021,4940,56400,278.6
100031,4940,56700,280.1
100041,4940,57300,283.1
100051,4940,55800,275.7
100061,4940,60600,299.4
100071,4940,55700,275.2
100081,4940,57300,283.1
100091,4940,55800,275.7
100101,4940,57300,283.1
100111,4940,55700,275.2
100121,4940,57400,283.6
100131,4940,55700,275.2
100141,4940,57300,283.1
100151,4940,55700,275.2
100161,4940,56700,280.1
100171,4940,56400,278.6
100181,4940,56700,280.1
100191,4940,56500,279.1
100201,4940,56700,280.1
100211,4940,56400,278.6
100221,4936,56700,279.9
100231,4940,57300,283.1
100241,4940,55700,275.2
100251,4940,57300,283.1
100261,4940,55800,275.7
100271,4940,57400,283.6
100281,4936,55700,274.9
100291,4940,57300,283.1
100301,4940,55700,275.2
100311,4940,57300,283.1
100321,4936,55800,275.4
100331,4940,57300,283.1
100341,4940,55800,275.7
100351,4940,56700,280.1
100361,4940,56300,278.1
100371,4940,56700,280.1
100381,4940,56400,278.6
100391,4940,56700,280.1
100401,4940,57400,283.6
100411,4940,55900,276.1
100421,4940,57400,283.6
100431,4936,55700,274.9
100441,4940,57300,283.1
100451,4940,55700,275.2
100461,4940,57300,283.1
100471,4940,55800,275.7
100481,4940,57300,283.1
100491,4940,55700,275.2
100501,4940,57400,283.6
100511,4940,55700,275.2
100521,4940,56900,281.1
100531,4936,56500,278.9
100541,4940,56700,280.1
100551,4940,56400,278.6
100561,4940,56700,280.1
100571,4940,57500,284.1
100581,4940,56700,280.1
100591,4944,57300,283.3
100601,4940,55800,275.7
100611,4940,57300,283.1
100621,4940,55800,275.7
100631,4940,57300,283.1
100641,4940,55800,275.7
100651,4940,57300,283.1
100661,4940,55700,275.2
100671,4940,57400,283.6
100681,4940,55700,275.2
100691,4940,57300,283.1
100701,4940,55700,275.2
100711,4940,56700,280.1
100721,4940,56400,278.6
100731,4940,56700,280.1
100741,4940,56400,278.6
100751,4940,56600,279.6
100761,4940,56600,279.6
100771,4940,56700,280.1
100781,4940,57300,283.1
100791,4936,55800,275.4
100801,4940,57300,283.1
100811,4936,55800,275.4
100821,4940,57400,283.6
100831,4940,55700,275.2
100841,4940,57300,283.1
100851,4940,55700,275.2
100861,4940,57300,283.1
100871,4940,55700,275.2
100881,4940,57300,283.1
100891,4940,55800,275.7
100901,4940,56700,280.1
100911,4940,56300,278.1
100921,4940,56700,280.1
100931,4940,56400,278.6
100941,4940,56700,280.1
100951,4940,57300,283.1
100961,4940,55900,276.1
100971,4940,57400,283.6
100981,4940,55800,275.7
100991,4940,57400,283.6
101001,4940,55800,275.7
101011,4940,57300,283.1
101021,4940,55700,275.2
101031,4940,57300,283.1
101041,4940,55700,275.2
101051,4940,57300,283.1
101062,4940,56400,278.6
101071,4940,56700,280.1
101081,4816,143400,690.6
101091,4940,56700,280.1
101101,4940,56400,278.6
101111,4940,56700,280.1
101121,4936,56400,278.4
101131,4940,56700,280.1
101141,4940,57400,283.6
101151,4940,55700,275.2
101161,4940,57300,283.1
101171,4936,55800,275.4
101181,4940,57300,283.1
101191,4940,55800,275.7
101201,4940,57300,283.1
101211,4936,55800,275.4
101221,4940,57300,283.1
101231,4940,55700,275.2
101241,4940,57300,283.1
101251,4940,55700,275.2
101261,4940,56700,280.1
101271,4940,56400,278.6
101281,4940,56700,280.1
101291,4940,56400,278.6
101301,4940,56700,280.1
101311,4940,56600,279.6
101321,4940,56800,280.6
101331,4944,57300,283.3
101341,4936,55700,274.9
101351,4940,57400,283.6
101361,4940,55700,275.2
101371,4944,57300,283.3
101381,4940,55700,275.2
101391,4940,57400,283.6
101401,4936,55700,274.9
101411,4940,57300,283.1
101421,4940,55700,275.2
101431,4940,57300,283.1
101441,4940,55800,275.7
101451,4940,56700,280.1
101461,4940,56300,278.1
101471,4940,56700,280.1
101481,4940,56300,278.1
101491,4940,56700,280.1
101501,4940,57400,283.6
101511,4940,55800,275.7
101521,4940,57300,283.1
101531,4940,55700,275.2
101541,4940,57300,283.1
101551,4940,55800,275.7
101561,4940,57300,283.1
101571,4940,55800,275.7
101581,4940,57300,283.1
101591,4816,201500,970.4
101601,4940,57300,283.1
101611,4936,55700,274.9
101621,4940,56900,281.1
101631,4940,56400,278.6
101641,4940,56700,280.1
101651,4940,56400,278.6
101661,4940,56700,280.1
101671,4940,56400,278.6
101681,4940,56700,280.1
101691,4940,57300,283.1
101701,4940,55800,275.7
101711,4940,57300,283.1
101721,4940,55800,275.7
101731,4940,57300,283.1
101741,4940,55800,275.7
101751,4940,57400,283.6
101761,4940,55800,275.7
101771,4940,57400,283.6
101781,4940,55800,275.7
101791,4940,57300,283.1
101801,4936,55700,274.9
101811,4940,56700,280.1
101821,4940,56400,278.6
101831,4940,56700,280.1
101841,4940,56400,278.6
101851,4940,56700,280.1
101861,4940,56700,280.1
101871,4940,56700,280.1
101881,4940,57400,283.6
101891,4940,55800,275.7
101901,4940,57300,283.1
101911,4936,55700,274.9
101921,4940,57300,283.1
101931,4940,55700,275.2
101941,4940,57300,283.1
101951,4940,55700,275.2
101961,4940,57300,283.1
101971,4940,55800,275.7
101981,4940,57300,283.1
101991,4940,55900,276.1
102001,4940,56700,280.1
102011,4940,56400,278.6
102021,4940,56800,280.6
102031,4940,56400,278.6
102041,4940,56700,280.1
102051,4940,57300,283.1
102061,4940,55700,275.2
102071,4940,57400,283.6
102081,4936,55700,274.9
102091,4812,142100,683.8
102101,4940,55800,275.7
102111,4940,57300,283.1
102121,4940,55800,275.7
102131,4940,57300,283.1
102141,4940,55800,275.7
102151,4944,57300,283.3
102161,4940,55700,275.2
102171,4940,56800,280.6
102181,4940,56500,279.1
102191,4940,56700,280.1
102201,4940,56400,278.6
102211,4940,56700,280.1
102221,4940,56400,278.6
102231,4940,56700,280.1
102241,4940,57400,283.6
102251,4940,55800,275.7
102261,4940,57300,283.1
102271,4936,55800,275.4
102281,4940,57300,283.1
102291,4940,55800,275.7
102301,4940,57400,283.6
102311,4936,55700,274.9
102321,4940,57300,283.1
102331,4940,55700,275.2
102341,4940,57300,283.1
102351,4936,55800,275.4
102361,4940,56700,280.1
102371,4940,56500,279.1
102381,4940,56700,280.1
102391,4940,56400,278.6
102401,4940,56700,280.1
102411,4940,56800,280.6
102421,4940,56600,279.6
102431,4940,57300,283.1
102441,4936,55800,275.4
102451,4940,57300,283.1
102461,4940,55700,275.2
102471,4940,57300,283.1
102481,4940,55700,275.2
102491,4940,57300,283.1
102501,4940,55800,275.7
102511,4940,57400,283.6
102521,4940,55800,275.7
102531,4940,57300,283.1
102541,4936,56000,276.4
102551,4940,56600,279.6
102561,4940,56400,278.6
102571,4940,56700,280.1
102581,4940,56400,278.6
102591,4820,144800,697.9
102601,4940,57400,283.6
102611,4936,55800,275.4
102621,4940,57300,283.1
102631,4940,55700,275.2
102641,4940,57400,283.6
102651,4940,55700,275.2
102661,4940,57300,283.1
102671,4940,55800,275.7
102681,4940,57300,283.1
102691,4940,55700,275.2
102702,4940,56700,280.1
102711,4940,55700,275.2
102721,4940,56600,279.6
102731,4940,56400,278.6
102741,4940,56700,280.1
102751,4940,56400,278.6
102761,4940,56700,280.1
102771,4940,56400,278.6
102781,4940,56700,280.1
102791,4940,57400,283.6
102801,4936,55800,275.4
102811,4940,57300,283.1
102821,4940,55700,275.2
102831,4940,57300,283.1
102841,4936,55700,274.9
102851,4940,57300,283.1
102861,4940,55700,275.2
102871,4940,57300,283.1
102881,4940,55700,275.2
102891,4940,57300,283.1
102901,4940,55700,275.2
102911,4940,56700,280.1
102921,4940,56500,279.1
102931,4940,56600,279.6
102941,4936,56400,278.4
102951,4940,56700,280.1
102961,4940,56900,281.1
102971,4936,56500,278.9
102981,4940,57300,283.1
102991,4936,55700,274.9
103001,4940,57400,283.6
103011,4936,55700,274.9
103021,4940,57400,283.6
103031,4940,55700,275.2
103041,4940,57300,283.1
103051,4940,55700,275.2
103061,4940,57300,283.1
103071,4940,55700,275.2
103081,4940,57200,282.6
103091,4940,56100,277.1
103101,4740,137200,650.3
103111,4940,56500,279.1
103121,4940,56700,280.1
103131,4940,56400,278.6
103141,4940,56700,280.1
103151,4940,57400,283.6
103161,4940,55700,275.2
103171,4940,57300,283.1
103181,4940,55700,275.2
103191,4940,57300,283.1
103201,4936,55700,274.9
103211,4940,57300,283.1
103221,4936,55800,275.4
103231,4940,57400,283.6
103241,4940,55700,275.2
103251,4944,57300,283.3
103261,4940,55700,275.2
103271,4940,56600,279.6
103281,4940,56400,278.6
103291,4940,56600,279.6
103301,4940,56400,278.6
103311,4940,56700,280.1
103321,4940,56400,278.6
103331,4936,56700,279.9
103341,4940,57300,283.1
103351,4940,55800,275.7
103361,4940,57300,283.1
103371,4940,55700,275.2
103381,4940,57300,283.1
103391,4940,55800,275.7
103401,4940,57300,283.1
103411,4940,55700,275.2
103421,4940,57300,283.1
103431,4936,55700,274.9
103441,4940,57300,283.1
103451,4936,55700,274.9
103461,4940,56700,280.1
103471,4936,56400,278.4
103481,4940,56700,280.1
103491,4940,56400,278.6
103501,4940,56700,280.1
103511,4940,57000,281.6
103521,4940,56400,278.6
103531,4940,57300,283.1
103541,4940,55800,275.7
103551,4940,57300,283.1
103561,4936,55700,274.9
103571,4944,57300,283.3
103581,4940,55700,275.2
103591,4940,57300,283.1
103601,4812,140400,675.6
103611,4940,57300,283.1
103621,4940,55800,275.7
103631,4940,57300,283.1
103641,4940,56200,277.6
103651,4940,56700,280.1
103661,4940,56400,278.6
103671,4940,56700,280.1
103681,4940,56400,278.6
103691,4940,56700,280.1
103701,4940,57400,283.6
103711,4936,55800,275.4
103721,4940,57300,283.1
103731,4940,55700,275.2
103741,4940,57400,283.6
103751,4940,55800,275.7
103761,4940,57300,283.1
103771,4940,55700,275.2
103781,4940,57300,283.1
103791,4940,55800,275.7
103801,4940,57300,283.1
103811,4936,55700,274.9
103821,4940,56700,280.1
103831,4940,56300,278.1
103841,4940,56700,280.1
103851,4940,56400,278.6
103861,4940,56700,280.1
103871,4940,56400,278.6
103881,4940,56700,280.1
103891,4940,57300,283.1
103901,4940,55800,275.7
103911,4940,57300,283.1
103921,4940,55800,275.7
103931,4944,57300,283.3
103941,4940,55700,275.2
103951,4940,57300,283.1
103961,4940,55800,275.7
103971,4940,57400,283.6
103981,4940,55800,275.7
103991,4940,57300,283.1
104001,4936,55700,274.9
104011,4940,56700,280.1
104021,4940,56400,278.6
104031,4940,56700,280.1
104041,4940,56400,278.6
104051,4940,56700,280.1
104061,4940,57200,282.6
104071,4936,56300,277.9
104081,4940,57300,283.1
104091,4940,55700,275.2
104101,4940,57400,283.6
104111,4700,111400,523.6
104121,4940,57300,283.1
104131,4940,55800,275.7
104141,4940,57400,283.6
104151,4940,55700,275.2
104161,4940,57300,283.1
104171,4936,55800,275.4
104181,4940,57300,283.1
104191,4940,56300,278.1
104201,4940,56700,280.1
104211,4940,56400,278.6
104221,4940,56800,280.6
104231,4940,56400,278.6
104241,4940,56700,280.1
104251,4940,57400,283.6
104261,4936,55700,274.9
104271,4940,57400,283.6
104281,4940,55800,275.7
104291,4940,57400,283.6
104301,4940,55700,275.2
104311,4940,57300,283.1
104321,4940,55700,275.2
104331,4940,57300,283.1
104342,4940,55700,275.2
104351,4940,57300,283.1
104361,4940,55700,275.2
104371,4940,56600,279.6
104381,4940,56300,278.1
104391,4940,56700,280.1
104401,4940,56400,278.6
104411,4940,56600,279.6
104421,4940,56400,278.6
104431,4940,56600,279.6
104441,4940,57400,283.6
104451,4936,55700,274.9
104461,4940,57300,283.1
104471,4940,55800,275.7
104481,4940,57300,283.1
104491,4940,55700,275.2
104501,4940,57300,283.1
104511,4940,55700,275.2
104521,4940,57300,283.1
104531,4940,55700,275.2
104541,4940,57300,283.1
104551,4940,55700,275.2
104561,4940,56700,280.1
104571,4940,56400,278.6
104581,4940,56700,280.1
104591,4940,56400,278.6
104601,4940,56700,280.1
104611,4816,142200,684.8
104621,4936,56300,277.9
104631,4940,57300,283.1
104641,4936,55700,274.9
104651,4940,57300,283.1
104661,4936,55700,274.9
104671,4944,57300,283.3
104681,4940,55700,275.2
104691,4940,57400,283.6
104701,4940,55700,275.2
104711,4940,57400,283.6
104721,4940,55700,275.2
104731,4940,57200,282.6
104741,4940,56400,278.6
104751,4940,56700,280.1
104761,4936,56400,278.4
104771,4940,56700,280.1
104781,4936,56300,277.9
104791,4936,56700,279.9
104801,4940,57300,283.1
104811,4940,55700,275.2
104821,4940,57400,283.6
104831,4940,55800,275.7
104841,4940,57400,283.6
104851,4940,55700,275.2
104861,4940,57300,283.1
104871,4940,55700,275.2
104881,4940,57400,283.6
104891,4936,55700,274.9
104901,4940,57400,283.6
104911,4940,55800,275.7
104921,4940,56700,280.1
104931,4940,56400,278.6
104941,4940,56700,280.1
104951,4940,56400,278.6
104961,4936,56700,279.9
104971,4940,56400,278.6
104981,4940,56800,280.6
104991,4940,57400,283.6
105001,4940,55700,275.2
105011,4940,57300,283.1
105021,4940,55800,275.7
105031,4940,57300,283.1
105041,4940,55800,275.7
105051,4940,57300,283.1
105061,4940,55700,275.2
105071,4940,57400,283.6
105081,4940,55800,275.7
105091,4940,57400,283.6
105101,4940,55700,275.2
105111,4940,56700,280.1
105121,4828,150000,724.2
105131,4940,56700,280.1
105141,4940,56500,279.1
105151,4940,56700,280.1
105161,4940,57300,283.1
105171,4936,56200,277.4
105181,4940,57400,283.6
105191,4940,55800,275.7
105201,4940,57300,283.1
105211,4940,55700,275.2
105221,4940,57300,283.1
105231,4940,55800,275.7
105241,4940,57400,283.6
105251,4940,55700,275.2
105261,4940,57300,283.1
105271,4940,55700,275.2
105281,4940,57000,281.6
105291,4940,56400,278.6
105301,4940,56700,280.1
105311,4940,56400,278.6
105321,4940,56700,280.1
105331,4940,56400,278.6
105341,4940,56700,280.1
105351,4940,57300,283.1
105361,4940,55800,275.7
105371,4940,57400,283.6
105381,4936,55700,274.9
105391,4940,57300,283.1
105401,4940,55800,275.7
105411,4940,57300,283.1
105421,4940,55800,275.7
105431,4940,57400,283.6
105441,4936,55800,275.4
105451,4940,57400,283.6
105461,4936,55800,275.4
105471,4940,56800,280.6
105481,4940,56400,278.6
105491,4940,56700,280.1
105501,4940,56400,278.6
105511,4940,56700,280.1
105521,4940,56500,279.1
105531,4940,56700,280.1
105541,4940,57400,283.6
105551,4936,55700,274.9
105561,4940,57300,283.1
105571,4940,55800,275.7
105581,4940,57300,283.1
105591,4940,55800,275.7
105601,4940,57300,283.1
105611,4936,55800,275.4
105621,4940,57300,283.1
105631,4764,80400,383.0
105641,4940,57400,283.6
105651,4940,55800,275.7
105661,4940,56700,280.1
105671,4936,56400,278.4
105681,4940,56700,280.1
105691,4940,56400,278.6
105701,4940,56600,279.6
105711,4940,57300,283.1
105721,4940,56100,277.1
105731,4940,57300,283.1
105741,4940,55800,275.7
105751,4940,57300,283.1
105761,4940,55700,275.2
105771,4940,57300,283.1
105781,4940,55700,275.2
105791,4940,57400,283.6
105801,4940,55700,275.2
105811,4944,57300,283.3
105821,4940,55800,275.7
105831,4940,56900,281.1
105841,4936,56500,278.9
105851,4940,56700,280.1
105861,4940,56400,278.6
105871,4940,56700,280.1
105881,4940,56400,278.6
105891,4940,56700,280.1
105901,4940,57300,283.1
105911,4940,55700,275.2
105921,4940,57400,283.6
105931,4936,55700,274.9
105941,4940,57400,283.6
105951,4940,55700,275.2
105961,4940,57400,283.6
105972,4940,55800,275.7
105981,4940,57300,283.1
105991,4940,55800,275.7
106001,4940,57200,282.6
106011,4936,55700,274.9
106021,4940,56800,280.6
106031,4936,56300,277.9
106041,4940,56700,280.1
106051,4940,56400,278.6
106061,4940,56700,280.1
106071,4940,56500,279.1
106081,4936,56700,279.9
106091,4944,57300,283.3
106101,4940,55700,275.2
106111,4940,57400,283.6
106121,4940,55700,275.2
106131,4816,140700,677.6
106141,4936,55800,275.4
106151,4944,57300,283.3
106161,4940,55800,275.7
106171,4940,57300,283.1
106181,4940,55800,275.7
106191,4940,57300,283.1
106201,4940,55700,275.2
106211,4940,56700,280.1
106221,4940,56300,278.1
106231,4940,56700,280.1
106241,4940,56400,278.6
106251,4940,56700,280.1
106261,4940,57400,283.6
106271,4940,55900,276.1
106281,4940,57300,283.1
106291,4936,55800,275.4
106301,4940,57300,283.1
106311,4940,55800,275.7
106321,4940,57400,283.6
106331,4940,55700,275.2
106341,4940,57400,283.6
106351,4940,55700,275.2
106361,4940,57300,283.1
106371,4940,55700,275.2
106381,4940,56800,280.6
106391,4940,56500,279.1
106401,4940,56600,279.6
106411,4940,56400,278.6
106421,4940,56700,280.1
106431,4940,56400,278.6
106441,4940,56600,279.6
106451,4940,57300,283.1
106461,4940,55700,275.2
106471,4940,57300,283.1
106481,4940,55700,275.2
106491,4940,57300,283.1
106501,4940,55700,275.2
106511,4940,57400,283.6
106521,4940,55800,275.7
106531,4940,57300,283.1
106541,4940,55800,275.7
106551,4940,57300,283.1
106561,4940,55700,275.2
106571,4940,56800,280.6
106581,4940,56300,278.1
106591,4940,56700,280.1
106601,4940,56300,278.1
106611,4940,56700,280.1
106621,4940,56700,280.1
106631,4940,56600,279.6
106641,4832,57300,276.9
106651,4936,55800,275.4
106661,4940,57400,283.6
106671,4936,55800,275.4
106681,4940,57300,283.1
106691,4936,55700,274.9
106701,4940,57300,283.1
106711,4940,55700,275.2
106721,4940,57400,283.6
106731,4940,55700,275.2
106741,4940,57400,283.6
106751,4940,55800,275.7
106761,4940,56700,280.1
106771,4940,56400,278.6
106781,4940,56700,280.1
106791,4940,56400,278.6
106801,4940,56600,279.6
106811,4940,57400,283.6
106821,4936,55800,275.4
106831,4940,57300,283.1
106841,4940,55800,275.7
106851,4940,57300,283.1
106861,4940,55800,275.7
106871,4940,57300,283.1
106881,4936,55700,274.9
106891,4944,57400,283.8
106901,4940,55700,275.2
106911,4940,57400,283.6
106921,4940,55700,275.2
106931,4940,56700,280.1
106941,4940,56400,278.6
106951,4940,56700,280.1
106961,4940,56400,278.6
106971,4940,56700,280.1
106981,4940,56400,278.6
106991,4936,56700,279.9
107001,4940,57300,283.1
107011,4940,55800,275.7
107021,4940,57400,283.6
107031,4940,55700,275.2
107041,4940,57400,283.6
107051,4940,55800,275.7
107061,4940,57300,283.1
107071,4940,55700,275.2
107081,4940,57300,283.1
107091,4936,55700,274.9
107101,4940,57400,283.6
107111,4940,55700,275.2
107121,4940,56800,280.6
107131,4940,56400,278.6
107141,4820,140000,674.8
107151,4940,56400,278.6
107161,4940,56700,280.1
107171,4940,56700,280.1
107181,4940,56600,279.6
107191,4940,57400,283.6
107201,4940,55800,275.7
107211,4940,57300,283.1
107221,4940,55800,275.7
107231,4940,57300,283.1
107241,4940,55800,275.7
107251,4940,57400,283.6
107261,4940,55800,275.7
107271,4940,57300,283.1
107281,4940,55700,275.2
107291,4940,57400,283.6
107301,4940,56000,276.6
107311,4940,56700,280.1
107321,4940,56400,278.6
107331,4940,56700,280.1
107341,4940,56400,278.6
107351,4940,56700,280.1
107361,4940,57300,283.1
107371,4940,55700,275.2
107381,4940,57300,283.1
107391,4940,55700,275.2
107401,4940,57400,283.6
107411,4940,55700,275.2
107421,4940,57300,283.1
107431,4940,55700,275.2
107441,4944,57300,283.3
107451,4940,55700,275.2
107461,4940,57300,283.1
107471,4940,55800,275.7
107481,4940,56700,280.1
107491,4936,56400,278.4
107501,4940,56700,280.1
107511,4940,56400,278.6
107521,4940,56700,280.1
107531,4940,56400,278.6
107541,4940,56700,280.1
107551,4940,57300,283.1
107561,4940,55800,275.7
107571,4940,57300,283.1
107581,4940,55700,275.2
107591,4940,57300,283.1
107601,4940,55800,275.7
107612,4940,57300,283.1
107621,4940,55700,275.2
107631,4940,57400,283.6
107641,4936,116200,573.6
107651,4940,57300,283.1
107661,4940,55800,275.7
107671,4940,56700,280.1
107681,4940,56400,278.6
107691,4940,56800,280.6
107701,4940,56400,278.6
107711,4940,56800,280.6
107721,4940,56800,280.6
107731,4940,56600,279.6
107741,4940,57400,283.6
107751,4936,55700,274.9
107761,4940,57400,283.6
107771,4936,55700,274.9
107781,4940,57300,283.1
107791,4940,55700,275.2
107801,4940,57300,283.1
107811,4940,55700,275.2
107821,4940,57400,283.6
107831,4936,55700,274.9
107841,4940,57400,283.6
107851,4936,56000,276.4
107861,4940,56700,280.1
107871,4940,56400,278.6
107881,4940,56700,280.1
107891,4940,56500,279.1
107901,4940,56600,279.6
107911,4940,57400,283.6
107921,4940,55700,275.2
107931,4940,57300,283.1
107941,4940,55800,275.7
107951,4940,57300,283.1
107961,4940,55700,275.2
107971,4940,57300,283.1
107981,4940,55700,275.2
107991,4940,57400,283.6
108001,4940,55800,275.7
108011,4940,57400,283.6
108021,4940,55700,275.2
108031,4940,56700,280.1
108041,4940,56400,278.6
108051,4940,56700,280.1
108061,4940,56400,278.6
108071,4940,56700,280.1
108081,4940,56400,278.6
108091,4940,56700,280.1
108101,4940,57300,283.1
108111,4940,55800,275.7
108121,4940,57300,283.1
108131,4940,55700,275.2
108141,4940,60700,299.9
108151,4940,55800,275.7
108161,4940,57300,283.1
108171,4940,55700,275.2
108181,4940,57300,283.1
108191,4940,55700,275.2
108201,4940,57300,283.1
108211,4940,55700,275.2
108221,4940,56700,280.1
108231,4940,56400,278.6
108241,4940,56700,280.1
108251,4940,56300,278.1
108261,4940,56700,280.1
108271,4940,56900,281.1
108281,4940,56500,279.1
108291,4940,57400,283.6
108301,4940,55700,275.2
108311,4940,57300,283.1
108321,4936,55700,274.9
108331,4944,57300,283.3
108341,4940,55700,275.2
108351,4940,57400,283.6
108361,4940,55800,275.7
108371,4944,57300,283.3
108381,4940,55700,275.2
108391,4940,57300,283.1
108401,4936,56100,276.9
108411,4940,56700,280.1
108421,4940,56300,278.1
108431,4940,56700,280.1
108441,4940,56400,278.6
108451,4940,56600,279.6
108461,4940,57400,283.6
108471,4940,55700,275.2
108481,4940,57300,283.1
108491,4940,55800,275.7
108501,4940,57300,283.1
108511,4936,55800,275.4
108521,4940,57300,283.1
108531,4936,55700,274.9
108541,4940,57300,283.1
108551,4940,55700,275.2
108561,4940,57300,283.1
108571,4940,55700,275.2
108581,4940,56600,279.6
108591,4936,56400,278.4
108601,4940,56600,279.6
108611,4940,56400,278.6
108621,4940,56700,280.1
108631,4940,56400,278.6
108641,4936,56600,279.4
108651,4832,209700,1013.3
108661,4936,55800,275.4
108671,4940,57300,283.1
108681,4940,55800,275.7
108691,4940,57300,283.1
108701,4936,55800,275.4
108711,4940,57300,283.1
108721,4940,55700,275.2
108731,4940,57400,283.6
108741,4940,55800,275.7
108751,4940,57400,283.6
108761,4940,55800,275.7
108771,4940,56700,280.1
108781,4940,56400,278.6
108791,4940,56700,280.1
108801,4940,56400,278.6
108811,4940,56700,280.1
108821,4940,57000,281.6
108831,4940,56400,278.6
108841,4940,57400,283.6
108851,4940,55700,275.2
108861,4940,57300,283.1
108871,4940,55700,275.2
108881,4940,57300,283.1
108891,4940,55700,275.2
108901,4940,57300,283.1
108911,4940,55800,275.7
108921,4940,57300,283.1
108931,4936,55700,274.9
108941,4940,57300,283.1
108951,4940,56200,277.6
108961,4940,56700,280.1
108971,4940,56400,278.6
108981,4940,56700,280.1
108991,4940,56400,278.6
109001,4940,56700,280.1
109011,4940,57300,283.1
109021,4940,55700,275.2
109031,4940,57300,283.1
109041,4936,55700,274.9
109051,4940,57300,283.1
109061,4940,55800,275.7
109071,4940,57300,283.1
109081,4940,55700,275.2
109091,4940,57400,283.6
109101,4936,55700,274.9
109111,4940,57300,283.1
109121,4940,55700,275.2
109131,4940,56600,279.6
109141,4940,56400,278.6
109151,4816,146600,706.0
109161,4940,56400,278.6
109171,4940,56700,280.1
109181,4940,56400,278.6
109191,4940,56700,280.1
109201,4940,57300,283.1
109211,4940,55800,275.7
109221,4940,57400,283.6
109231,4940,55700,275.2
109241,4944,57400,283.8
109252,4940,55700,275.2
109261,4940,57300,283.1
109271,4936,55700,274.9
109281,4940,57400,283.6
109291,4940,55800,275.7
109301,4940,57300,283.1
109311,4940,55800,275.7
109321,4940,56700,280.1
109331,4940,56400,278.6
109341,4940,56700,280.1
109351,4936,56400,278.4
109361,4940,56600,279.6
109371,4940,57100,282.1
109381,4936,56300,277.9
109391,4940,57300,283.1
109401,4940,55800,275.7
109411,4940,57400,283.6
109421,4940,55800,275.7
109431,4940,57300,283.1
109441,4940,55800,275.7
109451,4940,57300,283.1
109461,4940,55800,275.7
109471,4940,57300,283.1
109481,4940,55700,275.2
109491,4940,57200,282.6
109501,4940,56300,278.1
109511,4940,56700,280.1
109521,4940,56400,278.6
109531,4940,56700,280.1
109541,4940,56500,279.1
109551,4940,56700,280.1
109561,4940,57300,283.1
109571,4940,55700,275.2
109581,4940,57300,283.1
109591,4940,55700,275.2
109601,4940,57300,283.1
109611,4940,55800,275.7
109621,4940,57300,283.1
109631,4936,55800,275.4
109641,4940,57300,283.1
109651,4940,55600,274.7
109661,4828,219400,1059.3
109671,4940,55800,275.7
109681,4940,56600,279.6
109691,4940,56400,278.6
109701,4940,56700,280.1
109711,4940,56400,278.6
109721,4940,56700,280.1
109731,4940,56400,278.6
109741,4940,56700,280.1
109751,4940,57400,283.6
109761,4940,55800,275.7
109771,4944,57300,283.3
109781,4940,55800,275.7
109791,4940,57300,283.1
109801,4940,55700,275.2
109811,4940,57300,283.1
109821,4936,55800,275.4
109831,4940,57300,283.1
109841,4940,55800,275.7
109851,4940,57300,283.1
109861,4936,55700,274.9
109871,4940,56700,280.1
109881,4940,56400,278.6
109891,4940,56700,280.1
109901,4940,56400,278.6
109911,4940,56700,280.1
109921,4940,57200,282.6
109931,4940,56200,277.6
109941,4940,57400,283.6
109951,4940,55700,275.2
109961,4940,57300,283.1
109971,4940,55700,275.2
109981,4940,57300,283.1
109991,4936,55800,275.4
110001,4940,57300,283.1
110011,4940,55800,275.7
110021,4940,57400,283.6
110031,4940,55800,275.7
110041,4940,57100,282.1
110051,4940,56500,279.1
110061,4940,56700,280.1
110071,4940,56400,278.6
110081,4940,56600,279.6
110091,4940,56400,278.6
110101,4940,56700,280.1
110111,4940,57300,283.1
110121,4936,55700,274.9
110131,4940,57300,283.1
110141,4936,55700,274.9
110151,4940,57300,283.1
110161,4828,140900,680.3
110171,4940,57300,283.1
110181,4936,55700,274.9
110191,4940,57300,283.1
110201,4940,55700,275.2
110211,4940,57400,283.6
110221,4940,55700,275.2
110231,4940,56700,280.1
110241,4940,56400,278.6
110251,4940,56700,280.1
110261,4940,56400,278.6
110271,4940,56600,279.6
110281,4940,56400,278.6
110291,4936,56700,279.9
110301,4940,57300,283.1
110311,4936,55800,275.4
110321,4940,57300,283.1
110331,4940,55800,275.7
110341,4940,57300,283.1
110351,4940,55800,275.7
110361,4940,57300,283.1
110371,4940,55700,275.2
110381,4940,57300,283.1
110391,4940,55700,275.2
110401,4940,57300,283.1
110411,4936,55700,274.9
110421,4940,56600,279.6
110431,4940,56400,278.6
110441,4940,56700,280.1
110451,4940,56400,278.6
110461,4940,56700,280.1
110471,4940,57200,282.6
110481,4936,56200,277.4
110491,4940,57300,283.1
110501,4940,55700,275.2
110511,4940,57300,283.1
110521,4940,55800,275.7
110531,4940,57300,283.1
110541,4936,55800,275.4
110551,4940,57300,283.1
110561,4940,55700,275.2
110571,4940,57300,283.1
110581,4940,55700,275.2
110591,4940,57100,282.1
110601,4940,56300,278.1
110611,4940,56700,280.1
110621,4940,56400,278.6
110631,4940,56700,280.1
110641,4940,56400,278.6
110651,4940,56700,280.1
110661,4920,155700,766.0
110671,4936,55700,274.9
110681,4940,57400,283.6
110691,4940,55700,275.2
110701,4940,57300,283.1
110711,4936,55800,275.4
110721,4940,57300,283.1
110731,4940,55800,275.7
110741,4940,57400,283.6
110751,4940,55800,275.7
110761,4940,57400,283.6
110771,4940,55700,275.2
110781,4940,56600,279.6
110791,4940,56400,278.6
110801,4940,56700,280.1
110811,4940,56400,278.6
110821,4940,56700,280.1
110831,4940,56300,278.1
110841,4936,56700,279.9
110851,4940,57300,283.1
110861,4940,55700,275.2
110871,4940,57300,283.1
110882,4940,55700,275.2
110891,4940,57300,283.1
110901,4940,55700,275.2
110911,4940,57300,283.1
110921,4940,55700,275.2
110931,4940,57300,283.1
110941,4940,55700,275.2
110951,4940,57300,283.1
110961,4940,55700,275.2
110971,4940,56700,280.1
110981,4940,56400,278.6
110991,4940,56700,280.1
111001,4940,56400,278.6
111011,4940,56700,280.1
111021,4940,57300,283.1
111031,4936,56100,276.9
111041,4940,57400,283.6
111051,4940,55600,274.7
111061,4940,57300,283.1
111071,4940,55800,275.7
111081,4940,57300,283.1
111091,4936,55800,275.4
111101,4940,57300,283.1
111111,4940,55800,275.7
111121,4944,57300,283.3
111131,4936,55800,275.4
111141,4940,57000,281.6
111151,4940,56400,278.6
111161,4940,56700,280.1
111171,4816,142300,685.3
111181,4940,56700,280.1
111191,4940,56400,278.6
111201,4940,56800,280.6
111211,4940,57400,283.6
111221,4940,55700,275.2
111231,4940,57400,283.6
111241,4940,55700,275.2
111251,4940,57300,283.1
111261,4940,55800,275.7
111271,4940,57300,283.1
111281,4940,55700,275.2
111291,4940,57300,283.1
111301,4940,55700,275.2
111311,4944,57300,283.3
111321,4940,55800,275.7
111331,4940,56600,279.6
111341,4940,56400,278.6
111351,4940,56600,279.6
111361,4940,56500,279.1
111371,4940,56700,280.1
111381,4940,56500,279.1
111391,4940,56700,280.1
111401,4940,57300,283.1
111411,4940,55800,275.7
111421,4940,57300,283.1
111431,4940,55700,275.2
111441,4940,57300,283.1
111451,4940,55700,275.2
111461,4940,57300,283.1
111471,4940,55700,275.2
111481,4940,57400,283.6
111491,4940,55800,275.7
111501,4940,57300,283.1
111511,4940,55700,275.2
111521,4940,56700,280.1
111531,4940,56500,279.1
111541,4940,56700,280.1
111551,4940,56400,278.6
111561,4940,56700,280.1
111571,4940,57300,283.1
111581,4940,56100,277.1
111591,4940,57300,283.1
111601,4940,55800,275.7
111611,4940,57300,283.1
111621,4940,55800,275.7
111631,4940,57300,283.1
111641,4940,55700,275.2
111651,4944,57300,283.3
111661,4940,55800,275.7
111671,4940,57300,283.1
111681,4824,130300,628.6
111691,4940,57100,282.1
111701,4940,56400,278.6
111711,4936,56700,279.9
111721,4940,56400,278.6
111731,4940,56700,280.1
111741,4940,56400,278.6
111751,4940,56600,279.6
111761,4940,57300,283.1
111771,4940,55800,275.7
111781,4940,57300,283.1
111791,4940,55700,275.2
111801,4940,57300,283.1
111811,4940,55700,275.2
111821,4940,57300,283.1
111831,4936,55700,274.9
111841,4940,57300,283.1
111851,4940,55800,275.7
111861,4940,57300,283.1
111871,4940,55700,275.2
111881,4940,56700,280.1
111891,4940,56400,278.6
111901,4940,56600,279.6
111911,4940,56400,278.6
111921,4940,56700,280.1
111931,4940,56400,278.6
111941,4940,56700,280.1
111951,4940,57300,283.1
111961,4940,55700,275.2
111971,4940,57300,283.1
111981,4936,55800,275.4
111991,4940,57300,283.1
112001,4940,55700,275.2
112011,4940,57300,283.1
112021,4936,55800,275.4
112031,4940,57300,283.1
112041,4940,55700,275.2
112051,4940,57400,283.6
112061,4936,55800,275.4
112071,4940,56700,280.1
112081,4940,56400,278.6
112091,4940,56700,280.1
112101,4940,56400,278.6
112111,4940,56700,280.1
112121,4940,57300,283.1
112131,4940,56000,276.6
112141,4940,57300,283.1
112151,4940,55800,275.7
112161,4940,57300,283.1
112171,4940,55700,275.2
112181,4892,159400,779.8
112191,4940,55800,275.7
112201,4940,57300,283.1
112211,4940,55800,275.7
112221,4940,57400,283.6
112231,4940,55800,275.7
112241,4940,57000,281.6
112251,4940,56400,278.6
112261,4940,56700,280.1
112271,4940,56400,278.6
112281,4940,56700,280.1
112291,4940,56400,278.6
112301,4940,56700,280.1
112311,4940,57400,283.6
112321,4940,55700,275.2
112331,4940,57300,283.1
112341,4940,55800,275.7
112351,4940,57300,283.1
112361,4936,55800,275.4
112371,4940,57300,283.1
112381,4936,55800,275.4
112391,4940,57300,283.1
112401,4940,55800,275.7
112411,4940,57300,283.1
112421,4936,55700,274.9
112431,4940,56700,280.1
112441,4940,56300,278.1
112451,4940,56700,280.1
112461,4940,56400,278.6
112471,4940,56700,280.1
112481,4940,56500,279.1
112491,4940,56700,280.1
112501,4940,57300,283.1
112511,4940,55700,275.2
112522,4940,57400,283.6
112531,4940,55700,275.2
112541,4940,57300,283.1
112551,4940,55700,275.2
112561,4940,57400,283.6
112571,4940,55700,275.2
112581,4940,57400,283.6
112591,4940,55700,275.2
112601,4940,57300,283.1
112611,4940,55800,275.7
112621,4940,56600,279.6
112631,4940,56400,278.6
112641,4940,56700,280.1
112651,4940,56400,278.6
112661,4940,56700,280.1
112671,4940,57300,283.1
112681,4940,56000,276.6
112691,4820,142100,684.9
112701,4940,55800,275.7
112711,4940,57300,283.1
112721,4940,55800,275.7
112731,4940,57300,283.1
112741,4940,55700,275.2
112751,4944,57300,283.3
112761,4936,55700,274.9
112771,4940,57400,283.6
112781,4940,55800,275.7
112791,4940,57000,281.6
112801,4936,56500,278.9
112811,4940,56700,280.1
112821,4940,56400,278.6
112831,4940,56700,280.1
112841,4940,56400,278.6
112851,4940,56700,280.1
112861,4940,57300,283.1
112871,4940,55700,275.2
112881,4940,57300,283.1
112891,4940,55700,275.2
112901,4940,57400,283.6
112911,4940,55800,275.7
112921,4940,57300,283.1
112931,4940,55800,275.7
112941,4940,57300,283.1
112951,4940,55700,275.2
112961,4940,57300,283.1
112971,4936,55700,274.9
112981,4940,56700,280.1
112991,4940,56400,278.6
113001,4940,56700,280.1
113011,4940,56500,279.1
113021,4940,56600,279.6
113031,4940,56500,279.1
113041,4940,56700,280.1
113051,4940,57300,283.1
113061,4940,55800,275.7
113071,4940,57300,283.1
113081,4936,55700,274.9
113091,4940,57300,283.1
113101,4940,55700,275.2
113111,4940,57400,283.6
113121,4936,55700,274.9
113131,4940,57300,283.1
113141,4936,55700,274.9
113151,4940,57300,283.1
113161,4936,55800,275.4
113171,4940,56600,279.6
113181,4940,56400,278.6
113191,4940,56700,280.1
113201,4940,56300,278.1
113211,4940,56600,279.6
113221,4940,57300,283.1
113231,4940,56000,276.6
113241,4940,57300,283.1
113251,4940,55700,275.2
113261,4940,57300,283.1
113271,4940,55700,275.2
113281,4940,57300,283.1
113291,4940,55700,275.2
113301,4940,57300,283.1
113311,4940,55700,275.2
113321,4940,57300,283.1
113331,4936,55700,274.9
113341,4940,57000,281.6
113351,4936,56400,278.4
113361,4940,56800,280.6
113371,4940,56300,278.1
113381,4940,56700,280.1
113391,4940,56300,278.1
113401,4940,56600,279.6
113411,4940,57300,283.1
113421,4940,55800,275.7
113431,4940,57300,283.1
113441,4940,55800,275.7
113451,4940,57300,283.1
113461,4940,55700,275.2
113471,4940,57300,283.1
113481,4940,55700,275.2
113491,4940,57300,283.1
113501,4936,55600,274.4
113511,4940,57400,283.6
113521,4936,55700,274.9
113531,4940,56700,280.1
113541,4940,56400,278.6
113551,4940,56700,280.1
113561,4940,56400,278.6
113571,4940,56600,279.6
113581,4940,56500,279.1
113591,4940,56700,280.1
113601,4940,57200,282.6
113611,4940,55800,275.7
113621,4940,57300,283.1
113631,4940,55700,275.2
113641,4940,57300,283.1
113651,4940,55600,274.7
113661,4940,57300,283.1
113671,4940,55700,275.2
113681,4940,57200,282.6
113691,4940,55700,275.2
113701,4832,219600,1061.1
113711,4940,55800,275.7
113721,4940,56700,280.1
113731,4940,56300,278.1
113741,4940,56600,279.6
113751,4940,56300,278.1
113761,4940,56700,280.1
113771,4940,57300,283.1
113781,4940,55900,276.1
113791,4940,57300,283.1
113801,4940,55700,275.2
113811,4940,57300,283.1
113821,4940,55700,275.2
113831,4940,57300,283.1
113841,4936,55600,274.4
113851,4940,57300,283.1
113861,4940,55700,275.2
113871,4940,57300,283.1
113881,4940,55700,275.2
113891,4944,56900,281.3
113901,4940,56400,278.6
113911,4940,56700,280.1
113921,4940,56300,278.1
113931,4940,56700,280.1
113941,4940,56300,278.1
113951,4940,56700,280.1
113961,4940,57300,283.1
113971,4940,55700,275.2
113981,4940,57300,283.1
113991,4936,55700,274.9
114001,4940,57200,282.6
114011,4936,55700,274.9
114021,4940,57300,283.1
114031,4940,55700,275.2
114041,4940,57300,283.1
114051,4940,55700,275.2
114061,4940,57400,283.6
114071,4940,55700,275.2
114081,4940,56600,279.6
114091,4940,56400,278.6
114101,4940,56700,280.1
114111,4940,56400,278.6
114121,4940,56600,279.6
114131,4940,56600,279.6
114141,4936,56700,279.9
114151,4944,57300,283.3
114162,4940,55700,275.2
114171,4940,57300,283.1
114181,4940,55700,275.2
114191,4940,57300,283.1
114201,4940,55700,275.2
114211,4872,57300,279.2
114221,4940,55700,275.2
114231,4940,57300,283.1
114241,4940,55700,275.2
114251,4940,57300,283.1
114261,4936,55800,275.4
114271,4940,56600,279.6
114281,4940,56400,278.6
114291,4940,56600,279.6
114301,4940,56400,278.6
114311,4940,56600,279.6
114321,4940,57300,283.1
114331,4940,55900,276.1
114341,4940,57300,283.1
114351,4940,55700,275.2
114361,4940,57400,283.6
114371,4940,55700,275.2
114381,4940,57300,283.1
114391,4940,55700,275.2
114401,4940,57300,283.1
114411,4936,55800,275.4
114421,4940,57300,283.1
114431,4936,55700,274.9
114441,4940,56700,280.1
114451,4940,56400,278.6
114461,4940,56600,279.6
114471,4940,56400,278.6
114481,4940,56700,280.1
114491,4940,56300,278.1
114501,4940,56700,280.1
114511,4940,57300,283.1
114521,4940,55700,275.2
114531,4940,57300,283.1
114541,4936,55700,274.9
114551,4940,57300,283.1
114561,4940,55700,275.2
114571,4944,57200,282.8
114581,4940,55700,275.2
114591,4940,57300,283.1
114601,4940,55700,275.2
114611,4940,57300,283.1
114621,4940,55700,275.2
114631,4940,56600,279.6
114641,4940,56400,278.6
114651,4940,56700,280.1
114661,4940,56400,278.6
114671,4940,56600,279.6
114681,4940,56600,279.6
114691,4940,56600,279.6
114701,4944,57300,283.3
114711,4780,136100,650.6
114721,4940,57300,283.1
114731,4940,55700,275.2
114741,4940,57300,283.1
114751,4936,55800,275.4
114761,4940,57300,283.1
114771,4940,55700,275.2
114781,4940,57300,283.1
114791,4936,55700,274.9
114801,4940,57300,283.1
114811,4940,55800,275.7
114821,4940,56600,279.6
114831,4940,56300,278.1
114841,4940,56600,279.6
114851,4940,56300,278.1
114861,4940,56700,280.1
114871,4940,57300,283.1
114881,4940,55800,275.7
114891,4940,57300,283.1
114901,4940,55700,275.2
114911,4940,57300,283.1
114921,4940,55700,275.2
114931,4940,57300,283.1
114941,4940,55700,275.2
114951,4940,57300,283.1
114961,4936,55700,274.9
114971,4944,57300,283.3
114981,4940,55700,275.2
114991,4940,56800,280.6
115001,4940,56400,278.6
115011,4940,56600,279.6
115021,4940,56300,278.1
115031,4940,56600,279.6
115041,4940,56300,278.1
115051,4940,56600,279.6
115061,4940,57300,283.1
115071,4940,55700,275.2
115081,4940,57300,283.1
115091,4936,55700,274.9
115101,4940,57300,283.1
115111,4936,55700,274.9
115121,4940,57200,282.6
115131,4940,55700,275.2
115141,4940,57300,283.1
115151,4940,55600,274.7
115161,4940,57300,283.1
115171,4940,55800,275.7
115181,4940,56700,280.1
115191,4940,56400,278.6
115201,4940,56700,280.1
115211,4936,144100,711.3
115221,4940,56600,279.6
115231,4940,56600,279.6
115241,4940,56600,279.6
115251,4940,57300,283.1
115261,4936,55700,274.9
115271,4940,57300,283.1
115281,4940,55700,275.2
115291,4940,57300,283.1
115301,4936,55700,274.9
115311,4940,57400,283.6
115321,4940,55600,274.7
115331,4940,57300,283.1
115341,4936,55700,274.9
115351,4940,57200,282.6
115361,4940,55800,275.7
115371,4940,56600,279.6
115381,4940,56300,278.1
115391,4940,56700,280.1
115401,4940,56400,278.6
115411,4940,56700,280.1
115421,4940,57300,283.1
115431,4940,55800,275.7
115441,4940,57300,283.1
115451,4940,55700,275.2
115461,4940,57300,283.1
115471,4936,55700,274.9
115481,4940,57200,282.6
115491,4940,55600,274.7
115501,4940,57200,282.6
115511,4940,55700,275.2
115521,4940,57300,283.1
115531,4940,55700,275.2
115541,4940,56600,279.6
115551,4940,56400,278.6
115561,4940,56600,279.6
115571,4940,56300,278.1
115581,4940,56700,280.1
115591,4940,56300,278.1
115601,4940,56600,279.6
115611,4940,57300,283.1
115621,4940,55700,275.2
115631,4940,57300,283.1
115641,4940,55700,275.2
115651,4940,57300,283.1
115661,4940,55700,275.2
115671,4940,57300,283.1
115681,4940,55700,275.2
115691,4940,57300,283.1
115701,4940,55700,275.2
115711,4940,57300,283.1
115721,4820,133500,643.5
115731,4940,56700,280.1
115741,4940,56300,278.1
115751,4940,56700,280.1
115761,4936,56500,278.9
115771,4940,56600,279.6
115781,4940,56600,279.6
115791,4940,56600,279.6
115802,4940,57300,283.1
115811,4940,55700,275.2
115821,4940,57300,283.1
115831,4940,55700,275.2
115841,4940,57300,283.1
115851,4936,55700,274.9
115861,4940,57400,283.6
115871,4936,55700,274.9
115881,4940,57400,283.6
115891,4940,55700,275.2
115901,4940,57200,282.6
115911,4940,55800,275.7
115921,4940,56600,279.6
115931,4940,56400,278.6
115941,4940,56600,279.6
115951,4940,56400,278.6
115961,4940,56700,280.1
115971,4940,57300,283.1
115981,4940,55800,275.7
115991,4940,57300,283.1
116001,4940,55800,275.7
116011,4940,57300,283.1
116021,4936,55700,274.9
116031,4940,57300,283.1
116041,4936,55700,274.9
116051,4940,57300,283.1
116061,4940,55800,275.7
116071,4940,57300,283.1
116081,4940,55700,275.2
116091,4940,56600,279.6
116101,4940,56400,278.6
116111,4940,56600,279.6
116121,4940,56400,278.6
116131,4940,56700,280.1
116141,4940,56400,278.6
116151,4940,56700,280.1
116161,4940,57300,283.1
116171,4940,55700,275.2
116181,4940,57300,283.1
116191,4940,55700,275.2
116201,4940,57300,283.1
116211,4940,55700,275.2
116221,4724,133900,632.5
116231,4940,55800,275.7
116241,4940,57300,283.1
116251,4940,55700,275.2
116261,4940,57200,282.6
116271,4940,55800,275.7
116281,4940,56700,280.1
116291,4936,56400,278.4
116301,4940,56700,280.1
116311,4940,56400,278.6
116321,4940,56700,280.1
116331,4940,56600,279.6
116341,4940,56600,279.6
116351,4940,57300,283.1
116361,4940,55800,275.7
116371,4940,57300,283.1
116381,4940,55700,275.2
116391,4940,57300,283.1
116401,4940,55700,275.2
116411,4940,57300,283.1
116421,4940,55600,274.7
116431,4940,57300,283.1
116441,4936,55700,274.9
116451,4940,57300,283.1
116461,4940,55800,275.7
116471,4940,56700,280.1
116481,4940,56400,278.6
116491,4940,56600,279.6
116501,4940,56400,278.6
116511,4936,56700,279.9
116521,4940,57400,283.6
116531,4940,55800,275.7
116541,4940,57300,283.1
116551,4940,55600,274.7
116561,4944,57300,283.3
116571,4940,55700,275.2
116581,4940,57300,283.1
116591,4936,55700,274.9
116601,4940,57200,282.6
116611,4936,55800,275.4
116621,4940,57300,283.1
116631,4940,55700,275.2
116641,4940,56600,279.6
116651,4940,56500,279.1
116661,4940,56600,279.6
116671,4940,56400,278.6
116681,4940,56600,279.6
116691,4940,56400,278.6
116701,4940,56700,280.1
116711,4940,57300,283.1
116721,4940,55700,275.2
116731,4760,157800,751.1
116741,4940,55700,275.2
116751,4944,57300,283.3
116761,4940,55700,275.2
116771,4940,57300,283.1
116781,4940,55800,275.7
116791,4944,57300,283.3
116801,4936,55700,274.9
116811,4940,57300,283.1
116821,4940,55700,275.2
116831,4940,56700,280.1
116841,4940,56400,278.6
116851,4940,56700,280.1
116861,4940,56400,278.6
116871,4940,56700,280.1
116881,4940,56700,280.1
116891,4940,56600,279.6
116901,4940,57300,283.1
116911,4940,55700,275.2
116921,4940,57300,283.1
116931,4940,55700,275.2
116941,4940,57200,282.6
116951,4940,55700,275.2
116961,4940,57300,283.1
116971,4940,55700,275.2
116981,4940,57300,283.1
116991,4940,55700,275.2
117001,4940,57300,283.1
117011,4940,55900,276.1
117021,4940,56700,280.1
117031,4940,56400,278.6
117041,4940,56700,280.1
117051,4940,56300,278.1
117061,4940,56700,280.1
117071,4940,57300,283.1
117081,4940,55800,275.7
117091,4940,57300,283.1
117101,4936,55700,274.9
117111,4940,57300,283.1
117121,4940,55700,275.2
117131,4940,57300,283.1
117141,4936,55700,274.9
117151,4940,57300,283.1
117161,4940,55700,275.2
117171,4940,57300,283.1
117181,4936,55700,274.9
117191,4940,56600,279.6
117201,4940,56400,278.6
117211,4940,56600,279.6
117221,4940,56300,278.1
117231,4716,138000,650.8
117241,4940,56400,278.6
117251,4940,56700,280.1
117261,4940,57300,283.1
117271,4936,55700,274.9
117281,4940,57300,283.1
117291,4940,55700,275.2
117301,4940,57300,283.1
117311,4940,55700,275.2
117321,4944,57300,283.3
117331,4936,55800,275.4
117341,4940,57300,283.1
117351,4940,55700,275.2
117361,4940,57300,283.1
117371,4940,55600,274.7
117381,4940,56700,280.1
117391,4940,56400,278.6
117401,4940,56700,280.1
117411,4940,56300,278.1
117421,4940,56600,279.6
117432,4944,57300,283.3
117441,4940,56600,279.6
117451,4940,57300,283.1
117461,4940,55700,275.2
117471,4940,57300,283.1
117481,4940,55700,275.2
117491,4940,57300,283.1
117501,4940,55700,275.2
117511,4940,57300,283.1
117521,4940,55600,274.7
117531,4944,57300,283.3
117541,4940,55800,275.7
117551,4944,57300,283.3
117561,4936,55800,275.4
117571,4940,56600,279.6
117581,4940,56300,278.1
117591,4940,56600,279.6
117601,4940,56400,278.6
117611,4940,56600,279.6
117621,4940,57300,283.1
117631,4940,55700,275.2
117641,4940,57300,283.1
117651,4940,55800,275.7
117661,4940,57300,283.1
117671,4940,55700,275.2
117681,4940,57300,283.1
117691,4940,55700,275.2
117701,4940,57300,283.1
117711,4940,55700,275.2
117721,4940,57300,283.1
117731,4936,55700,274.9
117741,4908,56700,278.3
117751,4936,56400,278.4
117761,4940,56600,279.6
117771,4940,56400,278.6
117781,4940,56700,280.1
117791,4940,56400,278.6
117801,4940,56700,280.1
117811,4940,57300,283.1
117821,4940,55700,275.2
117831,4940,57300,283.1
117841,4940,55700,275.2
117851,4940,57300,283.1
117861,4940,55700,275.2
117871,4944,57300,283.3
117881,4940,55700,275.2
117891,4944,57300,283.3
117901,4940,55700,275.2
117911,4944,57300,283.3
117921,4940,55700,275.2
117931,4940,56700,280.1
117941,4940,56300,278.1
117951,4940,56700,280.1
117961,4940,56400,278.6
117971,4940,56600,279.6
117981,4940,56600,279.6
117991,4940,56500,279.1
118001,4944,57300,283.3
118011,4940,55700,275.2
118021,4940,57300,283.1
118031,4936,55700,274.9
118041,4940,57300,283.1
118051,4940,55700,275.2
118061,4940,57300,283.1
118071,4940,55700,275.2
118081,4940,57300,283.1
118091,4940,55700,275.2
118101,4940,57300,283.1
118111,4936,55900,275.9
118121,4940,56600,279.6
118131,4940,56400,278.6
118141,4940,56700,280.1
118151,4940,56400,278.6
118161,4940,56700,280.1
118171,4940,57400,283.6
118181,4940,55700,275.2
118191,4944,57300,283.3
118201,4940,55700,275.2
118211,4940,57300,283.1
118221,4940,55700,275.2
118231,4944,57300,283.3
118241,4828,145800,703.9
118251,4940,57300,283.1
118261,4940,55700,275.2
118271,4940,57300,283.1
118281,4940,55700,275.2
118291,4940,56600,279.6
118301,4940,56500,279.1
118311,4940,56700,280.1
118321,4940,56400,278.6
118331,4940,56600,279.6
118341,4940,56300,278.1
118351,4940,56700,280.1
118361,4940,57200,282.6
118371,4940,55700,275.2
118381,4940,57300,283.1
118391,4940,55800,275.7
118401,4940,57300,283.1
118411,4940,55700,275.2
118421,4940,57300,283.1
118431,4940,55700,275.2
118441,4940,57200,282.6
118451,4940,55700,275.2
118461,4940,57300,283.1
118471,4940,55700,275.2
118481,4940,56700,280.1
118491,4940,56400,278.6
118501,4940,56700,280.1
118511,4940,56300,278.1
118521,4940,56700,280.1
118531,4940,56700,280.1
118541,4940,56600,279.6
118551,4940,57300,283.1
118561,4940,55700,275.2
118571,4940,57300,283.1
118581,4940,55700,275.2
118591,4940,57400,283.6
118601,4940,55700,275.2
118611,4940,57300,283.1
118621,4940,55700,275.2
118631,4940,57300,283.1
118641,4940,55700,275.2
118651,4940,57300,283.1
118661,4940,55800,275.7
118671,4940,56600,279.6
118681,4940,56300,278.1
118691,4940,56700,280.1
118701,4940,56300,278.1
118711,4940,56700,280.1
118721,4940,57300,283.1
118731,4940,55700,275.2
118741,4920,156700,771.0
118751,4940,55700,275.2
118761,4940,57300,283.1
118771,4940,55700,275.2
118781,4940,57300,283.1
118791,4940,55700,275.2
118801,4940,57200,282.6
118811,4940,55700,275.2
118821,4940,57300,283.1
118831,4940,55700,275.2
118841,4944,56700,280.3
118851,4940,56400,278.6
118861,4940,56600,279.6
118871,4940,56400,278.6
118881,4940,56600,279.6
118891,4940,56400,278.6
118901,4940,56600,279.6
118911,4940,57300,283.1
118921,4940,55700,275.2
118931,4940,57400,283.6
118941,4940,55700,275.2
118951,4940,57300,283.1
118961,4940,55700,275.2
118971,4940,57400,283.6
118981,4940,55800,275.7
118991,4940,57300,283.1
119001,4936,55700,274.9
119011,4940,57300,283.1
119021,4940,55700,275.2
119031,4940,56800,280.6
119041,4936,56300,277.9
119051,4940,56700,280.1
119061,4940,56400,278.6
119072,4940,56600,279.6
119081,4940,56800,280.6
119091,4940,56600,279.6
119101,4940,57400,283.6
119111,4940,55700,275.2
119121,4944,57300,283.3
119131,4940,55800,275.7
119141,4940,57300,283.1
119151,4936,55700,274.9
119161,4940,57300,283.1
119171,4940,55700,275.2
119181,4940,57300,283.1
119191,4940,55700,275.2
119201,4940,57300,283.1
119211,4940,55900,276.1
119221,4940,57200,282.6
119231,4940,56300,278.1
119241,4940,56700,280.1
119251,4936,143900,710.3
119261,4940,56700,280.1
119271,4940,57300,283.1
119281,4940,55800,275.7
119291,4940,57300,283.1
119301,4936,55700,274.9
119311,4940,57300,283.1
119321,4936,55700,274.9
119331,4940,57300,283.1
119341,4940,55600,274.7
119351,4940,57300,283.1
119361,4936,55700,274.9
119371,4940,57300,283.1
119381,4936,55800,275.4
119391,4940,56700,280.1
119401,4940,56400,278.6
119411,4940,56700,280.1
119421,4940,56300,278.1
119431,4940,56700,280.1
119441,4940,56300,278.1
119451,4940,56700,280.1
119461,4940,57300,283.1
119471,4940,55700,275.2
119481,4940,57300,283.1
119491,4940,55700,275.2
119501,4940,57300,283.1
119511,4940,55700,275.2
119521,4940,57300,283.1
119531,4936,55700,274.9
119541,4940,57300,283.1
119551,4940,55700,275.2
119561,4940,57300,283.1
119571,4940,55700,275.2
119581,4940,56800,280.6
119591,4940,56300,278.1
119601,4940,56700,280.1
119611,4940,56300,278.1
119621,4940,56700,280.1
119631,4940,56800,280.6
119641,4940,56500,279.1
119651,4940,57300,283.1
119661,4940,55700,275.2
119671,4940,57300,283.1
119681,4936,55700,274.9
119691,4940,57300,283.1
119701,4940,55700,275.2
119711,4944,57300,283.3
119721,4940,55700,275.2
119731,4940,57300,283.1
119741,4940,55700,275.2
119751,4940,57300,283.1
119761,4768,76200,363.3
119771,4940,57300,283.1
119781,4940,56300,278.1
119791,4940,56600,279.6
119801,4940,56400,278.6
119811,4940,56600,279.6
119821,4940,57300,283.1
119831,4940,55800,275.7
119841,4940,57300,283.1
119851,4940,55700,275.2
119861,4940,57300,283.1
119871,4936,55700,274.9
119881,4940,57300,283.1
119891,4940,55700,275.2
119901,4940,57300,283.1
119911,4936,55700,274.9
119921,4940,57300,283.1
119931,4936,55700,274.9
119941,4940,56600,279.6
119951,4940,56500,279.1
119961,4940,56600,279.6
119971,4940,56300,278.1
119981,4940,56600,279.6
119991,4940,56300,278.1
120001,4940,56600,279.6
120011,4940,57300,283.1
120021,4940,55700,275.2
120031,4940,57300,283.1
120041,4940,55600,274.7
120051,4940,57300,283.1
120061,4940,55700,275.2
120071,4940,57300,283.1
120081,4940,55800,275.7
120091,4940,57300,283.1
120101,4940,55700,275.2
120111,4940,57300,283.1
120121,4936,55700,274.9
120131,4940,56800,280.6
120141,4940,56400,278.6
120151,4940,56700,280.1
120161,4940,56400,278.6
120171,4940,56600,279.6
120181,4940,56800,280.6
120191,4940,56500,279.1
120201,4940,57300,283.1
120211,4940,55700,275.2
120221,4940,57300,283.1
120231,4936,55700,274.9
120241,4940,57200,282.6
120251,4940,55700,275.2
120261,4812,142900,687.6
120271,4940,55700,275.2
120281,4940,57300,283.1
120291,4940,55700,275.2
120301,4940,57300,283.1
120311,4940,55900,276.1
120321,4940,57300,283.1
120331,4940,56400,278.6
120341,4940,56700,280.1
120351,4940,56300,278.1
120361,4940,56600,279.6
120371,4940,57300,283.1
120381,4940,55700,275.2
120391,4940,57300,283.1
120401,4940,55700,275.2
120411,4940,57300,283.1
120421,4940,55700,275.2
120431,4940,57300,283.1
120441,4940,55800,275.7
120451,4940,57300,283.1
120461,4940,55700,275.2
120471,4940,57300,283.1
120481,4940,55700,275.2
120491,4940,56700,280.1
120501,4940,56500,279.1
120511,4940,56600,279.6
120521,4940,56400,278.6
120531,4940,56700,280.1
120541,4940,56500,279.1
120551,4940,56600,279.6
120561,4940,57200,282.6
120571,4936,55700,274.9
120581,4940,57300,283.1
120591,4940,55700,275.2
120601,4940,57300,283.1
120611,4940,55700,275.2
120621,4940,57300,283.1
120631,4936,55700,274.9
120641,4940,57300,283.1
120651,4940,55700,275.2
120661,4940,57300,283.1
120671,4940,55700,275.2
120681,4940,56700,280.1
120691,4940,56400,278.6
120701,4940,56700,280.1
120712,4940,56700,280.1
120721,4940,56600,279.6
120731,4940,56800,280.6
120741,4940,56500,279.1
120751,4940,57300,283.1
120761,4796,140700,674.8
120771,4940,57300,283.1
120781,4940,55700,275.2
120791,4940,57200,282.6
120801,4936,55800,275.4
120811,4940,57300,283.1
120821,4940,55800,275.7
120831,4940,57300,283.1
120841,4940,55700,275.2
120851,4940,57300,283.1
120861,4940,55900,276.1
120871,4940,57300,283.1
120881,4940,56400,278.6
120891,4940,56600,279.6
120901,4940,56400,278.6
120911,4940,56600,279.6
120921,4940,57300,283.1
120931,4940,55700,275.2
120941,4940,57300,283.1
120951,4936,55700,274.9
120961,4940,57300,283.1
120971,4940,55700,275.2
120981,4940,57300,283.1
120991,4940,55700,275.2
121001,4940,57400,283.6
121011,4940,55600,274.7
121021,4940,57300,283.1
121031,4940,55700,275.2
121041,4940,56600,279.6
121051,4940,56400,278.6
121061,4940,56600,279.6
121071,4940,56300,278.1
121081,4940,56600,279.6
121091,4940,56300,278.1
121101,4940,56600,279.6
121111,4940,57300,283.1
121121,4940,55700,275.2
121131,4940,57300,283.1
121141,4940,55700,275.2
121151,4940,57300,283.1
121161,4940,55700,275.2
121171,4940,57200,282.6
121181,4940,55700,275.2
121191,4940,57200,282.6
121201,4940,55700,275.2
121211,4940,57300,283.1
121221,4936,55700,274.9
121231,4940,56700,280.1
121241,4940,56300,278.1
121251,4940,56700,280.1
121261,4940,56300,278.1
121271,4748,148300,704.1
121281,4940,56800,280.6
121291,4940,56600,279.6
121301,4940,57400,283.6
121311,4940,55700,275.2
121321,4940,57300,283.1
121331,4940,55700,275.2
121341,4940,57300,283.1
121351,4940,55700,275.2
121361,4940,57300,283.1
121371,4940,55700,275.2
121381,4940,57300,283.1
121391,4940,55700,275.2
121401,4940,57300,283.1
121411,4936,55900,275.9
121421,4940,57300,283.1
121431,4940,56400,278.6
121441,4940,56600,279.6
121451,4940,56400,278.6
121461,4940,56700,280.1
121471,4940,57300,283.1
121481,4940,55700,275.2
121491,4940,57200,282.6
121501,4940,55700,275.2
121511,4940,57300,283.1
121521,4940,55700,275.2
121531,4940,57300,283.1
121541,4940,55700,275.2
121551,4940,57400,283.6
121561,4936,55800,275.4
121571,4940,57300,283.1
121581,4936,55600,274.4
121591,4940,56600,279.6
121601,4936,56400,278.4
121611,4940,56600,279.6
121621,4940,56400,278.6
121631,4940,56600,279.6
121641,4940,56400,278.6
121651,4940,56700,280.1
121661,4940,57300,283.1
121671,4936,55800,275.4
121681,4944,57300,283.3
121691,4940,55700,275.2
121701,4940,57300,283.1
121711,4940,55700,275.2
121721,4940,57300,283.1
121731,4940,55700,275.2
121741,4940,57300,283.1
121751,4940,55800,275.7
121761,4940,57300,283.1
121771,4816,140700,677.6
121781,4940,56700,280.1
121791,4940,56400,278.6
121801,4940,56700,280.1
121811,4940,56400,278.6
121821,4940,56700,280.1
121831,4940,56700,280.1
121841,4940,56500,279.1
121851,4940,57300,283.1
121861,4936,55600,274.4
121871,4940,57300,283.1
121881,4940,55700,275.2
121891,4940,57300,283.1
121901,4936,55800,275.4
121911,4940,57300,283.1
121921,4940,55700,275.2
121931,4940,57300,283.1
121941,4940,55700,275.2
121951,4940,57300,283.1
121961,4936,55900,275.9
121971,4940,57300,283.1
121981,4940,56400,278.6
121991,4940,56700,280.1
122001,4940,56400,278.6
122011,4940,56600,279.6
122021,4940,57400,283.6
122031,4940,55700,275.2
122041,4940,57200,282.6
122051,4940,55700,275.2
122061,4940,57300,283.1
122071,4940,55700,275.2
122081,4940,57300,283.1
122091,4940,55700,275.2
122101,4940,57300,283.1
122111,4940,55700,275.2
122121,4940,57400,283.6
122131,4940,55800,275.7
122141,4940,56600,279.6
122151,4940,56400,278.6
122161,4940,56600,279.6
122171,4940,56400,278.6
122181,4940,56700,280.1
122191,4940,56300,278.1
122201,4940,56700,280.1
122211,4940,57300,283.1
122221,4940,55700,275.2
122231,4940,57300,283.1
122241,4940,55700,275.2
122251,4940,57300,283.1
122261,4940,55700,275.2
122271,4940,57300,283.1
122281,4816,143800,692.5
122291,4940,57300,283.1
122301,4940,55800,275.7
122311,4940,57300,283.1
122321,4936,55700,274.9
122331,4940,56700,280.1
122341,4940,56400,278.6
122355,4940,55700,275.2
122361,4940,56300,278.1
122371,4940,56700,280.1
122381,4940,56800,280.6
122391,4940,56500,279.1
122401,4940,57300,283.1
122411,4936,55700,274.9
122421,4940,57300,283.1
122431,4940,55700,275.2
122441,4940,57300,283.1
122451,4940,55700,275.2
122461,4940,57300,283.1
122471,4940,55700,275.2
122481,4940,57400,283.6
122491,4936,55700,274.9
122501,4944,57300,283.3
122511,4936,56000,276.4
122521,4940,57300,283.1
122531,4940,56400,278.6
122541,4940,56700,280.1
122551,4940,56400,278.6
122561,4940,56600,279.6
122571,4940,57300,283.1
122581,4940,55800,275.7
122591,4940,57200,282.6
122601,4936,55800,275.4
122611,4940,57300,283.1
122621,4940,55700,275.2
122631,4940,57300,283.1
122641,4940,55700,275.2
122651,4940,57300,283.1
122661,4940,55600,274.7
122671,4940,57300,283.1
122681,4940,55700,275.2
122691,4940,56500,279.1
122701,4940,56400,278.6
122711,4940,56600,279.6
122721,4940,56300,278.1
122731,4940,56700,280.1
122741,4940,56300,278.1
122751,4940,56700,280.1
122761,4940,57300,283.1
122771,4940,55700,275.2
122781,4940,57300,283.1
122791,4788,133200,637.8
122801,4940,57300,283.1
122811,4940,55700,275.2
122821,4940,57400,283.6
122831,4940,55700,275.2
122841,4940,57200,282.6
122851,4940,55800,275.7
122861,4940,57300,283.1
122871,4936,55700,274.9
122881,4940,57300,283.1
122891,4940,56400,278.6
122901,4940,56700,280.1
122911,4940,56400,278.6
122921,4940,56700,280.1
122931,4940,56800,280.6
122941,4940,56600,279.6
122951,4940,57300,283.1
122961,4940,55700,275.2
122971,4940,57300,283.1
122981,4940,55700,275.2
122991,4940,57300,283.1
123001,4940,55700,275.2
123011,4940,57300,283.1
123021,4940,55700,275.2
123031,4940,57200,282.6
123041,4940,55700,275.2
123051,4940,57300,283.1
123061,4940,56000,276.6
123071,4940,57300,283.1
123081,4940,56300,278.1
123091,4940,56700,280.1
123101,4940,56400,278.6
123111,4940,56600,279.6
123121,4940,57300,283.1
123131,4940,55700,275.2
123141,4940,57200,282.6
123151,4940,55700,275.2
123161,4940,57300,283.1
123171,4940,55700,275.2
123181,4940,57300,283.1
123191,4936,55700,274.9
123201,4940,57300,283.1
123211,4940,55700,275.2
123221,4940,57400,283.6
123231,4936,55700,274.9
123241,4940,56500,279.1
123251,4940,56400,278.6
123261,4940,56500,279.1
123271,4940,56400,278.6
123281,4940,56700,280.1
123291,4804,186400,895.5
123301,4940,56700,280.1
123311,4940,57300,283.1
123321,4940,55700,275.2
123331,4940,57300,283.1
123341,4940,55700,275.2
123351,4940,57300,283.1
123361,4940,55600,274.7
123371,4940,57400,283.6
123381,4940,55700,275.2
123391,4940,57300,283.1
123401,4940,55700,275.2
123411,4940,57300,283.1
123421,4940,55700,275.2
123431,4940,56800,280.6
123441,4940,56400,278.6
123451,4940,56700,280.1
123461,4940,56400,278.6
123471,4940,56600,279.6
123481,4940,56800,280.6
123491,4940,56500,279.1
123501,4940,57200,282.6
123511,4940,55700,275.2
123521,4940,57300,283.1
123531,4940,55700,275.2
123541,4940,57300,283.1
123551,4940,55700,275.2
123561,4940,57300,283.1
123571,4940,55700,275.2
123581,4940,57300,283.1
123591,4940,55700,275.2
123601,4940,57400,283.6
123611,4940,56000,276.6
123621,4940,57300,283.1
123631,4940,56400,278.6
123641,4940,56700,280.1
123651,4940,56400,278.6
123661,4940,56700,280.1
123671,4940,57400,283.6
123681,4940,55600,274.7
123691,4940,57300,283.1
123701,4940,55700,275.2
123711,4940,57300,283.1
123721,4940,55700,275.2
123731,4940,57300,283.1
123741,4940,55700,275.2
123751,4940,57300,283.1
123761,4940,55600,274.7
123771,4940,57400,283.6
123781,4940,55700,275.2
123791,4852,151800,736.5
123801,4940,56400,278.6
123811,4940,56600,279.6
123821,4940,56400,278.6
123831,4940,56600,279.6
123841,4940,56400,278.6
123851,4940,56700,280.1
123861,4940,57300,283.1
123871,4940,55700,275.2
123881,4940,57300,283.1
123891,4936,55700,274.9
123901,4940,57300,283.1
123911,4940,55700,275.2
123921,4940,57300,283.1
123931,4940,55700,275.2
123941,4940,57300,283.1
123951,4936,55700,274.9
123961,4940,57300,283.1
123971,4940,55800,275.7
123982,4940,56700,280.1
123991,4940,56400,278.6
124001,4940,56600,279.6
124011,4940,56400,278.6
124021,4940,56600,279.6
124031,4940,56900,281.1
124041,4940,56500,279.1
124051,4940,57200,282.6
124061,4936,55700,274.9
124071,4940,57400,283.6
124081,4940,55600,274.7
124091,4940,57200,282.6
124101,4940,55700,275.2
124111,4940,57300,283.1
124121,4936,55700,274.9
124131,4940,57300,283.1
124141,4940,55700,275.2
124151,4940,57200,282.6
124161,4940,56000,276.6
124171,4940,57200,282.6
124181,4940,56400,278.6
124191,4940,56600,279.6
124201,4940,56400,278.6
124211,4940,56700,280.1
124221,4940,57300,283.1
124231,4940,55600,274.7
124241,4940,57200,282.6
124251,4940,55800,275.7
124261,4940,57300,283.1
124271,4936,55800,275.4
124281,4940,57300,283.1
124291,4940,55700,275.2
124301,4724,132100,624.0
124311,4940,55700,275.2
124321,4940,57300,283.1
124331,4936,55700,274.9
124341,4944,56600,279.8
124351,4940,56400,278.6
124361,4940,56700,280.1
124371,4940,56400,278.6
124381,4940,56600,279.6
124391,4940,56300,278.1
124401,4940,56600,279.6
124411,4940,57300,283.1
124421,4940,55700,275.2
124431,4940,57300,283.1
124441,4940,55700,275.2
124451,4940,57300,283.1
124461,4940,55700,275.2
124471,4940,57300,283.1
124481,4940,55700,275.2
124491,4940,57300,283.1
124501,4940,55700,275.2
124511,4940,57300,283.1
124521,4936,55700,274.9
124531,4940,57300,283.1
124541,4940,56400,278.6
124551,4940,56600,279.6
124561,4940,56400,278.6
124571,4940,56700,280.1
124581,4940,56900,281.1
124591,4940,56400,278.6
124601,4940,57300,283.1
124611,4936,55800,275.4
124621,4940,57300,283.1
124631,4940,55700,275.2
124641,4940,57300,283.1
124651,4940,55700,275.2
124661,4940,57300,283.1
124671,4940,55700,275.2
124681,4940,57300,283.1
124691,4936,55700,274.9
124701,4940,57200,282.6
124711,4936,56100,276.9
124721,4940,57300,283.1
124731,4940,56300,278.1
124741,4940,56600,279.6
124751,4940,56400,278.6
124761,4940,56600,279.6
124771,4940,57300,283.1
124781,4940,55600,274.7
124791,4940,57400,283.6
124801,4936,71700,353.9
124811,4940,57300,283.1
124821,4940,55700,275.2
124831,4940,57300,283.1
124841,4936,55800,275.4
124851,4940,57300,283.1
124861,4940,55700,275.2
124871,4944,57300,283.3
124881,4940,55700,275.2
124891,4940,56600,279.6
124901,4936,56300,277.9
124911,4940,56600,279.6
124921,4940,56300,278.1
124931,4940,56700,280.1
124941,4940,56400,278.6
124951,4940,56700,280.1
124961,4940,57300,283.1
124971,4940,55700,275.2
124981,4940,57300,283.1
124991,4940,55700,275.2
125001,4940,57300,283.1
125011,4940,55700,275.2
125021,4940,57300,283.1
125031,4940,55700,275.2
125041,4940,57300,283.1
125051,4940,55700,275.2
125061,4940,57300,283.1
125071,4940,55700,275.2
125081,4940,57300,283.1
125091,4940,56400,278.6
125101,4940,56700,280.1
125111,4940,56300,278.1
125121,4940,56700,280.1
125131,4940,57000,281.6
125141,4940,56400,278.6
125151,4940,57300,283.1
125161,4940,55700,275.2
125171,4940,57300,283.1
125181,4940,55700,275.2
125191,4940,57300,283.1
125201,4940,55700,275.2
125211,4940,57200,282.6
125221,4940,55700,275.2
125231,4940,57300,283.1
125241,4940,55700,275.2
125251,4940,57300,283.1
125261,4940,56300,278.1
125271,4940,57100,282.1
125281,4940,56400,278.6
125291,4940,56700,280.1
125301,4940,56400,278.6
125311,4936,59900,295.7
125321,4940,57400,283.6
125331,4940,55600,274.7
125341,4940,57300,283.1
125351,4940,55700,275.2
125361,4940,57300,283.1
125371,4940,55700,275.2
125381,4940,57200,282.6
125391,4940,55700,275.2
125401,4940,57300,283.1
125411,4940,55700,275.2
125421,4940,57300,283.1
125431,4940,55700,275.2
125441,4940,56600,279.6
125451,4940,56400,278.6
125461,4940,56600,279.6
125471,4940,56400,278.6
125481,4940,56600,279.6
125491,4940,56400,278.6
125501,4940,56700,280.1
125511,4940,57300,283.1
125521,4940,55700,275.2
125531,4940,57300,283.1
125541,4936,55700,274.9
125551,4940,57300,283.1
125561,4936,55700,274.9
125571,4940,57300,283.1
125581,4940,55700,275.2
125591,4940,57300,283.1
125601,4940,55700,275.2
125611,4944,57200,282.8
125622,4940,56400,278.6
125631,4940,57300,283.1
125641,4936,56400,278.4
125651,4940,56600,279.6
125661,4940,56400,278.6
125671,4940,56700,280.1
125681,4940,57100,282.1
125691,4940,56300,278.1
125701,4940,57300,283.1
125711,4940,55700,275.2
125721,4940,57300,283.1
125731,4940,55700,275.2
125741,4940,57300,283.1
125751,4940,55700,275.2
125761,4940,57200,282.6
125771,4940,55800,275.7
125781,4940,57300,283.1
125791,4936,55800,275.4
125801,4940,57100,282.1
125811,4940,56300,278.1
125821,4736,134500,637.0
125831,4940,56400,278.6
125841,4940,56700,280.1
125851,4940,56300,278.1
125861,4940,56700,280.1
125871,4940,57300,283.1
125881,4940,55600,274.7
125891,4940,57300,283.1
125901,4940,55700,275.2
125911,4940,57300,283.1
125921,4940,55700,275.2
125931,4940,57300,283.1
125941,4936,55700,274.9
125951,4940,57300,283.1
125961,4940,55700,275.2
125971,4940,57300,283.1
125981,4936,55800,275.4
125991,4940,56600,279.6
126001,4940,56300,278.1
126011,4940,56600,279.6
126021,4940,56300,278.1
126031,4940,56700,280.1
126041,4940,56400,278.6
126051,4940,56600,279.6
126061,4940,57300,283.1
126071,4940,55700,275.2
126081,4940,57300,283.1
126091,4940,55700,275.2
126101,4940,57300,283.1
126111,4940,55700,275.2
126121,4940,57300,283.1
126131,4940,55700,275.2
126141,4940,57300,283.1
126151,4940,55800,275.7
126161,4940,57300,283.1
126171,4940,55800,275.7
126181,4940,57300,283.1
126191,4940,56400,278.6
126201,4940,56600,279.6
126211,4940,56400,278.6
126221,4940,56700,280.1
126231,4940,57200,282.6
126241,4940,56200,277.6
126251,4940,57300,283.1
126261,4940,55700,275.2
126271,4940,57400,283.6
126281,4940,55600,274.7
126291,4940,57300,283.1
126301,4940,55700,275.2
126311,4940,57300,283.1
126321,4940,55700,275.2
126331,4876,57300,279.4
126341,4940,55700,275.2
126351,4940,57100,282.1
126361,4936,56200,277.4
126371,4940,57100,282.1
126381,4940,56300,278.1
126391,4940,56700,280.1
126401,4940,56300,278.1
126411,4940,56700,280.1
126421,4940,57300,283.1
126431,4940,55700,275.2
126441,4940,57200,282.6
126451,4940,55700,275.2
126461,4940,57300,283.1
126471,4940,55700,275.2
126481,4940,57300,283.1
126491,4940,55700,275.2
126501,4940,57200,282.6
126511,4940,55700,275.2
126521,4940,57300,283.1
126531,4940,55700,275.2
126541,4940,57300,283.1
126551,4940,56300,278.1
126561,4940,56600,279.6
126571,4940,56400,278.6
126581,4940,56600,279.6
126591,4940,56400,278.6
126601,4940,56600,279.6
126611,4940,57300,283.1
126621,4940,55700,275.2
126631,4940,57300,283.1
126641,4940,55700,275.2
126651,4940,57300,283.1
126661,4940,55700,275.2
126671,4940,57300,283.1
126681,4936,55700,274.9
126691,4940,57300,283.1
126701,4936,55700,274.9
126711,4940,57300,283.1
126721,4936,55700,274.9
126731,4940,57300,283.1
126741,4940,56300,278.1
126751,4940,56600,279.6
126761,4940,56400,278.6
126771,4940,56700,280.1
126781,4940,57200,282.6
126791,4940,56100,277.1
126801,4940,57300,283.1
126811,4936,55800,275.4
126821,4940,57400,283.6
126831,4800,140300,673.4
126841,4940,57400,283.6
126851,4940,55700,275.2
126861,4940,57300,283.1
126871,4940,55700,275.2
126881,4940,57300,283.1
126891,4940,55800,275.7
126901,4940,57100,282.1
126911,4940,56300,278.1
126921,4940,57000,281.6
126931,4940,56300,278.1
126941,4940,56700,280.1
126951,4940,56400,278.6
126961,4940,56700,280.1
126971,4940,57300,283.1
126981,4940,55700,275.2
126991,4940,57300,283.1
127001,4940,55700,275.2
127011,4940,57300,283.1
127021,4940,55700,275.2
127031,4940,57300,283.1
127041,4940,55700,275.2
127051,4940,57300,283.1
127061,4940,55600,274.7
127071,4940,57300,283.1
127081,4940,55700,275.2
127091,4940,57300,283.1
127101,4940,56300,278.1
127111,4940,56700,280.1
127121,4940,56400,278.6
127131,4940,56600,279.6
127141,4940,56400,278.6
127151,4940,56700,280.1
127161,4940,57400,283.6
127171,4940,55700,275.2
127181,4940,57300,283.1
127191,4940,55700,275.2
127201,4940,57300,283.1
127211,4940,55700,275.2
127221,4940,57300,283.1
127231,4940,55700,275.2
127241,4944,57300,283.3
127251,4940,55700,275.2
127262,4940,57300,283.1
127271,4936,55800,275.4
127281,4940,57200,282.6
127291,4940,56400,278.6
127301,4940,56700,280.1
127311,4940,56300,278.1
127321,4940,56600,279.6
127331,4940,57300,283.1
127341,4704,145100,682.6
127351,4940,57300,283.1
127361,4940,55700,275.2
127371,4940,57300,283.1
127381,4936,55700,274.9
127391,4940,57300,283.1
127401,4936,55700,274.9
127411,4940,57300,283.1
127421,4936,55700,274.9
127431,4940,57300,283.1
127441,4940,55700,275.2
127451,4940,57000,281.6
127461,4940,56400,278.6
127471,4940,56900,281.1
127481,4940,56300,278.1
127491,4940,56700,280.1
127501,4940,56300,278.1
127511,4940,56700,280.1
127521,4940,57200,282.6
127531,4936,55600,274.4
127541,4940,57300,283.1
127551,4940,55600,274.7
127561,4940,57300,283.1
127571,4936,55700,274.9
127581,4940,57300,283.1
127591,4940,55700,275.2
127601,4940,57300,283.1
127611,4940,55700,275.2
127621,4940,57300,283.1
127631,4940,55700,275.2
127641,4940,57300,283.1
127651,4940,56400,278.6
127661,4940,56600,279.6
127671,4940,56300,278.1
127681,4940,56600,279.6
127691,4940,56400,278.6
127701,4940,56600,279.6
127711,4940,57300,283.1
127721,4940,55700,275.2
127731,4940,57300,283.1
127741,4940,55700,275.2
127751,4940,57300,283.1
127761,4940,55700,275.2
127771,4940,57300,283.1
127781,4940,55600,274.7
127791,4940,57300,283.1
127801,4940,55800,275.7
127811,4940,57300,283.1
127821,4940,55800,275.7
127831,4940,57200,282.6
127841,4940,56400,278.6
127851,4940,56700,280.1
127861,4940,56400,278.6
127871,4940,56700,280.1
127881,4940,57200,282.6
127891,4940,56000,276.6
127901,4940,57300,283.1
127911,4936,55700,274.9
127921,4940,57300,283.1
127931,4940,55700,275.2
127941,4940,57300,283.1
127951,4940,55800,275.7
127961,4940,57300,283.1
127971,4936,55700,274.9
127981,4940,57300,283.1
127991,4940,55700,275.2
128001,4940,56900,281.1
128011,4940,56400,278.6
128021,4940,56800,280.6
128031,4940,56300,278.1
128041,4940,56600,279.6
128051,4940,56400,278.6
128061,4940,56600,279.6
128071,4940,57300,283.1
128081,4940,55700,275.2
128091,4940,57400,283.6
128101,4936,55700,274.9
128111,4940,57300,283.1
128121,4936,55700,274.9
128131,4940,57300,283.1
128141,4940,55700,275.2
128151,4940,57200,282.6
128161,4940,55700,275.2
128171,4940,57300,283.1
128181,4940,55700,275.2
128191,4940,57300,283.1
128201,4940,56300,278.1
128211,4940,56700,280.1
128221,4940,56400,278.6
128231,4940,56600,279.6
128241,4940,56500,279.1
128251,4940,56600,279.6
128261,4940,57300,283.1
128271,4940,55600,274.7
128281,4940,57300,283.1
128291,4936,55700,274.9
128301,4940,57300,283.1
128311,4940,55700,275.2
128321,4940,57400,283.6
128331,4936,55700,274.9
128341,4940,57300,283.1
128351,4940,55700,275.2
128361,4940,57300,283.1
128371,4940,55700,275.2
128381,4940,57300,283.1
128391,4940,56400,278.6
128401,4940,56700,280.1
128411,4940,56400,278.6
128421,4940,56700,280.1
128431,4940,57300,283.1
128441,4940,56000,276.6
128451,4940,57300,283.1
128461,4936,55700,274.9
128471,4940,57300,283.1
128481,4940,55700,275.2
128491,4940,57300,283.1
128501,4940,55700,275.2
128511,4940,57300,283.1
128521,4940,55800,275.7
128531,4940,57300,283.1
128541,4940,55700,275.2
128551,4940,56800,280.6
128561,4940,56400,278.6
128571,4940,56700,280.1
128581,4940,56400,278.6
128591,4940,56600,279.6
128601,4940,56300,278.1
128611,4940,56700,280.1
128621,4940,57300,283.1
128631,4940,55700,275.2
128641,4940,57300,283.1
128651,4940,55700,275.2
128661,4940,57400,283.6
128671,4940,55800,275.7
128681,4940,57300,283.1
128691,4940,55700,275.2
128701,4940,57300,283.1
128711,4940,55700,275.2
128721,4940,57300,283.1
128731,4940,55800,275.7
128741,4940,57300,283.1
128751,4940,56300,278.1
128761,4940,56700,280.1
128771,4940,56300,278.1
128781,4940,56600,279.6
128791,4940,56600,279.6
128801,4940,56600,279.6
128811,4940,57300,283.1
128821,4940,55600,274.7
128831,4940,57200,282.6
128841,4940,55700,275.2
128851,4940,57300,283.1
128861,4940,55700,275.2
128871,4940,57300,283.1
128881,4936,55700,274.9
128891,4940,57300,283.1
128902,4940,55800,275.7
128911,4940,57300,283.1
128921,4936,55800,275.4
128931,4940,57300,283.1
128941,4940,56400,278.6
128951,4940,56600,279.6
128961,4940,56400,278.6
128971,4940,56600,279.6
128981,4940,57400,283.6
128991,4940,55900,276.1
129001,4940,57300,283.1
129011,4940,55700,275.2
129021,4940,57300,283.1
129031,4936,55700,274.9
129041,4940,57300,283.1
129051,4940,55700,275.2
129061,4940,57300,283.1
129071,4940,55700,275.2
129081,4940,57300,283.1
129091,4936,55800,275.4
129101,4940,57300,283.1
129111,4940,56400,278.6
129121,4940,56700,280.1
129131,4940,56400,278.6
129141,4940,56700,280.1
129151,4940,56300,278.1
129161,4940,56700,280.1
129171,4940,57200,282.6
129181,4936,55700,274.9
129191,4940,57400,283.6
129201,4940,55700,275.2
129211,4940,57300,283.1
129221,4940,55700,275.2
129231,4940,57300,283.1
129241,4940,55700,275.2
129251,4940,57300,283.1
129261,4936,55700,274.9
129271,4940,57300,283.1
129281,4936,55700,274.9
129291,4940,57300,283.1
129301,4936,56300,277.9
129311,4940,56700,280.1
129321,4940,56400,278.6
129331,4940,56700,280.1
129341,4936,56700,279.9
129351,4940,56600,279.6
129361,4940,57300,283.1
129371,4828,137100,661.9
129381,4940,57300,283.1
129391,4940,55700,275.2
129401,4940,57300,283.1
129411,4940,55700,275.2
129421,4940,57300,283.1
129431,4936,55700,274.9
129441,4940,57400,283.6
129451,4940,55800,275.7
129461,4940,57300,283.1
129471,4940,55700,275.2
129481,4940,57300,283.1
129491,4940,56300,278.1
129501,4940,56600,279.6
129511,4940,56400,278.6
129521,4940,56600,279.6
129531,4940,57300,283.1
129541,4940,55800,275.7
129551,4940,57200,282.6
129561,4940,55800,275.7
129571,4940,57300,283.1
129581,4940,55700,275.2
129591,4940,57300,283.1
129601,4940,55700,275.2
129611,4940,57300,283.1
129621,4940,55700,275.2
129631,4940,57300,283.1
129641,4940,55700,275.2
129651,4940,57300,283.1
129661,4940,56400,278.6
129671,4940,56600,279.6
129681,4940,56300,278.1
129691,4940,56700,280.1
129701,4940,56300,278.1
129711,4940,56700,280.1
129721,4940,57300,283.1
129731,4940,55700,275.2
129741,4940,57400,283.6
129751,4940,55700,275.2
129761,4940,57300,283.1
129771,4940,55700,275.2
129781,4940,57200,282.6
129791,4940,55700,275.2
129801,4944,57300,283.3
129811,4940,55700,275.2
129821,4940,57300,283.1
129831,4940,55700,275.2
129841,4940,57300,283.1
129851,4940,56300,278.1
129861,4940,56700,280.1
129871,4940,56400,278.6
129881,4712,137900,649.8
129891,4940,56700,280.1
129901,4940,56600,279.6
129911,4940,57300,283.1
129921,4940,55700,275.2
129931,4940,57300,283.1
129941,4940,55800,275.7
129951,4940,57300,283.1
129961,4936,55800,275.4
129971,4940,57300,283.1
129981,4940,55700,275.2
129991,4940,57300,283.1
130001,4940,55700,275.2
130011,4940,57300,283.1
130021,4940,56000,276.6
130031,4940,57300,283.1
130041,4940,56400,278.6
130051,4940,56600,279.6
130061,4940,56400,278.6
130071,4940,56700,280.1
130081,4940,57300,283.1
130091,4940,55700,275.2
130101,4940,57300,283.1
130111,4940,55800,275.7
130121,4940,57300,283.1
130131,4936,55700,274.9
130141,4940,57300,283.1
130151,4940,55700,275.2
130161,4940,57300,283.1
130171,4936,55700,274.9
130181,4940,57200,282.6
130191,4940,55700,275.2
130201,4944,57300,283.3
130211,4940,56400,278.6
130221,4940,56600,279.6
130231,4940,56400,278.6
130241,4940,56700,280.1
130251,4940,56300,278.1
130261,4940,56600,279.6
130271,4940,57200,282.6
130281,4940,55700,275.2
130291,4940,57300,283.1
130301,4940,55700,275.2
130311,4940,57300,283.1
130321,4940,55700,275.2
130331,4940,57300,283.1
130341,4940,55700,275.2
130351,4940,57300,283.1
130361,4940,55700,275.2
130371,4940,57200,282.6
130381,4936,110600,545.9
130391,4940,57300,283.1
130401,4940,56300,278.1
130411,4940,56700,280.1
130421,4940,56400,278.6
130431,4940,56600,279.6
130441,4940,56800,280.6
130451,4940,56600,279.6
130461,4940,57300,283.1
130471,4940,55600,274.7
130481,4940,57300,283.1
130491,4936,55800,275.4
130501,4940,57300,283.1
130511,4940,55700,275.2
130521,4940,57200,282.6
130532,4940,55700,275.2
130541,4940,57400,283.6
130551,4940,55700,275.2
130561,4940,57300,283.1
130571,4940,56000,276.6
130581,4940,57300,283.1
130591,4940,56400,278.6
130601,4940,56600,279.6
130611,4940,56400,278.6
130621,4940,56600,279.6
130631,4940,57400,283.6
130641,4940,55700,275.2
130651,4940,57300,283.1
130661,4940,55700,275.2
130671,4940,57400,283.6
130681,4936,55700,274.9
130691,4940,57400,283.6
130701,4940,55700,275.2
130711,4940,57300,283.1
130721,4940,55700,275.2
130731,4940,57400,283.6
130741,4940,55700,275.2
130751,4940,57300,283.1
130761,4936,56400,278.4
130771,4940,56600,279.6
130781,4940,56400,278.6
130791,4940,56700,280.1
130801,4940,56400,278.6
130811,4940,56700,280.1
130821,4940,57300,283.1
130831,4936,55700,274.9
130841,4944,57300,283.3
130851,4940,55700,275.2
130861,4940,57300,283.1
130871,4940,55700,275.2
130881,4940,57300,283.1
130891,4936,85700,423.0
130901,4940,57300,283.1
130911,4940,55700,275.2
130921,4944,57300,283.3
130931,4940,55700,275.2
130941,4940,57300,283.1
130951,4940,56400,278.6
130961,4940,56700,280.1
130971,4940,56400,278.6
130981,4940,56700,280.1
130991,4940,56900,281.1
131001,4940,56500,279.1
131011,4940,57300,283.1
131021,4940,55700,275.2
131031,4940,57300,283.1
131041,4936,55600,274.4
131051,4940,57300,283.1
131061,4940,55700,275.2
131071,4940,57300,283.1
131081,4936,55600,274.4
131091,4940,57300,283.1
131101,4940,55700,275.2
131111,4940,57300,283.1
131121,4940,56100,277.1
131131,4940,57200,282.6
131141,4940,56400,278.6
131151,4940,56700,280.1
131161,4940,56400,278.6
131171,4940,56600,279.6
131181,4940,57300,283.1
131191,4940,55700,275.2
131201,4940,57300,283.1
131211,4940,55800,275.7
131221,4940,57300,283.1
131231,4936,55700,274.9
131241,4940,57300,283.1
131251,4940,55700,275.2
131261,4940,57300,283.1
131271,4940,55700,275.2
131281,4940,57300,283.1
131291,4940,55700,275.2
131301,4940,57300,283.1
131311,4936,56300,277.9
131321,4940,56600,279.6
131331,4940,56300,278.1
131341,4940,56600,279.6
131351,4940,56300,278.1
131361,4940,56700,280.1
131371,4940,57300,283.1
131381,4940,55700,275.2
131391,4940,57300,283.1
131401,4816,179600,865.0
131411,4940,57400,283.6
131421,4936,55700,274.9
131431,4940,57300,283.1
131441,4940,55800,275.7
131451,4944,57200,282.8
131461,4940,55800,275.7
131471,4940,57300,283.1
131481,4940,55700,275.2
131491,4940,57400,283.6
131501,4940,56300,278.1
131511,4940,56600,279.6
131521,4940,56400,278.6
131531,4940,56600,279.6
131541,4940,57000,281.6
131551,4940,56300,278.1
131561,4940,57300,283.1
131571,4940,55700,275.2
131581,4940,57300,283.1
131591,4940,55700,275.2
131601,4940,57200,282.6
131611,4940,55800,275.7
131621,4940,57300,283.1
131631,4936,55700,274.9
131641,4940,57300,283.1
131651,4940,55600,274.7
131661,4940,57300,283.1
131671,4940,56200,277.6
131681,4940,57100,282.1
131691,4940,56400,278.6
131701,4940,56600,279.6
131711,4940,56400,278.6
131721,4940,56700,280.1
131731,4940,57300,283.1
131741,4940,55700,275.2
131751,4940,57300,283.1
131761,4936,55700,274.9
131771,4940,57300,283.1
131781,4940,55700,275.2
131791,4940,57300,283.1
131801,4940,55700,275.2
131811,4940,57300,283.1
131821,4940,55700,275.2
131831,4940,57300,283.1
131841,4940,55700,275.2
131851,4940,57200,282.6
131861,4940,56300,278.1
131871,4940,56600,279.6
131881,4940,56400,278.6
131891,4940,56700,280.1
131901,4940,56300,278.1
131911,4836,134100,648.5
131921,4940,57300,283.1
131931,4940,55700,275.2
131941,4940,57300,283.1
131951,4940,55700,275.2
131961,4940,57300,283.1
131971,4940,55700,275.2
131981,4940,57300,283.1
131991,4940,55800,275.7
132001,4940,57300,283.1
132011,4940,55700,275.2
132021,4940,57200,282.6
132031,4940,55700,275.2
132041,4940,57300,283.1
132051,4940,56300,278.1
132061,4940,56700,280.1
132071,4940,56400,278.6
132081,4940,56700,280.1
132091,4940,57100,282.1
132101,4940,56300,278.1
132111,4940,57500,284.1
132121,4940,55700,275.2
132131,4940,57400,283.6
132141,4940,55700,275.2
132151,4940,57300,283.1
132161,4940,55700,275.2
132172,4944,57300,283.3
132181,4940,55800,275.7
132191,4944,57300,283.3
132201,4936,55700,274.9
132211,4940,57300,283.1
132221,4940,56300,278.1
132231,4940,57100,282.1
132241,4940,56400,278.6
132251,4940,56700,280.1
132261,4940,56400,278.6
132271,4940,56700,280.1
132281,4940,57300,283.1
132291,4940,55700,275.2
132301,4940,57200,282.6
132311,4940,55700,275.2
132321,4940,57300,283.1
132331,4940,55700,275.2
132341,4940,57300,283.1
132351,4940,55700,275.2
132361,4940,57300,283.1
132371,4940,55700,275.2
132381,4944,57300,283.3
132391,4940,55700,275.2
132401,4940,57300,283.1
132411,4816,143800,692.5
132421,4940,56700,280.1
132431,4940,56400,278.6
132441,4940,56700,280.1
132451,4940,56300,278.1
132461,4940,56700,280.1
132471,4940,57300,283.1
132481,4940,55800,275.7
132491,4940,57300,283.1
132501,4940,55700,275.2
132511,4940,57400,283.6
132521,4940,55800,275.7
132531,4940,57300,283.1
132541,4940,55700,275.2
132551,4940,57300,283.1
132561,4940,55700,275.2
132571,4940,57300,283.1
132581,4936,55700,274.9
132591,4940,57400,283.6
132601,4940,56400,278.6
132611,4940,56600,279.6
132621,4940,56400,278.6
132631,4940,56700,280.1
132641,4940,57200,282.6
132651,4940,56100,277.1
132661,4940,57300,283.1
132671,4936,55800,275.4
132681,4940,57400,283.6
132691,4940,55700,275.2
132701,4940,57200,282.6
132711,4940,55700,275.2
132721,4940,57300,283.1
132731,4940,55700,275.2
132741,4940,57300,283.1
132751,4940,55700,275.2
132761,4940,57300,283.1
132771,4940,56400,278.6
132781,4940,57000,281.6
132791,4940,56400,278.6
132801,4940,56600,279.6
132811,4940,56300,278.1
132821,4940,56700,280.1
132831,4940,57200,282.6
132841,4940,55700,275.2
132851,4940,57200,282.6
132861,4936,55700,274.9
132871,4940,57300,283.1
132881,4940,55700,275.2
132891,4940,57300,283.1
132901,4940,55700,275.2
132911,4940,57300,283.1
132921,4820,142600,687.3
132931,4940,57300,283.1
132941,4940,55700,275.2
132951,4940,57300,283.1
132961,4940,56400,278.6
132971,4940,56700,280.1
132981,4940,56400,278.6
132991,4940,56700,280.1
133001,4940,56400,278.6
133011,4940,56700,280.1
133021,4940,57300,283.1
133031,4940,55800,275.7
133041,4940,57300,283.1
133051,4940,55700,275.2
133061,4940,57300,283.1
133071,4936,55700,274.9
133081,4940,57400,283.6
133091,4940,55600,274.7
133101,4940,57300,283.1
133111,4940,55700,275.2
133121,4940,57300,283.1
133131,4936,55700,274.9
133141,4940,57300,283.1
133151,4940,56400,278.6
133161,4940,56700,280.1
133171,4940,56300,278.1
133181,4940,56700,280.1
133191,4940,57300,283.1
133201,4940,56100,277.1
133211,4940,57300,283.1
133221,4936,55700,274.9
133231,4940,57300,283.1
133241,4940,55700,275.2
133251,4940,57300,283.1
133261,4940,55700,275.2
133271,4940,57200,282.6
133281,4940,55700,275.2
133291,4940,57300,283.1
133301,4940,55700,275.2
133311,4940,57300,283.1
133321,4940,56300,278.1
133331,4940,56900,281.1
133341,4940,56400,278.6
133351,4940,56700,280.1
133361,4940,56400,278.6
133371,4940,56600,279.6
133381,4940,57300,283.1
133391,4936,55800,275.4
133401,4940,57300,283.1
133411,4940,55700,275.2
133421,4940,57300,283.1
133431,4816,189000,910.2
133441,4940,57300,283.1
133451,4940,55700,275.2
133461,4940,57400,283.6
133471,4940,55700,275.2
133481,4940,57300,283.1
133491,4940,55700,275.2
133501,4940,57300,283.1
133511,4940,56400,278.6
133521,4940,56700,280.1
133531,4940,56400,278.6
133541,4940,56700,280.1
133551,4936,56500,278.9
133561,4940,56700,280.1
133571,4944,57300,283.3
133581,4940,55700,275.2
133591,4940,57300,283.1
133601,4940,55700,275.2
133611,4940,57400,283.6
133621,4936,55700,274.9
133631,4940,57300,283.1
133641,4936,55700,274.9
133651,4940,57300,283.1
133661,4936,55700,274.9
133671,4940,57300,283.1
133681,4940,55700,275.2
133691,4940,57300,283.1
133701,4940,56400,278.6
133711,4940,56600,279.6
133721,4940,56300,278.1
133731,4940,56700,280.1
133741,4940,57300,283.1
133751,4940,56100,277.1
133761,4940,57300,283.1
133771,4940,55700,275.2
133781,4940,57300,283.1
133791,4936,55700,274.9
133801,4940,57300,283.1
133812,4940,55700,275.2
133821,4940,57200,282.6
133831,4940,55700,275.2
133841,4940,57300,283.1
133851,4940,55700,275.2
133861,4940,57300,283.1
133871,4940,56400,278.6
133881,4940,56900,281.1
133891,4940,56300,278.1
133901,4940,56600,279.6
133911,4940,56400,278.6
133921,4940,56600,279.6
133931,4940,57300,283.1
133941,4816,157500,758.5
133951,4940,57300,283.1
133961,4940,55700,275.2
133971,4940,57300,283.1
133981,4940,55700,275.2
133991,4940,57400,283.6
134001,4936,55800,275.4
134011,4940,57300,283.1
134021,4940,55700,275.2
134031,4940,57400,283.6
134041,4940,55700,275.2
134051,4940,57300,283.1
134061,4940,56300,278.1
134071,4940,56700,280.1
134081,4940,56400,278.6
134091,4940,56600,279.6
134101,4940,56400,278.6
134111,4940,56600,279.6
134121,4940,57300,283.1
134131,4940,55700,275.2
134141,4940,57200,282.6
134151,4940,55700,275.2
134161,4944,57300,283.3
134171,4940,55700,275.2
134181,4940,57300,283.1
134191,4936,55700,274.9
134201,4940,57300,283.1
134211,4936,55700,274.9
134221,4940,57300,283.1
134231,4940,55700,275.2
134241,4940,57300,283.1
134251,4940,56400,278.6
134261,4940,56700,280.1
134271,4940,56400,278.6
134281,4940,56700,280.1
134291,4940,57200,282.6
134301,4940,56100,277.1
134311,4940,57300,283.1
134321,4940,55700,275.2
134331,4944,57300,283.3
134341,4940,55700,275.2
134351,4940,57300,283.1
134361,4940,55700,275.2
134371,4940,57200,282.6
134381,4940,55800,275.7
134391,4940,57300,283.1
134401,4936,55700,274.9
134411,4940,57300,283.1
134421,4940,56400,278.6
134431,4940,56900,281.1
134441,4820,144000,694.1
134451,4940,56700,280.1
134461,4940,56400,278.6
134471,4940,56700,280.1
134481,4940,57200,282.6
134491,4940,55700,275.2
134501,4940,57300,283.1
134511,4940,55700,275.2
134521,4940,57200,282.6
134531,4940,55700,275.2
134541,4940,57300,283.1
134551,4940,55700,275.2
134561,4940,57300,283.1
134571,4940,55700,275.2
134581,4940,57200,282.6
134591,4940,55700,275.2
134601,4940,57300,283.1
134611,4940,56300,278.1
134621,4940,56700,280.1
134631,4940,56300,278.1
134641,4940,56700,280.1
134651,4940,56500,279.1
134661,4940,56600,279.6
134671,4940,57300,283.1
134681,4940,55700,275.2
134691,4940,57300,283.1
134701,4936,55700,274.9
134711,4940,57300,283.1
134721,4940,55700,275.2
134731,4940,57300,283.1
134741,4940,55700,275.2
134751,4940,57300,283.1
134761,4940,55700,275.2
134771,4940,57300,283.1
134781,4940,55800,275.7
134791,4940,57200,282.6
134801,4940,56400,278.6
134811,4940,56700,280.1
134821,4940,56400,278.6
134831,4940,56700,280.1
134841,4940,57300,283.1
134851,4940,56000,276.6
134861,4940,57300,283.1
134871,4940,55700,275.2
134881,4940,57300,283.1
134891,4940,55700,275.2
134901,4940,57300,283.1
134911,4940,55700,275.2
134921,4940,57300,283.1
134931,4936,55600,274.4
134941,4820,141400,681.5
134951,4940,55700,275.2
134961,4940,57300,283.1
134971,4936,56400,278.4
134981,4940,56900,281.1
134991,4940,56300,278.1
135001,4940,56700,280.1
135011,4940,56400,278.6
135021,4940,56700,280.1
135031,4940,57200,282.6
135041,4940,55600,274.7
135051,4940,57300,283.1
135061,4936,55700,274.9
135071,4944,57300,283.3
135081,4940,55700,275.2
135091,4940,57300,283.1
135101,4940,55700,275.2
135111,4944,57300,283.3
135121,4940,55700,275.2
135131,4940,57300,283.1
135141,4940,55700,275.2
135151,4940,57300,283.1
135161,4936,56300,277.9
135171,4940,56600,279.6
135181,4940,56400,278.6
135191,4940,56700,280.1
135201,4940,56500,279.1
135211,4940,56600,279.6
135221,4940,57300,283.1
135231,4940,55700,275.2
135241,4940,57300,283.1
135251,4940,55700,275.2
135261,4940,57300,283.1
135271,4940,55700,275.2
135281,4940,57300,283.1
135291,4936,55600,274.4
135301,4940,57300,283.1
135311,4940,55700,275.2
135321,4940,57300,283.1
135331,4936,55800,275.4
135341,4940,57300,283.1
135351,4940,56400,278.6
135361,4940,56700,280.1
135371,4940,56300,278.1
135381,4940,56600,279.6
135391,4940,57300,283.1
135401,4940,56000,276.6
135411,4940,57300,283.1
135421,4940,55700,275.2
135431,4940,57400,283.6
135441,4940,55700,275.2
135452,4940,57300,283.1
135461,4940,55700,275.2
135471,4940,57300,283.1
135481,4936,55700,274.9
135491,4940,57300,283.1
135501,4936,55700,274.9
135511,4940,57300,283.1
135521,4940,56400,278.6
135531,4940,56900,281.1
135541,4940,56300,278.1
135551,4940,56600,279.6
135561,4940,56400,278.6
135571,4940,56600,279.6
135581,4940,57300,283.1
135591,4940,55700,275.2
135601,4940,57300,283.1
135611,4940,55700,275.2
135621,4940,57300,283.1
135631,4940,55700,275.2
135641,4940,57300,283.1
135651,4936,55700,274.9
135661,4944,57300,283.3
135671,4940,55700,275.2
135681,4940,57300,283.1
135691,4940,55700,275.2
135701,4940,57300,283.1
135711,4940,56300,278.1
135721,4940,56600,279.6
135731,4940,56400,278.6
135741,4940,56600,279.6
135751,4940,56400,278.6
135761,4940,56600,279.6
135771,4940,57300,283.1
135781,4940,55800,275.7
135791,4940,57300,283.1
135801,4940,55600,274.7
135811,4940,57300,283.1
135821,4940,55700,275.2
135831,4940,57300,283.1
135841,4940,55700,275.2
135851,4940,57300,283.1
135861,4940,55700,275.2
135871,4940,57300,283.1
135881,4940,55800,275.7
135891,4940,57300,283.1
135901,4940,56300,278.1
135911,4940,56600,279.6
135921,4940,56400,278.6
135931,4940,56700,280.1
135941,4940,57300,283.1
135951,4936,59500,293.7
135961,4940,57300,283.1
135971,4936,55700,274.9
135981,4940,57400,283.6
135991,4940,55700,275.2
136001,4940,57300,283.1
136011,4940,55700,275.2
136021,4940,57300,283.1
136031,4940,55700,275.2
136041,4940,57300,283.1
136051,4940,55700,275.2
136061,4940,57200,282.6
136071,4940,56400,278.6
136081,4940,56900,281.1
136091,4936,56300,277.9
136101,4940,56600,279.6
136111,4940,56400,278.6
136121,4940,56600,279.6
136131,4940,57300,283.1
136141,4940,55700,275.2
136151,4940,57300,283.1
136161,4940,55700,275.2
136171,4940,57300,283.1
136181,4936,55700,274.9
136191,4940,57300,283.1
136201,4940,55700,275.2
136211,4940,57200,282.6
136221,4940,55700,275.2
136231,4944,57300,283.3
136241,4940,55700,275.2
136251,4940,57300,283.1
136261,4940,56400,278.6
136271,4940,56700,280.1
136281,4940,56400,278.6
136291,4940,56600,279.6
136301,4940,56500,279.1
136311,4940,56700,280.1
136321,4940,57200,282.6
136331,4940,55700,275.2
136341,4940,57200,282.6
136351,4940,55700,275.2
136361,4940,57300,283.1
136371,4936,55700,274.9
136381,4944,57300,283.3
136391,4940,55700,275.2
136401,4940,57300,283.1
136411,4940,55700,275.2
136421,4940,57300,283.1
136431,4940,55700,275.2
136441,4936,57300,282.8
136451,4940,56300,278.1
136461,4940,56600,279.6
136471,4940,56400,278.6
136481,4940,56700,280.1
136491,4940,57300,283.1
136501,4940,56000,276.6
136511,4940,57300,283.1
136521,4936,55800,275.4
136531,4940,57300,283.1
136541,4940,55700,275.2
136551,4940,57300,283.1
136561,4936,55700,274.9
136571,4940,57300,283.1
136581,4940,55800,275.7
136591,4944,57300,283.3
136601,4940,55700,275.2
136611,4940,57300,283.1
136621,4936,56400,278.4
136631,4940,56800,280.6
136641,4940,56400,278.6
136651,4940,56600,279.6
136661,4940,56300,278.1
136671,4940,56700,280.1
136681,4940,57300,283.1
136691,4940,55700,275.2
136701,4940,57300,283.1
136711,4940,55700,275.2
136721,4940,57300,283.1
136731,4940,55800,275.7
136741,4940,57300,283.1
136751,4940,55700,275.2
136761,4940,57300,283.1
136771,4940,55700,275.2
136781,4940,57300,283.1
136791,4940,55700,275.2
136801,4940,57300,283.1
136811,4936,56300,277.9
136821,4940,56600,279.6
136831,4940,56300,278.1
136841,4940,56600,279.6
136851,4940,56500,279.1
136861,4940,56700,280.1
136871,4940,57300,283.1
136881,4940,55700,275.2
136891,4940,57300,283.1
136901,4940,55800,275.7
136911,4940,57300,283.1
136921,4936,55700,274.9
136931,4940,57300,283.1
136941,4940,55700,275.2
136951,4940,57400,283.6
136961,4820,142800,688.3
136971,4940,57400,283.6
136981,4936,55800,275.4
136991,4940,57300,283.1
137001,4940,56300,278.1
137011,4940,56700,280.1
137021,4940,56400,278.6
137031,4940,56600,279.6
137041,4940,57300,283.1
137051,4940,55900,276.1
137061,4940,57300,283.1
137071,4940,55700,275.2
137082,4940,57300,283.1
137091,4936,55700,274.9
137101,4940,57300,283.1
137111,4940,55700,275.2
137121,4940,57300,283.1
137131,4940,55700,275.2
137141,4940,57200,282.6
137151,4940,55700,275.2
137161,4944,57300,283.3
137171,4936,56500,278.9
137181,4940,56700,280.1
137191,4940,56300,278.1
137201,4940,56600,279.6
137211,4940,56300,278.1
137221,4940,56600,279.6
137231,4940,57300,283.1
137241,4940,55700,275.2
137251,4940,57300,283.1
137261,4936,55700,274.9
137271,4940,57300,283.1
137281,4940,55600,274.7
137291,4940,57300,283.1
137301,4940,55700,275.2
137311,4940,57200,282.6
137321,4940,55700,275.2
137331,4940,57300,283.1
137341,4940,55600,274.7
137351,4940,57300,283.1
137361,4940,56400,278.6
137371,4940,56700,280.1
137381,4940,56400,278.6
137391,4940,56600,279.6
137401,4940,56600,279.6
137411,4940,56600,279.6
137421,4940,57300,283.1
137431,4936,55700,274.9
137441,4940,57300,283.1
137451,4940,55700,275.2
137461,4940,57300,283.1
137471,4816,144200,694.5
137481,4940,57300,283.1
137491,4940,55600,274.7
137501,4940,57300,283.1
137511,4940,55700,275.2
137521,4940,57300,283.1
137531,4940,55700,275.2
137541,4940,57300,283.1
137551,4940,56400,278.6
137561,4940,56600,279.6
137571,4940,56300,278.1
137581,4940,56600,279.6
137591,4940,57300,283.1
137601,4940,55900,276.1
137611,4940,57300,283.1
137621,4936,55600,274.4
137631,4940,57300,283.1
137641,4936,55600,274.4
137651,4940,57300,283.1
137661,4940,55700,275.2
137671,4940,57300,283.1
137681,4940,55700,275.2
137691,4940,57300,283.1
137701,4940,55700,275.2
137711,4940,57300,283.1
137721,4936,56400,278.4
137731,4940,56700,280.1
137741,4940,56300,278.1
137751,4940,56600,279.6
137761,4940,56400,278.6
137771,4940,56600,279.6
137781,4940,57300,283.1
137791,4940,55700,275.2
137801,4940,57300,283.1
137811,4940,55700,275.2
137821,4940,57300,283.1
137831,4940,55800,275.7
137841,4940,57300,283.1
137851,4940,55700,275.2
137861,4940,57300,283.1
137871,4940,55700,275.2
137881,4940,57200,282.6
137891,4940,55700,275.2
137901,4940,57300,283.1
137911,4940,56300,278.1
137921,4940,56700,280.1
137931,4940,56300,278.1
137941,4940,56600,279.6
137951,4936,56800,280.4
137961,4940,56600,279.6
137971,4940,57300,283.1
137981,4800,148900,714.7
137991,4940,57300,283.1
138001,4940,55700,275.2
138011,4940,57300,283.1
138021,4940,55800,275.7
138031,4940,57400,283.6
138041,4940,55700,275.2
138051,4940,57300,283.1
138061,4940,55600,274.7
138071,4940,57300,283.1
138081,4940,55800,275.7
138091,4940,57300,283.1
138101,4940,56300,278.1
138111,4940,56600,279.6
138121,4940,56300,278.1
138131,4940,56600,279.6
138141,4940,57400,283.6
138151,4940,55800,275.7
138161,4940,57300,283.1
138171,4936,55700,274.9
138181,4940,57300,283.1
138191,4940,55700,275.2
138201,4940,57300,283.1
138211,4940,55700,275.2
138221,4940,57200,282.6
138231,4936,55700,274.9
138241,4940,57300,283.1
138251,4936,55700,274.9
138261,4940,57300,283.1
138271,4940,56500,279.1
138281,4940,56700,280.1
138291,4940,56300,278.1
138301,4940,56700,280.1
138311,4940,56400,278.6
138321,4940,56700,280.1
138331,4940,57300,283.1
138341,4940,55700,275.2
138351,4940,57400,283.6
138361,4940,55700,275.2
138371,4940,57300,283.1
138381,4936,55700,274.9
138391,4940,57300,283.1
138401,4940,55700,275.2
138411,4940,57300,283.1
138421,4940,55700,275.2
138431,4940,57300,283.1
138441,4936,55700,274.9
138451,4940,57200,282.6
138461,4940,56300,278.1
138471,4940,56700,280.1
138481,4828,206000,994.6
138491,4940,56700,280.1
138501,4940,56600,279.6
138511,4940,56500,279.1
138521,4940,57300,283.1
138531,4936,55700,274.9
138541,4940,57300,283.1
138551,4940,55700,275.2
138561,4944,57300,283.3
138571,4940,55800,275.7
138581,4940,57300,283.1
138591,4940,55700,275.2
138601,4940,57300,283.1
138611,4940,55700,275.2
138621,4940,57300,283.1
138631,4940,55900,276.1
138641,4940,57300,283.1
138651,4940,56400,278.6
138661,4940,56600,279.6
138671,4940,56400,278.6
138681,4940,56600,279.6
138691,4940,57300,283.1
138701,4940,55800,275.7
138711,4940,57300,283.1
138722,4936,55700,274.9
138731,4940,57200,282.6
138741,4936,55700,274.9
138751,4940,57300,283.1
138761,4940,55700,275.2
138771,4940,57300,283.1
138781,4936,55700,274.9
138791,4940,57300,283.1
138801,4940,55700,275.2
138811,4940,57300,283.1
138821,4936,56400,278.4
138831,4940,56600,279.6
138841,4940,56300,278.1
138851,4940,56600,279.6
138861,4940,56300,278.1
138871,4940,56700,280.1
138881,4940,57300,283.1
138891,4940,55700,275.2
138901,4940,57400,283.6
138911,4936,55700,274.9
138921,4940,57300,283.1
138931,4940,55700,275.2
138941,4940,57300,283.1
138951,4936,55700,274.9
138961,4944,57300,283.3
138971,4936,55800,275.4
138981,4940,57300,283.1
138991,4940,55700,275.2
139001,4940,57300,283.1
139011,4940,56400,278.6
139021,4940,56700,280.1
139031,4940,56300,278.1
139041,4940,56600,279.6
139051,4940,56800,280.6
139061,4940,56600,279.6
139071,4940,57300,283.1
139081,4936,55600,274.4
139091,4940,57300,283.1
139101,4940,55700,275.2
139111,4940,57300,283.1
139121,4940,55800,275.7
139131,4940,57300,283.1
139141,4940,55700,275.2
139151,4940,57300,283.1
139161,4940,55800,275.7
139171,4940,57300,283.1
139181,4940,55800,275.7
139191,4940,57300,283.1
139201,4940,56300,278.1
139211,4940,56700,280.1
139221,4940,56400,278.6
139231,4940,56700,280.1
139241,4940,57300,283.1
139251,4940,55700,275.2
139261,4940,57300,283.1
139271,4940,55700,275.2
139281,4940,57300,283.1
139291,4940,55700,275.2
139301,4940,57300,283.1
139311,4940,55700,275.2
139321,4940,57300,283.1
139331,4940,55700,275.2
139341,4940,57300,283.1
139351,4940,55700,275.2
139361,4940,57300,283.1
139371,4936,56300,277.9
139381,4940,56600,279.6
139391,4940,56300,278.1
139401,4940,56600,279.6
139411,4940,56300,278.1
139421,4940,56700,280.1
139431,4940,57300,283.1
139441,4940,55700,275.2
139451,4940,57300,283.1
139461,4940,55700,275.2
139471,4940,57300,283.1
139481,4940,55700,275.2
139491,4940,60100,296.9
139501,4936,55700,274.9
139511,4940,57200,282.6
139521,4936,55700,274.9
139531,4940,57300,283.1
139541,4940,55700,275.2
139551,4940,57300,283.1
139561,4940,56300,278.1
139571,4940,56700,280.1
139581,4940,56300,278.1
139591,4940,56700,280.1
139601,4940,56900,281.1
139611,4940,56400,278.6
139621,4940,57400,283.6
139631,4936,55700,274.9
139641,4940,57300,283.1
139651,4940,55800,275.7
139661,4940,57300,283.1
139671,4940,55800,275.7
139681,4940,57300,283.1
139691,4940,55600,274.7
139701,4940,57300,283.1
139711,4940,55700,275.2
139721,4940,57300,283.1
139731,4936,56100,276.9
139741,4940,57300,283.1
139751,4940,56300,278.1
139761,4940,56700,280.1
139771,4940,56400,278.6
139781,4940,56600,279.6
139791,4940,57300,283.1
139801,4940,55700,275.2
139811,4940,57300,283.1
139821,4940,55700,275.2
139831,4944,57200,282.8
139841,4940,55700,275.2
139851,4940,57300,283.1
139861,4936,55700,274.9
139871,4940,57300,283.1
139881,4940,55700,275.2
139891,4940,57300,283.1
139901,4940,55700,275.2
139911,4940,57300,283.1
139921,4940,56300,278.1
139931,4940,56500,279.1
139941,4940,56300,278.1
139951,4940,56600,279.6
139961,4940,56400,278.6
139971,4940,56600,279.6
139981,4940,57300,283.1
139991,4940,55700,275.2
140001,4828,174400,842.0
140011,4940,55700,275.2
140021,4940,57300,283.1
140031,4940,55700,275.2
140041,4940,57300,283.1
140051,4936,55600,274.4
140061,4944,57200,282.8
140071,4940,55800,275.7
140081,4940,57300,283.1
140091,4940,55700,275.2
140101,4940,57300,283.1
140111,4940,56400,278.6
140121,4940,56700,280.1
140131,4940,56300,278.1
140141,4940,56700,280.1
140151,4940,57000,281.6
140161,4940,56400,278.6
140171,4940,57300,283.1
140181,4936,55700,274.9
140191,4940,57300,283.1
140201,4936,55700,274.9
140211,4940,57300,283.1
140221,4936,55700,274.9
140231,4940,57300,283.1
140241,4936,55700,274.9
140251,4940,57300,283.1
140261,4940,55800,275.7
140271,4940,57400,283.6
140281,4940,56200,277.6
140291,4940,57200,282.6
140301,4940,56300,278.1
140311,4940,56700,280.1
140321,4940,56400,278.6
140331,4940,56700,280.1
140341,4940,57200,282.6
140351,4940,55600,274.7
140362,4940,57200,282.6
140371,4940,55700,275.2
140381,4940,57300,283.1
140391,4940,55700,275.2
140401,4940,57300,283.1
140411,4940,55700,275.2
140421,4940,57300,283.1
140431,4940,55700,275.2
140441,4940,57300,283.1
140451,4940,55700,275.2
140461,4940,57300,283.1
140471,4936,56300,277.9
140481,4940,56600,279.6
140491,4940,56300,278.1
140501,4940,56600,279.6
140511,4940,56400,278.6
140521,4940,56700,280.1
140531,4940,57300,283.1
140541,4936,55800,275.4
140551,4940,57300,283.1
140561,4940,55800,275.7
140571,4940,57300,283.1
140581,4940,55700,275.2
140591,4940,57300,283.1
140601,4936,55700,274.9
140611,4940,57300,283.1
140621,4940,55700,275.2
140631,4940,57200,282.6
140641,4936,55700,274.9
140651,4940,57300,283.1
140661,4940,56400,278.6
140671,4940,56600,279.6
140681,4940,56400,278.6
140691,4940,56700,280.1
140701,4940,57100,282.1
140711,4940,56300,278.1
140721,4940,57300,283.1
140731,4940,55700,275.2
140741,4940,57300,283.1
140751,4936,55700,274.9
140761,4940,57300,283.1
140771,4940,55700,275.2
140781,4940,57300,283.1
140791,4940,55700,275.2
140801,4940,57300,283.1
140811,4940,55700,275.2
140821,4944,57300,283.3
140831,4940,56300,278.1
140841,4940,57100,282.1
140851,4940,56400,278.6
140861,4940,56700,280.1
140871,4940,56400,278.6
140881,4940,56600,279.6
140891,4940,57200,282.6
140901,4940,55700,275.2
140911,4940,57300,283.1
140921,4936,55700,274.9
140931,4940,57300,283.1
140941,4940,55700,275.2
140951,4940,57300,283.1
140961,4940,55600,274.7
140971,4940,57300,283.1
140981,4940,55700,275.2
140991,4940,57300,283.1
141001,4940,55700,275.2
141011,4872,60100,292.8
141021,4940,56300,278.1
141031,4940,56600,279.6
141041,4940,56400,278.6
141051,4940,56600,279.6
141061,4940,56400,278.6
141071,4940,56700,280.1
141081,4940,57300,283.1
141091,4940,55700,275.2
141101,4940,57300,283.1
141111,4936,55700,274.9
141121,4940,57300,283.1
141131,4940,55800,275.7
141141,4940,57300,283.1
141151,4940,55700,275.2
141161,4940,57300,283.1
141171,4936,55700,274.9
141181,4940,57300,283.1
141191,4936,55700,274.9
141201,4940,57200,282.6
141211,4940,56300,278.1
141221,4940,56600,279.6
141231,4940,56300,278.1
141241,4940,56700,280.1
141251,4940,57200,282.6
141261,4940,56100,277.1
141271,4940,57300,283.1
141281,4940,55600,274.7
141291,4940,57300,283.1
141301,4940,55700,275.2
141311,4940,57200,282.6
141321,4936,55700,274.9
141331,4940,57300,283.1
141341,4940,55700,275.2
141351,4940,57300,283.1
141361,4940,55700,275.2
141371,4940,57300,283.1
141381,4936,56300,277.9
141391,4940,57000,281.6
141401,4940,56400,278.6
141411,4940,56600,279.6
141421,4940,56300,278.1
141431,4940,56700,280.1
141441,4940,57300,283.1
141451,4940,55700,275.2
141461,4940,57200,282.6
141471,4940,55700,275.2
141481,4940,57300,283.1
141491,4940,55700,275.2
141501,4940,57300,283.1
141511,4940,55700,275.2
141521,4940,57300,283.1
141531,4940,55700,275.2
141541,4940,57400,283.6
141551,4940,55700,275.2
141561,4940,57300,283.1
141571,4940,56400,278.6
141581,4940,56600,279.6
141591,4940,56400,278.6
141601,4940,56600,279.6
141611,4940,56500,279.1
141621,4940,56600,279.6
141631,4940,57300,283.1
141641,4940,55700,275.2
141651,4940,57300,283.1
141661,4940,55800,275.7
141671,4940,57300,283.1
141681,4940,55600,274.7
141691,4940,57300,283.1
141701,4940,55700,275.2
141711,4940,57300,283.1
141721,4940,55700,275.2
141731,4940,57300,283.1
141741,4940,55700,275.2
141751,4940,57200,282.6
141761,4940,56300,278.1
141771,4940,56600,279.6
141781,4940,56400,278.6
141791,4940,56700,280.1
141801,4940,57200,282.6
141811,4940,56100,277.1
141821,4940,57300,283.1
141831,4936,55700,274.9
141841,4944,57300,283.3
141851,4940,55700,275.2
141861,4940,57300,283.1
141871,4940,55700,275.2
141881,4940,57300,283.1
141891,4940,55800,275.7
141901,4940,57300,283.1
141911,4936,55700,274.9
141921,4940,57300,283.1
141931,4940,56400,278.6
141941,4940,56900,281.1
141951,4940,56400,278.6
141961,4940,56600,279.6
141971,4940,56300,278.1
141981,4940,56600,279.6
141991,4940,57300,283.1
142002,4936,55800,275.4
142011,4940,57300,283.1
142021,4832,133700,646.0
142031,4940,57300,283.1
142041,4940,55700,275.2
142051,4940,57300,283.1
142061,4936,55800,275.4
142071,4940,57300,283.1
142081,4940,55700,275.2
142091,4940,57300,283.1
142101,4936,55700,274.9
142111,4940,57400,283.6
142121,4940,56400,278.6
142131,4940,56700,280.1
142141,4940,56400,278.6
142151,4940,56600,279.6
142161,4940,56400,278.6
142171,4940,56700,280.1
142181,4940,57300,283.1
142191,4940,55700,275.2
142201,4940,57300,283.1
142211,4940,55700,275.2
142221,4940,57200,282.6
142231,4940,55700,275.2
142241,4940,57400,283.6
142251,4936,55700,274.9
142261,4940,57300,283.1
142271,4936,55700,274.9
142281,4940,57300,283.1
142291,4940,55800,275.7
142301,4936,57300,282.8
142311,4940,56400,278.6
142321,4940,56600,279.6
142331,4940,56300,278.1
142341,4940,56700,280.1
142351,4940,57300,283.1
142361,4940,55900,276.1
142371,4940,57300,283.1
142381,4940,55800,275.7
142391,4940,57300,283.1
142401,4940,55700,275.2
142411,4940,57300,283.1
142421,4936,55700,274.9
142431,4940,57300,283.1
142441,4940,55800,275.7
142451,4940,57300,283.1
142461,4940,55700,275.2
142471,4940,57300,283.1
142481,4940,56400,278.6
142491,4940,56700,280.1
142501,4936,56300,277.9
142511,4940,56700,280.1
142521,4940,131600,650.1
142531,4940,56700,280.1
142541,4940,57300,283.1
142551,4940,55700,275.2
142561,4940,57300,283.1
142571,4940,55800,275.7
142581,4940,57300,283.1
142591,4940,55700,275.2
142601,4944,57400,283.8
142611,4940,55700,275.2
142621,4940,57400,283.6
142631,4940,55700,275.2
142641,4940,57400,283.6
142651,4940,55700,275.2
142661,4940,57300,283.1
142671,4936,56400,278.4
142681,4940,56700,280.1
142691,4940,56400,278.6
142701,4940,56700,280.1
142711,4940,56600,279.6
142721,4940,56600,279.6
142731,4940,57200,282.6
142741,4936,55700,274.9
142751,4940,57300,283.1
142761,4940,55700,275.2
142771,4940,57400,283.6
142781,4936,55700,274.9
142791,4944,57300,283.3
142801,4940,55700,275.2
142811,4940,57300,283.1
142821,4940,55700,275.2
142831,4940,57300,283.1
142841,4936,55800,275.4
142851,4940,57200,282.6
142861,4940,56400,278.6
142871,4940,56700,280.1
142881,4940,56400,278.6
142891,4940,56700,280.1
142901,4940,57300,283.1
142911,4940,55800,275.7
142921,4940,57300,283.1
142931,4940,55700,275.2
142941,4940,57300,283.1
142951,4940,55700,275.2
142961,4940,57300,283.1
142971,4936,55700,274.9
142981,4940,57200,282.6
142991,4936,55700,274.9
143001,4940,57300,283.1
143011,4940,55700,275.2
143021,4940,57300,283.1
143031,4816,144400,695.4
143041,4940,56700,280.1
143051,4940,56300,278.1
143061,4940,56600,279.6
143071,4940,56400,278.6
143081,4940,56600,279.6
143091,4940,57300,283.1
143101,4940,55700,275.2
143111,4940,57300,283.1
143121,4940,55700,275.2
143131,4940,57200,282.6
143141,4936,55700,274.9
143151,4940,57300,283.1
143161,4940,55700,275.2
143171,4940,57300,283.1
143181,4940,55800,275.7
143191,4940,57300,283.1
143201,4940,55800,275.7
143211,4940,57400,283.6
143221,4940,56400,278.6
143231,4940,56800,280.6
143241,4940,56400,278.6
143251,4940,56600,279.6
143261,4940,56600,279.6
143271,4940,56600,279.6
143281,4940,57300,283.1
143291,4936,55700,274.9
143301,4940,57300,283.1
143311,4940,55700,275.2
143321,4940,57300,283.1
143331,4936,55700,274.9
143341,4940,57300,283.1
143351,4940,55700,275.2
143361,4944,57300,283.3
143371,4940,55700,275.2
143381,4940,57300,283.1
143391,4940,55800,275.7
143401,4940,57300,283.1
143411,4940,56300,278.1
143421,4940,56600,279.6
143431,4940,56300,278.1
143441,4940,56700,280.1
143451,4940,57400,283.6
143461,4936,55700,274.9
143471,4940,57300,283.1
143481,4936,55700,274.9
143491,4940,57400,283.6
143501,4940,55700,275.2
143511,4940,57300,283.1
143521,4940,55700,275.2
143531,4816,141700,682.4
143541,4936,55700,274.9
143551,4940,57300,283.1
143561,4940,55700,275.2
143571,4940,57300,283.1
143581,4940,56400,278.6
143591,4940,56600,279.6
143601,4940,56400,278.6
143611,4940,56700,280.1
143621,4940,56300,278.1
143632,4940,55700,275.2
143641,4940,57400,283.6
143651,4940,55700,275.2
143661,4940,57300,283.1
143671,4936,55700,274.9
143681,4940,57300,283.1
143691,4940,55800,275.7
143701,4944,57200,282.8
143711,4940,55800,275.7
143721,4940,57400,283.6
143731,4936,55700,274.9
143741,4940,57200,282.6
143751,4940,55700,275.2
143761,4940,57300,283.1
143771,4940,56400,278.6
143781,4940,56700,280.1
143791,4940,56400,278.6
143801,4940,56700,280.1
143811,4940,56800,280.6
143821,4940,56600,279.6
143831,4940,57200,282.6
143841,4936,55700,274.9
143851,4940,57300,283.1
143861,4936,55700,274.9
143871,4940,57300,283.1
143881,4936,55700,274.9
143891,4940,57300,283.1
143901,4936,55700,274.9
143911,4940,57300,283.1
143921,4940,55700,275.2
143931,4940,57400,283.6
143941,4940,56100,277.1
143951,4940,57300,283.1
143961,4940,56300,278.1
143971,4940,56700,280.1
143981,4940,56400,278.6
143991,4940,56600,279.6
144001,4940,57300,283.1
144011,4940,55700,275.2
144021,4940,57300,283.1
144031,4940,55700,275.2
144041,4832,180100,870.2
144051,4940,55800,275.7
144061,4940,57300,283.1
144071,4936,55700,274.9
144081,4940,57400,283.6
144091,4936,55700,274.9
144101,4940,57300,283.1
144111,4940,55800,275.7
144121,4940,57300,283.1
144131,4940,56400,278.6
144141,4940,56600,279.6
144151,4940,56300,278.1
144161,4940,56700,280.1
144171,4940,56400,278.6
144181,4940,56700,280.1
144191,4940,57300,283.1
144201,4940,55700,275.2
144211,4940,57300,283.1
144221,4940,55700,275.2
144231,4940,57300,283.1
144241,4940,55700,275.2
144251,4940,57300,283.1
144261,4940,55700,275.2
144271,4940,57300,283.1
144281,4936,55800,275.4
144291,4940,57400,283.6
144301,4940,55700,275.2
144311,4940,57400,283.6
144321,4940,56400,278.6
144331,4940,56700,280.1
144341,4940,56400,278.6
144351,4940,56700,280.1
144361,4940,57000,281.6
144371,4940,56500,279.1
144381,4940,57200,282.6
144391,4940,55700,275.2
144401,4940,57300,283.1
144411,4940,55700,275.2
144421,4940,57200,282.6
144431,4936,55700,274.9
144441,4940,57300,283.1
144451,4940,55700,275.2
144461,4940,57400,283.6
144471,4940,55700,275.2
144481,4940,57300,283.1
144491,4940,56200,277.6
144501,4940,57100,282.1
144511,4940,56400,278.6
144521,4940,56700,280.1
144531,4940,56400,278.6
144541,4816,135200,651.1
144551,4940,57400,283.6
144561,4940,55700,275.2
144571,4940,57300,283.1
144581,4936,55700,274.9
144591,4940,57400,283.6
144601,4940,55700,275.2
144611,4940,57300,283.1
144621,4940,55700,275.2
144631,4940,57300,283.1
144641,4940,55700,275.2
144651,4940,57300,283.1
144661,4940,55800,275.7
144671,4940,57300,283.1
144681,4940,56400,278.6
144691,4940,56600,279.6
144701,4940,56400,278.6
144711,4940,56700,280.1
144721,4940,56300,278.1
144731,4940,56700,280.1
144741,4940,57300,283.1
144751,4940,55700,275.2
144761,4940,57400,283.6
144771,4940,55700,275.2
144781,4940,57400,283.6
144791,4940,55700,275.2
144801,4940,57300,283.1
144811,4940,55700,275.2
144821,4940,57300,283.1
144831,4940,55700,275.2
144841,4940,57300,283.1
144851,4940,55600,274.7
144861,4940,57300,283.1
144871,4940,56300,278.1
144881,4940,56600,279.6
144891,4940,56400,278.6
144901,4940,56700,280.1
144911,4940,57100,282.1
144921,4940,56300,278.1
144931,4940,57400,283.6
144941,4936,55700,274.9
144951,4940,57300,283.1
144961,4940,55700,275.2
144971,4940,57300,283.1
144981,4940,55700,275.2
144991,4940,57200,282.6
145001,4940,55700,275.2
145011,4940,57300,283.1
145021,4940,55700,275.2
145031,4940,57300,283.1
145041,4812,202600,974.9
145051,4940,57200,282.6
145061,4940,56300,278.1
145071,4940,56600,279.6
145081,4940,56400,278.6
145091,4944,56600,279.8
145101,4940,57200,282.6
145111,4940,55700,275.2
145121,4940,57300,283.1
145131,4940,55700,275.2
145141,4940,57300,283.1
145151,4940,55700,275.2
145161,4940,57300,283.1
145171,4940,55700,275.2
145181,4940,57300,283.1
145191,4940,55800,275.7
145201,4944,57300,283.3
145211,4940,55700,275.2
145221,4940,57300,283.1
145231,4940,56300,278.1
145241,4940,56600,279.6
145251,4940,56300,278.1
145261,4940,56700,280.1
145272,4940,57300,283.1
145281,4940,56700,280.1
145291,4944,57300,283.3
145301,4936,55800,275.4
145311,4940,57400,283.6
145321,4940,55700,275.2
145331,4944,57400,283.8
145341,4940,55700,275.2
145351,4944,57300,283.3
145361,4940,55800,275.7
145371,4940,57300,283.1
145381,4940,55700,275.2
145391,4940,57400,283.6
145401,4936,55600,274.4
145411,4940,57300,283.1
145421,4940,56300,278.1
145431,4940,56600,279.6
145441,4940,56400,278.6
145451,4940,56700,280.1
145461,4940,57300,283.1
145471,4940,56200,277.6
145481,4940,57300,283.1
145491,4940,55700,275.2
145501,4940,57200,282.6
145511,4940,55700,275.2
145521,4940,57300,283.1
145531,4940,55700,275.2
145541,4940,60100,296.9
145551,4940,55700,275.2
145561,4940,57300,283.1
145571,4940,55700,275.2
145581,4940,57200,282.6
145591,4940,56300,278.1
145601,4940,57100,282.1
145611,4940,56300,278.1
145621,4940,56600,279.6
145631,4940,56400,278.6
145641,4940,56700,280.1
145651,4940,57300,283.1
145661,4940,55700,275.2
145671,4940,57300,283.1
145681,4940,55700,275.2
145691,4940,57300,283.1
145701,4940,55700,275.2
145711,4940,57400,283.6
145721,4940,55700,275.2
145731,4940,57300,283.1
145741,4940,55700,275.2
145751,4940,57300,283.1
145761,4940,55700,275.2
145771,4940,57300,283.1
145781,4940,56300,278.1
145791,4940,56700,280.1
145801,4940,56400,278.6
145811,4940,56700,280.1
145821,4940,56400,278.6
145831,4940,56600,279.6
145841,4944,57300,283.3
145851,4940,55700,275.2
145861,4940,57300,283.1
145871,4940,55600,274.7
145881,4940,57300,283.1
145891,4936,55700,274.9
145901,4940,57300,283.1
145911,4936,55700,274.9
145921,4940,57300,283.1
145931,4940,55700,275.2
145941,4940,57300,283.1
145951,4940,55700,275.2
145961,4940,57300,283.1
145971,4940,56300,278.1
145981,4940,56700,280.1
145991,4940,56400,278.6
146001,4940,56700,280.1
146011,4940,57300,283.1
146021,4940,56000,276.6
146031,4940,57300,283.1
146041,4940,55700,275.2
146051,4928,152000,749.1
146061,4936,55800,275.4
146071,4940,57300,283.1
146081,4940,55800,275.7
146091,4940,57300,283.1
146101,4940,55800,275.7
146111,4944,57300,283.3
146121,4940,55800,275.7
146131,4940,57300,283.1
146141,4940,56400,278.6
146151,4940,56900,281.1
146161,4940,56400,278.6
146171,4940,56600,279.6
146181,4940,56400,278.6
146191,4940,56600,279.6
146201,4940,57300,283.1
146211,4940,55700,275.2
146221,4940,57200,282.6
146231,4940,55700,275.2
146241,4940,57300,283.1
146251,4940,55700,275.2
146261,4940,57300,283.1
146271,4940,55700,275.2
146281,4940,57300,283.1
146291,4940,55700,275.2
146301,4940,57300,283.1
146311,4940,55700,275.2
146321,4940,57200,282.6
146331,4940,56400,278.6
146341,4940,56700,280.1
146351,4940,56300,278.1
146361,4940,56700,280.1
146371,4940,56500,279.1
146381,4940,56700,280.1
146391,4940,57300,283.1
146401,4940,55700,275.2
146411,4940,57300,283.1
146421,4940,55700,275.2
146431,4940,57300,283.1
146441,4940,55700,275.2
146451,4944,57300,283.3
146461,4940,55700,275.2
146471,4940,57300,283.1
146481,4940,55700,275.2
146491,4940,57300,283.1
146501,4936,55700,274.9
146511,4940,57300,283.1
146521,4940,56400,278.6
146531,4940,56700,280.1
146541,4940,56400,278.6
146551,4936,56700,279.9
146561,4940,57300,283.1
146571,4940,56000,276.6
146581,4940,57400,283.6
146591,4940,55700,275.2
146601,4940,57300,283.1
146611,4940,55700,275.2
146621,4940,57300,283.1
146631,4940,55700,275.2
146641,4940,57200,282.6
146651,4940,55700,275.2
146661,4940,57300,283.1
146671,4940,55700,275.2
146681,4940,57300,283.1
146691,4940,56400,278.6
146701,4940,56800,280.6
146711,4940,56300,278.1
146721,4940,56600,279.6
146731,4940,56400,278.6
146741,4940,56600,279.6
146751,4940,57300,283.1
146761,4940,55700,275.2
146771,4940,57300,283.1
146781,4936,55700,274.9
146791,4940,57300,283.1
146801,4940,55700,275.2
146811,4940,57300,283.1
146821,4940,55700,275.2
146831,4940,57300,283.1
146841,4940,55600,274.7
146851,4940,57300,283.1
146861,4940,55700,275.2
146871,4940,57200,282.6
146881,4940,56400,278.6
146891,4940,56600,279.6
146901,4940,56400,278.6
146912,4940,56700,280.1
146921,4940,56500,279.1
146931,4940,56600,279.6
146941,4940,57200,282.6
146951,4940,55700,275.2
146961,4940,57400,283.6
146971,4940,55700,275.2
146981,4940,57300,283.1
146991,4940,55700,275.2
147001,4940,57300,283.1
147011,4936,55700,274.9
147021,4940,57300,283.1
147031,4940,55800,275.7
147041,4940,57300,283.1
147051,4940,55800,275.7
147061,4728,142100,671.8
147071,4940,56300,278.1
147081,4940,56700,280.1
147091,4940,56400,278.6
147101,4940,56700,280.1
147111,4936,57400,283.3
147121,4940,55900,276.1
147131,4940,57400,283.6
147141,4940,55700,275.2
147151,4940,57300,283.1
147161,4940,55700,275.2
147171,4940,57300,283.1
147181,4940,55700,275.2
147191,4940,57300,283.1
147201,4940,55700,275.2
147211,4940,57300,283.1
147221,4940,55700,275.2
147231,4940,57300,283.1
147241,4940,56500,279.1
147251,4944,56700,280.3
147261,4940,56400,278.6
147271,4940,56600,279.6
147281,4940,56400,278.6
147291,4940,56600,279.6
147301,4940,57300,283.1
147311,4940,55700,275.2
147321,4940,57300,283.1
147331,4940,55700,275.2
147341,4940,57300,283.1
147351,4936,55700,274.9
147361,4940,57300,283.1
147371,4936,55600,274.4
147381,4940,57300,283.1
147391,4940,55700,275.2
147401,4940,57300,283.1
147411,4940,55700,275.2
147421,4940,57300,283.1
147431,4940,56400,278.6
147441,4940,56600,279.6
147451,4940,56400,278.6
147461,4936,56600,279.4
147471,4940,56700,280.1
147481,4940,56600,279.6
147491,4940,57200,282.6
147501,4940,55700,275.2
147511,4940,57200,282.6
147521,4940,55700,275.2
147531,4940,57300,283.1
147541,4940,55600,274.7
147551,4940,57300,283.1
147561,4816,143800,692.5
147571,4940,57300,283.1
147581,4940,55700,275.2
147591,4940,57300,283.1
147601,4936,55800,275.4
147611,4940,57400,283.6
147621,4940,56300,278.1
147631,4940,56700,280.1
147641,4940,56300,278.1
147651,4940,56700,280.1
147661,4940,57300,283.1
147671,4940,55800,275.7
147681,4944,57300,283.3
147691,4940,55700,275.2
147701,4940,57300,283.1
147711,4940,55700,275.2
147721,4944,57300,283.3
147731,4936,55700,274.9
147741,4940,57300,283.1
147751,4936,55700,274.9
147761,4940,57300,283.1
147771,4940,55600,274.7
147781,4944,57300,283.3
147791,4940,56400,278.6
147801,4940,56600,279.6
147811,4940,56400,278.6
147821,4940,56600,279.6
147831,4940,56400,278.6
147841,4940,56700,280.1
147851,4940,57300,283.1
147861,4940,55700,275.2
147871,4940,57300,283.1
147881,4940,55700,275.2
147891,4940,57300,283.1
147901,4940,55700,275.2
147911,4940,57300,283.1
147921,4940,55700,275.2
147931,4940,57300,283.1
147941,4936,55700,274.9
147951,4940,57300,283.1
147961,4940,55700,275.2
147971,4940,57300,283.1
147981,4940,56400,278.6
147991,4940,56600,279.6
148001,4940,56300,278.1
148011,4940,56600,279.6
148021,4940,56800,280.6
148031,4940,56600,279.6
148041,4940,57200,282.6
148051,4940,55600,274.7
148061,4944,57300,283.3
148071,4940,55800,275.7
148081,4940,57400,283.6
148091,4940,55800,275.7
148101,4940,57200,282.6
148111,4940,55700,275.2
148121,4940,57200,282.6
148131,4940,55700,275.2
148141,4940,57200,282.6
148151,4940,55900,276.1
148161,4940,57300,283.1
148171,4940,56300,278.1
148181,4940,56700,280.1
148191,4940,56400,278.6
148201,4940,56700,280.1
148211,4940,57300,283.1
148221,4940,55700,275.2
148231,4940,57300,283.1
148241,4940,55700,275.2
148251,4940,57300,283.1
148261,4940,55600,274.7
148271,4940,57300,283.1
148281,4940,55700,275.2
148291,4940,57300,283.1
148301,4940,55700,275.2
148311,4940,57300,283.1
148321,4936,55600,274.4
148331,4940,57300,283.1
148341,4940,56300,278.1
148351,4940,56600,279.6
148361,4940,56400,278.6
148371,4940,56700,280.1
148381,4940,56300,278.1
148391,4940,56600,279.6
148401,4940,57200,282.6
148411,4940,55600,274.7
148421,4940,57200,282.6
148431,4940,55700,275.2
148441,4940,57300,283.1
148451,4940,55700,275.2
148461,4940,57300,283.1
148471,4940,55600,274.7
148481,4940,57300,283.1
148491,4936,55800,275.4
148501,4940,57200,282.6
148511,4940,55700,275.2
148521,4940,57300,283.1
148531,4940,56400,278.6
148541,4940,56600,279.6
148552,4940,56800,280.6
148561,4940,56600,279.6
148571,4772,134300,640.9
148581,4940,56600,279.6
148591,4940,57300,283.1
148601,4940,55700,275.2
148611,4940,57300,283.1
148621,4940,55700,275.2
148631,4940,57400,283.6
148641,4940,55700,275.2
148651,4940,57300,283.1
148661,4940,55700,275.2
148671,4940,57300,283.1
148681,4940,55600,274.7
148691,4940,57300,283.1
148701,4936,56100,276.9
148711,4940,57300,283.1
148721,4940,56300,278.1
148731,4940,56700,280.1
148741,4940,56300,278.1
148751,4940,56700,280.1
148761,4936,57300,282.8
148771,4940,55700,275.2
148781,4940,57300,283.1
148791,4940,55600,274.7
148801,4940,57300,283.1
148811,4940,55600,274.7
148821,4940,57300,283.1
148831,4940,55700,275.2
148841,4944,57200,282.8
148851,4936,55700,274.9
148861,4944,57300,283.3
148871,4940,55700,275.2
148881,4940,57300,283.1
148891,4940,56400,278.6
148901,4940,56600,279.6
148911,4940,56400,278.6
148921,4940,56700,280.1
148931,4940,56400,278.6
148941,4940,56700,280.1
148951,4940,57300,283.1
148961,4940,55700,275.2
148971,4940,57300,283.1
148981,4936,55700,274.9
148991,4940,57300,283.1
149001,4940,55700,275.2
149011,4940,57300,283.1
149021,4940,55700,275.2
149031,4940,57300,283.1
149041,4940,55600,274.7
149051,4940,57300,283.1
149061,4940,55700,275.2
149071,4940,57300,283.1
149081,4740,96300,456.5
149091,4940,56700,280.1
149101,4940,56400,278.6
149111,4940,56700,280.1
149121,4940,56900,281.1
149131,4940,56400,278.6
149141,4940,57300,283.1
149151,4940,55700,275.2
149161,4940,57300,283.1
149171,4940,55700,275.2
149181,4940,57300,283.1
149191,4940,55700,275.2
149201,4940,57300,283.1
149211,4940,55700,275.2
149221,4940,57300,283.1
149231,4940,55600,274.7
149241,4940,57200,282.6
149251,4940,56200,277.6
149261,4940,57200,282.6
149271,4940,56400,278.6
149281,4940,56700,280.1
149291,4940,56300,278.1
149301,4940,56600,279.6
149311,4940,57300,283.1
149321,4940,55600,274.7
149331,4940,57200,282.6
149341,4940,55700,275.2
149351,4944,57300,283.3
149361,4940,55700,275.2
149371,4940,57300,283.1
149381,4940,55700,275.2
149391,4940,57300,283.1
149401,4940,55800,275.7
149411,4940,57300,283.1
149421,4936,55700,274.9
149431,4940,57300,283.1
149441,4936,56400,278.4
149451,4940,56600,279.6
149461,4940,56300,278.1
149471,4940,56700,280.1
149481,4940,56400,278.6
149491,4940,56600,279.6
149501,4940,57300,283.1
149511,4940,55700,275.2
149521,4940,57300,283.1
149531,4940,55700,275.2
149541,4940,57300,283.1
149551,4940,55700,275.2
149561,4940,57200,282.6
149571,4940,55700,275.2
149581,4812,142300,684.7
149591,4940,55700,275.2
149601,4940,57300,283.1
149611,4940,55700,275.2
149621,4940,57300,283.1
149631,4940,56400,278.6
149641,4940,56600,279.6
149651,4940,56400,278.6
149661,4940,56700,280.1
149671,4940,57000,281.6
149681,4940,56300,278.1
149691,4940,57300,283.1
149701,4940,55700,275.2
149711,4940,57300,283.1
149721,4940,55700,275.2
149731,4940,57300,283.1
149741,4940,55600,274.7
149751,4940,57200,282.6
149761,4940,55700,275.2
149771,4940,57300,283.1
149781,4940,55700,275.2
149791,4940,57300,283.1
149801,4940,56300,278.1
149811,4940,57000,281.6
149821,4940,56400,278.6
149831,4940,56600,279.6
149841,4940,56400,278.6
149851,4940,56700,280.1
149861,4940,57300,283.1
149871,4940,55700,275.2
149881,4940,57300,283.1
149891,4936,55700,274.9
149901,4940,57400,283.6
149911,4936,55700,274.9
149921,4940,57300,283.1
149931,4936,55700,274.9
149941,4940,57200,282.6
149951,4940,55700,275.2
149961,4940,57300,283.1
149971,4940,55700,275.2
149981,4940,57300,283.1
149991,4936,56300,277.9
150001,4940,56700,280.1
150011,4940,56300,278.1
150021,4940,56600,279.6
150031,4940,56400,278.6
150041,4940,56700,280.1
150051,4940,57300,283.1
150061,4936,55600,274.4
150071,4940,57300,283.1
150081,4940,55700,275.2
150091,4780,165400,790.6
150101,4940,55700,275.2
150111,4940,57300,283.1
150121,4936,55700,274.9
150131,4940,57300,283.1
150141,4940,55700,275.2
150151,4940,57300,283.1
150161,4940,55800,275.7
150171,4940,57400,283.6
150182,4940,56400,278.6
150191,4940,56700,280.1
150201,4940,56400,278.6
150211,4940,56700,280.1
150221,4940,57200,282.6
150231,4940,56100,277.1
150241,4944,57300,283.3
150251,4936,55800,275.4
150261,4940,57300,283.1
150271,4936,55700,274.9
150281,4940,57300,283.1
150291,4940,55600,274.7
150301,4940,57300,283.1
150311,4940,55700,275.2
150321,4940,57300,283.1
150331,4940,55700,275.2
150341,4940,57200,282.6
150351,4940,56400,278.6
150361,4940,56800,280.6
150371,4940,56400,278.6
150381,4940,56700,280.1
150391,4936,56300,277.9
150401,4940,56600,279.6
150411,4940,57200,282.6
150421,4940,55700,275.2
150431,4940,57300,283.1
150441,4940,55700,275.2
150451,4940,57300,283.1
150461,4940,55700,275.2
150471,4940,57300,283.1
150481,4940,55600,274.7
150491,4940,57300,283.1
150501,4940,55800,275.7
150511,4940,57300,283.1
150521,4936,55700,274.9
150531,4940,57300,283.1
150541,4940,56400,278.6
150551,4940,56700,280.1
150561,4940,56400,278.6
150571,4940,56600,279.6
150581,4940,56500,279.1
150591,4940,56600,279.6
150601,4824,144900,699.0
150611,4936,55700,274.9
150621,4940,57300,283.1
150631,4940,55700,275.2
150641,4940,57300,283.1
150651,4936,55800,275.4
150661,4940,57300,283.1
150671,4940,55800,275.7
150681,4940,57400,283.6
150691,4940,55800,275.7
150701,4940,57300,283.1
150711,4940,55700,275.2
150721,4940,57200,282.6
150731,4940,56400,278.6
150741,4940,56700,280.1
150751,4940,56400,278.6
150761,4940,56600,279.6
150771,4940,57300,283.1
150781,4940,56000,276.6
150791,4940,57300,283.1
150801,4940,55700,275.2
150811,4940,57200,282.6
150821,4940,55700,275.2
150831,4940,57300,283.1
150841,4940,55700,275.2
150851,4940,57300,283.1
150861,4940,55700,275.2
150871,4940,57300,283.1
150881,4940,55700,275.2
150891,4940,57300,283.1
150901,4936,56400,278.4
150911,4940,56700,280.1
150921,4940,56400,278.6
150931,4940,56700,280.1
150941,4940,56400,278.6
150951,4940,56600,279.6
150961,4940,57300,283.1
150971,4940,55700,275.2
150981,4940,57300,283.1
150991,4940,55700,275.2
151001,4940,57300,283.1
151011,4940,55600,274.7
151021,4940,57300,283.1
151031,4940,55700,275.2
151041,4940,57300,283.1
151051,4940,55700,275.2
151061,4940,57300,283.1
151071,4940,55700,275.2
151081,4940,57300,283.1
151091,4940,56300,278.1
151101,4940,56700,280.1
151111,4760,83800,398.9
151121,4940,56600,279.6
151131,4940,56600,279.6
151141,4940,56600,279.6
151151,4940,57300,283.1
151161,4940,55700,275.2
151171,4940,57300,283.1
151181,4940,55700,275.2
151191,4940,57300,283.1
151201,4940,55700,275.2
151211,4940,57300,283.1
151221,4940,55700,275.2
151231,4940,57300,283.1
151241,4940,55700,275.2
151251,4940,57300,283.1
151261,4940,55800,275.7
151271,4940,57300,283.1
151281,4940,56300,278.1
151291,4940,56700,280.1
151301,4940,56400,278.6
151311,4940,56700,280.1
151321,4940,57300,283.1
151331,4940,55800,275.7
151341,4940,57300,283.1
151351,4940,55700,275.2
151361,4940,57300,283.1
151371,4940,55800,275.7
151381,4940,57300,283.1
151391,4936,55700,274.9
151401,4940,57400,283.6
151411,4940,55700,275.2
151421,4940,57300,283.1
151431,4936,55700,274.9
151441,4940,57300,283.1
151451,4936,56400,278.4
151461,4940,56600,279.6
151471,4940,56400,278.6
151481,4940,56700,280.1
151491,4940,56400,278.6
151501,4940,56600,279.6
151511,4940,57300,283.1
151521,4936,55800,275.4
151531,4940,57200,282.6
151541,4940,55700,275.2
151551,4940,57300,283.1
151561,4940,55700,275.2
151571,4940,57300,283.1
151581,4940,55700,275.2
151591,4940,57300,283.1
151601,4940,55800,275.7
151611,4816,141500,681.5
151621,4936,55700,274.9
151631,4940,57300,283.1
151641,4940,56400,278.6
151651,4940,56700,280.1
151661,4940,56400,278.6
151671,4940,56700,280.1
151681,4936,56600,279.4
151691,4940,56600,279.6
151701,4940,57300,283.1
151711,4936,55700,274.9
151721,4940,57400,283.6
151731,4936,55700,274.9
151741,4940,57300,283.1
151751,4940,55700,275.2
151761,4944,57300,283.3
151771,4940,55700,275.2
151781,4940,57300,283.1
151791,4940,55700,275.2
151801,4940,57300,283.1
151811,4936,55900,275.9
151825,4936,55600,274.4
151831,4940,56400,278.6
151841,4940,56700,280.1
151851,4936,56400,278.4
151861,4940,56600,279.6
151871,4940,57400,283.6
151881,4940,55700,275.2
151891,4940,57300,283.1
151901,4936,55700,274.9
151911,4940,57200,282.6
151921,4940,55700,275.2
151931,4940,57300,283.1
151941,4936,55700,274.9
151951,4944,57300,283.3
151961,4940,55700,275.2
151971,4940,57300,283.1
151981,4940,55700,275.2
151991,4940,57300,283.1
152001,4940,56400,278.6
152011,4940,56700,280.1
152021,4940,56400,278.6
152031,4940,56600,279.6
152041,4940,56300,278.1
152051,4940,56700,280.1
152061,4940,57300,283.1
152071,4936,55700,274.9
152081,4940,57300,283.1
152091,4940,55600,274.7
152101,4940,57300,283.1
152111,4936,68200,336.6
152121,4940,57300,283.1
152131,4940,55700,275.2
152141,4940,57300,283.1
152151,4940,55700,275.2
152161,4940,57300,283.1
152171,4936,55800,275.4
152181,4940,57300,283.1
152191,4940,56400,278.6
152201,4940,56700,280.1
152211,4940,56300,278.1
152221,4940,56700,280.1
152231,4940,56900,281.1
152241,4940,56400,278.6
152251,4940,57400,283.6
152261,4940,55700,275.2
152271,4940,57200,282.6
152281,4940,55700,275.2
152291,4940,57400,283.6
152301,4940,55700,275.2
152311,4940,57300,283.1
152321,4940,55700,275.2
152331,4940,57300,283.1
152341,4940,55700,275.2
152351,4940,57300,283.1
152361,4940,56200,277.6
152371,4940,57200,282.6
152381,4940,56400,278.6
152391,4940,56700,280.1
152401,4936,56400,278.4
152411,4940,56700,280.1
152421,4940,57300,283.1
152431,4940,55600,274.7
152441,4940,57300,283.1
152451,4940,55700,275.2
152461,4940,57300,283.1
152471,4936,55700,274.9
152481,4940,57300,283.1
152491,4940,55700,275.2
152501,4940,57300,283.1
152511,4940,55700,275.2
152521,4940,57300,283.1
152531,4940,55700,275.2
152541,4940,57300,283.1
152551,4940,56300,278.1
152561,4940,56600,279.6
152571,4940,56400,278.6
152581,4940,56600,279.6
152591,4940,56400,278.6
152601,4940,56600,279.6
152611,4940,57300,283.1
152621,4792,141000,675.7
152631,4940,57200,282.6
152641,4940,55700,275.2
152651,4940,57300,283.1
152661,4940,55700,275.2
152671,4940,57300,283.1
152681,4940,55700,275.2
152691,4940,57300,283.1
152701,4940,55700,275.2
152711,4940,57200,282.6
152721,4940,55700,275.2
152731,4940,57300,283.1
152741,4940,56300,278.1
152751,4940,56600,279.6
152761,4940,56300,278.1
152771,4940,56700,280.1
152781,4940,57100,282.1
152791,4940,56300,278.1
152801,4940,57300,283.1
152811,4940,55700,275.2
152821,4940,57300,283.1
152831,4940,55700,275.2
152841,4940,57300,283.1
152851,4936,55800,275.4
152861,4940,57300,283.1
152871,4940,55700,275.2
152881,4940,57300,283.1
152891,4940,55700,275.2
152901,4944,57300,283.3
152911,4940,56400,278.6
152921,4940,57100,282.1
152931,4940,56300,278.1
152941,4940,56700,280.1
152951,4940,56400,278.6
152961,4940,56600,279.6
152971,4940,57300,283.1
152981,4936,55700,274.9
152991,4940,57300,283.1
153001,4940,55700,275.2
153011,4940,57300,283.1
153021,4940,55700,275.2
153031,4940,57300,283.1
153041,4936,55700,274.9
153051,4940,57300,283.1
153061,4940,55600,274.7
153071,4940,57300,283.1
153081,4936,55700,274.9
153091,4940,57300,283.1
153101,4940,56300,278.1
153111,4940,56600,279.6
153121,4940,56400,278.6
153131,4816,142600,686.8
153141,4940,56400,278.6
153151,4940,56600,279.6
153161,4940,57300,283.1
153171,4940,55700,275.2
153181,4940,57300,283.1
153191,4940,55700,275.2
153201,4940,57300,283.1
153211,4940,55600,274.7
153221,4940,57400,283.6
153231,4940,55600,274.7
153241,4940,57300,283.1
153251,4940,55700,275.2
153261,4940,57200,282.6
153271,4940,55800,275.7
153281,4940,57300,283.1
153291,4940,56300,278.1
153301,4940,56700,280.1
153311,4940,56300,278.1
153321,4940,56700,280.1
153331,4940,57200,282.6
153341,4940,56000,276.6
153351,4940,57300,283.1
153361,4936,55700,274.9
153371,4940,57300,283.1
153381,4940,55600,274.7
153391,4940,57300,283.1
153401,4940,55700,275.2
153411,4940,57300,283.1
153421,4936,55700,274.9
153431,4940,57300,283.1
153441,4940,55700,275.2
153451,4940,57300,283.1
153462,4940,56300,278.1
153471,4940,56800,280.6
153481,4940,56400,278.6
153491,4940,56700,280.1
153501,4940,56400,278.6
153511,4940,56600,279.6
153521,4940,57300,283.1
153531,4940,55700,275.2
153541,4940,57300,283.1
153551,4940,55700,275.2
153561,4944,57300,283.3
153571,4940,55700,275.2
153581,4940,57300,283.1
153591,4936,55700,274.9
153601,4940,57300,283.1
153611,4940,55800,275.7
153621,4940,57300,283.1
153631,4808,141100,678.4
153641,4940,57400,283.6
153651,4940,56300,278.1
153661,4940,56700,280.1
153671,4940,56300,278.1
153681,4940,56600,279.6
153691,4940,56500,279.1
153701,4940,56700,280.1
153711,4940,57300,283.1
153721,4940,55700,275.2
153731,4940,57300,283.1
153741,4936,55700,274.9
153751,4940,57300,283.1
153761,4940,55700,275.2
153771,4940,57300,283.1
153781,4940,55700,275.2
153791,4940,57400,283.6
153801,4940,55700,275.2
153811,4940,57200,282.6
153821,4940,55800,275.7
153831,4940,57300,283.1
153841,4940,56400,278.6
153851,4940,56700,280.1
153861,4940,56300,278.1
153871,4940,56700,280.1
153881,4940,57300,283.1
153891,4940,55800,275.7
153901,4940,57200,282.6
153911,4940,55600,274.7
153921,4940,57300,283.1
153931,4936,55700,274.9
153941,4940,57300,283.1
153951,4940,55700,275.2
153961,4940,57300,283.1
153971,4940,55700,275.2
153981,4940,57300,283.1
153991,4940,55800,275.7
154001,4940,57400,283.6
154011,4940,56400,278.6
154021,4940,56700,280.1
154031,4940,56300,278.1
154041,4940,56600,279.6
154051,4940,56400,278.6
154061,4940,56700,280.1
154071,4940,57300,283.1
154081,4940,55600,274.7
154091,4940,57300,283.1
154101,4936,55700,274.9
154111,4940,57300,283.1
154121,4940,55700,275.2
154131,4940,57300,283.1
154141,4816,184500,888.6
154151,4940,57300,283.1
154161,4940,55700,275.2
154171,4940,57300,283.1
154181,4940,55700,275.2
154191,4940,57300,283.1
154201,4940,56300,278.1
154211,4940,56700,280.1
154221,4940,56400,278.6
154231,4940,56700,280.1
154241,4940,56800,280.6
154251,4940,56600,279.6
154261,4940,57300,283.1
154271,4940,55700,275.2
154281,4940,57300,283.1
154291,4940,55800,275.7
154301,4940,57300,283.1
154311,4940,55700,275.2
154321,4940,57300,283.1
154331,4940,55700,275.2
154341,4940,57300,283.1
154351,4940,55700,275.2
154361,4940,57300,283.1
154371,4936,56000,276.4
154381,4940,57200,282.6
154391,4940,56400,278.6
154401,4940,56600,279.6
154411,4940,56300,278.1
154421,4940,56700,280.1
154431,4940,57300,283.1
154441,4940,55700,275.2
154451,4940,57200,282.6
154461,4936,55700,274.9
154471,4940,57300,283.1
154481,4936,55700,274.9
154491,4940,57300,283.1
154501,4940,55600,274.7
154511,4940,57300,283.1
154521,4936,55700,274.9
154531,4940,57300,283.1
154541,4940,55700,275.2
154551,4940,57300,283.1
154561,4936,56300,277.9
154571,4940,56600,279.6
154581,4940,56400,278.6
154591,4940,56700,280.1
154601,4940,56400,278.6
154611,4940,56600,279.6
154621,4940,57300,283.1
154631,4940,55700,275.2
154641,4820,142800,688.3
154651,4936,55600,274.4
154661,4940,57300,283.1
154671,4936,55700,274.9
154681,4940,57300,283.1
154691,4940,55700,275.2
154701,4940,57200,282.6
154711,4940,55800,275.7
154721,4940,57300,283.1
154731,4936,55700,274.9
154741,4940,57400,283.6
154751,4940,56400,278.6
154761,4940,56700,280.1
154771,4940,56400,278.6
154781,4940,56600,279.6
154791,4940,57100,282.1
154801,4940,56400,278.6
154811,4940,57300,283.1
154821,4940,55700,275.2
154831,4940,57300,283.1
154841,4940,55700,275.2
154851,4940,57200,282.6
154861,4936,55700,274.9
154871,4940,57400,283.6
154881,4940,55700,275.2
154891,4940,57300,283.1
154901,4940,55700,275.2
154911,4940,57200,282.6
154921,4940,56200,277.6
154931,4940,57100,282.1
154941,4940,56400,278.6
154951,4940,56600,279.6
154961,4940,56300,278.1
154971,4940,56600,279.6
154981,4940,57300,283.1
154991,4940,55600,274.7
155001,4940,57300,283.1
155011,4940,55600,274.7
155021,4940,57300,283.1
155031,4940,55700,275.2
155041,4940,57300,283.1
155051,4940,55700,275.2
155061,4940,57300,283.1
155071,4936,55700,274.9
155081,4940,57200,282.6
155091,4936,55800,275.4
155102,4940,56600,279.6
155111,4940,56300,278.1
155121,4944,56600,279.8
155131,4940,56400,278.6
155141,4940,59400,293.4
155151,4940,56400,278.6
155161,4940,56700,280.1
155171,4940,57300,283.1
155181,4936,55800,275.4
155191,4944,57300,283.3
155201,4936,55700,274.9
155211,4940,57300,283.1
155221,4940,55700,275.2
155231,4940,57300,283.1
155241,4940,55800,275.7
155251,4940,57300,283.1
155261,4940,55700,275.2
155271,4940,57300,283.1
155281,4940,55700,275.2
155291,4940,57300,283.1
155301,4940,56400,278.6
155311,4940,56600,279.6
155321,4940,56300,278.1
155331,4940,56700,280.1
155341,4940,57200,282.6
155351,4940,56100,277.1
155361,4940,57200,282.6
155371,4940,55700,275.2
155381,4940,57300,283.1
155391,4940,55800,275.7
155401,4940,57200,282.6
155411,4940,55800,275.7
155421,4940,57300,283.1
155431,4940,55700,275.2
155441,4940,57300,283.1
155451,4940,55700,275.2
155461,4940,57300,283.1
155471,4940,56400,278.6
155481,4940,56900,281.1
155491,4940,56400,278.6
155501,4940,56600,279.6
155511,4940,56300,278.1
155521,4940,56700,280.1
155531,4940,57300,283.1
155541,4940,55700,275.2
155551,4940,57300,283.1
155561,4936,55800,275.4
155571,4940,57300,283.1
155581,4940,55700,275.2
155591,4940,57300,283.1
155601,4940,55700,275.2
155611,4940,57300,283.1
155621,4940,55700,275.2
155631,4940,57200,282.6
155641,4940,55700,275.2
155651,4868,213600,1039.8
155661,4940,56300,278.1
155671,4940,56700,280.1
155681,4936,56300,277.9
155691,4940,56600,279.6
155701,4940,56400,278.6
155711,4940,56600,279.6
155721,4940,57300,283.1
155731,4936,55700,274.9
155741,4940,57300,283.1
155751,4936,55700,274.9
155761,4940,57300,283.1
155771,4940,55700,275.2
155781,4940,57300,283.1
155791,4936,55800,275.4
155801,4940,57300,283.1
155811,4940,55700,275.2
155821,4940,57300,283.1
155831,4936,55800,275.4
155841,4940,57300,283.1
155851,4940,56400,278.6
155861,4940,56600,279.6
155871,4940,56400,278.6
155881,4940,56600,279.6
155891,4940,57400,283.6
155901,4940,55900,276.1
155911,4940,57400,283.6
155921,4936,55800,275.4
155931,4940,57300,283.1
155941,4936,55600,274.4
155951,4940,57300,283.1
155961,4940,55700,275.2
155971,4940,57300,283.1
155981,4940,55700,275.2
155991,4940,57400,283.6
156001,4940,55700,275.2
156011,4940,57300,283.1
156021,4940,56400,278.6
156031,4940,56700,280.1
156041,4940,56400,278.6
156051,4940,56600,279.6
156061,4940,56400,278.6
156071,4940,56600,279.6
156081,4940,57300,283.1
156091,4940,55700,275.2
156101,4940,57300,283.1
156111,4940,55700,275.2
156121,4944,57300,283.3
156131,4940,55700,275.2
156141,4940,57300,283.1
156151,4796,140700,674.8
156161,4940,57300,283.1
156171,4940,55800,275.7
156181,4940,57200,282.6
156191,4940,55800,275.7
156201,4940,57300,283.1
156211,4940,56400,278.6
156221,4940,56700,280.1
156231,4940,56300,278.1
156241,4940,56700,280.1
156251,4936,56700,279.9
156261,4940,56600,279.6
156271,4940,57300,283.1
156281,4940,55700,275.2
156291,4940,57300,283.1
156301,4940,55700,275.2
156311,4940,57300,283.1
156321,4936,55700,274.9
156331,4940,57300,283.1
156341,4936,55800,275.4
156351,4940,57200,282.6
156361,4940,55700,275.2
156371,4940,57300,283.1
156381,4940,55900,276.1
156391,4940,57300,283.1
156401,4940,56300,278.1
156411,4940,56700,280.1
156421,4940,56400,278.6
156431,4940,56600,279.6
156441,4940,57300,283.1
156451,4940,55700,275.2
156461,4940,57300,283.1
156471,4940,55700,275.2
156481,4940,57300,283.1
156491,4936,55700,274.9
156501,4940,57300,283.1
156511,4936,55700,274.9
156521,4940,57300,283.1
156531,4940,55700,275.2
156541,4940,57300,283.1
156551,4940,55700,275.2
156561,4940,57300,283.1
156571,4940,56400,278.6
156581,4940,56600,279.6
156591,4940,56400,278.6
156601,4940,56600,279.6
156611,4940,56300,278.1
156621,4940,56700,280.1
156631,4940,57300,283.1
156641,4940,55800,275.7
156651,4940,57200,282.6
156661,4816,143600,691.6
156671,4940,57400,283.6
156681,4940,55700,275.2
156691,4940,57300,283.1
156701,4940,55700,275.2
156711,4940,57300,283.1
156721,4940,55700,275.2
156732,4940,57300,283.1
156741,4940,55700,275.2
156751,4940,57300,283.1
156761,4940,56400,278.6
156771,4940,56600,279.6
156781,4940,56300,278.1
156791,4940,56700,280.1
156801,4940,56900,281.1
156811,4940,56500,279.1
156821,4940,57300,283.1
156831,4940,55800,275.7
156841,4940,57300,283.1
156851,4940,55600,274.7
156861,4940,57400,283.6
156871,4940,55700,275.2
156881,4940,57300,283.1
156891,4940,55700,275.2
156901,4940,57300,283.1
156911,4940,55700,275.2
156921,4940,57300,283.1
156931,4940,56100,277.1
156941,4940,57200,282.6
156951,4940,56300,278.1
156961,4940,56700,280.1
156971,4940,56400,278.6
156981,4940,56700,280.1
156991,4940,57300,283.1
157001,4940,55600,274.7
157011,4940,57400,283.6
157021,4940,55700,275.2
157031,4940,57300,283.1
157041,4940,55800,275.7
157051,4940,57300,283.1
157061,4940,55700,275.2
157071,4940,57300,283.1
157081,4940,55700,275.2
157091,4940,57300,283.1
157101,4940,55700,275.2
157111,4940,57300,283.1
157121,4940,56400,278.6
157131,4940,56600,279.6
157141,4940,56400,278.6
157151,4940,56600,279.6
157161,4820,144000,694.1
157171,4940,56600,279.6
157181,4940,57300,283.1
157191,4940,55700,275.2
157201,4940,57300,283.1
157211,4940,55700,275.2
157221,4940,57300,283.1
157231,4940,55700,275.2
157241,4940,57300,283.1
157251,4940,55800,275.7
157261,4940,57300,283.1
157271,4936,55700,274.9
157281,4940,57300,283.1
157291,4940,55700,275.2
157301,4940,57300,283.1
157311,4940,56400,278.6
157321,4940,56600,279.6
157331,4940,56300,278.1
157341,4940,56600,279.6
157351,4940,57200,282.6
157361,4940,56200,277.6
157371,4940,57300,283.1
157381,4936,55700,274.9
157391,4940,57200,282.6
157401,4940,55700,275.2
157411,4940,57300,283.1
157421,4940,55700,275.2
157431,4940,57300,283.1
157441,4940,55700,275.2
157451,4940,57300,283.1
157461,4940,55700,275.2
157471,4940,57300,283.1
157481,4940,56300,278.1
157491,4940,57000,281.6
157501,4940,56300,278.1
157511,4940,56700,280.1
157521,4940,56300,278.1
157531,4940,56700,280.1
157541,4940,57300,283.1
157551,4940,55700,275.2
157561,4940,57400,283.6
157571,4940,55700,275.2
157581,4940,57300,283.1
157591,4940,55800,275.7
157601,4940,57300,283.1
157611,4940,55700,275.2
157621,4940,57300,283.1
157631,4940,55700,275.2
157641,4944,57300,283.3
157651,4936,55700,274.9
157661,4940,57400,283.6
157671,4720,102400,483.3
157681,4940,56700,280.1
157691,4940,56400,278.6
157701,4940,56700,280.1
157711,4940,56500,279.1
157721,4940,56700,280.1
157731,4940,57300,283.1
157741,4940,55800,275.7
157751,4940,57300,283.1
157761,4940,55700,275.2
157771,4940,57300,283.1
157781,4940,55700,275.2
157791,4940,57300,283.1
157801,4940,55700,275.2
157811,4940,57300,283.1
157821,4936,55700,274.9
157831,4940,57200,282.6
157841,4936,55800,275.4
157851,4940,57400,283.6
157861,4940,56300,278.1
157871,4940,56600,279.6
157881,4940,56400,278.6
157891,4940,56600,279.6
157901,4940,57300,283.1
157911,4940,56000,276.6
157921,4944,57300,283.3
157931,4940,55700,275.2
157941,4940,57300,283.1
157951,4936,55700,274.9
157961,4940,57400,283.6
157971,4940,55700,275.2
157981,4940,57300,283.1
157991,4940,55800,275.7
158001,4940,57300,283.1
158011,4940,55800,275.7
158021,4940,57300,283.1
158031,4940,56400,278.6
158041,4940,56700,280.1
158051,4940,56300,278.1
158061,4940,56700,280.1
158071,4940,56400,278.6
158081,4940,56600,279.6
158091,4940,57300,283.1
158101,4940,55700,275.2
158111,4940,57300,283.1
158121,4940,55600,274.7
158131,4940,57300,283.1
158141,4936,55700,274.9
158151,4940,57300,283.1
158161,4940,55700,275.2
158171,4940,57300,283.1
158181,4940,55700,275.2
158191,4940,57300,283.1
158201,4940,55700,275.2
158211,4940,57300,283.1
158221,4940,56300,278.1
158231,4940,56800,280.6
158241,4940,56400,278.6
158251,4940,56700,280.1
158261,4940,56700,280.1
158271,4936,56600,279.4
158281,4940,57300,283.1
158291,4940,55700,275.2
158301,4940,57200,282.6
158311,4940,55700,275.2
158321,4940,57300,283.1
158331,4936,55600,274.4
158341,4940,57300,283.1
158351,4940,55700,275.2
158361,4940,57400,283.6
158372,4940,55700,275.2
158381,4940,57300,283.1
158391,4940,55800,275.7
158401,4940,57300,283.1
158411,4940,56400,278.6
158421,4940,56700,280.1
158431,4940,56400,278.6
158441,4940,56700,280.1
158451,4940,57400,283.6
158461,4940,55800,275.7
158471,4944,57300,283.3
158481,4940,55800,275.7
158491,4940,57300,283.1
158501,4940,55700,275.2
158511,4940,57300,283.1
158521,4940,55700,275.2
158531,4940,57300,283.1
158541,4940,55800,275.7
158551,4940,57300,283.1
158561,4940,55700,275.2
158571,4940,57300,283.1
158581,4940,56400,278.6
158591,4940,56600,279.6
158601,4940,56400,278.6
158611,4940,56600,279.6
158621,4940,56400,278.6
158631,4940,56600,279.6
158641,4940,57300,283.1
158651,4940,55700,275.2
158661,4940,57300,283.1
158671,4940,55700,275.2
158681,4820,142300,685.9
158691,4936,55800,275.4
158701,4940,57300,283.1
158711,4936,55700,274.9
158721,4940,57300,283.1
158731,4940,55800,275.7
158741,4940,57300,283.1
158751,4940,55700,275.2
158761,4940,57300,283.1
158771,4940,56400,278.6
158781,4940,56700,280.1
158791,4940,56400,278.6
158801,4940,56600,279.6
158811,4940,56800,280.6
158821,4940,56500,279.1
158831,4940,57300,283.1
158841,4940,55700,275.2
158851,4940,57300,283.1
158861,4936,55700,274.9
158871,4940,57300,283.1
158881,4940,55800,275.7
158891,4940,57400,283.6
158901,4936,55700,274.9
158911,4940,57300,283.1
158921,4940,55700,275.2
158931,4940,57300,283.1
158941,4940,56000,276.6
158951,4940,57300,283.1
158961,4940,56400,278.6
158971,4940,56600,279.6
158981,4940,56300,278.1
158991,4940,56700,280.1
159001,4940,57300,283.1
159011,4940,55700,275.2
159021,4940,57300,283.1
159031,4940,55700,275.2
159041,4940,57300,283.1
159051,4936,55700,274.9
159061,4940,57400,283.6
159071,4940,55700,275.2
159081,4940,57300,283.1
159091,4940,55700,275.2
159101,4940,57200,282.6
159111,4940,55700,275.2
159121,4940,57200,282.6
159131,4940,56300,278.1
159141,4940,56600,279.6
159151,4940,56300,278.1
159161,4940,56600,279.6
159171,4940,56400,278.6
159181,4940,56600,279.6
159191,4940,57400,283.6
159201,4940,55700,275.2
159211,4940,57400,283.6
159221,4940,55700,275.2
159231,4944,57300,283.3
159241,4940,55700,275.2
159251,4940,57300,283.1
159261,4940,55700,275.2
159271,4940,57300,283.1
159281,4936,55700,274.9
159291,4940,57300,283.1
159301,4936,55600,274.4
159311,4940,57300,283.1
159321,4940,56400,278.6
159331,4940,56600,279.6
159341,4940,56400,278.6
159351,4940,56600,279.6
159361,4940,57000,281.6
159371,4940,56300,278.1
159381,4940,57400,283.6
159391,4940,55700,275.2
159401,4940,57300,283.1
159411,4940,55700,275.2
159421,4940,57200,282.6
159431,4936,55700,274.9
159441,4940,57300,283.1
159451,4940,55800,275.7
159461,4940,57300,283.1
159471,4940,55700,275.2
159481,4940,57400,283.6
159491,4940,56300,278.1
159501,4940,57100,282.1
159511,4940,56400,278.6
159521,4940,56700,280.1
159531,4940,56400,278.6
159541,4940,56700,280.1
159551,4940,57300,283.1
159561,4940,55700,275.2
159571,4940,57200,282.6
159581,4936,55700,274.9
159591,4940,57200,282.6
159601,4940,55700,275.2
159611,4940,57300,283.1
159621,4940,55700,275.2
159631,4940,57400,283.6
159641,4936,55800,275.4
159651,4940,57300,283.1
159661,4936,55700,274.9
159671,4940,57300,283.1
159681,4940,56300,278.1
159691,4940,59800,295.4
159701,4940,56300,278.1
159711,4940,56700,280.1
159721,4940,56400,278.6
159731,4940,56600,279.6
159741,4940,57300,283.1
159751,4940,55700,275.2
159761,4940,57300,283.1
159771,4940,55700,275.2
159781,4940,57400,283.6
159791,4940,55800,275.7
159801,4940,57300,283.1
159811,4940,55700,275.2
159821,4940,57300,283.1
159831,4940,55700,275.2
159841,4940,57300,283.1
159851,4940,55700,275.2
159861,4940,57300,283.1
159871,4940,56400,278.6
159881,4940,56700,280.1
159891,4940,56300,278.1
159901,4940,56600,279.6
159911,4940,57200,282.6
159921,4940,56100,277.1
159931,4940,57400,283.6
159941,4940,55800,275.7
159951,4940,57300,283.1
159961,4940,55700,275.2
159971,4940,57300,283.1
159981,4940,55700,275.2
159991,4940,57300,283.1
160001,4936,55700,274.9
160012,4940,57300,283.1
160021,4940,55700,275.2
160031,4940,57300,283.1
160041,4936,56400,278.4
160051,4940,56900,281.1
160061,4940,56400,278.6
160071,4940,56600,279.6
160081,4940,56300,278.1
160091,4940,56600,279.6
160101,4940,57200,282.6
160111,4940,55700,275.2
160121,4944,57300,283.3
160131,4940,55700,275.2
160141,4940,57300,283.1
160151,4940,55700,275.2
160161,4940,57300,283.1
160171,4936,55700,274.9
160181,4940,57300,283.1
160191,4940,55700,275.2
160201,4844,219600,1063.7
160211,4936,55700,274.9
160221,4940,57300,283.1
160231,4940,56400,278.6
160241,4940,56700,280.1
160251,4940,56400,278.6
160261,4940,56700,280.1
160271,4940,56400,278.6
160281,4940,56700,280.1
160291,4940,57200,282.6
160301,4940,55700,275.2
160311,4940,57300,283.1
160321,4940,55800,275.7
160331,4940,57300,283.1
160341,4940,55700,275.2
160351,4940,57300,283.1
160361,4936,55700,274.9
160371,4940,57300,283.1
160381,4940,55700,275.2
160391,4940,57300,283.1
160401,4940,55700,275.2
160411,4940,57300,283.1
160421,4940,56300,278.1
160431,4940,56700,280.1
160441,4940,56300,278.1
160451,4940,56600,279.6
160461,4940,57400,283.6
160471,4940,55800,275.7
160481,4940,57300,283.1
160491,4940,55700,275.2
160501,4940,57300,283.1
160511,4940,55700,275.2
160521,4940,57300,283.1
160531,4940,55700,275.2
160541,4940,57300,283.1
160551,4936,55700,274.9
160561,4940,57300,283.1
160571,4940,55600,274.7
160581,4940,57300,283.1
160591,4940,56400,278.6
160601,4940,56700,280.1
160611,4940,56400,278.6
160621,4940,56700,280.1
160631,4940,56400,278.6
160641,4940,56700,280.1
160651,4940,57300,283.1
160661,4940,55800,275.7
160671,4940,57300,283.1
160681,4936,55800,275.4
160691,4940,57300,283.1
160701,4740,138100,654.6
160711,4940,57400,283.6
160721,4940,55700,275.2
160731,4940,57400,283.6
160741,4936,55700,274.9
160751,4940,57300,283.1
160761,4940,55700,275.2
160771,4940,57200,282.6
160781,4936,56400,278.4
160791,4940,56700,280.1
160801,4940,56400,278.6
160811,4940,56600,279.6
160821,4940,56500,279.1
160831,4940,56600,279.6
160841,4940,57300,283.1
160851,4940,55700,275.2
160861,4940,57300,283.1
160871,4940,55700,275.2
160881,4940,57300,283.1
160891,4940,55700,275.2
160901,4940,57300,283.1
160911,4940,55700,275.2
160921,4940,57300,283.1
160931,4940,55700,275.2
160941,4940,57300,283.1
160951,4936,55800,275.4
160961,4940,57300,283.1
160971,4940,56400,278.6
160981,4940,56700,280.1
160991,4940,56300,278.1
161001,4940,56700,280.1
161011,4940,57300,283.1
161021,4940,55700,275.2
161031,4940,57300,283.1
161041,4940,55700,275.2
161051,4940,57300,283.1
161061,4940,55700,275.2
161071,4940,57300,283.1
161081,4940,55700,275.2
161091,4940,57300,283.1
161101,4940,55700,275.2
161111,4940,57300,283.1
161121,4940,55600,274.7
161131,4940,57300,283.1
161141,4940,56400,278.6
161151,4940,56600,279.6
161161,4940,56400,278.6
161171,4940,56700,280.1
161181,4940,56400,278.6
161191,4940,56600,279.6
161201,4828,207600,1002.3
161211,4940,55800,275.7
161221,4940,57400,283.6
161231,4940,55700,275.2
161241,4940,57300,283.1
161251,4940,55700,275.2
161261,4940,57300,283.1
161271,4940,55700,275.2
161281,4940,57300,283.1
161291,4940,55700,275.2
161301,4940,57300,283.1
161311,4940,55700,275.2
161321,4940,57300,283.1
161331,4940,56400,278.6
161341,4940,56700,280.1
161351,4940,56300,278.1
161361,4940,56700,280.1
161371,4940,56800,280.6
161381,4940,56500,279.1
161391,4944,57300,283.3
161401,4940,55700,275.2
161411,4940,57400,283.6
161421,4940,55700,275.2
161431,4940,57300,283.1
161441,4940,55700,275.2
161451,4940,57300,283.1
161461,4940,55700,275.2
161471,4940,57200,282.6
161481,4940,55700,275.2
161491,4940,57400,283.6
161501,4940,56100,277.1
161511,4940,57300,283.1
161521,4940,56300,278.1
161531,4940,56700,280.1
161541,4940,56400,278.6
161551,4940,56600,279.6
161561,4940,57300,283.1
161571,4940,55700,275.2
161581,4940,57300,283.1
161591,4940,55700,275.2
161601,4940,57300,283.1
161611,4936,55700,274.9
161621,4940,57300,283.1
161631,4940,55700,275.2
161641,4940,57300,283.1
161652,4940,55700,275.2
161661,4940,57200,282.6
161671,4940,55700,275.2
161681,4940,57300,283.1
161691,4940,56300,278.1
161701,4940,56600,279.6
161711,4828,166100,801.9
161721,4940,56700,280.1
161731,4940,56400,278.6
161741,4940,56700,280.1
161751,4940,57400,283.6
161761,4940,55800,275.7
161771,4940,57300,283.1
161781,4936,55700,274.9
161791,4940,57300,283.1
161801,4940,55700,275.2
161811,4940,57300,283.1
161821,4936,55700,274.9
161831,4940,57300,283.1
161841,4940,55700,275.2
161851,4940,57300,283.1
161861,4936,55800,275.4
161871,4940,57200,282.6
161881,4940,56400,278.6
161891,4940,56600,279.6
161901,4940,56400,278.6
161911,4940,56600,279.6
161921,4940,57100,282.1
161931,4940,56300,278.1
161941,4940,57300,283.1
161951,4940,55700,275.2
161961,4940,57300,283.1
161971,4940,55700,275.2
161981,4940,57300,283.1
161991,4940,55700,275.2
162001,4940,57300,283.1
162011,4940,55700,275.2
162021,4940,57400,283.6
162031,4940,55700,275.2
162041,4940,57300,283.1
162051,4940,56300,278.1
162061,4940,57100,282.1
162071,4940,56300,278.1
162081,4940,56600,279.6
162091,4940,56400,278.6
162101,4940,56600,279.6
162111,4940,57300,283.1
162121,4940,55700,275.2
162131,4944,57300,283.3
162141,4940,55700,275.2
162151,4940,57300,283.1
162161,4936,55700,274.9
162171,4940,57300,283.1
162181,4940,55800,275.7
162191,4940,57300,283.1
162201,4936,55600,274.4
162211,4908,60400,296.4
162221,4940,55700,275.2
162231,4940,57400,283.6
162241,4940,56300,278.1
162251,4940,56700,280.1
162261,4940,56500,279.1
162271,4940,56600,279.6
162281,4940,56400,278.6
162291,4940,56600,279.6
162301,4940,57300,283.1
162311,4940,55700,275.2
162321,4940,57300,283.1
162331,4936,55800,275.4
162341,4940,57300,283.1
162351,4940,55800,275.7
162361,4940,57300,283.1
162371,4936,55600,274.4
162381,4940,57300,283.1
162391,4940,55700,275.2
162401,4940,57300,283.1
162411,4936,55700,274.9
162421,4940,57300,283.1
162431,4940,56400,278.6
162441,4940,56600,279.6
162451,4940,56400,278.6
162461,4940,56600,279.6
162471,4940,57200,282.6
162481,4940,56000,276.6
162491,4940,57300,283.1
162501,4940,55800,275.7
162511,4940,57400,283.6
162521,4940,55700,275.2
162531,4940,57400,283.6
162541,4936,55700,274.9
162551,4940,57300,283.1
162561,4936,55700,274.9
162571,4940,57300,283.1
162581,4936,55700,274.9
162591,4940,57300,283.1
162601,4940,56400,278.6
162611,4940,56800,280.6
162621,4940,56400,278.6
162631,4940,56700,280.1
162641,4940,56400,278.6
162651,4940,56700,280.1
162661,4940,57300,283.1
162671,4940,55700,275.2
162681,4940,57300,283.1
162691,4940,55700,275.2
162701,4940,57300,283.1
162711,4940,55800,275.7
162721,4940,57300,283.1
162731,4940,55800,275.7
162741,4940,57400,283.6
162751,4940,55600,274.7
162761,4940,57300,283.1
162771,4940,55700,275.2
162781,4940,57300,283.1
162791,4940,56300,278.1
162801,4940,56600,279.6
162811,4940,56400,278.6
162821,4940,56600,279.6
162831,4940,56500,279.1
162841,4940,56700,280.1
162851,4940,57200,282.6
162861,4936,55700,274.9
162871,4940,57300,283.1
162881,4940,55700,275.2
162891,4940,57300,283.1
162901,4940,55700,275.2
162911,4940,57300,283.1
162921,4936,55700,274.9
162931,4940,57300,283.1
162941,4940,55700,275.2
162951,4940,57300,283.1
162961,4940,55800,275.7
162971,4940,57300,283.1
162981,4940,56400,278.6
162991,4940,56600,279.6
163001,4940,56400,278.6
163011,4940,56700,280.1
163021,4940,57300,283.1
163031,4940,55800,275.7
163041,4940,57300,283.1
163051,4936,55800,275.4
163061,4940,57300,283.1
163071,4940,55700,275.2
163081,4940,57300,283.1
163091,4940,55700,275.2
163101,4940,57300,283.1
163111,4940,55700,275.2
163121,4940,57300,283.1
163131,4940,55700,275.2
163141,4940,57300,283.1
163151,4940,56500,279.1
163161,4940,56600,279.6
163171,4940,56300,278.1
163181,4940,56700,280.1
163191,4940,56300,278.1
163201,4940,56700,280.1
163211,4940,57300,283.1
163221,4820,132400,638.2
163231,4940,57300,283.1
163241,4940,55700,275.2
163251,4940,57300,283.1
163261,4936,55700,274.9
163271,4940,57300,283.1
163282,4940,55700,275.2
163291,4940,57300,283.1
163301,4936,55700,274.9
163311,4940,57300,283.1
163321,4936,55800,275.4
163331,4940,57300,283.1
163341,4940,56400,278.6
163351,4940,56700,280.1
163361,4940,56400,278.6
163371,4940,56700,280.1
163381,4940,56800,280.6
163391,4940,56600,279.6
163401,4940,57300,283.1
163411,4940,55700,275.2
163421,4940,57300,283.1
163431,4940,55700,275.2
163441,4940,57300,283.1
163451,4940,55800,275.7
163461,4940,57300,283.1
163471,4940,55700,275.2
163481,4940,57300,283.1
163491,4940,55700,275.2
163501,4940,57300,283.1
163511,4940,56000,276.6
163521,4940,57300,283.1
163531,4940,56400,278.6
163541,4940,56700,280.1
163551,4940,56400,278.6
163561,4940,56600,279.6
163571,4940,57300,283.1
163581,4940,55700,275.2
163591,4940,57300,283.1
163601,4936,55800,275.4
163611,4940,57300,283.1
163621,4940,55700,275.2
163631,4940,57300,283.1
163641,4940,55700,275.2
163651,4940,57300,283.1
163661,4940,55700,275.2
163671,4940,57300,283.1
163681,4940,55700,275.2
163691,4940,57300,283.1
163701,4940,56400,278.6
163711,4940,56500,279.1
163721,4932,103200,509.0
163731,4940,56700,280.1
163741,4940,56400,278.6
163751,4940,56700,280.1
163761,4940,57400,283.6
163771,4940,55800,275.7
163781,4940,57400,283.6
163791,4940,55700,275.2
163801,4940,57300,283.1
163811,4940,55700,275.2
163821,4940,57300,283.1
163831,4940,55800,275.7
163841,4940,57300,283.1
163851,4940,55700,275.2
163861,4940,57300,283.1
163871,4940,55800,275.7
163881,4940,57400,283.6
163891,4940,56400,278.6
163901,4940,56700,280.1
163911,4940,56400,278.6
163921,4940,56600,279.6
163931,4940,57100,282.1
163941,4940,56300,278.1
163951,4940,57300,283.1
163961,4940,55700,275.2
163971,4940,57300,283.1
163981,4940,55800,275.7
163991,4940,57300,283.1
164001,4940,55700,275.2
164011,4940,57300,283.1
164021,4940,55700,275.2
164031,4940,57300,283.1
164041,4940,55700,275.2
164051,4944,57300,283.3
164061,4940,56300,278.1
164071,4940,57100,282.1
164081,4940,56400,278.6
164091,4940,56600,279.6
164101,4940,56400,278.6
164111,4940,56700,280.1
164121,4940,57300,283.1
164131,4940,55700,275.2
164141,4940,57300,283.1
164151,4940,55700,275.2
164161,4940,57300,283.1
164171,4940,55700,275.2
164181,4940,57300,283.1
164191,4936,55700,274.9
164201,4940,57300,283.1
164211,4936,55700,274.9
164221,4940,57300,283.1
164231,4812,133200,641.0
164241,4940,57200,282.6
164251,4936,56300,277.9
164261,4940,56700,280.1
164271,4940,56400,278.6
164281,4940,56800,280.6
164291,4940,56400,278.6
164301,4940,56700,280.1
164311,4944,57400,283.8
164321,4940,55800,275.7
164331,4940,57400,283.6
164341,4940,55700,275.2
164351,4940,57300,283.1
164361,4940,55700,275.2
164371,4940,57300,283.1
164381,4940,55700,275.2
164391,4940,57200,282.6
164401,4940,55800,275.7
164411,4940,57300,283.1
164421,4940,55800,275.7
164431,4940,57300,283.1
164441,4940,56400,278.6
164451,4940,56700,280.1
164461,4940,56400,278.6
164471,4940,56700,280.1
164481,4940,57400,283.6
164491,4940,56100,277.1
164501,4940,57300,283.1
164511,4940,55800,275.7
164521,4940,57300,283.1
164531,4936,55700,274.9
164541,4944,57300,283.3
164551,4940,55700,275.2
164561,4940,57300,283.1
164571,4940,55700,275.2
164581,4940,57300,283.1
164591,4940,55700,275.2
164601,4940,57300,283.1
164611,4940,56400,278.6
164621,4940,56800,280.6
164631,4940,56400,278.6
164641,4940,56600,279.6
164651,4940,56400,278.6
164661,4940,56700,280.1
164671,4940,57300,283.1
164681,4940,55800,275.7
164691,4940,57300,283.1
164701,4936,55700,274.9
164711,4940,57300,283.1
164721,4940,55700,275.2
164731,4940,57300,283.1
164741,4940,55800,275.7
164751,4944,57300,283.3
164761,4940,55700,275.2
164771,4940,57300,283.1
164781,4940,55700,275.2
164791,4940,57300,283.1
164801,4940,56400,278.6
164811,4940,56800,280.6
164821,4940,56300,278.1
164831,4940,56700,280.1
164841,4940,56500,279.1
164851,4940,56700,280.1
164861,4940,57400,283.6
164871,4940,55700,275.2
164881,4940,57400,283.6
164891,4940,55700,275.2
164901,4940,57300,283.1
164911,4940,55700,275.2
164922,4940,57200,282.6
164931,4940,55800,275.7
164941,4940,57300,283.1
164951,4940,55700,275.2
164961,4940,57300,283.1
164971,4940,55800,275.7
164981,4944,57300,283.3
164991,4940,56300,278.1
165001,4940,56700,280.1
165011,4940,56300,278.1
165021,4940,56600,279.6
165031,4940,57300,283.1
165041,4940,55800,275.7
165051,4940,57300,283.1
165061,4940,55700,275.2
165071,4940,57300,283.1
165081,4940,55700,275.2
165091,4940,57300,283.1
165101,4940,55800,275.7
165111,4940,57300,283.1
165121,4940,55700,275.2
165131,4940,57300,283.1
165141,4940,55700,275.2
165151,4940,57300,283.1
165161,4940,56400,278.6
165171,4940,56600,279.6
165181,4940,56300,278.1
165191,4940,56700,280.1
165201,4940,56400,278.6
165211,4940,56600,279.6
165221,4940,57300,283.1
165231,4940,55800,275.7
165241,4820,142400,686.4
165251,4940,55700,275.2
165261,4944,57300,283.3
165271,4940,55700,275.2
165281,4940,57400,283.6
165291,4940,55700,275.2
165301,4940,57300,283.1
165311,4940,55800,275.7
165321,4944,57300,283.3
165331,4936,55800,275.4
165341,4944,57400,283.8
165351,4940,56500,279.1
165361,4940,56700,280.1
165371,4940,56300,278.1
165381,4940,56600,279.6
165391,4936,56800,280.4
165401,4940,56500,279.1
165411,4940,57300,283.1
165421,4936,55700,274.9
165431,4940,57400,283.6
165441,4936,55700,274.9
165451,4940,57300,283.1
165461,4940,55700,275.2
165471,4940,57300,283.1
165481,4936,55700,274.9
165491,4940,57300,283.1
165501,4936,55700,274.9
165511,4940,57300,283.1
165521,4940,56100,277.1
165531,4940,57200,282.6
165541,4940,56300,278.1
165551,4940,56700,280.1
165561,4940,56300,278.1
165571,4940,56700,280.1
165581,4940,57300,283.1
165591,4940,55600,274.7
165601,4940,57300,283.1
165611,4940,55700,275.2
165621,4940,57300,283.1
165631,4940,55700,275.2
165641,4940,57300,283.1
165651,4940,55700,275.2
165661,4944,57300,283.3
165671,4940,55800,275.7
165681,4940,57300,283.1
165691,4940,55700,275.2
165701,4940,57300,283.1
165711,4936,56300,277.9
165721,4940,56600,279.6
165731,4940,56400,278.6
165741,4940,56700,280.1
165751,4816,145400,700.2
165761,4940,56700,280.1
165771,4940,57300,283.1
165781,4936,55700,274.9
165791,4940,57200,282.6
165801,4940,55800,275.7
165811,4940,57300,283.1
165821,4936,55800,275.4
165831,4940,57300,283.1
165841,4940,55700,275.2
165851,4940,57300,283.1
165861,4940,55800,275.7
165871,4940,57300,283.1
165881,4940,55800,275.7
165891,4940,57300,283.1
165901,4940,56400,278.6
165911,4940,56700,280.1
165921,4940,56400,278.6
165931,4940,56700,280.1
165941,4940,57100,282.1
165951,4940,56300,278.1
165961,4940,57300,283.1
165971,4940,55700,275.2
165981,4940,57300,283.1
165991,4940,55700,275.2
166001,4940,57300,283.1
166011,4940,55700,275.2
166021,4940,57300,283.1
166031,4940,55800,275.7
166041,4940,57300,283.1
166051,4940,55700,275.2
166061,4940,57300,283.1
166071,4940,56300,278.1
166081,4940,57100,282.1
166091,4940,56300,278.1
166101,4940,56700,280.1
166111,4940,56400,278.6
166121,4940,56700,280.1
166131,4940,57300,283.1
166141,4940,55700,275.2
166151,4940,57400,283.6
166161,4940,55700,275.2
166171,4940,57300,283.1
166181,4940,55700,275.2
166191,4940,57300,283.1
166201,4940,55800,275.7
166211,4940,57300,283.1
166221,4940,55700,275.2
166231,4940,57300,283.1
166241,4940,55700,275.2
166251,4940,57300,283.1
166261,4836,133900,647.5
166271,4940,56700,280.1
166281,4940,56400,278.6
166291,4940,56700,280.1
166301,4940,56400,278.6
166311,4940,56700,280.1
166321,4940,57300,283.1
166331,4936,55700,274.9
166341,4940,57400,283.6
166351,4940,55700,275.2
166361,4940,57400,283.6
166371,4940,55700,275.2
166381,4940,57400,283.6
166391,4940,55800,275.7
166401,4940,57300,283.1
166411,4940,55700,275.2
166421,4940,57300,283.1
166431,4940,55700,275.2
166441,4940,57300,283.1
166451,4940,56300,278.1
166461,4940,56600,279.6
166471,4940,56300,278.1
166481,4940,56700,280.1
166491,4940,57300,283.1
166501,4940,56000,276.6
166511,4940,57300,283.1
166521,4936,55800,275.4
166531,4940,57300,283.1
166541,4936,55700,274.9
166551,4940,57300,283.1
166562,4940,55700,275.2
166571,4940,57400,283.6
166581,4940,55700,275.2
166591,4940,57300,283.1
166601,4940,55700,275.2
166611,4940,57300,283.1
166621,4936,56400,278.4
166631,4940,56700,280.1
166641,4940,56400,278.6
166651,4940,56700,280.1
166661,4940,56300,278.1
166671,4940,56600,279.6
166681,4940,57400,283.6
166691,4940,55700,275.2
166701,4940,57300,283.1
166711,4940,55700,275.2
166721,4940,57200,282.6
166731,4936,55800,275.4
166741,4940,57300,283.1
166751,4940,55700,275.2
166761,4820,154700,745.7
166771,4940,55800,275.7
166781,4940,57300,283.1
166791,4940,55700,275.2
166801,4940,57300,283.1
166811,4940,56400,278.6
166821,4940,56700,280.1
166831,4940,56300,278.1
166841,4940,56600,279.6
166851,4940,56700,280.1
166861,4940,56600,279.6
166871,4940,57300,283.1
166881,4940,55700,275.2
166891,4940,57300,283.1
166901,4936,55700,274.9
166911,4940,57300,283.1
166921,4940,55800,275.7
166931,4940,57300,283.1
166941,4940,55700,275.2
166951,4940,57300,283.1
166961,4940,55700,275.2
166971,4940,57200,282.6
166981,4940,56000,276.6
166991,4940,57300,283.1
167001,4940,56400,278.6
167011,4940,56700,280.1
167021,4940,56400,278.6
167031,4940,56700,280.1
167041,4940,57200,282.6
167051,4940,55700,275.2
167061,4940,57300,283.1
167071,4936,55700,274.9
167081,4940,57400,283.6
167091,4940,55700,275.2
167101,4940,57300,283.1
167111,4940,55700,275.2
167121,4940,57300,283.1
167131,4940,55600,274.7
167141,4940,57300,283.1
167151,4940,55700,275.2
167161,4940,57300,283.1
167171,4940,56300,278.1
167181,4940,56600,279.6
167191,4940,56300,278.1
167201,4940,56600,279.6
167211,4940,56300,278.1
167221,4940,56700,280.1
167231,4940,57300,283.1
167241,4940,55800,275.7
167251,4940,57400,283.6
167261,4940,55700,275.2
167271,4940,57300,283.1
167281,4940,55800,275.7
167291,4940,57300,283.1
167301,4940,55700,275.2
167311,4940,57300,283.1
167321,4936,55700,274.9
167331,4940,57300,283.1
167341,4936,55700,274.9
167351,4940,57200,282.6
167361,4940,56400,278.6
167371,4940,56700,280.1
167381,4940,56400,278.6
167391,4940,56700,280.1
167401,4940,57000,281.6
167411,4940,56300,278.1
167421,4940,57300,283.1
167431,4936,55800,275.4
167441,4940,57300,283.1
167451,4940,55700,275.2
167461,4940,57300,283.1
167471,4940,55700,275.2
167481,4940,57300,283.1
167491,4940,55800,275.7
167501,4940,57300,283.1
167511,4940,55700,275.2
167521,4940,57300,283.1
167531,4940,56300,278.1
167541,4940,57100,282.1
167551,4940,56300,278.1
167561,4940,56700,280.1
167571,4940,56400,278.6
167581,4940,56700,280.1
167591,4940,57300,283.1
167601,4940,55700,275.2
167611,4940,57300,283.1
167621,4940,55700,275.2
167631,4940,57300,283.1
167641,4936,55700,274.9
167651,4940,57300,283.1
167661,4940,55600,274.7
167671,4940,57300,283.1
167681,4940,55700,275.2
167691,4940,57300,283.1
167701,4940,55700,275.2
167711,4940,57300,283.1
167721,4940,56300,278.1
167731,4940,56700,280.1
167741,4940,56300,278.1
167751,4940,56700,280.1
167761,4936,56300,277.9
167771,4808,138900,667.8
167781,4940,57300,283.1
167791,4940,55700,275.2
167801,4940,57400,283.6
167811,4940,55800,275.7
167821,4940,57300,283.1
167831,4936,55700,274.9
167841,4940,57300,283.1
167851,4936,55800,275.4
167861,4940,57300,283.1
167871,4936,55700,274.9
167881,4940,57300,283.1
167891,4940,55700,275.2
167901,4940,57400,283.6
167911,4940,56400,278.6
167921,4940,56700,280.1
167931,4940,56400,278.6
167941,4940,56700,280.1
167951,4940,57400,283.6
167961,4940,56000,276.6
167971,4940,57300,283.1
167981,4940,55800,275.7
167991,4940,57300,283.1
168001,4940,55700,275.2
168011,4940,57300,283.1
168021,4940,55700,275.2
168031,4940,57400,283.6
168041,4936,55700,274.9
168051,4940,57400,283.6
168061,4940,55800,275.7
168071,4940,57300,283.1
168081,4940,56400,278.6
168091,4940,56800,280.6
168101,4940,56400,278.6
168111,4940,56700,280.1
168121,4940,56300,278.1
168131,4940,56700,280.1
168141,4940,57300,283.1
168151,4936,55700,274.9
168161,4940,57300,283.1
168171,4940,55800,275.7
168181,4940,57400,283.6
168191,4936,55800,275.4
168202,4940,57300,283.1
168211,4940,55700,275.2
168221,4940,57300,283.1
168231,4936,55700,274.9
168241,4940,57300,283.1
168251,4940,55800,275.7
168261,4940,57300,283.1
168271,4936,56300,277.9
168281,4932,56700,279.6
168291,4940,56400,278.6
168301,4940,56700,280.1
168311,4940,56600,279.6
168321,4940,56700,280.1
168331,4940,57300,283.1
168341,4936,55700,274.9
168351,4940,57300,283.1
168361,4936,55700,274.9
168371,4940,57300,283.1
168381,4940,55700,275.2
168391,4940,57400,283.6
168401,4940,55700,275.2
168411,4940,57300,283.1
168421,4936,55800,275.4
168431,4940,57300,283.1
168441,4940,55900,276.1
168451,4940,57300,283.1
168461,4940,56400,278.6
168471,4940,56600,279.6
168481,4940,56400,278.6
168491,4940,56700,280.1
168501,4940,57400,283.6
168511,4940,55800,275.7
168521,4940,57400,283.6
168531,4940,55700,275.2
168541,4940,57300,283.1
168551,4936,55700,274.9
168561,4940,57300,283.1
168571,4936,55700,274.9
168581,4940,57400,283.6
168591,4940,55800,275.7
168601,4940,57300,283.1
168611,4940,55800,275.7
168621,4944,57300,283.3
168631,4936,56500,278.9
168641,4940,56600,279.6
168651,4940,56400,278.6
168661,4940,56700,280.1
168671,4940,56400,278.6
168681,4940,56700,280.1
168691,4940,57300,283.1
168701,4936,55800,275.4
168711,4940,57300,283.1
168721,4936,55700,274.9
168731,4940,57300,283.1
168741,4940,55700,275.2
168751,4940,57300,283.1
168761,4940,55700,275.2
168771,4940,57300,283.1
168781,4816,184200,887.1
168791,4940,57300,283.1
168801,4940,55800,275.7
168811,4940,57300,283.1
168821,4940,56400,278.6
168831,4940,56700,280.1
168841,4940,56400,278.6
168851,4940,56800,280.6
168861,4940,56800,280.6
168871,4940,56600,279.6
168881,4940,57400,283.6
168891,4936,55700,274.9
168901,4940,57400,283.6
168911,4940,55700,275.2
168921,4940,57400,283.6
168931,4940,55800,275.7
168941,4944,57300,283.3
168951,4940,55800,275.7
168961,4940,57400,283.6
168971,4940,55700,275.2
168981,4944,57300,283.3
168991,4940,56100,277.1
169001,4940,57300,283.1
169011,4940,56300,278.1
169021,4940,56700,280.1
169031,4940,56400,278.6
169041,4940,56700,280.1
169051,4940,57300,283.1
169061,4940,55700,275.2
169071,4940,57300,283.1
169081,4940,55700,275.2
169091,4940,57400,283.6
169101,4936,55700,274.9
169111,4940,57300,283.1
169121,4936,55700,274.9
169131,4940,57300,283.1
169141,4940,55700,275.2
169151,4940,57300,283.1
169161,4940,55800,275.7
169171,4940,57400,283.6
169181,4940,56400,278.6
169191,4940,56600,279.6
169201,4940,56400,278.6
169211,4940,56700,280.1
169221,4940,56400,278.6
169231,4940,56700,280.1
169241,4940,57300,283.1
169251,4936,55700,274.9
169261,4940,57300,283.1
169271,4936,55700,274.9
169281,4940,57300,283.1
169291,4832,133100,643.1
169301,4940,57400,283.6
169311,4936,55800,275.4
169321,4940,57400,283.6
169331,4940,55800,275.7
169341,4940,57300,283.1
169351,4940,55800,275.7
169361,4940,57300,283.1
169371,4940,56400,278.6
169381,4940,56700,280.1
169391,4940,56400,278.6
169401,4940,56800,280.6
169411,4940,57200,282.6
169421,4940,56300,278.1
169431,4940,57300,283.1
169441,4940,55700,275.2
169451,4940,57300,283.1
169461,4936,55800,275.4
169471,4940,57300,283.1
169481,4940,55800,275.7
169491,4940,57400,283.6
169501,4940,55800,275.7
169511,4940,57300,283.1
169521,4936,55700,274.9
169531,4940,57400,283.6
169541,4940,56400,278.6
169551,4940,57000,281.6
169561,4940,56400,278.6
169571,4940,56600,279.6
169581,4940,56400,278.6
169591,4940,56700,280.1
169601,4940,57400,283.6
169611,4940,55700,275.2
169621,4940,57300,283.1
169631,4940,55700,275.2
169641,4940,57300,283.1
169651,4940,55800,275.7
169661,4940,57300,283.1
169671,4936,55700,274.9
169681,4940,57300,283.1
169691,4940,55800,275.7
169701,4940,57400,283.6
169711,4940,55700,275.2
169721,4940,57400,283.6
169731,4940,56400,278.6
169741,4940,56700,280.1
169751,4940,56400,278.6
169761,4940,56700,280.1
169771,4940,56600,279.6
169781,4940,56700,280.1
169791,4824,206200,994.7
169801,4936,55700,274.9
169811,4940,57400,283.6
169821,4940,55800,275.7
169832,4940,57400,283.6
169841,4936,55700,274.9
169851,4940,57400,283.6
169861,4940,55800,275.7
169871,4940,57300,283.1
169881,4940,55700,275.2
169891,4944,57400,283.8
169901,4936,55800,275.4
169911,4940,57400,283.6
169921,4940,56400,278.6
169931,4940,56700,280.1
169941,4940,56400,278.6
169951,4940,56700,280.1
169961,4940,57300,283.1
169971,4940,55900,276.1
169981,4940,57300,283.1
169991,4940,55700,275.2
170001,4940,57400,283.6
170011,4940,55700,275.2
170021,4940,57300,283.1
170031,4940,55800,275.7
170041,4940,57300,283.1
170051,4940,55700,275.2
170061,4944,57300,283.3
170071,4936,55700,274.9
170081,4940,57300,283.1
170091,4940,56500,279.1
170101,4940,56700,280.1
170111,4940,56300,278.1
170121,4940,56600,279.6
170131,4940,56300,278.1
170141,4940,56700,280.1
170151,4940,57300,283.1
170161,4936,55800,275.4
170171,4940,57300,283.1
170181,4940,55700,275.2
170191,4940,57300,283.1
170201,4940,55800,275.7
170211,4940,57300,283.1
170221,4936,55700,274.9
170231,4940,57400,283.6
170241,4940,55800,275.7
170251,4940,57300,283.1
170261,4936,55700,274.9
170271,4940,57300,283.1
170281,4940,56400,278.6
170291,4816,140500,676.6
170301,4940,56400,278.6
170311,4940,56700,280.1
170321,4940,56700,280.1
170331,4940,56700,280.1
170341,4940,57300,283.1
170351,4936,55700,274.9
170361,4940,57300,283.1
170371,4940,55700,275.2
170381,4940,57300,283.1
170391,4940,55800,275.7
170401,4940,57400,283.6
170411,4940,55700,275.2
170421,4940,57400,283.6
170431,4940,55700,275.2
170441,4940,57400,283.6
170451,4936,56000,276.4
170461,4940,57300,283.1
170471,4940,56400,278.6
170481,4940,56700,280.1
170491,4940,56400,278.6
170501,4940,56800,280.6
170511,4940,57300,283.1
170521,4940,55700,275.2
170531,4940,57400,283.6
170541,4940,55700,275.2
170551,4940,57300,283.1
170561,4940,55800,275.7
170571,4940,57300,283.1
170581,4940,55700,275.2
170591,4940,57300,283.1
170601,4940,55800,275.7
170611,4940,57300,283.1
170621,4940,55700,275.2
170631,4944,57300,283.3
170641,4940,56400,278.6
170651,4940,56600,279.6
170661,4940,56400,278.6
170671,4940,56700,280.1
170681,4940,56400,278.6
170691,4940,56700,280.1
170701,4940,57300,283.1
170711,4940,55700,275.2
170721,4940,57300,283.1
170731,4940,55700,275.2
170741,4940,57400,283.6
170751,4940,55700,275.2
170761,4940,57300,283.1
170771,4940,55800,275.7
170781,4940,57300,283.1
170791,4936,55700,274.9
170801,4764,160500,764.6
170811,4936,55700,274.9
170821,4940,57400,283.6
170831,4940,56400,278.6
170841,4940,56700,280.1
170851,4940,56400,278.6
170861,4940,56600,279.6
170871,4940,57000,281.6
170881,4940,56500,279.1
170891,4940,57300,283.1
170901,4936,55700,274.9
170911,4940,57300,283.1
170921,4940,55700,275.2
170931,4940,57300,283.1
170941,4936,55700,274.9
170951,4940,57300,283.1
170961,4940,55700,275.2
170971,4940,57400,283.6
170981,4940,55700,275.2
170991,4940,57400,283.6
171001,4940,56300,278.1
171011,4940,57200,282.6
171021,4940,56400,278.6
171031,4940,56700,280.1
171041,4940,56300,278.1
171051,4940,56800,280.6
171061,4940,57400,283.6
171071,4940,55700,275.2
171081,4940,57300,283.1
171091,4936,55800,275.4
171101,4940,57300,283.1
171111,4936,55700,274.9
171121,4940,57300,283.1
171131,4940,55700,275.2
171141,4940,57300,283.1
171151,4936,55800,275.4
171161,4940,57300,283.1
171171,4940,55800,275.7
171181,4940,57300,283.1
171191,4940,56300,278.1
171201,4940,56600,279.6
171211,4940,56400,278.6
171221,4940,56700,280.1
171231,4940,56500,279.1
171241,4940,56700,280.1
171251,4940,57400,283.6
171261,4940,55800,275.7
171271,4940,57300,283.1
171281,4940,55800,275.7
171291,4940,57400,283.6
171301,4932,60500,298.4
171311,4940,57400,283.6
171321,4940,55800,275.7
171331,4940,57400,283.6
171341,4936,55800,275.4
171351,4940,57400,283.6
171361,4940,55700,275.2
171371,4940,57400,283.6
171381,4940,56400,278.6
171391,4940,56700,280.1
171401,4940,56400,278.6
171411,4940,56700,280.1
171421,4940,57300,283.1
171431,4940,56200,277.6
171441,4940,57300,283.1
171451,4936,55800,275.4
171461,4940,57300,283.1
171472,4940,55800,275.7
171481,4940,57300,283.1
171491,4936,55600,274.4
171501,4940,57300,283.1
171511,4940,55700,275.2
171521,4940,57400,283.6
171531,4940,55800,275.7
171541,4940,57300,283.1
171551,4940,56500,279.1
171561,4940,56900,281.1
171571,4940,56400,278.6
171581,4940,56600,279.6
171591,4940,56300,278.1
171601,4940,56700,280.1
171611,4940,57300,283.1
171621,4936,55800,275.4
171631,4944,57400,283.8
171641,4940,55700,275.2
171651,4940,57400,283.6
171661,4940,55700,275.2
171671,4940,57400,283.6
171681,4936,55700,274.9
171691,4940,57300,283.1
171701,4940,55800,275.7
171711,4940,57300,283.1
171721,4940,55700,275.2
171731,4940,57300,283.1
171741,4936,56400,278.4
171751,4940,56800,280.6
171761,4940,56400,278.6
171771,4940,56700,280.1
171781,4940,56600,279.6
171791,4940,56700,280.1
171801,4940,57300,283.1
171811,4796,140600,674.3
171821,4940,57300,283.1
171831,4940,55700,275.2
171841,4940,57300,283.1
171851,4940,55700,275.2
171861,4940,57300,283.1
171871,4940,55800,275.7
171881,4940,57300,283.1
171891,4940,55800,275.7
171901,4940,57400,283.6
171911,4940,55800,275.7
171921,4940,57300,283.1
171931,4940,56300,278.1
171941,4940,56700,280.1
171951,4940,56400,278.6
171961,4940,56700,280.1
171971,4940,57400,283.6
171981,4940,55800,275.7
171991,4940,57300,283.1
172001,4936,55700,274.9
172011,4940,57300,283.1
172021,4940,55700,275.2
172031,4940,57300,283.1
172041,4940,55700,275.2
172051,4940,57300,283.1
172061,4940,55700,275.2
172071,4940,57400,283.6
172081,4940,55700,275.2
172091,4940,57300,283.1
172101,4940,56500,279.1
172111,4940,56700,280.1
172121,4940,56400,278.6
172131,4940,56700,280.1
172141,4940,56400,278.6
172151,4940,56700,280.1
172161,4940,57200,282.6
172171,4940,55700,275.2
172181,4940,57300,283.1
172191,4940,55700,275.2
172201,4940,57300,283.1
172211,4940,55700,275.2
172221,4940,57400,283.6
172231,4940,55800,275.7
172241,4944,57400,283.8
172251,4940,55700,275.2
172261,4940,57300,283.1
172271,4940,55800,275.7
172281,4940,57300,283.1
172291,4940,56300,278.1
172301,4940,56700,280.1
172311,4940,56400,278.6
172321,4716,131800,621.6
172331,4940,56800,280.6
172341,4940,56600,279.6
172351,4940,57300,283.1
172361,4940,55700,275.2
172371,4940,57300,283.1
172381,4940,55800,275.7
172391,4940,57400,283.6
172401,4940,55800,275.7
172411,4940,57200,282.6
172421,4940,55800,275.7
172431,4940,57300,283.1
172441,4940,55800,275.7
172451,4940,57400,283.6
172461,4940,56000,276.6
172471,4940,57300,283.1
172481,4940,56300,278.1
172491,4940,56800,280.6
172501,4940,56400,278.6
172511,4940,56700,280.1
172521,4940,57300,283.1
172531,4940,55600,274.7
172541,4940,57300,283.1
172551,4940,55800,275.7
172561,4940,57300,283.1
172571,4936,55700,274.9
172581,4940,57300,283.1
172591,4940,55700,275.2
172601,4940,57300,283.1
172611,4936,55800,275.4
172621,4940,57300,283.1
172631,4940,55700,275.2
172641,4940,57300,283.1
172651,4940,56300,278.1
172661,4940,56600,279.6
172671,4940,56400,278.6
172681,4940,56700,280.1
172691,4940,56400,278.6
172701,4940,56700,280.1
172711,4940,57400,283.6
172721,4936,55800,275.4
172731,4940,57300,283.1
172741,4940,55700,275.2
172751,4940,57400,283.6
172761,4940,55800,275.7
172771,4940,57400,283.6
172781,4940,55700,275.2
172791,4940,57300,283.1
172801,4940,55800,275.7
172811,4940,57400,283.6
172821,4940,55700,275.2
172831,4744,142900,677.9
172841,4940,56400,278.6
172851,4940,56700,280.1
172861,4940,56300,278.1
172871,4940,56700,280.1
172881,4940,57000,281.6
172891,4940,56300,278.1
172901,4940,57200,282.6
172911,4940,55700,275.2
172921,4940,57300,283.1
172931,4940,55700,275.2
172941,4940,57300,283.1
172951,4940,55700,275.2
172961,4940,57300,283.1
172971,4940,55700,275.2
172981,4940,57300,283.1
172991,4940,55800,275.7
173001,4940,57300,283.1
173011,4940,56300,278.1
173021,4940,57100,282.1
173031,4940,56400,278.6
173041,4940,56700,280.1
173051,4940,56400,278.6
173061,4940,56700,280.1
173071,4940,57300,283.1
173081,4940,55800,275.7
173091,4940,57400,283.6
173101,4940,55800,275.7
173112,4940,57400,283.6
173121,4940,55800,275.7
173131,4940,57300,283.1
173141,4940,55700,275.2
173151,4940,57300,283.1
173161,4936,55700,274.9
173171,4940,57300,283.1
173181,4940,55700,275.2
173191,4940,57400,283.6
173201,4936,56400,278.4
173211,4940,56700,280.1
173221,4940,56400,278.6
173231,4940,56600,279.6
173241,4940,56500,279.1
173251,4940,56700,280.1
173261,4940,57300,283.1
173271,4940,55800,275.7
173281,4940,57300,283.1
173291,4940,55600,274.7
173301,4940,57300,283.1
173311,4940,55800,275.7
173321,4940,57300,283.1
173331,4752,136800,650.1
173341,4940,57400,283.6
173351,4940,55800,275.7
173361,4940,57300,283.1
173371,4940,55700,275.2
173381,4940,57300,283.1
173391,4940,56400,278.6
173401,4940,56700,280.1
173411,4940,56400,278.6
173421,4940,56700,280.1
173431,4940,57300,283.1
173441,4940,56000,276.6
173451,4940,57300,283.1
173461,4940,55800,275.7
173471,4940,57300,283.1
173481,4940,55700,275.2
173491,4940,57300,283.1
173501,4940,55800,275.7
173511,4940,57300,283.1
173521,4940,55700,275.2
173531,4940,57300,283.1
173541,4940,55700,275.2
173551,4940,57400,283.6
173561,4940,56500,279.1
173571,4940,56800,280.6
173581,4940,56200,277.6
173591,4940,55900,276.1
173601,4940,56200,277.6
173611,4940,55900,276.1
173621,4940,56600,279.6
173631,4940,55500,274.2
173641,4940,56500,279.1
173651,4940,55600,274.7
173661,4940,56500,279.1
173671,4940,55600,274.7
# summary, ms_total=173674, adv_count=348, E_total_mJ=49631.156, subject=uccs_d4b_scan90
# diag, samples=17367, rate_hz=100.00, mean_v=4.938, mean_i=57.911, mean_p_mW=285.8, parse_drop=0
