condition,n_trials,pout_1s_mean,pout_1s_std,tl_mean_s_mean,tl_mean_s_std,pdr_unique_mean,pdr_unique_std,rx_tag_share100_time_est_mean,rx_tag_share100_time_est_std,avg_power_mW_mean,avg_power_mW_std,adv_count_mean,adv_count_std
S1_fixed100,3,0.083333,0.028868,4.210483,1.539569,0.785264,0.008844,1.0,0.0,202.876,0.481,1796.0,0.0
S1_fixed500,3,0.15,0.05,5.295758,0.019172,0.816156,0.02103,0.000457,0.000396,183.301,0.238,359.0,0.0
S1_policy,3,0.116667,0.028868,5.2471,0.052897,0.809746,0.015531,0.332105,0.00608,189.753,0.377,855.0,0.0
S4_fixed100,3,0.05691,0.014082,1.247293,0.010155,0.788047,0.010859,0.996477,4.9e-05,202.549,0.449,1796.0,0.0
S4_fixed500,3,0.154471,0.037257,2.166073,0.869928,0.817084,0.024337,0.000463,0.000401,183.213,0.349,359.0,0.0
S4_policy,3,0.081301,0.037257,1.588163,0.581867,0.778593,0.002353,0.592175,0.006138,195.23,0.377,1227.0,0.0
