{
  "folds": {
    "fold1": {
      "bacc": 0.6007632602017235,
      "f1_macro": 0.5312934756969659,
      "bacc4": 0.8684810378325455,
      "f1_macro4": 0.6656759949789559,
      "ece": 0.0864962701464479,
      "unknown_rate": 0.05043227665706052
    },
    "fold2": {
      "bacc": 0.8383571302661731,
      "f1_macro": 0.7705080521470478,
      "bacc4": 0.910210331762222,
      "f1_macro4": 0.7145722385562492,
      "ece": 0.0673566993739827,
      "unknown_rate": 0.08882521489971347
    },
    "fold3": {
      "bacc": 0.9198647135934485,
      "f1_macro": 0.8676971815013339,
      "bacc4": 0.8993406074462541,
      "f1_macro4": 0.707073076272416,
      "ece": 0.09627333393489035,
      "unknown_rate": 0.08520179372197309
    },
    "fold4": {
      "bacc": 0.8466240271568141,
      "f1_macro": 0.7546088822937187,
      "bacc4": 0.9728328147479006,
      "f1_macro4": 0.7374818993278437,
      "ece": 0.2404467177873195,
      "unknown_rate": 0.023880597014925373
    },
    "fold5": {
      "bacc": 0.7639059934318556,
      "f1_macro": 0.7156742806157989,
      "bacc4": 0.8303151217515858,
      "f1_macro4": 0.6745636225651404,
      "ece": 0.08743312536369283,
      "unknown_rate": 0.15066469719350073
    }
  },
  "mean": {
    "bacc": 0.793903024930003,
    "f1_macro": 0.727956374450973,
    "bacc4": 0.8962359827081017,
    "f1_macro4": 0.699873366340121,
    "ece": 0.11560122932126667,
    "unknown_rate": 0.07980091589743463
  },
  "std": {
    "bacc": 0.10846640879643933,
    "f1_macro": 0.11034096263804236,
    "bacc4": 0.04730304996314248,
    "f1_macro4": 0.02642853669423445,
    "ece": 0.06313167022875439,
    "unknown_rate": 0.042712719389164565
  },
  "min": {
    "bacc": 0.6007632602017235,
    "bacc4": 0.8303151217515858
  },
  "max": {
    "bacc": 0.9198647135934485,
    "bacc4": 0.9728328147479006
  },
  "median": {
    "bacc": 0.8383571302661731,
    "bacc4": 0.8993406074462541
  }
}