{
  "folds": {
    "fold1": {
      "bacc": 0.5407518904307501,
      "f1_macro": 0.46950478125746387,
      "bacc4": 0.7807313185944605,
      "f1_macro4": 0.6122354497354497,
      "ece": 0.13581418949173912,
      "unknown_rate": 0.04610951008645533
    },
    "fold2": {
      "bacc": 0.513105807814101,
      "f1_macro": 0.4989788220295375,
      "bacc4": 0.5832462041256502,
      "f1_macro4": 0.5199034312574675,
      "ece": 0.11266455446125619,
      "unknown_rate": 0.3252840909090909
    },
    "fold3": {
      "bacc": 0.8978494623655914,
      "f1_macro": 0.8053859436526695,
      "bacc4": 0.9939172749391728,
      "f1_macro4": 0.7476979742173112,
      "ece": 0.08544568829560917,
      "unknown_rate": 0.0071633237822349575
    },
    "fold4": {
      "bacc": 0.7886449307787226,
      "f1_macro": 0.7389003473201863,
      "bacc4": 0.7429805502776207,
      "f1_macro4": 0.5947949687290863,
      "ece": 0.11610498470966957,
      "unknown_rate": 0.13486370157819225
    },
    "fold5": {
      "bacc": 0.9098360655737704,
      "f1_macro": 0.8284255430048646,
      "bacc4": 0.9478772593526692,
      "f1_macro4": 0.7249182974825533,
      "ece": 0.042481751214882686,
      "unknown_rate": 0.03288490284005979
    },
    "fold6": {
      "bacc": 0.8278116531165312,
      "f1_macro": 0.7533209008468005,
      "bacc4": 0.9236652236652237,
      "f1_macro4": 0.7066288233372899,
      "ece": 0.11327692601398022,
      "unknown_rate": 0.0473186119873817
    },
    "fold7": {
      "bacc": 0.7752239904903839,
      "f1_macro": 0.7206392822087795,
      "bacc4": 0.898022683930543,
      "f1_macro4": 0.7071990543769758,
      "ece": 0.3997735252557344,
      "unknown_rate": 0.11044776119402985
    },
    "fold8": {
      "bacc": 0.5373098146362371,
      "f1_macro": 0.4517148413269273,
      "bacc4": 0.575947239904309,
      "f1_macro4": 0.47060701448570025,
      "ece": 0.29588545203664746,
      "unknown_rate": 0.16843702579666162
    },
    "fold9": {
      "bacc": 0.7974137931034483,
      "f1_macro": 0.7417888027727142,
      "bacc4": 0.7836241924639715,
      "f1_macro4": 0.6377931684560327,
      "ece": 0.08461436196701266,
      "unknown_rate": 0.17872968980797638
    },
    "fold10": {
      "bacc": 0.8252431290907348,
      "f1_macro": 0.7914129865289858,
      "bacc4": 0.9684385476609236,
      "f1_macro4": 0.9680402782486314,
      "ece": 0.08544420127591824,
      "unknown_rate": 0.0
    }
  },
  "mean": {
    "bacc": 0.7413190537400272,
    "f1_macro": 0.680007225094893,
    "bacc4": 0.8198450494914544,
    "f1_macro4": 0.6689818460326498,
    "ece": 0.14715056347224495,
    "unknown_rate": 0.10512386179820828
  },
  "std": {
    "bacc": 0.14418325758689812,
    "f1_macro": 0.13916546274376929,
    "bacc4": 0.14487198695475653,
    "f1_macro4": 0.13149617433195346,
    "ece": 0.10575962409093327,
    "unknown_rate": 0.09565542548247132
  },
  "min": {
    "bacc": 0.513105807814101,
    "bacc4": 0.575947239904309
  },
  "max": {
    "bacc": 0.9098360655737704,
    "bacc4": 0.9939172749391728
  },
  "median": {
    "bacc": 0.7930293619410854,
    "bacc4": 0.8408234381972572
  }
}