{
  "original": {
    "calib_T": 0.56,
    "tau_unknown": 0.7000000000000004,
    "tau_grid": {
      "0.3": {
        "f1_macro": 0.7809998006764609,
        "unknown_ratio": 0.0
      },
      "0.32": {
        "f1_macro": 0.7809998006764609,
        "unknown_ratio": 0.0
      },
      "0.34": {
        "f1_macro": 0.7809998006764609,
        "unknown_ratio": 0.0
      },
      "0.36000000000000004": {
        "f1_macro": 0.7809998006764609,
        "unknown_ratio": 0.0
      },
      "0.38000000000000006": {
        "f1_macro": 0.7809998006764609,
        "unknown_ratio": 0.0
      },
      "0.4000000000000001": {
        "f1_macro": 0.7809998006764609,
        "unknown_ratio": 0.0
      },
      "0.4200000000000001": {
        "f1_macro": 0.7809998006764609,
        "unknown_ratio": 0.0
      },
      "0.4400000000000001": {
        "f1_macro": 0.7809998006764609,
        "unknown_ratio": 0.0
      },
      "0.46000000000000013": {
        "f1_macro": 0.7809998006764609,
        "unknown_ratio": 0.0
      },
      "0.48000000000000015": {
        "f1_macro": 0.7809998006764609,
        "unknown_ratio": 0.0
      },
      "0.5000000000000002": {
        "f1_macro": 0.7809998006764609,
        "unknown_ratio": 0.0
      },
      "0.5200000000000002": {
        "f1_macro": 0.7821310497330072,
        "unknown_ratio": 0.0028694404591104736
      },
      "0.5400000000000003": {
        "f1_macro": 0.7806521772447211,
        "unknown_ratio": 0.005738880918220947
      },
      "0.5600000000000003": {
        "f1_macro": 0.7799344010275185,
        "unknown_ratio": 0.014347202295552367
      },
      "0.5800000000000003": {
        "f1_macro": 0.7809627262433829,
        "unknown_ratio": 0.01721664275466284
      },
      "0.6000000000000003": {
        "f1_macro": 0.777936428550309,
        "unknown_ratio": 0.02295552367288379
      },
      "0.6200000000000003": {
        "f1_macro": 0.7759614919456322,
        "unknown_ratio": 0.028694404591104734
      },
      "0.6400000000000003": {
        "f1_macro": 0.7749328713107162,
        "unknown_ratio": 0.03299856527977044
      },
      "0.6600000000000004": {
        "f1_macro": 0.7730602397866266,
        "unknown_ratio": 0.03873744619799139
      },
      "0.6800000000000004": {
        "f1_macro": 0.767668095042161,
        "unknown_ratio": 0.04878048780487805
      },
      "0.7000000000000004": {
        "f1_macro": 0.7602193991274375,
        "unknown_ratio": 0.06312769010043041
      },
      "0.7200000000000004": {
        "f1_macro": 0.7570760473874021,
        "unknown_ratio": 0.0703012912482066
      },
      "0.7400000000000004": {
        "f1_macro": 0.7532227439943557,
        "unknown_ratio": 0.08321377331420372
      },
      "0.7600000000000005": {
        "f1_macro": 0.7473599223397774,
        "unknown_ratio": 0.09325681492109039
      },
      "0.7800000000000005": {
        "f1_macro": 0.747889275376494,
        "unknown_ratio": 0.09899569583931134
      },
      "0.8000000000000005": {
        "f1_macro": 0.7364290155680796,
        "unknown_ratio": 0.12195121951219512
      },
      "0.8200000000000005": {
        "f1_macro": 0.7322101492734512,
        "unknown_ratio": 0.13055954088952654
      },
      "0.8400000000000005": {
        "f1_macro": 0.7253829565122831,
        "unknown_ratio": 0.14203730272596843
      },
      "0.8600000000000005": {
        "f1_macro": 0.7211885633347954,
        "unknown_ratio": 0.15064562410329985
      },
      "0.8800000000000006": {
        "f1_macro": 0.7161548202835916,
        "unknown_ratio": 0.1606886657101865
      },
      "0.9000000000000006": {
        "f1_macro": 0.7089957015268891,
        "unknown_ratio": 0.17073170731707318
      }
    },
    "ece_test": 0.0673566993739827,
    "unknown_rate_test": 0.08882521489971347
  },
  "recalibrated": {
    "calib_T": 0.732,
    "tau_unknown": 0.5800000000000003,
    "tau_grid": {
      "0.3": {
        "f1_macro": 0.7944942079289059,
        "unknown_ratio": 0.0
      },
      "0.32": {
        "f1_macro": 0.7944942079289059,
        "unknown_ratio": 0.0
      },
      "0.34": {
        "f1_macro": 0.7944942079289059,
        "unknown_ratio": 0.0
      },
      "0.36000000000000004": {
        "f1_macro": 0.7944942079289059,
        "unknown_ratio": 0.0
      },
      "0.38000000000000006": {
        "f1_macro": 0.7944942079289059,
        "unknown_ratio": 0.0
      },
      "0.4000000000000001": {
        "f1_macro": 0.7944942079289059,
        "unknown_ratio": 0.0
      },
      "0.4200000000000001": {
        "f1_macro": 0.7944942079289059,
        "unknown_ratio": 0.0
      },
      "0.4400000000000001": {
        "f1_macro": 0.7944942079289059,
        "unknown_ratio": 0.0
      },
      "0.46000000000000013": {
        "f1_macro": 0.7944942079289059,
        "unknown_ratio": 0.0
      },
      "0.48000000000000015": {
        "f1_macro": 0.7944942079289059,
        "unknown_ratio": 0.0
      },
      "0.5000000000000002": {
        "f1_macro": 0.7868211312853501,
        "unknown_ratio": 0.008595988538681949
      },
      "0.5200000000000002": {
        "f1_macro": 0.7867221794632686,
        "unknown_ratio": 0.017191977077363897
      },
      "0.5400000000000003": {
        "f1_macro": 0.785465274339675,
        "unknown_ratio": 0.025787965616045846
      },
      "0.5600000000000003": {
        "f1_macro": 0.7834979866862974,
        "unknown_ratio": 0.04011461318051576
      },
      "0.5800000000000003": {
        "f1_macro": 0.7821224372422055,
        "unknown_ratio": 0.054441260744985676
      },
      "0.6000000000000003": {
        "f1_macro": 0.7817020291756206,
        "unknown_ratio": 0.05873925501432665
      },
      "0.6200000000000003": {
        "f1_macro": 0.775728647224624,
        "unknown_ratio": 0.07449856733524356
      },
      "0.6400000000000003": {
        "f1_macro": 0.7762730473956176,
        "unknown_ratio": 0.08452722063037249
      },
      "0.6600000000000004": {
        "f1_macro": 0.7702027292179229,
        "unknown_ratio": 0.09455587392550144
      },
      "0.6800000000000004": {
        "f1_macro": 0.7698758137277377,
        "unknown_ratio": 0.10315186246418338
      },
      "0.7000000000000004": {
        "f1_macro": 0.7662079601445948,
        "unknown_ratio": 0.11461318051575932
      },
      "0.7200000000000004": {
        "f1_macro": 0.7666621718617517,
        "unknown_ratio": 0.1346704871060172
      },
      "0.7400000000000004": {
        "f1_macro": 0.7657176515749826,
        "unknown_ratio": 0.14183381088825214
      },
      "0.7600000000000005": {
        "f1_macro": 0.7664605220270487,
        "unknown_ratio": 0.1518624641833811
      },
      "0.7800000000000005": {
        "f1_macro": 0.7638240604568909,
        "unknown_ratio": 0.16332378223495703
      },
      "0.8000000000000005": {
        "f1_macro": 0.7658358718578687,
        "unknown_ratio": 0.17908309455587393
      },
      "0.8200000000000005": {
        "f1_macro": 0.7619157672533265,
        "unknown_ratio": 0.19197707736389685
      },
      "0.8400000000000005": {
        "f1_macro": 0.7580605844763434,
        "unknown_ratio": 0.20916905444126074
      },
      "0.8600000000000005": {
        "f1_macro": 0.7513707446311361,
        "unknown_ratio": 0.22206303724928367
      },
      "0.8800000000000006": {
        "f1_macro": 0.7423014081955068,
        "unknown_ratio": 0.23782234957020057
      },
      "0.9000000000000006": {
        "f1_macro": 0.7356473876007145,
        "unknown_ratio": 0.2521489971346705
      }
    },
    "ece_test": 0.058526470708415795,
    "unknown_rate_test": 0.054441260744985676
  },
  "test_metrics": {
    "bacc": 0.8559844879252599,
    "f1_macro": 0.7821224372422055
  },
  "test_4class": {
    "bacc": 0.9442442454403279,
    "f1_macro": 0.7283645700877303
  },
  "targets_met": {
    "12c_bacc": true,
    "4c_bacc": true,
    "ece": true,
    "unknown_rate": true
  },
  "T_range": [
    0.3,
    3.0
  ],
  "n_bins": 15
}