{
  "folds": {
    "fold90": {
      "bacc": 0.8281250544705032,
      "f1_macro": 0.7472546454893952,
      "bacc4": 0.9600259549544935,
      "f1_macro4": 0.7345311011297129,
      "ece": 0.09237128468961865,
      "unknown_rate": 0.04354354354354354
    }
  },
  "mean": {
    "bacc": 0.8281250544705032,
    "f1_macro": 0.7472546454893952,
    "bacc4": 0.9600259549544935,
    "f1_macro4": 0.7345311011297129,
    "ece": 0.09237128468961865,
    "unknown_rate": 0.04354354354354354
  },
  "std": {
    "bacc": 0.0,
    "f1_macro": 0.0,
    "bacc4": 0.0,
    "f1_macro4": 0.0,
    "ece": 0.0,
    "unknown_rate": 0.0
  },
  "min": {
    "bacc": 0.8281250544705032,
    "bacc4": 0.9600259549544935
  },
  "max": {
    "bacc": 0.8281250544705032,
    "bacc4": 0.9600259549544935
  },
  "median": {
    "bacc": 0.8281250544705032,
    "bacc4": 0.9600259549544935
  }
}