prog_id,ms,mV,uA,p_mW,tick_raw
# meta, firmware=TXSD_DeltaE_Sweep, program_id=TXSD_DELTAE_SWEEP_20260115, build=Jan 19 2026 13:32:04
TXSD_DELTAE_SWEEP_20260115,11,4944,56000,276.9,7800
TXSD_DELTAE_SWEEP_20260115,21,4948,57700,285.5,7800
TXSD_DELTAE_SWEEP_20260115,31,4944,56600,279.8,7800
TXSD_DELTAE_SWEEP_20260115,41,4944,57000,281.8,7800
TXSD_DELTAE_SWEEP_20260115,51,4948,56600,280.1,7800
TXSD_DELTAE_SWEEP_20260115,61,4948,56900,281.5,7800
TXSD_DELTAE_SWEEP_20260115,71,4944,57400,283.8,7800
TXSD_DELTAE_SWEEP_20260115,81,4944,56400,278.8,7800
TXSD_DELTAE_SWEEP_20260115,91,4948,57600,285.0,7800
TXSD_DELTAE_SWEEP_20260115,101,4944,56000,276.9,7800
TXSD_DELTAE_SWEEP_20260115,111,4948,57600,285.0,7800
TXSD_DELTAE_SWEEP_20260115,121,4944,56000,276.9,7800
TXSD_DELTAE_SWEEP_20260115,131,4948,57600,285.0,7800
TXSD_DELTAE_SWEEP_20260115,141,4944,56000,276.9,7800
TXSD_DELTAE_SWEEP_20260115,151,4944,57600,284.8,7800
TXSD_DELTAE_SWEEP_20260115,161,4944,56000,276.9,7800
TXSD_DELTAE_SWEEP_20260115,171,4948,57600,285.0,7800
TXSD_DELTAE_SWEEP_20260115,181,4944,56000,276.9,7800
TXSD_DELTAE_SWEEP_20260115,191,4948,57600,285.0,7800
TXSD_DELTAE_SWEEP_20260115,201,4944,56700,280.3,7800
TXSD_DELTAE_SWEEP_20260115,211,4944,56900,281.3,7800
TXSD_DELTAE_SWEEP_20260115,221,4944,56800,280.8,7800
TXSD_DELTAE_SWEEP_20260115,231,4948,56900,281.5,7800
TXSD_DELTAE_SWEEP_20260115,241,4944,57500,284.3,7800
TXSD_DELTAE_SWEEP_20260115,251,4944,56000,276.9,7800
TXSD_DELTAE_SWEEP_20260115,261,4948,57600,285.0,7800
TXSD_DELTAE_SWEEP_20260115,271,4944,56000,276.9,7800
TXSD_DELTAE_SWEEP_20260115,281,4948,57600,285.0,7800
TXSD_DELTAE_SWEEP_20260115,291,4944,56000,276.9,7800
TXSD_DELTAE_SWEEP_20260115,301,4948,57600,285.0,7800
TXSD_DELTAE_SWEEP_20260115,311,4944,55900,276.4,7800
TXSD_DELTAE_SWEEP_20260115,321,4948,57600,285.0,7800
TXSD_DELTAE_SWEEP_20260115,331,4944,56000,276.9,7800
TXSD_DELTAE_SWEEP_20260115,341,4948,57600,285.0,7800
TXSD_DELTAE_SWEEP_20260115,351,4944,56800,280.8,7800
TXSD_DELTAE_SWEEP_20260115,361,4944,57000,281.8,7800
TXSD_DELTAE_SWEEP_20260115,371,4944,56700,280.3,7800
TXSD_DELTAE_SWEEP_20260115,381,4944,56900,281.3,7800
TXSD_DELTAE_SWEEP_20260115,391,4944,56700,280.3,7800
TXSD_DELTAE_SWEEP_20260115,401,4948,56900,281.5,7800
TXSD_DELTAE_SWEEP_20260115,411,4948,57600,285.0,7800
TXSD_DELTAE_SWEEP_20260115,421,4944,56000,276.9,7800
TXSD_DELTAE_SWEEP_20260115,431,4944,57500,284.3,7800
TXSD_DELTAE_SWEEP_20260115,441,4944,56000,276.9,7800
TXSD_DELTAE_SWEEP_20260115,451,4944,57600,284.8,7800
TXSD_DELTAE_SWEEP_20260115,461,4944,56000,276.9,7800
TXSD_DELTAE_SWEEP_20260115,471,4948,57600,285.0,7800
TXSD_DELTAE_SWEEP_20260115,481,4944,56000,276.9,7800
TXSD_DELTAE_SWEEP_20260115,491,4944,57600,284.8,7800
TXSD_DELTAE_SWEEP_20260115,501,4944,56000,276.9,7800
TXSD_DELTAE_SWEEP_20260115,511,4944,57600,284.8,7800
TXSD_DELTAE_SWEEP_20260115,521,4944,56700,280.3,7800
TXSD_DELTAE_SWEEP_20260115,531,4944,56900,281.3,7800
TXSD_DELTAE_SWEEP_20260115,541,4944,56700,280.3,7800
TXSD_DELTAE_SWEEP_20260115,551,4944,57000,281.8,7800
TXSD_DELTAE_SWEEP_20260115,561,4944,57600,284.8,7800
TXSD_DELTAE_SWEEP_20260115,571,4944,56000,276.9,7800
TXSD_DELTAE_SWEEP_20260115,581,4948,57600,285.0,7800
TXSD_DELTAE_SWEEP_20260115,591,4944,56000,276.9,7800
TXSD_DELTAE_SWEEP_20260115,601,4948,57500,284.5,7800
TXSD_DELTAE_SWEEP_20260115,611,4944,56100,277.4,7800
TXSD_DELTAE_SWEEP_20260115,621,4948,57600,285.0,7800
TXSD_DELTAE_SWEEP_20260115,631,4944,56000,276.9,7800
TXSD_DELTAE_SWEEP_20260115,641,4948,57600,285.0,7800
TXSD_DELTAE_SWEEP_20260115,651,4944,56000,276.9,7800
TXSD_DELTAE_SWEEP_20260115,661,4948,57600,285.0,7800
TXSD_DELTAE_SWEEP_20260115,671,4944,56100,277.4,7800
TXSD_DELTAE_SWEEP_20260115,681,4948,57600,285.0,7800
TXSD_DELTAE_SWEEP_20260115,691,4944,56700,280.3,7800
TXSD_DELTAE_SWEEP_20260115,701,4944,57000,281.8,7800
TXSD_DELTAE_SWEEP_20260115,711,4944,56600,279.8,7800
TXSD_DELTAE_SWEEP_20260115,721,4944,57000,281.8,7800
TXSD_DELTAE_SWEEP_20260115,731,4948,57600,285.0,7800
TXSD_DELTAE_SWEEP_20260115,741,4944,56000,276.9,7800
TXSD_DELTAE_SWEEP_20260115,753,4948,57700,285.5,7800
TXSD_DELTAE_SWEEP_20260115,761,4944,56000,276.9,7800
TXSD_DELTAE_SWEEP_20260115,771,4948,57600,285.0,7800
TXSD_DELTAE_SWEEP_20260115,781,4944,56000,276.9,7800
TXSD_DELTAE_SWEEP_20260115,791,4948,57600,285.0,7800
TXSD_DELTAE_SWEEP_20260115,801,4944,56000,276.9,7800
TXSD_DELTAE_SWEEP_20260115,811,4948,57600,285.0,7800
TXSD_DELTAE_SWEEP_20260115,821,4944,56000,276.9,7800
TXSD_DELTAE_SWEEP_20260115,831,4948,57600,285.0,7800
TXSD_DELTAE_SWEEP_20260115,841,4944,56600,279.8,7800
TXSD_DELTAE_SWEEP_20260115,851,4944,56900,281.3,7800
TXSD_DELTAE_SWEEP_20260115,861,4944,56600,279.8,7800
TXSD_DELTAE_SWEEP_20260115,871,4944,57000,281.8,7800
TXSD_DELTAE_SWEEP_20260115,881,4944,57100,282.3,7800
TXSD_DELTAE_SWEEP_20260115,891,4944,56600,279.8,7800
TXSD_DELTAE_SWEEP_20260115,901,4948,57600,285.0,7800
TXSD_DELTAE_SWEEP_20260115,911,4944,56000,276.9,7800
TXSD_DELTAE_SWEEP_20260115,921,4944,57600,284.8,7800
TXSD_DELTAE_SWEEP_20260115,931,4944,56000,276.9,7800
TXSD_DELTAE_SWEEP_20260115,941,4948,57600,285.0,7800
TXSD_DELTAE_SWEEP_20260115,951,4944,56000,276.9,7800
TXSD_DELTAE_SWEEP_20260115,961,4948,57600,285.0,7800
TXSD_DELTAE_SWEEP_20260115,971,4944,56000,276.9,7800
TXSD_DELTAE_SWEEP_20260115,981,4948,57600,285.0,7800
TXSD_DELTAE_SWEEP_20260115,991,4944,56000,276.9,7800
TXSD_DELTAE_SWEEP_20260115,1001,4948,57600,285.0,7800
TXSD_DELTAE_SWEEP_20260115,1011,4948,56700,280.6,7800
TXSD_DELTAE_SWEEP_20260115,1021,4948,56900,281.5,7800
TXSD_DELTAE_SWEEP_20260115,1031,4944,56700,280.3,7800
TXSD_DELTAE_SWEEP_20260115,1041,4948,56900,281.5,7800
TXSD_DELTAE_SWEEP_20260115,1051,4948,57500,284.5,7800
TXSD_DELTAE_SWEEP_20260115,1061,4944,55900,276.4,7800
TXSD_DELTAE_SWEEP_20260115,1071,4944,57600,284.8,7800
TXSD_DELTAE_SWEEP_20260115,1081,4944,56000,276.9,7800
TXSD_DELTAE_SWEEP_20260115,1091,4944,57600,284.8,7800
TXSD_DELTAE_SWEEP_20260115,1101,4944,56000,276.9,7800
TXSD_DELTAE_SWEEP_20260115,1111,4948,57600,285.0,7800
TXSD_DELTAE_SWEEP_20260115,1121,4944,56000,276.9,7800
TXSD_DELTAE_SWEEP_20260115,1131,4948,57500,284.5,7800
TXSD_DELTAE_SWEEP_20260115,1141,4944,56000,276.9,7800
TXSD_DELTAE_SWEEP_20260115,1151,4948,57600,285.0,7800
TXSD_DELTAE_SWEEP_20260115,1161,4944,56600,279.8,7800
TXSD_DELTAE_SWEEP_20260115,1171,4944,57200,282.8,7800
TXSD_DELTAE_SWEEP_20260115,1181,4944,56600,279.8,7800
TXSD_DELTAE_SWEEP_20260115,1191,4944,56900,281.3,7800
TXSD_DELTAE_SWEEP_20260115,1201,4944,56600,279.8,7800
TXSD_DELTAE_SWEEP_20260115,1211,4948,56900,281.5,7800
TXSD_DELTAE_SWEEP_20260115,1221,4948,57600,285.0,7800
TXSD_DELTAE_SWEEP_20260115,1231,4948,56000,277.1,7800
TXSD_DELTAE_SWEEP_20260115,1241,4832,64900,313.6,7801
TXSD_DELTAE_SWEEP_20260115,1251,4948,56000,277.1,7801
TXSD_DELTAE_SWEEP_20260115,1261,4948,57600,285.0,7801
TXSD_DELTAE_SWEEP_20260115,1271,4944,56100,277.4,7801
TXSD_DELTAE_SWEEP_20260115,1281,4948,57600,285.0,7801
TXSD_DELTAE_SWEEP_20260115,1291,4944,56000,276.9,7801
TXSD_DELTAE_SWEEP_20260115,1301,4948,57600,285.0,7801
TXSD_DELTAE_SWEEP_20260115,1311,4944,56000,276.9,7801
TXSD_DELTAE_SWEEP_20260115,1321,4948,57600,285.0,7801
TXSD_DELTAE_SWEEP_20260115,1331,4944,56600,279.8,7801
TXSD_DELTAE_SWEEP_20260115,1341,4948,57000,282.0,7801
TXSD_DELTAE_SWEEP_20260115,1351,4948,56700,280.6,7801
TXSD_DELTAE_SWEEP_20260115,1361,4944,57000,281.8,7801
TXSD_DELTAE_SWEEP_20260115,1371,4944,57700,285.3,7801
TXSD_DELTAE_SWEEP_20260115,1381,4948,56100,277.6,7801
TXSD_DELTAE_SWEEP_20260115,1391,4948,57600,285.0,7801
TXSD_DELTAE_SWEEP_20260115,1401,4944,56000,276.9,7801
TXSD_DELTAE_SWEEP_20260115,1411,4948,57600,285.0,7801
TXSD_DELTAE_SWEEP_20260115,1421,4944,56100,277.4,7801
TXSD_DELTAE_SWEEP_20260115,1431,4948,57600,285.0,7801
TXSD_DELTAE_SWEEP_20260115,1441,4944,56000,276.9,7801
TXSD_DELTAE_SWEEP_20260115,1451,4948,57600,285.0,7801
TXSD_DELTAE_SWEEP_20260115,1461,4948,56000,277.1,7801
TXSD_DELTAE_SWEEP_20260115,1471,4948,57600,285.0,7801
TXSD_DELTAE_SWEEP_20260115,1481,4944,56000,276.9,7801
TXSD_DELTAE_SWEEP_20260115,1491,4948,57600,285.0,7801
TXSD_DELTAE_SWEEP_20260115,1501,4944,56600,279.8,7801
TXSD_DELTAE_SWEEP_20260115,1511,4944,56900,281.3,7801
TXSD_DELTAE_SWEEP_20260115,1521,4944,56600,279.8,7801
TXSD_DELTAE_SWEEP_20260115,1531,4944,56900,281.3,7801
TXSD_DELTAE_SWEEP_20260115,1541,4944,57600,284.8,7801
TXSD_DELTAE_SWEEP_20260115,1551,4944,56000,276.9,7801
TXSD_DELTAE_SWEEP_20260115,1561,4948,57600,285.0,7801
TXSD_DELTAE_SWEEP_20260115,1571,4944,56000,276.9,7801
TXSD_DELTAE_SWEEP_20260115,1581,4948,57500,284.5,7801
TXSD_DELTAE_SWEEP_20260115,1591,4944,56000,276.9,7801
TXSD_DELTAE_SWEEP_20260115,1601,4948,57600,285.0,7801
TXSD_DELTAE_SWEEP_20260115,1611,4948,56000,277.1,7801
TXSD_DELTAE_SWEEP_20260115,1621,4948,57600,285.0,7801
TXSD_DELTAE_SWEEP_20260115,1631,4944,55900,276.4,7801
TXSD_DELTAE_SWEEP_20260115,1641,4948,57600,285.0,7801
TXSD_DELTAE_SWEEP_20260115,1651,4944,56700,280.3,7801
TXSD_DELTAE_SWEEP_20260115,1661,4948,56900,281.5,7801
TXSD_DELTAE_SWEEP_20260115,1671,4944,56600,279.8,7801
TXSD_DELTAE_SWEEP_20260115,1681,4944,56900,281.3,7801
TXSD_DELTAE_SWEEP_20260115,1691,4948,56900,281.5,7801
TXSD_DELTAE_SWEEP_20260115,1701,4944,56800,280.8,7801
TXSD_DELTAE_SWEEP_20260115,1711,4944,57500,284.3,7801
TXSD_DELTAE_SWEEP_20260115,1721,4944,56000,276.9,7801
TXSD_DELTAE_SWEEP_20260115,1731,4948,57600,285.0,7801
TXSD_DELTAE_SWEEP_20260115,1741,4944,56000,276.9,7801
TXSD_DELTAE_SWEEP_20260115,1751,4948,57600,285.0,7801
TXSD_DELTAE_SWEEP_20260115,1761,4944,56000,276.9,7801
TXSD_DELTAE_SWEEP_20260115,1771,4944,57600,284.8,7801
TXSD_DELTAE_SWEEP_20260115,1781,4944,56100,277.4,7801
TXSD_DELTAE_SWEEP_20260115,1791,4948,57600,285.0,7801
TXSD_DELTAE_SWEEP_20260115,1801,4944,56000,276.9,7801
TXSD_DELTAE_SWEEP_20260115,1811,4948,57600,285.0,7801
TXSD_DELTAE_SWEEP_20260115,1821,4948,56700,280.6,7801
TXSD_DELTAE_SWEEP_20260115,1831,4948,56900,281.5,7801
TXSD_DELTAE_SWEEP_20260115,1841,4944,56600,279.8,7801
TXSD_DELTAE_SWEEP_20260115,1851,4944,57000,281.8,7801
TXSD_DELTAE_SWEEP_20260115,1861,4944,57600,284.8,7801
TXSD_DELTAE_SWEEP_20260115,1871,4944,55900,276.4,7801
TXSD_DELTAE_SWEEP_20260115,1881,4948,57600,285.0,7801
TXSD_DELTAE_SWEEP_20260115,1891,4944,56000,276.9,7801
TXSD_DELTAE_SWEEP_20260115,1901,4948,57600,285.0,7801
TXSD_DELTAE_SWEEP_20260115,1911,4944,56000,276.9,7801
TXSD_DELTAE_SWEEP_20260115,1921,4948,57600,285.0,7801
TXSD_DELTAE_SWEEP_20260115,1931,4944,56000,276.9,7801
TXSD_DELTAE_SWEEP_20260115,1941,4948,57600,285.0,7801
TXSD_DELTAE_SWEEP_20260115,1951,4944,56000,276.9,7801
TXSD_DELTAE_SWEEP_20260115,1961,4948,57600,285.0,7801
TXSD_DELTAE_SWEEP_20260115,1971,4944,56500,279.3,7801
TXSD_DELTAE_SWEEP_20260115,1981,4948,57400,284.0,7801
TXSD_DELTAE_SWEEP_20260115,1991,4944,56700,280.3,7801
TXSD_DELTAE_SWEEP_20260115,2001,4944,56900,281.3,7801
TXSD_DELTAE_SWEEP_20260115,2011,4948,56600,280.1,7801
TXSD_DELTAE_SWEEP_20260115,2021,4948,57000,282.0,7801
TXSD_DELTAE_SWEEP_20260115,2031,4948,57600,285.0,7801
TXSD_DELTAE_SWEEP_20260115,2041,4944,56000,276.9,7801
TXSD_DELTAE_SWEEP_20260115,2051,4948,57500,284.5,7801
TXSD_DELTAE_SWEEP_20260115,2061,4944,56000,276.9,7801
TXSD_DELTAE_SWEEP_20260115,2071,4948,57500,284.5,7801
TXSD_DELTAE_SWEEP_20260115,2081,4944,56000,276.9,7801
TXSD_DELTAE_SWEEP_20260115,2091,4944,57600,284.8,7801
TXSD_DELTAE_SWEEP_20260115,2101,4944,56000,276.9,7801
TXSD_DELTAE_SWEEP_20260115,2111,4948,57600,285.0,7801
TXSD_DELTAE_SWEEP_20260115,2121,4944,56000,276.9,7801
TXSD_DELTAE_SWEEP_20260115,2131,4944,57500,284.3,7801
TXSD_DELTAE_SWEEP_20260115,2141,4944,56600,279.8,7801
TXSD_DELTAE_SWEEP_20260115,2151,4944,57000,281.8,7801
TXSD_DELTAE_SWEEP_20260115,2161,4944,56600,279.8,7801
TXSD_DELTAE_SWEEP_20260115,2171,4948,56900,281.5,7801
TXSD_DELTAE_SWEEP_20260115,2181,4948,57500,284.5,7801
TXSD_DELTAE_SWEEP_20260115,2191,4948,56200,278.1,7801
TXSD_DELTAE_SWEEP_20260115,2201,4948,57600,285.0,7801
TXSD_DELTAE_SWEEP_20260115,2211,4944,55900,276.4,7801
TXSD_DELTAE_SWEEP_20260115,2221,4948,57600,285.0,7801
TXSD_DELTAE_SWEEP_20260115,2231,4944,56000,276.9,7801
TXSD_DELTAE_SWEEP_20260115,2241,4948,57600,285.0,7801
TXSD_DELTAE_SWEEP_20260115,2251,4944,56000,276.9,7801
TXSD_DELTAE_SWEEP_20260115,2261,4948,57600,285.0,7801
TXSD_DELTAE_SWEEP_20260115,2271,4944,56000,276.9,7801
TXSD_DELTAE_SWEEP_20260115,2281,4948,57600,285.0,7801
TXSD_DELTAE_SWEEP_20260115,2291,4944,56000,276.9,7801
TXSD_DELTAE_SWEEP_20260115,2301,4948,57600,285.0,7801
TXSD_DELTAE_SWEEP_20260115,2311,4944,56600,279.8,7801
TXSD_DELTAE_SWEEP_20260115,2321,4944,57000,281.8,7801
TXSD_DELTAE_SWEEP_20260115,2331,4944,56600,279.8,7801
TXSD_DELTAE_SWEEP_20260115,2341,4948,57000,282.0,7801
TXSD_DELTAE_SWEEP_20260115,2351,4948,57600,285.0,7801
TXSD_DELTAE_SWEEP_20260115,2361,4944,56000,276.9,7801
TXSD_DELTAE_SWEEP_20260115,2371,4944,57700,285.3,7801
TXSD_DELTAE_SWEEP_20260115,2381,4944,56000,276.9,7801
TXSD_DELTAE_SWEEP_20260115,2391,4948,57600,285.0,7801
TXSD_DELTAE_SWEEP_20260115,2401,4944,56000,276.9,7801
TXSD_DELTAE_SWEEP_20260115,2411,4948,57500,284.5,7801
TXSD_DELTAE_SWEEP_20260115,2421,4944,56100,277.4,7801
TXSD_DELTAE_SWEEP_20260115,2431,4948,57600,285.0,7801
TXSD_DELTAE_SWEEP_20260115,2441,4944,56000,276.9,7801
TXSD_DELTAE_SWEEP_20260115,2451,4948,57600,285.0,7801
TXSD_DELTAE_SWEEP_20260115,2461,4944,56800,280.8,7801
TXSD_DELTAE_SWEEP_20260115,2471,4948,56900,281.5,7801
TXSD_DELTAE_SWEEP_20260115,2481,4948,56600,280.1,7801
TXSD_DELTAE_SWEEP_20260115,2491,4948,56900,281.5,7801
TXSD_DELTAE_SWEEP_20260115,2501,4944,56900,281.3,7801
TXSD_DELTAE_SWEEP_20260115,2511,4948,56900,281.5,7801
TXSD_DELTAE_SWEEP_20260115,2521,4944,57600,284.8,7801
TXSD_DELTAE_SWEEP_20260115,2531,4944,56000,276.9,7801
TXSD_DELTAE_SWEEP_20260115,2541,4948,57600,285.0,7801
TXSD_DELTAE_SWEEP_20260115,2551,4944,56000,276.9,7801
TXSD_DELTAE_SWEEP_20260115,2561,4948,57600,285.0,7801
TXSD_DELTAE_SWEEP_20260115,2571,4944,56000,276.9,7801
TXSD_DELTAE_SWEEP_20260115,2581,4948,57600,285.0,7801
TXSD_DELTAE_SWEEP_20260115,2591,4944,56000,276.9,7801
TXSD_DELTAE_SWEEP_20260115,2601,4944,57600,284.8,7801
TXSD_DELTAE_SWEEP_20260115,2611,4944,56000,276.9,7801
TXSD_DELTAE_SWEEP_20260115,2621,4948,57600,285.0,7801
TXSD_DELTAE_SWEEP_20260115,2631,4948,56700,280.6,7801
TXSD_DELTAE_SWEEP_20260115,2641,4944,56900,281.3,7801
TXSD_DELTAE_SWEEP_20260115,2651,4944,56700,280.3,7801
TXSD_DELTAE_SWEEP_20260115,2661,4948,56900,281.5,7801
TXSD_DELTAE_SWEEP_20260115,2671,4944,57700,285.3,7801
TXSD_DELTAE_SWEEP_20260115,2681,4944,55900,276.4,7801
TXSD_DELTAE_SWEEP_20260115,2691,4948,57600,285.0,7801
TXSD_DELTAE_SWEEP_20260115,2701,4944,56000,276.9,7801
TXSD_DELTAE_SWEEP_20260115,2711,4948,57600,285.0,7801
TXSD_DELTAE_SWEEP_20260115,2721,4944,56000,276.9,7801
TXSD_DELTAE_SWEEP_20260115,2731,4948,57600,285.0,7801
TXSD_DELTAE_SWEEP_20260115,2741,4944,56100,277.4,7801
TXSD_DELTAE_SWEEP_20260115,2751,4948,57500,284.5,7801
TXSD_DELTAE_SWEEP_20260115,2761,4944,56000,276.9,7801
TXSD_DELTAE_SWEEP_20260115,2771,4948,57600,285.0,7801
TXSD_DELTAE_SWEEP_20260115,2781,4944,56300,278.3,7801
TXSD_DELTAE_SWEEP_20260115,2791,4944,57500,284.3,7801
TXSD_DELTAE_SWEEP_20260115,2801,4944,56700,280.3,7801
TXSD_DELTAE_SWEEP_20260115,2811,4944,56900,281.3,7801
TXSD_DELTAE_SWEEP_20260115,2821,4944,56700,280.3,7801
TXSD_DELTAE_SWEEP_20260115,2831,4944,57000,281.8,7801
TXSD_DELTAE_SWEEP_20260115,2841,4948,57600,285.0,7801
TXSD_DELTAE_SWEEP_20260115,2851,4944,56000,276.9,7801
TXSD_DELTAE_SWEEP_20260115,2861,4948,57600,285.0,7801
TXSD_DELTAE_SWEEP_20260115,2871,4944,56100,277.4,7801
TXSD_DELTAE_SWEEP_20260115,2881,4948,57600,285.0,7801
TXSD_DELTAE_SWEEP_20260115,2891,4944,56000,276.9,7801
TXSD_DELTAE_SWEEP_20260115,2901,4948,57600,285.0,7801
TXSD_DELTAE_SWEEP_20260115,2911,4944,56000,276.9,7801
TXSD_DELTAE_SWEEP_20260115,2921,4944,57600,284.8,7801
TXSD_DELTAE_SWEEP_20260115,2931,4944,56000,276.9,7801
TXSD_DELTAE_SWEEP_20260115,2941,4948,57600,285.0,7801
TXSD_DELTAE_SWEEP_20260115,2951,4944,56600,279.8,7801
TXSD_DELTAE_SWEEP_20260115,2961,4948,57000,282.0,7801
TXSD_DELTAE_SWEEP_20260115,2971,4944,56700,280.3,7801
TXSD_DELTAE_SWEEP_20260115,2981,4944,57000,281.8,7801
TXSD_DELTAE_SWEEP_20260115,2991,4944,56700,280.3,7801
TXSD_DELTAE_SWEEP_20260115,3001,4948,56300,278.6,7801
TXSD_DELTAE_SWEEP_20260115,3011,4944,57600,284.8,7801
TXSD_DELTAE_SWEEP_20260115,3021,4944,56000,276.9,7801
TXSD_DELTAE_SWEEP_20260115,3031,4948,57500,284.5,7801
TXSD_DELTAE_SWEEP_20260115,3041,4944,56000,276.9,7801
TXSD_DELTAE_SWEEP_20260115,3051,4948,57600,285.0,7801
TXSD_DELTAE_SWEEP_20260115,3061,4944,56000,276.9,7801
TXSD_DELTAE_SWEEP_20260115,3071,4944,57600,284.8,7801
TXSD_DELTAE_SWEEP_20260115,3081,4944,56000,276.9,7801
TXSD_DELTAE_SWEEP_20260115,3091,4948,57600,285.0,7801
TXSD_DELTAE_SWEEP_20260115,3101,4944,56000,276.9,7801
TXSD_DELTAE_SWEEP_20260115,3111,4944,57500,284.3,7801
TXSD_DELTAE_SWEEP_20260115,3121,4944,56700,280.3,7801
TXSD_DELTAE_SWEEP_20260115,3131,4948,57000,282.0,7801
TXSD_DELTAE_SWEEP_20260115,3141,4944,56700,280.3,7801
TXSD_DELTAE_SWEEP_20260115,3151,4948,56900,281.5,7801
TXSD_DELTAE_SWEEP_20260115,3161,4944,57600,284.8,7801
TXSD_DELTAE_SWEEP_20260115,3171,4944,56000,276.9,7801
TXSD_DELTAE_SWEEP_20260115,3181,4948,57600,285.0,7801
TXSD_DELTAE_SWEEP_20260115,3191,4944,56000,276.9,7801
TXSD_DELTAE_SWEEP_20260115,3201,4948,57600,285.0,7801
TXSD_DELTAE_SWEEP_20260115,3211,4944,55900,276.4,7801
TXSD_DELTAE_SWEEP_20260115,3221,4948,57600,285.0,7801
TXSD_DELTAE_SWEEP_20260115,3231,4948,56000,277.1,7801
TXSD_DELTAE_SWEEP_20260115,3241,4940,84500,417.4,7802
TXSD_DELTAE_SWEEP_20260115,3251,4944,56100,277.4,7802
TXSD_DELTAE_SWEEP_20260115,3261,4948,57600,285.0,7802
TXSD_DELTAE_SWEEP_20260115,3271,4944,56800,280.8,7802
TXSD_DELTAE_SWEEP_20260115,3281,4948,56900,281.5,7802
TXSD_DELTAE_SWEEP_20260115,3291,4944,56600,279.8,7802
TXSD_DELTAE_SWEEP_20260115,3301,4944,57000,281.8,7802
TXSD_DELTAE_SWEEP_20260115,3311,4944,56700,280.3,7802
TXSD_DELTAE_SWEEP_20260115,3321,4944,57000,281.8,7802
TXSD_DELTAE_SWEEP_20260115,3331,4948,57600,285.0,7802
TXSD_DELTAE_SWEEP_20260115,3341,4944,56000,276.9,7802
TXSD_DELTAE_SWEEP_20260115,3351,4948,57600,285.0,7802
TXSD_DELTAE_SWEEP_20260115,3361,4944,56000,276.9,7802
TXSD_DELTAE_SWEEP_20260115,3371,4948,57600,285.0,7802
TXSD_DELTAE_SWEEP_20260115,3381,4944,55900,276.4,7802
TXSD_DELTAE_SWEEP_20260115,3391,4948,57600,285.0,7802
TXSD_DELTAE_SWEEP_20260115,3401,4944,56000,276.9,7802
TXSD_DELTAE_SWEEP_20260115,3411,4944,57600,284.8,7802
TXSD_DELTAE_SWEEP_20260115,3421,4944,56000,276.9,7802
TXSD_DELTAE_SWEEP_20260115,3431,4944,57500,284.3,7802
TXSD_DELTAE_SWEEP_20260115,3441,4944,56600,279.8,7802
TXSD_DELTAE_SWEEP_20260115,3451,4944,57000,281.8,7802
TXSD_DELTAE_SWEEP_20260115,3461,4944,56600,279.8,7802
TXSD_DELTAE_SWEEP_20260115,3471,4948,57000,282.0,7802
TXSD_DELTAE_SWEEP_20260115,3481,4944,57600,284.8,7802
TXSD_DELTAE_SWEEP_20260115,3491,4948,56000,277.1,7802
TXSD_DELTAE_SWEEP_20260115,3501,4948,57600,285.0,7802
TXSD_DELTAE_SWEEP_20260115,3511,4944,56000,276.9,7802
TXSD_DELTAE_SWEEP_20260115,3521,4948,57600,285.0,7802
TXSD_DELTAE_SWEEP_20260115,3531,4944,56000,276.9,7802
TXSD_DELTAE_SWEEP_20260115,3541,4948,57600,285.0,7802
TXSD_DELTAE_SWEEP_20260115,3551,4944,56000,276.9,7802
TXSD_DELTAE_SWEEP_20260115,3561,4948,57600,285.0,7802
TXSD_DELTAE_SWEEP_20260115,3571,4944,56000,276.9,7802
TXSD_DELTAE_SWEEP_20260115,3581,4944,57500,284.3,7802
TXSD_DELTAE_SWEEP_20260115,3591,4944,56100,277.4,7802
TXSD_DELTAE_SWEEP_20260115,3601,4944,57500,284.3,7802
TXSD_DELTAE_SWEEP_20260115,3611,4948,56700,280.6,7802
TXSD_DELTAE_SWEEP_20260115,3621,4944,56900,281.3,7802
TXSD_DELTAE_SWEEP_20260115,3631,4944,56600,279.8,7802
TXSD_DELTAE_SWEEP_20260115,3641,4944,57000,281.8,7802
TXSD_DELTAE_SWEEP_20260115,3651,4948,57600,285.0,7802
TXSD_DELTAE_SWEEP_20260115,3661,4944,56000,276.9,7802
TXSD_DELTAE_SWEEP_20260115,3671,4948,57600,285.0,7802
TXSD_DELTAE_SWEEP_20260115,3681,4944,56000,276.9,7802
TXSD_DELTAE_SWEEP_20260115,3691,4948,57600,285.0,7802
TXSD_DELTAE_SWEEP_20260115,3701,4944,55900,276.4,7802
TXSD_DELTAE_SWEEP_20260115,3711,4948,57500,284.5,7802
TXSD_DELTAE_SWEEP_20260115,3721,4944,56000,276.9,7802
TXSD_DELTAE_SWEEP_20260115,3731,4944,57600,284.8,7802
TXSD_DELTAE_SWEEP_20260115,3741,4944,56000,276.9,7802
TXSD_DELTAE_SWEEP_20260115,3751,4948,57500,284.5,7802
TXSD_DELTAE_SWEEP_20260115,3761,4944,56600,279.8,7802
TXSD_DELTAE_SWEEP_20260115,3771,4948,57000,282.0,7802
TXSD_DELTAE_SWEEP_20260115,3781,4944,56600,279.8,7802
TXSD_DELTAE_SWEEP_20260115,3791,4948,57000,282.0,7802
TXSD_DELTAE_SWEEP_20260115,3801,4944,57200,282.8,7802
TXSD_DELTAE_SWEEP_20260115,3811,4944,56500,279.3,7802
TXSD_DELTAE_SWEEP_20260115,3821,4948,57600,285.0,7802
TXSD_DELTAE_SWEEP_20260115,3831,4944,56000,276.9,7802
TXSD_DELTAE_SWEEP_20260115,3841,4944,57600,284.8,7802
TXSD_DELTAE_SWEEP_20260115,3851,4944,56000,276.9,7802
TXSD_DELTAE_SWEEP_20260115,3861,4948,57500,284.5,7802
TXSD_DELTAE_SWEEP_20260115,3871,4944,56000,276.9,7802
TXSD_DELTAE_SWEEP_20260115,3881,4948,57600,285.0,7802
TXSD_DELTAE_SWEEP_20260115,3891,4944,56000,276.9,7802
TXSD_DELTAE_SWEEP_20260115,3901,4948,57600,285.0,7802
TXSD_DELTAE_SWEEP_20260115,3911,4944,56000,276.9,7802
TXSD_DELTAE_SWEEP_20260115,3921,4948,57600,285.0,7802
TXSD_DELTAE_SWEEP_20260115,3931,4944,56600,279.8,7802
TXSD_DELTAE_SWEEP_20260115,3941,4944,56900,281.3,7802
TXSD_DELTAE_SWEEP_20260115,3951,4948,56600,280.1,7802
TXSD_DELTAE_SWEEP_20260115,3961,4944,56900,281.3,7802
TXSD_DELTAE_SWEEP_20260115,3971,4944,57500,284.3,7802
TXSD_DELTAE_SWEEP_20260115,3981,4944,55900,276.4,7802
TXSD_DELTAE_SWEEP_20260115,3991,4948,57600,285.0,7802
TXSD_DELTAE_SWEEP_20260115,4001,4944,56000,276.9,7802
TXSD_DELTAE_SWEEP_20260115,4011,4944,57500,284.3,7802
TXSD_DELTAE_SWEEP_20260115,4021,4944,56000,276.9,7802
TXSD_DELTAE_SWEEP_20260115,4031,4944,57600,284.8,7802
TXSD_DELTAE_SWEEP_20260115,4041,4944,56000,276.9,7802
TXSD_DELTAE_SWEEP_20260115,4051,4944,57600,284.8,7802
TXSD_DELTAE_SWEEP_20260115,4061,4944,56000,276.9,7802
TXSD_DELTAE_SWEEP_20260115,4071,4948,57600,285.0,7802
TXSD_DELTAE_SWEEP_20260115,4081,4944,56700,280.3,7802
TXSD_DELTAE_SWEEP_20260115,4091,4948,57000,282.0,7802
TXSD_DELTAE_SWEEP_20260115,4101,4948,56600,280.1,7802
TXSD_DELTAE_SWEEP_20260115,4111,4944,57000,281.8,7802
TXSD_DELTAE_SWEEP_20260115,4121,4944,56700,280.3,7802
TXSD_DELTAE_SWEEP_20260115,4131,4948,56900,281.5,7802
TXSD_DELTAE_SWEEP_20260115,4141,4948,57600,285.0,7802
TXSD_DELTAE_SWEEP_20260115,4151,4944,56000,276.9,7802
TXSD_DELTAE_SWEEP_20260115,4161,4948,57600,285.0,7802
TXSD_DELTAE_SWEEP_20260115,4171,4944,56000,276.9,7802
TXSD_DELTAE_SWEEP_20260115,4181,4948,57500,284.5,7802
TXSD_DELTAE_SWEEP_20260115,4191,4944,56000,276.9,7802
TXSD_DELTAE_SWEEP_20260115,4201,4948,57600,285.0,7802
TXSD_DELTAE_SWEEP_20260115,4211,4948,56000,277.1,7802
TXSD_DELTAE_SWEEP_20260115,4221,4944,57600,284.8,7802
TXSD_DELTAE_SWEEP_20260115,4231,4944,56000,276.9,7802
TXSD_DELTAE_SWEEP_20260115,4241,4944,57700,285.3,7802
TXSD_DELTAE_SWEEP_20260115,4251,4944,56600,279.8,7802
TXSD_DELTAE_SWEEP_20260115,4261,4944,56900,281.3,7802
TXSD_DELTAE_SWEEP_20260115,4271,4948,56600,280.1,7802
TXSD_DELTAE_SWEEP_20260115,4281,4944,56900,281.3,7802
TXSD_DELTAE_SWEEP_20260115,4291,4944,57600,284.8,7802
TXSD_DELTAE_SWEEP_20260115,4301,4944,56000,276.9,7802
TXSD_DELTAE_SWEEP_20260115,4311,4948,57600,285.0,7802
TXSD_DELTAE_SWEEP_20260115,4321,4944,56000,276.9,7802
TXSD_DELTAE_SWEEP_20260115,4331,4944,57600,284.8,7802
TXSD_DELTAE_SWEEP_20260115,4341,4944,56000,276.9,7802
TXSD_DELTAE_SWEEP_20260115,4351,4948,57600,285.0,7802
TXSD_DELTAE_SWEEP_20260115,4361,4944,56000,276.9,7802
TXSD_DELTAE_SWEEP_20260115,4371,4948,57600,285.0,7802
TXSD_DELTAE_SWEEP_20260115,4381,4944,56000,276.9,7802
TXSD_DELTAE_SWEEP_20260115,4391,4948,57600,285.0,7802
TXSD_DELTAE_SWEEP_20260115,4401,4948,56100,277.6,7802
TXSD_DELTAE_SWEEP_20260115,4411,4948,57600,285.0,7802
TXSD_DELTAE_SWEEP_20260115,4421,4944,56700,280.3,7802
TXSD_DELTAE_SWEEP_20260115,4431,4948,57000,282.0,7802
TXSD_DELTAE_SWEEP_20260115,4441,4948,56700,280.6,7802
TXSD_DELTAE_SWEEP_20260115,4451,4948,57000,282.0,7802
TXSD_DELTAE_SWEEP_20260115,4461,4948,57600,285.0,7802
TXSD_DELTAE_SWEEP_20260115,4471,4944,56000,276.9,7802
TXSD_DELTAE_SWEEP_20260115,4481,4944,57700,285.3,7802
TXSD_DELTAE_SWEEP_20260115,4491,4944,56000,276.9,7802
TXSD_DELTAE_SWEEP_20260115,4501,4948,57600,285.0,7802
TXSD_DELTAE_SWEEP_20260115,4511,4944,55900,276.4,7802
TXSD_DELTAE_SWEEP_20260115,4521,4948,57700,285.5,7802
TXSD_DELTAE_SWEEP_20260115,4531,4944,56000,276.9,7802
TXSD_DELTAE_SWEEP_20260115,4541,4944,57600,284.8,7802
TXSD_DELTAE_SWEEP_20260115,4551,4944,56000,276.9,7802
TXSD_DELTAE_SWEEP_20260115,4561,4948,57600,285.0,7802
TXSD_DELTAE_SWEEP_20260115,4571,4944,56700,280.3,7802
TXSD_DELTAE_SWEEP_20260115,4581,4948,56800,281.0,7802
TXSD_DELTAE_SWEEP_20260115,4591,4948,56600,280.1,7802
TXSD_DELTAE_SWEEP_20260115,4601,4944,56900,281.3,7802
TXSD_DELTAE_SWEEP_20260115,4611,4944,57100,282.3,7802
TXSD_DELTAE_SWEEP_20260115,4621,4944,56700,280.3,7802
TXSD_DELTAE_SWEEP_20260115,4631,4948,57500,284.5,7802
TXSD_DELTAE_SWEEP_20260115,4641,4944,56000,276.9,7802
TXSD_DELTAE_SWEEP_20260115,4651,4948,57600,285.0,7802
TXSD_DELTAE_SWEEP_20260115,4661,4944,56000,276.9,7802
TXSD_DELTAE_SWEEP_20260115,4671,4948,57600,285.0,7802
TXSD_DELTAE_SWEEP_20260115,4681,4944,56000,276.9,7802
TXSD_DELTAE_SWEEP_20260115,4691,4948,57600,285.0,7802
TXSD_DELTAE_SWEEP_20260115,4701,4944,56000,276.9,7802
TXSD_DELTAE_SWEEP_20260115,4711,4948,57600,285.0,7802
TXSD_DELTAE_SWEEP_20260115,4721,4944,56000,276.9,7802
TXSD_DELTAE_SWEEP_20260115,4731,4944,57500,284.3,7802
TXSD_DELTAE_SWEEP_20260115,4741,4944,56600,279.8,7802
TXSD_DELTAE_SWEEP_20260115,4751,4948,56900,281.5,7802
TXSD_DELTAE_SWEEP_20260115,4761,4944,56600,279.8,7802
TXSD_DELTAE_SWEEP_20260115,4771,4944,56900,281.3,7802
TXSD_DELTAE_SWEEP_20260115,4781,4944,57500,284.3,7802
TXSD_DELTAE_SWEEP_20260115,4791,4944,56000,276.9,7802
TXSD_DELTAE_SWEEP_20260115,4801,4948,57500,284.5,7802
TXSD_DELTAE_SWEEP_20260115,4811,4944,56000,276.9,7802
TXSD_DELTAE_SWEEP_20260115,4821,4948,57600,285.0,7802
TXSD_DELTAE_SWEEP_20260115,4831,4944,56000,276.9,7802
TXSD_DELTAE_SWEEP_20260115,4841,4944,57600,284.8,7802
TXSD_DELTAE_SWEEP_20260115,4851,4944,56000,276.9,7802
TXSD_DELTAE_SWEEP_20260115,4861,4944,57600,284.8,7802
TXSD_DELTAE_SWEEP_20260115,4871,4944,56000,276.9,7802
TXSD_DELTAE_SWEEP_20260115,4881,4948,57500,284.5,7802
TXSD_DELTAE_SWEEP_20260115,4891,4944,56600,279.8,7802
TXSD_DELTAE_SWEEP_20260115,4901,4948,57100,282.5,7802
TXSD_DELTAE_SWEEP_20260115,4911,4944,56600,279.8,7802
TXSD_DELTAE_SWEEP_20260115,4921,4948,57000,282.0,7802
TXSD_DELTAE_SWEEP_20260115,4931,4944,56600,279.8,7802
TXSD_DELTAE_SWEEP_20260115,4941,4948,56900,281.5,7802
TXSD_DELTAE_SWEEP_20260115,4951,4948,57600,285.0,7802
TXSD_DELTAE_SWEEP_20260115,4961,4944,55900,276.4,7802
TXSD_DELTAE_SWEEP_20260115,4971,4944,57600,284.8,7802
TXSD_DELTAE_SWEEP_20260115,4981,4944,55900,276.4,7802
TXSD_DELTAE_SWEEP_20260115,4991,4944,57600,284.8,7802
TXSD_DELTAE_SWEEP_20260115,5001,4944,56000,276.9,7802
TXSD_DELTAE_SWEEP_20260115,5011,4944,57600,284.8,7802
TXSD_DELTAE_SWEEP_20260115,5021,4948,56000,277.1,7802
TXSD_DELTAE_SWEEP_20260115,5031,4948,57600,285.0,7802
TXSD_DELTAE_SWEEP_20260115,5041,4944,56000,276.9,7802
TXSD_DELTAE_SWEEP_20260115,5051,4948,57500,284.5,7802
TXSD_DELTAE_SWEEP_20260115,5061,4948,56600,280.1,7802
TXSD_DELTAE_SWEEP_20260115,5071,4948,57000,282.0,7802
TXSD_DELTAE_SWEEP_20260115,5081,4948,56600,280.1,7802
TXSD_DELTAE_SWEEP_20260115,5091,4948,57000,282.0,7802
TXSD_DELTAE_SWEEP_20260115,5101,4944,57600,284.8,7802
TXSD_DELTAE_SWEEP_20260115,5111,4948,56000,277.1,7802
TXSD_DELTAE_SWEEP_20260115,5121,4948,57600,285.0,7802
TXSD_DELTAE_SWEEP_20260115,5131,4944,56000,276.9,7802
TXSD_DELTAE_SWEEP_20260115,5141,4948,57500,284.5,7802
TXSD_DELTAE_SWEEP_20260115,5151,4944,56000,276.9,7802
TXSD_DELTAE_SWEEP_20260115,5161,4948,57600,285.0,7802
TXSD_DELTAE_SWEEP_20260115,5171,4944,56000,276.9,7802
TXSD_DELTAE_SWEEP_20260115,5181,4948,57600,285.0,7802
TXSD_DELTAE_SWEEP_20260115,5191,4944,56000,276.9,7802
TXSD_DELTAE_SWEEP_20260115,5201,4944,57600,284.8,7802
TXSD_DELTAE_SWEEP_20260115,5211,4944,56000,276.9,7802
TXSD_DELTAE_SWEEP_20260115,5221,4948,57600,285.0,7802
TXSD_DELTAE_SWEEP_20260115,5231,4948,56600,280.1,7802
TXSD_DELTAE_SWEEP_20260115,5241,4948,119700,592.3,7803
TXSD_DELTAE_SWEEP_20260115,5251,4948,56600,280.1,7803
TXSD_DELTAE_SWEEP_20260115,5261,4944,56900,281.3,7803
TXSD_DELTAE_SWEEP_20260115,5271,4944,57600,284.8,7803
TXSD_DELTAE_SWEEP_20260115,5281,4944,56000,276.9,7803
TXSD_DELTAE_SWEEP_20260115,5291,4948,57600,285.0,7803
TXSD_DELTAE_SWEEP_20260115,5301,4944,56000,276.9,7803
TXSD_DELTAE_SWEEP_20260115,5311,4948,57600,285.0,7803
TXSD_DELTAE_SWEEP_20260115,5321,4944,56000,276.9,7803
TXSD_DELTAE_SWEEP_20260115,5331,4948,57600,285.0,7803
TXSD_DELTAE_SWEEP_20260115,5341,4944,56000,276.9,7803
TXSD_DELTAE_SWEEP_20260115,5351,4944,57500,284.3,7803
TXSD_DELTAE_SWEEP_20260115,5361,4944,56000,276.9,7803
TXSD_DELTAE_SWEEP_20260115,5371,4948,57600,285.0,7803
TXSD_DELTAE_SWEEP_20260115,5381,4944,56700,280.3,7803
TXSD_DELTAE_SWEEP_20260115,5391,4944,56900,281.3,7803
TXSD_DELTAE_SWEEP_20260115,5401,4944,56600,279.8,7803
TXSD_DELTAE_SWEEP_20260115,5411,4944,56900,281.3,7803
TXSD_DELTAE_SWEEP_20260115,5421,4944,57000,281.8,7803
TXSD_DELTAE_SWEEP_20260115,5431,4944,56800,280.8,7803
TXSD_DELTAE_SWEEP_20260115,5441,4944,57500,284.3,7803
TXSD_DELTAE_SWEEP_20260115,5451,4944,56000,276.9,7803
TXSD_DELTAE_SWEEP_20260115,5461,4948,57600,285.0,7803
TXSD_DELTAE_SWEEP_20260115,5471,4944,56000,276.9,7803
TXSD_DELTAE_SWEEP_20260115,5481,4948,57500,284.5,7803
TXSD_DELTAE_SWEEP_20260115,5491,4944,56000,276.9,7803
TXSD_DELTAE_SWEEP_20260115,5501,4948,57600,285.0,7803
TXSD_DELTAE_SWEEP_20260115,5511,4944,56000,276.9,7803
TXSD_DELTAE_SWEEP_20260115,5521,4948,57600,285.0,7803
TXSD_DELTAE_SWEEP_20260115,5531,4944,56000,276.9,7803
TXSD_DELTAE_SWEEP_20260115,5541,4948,57600,285.0,7803
TXSD_DELTAE_SWEEP_20260115,5551,4948,56700,280.6,7803
TXSD_DELTAE_SWEEP_20260115,5561,4944,56900,281.3,7803
TXSD_DELTAE_SWEEP_20260115,5571,4944,56600,279.8,7803
TXSD_DELTAE_SWEEP_20260115,5581,4948,57000,282.0,7803
TXSD_DELTAE_SWEEP_20260115,5591,4944,57600,284.8,7803
TXSD_DELTAE_SWEEP_20260115,5601,4944,55900,276.4,7803
TXSD_DELTAE_SWEEP_20260115,5611,4948,57600,285.0,7803
TXSD_DELTAE_SWEEP_20260115,5621,4944,56000,276.9,7803
TXSD_DELTAE_SWEEP_20260115,5631,4944,57600,284.8,7803
TXSD_DELTAE_SWEEP_20260115,5641,4944,56000,276.9,7803
TXSD_DELTAE_SWEEP_20260115,5651,4948,57600,285.0,7803
TXSD_DELTAE_SWEEP_20260115,5661,4944,56000,276.9,7803
TXSD_DELTAE_SWEEP_20260115,5671,4948,57600,285.0,7803
TXSD_DELTAE_SWEEP_20260115,5681,4944,56000,276.9,7803
TXSD_DELTAE_SWEEP_20260115,5691,4948,57600,285.0,7803
TXSD_DELTAE_SWEEP_20260115,5701,4944,56400,278.8,7803
TXSD_DELTAE_SWEEP_20260115,5711,4948,57300,283.5,7803
TXSD_DELTAE_SWEEP_20260115,5721,4944,56600,279.8,7803
TXSD_DELTAE_SWEEP_20260115,5731,4944,56900,281.3,7803
TXSD_DELTAE_SWEEP_20260115,5741,4944,56600,279.8,7803
TXSD_DELTAE_SWEEP_20260115,5751,4944,57000,281.8,7803
TXSD_DELTAE_SWEEP_20260115,5761,4944,57600,284.8,7803
TXSD_DELTAE_SWEEP_20260115,5771,4944,56000,276.9,7803
TXSD_DELTAE_SWEEP_20260115,5781,4948,57600,285.0,7803
TXSD_DELTAE_SWEEP_20260115,5791,4944,56000,276.9,7803
TXSD_DELTAE_SWEEP_20260115,5801,4948,57500,284.5,7803
TXSD_DELTAE_SWEEP_20260115,5811,4944,56000,276.9,7803
TXSD_DELTAE_SWEEP_20260115,5821,4944,57600,284.8,7803
TXSD_DELTAE_SWEEP_20260115,5831,4944,56000,276.9,7803
TXSD_DELTAE_SWEEP_20260115,5841,4948,57600,285.0,7803
TXSD_DELTAE_SWEEP_20260115,5851,4944,56000,276.9,7803
TXSD_DELTAE_SWEEP_20260115,5861,4944,57600,284.8,7803
TXSD_DELTAE_SWEEP_20260115,5871,4944,56600,279.8,7803
TXSD_DELTAE_SWEEP_20260115,5881,4944,57000,281.8,7803
TXSD_DELTAE_SWEEP_20260115,5891,4948,56700,280.6,7803
TXSD_DELTAE_SWEEP_20260115,5901,4944,56900,281.3,7803
TXSD_DELTAE_SWEEP_20260115,5911,4948,57500,284.5,7803
TXSD_DELTAE_SWEEP_20260115,5921,4948,56200,278.1,7803
TXSD_DELTAE_SWEEP_20260115,5931,4948,57600,285.0,7803
TXSD_DELTAE_SWEEP_20260115,5941,4944,56000,276.9,7803
TXSD_DELTAE_SWEEP_20260115,5951,4944,57500,284.3,7803
TXSD_DELTAE_SWEEP_20260115,5961,4944,56000,276.9,7803
TXSD_DELTAE_SWEEP_20260115,5971,4948,57600,285.0,7803
TXSD_DELTAE_SWEEP_20260115,5981,4944,56000,276.9,7803
TXSD_DELTAE_SWEEP_20260115,5991,4948,57700,285.5,7803
TXSD_DELTAE_SWEEP_20260115,6001,4944,55900,276.4,7803
TXSD_DELTAE_SWEEP_20260115,6011,4948,57600,285.0,7803
TXSD_DELTAE_SWEEP_20260115,6021,4944,56000,276.9,7803
TXSD_DELTAE_SWEEP_20260115,6031,4948,57600,285.0,7803
TXSD_DELTAE_SWEEP_20260115,6041,4944,56700,280.3,7803
TXSD_DELTAE_SWEEP_20260115,6051,4948,57000,282.0,7803
TXSD_DELTAE_SWEEP_20260115,6061,4948,56700,280.6,7803
TXSD_DELTAE_SWEEP_20260115,6071,4948,57000,282.0,7803
TXSD_DELTAE_SWEEP_20260115,6081,4948,57600,285.0,7803
TXSD_DELTAE_SWEEP_20260115,6091,4944,56000,276.9,7803
TXSD_DELTAE_SWEEP_20260115,6101,4944,57700,285.3,7803
TXSD_DELTAE_SWEEP_20260115,6111,4944,56000,276.9,7803
TXSD_DELTAE_SWEEP_20260115,6121,4948,57600,285.0,7803
TXSD_DELTAE_SWEEP_20260115,6131,4944,56000,276.9,7803
TXSD_DELTAE_SWEEP_20260115,6141,4948,57600,285.0,7803
TXSD_DELTAE_SWEEP_20260115,6151,4944,56000,276.9,7803
TXSD_DELTAE_SWEEP_20260115,6161,4948,57500,284.5,7803
TXSD_DELTAE_SWEEP_20260115,6171,4944,56100,277.4,7803
TXSD_DELTAE_SWEEP_20260115,6181,4948,57600,285.0,7803
TXSD_DELTAE_SWEEP_20260115,6191,4944,56800,280.8,7803
TXSD_DELTAE_SWEEP_20260115,6201,4948,56900,281.5,7803
TXSD_DELTAE_SWEEP_20260115,6211,4944,56700,280.3,7803
TXSD_DELTAE_SWEEP_20260115,6221,4944,56900,281.3,7803
TXSD_DELTAE_SWEEP_20260115,6231,4944,56800,280.8,7803
TXSD_DELTAE_SWEEP_20260115,6241,4944,56900,281.3,7803
TXSD_DELTAE_SWEEP_20260115,6251,4948,57300,283.5,7803
TXSD_DELTAE_SWEEP_20260115,6261,4944,56000,276.9,7803
TXSD_DELTAE_SWEEP_20260115,6271,4948,57600,285.0,7803
TXSD_DELTAE_SWEEP_20260115,6281,4944,56000,276.9,7803
TXSD_DELTAE_SWEEP_20260115,6291,4948,57600,285.0,7803
TXSD_DELTAE_SWEEP_20260115,6301,4944,56000,276.9,7803
TXSD_DELTAE_SWEEP_20260115,6311,4948,57500,284.5,7803
TXSD_DELTAE_SWEEP_20260115,6321,4944,56000,276.9,7803
TXSD_DELTAE_SWEEP_20260115,6331,4948,57600,285.0,7803
TXSD_DELTAE_SWEEP_20260115,6341,4944,56000,276.9,7803
TXSD_DELTAE_SWEEP_20260115,6351,4944,57600,284.8,7803
TXSD_DELTAE_SWEEP_20260115,6361,4948,56700,280.6,7803
TXSD_DELTAE_SWEEP_20260115,6371,4948,57000,282.0,7803
TXSD_DELTAE_SWEEP_20260115,6381,4944,56600,279.8,7803
TXSD_DELTAE_SWEEP_20260115,6391,4944,56900,281.3,7803
TXSD_DELTAE_SWEEP_20260115,6401,4944,57600,284.8,7803
TXSD_DELTAE_SWEEP_20260115,6411,4944,55900,276.4,7803
TXSD_DELTAE_SWEEP_20260115,6421,4948,57600,285.0,7803
TXSD_DELTAE_SWEEP_20260115,6431,4944,55900,276.4,7803
TXSD_DELTAE_SWEEP_20260115,6441,4948,57600,285.0,7803
TXSD_DELTAE_SWEEP_20260115,6451,4944,56000,276.9,7803
TXSD_DELTAE_SWEEP_20260115,6461,4948,57600,285.0,7803
TXSD_DELTAE_SWEEP_20260115,6471,4944,56000,276.9,7803
TXSD_DELTAE_SWEEP_20260115,6481,4948,57600,285.0,7803
TXSD_DELTAE_SWEEP_20260115,6491,4944,56000,276.9,7803
TXSD_DELTAE_SWEEP_20260115,6501,4948,57600,285.0,7803
TXSD_DELTAE_SWEEP_20260115,6511,4944,56300,278.3,7803
TXSD_DELTAE_SWEEP_20260115,6521,4948,57400,284.0,7803
TXSD_DELTAE_SWEEP_20260115,6531,4944,56600,279.8,7803
TXSD_DELTAE_SWEEP_20260115,6541,4944,57000,281.8,7803
TXSD_DELTAE_SWEEP_20260115,6551,4948,56600,280.1,7803
TXSD_DELTAE_SWEEP_20260115,6561,4948,57000,282.0,7803
TXSD_DELTAE_SWEEP_20260115,6571,4948,57500,284.5,7803
TXSD_DELTAE_SWEEP_20260115,6581,4948,55900,276.6,7803
TXSD_DELTAE_SWEEP_20260115,6591,4948,57600,285.0,7803
TXSD_DELTAE_SWEEP_20260115,6601,4944,56000,276.9,7803
TXSD_DELTAE_SWEEP_20260115,6611,4944,57600,284.8,7803
TXSD_DELTAE_SWEEP_20260115,6621,4944,56000,276.9,7803
TXSD_DELTAE_SWEEP_20260115,6631,4944,57600,284.8,7803
TXSD_DELTAE_SWEEP_20260115,6641,4944,56000,276.9,7803
TXSD_DELTAE_SWEEP_20260115,6651,4948,57600,285.0,7803
TXSD_DELTAE_SWEEP_20260115,6661,4944,56000,276.9,7803
TXSD_DELTAE_SWEEP_20260115,6671,4948,57600,285.0,7803
TXSD_DELTAE_SWEEP_20260115,6681,4944,56600,279.8,7803
TXSD_DELTAE_SWEEP_20260115,6691,4944,57000,281.8,7803
TXSD_DELTAE_SWEEP_20260115,6701,4944,56700,280.3,7803
TXSD_DELTAE_SWEEP_20260115,6711,4948,57000,282.0,7803
TXSD_DELTAE_SWEEP_20260115,6721,4944,57400,283.8,7803
TXSD_DELTAE_SWEEP_20260115,6731,4944,56400,278.8,7803
TXSD_DELTAE_SWEEP_20260115,6741,4948,57700,285.5,7803
TXSD_DELTAE_SWEEP_20260115,6751,4948,56000,277.1,7803
TXSD_DELTAE_SWEEP_20260115,6761,4944,57500,284.3,7803
TXSD_DELTAE_SWEEP_20260115,6771,4944,56000,276.9,7803
TXSD_DELTAE_SWEEP_20260115,6781,4948,57600,285.0,7803
TXSD_DELTAE_SWEEP_20260115,6791,4944,56000,276.9,7803
TXSD_DELTAE_SWEEP_20260115,6801,4948,57600,285.0,7803
TXSD_DELTAE_SWEEP_20260115,6811,4944,55900,276.4,7803
TXSD_DELTAE_SWEEP_20260115,6821,4948,57600,285.0,7803
TXSD_DELTAE_SWEEP_20260115,6831,4944,56000,276.9,7803
TXSD_DELTAE_SWEEP_20260115,6841,4944,57600,284.8,7803
TXSD_DELTAE_SWEEP_20260115,6851,4948,56700,280.6,7803
TXSD_DELTAE_SWEEP_20260115,6861,4944,56900,281.3,7803
TXSD_DELTAE_SWEEP_20260115,6871,4944,56600,279.8,7803
TXSD_DELTAE_SWEEP_20260115,6881,4948,56900,281.5,7803
TXSD_DELTAE_SWEEP_20260115,6891,4944,57600,284.8,7803
TXSD_DELTAE_SWEEP_20260115,6901,4944,56100,277.4,7803
TXSD_DELTAE_SWEEP_20260115,6911,4944,57600,284.8,7803
TXSD_DELTAE_SWEEP_20260115,6921,4944,56000,276.9,7803
TXSD_DELTAE_SWEEP_20260115,6931,4948,57700,285.5,7803
TXSD_DELTAE_SWEEP_20260115,6941,4944,56000,276.9,7803
TXSD_DELTAE_SWEEP_20260115,6951,4948,57600,285.0,7803
TXSD_DELTAE_SWEEP_20260115,6961,4944,56000,276.9,7803
TXSD_DELTAE_SWEEP_20260115,6971,4944,57600,284.8,7803
TXSD_DELTAE_SWEEP_20260115,6981,4944,55900,276.4,7803
TXSD_DELTAE_SWEEP_20260115,6991,4948,57600,285.0,7803
TXSD_DELTAE_SWEEP_20260115,7001,4944,56700,280.3,7803
TXSD_DELTAE_SWEEP_20260115,7011,4948,57000,282.0,7803
TXSD_DELTAE_SWEEP_20260115,7021,4944,56600,279.8,7803
TXSD_DELTAE_SWEEP_20260115,7031,4948,56900,281.5,7803
TXSD_DELTAE_SWEEP_20260115,7041,4944,56800,280.8,7803
TXSD_DELTAE_SWEEP_20260115,7051,4948,57000,282.0,7803
TXSD_DELTAE_SWEEP_20260115,7061,4944,57100,282.3,7803
TXSD_DELTAE_SWEEP_20260115,7071,4944,56000,276.9,7803
TXSD_DELTAE_SWEEP_20260115,7081,4948,57600,285.0,7803
TXSD_DELTAE_SWEEP_20260115,7091,4944,56000,276.9,7803
TXSD_DELTAE_SWEEP_20260115,7101,4944,57600,284.8,7803
TXSD_DELTAE_SWEEP_20260115,7111,4944,56000,276.9,7803
TXSD_DELTAE_SWEEP_20260115,7121,4944,57600,284.8,7803
TXSD_DELTAE_SWEEP_20260115,7131,4944,56000,276.9,7803
TXSD_DELTAE_SWEEP_20260115,7141,4948,57700,285.5,7803
TXSD_DELTAE_SWEEP_20260115,7151,4944,56000,276.9,7803
TXSD_DELTAE_SWEEP_20260115,7161,4948,57600,285.0,7803
TXSD_DELTAE_SWEEP_20260115,7171,4944,56700,280.3,7803
TXSD_DELTAE_SWEEP_20260115,7181,4948,56900,281.5,7803
TXSD_DELTAE_SWEEP_20260115,7191,4944,56700,280.3,7803
TXSD_DELTAE_SWEEP_20260115,7201,4944,56900,281.3,7803
TXSD_DELTAE_SWEEP_20260115,7211,4944,57600,284.8,7803
TXSD_DELTAE_SWEEP_20260115,7221,4948,56000,277.1,7803
TXSD_DELTAE_SWEEP_20260115,7231,4944,57600,284.8,7803
TXSD_DELTAE_SWEEP_20260115,7241,4940,148100,731.6,7804
TXSD_DELTAE_SWEEP_20260115,7251,4948,57600,285.0,7804
TXSD_DELTAE_SWEEP_20260115,7261,4944,56000,276.9,7804
TXSD_DELTAE_SWEEP_20260115,7271,4948,57600,285.0,7804
TXSD_DELTAE_SWEEP_20260115,7281,4944,56000,276.9,7804
TXSD_DELTAE_SWEEP_20260115,7291,4948,57600,285.0,7804
TXSD_DELTAE_SWEEP_20260115,7301,4944,56000,276.9,7804
TXSD_DELTAE_SWEEP_20260115,7311,4948,57600,285.0,7804
TXSD_DELTAE_SWEEP_20260115,7321,4944,56200,277.9,7804
TXSD_DELTAE_SWEEP_20260115,7331,4948,57500,284.5,7804
TXSD_DELTAE_SWEEP_20260115,7341,4948,56700,280.6,7804
TXSD_DELTAE_SWEEP_20260115,7351,4944,57000,281.8,7804
TXSD_DELTAE_SWEEP_20260115,7361,4944,56600,279.8,7804
TXSD_DELTAE_SWEEP_20260115,7371,4948,56900,281.5,7804
TXSD_DELTAE_SWEEP_20260115,7381,4944,57600,284.8,7804
TXSD_DELTAE_SWEEP_20260115,7391,4944,56000,276.9,7804
TXSD_DELTAE_SWEEP_20260115,7401,4948,57600,285.0,7804
TXSD_DELTAE_SWEEP_20260115,7411,4944,56000,276.9,7804
TXSD_DELTAE_SWEEP_20260115,7421,4948,57500,284.5,7804
TXSD_DELTAE_SWEEP_20260115,7431,4944,56000,276.9,7804
TXSD_DELTAE_SWEEP_20260115,7441,4948,57700,285.5,7804
TXSD_DELTAE_SWEEP_20260115,7451,4944,56000,276.9,7804
TXSD_DELTAE_SWEEP_20260115,7461,4948,57600,285.0,7804
TXSD_DELTAE_SWEEP_20260115,7471,4944,56000,276.9,7804
TXSD_DELTAE_SWEEP_20260115,7481,4948,57600,285.0,7804
TXSD_DELTAE_SWEEP_20260115,7491,4944,56600,279.8,7804
TXSD_DELTAE_SWEEP_20260115,7501,4944,56900,281.3,7804
TXSD_DELTAE_SWEEP_20260115,7511,4944,56700,280.3,7804
TXSD_DELTAE_SWEEP_20260115,7521,4948,57000,282.0,7804
TXSD_DELTAE_SWEEP_20260115,7531,4944,57300,283.3,7804
TXSD_DELTAE_SWEEP_20260115,7541,4948,56600,280.1,7804
TXSD_DELTAE_SWEEP_20260115,7551,4948,57600,285.0,7804
TXSD_DELTAE_SWEEP_20260115,7561,4948,56000,277.1,7804
TXSD_DELTAE_SWEEP_20260115,7571,4948,57600,285.0,7804
TXSD_DELTAE_SWEEP_20260115,7581,4944,56000,276.9,7804
TXSD_DELTAE_SWEEP_20260115,7591,4948,57600,285.0,7804
TXSD_DELTAE_SWEEP_20260115,7601,4944,56000,276.9,7804
TXSD_DELTAE_SWEEP_20260115,7611,4944,57600,284.8,7804
TXSD_DELTAE_SWEEP_20260115,7621,4944,55900,276.4,7804
TXSD_DELTAE_SWEEP_20260115,7631,4948,57600,285.0,7804
TXSD_DELTAE_SWEEP_20260115,7641,4944,56000,276.9,7804
TXSD_DELTAE_SWEEP_20260115,7651,4948,57600,285.0,7804
TXSD_DELTAE_SWEEP_20260115,7661,4948,56700,280.6,7804
TXSD_DELTAE_SWEEP_20260115,7671,4944,56900,281.3,7804
TXSD_DELTAE_SWEEP_20260115,7681,4944,56700,280.3,7804
TXSD_DELTAE_SWEEP_20260115,7691,4944,57000,281.8,7804
TXSD_DELTAE_SWEEP_20260115,7701,4944,57600,284.8,7804
TXSD_DELTAE_SWEEP_20260115,7711,4944,56000,276.9,7804
TXSD_DELTAE_SWEEP_20260115,7721,4948,57600,285.0,7804
TXSD_DELTAE_SWEEP_20260115,7731,4944,56000,276.9,7804
TXSD_DELTAE_SWEEP_20260115,7741,4948,57600,285.0,7804
TXSD_DELTAE_SWEEP_20260115,7751,4944,56000,276.9,7804
TXSD_DELTAE_SWEEP_20260115,7761,4948,57600,285.0,7804
TXSD_DELTAE_SWEEP_20260115,7771,4944,56000,276.9,7804
TXSD_DELTAE_SWEEP_20260115,7781,4948,57600,285.0,7804
TXSD_DELTAE_SWEEP_20260115,7791,4944,56000,276.9,7804
TXSD_DELTAE_SWEEP_20260115,7801,4948,57600,285.0,7804
TXSD_DELTAE_SWEEP_20260115,7811,4944,56700,280.3,7804
TXSD_DELTAE_SWEEP_20260115,7821,4948,57100,282.5,7804
TXSD_DELTAE_SWEEP_20260115,7831,4944,56700,280.3,7804
TXSD_DELTAE_SWEEP_20260115,7841,4944,57000,281.8,7804
TXSD_DELTAE_SWEEP_20260115,7851,4944,56700,280.3,7804
TXSD_DELTAE_SWEEP_20260115,7861,4944,56900,281.3,7804
TXSD_DELTAE_SWEEP_20260115,7871,4948,56900,281.5,7804
TXSD_DELTAE_SWEEP_20260115,7881,4944,55900,276.4,7804
TXSD_DELTAE_SWEEP_20260115,7891,4948,57600,285.0,7804
TXSD_DELTAE_SWEEP_20260115,7901,4944,56000,276.9,7804
TXSD_DELTAE_SWEEP_20260115,7911,4948,57600,285.0,7804
TXSD_DELTAE_SWEEP_20260115,7921,4944,56000,276.9,7804
TXSD_DELTAE_SWEEP_20260115,7931,4948,57500,284.5,7804
TXSD_DELTAE_SWEEP_20260115,7941,4944,56000,276.9,7804
TXSD_DELTAE_SWEEP_20260115,7951,4948,57600,285.0,7804
TXSD_DELTAE_SWEEP_20260115,7961,4944,56000,276.9,7804
TXSD_DELTAE_SWEEP_20260115,7971,4944,57600,284.8,7804
TXSD_DELTAE_SWEEP_20260115,7981,4948,56600,280.1,7804
TXSD_DELTAE_SWEEP_20260115,7991,4944,57100,282.3,7804
TXSD_DELTAE_SWEEP_20260115,8001,4944,56600,279.8,7804
TXSD_DELTAE_SWEEP_20260115,8011,4944,57000,281.8,7804
TXSD_DELTAE_SWEEP_20260115,8021,4948,57700,285.5,7804
TXSD_DELTAE_SWEEP_20260115,8031,4948,56000,277.1,7804
TXSD_DELTAE_SWEEP_20260115,8041,4948,57600,285.0,7804
TXSD_DELTAE_SWEEP_20260115,8051,4944,56000,276.9,7804
TXSD_DELTAE_SWEEP_20260115,8061,4944,57600,284.8,7804
TXSD_DELTAE_SWEEP_20260115,8071,4944,56000,276.9,7804
TXSD_DELTAE_SWEEP_20260115,8081,4948,57600,285.0,7804
TXSD_DELTAE_SWEEP_20260115,8091,4948,56000,277.1,7804
TXSD_DELTAE_SWEEP_20260115,8101,4944,57600,284.8,7804
TXSD_DELTAE_SWEEP_20260115,8111,4944,56000,276.9,7804
TXSD_DELTAE_SWEEP_20260115,8121,4948,57600,285.0,7804
TXSD_DELTAE_SWEEP_20260115,8131,4944,56000,276.9,7804
TXSD_DELTAE_SWEEP_20260115,8141,4944,57600,284.8,7804
TXSD_DELTAE_SWEEP_20260115,8151,4948,56600,280.1,7804
TXSD_DELTAE_SWEEP_20260115,8161,4944,57000,281.8,7804
TXSD_DELTAE_SWEEP_20260115,8171,4948,56600,280.1,7804
TXSD_DELTAE_SWEEP_20260115,8181,4944,56900,281.3,7804
TXSD_DELTAE_SWEEP_20260115,8191,4948,57600,285.0,7804
TXSD_DELTAE_SWEEP_20260115,8201,4944,56100,277.4,7804
TXSD_DELTAE_SWEEP_20260115,8211,4948,57600,285.0,7804
TXSD_DELTAE_SWEEP_20260115,8221,4944,56000,276.9,7804
TXSD_DELTAE_SWEEP_20260115,8231,4948,57600,285.0,7804
TXSD_DELTAE_SWEEP_20260115,8241,4944,56000,276.9,7804
TXSD_DELTAE_SWEEP_20260115,8251,4948,57700,285.5,7804
TXSD_DELTAE_SWEEP_20260115,8261,4944,56000,276.9,7804
TXSD_DELTAE_SWEEP_20260115,8271,4948,57600,285.0,7804
TXSD_DELTAE_SWEEP_20260115,8281,4944,56000,276.9,7804
TXSD_DELTAE_SWEEP_20260115,8291,4948,57700,285.5,7804
TXSD_DELTAE_SWEEP_20260115,8301,4944,56600,279.8,7804
TXSD_DELTAE_SWEEP_20260115,8311,4948,56900,281.5,7804
TXSD_DELTAE_SWEEP_20260115,8321,4944,56600,279.8,7804
TXSD_DELTAE_SWEEP_20260115,8331,4948,56900,281.5,7804
TXSD_DELTAE_SWEEP_20260115,8341,4948,57100,282.5,7804
TXSD_DELTAE_SWEEP_20260115,8351,4944,56700,280.3,7804
TXSD_DELTAE_SWEEP_20260115,8361,4948,57500,284.5,7804
TXSD_DELTAE_SWEEP_20260115,8371,4944,56000,276.9,7804
TXSD_DELTAE_SWEEP_20260115,8381,4944,57600,284.8,7804
TXSD_DELTAE_SWEEP_20260115,8391,4944,56000,276.9,7804
TXSD_DELTAE_SWEEP_20260115,8401,4948,57600,285.0,7804
TXSD_DELTAE_SWEEP_20260115,8411,4944,56000,276.9,7804
TXSD_DELTAE_SWEEP_20260115,8421,4948,57600,285.0,7804
TXSD_DELTAE_SWEEP_20260115,8431,4944,56000,276.9,7804
TXSD_DELTAE_SWEEP_20260115,8441,4948,57600,285.0,7804
TXSD_DELTAE_SWEEP_20260115,8451,4944,56000,276.9,7804
TXSD_DELTAE_SWEEP_20260115,8461,4948,57500,284.5,7804
TXSD_DELTAE_SWEEP_20260115,8471,4944,56700,280.3,7804
TXSD_DELTAE_SWEEP_20260115,8481,4948,56900,281.5,7804
TXSD_DELTAE_SWEEP_20260115,8491,4944,56700,280.3,7804
TXSD_DELTAE_SWEEP_20260115,8501,4944,56900,281.3,7804
TXSD_DELTAE_SWEEP_20260115,8511,4948,57600,285.0,7804
TXSD_DELTAE_SWEEP_20260115,8521,4944,56000,276.9,7804
TXSD_DELTAE_SWEEP_20260115,8531,4944,57600,284.8,7804
TXSD_DELTAE_SWEEP_20260115,8541,4944,56000,276.9,7804
TXSD_DELTAE_SWEEP_20260115,8551,4948,57600,285.0,7804
TXSD_DELTAE_SWEEP_20260115,8561,4944,56100,277.4,7804
TXSD_DELTAE_SWEEP_20260115,8571,4944,57600,284.8,7804
TXSD_DELTAE_SWEEP_20260115,8581,4944,56000,276.9,7804
TXSD_DELTAE_SWEEP_20260115,8591,4948,57600,285.0,7804
TXSD_DELTAE_SWEEP_20260115,8601,4944,56000,276.9,7804
TXSD_DELTAE_SWEEP_20260115,8611,4948,57600,285.0,7804
TXSD_DELTAE_SWEEP_20260115,8621,4944,56500,279.3,7804
TXSD_DELTAE_SWEEP_20260115,8631,4948,57300,283.5,7804
TXSD_DELTAE_SWEEP_20260115,8641,4944,56700,280.3,7804
TXSD_DELTAE_SWEEP_20260115,8651,4948,56900,281.5,7804
TXSD_DELTAE_SWEEP_20260115,8661,4948,56700,280.6,7804
TXSD_DELTAE_SWEEP_20260115,8671,4944,57000,281.8,7804
TXSD_DELTAE_SWEEP_20260115,8681,4948,56800,281.0,7804
TXSD_DELTAE_SWEEP_20260115,8691,4944,56000,276.9,7804
TXSD_DELTAE_SWEEP_20260115,8701,4948,57600,285.0,7804
TXSD_DELTAE_SWEEP_20260115,8711,4944,56000,276.9,7804
TXSD_DELTAE_SWEEP_20260115,8721,4948,57600,285.0,7804
TXSD_DELTAE_SWEEP_20260115,8731,4944,55900,276.4,7804
TXSD_DELTAE_SWEEP_20260115,8741,4944,57600,284.8,7804
TXSD_DELTAE_SWEEP_20260115,8751,4944,56000,276.9,7804
TXSD_DELTAE_SWEEP_20260115,8761,4948,57600,285.0,7804
TXSD_DELTAE_SWEEP_20260115,8771,4944,56000,276.9,7804
TXSD_DELTAE_SWEEP_20260115,8781,4944,57600,284.8,7804
TXSD_DELTAE_SWEEP_20260115,8791,4944,56600,279.8,7804
TXSD_DELTAE_SWEEP_20260115,8801,4948,57000,282.0,7804
TXSD_DELTAE_SWEEP_20260115,8811,4944,56600,279.8,7804
TXSD_DELTAE_SWEEP_20260115,8821,4944,56900,281.3,7804
TXSD_DELTAE_SWEEP_20260115,8831,4944,57500,284.3,7804
TXSD_DELTAE_SWEEP_20260115,8841,4944,56200,277.9,7804
TXSD_DELTAE_SWEEP_20260115,8851,4948,57600,285.0,7804
TXSD_DELTAE_SWEEP_20260115,8861,4944,56000,276.9,7804
TXSD_DELTAE_SWEEP_20260115,8871,4948,57600,285.0,7804
TXSD_DELTAE_SWEEP_20260115,8881,4944,56000,276.9,7804
TXSD_DELTAE_SWEEP_20260115,8891,4948,57600,285.0,7804
TXSD_DELTAE_SWEEP_20260115,8901,4944,56000,276.9,7804
TXSD_DELTAE_SWEEP_20260115,8911,4948,57600,285.0,7804
TXSD_DELTAE_SWEEP_20260115,8921,4944,56000,276.9,7804
TXSD_DELTAE_SWEEP_20260115,8931,4948,57600,285.0,7804
TXSD_DELTAE_SWEEP_20260115,8941,4944,56100,277.4,7804
TXSD_DELTAE_SWEEP_20260115,8951,4948,57600,285.0,7804
TXSD_DELTAE_SWEEP_20260115,8961,4944,56700,280.3,7804
TXSD_DELTAE_SWEEP_20260115,8971,4944,56900,281.3,7804
TXSD_DELTAE_SWEEP_20260115,8981,4944,56600,279.8,7804
TXSD_DELTAE_SWEEP_20260115,8991,4948,57000,282.0,7804
TXSD_DELTAE_SWEEP_20260115,9001,4944,57600,284.8,7804
TXSD_DELTAE_SWEEP_20260115,9011,4944,56000,276.9,7804
TXSD_DELTAE_SWEEP_20260115,9021,4948,57600,285.0,7804
TXSD_DELTAE_SWEEP_20260115,9031,4944,56000,276.9,7804
TXSD_DELTAE_SWEEP_20260115,9041,4948,57600,285.0,7804
TXSD_DELTAE_SWEEP_20260115,9051,4944,56000,276.9,7804
TXSD_DELTAE_SWEEP_20260115,9061,4948,57600,285.0,7804
TXSD_DELTAE_SWEEP_20260115,9071,4948,56000,277.1,7804
TXSD_DELTAE_SWEEP_20260115,9081,4948,57600,285.0,7804
TXSD_DELTAE_SWEEP_20260115,9091,4944,56000,276.9,7804
TXSD_DELTAE_SWEEP_20260115,9101,4948,57600,285.0,7804
TXSD_DELTAE_SWEEP_20260115,9111,4948,56800,281.0,7804
TXSD_DELTAE_SWEEP_20260115,9121,4948,56800,281.0,7804
TXSD_DELTAE_SWEEP_20260115,9131,4944,56600,279.8,7804
TXSD_DELTAE_SWEEP_20260115,9141,4944,56900,281.3,7804
TXSD_DELTAE_SWEEP_20260115,9151,4948,56800,281.0,7804
TXSD_DELTAE_SWEEP_20260115,9161,4944,56900,281.3,7804
TXSD_DELTAE_SWEEP_20260115,9171,4948,57400,284.0,7804
TXSD_DELTAE_SWEEP_20260115,9181,4944,56000,276.9,7804
TXSD_DELTAE_SWEEP_20260115,9191,4948,57600,285.0,7804
TXSD_DELTAE_SWEEP_20260115,9201,4944,56000,276.9,7804
TXSD_DELTAE_SWEEP_20260115,9211,4948,57600,285.0,7804
TXSD_DELTAE_SWEEP_20260115,9221,4944,56000,276.9,7804
TXSD_DELTAE_SWEEP_20260115,9231,4948,57500,284.5,7804
TXSD_DELTAE_SWEEP_20260115,9241,4916,146700,721.2,7805
TXSD_DELTAE_SWEEP_20260115,9251,4948,57600,285.0,7805
TXSD_DELTAE_SWEEP_20260115,9261,4944,56100,277.4,7805
TXSD_DELTAE_SWEEP_20260115,9271,4948,57500,284.5,7805
TXSD_DELTAE_SWEEP_20260115,9281,4944,56600,279.8,7805
TXSD_DELTAE_SWEEP_20260115,9291,4944,57000,281.8,7805
TXSD_DELTAE_SWEEP_20260115,9301,4948,56600,280.1,7805
TXSD_DELTAE_SWEEP_20260115,9311,4948,57000,282.0,7805
TXSD_DELTAE_SWEEP_20260115,9321,4944,57700,285.3,7805
TXSD_DELTAE_SWEEP_20260115,9331,4944,56000,276.9,7805
TXSD_DELTAE_SWEEP_20260115,9341,4948,57600,285.0,7805
TXSD_DELTAE_SWEEP_20260115,9351,4944,56000,276.9,7805
TXSD_DELTAE_SWEEP_20260115,9361,4948,57600,285.0,7805
TXSD_DELTAE_SWEEP_20260115,9371,4944,55900,276.4,7805
TXSD_DELTAE_SWEEP_20260115,9381,4948,57600,285.0,7805
TXSD_DELTAE_SWEEP_20260115,9391,4944,56000,276.9,7805
TXSD_DELTAE_SWEEP_20260115,9401,4948,57600,285.0,7805
TXSD_DELTAE_SWEEP_20260115,9411,4944,56000,276.9,7805
TXSD_DELTAE_SWEEP_20260115,9421,4948,57600,285.0,7805
TXSD_DELTAE_SWEEP_20260115,9431,4944,56300,278.3,7805
TXSD_DELTAE_SWEEP_20260115,9441,4944,57500,284.3,7805
TXSD_DELTAE_SWEEP_20260115,9451,4944,56600,279.8,7805
TXSD_DELTAE_SWEEP_20260115,9461,4944,56900,281.3,7805
TXSD_DELTAE_SWEEP_20260115,9471,4944,56700,280.3,7805
TXSD_DELTAE_SWEEP_20260115,9481,4944,56900,281.3,7805
TXSD_DELTAE_SWEEP_20260115,9491,4948,56700,280.6,7805
TXSD_DELTAE_SWEEP_20260115,9501,4944,56000,276.9,7805
TXSD_DELTAE_SWEEP_20260115,9511,4944,57700,285.3,7805
TXSD_DELTAE_SWEEP_20260115,9521,4944,56000,276.9,7805
TXSD_DELTAE_SWEEP_20260115,9531,4948,57600,285.0,7805
TXSD_DELTAE_SWEEP_20260115,9541,4944,56000,276.9,7805
TXSD_DELTAE_SWEEP_20260115,9551,4948,57600,285.0,7805
TXSD_DELTAE_SWEEP_20260115,9561,4944,55900,276.4,7805
TXSD_DELTAE_SWEEP_20260115,9571,4948,57500,284.5,7805
TXSD_DELTAE_SWEEP_20260115,9581,4944,56000,276.9,7805
TXSD_DELTAE_SWEEP_20260115,9591,4948,57600,285.0,7805
TXSD_DELTAE_SWEEP_20260115,9601,4944,56700,280.3,7805
TXSD_DELTAE_SWEEP_20260115,9611,4944,57000,281.8,7805
TXSD_DELTAE_SWEEP_20260115,9621,4948,56700,280.6,7805
TXSD_DELTAE_SWEEP_20260115,9631,4948,56900,281.5,7805
TXSD_DELTAE_SWEEP_20260115,9641,4944,57500,284.3,7805
TXSD_DELTAE_SWEEP_20260115,9651,4948,56400,279.1,7805
TXSD_DELTAE_SWEEP_20260115,9661,4948,57700,285.5,7805
TXSD_DELTAE_SWEEP_20260115,9671,4944,56000,276.9,7805
TXSD_DELTAE_SWEEP_20260115,9681,4948,57600,285.0,7805
TXSD_DELTAE_SWEEP_20260115,9691,4944,56000,276.9,7805
TXSD_DELTAE_SWEEP_20260115,9701,4948,57600,285.0,7805
TXSD_DELTAE_SWEEP_20260115,9711,4944,56100,277.4,7805
TXSD_DELTAE_SWEEP_20260115,9721,4948,57600,285.0,7805
TXSD_DELTAE_SWEEP_20260115,9731,4948,56000,277.1,7805
TXSD_DELTAE_SWEEP_20260115,9741,4948,57600,285.0,7805
TXSD_DELTAE_SWEEP_20260115,9751,4944,56000,276.9,7805
TXSD_DELTAE_SWEEP_20260115,9761,4948,57600,285.0,7805
TXSD_DELTAE_SWEEP_20260115,9771,4944,56600,279.8,7805
TXSD_DELTAE_SWEEP_20260115,9781,4944,57000,281.8,7805
TXSD_DELTAE_SWEEP_20260115,9791,4944,56700,280.3,7805
TXSD_DELTAE_SWEEP_20260115,9801,4948,56900,281.5,7805
TXSD_DELTAE_SWEEP_20260115,9811,4944,57500,284.3,7805
TXSD_DELTAE_SWEEP_20260115,9821,4944,56000,276.9,7805
TXSD_DELTAE_SWEEP_20260115,9831,4944,57600,284.8,7805
TXSD_DELTAE_SWEEP_20260115,9841,4944,56000,276.9,7805
TXSD_DELTAE_SWEEP_20260115,9851,4948,57500,284.5,7805
TXSD_DELTAE_SWEEP_20260115,9861,4944,56000,276.9,7805
TXSD_DELTAE_SWEEP_20260115,9871,4944,57600,284.8,7805
TXSD_DELTAE_SWEEP_20260115,9881,4944,56000,276.9,7805
TXSD_DELTAE_SWEEP_20260115,9891,4948,57600,285.0,7805
TXSD_DELTAE_SWEEP_20260115,9901,4944,56000,276.9,7805
TXSD_DELTAE_SWEEP_20260115,9911,4948,57600,285.0,7805
TXSD_DELTAE_SWEEP_20260115,9921,4944,56800,280.8,7805
TXSD_DELTAE_SWEEP_20260115,9931,4948,56900,281.5,7805
TXSD_DELTAE_SWEEP_20260115,9941,4944,56700,280.3,7805
TXSD_DELTAE_SWEEP_20260115,9951,4944,56900,281.3,7805
TXSD_DELTAE_SWEEP_20260115,9961,4944,56800,280.8,7805
TXSD_DELTAE_SWEEP_20260115,9971,4944,56900,281.3,7805
TXSD_DELTAE_SWEEP_20260115,9981,4944,57100,282.3,7805
TXSD_DELTAE_SWEEP_20260115,9991,4944,56000,276.9,7805
TXSD_DELTAE_SWEEP_20260115,10001,4948,57600,285.0,7805
TXSD_DELTAE_SWEEP_20260115,10011,4944,56100,277.4,7805
TXSD_DELTAE_SWEEP_20260115,10021,4948,57500,284.5,7805
TXSD_DELTAE_SWEEP_20260115,10031,4944,55900,276.4,7805
TXSD_DELTAE_SWEEP_20260115,10041,4948,57600,285.0,7805
TXSD_DELTAE_SWEEP_20260115,10051,4944,56000,276.9,7805
TXSD_DELTAE_SWEEP_20260115,10061,4944,57600,284.8,7805
TXSD_DELTAE_SWEEP_20260115,10071,4944,56000,276.9,7805
TXSD_DELTAE_SWEEP_20260115,10081,4948,57600,285.0,7805
TXSD_DELTAE_SWEEP_20260115,10091,4944,56700,280.3,7805
TXSD_DELTAE_SWEEP_20260115,10101,4944,56900,281.3,7805
TXSD_DELTAE_SWEEP_20260115,10111,4944,56700,280.3,7805
TXSD_DELTAE_SWEEP_20260115,10121,4944,56900,281.3,7805
TXSD_DELTAE_SWEEP_20260115,10131,4944,57700,285.3,7805
TXSD_DELTAE_SWEEP_20260115,10141,4944,56000,276.9,7805
TXSD_DELTAE_SWEEP_20260115,10151,4948,57500,284.5,7805
TXSD_DELTAE_SWEEP_20260115,10161,4944,56000,276.9,7805
TXSD_DELTAE_SWEEP_20260115,10171,4948,57600,285.0,7805
TXSD_DELTAE_SWEEP_20260115,10181,4944,56000,276.9,7805
TXSD_DELTAE_SWEEP_20260115,10191,4948,57700,285.5,7805
TXSD_DELTAE_SWEEP_20260115,10201,4944,56000,276.9,7805
TXSD_DELTAE_SWEEP_20260115,10211,4948,57600,285.0,7805
TXSD_DELTAE_SWEEP_20260115,10221,4944,56000,276.9,7805
TXSD_DELTAE_SWEEP_20260115,10231,4948,57600,285.0,7805
TXSD_DELTAE_SWEEP_20260115,10241,4944,56200,277.9,7805
TXSD_DELTAE_SWEEP_20260115,10251,4948,57500,284.5,7805
TXSD_DELTAE_SWEEP_20260115,10261,4944,56700,280.3,7805
TXSD_DELTAE_SWEEP_20260115,10271,4948,57000,282.0,7805
TXSD_DELTAE_SWEEP_20260115,10281,4944,56700,280.3,7805
TXSD_DELTAE_SWEEP_20260115,10291,4944,56900,281.3,7805
TXSD_DELTAE_SWEEP_20260115,10301,4944,56600,279.8,7805
TXSD_DELTAE_SWEEP_20260115,10311,4944,56100,277.4,7805
TXSD_DELTAE_SWEEP_20260115,10321,4948,57600,285.0,7805
TXSD_DELTAE_SWEEP_20260115,10331,4944,56000,276.9,7805
TXSD_DELTAE_SWEEP_20260115,10341,4948,57600,285.0,7805
TXSD_DELTAE_SWEEP_20260115,10351,4944,55900,276.4,7805
TXSD_DELTAE_SWEEP_20260115,10361,4948,57600,285.0,7805
TXSD_DELTAE_SWEEP_20260115,10371,4944,56000,276.9,7805
TXSD_DELTAE_SWEEP_20260115,10381,4948,57600,285.0,7805
TXSD_DELTAE_SWEEP_20260115,10391,4944,56000,276.9,7805
TXSD_DELTAE_SWEEP_20260115,10401,4944,57600,284.8,7805
TXSD_DELTAE_SWEEP_20260115,10411,4944,56700,280.3,7805
TXSD_DELTAE_SWEEP_20260115,10421,4948,56900,281.5,7805
TXSD_DELTAE_SWEEP_20260115,10431,4944,56600,279.8,7805
TXSD_DELTAE_SWEEP_20260115,10441,4944,57000,281.8,7805
TXSD_DELTAE_SWEEP_20260115,10451,4948,57200,283.0,7805
TXSD_DELTAE_SWEEP_20260115,10461,4944,56500,279.3,7805
TXSD_DELTAE_SWEEP_20260115,10471,4944,57600,284.8,7805
TXSD_DELTAE_SWEEP_20260115,10481,4944,56000,276.9,7805
TXSD_DELTAE_SWEEP_20260115,10491,4948,57700,285.5,7805
TXSD_DELTAE_SWEEP_20260115,10501,4944,56000,276.9,7805
TXSD_DELTAE_SWEEP_20260115,10511,4948,57600,285.0,7805
TXSD_DELTAE_SWEEP_20260115,10521,4944,55900,276.4,7805
TXSD_DELTAE_SWEEP_20260115,10531,4948,57600,285.0,7805
TXSD_DELTAE_SWEEP_20260115,10541,4944,56000,276.9,7805
TXSD_DELTAE_SWEEP_20260115,10551,4948,57600,285.0,7805
TXSD_DELTAE_SWEEP_20260115,10561,4944,55900,276.4,7805
TXSD_DELTAE_SWEEP_20260115,10571,4948,57600,285.0,7805
TXSD_DELTAE_SWEEP_20260115,10581,4944,56600,279.8,7805
TXSD_DELTAE_SWEEP_20260115,10591,4944,57000,281.8,7805
TXSD_DELTAE_SWEEP_20260115,10601,4944,56600,279.8,7805
TXSD_DELTAE_SWEEP_20260115,10611,4944,57000,281.8,7805
TXSD_DELTAE_SWEEP_20260115,10621,4944,57500,284.3,7805
TXSD_DELTAE_SWEEP_20260115,10631,4944,56000,276.9,7805
TXSD_DELTAE_SWEEP_20260115,10641,4948,57600,285.0,7805
TXSD_DELTAE_SWEEP_20260115,10651,4944,56000,276.9,7805
TXSD_DELTAE_SWEEP_20260115,10661,4948,57600,285.0,7805
TXSD_DELTAE_SWEEP_20260115,10671,4948,55900,276.6,7805
TXSD_DELTAE_SWEEP_20260115,10681,4948,57600,285.0,7805
TXSD_DELTAE_SWEEP_20260115,10691,4944,56000,276.9,7805
TXSD_DELTAE_SWEEP_20260115,10701,4944,57600,284.8,7805
TXSD_DELTAE_SWEEP_20260115,10711,4944,56000,276.9,7805
TXSD_DELTAE_SWEEP_20260115,10721,4948,57600,285.0,7805
TXSD_DELTAE_SWEEP_20260115,10731,4944,56700,280.3,7805
TXSD_DELTAE_SWEEP_20260115,10741,4948,57100,282.5,7805
TXSD_DELTAE_SWEEP_20260115,10751,4944,56700,280.3,7805
TXSD_DELTAE_SWEEP_20260115,10761,4944,57000,281.8,7805
TXSD_DELTAE_SWEEP_20260115,10771,4948,56700,280.6,7805
TXSD_DELTAE_SWEEP_20260115,10781,4948,57000,282.0,7805
TXSD_DELTAE_SWEEP_20260115,10791,4948,57000,282.0,7805
TXSD_DELTAE_SWEEP_20260115,10801,4944,56000,276.9,7805
TXSD_DELTAE_SWEEP_20260115,10811,4948,57600,285.0,7805
TXSD_DELTAE_SWEEP_20260115,10821,4944,56000,276.9,7805
TXSD_DELTAE_SWEEP_20260115,10831,4948,57600,285.0,7805
TXSD_DELTAE_SWEEP_20260115,10841,4944,56000,276.9,7805
TXSD_DELTAE_SWEEP_20260115,10851,4948,57600,285.0,7805
TXSD_DELTAE_SWEEP_20260115,10861,4944,56000,276.9,7805
TXSD_DELTAE_SWEEP_20260115,10871,4948,57600,285.0,7805
TXSD_DELTAE_SWEEP_20260115,10881,4944,56000,276.9,7805
TXSD_DELTAE_SWEEP_20260115,10891,4948,57600,285.0,7805
TXSD_DELTAE_SWEEP_20260115,10901,4944,56600,279.8,7805
TXSD_DELTAE_SWEEP_20260115,10911,4948,57000,282.0,7805
TXSD_DELTAE_SWEEP_20260115,10921,4948,56600,280.1,7805
TXSD_DELTAE_SWEEP_20260115,10931,4944,57000,281.8,7805
TXSD_DELTAE_SWEEP_20260115,10941,4944,57700,285.3,7805
TXSD_DELTAE_SWEEP_20260115,10951,4944,56000,276.9,7805
TXSD_DELTAE_SWEEP_20260115,10961,4944,57600,284.8,7805
TXSD_DELTAE_SWEEP_20260115,10971,4944,56000,276.9,7805
TXSD_DELTAE_SWEEP_20260115,10981,4948,57600,285.0,7805
TXSD_DELTAE_SWEEP_20260115,10991,4944,56000,276.9,7805
TXSD_DELTAE_SWEEP_20260115,11001,4948,57600,285.0,7805
TXSD_DELTAE_SWEEP_20260115,11011,4944,56000,276.9,7805
TXSD_DELTAE_SWEEP_20260115,11021,4948,57600,285.0,7805
TXSD_DELTAE_SWEEP_20260115,11031,4944,55900,276.4,7805
TXSD_DELTAE_SWEEP_20260115,11041,4948,57700,285.5,7805
TXSD_DELTAE_SWEEP_20260115,11051,4944,56000,276.9,7805
TXSD_DELTAE_SWEEP_20260115,11061,4948,57600,285.0,7805
TXSD_DELTAE_SWEEP_20260115,11071,4944,56700,280.3,7805
TXSD_DELTAE_SWEEP_20260115,11081,4944,57000,281.8,7805
TXSD_DELTAE_SWEEP_20260115,11091,4944,56700,280.3,7805
TXSD_DELTAE_SWEEP_20260115,11101,4948,57000,282.0,7805
TXSD_DELTAE_SWEEP_20260115,11111,4948,56700,280.6,7805
TXSD_DELTAE_SWEEP_20260115,11121,4944,56100,277.4,7805
TXSD_DELTAE_SWEEP_20260115,11131,4944,57600,284.8,7805
TXSD_DELTAE_SWEEP_20260115,11141,4944,56000,276.9,7805
TXSD_DELTAE_SWEEP_20260115,11151,4948,57600,285.0,7805
TXSD_DELTAE_SWEEP_20260115,11161,4944,56100,277.4,7805
TXSD_DELTAE_SWEEP_20260115,11171,4948,57600,285.0,7805
TXSD_DELTAE_SWEEP_20260115,11181,4944,56000,276.9,7805
TXSD_DELTAE_SWEEP_20260115,11191,4948,57600,285.0,7805
TXSD_DELTAE_SWEEP_20260115,11201,4944,56000,276.9,7805
TXSD_DELTAE_SWEEP_20260115,11211,4948,57600,285.0,7805
TXSD_DELTAE_SWEEP_20260115,11221,4944,56600,279.8,7805
TXSD_DELTAE_SWEEP_20260115,11231,4948,56900,281.5,7805
TXSD_DELTAE_SWEEP_20260115,11241,4876,119400,582.2,7806
TXSD_DELTAE_SWEEP_20260115,11251,4944,57000,281.8,7806
TXSD_DELTAE_SWEEP_20260115,11261,4944,57000,281.8,7806
TXSD_DELTAE_SWEEP_20260115,11271,4944,56800,280.8,7806
TXSD_DELTAE_SWEEP_20260115,11281,4948,57600,285.0,7806
TXSD_DELTAE_SWEEP_20260115,11291,4944,56000,276.9,7806
TXSD_DELTAE_SWEEP_20260115,11301,4948,57600,285.0,7806
TXSD_DELTAE_SWEEP_20260115,11311,4944,56000,276.9,7806
TXSD_DELTAE_SWEEP_20260115,11321,4948,57600,285.0,7806
TXSD_DELTAE_SWEEP_20260115,11331,4944,56000,276.9,7806
TXSD_DELTAE_SWEEP_20260115,11341,4948,57600,285.0,7806
TXSD_DELTAE_SWEEP_20260115,11351,4944,55900,276.4,7806
TXSD_DELTAE_SWEEP_20260115,11361,4948,57700,285.5,7806
TXSD_DELTAE_SWEEP_20260115,11371,4944,56000,276.9,7806
TXSD_DELTAE_SWEEP_20260115,11381,4948,57600,285.0,7806
TXSD_DELTAE_SWEEP_20260115,11391,4944,56800,280.8,7806
TXSD_DELTAE_SWEEP_20260115,11401,4948,56900,281.5,7806
TXSD_DELTAE_SWEEP_20260115,11411,4948,56700,280.6,7806
TXSD_DELTAE_SWEEP_20260115,11421,4944,56900,281.3,7806
TXSD_DELTAE_SWEEP_20260115,11431,4944,57600,284.8,7806
TXSD_DELTAE_SWEEP_20260115,11441,4944,56000,276.9,7806
TXSD_DELTAE_SWEEP_20260115,11451,4948,57500,284.5,7806
TXSD_DELTAE_SWEEP_20260115,11461,4944,56000,276.9,7806
TXSD_DELTAE_SWEEP_20260115,11471,4948,57600,285.0,7806
TXSD_DELTAE_SWEEP_20260115,11481,4944,56000,276.9,7806
TXSD_DELTAE_SWEEP_20260115,11491,4944,57600,284.8,7806
TXSD_DELTAE_SWEEP_20260115,11501,4944,56000,276.9,7806
TXSD_DELTAE_SWEEP_20260115,11511,4948,57600,285.0,7806
TXSD_DELTAE_SWEEP_20260115,11521,4944,56000,276.9,7806
TXSD_DELTAE_SWEEP_20260115,11531,4948,57600,285.0,7806
TXSD_DELTAE_SWEEP_20260115,11541,4944,56500,279.3,7806
TXSD_DELTAE_SWEEP_20260115,11551,4948,57200,283.0,7806
TXSD_DELTAE_SWEEP_20260115,11561,4944,56700,280.3,7806
TXSD_DELTAE_SWEEP_20260115,11571,4948,57000,282.0,7806
TXSD_DELTAE_SWEEP_20260115,11581,4948,56700,280.6,7806
TXSD_DELTAE_SWEEP_20260115,11591,4944,57000,281.8,7806
TXSD_DELTAE_SWEEP_20260115,11601,4948,56800,281.0,7806
TXSD_DELTAE_SWEEP_20260115,11611,4944,56000,276.9,7806
TXSD_DELTAE_SWEEP_20260115,11621,4944,57500,284.3,7806
TXSD_DELTAE_SWEEP_20260115,11631,4944,56000,276.9,7806
TXSD_DELTAE_SWEEP_20260115,11641,4944,57600,284.8,7806
TXSD_DELTAE_SWEEP_20260115,11651,4944,56000,276.9,7806
TXSD_DELTAE_SWEEP_20260115,11661,4944,57600,284.8,7806
TXSD_DELTAE_SWEEP_20260115,11671,4944,56000,276.9,7806
TXSD_DELTAE_SWEEP_20260115,11681,4948,57600,285.0,7806
TXSD_DELTAE_SWEEP_20260115,11691,4944,56000,276.9,7806
TXSD_DELTAE_SWEEP_20260115,11701,4948,57600,285.0,7806
TXSD_DELTAE_SWEEP_20260115,11711,4944,56600,279.8,7806
TXSD_DELTAE_SWEEP_20260115,11721,4944,56900,281.3,7806
TXSD_DELTAE_SWEEP_20260115,11731,4944,56600,279.8,7806
TXSD_DELTAE_SWEEP_20260115,11741,4948,56900,281.5,7806
TXSD_DELTAE_SWEEP_20260115,11751,4944,57600,284.8,7806
TXSD_DELTAE_SWEEP_20260115,11761,4944,56200,277.9,7806
TXSD_DELTAE_SWEEP_20260115,11771,4944,57600,284.8,7806
TXSD_DELTAE_SWEEP_20260115,11781,4944,56000,276.9,7806
TXSD_DELTAE_SWEEP_20260115,11791,4948,57600,285.0,7806
TXSD_DELTAE_SWEEP_20260115,11801,4944,56000,276.9,7806
TXSD_DELTAE_SWEEP_20260115,11811,4948,57700,285.5,7806
TXSD_DELTAE_SWEEP_20260115,11821,4944,56000,276.9,7806
TXSD_DELTAE_SWEEP_20260115,11831,4948,57600,285.0,7806
TXSD_DELTAE_SWEEP_20260115,11841,4944,56000,276.9,7806
TXSD_DELTAE_SWEEP_20260115,11851,4948,57500,284.5,7806
TXSD_DELTAE_SWEEP_20260115,11861,4944,56000,276.9,7806
TXSD_DELTAE_SWEEP_20260115,11871,4944,57600,284.8,7806
TXSD_DELTAE_SWEEP_20260115,11881,4944,56600,279.8,7806
TXSD_DELTAE_SWEEP_20260115,11891,4944,57000,281.8,7806
TXSD_DELTAE_SWEEP_20260115,11901,4944,56600,279.8,7806
TXSD_DELTAE_SWEEP_20260115,11911,4948,57000,282.0,7806
TXSD_DELTAE_SWEEP_20260115,11921,4948,56700,280.6,7806
TXSD_DELTAE_SWEEP_20260115,11931,4944,56000,276.9,7806
TXSD_DELTAE_SWEEP_20260115,11941,4948,57600,285.0,7806
TXSD_DELTAE_SWEEP_20260115,11951,4944,56000,276.9,7806
TXSD_DELTAE_SWEEP_20260115,11961,4948,57700,285.5,7806
TXSD_DELTAE_SWEEP_20260115,11971,4944,56000,276.9,7806
TXSD_DELTAE_SWEEP_20260115,11981,4948,57500,284.5,7806
TXSD_DELTAE_SWEEP_20260115,11991,4944,56000,276.9,7806
TXSD_DELTAE_SWEEP_20260115,12001,4948,57600,285.0,7806
TXSD_DELTAE_SWEEP_20260115,12011,4944,56000,276.9,7806
TXSD_DELTAE_SWEEP_20260115,12021,4948,57600,285.0,7806
TXSD_DELTAE_SWEEP_20260115,12031,4944,56800,280.8,7806
TXSD_DELTAE_SWEEP_20260115,12041,4948,56900,281.5,7806
TXSD_DELTAE_SWEEP_20260115,12051,4944,56600,279.8,7806
TXSD_DELTAE_SWEEP_20260115,12061,4944,57000,281.8,7806
TXSD_DELTAE_SWEEP_20260115,12071,4944,56900,281.3,7806
TXSD_DELTAE_SWEEP_20260115,12081,4944,56900,281.3,7806
TXSD_DELTAE_SWEEP_20260115,12091,4948,57300,283.5,7806
TXSD_DELTAE_SWEEP_20260115,12101,4944,56000,276.9,7806
TXSD_DELTAE_SWEEP_20260115,12111,4948,57600,285.0,7806
TXSD_DELTAE_SWEEP_20260115,12121,4944,56000,276.9,7806
TXSD_DELTAE_SWEEP_20260115,12131,4948,57500,284.5,7806
TXSD_DELTAE_SWEEP_20260115,12141,4944,56000,276.9,7806
TXSD_DELTAE_SWEEP_20260115,12151,4944,57600,284.8,7806
TXSD_DELTAE_SWEEP_20260115,12161,4944,56000,276.9,7806
TXSD_DELTAE_SWEEP_20260115,12171,4948,57600,285.0,7806
TXSD_DELTAE_SWEEP_20260115,12181,4944,56100,277.4,7806
TXSD_DELTAE_SWEEP_20260115,12191,4944,57600,284.8,7806
TXSD_DELTAE_SWEEP_20260115,12201,4944,56700,280.3,7806
TXSD_DELTAE_SWEEP_20260115,12211,4944,56900,281.3,7806
TXSD_DELTAE_SWEEP_20260115,12221,4948,56600,280.1,7806
TXSD_DELTAE_SWEEP_20260115,12231,4944,56900,281.3,7806
TXSD_DELTAE_SWEEP_20260115,12241,4944,57600,284.8,7806
TXSD_DELTAE_SWEEP_20260115,12251,4944,55800,275.9,7806
TXSD_DELTAE_SWEEP_20260115,12261,4948,57600,285.0,7806
TXSD_DELTAE_SWEEP_20260115,12271,4944,56000,276.9,7806
TXSD_DELTAE_SWEEP_20260115,12281,4948,57600,285.0,7806
TXSD_DELTAE_SWEEP_20260115,12291,4944,56000,276.9,7806
TXSD_DELTAE_SWEEP_20260115,12301,4948,57600,285.0,7806
TXSD_DELTAE_SWEEP_20260115,12311,4944,56000,276.9,7806
TXSD_DELTAE_SWEEP_20260115,12321,4948,57600,285.0,7806
TXSD_DELTAE_SWEEP_20260115,12331,4944,56000,276.9,7806
TXSD_DELTAE_SWEEP_20260115,12341,4944,57600,284.8,7806
TXSD_DELTAE_SWEEP_20260115,12351,4944,56300,278.3,7806
TXSD_DELTAE_SWEEP_20260115,12361,4948,57500,284.5,7806
TXSD_DELTAE_SWEEP_20260115,12371,4944,56600,279.8,7806
TXSD_DELTAE_SWEEP_20260115,12381,4944,56900,281.3,7806
TXSD_DELTAE_SWEEP_20260115,12391,4944,56600,279.8,7806
TXSD_DELTAE_SWEEP_20260115,12401,4944,57000,281.8,7806
TXSD_DELTAE_SWEEP_20260115,12411,4948,56700,280.6,7806
TXSD_DELTAE_SWEEP_20260115,12421,4944,56000,276.9,7806
TXSD_DELTAE_SWEEP_20260115,12431,4948,57500,284.5,7806
TXSD_DELTAE_SWEEP_20260115,12441,4944,56000,276.9,7806
TXSD_DELTAE_SWEEP_20260115,12451,4948,57600,285.0,7806
TXSD_DELTAE_SWEEP_20260115,12461,4944,56000,276.9,7806
TXSD_DELTAE_SWEEP_20260115,12471,4944,57600,284.8,7806
TXSD_DELTAE_SWEEP_20260115,12481,4944,56000,276.9,7806
TXSD_DELTAE_SWEEP_20260115,12491,4948,57600,285.0,7806
TXSD_DELTAE_SWEEP_20260115,12501,4944,56000,276.9,7806
TXSD_DELTAE_SWEEP_20260115,12511,4948,57600,285.0,7806
TXSD_DELTAE_SWEEP_20260115,12521,4944,56600,279.8,7806
TXSD_DELTAE_SWEEP_20260115,12531,4944,57000,281.8,7806
TXSD_DELTAE_SWEEP_20260115,12541,4944,56600,279.8,7806
TXSD_DELTAE_SWEEP_20260115,12551,4944,56900,281.3,7806
TXSD_DELTAE_SWEEP_20260115,12561,4944,57500,284.3,7806
TXSD_DELTAE_SWEEP_20260115,12571,4944,56300,278.3,7806
TXSD_DELTAE_SWEEP_20260115,12581,4948,57700,285.5,7806
TXSD_DELTAE_SWEEP_20260115,12591,4944,55900,276.4,7806
TXSD_DELTAE_SWEEP_20260115,12601,4948,57600,285.0,7806
TXSD_DELTAE_SWEEP_20260115,12611,4944,56000,276.9,7806
TXSD_DELTAE_SWEEP_20260115,12621,4944,57600,284.8,7806
TXSD_DELTAE_SWEEP_20260115,12631,4944,56000,276.9,7806
TXSD_DELTAE_SWEEP_20260115,12641,4948,57600,285.0,7806
TXSD_DELTAE_SWEEP_20260115,12651,4944,55900,276.4,7806
TXSD_DELTAE_SWEEP_20260115,12661,4948,57600,285.0,7806
TXSD_DELTAE_SWEEP_20260115,12671,4944,56000,276.9,7806
TXSD_DELTAE_SWEEP_20260115,12681,4948,57600,285.0,7806
TXSD_DELTAE_SWEEP_20260115,12691,4944,56600,279.8,7806
TXSD_DELTAE_SWEEP_20260115,12701,4944,56900,281.3,7806
TXSD_DELTAE_SWEEP_20260115,12711,4944,56700,280.3,7806
TXSD_DELTAE_SWEEP_20260115,12721,4944,57000,281.8,7806
TXSD_DELTAE_SWEEP_20260115,12731,4944,56600,279.8,7806
TXSD_DELTAE_SWEEP_20260115,12741,4944,56000,276.9,7806
TXSD_DELTAE_SWEEP_20260115,12751,4948,57600,285.0,7806
TXSD_DELTAE_SWEEP_20260115,12761,4944,56100,277.4,7806
TXSD_DELTAE_SWEEP_20260115,12771,4948,57500,284.5,7806
TXSD_DELTAE_SWEEP_20260115,12781,4944,56000,276.9,7806
TXSD_DELTAE_SWEEP_20260115,12791,4948,57600,285.0,7806
TXSD_DELTAE_SWEEP_20260115,12801,4944,56000,276.9,7806
TXSD_DELTAE_SWEEP_20260115,12811,4944,57500,284.3,7806
TXSD_DELTAE_SWEEP_20260115,12821,4944,56000,276.9,7806
TXSD_DELTAE_SWEEP_20260115,12831,4948,57600,285.0,7806
TXSD_DELTAE_SWEEP_20260115,12841,4944,56700,280.3,7806
TXSD_DELTAE_SWEEP_20260115,12851,4948,56900,281.5,7806
TXSD_DELTAE_SWEEP_20260115,12861,4948,56700,280.6,7806
TXSD_DELTAE_SWEEP_20260115,12871,4948,57000,282.0,7806
TXSD_DELTAE_SWEEP_20260115,12881,4944,56700,280.3,7806
TXSD_DELTAE_SWEEP_20260115,12891,4948,57000,282.0,7806
TXSD_DELTAE_SWEEP_20260115,12901,4948,57100,282.5,7806
TXSD_DELTAE_SWEEP_20260115,12911,4948,56000,277.1,7806
TXSD_DELTAE_SWEEP_20260115,12921,4948,57600,285.0,7806
TXSD_DELTAE_SWEEP_20260115,12931,4944,56000,276.9,7806
TXSD_DELTAE_SWEEP_20260115,12941,4948,57500,284.5,7806
TXSD_DELTAE_SWEEP_20260115,12951,4944,55900,276.4,7806
TXSD_DELTAE_SWEEP_20260115,12961,4948,57600,285.0,7806
TXSD_DELTAE_SWEEP_20260115,12971,4944,56000,276.9,7806
TXSD_DELTAE_SWEEP_20260115,12981,4948,57600,285.0,7806
TXSD_DELTAE_SWEEP_20260115,12991,4944,56000,276.9,7806
TXSD_DELTAE_SWEEP_20260115,13001,4948,57600,285.0,7806
TXSD_DELTAE_SWEEP_20260115,13011,4944,56700,280.3,7806
TXSD_DELTAE_SWEEP_20260115,13021,4944,57000,281.8,7806
TXSD_DELTAE_SWEEP_20260115,13031,4944,56600,279.8,7806
TXSD_DELTAE_SWEEP_20260115,13041,4948,56900,281.5,7806
TXSD_DELTAE_SWEEP_20260115,13051,4944,57600,284.8,7806
TXSD_DELTAE_SWEEP_20260115,13061,4944,56000,276.9,7806
TXSD_DELTAE_SWEEP_20260115,13071,4944,57500,284.3,7806
TXSD_DELTAE_SWEEP_20260115,13081,4944,56000,276.9,7806
TXSD_DELTAE_SWEEP_20260115,13091,4948,57600,285.0,7806
TXSD_DELTAE_SWEEP_20260115,13101,4944,56000,276.9,7806
TXSD_DELTAE_SWEEP_20260115,13111,4948,57600,285.0,7806
TXSD_DELTAE_SWEEP_20260115,13121,4944,56000,276.9,7806
TXSD_DELTAE_SWEEP_20260115,13131,4948,57600,285.0,7806
TXSD_DELTAE_SWEEP_20260115,13141,4944,56000,276.9,7806
TXSD_DELTAE_SWEEP_20260115,13151,4948,57600,285.0,7806
TXSD_DELTAE_SWEEP_20260115,13161,4944,56200,277.9,7806
TXSD_DELTAE_SWEEP_20260115,13171,4948,57500,284.5,7806
TXSD_DELTAE_SWEEP_20260115,13181,4944,56600,279.8,7806
TXSD_DELTAE_SWEEP_20260115,13191,4944,57000,281.8,7806
TXSD_DELTAE_SWEEP_20260115,13201,4944,56600,279.8,7806
TXSD_DELTAE_SWEEP_20260115,13211,4944,56900,281.3,7806
TXSD_DELTAE_SWEEP_20260115,13221,4948,56600,280.1,7806
TXSD_DELTAE_SWEEP_20260115,13231,4944,56000,276.9,7806
TXSD_DELTAE_SWEEP_20260115,13241,4840,60500,292.8,7807
TXSD_DELTAE_SWEEP_20260115,13251,4944,56000,276.9,7807
TXSD_DELTAE_SWEEP_20260115,13261,4944,57700,285.3,7807
TXSD_DELTAE_SWEEP_20260115,13271,4944,56000,276.9,7807
TXSD_DELTAE_SWEEP_20260115,13281,4948,57600,285.0,7807
TXSD_DELTAE_SWEEP_20260115,13291,4944,56000,276.9,7807
TXSD_DELTAE_SWEEP_20260115,13301,4948,57600,285.0,7807
TXSD_DELTAE_SWEEP_20260115,13311,4944,56000,276.9,7807
TXSD_DELTAE_SWEEP_20260115,13321,4944,57600,284.8,7807
TXSD_DELTAE_SWEEP_20260115,13331,4944,56600,279.8,7807
TXSD_DELTAE_SWEEP_20260115,13341,4948,56900,281.5,7807
TXSD_DELTAE_SWEEP_20260115,13351,4944,56700,280.3,7807
TXSD_DELTAE_SWEEP_20260115,13361,4944,57000,281.8,7807
TXSD_DELTAE_SWEEP_20260115,13371,4948,57200,283.0,7807
TXSD_DELTAE_SWEEP_20260115,13381,4948,56600,280.1,7807
TXSD_DELTAE_SWEEP_20260115,13391,4944,57600,284.8,7807
TXSD_DELTAE_SWEEP_20260115,13401,4944,56000,276.9,7807
TXSD_DELTAE_SWEEP_20260115,13411,4948,57600,285.0,7807
TXSD_DELTAE_SWEEP_20260115,13421,4944,56000,276.9,7807
TXSD_DELTAE_SWEEP_20260115,13431,4948,57600,285.0,7807
TXSD_DELTAE_SWEEP_20260115,13441,4944,56000,276.9,7807
TXSD_DELTAE_SWEEP_20260115,13451,4948,57500,284.5,7807
TXSD_DELTAE_SWEEP_20260115,13461,4944,56000,276.9,7807
TXSD_DELTAE_SWEEP_20260115,13471,4948,57600,285.0,7807
TXSD_DELTAE_SWEEP_20260115,13481,4944,56000,276.9,7807
TXSD_DELTAE_SWEEP_20260115,13491,4948,57600,285.0,7807
TXSD_DELTAE_SWEEP_20260115,13501,4944,56600,279.8,7807
TXSD_DELTAE_SWEEP_20260115,13511,4944,56900,281.3,7807
TXSD_DELTAE_SWEEP_20260115,13521,4948,56700,280.6,7807
TXSD_DELTAE_SWEEP_20260115,13531,4948,56900,281.5,7807
TXSD_DELTAE_SWEEP_20260115,13541,4944,56700,280.3,7807
TXSD_DELTAE_SWEEP_20260115,13551,4944,56000,276.9,7807
TXSD_DELTAE_SWEEP_20260115,13561,4948,57600,285.0,7807
TXSD_DELTAE_SWEEP_20260115,13571,4944,56000,276.9,7807
TXSD_DELTAE_SWEEP_20260115,13581,4948,57600,285.0,7807
TXSD_DELTAE_SWEEP_20260115,13591,4944,56000,276.9,7807
TXSD_DELTAE_SWEEP_20260115,13601,4948,57600,285.0,7807
TXSD_DELTAE_SWEEP_20260115,13611,4944,56000,276.9,7807
TXSD_DELTAE_SWEEP_20260115,13621,4944,57600,284.8,7807
TXSD_DELTAE_SWEEP_20260115,13631,4944,56000,276.9,7807
TXSD_DELTAE_SWEEP_20260115,13641,4948,57600,285.0,7807
TXSD_DELTAE_SWEEP_20260115,13651,4944,56600,279.8,7807
TXSD_DELTAE_SWEEP_20260115,13661,4948,57100,282.5,7807
TXSD_DELTAE_SWEEP_20260115,13671,4948,56700,280.6,7807
TXSD_DELTAE_SWEEP_20260115,13681,4948,56900,281.5,7807
TXSD_DELTAE_SWEEP_20260115,13691,4944,56600,279.8,7807
TXSD_DELTAE_SWEEP_20260115,13701,4948,56900,281.5,7807
TXSD_DELTAE_SWEEP_20260115,13711,4948,57000,282.0,7807
TXSD_DELTAE_SWEEP_20260115,13721,4944,55900,276.4,7807
TXSD_DELTAE_SWEEP_20260115,13731,4948,57600,285.0,7807
TXSD_DELTAE_SWEEP_20260115,13741,4944,56000,276.9,7807
TXSD_DELTAE_SWEEP_20260115,13751,4948,57500,284.5,7807
TXSD_DELTAE_SWEEP_20260115,13761,4944,56000,276.9,7807
TXSD_DELTAE_SWEEP_20260115,13771,4948,57600,285.0,7807
TXSD_DELTAE_SWEEP_20260115,13781,4944,56000,276.9,7807
TXSD_DELTAE_SWEEP_20260115,13791,4948,57600,285.0,7807
TXSD_DELTAE_SWEEP_20260115,13801,4944,56000,276.9,7807
TXSD_DELTAE_SWEEP_20260115,13811,4948,57600,285.0,7807
TXSD_DELTAE_SWEEP_20260115,13821,4944,56600,279.8,7807
TXSD_DELTAE_SWEEP_20260115,13831,4948,57000,282.0,7807
TXSD_DELTAE_SWEEP_20260115,13841,4948,56700,280.6,7807
TXSD_DELTAE_SWEEP_20260115,13851,4948,56900,281.5,7807
TXSD_DELTAE_SWEEP_20260115,13861,4944,57600,284.8,7807
TXSD_DELTAE_SWEEP_20260115,13871,4948,56100,277.6,7807
TXSD_DELTAE_SWEEP_20260115,13881,4944,57600,284.8,7807
TXSD_DELTAE_SWEEP_20260115,13891,4944,56000,276.9,7807
TXSD_DELTAE_SWEEP_20260115,13901,4948,57500,284.5,7807
TXSD_DELTAE_SWEEP_20260115,13911,4944,56000,276.9,7807
TXSD_DELTAE_SWEEP_20260115,13921,4948,57600,285.0,7807
TXSD_DELTAE_SWEEP_20260115,13931,4944,56000,276.9,7807
TXSD_DELTAE_SWEEP_20260115,13941,4948,57600,285.0,7807
TXSD_DELTAE_SWEEP_20260115,13951,4944,56000,276.9,7807
TXSD_DELTAE_SWEEP_20260115,13961,4944,57500,284.3,7807
TXSD_DELTAE_SWEEP_20260115,13971,4944,56100,277.4,7807
TXSD_DELTAE_SWEEP_20260115,13981,4948,57600,285.0,7807
TXSD_DELTAE_SWEEP_20260115,13991,4948,56700,280.6,7807
TXSD_DELTAE_SWEEP_20260115,14001,4944,57000,281.8,7807
TXSD_DELTAE_SWEEP_20260115,14011,4944,56700,280.3,7807
TXSD_DELTAE_SWEEP_20260115,14021,4944,56900,281.3,7807
TXSD_DELTAE_SWEEP_20260115,14031,4944,56600,279.8,7807
TXSD_DELTAE_SWEEP_20260115,14041,4944,56000,276.9,7807
TXSD_DELTAE_SWEEP_20260115,14051,4944,57600,284.8,7807
TXSD_DELTAE_SWEEP_20260115,14061,4944,56000,276.9,7807
TXSD_DELTAE_SWEEP_20260115,14071,4948,57600,285.0,7807
TXSD_DELTAE_SWEEP_20260115,14081,4948,56000,277.1,7807
TXSD_DELTAE_SWEEP_20260115,14091,4948,57600,285.0,7807
TXSD_DELTAE_SWEEP_20260115,14101,4944,56000,276.9,7807
TXSD_DELTAE_SWEEP_20260115,14111,4948,57600,285.0,7807
TXSD_DELTAE_SWEEP_20260115,14121,4944,56000,276.9,7807
TXSD_DELTAE_SWEEP_20260115,14131,4948,57600,285.0,7807
TXSD_DELTAE_SWEEP_20260115,14141,4944,56600,279.8,7807
TXSD_DELTAE_SWEEP_20260115,14151,4948,56900,281.5,7807
TXSD_DELTAE_SWEEP_20260115,14161,4944,56600,279.8,7807
TXSD_DELTAE_SWEEP_20260115,14171,4944,56900,281.3,7807
TXSD_DELTAE_SWEEP_20260115,14181,4944,57000,281.8,7807
TXSD_DELTAE_SWEEP_20260115,14191,4948,56800,281.0,7807
TXSD_DELTAE_SWEEP_20260115,14201,4948,57500,284.5,7807
TXSD_DELTAE_SWEEP_20260115,14211,4944,56100,277.4,7807
TXSD_DELTAE_SWEEP_20260115,14221,4948,57600,285.0,7807
TXSD_DELTAE_SWEEP_20260115,14231,4944,56000,276.9,7807
TXSD_DELTAE_SWEEP_20260115,14241,4948,57600,285.0,7807
TXSD_DELTAE_SWEEP_20260115,14251,4944,56000,276.9,7807
TXSD_DELTAE_SWEEP_20260115,14261,4948,57600,285.0,7807
TXSD_DELTAE_SWEEP_20260115,14271,4944,56000,276.9,7807
TXSD_DELTAE_SWEEP_20260115,14281,4948,57600,285.0,7807
TXSD_DELTAE_SWEEP_20260115,14291,4944,56000,276.9,7807
TXSD_DELTAE_SWEEP_20260115,14301,4948,57600,285.0,7807
TXSD_DELTAE_SWEEP_20260115,14311,4948,56700,280.6,7807
TXSD_DELTAE_SWEEP_20260115,14321,4944,56900,281.3,7807
TXSD_DELTAE_SWEEP_20260115,14331,4944,56700,280.3,7807
TXSD_DELTAE_SWEEP_20260115,14341,4944,57000,281.8,7807
TXSD_DELTAE_SWEEP_20260115,14351,4948,56600,280.1,7807
TXSD_DELTAE_SWEEP_20260115,14361,4944,56000,276.9,7807
TXSD_DELTAE_SWEEP_20260115,14371,4948,57600,285.0,7807
TXSD_DELTAE_SWEEP_20260115,14381,4944,56000,276.9,7807
TXSD_DELTAE_SWEEP_20260115,14391,4948,57500,284.5,7807
TXSD_DELTAE_SWEEP_20260115,14401,4944,56000,276.9,7807
TXSD_DELTAE_SWEEP_20260115,14411,4948,57600,285.0,7807
TXSD_DELTAE_SWEEP_20260115,14421,4948,56000,277.1,7807
TXSD_DELTAE_SWEEP_20260115,14431,4948,57600,285.0,7807
TXSD_DELTAE_SWEEP_20260115,14441,4944,56000,276.9,7807
TXSD_DELTAE_SWEEP_20260115,14451,4948,57600,285.0,7807
TXSD_DELTAE_SWEEP_20260115,14461,4948,56500,279.6,7807
TXSD_DELTAE_SWEEP_20260115,14471,4944,57300,283.3,7807
TXSD_DELTAE_SWEEP_20260115,14481,4944,56700,280.3,7807
TXSD_DELTAE_SWEEP_20260115,14491,4948,56900,281.5,7807
TXSD_DELTAE_SWEEP_20260115,14501,4944,56700,280.3,7807
TXSD_DELTAE_SWEEP_20260115,14511,4944,57000,281.8,7807
TXSD_DELTAE_SWEEP_20260115,14521,4944,56800,280.8,7807
TXSD_DELTAE_SWEEP_20260115,14531,4944,56000,276.9,7807
TXSD_DELTAE_SWEEP_20260115,14541,4948,57600,285.0,7807
TXSD_DELTAE_SWEEP_20260115,14551,4944,56000,276.9,7807
TXSD_DELTAE_SWEEP_20260115,14561,4948,57600,285.0,7807
TXSD_DELTAE_SWEEP_20260115,14571,4944,56000,276.9,7807
TXSD_DELTAE_SWEEP_20260115,14581,4948,57500,284.5,7807
TXSD_DELTAE_SWEEP_20260115,14591,4944,56000,276.9,7807
TXSD_DELTAE_SWEEP_20260115,14601,4948,57500,284.5,7807
TXSD_DELTAE_SWEEP_20260115,14611,4944,56000,276.9,7807
TXSD_DELTAE_SWEEP_20260115,14621,4948,57500,284.5,7807
TXSD_DELTAE_SWEEP_20260115,14631,4944,56600,279.8,7807
TXSD_DELTAE_SWEEP_20260115,14641,4948,57000,282.0,7807
TXSD_DELTAE_SWEEP_20260115,14651,4948,56600,280.1,7807
TXSD_DELTAE_SWEEP_20260115,14661,4948,56900,281.5,7807
TXSD_DELTAE_SWEEP_20260115,14671,4944,57500,284.3,7807
TXSD_DELTAE_SWEEP_20260115,14681,4944,56200,277.9,7807
TXSD_DELTAE_SWEEP_20260115,14691,4948,57600,285.0,7807
TXSD_DELTAE_SWEEP_20260115,14701,4944,56000,276.9,7807
TXSD_DELTAE_SWEEP_20260115,14711,4948,57600,285.0,7807
TXSD_DELTAE_SWEEP_20260115,14721,4944,56000,276.9,7807
TXSD_DELTAE_SWEEP_20260115,14731,4948,57600,285.0,7807
TXSD_DELTAE_SWEEP_20260115,14741,4944,55900,276.4,7807
TXSD_DELTAE_SWEEP_20260115,14751,4948,57600,285.0,7807
TXSD_DELTAE_SWEEP_20260115,14761,4944,56100,277.4,7807
TXSD_DELTAE_SWEEP_20260115,14771,4948,57600,285.0,7807
TXSD_DELTAE_SWEEP_20260115,14781,4944,56000,276.9,7807
TXSD_DELTAE_SWEEP_20260115,14791,4948,57600,285.0,7807
TXSD_DELTAE_SWEEP_20260115,14801,4944,56600,279.8,7807
TXSD_DELTAE_SWEEP_20260115,14811,4944,57000,281.8,7807
TXSD_DELTAE_SWEEP_20260115,14821,4944,56700,280.3,7807
TXSD_DELTAE_SWEEP_20260115,14831,4944,56900,281.3,7807
TXSD_DELTAE_SWEEP_20260115,14841,4948,56600,280.1,7807
TXSD_DELTAE_SWEEP_20260115,14851,4944,56000,276.9,7807
TXSD_DELTAE_SWEEP_20260115,14861,4948,57600,285.0,7807
TXSD_DELTAE_SWEEP_20260115,14871,4944,55900,276.4,7807
TXSD_DELTAE_SWEEP_20260115,14881,4944,57600,284.8,7807
TXSD_DELTAE_SWEEP_20260115,14891,4944,56000,276.9,7807
TXSD_DELTAE_SWEEP_20260115,14901,4948,57600,285.0,7807
TXSD_DELTAE_SWEEP_20260115,14911,4944,56000,276.9,7807
TXSD_DELTAE_SWEEP_20260115,14921,4948,57600,285.0,7807
TXSD_DELTAE_SWEEP_20260115,14931,4944,56000,276.9,7807
TXSD_DELTAE_SWEEP_20260115,14941,4948,57500,284.5,7807
TXSD_DELTAE_SWEEP_20260115,14951,4944,56700,280.3,7807
TXSD_DELTAE_SWEEP_20260115,14961,4948,56900,281.5,7807
TXSD_DELTAE_SWEEP_20260115,14971,4948,56600,280.1,7807
TXSD_DELTAE_SWEEP_20260115,14981,4944,56900,281.3,7807
TXSD_DELTAE_SWEEP_20260115,14991,4948,56900,281.5,7807
TXSD_DELTAE_SWEEP_20260115,15001,4948,56800,281.0,7807
TXSD_DELTAE_SWEEP_20260115,15011,4948,57400,284.0,7807
TXSD_DELTAE_SWEEP_20260115,15021,4944,56000,276.9,7807
TXSD_DELTAE_SWEEP_20260115,15031,4948,57600,285.0,7807
TXSD_DELTAE_SWEEP_20260115,15041,4944,56100,277.4,7807
TXSD_DELTAE_SWEEP_20260115,15051,4948,57600,285.0,7807
TXSD_DELTAE_SWEEP_20260115,15061,4944,56000,276.9,7807
TXSD_DELTAE_SWEEP_20260115,15071,4948,57600,285.0,7807
TXSD_DELTAE_SWEEP_20260115,15081,4944,56000,276.9,7807
TXSD_DELTAE_SWEEP_20260115,15091,4948,57500,284.5,7807
TXSD_DELTAE_SWEEP_20260115,15101,4944,56000,276.9,7807
TXSD_DELTAE_SWEEP_20260115,15111,4948,57600,285.0,7807
TXSD_DELTAE_SWEEP_20260115,15121,4944,56700,280.3,7807
TXSD_DELTAE_SWEEP_20260115,15131,4944,56900,281.3,7807
TXSD_DELTAE_SWEEP_20260115,15141,4944,56600,279.8,7807
TXSD_DELTAE_SWEEP_20260115,15151,4948,57000,282.0,7807
TXSD_DELTAE_SWEEP_20260115,15161,4944,56700,280.3,7807
TXSD_DELTAE_SWEEP_20260115,15171,4944,55900,276.4,7807
TXSD_DELTAE_SWEEP_20260115,15181,4948,57600,285.0,7807
TXSD_DELTAE_SWEEP_20260115,15191,4944,56000,276.9,7807
TXSD_DELTAE_SWEEP_20260115,15201,4948,57600,285.0,7807
TXSD_DELTAE_SWEEP_20260115,15211,4948,56000,277.1,7807
TXSD_DELTAE_SWEEP_20260115,15221,4948,57600,285.0,7807
TXSD_DELTAE_SWEEP_20260115,15231,4944,56000,276.9,7807
TXSD_DELTAE_SWEEP_20260115,15241,4940,79600,393.2,7808
TXSD_DELTAE_SWEEP_20260115,15251,4944,56000,276.9,7808
TXSD_DELTAE_SWEEP_20260115,15261,4948,57600,285.0,7808
TXSD_DELTAE_SWEEP_20260115,15271,4944,56300,278.3,7808
TXSD_DELTAE_SWEEP_20260115,15281,4948,57500,284.5,7808
TXSD_DELTAE_SWEEP_20260115,15291,4944,56600,279.8,7808
TXSD_DELTAE_SWEEP_20260115,15301,4944,57000,281.8,7808
TXSD_DELTAE_SWEEP_20260115,15311,4944,56800,280.8,7808
TXSD_DELTAE_SWEEP_20260115,15321,4944,56900,281.3,7808
TXSD_DELTAE_SWEEP_20260115,15331,4944,56700,280.3,7808
TXSD_DELTAE_SWEEP_20260115,15341,4944,56000,276.9,7808
TXSD_DELTAE_SWEEP_20260115,15351,4948,57600,285.0,7808
TXSD_DELTAE_SWEEP_20260115,15361,4944,56100,277.4,7808
TXSD_DELTAE_SWEEP_20260115,15371,4948,57500,284.5,7808
TXSD_DELTAE_SWEEP_20260115,15381,4944,56000,276.9,7808
TXSD_DELTAE_SWEEP_20260115,15391,4948,57600,285.0,7808
TXSD_DELTAE_SWEEP_20260115,15401,4944,55900,276.4,7808
TXSD_DELTAE_SWEEP_20260115,15411,4948,57500,284.5,7808
TXSD_DELTAE_SWEEP_20260115,15421,4944,56000,276.9,7808
TXSD_DELTAE_SWEEP_20260115,15431,4948,57600,285.0,7808
TXSD_DELTAE_SWEEP_20260115,15441,4944,56600,279.8,7808
TXSD_DELTAE_SWEEP_20260115,15451,4944,57000,281.8,7808
TXSD_DELTAE_SWEEP_20260115,15461,4944,56700,280.3,7808
TXSD_DELTAE_SWEEP_20260115,15471,4944,56900,281.3,7808
TXSD_DELTAE_SWEEP_20260115,15481,4944,56700,280.3,7808
TXSD_DELTAE_SWEEP_20260115,15491,4944,56400,278.8,7808
TXSD_DELTAE_SWEEP_20260115,15501,4948,57600,285.0,7808
TXSD_DELTAE_SWEEP_20260115,15511,4944,56000,276.9,7808
TXSD_DELTAE_SWEEP_20260115,15521,4948,57600,285.0,7808
TXSD_DELTAE_SWEEP_20260115,15531,4944,56000,276.9,7808
TXSD_DELTAE_SWEEP_20260115,15541,4948,57600,285.0,7808
TXSD_DELTAE_SWEEP_20260115,15551,4944,56000,276.9,7808
TXSD_DELTAE_SWEEP_20260115,15561,4948,57600,285.0,7808
TXSD_DELTAE_SWEEP_20260115,15571,4944,56000,276.9,7808
TXSD_DELTAE_SWEEP_20260115,15581,4944,57600,284.8,7808
TXSD_DELTAE_SWEEP_20260115,15591,4944,55900,276.4,7808
TXSD_DELTAE_SWEEP_20260115,15601,4948,57600,285.0,7808
TXSD_DELTAE_SWEEP_20260115,15611,4944,56700,280.3,7808
TXSD_DELTAE_SWEEP_20260115,15621,4948,56900,281.5,7808
TXSD_DELTAE_SWEEP_20260115,15631,4948,56700,280.6,7808
TXSD_DELTAE_SWEEP_20260115,15641,4944,56900,281.3,7808
TXSD_DELTAE_SWEEP_20260115,15651,4944,56700,280.3,7808
TXSD_DELTAE_SWEEP_20260115,15661,4944,56000,276.9,7808
TXSD_DELTAE_SWEEP_20260115,15671,4948,57600,285.0,7808
TXSD_DELTAE_SWEEP_20260115,15681,4944,56000,276.9,7808
TXSD_DELTAE_SWEEP_20260115,15691,4948,57600,285.0,7808
TXSD_DELTAE_SWEEP_20260115,15701,4944,56000,276.9,7808
TXSD_DELTAE_SWEEP_20260115,15711,4948,57600,285.0,7808
TXSD_DELTAE_SWEEP_20260115,15721,4944,56000,276.9,7808
TXSD_DELTAE_SWEEP_20260115,15731,4944,57600,284.8,7808
TXSD_DELTAE_SWEEP_20260115,15741,4944,56000,276.9,7808
TXSD_DELTAE_SWEEP_20260115,15751,4948,57600,285.0,7808
TXSD_DELTAE_SWEEP_20260115,15761,4944,56700,280.3,7808
TXSD_DELTAE_SWEEP_20260115,15771,4948,56900,281.5,7808
TXSD_DELTAE_SWEEP_20260115,15781,4944,56600,279.8,7808
TXSD_DELTAE_SWEEP_20260115,15791,4948,56900,281.5,7808
TXSD_DELTAE_SWEEP_20260115,15801,4948,56800,281.0,7808
TXSD_DELTAE_SWEEP_20260115,15811,4944,56900,281.3,7808
TXSD_DELTAE_SWEEP_20260115,15821,4948,57200,283.0,7808
TXSD_DELTAE_SWEEP_20260115,15831,4944,56000,276.9,7808
TXSD_DELTAE_SWEEP_20260115,15841,4944,57600,284.8,7808
TXSD_DELTAE_SWEEP_20260115,15851,4944,56000,276.9,7808
TXSD_DELTAE_SWEEP_20260115,15861,4948,57600,285.0,7808
TXSD_DELTAE_SWEEP_20260115,15871,4944,56000,276.9,7808
TXSD_DELTAE_SWEEP_20260115,15881,4948,57600,285.0,7808
TXSD_DELTAE_SWEEP_20260115,15891,4944,56000,276.9,7808
TXSD_DELTAE_SWEEP_20260115,15901,4948,57600,285.0,7808
TXSD_DELTAE_SWEEP_20260115,15911,4944,56000,276.9,7808
TXSD_DELTAE_SWEEP_20260115,15921,4948,57600,285.0,7808
TXSD_DELTAE_SWEEP_20260115,15931,4944,56700,280.3,7808
TXSD_DELTAE_SWEEP_20260115,15941,4944,56900,281.3,7808
TXSD_DELTAE_SWEEP_20260115,15951,4944,56700,280.3,7808
TXSD_DELTAE_SWEEP_20260115,15961,4944,57000,281.8,7808
TXSD_DELTAE_SWEEP_20260115,15971,4944,56600,279.8,7808
TXSD_DELTAE_SWEEP_20260115,15981,4944,55900,276.4,7808
TXSD_DELTAE_SWEEP_20260115,15991,4948,57500,284.5,7808
TXSD_DELTAE_SWEEP_20260115,16001,4944,56000,276.9,7808
TXSD_DELTAE_SWEEP_20260115,16011,4948,57600,285.0,7808
TXSD_DELTAE_SWEEP_20260115,16021,4944,56000,276.9,7808
TXSD_DELTAE_SWEEP_20260115,16031,4948,57500,284.5,7808
TXSD_DELTAE_SWEEP_20260115,16041,4944,56000,276.9,7808
TXSD_DELTAE_SWEEP_20260115,16051,4948,57600,285.0,7808
TXSD_DELTAE_SWEEP_20260115,16061,4944,56000,276.9,7808
TXSD_DELTAE_SWEEP_20260115,16071,4944,57500,284.3,7808
TXSD_DELTAE_SWEEP_20260115,16081,4944,56200,277.9,7808
TXSD_DELTAE_SWEEP_20260115,16091,4948,57500,284.5,7808
TXSD_DELTAE_SWEEP_20260115,16101,4944,56600,279.8,7808
TXSD_DELTAE_SWEEP_20260115,16111,4944,57000,281.8,7808
TXSD_DELTAE_SWEEP_20260115,16121,4948,56700,280.6,7808
TXSD_DELTAE_SWEEP_20260115,16131,4948,57000,282.0,7808
TXSD_DELTAE_SWEEP_20260115,16141,4948,56600,280.1,7808
TXSD_DELTAE_SWEEP_20260115,16151,4944,56000,276.9,7808
TXSD_DELTAE_SWEEP_20260115,16161,4944,57600,284.8,7808
TXSD_DELTAE_SWEEP_20260115,16171,4944,56000,276.9,7808
TXSD_DELTAE_SWEEP_20260115,16181,4948,57600,285.0,7808
TXSD_DELTAE_SWEEP_20260115,16191,4944,56000,276.9,7808
TXSD_DELTAE_SWEEP_20260115,16201,4948,57600,285.0,7808
TXSD_DELTAE_SWEEP_20260115,16211,4944,56000,276.9,7808
TXSD_DELTAE_SWEEP_20260115,16221,4944,57500,284.3,7808
TXSD_DELTAE_SWEEP_20260115,16231,4944,55900,276.4,7808
TXSD_DELTAE_SWEEP_20260115,16241,4948,57600,285.0,7808
TXSD_DELTAE_SWEEP_20260115,16251,4944,56600,279.8,7808
TXSD_DELTAE_SWEEP_20260115,16261,4948,57000,282.0,7808
TXSD_DELTAE_SWEEP_20260115,16271,4944,56600,279.8,7808
TXSD_DELTAE_SWEEP_20260115,16281,4948,57000,282.0,7808
TXSD_DELTAE_SWEEP_20260115,16291,4944,57400,283.8,7808
TXSD_DELTAE_SWEEP_20260115,16301,4948,56500,279.6,7808
TXSD_DELTAE_SWEEP_20260115,16311,4948,57700,285.5,7808
TXSD_DELTAE_SWEEP_20260115,16321,4944,56000,276.9,7808
TXSD_DELTAE_SWEEP_20260115,16331,4948,57600,285.0,7808
TXSD_DELTAE_SWEEP_20260115,16341,4944,56000,276.9,7808
TXSD_DELTAE_SWEEP_20260115,16351,4948,57600,285.0,7808
TXSD_DELTAE_SWEEP_20260115,16361,4944,56000,276.9,7808
TXSD_DELTAE_SWEEP_20260115,16371,4948,57600,285.0,7808
TXSD_DELTAE_SWEEP_20260115,16381,4944,56000,276.9,7808
TXSD_DELTAE_SWEEP_20260115,16391,4948,57600,285.0,7808
TXSD_DELTAE_SWEEP_20260115,16401,4944,56000,276.9,7808
TXSD_DELTAE_SWEEP_20260115,16411,4948,57600,285.0,7808
TXSD_DELTAE_SWEEP_20260115,16421,4944,56700,280.3,7808
TXSD_DELTAE_SWEEP_20260115,16431,4944,57000,281.8,7808
TXSD_DELTAE_SWEEP_20260115,16441,4944,56600,279.8,7808
TXSD_DELTAE_SWEEP_20260115,16451,4944,57000,281.8,7808
TXSD_DELTAE_SWEEP_20260115,16461,4948,56700,280.6,7808
TXSD_DELTAE_SWEEP_20260115,16471,4944,55900,276.4,7808
TXSD_DELTAE_SWEEP_20260115,16481,4948,57600,285.0,7808
TXSD_DELTAE_SWEEP_20260115,16491,4944,56000,276.9,7808
TXSD_DELTAE_SWEEP_20260115,16501,4948,57600,285.0,7808
TXSD_DELTAE_SWEEP_20260115,16511,4944,56000,276.9,7808
TXSD_DELTAE_SWEEP_20260115,16521,4948,57500,284.5,7808
TXSD_DELTAE_SWEEP_20260115,16531,4944,56000,276.9,7808
TXSD_DELTAE_SWEEP_20260115,16541,4948,57600,285.0,7808
TXSD_DELTAE_SWEEP_20260115,16551,4944,56000,276.9,7808
TXSD_DELTAE_SWEEP_20260115,16561,4944,57600,284.8,7808
TXSD_DELTAE_SWEEP_20260115,16571,4944,56700,280.3,7808
TXSD_DELTAE_SWEEP_20260115,16581,4948,57000,282.0,7808
TXSD_DELTAE_SWEEP_20260115,16591,4944,56600,279.8,7808
TXSD_DELTAE_SWEEP_20260115,16601,4944,56900,281.3,7808
TXSD_DELTAE_SWEEP_20260115,16611,4944,56700,280.3,7808
TXSD_DELTAE_SWEEP_20260115,16621,4944,57000,281.8,7808
TXSD_DELTAE_SWEEP_20260115,16631,4948,57100,282.5,7808
TXSD_DELTAE_SWEEP_20260115,16641,4944,56000,276.9,7808
TXSD_DELTAE_SWEEP_20260115,16651,4948,57500,284.5,7808
TXSD_DELTAE_SWEEP_20260115,16661,4944,56000,276.9,7808
TXSD_DELTAE_SWEEP_20260115,16671,4948,57500,284.5,7808
TXSD_DELTAE_SWEEP_20260115,16681,4944,56000,276.9,7808
TXSD_DELTAE_SWEEP_20260115,16691,4948,57600,285.0,7808
TXSD_DELTAE_SWEEP_20260115,16701,4944,56000,276.9,7808
TXSD_DELTAE_SWEEP_20260115,16711,4948,57600,285.0,7808
TXSD_DELTAE_SWEEP_20260115,16721,4944,56000,276.9,7808
TXSD_DELTAE_SWEEP_20260115,16731,4948,57600,285.0,7808
TXSD_DELTAE_SWEEP_20260115,16741,4944,56600,279.8,7808
TXSD_DELTAE_SWEEP_20260115,16751,4944,56900,281.3,7808
TXSD_DELTAE_SWEEP_20260115,16761,4944,56700,280.3,7808
TXSD_DELTAE_SWEEP_20260115,16771,4944,57000,281.8,7808
TXSD_DELTAE_SWEEP_20260115,16781,4944,56700,280.3,7808
TXSD_DELTAE_SWEEP_20260115,16791,4944,55900,276.4,7808
TXSD_DELTAE_SWEEP_20260115,16801,4944,57600,284.8,7808
TXSD_DELTAE_SWEEP_20260115,16811,4944,56000,276.9,7808
TXSD_DELTAE_SWEEP_20260115,16821,4948,57500,284.5,7808
TXSD_DELTAE_SWEEP_20260115,16831,4944,56000,276.9,7808
TXSD_DELTAE_SWEEP_20260115,16841,4948,57600,285.0,7808
TXSD_DELTAE_SWEEP_20260115,16851,4944,56000,276.9,7808
TXSD_DELTAE_SWEEP_20260115,16861,4948,57600,285.0,7808
TXSD_DELTAE_SWEEP_20260115,16871,4944,56000,276.9,7808
TXSD_DELTAE_SWEEP_20260115,16881,4948,57600,285.0,7808
TXSD_DELTAE_SWEEP_20260115,16891,4944,56200,277.9,7808
TXSD_DELTAE_SWEEP_20260115,16901,4948,57600,285.0,7808
TXSD_DELTAE_SWEEP_20260115,16911,4948,56700,280.6,7808
TXSD_DELTAE_SWEEP_20260115,16921,4944,56900,281.3,7808
TXSD_DELTAE_SWEEP_20260115,16931,4948,56700,280.6,7808
TXSD_DELTAE_SWEEP_20260115,16941,4944,56900,281.3,7808
TXSD_DELTAE_SWEEP_20260115,16951,4948,56600,280.1,7808
TXSD_DELTAE_SWEEP_20260115,16961,4944,56000,276.9,7808
TXSD_DELTAE_SWEEP_20260115,16971,4944,57500,284.3,7808
TXSD_DELTAE_SWEEP_20260115,16981,4944,56000,276.9,7808
TXSD_DELTAE_SWEEP_20260115,16991,4948,57600,285.0,7808
TXSD_DELTAE_SWEEP_20260115,17001,4944,56000,276.9,7808
TXSD_DELTAE_SWEEP_20260115,17011,4948,57600,285.0,7808
TXSD_DELTAE_SWEEP_20260115,17021,4944,56000,276.9,7808
TXSD_DELTAE_SWEEP_20260115,17031,4948,57600,285.0,7808
TXSD_DELTAE_SWEEP_20260115,17041,4944,56000,276.9,7808
TXSD_DELTAE_SWEEP_20260115,17051,4948,57600,285.0,7808
TXSD_DELTAE_SWEEP_20260115,17061,4944,56600,279.8,7808
TXSD_DELTAE_SWEEP_20260115,17071,4944,57000,281.8,7808
TXSD_DELTAE_SWEEP_20260115,17081,4944,56700,280.3,7808
TXSD_DELTAE_SWEEP_20260115,17091,4944,56900,281.3,7808
TXSD_DELTAE_SWEEP_20260115,17101,4944,56600,279.8,7808
TXSD_DELTAE_SWEEP_20260115,17111,4944,56600,279.8,7808
TXSD_DELTAE_SWEEP_20260115,17121,4948,57600,285.0,7808
TXSD_DELTAE_SWEEP_20260115,17131,4944,56000,276.9,7808
TXSD_DELTAE_SWEEP_20260115,17141,4948,57600,285.0,7808
TXSD_DELTAE_SWEEP_20260115,17151,4944,56000,276.9,7808
TXSD_DELTAE_SWEEP_20260115,17161,4948,57600,285.0,7808
TXSD_DELTAE_SWEEP_20260115,17171,4944,56000,276.9,7808
TXSD_DELTAE_SWEEP_20260115,17181,4948,57600,285.0,7808
TXSD_DELTAE_SWEEP_20260115,17191,4944,56000,276.9,7808
TXSD_DELTAE_SWEEP_20260115,17201,4948,57600,285.0,7808
TXSD_DELTAE_SWEEP_20260115,17211,4944,56000,276.9,7808
TXSD_DELTAE_SWEEP_20260115,17221,4948,57600,285.0,7808
TXSD_DELTAE_SWEEP_20260115,17231,4944,56700,280.3,7808
TXSD_DELTAE_SWEEP_20260115,17241,4944,113000,558.7,7809
TXSD_DELTAE_SWEEP_20260115,17251,4948,56700,280.6,7809
TXSD_DELTAE_SWEEP_20260115,17261,4944,57000,281.8,7809
TXSD_DELTAE_SWEEP_20260115,17271,4948,56700,280.6,7809
TXSD_DELTAE_SWEEP_20260115,17281,4944,56100,277.4,7809
TXSD_DELTAE_SWEEP_20260115,17291,4944,57600,284.8,7809
TXSD_DELTAE_SWEEP_20260115,17301,4944,56000,276.9,7809
TXSD_DELTAE_SWEEP_20260115,17311,4944,57700,285.3,7809
TXSD_DELTAE_SWEEP_20260115,17321,4944,56000,276.9,7809
TXSD_DELTAE_SWEEP_20260115,17331,4948,57600,285.0,7809
TXSD_DELTAE_SWEEP_20260115,17341,4944,56000,276.9,7809
TXSD_DELTAE_SWEEP_20260115,17351,4948,57600,285.0,7809
TXSD_DELTAE_SWEEP_20260115,17361,4944,56000,276.9,7809
TXSD_DELTAE_SWEEP_20260115,17371,4948,57600,285.0,7809
TXSD_DELTAE_SWEEP_20260115,17381,4944,56700,280.3,7809
TXSD_DELTAE_SWEEP_20260115,17391,4944,57100,282.3,7809
TXSD_DELTAE_SWEEP_20260115,17401,4944,56700,280.3,7809
TXSD_DELTAE_SWEEP_20260115,17411,4944,57000,281.8,7809
TXSD_DELTAE_SWEEP_20260115,17421,4948,56600,280.1,7809
TXSD_DELTAE_SWEEP_20260115,17431,4944,56900,281.3,7809
TXSD_DELTAE_SWEEP_20260115,17441,4948,56900,281.5,7809
TXSD_DELTAE_SWEEP_20260115,17451,4944,56000,276.9,7809
TXSD_DELTAE_SWEEP_20260115,17461,4948,57600,285.0,7809
TXSD_DELTAE_SWEEP_20260115,17471,4944,56000,276.9,7809
TXSD_DELTAE_SWEEP_20260115,17481,4944,57600,284.8,7809
TXSD_DELTAE_SWEEP_20260115,17491,4944,56000,276.9,7809
TXSD_DELTAE_SWEEP_20260115,17501,4948,57600,285.0,7809
TXSD_DELTAE_SWEEP_20260115,17511,4944,56000,276.9,7809
TXSD_DELTAE_SWEEP_20260115,17521,4944,57600,284.8,7809
TXSD_DELTAE_SWEEP_20260115,17531,4944,56100,277.4,7809
TXSD_DELTAE_SWEEP_20260115,17541,4948,57700,285.5,7809
TXSD_DELTAE_SWEEP_20260115,17551,4948,56700,280.6,7809
TXSD_DELTAE_SWEEP_20260115,17561,4944,57000,281.8,7809
TXSD_DELTAE_SWEEP_20260115,17571,4944,56700,280.3,7809
TXSD_DELTAE_SWEEP_20260115,17581,4944,57000,281.8,7809
TXSD_DELTAE_SWEEP_20260115,17591,4948,56700,280.6,7809
TXSD_DELTAE_SWEEP_20260115,17601,4948,56000,277.1,7809
TXSD_DELTAE_SWEEP_20260115,17611,4944,57600,284.8,7809
TXSD_DELTAE_SWEEP_20260115,17621,4944,56000,276.9,7809
TXSD_DELTAE_SWEEP_20260115,17631,4948,57600,285.0,7809
TXSD_DELTAE_SWEEP_20260115,17641,4944,56000,276.9,7809
TXSD_DELTAE_SWEEP_20260115,17651,4948,57600,285.0,7809
TXSD_DELTAE_SWEEP_20260115,17661,4944,56100,277.4,7809
TXSD_DELTAE_SWEEP_20260115,17671,4944,57600,284.8,7809
TXSD_DELTAE_SWEEP_20260115,17681,4944,56000,276.9,7809
TXSD_DELTAE_SWEEP_20260115,17691,4948,57600,285.0,7809
TXSD_DELTAE_SWEEP_20260115,17701,4944,56000,276.9,7809
TXSD_DELTAE_SWEEP_20260115,17711,4944,57600,284.8,7809
TXSD_DELTAE_SWEEP_20260115,17721,4944,56600,279.8,7809
TXSD_DELTAE_SWEEP_20260115,17731,4948,57000,282.0,7809
TXSD_DELTAE_SWEEP_20260115,17741,4948,56700,280.6,7809
TXSD_DELTAE_SWEEP_20260115,17751,4944,56900,281.3,7809
TXSD_DELTAE_SWEEP_20260115,17761,4948,56700,280.6,7809
TXSD_DELTAE_SWEEP_20260115,17771,4944,56000,276.9,7809
TXSD_DELTAE_SWEEP_20260115,17781,4948,57600,285.0,7809
TXSD_DELTAE_SWEEP_20260115,17791,4944,56000,276.9,7809
TXSD_DELTAE_SWEEP_20260115,17801,4948,57700,285.5,7809
TXSD_DELTAE_SWEEP_20260115,17811,4944,56100,277.4,7809
TXSD_DELTAE_SWEEP_20260115,17821,4948,57600,285.0,7809
TXSD_DELTAE_SWEEP_20260115,17831,4944,56100,277.4,7809
TXSD_DELTAE_SWEEP_20260115,17841,4948,57600,285.0,7809
TXSD_DELTAE_SWEEP_20260115,17851,4944,56000,276.9,7809
TXSD_DELTAE_SWEEP_20260115,17861,4948,57600,285.0,7809
TXSD_DELTAE_SWEEP_20260115,17871,4948,56600,280.1,7809
TXSD_DELTAE_SWEEP_20260115,17881,4948,56900,281.5,7809
TXSD_DELTAE_SWEEP_20260115,17891,4944,56700,280.3,7809
TXSD_DELTAE_SWEEP_20260115,17901,4948,57000,282.0,7809
TXSD_DELTAE_SWEEP_20260115,17911,4944,56600,279.8,7809
TXSD_DELTAE_SWEEP_20260115,17921,4944,56700,280.3,7809
TXSD_DELTAE_SWEEP_20260115,17931,4948,57500,284.5,7809
TXSD_DELTAE_SWEEP_20260115,17941,4944,56000,276.9,7809
TXSD_DELTAE_SWEEP_20260115,17951,4944,57600,284.8,7809
TXSD_DELTAE_SWEEP_20260115,17961,4944,56000,276.9,7809
TXSD_DELTAE_SWEEP_20260115,17971,4948,57600,285.0,7809
TXSD_DELTAE_SWEEP_20260115,17981,4944,56000,276.9,7809
TXSD_DELTAE_SWEEP_20260115,17991,4948,57600,285.0,7809
TXSD_DELTAE_SWEEP_20260115,18001,4944,56000,276.9,7809
TXSD_DELTAE_SWEEP_20260115,18011,4948,57600,285.0,7809
TXSD_DELTAE_SWEEP_20260115,18021,4944,56000,276.9,7809
TXSD_DELTAE_SWEEP_20260115,18031,4948,57600,285.0,7809
TXSD_DELTAE_SWEEP_20260115,18041,4948,56600,280.1,7809
TXSD_DELTAE_SWEEP_20260115,18051,4944,57000,281.8,7809
TXSD_DELTAE_SWEEP_20260115,18061,4944,56700,280.3,7809
TXSD_DELTAE_SWEEP_20260115,18071,4944,56900,281.3,7809
TXSD_DELTAE_SWEEP_20260115,18081,4944,56700,280.3,7809
TXSD_DELTAE_SWEEP_20260115,18091,4944,56000,276.9,7809
TXSD_DELTAE_SWEEP_20260115,18101,4948,57600,285.0,7809
TXSD_DELTAE_SWEEP_20260115,18111,4944,56000,276.9,7809
TXSD_DELTAE_SWEEP_20260115,18121,4944,57600,284.8,7809
TXSD_DELTAE_SWEEP_20260115,18131,4944,56000,276.9,7809
TXSD_DELTAE_SWEEP_20260115,18141,4948,57600,285.0,7809
TXSD_DELTAE_SWEEP_20260115,18151,4944,56000,276.9,7809
TXSD_DELTAE_SWEEP_20260115,18161,4948,57600,285.0,7809
TXSD_DELTAE_SWEEP_20260115,18171,4948,56000,277.1,7809
TXSD_DELTAE_SWEEP_20260115,18181,4944,57600,284.8,7809
TXSD_DELTAE_SWEEP_20260115,18191,4948,56600,280.1,7809
TXSD_DELTAE_SWEEP_20260115,18201,4948,57100,282.5,7809
TXSD_DELTAE_SWEEP_20260115,18211,4944,56700,280.3,7809
TXSD_DELTAE_SWEEP_20260115,18221,4944,57000,281.8,7809
TXSD_DELTAE_SWEEP_20260115,18231,4948,56700,280.6,7809
TXSD_DELTAE_SWEEP_20260115,18241,4948,56900,281.5,7809
TXSD_DELTAE_SWEEP_20260115,18251,4948,56900,281.5,7809
TXSD_DELTAE_SWEEP_20260115,18261,4944,56000,276.9,7809
TXSD_DELTAE_SWEEP_20260115,18271,4944,57600,284.8,7809
TXSD_DELTAE_SWEEP_20260115,18281,4944,56000,276.9,7809
TXSD_DELTAE_SWEEP_20260115,18291,4948,57600,285.0,7809
TXSD_DELTAE_SWEEP_20260115,18301,4944,56000,276.9,7809
TXSD_DELTAE_SWEEP_20260115,18311,4944,57600,284.8,7809
TXSD_DELTAE_SWEEP_20260115,18321,4944,56000,276.9,7809
TXSD_DELTAE_SWEEP_20260115,18331,4948,57600,285.0,7809
TXSD_DELTAE_SWEEP_20260115,18341,4944,56000,276.9,7809
TXSD_DELTAE_SWEEP_20260115,18351,4948,57600,285.0,7809
TXSD_DELTAE_SWEEP_20260115,18361,4948,56700,280.6,7809
TXSD_DELTAE_SWEEP_20260115,18371,4944,57000,281.8,7809
TXSD_DELTAE_SWEEP_20260115,18381,4944,56700,280.3,7809
TXSD_DELTAE_SWEEP_20260115,18391,4944,56900,281.3,7809
TXSD_DELTAE_SWEEP_20260115,18401,4944,56700,280.3,7809
TXSD_DELTAE_SWEEP_20260115,18411,4948,56100,277.6,7809
TXSD_DELTAE_SWEEP_20260115,18421,4948,57700,285.5,7809
TXSD_DELTAE_SWEEP_20260115,18431,4944,56000,276.9,7809
TXSD_DELTAE_SWEEP_20260115,18441,4948,57600,285.0,7809
TXSD_DELTAE_SWEEP_20260115,18451,4944,56000,276.9,7809
TXSD_DELTAE_SWEEP_20260115,18461,4948,57600,285.0,7809
TXSD_DELTAE_SWEEP_20260115,18471,4944,55900,276.4,7809
TXSD_DELTAE_SWEEP_20260115,18481,4944,57700,285.3,7809
TXSD_DELTAE_SWEEP_20260115,18491,4944,56000,276.9,7809
TXSD_DELTAE_SWEEP_20260115,18501,4944,57600,284.8,7809
TXSD_DELTAE_SWEEP_20260115,18511,4944,56000,276.9,7809
TXSD_DELTAE_SWEEP_20260115,18521,4948,57600,285.0,7809
TXSD_DELTAE_SWEEP_20260115,18531,4944,56700,280.3,7809
TXSD_DELTAE_SWEEP_20260115,18541,4948,57000,282.0,7809
TXSD_DELTAE_SWEEP_20260115,18551,4944,56700,280.3,7809
TXSD_DELTAE_SWEEP_20260115,18561,4948,57000,282.0,7809
TXSD_DELTAE_SWEEP_20260115,18571,4948,56700,280.6,7809
TXSD_DELTAE_SWEEP_20260115,18581,4944,56100,277.4,7809
TXSD_DELTAE_SWEEP_20260115,18591,4948,57600,285.0,7809
TXSD_DELTAE_SWEEP_20260115,18601,4944,56000,276.9,7809
TXSD_DELTAE_SWEEP_20260115,18611,4944,57600,284.8,7809
TXSD_DELTAE_SWEEP_20260115,18621,4944,56000,276.9,7809
TXSD_DELTAE_SWEEP_20260115,18631,4948,57600,285.0,7809
TXSD_DELTAE_SWEEP_20260115,18641,4944,56000,276.9,7809
TXSD_DELTAE_SWEEP_20260115,18651,4948,57500,284.5,7809
TXSD_DELTAE_SWEEP_20260115,18661,4944,56000,276.9,7809
TXSD_DELTAE_SWEEP_20260115,18671,4944,57600,284.8,7809
TXSD_DELTAE_SWEEP_20260115,18681,4944,56700,280.3,7809
TXSD_DELTAE_SWEEP_20260115,18691,4948,56800,281.0,7809
TXSD_DELTAE_SWEEP_20260115,18701,4944,56600,279.8,7809
TXSD_DELTAE_SWEEP_20260115,18711,4944,56900,281.3,7809
TXSD_DELTAE_SWEEP_20260115,18721,4944,56700,280.3,7809
TXSD_DELTAE_SWEEP_20260115,18731,4944,56800,280.8,7809
TXSD_DELTAE_SWEEP_20260115,18741,4948,57500,284.5,7809
TXSD_DELTAE_SWEEP_20260115,18751,4944,56000,276.9,7809
TXSD_DELTAE_SWEEP_20260115,18761,4948,57600,285.0,7809
TXSD_DELTAE_SWEEP_20260115,18771,4944,56000,276.9,7809
TXSD_DELTAE_SWEEP_20260115,18781,4948,57600,285.0,7809
TXSD_DELTAE_SWEEP_20260115,18791,4944,56000,276.9,7809
TXSD_DELTAE_SWEEP_20260115,18801,4948,57600,285.0,7809
TXSD_DELTAE_SWEEP_20260115,18811,4944,56000,276.9,7809
TXSD_DELTAE_SWEEP_20260115,18821,4948,57600,285.0,7809
TXSD_DELTAE_SWEEP_20260115,18831,4944,56000,276.9,7809
TXSD_DELTAE_SWEEP_20260115,18841,4944,57600,284.8,7809
TXSD_DELTAE_SWEEP_20260115,18851,4944,56600,279.8,7809
TXSD_DELTAE_SWEEP_20260115,18861,4944,57000,281.8,7809
TXSD_DELTAE_SWEEP_20260115,18871,4944,56600,279.8,7809
TXSD_DELTAE_SWEEP_20260115,18881,4944,57000,281.8,7809
TXSD_DELTAE_SWEEP_20260115,18891,4944,56600,279.8,7809
TXSD_DELTAE_SWEEP_20260115,18901,4948,56000,277.1,7809
TXSD_DELTAE_SWEEP_20260115,18911,4948,57600,285.0,7809
TXSD_DELTAE_SWEEP_20260115,18921,4944,55900,276.4,7809
TXSD_DELTAE_SWEEP_20260115,18931,4948,57600,285.0,7809
TXSD_DELTAE_SWEEP_20260115,18941,4944,56000,276.9,7809
TXSD_DELTAE_SWEEP_20260115,18951,4944,57600,284.8,7809
TXSD_DELTAE_SWEEP_20260115,18961,4944,56000,276.9,7809
TXSD_DELTAE_SWEEP_20260115,18971,4948,57600,285.0,7809
TXSD_DELTAE_SWEEP_20260115,18981,4944,56000,276.9,7809
TXSD_DELTAE_SWEEP_20260115,18991,4944,57500,284.3,7809
TXSD_DELTAE_SWEEP_20260115,19001,4944,56500,279.3,7809
TXSD_DELTAE_SWEEP_20260115,19011,4944,57200,282.8,7809
TXSD_DELTAE_SWEEP_20260115,19021,4944,56700,280.3,7809
TXSD_DELTAE_SWEEP_20260115,19031,4944,56900,281.3,7809
TXSD_DELTAE_SWEEP_20260115,19041,4944,56600,279.8,7809
TXSD_DELTAE_SWEEP_20260115,19051,4944,56900,281.3,7809
TXSD_DELTAE_SWEEP_20260115,19061,4944,56800,280.8,7809
TXSD_DELTAE_SWEEP_20260115,19071,4944,56000,276.9,7809
TXSD_DELTAE_SWEEP_20260115,19081,4948,57700,285.5,7809
TXSD_DELTAE_SWEEP_20260115,19091,4944,56000,276.9,7809
TXSD_DELTAE_SWEEP_20260115,19101,4948,57600,285.0,7809
TXSD_DELTAE_SWEEP_20260115,19111,4944,56000,276.9,7809
TXSD_DELTAE_SWEEP_20260115,19121,4944,57500,284.3,7809
TXSD_DELTAE_SWEEP_20260115,19131,4944,56100,277.4,7809
TXSD_DELTAE_SWEEP_20260115,19141,4948,57600,285.0,7809
TXSD_DELTAE_SWEEP_20260115,19151,4944,56000,276.9,7809
TXSD_DELTAE_SWEEP_20260115,19161,4944,57600,284.8,7809
TXSD_DELTAE_SWEEP_20260115,19171,4944,56600,279.8,7809
TXSD_DELTAE_SWEEP_20260115,19181,4948,57000,282.0,7809
TXSD_DELTAE_SWEEP_20260115,19191,4944,56700,280.3,7809
TXSD_DELTAE_SWEEP_20260115,19201,4944,57000,281.8,7809
TXSD_DELTAE_SWEEP_20260115,19211,4944,56600,279.8,7809
TXSD_DELTAE_SWEEP_20260115,19221,4948,56100,277.6,7809
TXSD_DELTAE_SWEEP_20260115,19231,4948,57700,285.5,7809
TXSD_DELTAE_SWEEP_20260115,19241,4944,145200,717.9,7810
TXSD_DELTAE_SWEEP_20260115,19251,4944,57600,284.8,7810
TXSD_DELTAE_SWEEP_20260115,19261,4948,56000,277.1,7810
TXSD_DELTAE_SWEEP_20260115,19271,4948,57600,285.0,7810
TXSD_DELTAE_SWEEP_20260115,19281,4944,56000,276.9,7810
TXSD_DELTAE_SWEEP_20260115,19291,4944,57500,284.3,7810
TXSD_DELTAE_SWEEP_20260115,19301,4944,56000,276.9,7810
TXSD_DELTAE_SWEEP_20260115,19311,4948,57600,285.0,7810
TXSD_DELTAE_SWEEP_20260115,19321,4944,56000,276.9,7810
TXSD_DELTAE_SWEEP_20260115,19331,4948,57600,285.0,7810
TXSD_DELTAE_SWEEP_20260115,19341,4944,56700,280.3,7810
TXSD_DELTAE_SWEEP_20260115,19351,4944,57000,281.8,7810
TXSD_DELTAE_SWEEP_20260115,19361,4944,56700,280.3,7810
TXSD_DELTAE_SWEEP_20260115,19371,4944,57000,281.8,7810
TXSD_DELTAE_SWEEP_20260115,19381,4948,56700,280.6,7810
TXSD_DELTAE_SWEEP_20260115,19391,4944,56000,276.9,7810
TXSD_DELTAE_SWEEP_20260115,19401,4948,57600,285.0,7810
TXSD_DELTAE_SWEEP_20260115,19411,4944,56000,276.9,7810
TXSD_DELTAE_SWEEP_20260115,19421,4944,57600,284.8,7810
TXSD_DELTAE_SWEEP_20260115,19431,4944,56000,276.9,7810
TXSD_DELTAE_SWEEP_20260115,19441,4944,57600,284.8,7810
TXSD_DELTAE_SWEEP_20260115,19451,4944,56000,276.9,7810
TXSD_DELTAE_SWEEP_20260115,19461,4944,57600,284.8,7810
TXSD_DELTAE_SWEEP_20260115,19471,4944,55900,276.4,7810
TXSD_DELTAE_SWEEP_20260115,19481,4948,57700,285.5,7810
TXSD_DELTAE_SWEEP_20260115,19491,4944,56800,280.8,7810
TXSD_DELTAE_SWEEP_20260115,19501,4944,56900,281.3,7810
TXSD_DELTAE_SWEEP_20260115,19511,4948,56600,280.1,7810
TXSD_DELTAE_SWEEP_20260115,19521,4948,56900,281.5,7810
TXSD_DELTAE_SWEEP_20260115,19531,4948,56600,280.1,7810
TXSD_DELTAE_SWEEP_20260115,19541,4948,56700,280.6,7810
TXSD_DELTAE_SWEEP_20260115,19551,4948,57400,284.0,7810
TXSD_DELTAE_SWEEP_20260115,19561,4944,56000,276.9,7810
TXSD_DELTAE_SWEEP_20260115,19571,4948,57600,285.0,7810
TXSD_DELTAE_SWEEP_20260115,19581,4944,56000,276.9,7810
TXSD_DELTAE_SWEEP_20260115,19591,4948,57600,285.0,7810
TXSD_DELTAE_SWEEP_20260115,19601,4944,56000,276.9,7810
TXSD_DELTAE_SWEEP_20260115,19611,4948,57600,285.0,7810
TXSD_DELTAE_SWEEP_20260115,19621,4944,56000,276.9,7810
TXSD_DELTAE_SWEEP_20260115,19631,4944,57600,284.8,7810
TXSD_DELTAE_SWEEP_20260115,19641,4944,56000,276.9,7810
TXSD_DELTAE_SWEEP_20260115,19651,4944,57600,284.8,7810
TXSD_DELTAE_SWEEP_20260115,19661,4944,56600,279.8,7810
TXSD_DELTAE_SWEEP_20260115,19671,4944,56900,281.3,7810
TXSD_DELTAE_SWEEP_20260115,19681,4944,56600,279.8,7810
TXSD_DELTAE_SWEEP_20260115,19691,4948,57000,282.0,7810
TXSD_DELTAE_SWEEP_20260115,19701,4944,56700,280.3,7810
TXSD_DELTAE_SWEEP_20260115,19711,4944,55900,276.4,7810
TXSD_DELTAE_SWEEP_20260115,19721,4944,57600,284.8,7810
TXSD_DELTAE_SWEEP_20260115,19731,4944,56100,277.4,7810
TXSD_DELTAE_SWEEP_20260115,19741,4948,57500,284.5,7810
TXSD_DELTAE_SWEEP_20260115,19751,4944,56000,276.9,7810
TXSD_DELTAE_SWEEP_20260115,19761,4948,57600,285.0,7810
TXSD_DELTAE_SWEEP_20260115,19771,4944,56000,276.9,7810
TXSD_DELTAE_SWEEP_20260115,19781,4948,57600,285.0,7810
TXSD_DELTAE_SWEEP_20260115,19791,4944,56000,276.9,7810
TXSD_DELTAE_SWEEP_20260115,19801,4948,57600,285.0,7810
TXSD_DELTAE_SWEEP_20260115,19811,4944,56500,279.3,7810
TXSD_DELTAE_SWEEP_20260115,19821,4944,57300,283.3,7810
TXSD_DELTAE_SWEEP_20260115,19831,4944,56700,280.3,7810
TXSD_DELTAE_SWEEP_20260115,19841,4944,56900,281.3,7810
TXSD_DELTAE_SWEEP_20260115,19851,4944,56700,280.3,7810
TXSD_DELTAE_SWEEP_20260115,19861,4944,56900,281.3,7810
TXSD_DELTAE_SWEEP_20260115,19871,4948,56800,281.0,7810
TXSD_DELTAE_SWEEP_20260115,19881,4944,56000,276.9,7810
TXSD_DELTAE_SWEEP_20260115,19891,4948,57500,284.5,7810
TXSD_DELTAE_SWEEP_20260115,19901,4944,56000,276.9,7810
TXSD_DELTAE_SWEEP_20260115,19911,4944,57500,284.3,7810
TXSD_DELTAE_SWEEP_20260115,19921,4944,56000,276.9,7810
TXSD_DELTAE_SWEEP_20260115,19931,4944,57600,284.8,7810
TXSD_DELTAE_SWEEP_20260115,19941,4944,55900,276.4,7810
TXSD_DELTAE_SWEEP_20260115,19951,4948,57600,285.0,7810
TXSD_DELTAE_SWEEP_20260115,19961,4944,56100,277.4,7810
TXSD_DELTAE_SWEEP_20260115,19971,4944,57600,284.8,7810
TXSD_DELTAE_SWEEP_20260115,19981,4944,56700,280.3,7810
TXSD_DELTAE_SWEEP_20260115,19991,4948,57000,282.0,7810
TXSD_DELTAE_SWEEP_20260115,20001,4944,56700,280.3,7810
TXSD_DELTAE_SWEEP_20260115,20011,4944,57000,281.8,7810
TXSD_DELTAE_SWEEP_20260115,20021,4944,56600,279.8,7810
TXSD_DELTAE_SWEEP_20260115,20031,4944,56200,277.9,7810
TXSD_DELTAE_SWEEP_20260115,20041,4944,57600,284.8,7810
TXSD_DELTAE_SWEEP_20260115,20051,4944,56000,276.9,7810
TXSD_DELTAE_SWEEP_20260115,20061,4948,57600,285.0,7810
TXSD_DELTAE_SWEEP_20260115,20071,4944,56000,276.9,7810
TXSD_DELTAE_SWEEP_20260115,20081,4944,57600,284.8,7810
TXSD_DELTAE_SWEEP_20260115,20091,4944,56000,276.9,7810
TXSD_DELTAE_SWEEP_20260115,20101,4948,57600,285.0,7810
TXSD_DELTAE_SWEEP_20260115,20111,4944,56000,276.9,7810
TXSD_DELTAE_SWEEP_20260115,20121,4948,57600,285.0,7810
TXSD_DELTAE_SWEEP_20260115,20131,4944,56000,276.9,7810
TXSD_DELTAE_SWEEP_20260115,20141,4948,57600,285.0,7810
TXSD_DELTAE_SWEEP_20260115,20151,4944,56700,280.3,7810
TXSD_DELTAE_SWEEP_20260115,20161,4944,57000,281.8,7810
TXSD_DELTAE_SWEEP_20260115,20171,4944,56700,280.3,7810
TXSD_DELTAE_SWEEP_20260115,20181,4948,57000,282.0,7810
TXSD_DELTAE_SWEEP_20260115,20191,4944,56600,279.8,7810
TXSD_DELTAE_SWEEP_20260115,20201,4944,56000,276.9,7810
TXSD_DELTAE_SWEEP_20260115,20211,4944,57600,284.8,7810
TXSD_DELTAE_SWEEP_20260115,20221,4944,56000,276.9,7810
TXSD_DELTAE_SWEEP_20260115,20231,4944,57600,284.8,7810
TXSD_DELTAE_SWEEP_20260115,20241,4944,56000,276.9,7810
TXSD_DELTAE_SWEEP_20260115,20251,4948,57600,285.0,7810
TXSD_DELTAE_SWEEP_20260115,20261,4944,56000,276.9,7810
TXSD_DELTAE_SWEEP_20260115,20271,4944,57600,284.8,7810
TXSD_DELTAE_SWEEP_20260115,20281,4944,55900,276.4,7810
TXSD_DELTAE_SWEEP_20260115,20291,4944,57600,284.8,7810
TXSD_DELTAE_SWEEP_20260115,20301,4944,56700,280.3,7810
TXSD_DELTAE_SWEEP_20260115,20311,4948,56900,281.5,7810
TXSD_DELTAE_SWEEP_20260115,20321,4948,56600,280.1,7810
TXSD_DELTAE_SWEEP_20260115,20331,4948,56900,281.5,7810
TXSD_DELTAE_SWEEP_20260115,20341,4944,56600,279.8,7810
TXSD_DELTAE_SWEEP_20260115,20351,4948,56800,281.0,7810
TXSD_DELTAE_SWEEP_20260115,20361,4948,57500,284.5,7810
TXSD_DELTAE_SWEEP_20260115,20371,4948,56000,277.1,7810
TXSD_DELTAE_SWEEP_20260115,20381,4948,57600,285.0,7810
TXSD_DELTAE_SWEEP_20260115,20391,4944,56000,276.9,7810
TXSD_DELTAE_SWEEP_20260115,20401,4948,57500,284.5,7810
TXSD_DELTAE_SWEEP_20260115,20411,4944,56000,276.9,7810
TXSD_DELTAE_SWEEP_20260115,20421,4948,57600,285.0,7810
TXSD_DELTAE_SWEEP_20260115,20431,4944,56000,276.9,7810
TXSD_DELTAE_SWEEP_20260115,20441,4948,57600,285.0,7810
TXSD_DELTAE_SWEEP_20260115,20451,4948,56000,277.1,7810
TXSD_DELTAE_SWEEP_20260115,20461,4944,57600,284.8,7810
TXSD_DELTAE_SWEEP_20260115,20471,4948,56600,280.1,7810
TXSD_DELTAE_SWEEP_20260115,20481,4944,57000,281.8,7810
TXSD_DELTAE_SWEEP_20260115,20491,4944,56600,279.8,7810
TXSD_DELTAE_SWEEP_20260115,20501,4944,56900,281.3,7810
TXSD_DELTAE_SWEEP_20260115,20511,4948,56600,280.1,7810
TXSD_DELTAE_SWEEP_20260115,20521,4944,56000,276.9,7810
TXSD_DELTAE_SWEEP_20260115,20531,4948,57600,285.0,7810
TXSD_DELTAE_SWEEP_20260115,20541,4944,56000,276.9,7810
TXSD_DELTAE_SWEEP_20260115,20551,4944,57600,284.8,7810
TXSD_DELTAE_SWEEP_20260115,20561,4944,56000,276.9,7810
TXSD_DELTAE_SWEEP_20260115,20571,4948,57700,285.5,7810
TXSD_DELTAE_SWEEP_20260115,20581,4944,56000,276.9,7810
TXSD_DELTAE_SWEEP_20260115,20591,4944,57500,284.3,7810
TXSD_DELTAE_SWEEP_20260115,20601,4944,56100,277.4,7810
TXSD_DELTAE_SWEEP_20260115,20611,4948,57600,285.0,7810
TXSD_DELTAE_SWEEP_20260115,20621,4940,56600,279.6,7810
TXSD_DELTAE_SWEEP_20260115,20631,4948,57300,283.5,7810
TXSD_DELTAE_SWEEP_20260115,20641,4944,56700,280.3,7810
TXSD_DELTAE_SWEEP_20260115,20651,4944,57000,281.8,7810
TXSD_DELTAE_SWEEP_20260115,20661,4944,56600,279.8,7810
TXSD_DELTAE_SWEEP_20260115,20671,4948,56900,281.5,7810
TXSD_DELTAE_SWEEP_20260115,20681,4948,56800,281.0,7810
TXSD_DELTAE_SWEEP_20260115,20691,4944,56000,276.9,7810
TXSD_DELTAE_SWEEP_20260115,20701,4944,57600,284.8,7810
TXSD_DELTAE_SWEEP_20260115,20711,4944,56000,276.9,7810
TXSD_DELTAE_SWEEP_20260115,20721,4948,57600,285.0,7810
TXSD_DELTAE_SWEEP_20260115,20731,4944,56000,276.9,7810
TXSD_DELTAE_SWEEP_20260115,20741,4948,57600,285.0,7810
TXSD_DELTAE_SWEEP_20260115,20751,4944,56000,276.9,7810
TXSD_DELTAE_SWEEP_20260115,20761,4948,57600,285.0,7810
TXSD_DELTAE_SWEEP_20260115,20771,4944,56000,276.9,7810
TXSD_DELTAE_SWEEP_20260115,20781,4948,57700,285.5,7810
TXSD_DELTAE_SWEEP_20260115,20791,4944,56600,279.8,7810
TXSD_DELTAE_SWEEP_20260115,20801,4944,57100,282.3,7810
TXSD_DELTAE_SWEEP_20260115,20811,4944,56700,280.3,7810
TXSD_DELTAE_SWEEP_20260115,20821,4948,56900,281.5,7810
TXSD_DELTAE_SWEEP_20260115,20831,4944,56700,280.3,7810
TXSD_DELTAE_SWEEP_20260115,20841,4948,56200,278.1,7810
TXSD_DELTAE_SWEEP_20260115,20851,4948,57700,285.5,7810
TXSD_DELTAE_SWEEP_20260115,20861,4944,56000,276.9,7810
TXSD_DELTAE_SWEEP_20260115,20871,4948,57600,285.0,7810
TXSD_DELTAE_SWEEP_20260115,20881,4944,56000,276.9,7810
TXSD_DELTAE_SWEEP_20260115,20891,4948,57500,284.5,7810
TXSD_DELTAE_SWEEP_20260115,20901,4944,56000,276.9,7810
TXSD_DELTAE_SWEEP_20260115,20911,4948,57500,284.5,7810
TXSD_DELTAE_SWEEP_20260115,20921,4944,56000,276.9,7810
TXSD_DELTAE_SWEEP_20260115,20931,4948,57500,284.5,7810
TXSD_DELTAE_SWEEP_20260115,20941,4944,56000,276.9,7810
TXSD_DELTAE_SWEEP_20260115,20951,4944,57600,284.8,7810
TXSD_DELTAE_SWEEP_20260115,20961,4944,56600,279.8,7810
TXSD_DELTAE_SWEEP_20260115,20971,4944,57000,281.8,7810
TXSD_DELTAE_SWEEP_20260115,20981,4944,56700,280.3,7810
TXSD_DELTAE_SWEEP_20260115,20991,4944,56900,281.3,7810
TXSD_DELTAE_SWEEP_20260115,21001,4948,56700,280.6,7810
TXSD_DELTAE_SWEEP_20260115,21011,4944,56000,276.9,7810
TXSD_DELTAE_SWEEP_20260115,21021,4948,57500,284.5,7810
TXSD_DELTAE_SWEEP_20260115,21031,4944,56000,276.9,7810
TXSD_DELTAE_SWEEP_20260115,21041,4948,57600,285.0,7810
TXSD_DELTAE_SWEEP_20260115,21051,4944,56000,276.9,7810
TXSD_DELTAE_SWEEP_20260115,21061,4948,57600,285.0,7810
TXSD_DELTAE_SWEEP_20260115,21071,4944,56000,276.9,7810
TXSD_DELTAE_SWEEP_20260115,21081,4948,57600,285.0,7810
TXSD_DELTAE_SWEEP_20260115,21091,4944,56000,276.9,7810
TXSD_DELTAE_SWEEP_20260115,21101,4948,57600,285.0,7810
TXSD_DELTAE_SWEEP_20260115,21111,4944,56700,280.3,7810
TXSD_DELTAE_SWEEP_20260115,21121,4944,56900,281.3,7810
TXSD_DELTAE_SWEEP_20260115,21131,4948,56600,280.1,7810
TXSD_DELTAE_SWEEP_20260115,21141,4944,56900,281.3,7810
TXSD_DELTAE_SWEEP_20260115,21151,4944,56600,279.8,7810
TXSD_DELTAE_SWEEP_20260115,21161,4944,56800,280.8,7810
TXSD_DELTAE_SWEEP_20260115,21171,4948,57400,284.0,7810
TXSD_DELTAE_SWEEP_20260115,21181,4944,56000,276.9,7810
TXSD_DELTAE_SWEEP_20260115,21191,4948,57600,285.0,7810
TXSD_DELTAE_SWEEP_20260115,21201,4944,56000,276.9,7810
TXSD_DELTAE_SWEEP_20260115,21211,4948,57600,285.0,7810
TXSD_DELTAE_SWEEP_20260115,21221,4944,56000,276.9,7810
TXSD_DELTAE_SWEEP_20260115,21231,4948,57600,285.0,7810
TXSD_DELTAE_SWEEP_20260115,21241,4920,150300,739.5,7811
TXSD_DELTAE_SWEEP_20260115,21251,4948,57700,285.5,7811
TXSD_DELTAE_SWEEP_20260115,21261,4944,56000,276.9,7811
TXSD_DELTAE_SWEEP_20260115,21271,4944,57600,284.8,7811
TXSD_DELTAE_SWEEP_20260115,21281,4944,56700,280.3,7811
TXSD_DELTAE_SWEEP_20260115,21291,4944,57000,281.8,7811
TXSD_DELTAE_SWEEP_20260115,21301,4944,56700,280.3,7811
TXSD_DELTAE_SWEEP_20260115,21311,4948,57000,282.0,7811
TXSD_DELTAE_SWEEP_20260115,21321,4944,56700,280.3,7811
TXSD_DELTAE_SWEEP_20260115,21331,4944,56000,276.9,7811
TXSD_DELTAE_SWEEP_20260115,21341,4948,57600,285.0,7811
TXSD_DELTAE_SWEEP_20260115,21351,4944,56000,276.9,7811
TXSD_DELTAE_SWEEP_20260115,21361,4948,57700,285.5,7811
TXSD_DELTAE_SWEEP_20260115,21371,4944,56000,276.9,7811
TXSD_DELTAE_SWEEP_20260115,21381,4948,57600,285.0,7811
TXSD_DELTAE_SWEEP_20260115,21391,4944,56000,276.9,7811
TXSD_DELTAE_SWEEP_20260115,21401,4944,57600,284.8,7811
TXSD_DELTAE_SWEEP_20260115,21411,4944,56000,276.9,7811
TXSD_DELTAE_SWEEP_20260115,21421,4948,57600,285.0,7811
TXSD_DELTAE_SWEEP_20260115,21431,4944,56400,278.8,7811
TXSD_DELTAE_SWEEP_20260115,21441,4944,57400,283.8,7811
TXSD_DELTAE_SWEEP_20260115,21451,4944,56700,280.3,7811
TXSD_DELTAE_SWEEP_20260115,21461,4944,57000,281.8,7811
TXSD_DELTAE_SWEEP_20260115,21471,4948,56700,280.6,7811
TXSD_DELTAE_SWEEP_20260115,21481,4948,56900,281.5,7811
TXSD_DELTAE_SWEEP_20260115,21491,4944,56700,280.3,7811
TXSD_DELTAE_SWEEP_20260115,21501,4944,56000,276.9,7811
TXSD_DELTAE_SWEEP_20260115,21511,4944,57600,284.8,7811
TXSD_DELTAE_SWEEP_20260115,21521,4944,56000,276.9,7811
TXSD_DELTAE_SWEEP_20260115,21531,4948,57600,285.0,7811
TXSD_DELTAE_SWEEP_20260115,21541,4944,56000,276.9,7811
TXSD_DELTAE_SWEEP_20260115,21551,4944,57600,284.8,7811
TXSD_DELTAE_SWEEP_20260115,21561,4944,56000,276.9,7811
TXSD_DELTAE_SWEEP_20260115,21571,4948,57600,285.0,7811
TXSD_DELTAE_SWEEP_20260115,21581,4944,56000,276.9,7811
TXSD_DELTAE_SWEEP_20260115,21591,4944,57600,284.8,7811
TXSD_DELTAE_SWEEP_20260115,21601,4944,56600,279.8,7811
TXSD_DELTAE_SWEEP_20260115,21611,4944,57000,281.8,7811
TXSD_DELTAE_SWEEP_20260115,21621,4948,56700,280.6,7811
TXSD_DELTAE_SWEEP_20260115,21631,4944,57000,281.8,7811
TXSD_DELTAE_SWEEP_20260115,21641,4944,56700,280.3,7811
TXSD_DELTAE_SWEEP_20260115,21651,4944,56300,278.3,7811
TXSD_DELTAE_SWEEP_20260115,21661,4948,57600,285.0,7811
TXSD_DELTAE_SWEEP_20260115,21671,4948,56000,277.1,7811
TXSD_DELTAE_SWEEP_20260115,21681,4944,57600,284.8,7811
TXSD_DELTAE_SWEEP_20260115,21691,4944,55900,276.4,7811
TXSD_DELTAE_SWEEP_20260115,21701,4948,57600,285.0,7811
TXSD_DELTAE_SWEEP_20260115,21711,4944,56000,276.9,7811
TXSD_DELTAE_SWEEP_20260115,21721,4948,57600,285.0,7811
TXSD_DELTAE_SWEEP_20260115,21731,4944,56000,276.9,7811
TXSD_DELTAE_SWEEP_20260115,21741,4948,57600,285.0,7811
TXSD_DELTAE_SWEEP_20260115,21751,4944,56000,276.9,7811
TXSD_DELTAE_SWEEP_20260115,21761,4948,57600,285.0,7811
TXSD_DELTAE_SWEEP_20260115,21771,4944,56600,279.8,7811
TXSD_DELTAE_SWEEP_20260115,21781,4944,57000,281.8,7811
TXSD_DELTAE_SWEEP_20260115,21791,4948,56700,280.6,7811
TXSD_DELTAE_SWEEP_20260115,21801,4948,57000,282.0,7811
TXSD_DELTAE_SWEEP_20260115,21811,4944,56600,279.8,7811
TXSD_DELTAE_SWEEP_20260115,21821,4944,56000,276.9,7811
TXSD_DELTAE_SWEEP_20260115,21831,4948,57600,285.0,7811
TXSD_DELTAE_SWEEP_20260115,21841,4944,55900,276.4,7811
TXSD_DELTAE_SWEEP_20260115,21851,4948,57700,285.5,7811
TXSD_DELTAE_SWEEP_20260115,21861,4944,55900,276.4,7811
TXSD_DELTAE_SWEEP_20260115,21871,4944,57600,284.8,7811
TXSD_DELTAE_SWEEP_20260115,21881,4944,56000,276.9,7811
TXSD_DELTAE_SWEEP_20260115,21891,4948,57600,285.0,7811
TXSD_DELTAE_SWEEP_20260115,21901,4944,56000,276.9,7811
TXSD_DELTAE_SWEEP_20260115,21911,4944,57600,284.8,7811
TXSD_DELTAE_SWEEP_20260115,21921,4944,56700,280.3,7811
TXSD_DELTAE_SWEEP_20260115,21931,4948,56900,281.5,7811
TXSD_DELTAE_SWEEP_20260115,21941,4944,56600,279.8,7811
TXSD_DELTAE_SWEEP_20260115,21951,4944,57000,281.8,7811
TXSD_DELTAE_SWEEP_20260115,21961,4944,56700,280.3,7811
TXSD_DELTAE_SWEEP_20260115,21971,4948,56900,281.5,7811
TXSD_DELTAE_SWEEP_20260115,21981,4944,57400,283.8,7811
TXSD_DELTAE_SWEEP_20260115,21991,4944,56000,276.9,7811
TXSD_DELTAE_SWEEP_20260115,22001,4944,57600,284.8,7811
TXSD_DELTAE_SWEEP_20260115,22011,4944,56000,276.9,7811
TXSD_DELTAE_SWEEP_20260115,22021,4948,57600,285.0,7811
TXSD_DELTAE_SWEEP_20260115,22031,4944,56000,276.9,7811
TXSD_DELTAE_SWEEP_20260115,22041,4948,57600,285.0,7811
TXSD_DELTAE_SWEEP_20260115,22051,4944,56000,276.9,7811
TXSD_DELTAE_SWEEP_20260115,22061,4948,57600,285.0,7811
TXSD_DELTAE_SWEEP_20260115,22071,4944,56000,276.9,7811
TXSD_DELTAE_SWEEP_20260115,22081,4944,57600,284.8,7811
TXSD_DELTAE_SWEEP_20260115,22091,4948,56700,280.6,7811
TXSD_DELTAE_SWEEP_20260115,22101,4944,57000,281.8,7811
TXSD_DELTAE_SWEEP_20260115,22111,4944,56700,280.3,7811
TXSD_DELTAE_SWEEP_20260115,22121,4948,56900,281.5,7811
TXSD_DELTAE_SWEEP_20260115,22131,4944,56700,280.3,7811
TXSD_DELTAE_SWEEP_20260115,22141,4944,55900,276.4,7811
TXSD_DELTAE_SWEEP_20260115,22151,4944,57600,284.8,7811
TXSD_DELTAE_SWEEP_20260115,22161,4944,56000,276.9,7811
TXSD_DELTAE_SWEEP_20260115,22171,4944,57600,284.8,7811
TXSD_DELTAE_SWEEP_20260115,22181,4944,56000,276.9,7811
TXSD_DELTAE_SWEEP_20260115,22191,4944,57600,284.8,7811
TXSD_DELTAE_SWEEP_20260115,22201,4944,56000,276.9,7811
TXSD_DELTAE_SWEEP_20260115,22211,4948,57600,285.0,7811
TXSD_DELTAE_SWEEP_20260115,22221,4944,56000,276.9,7811
TXSD_DELTAE_SWEEP_20260115,22231,4944,57600,284.8,7811
TXSD_DELTAE_SWEEP_20260115,22241,4944,56400,278.8,7811
TXSD_DELTAE_SWEEP_20260115,22251,4948,57500,284.5,7811
TXSD_DELTAE_SWEEP_20260115,22261,4944,56600,279.8,7811
TXSD_DELTAE_SWEEP_20260115,22271,4944,56900,281.3,7811
TXSD_DELTAE_SWEEP_20260115,22281,4948,56700,280.6,7811
TXSD_DELTAE_SWEEP_20260115,22291,4944,57000,281.8,7811
TXSD_DELTAE_SWEEP_20260115,22301,4948,56700,280.6,7811
TXSD_DELTAE_SWEEP_20260115,22311,4944,56000,276.9,7811
TXSD_DELTAE_SWEEP_20260115,22321,4944,57600,284.8,7811
TXSD_DELTAE_SWEEP_20260115,22331,4944,56000,276.9,7811
TXSD_DELTAE_SWEEP_20260115,22341,4948,57500,284.5,7811
TXSD_DELTAE_SWEEP_20260115,22351,4944,56000,276.9,7811
TXSD_DELTAE_SWEEP_20260115,22361,4948,57600,285.0,7811
TXSD_DELTAE_SWEEP_20260115,22371,4944,56000,276.9,7811
TXSD_DELTAE_SWEEP_20260115,22381,4944,57600,284.8,7811
TXSD_DELTAE_SWEEP_20260115,22391,4944,56000,276.9,7811
TXSD_DELTAE_SWEEP_20260115,22401,4944,57600,284.8,7811
TXSD_DELTAE_SWEEP_20260115,22411,4944,56600,279.8,7811
TXSD_DELTAE_SWEEP_20260115,22421,4944,57000,281.8,7811
TXSD_DELTAE_SWEEP_20260115,22431,4948,56700,280.6,7811
TXSD_DELTAE_SWEEP_20260115,22441,4944,56900,281.3,7811
TXSD_DELTAE_SWEEP_20260115,22451,4944,56700,280.3,7811
TXSD_DELTAE_SWEEP_20260115,22461,4944,56300,278.3,7811
TXSD_DELTAE_SWEEP_20260115,22471,4948,57700,285.5,7811
TXSD_DELTAE_SWEEP_20260115,22481,4948,56000,277.1,7811
TXSD_DELTAE_SWEEP_20260115,22491,4948,57600,285.0,7811
TXSD_DELTAE_SWEEP_20260115,22501,4944,56000,276.9,7811
TXSD_DELTAE_SWEEP_20260115,22511,4948,57500,284.5,7811
TXSD_DELTAE_SWEEP_20260115,22521,4944,56000,276.9,7811
TXSD_DELTAE_SWEEP_20260115,22531,4944,57600,284.8,7811
TXSD_DELTAE_SWEEP_20260115,22541,4944,56000,276.9,7811
TXSD_DELTAE_SWEEP_20260115,22551,4944,57700,285.3,7811
TXSD_DELTAE_SWEEP_20260115,22561,4944,56100,277.4,7811
TXSD_DELTAE_SWEEP_20260115,22571,4948,57600,285.0,7811
TXSD_DELTAE_SWEEP_20260115,22581,4944,56700,280.3,7811
TXSD_DELTAE_SWEEP_20260115,22591,4944,56900,281.3,7811
TXSD_DELTAE_SWEEP_20260115,22601,4944,56700,280.3,7811
TXSD_DELTAE_SWEEP_20260115,22611,4944,57000,281.8,7811
TXSD_DELTAE_SWEEP_20260115,22621,4948,56700,280.6,7811
TXSD_DELTAE_SWEEP_20260115,22631,4944,56100,277.4,7811
TXSD_DELTAE_SWEEP_20260115,22641,4948,57600,285.0,7811
TXSD_DELTAE_SWEEP_20260115,22651,4948,56000,277.1,7811
TXSD_DELTAE_SWEEP_20260115,22661,4944,57600,284.8,7811
TXSD_DELTAE_SWEEP_20260115,22671,4944,55900,276.4,7811
TXSD_DELTAE_SWEEP_20260115,22681,4944,57600,284.8,7811
TXSD_DELTAE_SWEEP_20260115,22691,4944,56000,276.9,7811
TXSD_DELTAE_SWEEP_20260115,22701,4944,57700,285.3,7811
TXSD_DELTAE_SWEEP_20260115,22711,4944,56000,276.9,7811
TXSD_DELTAE_SWEEP_20260115,22721,4948,57600,285.0,7811
TXSD_DELTAE_SWEEP_20260115,22731,4944,56700,280.3,7811
TXSD_DELTAE_SWEEP_20260115,22741,4948,56900,281.5,7811
TXSD_DELTAE_SWEEP_20260115,22751,4944,56700,280.3,7811
TXSD_DELTAE_SWEEP_20260115,22761,4944,56900,281.3,7811
TXSD_DELTAE_SWEEP_20260115,22771,4944,56700,280.3,7811
TXSD_DELTAE_SWEEP_20260115,22781,4948,56900,281.5,7811
TXSD_DELTAE_SWEEP_20260115,22791,4948,57200,283.0,7811
TXSD_DELTAE_SWEEP_20260115,22801,4944,56000,276.9,7811
TXSD_DELTAE_SWEEP_20260115,22811,4944,57600,284.8,7811
TXSD_DELTAE_SWEEP_20260115,22821,4944,56000,276.9,7811
TXSD_DELTAE_SWEEP_20260115,22831,4948,57600,285.0,7811
TXSD_DELTAE_SWEEP_20260115,22841,4944,56000,276.9,7811
TXSD_DELTAE_SWEEP_20260115,22851,4944,57600,284.8,7811
TXSD_DELTAE_SWEEP_20260115,22861,4944,56000,276.9,7811
TXSD_DELTAE_SWEEP_20260115,22871,4944,57600,284.8,7811
TXSD_DELTAE_SWEEP_20260115,22881,4944,56000,276.9,7811
TXSD_DELTAE_SWEEP_20260115,22891,4948,57500,284.5,7811
TXSD_DELTAE_SWEEP_20260115,22901,4944,56700,280.3,7811
TXSD_DELTAE_SWEEP_20260115,22911,4944,56900,281.3,7811
TXSD_DELTAE_SWEEP_20260115,22921,4944,56700,280.3,7811
TXSD_DELTAE_SWEEP_20260115,22931,4944,57000,281.8,7811
TXSD_DELTAE_SWEEP_20260115,22941,4944,56600,279.8,7811
TXSD_DELTAE_SWEEP_20260115,22951,4944,56000,276.9,7811
TXSD_DELTAE_SWEEP_20260115,22961,4948,57500,284.5,7811
TXSD_DELTAE_SWEEP_20260115,22971,4944,56000,276.9,7811
TXSD_DELTAE_SWEEP_20260115,22981,4948,57600,285.0,7811
TXSD_DELTAE_SWEEP_20260115,22991,4944,56000,276.9,7811
TXSD_DELTAE_SWEEP_20260115,23001,4948,57700,285.5,7811
TXSD_DELTAE_SWEEP_20260115,23011,4944,55900,276.4,7811
TXSD_DELTAE_SWEEP_20260115,23021,4948,57600,285.0,7811
TXSD_DELTAE_SWEEP_20260115,23031,4944,56100,277.4,7811
TXSD_DELTAE_SWEEP_20260115,23041,4948,57600,285.0,7811
TXSD_DELTAE_SWEEP_20260115,23051,4944,56400,278.8,7811
TXSD_DELTAE_SWEEP_20260115,23061,4944,57400,283.8,7811
TXSD_DELTAE_SWEEP_20260115,23071,4948,56600,280.1,7811
TXSD_DELTAE_SWEEP_20260115,23081,4944,57000,281.8,7811
TXSD_DELTAE_SWEEP_20260115,23091,4944,56700,280.3,7811
TXSD_DELTAE_SWEEP_20260115,23101,4948,57000,282.0,7811
TXSD_DELTAE_SWEEP_20260115,23111,4948,56600,280.1,7811
TXSD_DELTAE_SWEEP_20260115,23121,4944,56000,276.9,7811
TXSD_DELTAE_SWEEP_20260115,23131,4944,57600,284.8,7811
TXSD_DELTAE_SWEEP_20260115,23141,4944,56000,276.9,7811
TXSD_DELTAE_SWEEP_20260115,23151,4948,57600,285.0,7811
TXSD_DELTAE_SWEEP_20260115,23161,4944,56000,276.9,7811
TXSD_DELTAE_SWEEP_20260115,23171,4948,57600,285.0,7811
TXSD_DELTAE_SWEEP_20260115,23181,4944,56000,276.9,7811
TXSD_DELTAE_SWEEP_20260115,23191,4948,57600,285.0,7811
TXSD_DELTAE_SWEEP_20260115,23201,4944,56100,277.4,7811
TXSD_DELTAE_SWEEP_20260115,23211,4944,57600,284.8,7811
TXSD_DELTAE_SWEEP_20260115,23221,4944,56600,279.8,7811
TXSD_DELTAE_SWEEP_20260115,23231,4948,57000,282.0,7811
TXSD_DELTAE_SWEEP_20260115,23241,4880,123800,604.1,7812
TXSD_DELTAE_SWEEP_20260115,23251,4948,57000,282.0,7812
TXSD_DELTAE_SWEEP_20260115,23261,4948,56700,280.6,7812
TXSD_DELTAE_SWEEP_20260115,23271,4944,56400,278.8,7812
TXSD_DELTAE_SWEEP_20260115,23281,4948,57700,285.5,7812
TXSD_DELTAE_SWEEP_20260115,23291,4944,56000,276.9,7812
TXSD_DELTAE_SWEEP_20260115,23301,4944,57700,285.3,7812
TXSD_DELTAE_SWEEP_20260115,23311,4944,56000,276.9,7812
TXSD_DELTAE_SWEEP_20260115,23321,4948,57600,285.0,7812
TXSD_DELTAE_SWEEP_20260115,23331,4944,56000,276.9,7812
TXSD_DELTAE_SWEEP_20260115,23341,4948,57600,285.0,7812
TXSD_DELTAE_SWEEP_20260115,23351,4944,56000,276.9,7812
TXSD_DELTAE_SWEEP_20260115,23361,4948,57600,285.0,7812
TXSD_DELTAE_SWEEP_20260115,23371,4944,56000,276.9,7812
TXSD_DELTAE_SWEEP_20260115,23381,4948,57600,285.0,7812
TXSD_DELTAE_SWEEP_20260115,23391,4944,56600,279.8,7812
TXSD_DELTAE_SWEEP_20260115,23401,4944,56900,281.3,7812
TXSD_DELTAE_SWEEP_20260115,23411,4944,56700,280.3,7812
TXSD_DELTAE_SWEEP_20260115,23421,4944,57000,281.8,7812
TXSD_DELTAE_SWEEP_20260115,23431,4948,56600,280.1,7812
TXSD_DELTAE_SWEEP_20260115,23441,4944,56000,276.9,7812
TXSD_DELTAE_SWEEP_20260115,23451,4948,57600,285.0,7812
TXSD_DELTAE_SWEEP_20260115,23461,4944,56000,276.9,7812
TXSD_DELTAE_SWEEP_20260115,23471,4944,57600,284.8,7812
TXSD_DELTAE_SWEEP_20260115,23481,4944,56100,277.4,7812
TXSD_DELTAE_SWEEP_20260115,23491,4948,57600,285.0,7812
TXSD_DELTAE_SWEEP_20260115,23501,4948,56000,277.1,7812
TXSD_DELTAE_SWEEP_20260115,23511,4948,57500,284.5,7812
TXSD_DELTAE_SWEEP_20260115,23521,4944,56000,276.9,7812
TXSD_DELTAE_SWEEP_20260115,23531,4948,57600,285.0,7812
TXSD_DELTAE_SWEEP_20260115,23541,4944,56700,280.3,7812
TXSD_DELTAE_SWEEP_20260115,23551,4948,56900,281.5,7812
TXSD_DELTAE_SWEEP_20260115,23561,4948,56700,280.6,7812
TXSD_DELTAE_SWEEP_20260115,23571,4944,57000,281.8,7812
TXSD_DELTAE_SWEEP_20260115,23581,4944,56600,279.8,7812
TXSD_DELTAE_SWEEP_20260115,23591,4944,57000,281.8,7812
TXSD_DELTAE_SWEEP_20260115,23601,4944,57200,282.8,7812
TXSD_DELTAE_SWEEP_20260115,23611,4944,56000,276.9,7812
TXSD_DELTAE_SWEEP_20260115,23621,4948,57600,285.0,7812
TXSD_DELTAE_SWEEP_20260115,23631,4944,56000,276.9,7812
TXSD_DELTAE_SWEEP_20260115,23641,4948,57600,285.0,7812
TXSD_DELTAE_SWEEP_20260115,23651,4944,56000,276.9,7812
TXSD_DELTAE_SWEEP_20260115,23661,4948,57600,285.0,7812
TXSD_DELTAE_SWEEP_20260115,23671,4944,56000,276.9,7812
TXSD_DELTAE_SWEEP_20260115,23681,4944,57600,284.8,7812
TXSD_DELTAE_SWEEP_20260115,23691,4944,56000,276.9,7812
TXSD_DELTAE_SWEEP_20260115,23701,4948,57700,285.5,7812
TXSD_DELTAE_SWEEP_20260115,23711,4944,56700,280.3,7812
TXSD_DELTAE_SWEEP_20260115,23721,4944,57000,281.8,7812
TXSD_DELTAE_SWEEP_20260115,23731,4948,56700,280.6,7812
TXSD_DELTAE_SWEEP_20260115,23741,4944,57000,281.8,7812
TXSD_DELTAE_SWEEP_20260115,23751,4944,56700,280.3,7812
TXSD_DELTAE_SWEEP_20260115,23761,4944,55900,276.4,7812
TXSD_DELTAE_SWEEP_20260115,23771,4944,57600,284.8,7812
TXSD_DELTAE_SWEEP_20260115,23781,4944,56000,276.9,7812
TXSD_DELTAE_SWEEP_20260115,23791,4948,57600,285.0,7812
TXSD_DELTAE_SWEEP_20260115,23801,4944,56000,276.9,7812
TXSD_DELTAE_SWEEP_20260115,23811,4944,57600,284.8,7812
TXSD_DELTAE_SWEEP_20260115,23821,4944,56000,276.9,7812
TXSD_DELTAE_SWEEP_20260115,23831,4948,57600,285.0,7812
TXSD_DELTAE_SWEEP_20260115,23841,4944,56000,276.9,7812
TXSD_DELTAE_SWEEP_20260115,23851,4944,57600,284.8,7812
TXSD_DELTAE_SWEEP_20260115,23861,4944,56200,277.9,7812
TXSD_DELTAE_SWEEP_20260115,23871,4948,57500,284.5,7812
TXSD_DELTAE_SWEEP_20260115,23881,4948,56700,280.6,7812
TXSD_DELTAE_SWEEP_20260115,23891,4944,57000,281.8,7812
TXSD_DELTAE_SWEEP_20260115,23901,4944,56700,280.3,7812
TXSD_DELTAE_SWEEP_20260115,23911,4944,56900,281.3,7812
TXSD_DELTAE_SWEEP_20260115,23921,4948,56700,280.6,7812
TXSD_DELTAE_SWEEP_20260115,23931,4944,56000,276.9,7812
TXSD_DELTAE_SWEEP_20260115,23941,4948,57600,285.0,7812
TXSD_DELTAE_SWEEP_20260115,23951,4944,56000,276.9,7812
TXSD_DELTAE_SWEEP_20260115,23961,4948,57500,284.5,7812
TXSD_DELTAE_SWEEP_20260115,23971,4944,56100,277.4,7812
TXSD_DELTAE_SWEEP_20260115,23981,4948,57700,285.5,7812
TXSD_DELTAE_SWEEP_20260115,23991,4944,56000,276.9,7812
TXSD_DELTAE_SWEEP_20260115,24001,4944,57600,284.8,7812
TXSD_DELTAE_SWEEP_20260115,24011,4944,56000,276.9,7812
TXSD_DELTAE_SWEEP_20260115,24021,4944,57600,284.8,7812
TXSD_DELTAE_SWEEP_20260115,24031,4944,56600,279.8,7812
TXSD_DELTAE_SWEEP_20260115,24041,4948,56900,281.5,7812
TXSD_DELTAE_SWEEP_20260115,24051,4944,56700,280.3,7812
TXSD_DELTAE_SWEEP_20260115,24061,4948,57000,282.0,7812
TXSD_DELTAE_SWEEP_20260115,24071,4944,56700,280.3,7812
TXSD_DELTAE_SWEEP_20260115,24081,4944,56400,278.8,7812
TXSD_DELTAE_SWEEP_20260115,24091,4944,57600,284.8,7812
TXSD_DELTAE_SWEEP_20260115,24101,4944,56000,276.9,7812
TXSD_DELTAE_SWEEP_20260115,24111,4948,57600,285.0,7812
TXSD_DELTAE_SWEEP_20260115,24121,4944,56000,276.9,7812
TXSD_DELTAE_SWEEP_20260115,24131,4948,57600,285.0,7812
TXSD_DELTAE_SWEEP_20260115,24141,4944,56000,276.9,7812
TXSD_DELTAE_SWEEP_20260115,24151,4948,57600,285.0,7812
TXSD_DELTAE_SWEEP_20260115,24161,4944,56000,276.9,7812
TXSD_DELTAE_SWEEP_20260115,24171,4944,57600,284.8,7812
TXSD_DELTAE_SWEEP_20260115,24181,4944,56100,277.4,7812
TXSD_DELTAE_SWEEP_20260115,24191,4948,57600,285.0,7812
TXSD_DELTAE_SWEEP_20260115,24201,4944,56600,279.8,7812
TXSD_DELTAE_SWEEP_20260115,24211,4948,56900,281.5,7812
TXSD_DELTAE_SWEEP_20260115,24221,4944,56700,280.3,7812
TXSD_DELTAE_SWEEP_20260115,24231,4948,57000,282.0,7812
TXSD_DELTAE_SWEEP_20260115,24241,4948,56700,280.6,7812
TXSD_DELTAE_SWEEP_20260115,24251,4944,56000,276.9,7812
TXSD_DELTAE_SWEEP_20260115,24261,4948,57500,284.5,7812
TXSD_DELTAE_SWEEP_20260115,24271,4944,56000,276.9,7812
TXSD_DELTAE_SWEEP_20260115,24281,4948,57600,285.0,7812
TXSD_DELTAE_SWEEP_20260115,24291,4944,56000,276.9,7812
TXSD_DELTAE_SWEEP_20260115,24301,4948,57500,284.5,7812
TXSD_DELTAE_SWEEP_20260115,24311,4944,55900,276.4,7812
TXSD_DELTAE_SWEEP_20260115,24321,4948,57700,285.5,7812
TXSD_DELTAE_SWEEP_20260115,24331,4944,56000,276.9,7812
TXSD_DELTAE_SWEEP_20260115,24341,4944,57600,284.8,7812
TXSD_DELTAE_SWEEP_20260115,24351,4944,56700,280.3,7812
TXSD_DELTAE_SWEEP_20260115,24361,4948,56900,281.5,7812
TXSD_DELTAE_SWEEP_20260115,24371,4948,56700,280.6,7812
TXSD_DELTAE_SWEEP_20260115,24381,4948,56900,281.5,7812
TXSD_DELTAE_SWEEP_20260115,24391,4944,56600,279.8,7812
TXSD_DELTAE_SWEEP_20260115,24401,4944,56900,281.3,7812
TXSD_DELTAE_SWEEP_20260115,24411,4948,57200,283.0,7812
TXSD_DELTAE_SWEEP_20260115,24421,4944,56000,276.9,7812
TXSD_DELTAE_SWEEP_20260115,24431,4944,57600,284.8,7812
TXSD_DELTAE_SWEEP_20260115,24441,4944,56000,276.9,7812
TXSD_DELTAE_SWEEP_20260115,24451,4948,57600,285.0,7812
TXSD_DELTAE_SWEEP_20260115,24461,4944,56000,276.9,7812
TXSD_DELTAE_SWEEP_20260115,24471,4948,57700,285.5,7812
TXSD_DELTAE_SWEEP_20260115,24481,4944,56000,276.9,7812
TXSD_DELTAE_SWEEP_20260115,24491,4948,57600,285.0,7812
TXSD_DELTAE_SWEEP_20260115,24501,4944,56000,276.9,7812
TXSD_DELTAE_SWEEP_20260115,24511,4948,57600,285.0,7812
TXSD_DELTAE_SWEEP_20260115,24521,4944,56600,279.8,7812
TXSD_DELTAE_SWEEP_20260115,24531,4944,56900,281.3,7812
TXSD_DELTAE_SWEEP_20260115,24541,4948,56600,280.1,7812
TXSD_DELTAE_SWEEP_20260115,24551,4944,57100,282.3,7812
TXSD_DELTAE_SWEEP_20260115,24561,4944,56600,279.8,7812
TXSD_DELTAE_SWEEP_20260115,24571,4944,55900,276.4,7812
TXSD_DELTAE_SWEEP_20260115,24581,4944,57500,284.3,7812
TXSD_DELTAE_SWEEP_20260115,24591,4944,56000,276.9,7812
TXSD_DELTAE_SWEEP_20260115,24601,4948,57600,285.0,7812
TXSD_DELTAE_SWEEP_20260115,24611,4944,56000,276.9,7812
TXSD_DELTAE_SWEEP_20260115,24621,4948,57600,285.0,7812
TXSD_DELTAE_SWEEP_20260115,24631,4944,56000,276.9,7812
TXSD_DELTAE_SWEEP_20260115,24641,4948,57600,285.0,7812
TXSD_DELTAE_SWEEP_20260115,24651,4944,56000,276.9,7812
TXSD_DELTAE_SWEEP_20260115,24661,4948,57500,284.5,7812
TXSD_DELTAE_SWEEP_20260115,24671,4944,56200,277.9,7812
TXSD_DELTAE_SWEEP_20260115,24681,4948,57500,284.5,7812
TXSD_DELTAE_SWEEP_20260115,24691,4944,56600,279.8,7812
TXSD_DELTAE_SWEEP_20260115,24701,4944,56900,281.3,7812
TXSD_DELTAE_SWEEP_20260115,24711,4944,56700,280.3,7812
TXSD_DELTAE_SWEEP_20260115,24721,4944,57000,281.8,7812
TXSD_DELTAE_SWEEP_20260115,24731,4944,56700,280.3,7812
TXSD_DELTAE_SWEEP_20260115,24741,4944,56000,276.9,7812
TXSD_DELTAE_SWEEP_20260115,24751,4948,57600,285.0,7812
TXSD_DELTAE_SWEEP_20260115,24761,4944,56000,276.9,7812
TXSD_DELTAE_SWEEP_20260115,24771,4948,57600,285.0,7812
TXSD_DELTAE_SWEEP_20260115,24781,4944,56100,277.4,7812
TXSD_DELTAE_SWEEP_20260115,24791,4948,57600,285.0,7812
TXSD_DELTAE_SWEEP_20260115,24801,4944,56000,276.9,7812
TXSD_DELTAE_SWEEP_20260115,24811,4948,57600,285.0,7812
TXSD_DELTAE_SWEEP_20260115,24821,4944,56000,276.9,7812
TXSD_DELTAE_SWEEP_20260115,24831,4944,57600,284.8,7812
TXSD_DELTAE_SWEEP_20260115,24841,4944,56600,279.8,7812
TXSD_DELTAE_SWEEP_20260115,24851,4948,57000,282.0,7812
TXSD_DELTAE_SWEEP_20260115,24861,4944,56600,279.8,7812
TXSD_DELTAE_SWEEP_20260115,24871,4948,57000,282.0,7812
TXSD_DELTAE_SWEEP_20260115,24881,4944,56600,279.8,7812
TXSD_DELTAE_SWEEP_20260115,24891,4944,56400,278.8,7812
TXSD_DELTAE_SWEEP_20260115,24901,4948,57600,285.0,7812
TXSD_DELTAE_SWEEP_20260115,24911,4944,56000,276.9,7812
TXSD_DELTAE_SWEEP_20260115,24921,4948,57700,285.5,7812
TXSD_DELTAE_SWEEP_20260115,24931,4948,56000,277.1,7812
TXSD_DELTAE_SWEEP_20260115,24941,4948,57600,285.0,7812
TXSD_DELTAE_SWEEP_20260115,24951,4944,56000,276.9,7812
TXSD_DELTAE_SWEEP_20260115,24961,4948,57500,284.5,7812
TXSD_DELTAE_SWEEP_20260115,24971,4944,56000,276.9,7812
TXSD_DELTAE_SWEEP_20260115,24981,4948,57600,285.0,7812
TXSD_DELTAE_SWEEP_20260115,24991,4944,56000,276.9,7812
TXSD_DELTAE_SWEEP_20260115,25001,4948,57600,285.0,7812
TXSD_DELTAE_SWEEP_20260115,25011,4944,56700,280.3,7812
TXSD_DELTAE_SWEEP_20260115,25021,4948,57000,282.0,7812
TXSD_DELTAE_SWEEP_20260115,25031,4944,56700,280.3,7812
TXSD_DELTAE_SWEEP_20260115,25041,4948,56900,281.5,7812
TXSD_DELTAE_SWEEP_20260115,25051,4948,56700,280.6,7812
TXSD_DELTAE_SWEEP_20260115,25061,4944,56000,276.9,7812
TXSD_DELTAE_SWEEP_20260115,25071,4948,57700,285.5,7812
TXSD_DELTAE_SWEEP_20260115,25081,4944,56000,276.9,7812
TXSD_DELTAE_SWEEP_20260115,25091,4948,57600,285.0,7812
TXSD_DELTAE_SWEEP_20260115,25101,4944,56000,276.9,7812
TXSD_DELTAE_SWEEP_20260115,25111,4948,57600,285.0,7812
TXSD_DELTAE_SWEEP_20260115,25121,4944,56100,277.4,7812
TXSD_DELTAE_SWEEP_20260115,25131,4948,57600,285.0,7812
TXSD_DELTAE_SWEEP_20260115,25141,4944,56000,276.9,7812
TXSD_DELTAE_SWEEP_20260115,25151,4948,57600,285.0,7812
TXSD_DELTAE_SWEEP_20260115,25161,4944,56700,280.3,7812
TXSD_DELTAE_SWEEP_20260115,25171,4948,57000,282.0,7812
TXSD_DELTAE_SWEEP_20260115,25181,4948,56600,280.1,7812
TXSD_DELTAE_SWEEP_20260115,25191,4944,57000,281.8,7812
TXSD_DELTAE_SWEEP_20260115,25201,4944,56700,280.3,7812
TXSD_DELTAE_SWEEP_20260115,25211,4944,56900,281.3,7812
TXSD_DELTAE_SWEEP_20260115,25221,4948,57200,283.0,7812
TXSD_DELTAE_SWEEP_20260115,25231,4944,56000,276.9,7812
TXSD_DELTAE_SWEEP_20260115,25241,4928,59700,294.2,7813
TXSD_DELTAE_SWEEP_20260115,25251,4944,56100,277.4,7813
TXSD_DELTAE_SWEEP_20260115,25261,4944,57600,284.8,7813
TXSD_DELTAE_SWEEP_20260115,25271,4944,56000,276.9,7813
TXSD_DELTAE_SWEEP_20260115,25281,4948,57600,285.0,7813
TXSD_DELTAE_SWEEP_20260115,25291,4944,56000,276.9,7813
TXSD_DELTAE_SWEEP_20260115,25301,4948,57600,285.0,7813
TXSD_DELTAE_SWEEP_20260115,25311,4944,56000,276.9,7813
TXSD_DELTAE_SWEEP_20260115,25321,4948,57600,285.0,7813
TXSD_DELTAE_SWEEP_20260115,25331,4944,56700,280.3,7813
TXSD_DELTAE_SWEEP_20260115,25341,4944,57000,281.8,7813
TXSD_DELTAE_SWEEP_20260115,25351,4948,56700,280.6,7813
TXSD_DELTAE_SWEEP_20260115,25361,4944,56900,281.3,7813
TXSD_DELTAE_SWEEP_20260115,25371,4944,56600,279.8,7813
TXSD_DELTAE_SWEEP_20260115,25381,4944,55900,276.4,7813
TXSD_DELTAE_SWEEP_20260115,25391,4948,57600,285.0,7813
TXSD_DELTAE_SWEEP_20260115,25401,4944,56000,276.9,7813
TXSD_DELTAE_SWEEP_20260115,25411,4948,57600,285.0,7813
TXSD_DELTAE_SWEEP_20260115,25421,4944,56000,276.9,7813
TXSD_DELTAE_SWEEP_20260115,25431,4948,57600,285.0,7813
TXSD_DELTAE_SWEEP_20260115,25441,4944,56000,276.9,7813
TXSD_DELTAE_SWEEP_20260115,25451,4948,57600,285.0,7813
TXSD_DELTAE_SWEEP_20260115,25461,4944,56000,276.9,7813
TXSD_DELTAE_SWEEP_20260115,25471,4944,57700,285.3,7813
TXSD_DELTAE_SWEEP_20260115,25481,4944,56200,277.9,7813
TXSD_DELTAE_SWEEP_20260115,25491,4944,57500,284.3,7813
TXSD_DELTAE_SWEEP_20260115,25501,4948,56600,280.1,7813
TXSD_DELTAE_SWEEP_20260115,25511,4948,56900,281.5,7813
TXSD_DELTAE_SWEEP_20260115,25521,4944,56700,280.3,7813
TXSD_DELTAE_SWEEP_20260115,25531,4948,57000,282.0,7813
TXSD_DELTAE_SWEEP_20260115,25541,4944,56700,280.3,7813
TXSD_DELTAE_SWEEP_20260115,25551,4944,56100,277.4,7813
TXSD_DELTAE_SWEEP_20260115,25561,4948,57500,284.5,7813
TXSD_DELTAE_SWEEP_20260115,25571,4944,56000,276.9,7813
TXSD_DELTAE_SWEEP_20260115,25581,4948,57600,285.0,7813
TXSD_DELTAE_SWEEP_20260115,25591,4944,56000,276.9,7813
TXSD_DELTAE_SWEEP_20260115,25601,4948,57600,285.0,7813
TXSD_DELTAE_SWEEP_20260115,25611,4944,56000,276.9,7813
TXSD_DELTAE_SWEEP_20260115,25621,4948,57600,285.0,7813
TXSD_DELTAE_SWEEP_20260115,25631,4944,56000,276.9,7813
TXSD_DELTAE_SWEEP_20260115,25641,4948,57600,285.0,7813
TXSD_DELTAE_SWEEP_20260115,25651,4944,56700,280.3,7813
TXSD_DELTAE_SWEEP_20260115,25661,4948,56900,281.5,7813
TXSD_DELTAE_SWEEP_20260115,25671,4944,56700,280.3,7813
TXSD_DELTAE_SWEEP_20260115,25681,4948,57000,282.0,7813
TXSD_DELTAE_SWEEP_20260115,25691,4948,56700,280.6,7813
TXSD_DELTAE_SWEEP_20260115,25701,4948,56500,279.6,7813
TXSD_DELTAE_SWEEP_20260115,25711,4948,57700,285.5,7813
TXSD_DELTAE_SWEEP_20260115,25721,4944,56100,277.4,7813
TXSD_DELTAE_SWEEP_20260115,25731,4948,57600,285.0,7813
TXSD_DELTAE_SWEEP_20260115,25741,4944,56000,276.9,7813
TXSD_DELTAE_SWEEP_20260115,25751,4948,57500,284.5,7813
TXSD_DELTAE_SWEEP_20260115,25761,4944,56000,276.9,7813
TXSD_DELTAE_SWEEP_20260115,25771,4944,57700,285.3,7813
TXSD_DELTAE_SWEEP_20260115,25781,4944,56000,276.9,7813
TXSD_DELTAE_SWEEP_20260115,25791,4948,57600,285.0,7813
TXSD_DELTAE_SWEEP_20260115,25801,4944,56000,276.9,7813
TXSD_DELTAE_SWEEP_20260115,25811,4948,57600,285.0,7813
TXSD_DELTAE_SWEEP_20260115,25821,4944,56700,280.3,7813
TXSD_DELTAE_SWEEP_20260115,25831,4944,56900,281.3,7813
TXSD_DELTAE_SWEEP_20260115,25841,4944,56700,280.3,7813
TXSD_DELTAE_SWEEP_20260115,25851,4944,57000,281.8,7813
TXSD_DELTAE_SWEEP_20260115,25861,4948,56600,280.1,7813
TXSD_DELTAE_SWEEP_20260115,25871,4944,56000,276.9,7813
TXSD_DELTAE_SWEEP_20260115,25881,4948,57600,285.0,7813
TXSD_DELTAE_SWEEP_20260115,25891,4944,56000,276.9,7813
TXSD_DELTAE_SWEEP_20260115,25901,4948,57600,285.0,7813
TXSD_DELTAE_SWEEP_20260115,25911,4944,56000,276.9,7813
TXSD_DELTAE_SWEEP_20260115,25921,4948,57600,285.0,7813
TXSD_DELTAE_SWEEP_20260115,25931,4944,56000,276.9,7813
TXSD_DELTAE_SWEEP_20260115,25941,4948,57600,285.0,7813
TXSD_DELTAE_SWEEP_20260115,25951,4944,56000,276.9,7813
TXSD_DELTAE_SWEEP_20260115,25961,4948,57600,285.0,7813
TXSD_DELTAE_SWEEP_20260115,25971,4944,56700,280.3,7813
TXSD_DELTAE_SWEEP_20260115,25981,4948,57000,282.0,7813
TXSD_DELTAE_SWEEP_20260115,25991,4944,56700,280.3,7813
TXSD_DELTAE_SWEEP_20260115,26001,4948,56900,281.5,7813
TXSD_DELTAE_SWEEP_20260115,26011,4948,56700,280.6,7813
TXSD_DELTAE_SWEEP_20260115,26021,4944,57000,281.8,7813
TXSD_DELTAE_SWEEP_20260115,26031,4948,57000,282.0,7813
TXSD_DELTAE_SWEEP_20260115,26041,4944,56000,276.9,7813
TXSD_DELTAE_SWEEP_20260115,26051,4948,57600,285.0,7813
TXSD_DELTAE_SWEEP_20260115,26061,4944,56000,276.9,7813
TXSD_DELTAE_SWEEP_20260115,26071,4948,57600,285.0,7813
TXSD_DELTAE_SWEEP_20260115,26081,4944,56000,276.9,7813
TXSD_DELTAE_SWEEP_20260115,26091,4948,57700,285.5,7813
TXSD_DELTAE_SWEEP_20260115,26101,4948,56000,277.1,7813
TXSD_DELTAE_SWEEP_20260115,26111,4948,57600,285.0,7813
TXSD_DELTAE_SWEEP_20260115,26121,4944,56000,276.9,7813
TXSD_DELTAE_SWEEP_20260115,26131,4948,57600,285.0,7813
TXSD_DELTAE_SWEEP_20260115,26141,4944,56700,280.3,7813
TXSD_DELTAE_SWEEP_20260115,26151,4948,57000,282.0,7813
TXSD_DELTAE_SWEEP_20260115,26161,4944,56600,279.8,7813
TXSD_DELTAE_SWEEP_20260115,26171,4948,57000,282.0,7813
TXSD_DELTAE_SWEEP_20260115,26181,4944,56600,279.8,7813
TXSD_DELTAE_SWEEP_20260115,26191,4944,56000,276.9,7813
TXSD_DELTAE_SWEEP_20260115,26201,4944,57600,284.8,7813
TXSD_DELTAE_SWEEP_20260115,26211,4944,56000,276.9,7813
TXSD_DELTAE_SWEEP_20260115,26221,4948,57600,285.0,7813
TXSD_DELTAE_SWEEP_20260115,26231,4944,56000,276.9,7813
TXSD_DELTAE_SWEEP_20260115,26241,4948,57600,285.0,7813
TXSD_DELTAE_SWEEP_20260115,26251,4944,56000,276.9,7813
TXSD_DELTAE_SWEEP_20260115,26261,4948,57600,285.0,7813
TXSD_DELTAE_SWEEP_20260115,26271,4944,56000,276.9,7813
TXSD_DELTAE_SWEEP_20260115,26281,4948,57500,284.5,7813
TXSD_DELTAE_SWEEP_20260115,26291,4944,56200,277.9,7813
TXSD_DELTAE_SWEEP_20260115,26301,4944,57500,284.3,7813
TXSD_DELTAE_SWEEP_20260115,26311,4944,56600,279.8,7813
TXSD_DELTAE_SWEEP_20260115,26321,4948,57000,282.0,7813
TXSD_DELTAE_SWEEP_20260115,26331,4944,56700,280.3,7813
TXSD_DELTAE_SWEEP_20260115,26341,4944,56900,281.3,7813
TXSD_DELTAE_SWEEP_20260115,26351,4944,56700,280.3,7813
TXSD_DELTAE_SWEEP_20260115,26361,4944,56000,276.9,7813
TXSD_DELTAE_SWEEP_20260115,26371,4944,57600,284.8,7813
TXSD_DELTAE_SWEEP_20260115,26381,4944,55900,276.4,7813
TXSD_DELTAE_SWEEP_20260115,26391,4944,57700,285.3,7813
TXSD_DELTAE_SWEEP_20260115,26401,4944,56000,276.9,7813
TXSD_DELTAE_SWEEP_20260115,26411,4948,57600,285.0,7813
TXSD_DELTAE_SWEEP_20260115,26421,4944,56000,276.9,7813
TXSD_DELTAE_SWEEP_20260115,26431,4944,57600,284.8,7813
TXSD_DELTAE_SWEEP_20260115,26441,4944,56000,276.9,7813
TXSD_DELTAE_SWEEP_20260115,26451,4948,57600,285.0,7813
TXSD_DELTAE_SWEEP_20260115,26461,4944,56600,279.8,7813
TXSD_DELTAE_SWEEP_20260115,26471,4944,57000,281.8,7813
TXSD_DELTAE_SWEEP_20260115,26481,4944,56600,279.8,7813
TXSD_DELTAE_SWEEP_20260115,26491,4944,57000,281.8,7813
TXSD_DELTAE_SWEEP_20260115,26501,4944,56600,279.8,7813
TXSD_DELTAE_SWEEP_20260115,26511,4944,56500,279.3,7813
TXSD_DELTAE_SWEEP_20260115,26521,4944,57600,284.8,7813
TXSD_DELTAE_SWEEP_20260115,26531,4944,56000,276.9,7813
TXSD_DELTAE_SWEEP_20260115,26541,4944,57600,284.8,7813
TXSD_DELTAE_SWEEP_20260115,26551,4944,56000,276.9,7813
TXSD_DELTAE_SWEEP_20260115,26561,4948,57500,284.5,7813
TXSD_DELTAE_SWEEP_20260115,26571,4944,56000,276.9,7813
TXSD_DELTAE_SWEEP_20260115,26581,4948,57600,285.0,7813
TXSD_DELTAE_SWEEP_20260115,26591,4948,56000,277.1,7813
TXSD_DELTAE_SWEEP_20260115,26601,4948,57600,285.0,7813
TXSD_DELTAE_SWEEP_20260115,26611,4944,56000,276.9,7813
TXSD_DELTAE_SWEEP_20260115,26621,4948,57600,285.0,7813
TXSD_DELTAE_SWEEP_20260115,26631,4944,56700,280.3,7813
TXSD_DELTAE_SWEEP_20260115,26641,4944,56900,281.3,7813
TXSD_DELTAE_SWEEP_20260115,26651,4944,56600,279.8,7813
TXSD_DELTAE_SWEEP_20260115,26661,4944,56900,281.3,7813
TXSD_DELTAE_SWEEP_20260115,26671,4948,56600,280.1,7813
TXSD_DELTAE_SWEEP_20260115,26681,4944,56000,276.9,7813
TXSD_DELTAE_SWEEP_20260115,26691,4944,57600,284.8,7813
TXSD_DELTAE_SWEEP_20260115,26701,4944,56000,276.9,7813
TXSD_DELTAE_SWEEP_20260115,26711,4948,57600,285.0,7813
TXSD_DELTAE_SWEEP_20260115,26721,4944,56000,276.9,7813
TXSD_DELTAE_SWEEP_20260115,26731,4948,57600,285.0,7813
TXSD_DELTAE_SWEEP_20260115,26741,4944,56000,276.9,7813
TXSD_DELTAE_SWEEP_20260115,26751,4944,57600,284.8,7813
TXSD_DELTAE_SWEEP_20260115,26761,4944,56000,276.9,7813
TXSD_DELTAE_SWEEP_20260115,26771,4948,57600,285.0,7813
TXSD_DELTAE_SWEEP_20260115,26781,4944,56700,280.3,7813
TXSD_DELTAE_SWEEP_20260115,26791,4948,57000,282.0,7813
TXSD_DELTAE_SWEEP_20260115,26801,4944,56700,280.3,7813
TXSD_DELTAE_SWEEP_20260115,26811,4944,56900,281.3,7813
TXSD_DELTAE_SWEEP_20260115,26821,4944,56700,280.3,7813
TXSD_DELTAE_SWEEP_20260115,26831,4948,57000,282.0,7813
TXSD_DELTAE_SWEEP_20260115,26841,4948,57100,282.5,7813
TXSD_DELTAE_SWEEP_20260115,26851,4944,55900,276.4,7813
TXSD_DELTAE_SWEEP_20260115,26861,4948,57600,285.0,7813
TXSD_DELTAE_SWEEP_20260115,26871,4944,56000,276.9,7813
TXSD_DELTAE_SWEEP_20260115,26881,4948,57600,285.0,7813
TXSD_DELTAE_SWEEP_20260115,26891,4944,56000,276.9,7813
TXSD_DELTAE_SWEEP_20260115,26901,4948,57600,285.0,7813
TXSD_DELTAE_SWEEP_20260115,26911,4944,56000,276.9,7813
TXSD_DELTAE_SWEEP_20260115,26921,4944,57700,285.3,7813
TXSD_DELTAE_SWEEP_20260115,26931,4944,55900,276.4,7813
TXSD_DELTAE_SWEEP_20260115,26941,4948,57600,285.0,7813
TXSD_DELTAE_SWEEP_20260115,26951,4944,56600,279.8,7813
TXSD_DELTAE_SWEEP_20260115,26961,4948,57000,282.0,7813
TXSD_DELTAE_SWEEP_20260115,26971,4944,56700,280.3,7813
TXSD_DELTAE_SWEEP_20260115,26981,4948,57000,282.0,7813
TXSD_DELTAE_SWEEP_20260115,26991,4944,56700,280.3,7813
TXSD_DELTAE_SWEEP_20260115,27001,4944,56000,276.9,7813
TXSD_DELTAE_SWEEP_20260115,27011,4944,57500,284.3,7813
TXSD_DELTAE_SWEEP_20260115,27021,4944,56100,277.4,7813
TXSD_DELTAE_SWEEP_20260115,27031,4948,57500,284.5,7813
TXSD_DELTAE_SWEEP_20260115,27041,4944,56000,276.9,7813
TXSD_DELTAE_SWEEP_20260115,27051,4948,57600,285.0,7813
TXSD_DELTAE_SWEEP_20260115,27061,4944,56000,276.9,7813
TXSD_DELTAE_SWEEP_20260115,27071,4948,57600,285.0,7813
TXSD_DELTAE_SWEEP_20260115,27081,4944,55900,276.4,7813
TXSD_DELTAE_SWEEP_20260115,27091,4948,57600,285.0,7813
TXSD_DELTAE_SWEEP_20260115,27101,4944,56200,277.9,7813
TXSD_DELTAE_SWEEP_20260115,27111,4948,57500,284.5,7813
TXSD_DELTAE_SWEEP_20260115,27121,4944,56700,280.3,7813
TXSD_DELTAE_SWEEP_20260115,27131,4948,56900,281.5,7813
TXSD_DELTAE_SWEEP_20260115,27141,4944,56600,279.8,7813
TXSD_DELTAE_SWEEP_20260115,27151,4948,56900,281.5,7813
TXSD_DELTAE_SWEEP_20260115,27161,4944,56600,279.8,7813
TXSD_DELTAE_SWEEP_20260115,27171,4944,56000,276.9,7813
TXSD_DELTAE_SWEEP_20260115,27181,4948,57500,284.5,7813
TXSD_DELTAE_SWEEP_20260115,27191,4944,56000,276.9,7813
TXSD_DELTAE_SWEEP_20260115,27201,4944,57600,284.8,7813
TXSD_DELTAE_SWEEP_20260115,27211,4944,55900,276.4,7813
TXSD_DELTAE_SWEEP_20260115,27221,4948,57600,285.0,7813
TXSD_DELTAE_SWEEP_20260115,27231,4944,56000,276.9,7813
TXSD_DELTAE_SWEEP_20260115,27241,4940,78600,388.3,7814
TXSD_DELTAE_SWEEP_20260115,27251,4944,56000,276.9,7814
TXSD_DELTAE_SWEEP_20260115,27261,4948,57600,285.0,7814
TXSD_DELTAE_SWEEP_20260115,27271,4944,56700,280.3,7814
TXSD_DELTAE_SWEEP_20260115,27281,4948,56900,281.5,7814
TXSD_DELTAE_SWEEP_20260115,27291,4944,56600,279.8,7814
TXSD_DELTAE_SWEEP_20260115,27301,4948,56900,281.5,7814
TXSD_DELTAE_SWEEP_20260115,27311,4944,56700,280.3,7814
TXSD_DELTAE_SWEEP_20260115,27321,4948,56600,280.1,7814
TXSD_DELTAE_SWEEP_20260115,27331,4948,57600,285.0,7814
TXSD_DELTAE_SWEEP_20260115,27341,4944,56000,276.9,7814
TXSD_DELTAE_SWEEP_20260115,27351,4948,57600,285.0,7814
TXSD_DELTAE_SWEEP_20260115,27361,4944,56000,276.9,7814
TXSD_DELTAE_SWEEP_20260115,27371,4948,57600,285.0,7814
TXSD_DELTAE_SWEEP_20260115,27381,4944,56000,276.9,7814
TXSD_DELTAE_SWEEP_20260115,27391,4948,57700,285.5,7814
TXSD_DELTAE_SWEEP_20260115,27401,4944,56000,276.9,7814
TXSD_DELTAE_SWEEP_20260115,27411,4948,57600,285.0,7814
TXSD_DELTAE_SWEEP_20260115,27421,4944,56000,276.9,7814
TXSD_DELTAE_SWEEP_20260115,27431,4948,57600,285.0,7814
TXSD_DELTAE_SWEEP_20260115,27441,4948,56700,280.6,7814
TXSD_DELTAE_SWEEP_20260115,27451,4944,56900,281.3,7814
TXSD_DELTAE_SWEEP_20260115,27461,4944,56600,279.8,7814
TXSD_DELTAE_SWEEP_20260115,27471,4944,57000,281.8,7814
TXSD_DELTAE_SWEEP_20260115,27481,4948,56600,280.1,7814
TXSD_DELTAE_SWEEP_20260115,27491,4944,56000,276.9,7814
TXSD_DELTAE_SWEEP_20260115,27501,4944,57600,284.8,7814
TXSD_DELTAE_SWEEP_20260115,27511,4944,56000,276.9,7814
TXSD_DELTAE_SWEEP_20260115,27521,4948,57700,285.5,7814
TXSD_DELTAE_SWEEP_20260115,27531,4944,55900,276.4,7814
TXSD_DELTAE_SWEEP_20260115,27541,4944,57600,284.8,7814
TXSD_DELTAE_SWEEP_20260115,27551,4944,56000,276.9,7814
TXSD_DELTAE_SWEEP_20260115,27561,4944,57600,284.8,7814
TXSD_DELTAE_SWEEP_20260115,27571,4944,56100,277.4,7814
TXSD_DELTAE_SWEEP_20260115,27581,4948,57600,285.0,7814
TXSD_DELTAE_SWEEP_20260115,27591,4944,56700,280.3,7814
TXSD_DELTAE_SWEEP_20260115,27601,4948,57000,282.0,7814
TXSD_DELTAE_SWEEP_20260115,27611,4948,56600,280.1,7814
TXSD_DELTAE_SWEEP_20260115,27621,4944,56900,281.3,7814
TXSD_DELTAE_SWEEP_20260115,27631,4948,56700,280.6,7814
TXSD_DELTAE_SWEEP_20260115,27641,4948,57000,282.0,7814
TXSD_DELTAE_SWEEP_20260115,27651,4948,57000,282.0,7814
TXSD_DELTAE_SWEEP_20260115,27661,4944,56100,277.4,7814
TXSD_DELTAE_SWEEP_20260115,27671,4948,57600,285.0,7814
TXSD_DELTAE_SWEEP_20260115,27681,4944,55900,276.4,7814
TXSD_DELTAE_SWEEP_20260115,27691,4948,57600,285.0,7814
TXSD_DELTAE_SWEEP_20260115,27701,4944,56000,276.9,7814
TXSD_DELTAE_SWEEP_20260115,27711,4944,57600,284.8,7814
TXSD_DELTAE_SWEEP_20260115,27721,4944,56100,277.4,7814
TXSD_DELTAE_SWEEP_20260115,27731,4948,57600,285.0,7814
TXSD_DELTAE_SWEEP_20260115,27741,4944,56000,276.9,7814
TXSD_DELTAE_SWEEP_20260115,27751,4948,57600,285.0,7814
TXSD_DELTAE_SWEEP_20260115,27761,4944,56700,280.3,7814
TXSD_DELTAE_SWEEP_20260115,27771,4944,57100,282.3,7814
TXSD_DELTAE_SWEEP_20260115,27781,4944,56600,279.8,7814
TXSD_DELTAE_SWEEP_20260115,27791,4944,57000,281.8,7814
TXSD_DELTAE_SWEEP_20260115,27801,4944,56600,279.8,7814
TXSD_DELTAE_SWEEP_20260115,27811,4944,56000,276.9,7814
TXSD_DELTAE_SWEEP_20260115,27821,4948,57600,285.0,7814
TXSD_DELTAE_SWEEP_20260115,27831,4944,56000,276.9,7814
TXSD_DELTAE_SWEEP_20260115,27841,4948,57700,285.5,7814
TXSD_DELTAE_SWEEP_20260115,27851,4944,55900,276.4,7814
TXSD_DELTAE_SWEEP_20260115,27861,4948,57500,284.5,7814
TXSD_DELTAE_SWEEP_20260115,27871,4944,56000,276.9,7814
TXSD_DELTAE_SWEEP_20260115,27881,4948,57600,285.0,7814
TXSD_DELTAE_SWEEP_20260115,27891,4944,56000,276.9,7814
TXSD_DELTAE_SWEEP_20260115,27901,4944,57700,285.3,7814
TXSD_DELTAE_SWEEP_20260115,27911,4944,56100,277.4,7814
TXSD_DELTAE_SWEEP_20260115,27921,4944,57600,284.8,7814
TXSD_DELTAE_SWEEP_20260115,27931,4944,56600,279.8,7814
TXSD_DELTAE_SWEEP_20260115,27941,4944,56900,281.3,7814
TXSD_DELTAE_SWEEP_20260115,27951,4944,56700,280.3,7814
TXSD_DELTAE_SWEEP_20260115,27961,4944,56900,281.3,7814
TXSD_DELTAE_SWEEP_20260115,27971,4948,56700,280.6,7814
TXSD_DELTAE_SWEEP_20260115,27981,4944,56000,276.9,7814
TXSD_DELTAE_SWEEP_20260115,27991,4944,57700,285.3,7814
TXSD_DELTAE_SWEEP_20260115,28001,4944,56000,276.9,7814
TXSD_DELTAE_SWEEP_20260115,28011,4948,57600,285.0,7814
TXSD_DELTAE_SWEEP_20260115,28021,4948,56000,277.1,7814
TXSD_DELTAE_SWEEP_20260115,28031,4948,57600,285.0,7814
TXSD_DELTAE_SWEEP_20260115,28041,4944,56000,276.9,7814
TXSD_DELTAE_SWEEP_20260115,28051,4948,57600,285.0,7814
TXSD_DELTAE_SWEEP_20260115,28061,4948,56000,277.1,7814
TXSD_DELTAE_SWEEP_20260115,28071,4948,57600,285.0,7814
TXSD_DELTAE_SWEEP_20260115,28081,4944,56700,280.3,7814
TXSD_DELTAE_SWEEP_20260115,28091,4944,57000,281.8,7814
TXSD_DELTAE_SWEEP_20260115,28101,4944,56600,279.8,7814
TXSD_DELTAE_SWEEP_20260115,28111,4944,57000,281.8,7814
TXSD_DELTAE_SWEEP_20260115,28121,4944,56700,280.3,7814
TXSD_DELTAE_SWEEP_20260115,28131,4948,56600,280.1,7814
TXSD_DELTAE_SWEEP_20260115,28141,4944,57600,284.8,7814
TXSD_DELTAE_SWEEP_20260115,28151,4944,56100,277.4,7814
TXSD_DELTAE_SWEEP_20260115,28161,4948,57600,285.0,7814
TXSD_DELTAE_SWEEP_20260115,28171,4944,56000,276.9,7814
TXSD_DELTAE_SWEEP_20260115,28181,4948,57600,285.0,7814
TXSD_DELTAE_SWEEP_20260115,28191,4944,56000,276.9,7814
TXSD_DELTAE_SWEEP_20260115,28201,4948,57600,285.0,7814
TXSD_DELTAE_SWEEP_20260115,28211,4944,56000,276.9,7814
TXSD_DELTAE_SWEEP_20260115,28221,4948,57600,285.0,7814
TXSD_DELTAE_SWEEP_20260115,28231,4944,56000,276.9,7814
TXSD_DELTAE_SWEEP_20260115,28241,4948,57600,285.0,7814
TXSD_DELTAE_SWEEP_20260115,28251,4944,56700,280.3,7814
TXSD_DELTAE_SWEEP_20260115,28261,4944,56900,281.3,7814
TXSD_DELTAE_SWEEP_20260115,28271,4944,56700,280.3,7814
TXSD_DELTAE_SWEEP_20260115,28281,4944,56900,281.3,7814
TXSD_DELTAE_SWEEP_20260115,28291,4944,56700,280.3,7814
TXSD_DELTAE_SWEEP_20260115,28301,4944,56000,276.9,7814
TXSD_DELTAE_SWEEP_20260115,28311,4948,57700,285.5,7814
TXSD_DELTAE_SWEEP_20260115,28321,4948,56000,277.1,7814
TXSD_DELTAE_SWEEP_20260115,28331,4948,57600,285.0,7814
TXSD_DELTAE_SWEEP_20260115,28341,4944,56000,276.9,7814
TXSD_DELTAE_SWEEP_20260115,28351,4948,57600,285.0,7814
TXSD_DELTAE_SWEEP_20260115,28361,4944,56000,276.9,7814
TXSD_DELTAE_SWEEP_20260115,28371,4948,57600,285.0,7814
TXSD_DELTAE_SWEEP_20260115,28381,4944,56000,276.9,7814
TXSD_DELTAE_SWEEP_20260115,28391,4944,57600,284.8,7814
TXSD_DELTAE_SWEEP_20260115,28401,4944,56600,279.8,7814
TXSD_DELTAE_SWEEP_20260115,28411,4944,57100,282.3,7814
TXSD_DELTAE_SWEEP_20260115,28421,4948,56600,280.1,7814
TXSD_DELTAE_SWEEP_20260115,28431,4944,57000,281.8,7814
TXSD_DELTAE_SWEEP_20260115,28441,4944,56700,280.3,7814
TXSD_DELTAE_SWEEP_20260115,28451,4948,57000,282.0,7814
TXSD_DELTAE_SWEEP_20260115,28461,4948,57000,282.0,7814
TXSD_DELTAE_SWEEP_20260115,28471,4944,56000,276.9,7814
TXSD_DELTAE_SWEEP_20260115,28481,4948,57500,284.5,7814
TXSD_DELTAE_SWEEP_20260115,28491,4944,56000,276.9,7814
TXSD_DELTAE_SWEEP_20260115,28501,4948,57600,285.0,7814
TXSD_DELTAE_SWEEP_20260115,28511,4944,56000,276.9,7814
TXSD_DELTAE_SWEEP_20260115,28521,4948,57700,285.5,7814
TXSD_DELTAE_SWEEP_20260115,28531,4944,56000,276.9,7814
TXSD_DELTAE_SWEEP_20260115,28541,4948,57600,285.0,7814
TXSD_DELTAE_SWEEP_20260115,28551,4944,56000,276.9,7814
TXSD_DELTAE_SWEEP_20260115,28561,4948,57500,284.5,7814
TXSD_DELTAE_SWEEP_20260115,28571,4944,56600,279.8,7814
TXSD_DELTAE_SWEEP_20260115,28581,4944,57000,281.8,7814
TXSD_DELTAE_SWEEP_20260115,28591,4948,56700,280.6,7814
TXSD_DELTAE_SWEEP_20260115,28601,4944,56900,281.3,7814
TXSD_DELTAE_SWEEP_20260115,28611,4944,56700,280.3,7814
TXSD_DELTAE_SWEEP_20260115,28621,4948,56000,277.1,7814
TXSD_DELTAE_SWEEP_20260115,28631,4948,57600,285.0,7814
TXSD_DELTAE_SWEEP_20260115,28641,4944,56000,276.9,7814
TXSD_DELTAE_SWEEP_20260115,28651,4948,57600,285.0,7814
TXSD_DELTAE_SWEEP_20260115,28661,4944,56000,276.9,7814
TXSD_DELTAE_SWEEP_20260115,28671,4948,57600,285.0,7814
TXSD_DELTAE_SWEEP_20260115,28681,4948,56000,277.1,7814
TXSD_DELTAE_SWEEP_20260115,28691,4948,57600,285.0,7814
TXSD_DELTAE_SWEEP_20260115,28701,4944,56000,276.9,7814
TXSD_DELTAE_SWEEP_20260115,28711,4948,57600,285.0,7814
TXSD_DELTAE_SWEEP_20260115,28721,4944,56200,277.9,7814
TXSD_DELTAE_SWEEP_20260115,28731,4944,57600,284.8,7814
TXSD_DELTAE_SWEEP_20260115,28741,4944,56600,279.8,7814
TXSD_DELTAE_SWEEP_20260115,28751,4948,57000,282.0,7814
TXSD_DELTAE_SWEEP_20260115,28761,4944,56700,280.3,7814
TXSD_DELTAE_SWEEP_20260115,28771,4944,56900,281.3,7814
TXSD_DELTAE_SWEEP_20260115,28781,4948,56600,280.1,7814
TXSD_DELTAE_SWEEP_20260115,28791,4944,56000,276.9,7814
TXSD_DELTAE_SWEEP_20260115,28801,4944,57600,284.8,7814
TXSD_DELTAE_SWEEP_20260115,28811,4944,56000,276.9,7814
TXSD_DELTAE_SWEEP_20260115,28821,4948,57600,285.0,7814
TXSD_DELTAE_SWEEP_20260115,28831,4944,56000,276.9,7814
TXSD_DELTAE_SWEEP_20260115,28841,4944,57600,284.8,7814
TXSD_DELTAE_SWEEP_20260115,28851,4944,56000,276.9,7814
TXSD_DELTAE_SWEEP_20260115,28861,4948,57600,285.0,7814
TXSD_DELTAE_SWEEP_20260115,28871,4944,56000,276.9,7814
TXSD_DELTAE_SWEEP_20260115,28881,4948,57500,284.5,7814
TXSD_DELTAE_SWEEP_20260115,28891,4944,56700,280.3,7814
TXSD_DELTAE_SWEEP_20260115,28901,4948,56900,281.5,7814
TXSD_DELTAE_SWEEP_20260115,28911,4944,56600,279.8,7814
TXSD_DELTAE_SWEEP_20260115,28921,4948,56900,281.5,7814
TXSD_DELTAE_SWEEP_20260115,28931,4944,56600,279.8,7814
TXSD_DELTAE_SWEEP_20260115,28941,4944,56600,279.8,7814
TXSD_DELTAE_SWEEP_20260115,28951,4948,57600,285.0,7814
TXSD_DELTAE_SWEEP_20260115,28961,4944,56000,276.9,7814
TXSD_DELTAE_SWEEP_20260115,28971,4948,57600,285.0,7814
TXSD_DELTAE_SWEEP_20260115,28981,4944,56000,276.9,7814
TXSD_DELTAE_SWEEP_20260115,28991,4948,57600,285.0,7814
TXSD_DELTAE_SWEEP_20260115,29001,4944,55900,276.4,7814
TXSD_DELTAE_SWEEP_20260115,29011,4948,57600,285.0,7814
TXSD_DELTAE_SWEEP_20260115,29021,4944,56000,276.9,7814
TXSD_DELTAE_SWEEP_20260115,29031,4948,57600,285.0,7814
TXSD_DELTAE_SWEEP_20260115,29041,4944,56000,276.9,7814
TXSD_DELTAE_SWEEP_20260115,29051,4944,57600,284.8,7814
TXSD_DELTAE_SWEEP_20260115,29061,4948,56600,280.1,7814
TXSD_DELTAE_SWEEP_20260115,29071,4944,57000,281.8,7814
TXSD_DELTAE_SWEEP_20260115,29081,4944,56700,280.3,7814
TXSD_DELTAE_SWEEP_20260115,29091,4944,57000,281.8,7814
TXSD_DELTAE_SWEEP_20260115,29101,4944,56700,280.3,7814
TXSD_DELTAE_SWEEP_20260115,29111,4944,56000,276.9,7814
TXSD_DELTAE_SWEEP_20260115,29121,4948,57600,285.0,7814
TXSD_DELTAE_SWEEP_20260115,29131,4944,56000,276.9,7814
TXSD_DELTAE_SWEEP_20260115,29141,4948,57600,285.0,7814
TXSD_DELTAE_SWEEP_20260115,29151,4944,56000,276.9,7814
TXSD_DELTAE_SWEEP_20260115,29161,4948,57600,285.0,7814
TXSD_DELTAE_SWEEP_20260115,29171,4944,56100,277.4,7814
TXSD_DELTAE_SWEEP_20260115,29181,4948,57600,285.0,7814
TXSD_DELTAE_SWEEP_20260115,29191,4944,56000,276.9,7814
TXSD_DELTAE_SWEEP_20260115,29201,4948,57600,285.0,7814
TXSD_DELTAE_SWEEP_20260115,29211,4944,56700,280.3,7814
TXSD_DELTAE_SWEEP_20260115,29221,4948,57100,282.5,7814
TXSD_DELTAE_SWEEP_20260115,29231,4944,56700,280.3,7814
TXSD_DELTAE_SWEEP_20260115,29241,4944,111900,553.2,7815
TXSD_DELTAE_SWEEP_20260115,29251,4944,56700,280.3,7815
TXSD_DELTAE_SWEEP_20260115,29261,4944,57000,281.8,7815
TXSD_DELTAE_SWEEP_20260115,29271,4944,57000,281.8,7815
TXSD_DELTAE_SWEEP_20260115,29281,4944,56100,277.4,7815
TXSD_DELTAE_SWEEP_20260115,29291,4944,57600,284.8,7815
TXSD_DELTAE_SWEEP_20260115,29301,4944,56000,276.9,7815
TXSD_DELTAE_SWEEP_20260115,29311,4948,57600,285.0,7815
TXSD_DELTAE_SWEEP_20260115,29321,4944,56000,276.9,7815
TXSD_DELTAE_SWEEP_20260115,29331,4944,57500,284.3,7815
TXSD_DELTAE_SWEEP_20260115,29341,4944,56100,277.4,7815
TXSD_DELTAE_SWEEP_20260115,29351,4948,57600,285.0,7815
TXSD_DELTAE_SWEEP_20260115,29361,4944,56000,276.9,7815
TXSD_DELTAE_SWEEP_20260115,29371,4948,57600,285.0,7815
TXSD_DELTAE_SWEEP_20260115,29381,4944,56700,280.3,7815
TXSD_DELTAE_SWEEP_20260115,29391,4944,57000,281.8,7815
TXSD_DELTAE_SWEEP_20260115,29401,4944,56600,279.8,7815
TXSD_DELTAE_SWEEP_20260115,29411,4948,56900,281.5,7815
TXSD_DELTAE_SWEEP_20260115,29421,4948,56700,280.6,7815
TXSD_DELTAE_SWEEP_20260115,29431,4948,56000,277.1,7815
TXSD_DELTAE_SWEEP_20260115,29441,4944,57600,284.8,7815
TXSD_DELTAE_SWEEP_20260115,29451,4944,56000,276.9,7815
TXSD_DELTAE_SWEEP_20260115,29461,4948,57600,285.0,7815
TXSD_DELTAE_SWEEP_20260115,29471,4944,56000,276.9,7815
TXSD_DELTAE_SWEEP_20260115,29481,4948,57600,285.0,7815
TXSD_DELTAE_SWEEP_20260115,29491,4944,56000,276.9,7815
TXSD_DELTAE_SWEEP_20260115,29501,4948,57600,285.0,7815
TXSD_DELTAE_SWEEP_20260115,29511,4944,56000,276.9,7815
TXSD_DELTAE_SWEEP_20260115,29521,4948,57500,284.5,7815
TXSD_DELTAE_SWEEP_20260115,29531,4944,56100,277.4,7815
TXSD_DELTAE_SWEEP_20260115,29541,4948,57600,285.0,7815
TXSD_DELTAE_SWEEP_20260115,29551,4944,56600,279.8,7815
TXSD_DELTAE_SWEEP_20260115,29561,4944,57000,281.8,7815
TXSD_DELTAE_SWEEP_20260115,29571,4948,56700,280.6,7815
TXSD_DELTAE_SWEEP_20260115,29581,4948,57000,282.0,7815
TXSD_DELTAE_SWEEP_20260115,29591,4948,56600,280.1,7815
TXSD_DELTAE_SWEEP_20260115,29601,4944,56000,276.9,7815
TXSD_DELTAE_SWEEP_20260115,29611,4944,57500,284.3,7815
TXSD_DELTAE_SWEEP_20260115,29621,4944,56000,276.9,7815
TXSD_DELTAE_SWEEP_20260115,29631,4948,57600,285.0,7815
TXSD_DELTAE_SWEEP_20260115,29641,4944,55900,276.4,7815
TXSD_DELTAE_SWEEP_20260115,29651,4948,57500,284.5,7815
TXSD_DELTAE_SWEEP_20260115,29661,4944,56000,276.9,7815
TXSD_DELTAE_SWEEP_20260115,29671,4948,57600,285.0,7815
TXSD_DELTAE_SWEEP_20260115,29681,4944,56000,276.9,7815
TXSD_DELTAE_SWEEP_20260115,29691,4948,57600,285.0,7815
TXSD_DELTAE_SWEEP_20260115,29701,4944,56700,280.3,7815
TXSD_DELTAE_SWEEP_20260115,29711,4948,56900,281.5,7815
TXSD_DELTAE_SWEEP_20260115,29721,4944,56700,280.3,7815
TXSD_DELTAE_SWEEP_20260115,29731,4944,56900,281.3,7815
TXSD_DELTAE_SWEEP_20260115,29741,4944,56700,280.3,7815
TXSD_DELTAE_SWEEP_20260115,29751,4944,56600,279.8,7815
TXSD_DELTAE_SWEEP_20260115,29761,4948,57600,285.0,7815
TXSD_DELTAE_SWEEP_20260115,29771,4944,56000,276.9,7815
TXSD_DELTAE_SWEEP_20260115,29781,4948,57600,285.0,7815
TXSD_DELTAE_SWEEP_20260115,29791,4944,56000,276.9,7815
TXSD_DELTAE_SWEEP_20260115,29801,4944,57600,284.8,7815
TXSD_DELTAE_SWEEP_20260115,29811,4944,56000,276.9,7815
TXSD_DELTAE_SWEEP_20260115,29821,4944,57600,284.8,7815
TXSD_DELTAE_SWEEP_20260115,29831,4944,56000,276.9,7815
TXSD_DELTAE_SWEEP_20260115,29841,4948,57600,285.0,7815
TXSD_DELTAE_SWEEP_20260115,29851,4944,56000,276.9,7815
TXSD_DELTAE_SWEEP_20260115,29861,4948,57500,284.5,7815
TXSD_DELTAE_SWEEP_20260115,29871,4944,56700,280.3,7815
TXSD_DELTAE_SWEEP_20260115,29881,4948,56900,281.5,7815
TXSD_DELTAE_SWEEP_20260115,29891,4948,56700,280.6,7815
TXSD_DELTAE_SWEEP_20260115,29901,4944,56900,281.3,7815
TXSD_DELTAE_SWEEP_20260115,29911,4948,56700,280.6,7815
TXSD_DELTAE_SWEEP_20260115,29921,4948,56000,277.1,7815
TXSD_DELTAE_SWEEP_20260115,29931,4948,57600,285.0,7815
TXSD_DELTAE_SWEEP_20260115,29941,4944,56100,277.4,7815
TXSD_DELTAE_SWEEP_20260115,29951,4948,57600,285.0,7815
TXSD_DELTAE_SWEEP_20260115,29961,4944,56000,276.9,7815
TXSD_DELTAE_SWEEP_20260115,29971,4948,57600,285.0,7815
TXSD_DELTAE_SWEEP_20260115,29981,4944,56000,276.9,7815
TXSD_DELTAE_SWEEP_20260115,29991,4944,57600,284.8,7815
TXSD_DELTAE_SWEEP_20260115,30001,4944,56000,276.9,7815
TXSD_DELTAE_SWEEP_20260115,30011,4948,57600,285.0,7815
TXSD_DELTAE_SWEEP_20260115,30021,4944,56700,280.3,7815
TXSD_DELTAE_SWEEP_20260115,30031,4948,57100,282.5,7815
TXSD_DELTAE_SWEEP_20260115,30041,4944,56600,279.8,7815
TXSD_DELTAE_SWEEP_20260115,30051,4948,56900,281.5,7815
TXSD_DELTAE_SWEEP_20260115,30061,4944,56700,280.3,7815
TXSD_DELTAE_SWEEP_20260115,30071,4944,57000,281.8,7815
TXSD_DELTAE_SWEEP_20260115,30081,4948,57000,282.0,7815
TXSD_DELTAE_SWEEP_20260115,30091,4944,56100,277.4,7815
TXSD_DELTAE_SWEEP_20260115,30101,4948,57500,284.5,7815
TXSD_DELTAE_SWEEP_20260115,30111,4944,56000,276.9,7815
TXSD_DELTAE_SWEEP_20260115,30121,4948,57600,285.0,7815
TXSD_DELTAE_SWEEP_20260115,30131,4944,56000,276.9,7815
TXSD_DELTAE_SWEEP_20260115,30141,4944,57600,284.8,7815
TXSD_DELTAE_SWEEP_20260115,30151,4944,56000,276.9,7815
TXSD_DELTAE_SWEEP_20260115,30161,4948,57600,285.0,7815
TXSD_DELTAE_SWEEP_20260115,30171,4944,56000,276.9,7815
TXSD_DELTAE_SWEEP_20260115,30181,4948,57600,285.0,7815
TXSD_DELTAE_SWEEP_20260115,30191,4944,56700,280.3,7815
TXSD_DELTAE_SWEEP_20260115,30201,4944,57000,281.8,7815
TXSD_DELTAE_SWEEP_20260115,30211,4948,56700,280.6,7815
TXSD_DELTAE_SWEEP_20260115,30221,4944,57000,281.8,7815
TXSD_DELTAE_SWEEP_20260115,30231,4944,56700,280.3,7815
TXSD_DELTAE_SWEEP_20260115,30241,4944,56100,277.4,7815
TXSD_DELTAE_SWEEP_20260115,30251,4944,57500,284.3,7815
TXSD_DELTAE_SWEEP_20260115,30261,4944,56100,277.4,7815
TXSD_DELTAE_SWEEP_20260115,30271,4944,57600,284.8,7815
TXSD_DELTAE_SWEEP_20260115,30281,4944,56000,276.9,7815
TXSD_DELTAE_SWEEP_20260115,30291,4948,57600,285.0,7815
TXSD_DELTAE_SWEEP_20260115,30301,4944,56000,276.9,7815
TXSD_DELTAE_SWEEP_20260115,30311,4948,57600,285.0,7815
TXSD_DELTAE_SWEEP_20260115,30321,4944,56000,276.9,7815
TXSD_DELTAE_SWEEP_20260115,30331,4948,57600,285.0,7815
TXSD_DELTAE_SWEEP_20260115,30341,4944,56100,277.4,7815
TXSD_DELTAE_SWEEP_20260115,30351,4948,57600,285.0,7815
TXSD_DELTAE_SWEEP_20260115,30361,4944,56600,279.8,7815
TXSD_DELTAE_SWEEP_20260115,30371,4948,57000,282.0,7815
TXSD_DELTAE_SWEEP_20260115,30381,4944,56600,279.8,7815
TXSD_DELTAE_SWEEP_20260115,30391,4948,57000,282.0,7815
TXSD_DELTAE_SWEEP_20260115,30401,4948,56600,280.1,7815
TXSD_DELTAE_SWEEP_20260115,30411,4944,56000,276.9,7815
TXSD_DELTAE_SWEEP_20260115,30421,4948,57600,285.0,7815
TXSD_DELTAE_SWEEP_20260115,30431,4944,56000,276.9,7815
TXSD_DELTAE_SWEEP_20260115,30441,4948,57600,285.0,7815
TXSD_DELTAE_SWEEP_20260115,30451,4944,56000,276.9,7815
TXSD_DELTAE_SWEEP_20260115,30461,4948,57600,285.0,7815
TXSD_DELTAE_SWEEP_20260115,30471,4944,56000,276.9,7815
TXSD_DELTAE_SWEEP_20260115,30481,4944,57600,284.8,7815
TXSD_DELTAE_SWEEP_20260115,30491,4944,56000,276.9,7815
TXSD_DELTAE_SWEEP_20260115,30501,4948,57600,285.0,7815
TXSD_DELTAE_SWEEP_20260115,30511,4944,56600,279.8,7815
TXSD_DELTAE_SWEEP_20260115,30521,4948,56900,281.5,7815
TXSD_DELTAE_SWEEP_20260115,30531,4948,56600,280.1,7815
TXSD_DELTAE_SWEEP_20260115,30541,4944,57000,281.8,7815
TXSD_DELTAE_SWEEP_20260115,30551,4948,56600,280.1,7815
TXSD_DELTAE_SWEEP_20260115,30561,4944,56600,279.8,7815
TXSD_DELTAE_SWEEP_20260115,30571,4948,57600,285.0,7815
TXSD_DELTAE_SWEEP_20260115,30581,4944,56000,276.9,7815
TXSD_DELTAE_SWEEP_20260115,30591,4948,57700,285.5,7815
TXSD_DELTAE_SWEEP_20260115,30601,4944,56000,276.9,7815
TXSD_DELTAE_SWEEP_20260115,30611,4948,57600,285.0,7815
TXSD_DELTAE_SWEEP_20260115,30621,4944,56000,276.9,7815
TXSD_DELTAE_SWEEP_20260115,30631,4944,57600,284.8,7815
TXSD_DELTAE_SWEEP_20260115,30641,4944,56000,276.9,7815
TXSD_DELTAE_SWEEP_20260115,30651,4944,57600,284.8,7815
TXSD_DELTAE_SWEEP_20260115,30661,4944,56000,276.9,7815
TXSD_DELTAE_SWEEP_20260115,30671,4944,57500,284.3,7815
TXSD_DELTAE_SWEEP_20260115,30681,4948,56700,280.6,7815
TXSD_DELTAE_SWEEP_20260115,30691,4944,56900,281.3,7815
TXSD_DELTAE_SWEEP_20260115,30701,4944,56600,279.8,7815
TXSD_DELTAE_SWEEP_20260115,30711,4944,56900,281.3,7815
TXSD_DELTAE_SWEEP_20260115,30721,4944,56700,280.3,7815
TXSD_DELTAE_SWEEP_20260115,30731,4944,55900,276.4,7815
TXSD_DELTAE_SWEEP_20260115,30741,4948,57600,285.0,7815
TXSD_DELTAE_SWEEP_20260115,30751,4944,56000,276.9,7815
TXSD_DELTAE_SWEEP_20260115,30761,4948,57500,284.5,7815
TXSD_DELTAE_SWEEP_20260115,30771,4944,56000,276.9,7815
TXSD_DELTAE_SWEEP_20260115,30781,4948,57600,285.0,7815
TXSD_DELTAE_SWEEP_20260115,30791,4944,56100,277.4,7815
TXSD_DELTAE_SWEEP_20260115,30801,4948,57600,285.0,7815
TXSD_DELTAE_SWEEP_20260115,30811,4944,55900,276.4,7815
TXSD_DELTAE_SWEEP_20260115,30821,4948,57600,285.0,7815
TXSD_DELTAE_SWEEP_20260115,30831,4944,56700,280.3,7815
TXSD_DELTAE_SWEEP_20260115,30841,4948,57000,282.0,7815
TXSD_DELTAE_SWEEP_20260115,30851,4944,56600,279.8,7815
TXSD_DELTAE_SWEEP_20260115,30861,4944,56900,281.3,7815
TXSD_DELTAE_SWEEP_20260115,30871,4944,56600,279.8,7815
TXSD_DELTAE_SWEEP_20260115,30881,4944,56900,281.3,7815
TXSD_DELTAE_SWEEP_20260115,30891,4948,57000,282.0,7815
TXSD_DELTAE_SWEEP_20260115,30901,4944,56000,276.9,7815
TXSD_DELTAE_SWEEP_20260115,30911,4944,57600,284.8,7815
TXSD_DELTAE_SWEEP_20260115,30921,4944,56000,276.9,7815
TXSD_DELTAE_SWEEP_20260115,30931,4948,57600,285.0,7815
TXSD_DELTAE_SWEEP_20260115,30941,4948,56000,277.1,7815
TXSD_DELTAE_SWEEP_20260115,30951,4948,57600,285.0,7815
TXSD_DELTAE_SWEEP_20260115,30961,4944,56000,276.9,7815
TXSD_DELTAE_SWEEP_20260115,30971,4944,57600,284.8,7815
TXSD_DELTAE_SWEEP_20260115,30981,4944,56000,276.9,7815
TXSD_DELTAE_SWEEP_20260115,30991,4944,57600,284.8,7815
TXSD_DELTAE_SWEEP_20260115,31001,4944,56600,279.8,7815
TXSD_DELTAE_SWEEP_20260115,31011,4944,57000,281.8,7815
TXSD_DELTAE_SWEEP_20260115,31021,4944,56700,280.3,7815
TXSD_DELTAE_SWEEP_20260115,31031,4948,56900,281.5,7815
TXSD_DELTAE_SWEEP_20260115,31041,4944,56700,280.3,7815
TXSD_DELTAE_SWEEP_20260115,31051,4948,56000,277.1,7815
TXSD_DELTAE_SWEEP_20260115,31061,4948,57600,285.0,7815
TXSD_DELTAE_SWEEP_20260115,31071,4944,56000,276.9,7815
TXSD_DELTAE_SWEEP_20260115,31081,4948,57600,285.0,7815
TXSD_DELTAE_SWEEP_20260115,31091,4944,56100,277.4,7815
TXSD_DELTAE_SWEEP_20260115,31101,4948,57600,285.0,7815
TXSD_DELTAE_SWEEP_20260115,31111,4944,56000,276.9,7815
TXSD_DELTAE_SWEEP_20260115,31121,4948,57600,285.0,7815
TXSD_DELTAE_SWEEP_20260115,31131,4944,56000,276.9,7815
TXSD_DELTAE_SWEEP_20260115,31141,4944,57600,284.8,7815
TXSD_DELTAE_SWEEP_20260115,31151,4944,56100,277.4,7815
TXSD_DELTAE_SWEEP_20260115,31161,4944,57600,284.8,7815
TXSD_DELTAE_SWEEP_20260115,31171,4944,56700,280.3,7815
TXSD_DELTAE_SWEEP_20260115,31181,4948,57000,282.0,7815
TXSD_DELTAE_SWEEP_20260115,31191,4944,56700,280.3,7815
TXSD_DELTAE_SWEEP_20260115,31201,4944,56900,281.3,7815
TXSD_DELTAE_SWEEP_20260115,31211,4948,56700,280.6,7815
TXSD_DELTAE_SWEEP_20260115,31221,4944,56100,277.4,7815
TXSD_DELTAE_SWEEP_20260115,31231,4948,57600,285.0,7815
TXSD_DELTAE_SWEEP_20260115,31241,4944,145200,717.9,7816
TXSD_DELTAE_SWEEP_20260115,31251,4948,57600,285.0,7816
TXSD_DELTAE_SWEEP_20260115,31261,4944,56000,276.9,7816
TXSD_DELTAE_SWEEP_20260115,31271,4944,57600,284.8,7816
TXSD_DELTAE_SWEEP_20260115,31281,4944,56000,276.9,7816
TXSD_DELTAE_SWEEP_20260115,31291,4948,57600,285.0,7816
TXSD_DELTAE_SWEEP_20260115,31301,4944,56000,276.9,7816
TXSD_DELTAE_SWEEP_20260115,31311,4948,57600,285.0,7816
TXSD_DELTAE_SWEEP_20260115,31321,4944,56700,280.3,7816
TXSD_DELTAE_SWEEP_20260115,31331,4948,56800,281.0,7816
TXSD_DELTAE_SWEEP_20260115,31341,4944,56700,280.3,7816
TXSD_DELTAE_SWEEP_20260115,31351,4948,57000,282.0,7816
TXSD_DELTAE_SWEEP_20260115,31361,4948,56700,280.6,7816
TXSD_DELTAE_SWEEP_20260115,31371,4948,56700,280.6,7816
TXSD_DELTAE_SWEEP_20260115,31381,4948,57500,284.5,7816
TXSD_DELTAE_SWEEP_20260115,31391,4944,56000,276.9,7816
TXSD_DELTAE_SWEEP_20260115,31401,4948,57500,284.5,7816
TXSD_DELTAE_SWEEP_20260115,31411,4944,56000,276.9,7816
TXSD_DELTAE_SWEEP_20260115,31421,4948,57500,284.5,7816
TXSD_DELTAE_SWEEP_20260115,31431,4944,56000,276.9,7816
TXSD_DELTAE_SWEEP_20260115,31441,4948,57600,285.0,7816
TXSD_DELTAE_SWEEP_20260115,31451,4944,56000,276.9,7816
TXSD_DELTAE_SWEEP_20260115,31461,4944,57600,284.8,7816
TXSD_DELTAE_SWEEP_20260115,31471,4944,56000,276.9,7816
TXSD_DELTAE_SWEEP_20260115,31481,4948,57600,285.0,7816
TXSD_DELTAE_SWEEP_20260115,31491,4948,56600,280.1,7816
TXSD_DELTAE_SWEEP_20260115,31501,4944,56900,281.3,7816
TXSD_DELTAE_SWEEP_20260115,31511,4948,56700,280.6,7816
TXSD_DELTAE_SWEEP_20260115,31521,4948,57000,282.0,7816
TXSD_DELTAE_SWEEP_20260115,31531,4944,56700,280.3,7816
TXSD_DELTAE_SWEEP_20260115,31541,4948,56100,277.6,7816
TXSD_DELTAE_SWEEP_20260115,31551,4948,57600,285.0,7816
TXSD_DELTAE_SWEEP_20260115,31561,4944,56000,276.9,7816
TXSD_DELTAE_SWEEP_20260115,31571,4948,57600,285.0,7816
TXSD_DELTAE_SWEEP_20260115,31581,4944,56000,276.9,7816
TXSD_DELTAE_SWEEP_20260115,31591,4948,57600,285.0,7816
TXSD_DELTAE_SWEEP_20260115,31601,4944,56000,276.9,7816
TXSD_DELTAE_SWEEP_20260115,31611,4944,57600,284.8,7816
TXSD_DELTAE_SWEEP_20260115,31621,4944,56100,277.4,7816
TXSD_DELTAE_SWEEP_20260115,31631,4948,57600,285.0,7816
TXSD_DELTAE_SWEEP_20260115,31641,4944,56000,276.9,7816
TXSD_DELTAE_SWEEP_20260115,31651,4948,57100,282.5,7816
TXSD_DELTAE_SWEEP_20260115,31661,4944,56700,280.3,7816
TXSD_DELTAE_SWEEP_20260115,31671,4944,57000,281.8,7816
TXSD_DELTAE_SWEEP_20260115,31681,4944,56600,279.8,7816
TXSD_DELTAE_SWEEP_20260115,31691,4948,57000,282.0,7816
TXSD_DELTAE_SWEEP_20260115,31701,4948,56900,281.5,7816
TXSD_DELTAE_SWEEP_20260115,31711,4944,56000,276.9,7816
TXSD_DELTAE_SWEEP_20260115,31721,4944,57600,284.8,7816
TXSD_DELTAE_SWEEP_20260115,31731,4944,56000,276.9,7816
TXSD_DELTAE_SWEEP_20260115,31741,4948,57600,285.0,7816
TXSD_DELTAE_SWEEP_20260115,31751,4944,56000,276.9,7816
TXSD_DELTAE_SWEEP_20260115,31761,4948,57600,285.0,7816
TXSD_DELTAE_SWEEP_20260115,31771,4944,56000,276.9,7816
TXSD_DELTAE_SWEEP_20260115,31781,4948,57600,285.0,7816
TXSD_DELTAE_SWEEP_20260115,31791,4948,56000,277.1,7816
TXSD_DELTAE_SWEEP_20260115,31801,4944,57600,284.8,7816
TXSD_DELTAE_SWEEP_20260115,31811,4944,56600,279.8,7816
TXSD_DELTAE_SWEEP_20260115,31821,4948,57000,282.0,7816
TXSD_DELTAE_SWEEP_20260115,31831,4948,56700,280.6,7816
TXSD_DELTAE_SWEEP_20260115,31841,4944,56900,281.3,7816
TXSD_DELTAE_SWEEP_20260115,31851,4944,56600,279.8,7816
TXSD_DELTAE_SWEEP_20260115,31861,4944,56100,277.4,7816
TXSD_DELTAE_SWEEP_20260115,31871,4944,57600,284.8,7816
TXSD_DELTAE_SWEEP_20260115,31881,4944,55900,276.4,7816
TXSD_DELTAE_SWEEP_20260115,31891,4948,57700,285.5,7816
TXSD_DELTAE_SWEEP_20260115,31901,4944,56000,276.9,7816
TXSD_DELTAE_SWEEP_20260115,31911,4948,57600,285.0,7816
TXSD_DELTAE_SWEEP_20260115,31921,4944,56000,276.9,7816
TXSD_DELTAE_SWEEP_20260115,31931,4944,57600,284.8,7816
TXSD_DELTAE_SWEEP_20260115,31941,4944,56000,276.9,7816
TXSD_DELTAE_SWEEP_20260115,31951,4948,57600,285.0,7816
TXSD_DELTAE_SWEEP_20260115,31961,4944,56100,277.4,7816
TXSD_DELTAE_SWEEP_20260115,31971,4948,57500,284.5,7816
TXSD_DELTAE_SWEEP_20260115,31981,4944,56700,280.3,7816
TXSD_DELTAE_SWEEP_20260115,31991,4944,57000,281.8,7816
TXSD_DELTAE_SWEEP_20260115,32001,4948,56700,280.6,7816
TXSD_DELTAE_SWEEP_20260115,32011,4948,57000,282.0,7816
TXSD_DELTAE_SWEEP_20260115,32021,4948,56700,280.6,7816
TXSD_DELTAE_SWEEP_20260115,32031,4944,56000,276.9,7816
TXSD_DELTAE_SWEEP_20260115,32041,4948,57600,285.0,7816
TXSD_DELTAE_SWEEP_20260115,32051,4944,56000,276.9,7816
TXSD_DELTAE_SWEEP_20260115,32061,4948,57600,285.0,7816
TXSD_DELTAE_SWEEP_20260115,32071,4944,56000,276.9,7816
TXSD_DELTAE_SWEEP_20260115,32081,4948,57700,285.5,7816
TXSD_DELTAE_SWEEP_20260115,32091,4944,56000,276.9,7816
TXSD_DELTAE_SWEEP_20260115,32101,4948,57600,285.0,7816
TXSD_DELTAE_SWEEP_20260115,32111,4944,56000,276.9,7816
TXSD_DELTAE_SWEEP_20260115,32121,4944,57600,284.8,7816
TXSD_DELTAE_SWEEP_20260115,32131,4944,56700,280.3,7816
TXSD_DELTAE_SWEEP_20260115,32141,4948,56900,281.5,7816
TXSD_DELTAE_SWEEP_20260115,32151,4944,56600,279.8,7816
TXSD_DELTAE_SWEEP_20260115,32161,4944,56900,281.3,7816
TXSD_DELTAE_SWEEP_20260115,32171,4944,56700,280.3,7816
TXSD_DELTAE_SWEEP_20260115,32181,4944,56700,280.3,7816
TXSD_DELTAE_SWEEP_20260115,32191,4944,57600,284.8,7816
TXSD_DELTAE_SWEEP_20260115,32201,4944,56000,276.9,7816
TXSD_DELTAE_SWEEP_20260115,32211,4948,57600,285.0,7816
TXSD_DELTAE_SWEEP_20260115,32221,4944,56000,276.9,7816
TXSD_DELTAE_SWEEP_20260115,32231,4948,57600,285.0,7816
TXSD_DELTAE_SWEEP_20260115,32241,4944,56100,277.4,7816
TXSD_DELTAE_SWEEP_20260115,32251,4948,57700,285.5,7816
TXSD_DELTAE_SWEEP_20260115,32261,4944,56000,276.9,7816
TXSD_DELTAE_SWEEP_20260115,32271,4944,57600,284.8,7816
TXSD_DELTAE_SWEEP_20260115,32281,4944,56000,276.9,7816
TXSD_DELTAE_SWEEP_20260115,32291,4948,57700,285.5,7816
TXSD_DELTAE_SWEEP_20260115,32301,4944,56700,280.3,7816
TXSD_DELTAE_SWEEP_20260115,32311,4948,57000,282.0,7816
TXSD_DELTAE_SWEEP_20260115,32321,4944,56600,279.8,7816
TXSD_DELTAE_SWEEP_20260115,32331,4948,56900,281.5,7816
TXSD_DELTAE_SWEEP_20260115,32341,4944,56700,280.3,7816
TXSD_DELTAE_SWEEP_20260115,32351,4944,56000,276.9,7816
TXSD_DELTAE_SWEEP_20260115,32361,4944,57600,284.8,7816
TXSD_DELTAE_SWEEP_20260115,32371,4944,55900,276.4,7816
TXSD_DELTAE_SWEEP_20260115,32381,4948,57600,285.0,7816
TXSD_DELTAE_SWEEP_20260115,32391,4944,56000,276.9,7816
TXSD_DELTAE_SWEEP_20260115,32401,4948,57600,285.0,7816
TXSD_DELTAE_SWEEP_20260115,32411,4944,56000,276.9,7816
TXSD_DELTAE_SWEEP_20260115,32421,4948,57700,285.5,7816
TXSD_DELTAE_SWEEP_20260115,32431,4944,56000,276.9,7816
TXSD_DELTAE_SWEEP_20260115,32441,4944,57600,284.8,7816
TXSD_DELTAE_SWEEP_20260115,32451,4944,56700,280.3,7816
TXSD_DELTAE_SWEEP_20260115,32461,4944,57100,282.3,7816
TXSD_DELTAE_SWEEP_20260115,32471,4948,56700,280.6,7816
TXSD_DELTAE_SWEEP_20260115,32481,4948,57000,282.0,7816
TXSD_DELTAE_SWEEP_20260115,32491,4944,56700,280.3,7816
TXSD_DELTAE_SWEEP_20260115,32501,4944,56900,281.3,7816
TXSD_DELTAE_SWEEP_20260115,32511,4948,57000,282.0,7816
TXSD_DELTAE_SWEEP_20260115,32521,4944,56000,276.9,7816
TXSD_DELTAE_SWEEP_20260115,32531,4948,57600,285.0,7816
TXSD_DELTAE_SWEEP_20260115,32541,4944,56000,276.9,7816
TXSD_DELTAE_SWEEP_20260115,32551,4948,57600,285.0,7816
TXSD_DELTAE_SWEEP_20260115,32561,4944,56100,277.4,7816
TXSD_DELTAE_SWEEP_20260115,32571,4948,57600,285.0,7816
TXSD_DELTAE_SWEEP_20260115,32581,4944,56000,276.9,7816
TXSD_DELTAE_SWEEP_20260115,32591,4948,57600,285.0,7816
TXSD_DELTAE_SWEEP_20260115,32601,4944,56000,276.9,7816
TXSD_DELTAE_SWEEP_20260115,32611,4948,57600,285.0,7816
TXSD_DELTAE_SWEEP_20260115,32621,4944,56700,280.3,7816
TXSD_DELTAE_SWEEP_20260115,32631,4948,57000,282.0,7816
TXSD_DELTAE_SWEEP_20260115,32641,4944,56800,280.8,7816
TXSD_DELTAE_SWEEP_20260115,32651,4944,56900,281.3,7816
TXSD_DELTAE_SWEEP_20260115,32661,4948,56600,280.1,7816
TXSD_DELTAE_SWEEP_20260115,32671,4944,56000,276.9,7816
TXSD_DELTAE_SWEEP_20260115,32681,4944,57600,284.8,7816
TXSD_DELTAE_SWEEP_20260115,32691,4944,56100,277.4,7816
TXSD_DELTAE_SWEEP_20260115,32701,4948,57600,285.0,7816
TXSD_DELTAE_SWEEP_20260115,32711,4944,56000,276.9,7816
TXSD_DELTAE_SWEEP_20260115,32721,4948,57600,285.0,7816
TXSD_DELTAE_SWEEP_20260115,32731,4944,56000,276.9,7816
TXSD_DELTAE_SWEEP_20260115,32741,4948,57700,285.5,7816
TXSD_DELTAE_SWEEP_20260115,32751,4944,55900,276.4,7816
TXSD_DELTAE_SWEEP_20260115,32761,4944,57700,285.3,7816
TXSD_DELTAE_SWEEP_20260115,32771,4944,56100,277.4,7816
TXSD_DELTAE_SWEEP_20260115,32781,4948,57600,285.0,7816
TXSD_DELTAE_SWEEP_20260115,32791,4948,56700,280.6,7816
TXSD_DELTAE_SWEEP_20260115,32801,4948,57000,282.0,7816
TXSD_DELTAE_SWEEP_20260115,32811,4948,56700,280.6,7816
TXSD_DELTAE_SWEEP_20260115,32821,4948,56900,281.5,7816
TXSD_DELTAE_SWEEP_20260115,32831,4948,56600,280.1,7816
TXSD_DELTAE_SWEEP_20260115,32841,4944,56000,276.9,7816
TXSD_DELTAE_SWEEP_20260115,32851,4948,57600,285.0,7816
TXSD_DELTAE_SWEEP_20260115,32861,4944,56000,276.9,7816
TXSD_DELTAE_SWEEP_20260115,32871,4948,57500,284.5,7816
TXSD_DELTAE_SWEEP_20260115,32881,4944,56000,276.9,7816
TXSD_DELTAE_SWEEP_20260115,32891,4948,57600,285.0,7816
TXSD_DELTAE_SWEEP_20260115,32901,4944,55900,276.4,7816
TXSD_DELTAE_SWEEP_20260115,32911,4948,57600,285.0,7816
TXSD_DELTAE_SWEEP_20260115,32921,4944,56000,276.9,7816
TXSD_DELTAE_SWEEP_20260115,32931,4948,57600,285.0,7816
TXSD_DELTAE_SWEEP_20260115,32941,4944,56700,280.3,7816
TXSD_DELTAE_SWEEP_20260115,32951,4948,56900,281.5,7816
TXSD_DELTAE_SWEEP_20260115,32961,4944,56600,279.8,7816
TXSD_DELTAE_SWEEP_20260115,32971,4944,56900,281.3,7816
TXSD_DELTAE_SWEEP_20260115,32981,4944,56700,280.3,7816
TXSD_DELTAE_SWEEP_20260115,32991,4944,56600,279.8,7816
TXSD_DELTAE_SWEEP_20260115,33001,4944,57600,284.8,7816
TXSD_DELTAE_SWEEP_20260115,33011,4944,56000,276.9,7816
TXSD_DELTAE_SWEEP_20260115,33021,4948,57600,285.0,7816
TXSD_DELTAE_SWEEP_20260115,33031,4944,56000,276.9,7816
TXSD_DELTAE_SWEEP_20260115,33041,4948,57600,285.0,7816
TXSD_DELTAE_SWEEP_20260115,33051,4944,56000,276.9,7816
TXSD_DELTAE_SWEEP_20260115,33061,4948,57600,285.0,7816
TXSD_DELTAE_SWEEP_20260115,33071,4948,56000,277.1,7816
TXSD_DELTAE_SWEEP_20260115,33081,4948,57600,285.0,7816
TXSD_DELTAE_SWEEP_20260115,33091,4944,56000,276.9,7816
TXSD_DELTAE_SWEEP_20260115,33101,4944,57600,284.8,7816
TXSD_DELTAE_SWEEP_20260115,33111,4948,56800,281.0,7816
TXSD_DELTAE_SWEEP_20260115,33121,4948,56900,281.5,7816
TXSD_DELTAE_SWEEP_20260115,33131,4948,56600,280.1,7816
TXSD_DELTAE_SWEEP_20260115,33141,4948,56900,281.5,7816
TXSD_DELTAE_SWEEP_20260115,33151,4944,56600,279.8,7816
TXSD_DELTAE_SWEEP_20260115,33161,4944,56000,276.9,7816
TXSD_DELTAE_SWEEP_20260115,33171,4948,57600,285.0,7816
TXSD_DELTAE_SWEEP_20260115,33181,4944,56000,276.9,7816
TXSD_DELTAE_SWEEP_20260115,33191,4948,57700,285.5,7816
TXSD_DELTAE_SWEEP_20260115,33201,4944,56000,276.9,7816
TXSD_DELTAE_SWEEP_20260115,33211,4948,57600,285.0,7816
TXSD_DELTAE_SWEEP_20260115,33221,4944,56000,276.9,7816
TXSD_DELTAE_SWEEP_20260115,33231,4948,57600,285.0,7816
TXSD_DELTAE_SWEEP_20260115,33241,4920,149500,735.5,7817
TXSD_DELTAE_SWEEP_20260115,33251,4948,57600,285.0,7817
TXSD_DELTAE_SWEEP_20260115,33261,4944,56600,279.8,7817
TXSD_DELTAE_SWEEP_20260115,33271,4948,57200,283.0,7817
TXSD_DELTAE_SWEEP_20260115,33281,4948,56600,280.1,7817
TXSD_DELTAE_SWEEP_20260115,33291,4944,56900,281.3,7817
TXSD_DELTAE_SWEEP_20260115,33301,4944,56700,280.3,7817
TXSD_DELTAE_SWEEP_20260115,33311,4944,56900,281.3,7817
TXSD_DELTAE_SWEEP_20260115,33321,4944,56900,281.3,7817
TXSD_DELTAE_SWEEP_20260115,33331,4944,56000,276.9,7817
TXSD_DELTAE_SWEEP_20260115,33341,4944,57700,285.3,7817
TXSD_DELTAE_SWEEP_20260115,33351,4944,56000,276.9,7817
TXSD_DELTAE_SWEEP_20260115,33361,4948,57600,285.0,7817
TXSD_DELTAE_SWEEP_20260115,33371,4944,56000,276.9,7817
TXSD_DELTAE_SWEEP_20260115,33381,4948,57600,285.0,7817
TXSD_DELTAE_SWEEP_20260115,33391,4944,56000,276.9,7817
TXSD_DELTAE_SWEEP_20260115,33401,4944,57600,284.8,7817
TXSD_DELTAE_SWEEP_20260115,33411,4944,56000,276.9,7817
TXSD_DELTAE_SWEEP_20260115,33421,4948,57600,285.0,7817
TXSD_DELTAE_SWEEP_20260115,33431,4944,56700,280.3,7817
TXSD_DELTAE_SWEEP_20260115,33441,4948,57100,282.5,7817
TXSD_DELTAE_SWEEP_20260115,33451,4944,56700,280.3,7817
TXSD_DELTAE_SWEEP_20260115,33461,4944,57000,281.8,7817
TXSD_DELTAE_SWEEP_20260115,33471,4944,56600,279.8,7817
TXSD_DELTAE_SWEEP_20260115,33481,4944,56000,276.9,7817
TXSD_DELTAE_SWEEP_20260115,33491,4944,57700,285.3,7817
TXSD_DELTAE_SWEEP_20260115,33501,4948,56000,277.1,7817
TXSD_DELTAE_SWEEP_20260115,33511,4948,57700,285.5,7817
TXSD_DELTAE_SWEEP_20260115,33521,4944,55900,276.4,7817
TXSD_DELTAE_SWEEP_20260115,33531,4948,57600,285.0,7817
TXSD_DELTAE_SWEEP_20260115,33541,4948,56000,277.1,7817
TXSD_DELTAE_SWEEP_20260115,33551,4948,57600,285.0,7817
TXSD_DELTAE_SWEEP_20260115,33561,4944,56000,276.9,7817
TXSD_DELTAE_SWEEP_20260115,33571,4944,57600,284.8,7817
TXSD_DELTAE_SWEEP_20260115,33581,4944,56000,276.9,7817
TXSD_DELTAE_SWEEP_20260115,33591,4944,57600,284.8,7817
TXSD_DELTAE_SWEEP_20260115,33601,4944,56600,279.8,7817
TXSD_DELTAE_SWEEP_20260115,33611,4948,57000,282.0,7817
TXSD_DELTAE_SWEEP_20260115,33621,4944,56600,279.8,7817
TXSD_DELTAE_SWEEP_20260115,33631,4944,56900,281.3,7817
TXSD_DELTAE_SWEEP_20260115,33641,4948,56700,280.6,7817
TXSD_DELTAE_SWEEP_20260115,33651,4944,56000,276.9,7817
TXSD_DELTAE_SWEEP_20260115,33661,4948,57600,285.0,7817
TXSD_DELTAE_SWEEP_20260115,33671,4944,56000,276.9,7817
TXSD_DELTAE_SWEEP_20260115,33681,4944,57600,284.8,7817
TXSD_DELTAE_SWEEP_20260115,33691,4944,56000,276.9,7817
TXSD_DELTAE_SWEEP_20260115,33701,4948,57600,285.0,7817
TXSD_DELTAE_SWEEP_20260115,33711,4944,56000,276.9,7817
TXSD_DELTAE_SWEEP_20260115,33721,4944,57600,284.8,7817
TXSD_DELTAE_SWEEP_20260115,33731,4944,56000,276.9,7817
TXSD_DELTAE_SWEEP_20260115,33741,4948,57700,285.5,7817
TXSD_DELTAE_SWEEP_20260115,33751,4944,56700,280.3,7817
TXSD_DELTAE_SWEEP_20260115,33761,4948,56900,281.5,7817
TXSD_DELTAE_SWEEP_20260115,33771,4944,56600,279.8,7817
TXSD_DELTAE_SWEEP_20260115,33781,4948,56900,281.5,7817
TXSD_DELTAE_SWEEP_20260115,33791,4944,56600,279.8,7817
TXSD_DELTAE_SWEEP_20260115,33801,4944,56700,280.3,7817
TXSD_DELTAE_SWEEP_20260115,33811,4944,57500,284.3,7817
TXSD_DELTAE_SWEEP_20260115,33821,4944,56000,276.9,7817
TXSD_DELTAE_SWEEP_20260115,33831,4948,57600,285.0,7817
TXSD_DELTAE_SWEEP_20260115,33841,4944,56000,276.9,7817
TXSD_DELTAE_SWEEP_20260115,33851,4948,57600,285.0,7817
TXSD_DELTAE_SWEEP_20260115,33861,4944,56000,276.9,7817
TXSD_DELTAE_SWEEP_20260115,33871,4948,57600,285.0,7817
TXSD_DELTAE_SWEEP_20260115,33881,4944,56000,276.9,7817
TXSD_DELTAE_SWEEP_20260115,33891,4944,57600,284.8,7817
TXSD_DELTAE_SWEEP_20260115,33901,4944,56000,276.9,7817
TXSD_DELTAE_SWEEP_20260115,33911,4948,57600,285.0,7817
TXSD_DELTAE_SWEEP_20260115,33921,4944,56700,280.3,7817
TXSD_DELTAE_SWEEP_20260115,33931,4944,56900,281.3,7817
TXSD_DELTAE_SWEEP_20260115,33941,4944,56700,280.3,7817
TXSD_DELTAE_SWEEP_20260115,33951,4948,56900,281.5,7817
TXSD_DELTAE_SWEEP_20260115,33961,4944,56700,280.3,7817
TXSD_DELTAE_SWEEP_20260115,33971,4944,56000,276.9,7817
TXSD_DELTAE_SWEEP_20260115,33981,4948,57600,285.0,7817
TXSD_DELTAE_SWEEP_20260115,33991,4944,56000,276.9,7817
TXSD_DELTAE_SWEEP_20260115,34001,4944,57600,284.8,7817
TXSD_DELTAE_SWEEP_20260115,34011,4948,56000,277.1,7817
TXSD_DELTAE_SWEEP_20260115,34021,4948,57600,285.0,7817
TXSD_DELTAE_SWEEP_20260115,34031,4944,56000,276.9,7817
TXSD_DELTAE_SWEEP_20260115,34041,4944,57600,284.8,7817
TXSD_DELTAE_SWEEP_20260115,34051,4944,56000,276.9,7817
TXSD_DELTAE_SWEEP_20260115,34061,4944,57600,284.8,7817
TXSD_DELTAE_SWEEP_20260115,34071,4944,56600,279.8,7817
TXSD_DELTAE_SWEEP_20260115,34081,4944,57100,282.3,7817
TXSD_DELTAE_SWEEP_20260115,34091,4944,56700,280.3,7817
TXSD_DELTAE_SWEEP_20260115,34101,4944,56900,281.3,7817
TXSD_DELTAE_SWEEP_20260115,34111,4944,56600,279.8,7817
TXSD_DELTAE_SWEEP_20260115,34121,4948,56900,281.5,7817
TXSD_DELTAE_SWEEP_20260115,34131,4948,56900,281.5,7817
TXSD_DELTAE_SWEEP_20260115,34141,4944,56000,276.9,7817
TXSD_DELTAE_SWEEP_20260115,34151,4944,57600,284.8,7817
TXSD_DELTAE_SWEEP_20260115,34161,4944,56000,276.9,7817
TXSD_DELTAE_SWEEP_20260115,34171,4944,57500,284.3,7817
TXSD_DELTAE_SWEEP_20260115,34181,4944,56000,276.9,7817
TXSD_DELTAE_SWEEP_20260115,34191,4948,57600,285.0,7817
TXSD_DELTAE_SWEEP_20260115,34201,4944,56000,276.9,7817
TXSD_DELTAE_SWEEP_20260115,34211,4948,57600,285.0,7817
TXSD_DELTAE_SWEEP_20260115,34221,4944,56000,276.9,7817
TXSD_DELTAE_SWEEP_20260115,34231,4948,57600,285.0,7817
TXSD_DELTAE_SWEEP_20260115,34241,4944,56700,280.3,7817
TXSD_DELTAE_SWEEP_20260115,34251,4948,56900,281.5,7817
TXSD_DELTAE_SWEEP_20260115,34261,4944,56700,280.3,7817
TXSD_DELTAE_SWEEP_20260115,34271,4948,56900,281.5,7817
TXSD_DELTAE_SWEEP_20260115,34281,4944,56700,280.3,7817
TXSD_DELTAE_SWEEP_20260115,34291,4944,56000,276.9,7817
TXSD_DELTAE_SWEEP_20260115,34301,4944,57500,284.3,7817
TXSD_DELTAE_SWEEP_20260115,34311,4944,56000,276.9,7817
TXSD_DELTAE_SWEEP_20260115,34321,4948,57600,285.0,7817
TXSD_DELTAE_SWEEP_20260115,34331,4944,56000,276.9,7817
TXSD_DELTAE_SWEEP_20260115,34341,4948,57700,285.5,7817
TXSD_DELTAE_SWEEP_20260115,34351,4944,56000,276.9,7817
TXSD_DELTAE_SWEEP_20260115,34361,4948,57700,285.5,7817
TXSD_DELTAE_SWEEP_20260115,34371,4944,56000,276.9,7817
TXSD_DELTAE_SWEEP_20260115,34381,4948,57600,285.0,7817
TXSD_DELTAE_SWEEP_20260115,34391,4944,56100,277.4,7817
TXSD_DELTAE_SWEEP_20260115,34401,4944,57500,284.3,7817
TXSD_DELTAE_SWEEP_20260115,34411,4948,56700,280.6,7817
TXSD_DELTAE_SWEEP_20260115,34421,4948,57000,282.0,7817
TXSD_DELTAE_SWEEP_20260115,34431,4944,56700,280.3,7817
TXSD_DELTAE_SWEEP_20260115,34441,4948,56900,281.5,7817
TXSD_DELTAE_SWEEP_20260115,34451,4948,56700,280.6,7817
TXSD_DELTAE_SWEEP_20260115,34461,4944,56000,276.9,7817
TXSD_DELTAE_SWEEP_20260115,34471,4948,57600,285.0,7817
TXSD_DELTAE_SWEEP_20260115,34481,4944,56000,276.9,7817
TXSD_DELTAE_SWEEP_20260115,34491,4944,57600,284.8,7817
TXSD_DELTAE_SWEEP_20260115,34501,4944,56000,276.9,7817
TXSD_DELTAE_SWEEP_20260115,34511,4948,57600,285.0,7817
TXSD_DELTAE_SWEEP_20260115,34521,4944,56000,276.9,7817
TXSD_DELTAE_SWEEP_20260115,34531,4944,57600,284.8,7817
TXSD_DELTAE_SWEEP_20260115,34541,4944,56100,277.4,7817
TXSD_DELTAE_SWEEP_20260115,34551,4944,57600,284.8,7817
TXSD_DELTAE_SWEEP_20260115,34561,4944,56100,277.4,7817
TXSD_DELTAE_SWEEP_20260115,34571,4948,56800,281.0,7817
TXSD_DELTAE_SWEEP_20260115,34581,4948,56600,280.1,7817
TXSD_DELTAE_SWEEP_20260115,34591,4944,56900,281.3,7817
TXSD_DELTAE_SWEEP_20260115,34601,4944,56700,280.3,7817
TXSD_DELTAE_SWEEP_20260115,34611,4944,56700,280.3,7817
TXSD_DELTAE_SWEEP_20260115,34621,4944,57600,284.8,7817
TXSD_DELTAE_SWEEP_20260115,34631,4944,56000,276.9,7817
TXSD_DELTAE_SWEEP_20260115,34641,4948,57600,285.0,7817
TXSD_DELTAE_SWEEP_20260115,34651,4944,56000,276.9,7817
TXSD_DELTAE_SWEEP_20260115,34661,4944,57600,284.8,7817
TXSD_DELTAE_SWEEP_20260115,34671,4944,56000,276.9,7817
TXSD_DELTAE_SWEEP_20260115,34681,4948,57600,285.0,7817
TXSD_DELTAE_SWEEP_20260115,34691,4944,56000,276.9,7817
TXSD_DELTAE_SWEEP_20260115,34701,4948,57600,285.0,7817
TXSD_DELTAE_SWEEP_20260115,34711,4944,56000,276.9,7817
TXSD_DELTAE_SWEEP_20260115,34721,4944,57600,284.8,7817
TXSD_DELTAE_SWEEP_20260115,34731,4948,56700,280.6,7817
TXSD_DELTAE_SWEEP_20260115,34741,4948,56900,281.5,7817
TXSD_DELTAE_SWEEP_20260115,34751,4948,56700,280.6,7817
TXSD_DELTAE_SWEEP_20260115,34761,4944,57000,281.8,7817
TXSD_DELTAE_SWEEP_20260115,34771,4944,56600,279.8,7817
TXSD_DELTAE_SWEEP_20260115,34781,4944,55900,276.4,7817
TXSD_DELTAE_SWEEP_20260115,34791,4944,57600,284.8,7817
TXSD_DELTAE_SWEEP_20260115,34801,4944,56000,276.9,7817
TXSD_DELTAE_SWEEP_20260115,34811,4948,57600,285.0,7817
TXSD_DELTAE_SWEEP_20260115,34821,4944,56000,276.9,7817
TXSD_DELTAE_SWEEP_20260115,34831,4948,57600,285.0,7817
TXSD_DELTAE_SWEEP_20260115,34841,4944,56000,276.9,7817
TXSD_DELTAE_SWEEP_20260115,34851,4944,57600,284.8,7817
TXSD_DELTAE_SWEEP_20260115,34861,4944,56000,276.9,7817
TXSD_DELTAE_SWEEP_20260115,34871,4944,57600,284.8,7817
TXSD_DELTAE_SWEEP_20260115,34881,4944,56600,279.8,7817
TXSD_DELTAE_SWEEP_20260115,34891,4948,57200,283.0,7817
TXSD_DELTAE_SWEEP_20260115,34901,4944,56700,280.3,7817
TXSD_DELTAE_SWEEP_20260115,34911,4948,57000,282.0,7817
TXSD_DELTAE_SWEEP_20260115,34921,4944,56700,280.3,7817
TXSD_DELTAE_SWEEP_20260115,34931,4948,57000,282.0,7817
TXSD_DELTAE_SWEEP_20260115,34941,4944,56900,281.3,7817
TXSD_DELTAE_SWEEP_20260115,34951,4944,55900,276.4,7817
TXSD_DELTAE_SWEEP_20260115,34961,4948,57600,285.0,7817
TXSD_DELTAE_SWEEP_20260115,34971,4944,56000,276.9,7817
TXSD_DELTAE_SWEEP_20260115,34981,4948,57600,285.0,7817
TXSD_DELTAE_SWEEP_20260115,34991,4944,56100,277.4,7817
TXSD_DELTAE_SWEEP_20260115,35001,4948,57600,285.0,7817
TXSD_DELTAE_SWEEP_20260115,35011,4948,56000,277.1,7817
TXSD_DELTAE_SWEEP_20260115,35021,4948,57600,285.0,7817
TXSD_DELTAE_SWEEP_20260115,35031,4944,56000,276.9,7817
TXSD_DELTAE_SWEEP_20260115,35041,4948,57700,285.5,7817
TXSD_DELTAE_SWEEP_20260115,35051,4944,56700,280.3,7817
TXSD_DELTAE_SWEEP_20260115,35061,4948,57000,282.0,7817
TXSD_DELTAE_SWEEP_20260115,35071,4948,56700,280.6,7817
TXSD_DELTAE_SWEEP_20260115,35081,4948,57000,282.0,7817
TXSD_DELTAE_SWEEP_20260115,35091,4944,56700,280.3,7817
TXSD_DELTAE_SWEEP_20260115,35101,4944,56000,276.9,7817
TXSD_DELTAE_SWEEP_20260115,35111,4944,57700,285.3,7817
TXSD_DELTAE_SWEEP_20260115,35121,4944,56000,276.9,7817
TXSD_DELTAE_SWEEP_20260115,35131,4948,57600,285.0,7817
TXSD_DELTAE_SWEEP_20260115,35141,4944,56000,276.9,7817
TXSD_DELTAE_SWEEP_20260115,35151,4944,57600,284.8,7817
TXSD_DELTAE_SWEEP_20260115,35161,4944,56000,276.9,7817
TXSD_DELTAE_SWEEP_20260115,35171,4944,57600,284.8,7817
TXSD_DELTAE_SWEEP_20260115,35181,4944,56000,276.9,7817
TXSD_DELTAE_SWEEP_20260115,35191,4948,57600,285.0,7817
TXSD_DELTAE_SWEEP_20260115,35201,4944,56000,276.9,7817
TXSD_DELTAE_SWEEP_20260115,35211,4948,57600,285.0,7817
TXSD_DELTAE_SWEEP_20260115,35221,4944,56600,279.8,7817
TXSD_DELTAE_SWEEP_20260115,35231,4948,57000,282.0,7817
TXSD_DELTAE_SWEEP_20260115,35241,4880,56800,277.2,7818
TXSD_DELTAE_SWEEP_20260115,35251,4944,57000,281.8,7818
TXSD_DELTAE_SWEEP_20260115,35261,4948,56700,280.6,7818
TXSD_DELTAE_SWEEP_20260115,35271,4944,56000,276.9,7818
TXSD_DELTAE_SWEEP_20260115,35281,4948,57700,285.5,7818
TXSD_DELTAE_SWEEP_20260115,35291,4944,56100,277.4,7818
TXSD_DELTAE_SWEEP_20260115,35301,4948,57700,285.5,7818
TXSD_DELTAE_SWEEP_20260115,35311,4944,56000,276.9,7818
TXSD_DELTAE_SWEEP_20260115,35321,4948,57600,285.0,7818
TXSD_DELTAE_SWEEP_20260115,35331,4944,56000,276.9,7818
TXSD_DELTAE_SWEEP_20260115,35341,4944,57600,284.8,7818
TXSD_DELTAE_SWEEP_20260115,35351,4944,56000,276.9,7818
TXSD_DELTAE_SWEEP_20260115,35361,4948,57600,285.0,7818
TXSD_DELTAE_SWEEP_20260115,35371,4944,56700,280.3,7818
TXSD_DELTAE_SWEEP_20260115,35381,4948,56900,281.5,7818
TXSD_DELTAE_SWEEP_20260115,35391,4948,56600,280.1,7818
TXSD_DELTAE_SWEEP_20260115,35401,4944,56900,281.3,7818
TXSD_DELTAE_SWEEP_20260115,35411,4944,56700,280.3,7818
TXSD_DELTAE_SWEEP_20260115,35421,4944,56700,280.3,7818
TXSD_DELTAE_SWEEP_20260115,35431,4944,57600,284.8,7818
TXSD_DELTAE_SWEEP_20260115,35441,4944,56000,276.9,7818
TXSD_DELTAE_SWEEP_20260115,35451,4948,57600,285.0,7818
TXSD_DELTAE_SWEEP_20260115,35461,4944,56000,276.9,7818
TXSD_DELTAE_SWEEP_20260115,35471,4948,57600,285.0,7818
TXSD_DELTAE_SWEEP_20260115,35481,4944,56000,276.9,7818
TXSD_DELTAE_SWEEP_20260115,35491,4948,57600,285.0,7818
TXSD_DELTAE_SWEEP_20260115,35501,4944,56000,276.9,7818
TXSD_DELTAE_SWEEP_20260115,35511,4948,57600,285.0,7818
TXSD_DELTAE_SWEEP_20260115,35521,4944,56000,276.9,7818
TXSD_DELTAE_SWEEP_20260115,35531,4944,57600,284.8,7818
TXSD_DELTAE_SWEEP_20260115,35541,4944,56700,280.3,7818
TXSD_DELTAE_SWEEP_20260115,35551,4948,56900,281.5,7818
TXSD_DELTAE_SWEEP_20260115,35561,4944,56700,280.3,7818
TXSD_DELTAE_SWEEP_20260115,35571,4944,56900,281.3,7818
TXSD_DELTAE_SWEEP_20260115,35581,4944,56700,280.3,7818
TXSD_DELTAE_SWEEP_20260115,35591,4944,56000,276.9,7818
TXSD_DELTAE_SWEEP_20260115,35601,4944,57600,284.8,7818
TXSD_DELTAE_SWEEP_20260115,35611,4944,56000,276.9,7818
TXSD_DELTAE_SWEEP_20260115,35621,4948,57600,285.0,7818
TXSD_DELTAE_SWEEP_20260115,35631,4944,56000,276.9,7818
TXSD_DELTAE_SWEEP_20260115,35641,4948,57500,284.5,7818
TXSD_DELTAE_SWEEP_20260115,35651,4944,56000,276.9,7818
TXSD_DELTAE_SWEEP_20260115,35661,4948,57600,285.0,7818
TXSD_DELTAE_SWEEP_20260115,35671,4944,56000,276.9,7818
TXSD_DELTAE_SWEEP_20260115,35681,4944,57600,284.8,7818
TXSD_DELTAE_SWEEP_20260115,35691,4944,56600,279.8,7818
TXSD_DELTAE_SWEEP_20260115,35701,4948,57200,283.0,7818
TXSD_DELTAE_SWEEP_20260115,35711,4944,56800,280.8,7818
TXSD_DELTAE_SWEEP_20260115,35721,4948,56900,281.5,7818
TXSD_DELTAE_SWEEP_20260115,35731,4944,56700,280.3,7818
TXSD_DELTAE_SWEEP_20260115,35741,4944,57000,281.8,7818
TXSD_DELTAE_SWEEP_20260115,35751,4948,56800,281.0,7818
TXSD_DELTAE_SWEEP_20260115,35761,4944,56000,276.9,7818
TXSD_DELTAE_SWEEP_20260115,35771,4948,57600,285.0,7818
TXSD_DELTAE_SWEEP_20260115,35781,4948,56000,277.1,7818
TXSD_DELTAE_SWEEP_20260115,35791,4948,57600,285.0,7818
TXSD_DELTAE_SWEEP_20260115,35801,4944,56000,276.9,7818
TXSD_DELTAE_SWEEP_20260115,35811,4944,57600,284.8,7818
TXSD_DELTAE_SWEEP_20260115,35821,4944,56000,276.9,7818
TXSD_DELTAE_SWEEP_20260115,35831,4948,57600,285.0,7818
TXSD_DELTAE_SWEEP_20260115,35841,4944,56000,276.9,7818
TXSD_DELTAE_SWEEP_20260115,35851,4948,57500,284.5,7818
TXSD_DELTAE_SWEEP_20260115,35861,4944,56700,280.3,7818
TXSD_DELTAE_SWEEP_20260115,35871,4944,56900,281.3,7818
TXSD_DELTAE_SWEEP_20260115,35881,4944,56700,280.3,7818
TXSD_DELTAE_SWEEP_20260115,35891,4948,57000,282.0,7818
TXSD_DELTAE_SWEEP_20260115,35901,4944,56600,279.8,7818
TXSD_DELTAE_SWEEP_20260115,35911,4944,56100,277.4,7818
TXSD_DELTAE_SWEEP_20260115,35921,4948,57600,285.0,7818
TXSD_DELTAE_SWEEP_20260115,35931,4944,56000,276.9,7818
TXSD_DELTAE_SWEEP_20260115,35941,4948,57600,285.0,7818
TXSD_DELTAE_SWEEP_20260115,35951,4944,56000,276.9,7818
TXSD_DELTAE_SWEEP_20260115,35961,4948,57600,285.0,7818
TXSD_DELTAE_SWEEP_20260115,35971,4944,56000,276.9,7818
TXSD_DELTAE_SWEEP_20260115,35981,4948,57600,285.0,7818
TXSD_DELTAE_SWEEP_20260115,35991,4944,56000,276.9,7818
TXSD_DELTAE_SWEEP_20260115,36001,4948,57500,284.5,7818
TXSD_DELTAE_SWEEP_20260115,36011,4944,56100,277.4,7818
TXSD_DELTAE_SWEEP_20260115,36021,4948,57600,285.0,7818
TXSD_DELTAE_SWEEP_20260115,36031,4944,56400,278.8,7818
TXSD_DELTAE_SWEEP_20260115,36041,4948,57000,282.0,7818
TXSD_DELTAE_SWEEP_20260115,36051,4944,56700,280.3,7818
TXSD_DELTAE_SWEEP_20260115,36061,4944,57000,281.8,7818
TXSD_DELTAE_SWEEP_20260115,36071,4948,56600,280.1,7818
TXSD_DELTAE_SWEEP_20260115,36081,4944,56100,277.4,7818
TXSD_DELTAE_SWEEP_20260115,36091,4944,57600,284.8,7818
TXSD_DELTAE_SWEEP_20260115,36101,4944,56000,276.9,7818
TXSD_DELTAE_SWEEP_20260115,36111,4948,57600,285.0,7818
TXSD_DELTAE_SWEEP_20260115,36121,4944,56000,276.9,7818
TXSD_DELTAE_SWEEP_20260115,36131,4948,57600,285.0,7818
TXSD_DELTAE_SWEEP_20260115,36141,4944,56000,276.9,7818
TXSD_DELTAE_SWEEP_20260115,36151,4948,57700,285.5,7818
TXSD_DELTAE_SWEEP_20260115,36161,4944,56100,277.4,7818
TXSD_DELTAE_SWEEP_20260115,36171,4944,57600,284.8,7818
TXSD_DELTAE_SWEEP_20260115,36181,4944,56700,280.3,7818
TXSD_DELTAE_SWEEP_20260115,36191,4948,56900,281.5,7818
TXSD_DELTAE_SWEEP_20260115,36201,4944,56600,279.8,7818
TXSD_DELTAE_SWEEP_20260115,36211,4948,56900,281.5,7818
TXSD_DELTAE_SWEEP_20260115,36221,4944,56700,280.3,7818
TXSD_DELTAE_SWEEP_20260115,36231,4944,56700,280.3,7818
TXSD_DELTAE_SWEEP_20260115,36241,4948,57600,285.0,7818
TXSD_DELTAE_SWEEP_20260115,36251,4944,56000,276.9,7818
TXSD_DELTAE_SWEEP_20260115,36261,4944,57600,284.8,7818
TXSD_DELTAE_SWEEP_20260115,36271,4944,56000,276.9,7818
TXSD_DELTAE_SWEEP_20260115,36281,4948,57600,285.0,7818
TXSD_DELTAE_SWEEP_20260115,36291,4944,55900,276.4,7818
TXSD_DELTAE_SWEEP_20260115,36301,4948,57600,285.0,7818
TXSD_DELTAE_SWEEP_20260115,36311,4944,56000,276.9,7818
TXSD_DELTAE_SWEEP_20260115,36321,4944,57600,284.8,7818
TXSD_DELTAE_SWEEP_20260115,36331,4944,56000,276.9,7818
TXSD_DELTAE_SWEEP_20260115,36341,4948,57600,285.0,7818
TXSD_DELTAE_SWEEP_20260115,36351,4944,56700,280.3,7818
TXSD_DELTAE_SWEEP_20260115,36361,4944,56900,281.3,7818
TXSD_DELTAE_SWEEP_20260115,36371,4944,56700,280.3,7818
TXSD_DELTAE_SWEEP_20260115,36381,4944,56900,281.3,7818
TXSD_DELTAE_SWEEP_20260115,36391,4944,56700,280.3,7818
TXSD_DELTAE_SWEEP_20260115,36401,4948,56000,277.1,7818
TXSD_DELTAE_SWEEP_20260115,36411,4944,57700,285.3,7818
TXSD_DELTAE_SWEEP_20260115,36421,4944,56000,276.9,7818
TXSD_DELTAE_SWEEP_20260115,36431,4948,57600,285.0,7818
TXSD_DELTAE_SWEEP_20260115,36441,4944,56100,277.4,7818
TXSD_DELTAE_SWEEP_20260115,36451,4948,57600,285.0,7818
TXSD_DELTAE_SWEEP_20260115,36461,4944,56000,276.9,7818
TXSD_DELTAE_SWEEP_20260115,36471,4948,57600,285.0,7818
TXSD_DELTAE_SWEEP_20260115,36481,4944,56000,276.9,7818
TXSD_DELTAE_SWEEP_20260115,36491,4948,57600,285.0,7818
TXSD_DELTAE_SWEEP_20260115,36501,4944,56600,279.8,7818
TXSD_DELTAE_SWEEP_20260115,36511,4948,57200,283.0,7818
TXSD_DELTAE_SWEEP_20260115,36521,4944,56700,280.3,7818
TXSD_DELTAE_SWEEP_20260115,36531,4944,56900,281.3,7818
TXSD_DELTAE_SWEEP_20260115,36541,4948,56700,280.6,7818
TXSD_DELTAE_SWEEP_20260115,36551,4948,56900,281.5,7818
TXSD_DELTAE_SWEEP_20260115,36561,4944,56900,281.3,7818
TXSD_DELTAE_SWEEP_20260115,36571,4944,56000,276.9,7818
TXSD_DELTAE_SWEEP_20260115,36581,4948,57700,285.5,7818
TXSD_DELTAE_SWEEP_20260115,36591,4944,55900,276.4,7818
TXSD_DELTAE_SWEEP_20260115,36601,4944,57600,284.8,7818
TXSD_DELTAE_SWEEP_20260115,36611,4944,56000,276.9,7818
TXSD_DELTAE_SWEEP_20260115,36621,4948,57500,284.5,7818
TXSD_DELTAE_SWEEP_20260115,36631,4944,56000,276.9,7818
TXSD_DELTAE_SWEEP_20260115,36641,4944,57600,284.8,7818
TXSD_DELTAE_SWEEP_20260115,36651,4944,56000,276.9,7818
TXSD_DELTAE_SWEEP_20260115,36661,4948,57600,285.0,7818
TXSD_DELTAE_SWEEP_20260115,36671,4944,56600,279.8,7818
TXSD_DELTAE_SWEEP_20260115,36681,4944,57000,281.8,7818
TXSD_DELTAE_SWEEP_20260115,36691,4948,56700,280.6,7818
TXSD_DELTAE_SWEEP_20260115,36701,4944,57000,281.8,7818
TXSD_DELTAE_SWEEP_20260115,36711,4944,56600,279.8,7818
TXSD_DELTAE_SWEEP_20260115,36721,4948,56100,277.6,7818
TXSD_DELTAE_SWEEP_20260115,36731,4948,57700,285.5,7818
TXSD_DELTAE_SWEEP_20260115,36741,4944,55900,276.4,7818
TXSD_DELTAE_SWEEP_20260115,36751,4948,57600,285.0,7818
TXSD_DELTAE_SWEEP_20260115,36761,4944,56100,277.4,7818
TXSD_DELTAE_SWEEP_20260115,36771,4948,57600,285.0,7818
TXSD_DELTAE_SWEEP_20260115,36781,4944,56000,276.9,7818
TXSD_DELTAE_SWEEP_20260115,36791,4944,57700,285.3,7818
TXSD_DELTAE_SWEEP_20260115,36801,4944,56000,276.9,7818
TXSD_DELTAE_SWEEP_20260115,36811,4948,57700,285.5,7818
TXSD_DELTAE_SWEEP_20260115,36821,4944,56000,276.9,7818
TXSD_DELTAE_SWEEP_20260115,36831,4948,57600,285.0,7818
TXSD_DELTAE_SWEEP_20260115,36841,4944,56600,279.8,7818
TXSD_DELTAE_SWEEP_20260115,36851,4948,57000,282.0,7818
TXSD_DELTAE_SWEEP_20260115,36861,4944,56700,280.3,7818
TXSD_DELTAE_SWEEP_20260115,36871,4948,56900,281.5,7818
TXSD_DELTAE_SWEEP_20260115,36881,4948,56700,280.6,7818
TXSD_DELTAE_SWEEP_20260115,36891,4944,56000,276.9,7818
TXSD_DELTAE_SWEEP_20260115,36901,4948,57700,285.5,7818
TXSD_DELTAE_SWEEP_20260115,36911,4944,56000,276.9,7818
TXSD_DELTAE_SWEEP_20260115,36921,4948,57600,285.0,7818
TXSD_DELTAE_SWEEP_20260115,36931,4944,56000,276.9,7818
TXSD_DELTAE_SWEEP_20260115,36941,4948,57600,285.0,7818
TXSD_DELTAE_SWEEP_20260115,36951,4944,56000,276.9,7818
TXSD_DELTAE_SWEEP_20260115,36961,4948,57600,285.0,7818
TXSD_DELTAE_SWEEP_20260115,36971,4944,56000,276.9,7818
TXSD_DELTAE_SWEEP_20260115,36981,4948,57600,285.0,7818
TXSD_DELTAE_SWEEP_20260115,36991,4944,56700,280.3,7818
TXSD_DELTAE_SWEEP_20260115,37001,4948,56900,281.5,7818
TXSD_DELTAE_SWEEP_20260115,37011,4948,56700,280.6,7818
TXSD_DELTAE_SWEEP_20260115,37021,4944,57000,281.8,7818
TXSD_DELTAE_SWEEP_20260115,37031,4944,56700,280.3,7818
TXSD_DELTAE_SWEEP_20260115,37041,4948,56700,280.6,7818
TXSD_DELTAE_SWEEP_20260115,37051,4944,57600,284.8,7818
TXSD_DELTAE_SWEEP_20260115,37061,4944,56000,276.9,7818
TXSD_DELTAE_SWEEP_20260115,37071,4948,57600,285.0,7818
TXSD_DELTAE_SWEEP_20260115,37081,4944,56000,276.9,7818
TXSD_DELTAE_SWEEP_20260115,37091,4948,57600,285.0,7818
TXSD_DELTAE_SWEEP_20260115,37101,4944,56000,276.9,7818
TXSD_DELTAE_SWEEP_20260115,37111,4948,57700,285.5,7818
TXSD_DELTAE_SWEEP_20260115,37121,4944,56000,276.9,7818
TXSD_DELTAE_SWEEP_20260115,37131,4948,57600,285.0,7818
TXSD_DELTAE_SWEEP_20260115,37141,4944,56000,276.9,7818
TXSD_DELTAE_SWEEP_20260115,37151,4948,57600,285.0,7818
TXSD_DELTAE_SWEEP_20260115,37161,4944,56600,279.8,7818
TXSD_DELTAE_SWEEP_20260115,37171,4948,56900,281.5,7818
TXSD_DELTAE_SWEEP_20260115,37181,4944,56700,280.3,7818
TXSD_DELTAE_SWEEP_20260115,37191,4944,57000,281.8,7818
TXSD_DELTAE_SWEEP_20260115,37201,4944,56700,280.3,7818
TXSD_DELTAE_SWEEP_20260115,37211,4944,56000,276.9,7818
TXSD_DELTAE_SWEEP_20260115,37221,4944,57500,284.3,7818
TXSD_DELTAE_SWEEP_20260115,37231,4944,56000,276.9,7818
TXSD_DELTAE_SWEEP_20260115,37241,4928,59900,295.2,7819
TXSD_DELTAE_SWEEP_20260115,37251,4944,56000,276.9,7819
TXSD_DELTAE_SWEEP_20260115,37261,4944,57700,285.3,7819
TXSD_DELTAE_SWEEP_20260115,37271,4944,56000,276.9,7819
TXSD_DELTAE_SWEEP_20260115,37281,4948,57700,285.5,7819
TXSD_DELTAE_SWEEP_20260115,37291,4944,56000,276.9,7819
TXSD_DELTAE_SWEEP_20260115,37301,4948,57600,285.0,7819
TXSD_DELTAE_SWEEP_20260115,37311,4944,56600,279.8,7819
TXSD_DELTAE_SWEEP_20260115,37321,4944,57200,282.8,7819
TXSD_DELTAE_SWEEP_20260115,37331,4944,56800,280.8,7819
TXSD_DELTAE_SWEEP_20260115,37341,4944,56900,281.3,7819
TXSD_DELTAE_SWEEP_20260115,37351,4948,56600,280.1,7819
TXSD_DELTAE_SWEEP_20260115,37361,4944,57000,281.8,7819
TXSD_DELTAE_SWEEP_20260115,37371,4948,56900,281.5,7819
TXSD_DELTAE_SWEEP_20260115,37381,4944,56000,276.9,7819
TXSD_DELTAE_SWEEP_20260115,37391,4944,57600,284.8,7819
TXSD_DELTAE_SWEEP_20260115,37401,4944,56000,276.9,7819
TXSD_DELTAE_SWEEP_20260115,37411,4948,57600,285.0,7819
TXSD_DELTAE_SWEEP_20260115,37421,4944,56000,276.9,7819
TXSD_DELTAE_SWEEP_20260115,37431,4944,57600,284.8,7819
TXSD_DELTAE_SWEEP_20260115,37441,4944,56000,276.9,7819
TXSD_DELTAE_SWEEP_20260115,37451,4944,57600,284.8,7819
TXSD_DELTAE_SWEEP_20260115,37461,4944,56000,276.9,7819
TXSD_DELTAE_SWEEP_20260115,37471,4948,57600,285.0,7819
TXSD_DELTAE_SWEEP_20260115,37481,4944,56600,279.8,7819
TXSD_DELTAE_SWEEP_20260115,37491,4944,57000,281.8,7819
TXSD_DELTAE_SWEEP_20260115,37501,4948,56700,280.6,7819
TXSD_DELTAE_SWEEP_20260115,37511,4944,57000,281.8,7819
TXSD_DELTAE_SWEEP_20260115,37521,4944,56700,280.3,7819
TXSD_DELTAE_SWEEP_20260115,37531,4948,56000,277.1,7819
TXSD_DELTAE_SWEEP_20260115,37541,4948,57600,285.0,7819
TXSD_DELTAE_SWEEP_20260115,37551,4948,56000,277.1,7819
TXSD_DELTAE_SWEEP_20260115,37561,4948,57600,285.0,7819
TXSD_DELTAE_SWEEP_20260115,37571,4944,56100,277.4,7819
TXSD_DELTAE_SWEEP_20260115,37581,4948,57600,285.0,7819
TXSD_DELTAE_SWEEP_20260115,37591,4944,56000,276.9,7819
TXSD_DELTAE_SWEEP_20260115,37601,4948,57600,285.0,7819
TXSD_DELTAE_SWEEP_20260115,37611,4944,56000,276.9,7819
TXSD_DELTAE_SWEEP_20260115,37621,4948,57700,285.5,7819
TXSD_DELTAE_SWEEP_20260115,37631,4948,56000,277.1,7819
TXSD_DELTAE_SWEEP_20260115,37641,4948,57600,285.0,7819
TXSD_DELTAE_SWEEP_20260115,37651,4948,56400,279.1,7819
TXSD_DELTAE_SWEEP_20260115,37661,4944,57000,281.8,7819
TXSD_DELTAE_SWEEP_20260115,37671,4944,56600,279.8,7819
TXSD_DELTAE_SWEEP_20260115,37681,4944,57000,281.8,7819
TXSD_DELTAE_SWEEP_20260115,37691,4944,56700,280.3,7819
TXSD_DELTAE_SWEEP_20260115,37701,4944,56100,277.4,7819
TXSD_DELTAE_SWEEP_20260115,37711,4944,57600,284.8,7819
TXSD_DELTAE_SWEEP_20260115,37721,4944,56000,276.9,7819
TXSD_DELTAE_SWEEP_20260115,37731,4948,57600,285.0,7819
TXSD_DELTAE_SWEEP_20260115,37741,4944,56000,276.9,7819
TXSD_DELTAE_SWEEP_20260115,37751,4944,57600,284.8,7819
TXSD_DELTAE_SWEEP_20260115,37761,4944,56000,276.9,7819
TXSD_DELTAE_SWEEP_20260115,37771,4948,57700,285.5,7819
TXSD_DELTAE_SWEEP_20260115,37781,4944,56000,276.9,7819
TXSD_DELTAE_SWEEP_20260115,37791,4948,57600,285.0,7819
TXSD_DELTAE_SWEEP_20260115,37801,4944,56700,280.3,7819
TXSD_DELTAE_SWEEP_20260115,37811,4948,56900,281.5,7819
TXSD_DELTAE_SWEEP_20260115,37821,4944,56600,279.8,7819
TXSD_DELTAE_SWEEP_20260115,37831,4944,57000,281.8,7819
TXSD_DELTAE_SWEEP_20260115,37841,4944,56600,279.8,7819
TXSD_DELTAE_SWEEP_20260115,37851,4944,56700,280.3,7819
TXSD_DELTAE_SWEEP_20260115,37861,4944,57600,284.8,7819
TXSD_DELTAE_SWEEP_20260115,37871,4944,56000,276.9,7819
TXSD_DELTAE_SWEEP_20260115,37881,4948,57600,285.0,7819
TXSD_DELTAE_SWEEP_20260115,37891,4944,56000,276.9,7819
TXSD_DELTAE_SWEEP_20260115,37901,4948,57600,285.0,7819
TXSD_DELTAE_SWEEP_20260115,37911,4944,56100,277.4,7819
TXSD_DELTAE_SWEEP_20260115,37921,4944,57600,284.8,7819
TXSD_DELTAE_SWEEP_20260115,37931,4944,56000,276.9,7819
TXSD_DELTAE_SWEEP_20260115,37941,4944,57600,284.8,7819
TXSD_DELTAE_SWEEP_20260115,37951,4944,56000,276.9,7819
TXSD_DELTAE_SWEEP_20260115,37961,4948,57600,285.0,7819
TXSD_DELTAE_SWEEP_20260115,37971,4948,56700,280.6,7819
TXSD_DELTAE_SWEEP_20260115,37981,4944,56900,281.3,7819
TXSD_DELTAE_SWEEP_20260115,37991,4944,56600,279.8,7819
TXSD_DELTAE_SWEEP_20260115,38001,4944,57000,281.8,7819
TXSD_DELTAE_SWEEP_20260115,38011,4944,56700,280.3,7819
TXSD_DELTAE_SWEEP_20260115,38021,4948,56100,277.6,7819
TXSD_DELTAE_SWEEP_20260115,38031,4944,57500,284.3,7819
TXSD_DELTAE_SWEEP_20260115,38041,4944,56000,276.9,7819
TXSD_DELTAE_SWEEP_20260115,38051,4948,57700,285.5,7819
TXSD_DELTAE_SWEEP_20260115,38061,4944,56000,276.9,7819
TXSD_DELTAE_SWEEP_20260115,38071,4948,57600,285.0,7819
TXSD_DELTAE_SWEEP_20260115,38081,4944,56100,277.4,7819
TXSD_DELTAE_SWEEP_20260115,38091,4948,57500,284.5,7819
TXSD_DELTAE_SWEEP_20260115,38101,4944,56000,276.9,7819
TXSD_DELTAE_SWEEP_20260115,38111,4944,57600,284.8,7819
TXSD_DELTAE_SWEEP_20260115,38121,4944,56600,279.8,7819
TXSD_DELTAE_SWEEP_20260115,38131,4948,57200,283.0,7819
TXSD_DELTAE_SWEEP_20260115,38141,4944,56700,280.3,7819
TXSD_DELTAE_SWEEP_20260115,38151,4944,57000,281.8,7819
TXSD_DELTAE_SWEEP_20260115,38161,4944,56700,280.3,7819
TXSD_DELTAE_SWEEP_20260115,38171,4948,56900,281.5,7819
TXSD_DELTAE_SWEEP_20260115,38181,4948,56900,281.5,7819
TXSD_DELTAE_SWEEP_20260115,38191,4944,56000,276.9,7819
TXSD_DELTAE_SWEEP_20260115,38201,4948,57600,285.0,7819
TXSD_DELTAE_SWEEP_20260115,38211,4944,56000,276.9,7819
TXSD_DELTAE_SWEEP_20260115,38221,4948,57700,285.5,7819
TXSD_DELTAE_SWEEP_20260115,38231,4944,56000,276.9,7819
TXSD_DELTAE_SWEEP_20260115,38241,4944,57600,284.8,7819
TXSD_DELTAE_SWEEP_20260115,38251,4944,56000,276.9,7819
TXSD_DELTAE_SWEEP_20260115,38261,4948,57600,285.0,7819
TXSD_DELTAE_SWEEP_20260115,38271,4944,56000,276.9,7819
TXSD_DELTAE_SWEEP_20260115,38281,4948,57600,285.0,7819
TXSD_DELTAE_SWEEP_20260115,38291,4944,56700,280.3,7819
TXSD_DELTAE_SWEEP_20260115,38301,4944,56900,281.3,7819
TXSD_DELTAE_SWEEP_20260115,38311,4944,56600,279.8,7819
TXSD_DELTAE_SWEEP_20260115,38321,4948,56900,281.5,7819
TXSD_DELTAE_SWEEP_20260115,38331,4944,56700,280.3,7819
TXSD_DELTAE_SWEEP_20260115,38341,4948,56100,277.6,7819
TXSD_DELTAE_SWEEP_20260115,38351,4948,57600,285.0,7819
TXSD_DELTAE_SWEEP_20260115,38361,4944,56000,276.9,7819
TXSD_DELTAE_SWEEP_20260115,38371,4948,57600,285.0,7819
TXSD_DELTAE_SWEEP_20260115,38381,4948,56100,277.6,7819
TXSD_DELTAE_SWEEP_20260115,38391,4944,57600,284.8,7819
TXSD_DELTAE_SWEEP_20260115,38401,4944,56000,276.9,7819
TXSD_DELTAE_SWEEP_20260115,38411,4948,57600,285.0,7819
TXSD_DELTAE_SWEEP_20260115,38421,4944,56000,276.9,7819
TXSD_DELTAE_SWEEP_20260115,38431,4948,57600,285.0,7819
TXSD_DELTAE_SWEEP_20260115,38441,4944,56100,277.4,7819
TXSD_DELTAE_SWEEP_20260115,38451,4948,57600,285.0,7819
TXSD_DELTAE_SWEEP_20260115,38461,4944,56400,278.8,7819
TXSD_DELTAE_SWEEP_20260115,38471,4944,57000,281.8,7819
TXSD_DELTAE_SWEEP_20260115,38481,4948,56700,280.6,7819
TXSD_DELTAE_SWEEP_20260115,38491,4948,56900,281.5,7819
TXSD_DELTAE_SWEEP_20260115,38501,4948,56700,280.6,7819
TXSD_DELTAE_SWEEP_20260115,38511,4944,56000,276.9,7819
TXSD_DELTAE_SWEEP_20260115,38521,4948,57600,285.0,7819
TXSD_DELTAE_SWEEP_20260115,38531,4944,56000,276.9,7819
TXSD_DELTAE_SWEEP_20260115,38541,4944,57600,284.8,7819
TXSD_DELTAE_SWEEP_20260115,38551,4944,56000,276.9,7819
TXSD_DELTAE_SWEEP_20260115,38561,4948,57600,285.0,7819
TXSD_DELTAE_SWEEP_20260115,38571,4944,55900,276.4,7819
TXSD_DELTAE_SWEEP_20260115,38581,4948,57600,285.0,7819
TXSD_DELTAE_SWEEP_20260115,38591,4944,56100,277.4,7819
TXSD_DELTAE_SWEEP_20260115,38601,4948,57600,285.0,7819
TXSD_DELTAE_SWEEP_20260115,38611,4944,56700,280.3,7819
TXSD_DELTAE_SWEEP_20260115,38621,4948,56900,281.5,7819
TXSD_DELTAE_SWEEP_20260115,38631,4944,56600,279.8,7819
TXSD_DELTAE_SWEEP_20260115,38641,4948,56900,281.5,7819
TXSD_DELTAE_SWEEP_20260115,38651,4944,56700,280.3,7819
TXSD_DELTAE_SWEEP_20260115,38661,4944,56700,280.3,7819
TXSD_DELTAE_SWEEP_20260115,38671,4944,57500,284.3,7819
TXSD_DELTAE_SWEEP_20260115,38681,4944,56000,276.9,7819
TXSD_DELTAE_SWEEP_20260115,38691,4948,57600,285.0,7819
TXSD_DELTAE_SWEEP_20260115,38701,4944,56000,276.9,7819
TXSD_DELTAE_SWEEP_20260115,38711,4948,57600,285.0,7819
TXSD_DELTAE_SWEEP_20260115,38721,4944,56000,276.9,7819
TXSD_DELTAE_SWEEP_20260115,38731,4948,57600,285.0,7819
TXSD_DELTAE_SWEEP_20260115,38741,4944,56000,276.9,7819
TXSD_DELTAE_SWEEP_20260115,38751,4944,57600,284.8,7819
TXSD_DELTAE_SWEEP_20260115,38761,4944,56000,276.9,7819
TXSD_DELTAE_SWEEP_20260115,38771,4948,57600,285.0,7819
TXSD_DELTAE_SWEEP_20260115,38781,4944,56700,280.3,7819
TXSD_DELTAE_SWEEP_20260115,38791,4948,56900,281.5,7819
TXSD_DELTAE_SWEEP_20260115,38801,4944,56700,280.3,7819
TXSD_DELTAE_SWEEP_20260115,38811,4944,57000,281.8,7819
TXSD_DELTAE_SWEEP_20260115,38821,4948,56600,280.1,7819
TXSD_DELTAE_SWEEP_20260115,38831,4944,56000,276.9,7819
TXSD_DELTAE_SWEEP_20260115,38841,4944,57600,284.8,7819
TXSD_DELTAE_SWEEP_20260115,38851,4944,56000,276.9,7819
TXSD_DELTAE_SWEEP_20260115,38861,4948,57600,285.0,7819
TXSD_DELTAE_SWEEP_20260115,38871,4944,56000,276.9,7819
TXSD_DELTAE_SWEEP_20260115,38881,4948,57600,285.0,7819
TXSD_DELTAE_SWEEP_20260115,38891,4948,56000,277.1,7819
TXSD_DELTAE_SWEEP_20260115,38901,4944,57600,284.8,7819
TXSD_DELTAE_SWEEP_20260115,38911,4944,56000,276.9,7819
TXSD_DELTAE_SWEEP_20260115,38921,4948,57600,285.0,7819
TXSD_DELTAE_SWEEP_20260115,38931,4944,56600,279.8,7819
TXSD_DELTAE_SWEEP_20260115,38941,4948,57200,283.0,7819
TXSD_DELTAE_SWEEP_20260115,38951,4944,56800,280.8,7819
TXSD_DELTAE_SWEEP_20260115,38961,4948,56900,281.5,7819
TXSD_DELTAE_SWEEP_20260115,38971,4944,56700,280.3,7819
TXSD_DELTAE_SWEEP_20260115,38981,4948,57000,282.0,7819
TXSD_DELTAE_SWEEP_20260115,38991,4944,56900,281.3,7819
TXSD_DELTAE_SWEEP_20260115,39001,4944,56000,276.9,7819
TXSD_DELTAE_SWEEP_20260115,39011,4948,57600,285.0,7819
TXSD_DELTAE_SWEEP_20260115,39021,4944,56000,276.9,7819
TXSD_DELTAE_SWEEP_20260115,39031,4948,57700,285.5,7819
TXSD_DELTAE_SWEEP_20260115,39041,4944,56000,276.9,7819
TXSD_DELTAE_SWEEP_20260115,39051,4948,57600,285.0,7819
TXSD_DELTAE_SWEEP_20260115,39061,4944,56000,276.9,7819
TXSD_DELTAE_SWEEP_20260115,39071,4948,57600,285.0,7819
TXSD_DELTAE_SWEEP_20260115,39081,4944,56000,276.9,7819
TXSD_DELTAE_SWEEP_20260115,39091,4948,57600,285.0,7819
TXSD_DELTAE_SWEEP_20260115,39101,4944,56600,279.8,7819
TXSD_DELTAE_SWEEP_20260115,39111,4948,57000,282.0,7819
TXSD_DELTAE_SWEEP_20260115,39121,4948,56700,280.6,7819
TXSD_DELTAE_SWEEP_20260115,39131,4944,57000,281.8,7819
TXSD_DELTAE_SWEEP_20260115,39141,4948,56700,280.6,7819
TXSD_DELTAE_SWEEP_20260115,39151,4944,56100,277.4,7819
TXSD_DELTAE_SWEEP_20260115,39161,4944,57600,284.8,7819
TXSD_DELTAE_SWEEP_20260115,39171,4944,56000,276.9,7819
TXSD_DELTAE_SWEEP_20260115,39181,4944,57600,284.8,7819
TXSD_DELTAE_SWEEP_20260115,39191,4944,56000,276.9,7819
TXSD_DELTAE_SWEEP_20260115,39201,4944,57600,284.8,7819
TXSD_DELTAE_SWEEP_20260115,39211,4944,56000,276.9,7819
TXSD_DELTAE_SWEEP_20260115,39221,4948,57600,285.0,7819
TXSD_DELTAE_SWEEP_20260115,39231,4944,56000,276.9,7819
TXSD_DELTAE_SWEEP_20260115,39241,4940,79300,391.7,7820
TXSD_DELTAE_SWEEP_20260115,39251,4944,56100,277.4,7820
TXSD_DELTAE_SWEEP_20260115,39261,4948,57600,285.0,7820
TXSD_DELTAE_SWEEP_20260115,39271,4944,56400,278.8,7820
TXSD_DELTAE_SWEEP_20260115,39281,4948,57000,282.0,7820
TXSD_DELTAE_SWEEP_20260115,39291,4944,56700,280.3,7820
TXSD_DELTAE_SWEEP_20260115,39301,4944,56900,281.3,7820
TXSD_DELTAE_SWEEP_20260115,39311,4944,56600,279.8,7820
TXSD_DELTAE_SWEEP_20260115,39321,4944,56000,276.9,7820
TXSD_DELTAE_SWEEP_20260115,39331,4944,57600,284.8,7820
TXSD_DELTAE_SWEEP_20260115,39341,4944,56000,276.9,7820
TXSD_DELTAE_SWEEP_20260115,39351,4948,57600,285.0,7820
TXSD_DELTAE_SWEEP_20260115,39361,4944,56000,276.9,7820
TXSD_DELTAE_SWEEP_20260115,39371,4948,57600,285.0,7820
TXSD_DELTAE_SWEEP_20260115,39381,4944,56000,276.9,7820
TXSD_DELTAE_SWEEP_20260115,39391,4948,57600,285.0,7820
TXSD_DELTAE_SWEEP_20260115,39401,4948,56000,277.1,7820
TXSD_DELTAE_SWEEP_20260115,39411,4948,57700,285.5,7820
TXSD_DELTAE_SWEEP_20260115,39421,4944,56700,280.3,7820
TXSD_DELTAE_SWEEP_20260115,39431,4944,56900,281.3,7820
TXSD_DELTAE_SWEEP_20260115,39441,4944,56600,279.8,7820
TXSD_DELTAE_SWEEP_20260115,39451,4944,56900,281.3,7820
TXSD_DELTAE_SWEEP_20260115,39461,4948,56700,280.6,7820
TXSD_DELTAE_SWEEP_20260115,39471,4944,56700,280.3,7820
TXSD_DELTAE_SWEEP_20260115,39481,4944,57500,284.3,7820
TXSD_DELTAE_SWEEP_20260115,39491,4944,56000,276.9,7820
TXSD_DELTAE_SWEEP_20260115,39501,4948,57600,285.0,7820
TXSD_DELTAE_SWEEP_20260115,39511,4948,56100,277.6,7820
TXSD_DELTAE_SWEEP_20260115,39521,4948,57600,285.0,7820
TXSD_DELTAE_SWEEP_20260115,39531,4944,56000,276.9,7820
TXSD_DELTAE_SWEEP_20260115,39541,4948,57500,284.5,7820
TXSD_DELTAE_SWEEP_20260115,39551,4944,55900,276.4,7820
TXSD_DELTAE_SWEEP_20260115,39561,4948,57600,285.0,7820
TXSD_DELTAE_SWEEP_20260115,39571,4944,56000,276.9,7820
TXSD_DELTAE_SWEEP_20260115,39581,4944,57600,284.8,7820
TXSD_DELTAE_SWEEP_20260115,39591,4944,56700,280.3,7820
TXSD_DELTAE_SWEEP_20260115,39601,4948,56900,281.5,7820
TXSD_DELTAE_SWEEP_20260115,39611,4944,56600,279.8,7820
TXSD_DELTAE_SWEEP_20260115,39621,4948,57000,282.0,7820
TXSD_DELTAE_SWEEP_20260115,39631,4944,56700,280.3,7820
TXSD_DELTAE_SWEEP_20260115,39641,4944,56000,276.9,7820
TXSD_DELTAE_SWEEP_20260115,39651,4944,57600,284.8,7820
TXSD_DELTAE_SWEEP_20260115,39661,4944,56000,276.9,7820
TXSD_DELTAE_SWEEP_20260115,39671,4944,57600,284.8,7820
TXSD_DELTAE_SWEEP_20260115,39681,4944,56000,276.9,7820
TXSD_DELTAE_SWEEP_20260115,39691,4948,57600,285.0,7820
TXSD_DELTAE_SWEEP_20260115,39701,4944,56000,276.9,7820
TXSD_DELTAE_SWEEP_20260115,39711,4948,57600,285.0,7820
TXSD_DELTAE_SWEEP_20260115,39721,4944,56000,276.9,7820
TXSD_DELTAE_SWEEP_20260115,39731,4944,57600,284.8,7820
TXSD_DELTAE_SWEEP_20260115,39741,4944,56600,279.8,7820
TXSD_DELTAE_SWEEP_20260115,39751,4948,57200,283.0,7820
TXSD_DELTAE_SWEEP_20260115,39761,4944,56700,280.3,7820
TXSD_DELTAE_SWEEP_20260115,39771,4948,56900,281.5,7820
TXSD_DELTAE_SWEEP_20260115,39781,4944,56700,280.3,7820
TXSD_DELTAE_SWEEP_20260115,39791,4948,56900,281.5,7820
TXSD_DELTAE_SWEEP_20260115,39801,4944,56800,280.8,7820
TXSD_DELTAE_SWEEP_20260115,39811,4944,56000,276.9,7820
TXSD_DELTAE_SWEEP_20260115,39821,4948,57500,284.5,7820
TXSD_DELTAE_SWEEP_20260115,39831,4944,56100,277.4,7820
TXSD_DELTAE_SWEEP_20260115,39841,4948,57500,284.5,7820
TXSD_DELTAE_SWEEP_20260115,39851,4944,56000,276.9,7820
TXSD_DELTAE_SWEEP_20260115,39861,4948,57600,285.0,7820
TXSD_DELTAE_SWEEP_20260115,39871,4944,56000,276.9,7820
TXSD_DELTAE_SWEEP_20260115,39881,4948,57600,285.0,7820
TXSD_DELTAE_SWEEP_20260115,39891,4944,55900,276.4,7820
TXSD_DELTAE_SWEEP_20260115,39901,4944,57600,284.8,7820
TXSD_DELTAE_SWEEP_20260115,39911,4944,56600,279.8,7820
TXSD_DELTAE_SWEEP_20260115,39921,4944,56900,281.3,7820
TXSD_DELTAE_SWEEP_20260115,39931,4944,56800,280.8,7820
TXSD_DELTAE_SWEEP_20260115,39941,4944,56900,281.3,7820
TXSD_DELTAE_SWEEP_20260115,39951,4944,56700,280.3,7820
TXSD_DELTAE_SWEEP_20260115,39961,4944,56100,277.4,7820
TXSD_DELTAE_SWEEP_20260115,39971,4944,57600,284.8,7820
TXSD_DELTAE_SWEEP_20260115,39981,4944,56000,276.9,7820
TXSD_DELTAE_SWEEP_20260115,39991,4948,57700,285.5,7820
TXSD_DELTAE_SWEEP_20260115,40001,4944,56000,276.9,7820
TXSD_DELTAE_SWEEP_20260115,40011,4948,57600,285.0,7820
TXSD_DELTAE_SWEEP_20260115,40021,4944,55900,276.4,7820
TXSD_DELTAE_SWEEP_20260115,40031,4948,57600,285.0,7820
TXSD_DELTAE_SWEEP_20260115,40041,4944,56100,277.4,7820
TXSD_DELTAE_SWEEP_20260115,40051,4944,57700,285.3,7820
TXSD_DELTAE_SWEEP_20260115,40061,4944,56000,276.9,7820
TXSD_DELTAE_SWEEP_20260115,40071,4948,57600,285.0,7820
TXSD_DELTAE_SWEEP_20260115,40081,4944,56400,278.8,7820
TXSD_DELTAE_SWEEP_20260115,40091,4948,56900,281.5,7820
TXSD_DELTAE_SWEEP_20260115,40101,4944,56700,280.3,7820
TXSD_DELTAE_SWEEP_20260115,40111,4948,57000,282.0,7820
TXSD_DELTAE_SWEEP_20260115,40121,4944,56700,280.3,7820
TXSD_DELTAE_SWEEP_20260115,40131,4944,56100,277.4,7820
TXSD_DELTAE_SWEEP_20260115,40141,4948,57600,285.0,7820
TXSD_DELTAE_SWEEP_20260115,40151,4944,56000,276.9,7820
TXSD_DELTAE_SWEEP_20260115,40161,4944,57600,284.8,7820
TXSD_DELTAE_SWEEP_20260115,40171,4944,56000,276.9,7820
TXSD_DELTAE_SWEEP_20260115,40181,4948,57600,285.0,7820
TXSD_DELTAE_SWEEP_20260115,40191,4944,56000,276.9,7820
TXSD_DELTAE_SWEEP_20260115,40201,4944,57700,285.3,7820
TXSD_DELTAE_SWEEP_20260115,40211,4944,56000,276.9,7820
TXSD_DELTAE_SWEEP_20260115,40221,4948,57600,285.0,7820
TXSD_DELTAE_SWEEP_20260115,40231,4944,56700,280.3,7820
TXSD_DELTAE_SWEEP_20260115,40241,4948,56900,281.5,7820
TXSD_DELTAE_SWEEP_20260115,40251,4944,56700,280.3,7820
TXSD_DELTAE_SWEEP_20260115,40261,4948,57000,282.0,7820
TXSD_DELTAE_SWEEP_20260115,40271,4944,56600,279.8,7820
TXSD_DELTAE_SWEEP_20260115,40281,4944,56800,280.8,7820
TXSD_DELTAE_SWEEP_20260115,40291,4944,57500,284.3,7820
TXSD_DELTAE_SWEEP_20260115,40301,4944,56000,276.9,7820
TXSD_DELTAE_SWEEP_20260115,40311,4948,57600,285.0,7820
TXSD_DELTAE_SWEEP_20260115,40321,4940,56000,276.6,7820
TXSD_DELTAE_SWEEP_20260115,40331,4948,57700,285.5,7820
TXSD_DELTAE_SWEEP_20260115,40341,4944,56000,276.9,7820
TXSD_DELTAE_SWEEP_20260115,40351,4948,57600,285.0,7820
TXSD_DELTAE_SWEEP_20260115,40361,4944,56000,276.9,7820
TXSD_DELTAE_SWEEP_20260115,40371,4944,57600,284.8,7820
TXSD_DELTAE_SWEEP_20260115,40381,4944,56000,276.9,7820
TXSD_DELTAE_SWEEP_20260115,40391,4944,57600,284.8,7820
TXSD_DELTAE_SWEEP_20260115,40401,4944,56000,276.9,7820
TXSD_DELTAE_SWEEP_20260115,40411,4948,56900,281.5,7820
TXSD_DELTAE_SWEEP_20260115,40421,4944,56600,279.8,7820
TXSD_DELTAE_SWEEP_20260115,40431,4944,57000,281.8,7820
TXSD_DELTAE_SWEEP_20260115,40441,4944,56600,279.8,7820
TXSD_DELTAE_SWEEP_20260115,40451,4944,56000,276.9,7820
TXSD_DELTAE_SWEEP_20260115,40461,4944,57600,284.8,7820
TXSD_DELTAE_SWEEP_20260115,40471,4944,56000,276.9,7820
TXSD_DELTAE_SWEEP_20260115,40481,4948,57600,285.0,7820
TXSD_DELTAE_SWEEP_20260115,40491,4944,56000,276.9,7820
TXSD_DELTAE_SWEEP_20260115,40501,4944,57700,285.3,7820
TXSD_DELTAE_SWEEP_20260115,40511,4944,56000,276.9,7820
TXSD_DELTAE_SWEEP_20260115,40521,4948,57600,285.0,7820
TXSD_DELTAE_SWEEP_20260115,40531,4944,56100,277.4,7820
TXSD_DELTAE_SWEEP_20260115,40541,4948,57600,285.0,7820
TXSD_DELTAE_SWEEP_20260115,40551,4944,56500,279.3,7820
TXSD_DELTAE_SWEEP_20260115,40561,4948,57200,283.0,7820
TXSD_DELTAE_SWEEP_20260115,40571,4948,56700,280.6,7820
TXSD_DELTAE_SWEEP_20260115,40581,4948,57000,282.0,7820
TXSD_DELTAE_SWEEP_20260115,40591,4944,56600,279.8,7820
TXSD_DELTAE_SWEEP_20260115,40601,4948,57000,282.0,7820
TXSD_DELTAE_SWEEP_20260115,40611,4948,56800,281.0,7820
TXSD_DELTAE_SWEEP_20260115,40621,4944,56000,276.9,7820
TXSD_DELTAE_SWEEP_20260115,40631,4948,57700,285.5,7820
TXSD_DELTAE_SWEEP_20260115,40641,4944,56000,276.9,7820
TXSD_DELTAE_SWEEP_20260115,40651,4944,57600,284.8,7820
TXSD_DELTAE_SWEEP_20260115,40661,4948,56000,277.1,7820
TXSD_DELTAE_SWEEP_20260115,40671,4944,57600,284.8,7820
TXSD_DELTAE_SWEEP_20260115,40681,4944,56000,276.9,7820
TXSD_DELTAE_SWEEP_20260115,40691,4948,57600,285.0,7820
TXSD_DELTAE_SWEEP_20260115,40701,4944,56000,276.9,7820
TXSD_DELTAE_SWEEP_20260115,40711,4944,57600,284.8,7820
TXSD_DELTAE_SWEEP_20260115,40721,4944,56600,279.8,7820
TXSD_DELTAE_SWEEP_20260115,40731,4944,57000,281.8,7820
TXSD_DELTAE_SWEEP_20260115,40741,4944,56700,280.3,7820
TXSD_DELTAE_SWEEP_20260115,40751,4948,57000,282.0,7820
TXSD_DELTAE_SWEEP_20260115,40761,4944,56700,280.3,7820
TXSD_DELTAE_SWEEP_20260115,40771,4944,56100,277.4,7820
TXSD_DELTAE_SWEEP_20260115,40781,4944,57700,285.3,7820
TXSD_DELTAE_SWEEP_20260115,40791,4944,56000,276.9,7820
TXSD_DELTAE_SWEEP_20260115,40801,4944,57600,284.8,7820
TXSD_DELTAE_SWEEP_20260115,40811,4944,56000,276.9,7820
TXSD_DELTAE_SWEEP_20260115,40821,4948,57600,285.0,7820
TXSD_DELTAE_SWEEP_20260115,40831,4944,56000,276.9,7820
TXSD_DELTAE_SWEEP_20260115,40841,4948,57600,285.0,7820
TXSD_DELTAE_SWEEP_20260115,40851,4944,56000,276.9,7820
TXSD_DELTAE_SWEEP_20260115,40861,4948,57600,285.0,7820
TXSD_DELTAE_SWEEP_20260115,40871,4944,56000,276.9,7820
TXSD_DELTAE_SWEEP_20260115,40881,4948,57700,285.5,7820
TXSD_DELTAE_SWEEP_20260115,40891,4944,56300,278.3,7820
TXSD_DELTAE_SWEEP_20260115,40901,4944,56900,281.3,7820
TXSD_DELTAE_SWEEP_20260115,40911,4944,56700,280.3,7820
TXSD_DELTAE_SWEEP_20260115,40921,4948,56900,281.5,7820
TXSD_DELTAE_SWEEP_20260115,40931,4944,56700,280.3,7820
TXSD_DELTAE_SWEEP_20260115,40941,4944,56000,276.9,7820
TXSD_DELTAE_SWEEP_20260115,40951,4948,57700,285.5,7820
TXSD_DELTAE_SWEEP_20260115,40961,4944,56000,276.9,7820
TXSD_DELTAE_SWEEP_20260115,40971,4948,57600,285.0,7820
TXSD_DELTAE_SWEEP_20260115,40981,4944,56000,276.9,7820
TXSD_DELTAE_SWEEP_20260115,40991,4944,57600,284.8,7820
TXSD_DELTAE_SWEEP_20260115,41001,4948,56000,277.1,7820
TXSD_DELTAE_SWEEP_20260115,41011,4948,57600,285.0,7820
TXSD_DELTAE_SWEEP_20260115,41021,4944,56000,276.9,7820
TXSD_DELTAE_SWEEP_20260115,41031,4948,57600,285.0,7820
TXSD_DELTAE_SWEEP_20260115,41041,4944,56700,280.3,7820
TXSD_DELTAE_SWEEP_20260115,41051,4948,56900,281.5,7820
TXSD_DELTAE_SWEEP_20260115,41061,4944,56700,280.3,7820
TXSD_DELTAE_SWEEP_20260115,41071,4944,56900,281.3,7820
TXSD_DELTAE_SWEEP_20260115,41081,4944,56700,280.3,7820
TXSD_DELTAE_SWEEP_20260115,41091,4944,56700,280.3,7820
TXSD_DELTAE_SWEEP_20260115,41101,4944,57600,284.8,7820
TXSD_DELTAE_SWEEP_20260115,41111,4944,56000,276.9,7820
TXSD_DELTAE_SWEEP_20260115,41121,4948,57600,285.0,7820
TXSD_DELTAE_SWEEP_20260115,41131,4944,56000,276.9,7820
TXSD_DELTAE_SWEEP_20260115,41141,4948,57600,285.0,7820
TXSD_DELTAE_SWEEP_20260115,41151,4944,56000,276.9,7820
TXSD_DELTAE_SWEEP_20260115,41161,4948,57600,285.0,7820
TXSD_DELTAE_SWEEP_20260115,41171,4944,56000,276.9,7820
TXSD_DELTAE_SWEEP_20260115,41181,4944,57600,284.8,7820
TXSD_DELTAE_SWEEP_20260115,41191,4944,56000,276.9,7820
TXSD_DELTAE_SWEEP_20260115,41201,4944,57600,284.8,7820
TXSD_DELTAE_SWEEP_20260115,41211,4944,56000,276.9,7820
TXSD_DELTAE_SWEEP_20260115,41221,4948,57000,282.0,7820
TXSD_DELTAE_SWEEP_20260115,41231,4944,56700,280.3,7820
TXSD_DELTAE_SWEEP_20260115,41241,4944,113300,560.2,7821
TXSD_DELTAE_SWEEP_20260115,41251,4944,56700,280.3,7821
TXSD_DELTAE_SWEEP_20260115,41261,4944,56000,276.9,7821
TXSD_DELTAE_SWEEP_20260115,41271,4944,57600,284.8,7821
TXSD_DELTAE_SWEEP_20260115,41281,4944,56000,276.9,7821
TXSD_DELTAE_SWEEP_20260115,41291,4948,57600,285.0,7821
TXSD_DELTAE_SWEEP_20260115,41301,4944,56000,276.9,7821
TXSD_DELTAE_SWEEP_20260115,41311,4948,57600,285.0,7821
TXSD_DELTAE_SWEEP_20260115,41321,4944,56000,276.9,7821
TXSD_DELTAE_SWEEP_20260115,41331,4948,57700,285.5,7821
TXSD_DELTAE_SWEEP_20260115,41341,4944,56000,276.9,7821
TXSD_DELTAE_SWEEP_20260115,41351,4948,57600,285.0,7821
TXSD_DELTAE_SWEEP_20260115,41361,4944,56600,279.8,7821
TXSD_DELTAE_SWEEP_20260115,41371,4948,57200,283.0,7821
TXSD_DELTAE_SWEEP_20260115,41381,4944,56700,280.3,7821
TXSD_DELTAE_SWEEP_20260115,41391,4944,56900,281.3,7821
TXSD_DELTAE_SWEEP_20260115,41401,4944,56700,280.3,7821
TXSD_DELTAE_SWEEP_20260115,41411,4948,56900,281.5,7821
TXSD_DELTAE_SWEEP_20260115,41421,4944,56800,280.8,7821
TXSD_DELTAE_SWEEP_20260115,41431,4944,56000,276.9,7821
TXSD_DELTAE_SWEEP_20260115,41441,4948,57600,285.0,7821
TXSD_DELTAE_SWEEP_20260115,41451,4944,56000,276.9,7821
TXSD_DELTAE_SWEEP_20260115,41461,4948,57600,285.0,7821
TXSD_DELTAE_SWEEP_20260115,41471,4944,56000,276.9,7821
TXSD_DELTAE_SWEEP_20260115,41481,4948,57700,285.5,7821
TXSD_DELTAE_SWEEP_20260115,41491,4944,55900,276.4,7821
TXSD_DELTAE_SWEEP_20260115,41501,4948,57600,285.0,7821
TXSD_DELTAE_SWEEP_20260115,41511,4944,56100,277.4,7821
TXSD_DELTAE_SWEEP_20260115,41521,4948,57600,285.0,7821
TXSD_DELTAE_SWEEP_20260115,41531,4944,56600,279.8,7821
TXSD_DELTAE_SWEEP_20260115,41541,4944,57000,281.8,7821
TXSD_DELTAE_SWEEP_20260115,41551,4944,56800,280.8,7821
TXSD_DELTAE_SWEEP_20260115,41561,4944,56900,281.3,7821
TXSD_DELTAE_SWEEP_20260115,41571,4948,56700,280.6,7821
TXSD_DELTAE_SWEEP_20260115,41581,4944,56100,277.4,7821
TXSD_DELTAE_SWEEP_20260115,41591,4948,57600,285.0,7821
TXSD_DELTAE_SWEEP_20260115,41601,4944,56000,276.9,7821
TXSD_DELTAE_SWEEP_20260115,41611,4948,57600,285.0,7821
TXSD_DELTAE_SWEEP_20260115,41621,4944,56000,276.9,7821
TXSD_DELTAE_SWEEP_20260115,41631,4948,57600,285.0,7821
TXSD_DELTAE_SWEEP_20260115,41641,4944,56000,276.9,7821
TXSD_DELTAE_SWEEP_20260115,41651,4948,57600,285.0,7821
TXSD_DELTAE_SWEEP_20260115,41661,4944,56000,276.9,7821
TXSD_DELTAE_SWEEP_20260115,41671,4948,57600,285.0,7821
TXSD_DELTAE_SWEEP_20260115,41681,4944,56000,276.9,7821
TXSD_DELTAE_SWEEP_20260115,41691,4948,57500,284.5,7821
TXSD_DELTAE_SWEEP_20260115,41701,4944,56400,278.8,7821
TXSD_DELTAE_SWEEP_20260115,41711,4944,57000,281.8,7821
TXSD_DELTAE_SWEEP_20260115,41721,4948,56600,280.1,7821
TXSD_DELTAE_SWEEP_20260115,41731,4944,57000,281.8,7821
TXSD_DELTAE_SWEEP_20260115,41741,4948,56600,280.1,7821
TXSD_DELTAE_SWEEP_20260115,41751,4944,56100,277.4,7821
TXSD_DELTAE_SWEEP_20260115,41761,4944,57600,284.8,7821
TXSD_DELTAE_SWEEP_20260115,41771,4944,56000,276.9,7821
TXSD_DELTAE_SWEEP_20260115,41781,4944,57600,284.8,7821
TXSD_DELTAE_SWEEP_20260115,41791,4948,55900,276.6,7821
TXSD_DELTAE_SWEEP_20260115,41801,4948,57600,285.0,7821
TXSD_DELTAE_SWEEP_20260115,41811,4944,56000,276.9,7821
TXSD_DELTAE_SWEEP_20260115,41821,4948,57600,285.0,7821
TXSD_DELTAE_SWEEP_20260115,41831,4944,56000,276.9,7821
TXSD_DELTAE_SWEEP_20260115,41841,4944,57600,284.8,7821
TXSD_DELTAE_SWEEP_20260115,41851,4944,56700,280.3,7821
TXSD_DELTAE_SWEEP_20260115,41861,4948,56900,281.5,7821
TXSD_DELTAE_SWEEP_20260115,41871,4944,56600,279.8,7821
TXSD_DELTAE_SWEEP_20260115,41881,4944,57000,281.8,7821
TXSD_DELTAE_SWEEP_20260115,41891,4944,56600,279.8,7821
TXSD_DELTAE_SWEEP_20260115,41901,4948,56700,280.6,7821
TXSD_DELTAE_SWEEP_20260115,41911,4944,57500,284.3,7821
TXSD_DELTAE_SWEEP_20260115,41921,4944,56000,276.9,7821
TXSD_DELTAE_SWEEP_20260115,41931,4948,57600,285.0,7821
TXSD_DELTAE_SWEEP_20260115,41941,4944,56000,276.9,7821
TXSD_DELTAE_SWEEP_20260115,41951,4948,57600,285.0,7821
TXSD_DELTAE_SWEEP_20260115,41961,4944,56000,276.9,7821
TXSD_DELTAE_SWEEP_20260115,41971,4948,57600,285.0,7821
TXSD_DELTAE_SWEEP_20260115,41981,4944,56000,276.9,7821
TXSD_DELTAE_SWEEP_20260115,41991,4948,57700,285.5,7821
TXSD_DELTAE_SWEEP_20260115,42001,4944,56100,277.4,7821
TXSD_DELTAE_SWEEP_20260115,42011,4944,57600,284.8,7821
TXSD_DELTAE_SWEEP_20260115,42021,4944,56000,276.9,7821
TXSD_DELTAE_SWEEP_20260115,42031,4944,56900,281.3,7821
TXSD_DELTAE_SWEEP_20260115,42041,4944,56600,279.8,7821
TXSD_DELTAE_SWEEP_20260115,42051,4944,57000,281.8,7821
TXSD_DELTAE_SWEEP_20260115,42061,4944,56700,280.3,7821
TXSD_DELTAE_SWEEP_20260115,42071,4944,56000,276.9,7821
TXSD_DELTAE_SWEEP_20260115,42081,4948,57600,285.0,7821
TXSD_DELTAE_SWEEP_20260115,42091,4944,56000,276.9,7821
TXSD_DELTAE_SWEEP_20260115,42101,4948,57700,285.5,7821
TXSD_DELTAE_SWEEP_20260115,42111,4944,56000,276.9,7821
TXSD_DELTAE_SWEEP_20260115,42121,4944,57600,284.8,7821
TXSD_DELTAE_SWEEP_20260115,42131,4944,56000,276.9,7821
TXSD_DELTAE_SWEEP_20260115,42141,4948,57600,285.0,7821
TXSD_DELTAE_SWEEP_20260115,42151,4944,56000,276.9,7821
TXSD_DELTAE_SWEEP_20260115,42161,4948,57600,285.0,7821
TXSD_DELTAE_SWEEP_20260115,42171,4944,56600,279.8,7821
TXSD_DELTAE_SWEEP_20260115,42181,4948,57200,283.0,7821
TXSD_DELTAE_SWEEP_20260115,42191,4944,56700,280.3,7821
TXSD_DELTAE_SWEEP_20260115,42201,4944,56900,281.3,7821
TXSD_DELTAE_SWEEP_20260115,42211,4944,56600,279.8,7821
TXSD_DELTAE_SWEEP_20260115,42221,4948,57000,282.0,7821
TXSD_DELTAE_SWEEP_20260115,42231,4948,56900,281.5,7821
TXSD_DELTAE_SWEEP_20260115,42241,4944,56000,276.9,7821
TXSD_DELTAE_SWEEP_20260115,42251,4944,57600,284.8,7821
TXSD_DELTAE_SWEEP_20260115,42261,4944,56000,276.9,7821
TXSD_DELTAE_SWEEP_20260115,42271,4948,57600,285.0,7821
TXSD_DELTAE_SWEEP_20260115,42281,4944,56000,276.9,7821
TXSD_DELTAE_SWEEP_20260115,42291,4948,57600,285.0,7821
TXSD_DELTAE_SWEEP_20260115,42301,4944,56100,277.4,7821
TXSD_DELTAE_SWEEP_20260115,42311,4948,57600,285.0,7821
TXSD_DELTAE_SWEEP_20260115,42321,4944,56000,276.9,7821
TXSD_DELTAE_SWEEP_20260115,42331,4948,57600,285.0,7821
TXSD_DELTAE_SWEEP_20260115,42341,4944,56600,279.8,7821
TXSD_DELTAE_SWEEP_20260115,42351,4944,57000,281.8,7821
TXSD_DELTAE_SWEEP_20260115,42361,4944,56700,280.3,7821
TXSD_DELTAE_SWEEP_20260115,42371,4948,57000,282.0,7821
TXSD_DELTAE_SWEEP_20260115,42381,4944,56700,280.3,7821
TXSD_DELTAE_SWEEP_20260115,42391,4948,56000,277.1,7821
TXSD_DELTAE_SWEEP_20260115,42401,4944,57600,284.8,7821
TXSD_DELTAE_SWEEP_20260115,42411,4944,56000,276.9,7821
TXSD_DELTAE_SWEEP_20260115,42421,4948,57600,285.0,7821
TXSD_DELTAE_SWEEP_20260115,42431,4944,56100,277.4,7821
TXSD_DELTAE_SWEEP_20260115,42441,4948,57600,285.0,7821
TXSD_DELTAE_SWEEP_20260115,42451,4944,56000,276.9,7821
TXSD_DELTAE_SWEEP_20260115,42461,4944,57600,284.8,7821
TXSD_DELTAE_SWEEP_20260115,42471,4944,56000,276.9,7821
TXSD_DELTAE_SWEEP_20260115,42481,4944,57700,285.3,7821
TXSD_DELTAE_SWEEP_20260115,42491,4944,56000,276.9,7821
TXSD_DELTAE_SWEEP_20260115,42501,4944,57700,285.3,7821
TXSD_DELTAE_SWEEP_20260115,42511,4948,56400,279.1,7821
TXSD_DELTAE_SWEEP_20260115,42521,4944,56900,281.3,7821
TXSD_DELTAE_SWEEP_20260115,42531,4944,56800,280.8,7821
TXSD_DELTAE_SWEEP_20260115,42541,4944,57000,281.8,7821
TXSD_DELTAE_SWEEP_20260115,42551,4944,56700,280.3,7821
TXSD_DELTAE_SWEEP_20260115,42561,4944,56000,276.9,7821
TXSD_DELTAE_SWEEP_20260115,42571,4948,57600,285.0,7821
TXSD_DELTAE_SWEEP_20260115,42581,4944,56000,276.9,7821
TXSD_DELTAE_SWEEP_20260115,42591,4948,57600,285.0,7821
TXSD_DELTAE_SWEEP_20260115,42601,4944,56100,277.4,7821
TXSD_DELTAE_SWEEP_20260115,42611,4944,57600,284.8,7821
TXSD_DELTAE_SWEEP_20260115,42621,4944,56000,276.9,7821
TXSD_DELTAE_SWEEP_20260115,42631,4944,57600,284.8,7821
TXSD_DELTAE_SWEEP_20260115,42641,4944,56000,276.9,7821
TXSD_DELTAE_SWEEP_20260115,42651,4948,57600,285.0,7821
TXSD_DELTAE_SWEEP_20260115,42661,4944,56700,280.3,7821
TXSD_DELTAE_SWEEP_20260115,42671,4948,56900,281.5,7821
TXSD_DELTAE_SWEEP_20260115,42681,4944,56600,279.8,7821
TXSD_DELTAE_SWEEP_20260115,42691,4948,56900,281.5,7821
TXSD_DELTAE_SWEEP_20260115,42701,4944,56600,279.8,7821
TXSD_DELTAE_SWEEP_20260115,42711,4948,56700,280.6,7821
TXSD_DELTAE_SWEEP_20260115,42721,4944,57600,284.8,7821
TXSD_DELTAE_SWEEP_20260115,42731,4944,56000,276.9,7821
TXSD_DELTAE_SWEEP_20260115,42741,4948,57600,285.0,7821
TXSD_DELTAE_SWEEP_20260115,42751,4944,56000,276.9,7821
TXSD_DELTAE_SWEEP_20260115,42761,4948,57600,285.0,7821
TXSD_DELTAE_SWEEP_20260115,42771,4944,56000,276.9,7821
TXSD_DELTAE_SWEEP_20260115,42781,4944,57600,284.8,7821
TXSD_DELTAE_SWEEP_20260115,42791,4948,56000,277.1,7821
TXSD_DELTAE_SWEEP_20260115,42801,4944,57700,285.3,7821
TXSD_DELTAE_SWEEP_20260115,42811,4944,56000,276.9,7821
TXSD_DELTAE_SWEEP_20260115,42821,4948,57600,285.0,7821
TXSD_DELTAE_SWEEP_20260115,42831,4944,56000,276.9,7821
TXSD_DELTAE_SWEEP_20260115,42841,4948,56900,281.5,7821
TXSD_DELTAE_SWEEP_20260115,42851,4944,56700,280.3,7821
TXSD_DELTAE_SWEEP_20260115,42861,4944,57000,281.8,7821
TXSD_DELTAE_SWEEP_20260115,42871,4948,56700,280.6,7821
TXSD_DELTAE_SWEEP_20260115,42881,4944,56000,276.9,7821
TXSD_DELTAE_SWEEP_20260115,42891,4944,57700,285.3,7821
TXSD_DELTAE_SWEEP_20260115,42901,4944,56000,276.9,7821
TXSD_DELTAE_SWEEP_20260115,42911,4948,57600,285.0,7821
TXSD_DELTAE_SWEEP_20260115,42921,4944,56000,276.9,7821
TXSD_DELTAE_SWEEP_20260115,42931,4948,57600,285.0,7821
TXSD_DELTAE_SWEEP_20260115,42941,4944,56000,276.9,7821
TXSD_DELTAE_SWEEP_20260115,42951,4944,57700,285.3,7821
TXSD_DELTAE_SWEEP_20260115,42961,4944,56000,276.9,7821
TXSD_DELTAE_SWEEP_20260115,42971,4948,57600,285.0,7821
TXSD_DELTAE_SWEEP_20260115,42981,4944,56700,280.3,7821
TXSD_DELTAE_SWEEP_20260115,42991,4948,57100,282.5,7821
TXSD_DELTAE_SWEEP_20260115,43001,4944,56800,280.8,7821
TXSD_DELTAE_SWEEP_20260115,43011,4948,56900,281.5,7821
TXSD_DELTAE_SWEEP_20260115,43021,4948,56700,280.6,7821
TXSD_DELTAE_SWEEP_20260115,43031,4944,57000,281.8,7821
TXSD_DELTAE_SWEEP_20260115,43041,4944,56900,281.3,7821
TXSD_DELTAE_SWEEP_20260115,43051,4944,56000,276.9,7821
TXSD_DELTAE_SWEEP_20260115,43061,4944,57600,284.8,7821
TXSD_DELTAE_SWEEP_20260115,43071,4944,56000,276.9,7821
TXSD_DELTAE_SWEEP_20260115,43081,4948,57600,285.0,7821
TXSD_DELTAE_SWEEP_20260115,43091,4944,56000,276.9,7821
TXSD_DELTAE_SWEEP_20260115,43101,4948,57600,285.0,7821
TXSD_DELTAE_SWEEP_20260115,43111,4944,56000,276.9,7821
TXSD_DELTAE_SWEEP_20260115,43121,4948,57600,285.0,7821
TXSD_DELTAE_SWEEP_20260115,43131,4944,56000,276.9,7821
TXSD_DELTAE_SWEEP_20260115,43141,4948,57600,285.0,7821
TXSD_DELTAE_SWEEP_20260115,43151,4944,56100,277.4,7821
TXSD_DELTAE_SWEEP_20260115,43161,4944,57000,281.8,7821
TXSD_DELTAE_SWEEP_20260115,43171,4944,56700,280.3,7821
TXSD_DELTAE_SWEEP_20260115,43181,4944,57000,281.8,7821
TXSD_DELTAE_SWEEP_20260115,43191,4944,56700,280.3,7821
TXSD_DELTAE_SWEEP_20260115,43201,4944,56100,277.4,7821
TXSD_DELTAE_SWEEP_20260115,43211,4944,57600,284.8,7821
TXSD_DELTAE_SWEEP_20260115,43221,4944,56000,276.9,7821
TXSD_DELTAE_SWEEP_20260115,43231,4948,57600,285.0,7821
TXSD_DELTAE_SWEEP_20260115,43241,4940,145900,720.7,7822
TXSD_DELTAE_SWEEP_20260115,43251,4948,57700,285.5,7822
TXSD_DELTAE_SWEEP_20260115,43261,4944,56000,276.9,7822
TXSD_DELTAE_SWEEP_20260115,43271,4948,57600,285.0,7822
TXSD_DELTAE_SWEEP_20260115,43281,4944,56000,276.9,7822
TXSD_DELTAE_SWEEP_20260115,43291,4944,57600,284.8,7822
TXSD_DELTAE_SWEEP_20260115,43301,4944,56000,276.9,7822
TXSD_DELTAE_SWEEP_20260115,43311,4944,57600,284.8,7822
TXSD_DELTAE_SWEEP_20260115,43321,4944,56400,278.8,7822
TXSD_DELTAE_SWEEP_20260115,43331,4948,57000,282.0,7822
TXSD_DELTAE_SWEEP_20260115,43341,4944,56700,280.3,7822
TXSD_DELTAE_SWEEP_20260115,43351,4948,57000,282.0,7822
TXSD_DELTAE_SWEEP_20260115,43361,4944,56600,279.8,7822
TXSD_DELTAE_SWEEP_20260115,43371,4944,56100,277.4,7822
TXSD_DELTAE_SWEEP_20260115,43381,4944,57700,285.3,7822
TXSD_DELTAE_SWEEP_20260115,43391,4944,56000,276.9,7822
TXSD_DELTAE_SWEEP_20260115,43401,4948,57600,285.0,7822
TXSD_DELTAE_SWEEP_20260115,43411,4944,56000,276.9,7822
TXSD_DELTAE_SWEEP_20260115,43421,4944,57600,284.8,7822
TXSD_DELTAE_SWEEP_20260115,43431,4944,56000,276.9,7822
TXSD_DELTAE_SWEEP_20260115,43441,4948,57600,285.0,7822
TXSD_DELTAE_SWEEP_20260115,43451,4944,56000,276.9,7822
TXSD_DELTAE_SWEEP_20260115,43461,4948,57600,285.0,7822
TXSD_DELTAE_SWEEP_20260115,43471,4944,56700,280.3,7822
TXSD_DELTAE_SWEEP_20260115,43481,4948,56900,281.5,7822
TXSD_DELTAE_SWEEP_20260115,43491,4944,56600,279.8,7822
TXSD_DELTAE_SWEEP_20260115,43501,4948,57000,282.0,7822
TXSD_DELTAE_SWEEP_20260115,43511,4944,56700,280.3,7822
TXSD_DELTAE_SWEEP_20260115,43521,4944,56700,280.3,7822
TXSD_DELTAE_SWEEP_20260115,43531,4948,57600,285.0,7822
TXSD_DELTAE_SWEEP_20260115,43541,4944,56000,276.9,7822
TXSD_DELTAE_SWEEP_20260115,43551,4948,57600,285.0,7822
TXSD_DELTAE_SWEEP_20260115,43561,4944,56100,277.4,7822
TXSD_DELTAE_SWEEP_20260115,43571,4944,57600,284.8,7822
TXSD_DELTAE_SWEEP_20260115,43581,4944,56100,277.4,7822
TXSD_DELTAE_SWEEP_20260115,43591,4948,57600,285.0,7822
TXSD_DELTAE_SWEEP_20260115,43601,4944,56000,276.9,7822
TXSD_DELTAE_SWEEP_20260115,43611,4944,57600,284.8,7822
TXSD_DELTAE_SWEEP_20260115,43621,4944,56000,276.9,7822
TXSD_DELTAE_SWEEP_20260115,43631,4948,57600,285.0,7822
TXSD_DELTAE_SWEEP_20260115,43641,4944,56000,276.9,7822
TXSD_DELTAE_SWEEP_20260115,43651,4944,57000,281.8,7822
TXSD_DELTAE_SWEEP_20260115,43661,4944,56700,280.3,7822
TXSD_DELTAE_SWEEP_20260115,43671,4948,57000,282.0,7822
TXSD_DELTAE_SWEEP_20260115,43681,4944,56700,280.3,7822
TXSD_DELTAE_SWEEP_20260115,43691,4944,56000,276.9,7822
TXSD_DELTAE_SWEEP_20260115,43701,4944,57600,284.8,7822
TXSD_DELTAE_SWEEP_20260115,43711,4944,56000,276.9,7822
TXSD_DELTAE_SWEEP_20260115,43721,4944,57600,284.8,7822
TXSD_DELTAE_SWEEP_20260115,43731,4944,56000,276.9,7822
TXSD_DELTAE_SWEEP_20260115,43741,4948,57600,285.0,7822
TXSD_DELTAE_SWEEP_20260115,43751,4944,56100,277.4,7822
TXSD_DELTAE_SWEEP_20260115,43761,4948,57600,285.0,7822
TXSD_DELTAE_SWEEP_20260115,43771,4944,56000,276.9,7822
TXSD_DELTAE_SWEEP_20260115,43781,4948,57600,285.0,7822
TXSD_DELTAE_SWEEP_20260115,43791,4944,56600,279.8,7822
TXSD_DELTAE_SWEEP_20260115,43801,4948,57200,283.0,7822
TXSD_DELTAE_SWEEP_20260115,43811,4944,56800,280.8,7822
TXSD_DELTAE_SWEEP_20260115,43821,4944,57000,281.8,7822
TXSD_DELTAE_SWEEP_20260115,43831,4944,56700,280.3,7822
TXSD_DELTAE_SWEEP_20260115,43841,4948,57000,282.0,7822
TXSD_DELTAE_SWEEP_20260115,43851,4944,56900,281.3,7822
TXSD_DELTAE_SWEEP_20260115,43861,4944,56000,276.9,7822
TXSD_DELTAE_SWEEP_20260115,43871,4944,57600,284.8,7822
TXSD_DELTAE_SWEEP_20260115,43881,4944,56000,276.9,7822
TXSD_DELTAE_SWEEP_20260115,43891,4944,57600,284.8,7822
TXSD_DELTAE_SWEEP_20260115,43901,4944,56000,276.9,7822
TXSD_DELTAE_SWEEP_20260115,43911,4948,57600,285.0,7822
TXSD_DELTAE_SWEEP_20260115,43921,4944,56000,276.9,7822
TXSD_DELTAE_SWEEP_20260115,43931,4948,57600,285.0,7822
TXSD_DELTAE_SWEEP_20260115,43941,4944,56000,276.9,7822
TXSD_DELTAE_SWEEP_20260115,43951,4948,57700,285.5,7822
TXSD_DELTAE_SWEEP_20260115,43961,4944,56100,277.4,7822
TXSD_DELTAE_SWEEP_20260115,43971,4944,57000,281.8,7822
TXSD_DELTAE_SWEEP_20260115,43981,4944,56700,280.3,7822
TXSD_DELTAE_SWEEP_20260115,43991,4948,56900,281.5,7822
TXSD_DELTAE_SWEEP_20260115,44001,4944,56700,280.3,7822
TXSD_DELTAE_SWEEP_20260115,44011,4944,56000,276.9,7822
TXSD_DELTAE_SWEEP_20260115,44021,4948,57700,285.5,7822
TXSD_DELTAE_SWEEP_20260115,44031,4944,56000,276.9,7822
TXSD_DELTAE_SWEEP_20260115,44041,4948,57600,285.0,7822
TXSD_DELTAE_SWEEP_20260115,44051,4944,56000,276.9,7822
TXSD_DELTAE_SWEEP_20260115,44061,4948,57600,285.0,7822
TXSD_DELTAE_SWEEP_20260115,44071,4944,56000,276.9,7822
TXSD_DELTAE_SWEEP_20260115,44081,4948,57600,285.0,7822
TXSD_DELTAE_SWEEP_20260115,44091,4944,56000,276.9,7822
TXSD_DELTAE_SWEEP_20260115,44101,4944,57600,284.8,7822
TXSD_DELTAE_SWEEP_20260115,44111,4944,56000,276.9,7822
TXSD_DELTAE_SWEEP_20260115,44121,4944,57600,284.8,7822
TXSD_DELTAE_SWEEP_20260115,44131,4948,56400,279.1,7822
TXSD_DELTAE_SWEEP_20260115,44141,4944,57000,281.8,7822
TXSD_DELTAE_SWEEP_20260115,44151,4944,56700,280.3,7822
TXSD_DELTAE_SWEEP_20260115,44161,4944,57000,281.8,7822
TXSD_DELTAE_SWEEP_20260115,44171,4944,56700,280.3,7822
TXSD_DELTAE_SWEEP_20260115,44181,4944,56000,276.9,7822
TXSD_DELTAE_SWEEP_20260115,44191,4948,57600,285.0,7822
TXSD_DELTAE_SWEEP_20260115,44201,4944,56100,277.4,7822
TXSD_DELTAE_SWEEP_20260115,44211,4948,57600,285.0,7822
TXSD_DELTAE_SWEEP_20260115,44221,4944,56000,276.9,7822
TXSD_DELTAE_SWEEP_20260115,44231,4944,57600,284.8,7822
TXSD_DELTAE_SWEEP_20260115,44241,4944,56000,276.9,7822
TXSD_DELTAE_SWEEP_20260115,44251,4948,57600,285.0,7822
TXSD_DELTAE_SWEEP_20260115,44261,4944,56000,276.9,7822
TXSD_DELTAE_SWEEP_20260115,44271,4944,57600,284.8,7822
TXSD_DELTAE_SWEEP_20260115,44281,4944,56700,280.3,7822
TXSD_DELTAE_SWEEP_20260115,44291,4944,56900,281.3,7822
TXSD_DELTAE_SWEEP_20260115,44301,4944,56600,279.8,7822
TXSD_DELTAE_SWEEP_20260115,44311,4944,57000,281.8,7822
TXSD_DELTAE_SWEEP_20260115,44321,4944,56700,280.3,7822
TXSD_DELTAE_SWEEP_20260115,44331,4944,56700,280.3,7822
TXSD_DELTAE_SWEEP_20260115,44341,4944,57500,284.3,7822
TXSD_DELTAE_SWEEP_20260115,44351,4944,56100,277.4,7822
TXSD_DELTAE_SWEEP_20260115,44361,4948,57600,285.0,7822
TXSD_DELTAE_SWEEP_20260115,44371,4948,56000,277.1,7822
TXSD_DELTAE_SWEEP_20260115,44381,4944,57600,284.8,7822
TXSD_DELTAE_SWEEP_20260115,44391,4944,56000,276.9,7822
TXSD_DELTAE_SWEEP_20260115,44401,4948,57600,285.0,7822
TXSD_DELTAE_SWEEP_20260115,44411,4944,56000,276.9,7822
TXSD_DELTAE_SWEEP_20260115,44421,4948,57600,285.0,7822
TXSD_DELTAE_SWEEP_20260115,44431,4944,56000,276.9,7822
TXSD_DELTAE_SWEEP_20260115,44441,4948,57600,285.0,7822
TXSD_DELTAE_SWEEP_20260115,44451,4944,56000,276.9,7822
TXSD_DELTAE_SWEEP_20260115,44461,4944,56900,281.3,7822
TXSD_DELTAE_SWEEP_20260115,44471,4944,56700,280.3,7822
TXSD_DELTAE_SWEEP_20260115,44481,4944,56900,281.3,7822
TXSD_DELTAE_SWEEP_20260115,44491,4948,56600,280.1,7822
TXSD_DELTAE_SWEEP_20260115,44501,4944,56100,277.4,7822
TXSD_DELTAE_SWEEP_20260115,44511,4944,57600,284.8,7822
TXSD_DELTAE_SWEEP_20260115,44521,4944,56000,276.9,7822
TXSD_DELTAE_SWEEP_20260115,44531,4948,57700,285.5,7822
TXSD_DELTAE_SWEEP_20260115,44541,4944,56100,277.4,7822
TXSD_DELTAE_SWEEP_20260115,44551,4948,57600,285.0,7822
TXSD_DELTAE_SWEEP_20260115,44561,4944,56000,276.9,7822
TXSD_DELTAE_SWEEP_20260115,44571,4948,57600,285.0,7822
TXSD_DELTAE_SWEEP_20260115,44581,4944,56000,276.9,7822
TXSD_DELTAE_SWEEP_20260115,44591,4944,57500,284.3,7822
TXSD_DELTAE_SWEEP_20260115,44601,4944,56600,279.8,7822
TXSD_DELTAE_SWEEP_20260115,44611,4944,57100,282.3,7822
TXSD_DELTAE_SWEEP_20260115,44621,4944,56700,280.3,7822
TXSD_DELTAE_SWEEP_20260115,44631,4944,57000,281.8,7822
TXSD_DELTAE_SWEEP_20260115,44641,4948,56700,280.6,7822
TXSD_DELTAE_SWEEP_20260115,44651,4944,57000,281.8,7822
TXSD_DELTAE_SWEEP_20260115,44661,4944,57000,281.8,7822
TXSD_DELTAE_SWEEP_20260115,44671,4944,56100,277.4,7822
TXSD_DELTAE_SWEEP_20260115,44681,4944,57600,284.8,7822
TXSD_DELTAE_SWEEP_20260115,44691,4944,56000,276.9,7822
TXSD_DELTAE_SWEEP_20260115,44701,4944,57700,285.3,7822
TXSD_DELTAE_SWEEP_20260115,44711,4944,56000,276.9,7822
TXSD_DELTAE_SWEEP_20260115,44721,4944,57600,284.8,7822
TXSD_DELTAE_SWEEP_20260115,44731,4944,56100,277.4,7822
TXSD_DELTAE_SWEEP_20260115,44741,4948,57600,285.0,7822
TXSD_DELTAE_SWEEP_20260115,44751,4944,56100,277.4,7822
TXSD_DELTAE_SWEEP_20260115,44761,4948,57600,285.0,7822
TXSD_DELTAE_SWEEP_20260115,44771,4944,56000,276.9,7822
TXSD_DELTAE_SWEEP_20260115,44781,4944,57000,281.8,7822
TXSD_DELTAE_SWEEP_20260115,44791,4944,56700,280.3,7822
TXSD_DELTAE_SWEEP_20260115,44801,4948,56900,281.5,7822
TXSD_DELTAE_SWEEP_20260115,44811,4944,56700,280.3,7822
TXSD_DELTAE_SWEEP_20260115,44821,4944,56000,276.9,7822
TXSD_DELTAE_SWEEP_20260115,44831,4944,57600,284.8,7822
TXSD_DELTAE_SWEEP_20260115,44841,4948,56100,277.6,7822
TXSD_DELTAE_SWEEP_20260115,44851,4944,57600,284.8,7822
TXSD_DELTAE_SWEEP_20260115,44861,4944,56000,276.9,7822
TXSD_DELTAE_SWEEP_20260115,44871,4948,57600,285.0,7822
TXSD_DELTAE_SWEEP_20260115,44881,4944,56000,276.9,7822
TXSD_DELTAE_SWEEP_20260115,44891,4944,57600,284.8,7822
TXSD_DELTAE_SWEEP_20260115,44901,4944,56000,276.9,7822
TXSD_DELTAE_SWEEP_20260115,44911,4944,57600,284.8,7822
TXSD_DELTAE_SWEEP_20260115,44921,4944,56100,277.4,7822
TXSD_DELTAE_SWEEP_20260115,44931,4948,57600,285.0,7822
TXSD_DELTAE_SWEEP_20260115,44941,4944,56500,279.3,7822
TXSD_DELTAE_SWEEP_20260115,44951,4944,57100,282.3,7822
TXSD_DELTAE_SWEEP_20260115,44961,4944,56600,279.8,7822
TXSD_DELTAE_SWEEP_20260115,44971,4944,57000,281.8,7822
TXSD_DELTAE_SWEEP_20260115,44981,4944,56700,280.3,7822
TXSD_DELTAE_SWEEP_20260115,44991,4944,56000,276.9,7822
TXSD_DELTAE_SWEEP_20260115,45001,4948,57600,285.0,7822
TXSD_DELTAE_SWEEP_20260115,45011,4944,55900,276.4,7822
TXSD_DELTAE_SWEEP_20260115,45021,4948,57600,285.0,7822
TXSD_DELTAE_SWEEP_20260115,45031,4944,56000,276.9,7822
TXSD_DELTAE_SWEEP_20260115,45041,4948,57600,285.0,7822
TXSD_DELTAE_SWEEP_20260115,45051,4944,56000,276.9,7822
TXSD_DELTAE_SWEEP_20260115,45061,4944,57600,284.8,7822
TXSD_DELTAE_SWEEP_20260115,45071,4944,56000,276.9,7822
TXSD_DELTAE_SWEEP_20260115,45081,4948,57600,285.0,7822
TXSD_DELTAE_SWEEP_20260115,45091,4944,56600,279.8,7822
TXSD_DELTAE_SWEEP_20260115,45101,4948,57000,282.0,7822
TXSD_DELTAE_SWEEP_20260115,45111,4944,56600,279.8,7822
TXSD_DELTAE_SWEEP_20260115,45121,4948,56900,281.5,7822
TXSD_DELTAE_SWEEP_20260115,45131,4944,56700,280.3,7822
TXSD_DELTAE_SWEEP_20260115,45141,4948,56700,280.6,7822
TXSD_DELTAE_SWEEP_20260115,45151,4944,57600,284.8,7822
TXSD_DELTAE_SWEEP_20260115,45161,4944,55900,276.4,7822
TXSD_DELTAE_SWEEP_20260115,45171,4948,57700,285.5,7822
TXSD_DELTAE_SWEEP_20260115,45181,4944,56000,276.9,7822
TXSD_DELTAE_SWEEP_20260115,45191,4948,57500,284.5,7822
TXSD_DELTAE_SWEEP_20260115,45201,4944,56000,276.9,7822
TXSD_DELTAE_SWEEP_20260115,45211,4948,57500,284.5,7822
TXSD_DELTAE_SWEEP_20260115,45221,4944,56000,276.9,7822
TXSD_DELTAE_SWEEP_20260115,45231,4948,57600,285.0,7822
TXSD_DELTAE_SWEEP_20260115,45241,4916,149500,734.9,7823
TXSD_DELTAE_SWEEP_20260115,45251,4948,57600,285.0,7823
TXSD_DELTAE_SWEEP_20260115,45261,4948,56000,277.1,7823
TXSD_DELTAE_SWEEP_20260115,45271,4944,57000,281.8,7823
TXSD_DELTAE_SWEEP_20260115,45281,4944,56600,279.8,7823
TXSD_DELTAE_SWEEP_20260115,45291,4944,57000,281.8,7823
TXSD_DELTAE_SWEEP_20260115,45301,4948,56700,280.6,7823
TXSD_DELTAE_SWEEP_20260115,45311,4944,56000,276.9,7823
TXSD_DELTAE_SWEEP_20260115,45321,4948,57600,285.0,7823
TXSD_DELTAE_SWEEP_20260115,45331,4944,56100,277.4,7823
TXSD_DELTAE_SWEEP_20260115,45341,4948,57600,285.0,7823
TXSD_DELTAE_SWEEP_20260115,45351,4944,56000,276.9,7823
TXSD_DELTAE_SWEEP_20260115,45361,4948,57600,285.0,7823
TXSD_DELTAE_SWEEP_20260115,45371,4944,56100,277.4,7823
TXSD_DELTAE_SWEEP_20260115,45381,4944,57600,284.8,7823
TXSD_DELTAE_SWEEP_20260115,45391,4944,56000,276.9,7823
TXSD_DELTAE_SWEEP_20260115,45401,4948,57700,285.5,7823
TXSD_DELTAE_SWEEP_20260115,45411,4944,56600,279.8,7823
TXSD_DELTAE_SWEEP_20260115,45421,4948,57200,283.0,7823
TXSD_DELTAE_SWEEP_20260115,45431,4948,56800,281.0,7823
TXSD_DELTAE_SWEEP_20260115,45441,4944,57000,281.8,7823
TXSD_DELTAE_SWEEP_20260115,45451,4944,56700,280.3,7823
TXSD_DELTAE_SWEEP_20260115,45461,4944,56900,281.3,7823
TXSD_DELTAE_SWEEP_20260115,45471,4944,57100,282.3,7823
TXSD_DELTAE_SWEEP_20260115,45481,4944,56000,276.9,7823
TXSD_DELTAE_SWEEP_20260115,45491,4948,57600,285.0,7823
TXSD_DELTAE_SWEEP_20260115,45501,4944,56100,277.4,7823
TXSD_DELTAE_SWEEP_20260115,45511,4948,57500,284.5,7823
TXSD_DELTAE_SWEEP_20260115,45521,4944,56000,276.9,7823
TXSD_DELTAE_SWEEP_20260115,45531,4948,57700,285.5,7823
TXSD_DELTAE_SWEEP_20260115,45541,4944,56000,276.9,7823
TXSD_DELTAE_SWEEP_20260115,45551,4944,57600,284.8,7823
TXSD_DELTAE_SWEEP_20260115,45561,4944,56000,276.9,7823
TXSD_DELTAE_SWEEP_20260115,45571,4948,57600,285.0,7823
TXSD_DELTAE_SWEEP_20260115,45581,4944,56000,276.9,7823
TXSD_DELTAE_SWEEP_20260115,45591,4944,57000,281.8,7823
TXSD_DELTAE_SWEEP_20260115,45601,4944,56700,280.3,7823
TXSD_DELTAE_SWEEP_20260115,45611,4944,57000,281.8,7823
TXSD_DELTAE_SWEEP_20260115,45621,4948,56700,280.6,7823
TXSD_DELTAE_SWEEP_20260115,45631,4944,56000,276.9,7823
TXSD_DELTAE_SWEEP_20260115,45641,4944,57600,284.8,7823
TXSD_DELTAE_SWEEP_20260115,45651,4944,56000,276.9,7823
TXSD_DELTAE_SWEEP_20260115,45661,4944,57600,284.8,7823
TXSD_DELTAE_SWEEP_20260115,45671,4944,56000,276.9,7823
TXSD_DELTAE_SWEEP_20260115,45681,4948,57600,285.0,7823
TXSD_DELTAE_SWEEP_20260115,45691,4944,56000,276.9,7823
TXSD_DELTAE_SWEEP_20260115,45701,4948,57700,285.5,7823
TXSD_DELTAE_SWEEP_20260115,45711,4944,56000,276.9,7823
TXSD_DELTAE_SWEEP_20260115,45721,4948,57600,285.0,7823
TXSD_DELTAE_SWEEP_20260115,45731,4944,56100,277.4,7823
TXSD_DELTAE_SWEEP_20260115,45741,4948,57600,285.0,7823
TXSD_DELTAE_SWEEP_20260115,45751,4944,56500,279.3,7823
TXSD_DELTAE_SWEEP_20260115,45761,4948,57000,282.0,7823
TXSD_DELTAE_SWEEP_20260115,45771,4944,56600,279.8,7823
TXSD_DELTAE_SWEEP_20260115,45781,4944,56900,281.3,7823
TXSD_DELTAE_SWEEP_20260115,45791,4944,56700,280.3,7823
TXSD_DELTAE_SWEEP_20260115,45801,4944,56000,276.9,7823
TXSD_DELTAE_SWEEP_20260115,45811,4948,57600,285.0,7823
TXSD_DELTAE_SWEEP_20260115,45821,4944,56000,276.9,7823
TXSD_DELTAE_SWEEP_20260115,45831,4948,57600,285.0,7823
TXSD_DELTAE_SWEEP_20260115,45841,4944,56000,276.9,7823
TXSD_DELTAE_SWEEP_20260115,45851,4948,57600,285.0,7823
TXSD_DELTAE_SWEEP_20260115,45861,4944,56000,276.9,7823
TXSD_DELTAE_SWEEP_20260115,45871,4948,57600,285.0,7823
TXSD_DELTAE_SWEEP_20260115,45881,4944,56000,276.9,7823
TXSD_DELTAE_SWEEP_20260115,45891,4948,57600,285.0,7823
TXSD_DELTAE_SWEEP_20260115,45901,4944,56000,276.9,7823
TXSD_DELTAE_SWEEP_20260115,45911,4948,56900,281.5,7823
TXSD_DELTAE_SWEEP_20260115,45921,4944,56700,280.3,7823
TXSD_DELTAE_SWEEP_20260115,45931,4944,56900,281.3,7823
TXSD_DELTAE_SWEEP_20260115,45941,4944,56600,279.8,7823
TXSD_DELTAE_SWEEP_20260115,45951,4944,56700,280.3,7823
TXSD_DELTAE_SWEEP_20260115,45961,4944,57500,284.3,7823
TXSD_DELTAE_SWEEP_20260115,45971,4944,56000,276.9,7823
TXSD_DELTAE_SWEEP_20260115,45981,4948,57600,285.0,7823
TXSD_DELTAE_SWEEP_20260115,45991,4944,56000,276.9,7823
TXSD_DELTAE_SWEEP_20260115,46001,4944,57600,284.8,7823
TXSD_DELTAE_SWEEP_20260115,46011,4944,56000,276.9,7823
TXSD_DELTAE_SWEEP_20260115,46021,4948,57600,285.0,7823
TXSD_DELTAE_SWEEP_20260115,46031,4944,56000,276.9,7823
TXSD_DELTAE_SWEEP_20260115,46041,4948,57600,285.0,7823
TXSD_DELTAE_SWEEP_20260115,46051,4944,56000,276.9,7823
TXSD_DELTAE_SWEEP_20260115,46061,4944,57500,284.3,7823
TXSD_DELTAE_SWEEP_20260115,46071,4944,56000,276.9,7823
TXSD_DELTAE_SWEEP_20260115,46081,4944,56900,281.3,7823
TXSD_DELTAE_SWEEP_20260115,46091,4944,56600,279.8,7823
TXSD_DELTAE_SWEEP_20260115,46101,4948,57000,282.0,7823
TXSD_DELTAE_SWEEP_20260115,46111,4944,56600,279.8,7823
TXSD_DELTAE_SWEEP_20260115,46121,4944,56100,277.4,7823
TXSD_DELTAE_SWEEP_20260115,46131,4944,57700,285.3,7823
TXSD_DELTAE_SWEEP_20260115,46141,4944,56000,276.9,7823
TXSD_DELTAE_SWEEP_20260115,46151,4948,57600,285.0,7823
TXSD_DELTAE_SWEEP_20260115,46161,4944,56000,276.9,7823
TXSD_DELTAE_SWEEP_20260115,46171,4948,57600,285.0,7823
TXSD_DELTAE_SWEEP_20260115,46181,4944,56100,277.4,7823
TXSD_DELTAE_SWEEP_20260115,46191,4944,57600,284.8,7823
TXSD_DELTAE_SWEEP_20260115,46201,4944,56000,276.9,7823
TXSD_DELTAE_SWEEP_20260115,46211,4944,57600,284.8,7823
TXSD_DELTAE_SWEEP_20260115,46221,4944,56700,280.3,7823
TXSD_DELTAE_SWEEP_20260115,46231,4948,57100,282.5,7823
TXSD_DELTAE_SWEEP_20260115,46241,4944,56800,280.8,7823
TXSD_DELTAE_SWEEP_20260115,46251,4948,57000,282.0,7823
TXSD_DELTAE_SWEEP_20260115,46261,4948,56600,280.1,7823
TXSD_DELTAE_SWEEP_20260115,46271,4948,57000,282.0,7823
TXSD_DELTAE_SWEEP_20260115,46281,4944,57000,281.8,7823
TXSD_DELTAE_SWEEP_20260115,46291,4944,56000,276.9,7823
TXSD_DELTAE_SWEEP_20260115,46301,4948,57600,285.0,7823
TXSD_DELTAE_SWEEP_20260115,46311,4944,56000,276.9,7823
TXSD_DELTAE_SWEEP_20260115,46321,4948,57600,285.0,7823
TXSD_DELTAE_SWEEP_20260115,46331,4944,56000,276.9,7823
TXSD_DELTAE_SWEEP_20260115,46341,4948,57600,285.0,7823
TXSD_DELTAE_SWEEP_20260115,46351,4944,56000,276.9,7823
TXSD_DELTAE_SWEEP_20260115,46361,4948,57600,285.0,7823
TXSD_DELTAE_SWEEP_20260115,46371,4944,56000,276.9,7823
TXSD_DELTAE_SWEEP_20260115,46381,4948,57600,285.0,7823
TXSD_DELTAE_SWEEP_20260115,46391,4944,56000,276.9,7823
TXSD_DELTAE_SWEEP_20260115,46401,4944,57000,281.8,7823
TXSD_DELTAE_SWEEP_20260115,46411,4944,56700,280.3,7823
TXSD_DELTAE_SWEEP_20260115,46421,4944,57000,281.8,7823
TXSD_DELTAE_SWEEP_20260115,46431,4948,56600,280.1,7823
TXSD_DELTAE_SWEEP_20260115,46441,4944,56000,276.9,7823
TXSD_DELTAE_SWEEP_20260115,46451,4944,57600,284.8,7823
TXSD_DELTAE_SWEEP_20260115,46461,4944,56000,276.9,7823
TXSD_DELTAE_SWEEP_20260115,46471,4944,57700,285.3,7823
TXSD_DELTAE_SWEEP_20260115,46481,4944,56000,276.9,7823
TXSD_DELTAE_SWEEP_20260115,46491,4948,57600,285.0,7823
TXSD_DELTAE_SWEEP_20260115,46501,4944,56000,276.9,7823
TXSD_DELTAE_SWEEP_20260115,46511,4948,57600,285.0,7823
TXSD_DELTAE_SWEEP_20260115,46521,4944,56100,277.4,7823
TXSD_DELTAE_SWEEP_20260115,46531,4948,57600,285.0,7823
TXSD_DELTAE_SWEEP_20260115,46541,4944,56100,277.4,7823
TXSD_DELTAE_SWEEP_20260115,46551,4944,57600,284.8,7823
TXSD_DELTAE_SWEEP_20260115,46561,4944,56500,279.3,7823
TXSD_DELTAE_SWEEP_20260115,46571,4944,57000,281.8,7823
TXSD_DELTAE_SWEEP_20260115,46581,4944,56700,280.3,7823
TXSD_DELTAE_SWEEP_20260115,46591,4948,56900,281.5,7823
TXSD_DELTAE_SWEEP_20260115,46601,4944,56700,280.3,7823
TXSD_DELTAE_SWEEP_20260115,46611,4944,56000,276.9,7823
TXSD_DELTAE_SWEEP_20260115,46621,4944,57600,284.8,7823
TXSD_DELTAE_SWEEP_20260115,46631,4944,56000,276.9,7823
TXSD_DELTAE_SWEEP_20260115,46641,4948,57600,285.0,7823
TXSD_DELTAE_SWEEP_20260115,46651,4944,56000,276.9,7823
TXSD_DELTAE_SWEEP_20260115,46661,4948,57600,285.0,7823
TXSD_DELTAE_SWEEP_20260115,46671,4944,56000,276.9,7823
TXSD_DELTAE_SWEEP_20260115,46681,4944,57600,284.8,7823
TXSD_DELTAE_SWEEP_20260115,46691,4944,56000,276.9,7823
TXSD_DELTAE_SWEEP_20260115,46701,4948,57600,285.0,7823
TXSD_DELTAE_SWEEP_20260115,46711,4944,56000,276.9,7823
TXSD_DELTAE_SWEEP_20260115,46721,4944,56900,281.3,7823
TXSD_DELTAE_SWEEP_20260115,46731,4944,56700,280.3,7823
TXSD_DELTAE_SWEEP_20260115,46741,4944,57000,281.8,7823
TXSD_DELTAE_SWEEP_20260115,46751,4944,56700,280.3,7823
TXSD_DELTAE_SWEEP_20260115,46761,4948,56500,279.6,7823
TXSD_DELTAE_SWEEP_20260115,46771,4948,57700,285.5,7823
TXSD_DELTAE_SWEEP_20260115,46781,4944,56000,276.9,7823
TXSD_DELTAE_SWEEP_20260115,46791,4948,57600,285.0,7823
TXSD_DELTAE_SWEEP_20260115,46801,4944,56000,276.9,7823
TXSD_DELTAE_SWEEP_20260115,46811,4948,57600,285.0,7823
TXSD_DELTAE_SWEEP_20260115,46821,4944,56000,276.9,7823
TXSD_DELTAE_SWEEP_20260115,46831,4948,57600,285.0,7823
TXSD_DELTAE_SWEEP_20260115,46841,4944,56000,276.9,7823
TXSD_DELTAE_SWEEP_20260115,46851,4944,57700,285.3,7823
TXSD_DELTAE_SWEEP_20260115,46861,4944,56000,276.9,7823
TXSD_DELTAE_SWEEP_20260115,46871,4948,57600,285.0,7823
TXSD_DELTAE_SWEEP_20260115,46881,4948,56000,277.1,7823
TXSD_DELTAE_SWEEP_20260115,46891,4948,56900,281.5,7823
TXSD_DELTAE_SWEEP_20260115,46901,4944,56700,280.3,7823
TXSD_DELTAE_SWEEP_20260115,46911,4944,57000,281.8,7823
TXSD_DELTAE_SWEEP_20260115,46921,4944,56700,280.3,7823
TXSD_DELTAE_SWEEP_20260115,46931,4944,56000,276.9,7823
TXSD_DELTAE_SWEEP_20260115,46941,4948,57600,285.0,7823
TXSD_DELTAE_SWEEP_20260115,46951,4944,56000,276.9,7823
TXSD_DELTAE_SWEEP_20260115,46961,4948,57600,285.0,7823
TXSD_DELTAE_SWEEP_20260115,46971,4944,56000,276.9,7823
TXSD_DELTAE_SWEEP_20260115,46981,4948,57600,285.0,7823
TXSD_DELTAE_SWEEP_20260115,46991,4944,56000,276.9,7823
TXSD_DELTAE_SWEEP_20260115,47001,4948,57600,285.0,7823
TXSD_DELTAE_SWEEP_20260115,47011,4948,55900,276.6,7823
TXSD_DELTAE_SWEEP_20260115,47021,4948,57600,285.0,7823
TXSD_DELTAE_SWEEP_20260115,47031,4944,56700,280.3,7823
TXSD_DELTAE_SWEEP_20260115,47041,4944,57000,281.8,7823
TXSD_DELTAE_SWEEP_20260115,47051,4944,56700,280.3,7823
TXSD_DELTAE_SWEEP_20260115,47061,4944,57000,281.8,7823
TXSD_DELTAE_SWEEP_20260115,47071,4948,56700,280.6,7823
TXSD_DELTAE_SWEEP_20260115,47081,4948,56900,281.5,7823
TXSD_DELTAE_SWEEP_20260115,47091,4944,57100,282.3,7823
TXSD_DELTAE_SWEEP_20260115,47101,4944,56000,276.9,7823
TXSD_DELTAE_SWEEP_20260115,47111,4948,57600,285.0,7823
TXSD_DELTAE_SWEEP_20260115,47121,4944,56000,276.9,7823
TXSD_DELTAE_SWEEP_20260115,47131,4948,57600,285.0,7823
TXSD_DELTAE_SWEEP_20260115,47141,4944,56100,277.4,7823
TXSD_DELTAE_SWEEP_20260115,47151,4948,57600,285.0,7823
TXSD_DELTAE_SWEEP_20260115,47161,4944,56000,276.9,7823
TXSD_DELTAE_SWEEP_20260115,47171,4944,57700,285.3,7823
TXSD_DELTAE_SWEEP_20260115,47181,4944,56000,276.9,7823
TXSD_DELTAE_SWEEP_20260115,47191,4944,57600,284.8,7823
TXSD_DELTAE_SWEEP_20260115,47201,4944,56000,276.9,7823
TXSD_DELTAE_SWEEP_20260115,47211,4944,56900,281.3,7823
TXSD_DELTAE_SWEEP_20260115,47221,4948,56700,280.6,7823
TXSD_DELTAE_SWEEP_20260115,47231,4944,56900,281.3,7823
TXSD_DELTAE_SWEEP_20260115,47241,4920,56800,279.5,7824
TXSD_DELTAE_SWEEP_20260115,47251,4944,56000,276.9,7824
TXSD_DELTAE_SWEEP_20260115,47261,4948,57600,285.0,7824
TXSD_DELTAE_SWEEP_20260115,47271,4944,56100,277.4,7824
TXSD_DELTAE_SWEEP_20260115,47281,4944,57600,284.8,7824
TXSD_DELTAE_SWEEP_20260115,47291,4944,56000,276.9,7824
TXSD_DELTAE_SWEEP_20260115,47301,4948,57600,285.0,7824
TXSD_DELTAE_SWEEP_20260115,47311,4944,56000,276.9,7824
TXSD_DELTAE_SWEEP_20260115,47321,4948,57600,285.0,7824
TXSD_DELTAE_SWEEP_20260115,47331,4944,56000,276.9,7824
TXSD_DELTAE_SWEEP_20260115,47341,4948,57600,285.0,7824
TXSD_DELTAE_SWEEP_20260115,47351,4944,56200,277.9,7824
TXSD_DELTAE_SWEEP_20260115,47361,4944,57500,284.3,7824
TXSD_DELTAE_SWEEP_20260115,47371,4948,56700,280.6,7824
TXSD_DELTAE_SWEEP_20260115,47381,4944,57000,281.8,7824
TXSD_DELTAE_SWEEP_20260115,47391,4944,56700,280.3,7824
TXSD_DELTAE_SWEEP_20260115,47401,4944,57000,281.8,7824
TXSD_DELTAE_SWEEP_20260115,47411,4944,56600,279.8,7824
TXSD_DELTAE_SWEEP_20260115,47421,4944,56100,277.4,7824
TXSD_DELTAE_SWEEP_20260115,47431,4948,57500,284.5,7824
TXSD_DELTAE_SWEEP_20260115,47441,4944,56000,276.9,7824
TXSD_DELTAE_SWEEP_20260115,47451,4948,57700,285.5,7824
TXSD_DELTAE_SWEEP_20260115,47461,4944,56000,276.9,7824
TXSD_DELTAE_SWEEP_20260115,47471,4948,57700,285.5,7824
TXSD_DELTAE_SWEEP_20260115,47481,4944,56000,276.9,7824
TXSD_DELTAE_SWEEP_20260115,47491,4944,57600,284.8,7824
TXSD_DELTAE_SWEEP_20260115,47501,4944,56000,276.9,7824
TXSD_DELTAE_SWEEP_20260115,47511,4948,57500,284.5,7824
TXSD_DELTAE_SWEEP_20260115,47521,4944,56100,277.4,7824
TXSD_DELTAE_SWEEP_20260115,47531,4944,56900,281.3,7824
TXSD_DELTAE_SWEEP_20260115,47541,4944,56700,280.3,7824
TXSD_DELTAE_SWEEP_20260115,47551,4948,57000,282.0,7824
TXSD_DELTAE_SWEEP_20260115,47561,4944,56600,279.8,7824
TXSD_DELTAE_SWEEP_20260115,47571,4948,56500,279.6,7824
TXSD_DELTAE_SWEEP_20260115,47581,4944,57600,284.8,7824
TXSD_DELTAE_SWEEP_20260115,47591,4944,56000,276.9,7824
TXSD_DELTAE_SWEEP_20260115,47601,4948,57600,285.0,7824
TXSD_DELTAE_SWEEP_20260115,47611,4944,56000,276.9,7824
TXSD_DELTAE_SWEEP_20260115,47621,4948,57600,285.0,7824
TXSD_DELTAE_SWEEP_20260115,47631,4944,56000,276.9,7824
TXSD_DELTAE_SWEEP_20260115,47641,4948,57600,285.0,7824
TXSD_DELTAE_SWEEP_20260115,47651,4944,56100,277.4,7824
TXSD_DELTAE_SWEEP_20260115,47661,4948,57700,285.5,7824
TXSD_DELTAE_SWEEP_20260115,47671,4944,56100,277.4,7824
TXSD_DELTAE_SWEEP_20260115,47681,4944,57600,284.8,7824
TXSD_DELTAE_SWEEP_20260115,47691,4944,56100,277.4,7824
TXSD_DELTAE_SWEEP_20260115,47701,4944,57000,281.8,7824
TXSD_DELTAE_SWEEP_20260115,47711,4944,56700,280.3,7824
TXSD_DELTAE_SWEEP_20260115,47721,4944,57000,281.8,7824
TXSD_DELTAE_SWEEP_20260115,47731,4944,56600,279.8,7824
TXSD_DELTAE_SWEEP_20260115,47741,4944,56000,276.9,7824
TXSD_DELTAE_SWEEP_20260115,47751,4944,57500,284.3,7824
TXSD_DELTAE_SWEEP_20260115,47761,4944,56000,276.9,7824
TXSD_DELTAE_SWEEP_20260115,47771,4948,57700,285.5,7824
TXSD_DELTAE_SWEEP_20260115,47781,4944,56000,276.9,7824
TXSD_DELTAE_SWEEP_20260115,47791,4948,57600,285.0,7824
TXSD_DELTAE_SWEEP_20260115,47801,4944,56000,276.9,7824
TXSD_DELTAE_SWEEP_20260115,47811,4944,57600,284.8,7824
TXSD_DELTAE_SWEEP_20260115,47821,4944,56000,276.9,7824
TXSD_DELTAE_SWEEP_20260115,47831,4948,57600,285.0,7824
TXSD_DELTAE_SWEEP_20260115,47841,4944,56100,277.4,7824
TXSD_DELTAE_SWEEP_20260115,47851,4948,57000,282.0,7824
TXSD_DELTAE_SWEEP_20260115,47861,4944,56700,280.3,7824
TXSD_DELTAE_SWEEP_20260115,47871,4944,57000,281.8,7824
TXSD_DELTAE_SWEEP_20260115,47881,4948,56600,280.1,7824
TXSD_DELTAE_SWEEP_20260115,47891,4944,56900,281.3,7824
TXSD_DELTAE_SWEEP_20260115,47901,4944,57200,282.8,7824
TXSD_DELTAE_SWEEP_20260115,47911,4944,56100,277.4,7824
TXSD_DELTAE_SWEEP_20260115,47921,4948,57600,285.0,7824
TXSD_DELTAE_SWEEP_20260115,47931,4944,56000,276.9,7824
TXSD_DELTAE_SWEEP_20260115,47941,4948,57500,284.5,7824
TXSD_DELTAE_SWEEP_20260115,47951,4948,56000,277.1,7824
TXSD_DELTAE_SWEEP_20260115,47961,4948,57500,284.5,7824
TXSD_DELTAE_SWEEP_20260115,47971,4944,56000,276.9,7824
TXSD_DELTAE_SWEEP_20260115,47981,4948,57600,285.0,7824
TXSD_DELTAE_SWEEP_20260115,47991,4944,56000,276.9,7824
TXSD_DELTAE_SWEEP_20260115,48001,4948,57600,285.0,7824
TXSD_DELTAE_SWEEP_20260115,48011,4944,56000,276.9,7824
TXSD_DELTAE_SWEEP_20260115,48021,4948,56900,281.5,7824
TXSD_DELTAE_SWEEP_20260115,48031,4944,56700,280.3,7824
TXSD_DELTAE_SWEEP_20260115,48041,4944,57000,281.8,7824
TXSD_DELTAE_SWEEP_20260115,48051,4948,56700,280.6,7824
TXSD_DELTAE_SWEEP_20260115,48061,4944,56000,276.9,7824
TXSD_DELTAE_SWEEP_20260115,48071,4944,57500,284.3,7824
TXSD_DELTAE_SWEEP_20260115,48081,4944,55900,276.4,7824
TXSD_DELTAE_SWEEP_20260115,48091,4948,57600,285.0,7824
TXSD_DELTAE_SWEEP_20260115,48101,4944,56000,276.9,7824
TXSD_DELTAE_SWEEP_20260115,48111,4948,57600,285.0,7824
TXSD_DELTAE_SWEEP_20260115,48121,4944,56000,276.9,7824
TXSD_DELTAE_SWEEP_20260115,48131,4948,57600,285.0,7824
TXSD_DELTAE_SWEEP_20260115,48141,4944,56000,276.9,7824
TXSD_DELTAE_SWEEP_20260115,48151,4948,57600,285.0,7824
TXSD_DELTAE_SWEEP_20260115,48161,4944,56300,278.3,7824
TXSD_DELTAE_SWEEP_20260115,48171,4948,57500,284.5,7824
TXSD_DELTAE_SWEEP_20260115,48181,4944,56700,280.3,7824
TXSD_DELTAE_SWEEP_20260115,48191,4948,56900,281.5,7824
TXSD_DELTAE_SWEEP_20260115,48201,4944,56600,279.8,7824
TXSD_DELTAE_SWEEP_20260115,48211,4948,57000,282.0,7824
TXSD_DELTAE_SWEEP_20260115,48221,4944,56700,280.3,7824
TXSD_DELTAE_SWEEP_20260115,48231,4944,56000,276.9,7824
TXSD_DELTAE_SWEEP_20260115,48241,4948,57600,285.0,7824
TXSD_DELTAE_SWEEP_20260115,48251,4944,56000,276.9,7824
TXSD_DELTAE_SWEEP_20260115,48261,4948,57600,285.0,7824
TXSD_DELTAE_SWEEP_20260115,48271,4944,56000,276.9,7824
TXSD_DELTAE_SWEEP_20260115,48281,4944,57600,284.8,7824
TXSD_DELTAE_SWEEP_20260115,48291,4944,56000,276.9,7824
TXSD_DELTAE_SWEEP_20260115,48301,4948,57600,285.0,7824
TXSD_DELTAE_SWEEP_20260115,48311,4944,56000,276.9,7824
TXSD_DELTAE_SWEEP_20260115,48321,4948,57600,285.0,7824
TXSD_DELTAE_SWEEP_20260115,48331,4944,56000,276.9,7824
TXSD_DELTAE_SWEEP_20260115,48341,4948,56900,281.5,7824
TXSD_DELTAE_SWEEP_20260115,48351,4944,56600,279.8,7824
TXSD_DELTAE_SWEEP_20260115,48361,4944,56900,281.3,7824
TXSD_DELTAE_SWEEP_20260115,48371,4944,56600,279.8,7824
TXSD_DELTAE_SWEEP_20260115,48381,4948,56300,278.6,7824
TXSD_DELTAE_SWEEP_20260115,48391,4944,57700,285.3,7824
TXSD_DELTAE_SWEEP_20260115,48401,4944,56000,276.9,7824
TXSD_DELTAE_SWEEP_20260115,48411,4948,57600,285.0,7824
TXSD_DELTAE_SWEEP_20260115,48421,4948,56100,277.6,7824
TXSD_DELTAE_SWEEP_20260115,48431,4944,57600,284.8,7824
TXSD_DELTAE_SWEEP_20260115,48441,4944,56000,276.9,7824
TXSD_DELTAE_SWEEP_20260115,48451,4948,57500,284.5,7824
TXSD_DELTAE_SWEEP_20260115,48461,4944,56000,276.9,7824
TXSD_DELTAE_SWEEP_20260115,48471,4948,57700,285.5,7824
TXSD_DELTAE_SWEEP_20260115,48481,4944,55900,276.4,7824
TXSD_DELTAE_SWEEP_20260115,48491,4944,57600,284.8,7824
TXSD_DELTAE_SWEEP_20260115,48501,4944,56200,277.9,7824
TXSD_DELTAE_SWEEP_20260115,48511,4948,56900,281.5,7824
TXSD_DELTAE_SWEEP_20260115,48521,4944,56700,280.3,7824
TXSD_DELTAE_SWEEP_20260115,48531,4948,56900,281.5,7824
TXSD_DELTAE_SWEEP_20260115,48541,4948,56600,280.1,7824
TXSD_DELTAE_SWEEP_20260115,48551,4944,56000,276.9,7824
TXSD_DELTAE_SWEEP_20260115,48561,4948,57600,285.0,7824
TXSD_DELTAE_SWEEP_20260115,48571,4944,56000,276.9,7824
TXSD_DELTAE_SWEEP_20260115,48581,4948,57600,285.0,7824
TXSD_DELTAE_SWEEP_20260115,48591,4944,56000,276.9,7824
TXSD_DELTAE_SWEEP_20260115,48601,4944,57600,284.8,7824
TXSD_DELTAE_SWEEP_20260115,48611,4944,56000,276.9,7824
TXSD_DELTAE_SWEEP_20260115,48621,4948,57600,285.0,7824
TXSD_DELTAE_SWEEP_20260115,48631,4944,56000,276.9,7824
TXSD_DELTAE_SWEEP_20260115,48641,4948,57600,285.0,7824
TXSD_DELTAE_SWEEP_20260115,48651,4944,56000,276.9,7824
TXSD_DELTAE_SWEEP_20260115,48661,4948,56900,281.5,7824
TXSD_DELTAE_SWEEP_20260115,48671,4944,56700,280.3,7824
TXSD_DELTAE_SWEEP_20260115,48681,4948,56900,281.5,7824
TXSD_DELTAE_SWEEP_20260115,48691,4944,56700,280.3,7824
TXSD_DELTAE_SWEEP_20260115,48701,4944,56900,281.3,7824
TXSD_DELTAE_SWEEP_20260115,48711,4944,57300,283.3,7824
TXSD_DELTAE_SWEEP_20260115,48721,4944,56000,276.9,7824
TXSD_DELTAE_SWEEP_20260115,48731,4948,57600,285.0,7824
TXSD_DELTAE_SWEEP_20260115,48741,4944,56000,276.9,7824
TXSD_DELTAE_SWEEP_20260115,48751,4948,57600,285.0,7824
TXSD_DELTAE_SWEEP_20260115,48761,4944,56000,276.9,7824
TXSD_DELTAE_SWEEP_20260115,48771,4948,57600,285.0,7824
TXSD_DELTAE_SWEEP_20260115,48781,4944,56000,276.9,7824
TXSD_DELTAE_SWEEP_20260115,48791,4944,57600,284.8,7824
TXSD_DELTAE_SWEEP_20260115,48801,4944,56000,276.9,7824
TXSD_DELTAE_SWEEP_20260115,48811,4948,57600,285.0,7824
TXSD_DELTAE_SWEEP_20260115,48821,4944,56100,277.4,7824
TXSD_DELTAE_SWEEP_20260115,48831,4944,57000,281.8,7824
TXSD_DELTAE_SWEEP_20260115,48841,4948,56700,280.6,7824
TXSD_DELTAE_SWEEP_20260115,48851,4948,57000,282.0,7824
TXSD_DELTAE_SWEEP_20260115,48861,4944,56700,280.3,7824
TXSD_DELTAE_SWEEP_20260115,48871,4944,56000,276.9,7824
TXSD_DELTAE_SWEEP_20260115,48881,4948,57500,284.5,7824
TXSD_DELTAE_SWEEP_20260115,48891,4944,56100,277.4,7824
TXSD_DELTAE_SWEEP_20260115,48901,4944,57600,284.8,7824
TXSD_DELTAE_SWEEP_20260115,48911,4944,56000,276.9,7824
TXSD_DELTAE_SWEEP_20260115,48921,4948,57600,285.0,7824
TXSD_DELTAE_SWEEP_20260115,48931,4944,56000,276.9,7824
TXSD_DELTAE_SWEEP_20260115,48941,4944,57600,284.8,7824
TXSD_DELTAE_SWEEP_20260115,48951,4944,56000,276.9,7824
TXSD_DELTAE_SWEEP_20260115,48961,4948,57600,285.0,7824
TXSD_DELTAE_SWEEP_20260115,48971,4944,56500,279.3,7824
TXSD_DELTAE_SWEEP_20260115,48981,4944,57400,283.8,7824
TXSD_DELTAE_SWEEP_20260115,48991,4944,56800,280.8,7824
TXSD_DELTAE_SWEEP_20260115,49001,4948,57000,282.0,7824
TXSD_DELTAE_SWEEP_20260115,49011,4948,56700,280.6,7824
TXSD_DELTAE_SWEEP_20260115,49021,4944,57000,281.8,7824
TXSD_DELTAE_SWEEP_20260115,49031,4944,56700,280.3,7824
TXSD_DELTAE_SWEEP_20260115,49041,4944,56000,276.9,7824
TXSD_DELTAE_SWEEP_20260115,49051,4948,57600,285.0,7824
TXSD_DELTAE_SWEEP_20260115,49061,4944,55900,276.4,7824
TXSD_DELTAE_SWEEP_20260115,49071,4948,57700,285.5,7824
TXSD_DELTAE_SWEEP_20260115,49081,4948,56100,277.6,7824
TXSD_DELTAE_SWEEP_20260115,49091,4948,57600,285.0,7824
TXSD_DELTAE_SWEEP_20260115,49101,4944,56000,276.9,7824
TXSD_DELTAE_SWEEP_20260115,49111,4944,57600,284.8,7824
TXSD_DELTAE_SWEEP_20260115,49121,4944,56000,276.9,7824
TXSD_DELTAE_SWEEP_20260115,49131,4944,57600,284.8,7824
TXSD_DELTAE_SWEEP_20260115,49141,4944,56100,277.4,7824
TXSD_DELTAE_SWEEP_20260115,49151,4944,57000,281.8,7824
TXSD_DELTAE_SWEEP_20260115,49161,4944,56600,279.8,7824
TXSD_DELTAE_SWEEP_20260115,49171,4948,56900,281.5,7824
TXSD_DELTAE_SWEEP_20260115,49181,4944,56700,280.3,7824
TXSD_DELTAE_SWEEP_20260115,49191,4944,56100,277.4,7824
TXSD_DELTAE_SWEEP_20260115,49201,4944,57700,285.3,7824
TXSD_DELTAE_SWEEP_20260115,49211,4944,56000,276.9,7824
TXSD_DELTAE_SWEEP_20260115,49221,4948,57600,285.0,7824
TXSD_DELTAE_SWEEP_20260115,49231,4944,56000,276.9,7824
TXSD_DELTAE_SWEEP_20260115,49241,4932,61700,304.3,7825
TXSD_DELTAE_SWEEP_20260115,49251,4944,56100,277.4,7825
TXSD_DELTAE_SWEEP_20260115,49261,4948,57600,285.0,7825
TXSD_DELTAE_SWEEP_20260115,49271,4944,56100,277.4,7825
TXSD_DELTAE_SWEEP_20260115,49281,4948,57600,285.0,7825
TXSD_DELTAE_SWEEP_20260115,49291,4944,56000,276.9,7825
TXSD_DELTAE_SWEEP_20260115,49301,4944,57600,284.8,7825
TXSD_DELTAE_SWEEP_20260115,49311,4944,56300,278.3,7825
TXSD_DELTAE_SWEEP_20260115,49321,4944,57000,281.8,7825
TXSD_DELTAE_SWEEP_20260115,49331,4944,56700,280.3,7825
TXSD_DELTAE_SWEEP_20260115,49341,4944,57000,281.8,7825
TXSD_DELTAE_SWEEP_20260115,49351,4948,56600,280.1,7825
TXSD_DELTAE_SWEEP_20260115,49361,4944,56100,277.4,7825
TXSD_DELTAE_SWEEP_20260115,49371,4944,57600,284.8,7825
TXSD_DELTAE_SWEEP_20260115,49381,4944,56000,276.9,7825
TXSD_DELTAE_SWEEP_20260115,49391,4948,57700,285.5,7825
TXSD_DELTAE_SWEEP_20260115,49401,4944,56000,276.9,7825
TXSD_DELTAE_SWEEP_20260115,49411,4948,57600,285.0,7825
TXSD_DELTAE_SWEEP_20260115,49421,4944,56100,277.4,7825
TXSD_DELTAE_SWEEP_20260115,49431,4948,57600,285.0,7825
TXSD_DELTAE_SWEEP_20260115,49441,4944,56100,277.4,7825
TXSD_DELTAE_SWEEP_20260115,49451,4948,57600,285.0,7825
TXSD_DELTAE_SWEEP_20260115,49461,4944,56000,276.9,7825
TXSD_DELTAE_SWEEP_20260115,49471,4944,56900,281.3,7825
TXSD_DELTAE_SWEEP_20260115,49481,4948,56600,280.1,7825
TXSD_DELTAE_SWEEP_20260115,49491,4944,57000,281.8,7825
TXSD_DELTAE_SWEEP_20260115,49501,4948,56700,280.6,7825
TXSD_DELTAE_SWEEP_20260115,49511,4944,56800,280.8,7825
TXSD_DELTAE_SWEEP_20260115,49521,4944,57500,284.3,7825
TXSD_DELTAE_SWEEP_20260115,49531,4944,56000,276.9,7825
TXSD_DELTAE_SWEEP_20260115,49541,4944,57600,284.8,7825
TXSD_DELTAE_SWEEP_20260115,49551,4944,56000,276.9,7825
TXSD_DELTAE_SWEEP_20260115,49561,4948,57600,285.0,7825
TXSD_DELTAE_SWEEP_20260115,49571,4944,56000,276.9,7825
TXSD_DELTAE_SWEEP_20260115,49581,4948,57600,285.0,7825
TXSD_DELTAE_SWEEP_20260115,49591,4944,56000,276.9,7825
TXSD_DELTAE_SWEEP_20260115,49601,4948,57600,285.0,7825
TXSD_DELTAE_SWEEP_20260115,49611,4944,56000,276.9,7825
TXSD_DELTAE_SWEEP_20260115,49621,4948,57700,285.5,7825
TXSD_DELTAE_SWEEP_20260115,49631,4948,56000,277.1,7825
TXSD_DELTAE_SWEEP_20260115,49641,4948,56900,281.5,7825
TXSD_DELTAE_SWEEP_20260115,49651,4944,56700,280.3,7825
TXSD_DELTAE_SWEEP_20260115,49661,4944,56900,281.3,7825
TXSD_DELTAE_SWEEP_20260115,49671,4944,56700,280.3,7825
TXSD_DELTAE_SWEEP_20260115,49681,4944,56000,276.9,7825
TXSD_DELTAE_SWEEP_20260115,49691,4948,57600,285.0,7825
TXSD_DELTAE_SWEEP_20260115,49701,4944,56000,276.9,7825
TXSD_DELTAE_SWEEP_20260115,49711,4948,57600,285.0,7825
TXSD_DELTAE_SWEEP_20260115,49721,4944,56100,277.4,7825
TXSD_DELTAE_SWEEP_20260115,49731,4948,57600,285.0,7825
TXSD_DELTAE_SWEEP_20260115,49741,4944,56000,276.9,7825
TXSD_DELTAE_SWEEP_20260115,49751,4948,57600,285.0,7825
TXSD_DELTAE_SWEEP_20260115,49761,4944,56000,276.9,7825
TXSD_DELTAE_SWEEP_20260115,49771,4948,57600,285.0,7825
TXSD_DELTAE_SWEEP_20260115,49781,4944,56000,276.9,7825
TXSD_DELTAE_SWEEP_20260115,49791,4948,57300,283.5,7825
TXSD_DELTAE_SWEEP_20260115,49801,4944,56700,280.3,7825
TXSD_DELTAE_SWEEP_20260115,49811,4944,57000,281.8,7825
TXSD_DELTAE_SWEEP_20260115,49821,4944,56700,280.3,7825
TXSD_DELTAE_SWEEP_20260115,49831,4944,57000,281.8,7825
TXSD_DELTAE_SWEEP_20260115,49841,4944,56900,281.3,7825
TXSD_DELTAE_SWEEP_20260115,49851,4948,56000,277.1,7825
TXSD_DELTAE_SWEEP_20260115,49861,4948,57600,285.0,7825
TXSD_DELTAE_SWEEP_20260115,49871,4944,56000,276.9,7825
TXSD_DELTAE_SWEEP_20260115,49881,4948,57700,285.5,7825
TXSD_DELTAE_SWEEP_20260115,49891,4944,56000,276.9,7825
TXSD_DELTAE_SWEEP_20260115,49901,4948,57600,285.0,7825
TXSD_DELTAE_SWEEP_20260115,49911,4944,56000,276.9,7825
TXSD_DELTAE_SWEEP_20260115,49921,4944,57600,284.8,7825
TXSD_DELTAE_SWEEP_20260115,49931,4948,56100,277.6,7825
TXSD_DELTAE_SWEEP_20260115,49941,4944,57600,284.8,7825
TXSD_DELTAE_SWEEP_20260115,49951,4944,56000,276.9,7825
TXSD_DELTAE_SWEEP_20260115,49961,4944,57000,281.8,7825
TXSD_DELTAE_SWEEP_20260115,49971,4944,56700,280.3,7825
TXSD_DELTAE_SWEEP_20260115,49981,4948,57000,282.0,7825
TXSD_DELTAE_SWEEP_20260115,49991,4944,56700,280.3,7825
TXSD_DELTAE_SWEEP_20260115,50001,4944,56000,276.9,7825
TXSD_DELTAE_SWEEP_20260115,50011,4948,57700,285.5,7825
TXSD_DELTAE_SWEEP_20260115,50021,4944,56000,276.9,7825
TXSD_DELTAE_SWEEP_20260115,50031,4948,57600,285.0,7825
TXSD_DELTAE_SWEEP_20260115,50041,4944,56000,276.9,7825
TXSD_DELTAE_SWEEP_20260115,50051,4948,57500,284.5,7825
TXSD_DELTAE_SWEEP_20260115,50061,4944,56000,276.9,7825
TXSD_DELTAE_SWEEP_20260115,50071,4948,57700,285.5,7825
TXSD_DELTAE_SWEEP_20260115,50081,4944,56000,276.9,7825
TXSD_DELTAE_SWEEP_20260115,50091,4948,57600,285.0,7825
TXSD_DELTAE_SWEEP_20260115,50101,4944,56000,276.9,7825
TXSD_DELTAE_SWEEP_20260115,50111,4948,57600,285.0,7825
TXSD_DELTAE_SWEEP_20260115,50121,4944,56500,279.3,7825
TXSD_DELTAE_SWEEP_20260115,50131,4944,57000,281.8,7825
TXSD_DELTAE_SWEEP_20260115,50141,4948,56700,280.6,7825
TXSD_DELTAE_SWEEP_20260115,50151,4948,57000,282.0,7825
TXSD_DELTAE_SWEEP_20260115,50161,4948,56700,280.6,7825
TXSD_DELTAE_SWEEP_20260115,50171,4944,56000,276.9,7825
TXSD_DELTAE_SWEEP_20260115,50181,4948,57600,285.0,7825
TXSD_DELTAE_SWEEP_20260115,50191,4944,56000,276.9,7825
TXSD_DELTAE_SWEEP_20260115,50201,4944,57600,284.8,7825
TXSD_DELTAE_SWEEP_20260115,50211,4944,56000,276.9,7825
TXSD_DELTAE_SWEEP_20260115,50221,4948,57700,285.5,7825
TXSD_DELTAE_SWEEP_20260115,50231,4944,56100,277.4,7825
TXSD_DELTAE_SWEEP_20260115,50241,4944,57600,284.8,7825
TXSD_DELTAE_SWEEP_20260115,50251,4944,56000,276.9,7825
TXSD_DELTAE_SWEEP_20260115,50261,4948,57600,285.0,7825
TXSD_DELTAE_SWEEP_20260115,50271,4944,56000,276.9,7825
TXSD_DELTAE_SWEEP_20260115,50281,4944,56900,281.3,7825
TXSD_DELTAE_SWEEP_20260115,50291,4944,56700,280.3,7825
TXSD_DELTAE_SWEEP_20260115,50301,4944,57000,281.8,7825
TXSD_DELTAE_SWEEP_20260115,50311,4944,56700,280.3,7825
TXSD_DELTAE_SWEEP_20260115,50321,4944,56600,279.8,7825
TXSD_DELTAE_SWEEP_20260115,50331,4944,57600,284.8,7825
TXSD_DELTAE_SWEEP_20260115,50341,4944,56000,276.9,7825
TXSD_DELTAE_SWEEP_20260115,50351,4948,57600,285.0,7825
TXSD_DELTAE_SWEEP_20260115,50361,4944,56000,276.9,7825
TXSD_DELTAE_SWEEP_20260115,50371,4948,57600,285.0,7825
TXSD_DELTAE_SWEEP_20260115,50381,4944,56000,276.9,7825
TXSD_DELTAE_SWEEP_20260115,50391,4948,57600,285.0,7825
TXSD_DELTAE_SWEEP_20260115,50401,4944,56000,276.9,7825
TXSD_DELTAE_SWEEP_20260115,50411,4948,57600,285.0,7825
TXSD_DELTAE_SWEEP_20260115,50421,4944,56100,277.4,7825
TXSD_DELTAE_SWEEP_20260115,50431,4944,57600,284.8,7825
TXSD_DELTAE_SWEEP_20260115,50441,4944,56100,277.4,7825
TXSD_DELTAE_SWEEP_20260115,50451,4948,57000,282.0,7825
TXSD_DELTAE_SWEEP_20260115,50461,4944,56600,279.8,7825
TXSD_DELTAE_SWEEP_20260115,50471,4944,57000,281.8,7825
TXSD_DELTAE_SWEEP_20260115,50481,4944,56700,280.3,7825
TXSD_DELTAE_SWEEP_20260115,50491,4944,56000,276.9,7825
TXSD_DELTAE_SWEEP_20260115,50501,4944,57600,284.8,7825
TXSD_DELTAE_SWEEP_20260115,50511,4944,56000,276.9,7825
TXSD_DELTAE_SWEEP_20260115,50521,4948,57700,285.5,7825
TXSD_DELTAE_SWEEP_20260115,50531,4944,56000,276.9,7825
TXSD_DELTAE_SWEEP_20260115,50541,4948,57600,285.0,7825
TXSD_DELTAE_SWEEP_20260115,50551,4944,56000,276.9,7825
TXSD_DELTAE_SWEEP_20260115,50561,4948,57600,285.0,7825
TXSD_DELTAE_SWEEP_20260115,50571,4944,56100,277.4,7825
TXSD_DELTAE_SWEEP_20260115,50581,4948,57600,285.0,7825
TXSD_DELTAE_SWEEP_20260115,50591,4944,56000,276.9,7825
TXSD_DELTAE_SWEEP_20260115,50601,4948,57000,282.0,7825
TXSD_DELTAE_SWEEP_20260115,50611,4944,56700,280.3,7825
TXSD_DELTAE_SWEEP_20260115,50621,4948,56900,281.5,7825
TXSD_DELTAE_SWEEP_20260115,50631,4944,56600,279.8,7825
TXSD_DELTAE_SWEEP_20260115,50641,4948,57000,282.0,7825
TXSD_DELTAE_SWEEP_20260115,50651,4944,57000,281.8,7825
TXSD_DELTAE_SWEEP_20260115,50661,4944,56000,276.9,7825
TXSD_DELTAE_SWEEP_20260115,50671,4948,57600,285.0,7825
TXSD_DELTAE_SWEEP_20260115,50681,4944,56000,276.9,7825
TXSD_DELTAE_SWEEP_20260115,50691,4948,57600,285.0,7825
TXSD_DELTAE_SWEEP_20260115,50701,4944,56000,276.9,7825
TXSD_DELTAE_SWEEP_20260115,50711,4948,57600,285.0,7825
TXSD_DELTAE_SWEEP_20260115,50721,4944,56000,276.9,7825
TXSD_DELTAE_SWEEP_20260115,50731,4948,57600,285.0,7825
TXSD_DELTAE_SWEEP_20260115,50741,4944,56000,276.9,7825
TXSD_DELTAE_SWEEP_20260115,50751,4948,57600,285.0,7825
TXSD_DELTAE_SWEEP_20260115,50761,4948,56000,277.1,7825
TXSD_DELTAE_SWEEP_20260115,50771,4948,57000,282.0,7825
TXSD_DELTAE_SWEEP_20260115,50781,4944,56700,280.3,7825
TXSD_DELTAE_SWEEP_20260115,50791,4944,57000,281.8,7825
TXSD_DELTAE_SWEEP_20260115,50801,4944,56600,279.8,7825
TXSD_DELTAE_SWEEP_20260115,50811,4948,56000,277.1,7825
TXSD_DELTAE_SWEEP_20260115,50821,4944,57600,284.8,7825
TXSD_DELTAE_SWEEP_20260115,50831,4944,55900,276.4,7825
TXSD_DELTAE_SWEEP_20260115,50841,4948,57700,285.5,7825
TXSD_DELTAE_SWEEP_20260115,50851,4944,56000,276.9,7825
TXSD_DELTAE_SWEEP_20260115,50861,4948,57600,285.0,7825
TXSD_DELTAE_SWEEP_20260115,50871,4944,56000,276.9,7825
TXSD_DELTAE_SWEEP_20260115,50881,4948,57600,285.0,7825
TXSD_DELTAE_SWEEP_20260115,50891,4944,56100,277.4,7825
TXSD_DELTAE_SWEEP_20260115,50901,4948,57600,285.0,7825
TXSD_DELTAE_SWEEP_20260115,50911,4944,56100,277.4,7825
TXSD_DELTAE_SWEEP_20260115,50921,4948,57500,284.5,7825
TXSD_DELTAE_SWEEP_20260115,50931,4944,56600,279.8,7825
TXSD_DELTAE_SWEEP_20260115,50941,4948,57000,282.0,7825
TXSD_DELTAE_SWEEP_20260115,50951,4944,56700,280.3,7825
TXSD_DELTAE_SWEEP_20260115,50961,4948,56900,281.5,7825
TXSD_DELTAE_SWEEP_20260115,50971,4944,56600,279.8,7825
TXSD_DELTAE_SWEEP_20260115,50981,4944,56000,276.9,7825
TXSD_DELTAE_SWEEP_20260115,50991,4948,57700,285.5,7825
TXSD_DELTAE_SWEEP_20260115,51001,4944,56000,276.9,7825
TXSD_DELTAE_SWEEP_20260115,51011,4948,57600,285.0,7825
TXSD_DELTAE_SWEEP_20260115,51021,4944,56000,276.9,7825
TXSD_DELTAE_SWEEP_20260115,51031,4948,57500,284.5,7825
TXSD_DELTAE_SWEEP_20260115,51041,4944,56000,276.9,7825
TXSD_DELTAE_SWEEP_20260115,51051,4948,57600,285.0,7825
TXSD_DELTAE_SWEEP_20260115,51061,4944,56000,276.9,7825
TXSD_DELTAE_SWEEP_20260115,51071,4948,57600,285.0,7825
TXSD_DELTAE_SWEEP_20260115,51081,4944,56000,276.9,7825
TXSD_DELTAE_SWEEP_20260115,51091,4944,57000,281.8,7825
TXSD_DELTAE_SWEEP_20260115,51101,4944,56700,280.3,7825
TXSD_DELTAE_SWEEP_20260115,51111,4948,57000,282.0,7825
TXSD_DELTAE_SWEEP_20260115,51121,4944,56700,280.3,7825
TXSD_DELTAE_SWEEP_20260115,51131,4944,56400,278.8,7825
TXSD_DELTAE_SWEEP_20260115,51141,4944,57700,285.3,7825
TXSD_DELTAE_SWEEP_20260115,51151,4948,56000,277.1,7825
TXSD_DELTAE_SWEEP_20260115,51161,4948,57700,285.5,7825
TXSD_DELTAE_SWEEP_20260115,51171,4944,56000,276.9,7825
TXSD_DELTAE_SWEEP_20260115,51181,4948,57600,285.0,7825
TXSD_DELTAE_SWEEP_20260115,51191,4944,56000,276.9,7825
TXSD_DELTAE_SWEEP_20260115,51201,4948,57500,284.5,7825
TXSD_DELTAE_SWEEP_20260115,51211,4944,56000,276.9,7825
TXSD_DELTAE_SWEEP_20260115,51221,4944,57600,284.8,7825
TXSD_DELTAE_SWEEP_20260115,51231,4944,56000,276.9,7825
TXSD_DELTAE_SWEEP_20260115,51241,4944,82700,408.9,7826
TXSD_DELTAE_SWEEP_20260115,51251,4944,56000,276.9,7826
TXSD_DELTAE_SWEEP_20260115,51261,4944,56900,281.3,7826
TXSD_DELTAE_SWEEP_20260115,51271,4944,56800,280.8,7826
TXSD_DELTAE_SWEEP_20260115,51281,4944,56900,281.3,7826
TXSD_DELTAE_SWEEP_20260115,51291,4944,56700,280.3,7826
TXSD_DELTAE_SWEEP_20260115,51301,4944,56000,276.9,7826
TXSD_DELTAE_SWEEP_20260115,51311,4948,57700,285.5,7826
TXSD_DELTAE_SWEEP_20260115,51321,4944,56000,276.9,7826
TXSD_DELTAE_SWEEP_20260115,51331,4944,57600,284.8,7826
TXSD_DELTAE_SWEEP_20260115,51341,4944,56100,277.4,7826
TXSD_DELTAE_SWEEP_20260115,51351,4948,57600,285.0,7826
TXSD_DELTAE_SWEEP_20260115,51361,4944,56100,277.4,7826
TXSD_DELTAE_SWEEP_20260115,51371,4948,57700,285.5,7826
TXSD_DELTAE_SWEEP_20260115,51381,4944,56000,276.9,7826
TXSD_DELTAE_SWEEP_20260115,51391,4948,57700,285.5,7826
TXSD_DELTAE_SWEEP_20260115,51401,4944,56000,276.9,7826
TXSD_DELTAE_SWEEP_20260115,51411,4948,56900,281.5,7826
TXSD_DELTAE_SWEEP_20260115,51421,4944,56700,280.3,7826
TXSD_DELTAE_SWEEP_20260115,51431,4948,57000,282.0,7826
TXSD_DELTAE_SWEEP_20260115,51441,4944,56700,280.3,7826
TXSD_DELTAE_SWEEP_20260115,51451,4944,57000,281.8,7826
TXSD_DELTAE_SWEEP_20260115,51461,4944,57100,282.3,7826
TXSD_DELTAE_SWEEP_20260115,51471,4944,56000,276.9,7826
TXSD_DELTAE_SWEEP_20260115,51481,4948,57600,285.0,7826
TXSD_DELTAE_SWEEP_20260115,51491,4944,56100,277.4,7826
TXSD_DELTAE_SWEEP_20260115,51501,4944,57500,284.3,7826
TXSD_DELTAE_SWEEP_20260115,51511,4944,55900,276.4,7826
TXSD_DELTAE_SWEEP_20260115,51521,4948,57600,285.0,7826
TXSD_DELTAE_SWEEP_20260115,51531,4944,56000,276.9,7826
TXSD_DELTAE_SWEEP_20260115,51541,4944,57600,284.8,7826
TXSD_DELTAE_SWEEP_20260115,51551,4944,56000,276.9,7826
TXSD_DELTAE_SWEEP_20260115,51561,4948,57600,285.0,7826
TXSD_DELTAE_SWEEP_20260115,51571,4944,56000,276.9,7826
TXSD_DELTAE_SWEEP_20260115,51581,4948,57000,282.0,7826
TXSD_DELTAE_SWEEP_20260115,51591,4944,56700,280.3,7826
TXSD_DELTAE_SWEEP_20260115,51601,4948,56900,281.5,7826
TXSD_DELTAE_SWEEP_20260115,51611,4944,56700,280.3,7826
TXSD_DELTAE_SWEEP_20260115,51621,4944,56000,276.9,7826
TXSD_DELTAE_SWEEP_20260115,51631,4944,57600,284.8,7826
TXSD_DELTAE_SWEEP_20260115,51641,4944,56100,277.4,7826
TXSD_DELTAE_SWEEP_20260115,51651,4948,57600,285.0,7826
TXSD_DELTAE_SWEEP_20260115,51661,4944,56000,276.9,7826
TXSD_DELTAE_SWEEP_20260115,51671,4948,57600,285.0,7826
TXSD_DELTAE_SWEEP_20260115,51681,4944,56000,276.9,7826
TXSD_DELTAE_SWEEP_20260115,51691,4948,57600,285.0,7826
TXSD_DELTAE_SWEEP_20260115,51701,4944,56000,276.9,7826
TXSD_DELTAE_SWEEP_20260115,51711,4948,57700,285.5,7826
TXSD_DELTAE_SWEEP_20260115,51721,4944,56000,276.9,7826
TXSD_DELTAE_SWEEP_20260115,51731,4948,57500,284.5,7826
TXSD_DELTAE_SWEEP_20260115,51741,4944,56700,280.3,7826
TXSD_DELTAE_SWEEP_20260115,51751,4944,56900,281.3,7826
TXSD_DELTAE_SWEEP_20260115,51761,4944,56700,280.3,7826
TXSD_DELTAE_SWEEP_20260115,51771,4944,57000,281.8,7826
TXSD_DELTAE_SWEEP_20260115,51781,4944,56700,280.3,7826
TXSD_DELTAE_SWEEP_20260115,51791,4944,56000,276.9,7826
TXSD_DELTAE_SWEEP_20260115,51801,4948,57600,285.0,7826
TXSD_DELTAE_SWEEP_20260115,51811,4944,56000,276.9,7826
TXSD_DELTAE_SWEEP_20260115,51821,4948,57600,285.0,7826
TXSD_DELTAE_SWEEP_20260115,51831,4944,56000,276.9,7826
TXSD_DELTAE_SWEEP_20260115,51841,4948,57700,285.5,7826
TXSD_DELTAE_SWEEP_20260115,51851,4944,56000,276.9,7826
TXSD_DELTAE_SWEEP_20260115,51861,4948,57600,285.0,7826
TXSD_DELTAE_SWEEP_20260115,51871,4944,56000,276.9,7826
TXSD_DELTAE_SWEEP_20260115,51881,4948,57600,285.0,7826
TXSD_DELTAE_SWEEP_20260115,51891,4944,56100,277.4,7826
TXSD_DELTAE_SWEEP_20260115,51901,4948,57000,282.0,7826
TXSD_DELTAE_SWEEP_20260115,51911,4944,56700,280.3,7826
TXSD_DELTAE_SWEEP_20260115,51921,4944,57000,281.8,7826
TXSD_DELTAE_SWEEP_20260115,51931,4944,56700,280.3,7826
TXSD_DELTAE_SWEEP_20260115,51941,4944,56300,278.3,7826
TXSD_DELTAE_SWEEP_20260115,51951,4944,57700,285.3,7826
TXSD_DELTAE_SWEEP_20260115,51961,4944,56000,276.9,7826
TXSD_DELTAE_SWEEP_20260115,51971,4944,57600,284.8,7826
TXSD_DELTAE_SWEEP_20260115,51981,4944,56100,277.4,7826
TXSD_DELTAE_SWEEP_20260115,51991,4944,57600,284.8,7826
TXSD_DELTAE_SWEEP_20260115,52001,4944,56000,276.9,7826
TXSD_DELTAE_SWEEP_20260115,52011,4948,57600,285.0,7826
TXSD_DELTAE_SWEEP_20260115,52021,4944,56000,276.9,7826
TXSD_DELTAE_SWEEP_20260115,52031,4948,57600,285.0,7826
TXSD_DELTAE_SWEEP_20260115,52041,4944,56000,276.9,7826
TXSD_DELTAE_SWEEP_20260115,52051,4948,57600,285.0,7826
TXSD_DELTAE_SWEEP_20260115,52061,4948,56200,278.1,7826
TXSD_DELTAE_SWEEP_20260115,52071,4948,57000,282.0,7826
TXSD_DELTAE_SWEEP_20260115,52081,4944,56700,280.3,7826
TXSD_DELTAE_SWEEP_20260115,52091,4948,57000,282.0,7826
TXSD_DELTAE_SWEEP_20260115,52101,4948,56700,280.6,7826
TXSD_DELTAE_SWEEP_20260115,52111,4944,56100,277.4,7826
TXSD_DELTAE_SWEEP_20260115,52121,4948,57600,285.0,7826
TXSD_DELTAE_SWEEP_20260115,52131,4944,56000,276.9,7826
TXSD_DELTAE_SWEEP_20260115,52141,4948,57700,285.5,7826
TXSD_DELTAE_SWEEP_20260115,52151,4944,56100,277.4,7826
TXSD_DELTAE_SWEEP_20260115,52161,4944,57700,285.3,7826
TXSD_DELTAE_SWEEP_20260115,52171,4944,56000,276.9,7826
TXSD_DELTAE_SWEEP_20260115,52181,4948,57600,285.0,7826
TXSD_DELTAE_SWEEP_20260115,52191,4944,56000,276.9,7826
TXSD_DELTAE_SWEEP_20260115,52201,4948,57600,285.0,7826
TXSD_DELTAE_SWEEP_20260115,52211,4944,56000,276.9,7826
TXSD_DELTAE_SWEEP_20260115,52221,4944,56900,281.3,7826
TXSD_DELTAE_SWEEP_20260115,52231,4944,56600,279.8,7826
TXSD_DELTAE_SWEEP_20260115,52241,4944,57000,281.8,7826
TXSD_DELTAE_SWEEP_20260115,52251,4948,56600,280.1,7826
TXSD_DELTAE_SWEEP_20260115,52261,4944,56900,281.3,7826
TXSD_DELTAE_SWEEP_20260115,52271,4944,57300,283.3,7826
TXSD_DELTAE_SWEEP_20260115,52281,4944,56000,276.9,7826
TXSD_DELTAE_SWEEP_20260115,52291,4948,57600,285.0,7826
TXSD_DELTAE_SWEEP_20260115,52301,4944,56000,276.9,7826
TXSD_DELTAE_SWEEP_20260115,52311,4944,57600,284.8,7826
TXSD_DELTAE_SWEEP_20260115,52321,4944,56000,276.9,7826
TXSD_DELTAE_SWEEP_20260115,52331,4948,57600,285.0,7826
TXSD_DELTAE_SWEEP_20260115,52341,4944,56000,276.9,7826
TXSD_DELTAE_SWEEP_20260115,52351,4944,57600,284.8,7826
TXSD_DELTAE_SWEEP_20260115,52361,4944,56000,276.9,7826
TXSD_DELTAE_SWEEP_20260115,52371,4944,57600,284.8,7826
TXSD_DELTAE_SWEEP_20260115,52381,4944,56000,276.9,7826
TXSD_DELTAE_SWEEP_20260115,52391,4948,56900,281.5,7826
TXSD_DELTAE_SWEEP_20260115,52401,4948,56700,280.6,7826
TXSD_DELTAE_SWEEP_20260115,52411,4944,57000,281.8,7826
TXSD_DELTAE_SWEEP_20260115,52421,4944,56600,279.8,7826
TXSD_DELTAE_SWEEP_20260115,52431,4948,55900,276.6,7826
TXSD_DELTAE_SWEEP_20260115,52441,4948,57600,285.0,7826
TXSD_DELTAE_SWEEP_20260115,52451,4944,56000,276.9,7826
TXSD_DELTAE_SWEEP_20260115,52461,4944,57600,284.8,7826
TXSD_DELTAE_SWEEP_20260115,52471,4944,56000,276.9,7826
TXSD_DELTAE_SWEEP_20260115,52481,4948,57700,285.5,7826
TXSD_DELTAE_SWEEP_20260115,52491,4944,56000,276.9,7826
TXSD_DELTAE_SWEEP_20260115,52501,4944,57600,284.8,7826
TXSD_DELTAE_SWEEP_20260115,52511,4944,56000,276.9,7826
TXSD_DELTAE_SWEEP_20260115,52521,4948,57600,285.0,7826
TXSD_DELTAE_SWEEP_20260115,52531,4944,56000,276.9,7826
TXSD_DELTAE_SWEEP_20260115,52541,4944,57300,283.3,7826
TXSD_DELTAE_SWEEP_20260115,52551,4948,56700,280.6,7826
TXSD_DELTAE_SWEEP_20260115,52561,4948,57000,282.0,7826
TXSD_DELTAE_SWEEP_20260115,52571,4944,56600,279.8,7826
TXSD_DELTAE_SWEEP_20260115,52581,4948,57000,282.0,7826
TXSD_DELTAE_SWEEP_20260115,52591,4944,56800,280.8,7826
TXSD_DELTAE_SWEEP_20260115,52601,4944,56000,276.9,7826
TXSD_DELTAE_SWEEP_20260115,52611,4948,57600,285.0,7826
TXSD_DELTAE_SWEEP_20260115,52621,4944,56000,276.9,7826
TXSD_DELTAE_SWEEP_20260115,52631,4948,57600,285.0,7826
TXSD_DELTAE_SWEEP_20260115,52641,4944,56000,276.9,7826
TXSD_DELTAE_SWEEP_20260115,52651,4948,57600,285.0,7826
TXSD_DELTAE_SWEEP_20260115,52661,4944,56000,276.9,7826
TXSD_DELTAE_SWEEP_20260115,52671,4948,57600,285.0,7826
TXSD_DELTAE_SWEEP_20260115,52681,4944,56000,276.9,7826
TXSD_DELTAE_SWEEP_20260115,52691,4948,57700,285.5,7826
TXSD_DELTAE_SWEEP_20260115,52701,4944,56000,276.9,7826
TXSD_DELTAE_SWEEP_20260115,52711,4944,57000,281.8,7826
TXSD_DELTAE_SWEEP_20260115,52721,4944,56700,280.3,7826
TXSD_DELTAE_SWEEP_20260115,52731,4944,57000,281.8,7826
TXSD_DELTAE_SWEEP_20260115,52741,4944,56700,280.3,7826
TXSD_DELTAE_SWEEP_20260115,52751,4944,56200,277.9,7826
TXSD_DELTAE_SWEEP_20260115,52761,4948,57600,285.0,7826
TXSD_DELTAE_SWEEP_20260115,52771,4944,56100,277.4,7826
TXSD_DELTAE_SWEEP_20260115,52781,4948,57600,285.0,7826
TXSD_DELTAE_SWEEP_20260115,52791,4944,56100,277.4,7826
TXSD_DELTAE_SWEEP_20260115,52801,4948,57600,285.0,7826
TXSD_DELTAE_SWEEP_20260115,52811,4944,56000,276.9,7826
TXSD_DELTAE_SWEEP_20260115,52821,4944,57600,284.8,7826
TXSD_DELTAE_SWEEP_20260115,52831,4944,56000,276.9,7826
TXSD_DELTAE_SWEEP_20260115,52841,4948,57700,285.5,7826
TXSD_DELTAE_SWEEP_20260115,52851,4944,56000,276.9,7826
TXSD_DELTAE_SWEEP_20260115,52861,4944,57700,285.3,7826
TXSD_DELTAE_SWEEP_20260115,52871,4948,56300,278.6,7826
TXSD_DELTAE_SWEEP_20260115,52881,4944,57000,281.8,7826
TXSD_DELTAE_SWEEP_20260115,52891,4944,56700,280.3,7826
TXSD_DELTAE_SWEEP_20260115,52901,4948,56900,281.5,7826
TXSD_DELTAE_SWEEP_20260115,52911,4948,56700,280.6,7826
TXSD_DELTAE_SWEEP_20260115,52921,4944,56000,276.9,7826
TXSD_DELTAE_SWEEP_20260115,52931,4948,57600,285.0,7826
TXSD_DELTAE_SWEEP_20260115,52941,4944,56100,277.4,7826
TXSD_DELTAE_SWEEP_20260115,52951,4948,57600,285.0,7826
TXSD_DELTAE_SWEEP_20260115,52961,4944,56000,276.9,7826
TXSD_DELTAE_SWEEP_20260115,52971,4948,57600,285.0,7826
TXSD_DELTAE_SWEEP_20260115,52981,4944,56000,276.9,7826
TXSD_DELTAE_SWEEP_20260115,52991,4948,57700,285.5,7826
TXSD_DELTAE_SWEEP_20260115,53001,4944,56000,276.9,7826
TXSD_DELTAE_SWEEP_20260115,53011,4944,57600,284.8,7826
TXSD_DELTAE_SWEEP_20260115,53021,4944,56000,276.9,7826
TXSD_DELTAE_SWEEP_20260115,53031,4948,56900,281.5,7826
TXSD_DELTAE_SWEEP_20260115,53041,4944,56700,280.3,7826
TXSD_DELTAE_SWEEP_20260115,53051,4948,56900,281.5,7826
TXSD_DELTAE_SWEEP_20260115,53061,4944,56700,280.3,7826
TXSD_DELTAE_SWEEP_20260115,53071,4944,56800,280.8,7826
TXSD_DELTAE_SWEEP_20260115,53081,4944,57500,284.3,7826
TXSD_DELTAE_SWEEP_20260115,53091,4944,56100,277.4,7826
TXSD_DELTAE_SWEEP_20260115,53101,4948,57600,285.0,7826
TXSD_DELTAE_SWEEP_20260115,53111,4944,56000,276.9,7826
TXSD_DELTAE_SWEEP_20260115,53121,4944,57600,284.8,7826
TXSD_DELTAE_SWEEP_20260115,53131,4944,56000,276.9,7826
TXSD_DELTAE_SWEEP_20260115,53141,4948,57600,285.0,7826
TXSD_DELTAE_SWEEP_20260115,53151,4944,55900,276.4,7826
TXSD_DELTAE_SWEEP_20260115,53161,4948,57600,285.0,7826
TXSD_DELTAE_SWEEP_20260115,53171,4944,56000,276.9,7826
TXSD_DELTAE_SWEEP_20260115,53181,4948,57600,285.0,7826
TXSD_DELTAE_SWEEP_20260115,53191,4948,56000,277.1,7826
TXSD_DELTAE_SWEEP_20260115,53201,4948,57000,282.0,7826
TXSD_DELTAE_SWEEP_20260115,53211,4944,56700,280.3,7826
TXSD_DELTAE_SWEEP_20260115,53221,4944,57000,281.8,7826
TXSD_DELTAE_SWEEP_20260115,53231,4944,56600,279.8,7826
TXSD_DELTAE_SWEEP_20260115,53241,4944,119800,592.3,7827
TXSD_DELTAE_SWEEP_20260115,53251,4944,57600,284.8,7827
TXSD_DELTAE_SWEEP_20260115,53261,4944,56000,276.9,7827
TXSD_DELTAE_SWEEP_20260115,53271,4948,57700,285.5,7827
TXSD_DELTAE_SWEEP_20260115,53281,4944,56000,276.9,7827
TXSD_DELTAE_SWEEP_20260115,53291,4948,57600,285.0,7827
TXSD_DELTAE_SWEEP_20260115,53301,4944,56000,276.9,7827
TXSD_DELTAE_SWEEP_20260115,53311,4944,57600,284.8,7827
TXSD_DELTAE_SWEEP_20260115,53321,4944,56000,276.9,7827
TXSD_DELTAE_SWEEP_20260115,53331,4944,57600,284.8,7827
TXSD_DELTAE_SWEEP_20260115,53341,4944,56000,276.9,7827
TXSD_DELTAE_SWEEP_20260115,53351,4948,57200,283.0,7827
TXSD_DELTAE_SWEEP_20260115,53361,4944,56800,280.8,7827
TXSD_DELTAE_SWEEP_20260115,53371,4944,57000,281.8,7827
TXSD_DELTAE_SWEEP_20260115,53381,4948,56600,280.1,7827
TXSD_DELTAE_SWEEP_20260115,53391,4948,57000,282.0,7827
TXSD_DELTAE_SWEEP_20260115,53401,4944,56800,280.8,7827
TXSD_DELTAE_SWEEP_20260115,53411,4944,56000,276.9,7827
TXSD_DELTAE_SWEEP_20260115,53421,4948,57500,284.5,7827
TXSD_DELTAE_SWEEP_20260115,53431,4944,56000,276.9,7827
TXSD_DELTAE_SWEEP_20260115,53441,4948,57600,285.0,7827
TXSD_DELTAE_SWEEP_20260115,53451,4944,56000,276.9,7827
TXSD_DELTAE_SWEEP_20260115,53461,4944,57600,284.8,7827
TXSD_DELTAE_SWEEP_20260115,53471,4944,56000,276.9,7827
TXSD_DELTAE_SWEEP_20260115,53481,4948,57600,285.0,7827
TXSD_DELTAE_SWEEP_20260115,53491,4944,56000,276.9,7827
TXSD_DELTAE_SWEEP_20260115,53501,4948,57600,285.0,7827
TXSD_DELTAE_SWEEP_20260115,53511,4944,56000,276.9,7827
TXSD_DELTAE_SWEEP_20260115,53521,4948,57000,282.0,7827
TXSD_DELTAE_SWEEP_20260115,53531,4944,56700,280.3,7827
TXSD_DELTAE_SWEEP_20260115,53541,4944,57000,281.8,7827
TXSD_DELTAE_SWEEP_20260115,53551,4944,56700,280.3,7827
TXSD_DELTAE_SWEEP_20260115,53561,4948,56100,277.6,7827
TXSD_DELTAE_SWEEP_20260115,53571,4944,57600,284.8,7827
TXSD_DELTAE_SWEEP_20260115,53581,4944,56000,276.9,7827
TXSD_DELTAE_SWEEP_20260115,53591,4948,57600,285.0,7827
TXSD_DELTAE_SWEEP_20260115,53601,4944,56000,276.9,7827
TXSD_DELTAE_SWEEP_20260115,53611,4944,57600,284.8,7827
TXSD_DELTAE_SWEEP_20260115,53621,4944,56000,276.9,7827
TXSD_DELTAE_SWEEP_20260115,53631,4948,57600,285.0,7827
TXSD_DELTAE_SWEEP_20260115,53641,4944,56100,277.4,7827
TXSD_DELTAE_SWEEP_20260115,53651,4948,57600,285.0,7827
TXSD_DELTAE_SWEEP_20260115,53661,4944,56000,276.9,7827
TXSD_DELTAE_SWEEP_20260115,53671,4944,57600,284.8,7827
TXSD_DELTAE_SWEEP_20260115,53681,4944,56400,278.8,7827
TXSD_DELTAE_SWEEP_20260115,53691,4944,57000,281.8,7827
TXSD_DELTAE_SWEEP_20260115,53701,4944,56700,280.3,7827
TXSD_DELTAE_SWEEP_20260115,53711,4944,57000,281.8,7827
TXSD_DELTAE_SWEEP_20260115,53721,4944,56700,280.3,7827
TXSD_DELTAE_SWEEP_20260115,53731,4944,56000,276.9,7827
TXSD_DELTAE_SWEEP_20260115,53741,4948,57600,285.0,7827
TXSD_DELTAE_SWEEP_20260115,53751,4944,56000,276.9,7827
TXSD_DELTAE_SWEEP_20260115,53761,4944,57600,284.8,7827
TXSD_DELTAE_SWEEP_20260115,53771,4944,56000,276.9,7827
TXSD_DELTAE_SWEEP_20260115,53781,4948,57600,285.0,7827
TXSD_DELTAE_SWEEP_20260115,53791,4944,56000,276.9,7827
TXSD_DELTAE_SWEEP_20260115,53801,4948,57600,285.0,7827
TXSD_DELTAE_SWEEP_20260115,53811,4944,56000,276.9,7827
TXSD_DELTAE_SWEEP_20260115,53821,4944,57600,284.8,7827
TXSD_DELTAE_SWEEP_20260115,53831,4944,56000,276.9,7827
TXSD_DELTAE_SWEEP_20260115,53841,4948,56900,281.5,7827
TXSD_DELTAE_SWEEP_20260115,53851,4944,56600,279.8,7827
TXSD_DELTAE_SWEEP_20260115,53861,4948,57000,282.0,7827
TXSD_DELTAE_SWEEP_20260115,53871,4944,56600,279.8,7827
TXSD_DELTAE_SWEEP_20260115,53881,4944,56700,280.3,7827
TXSD_DELTAE_SWEEP_20260115,53891,4944,57600,284.8,7827
TXSD_DELTAE_SWEEP_20260115,53901,4944,56000,276.9,7827
TXSD_DELTAE_SWEEP_20260115,53911,4944,57600,284.8,7827
TXSD_DELTAE_SWEEP_20260115,53921,4944,56000,276.9,7827
TXSD_DELTAE_SWEEP_20260115,53931,4948,57600,285.0,7827
TXSD_DELTAE_SWEEP_20260115,53941,4944,56000,276.9,7827
TXSD_DELTAE_SWEEP_20260115,53951,4948,57600,285.0,7827
TXSD_DELTAE_SWEEP_20260115,53961,4944,56000,276.9,7827
TXSD_DELTAE_SWEEP_20260115,53971,4948,57600,285.0,7827
TXSD_DELTAE_SWEEP_20260115,53981,4944,56000,276.9,7827
TXSD_DELTAE_SWEEP_20260115,53991,4948,57600,285.0,7827
TXSD_DELTAE_SWEEP_20260115,54001,4944,56000,276.9,7827
TXSD_DELTAE_SWEEP_20260115,54011,4948,56900,281.5,7827
TXSD_DELTAE_SWEEP_20260115,54021,4948,56700,280.6,7827
TXSD_DELTAE_SWEEP_20260115,54031,4944,56900,281.3,7827
TXSD_DELTAE_SWEEP_20260115,54041,4944,56600,279.8,7827
TXSD_DELTAE_SWEEP_20260115,54051,4944,55900,276.4,7827
TXSD_DELTAE_SWEEP_20260115,54061,4944,57700,285.3,7827
TXSD_DELTAE_SWEEP_20260115,54071,4944,56000,276.9,7827
TXSD_DELTAE_SWEEP_20260115,54081,4948,57600,285.0,7827
TXSD_DELTAE_SWEEP_20260115,54091,4944,56000,276.9,7827
TXSD_DELTAE_SWEEP_20260115,54101,4944,57600,284.8,7827
TXSD_DELTAE_SWEEP_20260115,54111,4944,56000,276.9,7827
TXSD_DELTAE_SWEEP_20260115,54121,4948,57600,285.0,7827
TXSD_DELTAE_SWEEP_20260115,54131,4948,56000,277.1,7827
TXSD_DELTAE_SWEEP_20260115,54141,4948,57700,285.5,7827
TXSD_DELTAE_SWEEP_20260115,54151,4944,56000,276.9,7827
TXSD_DELTAE_SWEEP_20260115,54161,4948,57100,282.5,7827
TXSD_DELTAE_SWEEP_20260115,54171,4944,56700,280.3,7827
TXSD_DELTAE_SWEEP_20260115,54181,4944,56900,281.3,7827
TXSD_DELTAE_SWEEP_20260115,54191,4944,56700,280.3,7827
TXSD_DELTAE_SWEEP_20260115,54201,4944,56900,281.3,7827
TXSD_DELTAE_SWEEP_20260115,54211,4944,57000,281.8,7827
TXSD_DELTAE_SWEEP_20260115,54221,4944,56000,276.9,7827
TXSD_DELTAE_SWEEP_20260115,54231,4948,57600,285.0,7827
TXSD_DELTAE_SWEEP_20260115,54241,4944,56000,276.9,7827
TXSD_DELTAE_SWEEP_20260115,54251,4948,57600,285.0,7827
TXSD_DELTAE_SWEEP_20260115,54261,4944,56000,276.9,7827
TXSD_DELTAE_SWEEP_20260115,54271,4948,57600,285.0,7827
TXSD_DELTAE_SWEEP_20260115,54281,4944,56100,277.4,7827
TXSD_DELTAE_SWEEP_20260115,54291,4944,57600,284.8,7827
TXSD_DELTAE_SWEEP_20260115,54301,4944,56000,276.9,7827
TXSD_DELTAE_SWEEP_20260115,54311,4944,57700,285.3,7827
TXSD_DELTAE_SWEEP_20260115,54321,4944,56000,276.9,7827
TXSD_DELTAE_SWEEP_20260115,54331,4944,57000,281.8,7827
TXSD_DELTAE_SWEEP_20260115,54341,4948,56700,280.6,7827
TXSD_DELTAE_SWEEP_20260115,54351,4944,56900,281.3,7827
TXSD_DELTAE_SWEEP_20260115,54361,4944,56700,280.3,7827
TXSD_DELTAE_SWEEP_20260115,54371,4948,56000,277.1,7827
TXSD_DELTAE_SWEEP_20260115,54381,4944,57600,284.8,7827
TXSD_DELTAE_SWEEP_20260115,54391,4944,56000,276.9,7827
TXSD_DELTAE_SWEEP_20260115,54401,4948,57500,284.5,7827
TXSD_DELTAE_SWEEP_20260115,54411,4944,56000,276.9,7827
TXSD_DELTAE_SWEEP_20260115,54421,4944,57500,284.3,7827
TXSD_DELTAE_SWEEP_20260115,54431,4944,56000,276.9,7827
TXSD_DELTAE_SWEEP_20260115,54441,4948,57600,285.0,7827
TXSD_DELTAE_SWEEP_20260115,54451,4944,56000,276.9,7827
TXSD_DELTAE_SWEEP_20260115,54461,4948,57600,285.0,7827
TXSD_DELTAE_SWEEP_20260115,54471,4944,56000,276.9,7827
TXSD_DELTAE_SWEEP_20260115,54481,4948,57600,285.0,7827
TXSD_DELTAE_SWEEP_20260115,54491,4944,56600,279.8,7827
TXSD_DELTAE_SWEEP_20260115,54501,4944,57000,281.8,7827
TXSD_DELTAE_SWEEP_20260115,54511,4944,56700,280.3,7827
TXSD_DELTAE_SWEEP_20260115,54521,4944,56900,281.3,7827
TXSD_DELTAE_SWEEP_20260115,54531,4948,56700,280.6,7827
TXSD_DELTAE_SWEEP_20260115,54541,4944,56000,276.9,7827
TXSD_DELTAE_SWEEP_20260115,54551,4948,57600,285.0,7827
TXSD_DELTAE_SWEEP_20260115,54561,4944,56000,276.9,7827
TXSD_DELTAE_SWEEP_20260115,54571,4948,57600,285.0,7827
TXSD_DELTAE_SWEEP_20260115,54581,4944,56000,276.9,7827
TXSD_DELTAE_SWEEP_20260115,54591,4944,57700,285.3,7827
TXSD_DELTAE_SWEEP_20260115,54601,4944,56000,276.9,7827
TXSD_DELTAE_SWEEP_20260115,54611,4948,57700,285.5,7827
TXSD_DELTAE_SWEEP_20260115,54621,4944,56000,276.9,7827
TXSD_DELTAE_SWEEP_20260115,54631,4948,57600,285.0,7827
TXSD_DELTAE_SWEEP_20260115,54641,4944,56000,276.9,7827
TXSD_DELTAE_SWEEP_20260115,54651,4944,56900,281.3,7827
TXSD_DELTAE_SWEEP_20260115,54661,4944,56600,279.8,7827
TXSD_DELTAE_SWEEP_20260115,54671,4944,57000,281.8,7827
TXSD_DELTAE_SWEEP_20260115,54681,4944,56700,280.3,7827
TXSD_DELTAE_SWEEP_20260115,54691,4948,56600,280.1,7827
TXSD_DELTAE_SWEEP_20260115,54701,4944,57600,284.8,7827
TXSD_DELTAE_SWEEP_20260115,54711,4944,56000,276.9,7827
TXSD_DELTAE_SWEEP_20260115,54721,4948,57600,285.0,7827
TXSD_DELTAE_SWEEP_20260115,54731,4944,56000,276.9,7827
TXSD_DELTAE_SWEEP_20260115,54741,4948,57600,285.0,7827
TXSD_DELTAE_SWEEP_20260115,54751,4944,56000,276.9,7827
TXSD_DELTAE_SWEEP_20260115,54761,4944,57600,284.8,7827
TXSD_DELTAE_SWEEP_20260115,54771,4944,56000,276.9,7827
TXSD_DELTAE_SWEEP_20260115,54781,4948,57600,285.0,7827
TXSD_DELTAE_SWEEP_20260115,54791,4944,56000,276.9,7827
TXSD_DELTAE_SWEEP_20260115,54801,4944,57600,284.8,7827
TXSD_DELTAE_SWEEP_20260115,54811,4944,56100,277.4,7827
TXSD_DELTAE_SWEEP_20260115,54821,4944,56900,281.3,7827
TXSD_DELTAE_SWEEP_20260115,54831,4944,56700,280.3,7827
TXSD_DELTAE_SWEEP_20260115,54841,4944,56900,281.3,7827
TXSD_DELTAE_SWEEP_20260115,54851,4944,56700,280.3,7827
TXSD_DELTAE_SWEEP_20260115,54861,4944,56100,277.4,7827
TXSD_DELTAE_SWEEP_20260115,54871,4948,57600,285.0,7827
TXSD_DELTAE_SWEEP_20260115,54881,4944,56000,276.9,7827
TXSD_DELTAE_SWEEP_20260115,54891,4948,57700,285.5,7827
TXSD_DELTAE_SWEEP_20260115,54901,4944,56000,276.9,7827
TXSD_DELTAE_SWEEP_20260115,54911,4948,57600,285.0,7827
TXSD_DELTAE_SWEEP_20260115,54921,4944,56000,276.9,7827
TXSD_DELTAE_SWEEP_20260115,54931,4948,57600,285.0,7827
TXSD_DELTAE_SWEEP_20260115,54941,4944,56000,276.9,7827
TXSD_DELTAE_SWEEP_20260115,54951,4948,57600,285.0,7827
TXSD_DELTAE_SWEEP_20260115,54961,4944,56000,276.9,7827
TXSD_DELTAE_SWEEP_20260115,54971,4944,57000,281.8,7827
TXSD_DELTAE_SWEEP_20260115,54981,4948,56700,280.6,7827
TXSD_DELTAE_SWEEP_20260115,54991,4948,56900,281.5,7827
TXSD_DELTAE_SWEEP_20260115,55001,4944,56700,280.3,7827
TXSD_DELTAE_SWEEP_20260115,55011,4944,57000,281.8,7827
TXSD_DELTAE_SWEEP_20260115,55021,4948,57100,282.5,7827
TXSD_DELTAE_SWEEP_20260115,55031,4944,56000,276.9,7827
TXSD_DELTAE_SWEEP_20260115,55041,4944,57600,284.8,7827
TXSD_DELTAE_SWEEP_20260115,55051,4944,56000,276.9,7827
TXSD_DELTAE_SWEEP_20260115,55061,4944,57700,285.3,7827
TXSD_DELTAE_SWEEP_20260115,55071,4944,56000,276.9,7827
TXSD_DELTAE_SWEEP_20260115,55081,4948,57600,285.0,7827
TXSD_DELTAE_SWEEP_20260115,55091,4944,56000,276.9,7827
TXSD_DELTAE_SWEEP_20260115,55101,4948,57600,285.0,7827
TXSD_DELTAE_SWEEP_20260115,55111,4944,56000,276.9,7827
TXSD_DELTAE_SWEEP_20260115,55121,4948,57600,285.0,7827
TXSD_DELTAE_SWEEP_20260115,55131,4944,56000,276.9,7827
TXSD_DELTAE_SWEEP_20260115,55141,4944,57000,281.8,7827
TXSD_DELTAE_SWEEP_20260115,55151,4944,56700,280.3,7827
TXSD_DELTAE_SWEEP_20260115,55161,4944,56900,281.3,7827
TXSD_DELTAE_SWEEP_20260115,55171,4944,56700,280.3,7827
TXSD_DELTAE_SWEEP_20260115,55181,4944,56000,276.9,7827
TXSD_DELTAE_SWEEP_20260115,55191,4944,57600,284.8,7827
TXSD_DELTAE_SWEEP_20260115,55201,4944,56000,276.9,7827
TXSD_DELTAE_SWEEP_20260115,55211,4948,57600,285.0,7827
TXSD_DELTAE_SWEEP_20260115,55221,4948,56000,277.1,7827
TXSD_DELTAE_SWEEP_20260115,55231,4944,57600,284.8,7827
TXSD_DELTAE_SWEEP_20260115,55241,4936,149500,737.9,7828
TXSD_DELTAE_SWEEP_20260115,55251,4948,57600,285.0,7828
TXSD_DELTAE_SWEEP_20260115,55261,4944,56000,276.9,7828
TXSD_DELTAE_SWEEP_20260115,55271,4948,57600,285.0,7828
TXSD_DELTAE_SWEEP_20260115,55281,4944,56000,276.9,7828
TXSD_DELTAE_SWEEP_20260115,55291,4948,57600,285.0,7828
TXSD_DELTAE_SWEEP_20260115,55301,4944,56600,279.8,7828
TXSD_DELTAE_SWEEP_20260115,55311,4948,57000,282.0,7828
TXSD_DELTAE_SWEEP_20260115,55321,4944,56700,280.3,7828
TXSD_DELTAE_SWEEP_20260115,55331,4944,57000,281.8,7828
TXSD_DELTAE_SWEEP_20260115,55341,4944,56700,280.3,7828
TXSD_DELTAE_SWEEP_20260115,55351,4944,56000,276.9,7828
TXSD_DELTAE_SWEEP_20260115,55361,4948,57600,285.0,7828
TXSD_DELTAE_SWEEP_20260115,55371,4944,56000,276.9,7828
TXSD_DELTAE_SWEEP_20260115,55381,4944,57600,284.8,7828
TXSD_DELTAE_SWEEP_20260115,55391,4944,56100,277.4,7828
TXSD_DELTAE_SWEEP_20260115,55401,4944,57600,284.8,7828
TXSD_DELTAE_SWEEP_20260115,55411,4944,56100,277.4,7828
TXSD_DELTAE_SWEEP_20260115,55421,4948,57600,285.0,7828
TXSD_DELTAE_SWEEP_20260115,55431,4944,56000,276.9,7828
TXSD_DELTAE_SWEEP_20260115,55441,4948,57600,285.0,7828
TXSD_DELTAE_SWEEP_20260115,55451,4944,56000,276.9,7828
TXSD_DELTAE_SWEEP_20260115,55461,4948,57000,282.0,7828
TXSD_DELTAE_SWEEP_20260115,55471,4944,56600,279.8,7828
TXSD_DELTAE_SWEEP_20260115,55481,4944,57000,281.8,7828
TXSD_DELTAE_SWEEP_20260115,55491,4944,56700,280.3,7828
TXSD_DELTAE_SWEEP_20260115,55501,4948,56500,279.6,7828
TXSD_DELTAE_SWEEP_20260115,55511,4944,57700,285.3,7828
TXSD_DELTAE_SWEEP_20260115,55521,4944,56000,276.9,7828
TXSD_DELTAE_SWEEP_20260115,55531,4944,57600,284.8,7828
TXSD_DELTAE_SWEEP_20260115,55541,4944,56000,276.9,7828
TXSD_DELTAE_SWEEP_20260115,55551,4948,57600,285.0,7828
TXSD_DELTAE_SWEEP_20260115,55561,4944,56000,276.9,7828
TXSD_DELTAE_SWEEP_20260115,55571,4948,57600,285.0,7828
TXSD_DELTAE_SWEEP_20260115,55581,4944,56000,276.9,7828
TXSD_DELTAE_SWEEP_20260115,55591,4948,57600,285.0,7828
TXSD_DELTAE_SWEEP_20260115,55601,4944,56000,276.9,7828
TXSD_DELTAE_SWEEP_20260115,55611,4948,57600,285.0,7828
TXSD_DELTAE_SWEEP_20260115,55621,4948,56000,277.1,7828
TXSD_DELTAE_SWEEP_20260115,55631,4944,56900,281.3,7828
TXSD_DELTAE_SWEEP_20260115,55641,4948,56700,280.6,7828
TXSD_DELTAE_SWEEP_20260115,55651,4944,57000,281.8,7828
TXSD_DELTAE_SWEEP_20260115,55661,4944,56700,280.3,7828
TXSD_DELTAE_SWEEP_20260115,55671,4944,56000,276.9,7828
TXSD_DELTAE_SWEEP_20260115,55681,4944,57600,284.8,7828
TXSD_DELTAE_SWEEP_20260115,55691,4948,56000,277.1,7828
TXSD_DELTAE_SWEEP_20260115,55701,4948,57600,285.0,7828
TXSD_DELTAE_SWEEP_20260115,55711,4944,56000,276.9,7828
TXSD_DELTAE_SWEEP_20260115,55721,4948,57600,285.0,7828
TXSD_DELTAE_SWEEP_20260115,55731,4944,56000,276.9,7828
TXSD_DELTAE_SWEEP_20260115,55741,4948,57600,285.0,7828
TXSD_DELTAE_SWEEP_20260115,55751,4944,56000,276.9,7828
TXSD_DELTAE_SWEEP_20260115,55761,4948,57700,285.5,7828
TXSD_DELTAE_SWEEP_20260115,55771,4944,56000,276.9,7828
TXSD_DELTAE_SWEEP_20260115,55781,4948,56900,281.5,7828
TXSD_DELTAE_SWEEP_20260115,55791,4944,56700,280.3,7828
TXSD_DELTAE_SWEEP_20260115,55801,4948,56900,281.5,7828
TXSD_DELTAE_SWEEP_20260115,55811,4944,56700,280.3,7828
TXSD_DELTAE_SWEEP_20260115,55821,4944,56900,281.3,7828
TXSD_DELTAE_SWEEP_20260115,55831,4944,57300,283.3,7828
TXSD_DELTAE_SWEEP_20260115,55841,4944,56000,276.9,7828
TXSD_DELTAE_SWEEP_20260115,55851,4948,57600,285.0,7828
TXSD_DELTAE_SWEEP_20260115,55861,4944,56100,277.4,7828
TXSD_DELTAE_SWEEP_20260115,55871,4948,57500,284.5,7828
TXSD_DELTAE_SWEEP_20260115,55881,4944,56000,276.9,7828
TXSD_DELTAE_SWEEP_20260115,55891,4948,57600,285.0,7828
TXSD_DELTAE_SWEEP_20260115,55901,4944,56000,276.9,7828
TXSD_DELTAE_SWEEP_20260115,55911,4948,57600,285.0,7828
TXSD_DELTAE_SWEEP_20260115,55921,4944,56000,276.9,7828
TXSD_DELTAE_SWEEP_20260115,55931,4944,57600,284.8,7828
TXSD_DELTAE_SWEEP_20260115,55941,4944,56000,276.9,7828
TXSD_DELTAE_SWEEP_20260115,55951,4948,57000,282.0,7828
TXSD_DELTAE_SWEEP_20260115,55961,4944,56700,280.3,7828
TXSD_DELTAE_SWEEP_20260115,55971,4944,57000,281.8,7828
TXSD_DELTAE_SWEEP_20260115,55981,4944,56600,279.8,7828
TXSD_DELTAE_SWEEP_20260115,55991,4944,55900,276.4,7828
TXSD_DELTAE_SWEEP_20260115,56001,4948,57500,284.5,7828
TXSD_DELTAE_SWEEP_20260115,56011,4944,56000,276.9,7828
TXSD_DELTAE_SWEEP_20260115,56021,4944,57600,284.8,7828
TXSD_DELTAE_SWEEP_20260115,56031,4944,56000,276.9,7828
TXSD_DELTAE_SWEEP_20260115,56041,4944,57600,284.8,7828
TXSD_DELTAE_SWEEP_20260115,56051,4944,56000,276.9,7828
TXSD_DELTAE_SWEEP_20260115,56061,4948,57600,285.0,7828
TXSD_DELTAE_SWEEP_20260115,56071,4944,56000,276.9,7828
TXSD_DELTAE_SWEEP_20260115,56081,4944,57600,284.8,7828
TXSD_DELTAE_SWEEP_20260115,56091,4944,56000,276.9,7828
TXSD_DELTAE_SWEEP_20260115,56101,4948,57500,284.5,7828
TXSD_DELTAE_SWEEP_20260115,56111,4948,56800,281.0,7828
TXSD_DELTAE_SWEEP_20260115,56121,4944,57000,281.8,7828
TXSD_DELTAE_SWEEP_20260115,56131,4944,56600,279.8,7828
TXSD_DELTAE_SWEEP_20260115,56141,4948,57000,282.0,7828
TXSD_DELTAE_SWEEP_20260115,56151,4944,56700,280.3,7828
TXSD_DELTAE_SWEEP_20260115,56161,4944,56100,277.4,7828
TXSD_DELTAE_SWEEP_20260115,56171,4944,57600,284.8,7828
TXSD_DELTAE_SWEEP_20260115,56181,4944,56000,276.9,7828
TXSD_DELTAE_SWEEP_20260115,56191,4948,57600,285.0,7828
TXSD_DELTAE_SWEEP_20260115,56201,4944,56000,276.9,7828
TXSD_DELTAE_SWEEP_20260115,56211,4944,57700,285.3,7828
TXSD_DELTAE_SWEEP_20260115,56221,4944,56000,276.9,7828
TXSD_DELTAE_SWEEP_20260115,56231,4948,57600,285.0,7828
TXSD_DELTAE_SWEEP_20260115,56241,4944,56000,276.9,7828
TXSD_DELTAE_SWEEP_20260115,56251,4948,57600,285.0,7828
TXSD_DELTAE_SWEEP_20260115,56261,4948,56000,277.1,7828
TXSD_DELTAE_SWEEP_20260115,56271,4948,56900,281.5,7828
TXSD_DELTAE_SWEEP_20260115,56281,4948,56700,280.6,7828
TXSD_DELTAE_SWEEP_20260115,56291,4944,57000,281.8,7828
TXSD_DELTAE_SWEEP_20260115,56301,4944,56600,279.8,7828
TXSD_DELTAE_SWEEP_20260115,56311,4944,56400,278.8,7828
TXSD_DELTAE_SWEEP_20260115,56321,4944,57600,284.8,7828
TXSD_DELTAE_SWEEP_20260115,56331,4944,56000,276.9,7828
TXSD_DELTAE_SWEEP_20260115,56341,4944,57600,284.8,7828
TXSD_DELTAE_SWEEP_20260115,56351,4944,56000,276.9,7828
TXSD_DELTAE_SWEEP_20260115,56361,4944,57700,285.3,7828
TXSD_DELTAE_SWEEP_20260115,56371,4944,56000,276.9,7828
TXSD_DELTAE_SWEEP_20260115,56381,4948,57600,285.0,7828
TXSD_DELTAE_SWEEP_20260115,56391,4944,56000,276.9,7828
TXSD_DELTAE_SWEEP_20260115,56401,4948,57600,285.0,7828
TXSD_DELTAE_SWEEP_20260115,56411,4944,56000,276.9,7828
TXSD_DELTAE_SWEEP_20260115,56421,4948,57600,285.0,7828
TXSD_DELTAE_SWEEP_20260115,56431,4944,56100,277.4,7828
TXSD_DELTAE_SWEEP_20260115,56441,4944,56900,281.3,7828
TXSD_DELTAE_SWEEP_20260115,56451,4948,56700,280.6,7828
TXSD_DELTAE_SWEEP_20260115,56461,4944,57000,281.8,7828
TXSD_DELTAE_SWEEP_20260115,56471,4944,56600,279.8,7828
TXSD_DELTAE_SWEEP_20260115,56481,4944,56100,277.4,7828
TXSD_DELTAE_SWEEP_20260115,56491,4948,57600,285.0,7828
TXSD_DELTAE_SWEEP_20260115,56501,4944,56000,276.9,7828
TXSD_DELTAE_SWEEP_20260115,56511,4948,57600,285.0,7828
TXSD_DELTAE_SWEEP_20260115,56521,4944,56000,276.9,7828
TXSD_DELTAE_SWEEP_20260115,56531,4948,57600,285.0,7828
TXSD_DELTAE_SWEEP_20260115,56541,4944,56000,276.9,7828
TXSD_DELTAE_SWEEP_20260115,56551,4944,57600,284.8,7828
TXSD_DELTAE_SWEEP_20260115,56561,4944,56000,276.9,7828
TXSD_DELTAE_SWEEP_20260115,56571,4944,57600,284.8,7828
TXSD_DELTAE_SWEEP_20260115,56581,4944,56100,277.4,7828
TXSD_DELTAE_SWEEP_20260115,56591,4948,56900,281.5,7828
TXSD_DELTAE_SWEEP_20260115,56601,4948,56700,280.6,7828
TXSD_DELTAE_SWEEP_20260115,56611,4944,57000,281.8,7828
TXSD_DELTAE_SWEEP_20260115,56621,4944,56700,280.3,7828
TXSD_DELTAE_SWEEP_20260115,56631,4948,56900,281.5,7828
TXSD_DELTAE_SWEEP_20260115,56641,4944,57300,283.3,7828
TXSD_DELTAE_SWEEP_20260115,56651,4944,56000,276.9,7828
TXSD_DELTAE_SWEEP_20260115,56661,4944,57600,284.8,7828
TXSD_DELTAE_SWEEP_20260115,56671,4944,56000,276.9,7828
TXSD_DELTAE_SWEEP_20260115,56681,4948,57600,285.0,7828
TXSD_DELTAE_SWEEP_20260115,56691,4944,56000,276.9,7828
TXSD_DELTAE_SWEEP_20260115,56701,4948,57600,285.0,7828
TXSD_DELTAE_SWEEP_20260115,56711,4944,56100,277.4,7828
TXSD_DELTAE_SWEEP_20260115,56721,4948,57600,285.0,7828
TXSD_DELTAE_SWEEP_20260115,56731,4944,56000,276.9,7828
TXSD_DELTAE_SWEEP_20260115,56741,4948,57600,285.0,7828
TXSD_DELTAE_SWEEP_20260115,56751,4944,56000,276.9,7828
TXSD_DELTAE_SWEEP_20260115,56761,4948,57000,282.0,7828
TXSD_DELTAE_SWEEP_20260115,56771,4948,56700,280.6,7828
TXSD_DELTAE_SWEEP_20260115,56781,4944,56900,281.3,7828
TXSD_DELTAE_SWEEP_20260115,56791,4944,56700,280.3,7828
TXSD_DELTAE_SWEEP_20260115,56801,4944,55900,276.4,7828
TXSD_DELTAE_SWEEP_20260115,56811,4944,57600,284.8,7828
TXSD_DELTAE_SWEEP_20260115,56821,4944,56000,276.9,7828
TXSD_DELTAE_SWEEP_20260115,56831,4944,57600,284.8,7828
TXSD_DELTAE_SWEEP_20260115,56841,4944,56000,276.9,7828
TXSD_DELTAE_SWEEP_20260115,56851,4948,57600,285.0,7828
TXSD_DELTAE_SWEEP_20260115,56861,4944,56000,276.9,7828
TXSD_DELTAE_SWEEP_20260115,56871,4948,57600,285.0,7828
TXSD_DELTAE_SWEEP_20260115,56881,4944,56000,276.9,7828
TXSD_DELTAE_SWEEP_20260115,56891,4948,57600,285.0,7828
TXSD_DELTAE_SWEEP_20260115,56901,4944,56000,276.9,7828
TXSD_DELTAE_SWEEP_20260115,56911,4944,57500,284.3,7828
TXSD_DELTAE_SWEEP_20260115,56921,4944,56700,280.3,7828
TXSD_DELTAE_SWEEP_20260115,56931,4944,57000,281.8,7828
TXSD_DELTAE_SWEEP_20260115,56941,4944,56600,279.8,7828
TXSD_DELTAE_SWEEP_20260115,56951,4948,57000,282.0,7828
TXSD_DELTAE_SWEEP_20260115,56961,4944,56800,280.8,7828
TXSD_DELTAE_SWEEP_20260115,56971,4944,56000,276.9,7828
TXSD_DELTAE_SWEEP_20260115,56981,4944,57600,284.8,7828
TXSD_DELTAE_SWEEP_20260115,56991,4944,56000,276.9,7828
TXSD_DELTAE_SWEEP_20260115,57001,4944,57600,284.8,7828
TXSD_DELTAE_SWEEP_20260115,57011,4944,56000,276.9,7828
TXSD_DELTAE_SWEEP_20260115,57021,4948,57600,285.0,7828
TXSD_DELTAE_SWEEP_20260115,57031,4944,56100,277.4,7828
TXSD_DELTAE_SWEEP_20260115,57041,4948,57600,285.0,7828
TXSD_DELTAE_SWEEP_20260115,57051,4944,56000,276.9,7828
TXSD_DELTAE_SWEEP_20260115,57061,4944,57600,284.8,7828
TXSD_DELTAE_SWEEP_20260115,57071,4944,56000,276.9,7828
TXSD_DELTAE_SWEEP_20260115,57081,4944,57000,281.8,7828
TXSD_DELTAE_SWEEP_20260115,57091,4948,56700,280.6,7828
TXSD_DELTAE_SWEEP_20260115,57101,4948,56900,281.5,7828
TXSD_DELTAE_SWEEP_20260115,57111,4948,56600,280.1,7828
TXSD_DELTAE_SWEEP_20260115,57121,4944,56200,277.9,7828
TXSD_DELTAE_SWEEP_20260115,57131,4944,57600,284.8,7828
TXSD_DELTAE_SWEEP_20260115,57141,4944,56000,276.9,7828
TXSD_DELTAE_SWEEP_20260115,57151,4948,57600,285.0,7828
TXSD_DELTAE_SWEEP_20260115,57161,4944,56000,276.9,7828
TXSD_DELTAE_SWEEP_20260115,57171,4948,57600,285.0,7828
TXSD_DELTAE_SWEEP_20260115,57181,4944,56000,276.9,7828
TXSD_DELTAE_SWEEP_20260115,57191,4944,57600,284.8,7828
TXSD_DELTAE_SWEEP_20260115,57201,4944,56000,276.9,7828
TXSD_DELTAE_SWEEP_20260115,57211,4948,57600,285.0,7828
TXSD_DELTAE_SWEEP_20260115,57221,4944,55900,276.4,7828
TXSD_DELTAE_SWEEP_20260115,57231,4948,57600,285.0,7828
TXSD_DELTAE_SWEEP_20260115,57241,4900,59800,293.0,7829
TXSD_DELTAE_SWEEP_20260115,57251,4948,57000,282.0,7829
TXSD_DELTAE_SWEEP_20260115,57261,4944,56700,280.3,7829
TXSD_DELTAE_SWEEP_20260115,57271,4944,57000,281.8,7829
TXSD_DELTAE_SWEEP_20260115,57281,4944,56700,280.3,7829
TXSD_DELTAE_SWEEP_20260115,57291,4944,56000,276.9,7829
TXSD_DELTAE_SWEEP_20260115,57301,4944,57600,284.8,7829
TXSD_DELTAE_SWEEP_20260115,57311,4944,56000,276.9,7829
TXSD_DELTAE_SWEEP_20260115,57321,4948,57600,285.0,7829
TXSD_DELTAE_SWEEP_20260115,57331,4944,56000,276.9,7829
TXSD_DELTAE_SWEEP_20260115,57341,4948,57600,285.0,7829
TXSD_DELTAE_SWEEP_20260115,57351,4944,56000,276.9,7829
TXSD_DELTAE_SWEEP_20260115,57361,4948,57700,285.5,7829
TXSD_DELTAE_SWEEP_20260115,57371,4944,56000,276.9,7829
TXSD_DELTAE_SWEEP_20260115,57381,4948,57600,285.0,7829
TXSD_DELTAE_SWEEP_20260115,57391,4944,56000,276.9,7829
TXSD_DELTAE_SWEEP_20260115,57401,4948,56900,281.5,7829
TXSD_DELTAE_SWEEP_20260115,57411,4944,56700,280.3,7829
TXSD_DELTAE_SWEEP_20260115,57421,4948,57000,282.0,7829
TXSD_DELTAE_SWEEP_20260115,57431,4944,56700,280.3,7829
TXSD_DELTAE_SWEEP_20260115,57441,4948,56900,281.5,7829
TXSD_DELTAE_SWEEP_20260115,57451,4944,57300,283.3,7829
TXSD_DELTAE_SWEEP_20260115,57461,4944,56000,276.9,7829
TXSD_DELTAE_SWEEP_20260115,57471,4948,57600,285.0,7829
TXSD_DELTAE_SWEEP_20260115,57481,4944,56000,276.9,7829
TXSD_DELTAE_SWEEP_20260115,57491,4948,57600,285.0,7829
TXSD_DELTAE_SWEEP_20260115,57501,4944,56000,276.9,7829
TXSD_DELTAE_SWEEP_20260115,57511,4948,57600,285.0,7829
TXSD_DELTAE_SWEEP_20260115,57521,4944,56000,276.9,7829
TXSD_DELTAE_SWEEP_20260115,57531,4944,57600,284.8,7829
TXSD_DELTAE_SWEEP_20260115,57541,4944,56000,276.9,7829
TXSD_DELTAE_SWEEP_20260115,57551,4944,57600,284.8,7829
TXSD_DELTAE_SWEEP_20260115,57561,4948,56000,277.1,7829
TXSD_DELTAE_SWEEP_20260115,57571,4944,56900,281.3,7829
TXSD_DELTAE_SWEEP_20260115,57581,4944,56700,280.3,7829
TXSD_DELTAE_SWEEP_20260115,57591,4944,57000,281.8,7829
TXSD_DELTAE_SWEEP_20260115,57601,4944,56700,280.3,7829
TXSD_DELTAE_SWEEP_20260115,57611,4944,56000,276.9,7829
TXSD_DELTAE_SWEEP_20260115,57621,4948,57500,284.5,7829
TXSD_DELTAE_SWEEP_20260115,57631,4944,56000,276.9,7829
TXSD_DELTAE_SWEEP_20260115,57641,4948,57600,285.0,7829
TXSD_DELTAE_SWEEP_20260115,57651,4944,56000,276.9,7829
TXSD_DELTAE_SWEEP_20260115,57661,4948,57700,285.5,7829
TXSD_DELTAE_SWEEP_20260115,57671,4944,56000,276.9,7829
TXSD_DELTAE_SWEEP_20260115,57681,4944,57600,284.8,7829
TXSD_DELTAE_SWEEP_20260115,57691,4948,56000,277.1,7829
TXSD_DELTAE_SWEEP_20260115,57701,4948,57600,285.0,7829
TXSD_DELTAE_SWEEP_20260115,57711,4944,56000,276.9,7829
TXSD_DELTAE_SWEEP_20260115,57721,4948,57300,283.5,7829
TXSD_DELTAE_SWEEP_20260115,57731,4944,56800,280.8,7829
TXSD_DELTAE_SWEEP_20260115,57741,4948,56900,281.5,7829
TXSD_DELTAE_SWEEP_20260115,57751,4944,56700,280.3,7829
TXSD_DELTAE_SWEEP_20260115,57761,4944,57000,281.8,7829
TXSD_DELTAE_SWEEP_20260115,57771,4948,56700,280.6,7829
TXSD_DELTAE_SWEEP_20260115,57781,4944,56000,276.9,7829
TXSD_DELTAE_SWEEP_20260115,57791,4948,57600,285.0,7829
TXSD_DELTAE_SWEEP_20260115,57801,4944,56000,276.9,7829
TXSD_DELTAE_SWEEP_20260115,57811,4948,57600,285.0,7829
TXSD_DELTAE_SWEEP_20260115,57821,4944,56000,276.9,7829
TXSD_DELTAE_SWEEP_20260115,57831,4948,57600,285.0,7829
TXSD_DELTAE_SWEEP_20260115,57841,4944,56000,276.9,7829
TXSD_DELTAE_SWEEP_20260115,57851,4948,57600,285.0,7829
TXSD_DELTAE_SWEEP_20260115,57861,4944,56100,277.4,7829
TXSD_DELTAE_SWEEP_20260115,57871,4948,57600,285.0,7829
TXSD_DELTAE_SWEEP_20260115,57881,4944,56100,277.4,7829
TXSD_DELTAE_SWEEP_20260115,57891,4944,57000,281.8,7829
TXSD_DELTAE_SWEEP_20260115,57901,4944,56700,280.3,7829
TXSD_DELTAE_SWEEP_20260115,57911,4944,57100,282.3,7829
TXSD_DELTAE_SWEEP_20260115,57921,4948,56600,280.1,7829
TXSD_DELTAE_SWEEP_20260115,57931,4944,56300,278.3,7829
TXSD_DELTAE_SWEEP_20260115,57941,4944,57700,285.3,7829
TXSD_DELTAE_SWEEP_20260115,57951,4944,56100,277.4,7829
TXSD_DELTAE_SWEEP_20260115,57961,4948,57600,285.0,7829
TXSD_DELTAE_SWEEP_20260115,57971,4948,56000,277.1,7829
TXSD_DELTAE_SWEEP_20260115,57981,4948,57700,285.5,7829
TXSD_DELTAE_SWEEP_20260115,57991,4944,56000,276.9,7829
TXSD_DELTAE_SWEEP_20260115,58001,4944,57500,284.3,7829
TXSD_DELTAE_SWEEP_20260115,58011,4944,56100,277.4,7829
TXSD_DELTAE_SWEEP_20260115,58021,4948,57600,285.0,7829
TXSD_DELTAE_SWEEP_20260115,58031,4944,56100,277.4,7829
TXSD_DELTAE_SWEEP_20260115,58041,4948,57600,285.0,7829
TXSD_DELTAE_SWEEP_20260115,58051,4944,56200,277.9,7829
TXSD_DELTAE_SWEEP_20260115,58061,4948,57000,282.0,7829
TXSD_DELTAE_SWEEP_20260115,58071,4944,56600,279.8,7829
TXSD_DELTAE_SWEEP_20260115,58081,4944,57000,281.8,7829
TXSD_DELTAE_SWEEP_20260115,58091,4948,56600,280.1,7829
TXSD_DELTAE_SWEEP_20260115,58101,4944,56000,276.9,7829
TXSD_DELTAE_SWEEP_20260115,58111,4948,57600,285.0,7829
TXSD_DELTAE_SWEEP_20260115,58121,4944,56000,276.9,7829
TXSD_DELTAE_SWEEP_20260115,58131,4948,57600,285.0,7829
TXSD_DELTAE_SWEEP_20260115,58141,4944,56000,276.9,7829
TXSD_DELTAE_SWEEP_20260115,58151,4948,57700,285.5,7829
TXSD_DELTAE_SWEEP_20260115,58161,4944,56000,276.9,7829
TXSD_DELTAE_SWEEP_20260115,58171,4948,57600,285.0,7829
TXSD_DELTAE_SWEEP_20260115,58181,4944,56000,276.9,7829
TXSD_DELTAE_SWEEP_20260115,58191,4948,57600,285.0,7829
TXSD_DELTAE_SWEEP_20260115,58201,4944,55900,276.4,7829
TXSD_DELTAE_SWEEP_20260115,58211,4948,56800,281.0,7829
TXSD_DELTAE_SWEEP_20260115,58221,4944,56500,279.3,7829
TXSD_DELTAE_SWEEP_20260115,58231,4944,57000,281.8,7829
TXSD_DELTAE_SWEEP_20260115,58241,4944,56600,279.8,7829
TXSD_DELTAE_SWEEP_20260115,58251,4944,56900,281.3,7829
TXSD_DELTAE_SWEEP_20260115,58261,4944,57400,283.8,7829
TXSD_DELTAE_SWEEP_20260115,58271,4944,56000,276.9,7829
TXSD_DELTAE_SWEEP_20260115,58281,4944,57600,284.8,7829
TXSD_DELTAE_SWEEP_20260115,58291,4948,55900,276.6,7829
TXSD_DELTAE_SWEEP_20260115,58301,4948,57600,285.0,7829
TXSD_DELTAE_SWEEP_20260115,58311,4944,56000,276.9,7829
TXSD_DELTAE_SWEEP_20260115,58321,4948,57600,285.0,7829
TXSD_DELTAE_SWEEP_20260115,58331,4944,56000,276.9,7829
TXSD_DELTAE_SWEEP_20260115,58341,4948,57500,284.5,7829
TXSD_DELTAE_SWEEP_20260115,58351,4944,56000,276.9,7829
TXSD_DELTAE_SWEEP_20260115,58361,4944,57700,285.3,7829
TXSD_DELTAE_SWEEP_20260115,58371,4948,55900,276.6,7829
TXSD_DELTAE_SWEEP_20260115,58381,4948,57000,282.0,7829
TXSD_DELTAE_SWEEP_20260115,58391,4944,56700,280.3,7829
TXSD_DELTAE_SWEEP_20260115,58401,4944,57000,281.8,7829
TXSD_DELTAE_SWEEP_20260115,58411,4944,56700,280.3,7829
TXSD_DELTAE_SWEEP_20260115,58421,4944,56000,276.9,7829
TXSD_DELTAE_SWEEP_20260115,58431,4944,57600,284.8,7829
TXSD_DELTAE_SWEEP_20260115,58441,4944,56000,276.9,7829
TXSD_DELTAE_SWEEP_20260115,58451,4944,57600,284.8,7829
TXSD_DELTAE_SWEEP_20260115,58461,4944,56000,276.9,7829
TXSD_DELTAE_SWEEP_20260115,58471,4944,57600,284.8,7829
TXSD_DELTAE_SWEEP_20260115,58481,4944,56100,277.4,7829
TXSD_DELTAE_SWEEP_20260115,58491,4948,57600,285.0,7829
TXSD_DELTAE_SWEEP_20260115,58501,4944,56000,276.9,7829
TXSD_DELTAE_SWEEP_20260115,58511,4948,57600,285.0,7829
TXSD_DELTAE_SWEEP_20260115,58521,4944,56000,276.9,7829
TXSD_DELTAE_SWEEP_20260115,58531,4948,57300,283.5,7829
TXSD_DELTAE_SWEEP_20260115,58541,4944,56800,280.8,7829
TXSD_DELTAE_SWEEP_20260115,58551,4948,57000,282.0,7829
TXSD_DELTAE_SWEEP_20260115,58561,4944,56700,280.3,7829
TXSD_DELTAE_SWEEP_20260115,58571,4948,56900,281.5,7829
TXSD_DELTAE_SWEEP_20260115,58581,4948,56800,281.0,7829
TXSD_DELTAE_SWEEP_20260115,58591,4948,56000,277.1,7829
TXSD_DELTAE_SWEEP_20260115,58601,4948,57600,285.0,7829
TXSD_DELTAE_SWEEP_20260115,58611,4944,56000,276.9,7829
TXSD_DELTAE_SWEEP_20260115,58621,4948,57600,285.0,7829
TXSD_DELTAE_SWEEP_20260115,58631,4944,56000,276.9,7829
TXSD_DELTAE_SWEEP_20260115,58641,4948,57600,285.0,7829
TXSD_DELTAE_SWEEP_20260115,58651,4944,56000,276.9,7829
TXSD_DELTAE_SWEEP_20260115,58661,4948,57600,285.0,7829
TXSD_DELTAE_SWEEP_20260115,58671,4944,56000,276.9,7829
TXSD_DELTAE_SWEEP_20260115,58681,4948,57600,285.0,7829
TXSD_DELTAE_SWEEP_20260115,58691,4944,56000,276.9,7829
TXSD_DELTAE_SWEEP_20260115,58701,4944,56900,281.3,7829
TXSD_DELTAE_SWEEP_20260115,58711,4944,56700,280.3,7829
TXSD_DELTAE_SWEEP_20260115,58721,4944,57000,281.8,7829
TXSD_DELTAE_SWEEP_20260115,58731,4948,56700,280.6,7829
TXSD_DELTAE_SWEEP_20260115,58741,4944,56200,277.9,7829
TXSD_DELTAE_SWEEP_20260115,58751,4944,57600,284.8,7829
TXSD_DELTAE_SWEEP_20260115,58761,4944,56000,276.9,7829
TXSD_DELTAE_SWEEP_20260115,58771,4948,57600,285.0,7829
TXSD_DELTAE_SWEEP_20260115,58781,4944,56000,276.9,7829
TXSD_DELTAE_SWEEP_20260115,58791,4944,57600,284.8,7829
TXSD_DELTAE_SWEEP_20260115,58801,4944,56100,277.4,7829
TXSD_DELTAE_SWEEP_20260115,58811,4948,57700,285.5,7829
TXSD_DELTAE_SWEEP_20260115,58821,4944,56000,276.9,7829
TXSD_DELTAE_SWEEP_20260115,58831,4948,57600,285.0,7829
TXSD_DELTAE_SWEEP_20260115,58841,4944,56000,276.9,7829
TXSD_DELTAE_SWEEP_20260115,58851,4948,57600,285.0,7829
TXSD_DELTAE_SWEEP_20260115,58861,4944,56300,278.3,7829
TXSD_DELTAE_SWEEP_20260115,58871,4948,56900,281.5,7829
TXSD_DELTAE_SWEEP_20260115,58881,4944,56600,279.8,7829
TXSD_DELTAE_SWEEP_20260115,58891,4944,56900,281.3,7829
TXSD_DELTAE_SWEEP_20260115,58901,4944,56700,280.3,7829
TXSD_DELTAE_SWEEP_20260115,58911,4944,56000,276.9,7829
TXSD_DELTAE_SWEEP_20260115,58921,4944,57600,284.8,7829
TXSD_DELTAE_SWEEP_20260115,58931,4944,56000,276.9,7829
TXSD_DELTAE_SWEEP_20260115,58941,4948,57600,285.0,7829
TXSD_DELTAE_SWEEP_20260115,58951,4944,55900,276.4,7829
TXSD_DELTAE_SWEEP_20260115,58961,4944,57600,284.8,7829
TXSD_DELTAE_SWEEP_20260115,58971,4944,56000,276.9,7829
TXSD_DELTAE_SWEEP_20260115,58981,4948,57600,285.0,7829
TXSD_DELTAE_SWEEP_20260115,58991,4944,55900,276.4,7829
TXSD_DELTAE_SWEEP_20260115,59001,4948,57600,285.0,7829
TXSD_DELTAE_SWEEP_20260115,59011,4944,56100,277.4,7829
TXSD_DELTAE_SWEEP_20260115,59021,4948,56900,281.5,7829
TXSD_DELTAE_SWEEP_20260115,59031,4944,56600,279.8,7829
TXSD_DELTAE_SWEEP_20260115,59041,4944,57000,281.8,7829
TXSD_DELTAE_SWEEP_20260115,59051,4944,56600,279.8,7829
TXSD_DELTAE_SWEEP_20260115,59061,4948,56800,281.0,7829
TXSD_DELTAE_SWEEP_20260115,59071,4948,57400,284.0,7829
TXSD_DELTAE_SWEEP_20260115,59081,4944,56100,277.4,7829
TXSD_DELTAE_SWEEP_20260115,59091,4948,57600,285.0,7829
TXSD_DELTAE_SWEEP_20260115,59101,4944,56000,276.9,7829
TXSD_DELTAE_SWEEP_20260115,59111,4948,57600,285.0,7829
TXSD_DELTAE_SWEEP_20260115,59121,4944,56000,276.9,7829
TXSD_DELTAE_SWEEP_20260115,59131,4948,57600,285.0,7829
TXSD_DELTAE_SWEEP_20260115,59141,4944,56000,276.9,7829
TXSD_DELTAE_SWEEP_20260115,59151,4948,57600,285.0,7829
TXSD_DELTAE_SWEEP_20260115,59161,4944,56000,276.9,7829
TXSD_DELTAE_SWEEP_20260115,59171,4948,57600,285.0,7829
TXSD_DELTAE_SWEEP_20260115,59181,4948,56000,277.1,7829
TXSD_DELTAE_SWEEP_20260115,59191,4944,56900,281.3,7829
TXSD_DELTAE_SWEEP_20260115,59201,4948,56700,280.6,7829
TXSD_DELTAE_SWEEP_20260115,59211,4948,57000,282.0,7829
TXSD_DELTAE_SWEEP_20260115,59221,4944,56700,280.3,7829
TXSD_DELTAE_SWEEP_20260115,59231,4944,56000,276.9,7829
TXSD_DELTAE_SWEEP_20260115,59241,4920,57500,282.9,7830
TXSD_DELTAE_SWEEP_20260115,59251,4944,55900,276.4,7830
TXSD_DELTAE_SWEEP_20260115,59261,4948,57500,284.5,7830
TXSD_DELTAE_SWEEP_20260115,59271,4944,55800,275.9,7830
TXSD_DELTAE_SWEEP_20260115,59281,4948,57500,284.5,7830
TXSD_DELTAE_SWEEP_20260115,59291,4944,55800,275.9,7830
TXSD_DELTAE_SWEEP_20260115,59301,4948,57400,284.0,7830
TXSD_DELTAE_SWEEP_20260115,59311,4944,55800,275.9,7830
TXSD_DELTAE_SWEEP_20260115,59321,4948,57400,284.0,7830
TXSD_DELTAE_SWEEP_20260115,59331,4944,55800,275.9,7830
# summary, ms_total=59335, adv_count=31, E_total_mJ=16738.188, E_per_adv_uJ=539941.5
# diag, samples=5933, rate_hz=99.99, mean_v=4.945, mean_i_mA=57.043, mean_p_mW=282.1, parse_drop=0
