{
  "U": {
    "mean": 0.08280450259062416,
    "std": 0.13736494350590853,
    "min": 2.4215339539113145e-06,
    "max": 0.5150918821547519,
    "median": 0.00694820502252691
  },
  "S": {
    "mean": 0.8690828671487698,
    "std": 0.22722454950558768,
    "min": 0.0,
    "max": 1.0,
    "median": 1.0
  },
  "CCS": {
    "mean": 0.10204955469486661,
    "std": 0.16116279425041882,
    "min": 1.4529203723467887e-06,
    "max": 0.6827325496075884,
    "median": 0.010351203805843567
  },
  "states_raw": {
    "QUIET": 635,
    "UNCERTAIN": 63,
    "ACTIVE": 0,
    "distribution": {
      "QUIET": 0.9097421203438395,
      "UNCERTAIN": 0.09025787965616046,
      "ACTIVE": 0.0
    }
  },
  "states_filtered": {
    "QUIET": 598,
    "UNCERTAIN": 100,
    "ACTIVE": 0,
    "distribution": {
      "QUIET": 0.8567335243553008,
      "UNCERTAIN": 0.14326647564469913,
      "ACTIVE": 0.0
    }
  },
  "n_samples": 698
}