{
  "val": {
    "bacc": 0.8594459232194286,
    "f1_macro": 0.8616551524528111
  },
  "test": {
    "bacc": 0.8581218516049188,
    "f1_macro": 0.8373320031818398
  },
  "test_4class": {
    "bacc": 0.7303075320594915,
    "f1_macro": 0.7281342336431742
  },
  "best_val_bacc": 0.8606208766693739
}