prog_id,ms,event,rssi,addr,mfd
# meta, firmware=RX_CCS_E2, program_id=RX_CCS_E2_20260121, trial_index=1, scan_interval_ms=100, scan_window_ms=90, active_scan=0, dup_filter=0, buf_size=512, build=Jan 23 2026 08:25:23
RX_CCS_E2_20260121,68,ADV,-36,e0:5a:1b:15:b2:ee,MF0000
RX_CCS_E2_20260121,161,ADV,-32,e0:5a:1b:15:b2:ee,MF0000
RX_CCS_E2_20260121,486,ADV,-42,e0:5a:1b:15:b2:ee,MF0001
RX_CCS_E2_20260121,586,ADV,-39,e0:5a:1b:15:b2:ee,MF0002
RX_CCS_E2_20260121,694,ADV,-33,e0:5a:1b:15:b2:ee,MF0003
RX_CCS_E2_20260121,805,ADV,-42,e0:5a:1b:15:b2:ee,MF0004
RX_CCS_E2_20260121,906,ADV,-39,e0:5a:1b:15:b2:ee,MF0005
RX_CCS_E2_20260121,1016,ADV,-33,e0:5a:1b:15:b2:ee,MF0006
RX_CCS_E2_20260121,1125,ADV,-41,e0:5a:1b:15:b2:ee,MF0008
RX_CCS_E2_20260121,1239,ADV,-39,e0:5a:1b:15:b2:ee,MF0009
RX_CCS_E2_20260121,1440,ADV,-41,e0:5a:1b:15:b2:ee,MF000B
RX_CCS_E2_20260121,1565,ADV,-39,e0:5a:1b:15:b2:ee,MF000C
RX_CCS_E2_20260121,1672,ADV,-32,e0:5a:1b:15:b2:ee,MF000D
RX_CCS_E2_20260121,1764,ADV,-41,e0:5a:1b:15:b2:ee,MF000E
RX_CCS_E2_20260121,1872,ADV,-36,e0:5a:1b:15:b2:ee,MF000F
RX_CCS_E2_20260121,1968,ADV,-32,e0:5a:1b:15:b2:ee,MF0010
RX_CCS_E2_20260121,2291,ADV,-41,e0:5a:1b:15:b2:ee,MF0013
RX_CCS_E2_20260121,2400,ADV,-36,e0:5a:1b:15:b2:ee,MF0014
RX_CCS_E2_20260121,2500,ADV,-32,e0:5a:1b:15:b2:ee,MF0015
RX_CCS_E2_20260121,2811,ADV,-32,e0:5a:1b:15:b2:ee,MF0018
RX_CCS_E2_20260121,2948,ADV,-41,e0:5a:1b:15:b2:ee,MF001A
RX_CCS_E2_20260121,3040,ADV,-104,e0:5a:1b:15:b2:ee,MF001B
RX_CCS_E2_20260121,3128,ADV,-32,e0:5a:1b:15:b2:ee,MF001C
RX_CCS_E2_20260121,3251,ADV,-41,e0:5a:1b:15:b2:ee,MF001D
RX_CCS_E2_20260121,3341,ADV,-38,e0:5a:1b:15:b2:ee,MF001E
RX_CCS_E2_20260121,3452,ADV,-33,e0:5a:1b:15:b2:ee,MF001F
RX_CCS_E2_20260121,3672,ADV,-36,e0:5a:1b:15:b2:ee,MF0021
RX_CCS_E2_20260121,3769,ADV,-32,e0:5a:1b:15:b2:ee,MF0022
RX_CCS_E2_20260121,3987,ADV,-33,e0:5a:1b:15:b2:ee,MF0024
RX_CCS_E2_20260121,4088,ADV,-41,e0:5a:1b:15:b2:ee,MF0025
RX_CCS_E2_20260121,4189,ADV,-38,e0:5a:1b:15:b2:ee,MF0026
RX_CCS_E2_20260121,4296,ADV,-33,e0:5a:1b:15:b2:ee,MF0027
RX_CCS_E2_20260121,4410,ADV,-41,e0:5a:1b:15:b2:ee,MF0028
RX_CCS_E2_20260121,4509,ADV,-36,e0:5a:1b:15:b2:ee,MF0029
RX_CCS_E2_20260121,4621,ADV,-32,e0:5a:1b:15:b2:ee,MF002B
RX_CCS_E2_20260121,4719,ADV,-41,e0:5a:1b:15:b2:ee,MF002C
RX_CCS_E2_20260121,4822,ADV,-39,e0:5a:1b:15:b2:ee,MF002D
RX_CCS_E2_20260121,4924,ADV,-33,e0:5a:1b:15:b2:ee,MF002E
RX_CCS_E2_20260121,5038,ADV,-41,e0:5a:1b:15:b2:ee,MF002F
RX_CCS_E2_20260121,5136,ADV,-36,e0:5a:1b:15:b2:ee,MF0030
RX_CCS_E2_20260121,5238,ADV,-33,e0:5a:1b:15:b2:ee,MF0031
RX_CCS_E2_20260121,5348,ADV,-41,e0:5a:1b:15:b2:ee,MF0032
RX_CCS_E2_20260121,5450,ADV,-36,e0:5a:1b:15:b2:ee,MF0033
RX_CCS_E2_20260121,5559,ADV,-33,e0:5a:1b:15:b2:ee,MF0034
RX_CCS_E2_20260121,5665,ADV,-41,e0:5a:1b:15:b2:ee,MF0035
RX_CCS_E2_20260121,5764,ADV,-36,e0:5a:1b:15:b2:ee,MF0036
RX_CCS_E2_20260121,5869,ADV,-33,e0:5a:1b:15:b2:ee,MF0037
RX_CCS_E2_20260121,6187,ADV,-41,e0:5a:1b:15:b2:ee,MF003A
RX_CCS_E2_20260121,6289,ADV,-36,e0:5a:1b:15:b2:ee,MF003B
RX_CCS_E2_20260121,6394,ADV,-32,e0:5a:1b:15:b2:ee,MF003C
RX_CCS_E2_20260121,6499,ADV,-42,e0:5a:1b:15:b2:ee,MF003D
RX_CCS_E2_20260121,6599,ADV,-36,e0:5a:1b:15:b2:ee,MF003E
RX_CCS_E2_20260121,6748,ADV,-33,e0:5a:1b:15:b2:ee,MF003F
RX_CCS_E2_20260121,6816,ADV,-42,e0:5a:1b:15:b2:ee,MF0040
RX_CCS_E2_20260121,6915,ADV,-35,e0:5a:1b:15:b2:ee,MF0041
RX_CCS_E2_20260121,7031,ADV,-33,e0:5a:1b:15:b2:ee,MF0043
RX_CCS_E2_20260121,7130,ADV,-42,e0:5a:1b:15:b2:ee,MF0044
RX_CCS_E2_20260121,7234,ADV,-39,e0:5a:1b:15:b2:ee,MF0045
RX_CCS_E2_20260121,7344,ADV,-32,e0:5a:1b:15:b2:ee,MF0046
RX_CCS_E2_20260121,7455,ADV,-42,e0:5a:1b:15:b2:ee,MF0047
RX_CCS_E2_20260121,7559,ADV,-36,e0:5a:1b:15:b2:ee,MF0048
RX_CCS_E2_20260121,7668,ADV,-33,e0:5a:1b:15:b2:ee,MF0049
RX_CCS_E2_20260121,7770,ADV,-42,e0:5a:1b:15:b2:ee,MF004A
RX_CCS_E2_20260121,7870,ADV,-35,e0:5a:1b:15:b2:ee,MF004B
RX_CCS_E2_20260121,8188,ADV,-33,e0:5a:1b:15:b2:ee,MF004E
RX_CCS_E2_20260121,8299,ADV,-41,e0:5a:1b:15:b2:ee,MF004F
RX_CCS_E2_20260121,8389,ADV,-35,e0:5a:1b:15:b2:ee,MF0050
RX_CCS_E2_20260121,8492,ADV,-33,e0:5a:1b:15:b2:ee,MF0051
RX_CCS_E2_20260121,8709,ADV,-35,e0:5a:1b:15:b2:ee,MF0053
RX_CCS_E2_20260121,8803,ADV,-33,e0:5a:1b:15:b2:ee,MF0054
RX_CCS_E2_20260121,8904,ADV,-42,e0:5a:1b:15:b2:ee,MF0055
RX_CCS_E2_20260121,9022,ADV,-39,e0:5a:1b:15:b2:ee,MF0056
RX_CCS_E2_20260121,9120,ADV,-33,e0:5a:1b:15:b2:ee,MF0058
RX_CCS_E2_20260121,9240,ADV,-43,e0:5a:1b:15:b2:ee,MF0059
RX_CCS_E2_20260121,9333,ADV,-39,e0:5a:1b:15:b2:ee,MF005A
RX_CCS_E2_20260121,9438,ADV,-33,e0:5a:1b:15:b2:ee,MF005B
RX_CCS_E2_20260121,9554,ADV,-43,e0:5a:1b:15:b2:ee,MF005C
RX_CCS_E2_20260121,9645,ADV,-36,e0:5a:1b:15:b2:ee,MF005D
RX_CCS_E2_20260121,9750,ADV,-33,e0:5a:1b:15:b2:ee,MF005E
RX_CCS_E2_20260121,9865,ADV,-43,e0:5a:1b:15:b2:ee,MF005F
RX_CCS_E2_20260121,9963,ADV,-40,e0:5a:1b:15:b2:ee,MF0060
RX_CCS_E2_20260121,10072,ADV,-33,e0:5a:1b:15:b2:ee,MF0061
RX_CCS_E2_20260121,10392,ADV,-42,e0:5a:1b:15:b2:ee,MF0064
RX_CCS_E2_20260121,10508,ADV,-39,e0:5a:1b:15:b2:ee,MF0065
RX_CCS_E2_20260121,10620,ADV,-33,e0:5a:1b:15:b2:ee,MF0066
RX_CCS_E2_20260121,10703,ADV,-43,e0:5a:1b:15:b2:ee,MF0067
RX_CCS_E2_20260121,10805,ADV,-36,e0:5a:1b:15:b2:ee,MF0068
RX_CCS_E2_20260121,10914,ADV,-33,e0:5a:1b:15:b2:ee,MF0069
RX_CCS_E2_20260121,11017,ADV,-42,e0:5a:1b:15:b2:ee,MF006A
RX_CCS_E2_20260121,11121,ADV,-36,e0:5a:1b:15:b2:ee,MF006C
RX_CCS_E2_20260121,11236,ADV,-33,e0:5a:1b:15:b2:ee,MF006D
RX_CCS_E2_20260121,11337,ADV,-43,e0:5a:1b:15:b2:ee,MF006E
RX_CCS_E2_20260121,11441,ADV,-39,e0:5a:1b:15:b2:ee,MF006F
RX_CCS_E2_20260121,11563,ADV,-33,e0:5a:1b:15:b2:ee,MF0070
RX_CCS_E2_20260121,11750,ADV,-36,e0:5a:1b:15:b2:ee,MF0072
RX_CCS_E2_20260121,11862,ADV,-34,e0:5a:1b:15:b2:ee,MF0073
RX_CCS_E2_20260121,11972,ADV,-43,e0:5a:1b:15:b2:ee,MF0074
RX_CCS_E2_20260121,12387,ADV,-33,e0:5a:1b:15:b2:ee,MF0078
RX_CCS_E2_20260121,12489,ADV,-42,e0:5a:1b:15:b2:ee,MF0079
RX_CCS_E2_20260121,12591,ADV,-35,e0:5a:1b:15:b2:ee,MF007A
RX_CCS_E2_20260121,12720,ADV,-33,e0:5a:1b:15:b2:ee,MF007B
RX_CCS_E2_20260121,12812,ADV,-42,e0:5a:1b:15:b2:ee,MF007C
RX_CCS_E2_20260121,12925,ADV,-39,e0:5a:1b:15:b2:ee,MF007E
RX_CCS_E2_20260121,13037,ADV,-34,e0:5a:1b:15:b2:ee,MF007F
RX_CCS_E2_20260121,13133,ADV,-43,e0:5a:1b:15:b2:ee,MF0080
RX_CCS_E2_20260121,13244,ADV,-39,e0:5a:1b:15:b2:ee,MF0081
RX_CCS_E2_20260121,13343,ADV,-34,e0:5a:1b:15:b2:ee,MF0082
RX_CCS_E2_20260121,13451,ADV,-43,e0:5a:1b:15:b2:ee,MF0083
RX_CCS_E2_20260121,13572,ADV,-39,e0:5a:1b:15:b2:ee,MF0084
RX_CCS_E2_20260121,13667,ADV,-34,e0:5a:1b:15:b2:ee,MF0085
RX_CCS_E2_20260121,13772,ADV,-42,e0:5a:1b:15:b2:ee,MF0086
RX_CCS_E2_20260121,14093,ADV,-39,e0:5a:1b:15:b2:ee,MF0089
RX_CCS_E2_20260121,14205,ADV,-34,e0:5a:1b:15:b2:ee,MF008A
RX_CCS_E2_20260121,14298,ADV,-43,e0:5a:1b:15:b2:ee,MF008B
RX_CCS_E2_20260121,14396,ADV,-39,e0:5a:1b:15:b2:ee,MF008C
RX_CCS_E2_20260121,14510,ADV,-34,e0:5a:1b:15:b2:ee,MF008D
RX_CCS_E2_20260121,14611,ADV,-42,e0:5a:1b:15:b2:ee,MF008E
RX_CCS_E2_20260121,14709,ADV,-39,e0:5a:1b:15:b2:ee,MF008F
RX_CCS_E2_20260121,14824,ADV,-33,e0:5a:1b:15:b2:ee,MF0091
RX_CCS_E2_20260121,14926,ADV,-41,e0:5a:1b:15:b2:ee,MF0092
RX_CCS_E2_20260121,15029,ADV,-39,e0:5a:1b:15:b2:ee,MF0093
RX_CCS_E2_20260121,15139,ADV,-33,e0:5a:1b:15:b2:ee,MF0094
RX_CCS_E2_20260121,15242,ADV,-41,e0:5a:1b:15:b2:ee,MF0095
RX_CCS_E2_20260121,15353,ADV,-39,e0:5a:1b:15:b2:ee,MF0096
RX_CCS_E2_20260121,15444,ADV,-33,e0:5a:1b:15:b2:ee,MF0097
RX_CCS_E2_20260121,15551,ADV,-43,e0:5a:1b:15:b2:ee,MF0098
RX_CCS_E2_20260121,15670,ADV,-40,e0:5a:1b:15:b2:ee,MF0099
RX_CCS_E2_20260121,15763,ADV,-33,e0:5a:1b:15:b2:ee,MF009A
RX_CCS_E2_20260121,15866,ADV,-42,e0:5a:1b:15:b2:ee,MF009B
RX_CCS_E2_20260121,15972,ADV,-40,e0:5a:1b:15:b2:ee,MF009C
RX_CCS_E2_20260121,16396,ADV,-41,e0:5a:1b:15:b2:ee,MF00A0
RX_CCS_E2_20260121,16502,ADV,-39,e0:5a:1b:15:b2:ee,MF00A1
RX_CCS_E2_20260121,16613,ADV,-33,e0:5a:1b:15:b2:ee,MF00A2
RX_CCS_E2_20260121,16723,ADV,-42,e0:5a:1b:15:b2:ee,MF00A4
RX_CCS_E2_20260121,16821,ADV,-39,e0:5a:1b:15:b2:ee,MF00A5
RX_CCS_E2_20260121,16934,ADV,-34,e0:5a:1b:15:b2:ee,MF00A6
RX_CCS_E2_20260121,17039,ADV,-42,e0:5a:1b:15:b2:ee,MF00A7
RX_CCS_E2_20260121,17144,ADV,-40,e0:5a:1b:15:b2:ee,MF00A8
RX_CCS_E2_20260121,17253,ADV,-33,e0:5a:1b:15:b2:ee,MF00A9
RX_CCS_E2_20260121,17353,ADV,-43,e0:5a:1b:15:b2:ee,MF00AA
RX_CCS_E2_20260121,17456,ADV,-39,e0:5a:1b:15:b2:ee,MF00AB
RX_CCS_E2_20260121,17565,ADV,-33,e0:5a:1b:15:b2:ee,MF00AC
RX_CCS_E2_20260121,17672,ADV,-42,e0:5a:1b:15:b2:ee,MF00AD
RX_CCS_E2_20260121,17771,ADV,-40,e0:5a:1b:15:b2:ee,MF00AE
RX_CCS_E2_20260121,17889,ADV,-42,e0:5a:1b:15:b2:ee,MF00AF
RX_CCS_E2_20260121,17986,ADV,-40,e0:5a:1b:15:b2:ee,MF00B0
RX_CCS_E2_20260121,18095,ADV,-34,e0:5a:1b:15:b2:ee,MF00B1
RX_CCS_E2_20260121,18220,ADV,-41,e0:5a:1b:15:b2:ee,MF00B2
RX_CCS_E2_20260121,18300,ADV,-39,e0:5a:1b:15:b2:ee,MF00B3
RX_CCS_E2_20260121,18411,ADV,-34,e0:5a:1b:15:b2:ee,MF00B4
RX_CCS_E2_20260121,18505,ADV,-43,e0:5a:1b:15:b2:ee,MF00B5
RX_CCS_E2_20260121,18609,ADV,-39,e0:5a:1b:15:b2:ee,MF00B6
RX_CCS_E2_20260121,18713,ADV,-33,e0:5a:1b:15:b2:ee,MF00B7
RX_CCS_E2_20260121,18844,ADV,-42,e0:5a:1b:15:b2:ee,MF00B9
RX_CCS_E2_20260121,18925,ADV,-35,e0:5a:1b:15:b2:ee,MF00BA
RX_CCS_E2_20260121,19032,ADV,-33,e0:5a:1b:15:b2:ee,MF00BB
RX_CCS_E2_20260121,19145,ADV,-41,e0:5a:1b:15:b2:ee,MF00BC
RX_CCS_E2_20260121,19238,ADV,-35,e0:5a:1b:15:b2:ee,MF00BD
RX_CCS_E2_20260121,19339,ADV,-33,e0:5a:1b:15:b2:ee,MF00BE
RX_CCS_E2_20260121,19447,ADV,-43,e0:5a:1b:15:b2:ee,MF00BF
RX_CCS_E2_20260121,19549,ADV,-39,e0:5a:1b:15:b2:ee,MF00C0
RX_CCS_E2_20260121,19665,ADV,-33,e0:5a:1b:15:b2:ee,MF00C1
RX_CCS_E2_20260121,19766,ADV,-41,e0:5a:1b:15:b2:ee,MF00C2
RX_CCS_E2_20260121,19869,ADV,-35,e0:5a:1b:15:b2:ee,MF00C3
RX_CCS_E2_20260121,20301,ADV,-41,e0:5a:1b:15:b2:ee,MF00C7
RX_CCS_E2_20260121,20397,ADV,-35,e0:5a:1b:15:b2:ee,MF00C8
RX_CCS_E2_20260121,20605,ADV,-43,e0:5a:1b:15:b2:ee,MF00CA
RX_CCS_E2_20260121,20715,ADV,-40,e0:5a:1b:15:b2:ee,MF00CB
RX_CCS_E2_20260121,20806,ADV,-33,e0:5a:1b:15:b2:ee,MF00CC
RX_CCS_E2_20260121,21010,ADV,-35,e0:5a:1b:15:b2:ee,MF00CE
RX_CCS_E2_20260121,21114,ADV,-33,e0:5a:1b:15:b2:ee,MF00CF
RX_CCS_E2_20260121,21221,ADV,-41,e0:5a:1b:15:b2:ee,MF00D1
RX_CCS_E2_20260121,21320,ADV,-39,e0:5a:1b:15:b2:ee,MF00D2
RX_CCS_E2_20260121,21451,ADV,-34,e0:5a:1b:15:b2:ee,MF00D3
RX_CCS_E2_20260121,21525,ADV,-41,e0:5a:1b:15:b2:ee,MF00D4
RX_CCS_E2_20260121,21646,ADV,-40,e0:5a:1b:15:b2:ee,MF00D5
RX_CCS_E2_20260121,21734,ADV,-34,e0:5a:1b:15:b2:ee,MF00D6
RX_CCS_E2_20260121,21845,ADV,-42,e0:5a:1b:15:b2:ee,MF00D7
RX_CCS_E2_20260121,21944,ADV,-40,e0:5a:1b:15:b2:ee,MF00D8
RX_CCS_E2_20260121,22056,ADV,-33,e0:5a:1b:15:b2:ee,MF00D9
RX_CCS_E2_20260121,22165,ADV,-42,e0:5a:1b:15:b2:ee,MF00DA
RX_CCS_E2_20260121,22264,ADV,-39,e0:5a:1b:15:b2:ee,MF00DB
RX_CCS_E2_20260121,22372,ADV,-33,e0:5a:1b:15:b2:ee,MF00DC
RX_CCS_E2_20260121,22887,ADV,-34,e0:5a:1b:15:b2:ee,MF00E1
RX_CCS_E2_20260121,23010,ADV,-42,e0:5a:1b:15:b2:ee,MF00E2
RX_CCS_E2_20260121,23095,ADV,-40,e0:5a:1b:15:b2:ee,MF00E3
RX_CCS_E2_20260121,23204,ADV,-33,e0:5a:1b:15:b2:ee,MF00E4
RX_CCS_E2_20260121,23307,ADV,-42,e0:5a:1b:15:b2:ee,MF00E5
RX_CCS_E2_20260121,23415,ADV,-40,e0:5a:1b:15:b2:ee,MF00E6
RX_CCS_E2_20260121,23517,ADV,-33,e0:5a:1b:15:b2:ee,MF00E7
RX_CCS_E2_20260121,23626,ADV,-42,e0:5a:1b:15:b2:ee,MF00E9
RX_CCS_E2_20260121,23728,ADV,-40,e0:5a:1b:15:b2:ee,MF00EA
RX_CCS_E2_20260121,23839,ADV,-33,e0:5a:1b:15:b2:ee,MF00EB
RX_CCS_E2_20260121,23936,ADV,-41,e0:5a:1b:15:b2:ee,MF00EC
RX_CCS_E2_20260121,24042,ADV,-39,e0:5a:1b:15:b2:ee,MF00ED
RX_CCS_E2_20260121,24158,ADV,-33,e0:5a:1b:15:b2:ee,MF00EE
RX_CCS_E2_20260121,24248,ADV,-41,e0:5a:1b:15:b2:ee,MF00EF
RX_CCS_E2_20260121,24361,ADV,-40,e0:5a:1b:15:b2:ee,MF00F0
RX_CCS_E2_20260121,24468,ADV,-33,e0:5a:1b:15:b2:ee,MF00F1
RX_CCS_E2_20260121,24572,ADV,-41,e0:5a:1b:15:b2:ee,MF00F2
RX_CCS_E2_20260121,24667,ADV,-39,e0:5a:1b:15:b2:ee,MF00F3
RX_CCS_E2_20260121,24987,ADV,-33,e0:5a:1b:15:b2:ee,MF00F6
RX_CCS_E2_20260121,25089,ADV,-41,e0:5a:1b:15:b2:ee,MF00F7
RX_CCS_E2_20260121,25195,ADV,-39,e0:5a:1b:15:b2:ee,MF00F8
RX_CCS_E2_20260121,25303,ADV,-32,e0:5a:1b:15:b2:ee,MF00F9
RX_CCS_E2_20260121,25417,ADV,-41,e0:5a:1b:15:b2:ee,MF00FA
RX_CCS_E2_20260121,25518,ADV,-39,e0:5a:1b:15:b2:ee,MF00FB
RX_CCS_E2_20260121,25602,ADV,-33,e0:5a:1b:15:b2:ee,MF00FC
RX_CCS_E2_20260121,25710,ADV,-41,e0:5a:1b:15:b2:ee,MF00FD
RX_CCS_E2_20260121,25813,ADV,-39,e0:5a:1b:15:b2:ee,MF00FE
RX_CCS_E2_20260121,25916,ADV,-33,e0:5a:1b:15:b2:ee,MF00FF
RX_CCS_E2_20260121,26038,ADV,-41,e0:5a:1b:15:b2:ee,MF0101
RX_CCS_E2_20260121,26127,ADV,-39,e0:5a:1b:15:b2:ee,MF0102
RX_CCS_E2_20260121,26234,ADV,-33,e0:5a:1b:15:b2:ee,MF0103
RX_CCS_E2_20260121,26351,ADV,-42,e0:5a:1b:15:b2:ee,MF0104
RX_CCS_E2_20260121,26452,ADV,-39,e0:5a:1b:15:b2:ee,MF0105
RX_CCS_E2_20260121,26566,ADV,-33,e0:5a:1b:15:b2:ee,MF0106
RX_CCS_E2_20260121,26765,ADV,-36,e0:5a:1b:15:b2:ee,MF0108
RX_CCS_E2_20260121,26872,ADV,-33,e0:5a:1b:15:b2:ee,MF0109
RX_CCS_E2_20260121,27086,ADV,-33,e0:5a:1b:15:b2:ee,MF010B
RX_CCS_E2_20260121,27190,ADV,-42,e0:5a:1b:15:b2:ee,MF010C
RX_CCS_E2_20260121,27289,ADV,-40,e0:5a:1b:15:b2:ee,MF010D
RX_CCS_E2_20260121,27401,ADV,-33,e0:5a:1b:15:b2:ee,MF010E
RX_CCS_E2_20260121,27512,ADV,-41,e0:5a:1b:15:b2:ee,MF010F
RX_CCS_E2_20260121,27719,ADV,-33,e0:5a:1b:15:b2:ee,MF0112
RX_CCS_E2_20260121,27833,ADV,-41,e0:5a:1b:15:b2:ee,MF0113
RX_CCS_E2_20260121,27935,ADV,-39,e0:5a:1b:15:b2:ee,MF0114
RX_CCS_E2_20260121,28040,ADV,-33,e0:5a:1b:15:b2:ee,MF0115
RX_CCS_E2_20260121,28143,ADV,-41,e0:5a:1b:15:b2:ee,MF0116
RX_CCS_E2_20260121,28243,ADV,-39,e0:5a:1b:15:b2:ee,MF0117
RX_CCS_E2_20260121,28353,ADV,-33,e0:5a:1b:15:b2:ee,MF0118
RX_CCS_E2_20260121,28457,ADV,-41,e0:5a:1b:15:b2:ee,MF0119
RX_CCS_E2_20260121,28563,ADV,-40,e0:5a:1b:15:b2:ee,MF011A
RX_CCS_E2_20260121,28662,ADV,-32,e0:5a:1b:15:b2:ee,MF011B
RX_CCS_E2_20260121,28772,ADV,-43,e0:5a:1b:15:b2:ee,MF011C
RX_CCS_E2_20260121,28986,ADV,-43,e0:5a:1b:15:b2:ee,MF011E
RX_CCS_E2_20260121,29093,ADV,-41,e0:5a:1b:15:b2:ee,MF011F
RX_CCS_E2_20260121,29197,ADV,-34,e0:5a:1b:15:b2:ee,MF0120
RX_CCS_E2_20260121,29300,ADV,-43,e0:5a:1b:15:b2:ee,MF0121
RX_CCS_E2_20260121,29403,ADV,-37,e0:5a:1b:15:b2:ee,MF0122
RX_CCS_E2_20260121,29509,ADV,-33,e0:5a:1b:15:b2:ee,MF0123
RX_CCS_E2_20260121,29613,ADV,-42,e0:5a:1b:15:b2:ee,MF0124
RX_CCS_E2_20260121,29712,ADV,-39,e0:5a:1b:15:b2:ee,MF0125
RX_CCS_E2_20260121,29818,ADV,-33,e0:5a:1b:15:b2:ee,MF0127
RX_CCS_E2_20260121,29925,ADV,-42,e0:5a:1b:15:b2:ee,MF0128
RX_CCS_E2_20260121,30032,ADV,-39,e0:5a:1b:15:b2:ee,MF0129
RX_CCS_E2_20260121,30232,ADV,-42,e0:5a:1b:15:b2:ee,MF012B
RX_CCS_E2_20260121,30349,ADV,-39,e0:5a:1b:15:b2:ee,MF012C
RX_CCS_E2_20260121,30448,ADV,-34,e0:5a:1b:15:b2:ee,MF012D
RX_CCS_E2_20260121,30549,ADV,-43,e0:5a:1b:15:b2:ee,MF012E
RX_CCS_E2_20260121,30645,ADV,-39,e0:5a:1b:15:b2:ee,MF012F
RX_CCS_E2_20260121,30754,ADV,-34,e0:5a:1b:15:b2:ee,MF0130
RX_CCS_E2_20260121,30862,ADV,-43,e0:5a:1b:15:b2:ee,MF0131
RX_CCS_E2_20260121,30959,ADV,-39,e0:5a:1b:15:b2:ee,MF0132
RX_CCS_E2_20260121,31065,ADV,-33,e0:5a:1b:15:b2:ee,MF0133
RX_CCS_E2_20260121,31168,ADV,-42,e0:5a:1b:15:b2:ee,MF0134
RX_CCS_E2_20260121,31487,ADV,-40,e0:5a:1b:15:b2:ee,MF0137
RX_CCS_E2_20260121,31604,ADV,-34,e0:5a:1b:15:b2:ee,MF0138
RX_CCS_E2_20260121,31707,ADV,-42,e0:5a:1b:15:b2:ee,MF0139
RX_CCS_E2_20260121,31818,ADV,-39,e0:5a:1b:15:b2:ee,MF013A
RX_CCS_E2_20260121,32022,ADV,-42,e0:5a:1b:15:b2:ee,MF013C
RX_CCS_E2_20260121,32118,ADV,-40,e0:5a:1b:15:b2:ee,MF013E
RX_CCS_E2_20260121,32235,ADV,-33,e0:5a:1b:15:b2:ee,MF013F
RX_CCS_E2_20260121,32332,ADV,-42,e0:5a:1b:15:b2:ee,MF0140
RX_CCS_E2_20260121,32429,ADV,-39,e0:5a:1b:15:b2:ee,MF0141
RX_CCS_E2_20260121,32537,ADV,-33,e0:5a:1b:15:b2:ee,MF0142
RX_CCS_E2_20260121,32645,ADV,-43,e0:5a:1b:15:b2:ee,MF0143
RX_CCS_E2_20260121,32742,ADV,-40,e0:5a:1b:15:b2:ee,MF0144
RX_CCS_E2_20260121,32861,ADV,-34,e0:5a:1b:15:b2:ee,MF0145
RX_CCS_E2_20260121,32958,ADV,-43,e0:5a:1b:15:b2:ee,MF0146
RX_CCS_E2_20260121,33071,ADV,-36,e0:5a:1b:15:b2:ee,MF0147
RX_CCS_E2_20260121,33172,ADV,-33,e0:5a:1b:15:b2:ee,MF0148
RX_CCS_E2_20260121,33502,ADV,-43,e0:5a:1b:15:b2:ee,MF014B
RX_CCS_E2_20260121,33603,ADV,-40,e0:5a:1b:15:b2:ee,MF014C
RX_CCS_E2_20260121,33725,ADV,-33,e0:5a:1b:15:b2:ee,MF014D
RX_CCS_E2_20260121,33822,ADV,-43,e0:5a:1b:15:b2:ee,MF014F
RX_CCS_E2_20260121,33929,ADV,-39,e0:5a:1b:15:b2:ee,MF0150
RX_CCS_E2_20260121,34026,ADV,-34,e0:5a:1b:15:b2:ee,MF0151
RX_CCS_E2_20260121,34139,ADV,-43,e0:5a:1b:15:b2:ee,MF0152
RX_CCS_E2_20260121,34246,ADV,-40,e0:5a:1b:15:b2:ee,MF0153
RX_CCS_E2_20260121,34338,ADV,-33,e0:5a:1b:15:b2:ee,MF0154
RX_CCS_E2_20260121,34449,ADV,-42,e0:5a:1b:15:b2:ee,MF0155
RX_CCS_E2_20260121,34555,ADV,-35,e0:5a:1b:15:b2:ee,MF0156
RX_CCS_E2_20260121,34656,ADV,-33,e0:5a:1b:15:b2:ee,MF0157
RX_CCS_E2_20260121,34765,ADV,-42,e0:5a:1b:15:b2:ee,MF0158
RX_CCS_E2_20260121,34871,ADV,-36,e0:5a:1b:15:b2:ee,MF0159
RX_CCS_E2_20260121,35286,ADV,-41,e0:5a:1b:15:b2:ee,MF015D
RX_CCS_E2_20260121,35389,ADV,-40,e0:5a:1b:15:b2:ee,MF015E
RX_CCS_E2_20260121,35497,ADV,-33,e0:5a:1b:15:b2:ee,MF015F
RX_CCS_E2_20260121,35597,ADV,-42,e0:5a:1b:15:b2:ee,MF0160
RX_CCS_E2_20260121,35707,ADV,-39,e0:5a:1b:15:b2:ee,MF0161
RX_CCS_E2_20260121,35811,ADV,-33,e0:5a:1b:15:b2:ee,MF0162
RX_CCS_E2_20260121,35922,ADV,-42,e0:5a:1b:15:b2:ee,MF0163
RX_CCS_E2_20260121,36044,ADV,-39,e0:5a:1b:15:b2:ee,MF0165
RX_CCS_E2_20260121,36126,ADV,-33,e0:5a:1b:15:b2:ee,MF0166
RX_CCS_E2_20260121,36243,ADV,-42,e0:5a:1b:15:b2:ee,MF0167
RX_CCS_E2_20260121,36331,ADV,-39,e0:5a:1b:15:b2:ee,MF0168
RX_CCS_E2_20260121,36433,ADV,-33,e0:5a:1b:15:b2:ee,MF0169
RX_CCS_E2_20260121,36536,ADV,-42,e0:5a:1b:15:b2:ee,MF016A
RX_CCS_E2_20260121,36641,ADV,-39,e0:5a:1b:15:b2:ee,MF016B
RX_CCS_E2_20260121,36752,ADV,-33,e0:5a:1b:15:b2:ee,MF016C
RX_CCS_E2_20260121,36865,ADV,-42,e0:5a:1b:15:b2:ee,MF016D
RX_CCS_E2_20260121,36962,ADV,-39,e0:5a:1b:15:b2:ee,MF016E
RX_CCS_E2_20260121,37065,ADV,-33,e0:5a:1b:15:b2:ee,MF016F
RX_CCS_E2_20260121,37172,ADV,-42,e0:5a:1b:15:b2:ee,MF0170
RX_CCS_E2_20260121,37267,ADV,-40,e0:5a:1b:15:b2:ee,MF0171
RX_CCS_E2_20260121,37372,ADV,-33,e0:5a:1b:15:b2:ee,MF0172
RX_CCS_E2_20260121,37586,ADV,-33,e0:5a:1b:15:b2:ee,MF0174
RX_CCS_E2_20260121,37715,ADV,-42,e0:5a:1b:15:b2:ee,MF0175
RX_CCS_E2_20260121,37793,ADV,-40,e0:5a:1b:15:b2:ee,MF0176
RX_CCS_E2_20260121,37900,ADV,-33,e0:5a:1b:15:b2:ee,MF0177
RX_CCS_E2_20260121,38012,ADV,-42,e0:5a:1b:15:b2:ee,MF0178
RX_CCS_E2_20260121,38141,ADV,-40,e0:5a:1b:15:b2:ee,MF0179
RX_CCS_E2_20260121,38212,ADV,-34,e0:5a:1b:15:b2:ee,MF017A
RX_CCS_E2_20260121,38322,ADV,-42,e0:5a:1b:15:b2:ee,MF017C
RX_CCS_E2_20260121,38427,ADV,-40,e0:5a:1b:15:b2:ee,MF017D
RX_CCS_E2_20260121,38531,ADV,-33,e0:5a:1b:15:b2:ee,MF017E
RX_CCS_E2_20260121,38639,ADV,-42,e0:5a:1b:15:b2:ee,MF017F
RX_CCS_E2_20260121,38754,ADV,-40,e0:5a:1b:15:b2:ee,MF0180
RX_CCS_E2_20260121,38847,ADV,-33,e0:5a:1b:15:b2:ee,MF0181
RX_CCS_E2_20260121,38972,ADV,-41,e0:5a:1b:15:b2:ee,MF0182
RX_CCS_E2_20260121,39067,ADV,-36,e0:5a:1b:15:b2:ee,MF0183
RX_CCS_E2_20260121,39161,ADV,-33,e0:5a:1b:15:b2:ee,MF0184
RX_CCS_E2_20260121,39272,ADV,-42,e0:5a:1b:15:b2:ee,MF0185
RX_CCS_E2_20260121,39372,ADV,-40,e0:5a:1b:15:b2:ee,MF0186
RX_CCS_E2_20260121,39587,ADV,-40,e0:5a:1b:15:b2:ee,MF0188
RX_CCS_E2_20260121,39811,ADV,-42,e0:5a:1b:15:b2:ee,MF018A
RX_CCS_E2_20260121,39893,ADV,-40,e0:5a:1b:15:b2:ee,MF018B
RX_CCS_E2_20260121,40008,ADV,-33,e0:5a:1b:15:b2:ee,MF018C
RX_CCS_E2_20260121,40105,ADV,-42,e0:5a:1b:15:b2:ee,MF018D
RX_CCS_E2_20260121,40209,ADV,-40,e0:5a:1b:15:b2:ee,MF018E
RX_CCS_E2_20260121,40334,ADV,-34,e0:5a:1b:15:b2:ee,MF018F
RX_CCS_E2_20260121,40421,ADV,-42,e0:5a:1b:15:b2:ee,MF0191
RX_CCS_E2_20260121,40526,ADV,-40,e0:5a:1b:15:b2:ee,MF0192
RX_CCS_E2_20260121,40632,ADV,-34,e0:5a:1b:15:b2:ee,MF0193
RX_CCS_E2_20260121,40746,ADV,-42,e0:5a:1b:15:b2:ee,MF0194
RX_CCS_E2_20260121,40841,ADV,-40,e0:5a:1b:15:b2:ee,MF0195
RX_CCS_E2_20260121,40954,ADV,-33,e0:5a:1b:15:b2:ee,MF0196
RX_CCS_E2_20260121,41060,ADV,-42,e0:5a:1b:15:b2:ee,MF0197
RX_CCS_E2_20260121,41157,ADV,-40,e0:5a:1b:15:b2:ee,MF0198
RX_CCS_E2_20260121,41261,ADV,-33,e0:5a:1b:15:b2:ee,MF0199
RX_CCS_E2_20260121,41369,ADV,-42,e0:5a:1b:15:b2:ee,MF019A
RX_CCS_E2_20260121,41472,ADV,-40,e0:5a:1b:15:b2:ee,MF019B
RX_CCS_E2_20260121,41885,ADV,-42,e0:5a:1b:15:b2:ee,MF019F
RX_CCS_E2_20260121,41998,ADV,-40,e0:5a:1b:15:b2:ee,MF01A0
RX_CCS_E2_20260121,42101,ADV,-33,e0:5a:1b:15:b2:ee,MF01A1
RX_CCS_E2_20260121,42211,ADV,-42,e0:5a:1b:15:b2:ee,MF01A2
RX_CCS_E2_20260121,42328,ADV,-41,e0:5a:1b:15:b2:ee,MF01A3
RX_CCS_E2_20260121,42422,ADV,-33,e0:5a:1b:15:b2:ee,MF01A5
RX_CCS_E2_20260121,42546,ADV,-41,e0:5a:1b:15:b2:ee,MF01A6
RX_CCS_E2_20260121,42641,ADV,-40,e0:5a:1b:15:b2:ee,MF01A7
RX_CCS_E2_20260121,42772,ADV,-33,e0:5a:1b:15:b2:ee,MF01A8
RX_CCS_E2_20260121,42865,ADV,-41,e0:5a:1b:15:b2:ee,MF01A9
RX_CCS_E2_20260121,42951,ADV,-40,e0:5a:1b:15:b2:ee,MF01AA
RX_CCS_E2_20260121,43072,ADV,-33,e0:5a:1b:15:b2:ee,MF01AB
RX_CCS_E2_20260121,43169,ADV,-42,e0:5a:1b:15:b2:ee,MF01AC
RX_CCS_E2_20260121,43272,ADV,-37,e0:5a:1b:15:b2:ee,MF01AD
RX_CCS_E2_20260121,43488,ADV,-40,e0:5a:1b:15:b2:ee,MF01AF
RX_CCS_E2_20260121,43587,ADV,-34,e0:5a:1b:15:b2:ee,MF01B0
RX_CCS_E2_20260121,43690,ADV,-42,e0:5a:1b:15:b2:ee,MF01B1
RX_CCS_E2_20260121,43790,ADV,-40,e0:5a:1b:15:b2:ee,MF01B2
RX_CCS_E2_20260121,43921,ADV,-33,e0:5a:1b:15:b2:ee,MF01B3
RX_CCS_E2_20260121,44001,ADV,-42,e0:5a:1b:15:b2:ee,MF01B4
RX_CCS_E2_20260121,44103,ADV,-40,e0:5a:1b:15:b2:ee,MF01B5
RX_CCS_E2_20260121,44208,ADV,-33,e0:5a:1b:15:b2:ee,MF01B6
RX_CCS_E2_20260121,44315,ADV,-42,e0:5a:1b:15:b2:ee,MF01B7
RX_CCS_E2_20260121,44417,ADV,-40,e0:5a:1b:15:b2:ee,MF01B9
RX_CCS_E2_20260121,44521,ADV,-33,e0:5a:1b:15:b2:ee,MF01BA
RX_CCS_E2_20260121,44625,ADV,-42,e0:5a:1b:15:b2:ee,MF01BB
RX_CCS_E2_20260121,44723,ADV,-39,e0:5a:1b:15:b2:ee,MF01BC
RX_CCS_E2_20260121,44828,ADV,-33,e0:5a:1b:15:b2:ee,MF01BD
RX_CCS_E2_20260121,44936,ADV,-42,e0:5a:1b:15:b2:ee,MF01BE
RX_CCS_E2_20260121,45038,ADV,-39,e0:5a:1b:15:b2:ee,MF01BF
RX_CCS_E2_20260121,45146,ADV,-33,e0:5a:1b:15:b2:ee,MF01C0
RX_CCS_E2_20260121,45356,ADV,-40,e0:5a:1b:15:b2:ee,MF01C2
RX_CCS_E2_20260121,45469,ADV,-33,e0:5a:1b:15:b2:ee,MF01C3
RX_CCS_E2_20260121,46090,ADV,-42,e0:5a:1b:15:b2:ee,MF01C9
RX_CCS_E2_20260121,46192,ADV,-39,e0:5a:1b:15:b2:ee,MF01CA
RX_CCS_E2_20260121,46300,ADV,-33,e0:5a:1b:15:b2:ee,MF01CB
RX_CCS_E2_20260121,46401,ADV,-41,e0:5a:1b:15:b2:ee,MF01CC
RX_CCS_E2_20260121,46510,ADV,-40,e0:5a:1b:15:b2:ee,MF01CD
RX_CCS_E2_20260121,46607,ADV,-33,e0:5a:1b:15:b2:ee,MF01CE
RX_CCS_E2_20260121,46715,ADV,-42,e0:5a:1b:15:b2:ee,MF01CF
RX_CCS_E2_20260121,46819,ADV,-40,e0:5a:1b:15:b2:ee,MF01D0
RX_CCS_E2_20260121,47027,ADV,-42,e0:5a:1b:15:b2:ee,MF01D3
RX_CCS_E2_20260121,47128,ADV,-40,e0:5a:1b:15:b2:ee,MF01D4
RX_CCS_E2_20260121,47250,ADV,-33,e0:5a:1b:15:b2:ee,MF01D5
RX_CCS_E2_20260121,47357,ADV,-43,e0:5a:1b:15:b2:ee,MF01D6
RX_CCS_E2_20260121,47441,ADV,-40,e0:5a:1b:15:b2:ee,MF01D7
RX_CCS_E2_20260121,47566,ADV,-33,e0:5a:1b:15:b2:ee,MF01D8
RX_CCS_E2_20260121,47660,ADV,-42,e0:5a:1b:15:b2:ee,MF01D9
RX_CCS_E2_20260121,47762,ADV,-40,e0:5a:1b:15:b2:ee,MF01DA
RX_CCS_E2_20260121,47872,ADV,-33,e0:5a:1b:15:b2:ee,MF01DB
RX_CCS_E2_20260121,48387,ADV,-33,e0:5a:1b:15:b2:ee,MF01E0
RX_CCS_E2_20260121,48499,ADV,-43,e0:5a:1b:15:b2:ee,MF01E1
RX_CCS_E2_20260121,48805,ADV,-41,e0:5a:1b:15:b2:ee,MF01E4
RX_CCS_E2_20260121,48906,ADV,-39,e0:5a:1b:15:b2:ee,MF01E5
RX_CCS_E2_20260121,49015,ADV,-33,e0:5a:1b:15:b2:ee,MF01E6
RX_CCS_E2_20260121,49124,ADV,-42,e0:5a:1b:15:b2:ee,MF01E8
RX_CCS_E2_20260121,49244,ADV,-40,e0:5a:1b:15:b2:ee,MF01E9
RX_CCS_E2_20260121,49336,ADV,-33,e0:5a:1b:15:b2:ee,MF01EA
RX_CCS_E2_20260121,49440,ADV,-43,e0:5a:1b:15:b2:ee,MF01EB
RX_CCS_E2_20260121,49554,ADV,-39,e0:5a:1b:15:b2:ee,MF01EC
RX_CCS_E2_20260121,49662,ADV,-33,e0:5a:1b:15:b2:ee,MF01ED
RX_CCS_E2_20260121,49761,ADV,-42,e0:5a:1b:15:b2:ee,MF01EE
RX_CCS_E2_20260121,49871,ADV,-40,e0:5a:1b:15:b2:ee,MF01EF
RX_CCS_E2_20260121,49972,ADV,-33,e0:5a:1b:15:b2:ee,MF01F0
RX_CCS_E2_20260121,50072,ADV,-42,e0:5a:1b:15:b2:ee,MF01F1
RX_CCS_E2_20260121,50168,ADV,-40,e0:5a:1b:15:b2:ee,MF01F2
RX_CCS_E2_20260121,50272,ADV,-33,e0:5a:1b:15:b2:ee,MF01F3
RX_CCS_E2_20260121,50614,ADV,-42,e0:5a:1b:15:b2:ee,MF01F6
RX_CCS_E2_20260121,50690,ADV,-37,e0:5a:1b:15:b2:ee,MF01F7
RX_CCS_E2_20260121,50802,ADV,-33,e0:5a:1b:15:b2:ee,MF01F8
RX_CCS_E2_20260121,50936,ADV,-42,e0:5a:1b:15:b2:ee,MF01F9
RX_CCS_E2_20260121,51117,ADV,-33,e0:5a:1b:15:b2:ee,MF01FC
RX_CCS_E2_20260121,51228,ADV,-42,e0:5a:1b:15:b2:ee,MF01FD
RX_CCS_E2_20260121,51332,ADV,-40,e0:5a:1b:15:b2:ee,MF01FE
RX_CCS_E2_20260121,51459,ADV,-33,e0:5a:1b:15:b2:ee,MF01FF
RX_CCS_E2_20260121,51550,ADV,-42,e0:5a:1b:15:b2:ee,MF0200
RX_CCS_E2_20260121,51665,ADV,-40,e0:5a:1b:15:b2:ee,MF0201
RX_CCS_E2_20260121,51772,ADV,-33,e0:5a:1b:15:b2:ee,MF0202
RX_CCS_E2_20260121,52094,ADV,-43,e0:5a:1b:15:b2:ee,MF0205
RX_CCS_E2_20260121,52299,ADV,-33,e0:5a:1b:15:b2:ee,MF0207
RX_CCS_E2_20260121,52406,ADV,-42,e0:5a:1b:15:b2:ee,MF0208
RX_CCS_E2_20260121,52513,ADV,-37,e0:5a:1b:15:b2:ee,MF0209
RX_CCS_E2_20260121,52617,ADV,-83,e0:5a:1b:15:b2:ee,MF020B
RX_CCS_E2_20260121,52728,ADV,-42,e0:5a:1b:15:b2:ee,MF020C
RX_CCS_E2_20260121,52831,ADV,-39,e0:5a:1b:15:b2:ee,MF020D
RX_CCS_E2_20260121,52954,ADV,-33,e0:5a:1b:15:b2:ee,MF020E
RX_CCS_E2_20260121,53160,ADV,-40,e0:5a:1b:15:b2:ee,MF0210
RX_CCS_E2_20260121,53263,ADV,-34,e0:5a:1b:15:b2:ee,MF0211
RX_CCS_E2_20260121,53371,ADV,-42,e0:5a:1b:15:b2:ee,MF0212
RX_CCS_E2_20260121,53472,ADV,-37,e0:5a:1b:15:b2:ee,MF0213
RX_CCS_E2_20260121,53795,ADV,-34,e0:5a:1b:15:b2:ee,MF0216
RX_CCS_E2_20260121,54002,ADV,-40,e0:5a:1b:15:b2:ee,MF0218
RX_CCS_E2_20260121,54109,ADV,-33,e0:5a:1b:15:b2:ee,MF0219
RX_CCS_E2_20260121,54211,ADV,-42,e0:5a:1b:15:b2:ee,MF021A
RX_CCS_E2_20260121,54421,ADV,-33,e0:5a:1b:15:b2:ee,MF021D
RX_CCS_E2_20260121,54523,ADV,-42,e0:5a:1b:15:b2:ee,MF021E
RX_CCS_E2_20260121,54631,ADV,-37,e0:5a:1b:15:b2:ee,MF021F
RX_CCS_E2_20260121,54725,ADV,-33,e0:5a:1b:15:b2:ee,MF0220
RX_CCS_E2_20260121,54829,ADV,-43,e0:5a:1b:15:b2:ee,MF0221
RX_CCS_E2_20260121,55031,ADV,-33,e0:5a:1b:15:b2:ee,MF0223
RX_CCS_E2_20260121,55140,ADV,-42,e0:5a:1b:15:b2:ee,MF0224
RX_CCS_E2_20260121,55246,ADV,-40,e0:5a:1b:15:b2:ee,MF0225
RX_CCS_E2_20260121,55350,ADV,-33,e0:5a:1b:15:b2:ee,MF0226
RX_CCS_E2_20260121,55458,ADV,-42,e0:5a:1b:15:b2:ee,MF0227
RX_CCS_E2_20260121,55557,ADV,-37,e0:5a:1b:15:b2:ee,MF0228
RX_CCS_E2_20260121,55665,ADV,-33,e0:5a:1b:15:b2:ee,MF0229
RX_CCS_E2_20260121,55773,ADV,-42,e0:5a:1b:15:b2:ee,MF022A
RX_CCS_E2_20260121,55868,ADV,-40,e0:5a:1b:15:b2:ee,MF022B
RX_CCS_E2_20260121,56288,ADV,-42,e0:5a:1b:15:b2:ee,MF022F
RX_CCS_E2_20260121,56405,ADV,-40,e0:5a:1b:15:b2:ee,MF0230
RX_CCS_E2_20260121,56507,ADV,-34,e0:5a:1b:15:b2:ee,MF0231
RX_CCS_E2_20260121,56601,ADV,-42,e0:5a:1b:15:b2:ee,MF0232
RX_CCS_E2_20260121,56700,ADV,-40,e0:5a:1b:15:b2:ee,MF0233
RX_CCS_E2_20260121,56805,ADV,-33,e0:5a:1b:15:b2:ee,MF0234
RX_CCS_E2_20260121,56911,ADV,-43,e0:5a:1b:15:b2:ee,MF0235
RX_CCS_E2_20260121,57012,ADV,-40,e0:5a:1b:15:b2:ee,MF0236
RX_CCS_E2_20260121,57135,ADV,-33,e0:5a:1b:15:b2:ee,MF0238
RX_CCS_E2_20260121,57228,ADV,-42,e0:5a:1b:15:b2:ee,MF0239
RX_CCS_E2_20260121,57331,ADV,-40,e0:5a:1b:15:b2:ee,MF023A
RX_CCS_E2_20260121,57432,ADV,-34,e0:5a:1b:15:b2:ee,MF023B
RX_CCS_E2_20260121,57544,ADV,-42,e0:5a:1b:15:b2:ee,MF023C
RX_CCS_E2_20260121,57643,ADV,-40,e0:5a:1b:15:b2:ee,MF023D
RX_CCS_E2_20260121,57749,ADV,-33,e0:5a:1b:15:b2:ee,MF023E
RX_CCS_E2_20260121,57849,ADV,-42,e0:5a:1b:15:b2:ee,MF023F
RX_CCS_E2_20260121,57952,ADV,-40,e0:5a:1b:15:b2:ee,MF0240
RX_CCS_E2_20260121,58056,ADV,-33,e0:5a:1b:15:b2:ee,MF0241
RX_CCS_E2_20260121,58164,ADV,-42,e0:5a:1b:15:b2:ee,MF0242
RX_CCS_E2_20260121,58273,ADV,-40,e0:5a:1b:15:b2:ee,MF0243
RX_CCS_E2_20260121,58369,ADV,-33,e0:5a:1b:15:b2:ee,MF0244
RX_CCS_E2_20260121,58692,ADV,-42,e0:5a:1b:15:b2:ee,MF0247
RX_CCS_E2_20260121,58803,ADV,-40,e0:5a:1b:15:b2:ee,MF0248
RX_CCS_E2_20260121,58901,ADV,-33,e0:5a:1b:15:b2:ee,MF0249
RX_CCS_E2_20260121,59009,ADV,-42,e0:5a:1b:15:b2:ee,MF024A
RX_CCS_E2_20260121,59111,ADV,-39,e0:5a:1b:15:b2:ee,MF024B
RX_CCS_E2_20260121,59217,ADV,-33,e0:5a:1b:15:b2:ee,MF024D
RX_CCS_E2_20260121,59431,ADV,-40,e0:5a:1b:15:b2:ee,MF024F
RX_CCS_E2_20260121,59532,ADV,-34,e0:5a:1b:15:b2:ee,MF0250
RX_CCS_E2_20260121,59633,ADV,-42,e0:5a:1b:15:b2:ee,MF0251
RX_CCS_E2_20260121,59740,ADV,-39,e0:5a:1b:15:b2:ee,MF0252
RX_CCS_E2_20260121,59845,ADV,-33,e0:5a:1b:15:b2:ee,MF0253
RX_CCS_E2_20260121,59956,ADV,-43,e0:5a:1b:15:b2:ee,MF0254
RX_CCS_E2_20260121,60052,ADV,-40,e0:5a:1b:15:b2:ee,MF0255
RX_CCS_E2_20260121,60252,ADV,-42,e0:5a:1b:15:b2:ee,MF0257
RX_CCS_E2_20260121,60351,ADV,-40,e0:5a:1b:15:b2:ee,MF0258
RX_CCS_E2_20260121,60467,ADV,-34,e0:5a:1b:15:b2:ee,MF0259
RX_CCS_E2_20260121,60571,ADV,-42,e0:5a:1b:15:b2:ee,MF025A
RX_CCS_E2_20260121,60669,ADV,-40,e0:5a:1b:15:b2:ee,MF025B
RX_CCS_E2_20260121,60773,ADV,-33,e0:5a:1b:15:b2:ee,MF025C
RX_CCS_E2_20260121,60989,ADV,-33,e0:5a:1b:15:b2:ee,MF025E
RX_CCS_E2_20260121,61097,ADV,-42,e0:5a:1b:15:b2:ee,MF025F
RX_CCS_E2_20260121,61204,ADV,-37,e0:5a:1b:15:b2:ee,MF0260
RX_CCS_E2_20260121,61305,ADV,-33,e0:5a:1b:15:b2:ee,MF0261
RX_CCS_E2_20260121,61430,ADV,-42,e0:5a:1b:15:b2:ee,MF0262
RX_CCS_E2_20260121,61509,ADV,-39,e0:5a:1b:15:b2:ee,MF0263
RX_CCS_E2_20260121,61616,ADV,-33,e0:5a:1b:15:b2:ee,MF0264
RX_CCS_E2_20260121,61729,ADV,-42,e0:5a:1b:15:b2:ee,MF0266
RX_CCS_E2_20260121,61821,ADV,-40,e0:5a:1b:15:b2:ee,MF0267
RX_CCS_E2_20260121,61925,ADV,-34,e0:5a:1b:15:b2:ee,MF0268
RX_CCS_E2_20260121,62054,ADV,-42,e0:5a:1b:15:b2:ee,MF0269
RX_CCS_E2_20260121,62132,ADV,-40,e0:5a:1b:15:b2:ee,MF026A
RX_CCS_E2_20260121,62247,ADV,-34,e0:5a:1b:15:b2:ee,MF026B
RX_CCS_E2_20260121,62345,ADV,-42,e0:5a:1b:15:b2:ee,MF026C
RX_CCS_E2_20260121,62448,ADV,-40,e0:5a:1b:15:b2:ee,MF026D
RX_CCS_E2_20260121,62548,ADV,-33,e0:5a:1b:15:b2:ee,MF026E
RX_CCS_E2_20260121,62658,ADV,-42,e0:5a:1b:15:b2:ee,MF026F
RX_CCS_E2_20260121,62755,ADV,-103,e0:5a:1b:15:b2:ee,MF0270
RX_CCS_E2_20260121,62873,ADV,-33,e0:5a:1b:15:b2:ee,MF0271
RX_CCS_E2_20260121,62959,ADV,-42,e0:5a:1b:15:b2:ee,MF0272
RX_CCS_E2_20260121,63069,ADV,-40,e0:5a:1b:15:b2:ee,MF0273
RX_CCS_E2_20260121,63173,ADV,-33,e0:5a:1b:15:b2:ee,MF0274
RX_CCS_E2_20260121,63385,ADV,-33,e0:5a:1b:15:b2:ee,MF0276
RX_CCS_E2_20260121,63497,ADV,-42,e0:5a:1b:15:b2:ee,MF0277
RX_CCS_E2_20260121,63600,ADV,-39,e0:5a:1b:15:b2:ee,MF0278
RX_CCS_E2_20260121,63711,ADV,-34,e0:5a:1b:15:b2:ee,MF0279
RX_CCS_E2_20260121,63825,ADV,-42,e0:5a:1b:15:b2:ee,MF027B
RX_CCS_E2_20260121,63934,ADV,-39,e0:5a:1b:15:b2:ee,MF027C
RX_CCS_E2_20260121,64034,ADV,-33,e0:5a:1b:15:b2:ee,MF027D
RX_CCS_E2_20260121,64134,ADV,-42,e0:5a:1b:15:b2:ee,MF027E
RX_CCS_E2_20260121,64238,ADV,-40,e0:5a:1b:15:b2:ee,MF027F
RX_CCS_E2_20260121,64362,ADV,-33,e0:5a:1b:15:b2:ee,MF0280
RX_CCS_E2_20260121,64461,ADV,-42,e0:5a:1b:15:b2:ee,MF0281
RX_CCS_E2_20260121,64547,ADV,-39,e0:5a:1b:15:b2:ee,MF0282
RX_CCS_E2_20260121,64659,ADV,-33,e0:5a:1b:15:b2:ee,MF0283
RX_CCS_E2_20260121,64767,ADV,-42,e0:5a:1b:15:b2:ee,MF0284
RX_CCS_E2_20260121,64871,ADV,-40,e0:5a:1b:15:b2:ee,MF0285
RX_CCS_E2_20260121,65189,ADV,-33,e0:5a:1b:15:b2:ee,MF0288
RX_CCS_E2_20260121,65298,ADV,-42,e0:5a:1b:15:b2:ee,MF0289
RX_CCS_E2_20260121,65393,ADV,-36,e0:5a:1b:15:b2:ee,MF028A
RX_CCS_E2_20260121,65502,ADV,-33,e0:5a:1b:15:b2:ee,MF028B
RX_CCS_E2_20260121,65607,ADV,-42,e0:5a:1b:15:b2:ee,MF028C
RX_CCS_E2_20260121,65707,ADV,-40,e0:5a:1b:15:b2:ee,MF028D
RX_CCS_E2_20260121,65816,ADV,-34,e0:5a:1b:15:b2:ee,MF028E
RX_CCS_E2_20260121,65925,ADV,-42,e0:5a:1b:15:b2:ee,MF0290
RX_CCS_E2_20260121,66042,ADV,-37,e0:5a:1b:15:b2:ee,MF0291
RX_CCS_E2_20260121,66240,ADV,-42,e0:5a:1b:15:b2:ee,MF0293
RX_CCS_E2_20260121,66340,ADV,-40,e0:5a:1b:15:b2:ee,MF0294
RX_CCS_E2_20260121,66447,ADV,-34,e0:5a:1b:15:b2:ee,MF0295
RX_CCS_E2_20260121,66553,ADV,-42,e0:5a:1b:15:b2:ee,MF0296
RX_CCS_E2_20260121,66652,ADV,-40,e0:5a:1b:15:b2:ee,MF0297
RX_CCS_E2_20260121,66760,ADV,-34,e0:5a:1b:15:b2:ee,MF0298
RX_CCS_E2_20260121,66873,ADV,-42,e0:5a:1b:15:b2:ee,MF0299
RX_CCS_E2_20260121,66961,ADV,-40,e0:5a:1b:15:b2:ee,MF029A
RX_CCS_E2_20260121,67073,ADV,-34,e0:5a:1b:15:b2:ee,MF029B
RX_CCS_E2_20260121,67606,ADV,-34,e0:5a:1b:15:b2:ee,MF02A0
RX_CCS_E2_20260121,67707,ADV,-42,e0:5a:1b:15:b2:ee,MF02A1
RX_CCS_E2_20260121,67811,ADV,-40,e0:5a:1b:15:b2:ee,MF02A2
RX_CCS_E2_20260121,68026,ADV,-42,e0:5a:1b:15:b2:ee,MF02A4
RX_CCS_E2_20260121,68121,ADV,-40,e0:5a:1b:15:b2:ee,MF02A6
RX_CCS_E2_20260121,68225,ADV,-34,e0:5a:1b:15:b2:ee,MF02A7
RX_CCS_E2_20260121,68335,ADV,-42,e0:5a:1b:15:b2:ee,MF02A8
RX_CCS_E2_20260121,68434,ADV,-40,e0:5a:1b:15:b2:ee,MF02A9
RX_CCS_E2_20260121,68544,ADV,-34,e0:5a:1b:15:b2:ee,MF02AA
RX_CCS_E2_20260121,68645,ADV,-42,e0:5a:1b:15:b2:ee,MF02AB
RX_CCS_E2_20260121,68765,ADV,-40,e0:5a:1b:15:b2:ee,MF02AC
RX_CCS_E2_20260121,68863,ADV,-34,e0:5a:1b:15:b2:ee,MF02AD
RX_CCS_E2_20260121,68965,ADV,-42,e0:5a:1b:15:b2:ee,MF02AE
RX_CCS_E2_20260121,69070,ADV,-40,e0:5a:1b:15:b2:ee,MF02AF
RX_CCS_E2_20260121,69490,ADV,-42,e0:5a:1b:15:b2:ee,MF02B3
RX_CCS_E2_20260121,69592,ADV,-37,e0:5a:1b:15:b2:ee,MF02B4
RX_CCS_E2_20260121,69695,ADV,-33,e0:5a:1b:15:b2:ee,MF02B5
RX_CCS_E2_20260121,69802,ADV,-42,e0:5a:1b:15:b2:ee,MF02B6
RX_CCS_E2_20260121,69916,ADV,-40,e0:5a:1b:15:b2:ee,MF02B7
RX_CCS_E2_20260121,70045,ADV,-33,e0:5a:1b:15:b2:ee,MF02B8
RX_CCS_E2_20260121,70217,ADV,-40,e0:5a:1b:15:b2:ee,MF02BB
RX_CCS_E2_20260121,70324,ADV,-33,e0:5a:1b:15:b2:ee,MF02BC
RX_CCS_E2_20260121,70430,ADV,-42,e0:5a:1b:15:b2:ee,MF02BD
RX_CCS_E2_20260121,70535,ADV,-39,e0:5a:1b:15:b2:ee,MF02BE
RX_CCS_E2_20260121,70647,ADV,-33,e0:5a:1b:15:b2:ee,MF02BF
RX_CCS_E2_20260121,70754,ADV,-42,e0:5a:1b:15:b2:ee,MF02C0
RX_CCS_E2_20260121,70852,ADV,-40,e0:5a:1b:15:b2:ee,MF02C1
RX_CCS_E2_20260121,70958,ADV,-34,e0:5a:1b:15:b2:ee,MF02C2
RX_CCS_E2_20260121,71073,ADV,-42,e0:5a:1b:15:b2:ee,MF02C3
RX_CCS_E2_20260121,71593,ADV,-43,e0:5a:1b:15:b2:ee,MF02C8
RX_CCS_E2_20260121,71702,ADV,-40,e0:5a:1b:15:b2:ee,MF02C9
RX_CCS_E2_20260121,71838,ADV,-33,e0:5a:1b:15:b2:ee,MF02CA
RX_CCS_E2_20260121,71907,ADV,-42,e0:5a:1b:15:b2:ee,MF02CB
RX_CCS_E2_20260121,72014,ADV,-40,e0:5a:1b:15:b2:ee,MF02CC
RX_CCS_E2_20260121,72131,ADV,-33,e0:5a:1b:15:b2:ee,MF02CE
RX_CCS_E2_20260121,72245,ADV,-42,e0:5a:1b:15:b2:ee,MF02CF
RX_CCS_E2_20260121,72373,ADV,-36,e0:5a:1b:15:b2:ee,MF02D0
RX_CCS_E2_20260121,72430,ADV,-34,e0:5a:1b:15:b2:ee,MF02D1
RX_CCS_E2_20260121,72535,ADV,-42,e0:5a:1b:15:b2:ee,MF02D2
RX_CCS_E2_20260121,72665,ADV,-37,e0:5a:1b:15:b2:ee,MF02D3
RX_CCS_E2_20260121,72749,ADV,-33,e0:5a:1b:15:b2:ee,MF02D4
RX_CCS_E2_20260121,72858,ADV,-42,e0:5a:1b:15:b2:ee,MF02D5
RX_CCS_E2_20260121,72960,ADV,-40,e0:5a:1b:15:b2:ee,MF02D6
RX_CCS_E2_20260121,73061,ADV,-33,e0:5a:1b:15:b2:ee,MF02D7
RX_CCS_E2_20260121,73173,ADV,-43,e0:5a:1b:15:b2:ee,MF02D8
RX_CCS_E2_20260121,73262,ADV,-40,e0:5a:1b:15:b2:ee,MF02D9
RX_CCS_E2_20260121,73367,ADV,-33,e0:5a:1b:15:b2:ee,MF02DA
RX_CCS_E2_20260121,73472,ADV,-42,e0:5a:1b:15:b2:ee,MF02DB
RX_CCS_E2_20260121,73890,ADV,-33,e0:5a:1b:15:b2:ee,MF02DF
RX_CCS_E2_20260121,73994,ADV,-42,e0:5a:1b:15:b2:ee,MF02E0
RX_CCS_E2_20260121,74128,ADV,-40,e0:5a:1b:15:b2:ee,MF02E1
RX_CCS_E2_20260121,74207,ADV,-33,e0:5a:1b:15:b2:ee,MF02E2
RX_CCS_E2_20260121,74312,ADV,-42,e0:5a:1b:15:b2:ee,MF02E3
RX_CCS_E2_20260121,74415,ADV,-37,e0:5a:1b:15:b2:ee,MF02E4
RX_CCS_E2_20260121,74517,ADV,-33,e0:5a:1b:15:b2:ee,MF02E5
RX_CCS_E2_20260121,74626,ADV,-42,e0:5a:1b:15:b2:ee,MF02E7
RX_CCS_E2_20260121,74731,ADV,-40,e0:5a:1b:15:b2:ee,MF02E8
RX_CCS_E2_20260121,74844,ADV,-33,e0:5a:1b:15:b2:ee,MF02E9
RX_CCS_E2_20260121,74942,ADV,-42,e0:5a:1b:15:b2:ee,MF02EA
RX_CCS_E2_20260121,75073,ADV,-40,e0:5a:1b:15:b2:ee,MF02EB
RX_CCS_E2_20260121,75152,ADV,-33,e0:5a:1b:15:b2:ee,MF02EC
RX_CCS_E2_20260121,75273,ADV,-42,e0:5a:1b:15:b2:ee,MF02ED
RX_CCS_E2_20260121,75473,ADV,-33,e0:5a:1b:15:b2:ee,MF02EF
RX_CCS_E2_20260121,75673,ADV,-40,e0:5a:1b:15:b2:ee,MF02F1
RX_CCS_E2_20260121,75885,ADV,-40,e0:5a:1b:15:b2:ee,MF02F3
RX_CCS_E2_20260121,75995,ADV,-33,e0:5a:1b:15:b2:ee,MF02F4
RX_CCS_E2_20260121,76099,ADV,-42,e0:5a:1b:15:b2:ee,MF02F5
RX_CCS_E2_20260121,76212,ADV,-40,e0:5a:1b:15:b2:ee,MF02F6
RX_CCS_E2_20260121,76327,ADV,-33,e0:5a:1b:15:b2:ee,MF02F7
RX_CCS_E2_20260121,76418,ADV,-42,e0:5a:1b:15:b2:ee,MF02F8
RX_CCS_E2_20260121,76519,ADV,-37,e0:5a:1b:15:b2:ee,MF02FA
RX_CCS_E2_20260121,76624,ADV,-34,e0:5a:1b:15:b2:ee,MF02FB
RX_CCS_E2_20260121,76733,ADV,-42,e0:5a:1b:15:b2:ee,MF02FC
RX_CCS_E2_20260121,76842,ADV,-40,e0:5a:1b:15:b2:ee,MF02FD
RX_CCS_E2_20260121,76943,ADV,-34,e0:5a:1b:15:b2:ee,MF02FE
RX_CCS_E2_20260121,77053,ADV,-42,e0:5a:1b:15:b2:ee,MF02FF
RX_CCS_E2_20260121,77146,ADV,-40,e0:5a:1b:15:b2:ee,MF0300
RX_CCS_E2_20260121,77252,ADV,-33,e0:5a:1b:15:b2:ee,MF0301
RX_CCS_E2_20260121,77362,ADV,-42,e0:5a:1b:15:b2:ee,MF0302
RX_CCS_E2_20260121,77459,ADV,-39,e0:5a:1b:15:b2:ee,MF0303
RX_CCS_E2_20260121,77569,ADV,-33,e0:5a:1b:15:b2:ee,MF0304
RX_CCS_E2_20260121,77671,ADV,-42,e0:5a:1b:15:b2:ee,MF0305
RX_CCS_E2_20260121,77889,ADV,-42,e0:5a:1b:15:b2:ee,MF0307
RX_CCS_E2_20260121,77994,ADV,-40,e0:5a:1b:15:b2:ee,MF0308
RX_CCS_E2_20260121,78097,ADV,-33,e0:5a:1b:15:b2:ee,MF0309
RX_CCS_E2_20260121,78207,ADV,-42,e0:5a:1b:15:b2:ee,MF030A
RX_CCS_E2_20260121,78327,ADV,-40,e0:5a:1b:15:b2:ee,MF030B
RX_CCS_E2_20260121,78415,ADV,-34,e0:5a:1b:15:b2:ee,MF030C
RX_CCS_E2_20260121,78521,ADV,-42,e0:5a:1b:15:b2:ee,MF030E
RX_CCS_E2_20260121,78619,ADV,-40,e0:5a:1b:15:b2:ee,MF030F
RX_CCS_E2_20260121,78743,ADV,-33,e0:5a:1b:15:b2:ee,MF0310
RX_CCS_E2_20260121,78842,ADV,-42,e0:5a:1b:15:b2:ee,MF0311
RX_CCS_E2_20260121,78938,ADV,-40,e0:5a:1b:15:b2:ee,MF0312
RX_CCS_E2_20260121,79035,ADV,-34,e0:5a:1b:15:b2:ee,MF0313
RX_CCS_E2_20260121,79149,ADV,-42,e0:5a:1b:15:b2:ee,MF0314
RX_CCS_E2_20260121,79261,ADV,-40,e0:5a:1b:15:b2:ee,MF0315
RX_CCS_E2_20260121,79356,ADV,-33,e0:5a:1b:15:b2:ee,MF0316
RX_CCS_E2_20260121,79443,ADV,-42,e0:5a:1b:15:b2:ee,MF0317
RX_CCS_E2_20260121,79544,ADV,-40,e0:5a:1b:15:b2:ee,MF0318
RX_CCS_E2_20260121,79665,ADV,-34,e0:5a:1b:15:b2:ee,MF0319
RX_CCS_E2_20260121,79757,ADV,-42,e0:5a:1b:15:b2:ee,MF031A
RX_CCS_E2_20260121,79873,ADV,-40,e0:5a:1b:15:b2:ee,MF031B
RX_CCS_E2_20260121,79958,ADV,-34,e0:5a:1b:15:b2:ee,MF031C
RX_CCS_E2_20260121,80073,ADV,-42,e0:5a:1b:15:b2:ee,MF031D
RX_CCS_E2_20260121,80169,ADV,-40,e0:5a:1b:15:b2:ee,MF031E
RX_CCS_E2_20260121,80591,ADV,-42,e0:5a:1b:15:b2:ee,MF0322
RX_CCS_E2_20260121,80805,ADV,-34,e0:5a:1b:15:b2:ee,MF0324
RX_CCS_E2_20260121,80907,ADV,-43,e0:5a:1b:15:b2:ee,MF0325
RX_CCS_E2_20260121,81049,ADV,-40,e0:5a:1b:15:b2:ee,MF0326
RX_CCS_E2_20260121,81123,ADV,-33,e0:5a:1b:15:b2:ee,MF0328
RX_CCS_E2_20260121,81235,ADV,-42,e0:5a:1b:15:b2:ee,MF0329
RX_CCS_E2_20260121,81330,ADV,-37,e0:5a:1b:15:b2:ee,MF032A
RX_CCS_E2_20260121,81452,ADV,-33,e0:5a:1b:15:b2:ee,MF032B
RX_CCS_E2_20260121,81754,ADV,-33,e0:5a:1b:15:b2:ee,MF032E
RX_CCS_E2_20260121,81861,ADV,-42,e0:5a:1b:15:b2:ee,MF032F
RX_CCS_E2_20260121,81968,ADV,-40,e0:5a:1b:15:b2:ee,MF0330
RX_CCS_E2_20260121,82073,ADV,-33,e0:5a:1b:15:b2:ee,MF0331
RX_CCS_E2_20260121,82286,ADV,-34,e0:5a:1b:15:b2:ee,MF0333
RX_CCS_E2_20260121,82410,ADV,-43,e0:5a:1b:15:b2:ee,MF0334
RX_CCS_E2_20260121,82501,ADV,-40,e0:5a:1b:15:b2:ee,MF0335
RX_CCS_E2_20260121,82604,ADV,-34,e0:5a:1b:15:b2:ee,MF0336
RX_CCS_E2_20260121,82813,ADV,-39,e0:5a:1b:15:b2:ee,MF0338
RX_CCS_E2_20260121,82919,ADV,-34,e0:5a:1b:15:b2:ee,MF033A
RX_CCS_E2_20260121,83037,ADV,-42,e0:5a:1b:15:b2:ee,MF033B
RX_CCS_E2_20260121,83133,ADV,-41,e0:5a:1b:15:b2:ee,MF033C
RX_CCS_E2_20260121,83247,ADV,-33,e0:5a:1b:15:b2:ee,MF033D
RX_CCS_E2_20260121,83356,ADV,-42,e0:5a:1b:15:b2:ee,MF033E
RX_CCS_E2_20260121,83457,ADV,-40,e0:5a:1b:15:b2:ee,MF033F
RX_CCS_E2_20260121,83564,ADV,-34,e0:5a:1b:15:b2:ee,MF0340
RX_CCS_E2_20260121,83887,ADV,-42,e0:5a:1b:15:b2:ee,MF0343
RX_CCS_E2_20260121,83987,ADV,-40,e0:5a:1b:15:b2:ee,MF0344
RX_CCS_E2_20260121,84097,ADV,-34,e0:5a:1b:15:b2:ee,MF0345
RX_CCS_E2_20260121,84217,ADV,-42,e0:5a:1b:15:b2:ee,MF0346
RX_CCS_E2_20260121,84308,ADV,-39,e0:5a:1b:15:b2:ee,MF0347
RX_CCS_E2_20260121,84417,ADV,-33,e0:5a:1b:15:b2:ee,MF0348
RX_CCS_E2_20260121,84540,ADV,-42,e0:5a:1b:15:b2:ee,MF034A
RX_CCS_E2_20260121,84633,ADV,-40,e0:5a:1b:15:b2:ee,MF034B
RX_CCS_E2_20260121,84749,ADV,-33,e0:5a:1b:15:b2:ee,MF034C
RX_CCS_E2_20260121,84853,ADV,-42,e0:5a:1b:15:b2:ee,MF034D
RX_CCS_E2_20260121,84936,ADV,-37,e0:5a:1b:15:b2:ee,MF034E
RX_CCS_E2_20260121,85044,ADV,-34,e0:5a:1b:15:b2:ee,MF034F
RX_CCS_E2_20260121,85153,ADV,-43,e0:5a:1b:15:b2:ee,MF0350
RX_CCS_E2_20260121,85270,ADV,-40,e0:5a:1b:15:b2:ee,MF0351
RX_CCS_E2_20260121,85368,ADV,-33,e0:5a:1b:15:b2:ee,MF0352
RX_CCS_E2_20260121,85473,ADV,-42,e0:5a:1b:15:b2:ee,MF0353
RX_CCS_E2_20260121,85887,ADV,-33,e0:5a:1b:15:b2:ee,MF0357
RX_CCS_E2_20260121,85991,ADV,-43,e0:5a:1b:15:b2:ee,MF0358
RX_CCS_E2_20260121,86090,ADV,-40,e0:5a:1b:15:b2:ee,MF0359
RX_CCS_E2_20260121,86200,ADV,-33,e0:5a:1b:15:b2:ee,MF035A
RX_CCS_E2_20260121,86300,ADV,-42,e0:5a:1b:15:b2:ee,MF035B
RX_CCS_E2_20260121,86437,ADV,-39,e0:5a:1b:15:b2:ee,MF035C
RX_CCS_E2_20260121,86505,ADV,-33,e0:5a:1b:15:b2:ee,MF035D
RX_CCS_E2_20260121,86643,ADV,-42,e0:5a:1b:15:b2:ee,MF035E
RX_CCS_E2_20260121,86729,ADV,-39,e0:5a:1b:15:b2:ee,MF0360
RX_CCS_E2_20260121,86828,ADV,-34,e0:5a:1b:15:b2:ee,MF0361
RX_CCS_E2_20260121,86937,ADV,-42,e0:5a:1b:15:b2:ee,MF0362
RX_CCS_E2_20260121,87043,ADV,-37,e0:5a:1b:15:b2:ee,MF0363
RX_CCS_E2_20260121,87154,ADV,-33,e0:5a:1b:15:b2:ee,MF0364
RX_CCS_E2_20260121,87263,ADV,-42,e0:5a:1b:15:b2:ee,MF0365
RX_CCS_E2_20260121,87367,ADV,-40,e0:5a:1b:15:b2:ee,MF0366
RX_CCS_E2_20260121,87464,ADV,-34,e0:5a:1b:15:b2:ee,MF0367
RX_CCS_E2_20260121,87572,ADV,-42,e0:5a:1b:15:b2:ee,MF0368
RX_CCS_E2_20260121,87670,ADV,-40,e0:5a:1b:15:b2:ee,MF0369
RX_CCS_E2_20260121,87786,ADV,-41,e0:5a:1b:15:b2:ee,MF036A
RX_CCS_E2_20260121,88020,ADV,-34,e0:5a:1b:15:b2:ee,MF036C
RX_CCS_E2_20260121,88090,ADV,-41,e0:5a:1b:15:b2:ee,MF036D
RX_CCS_E2_20260121,88193,ADV,-40,e0:5a:1b:15:b2:ee,MF036E
RX_CCS_E2_20260121,88310,ADV,-33,e0:5a:1b:15:b2:ee,MF036F
RX_CCS_E2_20260121,88406,ADV,-42,e0:5a:1b:15:b2:ee,MF0370
RX_CCS_E2_20260121,88504,ADV,-40,e0:5a:1b:15:b2:ee,MF0371
RX_CCS_E2_20260121,88726,ADV,-42,e0:5a:1b:15:b2:ee,MF0374
RX_CCS_E2_20260121,88830,ADV,-39,e0:5a:1b:15:b2:ee,MF0375
RX_CCS_E2_20260121,88938,ADV,-33,e0:5a:1b:15:b2:ee,MF0376
RX_CCS_E2_20260121,89154,ADV,-36,e0:5a:1b:15:b2:ee,MF0378
RX_CCS_E2_20260121,89273,ADV,-33,e0:5a:1b:15:b2:ee,MF0379
RX_CCS_E2_20260121,89373,ADV,-42,e0:5a:1b:15:b2:ee,MF037A
RX_CCS_E2_20260121,89473,ADV,-36,e0:5a:1b:15:b2:ee,MF037B
RX_CCS_E2_20260121,89786,ADV,-33,e0:5a:1b:15:b2:ee,MF037E
RX_CCS_E2_20260121,89887,ADV,-42,e0:5a:1b:15:b2:ee,MF037F
RX_CCS_E2_20260121,89989,ADV,-37,e0:5a:1b:15:b2:ee,MF0380
RX_CCS_E2_20260121,90094,ADV,-33,e0:5a:1b:15:b2:ee,MF0381
RX_CCS_E2_20260121,90213,ADV,-42,e0:5a:1b:15:b2:ee,MF0382
RX_CCS_E2_20260121,90315,ADV,-40,e0:5a:1b:15:b2:ee,MF0383
RX_CCS_E2_20260121,90458,ADV,-34,e0:5a:1b:15:b2:ee,MF0384
RX_CCS_E2_20260121,90526,ADV,-42,e0:5a:1b:15:b2:ee,MF0386
RX_CCS_E2_20260121,90627,ADV,-40,e0:5a:1b:15:b2:ee,MF0387
RX_CCS_E2_20260121,90768,ADV,-34,e0:5a:1b:15:b2:ee,MF0388
RX_CCS_E2_20260121,90838,ADV,-42,e0:5a:1b:15:b2:ee,MF0389
RX_CCS_E2_20260121,90968,ADV,-37,e0:5a:1b:15:b2:ee,MF038A
RX_CCS_E2_20260121,91058,ADV,-34,e0:5a:1b:15:b2:ee,MF038B
RX_CCS_E2_20260121,91151,ADV,-42,e0:5a:1b:15:b2:ee,MF038C
RX_CCS_E2_20260121,91267,ADV,-39,e0:5a:1b:15:b2:ee,MF038D
RX_CCS_E2_20260121,91365,ADV,-33,e0:5a:1b:15:b2:ee,MF038E
RX_CCS_E2_20260121,91462,ADV,-42,e0:5a:1b:15:b2:ee,MF038F
RX_CCS_E2_20260121,91565,ADV,-40,e0:5a:1b:15:b2:ee,MF0390
RX_CCS_E2_20260121,91672,ADV,-33,e0:5a:1b:15:b2:ee,MF0391
RX_CCS_E2_20260121,91997,ADV,-42,e0:5a:1b:15:b2:ee,MF0394
RX_CCS_E2_20260121,92098,ADV,-40,e0:5a:1b:15:b2:ee,MF0395
RX_CCS_E2_20260121,92204,ADV,-33,e0:5a:1b:15:b2:ee,MF0396
RX_CCS_E2_20260121,92315,ADV,-42,e0:5a:1b:15:b2:ee,MF0397
RX_CCS_E2_20260121,92420,ADV,-40,e0:5a:1b:15:b2:ee,MF0399
RX_CCS_E2_20260121,92522,ADV,-34,e0:5a:1b:15:b2:ee,MF039A
RX_CCS_E2_20260121,92634,ADV,-42,e0:5a:1b:15:b2:ee,MF039B
RX_CCS_E2_20260121,92735,ADV,-40,e0:5a:1b:15:b2:ee,MF039C
RX_CCS_E2_20260121,92837,ADV,-33,e0:5a:1b:15:b2:ee,MF039D
RX_CCS_E2_20260121,92961,ADV,-42,e0:5a:1b:15:b2:ee,MF039E
RX_CCS_E2_20260121,93043,ADV,-40,e0:5a:1b:15:b2:ee,MF039F
RX_CCS_E2_20260121,93148,ADV,-34,e0:5a:1b:15:b2:ee,MF03A0
RX_CCS_E2_20260121,93255,ADV,-42,e0:5a:1b:15:b2:ee,MF03A1
RX_CCS_E2_20260121,93364,ADV,-37,e0:5a:1b:15:b2:ee,MF03A2
RX_CCS_E2_20260121,93468,ADV,-98,e0:5a:1b:15:b2:ee,MF03A3
RX_CCS_E2_20260121,93786,ADV,-42,e0:5a:1b:15:b2:ee,MF03A6
RX_CCS_E2_20260121,94186,ADV,-40,e0:5a:1b:15:b2:ee,MF03AA
RX_CCS_E2_20260121,94402,ADV,-43,e0:5a:1b:15:b2:ee,MF03AC
RX_CCS_E2_20260121,94503,ADV,-39,e0:5a:1b:15:b2:ee,MF03AD
RX_CCS_E2_20260121,94608,ADV,-33,e0:5a:1b:15:b2:ee,MF03AE
RX_CCS_E2_20260121,94722,ADV,-42,e0:5a:1b:15:b2:ee,MF03AF
RX_CCS_E2_20260121,94817,ADV,-39,e0:5a:1b:15:b2:ee,MF03B0
RX_CCS_E2_20260121,94928,ADV,-33,e0:5a:1b:15:b2:ee,MF03B2
RX_CCS_E2_20260121,95041,ADV,-42,e0:5a:1b:15:b2:ee,MF03B3
RX_CCS_E2_20260121,95141,ADV,-36,e0:5a:1b:15:b2:ee,MF03B4
RX_CCS_E2_20260121,95255,ADV,-34,e0:5a:1b:15:b2:ee,MF03B5
RX_CCS_E2_20260121,95346,ADV,-43,e0:5a:1b:15:b2:ee,MF03B6
RX_CCS_E2_20260121,95449,ADV,-39,e0:5a:1b:15:b2:ee,MF03B7
RX_CCS_E2_20260121,95561,ADV,-33,e0:5a:1b:15:b2:ee,MF03B8
RX_CCS_E2_20260121,95665,ADV,-42,e0:5a:1b:15:b2:ee,MF03B9
RX_CCS_E2_20260121,95768,ADV,-40,e0:5a:1b:15:b2:ee,MF03BA
RX_CCS_E2_20260121,96090,ADV,-33,e0:5a:1b:15:b2:ee,MF03BD
RX_CCS_E2_20260121,96194,ADV,-42,e0:5a:1b:15:b2:ee,MF03BE
RX_CCS_E2_20260121,96306,ADV,-39,e0:5a:1b:15:b2:ee,MF03BF
RX_CCS_E2_20260121,96405,ADV,-34,e0:5a:1b:15:b2:ee,MF03C0
RX_CCS_E2_20260121,96509,ADV,-42,e0:5a:1b:15:b2:ee,MF03C1
RX_CCS_E2_20260121,96613,ADV,-40,e0:5a:1b:15:b2:ee,MF03C2
RX_CCS_E2_20260121,96718,ADV,-33,e0:5a:1b:15:b2:ee,MF03C4
RX_CCS_E2_20260121,96827,ADV,-42,e0:5a:1b:15:b2:ee,MF03C5
RX_CCS_E2_20260121,96966,ADV,-36,e0:5a:1b:15:b2:ee,MF03C6
RX_CCS_E2_20260121,97037,ADV,-33,e0:5a:1b:15:b2:ee,MF03C7
RX_CCS_E2_20260121,97144,ADV,-42,e0:5a:1b:15:b2:ee,MF03C8
RX_CCS_E2_20260121,97245,ADV,-39,e0:5a:1b:15:b2:ee,MF03C9
RX_CCS_E2_20260121,97363,ADV,-34,e0:5a:1b:15:b2:ee,MF03CA
RX_CCS_E2_20260121,97457,ADV,-42,e0:5a:1b:15:b2:ee,MF03CB
RX_CCS_E2_20260121,97664,ADV,-33,e0:5a:1b:15:b2:ee,MF03CD
RX_CCS_E2_20260121,97870,ADV,-40,e0:5a:1b:15:b2:ee,MF03CF
RX_CCS_E2_20260121,98190,ADV,-33,e0:5a:1b:15:b2:ee,MF03D2
RX_CCS_E2_20260121,98298,ADV,-42,e0:5a:1b:15:b2:ee,MF03D3
RX_CCS_E2_20260121,98401,ADV,-37,e0:5a:1b:15:b2:ee,MF03D4
RX_CCS_E2_20260121,98504,ADV,-34,e0:5a:1b:15:b2:ee,MF03D5
RX_CCS_E2_20260121,98606,ADV,-42,e0:5a:1b:15:b2:ee,MF03D6
RX_CCS_E2_20260121,98713,ADV,-39,e0:5a:1b:15:b2:ee,MF03D7
RX_CCS_E2_20260121,98819,ADV,-33,e0:5a:1b:15:b2:ee,MF03D9
RX_CCS_E2_20260121,98941,ADV,-43,e0:5a:1b:15:b2:ee,MF03DA
RX_CCS_E2_20260121,99030,ADV,-37,e0:5a:1b:15:b2:ee,MF03DB
RX_CCS_E2_20260121,99136,ADV,-34,e0:5a:1b:15:b2:ee,MF03DC
RX_CCS_E2_20260121,99258,ADV,-43,e0:5a:1b:15:b2:ee,MF03DD
RX_CCS_E2_20260121,99359,ADV,-37,e0:5a:1b:15:b2:ee,MF03DE
RX_CCS_E2_20260121,99450,ADV,-33,e0:5a:1b:15:b2:ee,MF03DF
RX_CCS_E2_20260121,99559,ADV,-43,e0:5a:1b:15:b2:ee,MF03E0
RX_CCS_E2_20260121,99670,ADV,-36,e0:5a:1b:15:b2:ee,MF03E1
RX_CCS_E2_20260121,99767,ADV,-34,e0:5a:1b:15:b2:ee,MF03E2
RX_CCS_E2_20260121,100186,ADV,-40,e0:5a:1b:15:b2:ee,MF03E6
RX_CCS_E2_20260121,100293,ADV,-33,e0:5a:1b:15:b2:ee,MF03E7
RX_CCS_E2_20260121,100397,ADV,-43,e0:5a:1b:15:b2:ee,MF03E8
RX_CCS_E2_20260121,100516,ADV,-35,e0:5a:1b:15:b2:ee,MF03E9
RX_CCS_E2_20260121,100624,ADV,-33,e0:5a:1b:15:b2:ee,MF03EA
RX_CCS_E2_20260121,100708,ADV,-42,e0:5a:1b:15:b2:ee,MF03EB
RX_CCS_E2_20260121,100804,ADV,-36,e0:5a:1b:15:b2:ee,MF03EC
RX_CCS_E2_20260121,100936,ADV,-34,e0:5a:1b:15:b2:ee,MF03ED
RX_CCS_E2_20260121,101031,ADV,-43,e0:5a:1b:15:b2:ee,MF03EF
RX_CCS_E2_20260121,101149,ADV,-39,e0:5a:1b:15:b2:ee,MF03F0
RX_CCS_E2_20260121,101231,ADV,-34,e0:5a:1b:15:b2:ee,MF03F1
RX_CCS_E2_20260121,101358,ADV,-42,e0:5a:1b:15:b2:ee,MF03F2
RX_CCS_E2_20260121,101457,ADV,-40,e0:5a:1b:15:b2:ee,MF03F3
RX_CCS_E2_20260121,101537,ADV,-34,e0:5a:1b:15:b2:ee,MF03F4
RX_CCS_E2_20260121,101645,ADV,-45,e0:5a:1b:15:b2:ee,MF03F5
RX_CCS_E2_20260121,101743,ADV,-36,e0:5a:1b:15:b2:ee,MF03F6
RX_CCS_E2_20260121,101845,ADV,-33,e0:5a:1b:15:b2:ee,MF03F7
RX_CCS_E2_20260121,101952,ADV,-44,e0:5a:1b:15:b2:ee,MF03F8
RX_CCS_E2_20260121,102056,ADV,-36,e0:5a:1b:15:b2:ee,MF03F9
RX_CCS_E2_20260121,102166,ADV,-33,e0:5a:1b:15:b2:ee,MF03FA
RX_CCS_E2_20260121,102487,ADV,-45,e0:5a:1b:15:b2:ee,MF03FD
RX_CCS_E2_20260121,102594,ADV,-39,e0:5a:1b:15:b2:ee,MF03FE
RX_CCS_E2_20260121,102715,ADV,-33,e0:5a:1b:15:b2:ee,MF03FF
RX_CCS_E2_20260121,102802,ADV,-45,e0:5a:1b:15:b2:ee,MF0400
RX_CCS_E2_20260121,102899,ADV,-36,e0:5a:1b:15:b2:ee,MF0401
RX_CCS_E2_20260121,103006,ADV,-33,e0:5a:1b:15:b2:ee,MF0402
RX_CCS_E2_20260121,103116,ADV,-45,e0:5a:1b:15:b2:ee,MF0403
RX_CCS_E2_20260121,103231,ADV,-39,e0:5a:1b:15:b2:ee,MF0404
RX_CCS_E2_20260121,103327,ADV,-33,e0:5a:1b:15:b2:ee,MF0406
RX_CCS_E2_20260121,103422,ADV,-45,e0:5a:1b:15:b2:ee,MF0407
RX_CCS_E2_20260121,103528,ADV,-39,e0:5a:1b:15:b2:ee,MF0408
RX_CCS_E2_20260121,103650,ADV,-33,e0:5a:1b:15:b2:ee,MF0409
RX_CCS_E2_20260121,103748,ADV,-43,e0:5a:1b:15:b2:ee,MF040A
RX_CCS_E2_20260121,103846,ADV,-36,e0:5a:1b:15:b2:ee,MF040B
RX_CCS_E2_20260121,103942,ADV,-33,e0:5a:1b:15:b2:ee,MF040C
RX_CCS_E2_20260121,104057,ADV,-45,e0:5a:1b:15:b2:ee,MF040D
RX_CCS_E2_20260121,104173,ADV,-36,e0:5a:1b:15:b2:ee,MF040E
RX_CCS_E2_20260121,104262,ADV,-33,e0:5a:1b:15:b2:ee,MF040F
RX_CCS_E2_20260121,104370,ADV,-44,e0:5a:1b:15:b2:ee,MF0410
RX_CCS_E2_20260121,104473,ADV,-35,e0:5a:1b:15:b2:ee,MF0411
RX_CCS_E2_20260121,104785,ADV,-33,e0:5a:1b:15:b2:ee,MF0414
RX_CCS_E2_20260121,104905,ADV,-45,e0:5a:1b:15:b2:ee,MF0415
RX_CCS_E2_20260121,104993,ADV,-39,e0:5a:1b:15:b2:ee,MF0416
RX_CCS_E2_20260121,105096,ADV,-33,e0:5a:1b:15:b2:ee,MF0417
RX_CCS_E2_20260121,105217,ADV,-45,e0:5a:1b:15:b2:ee,MF0418
RX_CCS_E2_20260121,105304,ADV,-39,e0:5a:1b:15:b2:ee,MF0419
RX_CCS_E2_20260121,105404,ADV,-33,e0:5a:1b:15:b2:ee,MF041A
RX_CCS_E2_20260121,105616,ADV,-39,e0:5a:1b:15:b2:ee,MF041C
RX_CCS_E2_20260121,105733,ADV,-33,e0:5a:1b:15:b2:ee,MF041E
RX_CCS_E2_20260121,105834,ADV,-43,e0:5a:1b:15:b2:ee,MF041F
RX_CCS_E2_20260121,105922,ADV,-39,e0:5a:1b:15:b2:ee,MF0420
RX_CCS_E2_20260121,106031,ADV,-33,e0:5a:1b:15:b2:ee,MF0421
RX_CCS_E2_20260121,106137,ADV,-45,e0:5a:1b:15:b2:ee,MF0422
RX_CCS_E2_20260121,106268,ADV,-39,e0:5a:1b:15:b2:ee,MF0423
RX_CCS_E2_20260121,106373,ADV,-33,e0:5a:1b:15:b2:ee,MF0424
RX_CCS_E2_20260121,106446,ADV,-45,e0:5a:1b:15:b2:ee,MF0425
RX_CCS_E2_20260121,106544,ADV,-36,e0:5a:1b:15:b2:ee,MF0426
RX_CCS_E2_20260121,106646,ADV,-34,e0:5a:1b:15:b2:ee,MF0427
RX_CCS_E2_20260121,106749,ADV,-45,e0:5a:1b:15:b2:ee,MF0428
RX_CCS_E2_20260121,106851,ADV,-39,e0:5a:1b:15:b2:ee,MF0429
RX_CCS_E2_20260121,106973,ADV,-33,e0:5a:1b:15:b2:ee,MF042A
RX_CCS_E2_20260121,107059,ADV,-43,e0:5a:1b:15:b2:ee,MF042B
RX_CCS_E2_20260121,107159,ADV,-39,e0:5a:1b:15:b2:ee,MF042C
RX_CCS_E2_20260121,107266,ADV,-33,e0:5a:1b:15:b2:ee,MF042D
RX_CCS_E2_20260121,107370,ADV,-45,e0:5a:1b:15:b2:ee,MF042E
RX_CCS_E2_20260121,107468,ADV,-39,e0:5a:1b:15:b2:ee,MF042F
RX_CCS_E2_20260121,107790,ADV,-33,e0:5a:1b:15:b2:ee,MF0432
RX_CCS_E2_20260121,107902,ADV,-44,e0:5a:1b:15:b2:ee,MF0433
RX_CCS_E2_20260121,107997,ADV,-36,e0:5a:1b:15:b2:ee,MF0434
RX_CCS_E2_20260121,108107,ADV,-33,e0:5a:1b:15:b2:ee,MF0435
RX_CCS_E2_20260121,108225,ADV,-45,e0:5a:1b:15:b2:ee,MF0436
RX_CCS_E2_20260121,108319,ADV,-39,e0:5a:1b:15:b2:ee,MF0438
RX_CCS_E2_20260121,108431,ADV,-33,e0:5a:1b:15:b2:ee,MF0439
RX_CCS_E2_20260121,108548,ADV,-45,e0:5a:1b:15:b2:ee,MF043A
RX_CCS_E2_20260121,108638,ADV,-36,e0:5a:1b:15:b2:ee,MF043B
RX_CCS_E2_20260121,108765,ADV,-33,e0:5a:1b:15:b2:ee,MF043C
RX_CCS_E2_20260121,108844,ADV,-43,e0:5a:1b:15:b2:ee,MF043D
RX_CCS_E2_20260121,108964,ADV,-36,e0:5a:1b:15:b2:ee,MF043E
RX_CCS_E2_20260121,109059,ADV,-33,e0:5a:1b:15:b2:ee,MF043F
RX_CCS_E2_20260121,109155,ADV,-44,e0:5a:1b:15:b2:ee,MF0440
RX_CCS_E2_20260121,109257,ADV,-39,e0:5a:1b:15:b2:ee,MF0441
RX_CCS_E2_20260121,109373,ADV,-33,e0:5a:1b:15:b2:ee,MF0442
RX_CCS_E2_20260121,109470,ADV,-45,e0:5a:1b:15:b2:ee,MF0443
RX_CCS_E2_20260121,109992,ADV,-43,e0:5a:1b:15:b2:ee,MF0448
RX_CCS_E2_20260121,110094,ADV,-39,e0:5a:1b:15:b2:ee,MF0449
RX_CCS_E2_20260121,110200,ADV,-33,e0:5a:1b:15:b2:ee,MF044A
RX_CCS_E2_20260121,110316,ADV,-45,e0:5a:1b:15:b2:ee,MF044B
RX_CCS_E2_20260121,110403,ADV,-36,e0:5a:1b:15:b2:ee,MF044C
RX_CCS_E2_20260121,110521,ADV,-33,e0:5a:1b:15:b2:ee,MF044D
RX_CCS_E2_20260121,110616,ADV,-43,e0:5a:1b:15:b2:ee,MF044E
RX_CCS_E2_20260121,110718,ADV,-36,e0:5a:1b:15:b2:ee,MF0450
RX_CCS_E2_20260121,110823,ADV,-33,e0:5a:1b:15:b2:ee,MF0451
RX_CCS_E2_20260121,110931,ADV,-45,e0:5a:1b:15:b2:ee,MF0452
RX_CCS_E2_20260121,111039,ADV,-39,e0:5a:1b:15:b2:ee,MF0453
RX_CCS_E2_20260121,111144,ADV,-33,e0:5a:1b:15:b2:ee,MF0454
RX_CCS_E2_20260121,111258,ADV,-45,e0:5a:1b:15:b2:ee,MF0455
RX_CCS_E2_20260121,111346,ADV,-36,e0:5a:1b:15:b2:ee,MF0456
RX_CCS_E2_20260121,111455,ADV,-33,e0:5a:1b:15:b2:ee,MF0457
RX_CCS_E2_20260121,111561,ADV,-44,e0:5a:1b:15:b2:ee,MF0458
RX_CCS_E2_20260121,111668,ADV,-36,e0:5a:1b:15:b2:ee,MF0459
RX_CCS_E2_20260121,111773,ADV,-33,e0:5a:1b:15:b2:ee,MF045A
RX_CCS_E2_20260121,112187,ADV,-35,e0:5a:1b:15:b2:ee,MF045E
RX_CCS_E2_20260121,112417,ADV,-43,e0:5a:1b:15:b2:ee,MF0460
RX_CCS_E2_20260121,112499,ADV,-36,e0:5a:1b:15:b2:ee,MF0461
RX_CCS_E2_20260121,112627,ADV,-33,e0:5a:1b:15:b2:ee,MF0462
RX_CCS_E2_20260121,112746,ADV,-44,e0:5a:1b:15:b2:ee,MF0463
RX_CCS_E2_20260121,112812,ADV,-36,e0:5a:1b:15:b2:ee,MF0464
RX_CCS_E2_20260121,112913,ADV,-33,e0:5a:1b:15:b2:ee,MF0465
RX_CCS_E2_20260121,113026,ADV,-44,e0:5a:1b:15:b2:ee,MF0466
RX_CCS_E2_20260121,113129,ADV,-36,e0:5a:1b:15:b2:ee,MF0468
RX_CCS_E2_20260121,113232,ADV,-33,e0:5a:1b:15:b2:ee,MF0469
RX_CCS_E2_20260121,113347,ADV,-45,e0:5a:1b:15:b2:ee,MF046A
RX_CCS_E2_20260121,113441,ADV,-35,e0:5a:1b:15:b2:ee,MF046B
RX_CCS_E2_20260121,113550,ADV,-33,e0:5a:1b:15:b2:ee,MF046C
RX_CCS_E2_20260121,113660,ADV,-44,e0:5a:1b:15:b2:ee,MF046D
RX_CCS_E2_20260121,113752,ADV,-35,e0:5a:1b:15:b2:ee,MF046E
RX_CCS_E2_20260121,113862,ADV,-33,e0:5a:1b:15:b2:ee,MF046F
RX_CCS_E2_20260121,113973,ADV,-45,e0:5a:1b:15:b2:ee,MF0470
RX_CCS_E2_20260121,114073,ADV,-36,e0:5a:1b:15:b2:ee,MF0471
RX_CCS_E2_20260121,114391,ADV,-33,e0:5a:1b:15:b2:ee,MF0474
RX_CCS_E2_20260121,114495,ADV,-46,e0:5a:1b:15:b2:ee,MF0475
RX_CCS_E2_20260121,114600,ADV,-39,e0:5a:1b:15:b2:ee,MF0476
RX_CCS_E2_20260121,114706,ADV,-33,e0:5a:1b:15:b2:ee,MF0477
RX_CCS_E2_20260121,114826,ADV,-44,e0:5a:1b:15:b2:ee,MF0478
RX_CCS_E2_20260121,114917,ADV,-39,e0:5a:1b:15:b2:ee,MF047A
RX_CCS_E2_20260121,115024,ADV,-33,e0:5a:1b:15:b2:ee,MF047B
RX_CCS_E2_20260121,115168,ADV,-44,e0:5a:1b:15:b2:ee,MF047C
RX_CCS_E2_20260121,115241,ADV,-39,e0:5a:1b:15:b2:ee,MF047D
RX_CCS_E2_20260121,115339,ADV,-33,e0:5a:1b:15:b2:ee,MF047E
RX_CCS_E2_20260121,115552,ADV,-36,e0:5a:1b:15:b2:ee,MF0480
RX_CCS_E2_20260121,115660,ADV,-34,e0:5a:1b:15:b2:ee,MF0481
RX_CCS_E2_20260121,115763,ADV,-44,e0:5a:1b:15:b2:ee,MF0482
RX_CCS_E2_20260121,115865,ADV,-39,e0:5a:1b:15:b2:ee,MF0483
RX_CCS_E2_20260121,116289,ADV,-45,e0:5a:1b:15:b2:ee,MF0487
RX_CCS_E2_20260121,116401,ADV,-39,e0:5a:1b:15:b2:ee,MF0488
RX_CCS_E2_20260121,116496,ADV,-34,e0:5a:1b:15:b2:ee,MF0489
RX_CCS_E2_20260121,116606,ADV,-45,e0:5a:1b:15:b2:ee,MF048A
RX_CCS_E2_20260121,116700,ADV,-36,e0:5a:1b:15:b2:ee,MF048B
RX_CCS_E2_20260121,116805,ADV,-33,e0:5a:1b:15:b2:ee,MF048C
RX_CCS_E2_20260121,116906,ADV,-45,e0:5a:1b:15:b2:ee,MF048D
RX_CCS_E2_20260121,117010,ADV,-39,e0:5a:1b:15:b2:ee,MF048E
RX_CCS_E2_20260121,117117,ADV,-33,e0:5a:1b:15:b2:ee,MF0490
RX_CCS_E2_20260121,117221,ADV,-43,e0:5a:1b:15:b2:ee,MF0491
RX_CCS_E2_20260121,117320,ADV,-39,e0:5a:1b:15:b2:ee,MF0492
RX_CCS_E2_20260121,117422,ADV,-34,e0:5a:1b:15:b2:ee,MF0493
RX_CCS_E2_20260121,117562,ADV,-45,e0:5a:1b:15:b2:ee,MF0494
RX_CCS_E2_20260121,117656,ADV,-39,e0:5a:1b:15:b2:ee,MF0495
RX_CCS_E2_20260121,117742,ADV,-33,e0:5a:1b:15:b2:ee,MF0496
RX_CCS_E2_20260121,117845,ADV,-45,e0:5a:1b:15:b2:ee,MF0497
RX_CCS_E2_20260121,117947,ADV,-36,e0:5a:1b:15:b2:ee,MF0498
RX_CCS_E2_20260121,118051,ADV,-33,e0:5a:1b:15:b2:ee,MF0499
RX_CCS_E2_20260121,118154,ADV,-44,e0:5a:1b:15:b2:ee,MF049A
RX_CCS_E2_20260121,118258,ADV,-39,e0:5a:1b:15:b2:ee,MF049B
RX_CCS_E2_20260121,118362,ADV,-33,e0:5a:1b:15:b2:ee,MF049C
RX_CCS_E2_20260121,118473,ADV,-45,e0:5a:1b:15:b2:ee,MF049D
RX_CCS_E2_20260121,118567,ADV,-39,e0:5a:1b:15:b2:ee,MF049E
RX_CCS_E2_20260121,118673,ADV,-33,e0:5a:1b:15:b2:ee,MF049F
RX_CCS_E2_20260121,118987,ADV,-45,e0:5a:1b:15:b2:ee,MF04A2
RX_CCS_E2_20260121,119089,ADV,-39,e0:5a:1b:15:b2:ee,MF04A3
RX_CCS_E2_20260121,119201,ADV,-33,e0:5a:1b:15:b2:ee,MF04A4
RX_CCS_E2_20260121,119303,ADV,-46,e0:5a:1b:15:b2:ee,MF04A5
RX_CCS_E2_20260121,119416,ADV,-39,e0:5a:1b:15:b2:ee,MF04A6
RX_CCS_E2_20260121,119505,ADV,-33,e0:5a:1b:15:b2:ee,MF04A7
RX_CCS_E2_20260121,119614,ADV,-44,e0:5a:1b:15:b2:ee,MF04A8
RX_CCS_E2_20260121,119723,ADV,-40,e0:5a:1b:15:b2:ee,MF04AA
RX_CCS_E2_20260121,119829,ADV,-33,e0:5a:1b:15:b2:ee,MF04AB
RX_CCS_E2_20260121,119939,ADV,-43,e0:5a:1b:15:b2:ee,MF04AC
RX_CCS_E2_20260121,120036,ADV,-36,e0:5a:1b:15:b2:ee,MF04AD
RX_CCS_E2_20260121,120141,ADV,-33,e0:5a:1b:15:b2:ee,MF04AE
RX_CCS_E2_20260121,120248,ADV,-42,e0:5a:1b:15:b2:ee,MF04AF
RX_CCS_E2_20260121,120346,ADV,-36,e0:5a:1b:15:b2:ee,MF04B0
RX_CCS_E2_20260121,120460,ADV,-33,e0:5a:1b:15:b2:ee,MF04B1
RX_CCS_E2_20260121,120567,ADV,-43,e0:5a:1b:15:b2:ee,MF04B2
RX_CCS_E2_20260121,120660,ADV,-35,e0:5a:1b:15:b2:ee,MF04B3
RX_CCS_E2_20260121,120761,ADV,-32,e0:5a:1b:15:b2:ee,MF04B4
RX_CCS_E2_20260121,120873,ADV,-42,e0:5a:1b:15:b2:ee,MF04B5
RX_CCS_E2_20260121,121087,ADV,-42,e0:5a:1b:15:b2:ee,MF04B7
RX_CCS_E2_20260121,121186,ADV,-36,e0:5a:1b:15:b2:ee,MF04B8
RX_CCS_E2_20260121,121318,ADV,-33,e0:5a:1b:15:b2:ee,MF04B9
RX_CCS_E2_20260121,121406,ADV,-41,e0:5a:1b:15:b2:ee,MF04BA
RX_CCS_E2_20260121,121505,ADV,-39,e0:5a:1b:15:b2:ee,MF04BB
RX_CCS_E2_20260121,121614,ADV,-33,e0:5a:1b:15:b2:ee,MF04BC
RX_CCS_E2_20260121,121736,ADV,-42,e0:5a:1b:15:b2:ee,MF04BE
RX_CCS_E2_20260121,121827,ADV,-36,e0:5a:1b:15:b2:ee,MF04BF
RX_CCS_E2_20260121,121959,ADV,-33,e0:5a:1b:15:b2:ee,MF04C0
RX_CCS_E2_20260121,122034,ADV,-42,e0:5a:1b:15:b2:ee,MF04C1
RX_CCS_E2_20260121,122146,ADV,-36,e0:5a:1b:15:b2:ee,MF04C2
RX_CCS_E2_20260121,122266,ADV,-32,e0:5a:1b:15:b2:ee,MF04C3
RX_CCS_E2_20260121,122346,ADV,-41,e0:5a:1b:15:b2:ee,MF04C4
RX_CCS_E2_20260121,122447,ADV,-39,e0:5a:1b:15:b2:ee,MF04C5
RX_CCS_E2_20260121,122664,ADV,-42,e0:5a:1b:15:b2:ee,MF04C7
RX_CCS_E2_20260121,122773,ADV,-40,e0:5a:1b:15:b2:ee,MF04C8
RX_CCS_E2_20260121,122870,ADV,-34,e0:5a:1b:15:b2:ee,MF04C9
RX_CCS_E2_20260121,123187,ADV,-42,e0:5a:1b:15:b2:ee,MF04CC
RX_CCS_E2_20260121,123393,ADV,-33,e0:5a:1b:15:b2:ee,MF04CE
RX_CCS_E2_20260121,123428,ADV,-32,e0:5a:1b:15:b2:ee,MF04CF
RX_CCS_E2_20260121,125434,ADV,-36,e0:5a:1b:15:b2:ee,MF04D0
RX_CCS_E2_20260121,127450,ADV,-43,e0:5a:1b:15:b2:ee,MF04D1
RX_CCS_E2_20260121,129451,ADV,-33,e0:5a:1b:15:b2:ee,MF04D2
RX_CCS_E2_20260121,131458,ADV,-39,e0:5a:1b:15:b2:ee,MF04D3
RX_CCS_E2_20260121,133465,ADV,-43,e0:5a:1b:15:b2:ee,MF04D4
RX_CCS_E2_20260121,135473,ADV,-33,e0:5a:1b:15:b2:ee,MF04D5
RX_CCS_E2_20260121,139487,ADV,-39,e0:5a:1b:15:b2:ee,MF04D7
RX_CCS_E2_20260121,141490,ADV,-42,e0:5a:1b:15:b2:ee,MF04D8
RX_CCS_E2_20260121,143496,ADV,-33,e0:5a:1b:15:b2:ee,MF04D9
RX_CCS_E2_20260121,145500,ADV,-36,e0:5a:1b:15:b2:ee,MF04DA
RX_CCS_E2_20260121,147514,ADV,-42,e0:5a:1b:15:b2:ee,MF04DB
RX_CCS_E2_20260121,149528,ADV,-33,e0:5a:1b:15:b2:ee,MF04DC
RX_CCS_E2_20260121,151527,ADV,-39,e0:5a:1b:15:b2:ee,MF04DD
RX_CCS_E2_20260121,153552,ADV,-41,e0:5a:1b:15:b2:ee,MF04DE
RX_CCS_E2_20260121,155544,ADV,-33,e0:5a:1b:15:b2:ee,MF04DF
RX_CCS_E2_20260121,157564,ADV,-40,e0:5a:1b:15:b2:ee,MF04E0
RX_CCS_E2_20260121,159562,ADV,-43,e0:5a:1b:15:b2:ee,MF04E1
RX_CCS_E2_20260121,161567,ADV,-34,e0:5a:1b:15:b2:ee,MF04E2
RX_CCS_E2_20260121,163573,ADV,-35,e0:5a:1b:15:b2:ee,MF04E3
RX_CCS_E2_20260121,167594,ADV,-42,e0:5a:1b:15:b2:ee,MF04E5
RX_CCS_E2_20260121,169601,ADV,-34,e0:5a:1b:15:b2:ee,MF04E6
RX_CCS_E2_20260121,171599,ADV,-35,e0:5a:1b:15:b2:ee,MF04E7
RX_CCS_E2_20260121,173619,ADV,-41,e0:5a:1b:15:b2:ee,MF04E8
RX_CCS_E2_20260121,175619,ADV,-33,e0:5a:1b:15:b2:ee,MF04E9
RX_CCS_E2_20260121,177641,ADV,-35,e0:5a:1b:15:b2:ee,MF04EA
RX_CCS_E2_20260121,179644,ADV,-41,e0:5a:1b:15:b2:ee,MF04EB
RX_CCS_E2_20260121,181619,ADV,-34,e0:5a:1b:15:b2:ee,MF04EC
RX_CCS_E2_20260121,183619,ADV,-39,e0:5a:1b:15:b2:ee,MF04ED
RX_CCS_E2_20260121,185645,ADV,-42,e0:5a:1b:15:b2:ee,MF04EE
RX_CCS_E2_20260121,187627,ADV,-33,e0:5a:1b:15:b2:ee,MF04EF
RX_CCS_E2_20260121,189643,ADV,-36,e0:5a:1b:15:b2:ee,MF04F0
RX_CCS_E2_20260121,191654,ADV,-42,e0:5a:1b:15:b2:ee,MF04F1
RX_CCS_E2_20260121,193642,ADV,-33,e0:5a:1b:15:b2:ee,MF04F2
RX_CCS_E2_20260121,195644,ADV,-39,e0:5a:1b:15:b2:ee,MF04F3
RX_CCS_E2_20260121,197651,ADV,-42,e0:5a:1b:15:b2:ee,MF04F4
RX_CCS_E2_20260121,199648,ADV,-33,e0:5a:1b:15:b2:ee,MF04F5
RX_CCS_E2_20260121,201668,ADV,-39,e0:5a:1b:15:b2:ee,MF04F6
RX_CCS_E2_20260121,203652,ADV,-41,e0:5a:1b:15:b2:ee,MF04F7
RX_CCS_E2_20260121,205658,ADV,-33,e0:5a:1b:15:b2:ee,MF04F8
RX_CCS_E2_20260121,207655,ADV,-36,e0:5a:1b:15:b2:ee,MF04F9
RX_CCS_E2_20260121,209669,ADV,-41,e0:5a:1b:15:b2:ee,MF04FA
RX_CCS_E2_20260121,211674,ADV,-33,e0:5a:1b:15:b2:ee,MF04FB
RX_CCS_E2_20260121,213538,ADV,-42,e0:5a:1b:15:b2:ee,MF04FD
RX_CCS_E2_20260121,213651,ADV,-36,e0:5a:1b:15:b2:ee,MF04FE
RX_CCS_E2_20260121,213740,ADV,-33,e0:5a:1b:15:b2:ee,MF04FF
RX_CCS_E2_20260121,213859,ADV,-42,e0:5a:1b:15:b2:ee,MF0500
RX_CCS_E2_20260121,213946,ADV,-39,e0:5a:1b:15:b2:ee,MF0501
RX_CCS_E2_20260121,214155,ADV,-42,e0:5a:1b:15:b2:ee,MF0503
RX_CCS_E2_20260121,214262,ADV,-39,e0:5a:1b:15:b2:ee,MF0504
RX_CCS_E2_20260121,214367,ADV,-33,e0:5a:1b:15:b2:ee,MF0505
RX_CCS_E2_20260121,214787,ADV,-39,e0:5a:1b:15:b2:ee,MF0509
RX_CCS_E2_20260121,214899,ADV,-33,e0:5a:1b:15:b2:ee,MF050A
RX_CCS_E2_20260121,215007,ADV,-42,e0:5a:1b:15:b2:ee,MF050B
RX_CCS_E2_20260121,215166,ADV,-36,e0:5a:1b:15:b2:ee,MF050C
RX_CCS_E2_20260121,215216,ADV,-33,e0:5a:1b:15:b2:ee,MF050D
RX_CCS_E2_20260121,215335,ADV,-42,e0:5a:1b:15:b2:ee,MF050F
RX_CCS_E2_20260121,215436,ADV,-36,e0:5a:1b:15:b2:ee,MF0510
RX_CCS_E2_20260121,215528,ADV,-33,e0:5a:1b:15:b2:ee,MF0511
RX_CCS_E2_20260121,215634,ADV,-42,e0:5a:1b:15:b2:ee,MF0512
RX_CCS_E2_20260121,215842,ADV,-33,e0:5a:1b:15:b2:ee,MF0514
RX_CCS_E2_20260121,215944,ADV,-42,e0:5a:1b:15:b2:ee,MF0515
RX_CCS_E2_20260121,216042,ADV,-36,e0:5a:1b:15:b2:ee,MF0516
RX_CCS_E2_20260121,216146,ADV,-33,e0:5a:1b:15:b2:ee,MF0517
RX_CCS_E2_20260121,216254,ADV,-43,e0:5a:1b:15:b2:ee,MF0518
RX_CCS_E2_20260121,216353,ADV,-36,e0:5a:1b:15:b2:ee,MF0519
RX_CCS_E2_20260121,216455,ADV,-33,e0:5a:1b:15:b2:ee,MF051A
RX_CCS_E2_20260121,216557,ADV,-42,e0:5a:1b:15:b2:ee,MF051B
RX_CCS_E2_20260121,216668,ADV,-36,e0:5a:1b:15:b2:ee,MF051C
RX_CCS_E2_20260121,216773,ADV,-33,e0:5a:1b:15:b2:ee,MF051D
RX_CCS_E2_20260121,217089,ADV,-42,e0:5a:1b:15:b2:ee,MF0520
RX_CCS_E2_20260121,217188,ADV,-100,e0:5a:1b:15:b2:ee,MF0521
RX_CCS_E2_20260121,217301,ADV,-33,e0:5a:1b:15:b2:ee,MF0522
RX_CCS_E2_20260121,217407,ADV,-42,e0:5a:1b:15:b2:ee,MF0523
RX_CCS_E2_20260121,217430,ADV,-42,e0:5a:1b:15:b2:ee,MF0524
RX_CCS_E2_20260121,219440,ADV,-33,e0:5a:1b:15:b2:ee,MF0525
RX_CCS_E2_20260121,221442,ADV,-39,e0:5a:1b:15:b2:ee,MF0526
RX_CCS_E2_20260121,223453,ADV,-42,e0:5a:1b:15:b2:ee,MF0527
RX_CCS_E2_20260121,225441,ADV,-33,e0:5a:1b:15:b2:ee,MF0528
RX_CCS_E2_20260121,227446,ADV,-36,e0:5a:1b:15:b2:ee,MF0529
RX_CCS_E2_20260121,229451,ADV,-42,e0:5a:1b:15:b2:ee,MF052A
RX_CCS_E2_20260121,231453,ADV,-33,e0:5a:1b:15:b2:ee,MF052B
RX_CCS_E2_20260121,233451,ADV,-39,e0:5a:1b:15:b2:ee,MF052C
RX_CCS_E2_20260121,235459,ADV,-43,e0:5a:1b:15:b2:ee,MF052D
RX_CCS_E2_20260121,237461,ADV,-33,e0:5a:1b:15:b2:ee,MF052E
RX_CCS_E2_20260121,239470,ADV,-39,e0:5a:1b:15:b2:ee,MF052F
RX_CCS_E2_20260121,249494,ADV,-42,e0:5a:1b:15:b2:ee,MF0534
RX_CCS_E2_20260121,251504,ADV,-33,e0:5a:1b:15:b2:ee,MF0535
RX_CCS_E2_20260121,253510,ADV,-36,e0:5a:1b:15:b2:ee,MF0536
RX_CCS_E2_20260121,255510,ADV,-43,e0:5a:1b:15:b2:ee,MF0537
RX_CCS_E2_20260121,257513,ADV,-33,e0:5a:1b:15:b2:ee,MF0538
RX_CCS_E2_20260121,259515,ADV,-35,e0:5a:1b:15:b2:ee,MF0539
RX_CCS_E2_20260121,261519,ADV,-43,e0:5a:1b:15:b2:ee,MF053A
RX_CCS_E2_20260121,263523,ADV,-33,e0:5a:1b:15:b2:ee,MF053B
RX_CCS_E2_20260121,265523,ADV,-76,e0:5a:1b:15:b2:ee,MF053C
RX_CCS_E2_20260121,267539,ADV,-43,e0:5a:1b:15:b2:ee,MF053D
RX_CCS_E2_20260121,269535,ADV,-33,e0:5a:1b:15:b2:ee,MF053E
RX_CCS_E2_20260121,271535,ADV,-39,e0:5a:1b:15:b2:ee,MF053F
RX_CCS_E2_20260121,273549,ADV,-42,e0:5a:1b:15:b2:ee,MF0540
RX_CCS_E2_20260121,275558,ADV,-34,e0:5a:1b:15:b2:ee,MF0541
RX_CCS_E2_20260121,277546,ADV,-37,e0:5a:1b:15:b2:ee,MF0542
RX_CCS_E2_20260121,281555,ADV,-34,e0:5a:1b:15:b2:ee,MF0544
RX_CCS_E2_20260121,283559,ADV,-39,e0:5a:1b:15:b2:ee,MF0545
RX_CCS_E2_20260121,285440,ADV,-33,e0:5a:1b:15:b2:ee,MF0546
RX_CCS_E2_20260121,285542,ADV,-42,e0:5a:1b:15:b2:ee,MF0547
RX_CCS_E2_20260121,285648,ADV,-39,e0:5a:1b:15:b2:ee,MF0548
RX_CCS_E2_20260121,285749,ADV,-34,e0:5a:1b:15:b2:ee,MF0549
RX_CCS_E2_20260121,285852,ADV,-42,e0:5a:1b:15:b2:ee,MF054A
RX_CCS_E2_20260121,285965,ADV,-39,e0:5a:1b:15:b2:ee,MF054B
RX_CCS_E2_20260121,286065,ADV,-34,e0:5a:1b:15:b2:ee,MF054C
RX_CCS_E2_20260121,286173,ADV,-42,e0:5a:1b:15:b2:ee,MF054D
RX_CCS_E2_20260121,286267,ADV,-39,e0:5a:1b:15:b2:ee,MF054E
RX_CCS_E2_20260121,286597,ADV,-34,e0:5a:1b:15:b2:ee,MF0551
RX_CCS_E2_20260121,286699,ADV,-43,e0:5a:1b:15:b2:ee,MF0552
RX_CCS_E2_20260121,286801,ADV,-39,e0:5a:1b:15:b2:ee,MF0553
RX_CCS_E2_20260121,286904,ADV,-34,e0:5a:1b:15:b2:ee,MF0554
RX_CCS_E2_20260121,287010,ADV,-43,e0:5a:1b:15:b2:ee,MF0555
RX_CCS_E2_20260121,287115,ADV,-39,e0:5a:1b:15:b2:ee,MF0556
RX_CCS_E2_20260121,287224,ADV,-34,e0:5a:1b:15:b2:ee,MF0558
RX_CCS_E2_20260121,287346,ADV,-42,e0:5a:1b:15:b2:ee,MF0559
RX_CCS_E2_20260121,287444,ADV,-40,e0:5a:1b:15:b2:ee,MF055A
RX_CCS_E2_20260121,287542,ADV,-34,e0:5a:1b:15:b2:ee,MF055B
RX_CCS_E2_20260121,287647,ADV,-42,e0:5a:1b:15:b2:ee,MF055C
RX_CCS_E2_20260121,287746,ADV,-39,e0:5a:1b:15:b2:ee,MF055D
RX_CCS_E2_20260121,287855,ADV,-34,e0:5a:1b:15:b2:ee,MF055E
RX_CCS_E2_20260121,287961,ADV,-43,e0:5a:1b:15:b2:ee,MF055F
RX_CCS_E2_20260121,288074,ADV,-40,e0:5a:1b:15:b2:ee,MF0560
RX_CCS_E2_20260121,288166,ADV,-34,e0:5a:1b:15:b2:ee,MF0561
RX_CCS_E2_20260121,288275,ADV,-43,e0:5a:1b:15:b2:ee,MF0562
RX_CCS_E2_20260121,288794,ADV,-42,e0:5a:1b:15:b2:ee,MF0567
RX_CCS_E2_20260121,288900,ADV,-39,e0:5a:1b:15:b2:ee,MF0568
RX_CCS_E2_20260121,289006,ADV,-34,e0:5a:1b:15:b2:ee,MF0569
RX_CCS_E2_20260121,289115,ADV,-43,e0:5a:1b:15:b2:ee,MF056A
RX_CCS_E2_20260121,289218,ADV,-39,e0:5a:1b:15:b2:ee,MF056C
RX_CCS_E2_20260121,289341,ADV,-34,e0:5a:1b:15:b2:ee,MF056D
RX_CCS_E2_20260121,289436,ADV,-43,e0:5a:1b:15:b2:ee,MF056E
RX_CCS_E2_20260121,289536,ADV,-39,e0:5a:1b:15:b2:ee,MF056F
RX_CCS_E2_20260121,289647,ADV,-33,e0:5a:1b:15:b2:ee,MF0570
RX_CCS_E2_20260121,289754,ADV,-42,e0:5a:1b:15:b2:ee,MF0571
RX_CCS_E2_20260121,289853,ADV,-40,e0:5a:1b:15:b2:ee,MF0572
RX_CCS_E2_20260121,289959,ADV,-34,e0:5a:1b:15:b2:ee,MF0573
RX_CCS_E2_20260121,290175,ADV,-39,e0:5a:1b:15:b2:ee,MF0575
RX_CCS_E2_20260121,290591,ADV,-43,e0:5a:1b:15:b2:ee,MF0579
RX_CCS_E2_20260121,290689,ADV,-39,e0:5a:1b:15:b2:ee,MF057A
RX_CCS_E2_20260121,290792,ADV,-33,e0:5a:1b:15:b2:ee,MF057B
RX_CCS_E2_20260121,290924,ADV,-43,e0:5a:1b:15:b2:ee,MF057C
RX_CCS_E2_20260121,291000,ADV,-39,e0:5a:1b:15:b2:ee,MF057D
RX_CCS_E2_20260121,291104,ADV,-34,e0:5a:1b:15:b2:ee,MF057E
RX_CCS_E2_20260121,291209,ADV,-43,e0:5a:1b:15:b2:ee,MF057F
RX_CCS_E2_20260121,291311,ADV,-40,e0:5a:1b:15:b2:ee,MF0580
RX_CCS_E2_20260121,291420,ADV,-34,e0:5a:1b:15:b2:ee,MF0582
RX_CCS_E2_20260121,291525,ADV,-43,e0:5a:1b:15:b2:ee,MF0583
RX_CCS_E2_20260121,291636,ADV,-39,e0:5a:1b:15:b2:ee,MF0584
RX_CCS_E2_20260121,291757,ADV,-34,e0:5a:1b:15:b2:ee,MF0585
RX_CCS_E2_20260121,291841,ADV,-43,e0:5a:1b:15:b2:ee,MF0586
RX_CCS_E2_20260121,291939,ADV,-39,e0:5a:1b:15:b2:ee,MF0587
RX_CCS_E2_20260121,292049,ADV,-34,e0:5a:1b:15:b2:ee,MF0588
RX_CCS_E2_20260121,292157,ADV,-42,e0:5a:1b:15:b2:ee,MF0589
RX_CCS_E2_20260121,292273,ADV,-40,e0:5a:1b:15:b2:ee,MF058A
RX_CCS_E2_20260121,292362,ADV,-33,e0:5a:1b:15:b2:ee,MF058B
RX_CCS_E2_20260121,292469,ADV,-42,e0:5a:1b:15:b2:ee,MF058C
RX_CCS_E2_20260121,292575,ADV,-39,e0:5a:1b:15:b2:ee,MF058D
RX_CCS_E2_20260121,292687,ADV,-43,e0:5a:1b:15:b2:ee,MF058E
RX_CCS_E2_20260121,292790,ADV,-39,e0:5a:1b:15:b2:ee,MF058F
RX_CCS_E2_20260121,292893,ADV,-34,e0:5a:1b:15:b2:ee,MF0590
RX_CCS_E2_20260121,292999,ADV,-43,e0:5a:1b:15:b2:ee,MF0591
RX_CCS_E2_20260121,293097,ADV,-36,e0:5a:1b:15:b2:ee,MF0592
RX_CCS_E2_20260121,293200,ADV,-34,e0:5a:1b:15:b2:ee,MF0593
RX_CCS_E2_20260121,293306,ADV,-43,e0:5a:1b:15:b2:ee,MF0594
RX_CCS_E2_20260121,293411,ADV,-39,e0:5a:1b:15:b2:ee,MF0595
RX_CCS_E2_20260121,293433,ADV,-39,e0:5a:1b:15:b2:ee,MF0596
RX_CCS_E2_20260121,294451,ADV,-34,e0:5a:1b:15:b2:ee,MF0598
RX_CCS_E2_20260121,294932,ADV,-39,e0:5a:1b:15:b2:ee,MF0599
RX_CCS_E2_20260121,295441,ADV,-42,e0:5a:1b:15:b2:ee,MF059A
RX_CCS_E2_20260121,295940,ADV,-34,e0:5a:1b:15:b2:ee,MF059B
RX_CCS_E2_20260121,296475,ADV,-39,e0:5a:1b:15:b2:ee,MF059C
RX_CCS_E2_20260121,296961,ADV,-43,e0:5a:1b:15:b2:ee,MF059D
RX_CCS_E2_20260121,297429,ADV,-33,e0:5a:1b:15:b2:ee,MF059E
RX_CCS_E2_20260121,297536,ADV,-42,e0:5a:1b:15:b2:ee,MF059F
RX_CCS_E2_20260121,297635,ADV,-40,e0:5a:1b:15:b2:ee,MF05A0
RX_CCS_E2_20260121,297750,ADV,-34,e0:5a:1b:15:b2:ee,MF05A1
RX_CCS_E2_20260121,297859,ADV,-42,e0:5a:1b:15:b2:ee,MF05A2
RX_CCS_E2_20260121,297975,ADV,-36,e0:5a:1b:15:b2:ee,MF05A3
RX_CCS_E2_20260121,298056,ADV,-34,e0:5a:1b:15:b2:ee,MF05A4
RX_CCS_E2_20260121,298174,ADV,-43,e0:5a:1b:15:b2:ee,MF05A5
RX_CCS_E2_20260121,298267,ADV,-39,e0:5a:1b:15:b2:ee,MF05A6
RX_CCS_E2_20260121,298375,ADV,-34,e0:5a:1b:15:b2:ee,MF05A7
RX_CCS_E2_20260121,298896,ADV,-34,e0:5a:1b:15:b2:ee,MF05AC
RX_CCS_E2_20260121,299003,ADV,-42,e0:5a:1b:15:b2:ee,MF05AD
RX_CCS_E2_20260121,299134,ADV,-36,e0:5a:1b:15:b2:ee,MF05AE
RX_CCS_E2_20260121,299227,ADV,-34,e0:5a:1b:15:b2:ee,MF05AF
RX_CCS_E2_20260121,299323,ADV,-43,e0:5a:1b:15:b2:ee,MF05B1
RX_CCS_E2_20260121,299421,ADV,-39,e0:5a:1b:15:b2:ee,MF05B2
RX_CCS_E2_20260121,299530,ADV,-34,e0:5a:1b:15:b2:ee,MF05B3
RX_CCS_E2_20260121,299639,ADV,-43,e0:5a:1b:15:b2:ee,MF05B4
RX_CCS_E2_20260121,299741,ADV,-39,e0:5a:1b:15:b2:ee,MF05B5
RX_CCS_E2_20260121,299844,ADV,-34,e0:5a:1b:15:b2:ee,MF05B6
RX_CCS_E2_20260121,299950,ADV,-42,e0:5a:1b:15:b2:ee,MF05B7
RX_CCS_E2_20260121,300075,ADV,-40,e0:5a:1b:15:b2:ee,MF05B8
RX_CCS_E2_20260121,300156,ADV,-34,e0:5a:1b:15:b2:ee,MF05B9
RX_CCS_E2_20260121,300361,ADV,-39,e0:5a:1b:15:b2:ee,MF05BB
RX_CCS_E2_20260121,300475,ADV,-34,e0:5a:1b:15:b2:ee,MF05BC
RX_CCS_E2_20260121,300792,ADV,-43,e0:5a:1b:15:b2:ee,MF05BF
RX_CCS_E2_20260121,300894,ADV,-39,e0:5a:1b:15:b2:ee,MF05C0
RX_CCS_E2_20260121,301021,ADV,-33,e0:5a:1b:15:b2:ee,MF05C1
RX_CCS_E2_20260121,301101,ADV,-43,e0:5a:1b:15:b2:ee,MF05C2
RX_CCS_E2_20260121,301315,ADV,-33,e0:5a:1b:15:b2:ee,MF05C4
RX_CCS_E2_20260121,301418,ADV,-43,e0:5a:1b:15:b2:ee,MF05C5
RX_CCS_E2_20260121,301522,ADV,-39,e0:5a:1b:15:b2:ee,MF05C7
RX_CCS_E2_20260121,301741,ADV,-43,e0:5a:1b:15:b2:ee,MF05C9
RX_CCS_E2_20260121,301841,ADV,-39,e0:5a:1b:15:b2:ee,MF05CA
RX_CCS_E2_20260121,301953,ADV,-34,e0:5a:1b:15:b2:ee,MF05CB
RX_CCS_E2_20260121,302051,ADV,-43,e0:5a:1b:15:b2:ee,MF05CC
RX_CCS_E2_20260121,302162,ADV,-39,e0:5a:1b:15:b2:ee,MF05CD
RX_CCS_E2_20260121,302275,ADV,-33,e0:5a:1b:15:b2:ee,MF05CE
RX_CCS_E2_20260121,302592,ADV,-42,e0:5a:1b:15:b2:ee,MF05D1
RX_CCS_E2_20260121,302905,ADV,-43,e0:5a:1b:15:b2:ee,MF05D4
RX_CCS_E2_20260121,303019,ADV,-36,e0:5a:1b:15:b2:ee,MF05D5
RX_CCS_E2_20260121,303110,ADV,-34,e0:5a:1b:15:b2:ee,MF05D6
RX_CCS_E2_20260121,303246,ADV,-43,e0:5a:1b:15:b2:ee,MF05D7
RX_CCS_E2_20260121,303317,ADV,-36,e0:5a:1b:15:b2:ee,MF05D9
RX_CCS_E2_20260121,303424,ADV,-34,e0:5a:1b:15:b2:ee,MF05DA
RX_CCS_E2_20260121,303531,ADV,-43,e0:5a:1b:15:b2:ee,MF05DB
RX_CCS_E2_20260121,303633,ADV,-39,e0:5a:1b:15:b2:ee,MF05DC
RX_CCS_E2_20260121,303737,ADV,-34,e0:5a:1b:15:b2:ee,MF05DD
RX_CCS_E2_20260121,303840,ADV,-43,e0:5a:1b:15:b2:ee,MF05DE
RX_CCS_E2_20260121,303943,ADV,-36,e0:5a:1b:15:b2:ee,MF05DF
RX_CCS_E2_20260121,304048,ADV,-33,e0:5a:1b:15:b2:ee,MF05E0
RX_CCS_E2_20260121,304175,ADV,-43,e0:5a:1b:15:b2:ee,MF05E1
RX_CCS_E2_20260121,304275,ADV,-36,e0:5a:1b:15:b2:ee,MF05E2
RX_CCS_E2_20260121,304359,ADV,-34,e0:5a:1b:15:b2:ee,MF05E3
RX_CCS_E2_20260121,304463,ADV,-43,e0:5a:1b:15:b2:ee,MF05E4
RX_CCS_E2_20260121,304567,ADV,-36,e0:5a:1b:15:b2:ee,MF05E5
RX_CCS_E2_20260121,304676,ADV,-33,e0:5a:1b:15:b2:ee,MF05E6
RX_CCS_E2_20260121,304987,ADV,-42,e0:5a:1b:15:b2:ee,MF05E9
RX_CCS_E2_20260121,305096,ADV,-39,e0:5a:1b:15:b2:ee,MF05EA
RX_CCS_E2_20260121,305201,ADV,-34,e0:5a:1b:15:b2:ee,MF05EB
RX_CCS_E2_20260121,305307,ADV,-43,e0:5a:1b:15:b2:ee,MF05EC
RX_CCS_E2_20260121,305407,ADV,-36,e0:5a:1b:15:b2:ee,MF05ED
RX_CCS_E2_20260121,305515,ADV,-34,e0:5a:1b:15:b2:ee,MF05EE
RX_CCS_E2_20260121,305619,ADV,-43,e0:5a:1b:15:b2:ee,MF05F0
RX_CCS_E2_20260121,305821,ADV,-34,e0:5a:1b:15:b2:ee,MF05F2
RX_CCS_E2_20260121,305930,ADV,-43,e0:5a:1b:15:b2:ee,MF05F3
RX_CCS_E2_20260121,306043,ADV,-39,e0:5a:1b:15:b2:ee,MF05F4
RX_CCS_E2_20260121,306150,ADV,-34,e0:5a:1b:15:b2:ee,MF05F5
RX_CCS_E2_20260121,306249,ADV,-43,e0:5a:1b:15:b2:ee,MF05F6
RX_CCS_E2_20260121,306356,ADV,-39,e0:5a:1b:15:b2:ee,MF05F7
RX_CCS_E2_20260121,306454,ADV,-34,e0:5a:1b:15:b2:ee,MF05F8
RX_CCS_E2_20260121,306567,ADV,-42,e0:5a:1b:15:b2:ee,MF05F9
RX_CCS_E2_20260121,306674,ADV,-36,e0:5a:1b:15:b2:ee,MF05FA
RX_CCS_E2_20260121,306775,ADV,-34,e0:5a:1b:15:b2:ee,MF05FB
RX_CCS_E2_20260121,306989,ADV,-34,e0:5a:1b:15:b2:ee,MF05FD
RX_CCS_E2_20260121,307201,ADV,-36,e0:5a:1b:15:b2:ee,MF05FF
RX_CCS_E2_20260121,307305,ADV,-34,e0:5a:1b:15:b2:ee,MF0600
RX_CCS_E2_20260121,307412,ADV,-42,e0:5a:1b:15:b2:ee,MF0601
RX_CCS_E2_20260121,307509,ADV,-39,e0:5a:1b:15:b2:ee,MF0602
RX_CCS_E2_20260121,307621,ADV,-34,e0:5a:1b:15:b2:ee,MF0604
RX_CCS_E2_20260121,307725,ADV,-43,e0:5a:1b:15:b2:ee,MF0605
RX_CCS_E2_20260121,307832,ADV,-36,e0:5a:1b:15:b2:ee,MF0606
RX_CCS_E2_20260121,307951,ADV,-34,e0:5a:1b:15:b2:ee,MF0607
RX_CCS_E2_20260121,308048,ADV,-42,e0:5a:1b:15:b2:ee,MF0608
RX_CCS_E2_20260121,308139,ADV,-39,e0:5a:1b:15:b2:ee,MF0609
RX_CCS_E2_20260121,308255,ADV,-34,e0:5a:1b:15:b2:ee,MF060A
RX_CCS_E2_20260121,308375,ADV,-43,e0:5a:1b:15:b2:ee,MF060B
RX_CCS_E2_20260121,308475,ADV,-39,e0:5a:1b:15:b2:ee,MF060C
RX_CCS_E2_20260121,308574,ADV,-33,e0:5a:1b:15:b2:ee,MF060D
RX_CCS_E2_20260121,308996,ADV,-39,e0:5a:1b:15:b2:ee,MF0611
RX_CCS_E2_20260121,309100,ADV,-37,e0:5a:1b:15:b2:ee,MF0612
RX_CCS_E2_20260121,309212,ADV,-43,e0:5a:1b:15:b2:ee,MF0613
RX_CCS_E2_20260121,309305,ADV,-39,e0:5a:1b:15:b2:ee,MF0614
RX_CCS_E2_20260121,309531,ADV,-43,e0:5a:1b:15:b2:ee,MF0617
RX_CCS_E2_20260121,309626,ADV,-39,e0:5a:1b:15:b2:ee,MF0618
RX_CCS_E2_20260121,309735,ADV,-34,e0:5a:1b:15:b2:ee,MF0619
RX_CCS_E2_20260121,309842,ADV,-42,e0:5a:1b:15:b2:ee,MF061A
RX_CCS_E2_20260121,309945,ADV,-39,e0:5a:1b:15:b2:ee,MF061B
RX_CCS_E2_20260121,310054,ADV,-33,e0:5a:1b:15:b2:ee,MF061C
RX_CCS_E2_20260121,310158,ADV,-42,e0:5a:1b:15:b2:ee,MF061D
RX_CCS_E2_20260121,310262,ADV,-39,e0:5a:1b:15:b2:ee,MF061E
RX_CCS_E2_20260121,310374,ADV,-34,e0:5a:1b:15:b2:ee,MF061F
RX_CCS_E2_20260121,310591,ADV,-34,e0:5a:1b:15:b2:ee,MF0621
RX_CCS_E2_20260121,310711,ADV,-42,e0:5a:1b:15:b2:ee,MF0622
RX_CCS_E2_20260121,310796,ADV,-36,e0:5a:1b:15:b2:ee,MF0623
RX_CCS_E2_20260121,310905,ADV,-34,e0:5a:1b:15:b2:ee,MF0624
RX_CCS_E2_20260121,311010,ADV,-43,e0:5a:1b:15:b2:ee,MF0625
RX_CCS_E2_20260121,311115,ADV,-39,e0:5a:1b:15:b2:ee,MF0626
RX_CCS_E2_20260121,311241,ADV,-33,e0:5a:1b:15:b2:ee,MF0628
RX_CCS_E2_20260121,311334,ADV,-42,e0:5a:1b:15:b2:ee,MF0629
RX_CCS_E2_20260121,311439,ADV,-39,e0:5a:1b:15:b2:ee,MF062A
RX_CCS_E2_20260121,311541,ADV,-34,e0:5a:1b:15:b2:ee,MF062B
RX_CCS_E2_20260121,311654,ADV,-42,e0:5a:1b:15:b2:ee,MF062C
RX_CCS_E2_20260121,311749,ADV,-39,e0:5a:1b:15:b2:ee,MF062D
RX_CCS_E2_20260121,311854,ADV,-34,e0:5a:1b:15:b2:ee,MF062E
RX_CCS_E2_20260121,311963,ADV,-42,e0:5a:1b:15:b2:ee,MF062F
RX_CCS_E2_20260121,312073,ADV,-40,e0:5a:1b:15:b2:ee,MF0630
RX_CCS_E2_20260121,312176,ADV,-34,e0:5a:1b:15:b2:ee,MF0631
RX_CCS_E2_20260121,312389,ADV,-34,e0:5a:1b:15:b2:ee,MF0633
RX_CCS_E2_20260121,312505,ADV,-43,e0:5a:1b:15:b2:ee,MF0634
RX_CCS_E2_20260121,312603,ADV,-36,e0:5a:1b:15:b2:ee,MF0635
RX_CCS_E2_20260121,312822,ADV,-42,e0:5a:1b:15:b2:ee,MF0638
RX_CCS_E2_20260121,312927,ADV,-36,e0:5a:1b:15:b2:ee,MF0639
RX_CCS_E2_20260121,313034,ADV,-34,e0:5a:1b:15:b2:ee,MF063A
RX_CCS_E2_20260121,313241,ADV,-36,e0:5a:1b:15:b2:ee,MF063C
RX_CCS_E2_20260121,313348,ADV,-34,e0:5a:1b:15:b2:ee,MF063D
RX_CCS_E2_20260121,313475,ADV,-43,e0:5a:1b:15:b2:ee,MF063E
RX_CCS_E2_20260121,313556,ADV,-39,e0:5a:1b:15:b2:ee,MF063F
RX_CCS_E2_20260121,313663,ADV,-34,e0:5a:1b:15:b2:ee,MF0640
RX_CCS_E2_20260121,313773,ADV,-42,e0:5a:1b:15:b2:ee,MF0641
RX_CCS_E2_20260121,313973,ADV,-34,e0:5a:1b:15:b2:ee,MF0643
RX_CCS_E2_20260121,314495,ADV,-34,e0:5a:1b:15:b2:ee,MF0648
RX_CCS_E2_20260121,314619,ADV,-43,e0:5a:1b:15:b2:ee,MF0649
RX_CCS_E2_20260121,314813,ADV,-33,e0:5a:1b:15:b2:ee,MF064B
RX_CCS_E2_20260121,314920,ADV,-43,e0:5a:1b:15:b2:ee,MF064D
RX_CCS_E2_20260121,315021,ADV,-36,e0:5a:1b:15:b2:ee,MF064E
RX_CCS_E2_20260121,315129,ADV,-33,e0:5a:1b:15:b2:ee,MF064F
RX_CCS_E2_20260121,315241,ADV,-43,e0:5a:1b:15:b2:ee,MF0650
RX_CCS_E2_20260121,315373,ADV,-39,e0:5a:1b:15:b2:ee,MF0651
RX_CCS_E2_20260121,315458,ADV,-34,e0:5a:1b:15:b2:ee,MF0652
RX_CCS_E2_20260121,315560,ADV,-43,e0:5a:1b:15:b2:ee,MF0653
RX_CCS_E2_20260121,315661,ADV,-39,e0:5a:1b:15:b2:ee,MF0654
RX_CCS_E2_20260121,315771,ADV,-34,e0:5a:1b:15:b2:ee,MF0655
RX_CCS_E2_20260121,315874,ADV,-43,e0:5a:1b:15:b2:ee,MF0656
RX_CCS_E2_20260121,315975,ADV,-39,e0:5a:1b:15:b2:ee,MF0657
RX_CCS_E2_20260121,316091,ADV,-42,e0:5a:1b:15:b2:ee,MF0658
RX_CCS_E2_20260121,316190,ADV,-36,e0:5a:1b:15:b2:ee,MF0659
RX_CCS_E2_20260121,316299,ADV,-34,e0:5a:1b:15:b2:ee,MF065A
RX_CCS_E2_20260121,316408,ADV,-43,e0:5a:1b:15:b2:ee,MF065B
RX_CCS_E2_20260121,316531,ADV,-36,e0:5a:1b:15:b2:ee,MF065C
RX_CCS_E2_20260121,316619,ADV,-34,e0:5a:1b:15:b2:ee,MF065E
RX_CCS_E2_20260121,316721,ADV,-43,e0:5a:1b:15:b2:ee,MF065F
RX_CCS_E2_20260121,316833,ADV,-39,e0:5a:1b:15:b2:ee,MF0660
RX_CCS_E2_20260121,316951,ADV,-34,e0:5a:1b:15:b2:ee,MF0661
RX_CCS_E2_20260121,317050,ADV,-43,e0:5a:1b:15:b2:ee,MF0662
RX_CCS_E2_20260121,317164,ADV,-39,e0:5a:1b:15:b2:ee,MF0663
RX_CCS_E2_20260121,317249,ADV,-33,e0:5a:1b:15:b2:ee,MF0664
RX_CCS_E2_20260121,317357,ADV,-43,e0:5a:1b:15:b2:ee,MF0665
RX_CCS_E2_20260121,317472,ADV,-39,e0:5a:1b:15:b2:ee,MF0666
RX_CCS_E2_20260121,317571,ADV,-34,e0:5a:1b:15:b2:ee,MF0667
RX_CCS_E2_20260121,317673,ADV,-43,e0:5a:1b:15:b2:ee,MF0668
RX_CCS_E2_20260121,318197,ADV,-43,e0:5a:1b:15:b2:ee,MF066D
RX_CCS_E2_20260121,318304,ADV,-39,e0:5a:1b:15:b2:ee,MF066E
RX_CCS_E2_20260121,318413,ADV,-33,e0:5a:1b:15:b2:ee,MF066F
RX_CCS_E2_20260121,318520,ADV,-43,e0:5a:1b:15:b2:ee,MF0670
RX_CCS_E2_20260121,318620,ADV,-39,e0:5a:1b:15:b2:ee,MF0672
RX_CCS_E2_20260121,318727,ADV,-34,e0:5a:1b:15:b2:ee,MF0673
RX_CCS_E2_20260121,318934,ADV,-39,e0:5a:1b:15:b2:ee,MF0675
RX_CCS_E2_20260121,319042,ADV,-34,e0:5a:1b:15:b2:ee,MF0676
RX_CCS_E2_20260121,319144,ADV,-42,e0:5a:1b:15:b2:ee,MF0677
RX_CCS_E2_20260121,319264,ADV,-39,e0:5a:1b:15:b2:ee,MF0678
RX_CCS_E2_20260121,319353,ADV,-34,e0:5a:1b:15:b2:ee,MF0679
RX_CCS_E2_20260121,319454,ADV,-42,e0:5a:1b:15:b2:ee,MF067A
RX_CCS_E2_20260121,319560,ADV,-36,e0:5a:1b:15:b2:ee,MF067B
RX_CCS_E2_20260121,319668,ADV,-34,e0:5a:1b:15:b2:ee,MF067C
RX_CCS_E2_20260121,319775,ADV,-42,e0:5a:1b:15:b2:ee,MF067D
RX_CCS_E2_20260121,319874,ADV,-39,e0:5a:1b:15:b2:ee,MF067E
RX_CCS_E2_20260121,320191,ADV,-33,e0:5a:1b:15:b2:ee,MF0681
RX_CCS_E2_20260121,320291,ADV,-42,e0:5a:1b:15:b2:ee,MF0682
RX_CCS_E2_20260121,320395,ADV,-36,e0:5a:1b:15:b2:ee,MF0683
RX_CCS_E2_20260121,320500,ADV,-33,e0:5a:1b:15:b2:ee,MF0684
RX_CCS_E2_20260121,320618,ADV,-43,e0:5a:1b:15:b2:ee,MF0685
RX_CCS_E2_20260121,320712,ADV,-39,e0:5a:1b:15:b2:ee,MF0686
RX_CCS_E2_20260121,320837,ADV,-34,e0:5a:1b:15:b2:ee,MF0688
RX_CCS_E2_20260121,320931,ADV,-42,e0:5a:1b:15:b2:ee,MF0689
RX_CCS_E2_20260121,321040,ADV,-35,e0:5a:1b:15:b2:ee,MF068A
RX_CCS_E2_20260121,321140,ADV,-33,e0:5a:1b:15:b2:ee,MF068B
RX_CCS_E2_20260121,321247,ADV,-43,e0:5a:1b:15:b2:ee,MF068C
RX_CCS_E2_20260121,321351,ADV,-36,e0:5a:1b:15:b2:ee,MF068D
RX_CCS_E2_20260121,321475,ADV,-33,e0:5a:1b:15:b2:ee,MF068E
RX_CCS_E2_20260121,321675,ADV,-36,e0:5a:1b:15:b2:ee,MF0690
RX_CCS_E2_20260121,321769,ADV,-33,e0:5a:1b:15:b2:ee,MF0691
RX_CCS_E2_20260121,321975,ADV,-36,e0:5a:1b:15:b2:ee,MF0693
RX_CCS_E2_20260121,322096,ADV,-43,e0:5a:1b:15:b2:ee,MF0694
RX_CCS_E2_20260121,322297,ADV,-33,e0:5a:1b:15:b2:ee,MF0696
RX_CCS_E2_20260121,322400,ADV,-42,e0:5a:1b:15:b2:ee,MF0697
RX_CCS_E2_20260121,322516,ADV,-36,e0:5a:1b:15:b2:ee,MF0698
RX_CCS_E2_20260121,322613,ADV,-34,e0:5a:1b:15:b2:ee,MF0699
RX_CCS_E2_20260121,322719,ADV,-42,e0:5a:1b:15:b2:ee,MF069B
RX_CCS_E2_20260121,322826,ADV,-35,e0:5a:1b:15:b2:ee,MF069C
RX_CCS_E2_20260121,322945,ADV,-33,e0:5a:1b:15:b2:ee,MF069D
RX_CCS_E2_20260121,323037,ADV,-42,e0:5a:1b:15:b2:ee,MF069E
RX_CCS_E2_20260121,323242,ADV,-33,e0:5a:1b:15:b2:ee,MF06A0
RX_CCS_E2_20260121,323350,ADV,-42,e0:5a:1b:15:b2:ee,MF06A1
RX_CCS_E2_20260121,323475,ADV,-39,e0:5a:1b:15:b2:ee,MF06A2
RX_CCS_E2_20260121,323575,ADV,-33,e0:5a:1b:15:b2:ee,MF06A3
RX_CCS_E2_20260121,323667,ADV,-43,e0:5a:1b:15:b2:ee,MF06A4
RX_CCS_E2_20260121,323775,ADV,-36,e0:5a:1b:15:b2:ee,MF06A5
RX_CCS_E2_20260121,323875,ADV,-34,e0:5a:1b:15:b2:ee,MF06A6
RX_CCS_E2_20260121,324192,ADV,-42,e0:5a:1b:15:b2:ee,MF06A9
RX_CCS_E2_20260121,324289,ADV,-36,e0:5a:1b:15:b2:ee,MF06AA
RX_CCS_E2_20260121,324503,ADV,-42,e0:5a:1b:15:b2:ee,MF06AC
RX_CCS_E2_20260121,324655,ADV,-36,e0:5a:1b:15:b2:ee,MF06AD
RX_CCS_E2_20260121,324719,ADV,-33,e0:5a:1b:15:b2:ee,MF06AE
RX_CCS_E2_20260121,324816,ADV,-42,e0:5a:1b:15:b2:ee,MF06AF
RX_CCS_E2_20260121,324918,ADV,-36,e0:5a:1b:15:b2:ee,MF06B1
RX_CCS_E2_20260121,325023,ADV,-33,e0:5a:1b:15:b2:ee,MF06B2
RX_CCS_E2_20260121,325150,ADV,-43,e0:5a:1b:15:b2:ee,MF06B3
RX_CCS_E2_20260121,325242,ADV,-35,e0:5a:1b:15:b2:ee,MF06B4
RX_CCS_E2_20260121,325350,ADV,-33,e0:5a:1b:15:b2:ee,MF06B5
RX_CCS_E2_20260121,325441,ADV,-42,e0:5a:1b:15:b2:ee,MF06B6
RX_CCS_E2_20260121,325544,ADV,-35,e0:5a:1b:15:b2:ee,MF06B7
RX_CCS_E2_20260121,325652,ADV,-33,e0:5a:1b:15:b2:ee,MF06B8
RX_CCS_E2_20260121,325758,ADV,-43,e0:5a:1b:15:b2:ee,MF06B9
RX_CCS_E2_20260121,325975,ADV,-33,e0:5a:1b:15:b2:ee,MF06BB
RX_CCS_E2_20260121,326292,ADV,-42,e0:5a:1b:15:b2:ee,MF06BE
RX_CCS_E2_20260121,326392,ADV,-36,e0:5a:1b:15:b2:ee,MF06BF
RX_CCS_E2_20260121,326523,ADV,-34,e0:5a:1b:15:b2:ee,MF06C0
RX_CCS_E2_20260121,326624,ADV,-42,e0:5a:1b:15:b2:ee,MF06C1
RX_CCS_E2_20260121,326717,ADV,-35,e0:5a:1b:15:b2:ee,MF06C2
RX_CCS_E2_20260121,326812,ADV,-33,e0:5a:1b:15:b2:ee,MF06C3
RX_CCS_E2_20260121,326914,ADV,-42,e0:5a:1b:15:b2:ee,MF06C4
RX_CCS_E2_20260121,327017,ADV,-39,e0:5a:1b:15:b2:ee,MF06C5
RX_CCS_E2_20260121,327118,ADV,-33,e0:5a:1b:15:b2:ee,MF06C6
RX_CCS_E2_20260121,327251,ADV,-42,e0:5a:1b:15:b2:ee,MF06C8
RX_CCS_E2_20260121,327326,ADV,-36,e0:5a:1b:15:b2:ee,MF06C9
RX_CCS_E2_20260121,327456,ADV,-33,e0:5a:1b:15:b2:ee,MF06CA
RX_CCS_E2_20260121,327543,ADV,-42,e0:5a:1b:15:b2:ee,MF06CB
RX_CCS_E2_20260121,327642,ADV,-36,e0:5a:1b:15:b2:ee,MF06CC
RX_CCS_E2_20260121,327752,ADV,-33,e0:5a:1b:15:b2:ee,MF06CD
RX_CCS_E2_20260121,327856,ADV,-42,e0:5a:1b:15:b2:ee,MF06CE
RX_CCS_E2_20260121,327975,ADV,-36,e0:5a:1b:15:b2:ee,MF06CF
RX_CCS_E2_20260121,328066,ADV,-33,e0:5a:1b:15:b2:ee,MF06D0
RX_CCS_E2_20260121,328169,ADV,-43,e0:5a:1b:15:b2:ee,MF06D1
RX_CCS_E2_20260121,328275,ADV,-36,e0:5a:1b:15:b2:ee,MF06D2
RX_CCS_E2_20260121,328375,ADV,-33,e0:5a:1b:15:b2:ee,MF06D3
RX_CCS_E2_20260121,328446,ADV,-42,e0:5a:1b:15:b2:ee,MF06D4
RX_CCS_E2_20260121,330439,ADV,-33,e0:5a:1b:15:b2:ee,MF06D5
RX_CCS_E2_20260121,332440,ADV,-36,e0:5a:1b:15:b2:ee,MF06D6
RX_CCS_E2_20260121,334441,ADV,-42,e0:5a:1b:15:b2:ee,MF06D7
RX_CCS_E2_20260121,336453,ADV,-33,e0:5a:1b:15:b2:ee,MF06D8
RX_CCS_E2_20260121,338450,ADV,-36,e0:5a:1b:15:b2:ee,MF06D9
RX_CCS_E2_20260121,340475,ADV,-42,e0:5a:1b:15:b2:ee,MF06DA
RX_CCS_E2_20260121,342471,ADV,-33,e0:5a:1b:15:b2:ee,MF06DB
RX_CCS_E2_20260121,344475,ADV,-36,e0:5a:1b:15:b2:ee,MF06DC
RX_CCS_E2_20260121,348491,ADV,-42,e0:5a:1b:15:b2:ee,MF06DE
RX_CCS_E2_20260121,350491,ADV,-33,e0:5a:1b:15:b2:ee,MF06DF
RX_CCS_E2_20260121,352497,ADV,-35,e0:5a:1b:15:b2:ee,MF06E0
RX_CCS_E2_20260121,354521,ADV,-43,e0:5a:1b:15:b2:ee,MF06E1
RX_CCS_E2_20260121,356509,ADV,-33,e0:5a:1b:15:b2:ee,MF06E2
RX_CCS_E2_20260121,358513,ADV,-39,e0:5a:1b:15:b2:ee,MF06E3
RX_CCS_E2_20260121,360524,ADV,-42,e0:5a:1b:15:b2:ee,MF06E4
RX_CCS_E2_20260121,362532,ADV,-33,e0:5a:1b:15:b2:ee,MF06E5
RX_CCS_E2_20260121,364541,ADV,-35,e0:5a:1b:15:b2:ee,MF06E6
RX_CCS_E2_20260121,366546,ADV,-42,e0:5a:1b:15:b2:ee,MF06E7
RX_CCS_E2_20260121,368546,ADV,-33,e0:5a:1b:15:b2:ee,MF06E8
RX_CCS_E2_20260121,370576,ADV,-35,e0:5a:1b:15:b2:ee,MF06E9
RX_CCS_E2_20260121,372553,ADV,-43,e0:5a:1b:15:b2:ee,MF06EA
RX_CCS_E2_20260121,374563,ADV,-33,e0:5a:1b:15:b2:ee,MF06EB
RX_CCS_E2_20260121,376558,ADV,-39,e0:5a:1b:15:b2:ee,MF06EC
RX_CCS_E2_20260121,378569,ADV,-43,e0:5a:1b:15:b2:ee,MF06ED
RX_CCS_E2_20260121,380575,ADV,-34,e0:5a:1b:15:b2:ee,MF06EE
RX_CCS_E2_20260121,386595,ADV,-42,e0:5a:1b:15:b2:ee,MF06F1
RX_CCS_E2_20260121,388594,ADV,-35,e0:5a:1b:15:b2:ee,MF06F2
RX_CCS_E2_20260121,390599,ADV,-36,e0:5a:1b:15:b2:ee,MF06F3
RX_CCS_E2_20260121,392623,ADV,-42,e0:5a:1b:15:b2:ee,MF06F4
RX_CCS_E2_20260121,394615,ADV,-34,e0:5a:1b:15:b2:ee,MF06F5
RX_CCS_E2_20260121,396618,ADV,-35,e0:5a:1b:15:b2:ee,MF06F6
RX_CCS_E2_20260121,398640,ADV,-42,e0:5a:1b:15:b2:ee,MF06F7
RX_CCS_E2_20260121,400643,ADV,-34,e0:5a:1b:15:b2:ee,MF06F8
RX_CCS_E2_20260121,402640,ADV,-36,e0:5a:1b:15:b2:ee,MF06F9
RX_CCS_E2_20260121,404637,ADV,-41,e0:5a:1b:15:b2:ee,MF06FA
RX_CCS_E2_20260121,406636,ADV,-33,e0:5a:1b:15:b2:ee,MF06FB
RX_CCS_E2_20260121,408644,ADV,-36,e0:5a:1b:15:b2:ee,MF06FC
RX_CCS_E2_20260121,410664,ADV,-42,e0:5a:1b:15:b2:ee,MF06FD
RX_CCS_E2_20260121,412662,ADV,-33,e0:5a:1b:15:b2:ee,MF06FE
RX_CCS_E2_20260121,414665,ADV,-40,e0:5a:1b:15:b2:ee,MF06FF
RX_CCS_E2_20260121,416664,ADV,-42,e0:5a:1b:15:b2:ee,MF0700
RX_CCS_E2_20260121,418669,ADV,-33,e0:5a:1b:15:b2:ee,MF0701
RX_CCS_E2_20260121,420673,ADV,-39,e0:5a:1b:15:b2:ee,MF0702
RX_CCS_E2_20260121,422672,ADV,-41,e0:5a:1b:15:b2:ee,MF0703
RX_CCS_E2_20260121,424677,ADV,-38,e0:5a:1b:15:b2:ee,MF0704
RX_CCS_E2_20260121,430697,ADV,-42,e0:5a:1b:15:b2:ee,MF0707
RX_CCS_E2_20260121,432696,ADV,-33,e0:5a:1b:15:b2:ee,MF0708
RX_CCS_E2_20260121,434700,ADV,-36,e0:5a:1b:15:b2:ee,MF0709
RX_CCS_E2_20260121,438706,ADV,-33,e0:5a:1b:15:b2:ee,MF070B
RX_CCS_E2_20260121,440715,ADV,-39,e0:5a:1b:15:b2:ee,MF070C
RX_CCS_E2_20260121,444730,ADV,-33,e0:5a:1b:15:b2:ee,MF070E
RX_CCS_E2_20260121,446736,ADV,-39,e0:5a:1b:15:b2:ee,MF070F
RX_CCS_E2_20260121,448750,ADV,-43,e0:5a:1b:15:b2:ee,MF0710
RX_CCS_E2_20260121,450749,ADV,-34,e0:5a:1b:15:b2:ee,MF0711
RX_CCS_E2_20260121,452757,ADV,-40,e0:5a:1b:15:b2:ee,MF0712
RX_CCS_E2_20260121,454763,ADV,-42,e0:5a:1b:15:b2:ee,MF0713
RX_CCS_E2_20260121,456777,ADV,-33,e0:5a:1b:15:b2:ee,MF0714
RX_CCS_E2_20260121,462796,ADV,-41,e0:5a:1b:15:b2:ee,MF0717
RX_CCS_E2_20260121,464795,ADV,-33,e0:5a:1b:15:b2:ee,MF0718
RX_CCS_E2_20260121,466801,ADV,-40,e0:5a:1b:15:b2:ee,MF0719
RX_CCS_E2_20260121,468810,ADV,-43,e0:5a:1b:15:b2:ee,MF071A
RX_CCS_E2_20260121,470813,ADV,-34,e0:5a:1b:15:b2:ee,MF071B
RX_CCS_E2_20260121,472820,ADV,-40,e0:5a:1b:15:b2:ee,MF071C
RX_CCS_E2_20260121,474835,ADV,-45,e0:5a:1b:15:b2:ee,MF071D
RX_CCS_E2_20260121,476845,ADV,-37,e0:5a:1b:15:b2:ee,MF071E
RX_CCS_E2_20260121,478854,ADV,-40,e0:5a:1b:15:b2:ee,MF071F
RX_CCS_E2_20260121,480850,ADV,-42,e0:5a:1b:15:b2:ee,MF0720
RX_CCS_E2_20260121,482877,ADV,-33,e0:5a:1b:15:b2:ee,MF0721
RX_CCS_E2_20260121,484860,ADV,-40,e0:5a:1b:15:b2:ee,MF0722
RX_CCS_E2_20260121,486860,ADV,-42,e0:5a:1b:15:b2:ee,MF0723
RX_CCS_E2_20260121,490877,ADV,-40,e0:5a:1b:15:b2:ee,MF0725
RX_CCS_E2_20260121,492871,ADV,-42,e0:5a:1b:15:b2:ee,MF0726
RX_CCS_E2_20260121,494876,ADV,-33,e0:5a:1b:15:b2:ee,MF0727
RX_CCS_E2_20260121,496877,ADV,-39,e0:5a:1b:15:b2:ee,MF0728
RX_CCS_E2_20260121,498877,ADV,-41,e0:5a:1b:15:b2:ee,MF0729
RX_CCS_E2_20260121,500875,ADV,-34,e0:5a:1b:15:b2:ee,MF072A
RX_CCS_E2_20260121,504895,ADV,-40,e0:5a:1b:15:b2:ee,MF072C
RX_CCS_E2_20260121,506896,ADV,-42,e0:5a:1b:15:b2:ee,MF072D
RX_CCS_E2_20260121,508894,ADV,-32,e0:5a:1b:15:b2:ee,MF072E
RX_CCS_E2_20260121,510429,ADV,-33,e0:5a:1b:15:b2:ee,MF072F
RX_CCS_E2_20260121,510534,ADV,-41,e0:5a:1b:15:b2:ee,MF0730
RX_CCS_E2_20260121,510636,ADV,-35,e0:5a:1b:15:b2:ee,MF0731
RX_CCS_E2_20260121,510748,ADV,-33,e0:5a:1b:15:b2:ee,MF0732
RX_CCS_E2_20260121,510858,ADV,-41,e0:5a:1b:15:b2:ee,MF0733
RX_CCS_E2_20260121,510955,ADV,-35,e0:5a:1b:15:b2:ee,MF0734
RX_CCS_E2_20260121,511063,ADV,-32,e0:5a:1b:15:b2:ee,MF0735
RX_CCS_E2_20260121,511162,ADV,-41,e0:5a:1b:15:b2:ee,MF0736
RX_CCS_E2_20260121,511698,ADV,-41,e0:5a:1b:15:b2:ee,MF073B
RX_CCS_E2_20260121,511802,ADV,-36,e0:5a:1b:15:b2:ee,MF073C
RX_CCS_E2_20260121,511912,ADV,-33,e0:5a:1b:15:b2:ee,MF073D
RX_CCS_E2_20260121,512028,ADV,-42,e0:5a:1b:15:b2:ee,MF073E
RX_CCS_E2_20260121,512119,ADV,-39,e0:5a:1b:15:b2:ee,MF0740
RX_CCS_E2_20260121,512222,ADV,-33,e0:5a:1b:15:b2:ee,MF0741
RX_CCS_E2_20260121,512330,ADV,-42,e0:5a:1b:15:b2:ee,MF0742
RX_CCS_E2_20260121,512455,ADV,-36,e0:5a:1b:15:b2:ee,MF0743
RX_CCS_E2_20260121,512577,ADV,-33,e0:5a:1b:15:b2:ee,MF0744
RX_CCS_E2_20260121,512649,ADV,-42,e0:5a:1b:15:b2:ee,MF0745
RX_CCS_E2_20260121,512739,ADV,-35,e0:5a:1b:15:b2:ee,MF0746
RX_CCS_E2_20260121,512847,ADV,-33,e0:5a:1b:15:b2:ee,MF0747
RX_CCS_E2_20260121,512953,ADV,-42,e0:5a:1b:15:b2:ee,MF0748
RX_CCS_E2_20260121,513044,ADV,-36,e0:5a:1b:15:b2:ee,MF0749
RX_CCS_E2_20260121,513172,ADV,-33,e0:5a:1b:15:b2:ee,MF074A
RX_CCS_E2_20260121,513252,ADV,-42,e0:5a:1b:15:b2:ee,MF074B
RX_CCS_E2_20260121,513369,ADV,-36,e0:5a:1b:15:b2:ee,MF074C
RX_CCS_E2_20260121,513572,ADV,-43,e0:5a:1b:15:b2:ee,MF074E
RX_CCS_E2_20260121,513673,ADV,-39,e0:5a:1b:15:b2:ee,MF074F
RX_CCS_E2_20260121,513996,ADV,-34,e0:5a:1b:15:b2:ee,MF0752
RX_CCS_E2_20260121,514104,ADV,-42,e0:5a:1b:15:b2:ee,MF0753
RX_CCS_E2_20260121,514320,ADV,-33,e0:5a:1b:15:b2:ee,MF0755
RX_CCS_E2_20260121,514422,ADV,-54,e0:5a:1b:15:b2:ee,MF0756
RX_CCS_E2_20260121,514432,ADV,-42,e0:5a:1b:15:b2:ee,MF0757
RX_CCS_E2_20260121,516428,ADV,-33,e0:5a:1b:15:b2:ee,MF0758
RX_CCS_E2_20260121,516537,ADV,-42,e0:5a:1b:15:b2:ee,MF0759
RX_CCS_E2_20260121,516638,ADV,-39,e0:5a:1b:15:b2:ee,MF075A
RX_CCS_E2_20260121,516745,ADV,-33,e0:5a:1b:15:b2:ee,MF075B
RX_CCS_E2_20260121,516851,ADV,-42,e0:5a:1b:15:b2:ee,MF075C
RX_CCS_E2_20260121,516954,ADV,-36,e0:5a:1b:15:b2:ee,MF075D
RX_CCS_E2_20260121,517056,ADV,-33,e0:5a:1b:15:b2:ee,MF075E
RX_CCS_E2_20260121,517157,ADV,-42,e0:5a:1b:15:b2:ee,MF075F
RX_CCS_E2_20260121,517269,ADV,-36,e0:5a:1b:15:b2:ee,MF0760
RX_CCS_E2_20260121,517366,ADV,-33,e0:5a:1b:15:b2:ee,MF0761
RX_CCS_E2_20260121,517469,ADV,-43,e0:5a:1b:15:b2:ee,MF0762
RX_CCS_E2_20260121,517577,ADV,-35,e0:5a:1b:15:b2:ee,MF0763
RX_CCS_E2_20260121,517677,ADV,-33,e0:5a:1b:15:b2:ee,MF0764
RX_CCS_E2_20260121,517892,ADV,-33,e0:5a:1b:15:b2:ee,MF0766
RX_CCS_E2_20260121,517995,ADV,-42,e0:5a:1b:15:b2:ee,MF0767
RX_CCS_E2_20260121,518096,ADV,-35,e0:5a:1b:15:b2:ee,MF0768
RX_CCS_E2_20260121,518204,ADV,-33,e0:5a:1b:15:b2:ee,MF0769
RX_CCS_E2_20260121,518301,ADV,-42,e0:5a:1b:15:b2:ee,MF076A
RX_CCS_E2_20260121,518403,ADV,-36,e0:5a:1b:15:b2:ee,MF076B
RX_CCS_E2_20260121,518510,ADV,-33,e0:5a:1b:15:b2:ee,MF076C
RX_CCS_E2_20260121,518641,ADV,-42,e0:5a:1b:15:b2:ee,MF076E
RX_CCS_E2_20260121,518728,ADV,-36,e0:5a:1b:15:b2:ee,MF076F
RX_CCS_E2_20260121,518823,ADV,-33,e0:5a:1b:15:b2:ee,MF0770
RX_CCS_E2_20260121,518935,ADV,-42,e0:5a:1b:15:b2:ee,MF0771
RX_CCS_E2_20260121,519031,ADV,-39,e0:5a:1b:15:b2:ee,MF0772
RX_CCS_E2_20260121,519141,ADV,-33,e0:5a:1b:15:b2:ee,MF0773
RX_CCS_E2_20260121,519259,ADV,-42,e0:5a:1b:15:b2:ee,MF0774
RX_CCS_E2_20260121,519361,ADV,-36,e0:5a:1b:15:b2:ee,MF0775
RX_CCS_E2_20260121,519458,ADV,-33,e0:5a:1b:15:b2:ee,MF0776
RX_CCS_E2_20260121,519677,ADV,-39,e0:5a:1b:15:b2:ee,MF0778
RX_CCS_E2_20260121,519778,ADV,-33,e0:5a:1b:15:b2:ee,MF0779
RX_CCS_E2_20260121,519997,ADV,-33,e0:5a:1b:15:b2:ee,MF077B
RX_CCS_E2_20260121,520091,ADV,-42,e0:5a:1b:15:b2:ee,MF077C
RX_CCS_E2_20260121,520192,ADV,-35,e0:5a:1b:15:b2:ee,MF077D
RX_CCS_E2_20260121,520297,ADV,-33,e0:5a:1b:15:b2:ee,MF077E
RX_CCS_E2_20260121,520403,ADV,-42,e0:5a:1b:15:b2:ee,MF077F
RX_CCS_E2_20260121,520507,ADV,-35,e0:5a:1b:15:b2:ee,MF0780
RX_CCS_E2_20260121,520613,ADV,-33,e0:5a:1b:15:b2:ee,MF0781
RX_CCS_E2_20260121,520724,ADV,-42,e0:5a:1b:15:b2:ee,MF0783
RX_CCS_E2_20260121,520821,ADV,-36,e0:5a:1b:15:b2:ee,MF0784
RX_CCS_E2_20260121,520931,ADV,-33,e0:5a:1b:15:b2:ee,MF0785
RX_CCS_E2_20260121,521031,ADV,-42,e0:5a:1b:15:b2:ee,MF0786
RX_CCS_E2_20260121,521158,ADV,-38,e0:5a:1b:15:b2:ee,MF0787
RX_CCS_E2_20260121,521237,ADV,-33,e0:5a:1b:15:b2:ee,MF0788
RX_CCS_E2_20260121,521344,ADV,-42,e0:5a:1b:15:b2:ee,MF0789
RX_CCS_E2_20260121,521446,ADV,-36,e0:5a:1b:15:b2:ee,MF078A
RX_CCS_E2_20260121,521555,ADV,-33,e0:5a:1b:15:b2:ee,MF078B
RX_CCS_E2_20260121,521677,ADV,-42,e0:5a:1b:15:b2:ee,MF078C
RX_CCS_E2_20260121,521769,ADV,-35,e0:5a:1b:15:b2:ee,MF078D
RX_CCS_E2_20260121,522191,ADV,-42,e0:5a:1b:15:b2:ee,MF0791
RX_CCS_E2_20260121,522294,ADV,-35,e0:5a:1b:15:b2:ee,MF0792
RX_CCS_E2_20260121,522404,ADV,-33,e0:5a:1b:15:b2:ee,MF0793
RX_CCS_E2_20260121,522509,ADV,-42,e0:5a:1b:15:b2:ee,MF0794
RX_CCS_E2_20260121,522615,ADV,-36,e0:5a:1b:15:b2:ee,MF0795
RX_CCS_E2_20260121,522721,ADV,-33,e0:5a:1b:15:b2:ee,MF0797
RX_CCS_E2_20260121,522932,ADV,-35,e0:5a:1b:15:b2:ee,MF0799
RX_CCS_E2_20260121,523041,ADV,-33,e0:5a:1b:15:b2:ee,MF079A
RX_CCS_E2_20260121,523159,ADV,-42,e0:5a:1b:15:b2:ee,MF079B
RX_CCS_E2_20260121,523258,ADV,-70,e0:5a:1b:15:b2:ee,MF079C
RX_CCS_E2_20260121,523364,ADV,-33,e0:5a:1b:15:b2:ee,MF079D
RX_CCS_E2_20260121,523477,ADV,-43,e0:5a:1b:15:b2:ee,MF079E
RX_CCS_E2_20260121,523573,ADV,-35,e0:5a:1b:15:b2:ee,MF079F
RX_CCS_E2_20260121,523677,ADV,-33,e0:5a:1b:15:b2:ee,MF07A0
RX_CCS_E2_20260121,523777,ADV,-42,e0:5a:1b:15:b2:ee,MF07A1
RX_CCS_E2_20260121,524191,ADV,-33,e0:5a:1b:15:b2:ee,MF07A5
RX_CCS_E2_20260121,524301,ADV,-42,e0:5a:1b:15:b2:ee,MF07A6
RX_CCS_E2_20260121,524406,ADV,-36,e0:5a:1b:15:b2:ee,MF07A7
RX_CCS_E2_20260121,524429,ADV,-35,e0:5a:1b:15:b2:ee,MF07A8
RX_CCS_E2_20260121,526434,ADV,-42,e0:5a:1b:15:b2:ee,MF07A9
RX_CCS_E2_20260121,528447,ADV,-33,e0:5a:1b:15:b2:ee,MF07AA
RX_CCS_E2_20260121,530438,ADV,-39,e0:5a:1b:15:b2:ee,MF07AB
RX_CCS_E2_20260121,532443,ADV,-42,e0:5a:1b:15:b2:ee,MF07AC
RX_CCS_E2_20260121,534454,ADV,-33,e0:5a:1b:15:b2:ee,MF07AD
RX_CCS_E2_20260121,535457,ADV,-42,e0:5a:1b:15:b2:ee,MF07AD
RX_CCS_E2_20260121,535530,ADV,-39,e0:5a:1b:15:b2:ee,MF07AD
RX_CCS_E2_20260121,535664,ADV,-33,e0:5a:1b:15:b2:ee,MF07AD
RX_CCS_E2_20260121,535746,ADV,-42,e0:5a:1b:15:b2:ee,MF07AD
RX_CCS_E2_20260121,535851,ADV,-36,e0:5a:1b:15:b2:ee,MF07AD
RX_CCS_E2_20260121,536054,ADV,-42,e0:5a:1b:15:b2:ee,MF07AD
RX_CCS_E2_20260121,536156,ADV,-39,e0:5a:1b:15:b2:ee,MF07AD
RX_CCS_E2_20260121,536273,ADV,-33,e0:5a:1b:15:b2:ee,MF07AD
RX_CCS_E2_20260121,536377,ADV,-42,e0:5a:1b:15:b2:ee,MF07AD
RX_CCS_E2_20260121,536477,ADV,-36,e0:5a:1b:15:b2:ee,MF07AE
RX_CCS_E2_20260121,536577,ADV,-33,e0:5a:1b:15:b2:ee,MF07AF
RX_CCS_E2_20260121,536675,ADV,-42,e0:5a:1b:15:b2:ee,MF07B0
RX_CCS_E2_20260121,536993,ADV,-36,e0:5a:1b:15:b2:ee,MF07B3
RX_CCS_E2_20260121,537097,ADV,-33,e0:5a:1b:15:b2:ee,MF07B4
RX_CCS_E2_20260121,537201,ADV,-42,e0:5a:1b:15:b2:ee,MF07B5
RX_CCS_E2_20260121,537323,ADV,-39,e0:5a:1b:15:b2:ee,MF07B6
RX_CCS_E2_20260121,537414,ADV,-33,e0:5a:1b:15:b2:ee,MF07B7
RX_CCS_E2_20260121,545469,ADV,-35,e0:5a:1b:15:b2:ee,MF0000
RX_CCS_E2_20260121,545556,ADV,-32,e0:5a:1b:15:b2:ee,MF0000
RX_CCS_E2_20260121,545657,ADV,-42,e0:5a:1b:15:b2:ee,MF0000
RX_CCS_E2_20260121,545757,ADV,-35,e0:5a:1b:15:b2:ee,MF0000
RX_CCS_E2_20260121,545862,ADV,-32,e0:5a:1b:15:b2:ee,MF0000
RX_CCS_E2_20260121,545977,ADV,-41,e0:5a:1b:15:b2:ee,MF0000
RX_CCS_E2_20260121,546077,ADV,-35,e0:5a:1b:15:b2:ee,MF0000
RX_CCS_E2_20260121,546292,ADV,-36,e0:5a:1b:15:b2:ee,MF0000
RX_CCS_E2_20260121,546392,ADV,-32,e0:5a:1b:15:b2:ee,MF0000
RX_CCS_E2_20260121,546498,ADV,-42,e0:5a:1b:15:b2:ee,MF0000
RX_CCS_E2_20260121,546597,ADV,-35,e0:5a:1b:15:b2:ee,MF0000
RX_CCS_E2_20260121,546706,ADV,-32,e0:5a:1b:15:b2:ee,MF0000
RX_CCS_E2_20260121,546811,ADV,-42,e0:5a:1b:15:b2:ee,MF0000
RX_CCS_E2_20260121,546912,ADV,-39,e0:5a:1b:15:b2:ee,MF0000
RX_CCS_E2_20260121,547017,ADV,-33,e0:5a:1b:15:b2:ee,MF0000
RX_CCS_E2_20260121,547122,ADV,-42,e0:5a:1b:15:b2:ee,MF0000
RX_CCS_E2_20260121,547222,ADV,-36,e0:5a:1b:15:b2:ee,MF0000
RX_CCS_E2_20260121,547328,ADV,-33,e0:5a:1b:15:b2:ee,MF0000
RX_CCS_E2_20260121,547453,ADV,-43,e0:5a:1b:15:b2:ee,MF0000
RX_CCS_E2_20260121,547557,ADV,-36,e0:5a:1b:15:b2:ee,MF0000
RX_CCS_E2_20260121,547669,ADV,-33,e0:5a:1b:15:b2:ee,MF0000
RX_CCS_E2_20260121,547777,ADV,-43,e0:5a:1b:15:b2:ee,MF0000
RX_CCS_E2_20260121,547877,ADV,-35,e0:5a:1b:15:b2:ee,MF0000
RX_CCS_E2_20260121,548193,ADV,-33,e0:5a:1b:15:b2:ee,MF0000
RX_CCS_E2_20260121,548306,ADV,-43,e0:5a:1b:15:b2:ee,MF0000
RX_CCS_E2_20260121,548504,ADV,-32,e0:5a:1b:15:b2:ee,MF0001
RX_CCS_E2_20260121,548707,ADV,-35,e0:5a:1b:15:b2:ee,MF0003
RX_CCS_E2_20260121,548813,ADV,-32,e0:5a:1b:15:b2:ee,MF0004
RX_CCS_E2_20260121,548932,ADV,-42,e0:5a:1b:15:b2:ee,MF0005
RX_CCS_E2_20260121,549026,ADV,-35,e0:5a:1b:15:b2:ee,MF0006
RX_CCS_E2_20260121,549134,ADV,-32,e0:5a:1b:15:b2:ee,MF0007
RX_CCS_E2_20260121,549246,ADV,-43,e0:5a:1b:15:b2:ee,MF0009
RX_CCS_E2_20260121,549344,ADV,-35,e0:5a:1b:15:b2:ee,MF000A
RX_CCS_E2_20260121,549455,ADV,-33,e0:5a:1b:15:b2:ee,MF000B
RX_CCS_E2_20260121,549575,ADV,-43,e0:5a:1b:15:b2:ee,MF000C
RX_CCS_E2_20260121,549775,ADV,-32,e0:5a:1b:15:b2:ee,MF000E
RX_CCS_E2_20260121,550099,ADV,-43,e0:5a:1b:15:b2:ee,MF0011
RX_CCS_E2_20260121,550199,ADV,-36,e0:5a:1b:15:b2:ee,MF0012
RX_CCS_E2_20260121,550320,ADV,-32,e0:5a:1b:15:b2:ee,MF0013
RX_CCS_E2_20260121,550437,ADV,-42,e0:5a:1b:15:b2:ee,MF0014
RX_CCS_E2_20260121,550539,ADV,-36,e0:5a:1b:15:b2:ee,MF0015
RX_CCS_E2_20260121,550656,ADV,-33,e0:5a:1b:15:b2:ee,MF0016
RX_CCS_E2_20260121,550732,ADV,-42,e0:5a:1b:15:b2:ee,MF0017
RX_CCS_E2_20260121,550837,ADV,-36,e0:5a:1b:15:b2:ee,MF0018
RX_CCS_E2_20260121,550931,ADV,-32,e0:5a:1b:15:b2:ee,MF0019
RX_CCS_E2_20260121,551054,ADV,-42,e0:5a:1b:15:b2:ee,MF001B
RX_CCS_E2_20260121,551147,ADV,-36,e0:5a:1b:15:b2:ee,MF001C
RX_CCS_E2_20260121,551256,ADV,-32,e0:5a:1b:15:b2:ee,MF001D
RX_CCS_E2_20260121,551367,ADV,-43,e0:5a:1b:15:b2:ee,MF001E
RX_CCS_E2_20260121,551472,ADV,-36,e0:5a:1b:15:b2:ee,MF001F
RX_CCS_E2_20260121,551899,ADV,-42,e0:5a:1b:15:b2:ee,MF0023
RX_CCS_E2_20260121,551994,ADV,-35,e0:5a:1b:15:b2:ee,MF0024
RX_CCS_E2_20260121,552106,ADV,-83,e0:5a:1b:15:b2:ee,MF0025
RX_CCS_E2_20260121,552209,ADV,-42,e0:5a:1b:15:b2:ee,MF0026
RX_CCS_E2_20260121,552310,ADV,-35,e0:5a:1b:15:b2:ee,MF0027
RX_CCS_E2_20260121,552416,ADV,-32,e0:5a:1b:15:b2:ee,MF0028
RX_CCS_E2_20260121,552526,ADV,-42,e0:5a:1b:15:b2:ee,MF0029
RX_CCS_E2_20260121,552624,ADV,-36,e0:5a:1b:15:b2:ee,MF002A
RX_CCS_E2_20260121,552728,ADV,-32,e0:5a:1b:15:b2:ee,MF002B
RX_CCS_E2_20260121,552830,ADV,-43,e0:5a:1b:15:b2:ee,MF002C
RX_CCS_E2_20260121,552947,ADV,-36,e0:5a:1b:15:b2:ee,MF002D
RX_CCS_E2_20260121,553043,ADV,-33,e0:5a:1b:15:b2:ee,MF002F
RX_CCS_E2_20260121,553162,ADV,-42,e0:5a:1b:15:b2:ee,MF0030
RX_CCS_E2_20260121,553255,ADV,-36,e0:5a:1b:15:b2:ee,MF0031
RX_CCS_E2_20260121,553360,ADV,-32,e0:5a:1b:15:b2:ee,MF0032
RX_CCS_E2_20260121,553465,ADV,-42,e0:5a:1b:15:b2:ee,MF0033
RX_CCS_E2_20260121,553569,ADV,-36,e0:5a:1b:15:b2:ee,MF0034
RX_CCS_E2_20260121,553675,ADV,-33,e0:5a:1b:15:b2:ee,MF0035
RX_CCS_E2_20260121,553898,ADV,-33,e0:5a:1b:15:b2:ee,MF0037
RX_CCS_E2_20260121,553992,ADV,-43,e0:5a:1b:15:b2:ee,MF0038
RX_CCS_E2_20260121,554096,ADV,-39,e0:5a:1b:15:b2:ee,MF0039
RX_CCS_E2_20260121,554205,ADV,-32,e0:5a:1b:15:b2:ee,MF003A
RX_CCS_E2_20260121,554307,ADV,-42,e0:5a:1b:15:b2:ee,MF003B
RX_CCS_E2_20260121,554415,ADV,-35,e0:5a:1b:15:b2:ee,MF003C
RX_CCS_E2_20260121,554514,ADV,-33,e0:5a:1b:15:b2:ee,MF003D
RX_CCS_E2_20260121,554633,ADV,-42,e0:5a:1b:15:b2:ee,MF003E
RX_CCS_E2_20260121,554840,ADV,-32,e0:5a:1b:15:b2:ee,MF0040
RX_CCS_E2_20260121,554933,ADV,-43,e0:5a:1b:15:b2:ee,MF0041
RX_CCS_E2_20260121,555042,ADV,-36,e0:5a:1b:15:b2:ee,MF0043
RX_CCS_E2_20260121,555150,ADV,-33,e0:5a:1b:15:b2:ee,MF0044
RX_CCS_E2_20260121,555259,ADV,-43,e0:5a:1b:15:b2:ee,MF0045
RX_CCS_E2_20260121,555364,ADV,-36,e0:5a:1b:15:b2:ee,MF0046
RX_CCS_E2_20260121,555465,ADV,-32,e0:5a:1b:15:b2:ee,MF0047
RX_CCS_E2_20260121,555562,ADV,-42,e0:5a:1b:15:b2:ee,MF0048
RX_CCS_E2_20260121,555677,ADV,-39,e0:5a:1b:15:b2:ee,MF0049
RX_CCS_E2_20260121,555777,ADV,-32,e0:5a:1b:15:b2:ee,MF004A
RX_CCS_E2_20260121,556096,ADV,-42,e0:5a:1b:15:b2:ee,MF004D
RX_CCS_E2_20260121,556193,ADV,-36,e0:5a:1b:15:b2:ee,MF004E
RX_CCS_E2_20260121,556297,ADV,-33,e0:5a:1b:15:b2:ee,MF004F
RX_CCS_E2_20260121,556406,ADV,-42,e0:5a:1b:15:b2:ee,MF0050
RX_CCS_E2_20260121,556613,ADV,-32,e0:5a:1b:15:b2:ee,MF0052
RX_CCS_E2_20260121,556711,ADV,-42,e0:5a:1b:15:b2:ee,MF0053
RX_CCS_E2_20260121,556810,ADV,-39,e0:5a:1b:15:b2:ee,MF0054
RX_CCS_E2_20260121,556918,ADV,-32,e0:5a:1b:15:b2:ee,MF0055
RX_CCS_E2_20260121,557022,ADV,-42,e0:5a:1b:15:b2:ee,MF0056
RX_CCS_E2_20260121,557146,ADV,-36,e0:5a:1b:15:b2:ee,MF0057
RX_CCS_E2_20260121,557234,ADV,-32,e0:5a:1b:15:b2:ee,MF0058
RX_CCS_E2_20260121,557342,ADV,-42,e0:5a:1b:15:b2:ee,MF0059
RX_CCS_E2_20260121,557434,ADV,-36,e0:5a:1b:15:b2:ee,MF005A
RX_CCS_E2_20260121,557545,ADV,-33,e0:5a:1b:15:b2:ee,MF005C
RX_CCS_E2_20260121,557659,ADV,-42,e0:5a:1b:15:b2:ee,MF005D
RX_CCS_E2_20260121,557764,ADV,-35,e0:5a:1b:15:b2:ee,MF005E
RX_CCS_E2_20260121,557857,ADV,-33,e0:5a:1b:15:b2:ee,MF005F
RX_CCS_E2_20260121,557965,ADV,-42,e0:5a:1b:15:b2:ee,MF0060
RX_CCS_E2_20260121,558068,ADV,-35,e0:5a:1b:15:b2:ee,MF0061
RX_CCS_E2_20260121,558499,ADV,-42,e0:5a:1b:15:b2:ee,MF0065
RX_CCS_E2_20260121,558596,ADV,-35,e0:5a:1b:15:b2:ee,MF0066
RX_CCS_E2_20260121,558705,ADV,-33,e0:5a:1b:15:b2:ee,MF0067
RX_CCS_E2_20260121,558808,ADV,-41,e0:5a:1b:15:b2:ee,MF0068
RX_CCS_E2_20260121,558913,ADV,-35,e0:5a:1b:15:b2:ee,MF0069
RX_CCS_E2_20260121,559029,ADV,-32,e0:5a:1b:15:b2:ee,MF006A
RX_CCS_E2_20260121,559128,ADV,-42,e0:5a:1b:15:b2:ee,MF006B
RX_CCS_E2_20260121,559230,ADV,-35,e0:5a:1b:15:b2:ee,MF006C
RX_CCS_E2_20260121,559334,ADV,-33,e0:5a:1b:15:b2:ee,MF006D
RX_CCS_E2_20260121,559443,ADV,-42,e0:5a:1b:15:b2:ee,MF006E
RX_CCS_E2_20260121,559555,ADV,-35,e0:5a:1b:15:b2:ee,MF006F
RX_CCS_E2_20260121,559659,ADV,-33,e0:5a:1b:15:b2:ee,MF0070
RX_CCS_E2_20260121,559739,ADV,-42,e0:5a:1b:15:b2:ee,MF0071
RX_CCS_E2_20260121,559840,ADV,-35,e0:5a:1b:15:b2:ee,MF0073
RX_CCS_E2_20260121,559950,ADV,-33,e0:5a:1b:15:b2:ee,MF0074
RX_CCS_E2_20260121,560156,ADV,-35,e0:5a:1b:15:b2:ee,MF0076
RX_CCS_E2_20260121,560262,ADV,-33,e0:5a:1b:15:b2:ee,MF0077
RX_CCS_E2_20260121,560367,ADV,-42,e0:5a:1b:15:b2:ee,MF0078
RX_CCS_E2_20260121,560478,ADV,-38,e0:5a:1b:15:b2:ee,MF0079
RX_CCS_E2_20260121,560572,ADV,-33,e0:5a:1b:15:b2:ee,MF007A
RX_CCS_E2_20260121,560674,ADV,-42,e0:5a:1b:15:b2:ee,MF007B
RX_CCS_E2_20260121,560773,ADV,-36,e0:5a:1b:15:b2:ee,MF007C
RX_CCS_E2_20260121,561091,ADV,-33,e0:5a:1b:15:b2:ee,MF007F
RX_CCS_E2_20260121,561196,ADV,-42,e0:5a:1b:15:b2:ee,MF0080
RX_CCS_E2_20260121,561295,ADV,-35,e0:5a:1b:15:b2:ee,MF0081
RX_CCS_E2_20260121,561402,ADV,-33,e0:5a:1b:15:b2:ee,MF0082
RX_CCS_E2_20260121,561536,ADV,-42,e0:5a:1b:15:b2:ee,MF0083
RX_CCS_E2_20260121,561630,ADV,-35,e0:5a:1b:15:b2:ee,MF0084
RX_CCS_E2_20260121,561712,ADV,-32,e0:5a:1b:15:b2:ee,MF0085
RX_CCS_E2_20260121,561823,ADV,-42,e0:5a:1b:15:b2:ee,MF0086
RX_CCS_E2_20260121,561928,ADV,-35,e0:5a:1b:15:b2:ee,MF0087
RX_CCS_E2_20260121,562034,ADV,-32,e0:5a:1b:15:b2:ee,MF0088
RX_CCS_E2_20260121,562138,ADV,-42,e0:5a:1b:15:b2:ee,MF0089
RX_CCS_E2_20260121,562241,ADV,-35,e0:5a:1b:15:b2:ee,MF008B
RX_CCS_E2_20260121,562368,ADV,-32,e0:5a:1b:15:b2:ee,MF008C
RX_CCS_E2_20260121,562462,ADV,-42,e0:5a:1b:15:b2:ee,MF008D
RX_CCS_E2_20260121,562571,ADV,-34,e0:5a:1b:15:b2:ee,MF008E
RX_CCS_E2_20260121,562767,ADV,-42,e0:5a:1b:15:b2:ee,MF0090
RX_CCS_E2_20260121,562878,ADV,-35,e0:5a:1b:15:b2:ee,MF0091
RX_CCS_E2_20260121,562977,ADV,-33,e0:5a:1b:15:b2:ee,MF0092
RX_CCS_E2_20260121,563299,ADV,-42,e0:5a:1b:15:b2:ee,MF0095
RX_CCS_E2_20260121,563398,ADV,-35,e0:5a:1b:15:b2:ee,MF0096
RX_CCS_E2_20260121,563613,ADV,-41,e0:5a:1b:15:b2:ee,MF0098
RX_CCS_E2_20260121,563738,ADV,-35,e0:5a:1b:15:b2:ee,MF0099
RX_CCS_E2_20260121,563825,ADV,-32,e0:5a:1b:15:b2:ee,MF009A
RX_CCS_E2_20260121,563933,ADV,-42,e0:5a:1b:15:b2:ee,MF009B
RX_CCS_E2_20260121,564034,ADV,-36,e0:5a:1b:15:b2:ee,MF009C
RX_CCS_E2_20260121,564266,ADV,-43,e0:5a:1b:15:b2:ee,MF009F
RX_CCS_E2_20260121,564351,ADV,-39,e0:5a:1b:15:b2:ee,MF00A0
RX_CCS_E2_20260121,564453,ADV,-33,e0:5a:1b:15:b2:ee,MF00A1
RX_CCS_E2_20260121,564561,ADV,-43,e0:5a:1b:15:b2:ee,MF00A2
RX_CCS_E2_20260121,564667,ADV,-39,e0:5a:1b:15:b2:ee,MF00A3
RX_CCS_E2_20260121,564765,ADV,-32,e0:5a:1b:15:b2:ee,MF00A4
RX_CCS_E2_20260121,564868,ADV,-42,e0:5a:1b:15:b2:ee,MF00A5
RX_CCS_E2_20260121,564969,ADV,-39,e0:5a:1b:15:b2:ee,MF00A6
RX_CCS_E2_20260121,565077,ADV,-32,e0:5a:1b:15:b2:ee,MF00A7
RX_CCS_E2_20260121,565399,ADV,-42,e0:5a:1b:15:b2:ee,MF00AA
RX_CCS_E2_20260121,565497,ADV,-36,e0:5a:1b:15:b2:ee,MF00AB
RX_CCS_E2_20260121,565606,ADV,-33,e0:5a:1b:15:b2:ee,MF00AC
RX_CCS_E2_20260121,565806,ADV,-36,e0:5a:1b:15:b2:ee,MF00AE
RX_CCS_E2_20260121,565924,ADV,-33,e0:5a:1b:15:b2:ee,MF00AF
RX_CCS_E2_20260121,566024,ADV,-43,e0:5a:1b:15:b2:ee,MF00B0
RX_CCS_E2_20260121,566130,ADV,-39,e0:5a:1b:15:b2:ee,MF00B1
RX_CCS_E2_20260121,566256,ADV,-33,e0:5a:1b:15:b2:ee,MF00B3
RX_CCS_E2_20260121,566352,ADV,-42,e0:5a:1b:15:b2:ee,MF00B4
RX_CCS_E2_20260121,566451,ADV,-36,e0:5a:1b:15:b2:ee,MF00B5
RX_CCS_E2_20260121,566559,ADV,-33,e0:5a:1b:15:b2:ee,MF00B6
RX_CCS_E2_20260121,566662,ADV,-42,e0:5a:1b:15:b2:ee,MF00B7
RX_CCS_E2_20260121,566759,ADV,-35,e0:5a:1b:15:b2:ee,MF00B8
RX_CCS_E2_20260121,566864,ADV,-33,e0:5a:1b:15:b2:ee,MF00B9
RX_CCS_E2_20260121,566978,ADV,-43,e0:5a:1b:15:b2:ee,MF00BA
RX_CCS_E2_20260121,567078,ADV,-36,e0:5a:1b:15:b2:ee,MF00BB
RX_CCS_E2_20260121,567297,ADV,-39,e0:5a:1b:15:b2:ee,MF00BD
RX_CCS_E2_20260121,567396,ADV,-32,e0:5a:1b:15:b2:ee,MF00BE
RX_CCS_E2_20260121,567498,ADV,-43,e0:5a:1b:15:b2:ee,MF00BF
RX_CCS_E2_20260121,567599,ADV,-36,e0:5a:1b:15:b2:ee,MF00C0
RX_CCS_E2_20260121,567831,ADV,-43,e0:5a:1b:15:b2:ee,MF00C2
RX_CCS_E2_20260121,567925,ADV,-36,e0:5a:1b:15:b2:ee,MF00C3
RX_CCS_E2_20260121,568031,ADV,-32,e0:5a:1b:15:b2:ee,MF00C4
RX_CCS_E2_20260121,568121,ADV,-42,e0:5a:1b:15:b2:ee,MF00C5
RX_CCS_E2_20260121,568237,ADV,-35,e0:5a:1b:15:b2:ee,MF00C6
RX_CCS_E2_20260121,568442,ADV,-42,e0:5a:1b:15:b2:ee,MF00C9
RX_CCS_E2_20260121,568546,ADV,-35,e0:5a:1b:15:b2:ee,MF00CA
RX_CCS_E2_20260121,568650,ADV,-33,e0:5a:1b:15:b2:ee,MF00CB
RX_CCS_E2_20260121,568756,ADV,-42,e0:5a:1b:15:b2:ee,MF00CC
RX_CCS_E2_20260121,568856,ADV,-36,e0:5a:1b:15:b2:ee,MF00CD
RX_CCS_E2_20260121,568974,ADV,-33,e0:5a:1b:15:b2:ee,MF00CE
RX_CCS_E2_20260121,569073,ADV,-42,e0:5a:1b:15:b2:ee,MF00CF
RX_CCS_E2_20260121,569175,ADV,-36,e0:5a:1b:15:b2:ee,MF00D0
RX_CCS_E2_20260121,569498,ADV,-32,e0:5a:1b:15:b2:ee,MF00D3
RX_CCS_E2_20260121,569601,ADV,-42,e0:5a:1b:15:b2:ee,MF00D4
RX_CCS_E2_20260121,569711,ADV,-36,e0:5a:1b:15:b2:ee,MF00D5
RX_CCS_E2_20260121,569809,ADV,-33,e0:5a:1b:15:b2:ee,MF00D6
RX_CCS_E2_20260121,569943,ADV,-42,e0:5a:1b:15:b2:ee,MF00D7
RX_CCS_E2_20260121,570019,ADV,-35,e0:5a:1b:15:b2:ee,MF00D8
RX_CCS_E2_20260121,570121,ADV,-32,e0:5a:1b:15:b2:ee,MF00D9
RX_CCS_E2_20260121,570223,ADV,-42,e0:5a:1b:15:b2:ee,MF00DA
RX_CCS_E2_20260121,570336,ADV,-35,e0:5a:1b:15:b2:ee,MF00DB
RX_CCS_E2_20260121,570424,ADV,-32,e0:5a:1b:15:b2:ee,MF00DC
RX_CCS_E2_20260121,570541,ADV,-43,e0:5a:1b:15:b2:ee,MF00DD
RX_CCS_E2_20260121,570636,ADV,-34,e0:5a:1b:15:b2:ee,MF00DF
RX_CCS_E2_20260121,570746,ADV,-31,e0:5a:1b:15:b2:ee,MF00E0
RX_CCS_E2_20260121,570853,ADV,-43,e0:5a:1b:15:b2:ee,MF00E1
RX_CCS_E2_20260121,570956,ADV,-35,e0:5a:1b:15:b2:ee,MF00E2
RX_CCS_E2_20260121,571071,ADV,-32,e0:5a:1b:15:b2:ee,MF00E3
RX_CCS_E2_20260121,571178,ADV,-43,e0:5a:1b:15:b2:ee,MF00E4
RX_CCS_E2_20260121,571267,ADV,-35,e0:5a:1b:15:b2:ee,MF00E5
RX_CCS_E2_20260121,571377,ADV,-32,e0:5a:1b:15:b2:ee,MF00E6
RX_CCS_E2_20260121,571477,ADV,-43,e0:5a:1b:15:b2:ee,MF00E7
RX_CCS_E2_20260121,571697,ADV,-42,e0:5a:1b:15:b2:ee,MF00E9
RX_CCS_E2_20260121,571797,ADV,-35,e0:5a:1b:15:b2:ee,MF00EA
RX_CCS_E2_20260121,571899,ADV,-32,e0:5a:1b:15:b2:ee,MF00EB
RX_CCS_E2_20260121,572011,ADV,-42,e0:5a:1b:15:b2:ee,MF00EC
RX_CCS_E2_20260121,572118,ADV,-35,e0:5a:1b:15:b2:ee,MF00ED
RX_CCS_E2_20260121,572226,ADV,-32,e0:5a:1b:15:b2:ee,MF00EE
RX_CCS_E2_20260121,572356,ADV,-43,e0:5a:1b:15:b2:ee,MF00EF
RX_CCS_E2_20260121,572437,ADV,-38,e0:5a:1b:15:b2:ee,MF00F0
RX_CCS_E2_20260121,572538,ADV,-32,e0:5a:1b:15:b2:ee,MF00F1
RX_CCS_E2_20260121,572645,ADV,-42,e0:5a:1b:15:b2:ee,MF00F3
RX_CCS_E2_20260121,572749,ADV,-35,e0:5a:1b:15:b2:ee,MF00F4
RX_CCS_E2_20260121,572854,ADV,-32,e0:5a:1b:15:b2:ee,MF00F5
RX_CCS_E2_20260121,572957,ADV,-42,e0:5a:1b:15:b2:ee,MF00F6
RX_CCS_E2_20260121,573058,ADV,-39,e0:5a:1b:15:b2:ee,MF00F7
RX_CCS_E2_20260121,573177,ADV,-33,e0:5a:1b:15:b2:ee,MF00F8
RX_CCS_E2_20260121,573273,ADV,-42,e0:5a:1b:15:b2:ee,MF00F9
RX_CCS_E2_20260121,573378,ADV,-36,e0:5a:1b:15:b2:ee,MF00FA
RX_CCS_E2_20260121,573698,ADV,-32,e0:5a:1b:15:b2:ee,MF00FD
RX_CCS_E2_20260121,573903,ADV,-34,e0:5a:1b:15:b2:ee,MF00FF
RX_CCS_E2_20260121,574016,ADV,-32,e0:5a:1b:15:b2:ee,MF0100
RX_CCS_E2_20260121,574208,ADV,-35,e0:5a:1b:15:b2:ee,MF0102
RX_CCS_E2_20260121,574317,ADV,-32,e0:5a:1b:15:b2:ee,MF0103
RX_CCS_E2_20260121,574426,ADV,-42,e0:5a:1b:15:b2:ee,MF0104
RX_CCS_E2_20260121,574534,ADV,-35,e0:5a:1b:15:b2:ee,MF0105
RX_CCS_E2_20260121,574637,ADV,-31,e0:5a:1b:15:b2:ee,MF0106
RX_CCS_E2_20260121,574743,ADV,-43,e0:5a:1b:15:b2:ee,MF0108
RX_CCS_E2_20260121,574963,ADV,-31,e0:5a:1b:15:b2:ee,MF010A
RX_CCS_E2_20260121,575070,ADV,-43,e0:5a:1b:15:b2:ee,MF010B
RX_CCS_E2_20260121,575176,ADV,-35,e0:5a:1b:15:b2:ee,MF010C
RX_CCS_E2_20260121,575498,ADV,-32,e0:5a:1b:15:b2:ee,MF010F
RX_CCS_E2_20260121,575597,ADV,-43,e0:5a:1b:15:b2:ee,MF0110
RX_CCS_E2_20260121,575697,ADV,-35,e0:5a:1b:15:b2:ee,MF0111
RX_CCS_E2_20260121,575807,ADV,-32,e0:5a:1b:15:b2:ee,MF0112
RX_CCS_E2_20260121,575920,ADV,-42,e0:5a:1b:15:b2:ee,MF0113
RX_CCS_E2_20260121,576024,ADV,-35,e0:5a:1b:15:b2:ee,MF0114
RX_CCS_E2_20260121,576127,ADV,-32,e0:5a:1b:15:b2:ee,MF0115
RX_CCS_E2_20260121,576236,ADV,-42,e0:5a:1b:15:b2:ee,MF0116
RX_CCS_E2_20260121,576342,ADV,-35,e0:5a:1b:15:b2:ee,MF0118
RX_CCS_E2_20260121,576553,ADV,-42,e0:5a:1b:15:b2:ee,MF011A
RX_CCS_E2_20260121,576650,ADV,-34,e0:5a:1b:15:b2:ee,MF011B
RX_CCS_E2_20260121,576759,ADV,-31,e0:5a:1b:15:b2:ee,MF011C
RX_CCS_E2_20260121,576875,ADV,-42,e0:5a:1b:15:b2:ee,MF011D
RX_CCS_E2_20260121,576977,ADV,-34,e0:5a:1b:15:b2:ee,MF011E
RX_CCS_E2_20260121,577074,ADV,-32,e0:5a:1b:15:b2:ee,MF011F
RX_CCS_E2_20260121,577291,ADV,-31,e0:5a:1b:15:b2:ee,MF0121
RX_CCS_E2_20260121,577399,ADV,-43,e0:5a:1b:15:b2:ee,MF0122
RX_CCS_E2_20260121,577497,ADV,-34,e0:5a:1b:15:b2:ee,MF0123
RX_CCS_E2_20260121,577601,ADV,-31,e0:5a:1b:15:b2:ee,MF0124
RX_CCS_E2_20260121,577709,ADV,-42,e0:5a:1b:15:b2:ee,MF0125
RX_CCS_E2_20260121,577809,ADV,-34,e0:5a:1b:15:b2:ee,MF0126
RX_CCS_E2_20260121,577918,ADV,-32,e0:5a:1b:15:b2:ee,MF0127
RX_CCS_E2_20260121,578028,ADV,-42,e0:5a:1b:15:b2:ee,MF0128
RX_CCS_E2_20260121,578134,ADV,-34,e0:5a:1b:15:b2:ee,MF0129
RX_CCS_E2_20260121,578246,ADV,-31,e0:5a:1b:15:b2:ee,MF012B
RX_CCS_E2_20260121,578358,ADV,-42,e0:5a:1b:15:b2:ee,MF012C
RX_CCS_E2_20260121,578458,ADV,-34,e0:5a:1b:15:b2:ee,MF012D
RX_CCS_E2_20260121,578572,ADV,-31,e0:5a:1b:15:b2:ee,MF012E
RX_CCS_E2_20260121,578675,ADV,-43,e0:5a:1b:15:b2:ee,MF012F
RX_CCS_E2_20260121,578777,ADV,-34,e0:5a:1b:15:b2:ee,MF0130
RX_CCS_E2_20260121,579093,ADV,-32,e0:5a:1b:15:b2:ee,MF0133
RX_CCS_E2_20260121,579207,ADV,-42,e0:5a:1b:15:b2:ee,MF0134
RX_CCS_E2_20260121,579413,ADV,-32,e0:5a:1b:15:b2:ee,MF0136
RX_CCS_E2_20260121,579526,ADV,-43,e0:5a:1b:15:b2:ee,MF0137
RX_CCS_E2_20260121,579624,ADV,-34,e0:5a:1b:15:b2:ee,MF0138
RX_CCS_E2_20260121,579735,ADV,-32,e0:5a:1b:15:b2:ee,MF0139
RX_CCS_E2_20260121,579843,ADV,-43,e0:5a:1b:15:b2:ee,MF013B
RX_CCS_E2_20260121,579949,ADV,-35,e0:5a:1b:15:b2:ee,MF013C
RX_CCS_E2_20260121,580057,ADV,-32,e0:5a:1b:15:b2:ee,MF013D
RX_CCS_E2_20260121,580178,ADV,-43,e0:5a:1b:15:b2:ee,MF013E
RX_CCS_E2_20260121,580272,ADV,-34,e0:5a:1b:15:b2:ee,MF013F
RX_CCS_E2_20260121,580589,ADV,-32,e0:5a:1b:15:b2:ee,MF0142
RX_CCS_E2_20260121,580699,ADV,-43,e0:5a:1b:15:b2:ee,MF0143
RX_CCS_E2_20260121,580797,ADV,-34,e0:5a:1b:15:b2:ee,MF0144
RX_CCS_E2_20260121,580899,ADV,-32,e0:5a:1b:15:b2:ee,MF0145
RX_CCS_E2_20260121,581007,ADV,-43,e0:5a:1b:15:b2:ee,MF0146
RX_CCS_E2_20260121,581320,ADV,-43,e0:5a:1b:15:b2:ee,MF0149
RX_CCS_E2_20260121,581432,ADV,-35,e0:5a:1b:15:b2:ee,MF014A
RX_CCS_E2_20260121,581529,ADV,-32,e0:5a:1b:15:b2:ee,MF014B
RX_CCS_E2_20260121,581632,ADV,-43,e0:5a:1b:15:b2:ee,MF014C
RX_CCS_E2_20260121,581738,ADV,-35,e0:5a:1b:15:b2:ee,MF014D
RX_CCS_E2_20260121,581842,ADV,-32,e0:5a:1b:15:b2:ee,MF014F
RX_CCS_E2_20260121,581943,ADV,-42,e0:5a:1b:15:b2:ee,MF0150
RX_CCS_E2_20260121,582043,ADV,-34,e0:5a:1b:15:b2:ee,MF0151
RX_CCS_E2_20260121,582264,ADV,-42,e0:5a:1b:15:b2:ee,MF0153
RX_CCS_E2_20260121,582363,ADV,-34,e0:5a:1b:15:b2:ee,MF0154
RX_CCS_E2_20260121,582466,ADV,-32,e0:5a:1b:15:b2:ee,MF0155
RX_CCS_E2_20260121,582573,ADV,-42,e0:5a:1b:15:b2:ee,MF0156
RX_CCS_E2_20260121,582793,ADV,-42,e0:5a:1b:15:b2:ee,MF0158
RX_CCS_E2_20260121,582892,ADV,-35,e0:5a:1b:15:b2:ee,MF0159
RX_CCS_E2_20260121,582995,ADV,-31,e0:5a:1b:15:b2:ee,MF015A
RX_CCS_E2_20260121,583306,ADV,-31,e0:5a:1b:15:b2:ee,MF015D
RX_CCS_E2_20260121,583412,ADV,-42,e0:5a:1b:15:b2:ee,MF015E
RX_CCS_E2_20260121,583513,ADV,-34,e0:5a:1b:15:b2:ee,MF015F
RX_CCS_E2_20260121,583612,ADV,-32,e0:5a:1b:15:b2:ee,MF0160
RX_CCS_E2_20260121,583715,ADV,-42,e0:5a:1b:15:b2:ee,MF0161
RX_CCS_E2_20260121,583817,ADV,-34,e0:5a:1b:15:b2:ee,MF0162
RX_CCS_E2_20260121,583924,ADV,-31,e0:5a:1b:15:b2:ee,MF0163
RX_CCS_E2_20260121,584055,ADV,-42,e0:5a:1b:15:b2:ee,MF0164
RX_CCS_E2_20260121,584132,ADV,-34,e0:5a:1b:15:b2:ee,MF0165
RX_CCS_E2_20260121,584238,ADV,-32,e0:5a:1b:15:b2:ee,MF0166
RX_CCS_E2_20260121,584344,ADV,-42,e0:5a:1b:15:b2:ee,MF0168
RX_CCS_E2_20260121,584456,ADV,-34,e0:5a:1b:15:b2:ee,MF0169
RX_CCS_E2_20260121,584560,ADV,-31,e0:5a:1b:15:b2:ee,MF016A
RX_CCS_E2_20260121,584659,ADV,-42,e0:5a:1b:15:b2:ee,MF016B
RX_CCS_E2_20260121,584761,ADV,-34,e0:5a:1b:15:b2:ee,MF016C
RX_CCS_E2_20260121,584860,ADV,-31,e0:5a:1b:15:b2:ee,MF016D
RX_CCS_E2_20260121,584973,ADV,-42,e0:5a:1b:15:b2:ee,MF016E
RX_CCS_E2_20260121,585071,ADV,-34,e0:5a:1b:15:b2:ee,MF016F
RX_CCS_E2_20260121,585174,ADV,-31,e0:5a:1b:15:b2:ee,MF0170
RX_CCS_E2_20260121,585276,ADV,-42,e0:5a:1b:15:b2:ee,MF0171
RX_CCS_E2_20260121,585595,ADV,-35,e0:5a:1b:15:b2:ee,MF0174
RX_CCS_E2_20260121,585699,ADV,-32,e0:5a:1b:15:b2:ee,MF0175
RX_CCS_E2_20260121,585804,ADV,-42,e0:5a:1b:15:b2:ee,MF0176
RX_CCS_E2_20260121,585906,ADV,-34,e0:5a:1b:15:b2:ee,MF0177
RX_CCS_E2_20260121,586016,ADV,-32,e0:5a:1b:15:b2:ee,MF0178
RX_CCS_E2_20260121,586133,ADV,-43,e0:5a:1b:15:b2:ee,MF0179
RX_CCS_E2_20260121,586221,ADV,-35,e0:5a:1b:15:b2:ee,MF017A
RX_CCS_E2_20260121,586326,ADV,-32,e0:5a:1b:15:b2:ee,MF017B
RX_CCS_E2_20260121,586429,ADV,-43,e0:5a:1b:15:b2:ee,MF017C
RX_CCS_E2_20260121,586632,ADV,-32,e0:5a:1b:15:b2:ee,MF017E
RX_CCS_E2_20260121,586744,ADV,-42,e0:5a:1b:15:b2:ee,MF0180
RX_CCS_E2_20260121,586845,ADV,-34,e0:5a:1b:15:b2:ee,MF0181
RX_CCS_E2_20260121,586943,ADV,-32,e0:5a:1b:15:b2:ee,MF0182
RX_CCS_E2_20260121,587059,ADV,-42,e0:5a:1b:15:b2:ee,MF0183
RX_CCS_E2_20260121,587157,ADV,-35,e0:5a:1b:15:b2:ee,MF0184
RX_CCS_E2_20260121,587260,ADV,-32,e0:5a:1b:15:b2:ee,MF0185
RX_CCS_E2_20260121,587363,ADV,-42,e0:5a:1b:15:b2:ee,MF0186
RX_CCS_E2_20260121,587468,ADV,-35,e0:5a:1b:15:b2:ee,MF0187
RX_CCS_E2_20260121,587567,ADV,-32,e0:5a:1b:15:b2:ee,MF0188
RX_CCS_E2_20260121,587671,ADV,-41,e0:5a:1b:15:b2:ee,MF0189
RX_CCS_E2_20260121,587769,ADV,-35,e0:5a:1b:15:b2:ee,MF018A
RX_CCS_E2_20260121,587877,ADV,-32,e0:5a:1b:15:b2:ee,MF018B
RX_CCS_E2_20260121,588094,ADV,-32,e0:5a:1b:15:b2:ee,MF018D
RX_CCS_E2_20260121,588200,ADV,-41,e0:5a:1b:15:b2:ee,MF018E
RX_CCS_E2_20260121,588297,ADV,-35,e0:5a:1b:15:b2:ee,MF018F
RX_CCS_E2_20260121,588400,ADV,-32,e0:5a:1b:15:b2:ee,MF0190
RX_CCS_E2_20260121,588504,ADV,-41,e0:5a:1b:15:b2:ee,MF0191
RX_CCS_E2_20260121,588606,ADV,-35,e0:5a:1b:15:b2:ee,MF0192
RX_CCS_E2_20260121,588713,ADV,-33,e0:5a:1b:15:b2:ee,MF0193
RX_CCS_E2_20260121,588825,ADV,-42,e0:5a:1b:15:b2:ee,MF0194
RX_CCS_E2_20260121,588923,ADV,-35,e0:5a:1b:15:b2:ee,MF0195
RX_CCS_E2_20260121,589033,ADV,-32,e0:5a:1b:15:b2:ee,MF0196
RX_CCS_E2_20260121,589138,ADV,-41,e0:5a:1b:15:b2:ee,MF0197
RX_CCS_E2_20260121,589239,ADV,-35,e0:5a:1b:15:b2:ee,MF0199
RX_CCS_E2_20260121,589453,ADV,-41,e0:5a:1b:15:b2:ee,MF019B
RX_CCS_E2_20260121,589554,ADV,-35,e0:5a:1b:15:b2:ee,MF019C
RX_CCS_E2_20260121,589660,ADV,-32,e0:5a:1b:15:b2:ee,MF019D
RX_CCS_E2_20260121,589766,ADV,-41,e0:5a:1b:15:b2:ee,MF019E
RX_CCS_E2_20260121,589865,ADV,-35,e0:5a:1b:15:b2:ee,MF019F
RX_CCS_E2_20260121,589966,ADV,-32,e0:5a:1b:15:b2:ee,MF01A0
RX_CCS_E2_20260121,590066,ADV,-42,e0:5a:1b:15:b2:ee,MF01A1
RX_CCS_E2_20260121,590174,ADV,-35,e0:5a:1b:15:b2:ee,MF01A2
RX_CCS_E2_20260121,590276,ADV,-33,e0:5a:1b:15:b2:ee,MF01A3
RX_CCS_E2_20260121,590592,ADV,-41,e0:5a:1b:15:b2:ee,MF01A6
RX_CCS_E2_20260121,590696,ADV,-35,e0:5a:1b:15:b2:ee,MF01A7
RX_CCS_E2_20260121,590807,ADV,-32,e0:5a:1b:15:b2:ee,MF01A8
RX_CCS_E2_20260121,590908,ADV,-40,e0:5a:1b:15:b2:ee,MF01A9
RX_CCS_E2_20260121,591012,ADV,-36,e0:5a:1b:15:b2:ee,MF01AA
RX_CCS_E2_20260121,591129,ADV,-33,e0:5a:1b:15:b2:ee,MF01AB
RX_CCS_E2_20260121,591226,ADV,-42,e0:5a:1b:15:b2:ee,MF01AC
RX_CCS_E2_20260121,591445,ADV,-33,e0:5a:1b:15:b2:ee,MF01AE
RX_CCS_E2_20260121,591544,ADV,-41,e0:5a:1b:15:b2:ee,MF01B0
RX_CCS_E2_20260121,591644,ADV,-39,e0:5a:1b:15:b2:ee,MF01B1
RX_CCS_E2_20260121,591748,ADV,-40,e0:5a:1b:15:b2:ee,MF01B2
RX_CCS_E2_20260121,591856,ADV,-49,e0:5a:1b:15:b2:ee,MF01B3
RX_CCS_E2_20260121,591957,ADV,-43,e0:5a:1b:15:b2:ee,MF01B4
RX_CCS_E2_20260121,592069,ADV,-42,e0:5a:1b:15:b2:ee,MF01B5
RX_CCS_E2_20260121,592167,ADV,-45,e0:5a:1b:15:b2:ee,MF01B6
RX_CCS_E2_20260121,592268,ADV,-35,e0:5a:1b:15:b2:ee,MF01B7
RX_CCS_E2_20260121,592378,ADV,-31,e0:5a:1b:15:b2:ee,MF01B8
RX_CCS_E2_20260121,592691,ADV,-42,e0:5a:1b:15:b2:ee,MF01BB
RX_CCS_E2_20260121,592790,ADV,-35,e0:5a:1b:15:b2:ee,MF01BC
RX_CCS_E2_20260121,592899,ADV,-32,e0:5a:1b:15:b2:ee,MF01BD
RX_CCS_E2_20260121,593002,ADV,-41,e0:5a:1b:15:b2:ee,MF01BE
RX_CCS_E2_20260121,593106,ADV,-34,e0:5a:1b:15:b2:ee,MF01BF
RX_CCS_E2_20260121,593209,ADV,-32,e0:5a:1b:15:b2:ee,MF01C0
RX_CCS_E2_20260121,593320,ADV,-42,e0:5a:1b:15:b2:ee,MF01C1
RX_CCS_E2_20260121,593418,ADV,-34,e0:5a:1b:15:b2:ee,MF01C2
RX_CCS_E2_20260121,593533,ADV,-32,e0:5a:1b:15:b2:ee,MF01C3
RX_CCS_E2_20260121,593632,ADV,-42,e0:5a:1b:15:b2:ee,MF01C4
RX_CCS_E2_20260121,593848,ADV,-32,e0:5a:1b:15:b2:ee,MF01C7
RX_CCS_E2_20260121,593951,ADV,-42,e0:5a:1b:15:b2:ee,MF01C8
RX_CCS_E2_20260121,594049,ADV,-35,e0:5a:1b:15:b2:ee,MF01C9
RX_CCS_E2_20260121,594163,ADV,-32,e0:5a:1b:15:b2:ee,MF01CA
RX_CCS_E2_20260121,594269,ADV,-41,e0:5a:1b:15:b2:ee,MF01CB
RX_CCS_E2_20260121,594368,ADV,-35,e0:5a:1b:15:b2:ee,MF01CC
RX_CCS_E2_20260121,594692,ADV,-31,e0:5a:1b:15:b2:ee,MF01CF
RX_CCS_E2_20260121,595009,ADV,-31,e0:5a:1b:15:b2:ee,MF01D2
RX_CCS_E2_20260121,595113,ADV,-42,e0:5a:1b:15:b2:ee,MF01D3
RX_CCS_E2_20260121,595213,ADV,-35,e0:5a:1b:15:b2:ee,MF01D4
RX_CCS_E2_20260121,595321,ADV,-32,e0:5a:1b:15:b2:ee,MF01D5
RX_CCS_E2_20260121,595431,ADV,-42,e0:5a:1b:15:b2:ee,MF01D6
RX_CCS_E2_20260121,595554,ADV,-35,e0:5a:1b:15:b2:ee,MF01D7
RX_CCS_E2_20260121,595669,ADV,-32,e0:5a:1b:15:b2:ee,MF01D9
RX_CCS_E2_20260121,595758,ADV,-42,e0:5a:1b:15:b2:ee,MF01DA
RX_CCS_E2_20260121,595873,ADV,-34,e0:5a:1b:15:b2:ee,MF01DB
RX_CCS_E2_20260121,595972,ADV,-32,e0:5a:1b:15:b2:ee,MF01DC
RX_CCS_E2_20260121,596070,ADV,-41,e0:5a:1b:15:b2:ee,MF01DD
RX_CCS_E2_20260121,596178,ADV,-35,e0:5a:1b:15:b2:ee,MF01DE
RX_CCS_E2_20260121,596498,ADV,-31,e0:5a:1b:15:b2:ee,MF01E1
RX_CCS_E2_20260121,596608,ADV,-43,e0:5a:1b:15:b2:ee,MF01E2
RX_CCS_E2_20260121,596706,ADV,-35,e0:5a:1b:15:b2:ee,MF01E3
RX_CCS_E2_20260121,596857,ADV,-32,e0:5a:1b:15:b2:ee,MF01E4
RX_CCS_E2_20260121,596914,ADV,-41,e0:5a:1b:15:b2:ee,MF01E5
RX_CCS_E2_20260121,597013,ADV,-35,e0:5a:1b:15:b2:ee,MF01E6
RX_CCS_E2_20260121,597120,ADV,-32,e0:5a:1b:15:b2:ee,MF01E7
RX_CCS_E2_20260121,597227,ADV,-42,e0:5a:1b:15:b2:ee,MF01E8
RX_CCS_E2_20260121,597327,ADV,-34,e0:5a:1b:15:b2:ee,MF01E9
RX_CCS_E2_20260121,597439,ADV,-32,e0:5a:1b:15:b2:ee,MF01EB
RX_CCS_E2_20260121,597578,ADV,-41,e0:5a:1b:15:b2:ee,MF01EC
RX_CCS_E2_20260121,597647,ADV,-35,e0:5a:1b:15:b2:ee,MF01ED
RX_CCS_E2_20260121,597855,ADV,-41,e0:5a:1b:15:b2:ee,MF01EF
RX_CCS_E2_20260121,597955,ADV,-36,e0:5a:1b:15:b2:ee,MF01F0
RX_CCS_E2_20260121,598060,ADV,-32,e0:5a:1b:15:b2:ee,MF01F1
RX_CCS_E2_20260121,598169,ADV,-42,e0:5a:1b:15:b2:ee,MF01F2
RX_CCS_E2_20260121,598270,ADV,-35,e0:5a:1b:15:b2:ee,MF01F3
RX_CCS_E2_20260121,598378,ADV,-32,e0:5a:1b:15:b2:ee,MF01F4
RX_CCS_E2_20260121,598907,ADV,-32,e0:5a:1b:15:b2:ee,MF01F9
RX_CCS_E2_20260121,599015,ADV,-42,e0:5a:1b:15:b2:ee,MF01FA
RX_CCS_E2_20260121,599142,ADV,-34,e0:5a:1b:15:b2:ee,MF01FB
RX_CCS_E2_20260121,599232,ADV,-32,e0:5a:1b:15:b2:ee,MF01FC
RX_CCS_E2_20260121,599334,ADV,-42,e0:5a:1b:15:b2:ee,MF01FD
RX_CCS_E2_20260121,599445,ADV,-35,e0:5a:1b:15:b2:ee,MF01FF
RX_CCS_E2_20260121,599545,ADV,-32,e0:5a:1b:15:b2:ee,MF0200
RX_CCS_E2_20260121,599650,ADV,-43,e0:5a:1b:15:b2:ee,MF0201
RX_CCS_E2_20260121,599748,ADV,-35,e0:5a:1b:15:b2:ee,MF0202
RX_CCS_E2_20260121,599866,ADV,-32,e0:5a:1b:15:b2:ee,MF0203
RX_CCS_E2_20260121,599960,ADV,-43,e0:5a:1b:15:b2:ee,MF0204
RX_CCS_E2_20260121,600062,ADV,-35,e0:5a:1b:15:b2:ee,MF0205
RX_CCS_E2_20260121,600174,ADV,-32,e0:5a:1b:15:b2:ee,MF0206
RX_CCS_E2_20260121,600378,ADV,-35,e0:5a:1b:15:b2:ee,MF0208
RX_CCS_E2_20260121,600894,ADV,-35,e0:5a:1b:15:b2:ee,MF020D
RX_CCS_E2_20260121,601001,ADV,-32,e0:5a:1b:15:b2:ee,MF020E
RX_CCS_E2_20260121,601103,ADV,-42,e0:5a:1b:15:b2:ee,MF020F
RX_CCS_E2_20260121,601210,ADV,-34,e0:5a:1b:15:b2:ee,MF0210
RX_CCS_E2_20260121,601319,ADV,-32,e0:5a:1b:15:b2:ee,MF0211
RX_CCS_E2_20260121,601431,ADV,-42,e0:5a:1b:15:b2:ee,MF0212
RX_CCS_E2_20260121,601524,ADV,-35,e0:5a:1b:15:b2:ee,MF0213
RX_CCS_E2_20260121,601644,ADV,-32,e0:5a:1b:15:b2:ee,MF0214
RX_CCS_E2_20260121,601753,ADV,-42,e0:5a:1b:15:b2:ee,MF0215
RX_CCS_E2_20260121,601842,ADV,-34,e0:5a:1b:15:b2:ee,MF0217
RX_CCS_E2_20260121,601945,ADV,-32,e0:5a:1b:15:b2:ee,MF0218
RX_CCS_E2_20260121,602078,ADV,-43,e0:5a:1b:15:b2:ee,MF0219
RX_CCS_E2_20260121,602171,ADV,-34,e0:5a:1b:15:b2:ee,MF021A
RX_CCS_E2_20260121,602271,ADV,-32,e0:5a:1b:15:b2:ee,MF021B
RX_CCS_E2_20260121,602361,ADV,-41,e0:5a:1b:15:b2:ee,MF021C
RX_CCS_E2_20260121,602467,ADV,-34,e0:5a:1b:15:b2:ee,MF021D
RX_CCS_E2_20260121,602575,ADV,-31,e0:5a:1b:15:b2:ee,MF021E
RX_CCS_E2_20260121,602794,ADV,-32,e0:5a:1b:15:b2:ee,MF0220
RX_CCS_E2_20260121,602904,ADV,-40,e0:5a:1b:15:b2:ee,MF0221
RX_CCS_E2_20260121,603006,ADV,-33,e0:5a:1b:15:b2:ee,MF0222
RX_CCS_E2_20260121,603110,ADV,-32,e0:5a:1b:15:b2:ee,MF0223
RX_CCS_E2_20260121,603214,ADV,-42,e0:5a:1b:15:b2:ee,MF0224
RX_CCS_E2_20260121,603316,ADV,-39,e0:5a:1b:15:b2:ee,MF0225
RX_CCS_E2_20260121,603414,ADV,-33,e0:5a:1b:15:b2:ee,MF0226
RX_CCS_E2_20260121,603524,ADV,-43,e0:5a:1b:15:b2:ee,MF0227
RX_CCS_E2_20260121,603626,ADV,-35,e0:5a:1b:15:b2:ee,MF0228
RX_CCS_E2_20260121,603729,ADV,-32,e0:5a:1b:15:b2:ee,MF0229
RX_CCS_E2_20260121,603839,ADV,-42,e0:5a:1b:15:b2:ee,MF022A
RX_CCS_E2_20260121,603946,ADV,-33,e0:5a:1b:15:b2:ee,MF022C
RX_CCS_E2_20260121,604049,ADV,-32,e0:5a:1b:15:b2:ee,MF022D
RX_CCS_E2_20260121,604155,ADV,-43,e0:5a:1b:15:b2:ee,MF022E
RX_CCS_E2_20260121,604257,ADV,-35,e0:5a:1b:15:b2:ee,MF022F
RX_CCS_E2_20260121,604367,ADV,-32,e0:5a:1b:15:b2:ee,MF0230
RX_CCS_E2_20260121,604470,ADV,-45,e0:5a:1b:15:b2:ee,MF0231
RX_CCS_E2_20260121,604567,ADV,-35,e0:5a:1b:15:b2:ee,MF0232
RX_CCS_E2_20260121,604675,ADV,-33,e0:5a:1b:15:b2:ee,MF0233
RX_CCS_E2_20260121,605198,ADV,-32,e0:5a:1b:15:b2:ee,MF0238
RX_CCS_E2_20260121,605295,ADV,-42,e0:5a:1b:15:b2:ee,MF0239
RX_CCS_E2_20260121,605399,ADV,-35,e0:5a:1b:15:b2:ee,MF023A
RX_CCS_E2_20260121,605500,ADV,-32,e0:5a:1b:15:b2:ee,MF023B
RX_CCS_E2_20260121,605608,ADV,-42,e0:5a:1b:15:b2:ee,MF023C
RX_CCS_E2_20260121,605714,ADV,-35,e0:5a:1b:15:b2:ee,MF023D
RX_CCS_E2_20260121,605817,ADV,-33,e0:5a:1b:15:b2:ee,MF023E
RX_CCS_E2_20260121,605930,ADV,-41,e0:5a:1b:15:b2:ee,MF023F
RX_CCS_E2_20260121,606032,ADV,-35,e0:5a:1b:15:b2:ee,MF0240
RX_CCS_E2_20260121,606131,ADV,-33,e0:5a:1b:15:b2:ee,MF0241
RX_CCS_E2_20260121,606247,ADV,-41,e0:5a:1b:15:b2:ee,MF0242
RX_CCS_E2_20260121,606337,ADV,-35,e0:5a:1b:15:b2:ee,MF0243
RX_CCS_E2_20260121,606440,ADV,-33,e0:5a:1b:15:b2:ee,MF0245
RX_CCS_E2_20260121,606550,ADV,-42,e0:5a:1b:15:b2:ee,MF0246
RX_CCS_E2_20260121,606667,ADV,-35,e0:5a:1b:15:b2:ee,MF0247
RX_CCS_E2_20260121,606764,ADV,-32,e0:5a:1b:15:b2:ee,MF0248
RX_CCS_E2_20260121,606878,ADV,-42,e0:5a:1b:15:b2:ee,MF0249
RX_CCS_E2_20260121,607212,ADV,-34,e0:5a:1b:15:b2:ee,MF024C
RX_CCS_E2_20260121,607304,ADV,-32,e0:5a:1b:15:b2:ee,MF024D
RX_CCS_E2_20260121,607413,ADV,-43,e0:5a:1b:15:b2:ee,MF024E
RX_CCS_E2_20260121,607514,ADV,-34,e0:5a:1b:15:b2:ee,MF024F
RX_CCS_E2_20260121,607639,ADV,-32,e0:5a:1b:15:b2:ee,MF0250
RX_CCS_E2_20260121,607720,ADV,-41,e0:5a:1b:15:b2:ee,MF0251
RX_CCS_E2_20260121,607837,ADV,-35,e0:5a:1b:15:b2:ee,MF0252
RX_CCS_E2_20260121,607939,ADV,-31,e0:5a:1b:15:b2:ee,MF0254
RX_CCS_E2_20260121,608057,ADV,-43,e0:5a:1b:15:b2:ee,MF0255
RX_CCS_E2_20260121,608148,ADV,-35,e0:5a:1b:15:b2:ee,MF0256
RX_CCS_E2_20260121,608251,ADV,-31,e0:5a:1b:15:b2:ee,MF0257
RX_CCS_E2_20260121,608369,ADV,-41,e0:5a:1b:15:b2:ee,MF0258
RX_CCS_E2_20260121,608461,ADV,-35,e0:5a:1b:15:b2:ee,MF0259
RX_CCS_E2_20260121,608678,ADV,-42,e0:5a:1b:15:b2:ee,MF025B
RX_CCS_E2_20260121,608769,ADV,-34,e0:5a:1b:15:b2:ee,MF025C
RX_CCS_E2_20260121,609200,ADV,-42,e0:5a:1b:15:b2:ee,MF0260
RX_CCS_E2_20260121,609300,ADV,-35,e0:5a:1b:15:b2:ee,MF0261
RX_CCS_E2_20260121,609404,ADV,-32,e0:5a:1b:15:b2:ee,MF0262
RX_CCS_E2_20260121,609510,ADV,-42,e0:5a:1b:15:b2:ee,MF0263
RX_CCS_E2_20260121,609615,ADV,-34,e0:5a:1b:15:b2:ee,MF0264
RX_CCS_E2_20260121,609720,ADV,-31,e0:5a:1b:15:b2:ee,MF0265
RX_CCS_E2_20260121,609823,ADV,-42,e0:5a:1b:15:b2:ee,MF0266
RX_CCS_E2_20260121,609936,ADV,-34,e0:5a:1b:15:b2:ee,MF0267
RX_CCS_E2_20260121,610045,ADV,-32,e0:5a:1b:15:b2:ee,MF0268
RX_CCS_E2_20260121,610136,ADV,-41,e0:5a:1b:15:b2:ee,MF0269
RX_CCS_E2_20260121,610239,ADV,-35,e0:5a:1b:15:b2:ee,MF026B
RX_CCS_E2_20260121,610346,ADV,-32,e0:5a:1b:15:b2:ee,MF026C
RX_CCS_E2_20260121,610470,ADV,-42,e0:5a:1b:15:b2:ee,MF026D
RX_CCS_E2_20260121,610561,ADV,-34,e0:5a:1b:15:b2:ee,MF026E
RX_CCS_E2_20260121,610678,ADV,-31,e0:5a:1b:15:b2:ee,MF026F
RX_CCS_E2_20260121,610771,ADV,-42,e0:5a:1b:15:b2:ee,MF0270
RX_CCS_E2_20260121,610865,ADV,-35,e0:5a:1b:15:b2:ee,MF0271
RX_CCS_E2_20260121,610975,ADV,-32,e0:5a:1b:15:b2:ee,MF0272
RX_CCS_E2_20260121,611199,ADV,-31,e0:5a:1b:15:b2:ee,MF0274
RX_CCS_E2_20260121,611300,ADV,-42,e0:5a:1b:15:b2:ee,MF0275
RX_CCS_E2_20260121,611401,ADV,-35,e0:5a:1b:15:b2:ee,MF0276
RX_CCS_E2_20260121,611504,ADV,-31,e0:5a:1b:15:b2:ee,MF0277
RX_CCS_E2_20260121,611626,ADV,-42,e0:5a:1b:15:b2:ee,MF0278
RX_CCS_E2_20260121,611821,ADV,-32,e0:5a:1b:15:b2:ee,MF027A
RX_CCS_E2_20260121,611930,ADV,-42,e0:5a:1b:15:b2:ee,MF027B
RX_CCS_E2_20260121,612040,ADV,-35,e0:5a:1b:15:b2:ee,MF027C
RX_CCS_E2_20260121,612139,ADV,-32,e0:5a:1b:15:b2:ee,MF027D
RX_CCS_E2_20260121,612239,ADV,-42,e0:5a:1b:15:b2:ee,MF027E
RX_CCS_E2_20260121,612357,ADV,-35,e0:5a:1b:15:b2:ee,MF0280
RX_CCS_E2_20260121,612466,ADV,-32,e0:5a:1b:15:b2:ee,MF0281
RX_CCS_E2_20260121,612560,ADV,-43,e0:5a:1b:15:b2:ee,MF0282
RX_CCS_E2_20260121,612678,ADV,-35,e0:5a:1b:15:b2:ee,MF0283
RX_CCS_E2_20260121,612778,ADV,-32,e0:5a:1b:15:b2:ee,MF0284
RX_CCS_E2_20260121,612878,ADV,-42,e0:5a:1b:15:b2:ee,MF0285
RX_CCS_E2_20260121,613299,ADV,-32,e0:5a:1b:15:b2:ee,MF0289
RX_CCS_E2_20260121,613400,ADV,-41,e0:5a:1b:15:b2:ee,MF028A
RX_CCS_E2_20260121,613503,ADV,-35,e0:5a:1b:15:b2:ee,MF028B
RX_CCS_E2_20260121,613621,ADV,-32,e0:5a:1b:15:b2:ee,MF028C
RX_CCS_E2_20260121,613719,ADV,-41,e0:5a:1b:15:b2:ee,MF028D
RX_CCS_E2_20260121,613820,ADV,-34,e0:5a:1b:15:b2:ee,MF028E
RX_CCS_E2_20260121,613930,ADV,-32,e0:5a:1b:15:b2:ee,MF028F
RX_CCS_E2_20260121,614050,ADV,-41,e0:5a:1b:15:b2:ee,MF0290
RX_CCS_E2_20260121,614136,ADV,-34,e0:5a:1b:15:b2:ee,MF0291
RX_CCS_E2_20260121,614242,ADV,-32,e0:5a:1b:15:b2:ee,MF0293
RX_CCS_E2_20260121,614349,ADV,-41,e0:5a:1b:15:b2:ee,MF0294
RX_CCS_E2_20260121,614449,ADV,-34,e0:5a:1b:15:b2:ee,MF0295
RX_CCS_E2_20260121,614559,ADV,-32,e0:5a:1b:15:b2:ee,MF0296
RX_CCS_E2_20260121,614673,ADV,-41,e0:5a:1b:15:b2:ee,MF0297
RX_CCS_E2_20260121,614762,ADV,-34,e0:5a:1b:15:b2:ee,MF0298
RX_CCS_E2_20260121,614869,ADV,-32,e0:5a:1b:15:b2:ee,MF0299
RX_CCS_E2_20260121,614977,ADV,-41,e0:5a:1b:15:b2:ee,MF029A
RX_CCS_E2_20260121,615078,ADV,-34,e0:5a:1b:15:b2:ee,MF029B
RX_CCS_E2_20260121,615394,ADV,-32,e0:5a:1b:15:b2:ee,MF029E
RX_CCS_E2_20260121,615499,ADV,-41,e0:5a:1b:15:b2:ee,MF029F
RX_CCS_E2_20260121,615604,ADV,-34,e0:5a:1b:15:b2:ee,MF02A0
RX_CCS_E2_20260121,615711,ADV,-32,e0:5a:1b:15:b2:ee,MF02A1
RX_CCS_E2_20260121,615823,ADV,-41,e0:5a:1b:15:b2:ee,MF02A2
RX_CCS_E2_20260121,615922,ADV,-34,e0:5a:1b:15:b2:ee,MF02A3
RX_CCS_E2_20260121,616042,ADV,-32,e0:5a:1b:15:b2:ee,MF02A4
RX_CCS_E2_20260121,616141,ADV,-41,e0:5a:1b:15:b2:ee,MF02A5
RX_CCS_E2_20260121,616257,ADV,-34,e0:5a:1b:15:b2:ee,MF02A7
RX_CCS_E2_20260121,616364,ADV,-32,e0:5a:1b:15:b2:ee,MF02A8
RX_CCS_E2_20260121,616458,ADV,-41,e0:5a:1b:15:b2:ee,MF02A9
RX_CCS_E2_20260121,616561,ADV,-34,e0:5a:1b:15:b2:ee,MF02AA
RX_CCS_E2_20260121,616667,ADV,-32,e0:5a:1b:15:b2:ee,MF02AB
RX_CCS_E2_20260121,616778,ADV,-41,e0:5a:1b:15:b2:ee,MF02AC
RX_CCS_E2_20260121,616875,ADV,-35,e0:5a:1b:15:b2:ee,MF02AD
RX_CCS_E2_20260121,617095,ADV,-34,e0:5a:1b:15:b2:ee,MF02AF
RX_CCS_E2_20260121,617197,ADV,-32,e0:5a:1b:15:b2:ee,MF02B0
RX_CCS_E2_20260121,617302,ADV,-41,e0:5a:1b:15:b2:ee,MF02B1
RX_CCS_E2_20260121,617405,ADV,-34,e0:5a:1b:15:b2:ee,MF02B2
RX_CCS_E2_20260121,617506,ADV,-32,e0:5a:1b:15:b2:ee,MF02B3
RX_CCS_E2_20260121,617634,ADV,-41,e0:5a:1b:15:b2:ee,MF02B4
RX_CCS_E2_20260121,617715,ADV,-34,e0:5a:1b:15:b2:ee,MF02B5
RX_CCS_E2_20260121,617819,ADV,-32,e0:5a:1b:15:b2:ee,MF02B6
RX_CCS_E2_20260121,617924,ADV,-41,e0:5a:1b:15:b2:ee,MF02B7
RX_CCS_E2_20260121,618026,ADV,-34,e0:5a:1b:15:b2:ee,MF02B8
RX_CCS_E2_20260121,618130,ADV,-32,e0:5a:1b:15:b2:ee,MF02B9
RX_CCS_E2_20260121,618266,ADV,-41,e0:5a:1b:15:b2:ee,MF02BA
RX_CCS_E2_20260121,618336,ADV,-34,e0:5a:1b:15:b2:ee,MF02BB
RX_CCS_E2_20260121,618461,ADV,-32,e0:5a:1b:15:b2:ee,MF02BD
RX_CCS_E2_20260121,618557,ADV,-41,e0:5a:1b:15:b2:ee,MF02BE
RX_CCS_E2_20260121,618678,ADV,-34,e0:5a:1b:15:b2:ee,MF02BF
RX_CCS_E2_20260121,618771,ADV,-32,e0:5a:1b:15:b2:ee,MF02C0
RX_CCS_E2_20260121,618874,ADV,-42,e0:5a:1b:15:b2:ee,MF02C1
RX_CCS_E2_20260121,618978,ADV,-34,e0:5a:1b:15:b2:ee,MF02C2
RX_CCS_E2_20260121,619391,ADV,-40,e0:5a:1b:15:b2:ee,MF02C6
RX_CCS_E2_20260121,619600,ADV,-32,e0:5a:1b:15:b2:ee,MF02C8
RX_CCS_E2_20260121,619698,ADV,-41,e0:5a:1b:15:b2:ee,MF02C9
RX_CCS_E2_20260121,619803,ADV,-68,e0:5a:1b:15:b2:ee,MF02CA
RX_CCS_E2_20260121,619903,ADV,-32,e0:5a:1b:15:b2:ee,MF02CB
RX_CCS_E2_20260121,620010,ADV,-41,e0:5a:1b:15:b2:ee,MF02CC
RX_CCS_E2_20260121,620126,ADV,-34,e0:5a:1b:15:b2:ee,MF02CD
RX_CCS_E2_20260121,620221,ADV,-31,e0:5a:1b:15:b2:ee,MF02CE
RX_CCS_E2_20260121,620329,ADV,-42,e0:5a:1b:15:b2:ee,MF02CF
RX_CCS_E2_20260121,620421,ADV,-34,e0:5a:1b:15:b2:ee,MF02D0
RX_CCS_E2_20260121,620525,ADV,-32,e0:5a:1b:15:b2:ee,MF02D1
RX_CCS_E2_20260121,620644,ADV,-41,e0:5a:1b:15:b2:ee,MF02D2
RX_CCS_E2_20260121,620749,ADV,-34,e0:5a:1b:15:b2:ee,MF02D3
RX_CCS_E2_20260121,620844,ADV,-32,e0:5a:1b:15:b2:ee,MF02D5
RX_CCS_E2_20260121,620947,ADV,-42,e0:5a:1b:15:b2:ee,MF02D6
RX_CCS_E2_20260121,621047,ADV,-34,e0:5a:1b:15:b2:ee,MF02D7
RX_CCS_E2_20260121,621155,ADV,-31,e0:5a:1b:15:b2:ee,MF02D8
RX_CCS_E2_20260121,621266,ADV,-42,e0:5a:1b:15:b2:ee,MF02D9
RX_CCS_E2_20260121,621364,ADV,-34,e0:5a:1b:15:b2:ee,MF02DA
RX_CCS_E2_20260121,621468,ADV,-31,e0:5a:1b:15:b2:ee,MF02DB
RX_CCS_E2_20260121,621578,ADV,-42,e0:5a:1b:15:b2:ee,MF02DC
RX_CCS_E2_20260121,621801,ADV,-42,e0:5a:1b:15:b2:ee,MF02DE
RX_CCS_E2_20260121,621899,ADV,-34,e0:5a:1b:15:b2:ee,MF02DF
RX_CCS_E2_20260121,621998,ADV,-32,e0:5a:1b:15:b2:ee,MF02E0
RX_CCS_E2_20260121,622108,ADV,-42,e0:5a:1b:15:b2:ee,MF02E1
RX_CCS_E2_20260121,622221,ADV,-35,e0:5a:1b:15:b2:ee,MF02E2
RX_CCS_E2_20260121,622310,ADV,-32,e0:5a:1b:15:b2:ee,MF02E3
RX_CCS_E2_20260121,622419,ADV,-42,e0:5a:1b:15:b2:ee,MF02E4
RX_CCS_E2_20260121,622518,ADV,-35,e0:5a:1b:15:b2:ee,MF02E5
RX_CCS_E2_20260121,622620,ADV,-32,e0:5a:1b:15:b2:ee,MF02E6
RX_CCS_E2_20260121,622734,ADV,-42,e0:5a:1b:15:b2:ee,MF02E7
RX_CCS_E2_20260121,622831,ADV,-34,e0:5a:1b:15:b2:ee,MF02E8
RX_CCS_E2_20260121,622950,ADV,-32,e0:5a:1b:15:b2:ee,MF02E9
RX_CCS_E2_20260121,623047,ADV,-42,e0:5a:1b:15:b2:ee,MF02EB
RX_CCS_E2_20260121,623152,ADV,-35,e0:5a:1b:15:b2:ee,MF02EC
RX_CCS_E2_20260121,623261,ADV,-32,e0:5a:1b:15:b2:ee,MF02ED
RX_CCS_E2_20260121,623465,ADV,-35,e0:5a:1b:15:b2:ee,MF02EF
RX_CCS_E2_20260121,623577,ADV,-32,e0:5a:1b:15:b2:ee,MF02F0
RX_CCS_E2_20260121,623897,ADV,-42,e0:5a:1b:15:b2:ee,MF02F3
RX_CCS_E2_20260121,623998,ADV,-35,e0:5a:1b:15:b2:ee,MF02F4
RX_CCS_E2_20260121,624117,ADV,-32,e0:5a:1b:15:b2:ee,MF02F5
RX_CCS_E2_20260121,624213,ADV,-42,e0:5a:1b:15:b2:ee,MF02F6
RX_CCS_E2_20260121,624315,ADV,-35,e0:5a:1b:15:b2:ee,MF02F7
RX_CCS_E2_20260121,624418,ADV,-32,e0:5a:1b:15:b2:ee,MF02F8
RX_CCS_E2_20260121,624523,ADV,-42,e0:5a:1b:15:b2:ee,MF02F9
RX_CCS_E2_20260121,624621,ADV,-35,e0:5a:1b:15:b2:ee,MF02FA
RX_CCS_E2_20260121,624742,ADV,-32,e0:5a:1b:15:b2:ee,MF02FB
RX_CCS_E2_20260121,624841,ADV,-42,e0:5a:1b:15:b2:ee,MF02FD
RX_CCS_E2_20260121,624941,ADV,-35,e0:5a:1b:15:b2:ee,MF02FE
RX_CCS_E2_20260121,625045,ADV,-32,e0:5a:1b:15:b2:ee,MF02FF
RX_CCS_E2_20260121,625157,ADV,-42,e0:5a:1b:15:b2:ee,MF0300
RX_CCS_E2_20260121,625261,ADV,-35,e0:5a:1b:15:b2:ee,MF0301
RX_CCS_E2_20260121,625373,ADV,-32,e0:5a:1b:15:b2:ee,MF0302
RX_CCS_E2_20260121,625696,ADV,-41,e0:5a:1b:15:b2:ee,MF0305
RX_CCS_E2_20260121,625790,ADV,-34,e0:5a:1b:15:b2:ee,MF0306
RX_CCS_E2_20260121,625900,ADV,-32,e0:5a:1b:15:b2:ee,MF0307
RX_CCS_E2_20260121,626009,ADV,-42,e0:5a:1b:15:b2:ee,MF0308
RX_CCS_E2_20260121,626111,ADV,-35,e0:5a:1b:15:b2:ee,MF0309
RX_CCS_E2_20260121,626428,ADV,-35,e0:5a:1b:15:b2:ee,MF030C
RX_CCS_E2_20260121,626537,ADV,-32,e0:5a:1b:15:b2:ee,MF030D
RX_CCS_E2_20260121,626746,ADV,-35,e0:5a:1b:15:b2:ee,MF0310
RX_CCS_E2_20260121,626857,ADV,-32,e0:5a:1b:15:b2:ee,MF0311
RX_CCS_E2_20260121,626959,ADV,-42,e0:5a:1b:15:b2:ee,MF0312
RX_CCS_E2_20260121,627065,ADV,-35,e0:5a:1b:15:b2:ee,MF0313
RX_CCS_E2_20260121,627178,ADV,-33,e0:5a:1b:15:b2:ee,MF0314
RX_CCS_E2_20260121,627278,ADV,-41,e0:5a:1b:15:b2:ee,MF0315
RX_CCS_E2_20260121,627591,ADV,-35,e0:5a:1b:15:b2:ee,MF0318
RX_CCS_E2_20260121,627700,ADV,-32,e0:5a:1b:15:b2:ee,MF0319
RX_CCS_E2_20260121,627804,ADV,-42,e0:5a:1b:15:b2:ee,MF031A
RX_CCS_E2_20260121,627903,ADV,-34,e0:5a:1b:15:b2:ee,MF031B
RX_CCS_E2_20260121,628018,ADV,-32,e0:5a:1b:15:b2:ee,MF031C
RX_CCS_E2_20260121,628114,ADV,-41,e0:5a:1b:15:b2:ee,MF031D
RX_CCS_E2_20260121,628218,ADV,-34,e0:5a:1b:15:b2:ee,MF031E
RX_CCS_E2_20260121,628328,ADV,-32,e0:5a:1b:15:b2:ee,MF031F
RX_CCS_E2_20260121,628433,ADV,-41,e0:5a:1b:15:b2:ee,MF0320
RX_CCS_E2_20260121,628557,ADV,-34,e0:5a:1b:15:b2:ee,MF0322
RX_CCS_E2_20260121,628642,ADV,-32,e0:5a:1b:15:b2:ee,MF0323
RX_CCS_E2_20260121,628878,ADV,-34,e0:5a:1b:15:b2:ee,MF0325
RX_CCS_E2_20260121,628962,ADV,-32,e0:5a:1b:15:b2:ee,MF0326
RX_CCS_E2_20260121,629078,ADV,-41,e0:5a:1b:15:b2:ee,MF0327
RX_CCS_E2_20260121,629175,ADV,-35,e0:5a:1b:15:b2:ee,MF0328
RX_CCS_E2_20260121,629407,ADV,-34,e0:5a:1b:15:b2:ee,MF032A
RX_CCS_E2_20260121,629491,ADV,-32,e0:5a:1b:15:b2:ee,MF032B
RX_CCS_E2_20260121,629599,ADV,-41,e0:5a:1b:15:b2:ee,MF032C
RX_CCS_E2_20260121,629698,ADV,-34,e0:5a:1b:15:b2:ee,MF032D
RX_CCS_E2_20260121,629801,ADV,-32,e0:5a:1b:15:b2:ee,MF032E
RX_CCS_E2_20260121,629911,ADV,-41,e0:5a:1b:15:b2:ee,MF032F
RX_CCS_E2_20260121,630022,ADV,-34,e0:5a:1b:15:b2:ee,MF0330
RX_CCS_E2_20260121,630122,ADV,-32,e0:5a:1b:15:b2:ee,MF0331
RX_CCS_E2_20260121,630231,ADV,-42,e0:5a:1b:15:b2:ee,MF0332
RX_CCS_E2_20260121,630339,ADV,-35,e0:5a:1b:15:b2:ee,MF0333
RX_CCS_E2_20260121,630445,ADV,-32,e0:5a:1b:15:b2:ee,MF0335
RX_CCS_E2_20260121,630549,ADV,-41,e0:5a:1b:15:b2:ee,MF0336
RX_CCS_E2_20260121,630656,ADV,-34,e0:5a:1b:15:b2:ee,MF0337
RX_CCS_E2_20260121,630778,ADV,-32,e0:5a:1b:15:b2:ee,MF0338
RX_CCS_E2_20260121,630867,ADV,-42,e0:5a:1b:15:b2:ee,MF0339
RX_CCS_E2_20260121,630970,ADV,-34,e0:5a:1b:15:b2:ee,MF033A
RX_CCS_E2_20260121,631078,ADV,-32,e0:5a:1b:15:b2:ee,MF033B
RX_CCS_E2_20260121,631599,ADV,-32,e0:5a:1b:15:b2:ee,MF0340
RX_CCS_E2_20260121,631709,ADV,-41,e0:5a:1b:15:b2:ee,MF0341
RX_CCS_E2_20260121,631808,ADV,-35,e0:5a:1b:15:b2:ee,MF0342
RX_CCS_E2_20260121,631915,ADV,-32,e0:5a:1b:15:b2:ee,MF0343
RX_CCS_E2_20260121,632019,ADV,-42,e0:5a:1b:15:b2:ee,MF0344
RX_CCS_E2_20260121,632125,ADV,-35,e0:5a:1b:15:b2:ee,MF0345
RX_CCS_E2_20260121,632230,ADV,-32,e0:5a:1b:15:b2:ee,MF0346
RX_CCS_E2_20260121,632341,ADV,-42,e0:5a:1b:15:b2:ee,MF0347
RX_CCS_E2_20260121,632440,ADV,-35,e0:5a:1b:15:b2:ee,MF0349
RX_CCS_E2_20260121,632547,ADV,-32,e0:5a:1b:15:b2:ee,MF034A
RX_CCS_E2_20260121,632654,ADV,-42,e0:5a:1b:15:b2:ee,MF034B
RX_CCS_E2_20260121,632754,ADV,-35,e0:5a:1b:15:b2:ee,MF034C
RX_CCS_E2_20260121,632864,ADV,-32,e0:5a:1b:15:b2:ee,MF034D
RX_CCS_E2_20260121,632972,ADV,-42,e0:5a:1b:15:b2:ee,MF034E
RX_CCS_E2_20260121,633075,ADV,-35,e0:5a:1b:15:b2:ee,MF034F
RX_CCS_E2_20260121,633299,ADV,-35,e0:5a:1b:15:b2:ee,MF0351
RX_CCS_E2_20260121,633400,ADV,-32,e0:5a:1b:15:b2:ee,MF0352
RX_CCS_E2_20260121,633509,ADV,-42,e0:5a:1b:15:b2:ee,MF0353
RX_CCS_E2_20260121,633605,ADV,-34,e0:5a:1b:15:b2:ee,MF0354
RX_CCS_E2_20260121,633713,ADV,-32,e0:5a:1b:15:b2:ee,MF0355
RX_CCS_E2_20260121,633823,ADV,-42,e0:5a:1b:15:b2:ee,MF0356
RX_CCS_E2_20260121,633923,ADV,-35,e0:5a:1b:15:b2:ee,MF0357
RX_CCS_E2_20260121,634025,ADV,-32,e0:5a:1b:15:b2:ee,MF0358
RX_CCS_E2_20260121,634144,ADV,-42,e0:5a:1b:15:b2:ee,MF0359
RX_CCS_E2_20260121,634235,ADV,-34,e0:5a:1b:15:b2:ee,MF035A
RX_CCS_E2_20260121,634345,ADV,-32,e0:5a:1b:15:b2:ee,MF035C
RX_CCS_E2_20260121,634447,ADV,-42,e0:5a:1b:15:b2:ee,MF035D
RX_CCS_E2_20260121,634545,ADV,-35,e0:5a:1b:15:b2:ee,MF035E
RX_CCS_E2_20260121,634654,ADV,-32,e0:5a:1b:15:b2:ee,MF035F
RX_CCS_E2_20260121,634754,ADV,-41,e0:5a:1b:15:b2:ee,MF0360
RX_CCS_E2_20260121,634867,ADV,-35,e0:5a:1b:15:b2:ee,MF0361
RX_CCS_E2_20260121,634966,ADV,-32,e0:5a:1b:15:b2:ee,MF0362
RX_CCS_E2_20260121,635066,ADV,-42,e0:5a:1b:15:b2:ee,MF0363
RX_CCS_E2_20260121,635164,ADV,-35,e0:5a:1b:15:b2:ee,MF0364
RX_CCS_E2_20260121,635274,ADV,-32,e0:5a:1b:15:b2:ee,MF0365
RX_CCS_E2_20260121,635378,ADV,-42,e0:5a:1b:15:b2:ee,MF0366
RX_CCS_E2_20260121,635478,ADV,-34,e0:5a:1b:15:b2:ee,MF0367
RX_CCS_E2_20260121,635901,ADV,-41,e0:5a:1b:15:b2:ee,MF036B
RX_CCS_E2_20260121,635993,ADV,-34,e0:5a:1b:15:b2:ee,MF036C
RX_CCS_E2_20260121,636100,ADV,-32,e0:5a:1b:15:b2:ee,MF036D
RX_CCS_E2_20260121,636210,ADV,-41,e0:5a:1b:15:b2:ee,MF036E
RX_CCS_E2_20260121,636323,ADV,-35,e0:5a:1b:15:b2:ee,MF036F
RX_CCS_E2_20260121,636433,ADV,-33,e0:5a:1b:15:b2:ee,MF0370
RX_CCS_E2_20260121,636516,ADV,-41,e0:5a:1b:15:b2:ee,MF0371
RX_CCS_E2_20260121,636620,ADV,-35,e0:5a:1b:15:b2:ee,MF0372
RX_CCS_E2_20260121,636739,ADV,-32,e0:5a:1b:15:b2:ee,MF0373
RX_CCS_E2_20260121,636832,ADV,-41,e0:5a:1b:15:b2:ee,MF0374
RX_CCS_E2_20260121,636936,ADV,-35,e0:5a:1b:15:b2:ee,MF0375
RX_CCS_E2_20260121,637038,ADV,-33,e0:5a:1b:15:b2:ee,MF0377
RX_CCS_E2_20260121,637154,ADV,-41,e0:5a:1b:15:b2:ee,MF0378
RX_CCS_E2_20260121,637248,ADV,-34,e0:5a:1b:15:b2:ee,MF0379
RX_CCS_E2_20260121,637356,ADV,-32,e0:5a:1b:15:b2:ee,MF037A
RX_CCS_E2_20260121,637455,ADV,-42,e0:5a:1b:15:b2:ee,MF037B
RX_CCS_E2_20260121,637656,ADV,-32,e0:5a:1b:15:b2:ee,MF037D
RX_CCS_E2_20260121,637759,ADV,-42,e0:5a:1b:15:b2:ee,MF037E
RX_CCS_E2_20260121,637860,ADV,-35,e0:5a:1b:15:b2:ee,MF037F
RX_CCS_E2_20260121,637964,ADV,-32,e0:5a:1b:15:b2:ee,MF0380
RX_CCS_E2_20260121,638077,ADV,-42,e0:5a:1b:15:b2:ee,MF0381
RX_CCS_E2_20260121,638495,ADV,-32,e0:5a:1b:15:b2:ee,MF0385
RX_CCS_E2_20260121,638600,ADV,-42,e0:5a:1b:15:b2:ee,MF0386
RX_CCS_E2_20260121,638706,ADV,-35,e0:5a:1b:15:b2:ee,MF0387
RX_CCS_E2_20260121,638807,ADV,-32,e0:5a:1b:15:b2:ee,MF0388
RX_CCS_E2_20260121,638920,ADV,-42,e0:5a:1b:15:b2:ee,MF0389
RX_CCS_E2_20260121,639025,ADV,-34,e0:5a:1b:15:b2:ee,MF038A
RX_CCS_E2_20260121,639127,ADV,-33,e0:5a:1b:15:b2:ee,MF038B
RX_CCS_E2_20260121,639234,ADV,-42,e0:5a:1b:15:b2:ee,MF038C
RX_CCS_E2_20260121,639325,ADV,-35,e0:5a:1b:15:b2:ee,MF038D
RX_CCS_E2_20260121,639428,ADV,-32,e0:5a:1b:15:b2:ee,MF038E
RX_CCS_E2_20260121,639532,ADV,-41,e0:5a:1b:15:b2:ee,MF038F
RX_CCS_E2_20260121,639635,ADV,-34,e0:5a:1b:15:b2:ee,MF0390
RX_CCS_E2_20260121,639744,ADV,-32,e0:5a:1b:15:b2:ee,MF0392
RX_CCS_E2_20260121,639853,ADV,-42,e0:5a:1b:15:b2:ee,MF0393
RX_CCS_E2_20260121,640069,ADV,-32,e0:5a:1b:15:b2:ee,MF0395
RX_CCS_E2_20260121,640176,ADV,-42,e0:5a:1b:15:b2:ee,MF0396
RX_CCS_E2_20260121,640401,ADV,-42,e0:5a:1b:15:b2:ee,MF0398
RX_CCS_E2_20260121,640594,ADV,-32,e0:5a:1b:15:b2:ee,MF039A
RX_CCS_E2_20260121,640706,ADV,-42,e0:5a:1b:15:b2:ee,MF039B
RX_CCS_E2_20260121,640804,ADV,-35,e0:5a:1b:15:b2:ee,MF039C
RX_CCS_E2_20260121,640908,ADV,-32,e0:5a:1b:15:b2:ee,MF039D
RX_CCS_E2_20260121,641017,ADV,-42,e0:5a:1b:15:b2:ee,MF039E
RX_CCS_E2_20260121,641123,ADV,-35,e0:5a:1b:15:b2:ee,MF039F
RX_CCS_E2_20260121,641236,ADV,-32,e0:5a:1b:15:b2:ee,MF03A0
RX_CCS_E2_20260121,641338,ADV,-42,e0:5a:1b:15:b2:ee,MF03A1
RX_CCS_E2_20260121,641429,ADV,-35,e0:5a:1b:15:b2:ee,MF03A2
RX_CCS_E2_20260121,641562,ADV,-32,e0:5a:1b:15:b2:ee,MF03A3
RX_CCS_E2_20260121,641630,ADV,-42,e0:5a:1b:15:b2:ee,MF03A4
RX_CCS_E2_20260121,641761,ADV,-35,e0:5a:1b:15:b2:ee,MF03A5
RX_CCS_E2_20260121,641847,ADV,-32,e0:5a:1b:15:b2:ee,MF03A7
RX_CCS_E2_20260121,641947,ADV,-42,e0:5a:1b:15:b2:ee,MF03A8
RX_CCS_E2_20260121,642078,ADV,-35,e0:5a:1b:15:b2:ee,MF03A9
RX_CCS_E2_20260121,642171,ADV,-32,e0:5a:1b:15:b2:ee,MF03AA
RX_CCS_E2_20260121,642265,ADV,-41,e0:5a:1b:15:b2:ee,MF03AB
RX_CCS_E2_20260121,642366,ADV,-35,e0:5a:1b:15:b2:ee,MF03AC
RX_CCS_E2_20260121,642478,ADV,-32,e0:5a:1b:15:b2:ee,MF03AD
RX_CCS_E2_20260121,642572,ADV,-42,e0:5a:1b:15:b2:ee,MF03AE
RX_CCS_E2_20260121,642674,ADV,-35,e0:5a:1b:15:b2:ee,MF03AF
RX_CCS_E2_20260121,643000,ADV,-32,e0:5a:1b:15:b2:ee,MF03B2
RX_CCS_E2_20260121,643102,ADV,-42,e0:5a:1b:15:b2:ee,MF03B3
RX_CCS_E2_20260121,643206,ADV,-34,e0:5a:1b:15:b2:ee,MF03B4
RX_CCS_E2_20260121,643313,ADV,-32,e0:5a:1b:15:b2:ee,MF03B5
RX_CCS_E2_20260121,643417,ADV,-42,e0:5a:1b:15:b2:ee,MF03B6
RX_CCS_E2_20260121,643528,ADV,-35,e0:5a:1b:15:b2:ee,MF03B7
RX_CCS_E2_20260121,643637,ADV,-32,e0:5a:1b:15:b2:ee,MF03B8
RX_CCS_E2_20260121,643743,ADV,-42,e0:5a:1b:15:b2:ee,MF03BA
RX_CCS_E2_20260121,643842,ADV,-35,e0:5a:1b:15:b2:ee,MF03BB
RX_CCS_E2_20260121,643963,ADV,-32,e0:5a:1b:15:b2:ee,MF03BC
RX_CCS_E2_20260121,644071,ADV,-42,e0:5a:1b:15:b2:ee,MF03BD
RX_CCS_E2_20260121,644153,ADV,-35,e0:5a:1b:15:b2:ee,MF03BE
RX_CCS_E2_20260121,644277,ADV,-32,e0:5a:1b:15:b2:ee,MF03BF
RX_CCS_E2_20260121,644478,ADV,-35,e0:5a:1b:15:b2:ee,MF03C1
RX_CCS_E2_20260121,644578,ADV,-32,e0:5a:1b:15:b2:ee,MF03C2
RX_CCS_E2_20260121,644678,ADV,-42,e0:5a:1b:15:b2:ee,MF03C3
RX_CCS_E2_20260121,644903,ADV,-42,e0:5a:1b:15:b2:ee,MF03C5
RX_CCS_E2_20260121,644996,ADV,-35,e0:5a:1b:15:b2:ee,MF03C6
RX_CCS_E2_20260121,645101,ADV,-32,e0:5a:1b:15:b2:ee,MF03C7
RX_CCS_E2_20260121,645315,ADV,-35,e0:5a:1b:15:b2:ee,MF03C9
RX_CCS_E2_20260121,645421,ADV,-32,e0:5a:1b:15:b2:ee,MF03CA
RX_CCS_E2_20260121,645522,ADV,-42,e0:5a:1b:15:b2:ee,MF03CB
RX_CCS_E2_20260121,645629,ADV,-34,e0:5a:1b:15:b2:ee,MF03CC
RX_CCS_E2_20260121,645734,ADV,-32,e0:5a:1b:15:b2:ee,MF03CD
RX_CCS_E2_20260121,645833,ADV,-42,e0:5a:1b:15:b2:ee,MF03CE
RX_CCS_E2_20260121,645938,ADV,-34,e0:5a:1b:15:b2:ee,MF03D0
RX_CCS_E2_20260121,646039,ADV,-32,e0:5a:1b:15:b2:ee,MF03D1
RX_CCS_E2_20260121,646158,ADV,-42,e0:5a:1b:15:b2:ee,MF03D2
RX_CCS_E2_20260121,646255,ADV,-35,e0:5a:1b:15:b2:ee,MF03D3
RX_CCS_E2_20260121,646351,ADV,-32,e0:5a:1b:15:b2:ee,MF03D4
RX_CCS_E2_20260121,646456,ADV,-41,e0:5a:1b:15:b2:ee,MF03D5
RX_CCS_E2_20260121,646557,ADV,-35,e0:5a:1b:15:b2:ee,MF03D6
RX_CCS_E2_20260121,646662,ADV,-32,e0:5a:1b:15:b2:ee,MF03D7
RX_CCS_E2_20260121,646774,ADV,-42,e0:5a:1b:15:b2:ee,MF03D8
RX_CCS_E2_20260121,646874,ADV,-35,e0:5a:1b:15:b2:ee,MF03D9
RX_CCS_E2_20260121,647196,ADV,-32,e0:5a:1b:15:b2:ee,MF03DC
RX_CCS_E2_20260121,647297,ADV,-41,e0:5a:1b:15:b2:ee,MF03DD
RX_CCS_E2_20260121,647500,ADV,-32,e0:5a:1b:15:b2:ee,MF03DF
RX_CCS_E2_20260121,647607,ADV,-42,e0:5a:1b:15:b2:ee,MF03E0
RX_CCS_E2_20260121,647836,ADV,-32,e0:5a:1b:15:b2:ee,MF03E2
RX_CCS_E2_20260121,647928,ADV,-41,e0:5a:1b:15:b2:ee,MF03E3
RX_CCS_E2_20260121,648025,ADV,-35,e0:5a:1b:15:b2:ee,MF03E4
RX_CCS_E2_20260121,648132,ADV,-32,e0:5a:1b:15:b2:ee,MF03E5
RX_CCS_E2_20260121,648238,ADV,-42,e0:5a:1b:15:b2:ee,MF03E6
RX_CCS_E2_20260121,648339,ADV,-35,e0:5a:1b:15:b2:ee,MF03E8
RX_CCS_E2_20260121,648471,ADV,-32,e0:5a:1b:15:b2:ee,MF03E9
RX_CCS_E2_20260121,648546,ADV,-41,e0:5a:1b:15:b2:ee,MF03EA
RX_CCS_E2_20260121,648650,ADV,-36,e0:5a:1b:15:b2:ee,MF03EB
RX_CCS_E2_20260121,648762,ADV,-32,e0:5a:1b:15:b2:ee,MF03EC
RX_CCS_E2_20260121,648856,ADV,-42,e0:5a:1b:15:b2:ee,MF03ED
RX_CCS_E2_20260121,648959,ADV,-35,e0:5a:1b:15:b2:ee,MF03EE
RX_CCS_E2_20260121,649068,ADV,-31,e0:5a:1b:15:b2:ee,MF03EF
RX_CCS_E2_20260121,649179,ADV,-43,e0:5a:1b:15:b2:ee,MF03F0
RX_CCS_E2_20260121,649499,ADV,-36,e0:5a:1b:15:b2:ee,MF03F3
RX_CCS_E2_20260121,649608,ADV,-32,e0:5a:1b:15:b2:ee,MF03F4
RX_CCS_E2_20260121,649710,ADV,-43,e0:5a:1b:15:b2:ee,MF03F5
RX_CCS_E2_20260121,649808,ADV,-35,e0:5a:1b:15:b2:ee,MF03F6
RX_CCS_E2_20260121,649917,ADV,-32,e0:5a:1b:15:b2:ee,MF03F7
RX_CCS_E2_20260121,650032,ADV,-42,e0:5a:1b:15:b2:ee,MF03F8
RX_CCS_E2_20260121,650138,ADV,-35,e0:5a:1b:15:b2:ee,MF03F9
RX_CCS_E2_20260121,650268,ADV,-32,e0:5a:1b:15:b2:ee,MF03FA
RX_CCS_E2_20260121,650357,ADV,-42,e0:5a:1b:15:b2:ee,MF03FC
RX_CCS_E2_20260121,650437,ADV,-35,e0:5a:1b:15:b2:ee,MF03FD
RX_CCS_E2_20260121,650541,ADV,-32,e0:5a:1b:15:b2:ee,MF03FE
RX_CCS_E2_20260121,650647,ADV,-42,e0:5a:1b:15:b2:ee,MF03FF
RX_CCS_E2_20260121,650772,ADV,-34,e0:5a:1b:15:b2:ee,MF0400
RX_CCS_E2_20260121,650869,ADV,-32,e0:5a:1b:15:b2:ee,MF0401
RX_CCS_E2_20260121,650971,ADV,-41,e0:5a:1b:15:b2:ee,MF0402
RX_CCS_E2_20260121,651074,ADV,-34,e0:5a:1b:15:b2:ee,MF0403
RX_CCS_E2_20260121,651176,ADV,-32,e0:5a:1b:15:b2:ee,MF0404
RX_CCS_E2_20260121,651393,ADV,-31,e0:5a:1b:15:b2:ee,MF0406
RX_CCS_E2_20260121,651501,ADV,-41,e0:5a:1b:15:b2:ee,MF0407
RX_CCS_E2_20260121,651598,ADV,-34,e0:5a:1b:15:b2:ee,MF0408
RX_CCS_E2_20260121,651710,ADV,-32,e0:5a:1b:15:b2:ee,MF0409
RX_CCS_E2_20260121,651817,ADV,-43,e0:5a:1b:15:b2:ee,MF040A
RX_CCS_E2_20260121,651969,ADV,-35,e0:5a:1b:15:b2:ee,MF040B
RX_CCS_E2_20260121,652027,ADV,-32,e0:5a:1b:15:b2:ee,MF040C
RX_CCS_E2_20260121,652146,ADV,-42,e0:5a:1b:15:b2:ee,MF040D
RX_CCS_E2_20260121,652234,ADV,-34,e0:5a:1b:15:b2:ee,MF040E
RX_CCS_E2_20260121,652347,ADV,-32,e0:5a:1b:15:b2:ee,MF0410
RX_CCS_E2_20260121,652453,ADV,-43,e0:5a:1b:15:b2:ee,MF0411
RX_CCS_E2_20260121,652558,ADV,-35,e0:5a:1b:15:b2:ee,MF0412
RX_CCS_E2_20260121,652659,ADV,-33,e0:5a:1b:15:b2:ee,MF0413
RX_CCS_E2_20260121,652778,ADV,-42,e0:5a:1b:15:b2:ee,MF0414
RX_CCS_E2_20260121,652878,ADV,-34,e0:5a:1b:15:b2:ee,MF0415
RX_CCS_E2_20260121,653193,ADV,-32,e0:5a:1b:15:b2:ee,MF0418
RX_CCS_E2_20260121,653301,ADV,-42,e0:5a:1b:15:b2:ee,MF0419
RX_CCS_E2_20260121,653400,ADV,-35,e0:5a:1b:15:b2:ee,MF041A
RX_CCS_E2_20260121,653508,ADV,-32,e0:5a:1b:15:b2:ee,MF041B
RX_CCS_E2_20260121,653612,ADV,-42,e0:5a:1b:15:b2:ee,MF041C
RX_CCS_E2_20260121,653714,ADV,-35,e0:5a:1b:15:b2:ee,MF041D
RX_CCS_E2_20260121,653821,ADV,-32,e0:5a:1b:15:b2:ee,MF041E
RX_CCS_E2_20260121,653926,ADV,-41,e0:5a:1b:15:b2:ee,MF041F
RX_CCS_E2_20260121,654024,ADV,-34,e0:5a:1b:15:b2:ee,MF0420
RX_CCS_E2_20260121,654148,ADV,-32,e0:5a:1b:15:b2:ee,MF0421
RX_CCS_E2_20260121,654252,ADV,-41,e0:5a:1b:15:b2:ee,MF0422
RX_CCS_E2_20260121,654345,ADV,-35,e0:5a:1b:15:b2:ee,MF0424
RX_CCS_E2_20260121,654443,ADV,-32,e0:5a:1b:15:b2:ee,MF0425
RX_CCS_E2_20260121,654551,ADV,-43,e0:5a:1b:15:b2:ee,MF0426
RX_CCS_E2_20260121,654647,ADV,-75,e0:5a:1b:15:b2:ee,MF0427
RX_CCS_E2_20260121,654767,ADV,-32,e0:5a:1b:15:b2:ee,MF0428
RX_CCS_E2_20260121,654860,ADV,-41,e0:5a:1b:15:b2:ee,MF0429
RX_CCS_E2_20260121,654961,ADV,-34,e0:5a:1b:15:b2:ee,MF042A
RX_CCS_E2_20260121,655077,ADV,-32,e0:5a:1b:15:b2:ee,MF042B
RX_CCS_E2_20260121,655176,ADV,-41,e0:5a:1b:15:b2:ee,MF042C
RX_CCS_E2_20260121,655701,ADV,-41,e0:5a:1b:15:b2:ee,MF0431
RX_CCS_E2_20260121,655800,ADV,-39,e0:5a:1b:15:b2:ee,MF0432
RX_CCS_E2_20260121,655902,ADV,-33,e0:5a:1b:15:b2:ee,MF0433
RX_CCS_E2_20260121,656009,ADV,-43,e0:5a:1b:15:b2:ee,MF0434
RX_CCS_E2_20260121,656115,ADV,-35,e0:5a:1b:15:b2:ee,MF0435
RX_CCS_E2_20260121,656223,ADV,-32,e0:5a:1b:15:b2:ee,MF0436
RX_CCS_E2_20260121,656336,ADV,-41,e0:5a:1b:15:b2:ee,MF0437
RX_CCS_E2_20260121,656433,ADV,-35,e0:5a:1b:15:b2:ee,MF0438
RX_CCS_E2_20260121,656537,ADV,-31,e0:5a:1b:15:b2:ee,MF0439
RX_CCS_E2_20260121,656644,ADV,-41,e0:5a:1b:15:b2:ee,MF043B
RX_CCS_E2_20260121,656777,ADV,-35,e0:5a:1b:15:b2:ee,MF043C
RX_CCS_E2_20260121,656860,ADV,-32,e0:5a:1b:15:b2:ee,MF043D
RX_CCS_E2_20260121,656965,ADV,-40,e0:5a:1b:15:b2:ee,MF043E
RX_CCS_E2_20260121,657063,ADV,-35,e0:5a:1b:15:b2:ee,MF043F
RX_CCS_E2_20260121,657179,ADV,-32,e0:5a:1b:15:b2:ee,MF0440
RX_CCS_E2_20260121,657499,ADV,-41,e0:5a:1b:15:b2:ee,MF0443
RX_CCS_E2_20260121,657600,ADV,-34,e0:5a:1b:15:b2:ee,MF0444
RX_CCS_E2_20260121,657709,ADV,-31,e0:5a:1b:15:b2:ee,MF0445
RX_CCS_E2_20260121,657819,ADV,-41,e0:5a:1b:15:b2:ee,MF0446
RX_CCS_E2_20260121,657924,ADV,-34,e0:5a:1b:15:b2:ee,MF0447
RX_CCS_E2_20260121,658044,ADV,-32,e0:5a:1b:15:b2:ee,MF0448
RX_CCS_E2_20260121,658145,ADV,-41,e0:5a:1b:15:b2:ee,MF044A
RX_CCS_E2_20260121,658261,ADV,-34,e0:5a:1b:15:b2:ee,MF044B
RX_CCS_E2_20260121,658348,ADV,-32,e0:5a:1b:15:b2:ee,MF044C
RX_CCS_E2_20260121,658462,ADV,-41,e0:5a:1b:15:b2:ee,MF044D
RX_CCS_E2_20260121,658556,ADV,-35,e0:5a:1b:15:b2:ee,MF044E
RX_CCS_E2_20260121,658663,ADV,-33,e0:5a:1b:15:b2:ee,MF044F
RX_CCS_E2_20260121,658775,ADV,-42,e0:5a:1b:15:b2:ee,MF0450
RX_CCS_E2_20260121,658868,ADV,-39,e0:5a:1b:15:b2:ee,MF0451
RX_CCS_E2_20260121,658979,ADV,-32,e0:5a:1b:15:b2:ee,MF0452
RX_CCS_E2_20260121,659079,ADV,-41,e0:5a:1b:15:b2:ee,MF0453
RX_CCS_E2_20260121,659179,ADV,-35,e0:5a:1b:15:b2:ee,MF0454
RX_CCS_E2_20260121,659501,ADV,-32,e0:5a:1b:15:b2:ee,MF0457
RX_CCS_E2_20260121,659605,ADV,-42,e0:5a:1b:15:b2:ee,MF0458
RX_CCS_E2_20260121,659702,ADV,-35,e0:5a:1b:15:b2:ee,MF0459
RX_CCS_E2_20260121,659841,ADV,-33,e0:5a:1b:15:b2:ee,MF045A
RX_CCS_E2_20260121,659920,ADV,-43,e0:5a:1b:15:b2:ee,MF045B
RX_CCS_E2_20260121,660036,ADV,-35,e0:5a:1b:15:b2:ee,MF045C
RX_CCS_E2_20260121,660131,ADV,-32,e0:5a:1b:15:b2:ee,MF045D
RX_CCS_E2_20260121,660262,ADV,-43,e0:5a:1b:15:b2:ee,MF045E
RX_CCS_E2_20260121,660346,ADV,-34,e0:5a:1b:15:b2:ee,MF0460
RX_CCS_E2_20260121,660473,ADV,-33,e0:5a:1b:15:b2:ee,MF0461
RX_CCS_E2_20260121,660560,ADV,-41,e0:5a:1b:15:b2:ee,MF0462
RX_CCS_E2_20260121,660649,ADV,-35,e0:5a:1b:15:b2:ee,MF0463
RX_CCS_E2_20260121,660758,ADV,-32,e0:5a:1b:15:b2:ee,MF0464
RX_CCS_E2_20260121,660860,ADV,-42,e0:5a:1b:15:b2:ee,MF0465
RX_CCS_E2_20260121,660959,ADV,-35,e0:5a:1b:15:b2:ee,MF0466
RX_CCS_E2_20260121,661075,ADV,-32,e0:5a:1b:15:b2:ee,MF0467
RX_CCS_E2_20260121,661178,ADV,-42,e0:5a:1b:15:b2:ee,MF0468
RX_CCS_E2_20260121,661272,ADV,-35,e0:5a:1b:15:b2:ee,MF0469
RX_CCS_E2_20260121,661379,ADV,-32,e0:5a:1b:15:b2:ee,MF046A
RX_CCS_E2_20260121,661702,ADV,-42,e0:5a:1b:15:b2:ee,MF046D
RX_CCS_E2_20260121,661806,ADV,-35,e0:5a:1b:15:b2:ee,MF046E
RX_CCS_E2_20260121,661910,ADV,-32,e0:5a:1b:15:b2:ee,MF046F
RX_CCS_E2_20260121,662018,ADV,-42,e0:5a:1b:15:b2:ee,MF0470
RX_CCS_E2_20260121,662139,ADV,-35,e0:5a:1b:15:b2:ee,MF0471
RX_CCS_E2_20260121,662232,ADV,-31,e0:5a:1b:15:b2:ee,MF0472
RX_CCS_E2_20260121,662336,ADV,-42,e0:5a:1b:15:b2:ee,MF0473
RX_CCS_E2_20260121,662437,ADV,-35,e0:5a:1b:15:b2:ee,MF0474
RX_CCS_E2_20260121,662551,ADV,-33,e0:5a:1b:15:b2:ee,MF0476
RX_CCS_E2_20260121,662651,ADV,-42,e0:5a:1b:15:b2:ee,MF0477
RX_CCS_E2_20260121,662751,ADV,-36,e0:5a:1b:15:b2:ee,MF0478
RX_CCS_E2_20260121,662860,ADV,-32,e0:5a:1b:15:b2:ee,MF0479
RX_CCS_E2_20260121,662964,ADV,-41,e0:5a:1b:15:b2:ee,MF047A
RX_CCS_E2_20260121,663079,ADV,-35,e0:5a:1b:15:b2:ee,MF047B
RX_CCS_E2_20260121,663179,ADV,-31,e0:5a:1b:15:b2:ee,MF047C
RX_CCS_E2_20260121,663497,ADV,-42,e0:5a:1b:15:b2:ee,MF047F
RX_CCS_E2_20260121,663598,ADV,-35,e0:5a:1b:15:b2:ee,MF0480
RX_CCS_E2_20260121,663707,ADV,-31,e0:5a:1b:15:b2:ee,MF0481
RX_CCS_E2_20260121,663915,ADV,-35,e0:5a:1b:15:b2:ee,MF0483
RX_CCS_E2_20260121,664028,ADV,-32,e0:5a:1b:15:b2:ee,MF0484
RX_CCS_E2_20260121,664131,ADV,-42,e0:5a:1b:15:b2:ee,MF0485
RX_CCS_E2_20260121,664233,ADV,-35,e0:5a:1b:15:b2:ee,MF0486
RX_CCS_E2_20260121,664450,ADV,-42,e0:5a:1b:15:b2:ee,MF0489
RX_CCS_E2_20260121,664561,ADV,-34,e0:5a:1b:15:b2:ee,MF048A
RX_CCS_E2_20260121,664659,ADV,-32,e0:5a:1b:15:b2:ee,MF048B
RX_CCS_E2_20260121,664764,ADV,-42,e0:5a:1b:15:b2:ee,MF048C
RX_CCS_E2_20260121,664875,ADV,-34,e0:5a:1b:15:b2:ee,MF048D
RX_CCS_E2_20260121,665196,ADV,-31,e0:5a:1b:15:b2:ee,MF0490
RX_CCS_E2_20260121,665297,ADV,-42,e0:5a:1b:15:b2:ee,MF0491
RX_CCS_E2_20260121,665403,ADV,-34,e0:5a:1b:15:b2:ee,MF0492
RX_CCS_E2_20260121,665509,ADV,-32,e0:5a:1b:15:b2:ee,MF0493
RX_CCS_E2_20260121,665623,ADV,-42,e0:5a:1b:15:b2:ee,MF0494
RX_CCS_E2_20260121,665718,ADV,-34,e0:5a:1b:15:b2:ee,MF0495
RX_CCS_E2_20260121,665828,ADV,-31,e0:5a:1b:15:b2:ee,MF0496
RX_CCS_E2_20260121,665938,ADV,-42,e0:5a:1b:15:b2:ee,MF0497
RX_CCS_E2_20260121,666043,ADV,-35,e0:5a:1b:15:b2:ee,MF0499
RX_CCS_E2_20260121,666149,ADV,-32,e0:5a:1b:15:b2:ee,MF049A
RX_CCS_E2_20260121,666256,ADV,-43,e0:5a:1b:15:b2:ee,MF049B
RX_CCS_E2_20260121,666355,ADV,-35,e0:5a:1b:15:b2:ee,MF049C
RX_CCS_E2_20260121,666475,ADV,-32,e0:5a:1b:15:b2:ee,MF049D
RX_CCS_E2_20260121,666569,ADV,-41,e0:5a:1b:15:b2:ee,MF049E
RX_CCS_E2_20260121,666679,ADV,-34,e0:5a:1b:15:b2:ee,MF049F
RX_CCS_E2_20260121,666900,ADV,-34,e0:5a:1b:15:b2:ee,MF04A1
RX_CCS_E2_20260121,666995,ADV,-32,e0:5a:1b:15:b2:ee,MF04A2
RX_CCS_E2_20260121,667106,ADV,-42,e0:5a:1b:15:b2:ee,MF04A3
RX_CCS_E2_20260121,667315,ADV,-32,e0:5a:1b:15:b2:ee,MF04A5
RX_CCS_E2_20260121,667422,ADV,-43,e0:5a:1b:15:b2:ee,MF04A6
RX_CCS_E2_20260121,667526,ADV,-34,e0:5a:1b:15:b2:ee,MF04A7
RX_CCS_E2_20260121,667624,ADV,-32,e0:5a:1b:15:b2:ee,MF04A8
RX_CCS_E2_20260121,667747,ADV,-43,e0:5a:1b:15:b2:ee,MF04A9
RX_CCS_E2_20260121,667835,ADV,-35,e0:5a:1b:15:b2:ee,MF04AA
RX_CCS_E2_20260121,667947,ADV,-32,e0:5a:1b:15:b2:ee,MF04AC
RX_CCS_E2_20260121,668048,ADV,-45,e0:5a:1b:15:b2:ee,MF04AD
RX_CCS_E2_20260121,668363,ADV,-43,e0:5a:1b:15:b2:ee,MF04B0
RX_CCS_E2_20260121,668466,ADV,-34,e0:5a:1b:15:b2:ee,MF04B1
RX_CCS_E2_20260121,668568,ADV,-32,e0:5a:1b:15:b2:ee,MF04B2
RX_CCS_E2_20260121,668679,ADV,-45,e0:5a:1b:15:b2:ee,MF04B3
RX_CCS_E2_20260121,668777,ADV,-34,e0:5a:1b:15:b2:ee,MF04B4
RX_CCS_E2_20260121,669093,ADV,-32,e0:5a:1b:15:b2:ee,MF04B7
RX_CCS_E2_20260121,669204,ADV,-42,e0:5a:1b:15:b2:ee,MF04B8
RX_CCS_E2_20260121,669305,ADV,-34,e0:5a:1b:15:b2:ee,MF04B9
RX_CCS_E2_20260121,669621,ADV,-34,e0:5a:1b:15:b2:ee,MF04BC
RX_CCS_E2_20260121,669728,ADV,-32,e0:5a:1b:15:b2:ee,MF04BD
RX_CCS_E2_20260121,669836,ADV,-41,e0:5a:1b:15:b2:ee,MF04BE
RX_CCS_E2_20260121,669949,ADV,-34,e0:5a:1b:15:b2:ee,MF04BF
RX_CCS_E2_20260121,670046,ADV,-32,e0:5a:1b:15:b2:ee,MF04C1
RX_CCS_E2_20260121,670160,ADV,-41,e0:5a:1b:15:b2:ee,MF04C2
RX_CCS_E2_20260121,670279,ADV,-35,e0:5a:1b:15:b2:ee,MF04C3
RX_CCS_E2_20260121,670379,ADV,-32,e0:5a:1b:15:b2:ee,MF04C4
RX_CCS_E2_20260121,670579,ADV,-35,e0:5a:1b:15:b2:ee,MF04C6
RX_CCS_E2_20260121,670820,ADV,-34,e0:5a:1b:15:b2:ee,MF04C8
RX_CCS_E2_20260121,670901,ADV,-32,e0:5a:1b:15:b2:ee,MF04C9
RX_CCS_E2_20260121,671007,ADV,-41,e0:5a:1b:15:b2:ee,MF04CA
RX_CCS_E2_20260121,671108,ADV,-34,e0:5a:1b:15:b2:ee,MF04CB
RX_CCS_E2_20260121,671231,ADV,-31,e0:5a:1b:15:b2:ee,MF04CC
RX_CCS_E2_20260121,671324,ADV,-41,e0:5a:1b:15:b2:ee,MF04CD
RX_CCS_E2_20260121,671424,ADV,-34,e0:5a:1b:15:b2:ee,MF04CE
RX_CCS_E2_20260121,671447,ADV,-34,e0:5a:1b:15:b2:ee,MF04CF
RX_CCS_E2_20260121,673458,ADV,-40,e0:5a:1b:15:b2:ee,MF04D0
RX_CCS_E2_20260121,675459,ADV,-30,e0:5a:1b:15:b2:ee,MF04D1
RX_CCS_E2_20260121,677463,ADV,-35,e0:5a:1b:15:b2:ee,MF04D2
RX_CCS_E2_20260121,679479,ADV,-42,e0:5a:1b:15:b2:ee,MF04D3
RX_CCS_E2_20260121,685491,ADV,-34,e0:5a:1b:15:b2:ee,MF04D6
RX_CCS_E2_20260121,687495,ADV,-42,e0:5a:1b:15:b2:ee,MF04D7
RX_CCS_E2_20260121,689494,ADV,-32,e0:5a:1b:15:b2:ee,MF04D8
RX_CCS_E2_20260121,691497,ADV,-34,e0:5a:1b:15:b2:ee,MF04D9
RX_CCS_E2_20260121,693505,ADV,-42,e0:5a:1b:15:b2:ee,MF04DA
RX_CCS_E2_20260121,695506,ADV,-32,e0:5a:1b:15:b2:ee,MF04DB
RX_CCS_E2_20260121,697521,ADV,-34,e0:5a:1b:15:b2:ee,MF04DC
RX_CCS_E2_20260121,699538,ADV,-42,e0:5a:1b:15:b2:ee,MF04DD
