run,condition_label,n_trials,mean_ms_total,mean_rx,mean_rate_hz,std_rate_hz
on_off_test_100~2000_02,I100,10,59565.9,472.2,7.927270336239025,0.08255857958696669
on_off_test_100~2000_02,I1000,9,59320.88888888889,50.55555555555556,0.8524446968114643,0.045626048876375995
on_off_test_100~2000_02,I2000,9,58939.22222222222,24.666666666666668,0.41828040227597757,0.02466363754815183
on_off_test_100~2000_02,I500,9,59198.88888888889,98.88888888888889,1.67047171176828,0.03136246501244007
