run,condition,interval_ms,n_trials,mean_ms_total,mean_mean_p_mw,std_mean_p_mw
on_off_test_100~2000_02,sleep_on,100.0,10,59323.1,198.56,1.2747112962898288
on_off_test_100~2000_02,sleep_on,500.0,9,59378.77777777778,180.8,0.6782329983125261
on_off_test_100~2000_02,sleep_on,1000.0,9,59399.77777777778,178.6222222222222,0.774237976622461
on_off_test_100~2000_02,sleep_on,2000.0,9,59416.77777777778,177.46666666666667,0.6284902544988256
