{
  "folds": {
    "fold90": {
      "bacc": 0.8609436960197313,
      "f1_macro": 0.7748370143700887,
      "bacc4": 0.9697533710135523,
      "f1_macro4": 0.7270803923422784,
      "ece": 0.11352634954347457,
      "unknown_rate": 0.0015015015015015015
    }
  },
  "mean": {
    "bacc": 0.8609436960197313,
    "f1_macro": 0.7748370143700887,
    "bacc4": 0.9697533710135523,
    "f1_macro4": 0.7270803923422784,
    "ece": 0.11352634954347457,
    "unknown_rate": 0.0015015015015015015
  },
  "std": {
    "bacc": 0.0,
    "f1_macro": 0.0,
    "bacc4": 0.0,
    "f1_macro4": 0.0,
    "ece": 0.0,
    "unknown_rate": 0.0
  },
  "min": {
    "bacc": 0.8609436960197313,
    "bacc4": 0.9697533710135523
  },
  "max": {
    "bacc": 0.8609436960197313,
    "bacc4": 0.9697533710135523
  },
  "median": {
    "bacc": 0.8609436960197313,
    "bacc4": 0.9697533710135523
  }
}