run,condition,interval_ms,n_trials,mean_ms_total,mean_mean_p_mw,std_mean_p_mw
on_off_test_100_2000,sleep_off,100.0,2,59468.0,203.9,0.14142135623730148
on_off_test_100_2000,sleep_off,2000.0,2,59625.5,181.1,0.14142135623730148
on_off_test_100_2000,sleep_on,100.0,2,59577.0,202.64999999999998,1.3435028842544343
on_off_test_100_2000,sleep_on,2000.0,2,59635.0,180.8,0.5656854249492159
