trial_id,session,interval_ms,step_count,missed_transitions,total_transitions,miss_rate
042,S1,100,1,0,60,0.0
043,S1,500,5,0,60,0.0
044,S1,1000,10,1,60,0.016666666666666666
045,S1,2000,20,1,60,0.016666666666666666
046,S4,100,1,0,141,0.0
047,S4,500,5,0,141,0.0
048,S4,1000,10,0,141,0.0
049,S4,2000,20,1,141,0.0070921985815602835
