name,delta,u_mid,u_high,c_mid,c_high,hyst,pout_1s,avg_power_mW,adv_rate,switch_rate
P_minPower@0.02,0.02,0.15,0.3,0.15,0.35,0.02,0.0199570857670359,188.779778449144,5.594494796911715,0.0370929842228935
P_minPower@0.03,0.03,0.2,0.35,0.2,0.35,0.02,0.0226160981873111,187.36088620342397,4.955354145686472,0.0401141322591473
P_minPower@0.04,0.04,0.2,0.35,0.2,0.35,0.02,0.0226160981873111,187.36088620342397,4.955354145686472,0.0401141322591473
