{
  "inputs": {
    "pareto_csv": "results/mhealth_policy_eval/pareto_front_v8_power_table_scan90_v5_sleep_on_n9_10_actions_100_500/pareto_sweep.csv",
    "fixed_metrics": "results/stress_fixed/scan90/stress_causal_real_summary_1211_stress_agg_enriched_scan90_v5.csv",
    "power_table": "results/mhealth_policy_eval/power_table_sleep_eval_2025-12-14_interval_sweep_sleep_on_n9_10.csv",
    "har_dir": "data/mhealth_synthetic_sessions_v1/sessions",
    "transition_ccs_thresh": 0.3
  },
  "context_weights": {
    "stable_ratio": 0.771399798590131,
    "transition_ratio": 0.22860020140986909
  },
  "selected": [
    {
      "name": "P_minPower@0.02",
      "delta": 0.02,
      "u_mid": 0.15,
      "u_high": 0.3,
      "c_mid": 0.15,
      "c_high": 0.35,
      "hyst": 0.02,
      "pout_1s": 0.0199570857670359,
      "avg_power_mW": 188.779778449144,
      "adv_rate": 5.594494796911715,
      "switch_rate": 0.0370929842228935
    },
    {
      "name": "P_minPower@0.03",
      "delta": 0.03,
      "u_mid": 0.2,
      "u_high": 0.35,
      "c_mid": 0.2,
      "c_high": 0.35,
      "hyst": 0.02,
      "pout_1s": 0.0226160981873111,
      "avg_power_mW": 187.36088620342397,
      "adv_rate": 4.955354145686472,
      "switch_rate": 0.0401141322591473
    },
    {
      "name": "P_minPower@0.04",
      "delta": 0.04,
      "u_mid": 0.2,
      "u_high": 0.35,
      "c_mid": 0.2,
      "c_high": 0.35,
      "hyst": 0.02,
      "pout_1s": 0.0226160981873111,
      "avg_power_mW": 187.36088620342397,
      "adv_rate": 4.955354145686472,
      "switch_rate": 0.0401141322591473
    }
  ]
}