prog_id,ms,mV,uA,p_mW
# meta, firmware=TXSD_DeltaE_V3_OFF, program_id=TXSD_DELTAE_V3_OFF_20260114, trial_index=auto, adv_interval_ms=0
TXSD_DELTAE_V3_OFF_20260114,12,3160,51400,162.4
TXSD_DELTAE_V3_OFF_20260114,21,3160,51800,163.7
TXSD_DELTAE_V3_OFF_20260114,31,3156,51200,161.6
TXSD_DELTAE_V3_OFF_20260114,41,3160,52000,164.3
TXSD_DELTAE_V3_OFF_20260114,51,3156,51100,161.3
TXSD_DELTAE_V3_OFF_20260114,61,3160,52100,164.6
TXSD_DELTAE_V3_OFF_20260114,71,3156,51000,161.0
TXSD_DELTAE_V3_OFF_20260114,81,3160,52200,165.0
TXSD_DELTAE_V3_OFF_20260114,91,3156,51000,161.0
TXSD_DELTAE_V3_OFF_20260114,101,3160,52100,164.6
TXSD_DELTAE_V3_OFF_20260114,111,3156,51200,161.6
TXSD_DELTAE_V3_OFF_20260114,121,3160,51900,164.0
TXSD_DELTAE_V3_OFF_20260114,131,3156,51300,161.9
TXSD_DELTAE_V3_OFF_20260114,141,3160,51700,163.4
TXSD_DELTAE_V3_OFF_20260114,151,3160,51600,163.1
TXSD_DELTAE_V3_OFF_20260114,161,3156,51300,161.9
TXSD_DELTAE_V3_OFF_20260114,171,3160,51900,164.0
TXSD_DELTAE_V3_OFF_20260114,181,3156,51200,161.6
TXSD_DELTAE_V3_OFF_20260114,191,3160,52000,164.3
TXSD_DELTAE_V3_OFF_20260114,201,3156,51100,161.3
TXSD_DELTAE_V3_OFF_20260114,211,3160,52100,164.6
TXSD_DELTAE_V3_OFF_20260114,221,3156,51000,161.0
TXSD_DELTAE_V3_OFF_20260114,231,3160,52200,165.0
TXSD_DELTAE_V3_OFF_20260114,241,3156,51000,161.0
TXSD_DELTAE_V3_OFF_20260114,251,3160,52000,164.3
TXSD_DELTAE_V3_OFF_20260114,261,3156,51200,161.6
TXSD_DELTAE_V3_OFF_20260114,271,3160,52000,164.3
TXSD_DELTAE_V3_OFF_20260114,281,3156,51300,161.9
TXSD_DELTAE_V3_OFF_20260114,291,3160,51600,163.1
TXSD_DELTAE_V3_OFF_20260114,301,3156,51700,163.2
TXSD_DELTAE_V3_OFF_20260114,311,3156,51300,161.9
TXSD_DELTAE_V3_OFF_20260114,321,3160,51900,164.0
TXSD_DELTAE_V3_OFF_20260114,331,3156,51100,161.3
TXSD_DELTAE_V3_OFF_20260114,341,3160,52100,164.6
TXSD_DELTAE_V3_OFF_20260114,351,3156,51000,161.0
TXSD_DELTAE_V3_OFF_20260114,361,3160,52200,165.0
TXSD_DELTAE_V3_OFF_20260114,371,3156,51000,161.0
TXSD_DELTAE_V3_OFF_20260114,381,3160,52200,165.0
TXSD_DELTAE_V3_OFF_20260114,391,3156,51100,161.3
TXSD_DELTAE_V3_OFF_20260114,401,3160,52000,164.3
TXSD_DELTAE_V3_OFF_20260114,411,3156,51300,161.9
TXSD_DELTAE_V3_OFF_20260114,421,3160,51800,163.7
TXSD_DELTAE_V3_OFF_20260114,431,3156,51500,162.5
TXSD_DELTAE_V3_OFF_20260114,441,3156,51500,162.5
TXSD_DELTAE_V3_OFF_20260114,451,3160,51800,163.7
TXSD_DELTAE_V3_OFF_20260114,461,3160,51200,161.8
TXSD_DELTAE_V3_OFF_20260114,471,3160,51900,164.0
TXSD_DELTAE_V3_OFF_20260114,481,3156,51100,161.3
TXSD_DELTAE_V3_OFF_20260114,491,3160,52100,164.6
TXSD_DELTAE_V3_OFF_20260114,501,3156,51000,161.0
TXSD_DELTAE_V3_OFF_20260114,511,3160,52100,164.6
TXSD_DELTAE_V3_OFF_20260114,521,3156,51000,161.0
TXSD_DELTAE_V3_OFF_20260114,531,3160,52100,164.6
TXSD_DELTAE_V3_OFF_20260114,541,3156,51100,161.3
TXSD_DELTAE_V3_OFF_20260114,551,3160,51900,164.0
TXSD_DELTAE_V3_OFF_20260114,561,3156,51300,161.9
TXSD_DELTAE_V3_OFF_20260114,571,3160,51700,163.4
TXSD_DELTAE_V3_OFF_20260114,581,3156,51600,162.8
TXSD_DELTAE_V3_OFF_20260114,591,3156,51400,162.2
TXSD_DELTAE_V3_OFF_20260114,601,3160,51900,164.0
TXSD_DELTAE_V3_OFF_20260114,611,3156,51200,161.6
TXSD_DELTAE_V3_OFF_20260114,621,3160,52000,164.3
TXSD_DELTAE_V3_OFF_20260114,631,3156,51000,161.0
TXSD_DELTAE_V3_OFF_20260114,641,3160,52200,165.0
TXSD_DELTAE_V3_OFF_20260114,651,3156,51000,161.0
TXSD_DELTAE_V3_OFF_20260114,661,3160,52200,165.0
TXSD_DELTAE_V3_OFF_20260114,671,3156,51000,161.0
TXSD_DELTAE_V3_OFF_20260114,681,3160,52000,164.3
TXSD_DELTAE_V3_OFF_20260114,691,3156,51200,161.6
TXSD_DELTAE_V3_OFF_20260114,701,3160,51900,164.0
TXSD_DELTAE_V3_OFF_20260114,711,3156,51300,161.9
TXSD_DELTAE_V3_OFF_20260114,721,3160,51600,163.1
TXSD_DELTAE_V3_OFF_20260114,731,3156,51700,163.2
TXSD_DELTAE_V3_OFF_20260114,741,3156,51200,161.6
TXSD_DELTAE_V3_OFF_20260114,751,3160,52000,164.3
TXSD_DELTAE_V3_OFF_20260114,761,3160,51100,161.5
TXSD_DELTAE_V3_OFF_20260114,771,3160,52100,164.6
TXSD_DELTAE_V3_OFF_20260114,781,3156,50900,160.6
TXSD_DELTAE_V3_OFF_20260114,791,3160,52200,165.0
TXSD_DELTAE_V3_OFF_20260114,801,3156,51000,161.0
TXSD_DELTAE_V3_OFF_20260114,813,3160,52100,164.6
TXSD_DELTAE_V3_OFF_20260114,821,3156,51000,161.0
TXSD_DELTAE_V3_OFF_20260114,831,3160,52000,164.3
TXSD_DELTAE_V3_OFF_20260114,841,3156,51200,161.6
TXSD_DELTAE_V3_OFF_20260114,851,3160,51800,163.7
TXSD_DELTAE_V3_OFF_20260114,861,3156,51500,162.5
TXSD_DELTAE_V3_OFF_20260114,871,3156,51500,162.5
TXSD_DELTAE_V3_OFF_20260114,881,3156,51800,163.5
TXSD_DELTAE_V3_OFF_20260114,891,3156,51300,161.9
TXSD_DELTAE_V3_OFF_20260114,901,3160,52000,164.3
TXSD_DELTAE_V3_OFF_20260114,911,3156,51100,161.3
TXSD_DELTAE_V3_OFF_20260114,921,3160,52100,164.6
TXSD_DELTAE_V3_OFF_20260114,931,3156,51000,161.0
TXSD_DELTAE_V3_OFF_20260114,941,3160,52200,165.0
TXSD_DELTAE_V3_OFF_20260114,951,3156,51000,161.0
TXSD_DELTAE_V3_OFF_20260114,961,3160,52100,164.6
TXSD_DELTAE_V3_OFF_20260114,971,3156,51100,161.3
TXSD_DELTAE_V3_OFF_20260114,981,3160,51900,164.0
TXSD_DELTAE_V3_OFF_20260114,991,3156,51300,161.9
TXSD_DELTAE_V3_OFF_20260114,1001,3160,51700,163.4
TXSD_DELTAE_V3_OFF_20260114,1011,3156,51600,162.8
TXSD_DELTAE_V3_OFF_20260114,1021,3160,51400,162.4
TXSD_DELTAE_V3_OFF_20260114,1031,3160,52000,164.3
TXSD_DELTAE_V3_OFF_20260114,1041,3156,51200,161.6
TXSD_DELTAE_V3_OFF_20260114,1051,3160,52100,164.6
TXSD_DELTAE_V3_OFF_20260114,1061,3156,51000,161.0
TXSD_DELTAE_V3_OFF_20260114,1071,3160,52200,165.0
TXSD_DELTAE_V3_OFF_20260114,1081,3156,51000,161.0
TXSD_DELTAE_V3_OFF_20260114,1091,3160,52200,165.0
TXSD_DELTAE_V3_OFF_20260114,1101,3156,51100,161.3
TXSD_DELTAE_V3_OFF_20260114,1111,3160,52000,164.3
TXSD_DELTAE_V3_OFF_20260114,1121,3156,51200,161.6
TXSD_DELTAE_V3_OFF_20260114,1131,3160,51900,164.0
TXSD_DELTAE_V3_OFF_20260114,1141,3156,51400,162.2
TXSD_DELTAE_V3_OFF_20260114,1151,3160,51500,162.7
TXSD_DELTAE_V3_OFF_20260114,1161,3160,51800,163.7
TXSD_DELTAE_V3_OFF_20260114,1171,3156,51300,161.9
TXSD_DELTAE_V3_OFF_20260114,1181,3160,52000,164.3
TXSD_DELTAE_V3_OFF_20260114,1191,3156,51100,161.3
TXSD_DELTAE_V3_OFF_20260114,1201,3160,52100,164.6
TXSD_DELTAE_V3_OFF_20260114,1211,3156,51000,161.0
TXSD_DELTAE_V3_OFF_20260114,1221,3160,52200,165.0
TXSD_DELTAE_V3_OFF_20260114,1231,3156,51100,161.3
TXSD_DELTAE_V3_OFF_20260114,1241,3160,52200,165.0
TXSD_DELTAE_V3_OFF_20260114,1251,3156,51100,161.3
TXSD_DELTAE_V3_OFF_20260114,1261,3160,52000,164.3
TXSD_DELTAE_V3_OFF_20260114,1271,3156,51300,161.9
TXSD_DELTAE_V3_OFF_20260114,1281,3160,51900,164.0
TXSD_DELTAE_V3_OFF_20260114,1291,3156,51500,162.5
TXSD_DELTAE_V3_OFF_20260114,1301,3160,51500,162.7
TXSD_DELTAE_V3_OFF_20260114,1311,3160,51800,163.7
TXSD_DELTAE_V3_OFF_20260114,1321,3156,51200,161.6
TXSD_DELTAE_V3_OFF_20260114,1331,3160,52100,164.6
TXSD_DELTAE_V3_OFF_20260114,1341,3156,51100,161.3
TXSD_DELTAE_V3_OFF_20260114,1351,3160,52100,164.6
TXSD_DELTAE_V3_OFF_20260114,1361,3156,51000,161.0
TXSD_DELTAE_V3_OFF_20260114,1371,3160,52200,165.0
TXSD_DELTAE_V3_OFF_20260114,1381,3156,51000,161.0
TXSD_DELTAE_V3_OFF_20260114,1391,3160,52100,164.6
TXSD_DELTAE_V3_OFF_20260114,1401,3156,51100,161.3
TXSD_DELTAE_V3_OFF_20260114,1411,3160,52000,164.3
TXSD_DELTAE_V3_OFF_20260114,1421,3156,51200,161.6
TXSD_DELTAE_V3_OFF_20260114,1431,3160,51700,163.4
TXSD_DELTAE_V3_OFF_20260114,1441,3160,51600,163.1
TXSD_DELTAE_V3_OFF_20260114,1451,3156,51400,162.2
TXSD_DELTAE_V3_OFF_20260114,1461,3160,51800,163.7
TXSD_DELTAE_V3_OFF_20260114,1471,3156,51200,161.6
TXSD_DELTAE_V3_OFF_20260114,1481,3160,52000,164.3
TXSD_DELTAE_V3_OFF_20260114,1491,3156,51000,161.0
TXSD_DELTAE_V3_OFF_20260114,1501,3160,52100,164.6
TXSD_DELTAE_V3_OFF_20260114,1511,3160,51000,161.2
TXSD_DELTAE_V3_OFF_20260114,1521,3160,52200,165.0
TXSD_DELTAE_V3_OFF_20260114,1531,3156,51000,161.0
TXSD_DELTAE_V3_OFF_20260114,1541,3160,52100,164.6
TXSD_DELTAE_V3_OFF_20260114,1551,3156,51200,161.6
TXSD_DELTAE_V3_OFF_20260114,1561,3160,52000,164.3
TXSD_DELTAE_V3_OFF_20260114,1571,3156,51300,161.9
TXSD_DELTAE_V3_OFF_20260114,1581,3160,51600,163.1
TXSD_DELTAE_V3_OFF_20260114,1591,3160,51700,163.4
TXSD_DELTAE_V3_OFF_20260114,1601,3156,51300,161.9
TXSD_DELTAE_V3_OFF_20260114,1611,3160,52000,164.3
TXSD_DELTAE_V3_OFF_20260114,1621,3156,51300,161.9
TXSD_DELTAE_V3_OFF_20260114,1631,3160,52100,164.6
TXSD_DELTAE_V3_OFF_20260114,1641,3156,51000,161.0
TXSD_DELTAE_V3_OFF_20260114,1651,3160,52200,165.0
TXSD_DELTAE_V3_OFF_20260114,1661,3160,51000,161.2
TXSD_DELTAE_V3_OFF_20260114,1671,3160,52100,164.6
TXSD_DELTAE_V3_OFF_20260114,1681,3156,51100,161.3
TXSD_DELTAE_V3_OFF_20260114,1691,3160,52000,164.3
TXSD_DELTAE_V3_OFF_20260114,1701,3156,51200,161.6
TXSD_DELTAE_V3_OFF_20260114,1711,3160,51800,163.7
TXSD_DELTAE_V3_OFF_20260114,1721,3156,51500,162.5
TXSD_DELTAE_V3_OFF_20260114,1731,3156,51500,162.5
TXSD_DELTAE_V3_OFF_20260114,1741,3160,51800,163.7
TXSD_DELTAE_V3_OFF_20260114,1751,3156,51200,161.6
TXSD_DELTAE_V3_OFF_20260114,1761,3160,52000,164.3
TXSD_DELTAE_V3_OFF_20260114,1771,3156,51100,161.3
TXSD_DELTAE_V3_OFF_20260114,1781,3160,52100,164.6
TXSD_DELTAE_V3_OFF_20260114,1791,3156,51000,161.0
TXSD_DELTAE_V3_OFF_20260114,1801,3160,52200,165.0
TXSD_DELTAE_V3_OFF_20260114,1811,3156,51000,161.0
TXSD_DELTAE_V3_OFF_20260114,1821,3160,52100,164.6
TXSD_DELTAE_V3_OFF_20260114,1831,3156,51200,161.6
TXSD_DELTAE_V3_OFF_20260114,1841,3160,52000,164.3
TXSD_DELTAE_V3_OFF_20260114,1851,3156,51300,161.9
TXSD_DELTAE_V3_OFF_20260114,1861,3160,51700,163.4
TXSD_DELTAE_V3_OFF_20260114,1871,3160,51600,163.1
TXSD_DELTAE_V3_OFF_20260114,1881,3160,51400,162.4
TXSD_DELTAE_V3_OFF_20260114,1891,3160,51900,164.0
TXSD_DELTAE_V3_OFF_20260114,1901,3156,51100,161.3
TXSD_DELTAE_V3_OFF_20260114,1911,3160,52100,164.6
TXSD_DELTAE_V3_OFF_20260114,1921,3156,51100,161.3
TXSD_DELTAE_V3_OFF_20260114,1931,3160,52100,164.6
TXSD_DELTAE_V3_OFF_20260114,1941,3156,51000,161.0
TXSD_DELTAE_V3_OFF_20260114,1951,3160,52200,165.0
TXSD_DELTAE_V3_OFF_20260114,1961,3156,51000,161.0
TXSD_DELTAE_V3_OFF_20260114,1971,3160,52000,164.3
TXSD_DELTAE_V3_OFF_20260114,1981,3156,51200,161.6
TXSD_DELTAE_V3_OFF_20260114,1991,3160,51900,164.0
TXSD_DELTAE_V3_OFF_20260114,2001,3156,51300,161.9
TXSD_DELTAE_V3_OFF_20260114,2011,3160,51600,163.1
TXSD_DELTAE_V3_OFF_20260114,2021,3156,51700,163.2
TXSD_DELTAE_V3_OFF_20260114,2031,3156,51300,161.9
TXSD_DELTAE_V3_OFF_20260114,2041,3160,51900,164.0
TXSD_DELTAE_V3_OFF_20260114,2051,3156,51100,161.3
TXSD_DELTAE_V3_OFF_20260114,2061,3164,52100,164.8
TXSD_DELTAE_V3_OFF_20260114,2071,3156,51000,161.0
TXSD_DELTAE_V3_OFF_20260114,2081,3160,52100,164.6
TXSD_DELTAE_V3_OFF_20260114,2091,3156,51000,161.0
TXSD_DELTAE_V3_OFF_20260114,2101,3160,52100,164.6
TXSD_DELTAE_V3_OFF_20260114,2111,3156,51100,161.3
TXSD_DELTAE_V3_OFF_20260114,2121,3160,52000,164.3
TXSD_DELTAE_V3_OFF_20260114,2131,3156,51300,161.9
TXSD_DELTAE_V3_OFF_20260114,2141,3160,51800,163.7
TXSD_DELTAE_V3_OFF_20260114,2151,3160,51400,162.4
TXSD_DELTAE_V3_OFF_20260114,2161,3160,51400,162.4
TXSD_DELTAE_V3_OFF_20260114,2171,3160,51800,163.7
TXSD_DELTAE_V3_OFF_20260114,2181,3156,51200,161.6
TXSD_DELTAE_V3_OFF_20260114,2191,3160,52000,164.3
TXSD_DELTAE_V3_OFF_20260114,2201,3156,51100,161.3
TXSD_DELTAE_V3_OFF_20260114,2211,3160,52100,164.6
TXSD_DELTAE_V3_OFF_20260114,2221,3156,51000,161.0
TXSD_DELTAE_V3_OFF_20260114,2231,3160,52200,165.0
TXSD_DELTAE_V3_OFF_20260114,2241,3156,50900,160.6
TXSD_DELTAE_V3_OFF_20260114,2251,3160,52100,164.6
TXSD_DELTAE_V3_OFF_20260114,2261,3156,51100,161.3
TXSD_DELTAE_V3_OFF_20260114,2271,3160,52000,164.3
TXSD_DELTAE_V3_OFF_20260114,2281,3156,51200,161.6
TXSD_DELTAE_V3_OFF_20260114,2291,3160,51700,163.4
TXSD_DELTAE_V3_OFF_20260114,2301,3156,51600,162.8
TXSD_DELTAE_V3_OFF_20260114,2311,3156,51400,162.2
TXSD_DELTAE_V3_OFF_20260114,2321,3160,51900,164.0
TXSD_DELTAE_V3_OFF_20260114,2331,3156,51200,161.6
TXSD_DELTAE_V3_OFF_20260114,2341,3160,52100,164.6
TXSD_DELTAE_V3_OFF_20260114,2351,3156,51100,161.3
TXSD_DELTAE_V3_OFF_20260114,2361,3160,52200,165.0
TXSD_DELTAE_V3_OFF_20260114,2371,3156,50900,160.6
TXSD_DELTAE_V3_OFF_20260114,2381,3160,52200,165.0
TXSD_DELTAE_V3_OFF_20260114,2391,3156,51000,161.0
TXSD_DELTAE_V3_OFF_20260114,2401,3160,52000,164.3
TXSD_DELTAE_V3_OFF_20260114,2411,3156,51200,161.6
TXSD_DELTAE_V3_OFF_20260114,2421,3160,51900,164.0
TXSD_DELTAE_V3_OFF_20260114,2431,3156,51300,161.9
TXSD_DELTAE_V3_OFF_20260114,2441,3160,51600,163.1
TXSD_DELTAE_V3_OFF_20260114,2451,3160,51800,163.7
TXSD_DELTAE_V3_OFF_20260114,2461,3160,51300,162.1
TXSD_DELTAE_V3_OFF_20260114,2471,3160,52000,164.3
TXSD_DELTAE_V3_OFF_20260114,2481,3156,51100,161.3
TXSD_DELTAE_V3_OFF_20260114,2491,3160,52100,164.6
TXSD_DELTAE_V3_OFF_20260114,2501,3156,51000,161.0
TXSD_DELTAE_V3_OFF_20260114,2511,3160,52100,164.6
TXSD_DELTAE_V3_OFF_20260114,2521,3156,51000,161.0
TXSD_DELTAE_V3_OFF_20260114,2531,3160,52200,165.0
TXSD_DELTAE_V3_OFF_20260114,2541,3156,51100,161.3
TXSD_DELTAE_V3_OFF_20260114,2551,3160,52000,164.3
TXSD_DELTAE_V3_OFF_20260114,2561,3156,51200,161.6
TXSD_DELTAE_V3_OFF_20260114,2571,3160,51800,163.7
TXSD_DELTAE_V3_OFF_20260114,2581,3156,51500,162.5
TXSD_DELTAE_V3_OFF_20260114,2591,3160,51500,162.7
TXSD_DELTAE_V3_OFF_20260114,2601,3156,51800,163.5
TXSD_DELTAE_V3_OFF_20260114,2611,3156,51300,161.9
TXSD_DELTAE_V3_OFF_20260114,2621,3160,51900,164.0
TXSD_DELTAE_V3_OFF_20260114,2631,3156,51000,161.0
TXSD_DELTAE_V3_OFF_20260114,2641,3160,52000,164.3
TXSD_DELTAE_V3_OFF_20260114,2651,3156,51000,161.0
TXSD_DELTAE_V3_OFF_20260114,2661,3160,52300,165.3
TXSD_DELTAE_V3_OFF_20260114,2671,3156,51000,161.0
TXSD_DELTAE_V3_OFF_20260114,2681,3160,52100,164.6
TXSD_DELTAE_V3_OFF_20260114,2691,3156,51200,161.6
TXSD_DELTAE_V3_OFF_20260114,2701,3160,52000,164.3
TXSD_DELTAE_V3_OFF_20260114,2711,3156,51300,161.9
TXSD_DELTAE_V3_OFF_20260114,2721,3160,51600,163.1
TXSD_DELTAE_V3_OFF_20260114,2731,3156,51600,162.8
TXSD_DELTAE_V3_OFF_20260114,2741,3160,51400,162.4
TXSD_DELTAE_V3_OFF_20260114,2751,3160,51900,164.0
TXSD_DELTAE_V3_OFF_20260114,2761,3156,51100,161.3
TXSD_DELTAE_V3_OFF_20260114,2771,3160,52000,164.3
TXSD_DELTAE_V3_OFF_20260114,2781,3156,51100,161.3
TXSD_DELTAE_V3_OFF_20260114,2791,3160,52100,164.6
TXSD_DELTAE_V3_OFF_20260114,2801,3156,51000,161.0
TXSD_DELTAE_V3_OFF_20260114,2811,3160,52200,165.0
TXSD_DELTAE_V3_OFF_20260114,2821,3156,51000,161.0
TXSD_DELTAE_V3_OFF_20260114,2831,3160,52100,164.6
TXSD_DELTAE_V3_OFF_20260114,2841,3156,51200,161.6
TXSD_DELTAE_V3_OFF_20260114,2851,3160,51900,164.0
TXSD_DELTAE_V3_OFF_20260114,2861,3156,51400,162.2
TXSD_DELTAE_V3_OFF_20260114,2871,3160,51500,162.7
TXSD_DELTAE_V3_OFF_20260114,2881,3160,51700,163.4
TXSD_DELTAE_V3_OFF_20260114,2891,3156,51400,162.2
TXSD_DELTAE_V3_OFF_20260114,2901,3160,51900,164.0
TXSD_DELTAE_V3_OFF_20260114,2911,3156,51100,161.3
TXSD_DELTAE_V3_OFF_20260114,2921,3160,52200,165.0
TXSD_DELTAE_V3_OFF_20260114,2931,3156,51100,161.3
TXSD_DELTAE_V3_OFF_20260114,2941,3160,52200,165.0
TXSD_DELTAE_V3_OFF_20260114,2951,3156,51100,161.3
TXSD_DELTAE_V3_OFF_20260114,2961,3160,52100,164.6
TXSD_DELTAE_V3_OFF_20260114,2971,3156,51100,161.3
TXSD_DELTAE_V3_OFF_20260114,2981,3160,52000,164.3
TXSD_DELTAE_V3_OFF_20260114,2991,3160,51300,162.1
TXSD_DELTAE_V3_OFF_20260114,3001,3160,51800,163.7
TXSD_DELTAE_V3_OFF_20260114,3011,3160,51400,162.4
TXSD_DELTAE_V3_OFF_20260114,3021,3160,51400,162.4
TXSD_DELTAE_V3_OFF_20260114,3031,3160,51800,163.7
TXSD_DELTAE_V3_OFF_20260114,3041,3156,51200,161.6
TXSD_DELTAE_V3_OFF_20260114,3051,3160,52000,164.3
TXSD_DELTAE_V3_OFF_20260114,3061,3156,51100,161.3
TXSD_DELTAE_V3_OFF_20260114,3071,3160,52100,164.6
TXSD_DELTAE_V3_OFF_20260114,3081,3156,51000,161.0
TXSD_DELTAE_V3_OFF_20260114,3091,3160,52200,165.0
TXSD_DELTAE_V3_OFF_20260114,3101,3156,51000,161.0
TXSD_DELTAE_V3_OFF_20260114,3111,3160,52100,164.6
TXSD_DELTAE_V3_OFF_20260114,3121,3156,51100,161.3
TXSD_DELTAE_V3_OFF_20260114,3131,3160,52000,164.3
TXSD_DELTAE_V3_OFF_20260114,3141,3156,51300,161.9
TXSD_DELTAE_V3_OFF_20260114,3151,3160,51700,163.4
TXSD_DELTAE_V3_OFF_20260114,3161,3156,51600,162.8
TXSD_DELTAE_V3_OFF_20260114,3171,3156,51400,162.2
TXSD_DELTAE_V3_OFF_20260114,3181,3160,51800,163.7
TXSD_DELTAE_V3_OFF_20260114,3191,3156,51200,161.6
TXSD_DELTAE_V3_OFF_20260114,3201,3160,52000,164.3
TXSD_DELTAE_V3_OFF_20260114,3211,3156,51000,161.0
TXSD_DELTAE_V3_OFF_20260114,3221,3160,52200,165.0
TXSD_DELTAE_V3_OFF_20260114,3231,3156,51000,161.0
TXSD_DELTAE_V3_OFF_20260114,3241,3160,52200,165.0
TXSD_DELTAE_V3_OFF_20260114,3251,3156,51000,161.0
TXSD_DELTAE_V3_OFF_20260114,3261,3160,52000,164.3
TXSD_DELTAE_V3_OFF_20260114,3271,3156,51200,161.6
TXSD_DELTAE_V3_OFF_20260114,3281,3160,51900,164.0
TXSD_DELTAE_V3_OFF_20260114,3291,3156,51300,161.9
TXSD_DELTAE_V3_OFF_20260114,3301,3156,51500,162.5
TXSD_DELTAE_V3_OFF_20260114,3311,3156,51700,163.2
TXSD_DELTAE_V3_OFF_20260114,3321,3156,51300,161.9
TXSD_DELTAE_V3_OFF_20260114,3331,3160,51900,164.0
TXSD_DELTAE_V3_OFF_20260114,3341,3156,51100,161.3
TXSD_DELTAE_V3_OFF_20260114,3351,3160,52100,164.6
TXSD_DELTAE_V3_OFF_20260114,3361,3156,51100,161.3
TXSD_DELTAE_V3_OFF_20260114,3371,3160,52200,165.0
TXSD_DELTAE_V3_OFF_20260114,3381,3156,51000,161.0
TXSD_DELTAE_V3_OFF_20260114,3391,3164,52200,165.2
TXSD_DELTAE_V3_OFF_20260114,3401,3156,51100,161.3
TXSD_DELTAE_V3_OFF_20260114,3411,3160,51900,164.0
TXSD_DELTAE_V3_OFF_20260114,3421,3156,51200,161.6
TXSD_DELTAE_V3_OFF_20260114,3431,3160,51800,163.7
TXSD_DELTAE_V3_OFF_20260114,3441,3156,51500,162.5
TXSD_DELTAE_V3_OFF_20260114,3451,3160,51500,162.7
TXSD_DELTAE_V3_OFF_20260114,3461,3156,51800,163.5
TXSD_DELTAE_V3_OFF_20260114,3471,3156,51300,161.9
TXSD_DELTAE_V3_OFF_20260114,3481,3160,52000,164.3
TXSD_DELTAE_V3_OFF_20260114,3491,3156,51100,161.3
TXSD_DELTAE_V3_OFF_20260114,3501,3160,52100,164.6
TXSD_DELTAE_V3_OFF_20260114,3511,3156,51000,161.0
TXSD_DELTAE_V3_OFF_20260114,3521,3160,52200,165.0
TXSD_DELTAE_V3_OFF_20260114,3531,3156,51000,161.0
TXSD_DELTAE_V3_OFF_20260114,3541,3160,52100,164.6
TXSD_DELTAE_V3_OFF_20260114,3551,3156,51200,161.6
TXSD_DELTAE_V3_OFF_20260114,3561,3160,52000,164.3
TXSD_DELTAE_V3_OFF_20260114,3571,3156,51300,161.9
TXSD_DELTAE_V3_OFF_20260114,3581,3160,51700,163.4
TXSD_DELTAE_V3_OFF_20260114,3591,3156,51600,162.8
TXSD_DELTAE_V3_OFF_20260114,3601,3156,51300,161.9
TXSD_DELTAE_V3_OFF_20260114,3611,3160,51900,164.0
TXSD_DELTAE_V3_OFF_20260114,3621,3156,51100,161.3
TXSD_DELTAE_V3_OFF_20260114,3631,3160,52000,164.3
TXSD_DELTAE_V3_OFF_20260114,3641,3156,51000,161.0
TXSD_DELTAE_V3_OFF_20260114,3651,3160,52200,165.0
TXSD_DELTAE_V3_OFF_20260114,3661,3156,50900,160.6
TXSD_DELTAE_V3_OFF_20260114,3671,3160,52200,165.0
TXSD_DELTAE_V3_OFF_20260114,3681,3156,51000,161.0
TXSD_DELTAE_V3_OFF_20260114,3691,3160,52000,164.3
TXSD_DELTAE_V3_OFF_20260114,3701,3156,51100,161.3
TXSD_DELTAE_V3_OFF_20260114,3711,3160,51900,164.0
TXSD_DELTAE_V3_OFF_20260114,3721,3156,51300,161.9
TXSD_DELTAE_V3_OFF_20260114,3731,3160,51500,162.7
TXSD_DELTAE_V3_OFF_20260114,3741,3160,51700,163.4
TXSD_DELTAE_V3_OFF_20260114,3751,3156,51300,161.9
TXSD_DELTAE_V3_OFF_20260114,3761,3160,51900,164.0
TXSD_DELTAE_V3_OFF_20260114,3771,3156,51100,161.3
TXSD_DELTAE_V3_OFF_20260114,3781,3160,52000,164.3
TXSD_DELTAE_V3_OFF_20260114,3791,3156,51000,161.0
TXSD_DELTAE_V3_OFF_20260114,3801,3160,52100,164.6
TXSD_DELTAE_V3_OFF_20260114,3811,3156,51000,161.0
TXSD_DELTAE_V3_OFF_20260114,3821,3160,52100,164.6
TXSD_DELTAE_V3_OFF_20260114,3831,3156,51100,161.3
TXSD_DELTAE_V3_OFF_20260114,3841,3160,52000,164.3
TXSD_DELTAE_V3_OFF_20260114,3851,3156,51200,161.6
TXSD_DELTAE_V3_OFF_20260114,3861,3160,51800,163.7
TXSD_DELTAE_V3_OFF_20260114,3871,3156,51400,162.2
TXSD_DELTAE_V3_OFF_20260114,3881,3160,51400,162.4
TXSD_DELTAE_V3_OFF_20260114,3891,3156,51800,163.5
TXSD_DELTAE_V3_OFF_20260114,3901,3156,51200,161.6
TXSD_DELTAE_V3_OFF_20260114,3911,3160,51900,164.0
TXSD_DELTAE_V3_OFF_20260114,3921,3156,51100,161.3
TXSD_DELTAE_V3_OFF_20260114,3931,3160,52100,164.6
TXSD_DELTAE_V3_OFF_20260114,3941,3156,50900,160.6
TXSD_DELTAE_V3_OFF_20260114,3951,3160,52100,164.6
TXSD_DELTAE_V3_OFF_20260114,3961,3156,50900,160.6
TXSD_DELTAE_V3_OFF_20260114,3971,3160,52100,164.6
TXSD_DELTAE_V3_OFF_20260114,3981,3156,51100,161.3
TXSD_DELTAE_V3_OFF_20260114,3991,3160,51900,164.0
TXSD_DELTAE_V3_OFF_20260114,4001,3156,51300,161.9
TXSD_DELTAE_V3_OFF_20260114,4011,3160,51600,163.1
TXSD_DELTAE_V3_OFF_20260114,4021,3156,51600,162.8
TXSD_DELTAE_V3_OFF_20260114,4031,3156,51300,161.9
TXSD_DELTAE_V3_OFF_20260114,4041,3160,51900,164.0
TXSD_DELTAE_V3_OFF_20260114,4051,3156,51100,161.3
TXSD_DELTAE_V3_OFF_20260114,4061,3160,52000,164.3
TXSD_DELTAE_V3_OFF_20260114,4071,3156,51000,161.0
TXSD_DELTAE_V3_OFF_20260114,4081,3160,52100,164.6
TXSD_DELTAE_V3_OFF_20260114,4091,3156,50900,160.6
TXSD_DELTAE_V3_OFF_20260114,4101,3160,52200,165.0
TXSD_DELTAE_V3_OFF_20260114,4111,3156,51000,161.0
TXSD_DELTAE_V3_OFF_20260114,4121,3160,52000,164.3
TXSD_DELTAE_V3_OFF_20260114,4131,3156,51200,161.6
TXSD_DELTAE_V3_OFF_20260114,4141,3160,51900,164.0
TXSD_DELTAE_V3_OFF_20260114,4151,3156,51300,161.9
TXSD_DELTAE_V3_OFF_20260114,4161,3160,51500,162.7
TXSD_DELTAE_V3_OFF_20260114,4171,3160,51700,163.4
TXSD_DELTAE_V3_OFF_20260114,4181,3160,51300,162.1
TXSD_DELTAE_V3_OFF_20260114,4191,3160,52000,164.3
TXSD_DELTAE_V3_OFF_20260114,4201,3156,51100,161.3
TXSD_DELTAE_V3_OFF_20260114,4211,3160,52100,164.6
TXSD_DELTAE_V3_OFF_20260114,4221,3156,51000,161.0
TXSD_DELTAE_V3_OFF_20260114,4231,3160,52200,165.0
TXSD_DELTAE_V3_OFF_20260114,4241,3156,51000,161.0
TXSD_DELTAE_V3_OFF_20260114,4251,3160,52200,165.0
TXSD_DELTAE_V3_OFF_20260114,4261,3156,51100,161.3
TXSD_DELTAE_V3_OFF_20260114,4271,3160,52000,164.3
TXSD_DELTAE_V3_OFF_20260114,4281,3156,51200,161.6
TXSD_DELTAE_V3_OFF_20260114,4291,3160,51800,163.7
TXSD_DELTAE_V3_OFF_20260114,4301,3156,51400,162.2
TXSD_DELTAE_V3_OFF_20260114,4311,3160,51500,162.7
TXSD_DELTAE_V3_OFF_20260114,4321,3156,51800,163.5
TXSD_DELTAE_V3_OFF_20260114,4331,3156,51200,161.6
TXSD_DELTAE_V3_OFF_20260114,4341,3160,51900,164.0
TXSD_DELTAE_V3_OFF_20260114,4351,3156,51000,161.0
TXSD_DELTAE_V3_OFF_20260114,4361,3160,52100,164.6
TXSD_DELTAE_V3_OFF_20260114,4371,3156,51000,161.0
TXSD_DELTAE_V3_OFF_20260114,4381,3160,52100,164.6
TXSD_DELTAE_V3_OFF_20260114,4391,3156,51000,161.0
TXSD_DELTAE_V3_OFF_20260114,4401,3160,52100,164.6
TXSD_DELTAE_V3_OFF_20260114,4411,3156,51200,161.6
TXSD_DELTAE_V3_OFF_20260114,4421,3160,52000,164.3
TXSD_DELTAE_V3_OFF_20260114,4431,3156,51300,161.9
TXSD_DELTAE_V3_OFF_20260114,4441,3160,51700,163.4
TXSD_DELTAE_V3_OFF_20260114,4451,3156,51500,162.5
TXSD_DELTAE_V3_OFF_20260114,4461,3156,51300,161.9
TXSD_DELTAE_V3_OFF_20260114,4471,3160,51900,164.0
TXSD_DELTAE_V3_OFF_20260114,4481,3156,51200,161.6
TXSD_DELTAE_V3_OFF_20260114,4491,3160,52100,164.6
TXSD_DELTAE_V3_OFF_20260114,4501,3156,51100,161.3
TXSD_DELTAE_V3_OFF_20260114,4511,3160,52100,164.6
TXSD_DELTAE_V3_OFF_20260114,4521,3156,51000,161.0
TXSD_DELTAE_V3_OFF_20260114,4531,3160,52200,165.0
TXSD_DELTAE_V3_OFF_20260114,4541,3156,51000,161.0
TXSD_DELTAE_V3_OFF_20260114,4551,3160,52000,164.3
TXSD_DELTAE_V3_OFF_20260114,4561,3156,51200,161.6
TXSD_DELTAE_V3_OFF_20260114,4571,3160,52000,164.3
TXSD_DELTAE_V3_OFF_20260114,4581,3160,51300,162.1
TXSD_DELTAE_V3_OFF_20260114,4591,3160,51600,163.1
TXSD_DELTAE_V3_OFF_20260114,4601,3156,51700,163.2
TXSD_DELTAE_V3_OFF_20260114,4611,3156,51300,161.9
TXSD_DELTAE_V3_OFF_20260114,4621,3160,51900,164.0
TXSD_DELTAE_V3_OFF_20260114,4631,3156,51100,161.3
TXSD_DELTAE_V3_OFF_20260114,4641,3160,52000,164.3
TXSD_DELTAE_V3_OFF_20260114,4651,3156,51000,161.0
TXSD_DELTAE_V3_OFF_20260114,4661,3160,52100,164.6
TXSD_DELTAE_V3_OFF_20260114,4671,3156,51000,161.0
TXSD_DELTAE_V3_OFF_20260114,4681,3160,52100,164.6
TXSD_DELTAE_V3_OFF_20260114,4691,3156,51100,161.3
TXSD_DELTAE_V3_OFF_20260114,4701,3160,52100,164.6
TXSD_DELTAE_V3_OFF_20260114,4711,3156,51200,161.6
TXSD_DELTAE_V3_OFF_20260114,4721,3160,51900,164.0
TXSD_DELTAE_V3_OFF_20260114,4731,3156,51400,162.2
TXSD_DELTAE_V3_OFF_20260114,4741,3160,51400,162.4
TXSD_DELTAE_V3_OFF_20260114,4751,3160,51800,163.7
TXSD_DELTAE_V3_OFF_20260114,4761,3156,51200,161.6
TXSD_DELTAE_V3_OFF_20260114,4771,3160,52000,164.3
TXSD_DELTAE_V3_OFF_20260114,4781,3156,51100,161.3
TXSD_DELTAE_V3_OFF_20260114,4791,3164,52000,164.5
TXSD_DELTAE_V3_OFF_20260114,4801,3156,51000,161.0
TXSD_DELTAE_V3_OFF_20260114,4811,3160,52200,165.0
TXSD_DELTAE_V3_OFF_20260114,4821,3156,51000,161.0
TXSD_DELTAE_V3_OFF_20260114,4831,3160,52100,164.6
TXSD_DELTAE_V3_OFF_20260114,4841,3156,51100,161.3
TXSD_DELTAE_V3_OFF_20260114,4851,3160,51900,164.0
TXSD_DELTAE_V3_OFF_20260114,4861,3156,51200,161.6
TXSD_DELTAE_V3_OFF_20260114,4871,3160,51700,163.4
TXSD_DELTAE_V3_OFF_20260114,4881,3160,51600,163.1
TXSD_DELTAE_V3_OFF_20260114,4891,3160,51400,162.4
TXSD_DELTAE_V3_OFF_20260114,4901,3160,51900,164.0
TXSD_DELTAE_V3_OFF_20260114,4911,3156,51200,161.6
TXSD_DELTAE_V3_OFF_20260114,4921,3160,52000,164.3
TXSD_DELTAE_V3_OFF_20260114,4931,3156,51000,161.0
TXSD_DELTAE_V3_OFF_20260114,4941,3160,52100,164.6
TXSD_DELTAE_V3_OFF_20260114,4951,3156,50900,160.6
TXSD_DELTAE_V3_OFF_20260114,4961,3160,52200,165.0
TXSD_DELTAE_V3_OFF_20260114,4971,3156,51000,161.0
TXSD_DELTAE_V3_OFF_20260114,4981,3160,52000,164.3
TXSD_DELTAE_V3_OFF_20260114,4991,3156,51200,161.6
TXSD_DELTAE_V3_OFF_20260114,5001,3160,51900,164.0
TXSD_DELTAE_V3_OFF_20260114,5011,3156,51300,161.9
TXSD_DELTAE_V3_OFF_20260114,5021,3160,51600,163.1
TXSD_DELTAE_V3_OFF_20260114,5031,3156,51700,163.2
TXSD_DELTAE_V3_OFF_20260114,5041,3156,51300,161.9
TXSD_DELTAE_V3_OFF_20260114,5051,3160,51900,164.0
TXSD_DELTAE_V3_OFF_20260114,5061,3156,51100,161.3
TXSD_DELTAE_V3_OFF_20260114,5071,3160,52100,164.6
TXSD_DELTAE_V3_OFF_20260114,5081,3156,51000,161.0
TXSD_DELTAE_V3_OFF_20260114,5091,3160,52200,165.0
TXSD_DELTAE_V3_OFF_20260114,5101,3156,50900,160.6
TXSD_DELTAE_V3_OFF_20260114,5111,3160,52200,165.0
TXSD_DELTAE_V3_OFF_20260114,5121,3156,51100,161.3
TXSD_DELTAE_V3_OFF_20260114,5131,3160,52000,164.3
TXSD_DELTAE_V3_OFF_20260114,5141,3156,51200,161.6
TXSD_DELTAE_V3_OFF_20260114,5151,3160,51900,164.0
TXSD_DELTAE_V3_OFF_20260114,5161,3156,51500,162.5
TXSD_DELTAE_V3_OFF_20260114,5171,3156,51500,162.5
TXSD_DELTAE_V3_OFF_20260114,5181,3160,51800,163.7
TXSD_DELTAE_V3_OFF_20260114,5191,3156,51100,161.3
TXSD_DELTAE_V3_OFF_20260114,5201,3160,52000,164.3
TXSD_DELTAE_V3_OFF_20260114,5211,3156,51100,161.3
TXSD_DELTAE_V3_OFF_20260114,5221,3160,52100,164.6
TXSD_DELTAE_V3_OFF_20260114,5231,3156,51000,161.0
TXSD_DELTAE_V3_OFF_20260114,5241,3160,52200,165.0
TXSD_DELTAE_V3_OFF_20260114,5251,3156,51000,161.0
TXSD_DELTAE_V3_OFF_20260114,5261,3160,52100,164.6
TXSD_DELTAE_V3_OFF_20260114,5271,3156,51100,161.3
TXSD_DELTAE_V3_OFF_20260114,5281,3160,51900,164.0
TXSD_DELTAE_V3_OFF_20260114,5291,3156,51300,161.9
TXSD_DELTAE_V3_OFF_20260114,5301,3160,51700,163.4
TXSD_DELTAE_V3_OFF_20260114,5311,3156,51600,162.8
TXSD_DELTAE_V3_OFF_20260114,5321,3156,51400,162.2
TXSD_DELTAE_V3_OFF_20260114,5331,3160,51800,163.7
TXSD_DELTAE_V3_OFF_20260114,5341,3156,51100,161.3
TXSD_DELTAE_V3_OFF_20260114,5351,3160,52100,164.6
TXSD_DELTAE_V3_OFF_20260114,5361,3156,51000,161.0
TXSD_DELTAE_V3_OFF_20260114,5371,3160,52200,165.0
TXSD_DELTAE_V3_OFF_20260114,5381,3156,51000,161.0
TXSD_DELTAE_V3_OFF_20260114,5391,3160,52200,165.0
TXSD_DELTAE_V3_OFF_20260114,5401,3156,51000,161.0
TXSD_DELTAE_V3_OFF_20260114,5411,3160,52000,164.3
TXSD_DELTAE_V3_OFF_20260114,5421,3156,51200,161.6
TXSD_DELTAE_V3_OFF_20260114,5431,3160,51900,164.0
TXSD_DELTAE_V3_OFF_20260114,5441,3156,51300,161.9
TXSD_DELTAE_V3_OFF_20260114,5451,3160,51600,163.1
TXSD_DELTAE_V3_OFF_20260114,5461,3160,51700,163.4
TXSD_DELTAE_V3_OFF_20260114,5471,3156,51300,161.9
TXSD_DELTAE_V3_OFF_20260114,5481,3160,52000,164.3
TXSD_DELTAE_V3_OFF_20260114,5491,3160,51100,161.5
TXSD_DELTAE_V3_OFF_20260114,5501,3160,52100,164.6
TXSD_DELTAE_V3_OFF_20260114,5511,3156,51000,161.0
TXSD_DELTAE_V3_OFF_20260114,5521,3160,52100,164.6
TXSD_DELTAE_V3_OFF_20260114,5531,3156,51000,161.0
TXSD_DELTAE_V3_OFF_20260114,5541,3160,52200,165.0
TXSD_DELTAE_V3_OFF_20260114,5551,3156,51000,161.0
TXSD_DELTAE_V3_OFF_20260114,5561,3160,52000,164.3
TXSD_DELTAE_V3_OFF_20260114,5571,3156,51300,161.9
TXSD_DELTAE_V3_OFF_20260114,5581,3160,51800,163.7
TXSD_DELTAE_V3_OFF_20260114,5591,3156,51500,162.5
TXSD_DELTAE_V3_OFF_20260114,5601,3156,51400,162.2
TXSD_DELTAE_V3_OFF_20260114,5611,3160,51800,163.7
TXSD_DELTAE_V3_OFF_20260114,5621,3156,51200,161.6
TXSD_DELTAE_V3_OFF_20260114,5631,3160,52000,164.3
TXSD_DELTAE_V3_OFF_20260114,5641,3156,51100,161.3
TXSD_DELTAE_V3_OFF_20260114,5651,3160,52100,164.6
TXSD_DELTAE_V3_OFF_20260114,5661,3156,51000,161.0
TXSD_DELTAE_V3_OFF_20260114,5671,3160,52200,165.0
TXSD_DELTAE_V3_OFF_20260114,5681,3156,50900,160.6
TXSD_DELTAE_V3_OFF_20260114,5691,3160,52000,164.3
TXSD_DELTAE_V3_OFF_20260114,5701,3156,51100,161.3
TXSD_DELTAE_V3_OFF_20260114,5711,3160,52000,164.3
TXSD_DELTAE_V3_OFF_20260114,5721,3156,51200,161.6
TXSD_DELTAE_V3_OFF_20260114,5731,3160,51700,163.4
TXSD_DELTAE_V3_OFF_20260114,5741,3156,51600,162.8
TXSD_DELTAE_V3_OFF_20260114,5751,3156,51400,162.2
TXSD_DELTAE_V3_OFF_20260114,5761,3160,51800,163.7
TXSD_DELTAE_V3_OFF_20260114,5771,3156,51200,161.6
TXSD_DELTAE_V3_OFF_20260114,5781,3160,52000,164.3
TXSD_DELTAE_V3_OFF_20260114,5791,3156,51000,161.0
TXSD_DELTAE_V3_OFF_20260114,5801,3160,52200,165.0
TXSD_DELTAE_V3_OFF_20260114,5811,3156,51000,161.0
TXSD_DELTAE_V3_OFF_20260114,5821,3160,52200,165.0
TXSD_DELTAE_V3_OFF_20260114,5831,3156,51000,161.0
TXSD_DELTAE_V3_OFF_20260114,5841,3160,52000,164.3
TXSD_DELTAE_V3_OFF_20260114,5851,3156,51200,161.6
TXSD_DELTAE_V3_OFF_20260114,5861,3160,51900,164.0
TXSD_DELTAE_V3_OFF_20260114,5871,3160,51300,162.1
TXSD_DELTAE_V3_OFF_20260114,5881,3160,51600,163.1
TXSD_DELTAE_V3_OFF_20260114,5891,3156,51700,163.2
TXSD_DELTAE_V3_OFF_20260114,5901,3160,51300,162.1
TXSD_DELTAE_V3_OFF_20260114,5911,3156,51900,163.8
TXSD_DELTAE_V3_OFF_20260114,5921,3156,51100,161.3
TXSD_DELTAE_V3_OFF_20260114,5931,3160,52100,164.6
TXSD_DELTAE_V3_OFF_20260114,5941,3156,51000,161.0
TXSD_DELTAE_V3_OFF_20260114,5951,3160,52100,164.6
TXSD_DELTAE_V3_OFF_20260114,5961,3156,51000,161.0
TXSD_DELTAE_V3_OFF_20260114,5971,3160,52100,164.6
TXSD_DELTAE_V3_OFF_20260114,5981,3156,51000,161.0
TXSD_DELTAE_V3_OFF_20260114,5991,3160,52000,164.3
TXSD_DELTAE_V3_OFF_20260114,6001,3156,51200,161.6
TXSD_DELTAE_V3_OFF_20260114,6011,3160,51800,163.7
TXSD_DELTAE_V3_OFF_20260114,6021,3156,51400,162.2
TXSD_DELTAE_V3_OFF_20260114,6031,3160,51400,162.4
TXSD_DELTAE_V3_OFF_20260114,6041,3160,51800,163.7
TXSD_DELTAE_V3_OFF_20260114,6051,3156,51200,161.6
TXSD_DELTAE_V3_OFF_20260114,6061,3160,52000,164.3
TXSD_DELTAE_V3_OFF_20260114,6071,3156,51100,161.3
TXSD_DELTAE_V3_OFF_20260114,6081,3160,52100,164.6
TXSD_DELTAE_V3_OFF_20260114,6091,3156,51000,161.0
TXSD_DELTAE_V3_OFF_20260114,6101,3160,52200,165.0
TXSD_DELTAE_V3_OFF_20260114,6111,3156,50900,160.6
TXSD_DELTAE_V3_OFF_20260114,6121,3160,52100,164.6
TXSD_DELTAE_V3_OFF_20260114,6131,3156,51100,161.3
TXSD_DELTAE_V3_OFF_20260114,6141,3160,51900,164.0
TXSD_DELTAE_V3_OFF_20260114,6151,3156,51200,161.6
TXSD_DELTAE_V3_OFF_20260114,6161,3160,51600,163.1
TXSD_DELTAE_V3_OFF_20260114,6171,3156,51600,162.8
TXSD_DELTAE_V3_OFF_20260114,6181,3160,51300,162.1
TXSD_DELTAE_V3_OFF_20260114,6191,3160,51800,163.7
TXSD_DELTAE_V3_OFF_20260114,6201,3160,51100,161.5
TXSD_DELTAE_V3_OFF_20260114,6211,3160,52100,164.6
TXSD_DELTAE_V3_OFF_20260114,6221,3156,51000,161.0
TXSD_DELTAE_V3_OFF_20260114,6231,3160,52100,164.6
TXSD_DELTAE_V3_OFF_20260114,6241,3156,50900,160.6
TXSD_DELTAE_V3_OFF_20260114,6251,3160,52100,164.6
TXSD_DELTAE_V3_OFF_20260114,6261,3156,50900,160.6
TXSD_DELTAE_V3_OFF_20260114,6271,3160,52100,164.6
TXSD_DELTAE_V3_OFF_20260114,6281,3156,51100,161.3
TXSD_DELTAE_V3_OFF_20260114,6291,3160,51900,164.0
TXSD_DELTAE_V3_OFF_20260114,6301,3160,51200,161.8
TXSD_DELTAE_V3_OFF_20260114,6311,3160,51600,163.1
TXSD_DELTAE_V3_OFF_20260114,6321,3156,51700,163.2
TXSD_DELTAE_V3_OFF_20260114,6331,3156,51300,161.9
TXSD_DELTAE_V3_OFF_20260114,6341,3160,51900,164.0
TXSD_DELTAE_V3_OFF_20260114,6351,3156,51100,161.3
TXSD_DELTAE_V3_OFF_20260114,6361,3160,52100,164.6
TXSD_DELTAE_V3_OFF_20260114,6371,3156,51000,161.0
TXSD_DELTAE_V3_OFF_20260114,6381,3160,52100,164.6
TXSD_DELTAE_V3_OFF_20260114,6391,3156,51000,161.0
TXSD_DELTAE_V3_OFF_20260114,6401,3160,52100,164.6
TXSD_DELTAE_V3_OFF_20260114,6411,3156,51100,161.3
TXSD_DELTAE_V3_OFF_20260114,6421,3160,51900,164.0
TXSD_DELTAE_V3_OFF_20260114,6431,3156,51200,161.6
TXSD_DELTAE_V3_OFF_20260114,6441,3160,51800,163.7
TXSD_DELTAE_V3_OFF_20260114,6451,3156,51400,162.2
TXSD_DELTAE_V3_OFF_20260114,6461,3160,51500,162.7
TXSD_DELTAE_V3_OFF_20260114,6471,3160,51900,164.0
TXSD_DELTAE_V3_OFF_20260114,6481,3156,51200,161.6
TXSD_DELTAE_V3_OFF_20260114,6491,3160,51900,164.0
TXSD_DELTAE_V3_OFF_20260114,6501,3156,51000,161.0
TXSD_DELTAE_V3_OFF_20260114,6511,3160,52100,164.6
TXSD_DELTAE_V3_OFF_20260114,6521,3156,51000,161.0
TXSD_DELTAE_V3_OFF_20260114,6531,3164,52200,165.2
TXSD_DELTAE_V3_OFF_20260114,6541,3156,51000,161.0
TXSD_DELTAE_V3_OFF_20260114,6551,3160,52000,164.3
TXSD_DELTAE_V3_OFF_20260114,6561,3156,51100,161.3
TXSD_DELTAE_V3_OFF_20260114,6571,3160,51900,164.0
TXSD_DELTAE_V3_OFF_20260114,6581,3156,51200,161.6
TXSD_DELTAE_V3_OFF_20260114,6591,3160,51700,163.4
TXSD_DELTAE_V3_OFF_20260114,6601,3156,51600,162.8
TXSD_DELTAE_V3_OFF_20260114,6611,3156,51400,162.2
TXSD_DELTAE_V3_OFF_20260114,6621,3160,51800,163.7
TXSD_DELTAE_V3_OFF_20260114,6631,3160,51100,161.5
TXSD_DELTAE_V3_OFF_20260114,6641,3164,52000,164.5
TXSD_DELTAE_V3_OFF_20260114,6651,3156,51000,161.0
TXSD_DELTAE_V3_OFF_20260114,6661,3160,52100,164.6
TXSD_DELTAE_V3_OFF_20260114,6671,3156,50900,160.6
TXSD_DELTAE_V3_OFF_20260114,6681,3160,52200,165.0
TXSD_DELTAE_V3_OFF_20260114,6691,3156,51000,161.0
TXSD_DELTAE_V3_OFF_20260114,6701,3160,52000,164.3
TXSD_DELTAE_V3_OFF_20260114,6711,3156,51200,161.6
TXSD_DELTAE_V3_OFF_20260114,6721,3160,51900,164.0
TXSD_DELTAE_V3_OFF_20260114,6731,3156,51300,161.9
TXSD_DELTAE_V3_OFF_20260114,6741,3160,51600,163.1
TXSD_DELTAE_V3_OFF_20260114,6751,3156,51700,163.2
TXSD_DELTAE_V3_OFF_20260114,6761,3156,51300,161.9
TXSD_DELTAE_V3_OFF_20260114,6771,3156,51900,163.8
TXSD_DELTAE_V3_OFF_20260114,6781,3156,51100,161.3
TXSD_DELTAE_V3_OFF_20260114,6791,3160,52100,164.6
TXSD_DELTAE_V3_OFF_20260114,6801,3156,51000,161.0
TXSD_DELTAE_V3_OFF_20260114,6811,3164,52100,164.8
TXSD_DELTAE_V3_OFF_20260114,6821,3156,51000,161.0
TXSD_DELTAE_V3_OFF_20260114,6831,3160,52100,164.6
TXSD_DELTAE_V3_OFF_20260114,6841,3156,51100,161.3
TXSD_DELTAE_V3_OFF_20260114,6851,3160,52000,164.3
TXSD_DELTAE_V3_OFF_20260114,6861,3160,51200,161.8
TXSD_DELTAE_V3_OFF_20260114,6871,3160,51800,163.7
TXSD_DELTAE_V3_OFF_20260114,6881,3156,51400,162.2
TXSD_DELTAE_V3_OFF_20260114,6891,3160,51400,162.4
TXSD_DELTAE_V3_OFF_20260114,6901,3160,51700,163.4
TXSD_DELTAE_V3_OFF_20260114,6911,3156,51200,161.6
TXSD_DELTAE_V3_OFF_20260114,6921,3160,52000,164.3
TXSD_DELTAE_V3_OFF_20260114,6931,3156,51100,161.3
TXSD_DELTAE_V3_OFF_20260114,6941,3160,52100,164.6
TXSD_DELTAE_V3_OFF_20260114,6951,3156,51000,161.0
TXSD_DELTAE_V3_OFF_20260114,6961,3160,52200,165.0
TXSD_DELTAE_V3_OFF_20260114,6971,3156,50900,160.6
TXSD_DELTAE_V3_OFF_20260114,6981,3160,52100,164.6
TXSD_DELTAE_V3_OFF_20260114,6991,3156,51200,161.6
TXSD_DELTAE_V3_OFF_20260114,7001,3160,51900,164.0
TXSD_DELTAE_V3_OFF_20260114,7011,3156,51300,161.9
TXSD_DELTAE_V3_OFF_20260114,7021,3160,51600,163.1
TXSD_DELTAE_V3_OFF_20260114,7031,3156,51600,162.8
TXSD_DELTAE_V3_OFF_20260114,7041,3160,51300,162.1
TXSD_DELTAE_V3_OFF_20260114,7051,3160,51900,164.0
TXSD_DELTAE_V3_OFF_20260114,7061,3156,51200,161.6
TXSD_DELTAE_V3_OFF_20260114,7071,3160,52000,164.3
TXSD_DELTAE_V3_OFF_20260114,7081,3156,51100,161.3
TXSD_DELTAE_V3_OFF_20260114,7091,3160,52100,164.6
TXSD_DELTAE_V3_OFF_20260114,7101,3156,51000,161.0
TXSD_DELTAE_V3_OFF_20260114,7111,3160,52200,165.0
TXSD_DELTAE_V3_OFF_20260114,7121,3156,51000,161.0
TXSD_DELTAE_V3_OFF_20260114,7131,3160,52000,164.3
TXSD_DELTAE_V3_OFF_20260114,7141,3156,51200,161.6
TXSD_DELTAE_V3_OFF_20260114,7151,3160,51900,164.0
TXSD_DELTAE_V3_OFF_20260114,7161,3156,51300,161.9
TXSD_DELTAE_V3_OFF_20260114,7171,3160,51500,162.7
TXSD_DELTAE_V3_OFF_20260114,7181,3160,51700,163.4
TXSD_DELTAE_V3_OFF_20260114,7191,3156,51200,161.6
TXSD_DELTAE_V3_OFF_20260114,7201,3160,51900,164.0
TXSD_DELTAE_V3_OFF_20260114,7211,3156,51100,161.3
TXSD_DELTAE_V3_OFF_20260114,7221,3160,52100,164.6
TXSD_DELTAE_V3_OFF_20260114,7231,3156,51000,161.0
TXSD_DELTAE_V3_OFF_20260114,7241,3160,52200,165.0
TXSD_DELTAE_V3_OFF_20260114,7251,3156,51000,161.0
TXSD_DELTAE_V3_OFF_20260114,7261,3160,52200,165.0
TXSD_DELTAE_V3_OFF_20260114,7271,3156,51000,161.0
TXSD_DELTAE_V3_OFF_20260114,7281,3160,51900,164.0
TXSD_DELTAE_V3_OFF_20260114,7291,3156,51200,161.6
TXSD_DELTAE_V3_OFF_20260114,7301,3160,51800,163.7
TXSD_DELTAE_V3_OFF_20260114,7311,3156,51500,162.5
TXSD_DELTAE_V3_OFF_20260114,7321,3156,51500,162.5
TXSD_DELTAE_V3_OFF_20260114,7331,3156,51800,163.5
TXSD_DELTAE_V3_OFF_20260114,7341,3156,51200,161.6
TXSD_DELTAE_V3_OFF_20260114,7351,3160,52000,164.3
TXSD_DELTAE_V3_OFF_20260114,7361,3156,51000,161.0
TXSD_DELTAE_V3_OFF_20260114,7371,3160,52100,164.6
TXSD_DELTAE_V3_OFF_20260114,7381,3156,51000,161.0
TXSD_DELTAE_V3_OFF_20260114,7391,3160,52200,165.0
TXSD_DELTAE_V3_OFF_20260114,7401,3156,51000,161.0
TXSD_DELTAE_V3_OFF_20260114,7411,3160,52000,164.3
TXSD_DELTAE_V3_OFF_20260114,7421,3156,51100,161.3
TXSD_DELTAE_V3_OFF_20260114,7431,3160,52000,164.3
TXSD_DELTAE_V3_OFF_20260114,7441,3156,51300,161.9
TXSD_DELTAE_V3_OFF_20260114,7451,3160,51600,163.1
TXSD_DELTAE_V3_OFF_20260114,7461,3160,51500,162.7
TXSD_DELTAE_V3_OFF_20260114,7471,3156,51400,162.2
TXSD_DELTAE_V3_OFF_20260114,7481,3160,51900,164.0
TXSD_DELTAE_V3_OFF_20260114,7491,3156,51200,161.6
TXSD_DELTAE_V3_OFF_20260114,7501,3160,52000,164.3
TXSD_DELTAE_V3_OFF_20260114,7511,3156,51000,161.0
TXSD_DELTAE_V3_OFF_20260114,7521,3160,52100,164.6
TXSD_DELTAE_V3_OFF_20260114,7531,3156,51000,161.0
TXSD_DELTAE_V3_OFF_20260114,7541,3160,52200,165.0
TXSD_DELTAE_V3_OFF_20260114,7551,3156,51000,161.0
TXSD_DELTAE_V3_OFF_20260114,7561,3160,52000,164.3
TXSD_DELTAE_V3_OFF_20260114,7571,3156,51100,161.3
TXSD_DELTAE_V3_OFF_20260114,7581,3160,51900,164.0
TXSD_DELTAE_V3_OFF_20260114,7591,3156,51300,161.9
TXSD_DELTAE_V3_OFF_20260114,7601,3160,51500,162.7
TXSD_DELTAE_V3_OFF_20260114,7611,3160,51700,163.4
TXSD_DELTAE_V3_OFF_20260114,7621,3156,51300,161.9
TXSD_DELTAE_V3_OFF_20260114,7631,3160,51900,164.0
TXSD_DELTAE_V3_OFF_20260114,7641,3156,51100,161.3
TXSD_DELTAE_V3_OFF_20260114,7651,3160,52000,164.3
TXSD_DELTAE_V3_OFF_20260114,7661,3156,51100,161.3
TXSD_DELTAE_V3_OFF_20260114,7671,3160,52100,164.6
TXSD_DELTAE_V3_OFF_20260114,7681,3156,51100,161.3
TXSD_DELTAE_V3_OFF_20260114,7691,3160,52100,164.6
TXSD_DELTAE_V3_OFF_20260114,7701,3156,51100,161.3
TXSD_DELTAE_V3_OFF_20260114,7711,3160,52000,164.3
TXSD_DELTAE_V3_OFF_20260114,7721,3156,51200,161.6
TXSD_DELTAE_V3_OFF_20260114,7731,3160,51800,163.7
TXSD_DELTAE_V3_OFF_20260114,7741,3156,51500,162.5
TXSD_DELTAE_V3_OFF_20260114,7751,3156,51400,162.2
TXSD_DELTAE_V3_OFF_20260114,7761,3160,51800,163.7
TXSD_DELTAE_V3_OFF_20260114,7771,3156,51200,161.6
TXSD_DELTAE_V3_OFF_20260114,7781,3160,52000,164.3
TXSD_DELTAE_V3_OFF_20260114,7791,3156,51100,161.3
TXSD_DELTAE_V3_OFF_20260114,7801,3160,52100,164.6
TXSD_DELTAE_V3_OFF_20260114,7811,3156,51000,161.0
TXSD_DELTAE_V3_OFF_20260114,7821,3160,52200,165.0
TXSD_DELTAE_V3_OFF_20260114,7831,3156,51100,161.3
TXSD_DELTAE_V3_OFF_20260114,7841,3160,52000,164.3
TXSD_DELTAE_V3_OFF_20260114,7851,3156,51100,161.3
TXSD_DELTAE_V3_OFF_20260114,7861,3160,51900,164.0
TXSD_DELTAE_V3_OFF_20260114,7871,3156,51200,161.6
TXSD_DELTAE_V3_OFF_20260114,7881,3160,51700,163.4
TXSD_DELTAE_V3_OFF_20260114,7891,3160,51600,163.1
TXSD_DELTAE_V3_OFF_20260114,7901,3160,51400,162.4
TXSD_DELTAE_V3_OFF_20260114,7911,3160,51900,164.0
TXSD_DELTAE_V3_OFF_20260114,7921,3156,51200,161.6
TXSD_DELTAE_V3_OFF_20260114,7931,3160,52000,164.3
TXSD_DELTAE_V3_OFF_20260114,7941,3156,51000,161.0
TXSD_DELTAE_V3_OFF_20260114,7951,3160,52200,165.0
TXSD_DELTAE_V3_OFF_20260114,7961,3156,51000,161.0
TXSD_DELTAE_V3_OFF_20260114,7971,3160,52200,165.0
TXSD_DELTAE_V3_OFF_20260114,7981,3156,51000,161.0
TXSD_DELTAE_V3_OFF_20260114,7991,3160,52000,164.3
TXSD_DELTAE_V3_OFF_20260114,8001,3156,51200,161.6
TXSD_DELTAE_V3_OFF_20260114,8011,3160,51900,164.0
TXSD_DELTAE_V3_OFF_20260114,8021,3156,51300,161.9
TXSD_DELTAE_V3_OFF_20260114,8031,3160,51600,163.1
TXSD_DELTAE_V3_OFF_20260114,8041,3156,51700,163.2
TXSD_DELTAE_V3_OFF_20260114,8051,3156,51300,161.9
TXSD_DELTAE_V3_OFF_20260114,8061,3160,51900,164.0
TXSD_DELTAE_V3_OFF_20260114,8071,3156,51100,161.3
TXSD_DELTAE_V3_OFF_20260114,8081,3160,52100,164.6
TXSD_DELTAE_V3_OFF_20260114,8091,3156,51000,161.0
TXSD_DELTAE_V3_OFF_20260114,8101,3160,52200,165.0
TXSD_DELTAE_V3_OFF_20260114,8111,3156,51000,161.0
TXSD_DELTAE_V3_OFF_20260114,8121,3160,52100,164.6
TXSD_DELTAE_V3_OFF_20260114,8131,3156,51100,161.3
TXSD_DELTAE_V3_OFF_20260114,8141,3160,52000,164.3
TXSD_DELTAE_V3_OFF_20260114,8151,3156,51200,161.6
TXSD_DELTAE_V3_OFF_20260114,8161,3160,51800,163.7
TXSD_DELTAE_V3_OFF_20260114,8171,3156,51300,161.9
TXSD_DELTAE_V3_OFF_20260114,8181,3160,51400,162.4
TXSD_DELTAE_V3_OFF_20260114,8191,3160,51800,163.7
TXSD_DELTAE_V3_OFF_20260114,8201,3156,51200,161.6
TXSD_DELTAE_V3_OFF_20260114,8211,3160,52000,164.3
TXSD_DELTAE_V3_OFF_20260114,8221,3156,51000,161.0
TXSD_DELTAE_V3_OFF_20260114,8231,3160,52100,164.6
TXSD_DELTAE_V3_OFF_20260114,8241,3156,51000,161.0
TXSD_DELTAE_V3_OFF_20260114,8251,3160,52200,165.0
TXSD_DELTAE_V3_OFF_20260114,8261,3156,51100,161.3
TXSD_DELTAE_V3_OFF_20260114,8271,3160,52000,164.3
TXSD_DELTAE_V3_OFF_20260114,8281,3156,51100,161.3
TXSD_DELTAE_V3_OFF_20260114,8291,3160,51900,164.0
TXSD_DELTAE_V3_OFF_20260114,8301,3156,51200,161.6
TXSD_DELTAE_V3_OFF_20260114,8311,3160,51700,163.4
TXSD_DELTAE_V3_OFF_20260114,8321,3156,51600,162.8
TXSD_DELTAE_V3_OFF_20260114,8331,3156,51400,162.2
TXSD_DELTAE_V3_OFF_20260114,8341,3156,51900,163.8
TXSD_DELTAE_V3_OFF_20260114,8351,3156,51200,161.6
TXSD_DELTAE_V3_OFF_20260114,8361,3160,52000,164.3
TXSD_DELTAE_V3_OFF_20260114,8371,3156,51100,161.3
TXSD_DELTAE_V3_OFF_20260114,8381,3160,52100,164.6
TXSD_DELTAE_V3_OFF_20260114,8391,3156,51000,161.0
TXSD_DELTAE_V3_OFF_20260114,8401,3160,52200,165.0
TXSD_DELTAE_V3_OFF_20260114,8411,3156,51000,161.0
TXSD_DELTAE_V3_OFF_20260114,8421,3160,52000,164.3
TXSD_DELTAE_V3_OFF_20260114,8431,3156,51200,161.6
TXSD_DELTAE_V3_OFF_20260114,8441,3160,51900,164.0
TXSD_DELTAE_V3_OFF_20260114,8451,3156,51300,161.9
TXSD_DELTAE_V3_OFF_20260114,8461,3160,51600,163.1
TXSD_DELTAE_V3_OFF_20260114,8471,3160,51700,163.4
TXSD_DELTAE_V3_OFF_20260114,8481,3160,51300,162.1
TXSD_DELTAE_V3_OFF_20260114,8491,3160,51900,164.0
TXSD_DELTAE_V3_OFF_20260114,8501,3156,51100,161.3
TXSD_DELTAE_V3_OFF_20260114,8511,3160,52100,164.6
TXSD_DELTAE_V3_OFF_20260114,8521,3156,51000,161.0
TXSD_DELTAE_V3_OFF_20260114,8531,3160,52100,164.6
TXSD_DELTAE_V3_OFF_20260114,8541,3156,51000,161.0
TXSD_DELTAE_V3_OFF_20260114,8551,3160,52100,164.6
TXSD_DELTAE_V3_OFF_20260114,8561,3156,51100,161.3
TXSD_DELTAE_V3_OFF_20260114,8571,3160,52000,164.3
TXSD_DELTAE_V3_OFF_20260114,8581,3156,51200,161.6
TXSD_DELTAE_V3_OFF_20260114,8591,3160,51800,163.7
TXSD_DELTAE_V3_OFF_20260114,8601,3156,51400,162.2
TXSD_DELTAE_V3_OFF_20260114,8611,3160,51400,162.4
TXSD_DELTAE_V3_OFF_20260114,8621,3160,51700,163.4
TXSD_DELTAE_V3_OFF_20260114,8631,3160,51200,161.8
TXSD_DELTAE_V3_OFF_20260114,8641,3160,52000,164.3
TXSD_DELTAE_V3_OFF_20260114,8651,3156,51100,161.3
TXSD_DELTAE_V3_OFF_20260114,8661,3160,52100,164.6
TXSD_DELTAE_V3_OFF_20260114,8671,3156,51000,161.0
TXSD_DELTAE_V3_OFF_20260114,8681,3160,52200,165.0
TXSD_DELTAE_V3_OFF_20260114,8691,3156,51000,161.0
TXSD_DELTAE_V3_OFF_20260114,8701,3164,52100,164.8
TXSD_DELTAE_V3_OFF_20260114,8711,3156,51100,161.3
TXSD_DELTAE_V3_OFF_20260114,8721,3160,52000,164.3
TXSD_DELTAE_V3_OFF_20260114,8731,3156,51200,161.6
TXSD_DELTAE_V3_OFF_20260114,8741,3160,51700,163.4
TXSD_DELTAE_V3_OFF_20260114,8751,3160,51500,162.7
TXSD_DELTAE_V3_OFF_20260114,8761,3160,51400,162.4
TXSD_DELTAE_V3_OFF_20260114,8771,3160,51900,164.0
TXSD_DELTAE_V3_OFF_20260114,8781,3156,51200,161.6
TXSD_DELTAE_V3_OFF_20260114,8791,3160,52000,164.3
TXSD_DELTAE_V3_OFF_20260114,8801,3156,51000,161.0
TXSD_DELTAE_V3_OFF_20260114,8811,3160,52100,164.6
TXSD_DELTAE_V3_OFF_20260114,8821,3156,51000,161.0
TXSD_DELTAE_V3_OFF_20260114,8831,3160,52200,165.0
TXSD_DELTAE_V3_OFF_20260114,8841,3156,51000,161.0
TXSD_DELTAE_V3_OFF_20260114,8851,3160,52100,164.6
TXSD_DELTAE_V3_OFF_20260114,8861,3156,51200,161.6
TXSD_DELTAE_V3_OFF_20260114,8871,3160,51900,164.0
TXSD_DELTAE_V3_OFF_20260114,8881,3156,51300,161.9
TXSD_DELTAE_V3_OFF_20260114,8891,3160,51600,163.1
TXSD_DELTAE_V3_OFF_20260114,8901,3156,51700,163.2
TXSD_DELTAE_V3_OFF_20260114,8911,3156,51300,161.9
TXSD_DELTAE_V3_OFF_20260114,8921,3160,51900,164.0
TXSD_DELTAE_V3_OFF_20260114,8931,3156,51100,161.3
TXSD_DELTAE_V3_OFF_20260114,8941,3160,52100,164.6
TXSD_DELTAE_V3_OFF_20260114,8951,3156,51000,161.0
TXSD_DELTAE_V3_OFF_20260114,8961,3160,52200,165.0
TXSD_DELTAE_V3_OFF_20260114,8971,3156,50900,160.6
TXSD_DELTAE_V3_OFF_20260114,8981,3160,52100,164.6
TXSD_DELTAE_V3_OFF_20260114,8991,3156,51000,161.0
TXSD_DELTAE_V3_OFF_20260114,9001,3160,52000,164.3
TXSD_DELTAE_V3_OFF_20260114,9011,3156,51200,161.6
TXSD_DELTAE_V3_OFF_20260114,9021,3160,51800,163.7
TXSD_DELTAE_V3_OFF_20260114,9031,3156,51400,162.2
TXSD_DELTAE_V3_OFF_20260114,9041,3156,51500,162.5
TXSD_DELTAE_V3_OFF_20260114,9051,3160,51800,163.7
TXSD_DELTAE_V3_OFF_20260114,9061,3156,51200,161.6
TXSD_DELTAE_V3_OFF_20260114,9071,3160,52000,164.3
TXSD_DELTAE_V3_OFF_20260114,9081,3156,51100,161.3
TXSD_DELTAE_V3_OFF_20260114,9091,3160,52100,164.6
TXSD_DELTAE_V3_OFF_20260114,9101,3156,51100,161.3
TXSD_DELTAE_V3_OFF_20260114,9111,3160,52100,164.6
TXSD_DELTAE_V3_OFF_20260114,9121,3156,51100,161.3
TXSD_DELTAE_V3_OFF_20260114,9131,3160,52100,164.6
TXSD_DELTAE_V3_OFF_20260114,9141,3156,51100,161.3
TXSD_DELTAE_V3_OFF_20260114,9151,3160,51900,164.0
TXSD_DELTAE_V3_OFF_20260114,9161,3156,51200,161.6
TXSD_DELTAE_V3_OFF_20260114,9171,3156,51700,163.2
TXSD_DELTAE_V3_OFF_20260114,9181,3156,51500,162.5
TXSD_DELTAE_V3_OFF_20260114,9191,3156,51400,162.2
TXSD_DELTAE_V3_OFF_20260114,9201,3160,51900,164.0
TXSD_DELTAE_V3_OFF_20260114,9211,3156,51100,161.3
TXSD_DELTAE_V3_OFF_20260114,9221,3160,52000,164.3
TXSD_DELTAE_V3_OFF_20260114,9231,3156,51100,161.3
TXSD_DELTAE_V3_OFF_20260114,9241,3160,52200,165.0
TXSD_DELTAE_V3_OFF_20260114,9251,3156,50900,160.6
TXSD_DELTAE_V3_OFF_20260114,9261,3160,52200,165.0
TXSD_DELTAE_V3_OFF_20260114,9271,3156,50900,160.6
TXSD_DELTAE_V3_OFF_20260114,9281,3160,52100,164.6
TXSD_DELTAE_V3_OFF_20260114,9291,3156,51200,161.6
TXSD_DELTAE_V3_OFF_20260114,9301,3160,51900,164.0
TXSD_DELTAE_V3_OFF_20260114,9311,3156,51300,161.9
TXSD_DELTAE_V3_OFF_20260114,9321,3160,51600,163.1
TXSD_DELTAE_V3_OFF_20260114,9331,3156,51700,163.2
TXSD_DELTAE_V3_OFF_20260114,9341,3156,51300,161.9
TXSD_DELTAE_V3_OFF_20260114,9351,3160,51900,164.0
TXSD_DELTAE_V3_OFF_20260114,9361,3156,51100,161.3
TXSD_DELTAE_V3_OFF_20260114,9371,3160,52100,164.6
TXSD_DELTAE_V3_OFF_20260114,9381,3156,51000,161.0
TXSD_DELTAE_V3_OFF_20260114,9391,3160,52100,164.6
TXSD_DELTAE_V3_OFF_20260114,9401,3156,51000,161.0
TXSD_DELTAE_V3_OFF_20260114,9411,3160,52200,165.0
TXSD_DELTAE_V3_OFF_20260114,9421,3156,51100,161.3
TXSD_DELTAE_V3_OFF_20260114,9431,3160,52000,164.3
TXSD_DELTAE_V3_OFF_20260114,9441,3156,51200,161.6
TXSD_DELTAE_V3_OFF_20260114,9451,3156,51800,163.5
TXSD_DELTAE_V3_OFF_20260114,9461,3156,51500,162.5
TXSD_DELTAE_V3_OFF_20260114,9471,3160,51500,162.7
TXSD_DELTAE_V3_OFF_20260114,9481,3156,51800,163.5
TXSD_DELTAE_V3_OFF_20260114,9491,3156,51300,161.9
TXSD_DELTAE_V3_OFF_20260114,9501,3160,52000,164.3
TXSD_DELTAE_V3_OFF_20260114,9511,3156,51100,161.3
TXSD_DELTAE_V3_OFF_20260114,9521,3160,52100,164.6
TXSD_DELTAE_V3_OFF_20260114,9531,3156,51000,161.0
TXSD_DELTAE_V3_OFF_20260114,9541,3160,52200,165.0
TXSD_DELTAE_V3_OFF_20260114,9551,3156,51100,161.3
TXSD_DELTAE_V3_OFF_20260114,9561,3160,52100,164.6
TXSD_DELTAE_V3_OFF_20260114,9571,3156,51200,161.6
TXSD_DELTAE_V3_OFF_20260114,9581,3160,52000,164.3
TXSD_DELTAE_V3_OFF_20260114,9591,3156,51300,161.9
TXSD_DELTAE_V3_OFF_20260114,9601,3156,51700,163.2
TXSD_DELTAE_V3_OFF_20260114,9611,3156,51600,162.8
TXSD_DELTAE_V3_OFF_20260114,9621,3156,51400,162.2
TXSD_DELTAE_V3_OFF_20260114,9631,3156,51800,163.5
TXSD_DELTAE_V3_OFF_20260114,9641,3156,51200,161.6
TXSD_DELTAE_V3_OFF_20260114,9651,3160,52000,164.3
TXSD_DELTAE_V3_OFF_20260114,9661,3156,51100,161.3
TXSD_DELTAE_V3_OFF_20260114,9671,3160,52100,164.6
TXSD_DELTAE_V3_OFF_20260114,9681,3156,51000,161.0
TXSD_DELTAE_V3_OFF_20260114,9691,3160,52200,165.0
TXSD_DELTAE_V3_OFF_20260114,9701,3156,51000,161.0
TXSD_DELTAE_V3_OFF_20260114,9711,3160,52000,164.3
TXSD_DELTAE_V3_OFF_20260114,9721,3156,51200,161.6
TXSD_DELTAE_V3_OFF_20260114,9731,3160,51900,164.0
TXSD_DELTAE_V3_OFF_20260114,9741,3156,51200,161.6
TXSD_DELTAE_V3_OFF_20260114,9751,3156,51500,162.5
TXSD_DELTAE_V3_OFF_20260114,9761,3160,51700,163.4
TXSD_DELTAE_V3_OFF_20260114,9771,3160,51300,162.1
TXSD_DELTAE_V3_OFF_20260114,9781,3160,51900,164.0
TXSD_DELTAE_V3_OFF_20260114,9791,3156,51100,161.3
TXSD_DELTAE_V3_OFF_20260114,9801,3160,52100,164.6
TXSD_DELTAE_V3_OFF_20260114,9811,3156,51100,161.3
TXSD_DELTAE_V3_OFF_20260114,9821,3160,52100,164.6
TXSD_DELTAE_V3_OFF_20260114,9831,3156,51000,161.0
TXSD_DELTAE_V3_OFF_20260114,9841,3160,52100,164.6
TXSD_DELTAE_V3_OFF_20260114,9851,3156,51000,161.0
TXSD_DELTAE_V3_OFF_20260114,9861,3160,52000,164.3
TXSD_DELTAE_V3_OFF_20260114,9871,3156,51200,161.6
TXSD_DELTAE_V3_OFF_20260114,9881,3160,51800,163.7
TXSD_DELTAE_V3_OFF_20260114,9891,3156,51500,162.5
TXSD_DELTAE_V3_OFF_20260114,9901,3160,51500,162.7
TXSD_DELTAE_V3_OFF_20260114,9911,3156,51800,163.5
TXSD_DELTAE_V3_OFF_20260114,9921,3156,51200,161.6
TXSD_DELTAE_V3_OFF_20260114,9931,3160,52000,164.3
TXSD_DELTAE_V3_OFF_20260114,9941,3156,51100,161.3
TXSD_DELTAE_V3_OFF_20260114,9951,3160,52100,164.6
TXSD_DELTAE_V3_OFF_20260114,9961,3156,51000,161.0
TXSD_DELTAE_V3_OFF_20260114,9971,3160,52100,164.6
TXSD_DELTAE_V3_OFF_20260114,9981,3156,51100,161.3
TXSD_DELTAE_V3_OFF_20260114,9991,3160,52100,164.6
TXSD_DELTAE_V3_OFF_20260114,10001,3156,51100,161.3
TXSD_DELTAE_V3_OFF_20260114,10011,3160,52000,164.3
TXSD_DELTAE_V3_OFF_20260114,10021,3156,51300,161.9
TXSD_DELTAE_V3_OFF_20260114,10031,3160,51700,163.4
TXSD_DELTAE_V3_OFF_20260114,10041,3156,51500,162.5
TXSD_DELTAE_V3_OFF_20260114,10051,3156,51400,162.2
TXSD_DELTAE_V3_OFF_20260114,10061,3160,51800,163.7
TXSD_DELTAE_V3_OFF_20260114,10071,3156,51200,161.6
TXSD_DELTAE_V3_OFF_20260114,10081,3160,52000,164.3
TXSD_DELTAE_V3_OFF_20260114,10091,3156,51000,161.0
TXSD_DELTAE_V3_OFF_20260114,10101,3160,52100,164.6
TXSD_DELTAE_V3_OFF_20260114,10111,3156,51000,161.0
TXSD_DELTAE_V3_OFF_20260114,10121,3160,52200,165.0
TXSD_DELTAE_V3_OFF_20260114,10131,3156,50900,160.6
TXSD_DELTAE_V3_OFF_20260114,10141,3160,52000,164.3
TXSD_DELTAE_V3_OFF_20260114,10151,3156,51200,161.6
TXSD_DELTAE_V3_OFF_20260114,10161,3160,51900,164.0
TXSD_DELTAE_V3_OFF_20260114,10171,3156,51300,161.9
TXSD_DELTAE_V3_OFF_20260114,10181,3156,51600,162.8
TXSD_DELTAE_V3_OFF_20260114,10191,3160,51700,163.4
TXSD_DELTAE_V3_OFF_20260114,10201,3156,51300,161.9
TXSD_DELTAE_V3_OFF_20260114,10211,3160,51900,164.0
TXSD_DELTAE_V3_OFF_20260114,10221,3156,51100,161.3
TXSD_DELTAE_V3_OFF_20260114,10231,3160,52000,164.3
TXSD_DELTAE_V3_OFF_20260114,10241,3156,51000,161.0
TXSD_DELTAE_V3_OFF_20260114,10251,3160,52200,165.0
TXSD_DELTAE_V3_OFF_20260114,10261,3156,51000,161.0
TXSD_DELTAE_V3_OFF_20260114,10271,3160,52100,164.6
TXSD_DELTAE_V3_OFF_20260114,10281,3156,51100,161.3
TXSD_DELTAE_V3_OFF_20260114,10291,3160,52000,164.3
TXSD_DELTAE_V3_OFF_20260114,10301,3156,51200,161.6
TXSD_DELTAE_V3_OFF_20260114,10311,3160,51900,164.0
TXSD_DELTAE_V3_OFF_20260114,10321,3156,51400,162.2
TXSD_DELTAE_V3_OFF_20260114,10331,3160,51500,162.7
TXSD_DELTAE_V3_OFF_20260114,10341,3156,51700,163.2
TXSD_DELTAE_V3_OFF_20260114,10351,3156,51200,161.6
TXSD_DELTAE_V3_OFF_20260114,10361,3160,52000,164.3
TXSD_DELTAE_V3_OFF_20260114,10371,3156,51100,161.3
TXSD_DELTAE_V3_OFF_20260114,10381,3160,52100,164.6
TXSD_DELTAE_V3_OFF_20260114,10391,3156,51000,161.0
TXSD_DELTAE_V3_OFF_20260114,10401,3160,52100,164.6
TXSD_DELTAE_V3_OFF_20260114,10411,3156,51100,161.3
TXSD_DELTAE_V3_OFF_20260114,10421,3160,52100,164.6
TXSD_DELTAE_V3_OFF_20260114,10431,3156,51100,161.3
TXSD_DELTAE_V3_OFF_20260114,10441,3160,52000,164.3
TXSD_DELTAE_V3_OFF_20260114,10451,3156,51300,161.9
TXSD_DELTAE_V3_OFF_20260114,10461,3160,51700,163.4
TXSD_DELTAE_V3_OFF_20260114,10471,3156,51600,162.8
TXSD_DELTAE_V3_OFF_20260114,10481,3160,51300,162.1
TXSD_DELTAE_V3_OFF_20260114,10491,3160,51900,164.0
TXSD_DELTAE_V3_OFF_20260114,10501,3156,51200,161.6
TXSD_DELTAE_V3_OFF_20260114,10511,3160,52000,164.3
TXSD_DELTAE_V3_OFF_20260114,10521,3156,51000,161.0
TXSD_DELTAE_V3_OFF_20260114,10531,3160,52100,164.6
TXSD_DELTAE_V3_OFF_20260114,10541,3156,51000,161.0
TXSD_DELTAE_V3_OFF_20260114,10551,3160,52200,165.0
TXSD_DELTAE_V3_OFF_20260114,10561,3156,51000,161.0
TXSD_DELTAE_V3_OFF_20260114,10571,3160,52000,164.3
TXSD_DELTAE_V3_OFF_20260114,10581,3156,51200,161.6
TXSD_DELTAE_V3_OFF_20260114,10591,3160,51900,164.0
TXSD_DELTAE_V3_OFF_20260114,10601,3156,51200,161.6
TXSD_DELTAE_V3_OFF_20260114,10611,3160,51600,163.1
TXSD_DELTAE_V3_OFF_20260114,10621,3156,51700,163.2
TXSD_DELTAE_V3_OFF_20260114,10631,3156,51300,161.9
TXSD_DELTAE_V3_OFF_20260114,10641,3160,51900,164.0
TXSD_DELTAE_V3_OFF_20260114,10651,3156,51100,161.3
TXSD_DELTAE_V3_OFF_20260114,10661,3160,52100,164.6
TXSD_DELTAE_V3_OFF_20260114,10671,3156,51000,161.0
TXSD_DELTAE_V3_OFF_20260114,10681,3160,52200,165.0
TXSD_DELTAE_V3_OFF_20260114,10691,3156,51000,161.0
TXSD_DELTAE_V3_OFF_20260114,10701,3160,52200,165.0
TXSD_DELTAE_V3_OFF_20260114,10711,3156,51000,161.0
TXSD_DELTAE_V3_OFF_20260114,10721,3160,52000,164.3
TXSD_DELTAE_V3_OFF_20260114,10731,3156,51200,161.6
TXSD_DELTAE_V3_OFF_20260114,10741,3160,51800,163.7
TXSD_DELTAE_V3_OFF_20260114,10751,3156,51500,162.5
TXSD_DELTAE_V3_OFF_20260114,10761,3160,51500,162.7
TXSD_DELTAE_V3_OFF_20260114,10771,3156,51800,163.5
TXSD_DELTAE_V3_OFF_20260114,10781,3156,51200,161.6
TXSD_DELTAE_V3_OFF_20260114,10791,3160,52000,164.3
TXSD_DELTAE_V3_OFF_20260114,10801,3156,51100,161.3
TXSD_DELTAE_V3_OFF_20260114,10811,3160,52100,164.6
TXSD_DELTAE_V3_OFF_20260114,10821,3156,51000,161.0
TXSD_DELTAE_V3_OFF_20260114,10831,3160,52200,165.0
TXSD_DELTAE_V3_OFF_20260114,10841,3156,51000,161.0
TXSD_DELTAE_V3_OFF_20260114,10851,3160,52100,164.6
TXSD_DELTAE_V3_OFF_20260114,10861,3156,51100,161.3
TXSD_DELTAE_V3_OFF_20260114,10871,3160,52000,164.3
TXSD_DELTAE_V3_OFF_20260114,10881,3156,51300,161.9
TXSD_DELTAE_V3_OFF_20260114,10891,3160,51700,163.4
TXSD_DELTAE_V3_OFF_20260114,10901,3156,51600,162.8
TXSD_DELTAE_V3_OFF_20260114,10911,3156,51400,162.2
TXSD_DELTAE_V3_OFF_20260114,10921,3160,51800,163.7
TXSD_DELTAE_V3_OFF_20260114,10931,3156,51100,161.3
TXSD_DELTAE_V3_OFF_20260114,10941,3160,52100,164.6
TXSD_DELTAE_V3_OFF_20260114,10951,3156,51000,161.0
TXSD_DELTAE_V3_OFF_20260114,10961,3160,52200,165.0
TXSD_DELTAE_V3_OFF_20260114,10971,3156,51000,161.0
TXSD_DELTAE_V3_OFF_20260114,10981,3160,52200,165.0
TXSD_DELTAE_V3_OFF_20260114,10991,3156,50900,160.6
TXSD_DELTAE_V3_OFF_20260114,11001,3160,52000,164.3
TXSD_DELTAE_V3_OFF_20260114,11011,3156,51200,161.6
TXSD_DELTAE_V3_OFF_20260114,11021,3160,51900,164.0
TXSD_DELTAE_V3_OFF_20260114,11031,3156,51300,161.9
TXSD_DELTAE_V3_OFF_20260114,11041,3160,51600,163.1
TXSD_DELTAE_V3_OFF_20260114,11051,3156,51700,163.2
TXSD_DELTAE_V3_OFF_20260114,11061,3160,51300,162.1
TXSD_DELTAE_V3_OFF_20260114,11071,3160,52000,164.3
TXSD_DELTAE_V3_OFF_20260114,11081,3156,51100,161.3
TXSD_DELTAE_V3_OFF_20260114,11091,3160,52000,164.3
TXSD_DELTAE_V3_OFF_20260114,11101,3156,51000,161.0
TXSD_DELTAE_V3_OFF_20260114,11111,3160,52100,164.6
TXSD_DELTAE_V3_OFF_20260114,11121,3156,51000,161.0
TXSD_DELTAE_V3_OFF_20260114,11131,3160,52200,165.0
TXSD_DELTAE_V3_OFF_20260114,11141,3156,51100,161.3
TXSD_DELTAE_V3_OFF_20260114,11151,3160,52000,164.3
TXSD_DELTAE_V3_OFF_20260114,11161,3156,51200,161.6
TXSD_DELTAE_V3_OFF_20260114,11171,3160,51900,164.0
TXSD_DELTAE_V3_OFF_20260114,11181,3156,51500,162.5
TXSD_DELTAE_V3_OFF_20260114,11191,3156,51500,162.5
TXSD_DELTAE_V3_OFF_20260114,11201,3156,51900,163.8
TXSD_DELTAE_V3_OFF_20260114,11211,3156,51200,161.6
TXSD_DELTAE_V3_OFF_20260114,11221,3160,51900,164.0
TXSD_DELTAE_V3_OFF_20260114,11231,3156,51200,161.6
TXSD_DELTAE_V3_OFF_20260114,11241,3160,52100,164.6
TXSD_DELTAE_V3_OFF_20260114,11251,3156,51000,161.0
TXSD_DELTAE_V3_OFF_20260114,11261,3160,52100,164.6
TXSD_DELTAE_V3_OFF_20260114,11271,3156,51100,161.3
TXSD_DELTAE_V3_OFF_20260114,11281,3160,52100,164.6
TXSD_DELTAE_V3_OFF_20260114,11291,3156,51100,161.3
TXSD_DELTAE_V3_OFF_20260114,11301,3160,51900,164.0
TXSD_DELTAE_V3_OFF_20260114,11311,3156,51200,161.6
TXSD_DELTAE_V3_OFF_20260114,11321,3156,51700,163.2
TXSD_DELTAE_V3_OFF_20260114,11331,3156,51600,162.8
TXSD_DELTAE_V3_OFF_20260114,11341,3156,51300,161.9
TXSD_DELTAE_V3_OFF_20260114,11351,3156,51900,163.8
TXSD_DELTAE_V3_OFF_20260114,11361,3160,51200,161.8
TXSD_DELTAE_V3_OFF_20260114,11371,3160,52000,164.3
TXSD_DELTAE_V3_OFF_20260114,11381,3156,51100,161.3
TXSD_DELTAE_V3_OFF_20260114,11391,3160,52100,164.6
TXSD_DELTAE_V3_OFF_20260114,11401,3156,51000,161.0
TXSD_DELTAE_V3_OFF_20260114,11411,3160,52200,165.0
TXSD_DELTAE_V3_OFF_20260114,11421,3156,51000,161.0
TXSD_DELTAE_V3_OFF_20260114,11431,3160,52100,164.6
TXSD_DELTAE_V3_OFF_20260114,11441,3156,51100,161.3
TXSD_DELTAE_V3_OFF_20260114,11451,3160,51900,164.0
TXSD_DELTAE_V3_OFF_20260114,11461,3156,51300,161.9
TXSD_DELTAE_V3_OFF_20260114,11471,3156,51600,162.8
TXSD_DELTAE_V3_OFF_20260114,11481,3156,51700,163.2
TXSD_DELTAE_V3_OFF_20260114,11491,3156,51300,161.9
TXSD_DELTAE_V3_OFF_20260114,11501,3160,51900,164.0
TXSD_DELTAE_V3_OFF_20260114,11511,3156,51100,161.3
TXSD_DELTAE_V3_OFF_20260114,11521,3160,52100,164.6
TXSD_DELTAE_V3_OFF_20260114,11531,3156,51000,161.0
TXSD_DELTAE_V3_OFF_20260114,11541,3160,52200,165.0
TXSD_DELTAE_V3_OFF_20260114,11551,3156,51000,161.0
TXSD_DELTAE_V3_OFF_20260114,11561,3160,52200,165.0
TXSD_DELTAE_V3_OFF_20260114,11571,3156,51100,161.3
TXSD_DELTAE_V3_OFF_20260114,11581,3160,52000,164.3
TXSD_DELTAE_V3_OFF_20260114,11591,3156,51300,161.9
TXSD_DELTAE_V3_OFF_20260114,11601,3160,51800,163.7
TXSD_DELTAE_V3_OFF_20260114,11611,3156,51400,162.2
TXSD_DELTAE_V3_OFF_20260114,11621,3156,51400,162.2
TXSD_DELTAE_V3_OFF_20260114,11631,3160,51800,163.7
TXSD_DELTAE_V3_OFF_20260114,11641,3156,51200,161.6
TXSD_DELTAE_V3_OFF_20260114,11651,3160,52000,164.3
TXSD_DELTAE_V3_OFF_20260114,11661,3156,51100,161.3
TXSD_DELTAE_V3_OFF_20260114,11671,3160,52100,164.6
TXSD_DELTAE_V3_OFF_20260114,11681,3156,51000,161.0
TXSD_DELTAE_V3_OFF_20260114,11691,3160,52200,165.0
TXSD_DELTAE_V3_OFF_20260114,11701,3156,51100,161.3
TXSD_DELTAE_V3_OFF_20260114,11711,3160,52100,164.6
TXSD_DELTAE_V3_OFF_20260114,11721,3156,51100,161.3
TXSD_DELTAE_V3_OFF_20260114,11731,3160,52000,164.3
TXSD_DELTAE_V3_OFF_20260114,11741,3156,51300,161.9
TXSD_DELTAE_V3_OFF_20260114,11751,3160,51700,163.4
TXSD_DELTAE_V3_OFF_20260114,11761,3156,51500,162.5
TXSD_DELTAE_V3_OFF_20260114,11771,3156,51300,161.9
TXSD_DELTAE_V3_OFF_20260114,11781,3160,51900,164.0
TXSD_DELTAE_V3_OFF_20260114,11791,3156,51200,161.6
TXSD_DELTAE_V3_OFF_20260114,11801,3160,52000,164.3
TXSD_DELTAE_V3_OFF_20260114,11811,3156,51100,161.3
TXSD_DELTAE_V3_OFF_20260114,11821,3160,52100,164.6
TXSD_DELTAE_V3_OFF_20260114,11831,3156,51000,161.0
TXSD_DELTAE_V3_OFF_20260114,11841,3160,52200,165.0
TXSD_DELTAE_V3_OFF_20260114,11851,3156,51000,161.0
TXSD_DELTAE_V3_OFF_20260114,11861,3160,52000,164.3
TXSD_DELTAE_V3_OFF_20260114,11871,3156,51100,161.3
TXSD_DELTAE_V3_OFF_20260114,11881,3160,51900,164.0
TXSD_DELTAE_V3_OFF_20260114,11891,3156,51300,161.9
TXSD_DELTAE_V3_OFF_20260114,11901,3160,51600,163.1
TXSD_DELTAE_V3_OFF_20260114,11911,3156,51600,162.8
TXSD_DELTAE_V3_OFF_20260114,11921,3156,51300,161.9
TXSD_DELTAE_V3_OFF_20260114,11931,3160,52000,164.3
TXSD_DELTAE_V3_OFF_20260114,11941,3156,51100,161.3
TXSD_DELTAE_V3_OFF_20260114,11951,3160,52100,164.6
TXSD_DELTAE_V3_OFF_20260114,11961,3156,51100,161.3
TXSD_DELTAE_V3_OFF_20260114,11971,3160,52200,165.0
TXSD_DELTAE_V3_OFF_20260114,11981,3156,51000,161.0
TXSD_DELTAE_V3_OFF_20260114,11991,3160,52200,165.0
TXSD_DELTAE_V3_OFF_20260114,12001,3156,51000,161.0
TXSD_DELTAE_V3_OFF_20260114,12011,3160,52000,164.3
TXSD_DELTAE_V3_OFF_20260114,12021,3156,51200,161.6
TXSD_DELTAE_V3_OFF_20260114,12031,3160,51900,164.0
TXSD_DELTAE_V3_OFF_20260114,12041,3156,51500,162.5
TXSD_DELTAE_V3_OFF_20260114,12051,3156,51500,162.5
TXSD_DELTAE_V3_OFF_20260114,12061,3160,51800,163.7
TXSD_DELTAE_V3_OFF_20260114,12071,3156,51200,161.6
TXSD_DELTAE_V3_OFF_20260114,12081,3160,52000,164.3
TXSD_DELTAE_V3_OFF_20260114,12091,3156,51100,161.3
TXSD_DELTAE_V3_OFF_20260114,12101,3160,52100,164.6
TXSD_DELTAE_V3_OFF_20260114,12111,3156,51000,161.0
TXSD_DELTAE_V3_OFF_20260114,12121,3160,52200,165.0
TXSD_DELTAE_V3_OFF_20260114,12131,3156,51100,161.3
TXSD_DELTAE_V3_OFF_20260114,12141,3160,52100,164.6
TXSD_DELTAE_V3_OFF_20260114,12151,3156,51100,161.3
TXSD_DELTAE_V3_OFF_20260114,12161,3160,52000,164.3
TXSD_DELTAE_V3_OFF_20260114,12171,3156,51300,161.9
TXSD_DELTAE_V3_OFF_20260114,12181,3160,51700,163.4
TXSD_DELTAE_V3_OFF_20260114,12191,3156,51600,162.8
TXSD_DELTAE_V3_OFF_20260114,12201,3156,51400,162.2
TXSD_DELTAE_V3_OFF_20260114,12211,3160,51800,163.7
TXSD_DELTAE_V3_OFF_20260114,12221,3156,51200,161.6
TXSD_DELTAE_V3_OFF_20260114,12231,3160,52000,164.3
TXSD_DELTAE_V3_OFF_20260114,12241,3156,51100,161.3
TXSD_DELTAE_V3_OFF_20260114,12251,3160,52100,164.6
TXSD_DELTAE_V3_OFF_20260114,12261,3156,51000,161.0
TXSD_DELTAE_V3_OFF_20260114,12271,3160,52200,165.0
TXSD_DELTAE_V3_OFF_20260114,12281,3156,50900,160.6
TXSD_DELTAE_V3_OFF_20260114,12291,3160,52100,164.6
TXSD_DELTAE_V3_OFF_20260114,12301,3156,51200,161.6
TXSD_DELTAE_V3_OFF_20260114,12311,3160,52000,164.3
TXSD_DELTAE_V3_OFF_20260114,12321,3156,51300,161.9
TXSD_DELTAE_V3_OFF_20260114,12331,3156,51600,162.8
TXSD_DELTAE_V3_OFF_20260114,12341,3156,51700,163.2
TXSD_DELTAE_V3_OFF_20260114,12351,3156,51300,161.9
TXSD_DELTAE_V3_OFF_20260114,12361,3160,51900,164.0
TXSD_DELTAE_V3_OFF_20260114,12371,3156,51100,161.3
TXSD_DELTAE_V3_OFF_20260114,12381,3160,52000,164.3
TXSD_DELTAE_V3_OFF_20260114,12391,3156,51100,161.3
TXSD_DELTAE_V3_OFF_20260114,12401,3160,52200,165.0
TXSD_DELTAE_V3_OFF_20260114,12411,3156,51000,161.0
TXSD_DELTAE_V3_OFF_20260114,12421,3160,52200,165.0
TXSD_DELTAE_V3_OFF_20260114,12431,3156,51000,161.0
TXSD_DELTAE_V3_OFF_20260114,12441,3160,52000,164.3
TXSD_DELTAE_V3_OFF_20260114,12451,3156,51100,161.3
TXSD_DELTAE_V3_OFF_20260114,12461,3160,51900,164.0
TXSD_DELTAE_V3_OFF_20260114,12471,3156,51400,162.2
TXSD_DELTAE_V3_OFF_20260114,12481,3156,51500,162.5
TXSD_DELTAE_V3_OFF_20260114,12491,3160,51800,163.7
TXSD_DELTAE_V3_OFF_20260114,12501,3156,51200,161.6
TXSD_DELTAE_V3_OFF_20260114,12511,3160,52000,164.3
TXSD_DELTAE_V3_OFF_20260114,12521,3156,51100,161.3
TXSD_DELTAE_V3_OFF_20260114,12531,3160,52200,165.0
TXSD_DELTAE_V3_OFF_20260114,12541,3156,50900,160.6
TXSD_DELTAE_V3_OFF_20260114,12551,3160,52200,165.0
TXSD_DELTAE_V3_OFF_20260114,12561,3156,51000,161.0
TXSD_DELTAE_V3_OFF_20260114,12571,3160,52100,164.6
TXSD_DELTAE_V3_OFF_20260114,12581,3156,51100,161.3
TXSD_DELTAE_V3_OFF_20260114,12591,3160,52000,164.3
TXSD_DELTAE_V3_OFF_20260114,12601,3156,51200,161.6
TXSD_DELTAE_V3_OFF_20260114,12611,3160,51700,163.4
TXSD_DELTAE_V3_OFF_20260114,12621,3156,51600,162.8
TXSD_DELTAE_V3_OFF_20260114,12631,3156,51400,162.2
TXSD_DELTAE_V3_OFF_20260114,12641,3160,51900,164.0
TXSD_DELTAE_V3_OFF_20260114,12651,3156,51100,161.3
TXSD_DELTAE_V3_OFF_20260114,12661,3160,52000,164.3
TXSD_DELTAE_V3_OFF_20260114,12671,3156,51100,161.3
TXSD_DELTAE_V3_OFF_20260114,12681,3160,52200,165.0
TXSD_DELTAE_V3_OFF_20260114,12691,3156,51000,161.0
TXSD_DELTAE_V3_OFF_20260114,12701,3160,52200,165.0
TXSD_DELTAE_V3_OFF_20260114,12711,3156,51000,161.0
TXSD_DELTAE_V3_OFF_20260114,12721,3160,52000,164.3
TXSD_DELTAE_V3_OFF_20260114,12731,3156,51200,161.6
TXSD_DELTAE_V3_OFF_20260114,12741,3160,51900,164.0
TXSD_DELTAE_V3_OFF_20260114,12751,3156,51300,161.9
TXSD_DELTAE_V3_OFF_20260114,12761,3156,51600,162.8
TXSD_DELTAE_V3_OFF_20260114,12771,3160,51700,163.4
TXSD_DELTAE_V3_OFF_20260114,12781,3156,51300,161.9
TXSD_DELTAE_V3_OFF_20260114,12791,3160,51900,164.0
TXSD_DELTAE_V3_OFF_20260114,12801,3156,51100,161.3
TXSD_DELTAE_V3_OFF_20260114,12811,3160,52100,164.6
TXSD_DELTAE_V3_OFF_20260114,12821,3156,51000,161.0
TXSD_DELTAE_V3_OFF_20260114,12831,3160,52200,165.0
TXSD_DELTAE_V3_OFF_20260114,12841,3156,51000,161.0
TXSD_DELTAE_V3_OFF_20260114,12851,3160,52200,165.0
TXSD_DELTAE_V3_OFF_20260114,12861,3156,51100,161.3
TXSD_DELTAE_V3_OFF_20260114,12871,3160,52000,164.3
TXSD_DELTAE_V3_OFF_20260114,12881,3156,51200,161.6
TXSD_DELTAE_V3_OFF_20260114,12891,3160,51900,164.0
TXSD_DELTAE_V3_OFF_20260114,12901,3156,51400,162.2
TXSD_DELTAE_V3_OFF_20260114,12911,3156,51500,162.5
TXSD_DELTAE_V3_OFF_20260114,12921,3156,51800,163.5
TXSD_DELTAE_V3_OFF_20260114,12931,3156,51200,161.6
TXSD_DELTAE_V3_OFF_20260114,12941,3160,52000,164.3
TXSD_DELTAE_V3_OFF_20260114,12951,3156,51100,161.3
TXSD_DELTAE_V3_OFF_20260114,12961,3160,52100,164.6
TXSD_DELTAE_V3_OFF_20260114,12971,3152,51100,161.1
TXSD_DELTAE_V3_OFF_20260114,12981,3160,52200,165.0
TXSD_DELTAE_V3_OFF_20260114,12991,3156,51100,161.3
TXSD_DELTAE_V3_OFF_20260114,13001,3160,52100,164.6
TXSD_DELTAE_V3_OFF_20260114,13011,3156,51100,161.3
TXSD_DELTAE_V3_OFF_20260114,13021,3160,52000,164.3
TXSD_DELTAE_V3_OFF_20260114,13031,3156,51200,161.6
TXSD_DELTAE_V3_OFF_20260114,13041,3160,51700,163.4
TXSD_DELTAE_V3_OFF_20260114,13051,3156,51600,162.8
TXSD_DELTAE_V3_OFF_20260114,13061,3156,51400,162.2
TXSD_DELTAE_V3_OFF_20260114,13071,3156,51900,163.8
TXSD_DELTAE_V3_OFF_20260114,13081,3156,51200,161.6
TXSD_DELTAE_V3_OFF_20260114,13091,3160,52100,164.6
TXSD_DELTAE_V3_OFF_20260114,13101,3156,51000,161.0
TXSD_DELTAE_V3_OFF_20260114,13111,3160,52200,165.0
TXSD_DELTAE_V3_OFF_20260114,13121,3152,51000,160.8
TXSD_DELTAE_V3_OFF_20260114,13131,3160,52200,165.0
TXSD_DELTAE_V3_OFF_20260114,13141,3156,51000,161.0
TXSD_DELTAE_V3_OFF_20260114,13151,3160,52000,164.3
TXSD_DELTAE_V3_OFF_20260114,13161,3156,51100,161.3
TXSD_DELTAE_V3_OFF_20260114,13171,3160,51900,164.0
TXSD_DELTAE_V3_OFF_20260114,13181,3156,51300,161.9
TXSD_DELTAE_V3_OFF_20260114,13191,3160,51600,163.1
TXSD_DELTAE_V3_OFF_20260114,13201,3156,51700,163.2
TXSD_DELTAE_V3_OFF_20260114,13211,3156,51300,161.9
TXSD_DELTAE_V3_OFF_20260114,13221,3160,52000,164.3
TXSD_DELTAE_V3_OFF_20260114,13231,3156,51200,161.6
TXSD_DELTAE_V3_OFF_20260114,13241,3160,52000,164.3
TXSD_DELTAE_V3_OFF_20260114,13251,3156,51000,161.0
TXSD_DELTAE_V3_OFF_20260114,13261,3160,52200,165.0
TXSD_DELTAE_V3_OFF_20260114,13271,3156,51000,161.0
TXSD_DELTAE_V3_OFF_20260114,13281,3160,52200,165.0
TXSD_DELTAE_V3_OFF_20260114,13291,3156,51000,161.0
TXSD_DELTAE_V3_OFF_20260114,13301,3160,52000,164.3
TXSD_DELTAE_V3_OFF_20260114,13311,3156,51200,161.6
TXSD_DELTAE_V3_OFF_20260114,13321,3160,51800,163.7
TXSD_DELTAE_V3_OFF_20260114,13331,3156,51400,162.2
TXSD_DELTAE_V3_OFF_20260114,13341,3160,51400,162.4
TXSD_DELTAE_V3_OFF_20260114,13351,3160,51800,163.7
TXSD_DELTAE_V3_OFF_20260114,13361,3156,51200,161.6
TXSD_DELTAE_V3_OFF_20260114,13371,3160,51900,164.0
TXSD_DELTAE_V3_OFF_20260114,13381,3156,51100,161.3
TXSD_DELTAE_V3_OFF_20260114,13391,3160,52100,164.6
TXSD_DELTAE_V3_OFF_20260114,13401,3156,51000,161.0
TXSD_DELTAE_V3_OFF_20260114,13411,3160,52200,165.0
TXSD_DELTAE_V3_OFF_20260114,13421,3156,51100,161.3
TXSD_DELTAE_V3_OFF_20260114,13431,3160,52100,164.6
TXSD_DELTAE_V3_OFF_20260114,13441,3156,51100,161.3
TXSD_DELTAE_V3_OFF_20260114,13451,3160,51900,164.0
TXSD_DELTAE_V3_OFF_20260114,13461,3156,51200,161.6
TXSD_DELTAE_V3_OFF_20260114,13471,3160,51700,163.4
TXSD_DELTAE_V3_OFF_20260114,13481,3156,51600,162.8
TXSD_DELTAE_V3_OFF_20260114,13491,3156,51400,162.2
TXSD_DELTAE_V3_OFF_20260114,13501,3160,51800,163.7
TXSD_DELTAE_V3_OFF_20260114,13511,3156,51100,161.3
TXSD_DELTAE_V3_OFF_20260114,13521,3160,52000,164.3
TXSD_DELTAE_V3_OFF_20260114,13531,3156,51000,161.0
TXSD_DELTAE_V3_OFF_20260114,13541,3160,52200,165.0
TXSD_DELTAE_V3_OFF_20260114,13551,3156,50900,160.6
TXSD_DELTAE_V3_OFF_20260114,13561,3160,52200,165.0
TXSD_DELTAE_V3_OFF_20260114,13571,3156,51000,161.0
TXSD_DELTAE_V3_OFF_20260114,13581,3160,52100,164.6
TXSD_DELTAE_V3_OFF_20260114,13591,3156,51100,161.3
TXSD_DELTAE_V3_OFF_20260114,13601,3160,51800,163.7
TXSD_DELTAE_V3_OFF_20260114,13611,3156,51300,161.9
TXSD_DELTAE_V3_OFF_20260114,13621,3160,51600,163.1
TXSD_DELTAE_V3_OFF_20260114,13631,3156,51700,163.2
TXSD_DELTAE_V3_OFF_20260114,13641,3156,51300,161.9
TXSD_DELTAE_V3_OFF_20260114,13651,3160,51900,164.0
TXSD_DELTAE_V3_OFF_20260114,13661,3156,51100,161.3
TXSD_DELTAE_V3_OFF_20260114,13671,3160,52100,164.6
TXSD_DELTAE_V3_OFF_20260114,13681,3156,51000,161.0
TXSD_DELTAE_V3_OFF_20260114,13691,3160,52200,165.0
TXSD_DELTAE_V3_OFF_20260114,13701,3156,51000,161.0
TXSD_DELTAE_V3_OFF_20260114,13711,3160,52100,164.6
TXSD_DELTAE_V3_OFF_20260114,13721,3156,51100,161.3
TXSD_DELTAE_V3_OFF_20260114,13731,3160,51900,164.0
TXSD_DELTAE_V3_OFF_20260114,13741,3160,51200,161.8
TXSD_DELTAE_V3_OFF_20260114,13751,3160,51800,163.7
TXSD_DELTAE_V3_OFF_20260114,13761,3156,51400,162.2
TXSD_DELTAE_V3_OFF_20260114,13771,3156,51400,162.2
TXSD_DELTAE_V3_OFF_20260114,13781,3160,51800,163.7
TXSD_DELTAE_V3_OFF_20260114,13791,3156,51100,161.3
TXSD_DELTAE_V3_OFF_20260114,13801,3160,52000,164.3
TXSD_DELTAE_V3_OFF_20260114,13811,3156,51100,161.3
TXSD_DELTAE_V3_OFF_20260114,13821,3160,52100,164.6
TXSD_DELTAE_V3_OFF_20260114,13831,3156,50900,160.6
TXSD_DELTAE_V3_OFF_20260114,13841,3160,52100,164.6
TXSD_DELTAE_V3_OFF_20260114,13851,3156,51100,161.3
TXSD_DELTAE_V3_OFF_20260114,13861,3160,52000,164.3
TXSD_DELTAE_V3_OFF_20260114,13871,3156,51100,161.3
TXSD_DELTAE_V3_OFF_20260114,13881,3160,51900,164.0
TXSD_DELTAE_V3_OFF_20260114,13891,3156,51200,161.6
TXSD_DELTAE_V3_OFF_20260114,13901,3160,51600,163.1
TXSD_DELTAE_V3_OFF_20260114,13911,3156,51500,162.5
TXSD_DELTAE_V3_OFF_20260114,13921,3156,51400,162.2
TXSD_DELTAE_V3_OFF_20260114,13931,3160,51900,164.0
TXSD_DELTAE_V3_OFF_20260114,13941,3156,51200,161.6
TXSD_DELTAE_V3_OFF_20260114,13951,3160,52100,164.6
TXSD_DELTAE_V3_OFF_20260114,13961,3156,51100,161.3
TXSD_DELTAE_V3_OFF_20260114,13971,3160,52100,164.6
TXSD_DELTAE_V3_OFF_20260114,13981,3156,51000,161.0
TXSD_DELTAE_V3_OFF_20260114,13991,3160,52200,165.0
TXSD_DELTAE_V3_OFF_20260114,14001,3156,51000,161.0
TXSD_DELTAE_V3_OFF_20260114,14011,3160,52000,164.3
TXSD_DELTAE_V3_OFF_20260114,14021,3156,51200,161.6
TXSD_DELTAE_V3_OFF_20260114,14031,3160,51900,164.0
TXSD_DELTAE_V3_OFF_20260114,14041,3156,51300,161.9
TXSD_DELTAE_V3_OFF_20260114,14051,3160,51500,162.7
TXSD_DELTAE_V3_OFF_20260114,14061,3156,51700,163.2
TXSD_DELTAE_V3_OFF_20260114,14071,3156,51300,161.9
TXSD_DELTAE_V3_OFF_20260114,14081,3160,51900,164.0
TXSD_DELTAE_V3_OFF_20260114,14091,3156,51100,161.3
TXSD_DELTAE_V3_OFF_20260114,14101,3160,52100,164.6
TXSD_DELTAE_V3_OFF_20260114,14111,3156,51000,161.0
TXSD_DELTAE_V3_OFF_20260114,14121,3160,52200,165.0
TXSD_DELTAE_V3_OFF_20260114,14131,3156,51000,161.0
TXSD_DELTAE_V3_OFF_20260114,14141,3160,52100,164.6
TXSD_DELTAE_V3_OFF_20260114,14151,3156,51000,161.0
TXSD_DELTAE_V3_OFF_20260114,14161,3160,51900,164.0
TXSD_DELTAE_V3_OFF_20260114,14171,3156,51200,161.6
TXSD_DELTAE_V3_OFF_20260114,14181,3160,51800,163.7
TXSD_DELTAE_V3_OFF_20260114,14191,3156,51400,162.2
TXSD_DELTAE_V3_OFF_20260114,14201,3160,51400,162.4
TXSD_DELTAE_V3_OFF_20260114,14211,3160,51700,163.4
TXSD_DELTAE_V3_OFF_20260114,14221,3156,51200,161.6
TXSD_DELTAE_V3_OFF_20260114,14231,3160,52000,164.3
TXSD_DELTAE_V3_OFF_20260114,14241,3156,51000,161.0
TXSD_DELTAE_V3_OFF_20260114,14251,3160,52100,164.6
TXSD_DELTAE_V3_OFF_20260114,14261,3156,51000,161.0
TXSD_DELTAE_V3_OFF_20260114,14271,3160,52200,165.0
TXSD_DELTAE_V3_OFF_20260114,14281,3156,51000,161.0
TXSD_DELTAE_V3_OFF_20260114,14291,3160,52100,164.6
TXSD_DELTAE_V3_OFF_20260114,14301,3156,51100,161.3
TXSD_DELTAE_V3_OFF_20260114,14311,3160,51900,164.0
TXSD_DELTAE_V3_OFF_20260114,14321,3156,51200,161.6
TXSD_DELTAE_V3_OFF_20260114,14331,3160,51700,163.4
TXSD_DELTAE_V3_OFF_20260114,14341,3156,51600,162.8
TXSD_DELTAE_V3_OFF_20260114,14351,3156,51400,162.2
TXSD_DELTAE_V3_OFF_20260114,14361,3160,51900,164.0
TXSD_DELTAE_V3_OFF_20260114,14371,3156,51100,161.3
TXSD_DELTAE_V3_OFF_20260114,14381,3160,52000,164.3
TXSD_DELTAE_V3_OFF_20260114,14391,3156,51000,161.0
TXSD_DELTAE_V3_OFF_20260114,14401,3160,52100,164.6
TXSD_DELTAE_V3_OFF_20260114,14411,3156,51000,161.0
TXSD_DELTAE_V3_OFF_20260114,14421,3164,52300,165.5
TXSD_DELTAE_V3_OFF_20260114,14431,3156,51000,161.0
TXSD_DELTAE_V3_OFF_20260114,14441,3160,52000,164.3
TXSD_DELTAE_V3_OFF_20260114,14451,3156,51200,161.6
TXSD_DELTAE_V3_OFF_20260114,14461,3160,51900,164.0
TXSD_DELTAE_V3_OFF_20260114,14471,3156,51200,161.6
TXSD_DELTAE_V3_OFF_20260114,14481,3156,51600,162.8
TXSD_DELTAE_V3_OFF_20260114,14491,3156,51800,163.5
TXSD_DELTAE_V3_OFF_20260114,14501,3156,51200,161.6
TXSD_DELTAE_V3_OFF_20260114,14511,3160,51900,164.0
TXSD_DELTAE_V3_OFF_20260114,14521,3156,51100,161.3
TXSD_DELTAE_V3_OFF_20260114,14531,3160,52000,164.3
TXSD_DELTAE_V3_OFF_20260114,14541,3156,51000,161.0
TXSD_DELTAE_V3_OFF_20260114,14551,3160,52100,164.6
TXSD_DELTAE_V3_OFF_20260114,14561,3156,51000,161.0
TXSD_DELTAE_V3_OFF_20260114,14571,3160,52100,164.6
TXSD_DELTAE_V3_OFF_20260114,14581,3156,51100,161.3
TXSD_DELTAE_V3_OFF_20260114,14591,3160,51900,164.0
TXSD_DELTAE_V3_OFF_20260114,14601,3156,51200,161.6
TXSD_DELTAE_V3_OFF_20260114,14611,3160,51800,163.7
TXSD_DELTAE_V3_OFF_20260114,14621,3156,51400,162.2
TXSD_DELTAE_V3_OFF_20260114,14631,3156,51500,162.5
TXSD_DELTAE_V3_OFF_20260114,14641,3156,51800,163.5
TXSD_DELTAE_V3_OFF_20260114,14651,3156,51200,161.6
TXSD_DELTAE_V3_OFF_20260114,14661,3160,51900,164.0
TXSD_DELTAE_V3_OFF_20260114,14671,3156,51100,161.3
TXSD_DELTAE_V3_OFF_20260114,14681,3160,52100,164.6
TXSD_DELTAE_V3_OFF_20260114,14691,3156,51000,161.0
TXSD_DELTAE_V3_OFF_20260114,14701,3160,52100,164.6
TXSD_DELTAE_V3_OFF_20260114,14711,3156,51000,161.0
TXSD_DELTAE_V3_OFF_20260114,14721,3160,52100,164.6
TXSD_DELTAE_V3_OFF_20260114,14731,3156,51100,161.3
TXSD_DELTAE_V3_OFF_20260114,14741,3160,52000,164.3
TXSD_DELTAE_V3_OFF_20260114,14751,3156,51300,161.9
TXSD_DELTAE_V3_OFF_20260114,14761,3160,51700,163.4
TXSD_DELTAE_V3_OFF_20260114,14771,3156,51600,162.8
TXSD_DELTAE_V3_OFF_20260114,14781,3156,51300,161.9
TXSD_DELTAE_V3_OFF_20260114,14791,3160,51800,163.7
TXSD_DELTAE_V3_OFF_20260114,14801,3156,51100,161.3
TXSD_DELTAE_V3_OFF_20260114,14811,3160,52000,164.3
TXSD_DELTAE_V3_OFF_20260114,14821,3156,51000,161.0
TXSD_DELTAE_V3_OFF_20260114,14831,3160,52100,164.6
TXSD_DELTAE_V3_OFF_20260114,14841,3156,51000,161.0
TXSD_DELTAE_V3_OFF_20260114,14851,3160,52100,164.6
TXSD_DELTAE_V3_OFF_20260114,14861,3156,51000,161.0
TXSD_DELTAE_V3_OFF_20260114,14871,3160,52000,164.3
TXSD_DELTAE_V3_OFF_20260114,14881,3156,51200,161.6
TXSD_DELTAE_V3_OFF_20260114,14891,3160,51900,164.0
TXSD_DELTAE_V3_OFF_20260114,14901,3156,51300,161.9
TXSD_DELTAE_V3_OFF_20260114,14911,3160,51600,163.1
TXSD_DELTAE_V3_OFF_20260114,14921,3160,51600,163.1
TXSD_DELTAE_V3_OFF_20260114,14931,3156,51300,161.9
TXSD_DELTAE_V3_OFF_20260114,14941,3160,51900,164.0
TXSD_DELTAE_V3_OFF_20260114,14951,3156,51100,161.3
TXSD_DELTAE_V3_OFF_20260114,14961,3160,52100,164.6
TXSD_DELTAE_V3_OFF_20260114,14971,3156,51000,161.0
TXSD_DELTAE_V3_OFF_20260114,14981,3160,52200,165.0
TXSD_DELTAE_V3_OFF_20260114,14991,3156,51000,161.0
TXSD_DELTAE_V3_OFF_20260114,15001,3160,52200,165.0
TXSD_DELTAE_V3_OFF_20260114,15011,3156,51100,161.3
TXSD_DELTAE_V3_OFF_20260114,15021,3160,52000,164.3
TXSD_DELTAE_V3_OFF_20260114,15031,3156,51200,161.6
TXSD_DELTAE_V3_OFF_20260114,15041,3160,51800,163.7
TXSD_DELTAE_V3_OFF_20260114,15051,3156,51400,162.2
TXSD_DELTAE_V3_OFF_20260114,15061,3156,51500,162.5
TXSD_DELTAE_V3_OFF_20260114,15071,3160,51800,163.7
TXSD_DELTAE_V3_OFF_20260114,15081,3156,51200,161.6
TXSD_DELTAE_V3_OFF_20260114,15091,3160,52000,164.3
TXSD_DELTAE_V3_OFF_20260114,15101,3156,51100,161.3
TXSD_DELTAE_V3_OFF_20260114,15111,3160,52100,164.6
TXSD_DELTAE_V3_OFF_20260114,15121,3156,51000,161.0
TXSD_DELTAE_V3_OFF_20260114,15131,3160,52200,165.0
TXSD_DELTAE_V3_OFF_20260114,15141,3156,51000,161.0
TXSD_DELTAE_V3_OFF_20260114,15151,3160,52100,164.6
TXSD_DELTAE_V3_OFF_20260114,15161,3156,51100,161.3
TXSD_DELTAE_V3_OFF_20260114,15171,3160,52000,164.3
TXSD_DELTAE_V3_OFF_20260114,15181,3156,51300,161.9
TXSD_DELTAE_V3_OFF_20260114,15191,3160,51700,163.4
TXSD_DELTAE_V3_OFF_20260114,15201,3156,51600,162.8
TXSD_DELTAE_V3_OFF_20260114,15211,3156,51400,162.2
TXSD_DELTAE_V3_OFF_20260114,15221,3160,51900,164.0
TXSD_DELTAE_V3_OFF_20260114,15231,3156,51100,161.3
TXSD_DELTAE_V3_OFF_20260114,15241,3160,52000,164.3
TXSD_DELTAE_V3_OFF_20260114,15251,3156,51100,161.3
TXSD_DELTAE_V3_OFF_20260114,15261,3160,52200,165.0
TXSD_DELTAE_V3_OFF_20260114,15271,3156,51000,161.0
TXSD_DELTAE_V3_OFF_20260114,15281,3160,52200,165.0
TXSD_DELTAE_V3_OFF_20260114,15291,3156,51000,161.0
TXSD_DELTAE_V3_OFF_20260114,15301,3160,52100,164.6
TXSD_DELTAE_V3_OFF_20260114,15311,3156,51200,161.6
TXSD_DELTAE_V3_OFF_20260114,15321,3156,51900,163.8
TXSD_DELTAE_V3_OFF_20260114,15331,3156,51300,161.9
TXSD_DELTAE_V3_OFF_20260114,15341,3160,51600,163.1
TXSD_DELTAE_V3_OFF_20260114,15351,3156,51700,163.2
TXSD_DELTAE_V3_OFF_20260114,15361,3156,51300,161.9
TXSD_DELTAE_V3_OFF_20260114,15371,3160,51900,164.0
TXSD_DELTAE_V3_OFF_20260114,15381,3156,51100,161.3
TXSD_DELTAE_V3_OFF_20260114,15391,3160,52100,164.6
TXSD_DELTAE_V3_OFF_20260114,15401,3156,51000,161.0
TXSD_DELTAE_V3_OFF_20260114,15411,3160,52200,165.0
TXSD_DELTAE_V3_OFF_20260114,15421,3156,51000,161.0
TXSD_DELTAE_V3_OFF_20260114,15431,3160,52100,164.6
TXSD_DELTAE_V3_OFF_20260114,15441,3156,51100,161.3
TXSD_DELTAE_V3_OFF_20260114,15451,3160,52000,164.3
TXSD_DELTAE_V3_OFF_20260114,15461,3156,51200,161.6
TXSD_DELTAE_V3_OFF_20260114,15471,3160,51800,163.7
TXSD_DELTAE_V3_OFF_20260114,15481,3156,51400,162.2
TXSD_DELTAE_V3_OFF_20260114,15491,3156,51400,162.2
TXSD_DELTAE_V3_OFF_20260114,15501,3156,51800,163.5
TXSD_DELTAE_V3_OFF_20260114,15511,3156,51200,161.6
TXSD_DELTAE_V3_OFF_20260114,15521,3160,52000,164.3
TXSD_DELTAE_V3_OFF_20260114,15531,3156,51100,161.3
TXSD_DELTAE_V3_OFF_20260114,15541,3160,52100,164.6
TXSD_DELTAE_V3_OFF_20260114,15551,3156,51000,161.0
TXSD_DELTAE_V3_OFF_20260114,15561,3160,52200,165.0
TXSD_DELTAE_V3_OFF_20260114,15571,3156,51100,161.3
TXSD_DELTAE_V3_OFF_20260114,15581,3160,52100,164.6
TXSD_DELTAE_V3_OFF_20260114,15591,3156,51100,161.3
TXSD_DELTAE_V3_OFF_20260114,15601,3160,51900,164.0
TXSD_DELTAE_V3_OFF_20260114,15611,3156,51300,161.9
TXSD_DELTAE_V3_OFF_20260114,15621,3160,51700,163.4
TXSD_DELTAE_V3_OFF_20260114,15631,3156,51600,162.8
TXSD_DELTAE_V3_OFF_20260114,15641,3156,51300,161.9
TXSD_DELTAE_V3_OFF_20260114,15651,3160,51900,164.0
TXSD_DELTAE_V3_OFF_20260114,15661,3156,51100,161.3
TXSD_DELTAE_V3_OFF_20260114,15671,3160,52100,164.6
TXSD_DELTAE_V3_OFF_20260114,15681,3156,51000,161.0
TXSD_DELTAE_V3_OFF_20260114,15691,3160,52100,164.6
TXSD_DELTAE_V3_OFF_20260114,15701,3156,51000,161.0
TXSD_DELTAE_V3_OFF_20260114,15711,3160,52200,165.0
TXSD_DELTAE_V3_OFF_20260114,15721,3156,51000,161.0
TXSD_DELTAE_V3_OFF_20260114,15731,3160,52000,164.3
TXSD_DELTAE_V3_OFF_20260114,15741,3156,51200,161.6
TXSD_DELTAE_V3_OFF_20260114,15751,3160,51900,164.0
TXSD_DELTAE_V3_OFF_20260114,15761,3156,51300,161.9
TXSD_DELTAE_V3_OFF_20260114,15771,3160,51500,162.7
TXSD_DELTAE_V3_OFF_20260114,15781,3156,51700,163.2
TXSD_DELTAE_V3_OFF_20260114,15791,3156,51300,161.9
TXSD_DELTAE_V3_OFF_20260114,15801,3160,52000,164.3
TXSD_DELTAE_V3_OFF_20260114,15811,3156,51100,161.3
TXSD_DELTAE_V3_OFF_20260114,15821,3160,52100,164.6
TXSD_DELTAE_V3_OFF_20260114,15831,3156,51100,161.3
TXSD_DELTAE_V3_OFF_20260114,15841,3160,52100,164.6
TXSD_DELTAE_V3_OFF_20260114,15851,3156,51000,161.0
TXSD_DELTAE_V3_OFF_20260114,15861,3160,52200,165.0
TXSD_DELTAE_V3_OFF_20260114,15871,3156,51000,161.0
TXSD_DELTAE_V3_OFF_20260114,15881,3160,51900,164.0
TXSD_DELTAE_V3_OFF_20260114,15891,3156,51200,161.6
TXSD_DELTAE_V3_OFF_20260114,15901,3160,51800,163.7
TXSD_DELTAE_V3_OFF_20260114,15911,3156,51400,162.2
TXSD_DELTAE_V3_OFF_20260114,15921,3160,51500,162.7
TXSD_DELTAE_V3_OFF_20260114,15931,3156,51800,163.5
TXSD_DELTAE_V3_OFF_20260114,15941,3156,51200,161.6
TXSD_DELTAE_V3_OFF_20260114,15951,3160,52000,164.3
TXSD_DELTAE_V3_OFF_20260114,15961,3156,51200,161.6
TXSD_DELTAE_V3_OFF_20260114,15971,3160,52100,164.6
TXSD_DELTAE_V3_OFF_20260114,15981,3156,51000,161.0
TXSD_DELTAE_V3_OFF_20260114,15991,3160,52200,165.0
TXSD_DELTAE_V3_OFF_20260114,16001,3156,51000,161.0
TXSD_DELTAE_V3_OFF_20260114,16011,3160,52100,164.6
TXSD_DELTAE_V3_OFF_20260114,16021,3156,51100,161.3
TXSD_DELTAE_V3_OFF_20260114,16031,3160,52000,164.3
TXSD_DELTAE_V3_OFF_20260114,16041,3156,51200,161.6
TXSD_DELTAE_V3_OFF_20260114,16051,3160,51700,163.4
TXSD_DELTAE_V3_OFF_20260114,16061,3156,51600,162.8
TXSD_DELTAE_V3_OFF_20260114,16071,3156,51300,161.9
TXSD_DELTAE_V3_OFF_20260114,16081,3160,51900,164.0
TXSD_DELTAE_V3_OFF_20260114,16091,3156,51200,161.6
TXSD_DELTAE_V3_OFF_20260114,16101,3160,52100,164.6
TXSD_DELTAE_V3_OFF_20260114,16111,3156,51000,161.0
TXSD_DELTAE_V3_OFF_20260114,16121,3160,52200,165.0
TXSD_DELTAE_V3_OFF_20260114,16131,3156,50900,160.6
TXSD_DELTAE_V3_OFF_20260114,16141,3160,52200,165.0
TXSD_DELTAE_V3_OFF_20260114,16151,3156,51000,161.0
TXSD_DELTAE_V3_OFF_20260114,16161,3160,52000,164.3
TXSD_DELTAE_V3_OFF_20260114,16171,3156,51100,161.3
TXSD_DELTAE_V3_OFF_20260114,16181,3160,51900,164.0
TXSD_DELTAE_V3_OFF_20260114,16191,3156,51300,161.9
TXSD_DELTAE_V3_OFF_20260114,16201,3160,51500,162.7
TXSD_DELTAE_V3_OFF_20260114,16211,3156,51700,163.2
TXSD_DELTAE_V3_OFF_20260114,16221,3156,51300,161.9
TXSD_DELTAE_V3_OFF_20260114,16231,3160,52000,164.3
TXSD_DELTAE_V3_OFF_20260114,16241,3156,51100,161.3
TXSD_DELTAE_V3_OFF_20260114,16251,3160,52100,164.6
TXSD_DELTAE_V3_OFF_20260114,16261,3156,51000,161.0
TXSD_DELTAE_V3_OFF_20260114,16271,3160,52100,164.6
TXSD_DELTAE_V3_OFF_20260114,16281,3156,51000,161.0
TXSD_DELTAE_V3_OFF_20260114,16291,3160,52100,164.6
TXSD_DELTAE_V3_OFF_20260114,16301,3156,51100,161.3
TXSD_DELTAE_V3_OFF_20260114,16311,3160,52000,164.3
TXSD_DELTAE_V3_OFF_20260114,16321,3156,51200,161.6
TXSD_DELTAE_V3_OFF_20260114,16331,3160,51800,163.7
TXSD_DELTAE_V3_OFF_20260114,16341,3156,51500,162.5
TXSD_DELTAE_V3_OFF_20260114,16351,3156,51400,162.2
TXSD_DELTAE_V3_OFF_20260114,16361,3160,51800,163.7
TXSD_DELTAE_V3_OFF_20260114,16371,3156,51200,161.6
TXSD_DELTAE_V3_OFF_20260114,16381,3160,52000,164.3
TXSD_DELTAE_V3_OFF_20260114,16391,3156,51100,161.3
TXSD_DELTAE_V3_OFF_20260114,16401,3160,52200,165.0
TXSD_DELTAE_V3_OFF_20260114,16411,3156,50900,160.6
TXSD_DELTAE_V3_OFF_20260114,16421,3160,52200,165.0
TXSD_DELTAE_V3_OFF_20260114,16431,3156,51100,161.3
TXSD_DELTAE_V3_OFF_20260114,16441,3160,52200,165.0
TXSD_DELTAE_V3_OFF_20260114,16451,3156,51200,161.6
TXSD_DELTAE_V3_OFF_20260114,16461,3160,51900,164.0
TXSD_DELTAE_V3_OFF_20260114,16471,3156,51300,161.9
TXSD_DELTAE_V3_OFF_20260114,16481,3156,51700,163.2
TXSD_DELTAE_V3_OFF_20260114,16491,3156,51600,162.8
TXSD_DELTAE_V3_OFF_20260114,16501,3156,51300,161.9
TXSD_DELTAE_V3_OFF_20260114,16511,3160,51900,164.0
TXSD_DELTAE_V3_OFF_20260114,16521,3156,51200,161.6
TXSD_DELTAE_V3_OFF_20260114,16531,3160,52000,164.3
TXSD_DELTAE_V3_OFF_20260114,16541,3156,51100,161.3
TXSD_DELTAE_V3_OFF_20260114,16551,3160,52200,165.0
TXSD_DELTAE_V3_OFF_20260114,16561,3156,51000,161.0
TXSD_DELTAE_V3_OFF_20260114,16571,3160,52200,165.0
TXSD_DELTAE_V3_OFF_20260114,16581,3156,51000,161.0
TXSD_DELTAE_V3_OFF_20260114,16591,3160,52000,164.3
TXSD_DELTAE_V3_OFF_20260114,16601,3156,51200,161.6
TXSD_DELTAE_V3_OFF_20260114,16611,3160,52000,164.3
TXSD_DELTAE_V3_OFF_20260114,16621,3156,51300,161.9
TXSD_DELTAE_V3_OFF_20260114,16631,3156,51600,162.8
TXSD_DELTAE_V3_OFF_20260114,16641,3156,51600,162.8
TXSD_DELTAE_V3_OFF_20260114,16651,3156,51300,161.9
TXSD_DELTAE_V3_OFF_20260114,16661,3160,52000,164.3
TXSD_DELTAE_V3_OFF_20260114,16671,3156,51100,161.3
TXSD_DELTAE_V3_OFF_20260114,16681,3160,52000,164.3
TXSD_DELTAE_V3_OFF_20260114,16691,3156,51000,161.0
TXSD_DELTAE_V3_OFF_20260114,16701,3160,52200,165.0
TXSD_DELTAE_V3_OFF_20260114,16711,3156,51100,161.3
TXSD_DELTAE_V3_OFF_20260114,16721,3160,52200,165.0
TXSD_DELTAE_V3_OFF_20260114,16731,3156,51100,161.3
TXSD_DELTAE_V3_OFF_20260114,16741,3160,52000,164.3
TXSD_DELTAE_V3_OFF_20260114,16751,3156,51300,161.9
TXSD_DELTAE_V3_OFF_20260114,16761,3160,51800,163.7
TXSD_DELTAE_V3_OFF_20260114,16771,3156,51500,162.5
TXSD_DELTAE_V3_OFF_20260114,16781,3156,51500,162.5
TXSD_DELTAE_V3_OFF_20260114,16791,3160,51800,163.7
TXSD_DELTAE_V3_OFF_20260114,16801,3156,51200,161.6
TXSD_DELTAE_V3_OFF_20260114,16811,3160,52000,164.3
TXSD_DELTAE_V3_OFF_20260114,16821,3156,51200,161.6
TXSD_DELTAE_V3_OFF_20260114,16831,3160,52200,165.0
TXSD_DELTAE_V3_OFF_20260114,16841,3156,51000,161.0
TXSD_DELTAE_V3_OFF_20260114,16851,3160,52200,165.0
TXSD_DELTAE_V3_OFF_20260114,16861,3156,51200,161.6
TXSD_DELTAE_V3_OFF_20260114,16871,3160,52100,164.6
TXSD_DELTAE_V3_OFF_20260114,16881,3156,51100,161.3
TXSD_DELTAE_V3_OFF_20260114,16891,3160,51900,164.0
TXSD_DELTAE_V3_OFF_20260114,16901,3156,51300,161.9
TXSD_DELTAE_V3_OFF_20260114,16911,3160,51700,163.4
TXSD_DELTAE_V3_OFF_20260114,16921,3160,51500,162.7
TXSD_DELTAE_V3_OFF_20260114,16931,3156,51300,161.9
TXSD_DELTAE_V3_OFF_20260114,16941,3156,51900,163.8
TXSD_DELTAE_V3_OFF_20260114,16951,3156,51200,161.6
TXSD_DELTAE_V3_OFF_20260114,16961,3160,52000,164.3
TXSD_DELTAE_V3_OFF_20260114,16971,3156,51000,161.0
TXSD_DELTAE_V3_OFF_20260114,16981,3160,52200,165.0
TXSD_DELTAE_V3_OFF_20260114,16991,3156,51000,161.0
TXSD_DELTAE_V3_OFF_20260114,17001,3160,52200,165.0
TXSD_DELTAE_V3_OFF_20260114,17011,3156,51000,161.0
TXSD_DELTAE_V3_OFF_20260114,17021,3160,52000,164.3
TXSD_DELTAE_V3_OFF_20260114,17031,3156,51200,161.6
TXSD_DELTAE_V3_OFF_20260114,17041,3160,51900,164.0
TXSD_DELTAE_V3_OFF_20260114,17051,3156,51300,161.9
TXSD_DELTAE_V3_OFF_20260114,17061,3156,51500,162.5
TXSD_DELTAE_V3_OFF_20260114,17071,3156,51700,163.2
TXSD_DELTAE_V3_OFF_20260114,17081,3156,51300,161.9
TXSD_DELTAE_V3_OFF_20260114,17091,3160,51900,164.0
TXSD_DELTAE_V3_OFF_20260114,17101,3156,51100,161.3
TXSD_DELTAE_V3_OFF_20260114,17111,3160,52100,164.6
TXSD_DELTAE_V3_OFF_20260114,17121,3156,51000,161.0
TXSD_DELTAE_V3_OFF_20260114,17131,3160,52100,164.6
TXSD_DELTAE_V3_OFF_20260114,17141,3156,51100,161.3
TXSD_DELTAE_V3_OFF_20260114,17151,3160,52100,164.6
TXSD_DELTAE_V3_OFF_20260114,17161,3156,51100,161.3
TXSD_DELTAE_V3_OFF_20260114,17171,3160,52000,164.3
TXSD_DELTAE_V3_OFF_20260114,17181,3156,51200,161.6
TXSD_DELTAE_V3_OFF_20260114,17191,3160,51900,164.0
TXSD_DELTAE_V3_OFF_20260114,17201,3156,51500,162.5
TXSD_DELTAE_V3_OFF_20260114,17211,3156,51400,162.2
TXSD_DELTAE_V3_OFF_20260114,17221,3160,51800,163.7
TXSD_DELTAE_V3_OFF_20260114,17231,3156,51200,161.6
TXSD_DELTAE_V3_OFF_20260114,17241,3160,52000,164.3
TXSD_DELTAE_V3_OFF_20260114,17251,3156,51100,161.3
TXSD_DELTAE_V3_OFF_20260114,17261,3160,52100,164.6
TXSD_DELTAE_V3_OFF_20260114,17271,3156,51000,161.0
TXSD_DELTAE_V3_OFF_20260114,17281,3160,52200,165.0
TXSD_DELTAE_V3_OFF_20260114,17291,3156,51100,161.3
TXSD_DELTAE_V3_OFF_20260114,17301,3160,52100,164.6
TXSD_DELTAE_V3_OFF_20260114,17311,3156,51100,161.3
TXSD_DELTAE_V3_OFF_20260114,17321,3160,51900,164.0
TXSD_DELTAE_V3_OFF_20260114,17331,3156,51300,161.9
TXSD_DELTAE_V3_OFF_20260114,17341,3156,51700,163.2
TXSD_DELTAE_V3_OFF_20260114,17351,3156,51600,162.8
TXSD_DELTAE_V3_OFF_20260114,17361,3156,51300,161.9
TXSD_DELTAE_V3_OFF_20260114,17371,3156,51900,163.8
TXSD_DELTAE_V3_OFF_20260114,17381,3156,51100,161.3
TXSD_DELTAE_V3_OFF_20260114,17391,3160,52000,164.3
TXSD_DELTAE_V3_OFF_20260114,17401,3156,51000,161.0
TXSD_DELTAE_V3_OFF_20260114,17411,3160,52200,165.0
TXSD_DELTAE_V3_OFF_20260114,17421,3156,50900,160.6
TXSD_DELTAE_V3_OFF_20260114,17431,3160,52200,165.0
TXSD_DELTAE_V3_OFF_20260114,17441,3156,51000,161.0
TXSD_DELTAE_V3_OFF_20260114,17451,3160,52000,164.3
TXSD_DELTAE_V3_OFF_20260114,17461,3156,51200,161.6
TXSD_DELTAE_V3_OFF_20260114,17471,3160,51900,164.0
TXSD_DELTAE_V3_OFF_20260114,17481,3156,51300,161.9
TXSD_DELTAE_V3_OFF_20260114,17491,3160,51500,162.7
TXSD_DELTAE_V3_OFF_20260114,17501,3156,51700,163.2
TXSD_DELTAE_V3_OFF_20260114,17511,3156,51300,161.9
TXSD_DELTAE_V3_OFF_20260114,17521,3156,51900,163.8
TXSD_DELTAE_V3_OFF_20260114,17531,3156,51100,161.3
TXSD_DELTAE_V3_OFF_20260114,17541,3160,52100,164.6
TXSD_DELTAE_V3_OFF_20260114,17551,3156,51000,161.0
TXSD_DELTAE_V3_OFF_20260114,17561,3160,52200,165.0
TXSD_DELTAE_V3_OFF_20260114,17571,3156,51100,161.3
TXSD_DELTAE_V3_OFF_20260114,17581,3160,52100,164.6
TXSD_DELTAE_V3_OFF_20260114,17591,3156,51100,161.3
TXSD_DELTAE_V3_OFF_20260114,17601,3160,52000,164.3
TXSD_DELTAE_V3_OFF_20260114,17611,3156,51200,161.6
TXSD_DELTAE_V3_OFF_20260114,17621,3160,51700,163.4
TXSD_DELTAE_V3_OFF_20260114,17631,3156,51400,162.2
TXSD_DELTAE_V3_OFF_20260114,17641,3156,51300,161.9
TXSD_DELTAE_V3_OFF_20260114,17651,3160,51800,163.7
TXSD_DELTAE_V3_OFF_20260114,17661,3156,51200,161.6
TXSD_DELTAE_V3_OFF_20260114,17671,3160,52000,164.3
TXSD_DELTAE_V3_OFF_20260114,17681,3156,51000,161.0
TXSD_DELTAE_V3_OFF_20260114,17691,3160,52100,164.6
TXSD_DELTAE_V3_OFF_20260114,17701,3156,51000,161.0
TXSD_DELTAE_V3_OFF_20260114,17711,3160,52200,165.0
TXSD_DELTAE_V3_OFF_20260114,17721,3156,51100,161.3
TXSD_DELTAE_V3_OFF_20260114,17731,3160,52000,164.3
TXSD_DELTAE_V3_OFF_20260114,17741,3156,51100,161.3
TXSD_DELTAE_V3_OFF_20260114,17751,3160,51900,164.0
TXSD_DELTAE_V3_OFF_20260114,17761,3156,51300,161.9
TXSD_DELTAE_V3_OFF_20260114,17771,3156,51600,162.8
TXSD_DELTAE_V3_OFF_20260114,17781,3160,51600,163.1
TXSD_DELTAE_V3_OFF_20260114,17791,3156,51300,161.9
TXSD_DELTAE_V3_OFF_20260114,17801,3160,51800,163.7
TXSD_DELTAE_V3_OFF_20260114,17811,3156,51200,161.6
TXSD_DELTAE_V3_OFF_20260114,17821,3160,52000,164.3
TXSD_DELTAE_V3_OFF_20260114,17831,3156,51000,161.0
TXSD_DELTAE_V3_OFF_20260114,17841,3160,52200,165.0
TXSD_DELTAE_V3_OFF_20260114,17851,3152,51000,160.8
TXSD_DELTAE_V3_OFF_20260114,17861,3160,52200,165.0
TXSD_DELTAE_V3_OFF_20260114,17871,3156,51000,161.0
TXSD_DELTAE_V3_OFF_20260114,17881,3160,52000,164.3
TXSD_DELTAE_V3_OFF_20260114,17891,3156,51200,161.6
TXSD_DELTAE_V3_OFF_20260114,17901,3160,51900,164.0
TXSD_DELTAE_V3_OFF_20260114,17911,3156,51300,161.9
TXSD_DELTAE_V3_OFF_20260114,17921,3156,51400,162.2
TXSD_DELTAE_V3_OFF_20260114,17931,3156,51700,163.2
TXSD_DELTAE_V3_OFF_20260114,17941,3156,51200,161.6
TXSD_DELTAE_V3_OFF_20260114,17951,3160,51900,164.0
TXSD_DELTAE_V3_OFF_20260114,17961,3156,51100,161.3
TXSD_DELTAE_V3_OFF_20260114,17971,3160,52100,164.6
TXSD_DELTAE_V3_OFF_20260114,17981,3156,51000,161.0
TXSD_DELTAE_V3_OFF_20260114,17991,3160,52100,164.6
TXSD_DELTAE_V3_OFF_20260114,18001,3156,51100,161.3
TXSD_DELTAE_V3_OFF_20260114,18011,3160,52200,165.0
TXSD_DELTAE_V3_OFF_20260114,18021,3156,51100,161.3
TXSD_DELTAE_V3_OFF_20260114,18031,3160,52000,164.3
TXSD_DELTAE_V3_OFF_20260114,18041,3156,51200,161.6
TXSD_DELTAE_V3_OFF_20260114,18051,3160,51800,163.7
TXSD_DELTAE_V3_OFF_20260114,18061,3156,51400,162.2
TXSD_DELTAE_V3_OFF_20260114,18071,3160,51400,162.4
TXSD_DELTAE_V3_OFF_20260114,18081,3156,51800,163.5
TXSD_DELTAE_V3_OFF_20260114,18091,3156,51100,161.3
TXSD_DELTAE_V3_OFF_20260114,18101,3160,52000,164.3
TXSD_DELTAE_V3_OFF_20260114,18111,3156,51100,161.3
TXSD_DELTAE_V3_OFF_20260114,18121,3160,52100,164.6
TXSD_DELTAE_V3_OFF_20260114,18131,3156,51000,161.0
TXSD_DELTAE_V3_OFF_20260114,18141,3160,52200,165.0
TXSD_DELTAE_V3_OFF_20260114,18151,3156,51100,161.3
TXSD_DELTAE_V3_OFF_20260114,18161,3160,52100,164.6
TXSD_DELTAE_V3_OFF_20260114,18171,3156,51100,161.3
TXSD_DELTAE_V3_OFF_20260114,18181,3160,51900,164.0
TXSD_DELTAE_V3_OFF_20260114,18191,3156,51300,161.9
TXSD_DELTAE_V3_OFF_20260114,18201,3160,51600,163.1
TXSD_DELTAE_V3_OFF_20260114,18211,3156,51600,162.8
TXSD_DELTAE_V3_OFF_20260114,18221,3156,51400,162.2
TXSD_DELTAE_V3_OFF_20260114,18231,3160,51900,164.0
TXSD_DELTAE_V3_OFF_20260114,18241,3156,51100,161.3
TXSD_DELTAE_V3_OFF_20260114,18251,3160,52100,164.6
TXSD_DELTAE_V3_OFF_20260114,18261,3156,51000,161.0
TXSD_DELTAE_V3_OFF_20260114,18271,3160,52100,164.6
TXSD_DELTAE_V3_OFF_20260114,18281,3156,51000,161.0
TXSD_DELTAE_V3_OFF_20260114,18291,3160,52200,165.0
TXSD_DELTAE_V3_OFF_20260114,18301,3156,51000,161.0
TXSD_DELTAE_V3_OFF_20260114,18311,3160,52000,164.3
TXSD_DELTAE_V3_OFF_20260114,18321,3156,51200,161.6
TXSD_DELTAE_V3_OFF_20260114,18331,3160,51900,164.0
TXSD_DELTAE_V3_OFF_20260114,18341,3156,51300,161.9
TXSD_DELTAE_V3_OFF_20260114,18351,3160,51400,162.4
TXSD_DELTAE_V3_OFF_20260114,18361,3156,51700,163.2
TXSD_DELTAE_V3_OFF_20260114,18371,3156,51200,161.6
TXSD_DELTAE_V3_OFF_20260114,18381,3160,51800,163.7
TXSD_DELTAE_V3_OFF_20260114,18391,3156,51100,161.3
TXSD_DELTAE_V3_OFF_20260114,18401,3160,52000,164.3
TXSD_DELTAE_V3_OFF_20260114,18411,3156,51000,161.0
TXSD_DELTAE_V3_OFF_20260114,18421,3160,52100,164.6
TXSD_DELTAE_V3_OFF_20260114,18431,3156,51000,161.0
TXSD_DELTAE_V3_OFF_20260114,18441,3160,52100,164.6
TXSD_DELTAE_V3_OFF_20260114,18451,3156,51100,161.3
TXSD_DELTAE_V3_OFF_20260114,18461,3160,52000,164.3
TXSD_DELTAE_V3_OFF_20260114,18471,3156,51200,161.6
TXSD_DELTAE_V3_OFF_20260114,18481,3156,51800,163.5
TXSD_DELTAE_V3_OFF_20260114,18491,3156,51400,162.2
TXSD_DELTAE_V3_OFF_20260114,18501,3156,51400,162.2
TXSD_DELTAE_V3_OFF_20260114,18511,3156,51800,163.5
TXSD_DELTAE_V3_OFF_20260114,18521,3156,51200,161.6
TXSD_DELTAE_V3_OFF_20260114,18531,3160,52000,164.3
TXSD_DELTAE_V3_OFF_20260114,18541,3156,51000,161.0
TXSD_DELTAE_V3_OFF_20260114,18551,3160,52100,164.6
TXSD_DELTAE_V3_OFF_20260114,18561,3156,51000,161.0
TXSD_DELTAE_V3_OFF_20260114,18571,3160,52100,164.6
TXSD_DELTAE_V3_OFF_20260114,18581,3156,51200,161.6
TXSD_DELTAE_V3_OFF_20260114,18591,3160,52100,164.6
TXSD_DELTAE_V3_OFF_20260114,18601,3156,51100,161.3
TXSD_DELTAE_V3_OFF_20260114,18611,3160,51900,164.0
TXSD_DELTAE_V3_OFF_20260114,18621,3156,51300,161.9
TXSD_DELTAE_V3_OFF_20260114,18631,3160,51600,163.1
TXSD_DELTAE_V3_OFF_20260114,18641,3160,51600,163.1
TXSD_DELTAE_V3_OFF_20260114,18651,3156,51300,161.9
TXSD_DELTAE_V3_OFF_20260114,18661,3160,51800,163.7
TXSD_DELTAE_V3_OFF_20260114,18671,3156,51200,161.6
TXSD_DELTAE_V3_OFF_20260114,18681,3160,52000,164.3
TXSD_DELTAE_V3_OFF_20260114,18691,3156,51000,161.0
TXSD_DELTAE_V3_OFF_20260114,18701,3160,52100,164.6
TXSD_DELTAE_V3_OFF_20260114,18711,3156,51000,161.0
TXSD_DELTAE_V3_OFF_20260114,18721,3160,52200,165.0
TXSD_DELTAE_V3_OFF_20260114,18731,3156,51000,161.0
TXSD_DELTAE_V3_OFF_20260114,18741,3160,52000,164.3
TXSD_DELTAE_V3_OFF_20260114,18751,3160,51200,161.8
TXSD_DELTAE_V3_OFF_20260114,18761,3160,51900,164.0
TXSD_DELTAE_V3_OFF_20260114,18771,3156,51300,161.9
TXSD_DELTAE_V3_OFF_20260114,18781,3156,51500,162.5
TXSD_DELTAE_V3_OFF_20260114,18791,3156,51700,163.2
TXSD_DELTAE_V3_OFF_20260114,18801,3156,51300,161.9
TXSD_DELTAE_V3_OFF_20260114,18811,3160,51900,164.0
TXSD_DELTAE_V3_OFF_20260114,18821,3156,51100,161.3
TXSD_DELTAE_V3_OFF_20260114,18831,3160,52000,164.3
TXSD_DELTAE_V3_OFF_20260114,18841,3156,51000,161.0
TXSD_DELTAE_V3_OFF_20260114,18851,3160,52100,164.6
TXSD_DELTAE_V3_OFF_20260114,18861,3156,51000,161.0
TXSD_DELTAE_V3_OFF_20260114,18871,3160,52100,164.6
TXSD_DELTAE_V3_OFF_20260114,18881,3156,51100,161.3
TXSD_DELTAE_V3_OFF_20260114,18891,3160,52000,164.3
TXSD_DELTAE_V3_OFF_20260114,18901,3156,51300,161.9
TXSD_DELTAE_V3_OFF_20260114,18911,3160,51800,163.7
TXSD_DELTAE_V3_OFF_20260114,18921,3156,51500,162.5
TXSD_DELTAE_V3_OFF_20260114,18931,3156,51400,162.2
TXSD_DELTAE_V3_OFF_20260114,18941,3160,51800,163.7
TXSD_DELTAE_V3_OFF_20260114,18951,3156,51200,161.6
TXSD_DELTAE_V3_OFF_20260114,18961,3160,52000,164.3
TXSD_DELTAE_V3_OFF_20260114,18971,3156,51100,161.3
TXSD_DELTAE_V3_OFF_20260114,18981,3160,52100,164.6
TXSD_DELTAE_V3_OFF_20260114,18991,3156,51000,161.0
TXSD_DELTAE_V3_OFF_20260114,19001,3160,52200,165.0
TXSD_DELTAE_V3_OFF_20260114,19011,3156,51100,161.3
TXSD_DELTAE_V3_OFF_20260114,19021,3160,52100,164.6
TXSD_DELTAE_V3_OFF_20260114,19031,3156,51200,161.6
TXSD_DELTAE_V3_OFF_20260114,19041,3160,51900,164.0
TXSD_DELTAE_V3_OFF_20260114,19051,3156,51200,161.6
TXSD_DELTAE_V3_OFF_20260114,19061,3160,51600,163.1
TXSD_DELTAE_V3_OFF_20260114,19071,3156,51600,162.8
TXSD_DELTAE_V3_OFF_20260114,19081,3156,51300,161.9
TXSD_DELTAE_V3_OFF_20260114,19091,3160,51900,164.0
TXSD_DELTAE_V3_OFF_20260114,19101,3156,51100,161.3
TXSD_DELTAE_V3_OFF_20260114,19111,3160,52000,164.3
TXSD_DELTAE_V3_OFF_20260114,19121,3156,51000,161.0
TXSD_DELTAE_V3_OFF_20260114,19131,3160,52100,164.6
TXSD_DELTAE_V3_OFF_20260114,19141,3156,51000,161.0
TXSD_DELTAE_V3_OFF_20260114,19151,3160,52100,164.6
TXSD_DELTAE_V3_OFF_20260114,19161,3156,51000,161.0
TXSD_DELTAE_V3_OFF_20260114,19171,3160,51900,164.0
TXSD_DELTAE_V3_OFF_20260114,19181,3156,51100,161.3
TXSD_DELTAE_V3_OFF_20260114,19191,3160,51900,164.0
TXSD_DELTAE_V3_OFF_20260114,19201,3156,51400,162.2
TXSD_DELTAE_V3_OFF_20260114,19211,3160,51500,162.7
TXSD_DELTAE_V3_OFF_20260114,19221,3156,51700,163.2
TXSD_DELTAE_V3_OFF_20260114,19231,3156,51200,161.6
TXSD_DELTAE_V3_OFF_20260114,19241,3160,52000,164.3
TXSD_DELTAE_V3_OFF_20260114,19251,3156,51100,161.3
TXSD_DELTAE_V3_OFF_20260114,19261,3160,52100,164.6
TXSD_DELTAE_V3_OFF_20260114,19271,3156,51000,161.0
TXSD_DELTAE_V3_OFF_20260114,19281,3160,52100,164.6
TXSD_DELTAE_V3_OFF_20260114,19291,3156,51100,161.3
TXSD_DELTAE_V3_OFF_20260114,19301,3160,52100,164.6
TXSD_DELTAE_V3_OFF_20260114,19311,3156,51000,161.0
TXSD_DELTAE_V3_OFF_20260114,19321,3160,52000,164.3
TXSD_DELTAE_V3_OFF_20260114,19331,3156,51200,161.6
TXSD_DELTAE_V3_OFF_20260114,19341,3160,51700,163.4
TXSD_DELTAE_V3_OFF_20260114,19351,3160,51400,162.4
TXSD_DELTAE_V3_OFF_20260114,19361,3160,51400,162.4
TXSD_DELTAE_V3_OFF_20260114,19371,3156,51700,163.2
TXSD_DELTAE_V3_OFF_20260114,19381,3156,51200,161.6
TXSD_DELTAE_V3_OFF_20260114,19391,3160,52000,164.3
TXSD_DELTAE_V3_OFF_20260114,19401,3156,51000,161.0
TXSD_DELTAE_V3_OFF_20260114,19411,3160,52100,164.6
TXSD_DELTAE_V3_OFF_20260114,19421,3156,51000,161.0
TXSD_DELTAE_V3_OFF_20260114,19431,3160,52200,165.0
TXSD_DELTAE_V3_OFF_20260114,19441,3156,51000,161.0
TXSD_DELTAE_V3_OFF_20260114,19451,3160,52100,164.6
TXSD_DELTAE_V3_OFF_20260114,19461,3156,51100,161.3
TXSD_DELTAE_V3_OFF_20260114,19471,3160,51900,164.0
TXSD_DELTAE_V3_OFF_20260114,19481,3156,51200,161.6
TXSD_DELTAE_V3_OFF_20260114,19491,3160,51600,163.1
TXSD_DELTAE_V3_OFF_20260114,19501,3156,51600,162.8
TXSD_DELTAE_V3_OFF_20260114,19511,3156,51300,161.9
TXSD_DELTAE_V3_OFF_20260114,19521,3160,51900,164.0
TXSD_DELTAE_V3_OFF_20260114,19531,3156,51200,161.6
TXSD_DELTAE_V3_OFF_20260114,19541,3160,52000,164.3
TXSD_DELTAE_V3_OFF_20260114,19551,3152,51000,160.8
TXSD_DELTAE_V3_OFF_20260114,19561,3160,52100,164.6
TXSD_DELTAE_V3_OFF_20260114,19571,3156,50900,160.6
TXSD_DELTAE_V3_OFF_20260114,19581,3160,52200,165.0
TXSD_DELTAE_V3_OFF_20260114,19591,3156,51000,161.0
TXSD_DELTAE_V3_OFF_20260114,19601,3160,52000,164.3
TXSD_DELTAE_V3_OFF_20260114,19611,3156,51200,161.6
TXSD_DELTAE_V3_OFF_20260114,19621,3160,51900,164.0
TXSD_DELTAE_V3_OFF_20260114,19631,3156,51400,162.2
TXSD_DELTAE_V3_OFF_20260114,19641,3156,51500,162.5
TXSD_DELTAE_V3_OFF_20260114,19651,3156,51700,163.2
TXSD_DELTAE_V3_OFF_20260114,19661,3156,51300,161.9
TXSD_DELTAE_V3_OFF_20260114,19671,3160,51900,164.0
TXSD_DELTAE_V3_OFF_20260114,19681,3156,51100,161.3
TXSD_DELTAE_V3_OFF_20260114,19691,3160,52100,164.6
TXSD_DELTAE_V3_OFF_20260114,19701,3156,51000,161.0
TXSD_DELTAE_V3_OFF_20260114,19711,3160,52100,164.6
TXSD_DELTAE_V3_OFF_20260114,19721,3156,51000,161.0
TXSD_DELTAE_V3_OFF_20260114,19731,3160,52100,164.6
TXSD_DELTAE_V3_OFF_20260114,19741,3156,51100,161.3
TXSD_DELTAE_V3_OFF_20260114,19751,3160,52000,164.3
TXSD_DELTAE_V3_OFF_20260114,19761,3156,51200,161.6
TXSD_DELTAE_V3_OFF_20260114,19771,3156,51700,163.2
TXSD_DELTAE_V3_OFF_20260114,19781,3156,51500,162.5
TXSD_DELTAE_V3_OFF_20260114,19791,3160,51400,162.4
TXSD_DELTAE_V3_OFF_20260114,19801,3160,51800,163.7
TXSD_DELTAE_V3_OFF_20260114,19811,3156,51200,161.6
TXSD_DELTAE_V3_OFF_20260114,19821,3160,52000,164.3
TXSD_DELTAE_V3_OFF_20260114,19831,3156,51000,161.0
TXSD_DELTAE_V3_OFF_20260114,19841,3160,52100,164.6
TXSD_DELTAE_V3_OFF_20260114,19851,3156,51000,161.0
TXSD_DELTAE_V3_OFF_20260114,19861,3160,52200,165.0
TXSD_DELTAE_V3_OFF_20260114,19871,3156,51100,161.3
TXSD_DELTAE_V3_OFF_20260114,19881,3160,52000,164.3
TXSD_DELTAE_V3_OFF_20260114,19891,3156,51200,161.6
TXSD_DELTAE_V3_OFF_20260114,19901,3160,51900,164.0
TXSD_DELTAE_V3_OFF_20260114,19911,3156,51200,161.6
TXSD_DELTAE_V3_OFF_20260114,19921,3156,51500,162.5
TXSD_DELTAE_V3_OFF_20260114,19931,3156,51700,163.2
TXSD_DELTAE_V3_OFF_20260114,19941,3156,51300,161.9
TXSD_DELTAE_V3_OFF_20260114,19951,3156,51900,163.8
TXSD_DELTAE_V3_OFF_20260114,19961,3156,51200,161.6
TXSD_DELTAE_V3_OFF_20260114,19971,3160,52000,164.3
TXSD_DELTAE_V3_OFF_20260114,19981,3156,51000,161.0
TXSD_DELTAE_V3_OFF_20260114,19991,3160,52100,164.6
TXSD_DELTAE_V3_OFF_20260114,20001,3156,51000,161.0
TXSD_DELTAE_V3_OFF_20260114,20011,3160,52200,165.0
TXSD_DELTAE_V3_OFF_20260114,20021,3156,51000,161.0
TXSD_DELTAE_V3_OFF_20260114,20031,3160,52000,164.3
TXSD_DELTAE_V3_OFF_20260114,20041,3156,51200,161.6
TXSD_DELTAE_V3_OFF_20260114,20051,3160,51900,164.0
TXSD_DELTAE_V3_OFF_20260114,20061,3156,51400,162.2
TXSD_DELTAE_V3_OFF_20260114,20071,3156,51500,162.5
TXSD_DELTAE_V3_OFF_20260114,20081,3156,51700,163.2
TXSD_DELTAE_V3_OFF_20260114,20091,3156,51200,161.6
TXSD_DELTAE_V3_OFF_20260114,20101,3160,51900,164.0
TXSD_DELTAE_V3_OFF_20260114,20111,3156,51100,161.3
TXSD_DELTAE_V3_OFF_20260114,20121,3160,52100,164.6
TXSD_DELTAE_V3_OFF_20260114,20131,3156,51000,161.0
TXSD_DELTAE_V3_OFF_20260114,20141,3160,52200,165.0
TXSD_DELTAE_V3_OFF_20260114,20151,3156,51100,161.3
TXSD_DELTAE_V3_OFF_20260114,20161,3160,52100,164.6
TXSD_DELTAE_V3_OFF_20260114,20171,3156,51100,161.3
TXSD_DELTAE_V3_OFF_20260114,20181,3160,51900,164.0
TXSD_DELTAE_V3_OFF_20260114,20191,3156,51300,161.9
TXSD_DELTAE_V3_OFF_20260114,20201,3160,51800,163.7
TXSD_DELTAE_V3_OFF_20260114,20211,3156,51500,162.5
TXSD_DELTAE_V3_OFF_20260114,20221,3156,51400,162.2
TXSD_DELTAE_V3_OFF_20260114,20231,3156,51800,163.5
TXSD_DELTAE_V3_OFF_20260114,20241,3156,51200,161.6
TXSD_DELTAE_V3_OFF_20260114,20251,3160,52000,164.3
TXSD_DELTAE_V3_OFF_20260114,20261,3156,51100,161.3
TXSD_DELTAE_V3_OFF_20260114,20271,3160,52100,164.6
TXSD_DELTAE_V3_OFF_20260114,20281,3156,51000,161.0
TXSD_DELTAE_V3_OFF_20260114,20291,3160,52200,165.0
TXSD_DELTAE_V3_OFF_20260114,20301,3152,51100,161.1
TXSD_DELTAE_V3_OFF_20260114,20311,3160,52100,164.6
TXSD_DELTAE_V3_OFF_20260114,20321,3156,51200,161.6
TXSD_DELTAE_V3_OFF_20260114,20331,3160,52000,164.3
TXSD_DELTAE_V3_OFF_20260114,20341,3160,51300,162.1
TXSD_DELTAE_V3_OFF_20260114,20351,3160,51600,163.1
TXSD_DELTAE_V3_OFF_20260114,20361,3156,51700,163.2
TXSD_DELTAE_V3_OFF_20260114,20371,3156,51300,161.9
TXSD_DELTAE_V3_OFF_20260114,20381,3160,51900,164.0
TXSD_DELTAE_V3_OFF_20260114,20391,3156,51100,161.3
TXSD_DELTAE_V3_OFF_20260114,20401,3160,52100,164.6
TXSD_DELTAE_V3_OFF_20260114,20411,3156,51000,161.0
TXSD_DELTAE_V3_OFF_20260114,20421,3160,52200,165.0
TXSD_DELTAE_V3_OFF_20260114,20431,3156,51000,161.0
TXSD_DELTAE_V3_OFF_20260114,20441,3160,52200,165.0
TXSD_DELTAE_V3_OFF_20260114,20451,3156,51000,161.0
TXSD_DELTAE_V3_OFF_20260114,20461,3160,52000,164.3
TXSD_DELTAE_V3_OFF_20260114,20471,3156,51200,161.6
TXSD_DELTAE_V3_OFF_20260114,20481,3160,51800,163.7
TXSD_DELTAE_V3_OFF_20260114,20491,3156,51400,162.2
TXSD_DELTAE_V3_OFF_20260114,20501,3156,51500,162.5
TXSD_DELTAE_V3_OFF_20260114,20511,3156,51800,163.5
TXSD_DELTAE_V3_OFF_20260114,20521,3156,51300,161.9
TXSD_DELTAE_V3_OFF_20260114,20531,3156,52000,164.1
TXSD_DELTAE_V3_OFF_20260114,20541,3156,51100,161.3
TXSD_DELTAE_V3_OFF_20260114,20551,3160,52100,164.6
TXSD_DELTAE_V3_OFF_20260114,20561,3156,51000,161.0
TXSD_DELTAE_V3_OFF_20260114,20571,3160,52200,165.0
TXSD_DELTAE_V3_OFF_20260114,20581,3156,51000,161.0
TXSD_DELTAE_V3_OFF_20260114,20591,3160,52100,164.6
TXSD_DELTAE_V3_OFF_20260114,20601,3156,51100,161.3
TXSD_DELTAE_V3_OFF_20260114,20611,3160,51900,164.0
TXSD_DELTAE_V3_OFF_20260114,20621,3156,51300,161.9
TXSD_DELTAE_V3_OFF_20260114,20631,3160,51700,163.4
TXSD_DELTAE_V3_OFF_20260114,20641,3156,51500,162.5
TXSD_DELTAE_V3_OFF_20260114,20651,3156,51400,162.2
TXSD_DELTAE_V3_OFF_20260114,20661,3156,51900,163.8
TXSD_DELTAE_V3_OFF_20260114,20671,3160,51200,161.8
TXSD_DELTAE_V3_OFF_20260114,20681,3160,52000,164.3
TXSD_DELTAE_V3_OFF_20260114,20691,3156,51000,161.0
TXSD_DELTAE_V3_OFF_20260114,20701,3156,52100,164.4
TXSD_DELTAE_V3_OFF_20260114,20711,3156,50900,160.6
TXSD_DELTAE_V3_OFF_20260114,20721,3160,52200,165.0
TXSD_DELTAE_V3_OFF_20260114,20731,3156,51100,161.3
TXSD_DELTAE_V3_OFF_20260114,20741,3160,52000,164.3
TXSD_DELTAE_V3_OFF_20260114,20751,3156,51100,161.3
TXSD_DELTAE_V3_OFF_20260114,20761,3156,52000,164.1
TXSD_DELTAE_V3_OFF_20260114,20771,3156,51300,161.9
TXSD_DELTAE_V3_OFF_20260114,20781,3160,51600,163.1
TXSD_DELTAE_V3_OFF_20260114,20791,3156,51700,163.2
TXSD_DELTAE_V3_OFF_20260114,20801,3156,51300,161.9
TXSD_DELTAE_V3_OFF_20260114,20811,3160,51900,164.0
TXSD_DELTAE_V3_OFF_20260114,20821,3156,51200,161.6
TXSD_DELTAE_V3_OFF_20260114,20831,3160,52000,164.3
TXSD_DELTAE_V3_OFF_20260114,20841,3152,51000,160.8
TXSD_DELTAE_V3_OFF_20260114,20851,3160,52100,164.6
TXSD_DELTAE_V3_OFF_20260114,20861,3156,51000,161.0
TXSD_DELTAE_V3_OFF_20260114,20871,3160,52200,165.0
TXSD_DELTAE_V3_OFF_20260114,20881,3156,51000,161.0
TXSD_DELTAE_V3_OFF_20260114,20891,3160,52000,164.3
TXSD_DELTAE_V3_OFF_20260114,20901,3156,51200,161.6
TXSD_DELTAE_V3_OFF_20260114,20911,3160,51900,164.0
TXSD_DELTAE_V3_OFF_20260114,20921,3156,51400,162.2
TXSD_DELTAE_V3_OFF_20260114,20931,3160,51500,162.7
TXSD_DELTAE_V3_OFF_20260114,20941,3156,51700,163.2
TXSD_DELTAE_V3_OFF_20260114,20951,3156,51300,161.9
TXSD_DELTAE_V3_OFF_20260114,20961,3160,52000,164.3
TXSD_DELTAE_V3_OFF_20260114,20971,3156,51100,161.3
TXSD_DELTAE_V3_OFF_20260114,20981,3160,52100,164.6
TXSD_DELTAE_V3_OFF_20260114,20991,3156,51000,161.0
TXSD_DELTAE_V3_OFF_20260114,21001,3160,52200,165.0
TXSD_DELTAE_V3_OFF_20260114,21011,3156,51100,161.3
TXSD_DELTAE_V3_OFF_20260114,21021,3160,52100,164.6
TXSD_DELTAE_V3_OFF_20260114,21031,3156,51100,161.3
TXSD_DELTAE_V3_OFF_20260114,21041,3160,52000,164.3
TXSD_DELTAE_V3_OFF_20260114,21051,3156,51300,161.9
TXSD_DELTAE_V3_OFF_20260114,21061,3160,51700,163.4
TXSD_DELTAE_V3_OFF_20260114,21071,3156,51600,162.8
TXSD_DELTAE_V3_OFF_20260114,21081,3156,51400,162.2
TXSD_DELTAE_V3_OFF_20260114,21091,3160,51800,163.7
TXSD_DELTAE_V3_OFF_20260114,21101,3156,51100,161.3
TXSD_DELTAE_V3_OFF_20260114,21111,3160,52000,164.3
TXSD_DELTAE_V3_OFF_20260114,21121,3156,51100,161.3
TXSD_DELTAE_V3_OFF_20260114,21131,3160,52100,164.6
TXSD_DELTAE_V3_OFF_20260114,21141,3156,51000,161.0
TXSD_DELTAE_V3_OFF_20260114,21151,3160,52200,165.0
TXSD_DELTAE_V3_OFF_20260114,21161,3156,51100,161.3
TXSD_DELTAE_V3_OFF_20260114,21171,3160,52100,164.6
TXSD_DELTAE_V3_OFF_20260114,21181,3156,51100,161.3
TXSD_DELTAE_V3_OFF_20260114,21191,3160,52000,164.3
TXSD_DELTAE_V3_OFF_20260114,21201,3156,51300,161.9
TXSD_DELTAE_V3_OFF_20260114,21211,3160,51500,162.7
TXSD_DELTAE_V3_OFF_20260114,21221,3156,51600,162.8
TXSD_DELTAE_V3_OFF_20260114,21231,3156,51400,162.2
TXSD_DELTAE_V3_OFF_20260114,21241,3156,52000,164.1
TXSD_DELTAE_V3_OFF_20260114,21251,3156,51100,161.3
TXSD_DELTAE_V3_OFF_20260114,21261,3160,52100,164.6
TXSD_DELTAE_V3_OFF_20260114,21271,3156,51000,161.0
TXSD_DELTAE_V3_OFF_20260114,21281,3160,52100,164.6
TXSD_DELTAE_V3_OFF_20260114,21291,3156,51000,161.0
TXSD_DELTAE_V3_OFF_20260114,21301,3160,52200,165.0
TXSD_DELTAE_V3_OFF_20260114,21311,3156,51100,161.3
TXSD_DELTAE_V3_OFF_20260114,21321,3160,52000,164.3
TXSD_DELTAE_V3_OFF_20260114,21331,3156,51200,161.6
TXSD_DELTAE_V3_OFF_20260114,21341,3160,51900,164.0
TXSD_DELTAE_V3_OFF_20260114,21351,3156,51400,162.2
TXSD_DELTAE_V3_OFF_20260114,21361,3156,51500,162.5
TXSD_DELTAE_V3_OFF_20260114,21371,3160,51800,163.7
TXSD_DELTAE_V3_OFF_20260114,21381,3156,51300,161.9
TXSD_DELTAE_V3_OFF_20260114,21391,3160,52000,164.3
TXSD_DELTAE_V3_OFF_20260114,21401,3156,51100,161.3
TXSD_DELTAE_V3_OFF_20260114,21411,3160,52100,164.6
TXSD_DELTAE_V3_OFF_20260114,21421,3156,51000,161.0
TXSD_DELTAE_V3_OFF_20260114,21431,3160,52100,164.6
TXSD_DELTAE_V3_OFF_20260114,21441,3156,51100,161.3
TXSD_DELTAE_V3_OFF_20260114,21451,3160,52100,164.6
TXSD_DELTAE_V3_OFF_20260114,21461,3156,51100,161.3
TXSD_DELTAE_V3_OFF_20260114,21471,3160,51900,164.0
TXSD_DELTAE_V3_OFF_20260114,21481,3156,51200,161.6
TXSD_DELTAE_V3_OFF_20260114,21491,3160,51700,163.4
TXSD_DELTAE_V3_OFF_20260114,21501,3156,51500,162.5
TXSD_DELTAE_V3_OFF_20260114,21511,3156,51400,162.2
TXSD_DELTAE_V3_OFF_20260114,21521,3160,51800,163.7
TXSD_DELTAE_V3_OFF_20260114,21531,3156,51200,161.6
TXSD_DELTAE_V3_OFF_20260114,21541,3160,52000,164.3
TXSD_DELTAE_V3_OFF_20260114,21551,3156,51000,161.0
TXSD_DELTAE_V3_OFF_20260114,21561,3160,52100,164.6
TXSD_DELTAE_V3_OFF_20260114,21571,3156,51100,161.3
TXSD_DELTAE_V3_OFF_20260114,21581,3160,52200,165.0
TXSD_DELTAE_V3_OFF_20260114,21591,3156,51100,161.3
TXSD_DELTAE_V3_OFF_20260114,21601,3160,52000,164.3
TXSD_DELTAE_V3_OFF_20260114,21611,3156,51200,161.6
TXSD_DELTAE_V3_OFF_20260114,21621,3160,51900,164.0
TXSD_DELTAE_V3_OFF_20260114,21631,3156,51300,161.9
TXSD_DELTAE_V3_OFF_20260114,21641,3156,51600,162.8
TXSD_DELTAE_V3_OFF_20260114,21651,3156,51600,162.8
TXSD_DELTAE_V3_OFF_20260114,21661,3156,51300,161.9
TXSD_DELTAE_V3_OFF_20260114,21671,3160,51900,164.0
TXSD_DELTAE_V3_OFF_20260114,21681,3156,51100,161.3
TXSD_DELTAE_V3_OFF_20260114,21691,3160,52000,164.3
TXSD_DELTAE_V3_OFF_20260114,21701,3156,51000,161.0
TXSD_DELTAE_V3_OFF_20260114,21711,3160,52200,165.0
TXSD_DELTAE_V3_OFF_20260114,21721,3156,51000,161.0
TXSD_DELTAE_V3_OFF_20260114,21731,3160,52100,164.6
TXSD_DELTAE_V3_OFF_20260114,21741,3156,51000,161.0
TXSD_DELTAE_V3_OFF_20260114,21751,3160,51900,164.0
TXSD_DELTAE_V3_OFF_20260114,21761,3156,51200,161.6
TXSD_DELTAE_V3_OFF_20260114,21771,3160,51800,163.7
TXSD_DELTAE_V3_OFF_20260114,21781,3156,51400,162.2
TXSD_DELTAE_V3_OFF_20260114,21791,3156,51400,162.2
TXSD_DELTAE_V3_OFF_20260114,21801,3156,51700,163.2
TXSD_DELTAE_V3_OFF_20260114,21811,3156,51200,161.6
TXSD_DELTAE_V3_OFF_20260114,21821,3160,51900,164.0
TXSD_DELTAE_V3_OFF_20260114,21831,3156,51000,161.0
TXSD_DELTAE_V3_OFF_20260114,21841,3160,52100,164.6
TXSD_DELTAE_V3_OFF_20260114,21851,3152,51000,160.8
TXSD_DELTAE_V3_OFF_20260114,21861,3160,52100,164.6
TXSD_DELTAE_V3_OFF_20260114,21871,3156,51000,161.0
TXSD_DELTAE_V3_OFF_20260114,21881,3160,52000,164.3
TXSD_DELTAE_V3_OFF_20260114,21891,3156,51100,161.3
TXSD_DELTAE_V3_OFF_20260114,21901,3160,51900,164.0
TXSD_DELTAE_V3_OFF_20260114,21911,3156,51200,161.6
TXSD_DELTAE_V3_OFF_20260114,21921,3160,51700,163.4
TXSD_DELTAE_V3_OFF_20260114,21931,3156,51600,162.8
TXSD_DELTAE_V3_OFF_20260114,21941,3156,51400,162.2
TXSD_DELTAE_V3_OFF_20260114,21951,3160,51900,164.0
TXSD_DELTAE_V3_OFF_20260114,21961,3156,51200,161.6
TXSD_DELTAE_V3_OFF_20260114,21971,3160,52000,164.3
TXSD_DELTAE_V3_OFF_20260114,21981,3156,51000,161.0
TXSD_DELTAE_V3_OFF_20260114,21991,3160,52100,164.6
TXSD_DELTAE_V3_OFF_20260114,22001,3156,50900,160.6
TXSD_DELTAE_V3_OFF_20260114,22011,3160,52200,165.0
TXSD_DELTAE_V3_OFF_20260114,22021,3156,51200,161.6
TXSD_DELTAE_V3_OFF_20260114,22031,3160,52100,164.6
TXSD_DELTAE_V3_OFF_20260114,22041,3156,51200,161.6
TXSD_DELTAE_V3_OFF_20260114,22051,3160,51900,164.0
TXSD_DELTAE_V3_OFF_20260114,22061,3156,51400,162.2
TXSD_DELTAE_V3_OFF_20260114,22071,3156,51500,162.5
TXSD_DELTAE_V3_OFF_20260114,22081,3156,51700,163.2
TXSD_DELTAE_V3_OFF_20260114,22091,3156,51300,161.9
TXSD_DELTAE_V3_OFF_20260114,22101,3156,51900,163.8
TXSD_DELTAE_V3_OFF_20260114,22111,3156,51100,161.3
TXSD_DELTAE_V3_OFF_20260114,22121,3160,52000,164.3
TXSD_DELTAE_V3_OFF_20260114,22131,3156,51100,161.3
TXSD_DELTAE_V3_OFF_20260114,22141,3160,52100,164.6
TXSD_DELTAE_V3_OFF_20260114,22151,3156,51000,161.0
TXSD_DELTAE_V3_OFF_20260114,22161,3160,52200,165.0
TXSD_DELTAE_V3_OFF_20260114,22171,3156,51100,161.3
TXSD_DELTAE_V3_OFF_20260114,22181,3160,52000,164.3
TXSD_DELTAE_V3_OFF_20260114,22191,3156,51200,161.6
TXSD_DELTAE_V3_OFF_20260114,22201,3160,51800,163.7
TXSD_DELTAE_V3_OFF_20260114,22211,3156,51400,162.2
TXSD_DELTAE_V3_OFF_20260114,22221,3160,51500,162.7
TXSD_DELTAE_V3_OFF_20260114,22231,3160,51800,163.7
TXSD_DELTAE_V3_OFF_20260114,22241,3156,51200,161.6
TXSD_DELTAE_V3_OFF_20260114,22251,3160,51900,164.0
TXSD_DELTAE_V3_OFF_20260114,22261,3156,51100,161.3
TXSD_DELTAE_V3_OFF_20260114,22271,3160,52000,164.3
TXSD_DELTAE_V3_OFF_20260114,22281,3156,51000,161.0
TXSD_DELTAE_V3_OFF_20260114,22291,3160,52200,165.0
TXSD_DELTAE_V3_OFF_20260114,22301,3156,51100,161.3
TXSD_DELTAE_V3_OFF_20260114,22311,3160,52100,164.6
TXSD_DELTAE_V3_OFF_20260114,22321,3156,51100,161.3
TXSD_DELTAE_V3_OFF_20260114,22331,3160,52000,164.3
TXSD_DELTAE_V3_OFF_20260114,22341,3156,51300,161.9
TXSD_DELTAE_V3_OFF_20260114,22351,3160,51800,163.7
TXSD_DELTAE_V3_OFF_20260114,22361,3156,51500,162.5
TXSD_DELTAE_V3_OFF_20260114,22371,3156,51400,162.2
TXSD_DELTAE_V3_OFF_20260114,22381,3156,51900,163.8
TXSD_DELTAE_V3_OFF_20260114,22391,3156,51200,161.6
TXSD_DELTAE_V3_OFF_20260114,22401,3160,51900,164.0
TXSD_DELTAE_V3_OFF_20260114,22411,3156,51100,161.3
TXSD_DELTAE_V3_OFF_20260114,22421,3160,52200,165.0
TXSD_DELTAE_V3_OFF_20260114,22431,3156,51000,161.0
TXSD_DELTAE_V3_OFF_20260114,22441,3160,52200,165.0
TXSD_DELTAE_V3_OFF_20260114,22451,3156,51100,161.3
TXSD_DELTAE_V3_OFF_20260114,22461,3160,52000,164.3
TXSD_DELTAE_V3_OFF_20260114,22471,3156,51100,161.3
TXSD_DELTAE_V3_OFF_20260114,22481,3160,51900,164.0
TXSD_DELTAE_V3_OFF_20260114,22491,3156,51300,161.9
TXSD_DELTAE_V3_OFF_20260114,22501,3160,51500,162.7
TXSD_DELTAE_V3_OFF_20260114,22511,3156,51700,163.2
TXSD_DELTAE_V3_OFF_20260114,22521,3156,51300,161.9
TXSD_DELTAE_V3_OFF_20260114,22531,3160,52000,164.3
TXSD_DELTAE_V3_OFF_20260114,22541,3156,51200,161.6
TXSD_DELTAE_V3_OFF_20260114,22551,3160,52100,164.6
TXSD_DELTAE_V3_OFF_20260114,22561,3156,51000,161.0
TXSD_DELTAE_V3_OFF_20260114,22571,3160,52200,165.0
TXSD_DELTAE_V3_OFF_20260114,22581,3156,51000,161.0
TXSD_DELTAE_V3_OFF_20260114,22591,3160,52100,164.6
TXSD_DELTAE_V3_OFF_20260114,22601,3156,51000,161.0
TXSD_DELTAE_V3_OFF_20260114,22611,3160,52000,164.3
TXSD_DELTAE_V3_OFF_20260114,22621,3156,51100,161.3
TXSD_DELTAE_V3_OFF_20260114,22631,3160,51900,164.0
TXSD_DELTAE_V3_OFF_20260114,22641,3156,51400,162.2
TXSD_DELTAE_V3_OFF_20260114,22651,3160,51500,162.7
TXSD_DELTAE_V3_OFF_20260114,22661,3160,51700,163.4
TXSD_DELTAE_V3_OFF_20260114,22671,3156,51200,161.6
TXSD_DELTAE_V3_OFF_20260114,22681,3160,52000,164.3
TXSD_DELTAE_V3_OFF_20260114,22691,3156,51100,161.3
TXSD_DELTAE_V3_OFF_20260114,22701,3160,52100,164.6
TXSD_DELTAE_V3_OFF_20260114,22711,3156,51100,161.3
TXSD_DELTAE_V3_OFF_20260114,22721,3160,52200,165.0
TXSD_DELTAE_V3_OFF_20260114,22731,3156,51000,161.0
TXSD_DELTAE_V3_OFF_20260114,22741,3160,52100,164.6
TXSD_DELTAE_V3_OFF_20260114,22751,3156,51200,161.6
TXSD_DELTAE_V3_OFF_20260114,22761,3160,52000,164.3
TXSD_DELTAE_V3_OFF_20260114,22771,3156,51200,161.6
TXSD_DELTAE_V3_OFF_20260114,22781,3160,51700,163.4
TXSD_DELTAE_V3_OFF_20260114,22791,3156,51600,162.8
TXSD_DELTAE_V3_OFF_20260114,22801,3156,51300,161.9
TXSD_DELTAE_V3_OFF_20260114,22811,3160,51800,163.7
TXSD_DELTAE_V3_OFF_20260114,22821,3156,51100,161.3
TXSD_DELTAE_V3_OFF_20260114,22831,3160,52000,164.3
TXSD_DELTAE_V3_OFF_20260114,22841,3156,51000,161.0
TXSD_DELTAE_V3_OFF_20260114,22851,3160,52100,164.6
TXSD_DELTAE_V3_OFF_20260114,22861,3156,50900,160.6
TXSD_DELTAE_V3_OFF_20260114,22871,3160,52200,165.0
TXSD_DELTAE_V3_OFF_20260114,22881,3156,51100,161.3
TXSD_DELTAE_V3_OFF_20260114,22891,3160,52000,164.3
TXSD_DELTAE_V3_OFF_20260114,22901,3156,51100,161.3
TXSD_DELTAE_V3_OFF_20260114,22911,3160,51900,164.0
TXSD_DELTAE_V3_OFF_20260114,22921,3156,51300,161.9
TXSD_DELTAE_V3_OFF_20260114,22931,3156,51600,162.8
TXSD_DELTAE_V3_OFF_20260114,22941,3156,51700,163.2
TXSD_DELTAE_V3_OFF_20260114,22951,3156,51300,161.9
TXSD_DELTAE_V3_OFF_20260114,22961,3160,52000,164.3
TXSD_DELTAE_V3_OFF_20260114,22971,3156,51100,161.3
TXSD_DELTAE_V3_OFF_20260114,22981,3160,52000,164.3
TXSD_DELTAE_V3_OFF_20260114,22991,3156,51000,161.0
TXSD_DELTAE_V3_OFF_20260114,23001,3160,52100,164.6
TXSD_DELTAE_V3_OFF_20260114,23011,3156,51000,161.0
TXSD_DELTAE_V3_OFF_20260114,23021,3160,52100,164.6
TXSD_DELTAE_V3_OFF_20260114,23031,3156,51000,161.0
TXSD_DELTAE_V3_OFF_20260114,23041,3160,52000,164.3
TXSD_DELTAE_V3_OFF_20260114,23051,3156,51200,161.6
TXSD_DELTAE_V3_OFF_20260114,23061,3160,51900,164.0
TXSD_DELTAE_V3_OFF_20260114,23071,3156,51400,162.2
TXSD_DELTAE_V3_OFF_20260114,23081,3156,51400,162.2
TXSD_DELTAE_V3_OFF_20260114,23091,3156,51800,163.5
TXSD_DELTAE_V3_OFF_20260114,23101,3156,51200,161.6
TXSD_DELTAE_V3_OFF_20260114,23111,3160,52000,164.3
TXSD_DELTAE_V3_OFF_20260114,23121,3156,51100,161.3
TXSD_DELTAE_V3_OFF_20260114,23131,3160,52100,164.6
TXSD_DELTAE_V3_OFF_20260114,23141,3156,51000,161.0
TXSD_DELTAE_V3_OFF_20260114,23151,3160,52200,165.0
TXSD_DELTAE_V3_OFF_20260114,23161,3156,51100,161.3
TXSD_DELTAE_V3_OFF_20260114,23171,3160,52000,164.3
TXSD_DELTAE_V3_OFF_20260114,23181,3156,51100,161.3
TXSD_DELTAE_V3_OFF_20260114,23191,3160,52000,164.3
TXSD_DELTAE_V3_OFF_20260114,23201,3156,51300,161.9
TXSD_DELTAE_V3_OFF_20260114,23211,3160,51700,163.4
TXSD_DELTAE_V3_OFF_20260114,23221,3156,51600,162.8
TXSD_DELTAE_V3_OFF_20260114,23231,3156,51400,162.2
TXSD_DELTAE_V3_OFF_20260114,23241,3156,51800,163.5
TXSD_DELTAE_V3_OFF_20260114,23251,3156,51100,161.3
TXSD_DELTAE_V3_OFF_20260114,23261,3160,52000,164.3
TXSD_DELTAE_V3_OFF_20260114,23271,3156,51000,161.0
TXSD_DELTAE_V3_OFF_20260114,23281,3160,52200,165.0
TXSD_DELTAE_V3_OFF_20260114,23291,3156,50900,160.6
TXSD_DELTAE_V3_OFF_20260114,23301,3160,52200,165.0
TXSD_DELTAE_V3_OFF_20260114,23311,3156,51200,161.6
TXSD_DELTAE_V3_OFF_20260114,23321,3160,52000,164.3
TXSD_DELTAE_V3_OFF_20260114,23331,3156,51100,161.3
TXSD_DELTAE_V3_OFF_20260114,23341,3156,52000,164.1
TXSD_DELTAE_V3_OFF_20260114,23351,3156,51300,161.9
TXSD_DELTAE_V3_OFF_20260114,23361,3156,51500,162.5
TXSD_DELTAE_V3_OFF_20260114,23371,3160,51700,163.4
TXSD_DELTAE_V3_OFF_20260114,23381,3156,51300,161.9
TXSD_DELTAE_V3_OFF_20260114,23391,3156,51900,163.8
TXSD_DELTAE_V3_OFF_20260114,23401,3156,51100,161.3
TXSD_DELTAE_V3_OFF_20260114,23411,3160,52100,164.6
TXSD_DELTAE_V3_OFF_20260114,23421,3152,51100,161.1
TXSD_DELTAE_V3_OFF_20260114,23431,3160,52100,164.6
TXSD_DELTAE_V3_OFF_20260114,23441,3156,51000,161.0
TXSD_DELTAE_V3_OFF_20260114,23451,3160,52200,165.0
TXSD_DELTAE_V3_OFF_20260114,23461,3156,51100,161.3
TXSD_DELTAE_V3_OFF_20260114,23471,3160,52000,164.3
TXSD_DELTAE_V3_OFF_20260114,23481,3156,51200,161.6
TXSD_DELTAE_V3_OFF_20260114,23491,3160,51800,163.7
TXSD_DELTAE_V3_OFF_20260114,23501,3156,51500,162.5
TXSD_DELTAE_V3_OFF_20260114,23511,3156,51500,162.5
TXSD_DELTAE_V3_OFF_20260114,23521,3156,51800,163.5
TXSD_DELTAE_V3_OFF_20260114,23531,3156,51200,161.6
TXSD_DELTAE_V3_OFF_20260114,23541,3160,51900,164.0
TXSD_DELTAE_V3_OFF_20260114,23551,3156,51000,161.0
TXSD_DELTAE_V3_OFF_20260114,23561,3160,52100,164.6
TXSD_DELTAE_V3_OFF_20260114,23571,3156,51000,161.0
TXSD_DELTAE_V3_OFF_20260114,23581,3160,52200,165.0
TXSD_DELTAE_V3_OFF_20260114,23591,3156,51000,161.0
TXSD_DELTAE_V3_OFF_20260114,23601,3160,52100,164.6
TXSD_DELTAE_V3_OFF_20260114,23611,3156,51100,161.3
TXSD_DELTAE_V3_OFF_20260114,23621,3160,51900,164.0
TXSD_DELTAE_V3_OFF_20260114,23631,3156,51300,161.9
TXSD_DELTAE_V3_OFF_20260114,23641,3160,51600,163.1
TXSD_DELTAE_V3_OFF_20260114,23651,3156,51600,162.8
TXSD_DELTAE_V3_OFF_20260114,23661,3156,51400,162.2
TXSD_DELTAE_V3_OFF_20260114,23671,3156,51900,163.8
TXSD_DELTAE_V3_OFF_20260114,23681,3156,51100,161.3
TXSD_DELTAE_V3_OFF_20260114,23691,3160,52100,164.6
TXSD_DELTAE_V3_OFF_20260114,23701,3156,51100,161.3
TXSD_DELTAE_V3_OFF_20260114,23711,3160,52100,164.6
TXSD_DELTAE_V3_OFF_20260114,23721,3156,51000,161.0
TXSD_DELTAE_V3_OFF_20260114,23731,3160,52200,165.0
TXSD_DELTAE_V3_OFF_20260114,23741,3156,51100,161.3
TXSD_DELTAE_V3_OFF_20260114,23751,3160,52100,164.6
TXSD_DELTAE_V3_OFF_20260114,23761,3156,51200,161.6
TXSD_DELTAE_V3_OFF_20260114,23771,3160,51900,164.0
TXSD_DELTAE_V3_OFF_20260114,23781,3156,51300,161.9
TXSD_DELTAE_V3_OFF_20260114,23791,3156,51500,162.5
TXSD_DELTAE_V3_OFF_20260114,23801,3156,51700,163.2
TXSD_DELTAE_V3_OFF_20260114,23811,3156,51300,161.9
TXSD_DELTAE_V3_OFF_20260114,23821,3160,51900,164.0
TXSD_DELTAE_V3_OFF_20260114,23831,3156,51100,161.3
TXSD_DELTAE_V3_OFF_20260114,23841,3160,52100,164.6
TXSD_DELTAE_V3_OFF_20260114,23851,3156,51000,161.0
TXSD_DELTAE_V3_OFF_20260114,23861,3160,52200,165.0
TXSD_DELTAE_V3_OFF_20260114,23871,3156,51100,161.3
TXSD_DELTAE_V3_OFF_20260114,23881,3160,52100,164.6
TXSD_DELTAE_V3_OFF_20260114,23891,3156,51100,161.3
TXSD_DELTAE_V3_OFF_20260114,23901,3160,52000,164.3
TXSD_DELTAE_V3_OFF_20260114,23911,3156,51200,161.6
TXSD_DELTAE_V3_OFF_20260114,23921,3160,51800,163.7
TXSD_DELTAE_V3_OFF_20260114,23931,3156,51500,162.5
TXSD_DELTAE_V3_OFF_20260114,23941,3156,51400,162.2
TXSD_DELTAE_V3_OFF_20260114,23951,3160,51800,163.7
TXSD_DELTAE_V3_OFF_20260114,23961,3156,51200,161.6
TXSD_DELTAE_V3_OFF_20260114,23971,3160,52000,164.3
TXSD_DELTAE_V3_OFF_20260114,23981,3156,51100,161.3
TXSD_DELTAE_V3_OFF_20260114,23991,3160,52100,164.6
TXSD_DELTAE_V3_OFF_20260114,24001,3156,51000,161.0
TXSD_DELTAE_V3_OFF_20260114,24011,3160,52200,165.0
TXSD_DELTAE_V3_OFF_20260114,24021,3156,51000,161.0
TXSD_DELTAE_V3_OFF_20260114,24031,3160,52100,164.6
TXSD_DELTAE_V3_OFF_20260114,24041,3156,51100,161.3
TXSD_DELTAE_V3_OFF_20260114,24051,3160,52000,164.3
TXSD_DELTAE_V3_OFF_20260114,24061,3156,51300,161.9
TXSD_DELTAE_V3_OFF_20260114,24071,3156,51700,163.2
TXSD_DELTAE_V3_OFF_20260114,24081,3156,51600,162.8
TXSD_DELTAE_V3_OFF_20260114,24091,3156,51300,161.9
TXSD_DELTAE_V3_OFF_20260114,24101,3156,51900,163.8
TXSD_DELTAE_V3_OFF_20260114,24111,3160,51100,161.5
TXSD_DELTAE_V3_OFF_20260114,24121,3160,52000,164.3
TXSD_DELTAE_V3_OFF_20260114,24131,3156,51000,161.0
TXSD_DELTAE_V3_OFF_20260114,24141,3160,52100,164.6
TXSD_DELTAE_V3_OFF_20260114,24151,3156,51000,161.0
TXSD_DELTAE_V3_OFF_20260114,24161,3160,52200,165.0
TXSD_DELTAE_V3_OFF_20260114,24171,3156,51100,161.3
TXSD_DELTAE_V3_OFF_20260114,24181,3160,52100,164.6
TXSD_DELTAE_V3_OFF_20260114,24191,3156,51100,161.3
TXSD_DELTAE_V3_OFF_20260114,24201,3160,51900,164.0
TXSD_DELTAE_V3_OFF_20260114,24211,3156,51300,161.9
TXSD_DELTAE_V3_OFF_20260114,24221,3160,51500,162.7
TXSD_DELTAE_V3_OFF_20260114,24231,3156,51700,163.2
TXSD_DELTAE_V3_OFF_20260114,24241,3156,51300,161.9
TXSD_DELTAE_V3_OFF_20260114,24251,3156,51900,163.8
TXSD_DELTAE_V3_OFF_20260114,24261,3156,51100,161.3
TXSD_DELTAE_V3_OFF_20260114,24271,3160,52000,164.3
TXSD_DELTAE_V3_OFF_20260114,24281,3156,51100,161.3
TXSD_DELTAE_V3_OFF_20260114,24291,3160,52200,165.0
TXSD_DELTAE_V3_OFF_20260114,24301,3156,51000,161.0
TXSD_DELTAE_V3_OFF_20260114,24311,3160,52200,165.0
TXSD_DELTAE_V3_OFF_20260114,24321,3156,51100,161.3
TXSD_DELTAE_V3_OFF_20260114,24331,3160,52000,164.3
TXSD_DELTAE_V3_OFF_20260114,24341,3156,51200,161.6
TXSD_DELTAE_V3_OFF_20260114,24351,3160,51800,163.7
TXSD_DELTAE_V3_OFF_20260114,24361,3156,51500,162.5
TXSD_DELTAE_V3_OFF_20260114,24371,3156,51400,162.2
TXSD_DELTAE_V3_OFF_20260114,24381,3160,51800,163.7
TXSD_DELTAE_V3_OFF_20260114,24391,3156,51200,161.6
TXSD_DELTAE_V3_OFF_20260114,24401,3160,52000,164.3
TXSD_DELTAE_V3_OFF_20260114,24411,3156,51000,161.0
TXSD_DELTAE_V3_OFF_20260114,24421,3160,52100,164.6
TXSD_DELTAE_V3_OFF_20260114,24431,3156,51000,161.0
TXSD_DELTAE_V3_OFF_20260114,24441,3160,52200,165.0
TXSD_DELTAE_V3_OFF_20260114,24451,3152,51100,161.1
TXSD_DELTAE_V3_OFF_20260114,24461,3160,52100,164.6
TXSD_DELTAE_V3_OFF_20260114,24471,3156,51100,161.3
TXSD_DELTAE_V3_OFF_20260114,24481,3160,51900,164.0
TXSD_DELTAE_V3_OFF_20260114,24491,3156,51300,161.9
TXSD_DELTAE_V3_OFF_20260114,24501,3160,51700,163.4
TXSD_DELTAE_V3_OFF_20260114,24511,3156,51600,162.8
TXSD_DELTAE_V3_OFF_20260114,24521,3156,51300,161.9
TXSD_DELTAE_V3_OFF_20260114,24531,3160,51900,164.0
TXSD_DELTAE_V3_OFF_20260114,24541,3156,51100,161.3
TXSD_DELTAE_V3_OFF_20260114,24551,3160,52000,164.3
TXSD_DELTAE_V3_OFF_20260114,24561,3156,51000,161.0
TXSD_DELTAE_V3_OFF_20260114,24571,3160,52200,165.0
TXSD_DELTAE_V3_OFF_20260114,24581,3156,50900,160.6
TXSD_DELTAE_V3_OFF_20260114,24591,3160,52200,165.0
TXSD_DELTAE_V3_OFF_20260114,24601,3156,51200,161.6
TXSD_DELTAE_V3_OFF_20260114,24611,3160,52000,164.3
TXSD_DELTAE_V3_OFF_20260114,24621,3156,51100,161.3
TXSD_DELTAE_V3_OFF_20260114,24631,3160,51900,164.0
TXSD_DELTAE_V3_OFF_20260114,24641,3156,51300,161.9
TXSD_DELTAE_V3_OFF_20260114,24651,3160,51600,163.1
TXSD_DELTAE_V3_OFF_20260114,24661,3156,51700,163.2
TXSD_DELTAE_V3_OFF_20260114,24671,3156,51300,161.9
TXSD_DELTAE_V3_OFF_20260114,24681,3156,52000,164.1
TXSD_DELTAE_V3_OFF_20260114,24691,3156,51100,161.3
TXSD_DELTAE_V3_OFF_20260114,24701,3160,52100,164.6
TXSD_DELTAE_V3_OFF_20260114,24711,3156,51100,161.3
TXSD_DELTAE_V3_OFF_20260114,24721,3160,52200,165.0
TXSD_DELTAE_V3_OFF_20260114,24731,3156,51000,161.0
TXSD_DELTAE_V3_OFF_20260114,24741,3160,52200,165.0
TXSD_DELTAE_V3_OFF_20260114,24751,3156,51100,161.3
TXSD_DELTAE_V3_OFF_20260114,24761,3156,52000,164.1
TXSD_DELTAE_V3_OFF_20260114,24771,3156,51200,161.6
TXSD_DELTAE_V3_OFF_20260114,24781,3156,51900,163.8
TXSD_DELTAE_V3_OFF_20260114,24791,3156,51500,162.5
TXSD_DELTAE_V3_OFF_20260114,24801,3156,51500,162.5
TXSD_DELTAE_V3_OFF_20260114,24811,3156,51800,163.5
TXSD_DELTAE_V3_OFF_20260114,24821,3156,51200,161.6
TXSD_DELTAE_V3_OFF_20260114,24831,3160,52000,164.3
TXSD_DELTAE_V3_OFF_20260114,24841,3156,51100,161.3
TXSD_DELTAE_V3_OFF_20260114,24851,3160,52100,164.6
TXSD_DELTAE_V3_OFF_20260114,24861,3156,50900,160.6
TXSD_DELTAE_V3_OFF_20260114,24871,3160,52200,165.0
TXSD_DELTAE_V3_OFF_20260114,24881,3156,51100,161.3
TXSD_DELTAE_V3_OFF_20260114,24891,3160,52000,164.3
TXSD_DELTAE_V3_OFF_20260114,24901,3156,51100,161.3
TXSD_DELTAE_V3_OFF_20260114,24911,3160,51900,164.0
TXSD_DELTAE_V3_OFF_20260114,24921,3156,51300,161.9
TXSD_DELTAE_V3_OFF_20260114,24931,3156,51600,162.8
TXSD_DELTAE_V3_OFF_20260114,24941,3156,51500,162.5
TXSD_DELTAE_V3_OFF_20260114,24951,3160,51300,162.1
TXSD_DELTAE_V3_OFF_20260114,24961,3160,51900,164.0
TXSD_DELTAE_V3_OFF_20260114,24971,3156,51100,161.3
TXSD_DELTAE_V3_OFF_20260114,24981,3160,52100,164.6
TXSD_DELTAE_V3_OFF_20260114,24991,3156,51000,161.0
TXSD_DELTAE_V3_OFF_20260114,25001,3160,52100,164.6
TXSD_DELTAE_V3_OFF_20260114,25011,3156,50900,160.6
TXSD_DELTAE_V3_OFF_20260114,25021,3160,52200,165.0
TXSD_DELTAE_V3_OFF_20260114,25031,3156,51100,161.3
TXSD_DELTAE_V3_OFF_20260114,25041,3160,52000,164.3
TXSD_DELTAE_V3_OFF_20260114,25051,3156,51200,161.6
TXSD_DELTAE_V3_OFF_20260114,25061,3160,51900,164.0
TXSD_DELTAE_V3_OFF_20260114,25071,3156,51400,162.2
TXSD_DELTAE_V3_OFF_20260114,25081,3156,51500,162.5
TXSD_DELTAE_V3_OFF_20260114,25091,3156,51700,163.2
TXSD_DELTAE_V3_OFF_20260114,25101,3156,51300,161.9
TXSD_DELTAE_V3_OFF_20260114,25111,3156,51900,163.8
TXSD_DELTAE_V3_OFF_20260114,25121,3156,51100,161.3
TXSD_DELTAE_V3_OFF_20260114,25131,3160,52100,164.6
TXSD_DELTAE_V3_OFF_20260114,25141,3156,51000,161.0
TXSD_DELTAE_V3_OFF_20260114,25151,3160,52200,165.0
TXSD_DELTAE_V3_OFF_20260114,25161,3152,51000,160.8
TXSD_DELTAE_V3_OFF_20260114,25171,3160,52100,164.6
TXSD_DELTAE_V3_OFF_20260114,25181,3156,51100,161.3
TXSD_DELTAE_V3_OFF_20260114,25191,3160,52000,164.3
TXSD_DELTAE_V3_OFF_20260114,25201,3156,51300,161.9
TXSD_DELTAE_V3_OFF_20260114,25211,3160,51700,163.4
TXSD_DELTAE_V3_OFF_20260114,25221,3156,51500,162.5
TXSD_DELTAE_V3_OFF_20260114,25231,3156,51400,162.2
TXSD_DELTAE_V3_OFF_20260114,25241,3160,51900,164.0
TXSD_DELTAE_V3_OFF_20260114,25251,3156,51200,161.6
TXSD_DELTAE_V3_OFF_20260114,25261,3160,52000,164.3
TXSD_DELTAE_V3_OFF_20260114,25271,3156,51100,161.3
TXSD_DELTAE_V3_OFF_20260114,25281,3160,52100,164.6
TXSD_DELTAE_V3_OFF_20260114,25291,3156,51000,161.0
TXSD_DELTAE_V3_OFF_20260114,25301,3156,52200,164.7
TXSD_DELTAE_V3_OFF_20260114,25311,3156,51100,161.3
TXSD_DELTAE_V3_OFF_20260114,25321,3160,52100,164.6
TXSD_DELTAE_V3_OFF_20260114,25331,3156,51200,161.6
TXSD_DELTAE_V3_OFF_20260114,25341,3156,51900,163.8
TXSD_DELTAE_V3_OFF_20260114,25351,3156,51200,161.6
TXSD_DELTAE_V3_OFF_20260114,25361,3156,51600,162.8
TXSD_DELTAE_V3_OFF_20260114,25371,3156,51600,162.8
TXSD_DELTAE_V3_OFF_20260114,25381,3156,51300,161.9
TXSD_DELTAE_V3_OFF_20260114,25391,3156,51900,163.8
TXSD_DELTAE_V3_OFF_20260114,25401,3156,51100,161.3
TXSD_DELTAE_V3_OFF_20260114,25411,3160,52000,164.3
TXSD_DELTAE_V3_OFF_20260114,25421,3156,51000,161.0
TXSD_DELTAE_V3_OFF_20260114,25431,3160,52200,165.0
TXSD_DELTAE_V3_OFF_20260114,25441,3156,51000,161.0
TXSD_DELTAE_V3_OFF_20260114,25451,3160,52100,164.6
TXSD_DELTAE_V3_OFF_20260114,25461,3156,51100,161.3
TXSD_DELTAE_V3_OFF_20260114,25471,3156,52000,164.1
TXSD_DELTAE_V3_OFF_20260114,25481,3156,51200,161.6
TXSD_DELTAE_V3_OFF_20260114,25491,3160,51900,164.0
TXSD_DELTAE_V3_OFF_20260114,25501,3156,51300,161.9
TXSD_DELTAE_V3_OFF_20260114,25511,3156,51500,162.5
TXSD_DELTAE_V3_OFF_20260114,25521,3156,51700,163.2
TXSD_DELTAE_V3_OFF_20260114,25531,3156,51300,161.9
TXSD_DELTAE_V3_OFF_20260114,25541,3160,52000,164.3
TXSD_DELTAE_V3_OFF_20260114,25551,3156,51100,161.3
TXSD_DELTAE_V3_OFF_20260114,25561,3160,52100,164.6
TXSD_DELTAE_V3_OFF_20260114,25571,3156,51000,161.0
TXSD_DELTAE_V3_OFF_20260114,25581,3160,52200,165.0
TXSD_DELTAE_V3_OFF_20260114,25591,3156,51000,161.0
TXSD_DELTAE_V3_OFF_20260114,25601,3160,52100,164.6
TXSD_DELTAE_V3_OFF_20260114,25611,3156,51100,161.3
TXSD_DELTAE_V3_OFF_20260114,25621,3160,51900,164.0
TXSD_DELTAE_V3_OFF_20260114,25631,3156,51300,161.9
TXSD_DELTAE_V3_OFF_20260114,25641,3160,51800,163.7
TXSD_DELTAE_V3_OFF_20260114,25651,3156,51500,162.5
TXSD_DELTAE_V3_OFF_20260114,25661,3156,51400,162.2
TXSD_DELTAE_V3_OFF_20260114,25671,3160,51800,163.7
TXSD_DELTAE_V3_OFF_20260114,25681,3156,51200,161.6
TXSD_DELTAE_V3_OFF_20260114,25691,3160,52000,164.3
TXSD_DELTAE_V3_OFF_20260114,25701,3156,51100,161.3
TXSD_DELTAE_V3_OFF_20260114,25711,3160,52100,164.6
TXSD_DELTAE_V3_OFF_20260114,25721,3156,50900,160.6
TXSD_DELTAE_V3_OFF_20260114,25731,3160,52100,164.6
TXSD_DELTAE_V3_OFF_20260114,25741,3156,51100,161.3
TXSD_DELTAE_V3_OFF_20260114,25751,3160,52000,164.3
TXSD_DELTAE_V3_OFF_20260114,25761,3156,51200,161.6
TXSD_DELTAE_V3_OFF_20260114,25771,3160,51900,164.0
TXSD_DELTAE_V3_OFF_20260114,25781,3156,51200,161.6
TXSD_DELTAE_V3_OFF_20260114,25791,3160,51600,163.1
TXSD_DELTAE_V3_OFF_20260114,25801,3156,51600,162.8
TXSD_DELTAE_V3_OFF_20260114,25811,3156,51300,161.9
TXSD_DELTAE_V3_OFF_20260114,25821,3156,51900,163.8
TXSD_DELTAE_V3_OFF_20260114,25831,3156,51100,161.3
TXSD_DELTAE_V3_OFF_20260114,25841,3160,52000,164.3
TXSD_DELTAE_V3_OFF_20260114,25851,3156,51000,161.0
TXSD_DELTAE_V3_OFF_20260114,25861,3160,52100,164.6
TXSD_DELTAE_V3_OFF_20260114,25871,3156,50900,160.6
TXSD_DELTAE_V3_OFF_20260114,25881,3160,52200,165.0
TXSD_DELTAE_V3_OFF_20260114,25891,3156,51200,161.6
TXSD_DELTAE_V3_OFF_20260114,25901,3160,52000,164.3
TXSD_DELTAE_V3_OFF_20260114,25911,3156,51200,161.6
TXSD_DELTAE_V3_OFF_20260114,25921,3160,51900,164.0
TXSD_DELTAE_V3_OFF_20260114,25931,3156,51300,161.9
TXSD_DELTAE_V3_OFF_20260114,25941,3156,51500,162.5
TXSD_DELTAE_V3_OFF_20260114,25951,3156,51700,163.2
TXSD_DELTAE_V3_OFF_20260114,25961,3156,51300,161.9
TXSD_DELTAE_V3_OFF_20260114,25971,3160,52000,164.3
TXSD_DELTAE_V3_OFF_20260114,25981,3156,51000,161.0
TXSD_DELTAE_V3_OFF_20260114,25991,3160,52100,164.6
TXSD_DELTAE_V3_OFF_20260114,26001,3156,51000,161.0
TXSD_DELTAE_V3_OFF_20260114,26011,3160,52200,165.0
TXSD_DELTAE_V3_OFF_20260114,26021,3156,51100,161.3
TXSD_DELTAE_V3_OFF_20260114,26031,3160,52100,164.6
TXSD_DELTAE_V3_OFF_20260114,26041,3156,51100,161.3
TXSD_DELTAE_V3_OFF_20260114,26051,3160,52000,164.3
TXSD_DELTAE_V3_OFF_20260114,26061,3156,51300,161.9
TXSD_DELTAE_V3_OFF_20260114,26071,3160,51800,163.7
TXSD_DELTAE_V3_OFF_20260114,26081,3156,51500,162.5
TXSD_DELTAE_V3_OFF_20260114,26091,3156,51400,162.2
TXSD_DELTAE_V3_OFF_20260114,26101,3160,51800,163.7
TXSD_DELTAE_V3_OFF_20260114,26111,3156,51200,161.6
TXSD_DELTAE_V3_OFF_20260114,26121,3160,52000,164.3
TXSD_DELTAE_V3_OFF_20260114,26131,3156,51000,161.0
TXSD_DELTAE_V3_OFF_20260114,26141,3160,52100,164.6
TXSD_DELTAE_V3_OFF_20260114,26151,3156,51000,161.0
TXSD_DELTAE_V3_OFF_20260114,26161,3160,52200,165.0
TXSD_DELTAE_V3_OFF_20260114,26171,3156,51100,161.3
TXSD_DELTAE_V3_OFF_20260114,26181,3160,52100,164.6
TXSD_DELTAE_V3_OFF_20260114,26191,3156,51100,161.3
TXSD_DELTAE_V3_OFF_20260114,26201,3160,52000,164.3
TXSD_DELTAE_V3_OFF_20260114,26211,3156,51300,161.9
TXSD_DELTAE_V3_OFF_20260114,26221,3156,51700,163.2
TXSD_DELTAE_V3_OFF_20260114,26231,3156,51600,162.8
TXSD_DELTAE_V3_OFF_20260114,26241,3156,51300,161.9
TXSD_DELTAE_V3_OFF_20260114,26251,3160,51900,164.0
TXSD_DELTAE_V3_OFF_20260114,26261,3156,51200,161.6
TXSD_DELTAE_V3_OFF_20260114,26271,3160,52100,164.6
TXSD_DELTAE_V3_OFF_20260114,26281,3156,51000,161.0
TXSD_DELTAE_V3_OFF_20260114,26291,3160,52200,165.0
TXSD_DELTAE_V3_OFF_20260114,26301,3156,51000,161.0
TXSD_DELTAE_V3_OFF_20260114,26311,3160,52200,165.0
TXSD_DELTAE_V3_OFF_20260114,26321,3156,51200,161.6
TXSD_DELTAE_V3_OFF_20260114,26331,3160,52000,164.3
TXSD_DELTAE_V3_OFF_20260114,26341,3156,51100,161.3
TXSD_DELTAE_V3_OFF_20260114,26351,3160,51900,164.0
TXSD_DELTAE_V3_OFF_20260114,26361,3156,51400,162.2
TXSD_DELTAE_V3_OFF_20260114,26371,3156,51500,162.5
TXSD_DELTAE_V3_OFF_20260114,26381,3156,51800,163.5
TXSD_DELTAE_V3_OFF_20260114,26391,3156,51300,161.9
TXSD_DELTAE_V3_OFF_20260114,26401,3160,52000,164.3
TXSD_DELTAE_V3_OFF_20260114,26411,3156,51100,161.3
TXSD_DELTAE_V3_OFF_20260114,26421,3160,52100,164.6
TXSD_DELTAE_V3_OFF_20260114,26431,3156,51000,161.0
TXSD_DELTAE_V3_OFF_20260114,26441,3160,52200,165.0
TXSD_DELTAE_V3_OFF_20260114,26451,3156,51100,161.3
TXSD_DELTAE_V3_OFF_20260114,26461,3160,52200,165.0
TXSD_DELTAE_V3_OFF_20260114,26471,3156,51100,161.3
TXSD_DELTAE_V3_OFF_20260114,26481,3156,52000,164.1
TXSD_DELTAE_V3_OFF_20260114,26491,3156,51300,161.9
TXSD_DELTAE_V3_OFF_20260114,26501,3156,51700,163.2
TXSD_DELTAE_V3_OFF_20260114,26511,3156,51500,162.5
TXSD_DELTAE_V3_OFF_20260114,26521,3156,51500,162.5
TXSD_DELTAE_V3_OFF_20260114,26531,3156,51900,163.8
TXSD_DELTAE_V3_OFF_20260114,26541,3156,51200,161.6
TXSD_DELTAE_V3_OFF_20260114,26551,3160,52000,164.3
TXSD_DELTAE_V3_OFF_20260114,26561,3156,51100,161.3
TXSD_DELTAE_V3_OFF_20260114,26571,3160,52100,164.6
TXSD_DELTAE_V3_OFF_20260114,26581,3156,51000,161.0
TXSD_DELTAE_V3_OFF_20260114,26591,3160,52200,165.0
TXSD_DELTAE_V3_OFF_20260114,26601,3156,51100,161.3
TXSD_DELTAE_V3_OFF_20260114,26611,3160,52000,164.3
TXSD_DELTAE_V3_OFF_20260114,26621,3156,51100,161.3
TXSD_DELTAE_V3_OFF_20260114,26631,3160,51900,164.0
TXSD_DELTAE_V3_OFF_20260114,26641,3156,51300,161.9
TXSD_DELTAE_V3_OFF_20260114,26651,3160,51600,163.1
TXSD_DELTAE_V3_OFF_20260114,26661,3156,51700,163.2
TXSD_DELTAE_V3_OFF_20260114,26671,3156,51300,161.9
TXSD_DELTAE_V3_OFF_20260114,26681,3160,51900,164.0
TXSD_DELTAE_V3_OFF_20260114,26691,3156,51100,161.3
TXSD_DELTAE_V3_OFF_20260114,26701,3160,52000,164.3
TXSD_DELTAE_V3_OFF_20260114,26711,3156,51000,161.0
TXSD_DELTAE_V3_OFF_20260114,26721,3160,52200,165.0
TXSD_DELTAE_V3_OFF_20260114,26731,3156,51000,161.0
TXSD_DELTAE_V3_OFF_20260114,26741,3160,52200,165.0
TXSD_DELTAE_V3_OFF_20260114,26751,3156,51200,161.6
TXSD_DELTAE_V3_OFF_20260114,26761,3160,51900,164.0
TXSD_DELTAE_V3_OFF_20260114,26771,3156,51200,161.6
TXSD_DELTAE_V3_OFF_20260114,26781,3156,51800,163.5
TXSD_DELTAE_V3_OFF_20260114,26791,3156,51400,162.2
TXSD_DELTAE_V3_OFF_20260114,26801,3160,51500,162.7
TXSD_DELTAE_V3_OFF_20260114,26811,3156,51700,163.2
TXSD_DELTAE_V3_OFF_20260114,26821,3156,51200,161.6
TXSD_DELTAE_V3_OFF_20260114,26831,3160,51900,164.0
TXSD_DELTAE_V3_OFF_20260114,26841,3156,51100,161.3
TXSD_DELTAE_V3_OFF_20260114,26851,3160,52100,164.6
TXSD_DELTAE_V3_OFF_20260114,26861,3156,50900,160.6
TXSD_DELTAE_V3_OFF_20260114,26871,3160,52200,165.0
TXSD_DELTAE_V3_OFF_20260114,26881,3156,51000,161.0
TXSD_DELTAE_V3_OFF_20260114,26891,3160,52100,164.6
TXSD_DELTAE_V3_OFF_20260114,26901,3156,51100,161.3
TXSD_DELTAE_V3_OFF_20260114,26911,3160,52000,164.3
TXSD_DELTAE_V3_OFF_20260114,26921,3156,51200,161.6
TXSD_DELTAE_V3_OFF_20260114,26931,3160,51700,163.4
TXSD_DELTAE_V3_OFF_20260114,26941,3156,51600,162.8
TXSD_DELTAE_V3_OFF_20260114,26951,3156,51400,162.2
TXSD_DELTAE_V3_OFF_20260114,26961,3156,51900,163.8
TXSD_DELTAE_V3_OFF_20260114,26971,3156,51200,161.6
TXSD_DELTAE_V3_OFF_20260114,26981,3156,52000,164.1
TXSD_DELTAE_V3_OFF_20260114,26991,3156,51000,161.0
TXSD_DELTAE_V3_OFF_20260114,27001,3160,52100,164.6
TXSD_DELTAE_V3_OFF_20260114,27011,3156,51000,161.0
TXSD_DELTAE_V3_OFF_20260114,27021,3160,52200,165.0
TXSD_DELTAE_V3_OFF_20260114,27031,3156,51200,161.6
TXSD_DELTAE_V3_OFF_20260114,27041,3160,52000,164.3
TXSD_DELTAE_V3_OFF_20260114,27051,3156,51100,161.3
TXSD_DELTAE_V3_OFF_20260114,27061,3156,51900,163.8
TXSD_DELTAE_V3_OFF_20260114,27071,3156,51300,161.9
TXSD_DELTAE_V3_OFF_20260114,27081,3160,51600,163.1
TXSD_DELTAE_V3_OFF_20260114,27091,3156,51700,163.2
TXSD_DELTAE_V3_OFF_20260114,27101,3156,51200,161.6
TXSD_DELTAE_V3_OFF_20260114,27111,3160,52000,164.3
TXSD_DELTAE_V3_OFF_20260114,27121,3156,51100,161.3
TXSD_DELTAE_V3_OFF_20260114,27131,3156,52100,164.4
TXSD_DELTAE_V3_OFF_20260114,27141,3156,51100,161.3
TXSD_DELTAE_V3_OFF_20260114,27151,3160,52100,164.6
TXSD_DELTAE_V3_OFF_20260114,27161,3156,51000,161.0
TXSD_DELTAE_V3_OFF_20260114,27171,3160,52200,165.0
TXSD_DELTAE_V3_OFF_20260114,27181,3156,51200,161.6
TXSD_DELTAE_V3_OFF_20260114,27191,3160,51900,164.0
TXSD_DELTAE_V3_OFF_20260114,27201,3156,51200,161.6
TXSD_DELTAE_V3_OFF_20260114,27211,3160,51900,164.0
TXSD_DELTAE_V3_OFF_20260114,27221,3156,51400,162.2
TXSD_DELTAE_V3_OFF_20260114,27231,3156,51500,162.5
TXSD_DELTAE_V3_OFF_20260114,27241,3160,51800,163.7
TXSD_DELTAE_V3_OFF_20260114,27251,3156,51200,161.6
TXSD_DELTAE_V3_OFF_20260114,27261,3160,52000,164.3
TXSD_DELTAE_V3_OFF_20260114,27271,3156,51000,161.0
TXSD_DELTAE_V3_OFF_20260114,27281,3160,52100,164.6
TXSD_DELTAE_V3_OFF_20260114,27291,3152,50900,160.4
TXSD_DELTAE_V3_OFF_20260114,27301,3160,52200,165.0
TXSD_DELTAE_V3_OFF_20260114,27311,3156,51000,161.0
TXSD_DELTAE_V3_OFF_20260114,27321,3160,52100,164.6
TXSD_DELTAE_V3_OFF_20260114,27331,3156,51100,161.3
TXSD_DELTAE_V3_OFF_20260114,27341,3160,51900,164.0
TXSD_DELTAE_V3_OFF_20260114,27351,3156,51300,161.9
TXSD_DELTAE_V3_OFF_20260114,27361,3160,51700,163.4
TXSD_DELTAE_V3_OFF_20260114,27371,3156,51600,162.8
TXSD_DELTAE_V3_OFF_20260114,27381,3156,51400,162.2
TXSD_DELTAE_V3_OFF_20260114,27391,3160,51800,163.7
TXSD_DELTAE_V3_OFF_20260114,27401,3156,51200,161.6
TXSD_DELTAE_V3_OFF_20260114,27411,3156,52100,164.4
TXSD_DELTAE_V3_OFF_20260114,27421,3156,51000,161.0
TXSD_DELTAE_V3_OFF_20260114,27431,3160,52100,164.6
TXSD_DELTAE_V3_OFF_20260114,27441,3156,50900,160.6
TXSD_DELTAE_V3_OFF_20260114,27451,3160,52100,164.6
TXSD_DELTAE_V3_OFF_20260114,27461,3156,51100,161.3
TXSD_DELTAE_V3_OFF_20260114,27471,3160,52000,164.3
TXSD_DELTAE_V3_OFF_20260114,27481,3156,51200,161.6
TXSD_DELTAE_V3_OFF_20260114,27491,3160,51900,164.0
TXSD_DELTAE_V3_OFF_20260114,27501,3156,51300,161.9
TXSD_DELTAE_V3_OFF_20260114,27511,3160,51500,162.7
TXSD_DELTAE_V3_OFF_20260114,27521,3156,51700,163.2
TXSD_DELTAE_V3_OFF_20260114,27531,3156,51300,161.9
TXSD_DELTAE_V3_OFF_20260114,27541,3156,51900,163.8
TXSD_DELTAE_V3_OFF_20260114,27551,3156,51100,161.3
TXSD_DELTAE_V3_OFF_20260114,27561,3160,52100,164.6
TXSD_DELTAE_V3_OFF_20260114,27571,3156,51100,161.3
TXSD_DELTAE_V3_OFF_20260114,27581,3160,52100,164.6
TXSD_DELTAE_V3_OFF_20260114,27591,3156,51000,161.0
TXSD_DELTAE_V3_OFF_20260114,27601,3160,52200,165.0
TXSD_DELTAE_V3_OFF_20260114,27611,3156,51200,161.6
TXSD_DELTAE_V3_OFF_20260114,27621,3160,52000,164.3
TXSD_DELTAE_V3_OFF_20260114,27631,3156,51200,161.6
TXSD_DELTAE_V3_OFF_20260114,27641,3160,51800,163.7
TXSD_DELTAE_V3_OFF_20260114,27651,3156,51400,162.2
TXSD_DELTAE_V3_OFF_20260114,27661,3156,51400,162.2
TXSD_DELTAE_V3_OFF_20260114,27671,3156,51800,163.5
TXSD_DELTAE_V3_OFF_20260114,27681,3156,51200,161.6
TXSD_DELTAE_V3_OFF_20260114,27691,3156,52000,164.1
TXSD_DELTAE_V3_OFF_20260114,27701,3156,51100,161.3
TXSD_DELTAE_V3_OFF_20260114,27711,3160,52100,164.6
TXSD_DELTAE_V3_OFF_20260114,27721,3156,51000,161.0
TXSD_DELTAE_V3_OFF_20260114,27731,3160,52200,165.0
TXSD_DELTAE_V3_OFF_20260114,27741,3156,51100,161.3
TXSD_DELTAE_V3_OFF_20260114,27751,3160,52100,164.6
TXSD_DELTAE_V3_OFF_20260114,27761,3156,51200,161.6
TXSD_DELTAE_V3_OFF_20260114,27771,3160,51900,164.0
TXSD_DELTAE_V3_OFF_20260114,27781,3156,51200,161.6
TXSD_DELTAE_V3_OFF_20260114,27791,3160,51600,163.1
TXSD_DELTAE_V3_OFF_20260114,27801,3156,51600,162.8
TXSD_DELTAE_V3_OFF_20260114,27811,3156,51400,162.2
TXSD_DELTAE_V3_OFF_20260114,27821,3156,51800,163.5
TXSD_DELTAE_V3_OFF_20260114,27831,3156,51200,161.6
TXSD_DELTAE_V3_OFF_20260114,27841,3160,52000,164.3
TXSD_DELTAE_V3_OFF_20260114,27851,3156,51100,161.3
TXSD_DELTAE_V3_OFF_20260114,27861,3160,52100,164.6
TXSD_DELTAE_V3_OFF_20260114,27871,3156,51000,161.0
TXSD_DELTAE_V3_OFF_20260114,27881,3160,52200,165.0
TXSD_DELTAE_V3_OFF_20260114,27891,3156,51100,161.3
TXSD_DELTAE_V3_OFF_20260114,27901,3160,52000,164.3
TXSD_DELTAE_V3_OFF_20260114,27911,3156,51100,161.3
TXSD_DELTAE_V3_OFF_20260114,27921,3160,51900,164.0
TXSD_DELTAE_V3_OFF_20260114,27931,3156,51300,161.9
TXSD_DELTAE_V3_OFF_20260114,27941,3156,51600,162.8
TXSD_DELTAE_V3_OFF_20260114,27951,3156,51700,163.2
TXSD_DELTAE_V3_OFF_20260114,27961,3156,51300,161.9
TXSD_DELTAE_V3_OFF_20260114,27971,3160,52000,164.3
TXSD_DELTAE_V3_OFF_20260114,27981,3156,51100,161.3
TXSD_DELTAE_V3_OFF_20260114,27991,3156,52000,164.1
TXSD_DELTAE_V3_OFF_20260114,28001,3156,51000,161.0
TXSD_DELTAE_V3_OFF_20260114,28011,3160,52100,164.6
TXSD_DELTAE_V3_OFF_20260114,28021,3156,51000,161.0
TXSD_DELTAE_V3_OFF_20260114,28031,3160,52100,164.6
TXSD_DELTAE_V3_OFF_20260114,28041,3156,51200,161.6
TXSD_DELTAE_V3_OFF_20260114,28051,3160,52000,164.3
TXSD_DELTAE_V3_OFF_20260114,28061,3156,51200,161.6
TXSD_DELTAE_V3_OFF_20260114,28071,3160,51800,163.7
TXSD_DELTAE_V3_OFF_20260114,28081,3156,51500,162.5
TXSD_DELTAE_V3_OFF_20260114,28091,3156,51500,162.5
TXSD_DELTAE_V3_OFF_20260114,28101,3156,51700,163.2
TXSD_DELTAE_V3_OFF_20260114,28111,3156,51300,161.9
TXSD_DELTAE_V3_OFF_20260114,28121,3160,52000,164.3
TXSD_DELTAE_V3_OFF_20260114,28131,3156,51100,161.3
TXSD_DELTAE_V3_OFF_20260114,28141,3160,52100,164.6
TXSD_DELTAE_V3_OFF_20260114,28151,3156,51000,161.0
TXSD_DELTAE_V3_OFF_20260114,28161,3160,52200,165.0
TXSD_DELTAE_V3_OFF_20260114,28171,3152,51100,161.1
TXSD_DELTAE_V3_OFF_20260114,28181,3160,52000,164.3
TXSD_DELTAE_V3_OFF_20260114,28191,3156,51100,161.3
TXSD_DELTAE_V3_OFF_20260114,28201,3160,52000,164.3
TXSD_DELTAE_V3_OFF_20260114,28211,3156,51200,161.6
TXSD_DELTAE_V3_OFF_20260114,28221,3160,51700,163.4
TXSD_DELTAE_V3_OFF_20260114,28231,3156,51600,162.8
TXSD_DELTAE_V3_OFF_20260114,28241,3156,51300,161.9
TXSD_DELTAE_V3_OFF_20260114,28251,3160,51900,164.0
TXSD_DELTAE_V3_OFF_20260114,28261,3156,51200,161.6
TXSD_DELTAE_V3_OFF_20260114,28271,3160,52000,164.3
TXSD_DELTAE_V3_OFF_20260114,28281,3156,51000,161.0
TXSD_DELTAE_V3_OFF_20260114,28291,3160,52100,164.6
TXSD_DELTAE_V3_OFF_20260114,28301,3156,51000,161.0
TXSD_DELTAE_V3_OFF_20260114,28311,3160,52200,165.0
TXSD_DELTAE_V3_OFF_20260114,28321,3156,51200,161.6
TXSD_DELTAE_V3_OFF_20260114,28331,3160,52000,164.3
TXSD_DELTAE_V3_OFF_20260114,28341,3156,51200,161.6
TXSD_DELTAE_V3_OFF_20260114,28351,3160,51900,164.0
TXSD_DELTAE_V3_OFF_20260114,28361,3156,51300,161.9
TXSD_DELTAE_V3_OFF_20260114,28371,3156,51600,162.8
TXSD_DELTAE_V3_OFF_20260114,28381,3156,51700,163.2
TXSD_DELTAE_V3_OFF_20260114,28391,3156,51300,161.9
TXSD_DELTAE_V3_OFF_20260114,28401,3156,52000,164.1
TXSD_DELTAE_V3_OFF_20260114,28411,3156,51100,161.3
TXSD_DELTAE_V3_OFF_20260114,28421,3160,52100,164.6
TXSD_DELTAE_V3_OFF_20260114,28431,3156,51000,161.0
TXSD_DELTAE_V3_OFF_20260114,28441,3160,52100,164.6
TXSD_DELTAE_V3_OFF_20260114,28451,3156,51000,161.0
TXSD_DELTAE_V3_OFF_20260114,28461,3160,52100,164.6
TXSD_DELTAE_V3_OFF_20260114,28471,3156,51200,161.6
TXSD_DELTAE_V3_OFF_20260114,28481,3160,52000,164.3
TXSD_DELTAE_V3_OFF_20260114,28491,3156,51200,161.6
TXSD_DELTAE_V3_OFF_20260114,28501,3160,51800,163.7
TXSD_DELTAE_V3_OFF_20260114,28511,3156,51500,162.5
TXSD_DELTAE_V3_OFF_20260114,28521,3156,51400,162.2
TXSD_DELTAE_V3_OFF_20260114,28531,3156,51800,163.5
TXSD_DELTAE_V3_OFF_20260114,28541,3156,51200,161.6
TXSD_DELTAE_V3_OFF_20260114,28551,3156,52000,164.1
TXSD_DELTAE_V3_OFF_20260114,28561,3156,51000,161.0
TXSD_DELTAE_V3_OFF_20260114,28571,3160,52000,164.3
TXSD_DELTAE_V3_OFF_20260114,28581,3156,50900,160.6
TXSD_DELTAE_V3_OFF_20260114,28591,3160,52200,165.0
TXSD_DELTAE_V3_OFF_20260114,28601,3156,51100,161.3
TXSD_DELTAE_V3_OFF_20260114,28611,3160,52100,164.6
TXSD_DELTAE_V3_OFF_20260114,28621,3156,51200,161.6
TXSD_DELTAE_V3_OFF_20260114,28631,3160,52000,164.3
TXSD_DELTAE_V3_OFF_20260114,28641,3156,51300,161.9
TXSD_DELTAE_V3_OFF_20260114,28651,3156,51700,163.2
TXSD_DELTAE_V3_OFF_20260114,28661,3156,51600,162.8
TXSD_DELTAE_V3_OFF_20260114,28671,3156,51300,161.9
TXSD_DELTAE_V3_OFF_20260114,28681,3156,51900,163.8
TXSD_DELTAE_V3_OFF_20260114,28691,3156,51200,161.6
TXSD_DELTAE_V3_OFF_20260114,28701,3160,52100,164.6
TXSD_DELTAE_V3_OFF_20260114,28711,3152,51100,161.1
TXSD_DELTAE_V3_OFF_20260114,28721,3160,52100,164.6
TXSD_DELTAE_V3_OFF_20260114,28731,3156,51000,161.0
TXSD_DELTAE_V3_OFF_20260114,28741,3156,52200,164.7
TXSD_DELTAE_V3_OFF_20260114,28751,3156,51200,161.6
TXSD_DELTAE_V3_OFF_20260114,28761,3160,52000,164.3
TXSD_DELTAE_V3_OFF_20260114,28771,3156,51200,161.6
TXSD_DELTAE_V3_OFF_20260114,28781,3160,51900,164.0
TXSD_DELTAE_V3_OFF_20260114,28791,3156,51300,161.9
TXSD_DELTAE_V3_OFF_20260114,28801,3156,51500,162.5
TXSD_DELTAE_V3_OFF_20260114,28811,3156,51700,163.2
TXSD_DELTAE_V3_OFF_20260114,28821,3156,51300,161.9
TXSD_DELTAE_V3_OFF_20260114,28831,3160,52000,164.3
TXSD_DELTAE_V3_OFF_20260114,28841,3152,51100,161.1
TXSD_DELTAE_V3_OFF_20260114,28851,3160,52100,164.6
TXSD_DELTAE_V3_OFF_20260114,28861,3156,51000,161.0
TXSD_DELTAE_V3_OFF_20260114,28871,3160,52200,165.0
TXSD_DELTAE_V3_OFF_20260114,28881,3156,51100,161.3
TXSD_DELTAE_V3_OFF_20260114,28891,3160,52100,164.6
TXSD_DELTAE_V3_OFF_20260114,28901,3156,51200,161.6
TXSD_DELTAE_V3_OFF_20260114,28911,3160,52000,164.3
TXSD_DELTAE_V3_OFF_20260114,28921,3156,51300,161.9
TXSD_DELTAE_V3_OFF_20260114,28931,3160,51900,164.0
TXSD_DELTAE_V3_OFF_20260114,28941,3156,51500,162.5
TXSD_DELTAE_V3_OFF_20260114,28951,3156,51400,162.2
TXSD_DELTAE_V3_OFF_20260114,28961,3156,51800,163.5
TXSD_DELTAE_V3_OFF_20260114,28971,3156,51200,161.6
TXSD_DELTAE_V3_OFF_20260114,28981,3156,52000,164.1
TXSD_DELTAE_V3_OFF_20260114,28991,3156,51000,161.0
TXSD_DELTAE_V3_OFF_20260114,29001,3160,52100,164.6
TXSD_DELTAE_V3_OFF_20260114,29011,3156,51000,161.0
TXSD_DELTAE_V3_OFF_20260114,29021,3160,52200,165.0
TXSD_DELTAE_V3_OFF_20260114,29031,3156,51100,161.3
TXSD_DELTAE_V3_OFF_20260114,29041,3160,52000,164.3
TXSD_DELTAE_V3_OFF_20260114,29051,3156,51100,161.3
TXSD_DELTAE_V3_OFF_20260114,29061,3160,52000,164.3
TXSD_DELTAE_V3_OFF_20260114,29071,3152,51200,161.4
TXSD_DELTAE_V3_OFF_20260114,29081,3160,51600,163.1
TXSD_DELTAE_V3_OFF_20260114,29091,3156,51600,162.8
TXSD_DELTAE_V3_OFF_20260114,29101,3156,51400,162.2
TXSD_DELTAE_V3_OFF_20260114,29111,3156,51900,163.8
TXSD_DELTAE_V3_OFF_20260114,29121,3156,51100,161.3
TXSD_DELTAE_V3_OFF_20260114,29131,3160,52000,164.3
TXSD_DELTAE_V3_OFF_20260114,29141,3156,51100,161.3
TXSD_DELTAE_V3_OFF_20260114,29151,3160,52200,165.0
TXSD_DELTAE_V3_OFF_20260114,29161,3156,51000,161.0
TXSD_DELTAE_V3_OFF_20260114,29171,3160,52200,165.0
TXSD_DELTAE_V3_OFF_20260114,29181,3156,51200,161.6
TXSD_DELTAE_V3_OFF_20260114,29191,3160,52000,164.3
TXSD_DELTAE_V3_OFF_20260114,29201,3156,51200,161.6
TXSD_DELTAE_V3_OFF_20260114,29211,3156,51900,163.8
TXSD_DELTAE_V3_OFF_20260114,29221,3156,51300,161.9
TXSD_DELTAE_V3_OFF_20260114,29231,3156,51500,162.5
TXSD_DELTAE_V3_OFF_20260114,29241,3156,51700,163.2
TXSD_DELTAE_V3_OFF_20260114,29251,3156,51300,161.9
TXSD_DELTAE_V3_OFF_20260114,29261,3156,52000,164.1
TXSD_DELTAE_V3_OFF_20260114,29271,3156,51100,161.3
TXSD_DELTAE_V3_OFF_20260114,29281,3160,52100,164.6
TXSD_DELTAE_V3_OFF_20260114,29291,3156,51000,161.0
TXSD_DELTAE_V3_OFF_20260114,29301,3160,52200,165.0
TXSD_DELTAE_V3_OFF_20260114,29311,3156,51000,161.0
TXSD_DELTAE_V3_OFF_20260114,29321,3160,52200,165.0
TXSD_DELTAE_V3_OFF_20260114,29331,3156,51200,161.6
TXSD_DELTAE_V3_OFF_20260114,29341,3160,52000,164.3
TXSD_DELTAE_V3_OFF_20260114,29351,3156,51300,161.9
TXSD_DELTAE_V3_OFF_20260114,29361,3160,51800,163.7
TXSD_DELTAE_V3_OFF_20260114,29371,3156,51500,162.5
TXSD_DELTAE_V3_OFF_20260114,29381,3156,51500,162.5
TXSD_DELTAE_V3_OFF_20260114,29391,3156,51900,163.8
TXSD_DELTAE_V3_OFF_20260114,29401,3156,51200,161.6
TXSD_DELTAE_V3_OFF_20260114,29411,3160,52000,164.3
TXSD_DELTAE_V3_OFF_20260114,29421,3152,51100,161.1
TXSD_DELTAE_V3_OFF_20260114,29431,3156,52200,164.7
TXSD_DELTAE_V3_OFF_20260114,29441,3156,51000,161.0
TXSD_DELTAE_V3_OFF_20260114,29451,3160,52100,164.6
TXSD_DELTAE_V3_OFF_20260114,29461,3156,51100,161.3
TXSD_DELTAE_V3_OFF_20260114,29471,3160,52100,164.6
TXSD_DELTAE_V3_OFF_20260114,29481,3156,51200,161.6
TXSD_DELTAE_V3_OFF_20260114,29491,3160,52000,164.3
TXSD_DELTAE_V3_OFF_20260114,29501,3156,51200,161.6
TXSD_DELTAE_V3_OFF_20260114,29511,3160,51600,163.1
TXSD_DELTAE_V3_OFF_20260114,29521,3156,51700,163.2
TXSD_DELTAE_V3_OFF_20260114,29531,3156,51300,161.9
TXSD_DELTAE_V3_OFF_20260114,29541,3160,51900,164.0
TXSD_DELTAE_V3_OFF_20260114,29551,3156,51100,161.3
TXSD_DELTAE_V3_OFF_20260114,29561,3160,52100,164.6
TXSD_DELTAE_V3_OFF_20260114,29571,3156,51100,161.3
TXSD_DELTAE_V3_OFF_20260114,29581,3160,52100,164.6
TXSD_DELTAE_V3_OFF_20260114,29591,3156,50900,160.6
TXSD_DELTAE_V3_OFF_20260114,29601,3160,52200,165.0
TXSD_DELTAE_V3_OFF_20260114,29611,3156,51200,161.6
TXSD_DELTAE_V3_OFF_20260114,29621,3160,52000,164.3
TXSD_DELTAE_V3_OFF_20260114,29631,3156,51200,161.6
TXSD_DELTAE_V3_OFF_20260114,29641,3160,51900,164.0
TXSD_DELTAE_V3_OFF_20260114,29651,3156,51300,161.9
TXSD_DELTAE_V3_OFF_20260114,29661,3156,51500,162.5
TXSD_DELTAE_V3_OFF_20260114,29671,3156,51700,163.2
TXSD_DELTAE_V3_OFF_20260114,29681,3156,51300,161.9
TXSD_DELTAE_V3_OFF_20260114,29691,3160,52000,164.3
TXSD_DELTAE_V3_OFF_20260114,29701,3156,51100,161.3
TXSD_DELTAE_V3_OFF_20260114,29711,3160,52100,164.6
TXSD_DELTAE_V3_OFF_20260114,29721,3156,51000,161.0
TXSD_DELTAE_V3_OFF_20260114,29731,3160,52200,165.0
TXSD_DELTAE_V3_OFF_20260114,29741,3156,51000,161.0
TXSD_DELTAE_V3_OFF_20260114,29751,3160,52200,165.0
TXSD_DELTAE_V3_OFF_20260114,29761,3156,51100,161.3
TXSD_DELTAE_V3_OFF_20260114,29771,3160,52000,164.3
TXSD_DELTAE_V3_OFF_20260114,29781,3156,51100,161.3
TXSD_DELTAE_V3_OFF_20260114,29791,3160,51700,163.4
TXSD_DELTAE_V3_OFF_20260114,29801,3156,51500,162.5
TXSD_DELTAE_V3_OFF_20260114,29811,3156,51400,162.2
TXSD_DELTAE_V3_OFF_20260114,29821,3160,51800,163.7
TXSD_DELTAE_V3_OFF_20260114,29831,3156,51200,161.6
TXSD_DELTAE_V3_OFF_20260114,29841,3160,52000,164.3
TXSD_DELTAE_V3_OFF_20260114,29851,3156,51000,161.0
TXSD_DELTAE_V3_OFF_20260114,29861,3160,52100,164.6
TXSD_DELTAE_V3_OFF_20260114,29871,3156,50900,160.6
TXSD_DELTAE_V3_OFF_20260114,29881,3160,52100,164.6
TXSD_DELTAE_V3_OFF_20260114,29891,3156,51100,161.3
TXSD_DELTAE_V3_OFF_20260114,29901,3160,52100,164.6
TXSD_DELTAE_V3_OFF_20260114,29911,3156,51200,161.6
TXSD_DELTAE_V3_OFF_20260114,29921,3160,51900,164.0
TXSD_DELTAE_V3_OFF_20260114,29931,3156,51300,161.9
TXSD_DELTAE_V3_OFF_20260114,29941,3156,51600,162.8
TXSD_DELTAE_V3_OFF_20260114,29951,3156,51600,162.8
TXSD_DELTAE_V3_OFF_20260114,29961,3156,51300,161.9
TXSD_DELTAE_V3_OFF_20260114,29971,3160,51900,164.0
TXSD_DELTAE_V3_OFF_20260114,29981,3156,51200,161.6
TXSD_DELTAE_V3_OFF_20260114,29991,3160,52000,164.3
TXSD_DELTAE_V3_OFF_20260114,30001,3152,51000,160.8
TXSD_DELTAE_V3_OFF_20260114,30011,3160,52100,164.6
TXSD_DELTAE_V3_OFF_20260114,30021,3152,51000,160.8
TXSD_DELTAE_V3_OFF_20260114,30031,3160,52200,165.0
TXSD_DELTAE_V3_OFF_20260114,30041,3156,51200,161.6
TXSD_DELTAE_V3_OFF_20260114,30051,3160,52000,164.3
TXSD_DELTAE_V3_OFF_20260114,30061,3156,51200,161.6
TXSD_DELTAE_V3_OFF_20260114,30071,3156,51900,163.8
TXSD_DELTAE_V3_OFF_20260114,30081,3156,51400,162.2
TXSD_DELTAE_V3_OFF_20260114,30091,3156,51500,162.5
TXSD_DELTAE_V3_OFF_20260114,30101,3156,51700,163.2
TXSD_DELTAE_V3_OFF_20260114,30111,3156,51300,161.9
TXSD_DELTAE_V3_OFF_20260114,30121,3160,51900,164.0
TXSD_DELTAE_V3_OFF_20260114,30131,3152,51100,161.1
TXSD_DELTAE_V3_OFF_20260114,30141,3160,52100,164.6
TXSD_DELTAE_V3_OFF_20260114,30151,3156,51000,161.0
TXSD_DELTAE_V3_OFF_20260114,30161,3160,52200,165.0
TXSD_DELTAE_V3_OFF_20260114,30171,3156,51100,161.3
TXSD_DELTAE_V3_OFF_20260114,30181,3160,52200,165.0
TXSD_DELTAE_V3_OFF_20260114,30191,3156,51100,161.3
TXSD_DELTAE_V3_OFF_20260114,30201,3160,52000,164.3
TXSD_DELTAE_V3_OFF_20260114,30211,3156,51300,161.9
TXSD_DELTAE_V3_OFF_20260114,30221,3156,51700,163.2
TXSD_DELTAE_V3_OFF_20260114,30231,3156,51600,162.8
TXSD_DELTAE_V3_OFF_20260114,30241,3156,51400,162.2
TXSD_DELTAE_V3_OFF_20260114,30251,3160,51900,164.0
TXSD_DELTAE_V3_OFF_20260114,30261,3156,51200,161.6
TXSD_DELTAE_V3_OFF_20260114,30271,3160,52000,164.3
TXSD_DELTAE_V3_OFF_20260114,30281,3156,51000,161.0
TXSD_DELTAE_V3_OFF_20260114,30291,3160,52100,164.6
TXSD_DELTAE_V3_OFF_20260114,30301,3156,51000,161.0
TXSD_DELTAE_V3_OFF_20260114,30311,3160,52200,165.0
TXSD_DELTAE_V3_OFF_20260114,30321,3156,51100,161.3
TXSD_DELTAE_V3_OFF_20260114,30331,3160,52100,164.6
TXSD_DELTAE_V3_OFF_20260114,30341,3156,51100,161.3
TXSD_DELTAE_V3_OFF_20260114,30351,3160,51900,164.0
TXSD_DELTAE_V3_OFF_20260114,30361,3156,51300,161.9
TXSD_DELTAE_V3_OFF_20260114,30371,3156,51600,162.8
TXSD_DELTAE_V3_OFF_20260114,30381,3160,51600,163.1
TXSD_DELTAE_V3_OFF_20260114,30391,3156,51300,161.9
TXSD_DELTAE_V3_OFF_20260114,30401,3156,51900,163.8
TXSD_DELTAE_V3_OFF_20260114,30411,3156,51100,161.3
TXSD_DELTAE_V3_OFF_20260114,30421,3160,52000,164.3
TXSD_DELTAE_V3_OFF_20260114,30431,3156,51000,161.0
TXSD_DELTAE_V3_OFF_20260114,30441,3160,52100,164.6
TXSD_DELTAE_V3_OFF_20260114,30451,3156,50900,160.6
TXSD_DELTAE_V3_OFF_20260114,30461,3160,52200,165.0
TXSD_DELTAE_V3_OFF_20260114,30471,3156,51200,161.6
TXSD_DELTAE_V3_OFF_20260114,30481,3160,52000,164.3
TXSD_DELTAE_V3_OFF_20260114,30491,3156,51100,161.3
TXSD_DELTAE_V3_OFF_20260114,30501,3160,51900,164.0
TXSD_DELTAE_V3_OFF_20260114,30511,3156,51400,162.2
TXSD_DELTAE_V3_OFF_20260114,30521,3156,51500,162.5
TXSD_DELTAE_V3_OFF_20260114,30531,3156,51700,163.2
TXSD_DELTAE_V3_OFF_20260114,30541,3156,51300,161.9
TXSD_DELTAE_V3_OFF_20260114,30551,3160,52000,164.3
TXSD_DELTAE_V3_OFF_20260114,30561,3156,51100,161.3
TXSD_DELTAE_V3_OFF_20260114,30571,3160,52100,164.6
TXSD_DELTAE_V3_OFF_20260114,30581,3156,51000,161.0
TXSD_DELTAE_V3_OFF_20260114,30591,3160,52200,165.0
TXSD_DELTAE_V3_OFF_20260114,30601,3156,51100,161.3
TXSD_DELTAE_V3_OFF_20260114,30611,3160,52200,165.0
TXSD_DELTAE_V3_OFF_20260114,30621,3156,51100,161.3
TXSD_DELTAE_V3_OFF_20260114,30631,3160,52000,164.3
TXSD_DELTAE_V3_OFF_20260114,30641,3156,51300,161.9
TXSD_DELTAE_V3_OFF_20260114,30651,3160,51700,163.4
TXSD_DELTAE_V3_OFF_20260114,30661,3156,51600,162.8
TXSD_DELTAE_V3_OFF_20260114,30671,3156,51400,162.2
TXSD_DELTAE_V3_OFF_20260114,30681,3156,51800,163.5
TXSD_DELTAE_V3_OFF_20260114,30691,3156,51200,161.6
TXSD_DELTAE_V3_OFF_20260114,30701,3160,52000,164.3
TXSD_DELTAE_V3_OFF_20260114,30711,3156,51100,161.3
TXSD_DELTAE_V3_OFF_20260114,30721,3160,52200,165.0
TXSD_DELTAE_V3_OFF_20260114,30731,3156,51000,161.0
TXSD_DELTAE_V3_OFF_20260114,30741,3160,52200,165.0
TXSD_DELTAE_V3_OFF_20260114,30751,3156,51100,161.3
TXSD_DELTAE_V3_OFF_20260114,30761,3160,52000,164.3
TXSD_DELTAE_V3_OFF_20260114,30771,3156,51100,161.3
TXSD_DELTAE_V3_OFF_20260114,30781,3160,51900,164.0
TXSD_DELTAE_V3_OFF_20260114,30791,3156,51300,161.9
TXSD_DELTAE_V3_OFF_20260114,30801,3160,51600,163.1
TXSD_DELTAE_V3_OFF_20260114,30811,3156,51700,163.2
TXSD_DELTAE_V3_OFF_20260114,30821,3156,51300,161.9
TXSD_DELTAE_V3_OFF_20260114,30831,3160,51900,164.0
TXSD_DELTAE_V3_OFF_20260114,30841,3156,51100,161.3
TXSD_DELTAE_V3_OFF_20260114,30851,3160,52000,164.3
TXSD_DELTAE_V3_OFF_20260114,30861,3152,51000,160.8
TXSD_DELTAE_V3_OFF_20260114,30871,3160,52100,164.6
TXSD_DELTAE_V3_OFF_20260114,30881,3156,51000,161.0
TXSD_DELTAE_V3_OFF_20260114,30891,3160,52200,165.0
TXSD_DELTAE_V3_OFF_20260114,30901,3156,51100,161.3
TXSD_DELTAE_V3_OFF_20260114,30911,3160,52000,164.3
TXSD_DELTAE_V3_OFF_20260114,30921,3156,51200,161.6
TXSD_DELTAE_V3_OFF_20260114,30931,3160,51900,164.0
TXSD_DELTAE_V3_OFF_20260114,30941,3156,51400,162.2
TXSD_DELTAE_V3_OFF_20260114,30951,3156,51500,162.5
TXSD_DELTAE_V3_OFF_20260114,30961,3160,51800,163.7
TXSD_DELTAE_V3_OFF_20260114,30971,3156,51300,161.9
TXSD_DELTAE_V3_OFF_20260114,30981,3156,52000,164.1
TXSD_DELTAE_V3_OFF_20260114,30991,3152,51100,161.1
TXSD_DELTAE_V3_OFF_20260114,31001,3160,52100,164.6
TXSD_DELTAE_V3_OFF_20260114,31011,3156,51000,161.0
TXSD_DELTAE_V3_OFF_20260114,31021,3160,52200,165.0
TXSD_DELTAE_V3_OFF_20260114,31031,3156,51100,161.3
TXSD_DELTAE_V3_OFF_20260114,31041,3160,52100,164.6
TXSD_DELTAE_V3_OFF_20260114,31051,3156,51100,161.3
TXSD_DELTAE_V3_OFF_20260114,31061,3156,51900,163.8
TXSD_DELTAE_V3_OFF_20260114,31071,3156,51200,161.6
TXSD_DELTAE_V3_OFF_20260114,31081,3156,51700,163.2
TXSD_DELTAE_V3_OFF_20260114,31091,3156,51600,162.8
TXSD_DELTAE_V3_OFF_20260114,31101,3156,51300,161.9
TXSD_DELTAE_V3_OFF_20260114,31111,3156,51800,163.5
TXSD_DELTAE_V3_OFF_20260114,31121,3156,51200,161.6
TXSD_DELTAE_V3_OFF_20260114,31131,3160,52000,164.3
TXSD_DELTAE_V3_OFF_20260114,31141,3156,51100,161.3
TXSD_DELTAE_V3_OFF_20260114,31151,3160,52100,164.6
TXSD_DELTAE_V3_OFF_20260114,31161,3156,51000,161.0
TXSD_DELTAE_V3_OFF_20260114,31171,3160,52300,165.3
TXSD_DELTAE_V3_OFF_20260114,31181,3152,51100,161.1
TXSD_DELTAE_V3_OFF_20260114,31191,3160,52000,164.3
TXSD_DELTAE_V3_OFF_20260114,31201,3156,51200,161.6
TXSD_DELTAE_V3_OFF_20260114,31211,3160,51900,164.0
TXSD_DELTAE_V3_OFF_20260114,31221,3160,51200,161.8
TXSD_DELTAE_V3_OFF_20260114,31231,3156,51600,162.8
TXSD_DELTAE_V3_OFF_20260114,31241,3156,51700,163.2
TXSD_DELTAE_V3_OFF_20260114,31251,3156,51300,161.9
TXSD_DELTAE_V3_OFF_20260114,31261,3160,51900,164.0
TXSD_DELTAE_V3_OFF_20260114,31271,3156,51100,161.3
TXSD_DELTAE_V3_OFF_20260114,31281,3156,52100,164.4
TXSD_DELTAE_V3_OFF_20260114,31291,3152,51000,160.8
TXSD_DELTAE_V3_OFF_20260114,31301,3160,52200,165.0
TXSD_DELTAE_V3_OFF_20260114,31311,3152,51000,160.8
TXSD_DELTAE_V3_OFF_20260114,31321,3160,52100,164.6
TXSD_DELTAE_V3_OFF_20260114,31331,3156,51200,161.6
TXSD_DELTAE_V3_OFF_20260114,31341,3160,52000,164.3
TXSD_DELTAE_V3_OFF_20260114,31351,3156,51300,161.9
TXSD_DELTAE_V3_OFF_20260114,31361,3160,51800,163.7
TXSD_DELTAE_V3_OFF_20260114,31371,3156,51400,162.2
TXSD_DELTAE_V3_OFF_20260114,31381,3160,51500,162.7
TXSD_DELTAE_V3_OFF_20260114,31391,3160,51800,163.7
TXSD_DELTAE_V3_OFF_20260114,31401,3156,51200,161.6
TXSD_DELTAE_V3_OFF_20260114,31411,3156,52000,164.1
TXSD_DELTAE_V3_OFF_20260114,31421,3156,51100,161.3
TXSD_DELTAE_V3_OFF_20260114,31431,3160,52100,164.6
TXSD_DELTAE_V3_OFF_20260114,31441,3156,51000,161.0
TXSD_DELTAE_V3_OFF_20260114,31451,3160,52200,165.0
TXSD_DELTAE_V3_OFF_20260114,31461,3156,51100,161.3
TXSD_DELTAE_V3_OFF_20260114,31471,3160,52100,164.6
TXSD_DELTAE_V3_OFF_20260114,31481,3156,51100,161.3
TXSD_DELTAE_V3_OFF_20260114,31491,3160,52000,164.3
TXSD_DELTAE_V3_OFF_20260114,31501,3156,51300,161.9
TXSD_DELTAE_V3_OFF_20260114,31511,3156,51800,163.5
TXSD_DELTAE_V3_OFF_20260114,31521,3156,51600,162.8
TXSD_DELTAE_V3_OFF_20260114,31531,3156,51400,162.2
TXSD_DELTAE_V3_OFF_20260114,31541,3160,51900,164.0
TXSD_DELTAE_V3_OFF_20260114,31551,3156,51200,161.6
TXSD_DELTAE_V3_OFF_20260114,31561,3156,52000,164.1
TXSD_DELTAE_V3_OFF_20260114,31571,3156,51000,161.0
TXSD_DELTAE_V3_OFF_20260114,31581,3160,52200,165.0
TXSD_DELTAE_V3_OFF_20260114,31591,3152,50900,160.4
TXSD_DELTAE_V3_OFF_20260114,31601,3160,52100,164.6
TXSD_DELTAE_V3_OFF_20260114,31611,3156,51100,161.3
TXSD_DELTAE_V3_OFF_20260114,31621,3156,52000,164.1
TXSD_DELTAE_V3_OFF_20260114,31631,3156,51100,161.3
TXSD_DELTAE_V3_OFF_20260114,31641,3160,51900,164.0
TXSD_DELTAE_V3_OFF_20260114,31651,3156,51300,161.9
TXSD_DELTAE_V3_OFF_20260114,31661,3156,51500,162.5
TXSD_DELTAE_V3_OFF_20260114,31671,3156,51700,163.2
TXSD_DELTAE_V3_OFF_20260114,31681,3156,51200,161.6
TXSD_DELTAE_V3_OFF_20260114,31691,3156,51900,163.8
TXSD_DELTAE_V3_OFF_20260114,31701,3156,51100,161.3
TXSD_DELTAE_V3_OFF_20260114,31711,3160,52000,164.3
TXSD_DELTAE_V3_OFF_20260114,31721,3156,51000,161.0
TXSD_DELTAE_V3_OFF_20260114,31731,3160,52100,164.6
TXSD_DELTAE_V3_OFF_20260114,31741,3156,51000,161.0
TXSD_DELTAE_V3_OFF_20260114,31751,3160,52100,164.6
TXSD_DELTAE_V3_OFF_20260114,31761,3156,51100,161.3
TXSD_DELTAE_V3_OFF_20260114,31771,3160,52000,164.3
TXSD_DELTAE_V3_OFF_20260114,31781,3156,51200,161.6
TXSD_DELTAE_V3_OFF_20260114,31791,3160,51900,164.0
TXSD_DELTAE_V3_OFF_20260114,31801,3156,51400,162.2
TXSD_DELTAE_V3_OFF_20260114,31811,3160,51400,162.4
TXSD_DELTAE_V3_OFF_20260114,31821,3160,51800,163.7
TXSD_DELTAE_V3_OFF_20260114,31831,3156,51200,161.6
TXSD_DELTAE_V3_OFF_20260114,31841,3160,52000,164.3
TXSD_DELTAE_V3_OFF_20260114,31851,3156,51000,161.0
TXSD_DELTAE_V3_OFF_20260114,31861,3160,52100,164.6
TXSD_DELTAE_V3_OFF_20260114,31871,3156,51000,161.0
TXSD_DELTAE_V3_OFF_20260114,31881,3160,52200,165.0
TXSD_DELTAE_V3_OFF_20260114,31891,3156,51100,161.3
TXSD_DELTAE_V3_OFF_20260114,31901,3160,52100,164.6
TXSD_DELTAE_V3_OFF_20260114,31911,3156,51000,161.0
TXSD_DELTAE_V3_OFF_20260114,31921,3160,52000,164.3
TXSD_DELTAE_V3_OFF_20260114,31931,3156,51300,161.9
TXSD_DELTAE_V3_OFF_20260114,31941,3160,51600,163.1
TXSD_DELTAE_V3_OFF_20260114,31951,3156,51500,162.5
TXSD_DELTAE_V3_OFF_20260114,31961,3156,51400,162.2
TXSD_DELTAE_V3_OFF_20260114,31971,3156,51900,163.8
TXSD_DELTAE_V3_OFF_20260114,31981,3156,51200,161.6
TXSD_DELTAE_V3_OFF_20260114,31991,3160,52000,164.3
TXSD_DELTAE_V3_OFF_20260114,32001,3156,51100,161.3
TXSD_DELTAE_V3_OFF_20260114,32011,3160,52100,164.6
TXSD_DELTAE_V3_OFF_20260114,32021,3156,51000,161.0
TXSD_DELTAE_V3_OFF_20260114,32031,3160,52100,164.6
TXSD_DELTAE_V3_OFF_20260114,32041,3156,51100,161.3
TXSD_DELTAE_V3_OFF_20260114,32051,3160,52000,164.3
TXSD_DELTAE_V3_OFF_20260114,32061,3156,51200,161.6
TXSD_DELTAE_V3_OFF_20260114,32071,3156,51800,163.5
TXSD_DELTAE_V3_OFF_20260114,32081,3156,51300,161.9
TXSD_DELTAE_V3_OFF_20260114,32091,3156,51500,162.5
TXSD_DELTAE_V3_OFF_20260114,32101,3156,51700,163.2
TXSD_DELTAE_V3_OFF_20260114,32111,3156,51200,161.6
TXSD_DELTAE_V3_OFF_20260114,32121,3156,51900,163.8
TXSD_DELTAE_V3_OFF_20260114,32131,3156,51100,161.3
TXSD_DELTAE_V3_OFF_20260114,32141,3160,52100,164.6
TXSD_DELTAE_V3_OFF_20260114,32151,3152,51000,160.8
TXSD_DELTAE_V3_OFF_20260114,32161,3160,52200,165.0
TXSD_DELTAE_V3_OFF_20260114,32171,3156,51000,161.0
TXSD_DELTAE_V3_OFF_20260114,32181,3160,52100,164.6
TXSD_DELTAE_V3_OFF_20260114,32191,3156,51100,161.3
TXSD_DELTAE_V3_OFF_20260114,32201,3160,52000,164.3
TXSD_DELTAE_V3_OFF_20260114,32211,3156,51200,161.6
TXSD_DELTAE_V3_OFF_20260114,32221,3160,51800,163.7
TXSD_DELTAE_V3_OFF_20260114,32231,3156,51500,162.5
TXSD_DELTAE_V3_OFF_20260114,32241,3156,51400,162.2
TXSD_DELTAE_V3_OFF_20260114,32251,3156,51800,163.5
TXSD_DELTAE_V3_OFF_20260114,32261,3156,51200,161.6
TXSD_DELTAE_V3_OFF_20260114,32271,3160,52000,164.3
TXSD_DELTAE_V3_OFF_20260114,32281,3156,51100,161.3
TXSD_DELTAE_V3_OFF_20260114,32291,3160,52100,164.6
TXSD_DELTAE_V3_OFF_20260114,32301,3152,50900,160.4
TXSD_DELTAE_V3_OFF_20260114,32311,3160,52100,164.6
TXSD_DELTAE_V3_OFF_20260114,32321,3156,51100,161.3
TXSD_DELTAE_V3_OFF_20260114,32331,3160,52000,164.3
TXSD_DELTAE_V3_OFF_20260114,32341,3156,51100,161.3
TXSD_DELTAE_V3_OFF_20260114,32351,3160,51900,164.0
TXSD_DELTAE_V3_OFF_20260114,32361,3156,51200,161.6
TXSD_DELTAE_V3_OFF_20260114,32371,3160,51600,163.1
TXSD_DELTAE_V3_OFF_20260114,32381,3156,51600,162.8
TXSD_DELTAE_V3_OFF_20260114,32391,3156,51400,162.2
TXSD_DELTAE_V3_OFF_20260114,32401,3156,51900,163.8
TXSD_DELTAE_V3_OFF_20260114,32411,3156,51100,161.3
TXSD_DELTAE_V3_OFF_20260114,32421,3160,52100,164.6
TXSD_DELTAE_V3_OFF_20260114,32431,3156,51000,161.0
TXSD_DELTAE_V3_OFF_20260114,32441,3160,52100,164.6
TXSD_DELTAE_V3_OFF_20260114,32451,3156,51000,161.0
TXSD_DELTAE_V3_OFF_20260114,32461,3160,52200,165.0
TXSD_DELTAE_V3_OFF_20260114,32471,3156,51100,161.3
TXSD_DELTAE_V3_OFF_20260114,32481,3160,52000,164.3
TXSD_DELTAE_V3_OFF_20260114,32491,3156,51200,161.6
TXSD_DELTAE_V3_OFF_20260114,32501,3156,51900,163.8
TXSD_DELTAE_V3_OFF_20260114,32511,3156,51300,161.9
TXSD_DELTAE_V3_OFF_20260114,32521,3156,51500,162.5
TXSD_DELTAE_V3_OFF_20260114,32531,3156,51700,163.2
TXSD_DELTAE_V3_OFF_20260114,32541,3156,51300,161.9
TXSD_DELTAE_V3_OFF_20260114,32551,3156,51900,163.8
TXSD_DELTAE_V3_OFF_20260114,32561,3156,51100,161.3
TXSD_DELTAE_V3_OFF_20260114,32571,3160,52100,164.6
TXSD_DELTAE_V3_OFF_20260114,32581,3156,51100,161.3
TXSD_DELTAE_V3_OFF_20260114,32591,3160,52200,165.0
TXSD_DELTAE_V3_OFF_20260114,32601,3156,51000,161.0
TXSD_DELTAE_V3_OFF_20260114,32611,3160,52100,164.6
TXSD_DELTAE_V3_OFF_20260114,32621,3156,51200,161.6
TXSD_DELTAE_V3_OFF_20260114,32631,3160,51900,164.0
TXSD_DELTAE_V3_OFF_20260114,32641,3156,51200,161.6
TXSD_DELTAE_V3_OFF_20260114,32651,3160,51700,163.4
TXSD_DELTAE_V3_OFF_20260114,32661,3156,51500,162.5
TXSD_DELTAE_V3_OFF_20260114,32671,3160,51400,162.4
TXSD_DELTAE_V3_OFF_20260114,32681,3156,51700,163.2
TXSD_DELTAE_V3_OFF_20260114,32691,3156,51100,161.3
TXSD_DELTAE_V3_OFF_20260114,32701,3160,52000,164.3
TXSD_DELTAE_V3_OFF_20260114,32711,3156,51000,161.0
TXSD_DELTAE_V3_OFF_20260114,32721,3160,52000,164.3
TXSD_DELTAE_V3_OFF_20260114,32731,3156,51000,161.0
TXSD_DELTAE_V3_OFF_20260114,32741,3160,52100,164.6
TXSD_DELTAE_V3_OFF_20260114,32751,3152,51100,161.1
TXSD_DELTAE_V3_OFF_20260114,32761,3160,52100,164.6
TXSD_DELTAE_V3_OFF_20260114,32771,3156,51100,161.3
TXSD_DELTAE_V3_OFF_20260114,32781,3160,51900,164.0
TXSD_DELTAE_V3_OFF_20260114,32791,3156,51200,161.6
TXSD_DELTAE_V3_OFF_20260114,32801,3156,51600,162.8
TXSD_DELTAE_V3_OFF_20260114,32811,3156,51600,162.8
TXSD_DELTAE_V3_OFF_20260114,32821,3156,51300,161.9
TXSD_DELTAE_V3_OFF_20260114,32831,3160,51800,163.7
TXSD_DELTAE_V3_OFF_20260114,32841,3156,51200,161.6
TXSD_DELTAE_V3_OFF_20260114,32851,3160,52000,164.3
TXSD_DELTAE_V3_OFF_20260114,32861,3156,51000,161.0
TXSD_DELTAE_V3_OFF_20260114,32871,3160,52100,164.6
TXSD_DELTAE_V3_OFF_20260114,32881,3156,51000,161.0
TXSD_DELTAE_V3_OFF_20260114,32891,3156,52200,164.7
TXSD_DELTAE_V3_OFF_20260114,32901,3156,51100,161.3
TXSD_DELTAE_V3_OFF_20260114,32911,3160,52000,164.3
TXSD_DELTAE_V3_OFF_20260114,32921,3156,51100,161.3
TXSD_DELTAE_V3_OFF_20260114,32931,3156,51800,163.5
TXSD_DELTAE_V3_OFF_20260114,32941,3156,51300,161.9
TXSD_DELTAE_V3_OFF_20260114,32951,3156,51500,162.5
TXSD_DELTAE_V3_OFF_20260114,32961,3160,51700,163.4
TXSD_DELTAE_V3_OFF_20260114,32971,3156,51200,161.6
TXSD_DELTAE_V3_OFF_20260114,32981,3156,52000,164.1
TXSD_DELTAE_V3_OFF_20260114,32991,3156,51100,161.3
TXSD_DELTAE_V3_OFF_20260114,33001,3160,52000,164.3
TXSD_DELTAE_V3_OFF_20260114,33011,3156,51000,161.0
TXSD_DELTAE_V3_OFF_20260114,33021,3160,52200,165.0
TXSD_DELTAE_V3_OFF_20260114,33031,3156,51000,161.0
TXSD_DELTAE_V3_OFF_20260114,33041,3160,52100,164.6
TXSD_DELTAE_V3_OFF_20260114,33051,3156,51200,161.6
TXSD_DELTAE_V3_OFF_20260114,33061,3160,52000,164.3
TXSD_DELTAE_V3_OFF_20260114,33071,3156,51200,161.6
TXSD_DELTAE_V3_OFF_20260114,33081,3160,51800,163.7
TXSD_DELTAE_V3_OFF_20260114,33091,3156,51500,162.5
TXSD_DELTAE_V3_OFF_20260114,33101,3156,51300,161.9
TXSD_DELTAE_V3_OFF_20260114,33111,3156,51800,163.5
TXSD_DELTAE_V3_OFF_20260114,33121,3156,51200,161.6
TXSD_DELTAE_V3_OFF_20260114,33131,3160,52000,164.3
TXSD_DELTAE_V3_OFF_20260114,33141,3156,51000,161.0
TXSD_DELTAE_V3_OFF_20260114,33151,3160,52100,164.6
TXSD_DELTAE_V3_OFF_20260114,33161,3156,51000,161.0
TXSD_DELTAE_V3_OFF_20260114,33171,3160,52200,165.0
TXSD_DELTAE_V3_OFF_20260114,33181,3156,51100,161.3
TXSD_DELTAE_V3_OFF_20260114,33191,3160,52000,164.3
TXSD_DELTAE_V3_OFF_20260114,33201,3156,51200,161.6
TXSD_DELTAE_V3_OFF_20260114,33211,3160,52000,164.3
TXSD_DELTAE_V3_OFF_20260114,33221,3156,51300,161.9
TXSD_DELTAE_V3_OFF_20260114,33231,3160,51600,163.1
TXSD_DELTAE_V3_OFF_20260114,33241,3156,51600,162.8
TXSD_DELTAE_V3_OFF_20260114,33251,3156,51300,161.9
TXSD_DELTAE_V3_OFF_20260114,33261,3156,51900,163.8
TXSD_DELTAE_V3_OFF_20260114,33271,3156,51200,161.6
TXSD_DELTAE_V3_OFF_20260114,33281,3160,52100,164.6
TXSD_DELTAE_V3_OFF_20260114,33291,3156,51100,161.3
TXSD_DELTAE_V3_OFF_20260114,33301,3160,52100,164.6
TXSD_DELTAE_V3_OFF_20260114,33311,3156,51000,161.0
TXSD_DELTAE_V3_OFF_20260114,33321,3160,52200,165.0
TXSD_DELTAE_V3_OFF_20260114,33331,3156,51200,161.6
TXSD_DELTAE_V3_OFF_20260114,33341,3160,52000,164.3
TXSD_DELTAE_V3_OFF_20260114,33351,3156,51200,161.6
TXSD_DELTAE_V3_OFF_20260114,33361,3160,51900,164.0
TXSD_DELTAE_V3_OFF_20260114,33371,3156,51300,161.9
TXSD_DELTAE_V3_OFF_20260114,33381,3156,51500,162.5
TXSD_DELTAE_V3_OFF_20260114,33391,3156,51800,163.5
TXSD_DELTAE_V3_OFF_20260114,33401,3156,51300,161.9
TXSD_DELTAE_V3_OFF_20260114,33411,3160,51900,164.0
TXSD_DELTAE_V3_OFF_20260114,33421,3156,51100,161.3
TXSD_DELTAE_V3_OFF_20260114,33431,3160,52000,164.3
TXSD_DELTAE_V3_OFF_20260114,33441,3156,51000,161.0
TXSD_DELTAE_V3_OFF_20260114,33451,3160,52200,165.0
TXSD_DELTAE_V3_OFF_20260114,33461,3156,51000,161.0
TXSD_DELTAE_V3_OFF_20260114,33471,3160,52100,164.6
TXSD_DELTAE_V3_OFF_20260114,33481,3156,51200,161.6
TXSD_DELTAE_V3_OFF_20260114,33491,3160,51900,164.0
TXSD_DELTAE_V3_OFF_20260114,33501,3156,51300,161.9
TXSD_DELTAE_V3_OFF_20260114,33511,3156,51800,163.5
TXSD_DELTAE_V3_OFF_20260114,33521,3156,51500,162.5
TXSD_DELTAE_V3_OFF_20260114,33531,3156,51400,162.2
TXSD_DELTAE_V3_OFF_20260114,33541,3156,51900,163.8
TXSD_DELTAE_V3_OFF_20260114,33551,3156,51200,161.6
TXSD_DELTAE_V3_OFF_20260114,33561,3160,52000,164.3
TXSD_DELTAE_V3_OFF_20260114,33571,3156,51100,161.3
TXSD_DELTAE_V3_OFF_20260114,33581,3160,52100,164.6
TXSD_DELTAE_V3_OFF_20260114,33591,3156,50900,160.6
TXSD_DELTAE_V3_OFF_20260114,33601,3160,52200,165.0
TXSD_DELTAE_V3_OFF_20260114,33611,3152,51100,161.1
TXSD_DELTAE_V3_OFF_20260114,33621,3160,52100,164.6
TXSD_DELTAE_V3_OFF_20260114,33631,3156,51200,161.6
TXSD_DELTAE_V3_OFF_20260114,33641,3160,51900,164.0
TXSD_DELTAE_V3_OFF_20260114,33651,3156,51300,161.9
TXSD_DELTAE_V3_OFF_20260114,33661,3156,51600,162.8
TXSD_DELTAE_V3_OFF_20260114,33671,3156,51700,163.2
TXSD_DELTAE_V3_OFF_20260114,33681,3156,51300,161.9
TXSD_DELTAE_V3_OFF_20260114,33691,3156,51900,163.8
TXSD_DELTAE_V3_OFF_20260114,33701,3156,51200,161.6
TXSD_DELTAE_V3_OFF_20260114,33711,3160,52000,164.3
TXSD_DELTAE_V3_OFF_20260114,33721,3156,51000,161.0
TXSD_DELTAE_V3_OFF_20260114,33731,3160,52100,164.6
TXSD_DELTAE_V3_OFF_20260114,33741,3156,51000,161.0
TXSD_DELTAE_V3_OFF_20260114,33751,3160,52200,165.0
TXSD_DELTAE_V3_OFF_20260114,33761,3156,51200,161.6
TXSD_DELTAE_V3_OFF_20260114,33771,3156,52000,164.1
TXSD_DELTAE_V3_OFF_20260114,33781,3156,51200,161.6
TXSD_DELTAE_V3_OFF_20260114,33791,3160,51900,164.0
TXSD_DELTAE_V3_OFF_20260114,33801,3156,51400,162.2
TXSD_DELTAE_V3_OFF_20260114,33811,3156,51500,162.5
TXSD_DELTAE_V3_OFF_20260114,33821,3156,51700,163.2
TXSD_DELTAE_V3_OFF_20260114,33831,3156,51300,161.9
TXSD_DELTAE_V3_OFF_20260114,33841,3156,51900,163.8
TXSD_DELTAE_V3_OFF_20260114,33851,3156,51100,161.3
TXSD_DELTAE_V3_OFF_20260114,33861,3160,52100,164.6
TXSD_DELTAE_V3_OFF_20260114,33871,3156,51000,161.0
TXSD_DELTAE_V3_OFF_20260114,33881,3160,52100,164.6
TXSD_DELTAE_V3_OFF_20260114,33891,3152,51000,160.8
TXSD_DELTAE_V3_OFF_20260114,33901,3160,52100,164.6
TXSD_DELTAE_V3_OFF_20260114,33911,3156,51200,161.6
TXSD_DELTAE_V3_OFF_20260114,33921,3160,52000,164.3
TXSD_DELTAE_V3_OFF_20260114,33931,3156,51300,161.9
TXSD_DELTAE_V3_OFF_20260114,33941,3156,51700,163.2
TXSD_DELTAE_V3_OFF_20260114,33951,3156,51500,162.5
TXSD_DELTAE_V3_OFF_20260114,33961,3156,51400,162.2
TXSD_DELTAE_V3_OFF_20260114,33971,3160,51800,163.7
TXSD_DELTAE_V3_OFF_20260114,33981,3156,51200,161.6
TXSD_DELTAE_V3_OFF_20260114,33991,3160,52000,164.3
TXSD_DELTAE_V3_OFF_20260114,34001,3156,51100,161.3
TXSD_DELTAE_V3_OFF_20260114,34011,3160,52100,164.6
TXSD_DELTAE_V3_OFF_20260114,34021,3156,51000,161.0
TXSD_DELTAE_V3_OFF_20260114,34031,3160,52200,165.0
TXSD_DELTAE_V3_OFF_20260114,34041,3156,51100,161.3
TXSD_DELTAE_V3_OFF_20260114,34051,3160,52100,164.6
TXSD_DELTAE_V3_OFF_20260114,34061,3152,51200,161.4
TXSD_DELTAE_V3_OFF_20260114,34079,3156,51000,161.0
TXSD_DELTAE_V3_OFF_20260114,34081,3156,51300,161.9
TXSD_DELTAE_V3_OFF_20260114,34091,3156,51600,162.8
TXSD_DELTAE_V3_OFF_20260114,34101,3156,51700,163.2
TXSD_DELTAE_V3_OFF_20260114,34111,3156,51300,161.9
TXSD_DELTAE_V3_OFF_20260114,34121,3160,51900,164.0
TXSD_DELTAE_V3_OFF_20260114,34131,3156,51100,161.3
TXSD_DELTAE_V3_OFF_20260114,34141,3160,52100,164.6
TXSD_DELTAE_V3_OFF_20260114,34151,3156,51000,161.0
TXSD_DELTAE_V3_OFF_20260114,34161,3160,52200,165.0
TXSD_DELTAE_V3_OFF_20260114,34171,3156,50900,160.6
TXSD_DELTAE_V3_OFF_20260114,34181,3160,52200,165.0
TXSD_DELTAE_V3_OFF_20260114,34191,3156,51200,161.6
TXSD_DELTAE_V3_OFF_20260114,34201,3160,52000,164.3
TXSD_DELTAE_V3_OFF_20260114,34211,3156,51200,161.6
TXSD_DELTAE_V3_OFF_20260114,34221,3160,51900,164.0
TXSD_DELTAE_V3_OFF_20260114,34231,3156,51400,162.2
TXSD_DELTAE_V3_OFF_20260114,34241,3156,51400,162.2
TXSD_DELTAE_V3_OFF_20260114,34251,3156,51800,163.5
TXSD_DELTAE_V3_OFF_20260114,34261,3156,51200,161.6
TXSD_DELTAE_V3_OFF_20260114,34271,3156,51900,163.8
TXSD_DELTAE_V3_OFF_20260114,34281,3156,51100,161.3
TXSD_DELTAE_V3_OFF_20260114,34291,3160,52100,164.6
TXSD_DELTAE_V3_OFF_20260114,34301,3152,50900,160.4
TXSD_DELTAE_V3_OFF_20260114,34311,3160,52200,165.0
TXSD_DELTAE_V3_OFF_20260114,34321,3156,51100,161.3
TXSD_DELTAE_V3_OFF_20260114,34331,3160,52100,164.6
TXSD_DELTAE_V3_OFF_20260114,34341,3156,51100,161.3
TXSD_DELTAE_V3_OFF_20260114,34351,3160,51900,164.0
TXSD_DELTAE_V3_OFF_20260114,34361,3156,51200,161.6
TXSD_DELTAE_V3_OFF_20260114,34371,3156,51700,163.2
TXSD_DELTAE_V3_OFF_20260114,34381,3156,51500,162.5
TXSD_DELTAE_V3_OFF_20260114,34391,3156,51300,161.9
TXSD_DELTAE_V3_OFF_20260114,34401,3156,51800,163.5
TXSD_DELTAE_V3_OFF_20260114,34411,3156,51200,161.6
TXSD_DELTAE_V3_OFF_20260114,34421,3156,52000,164.1
TXSD_DELTAE_V3_OFF_20260114,34431,3156,51000,161.0
TXSD_DELTAE_V3_OFF_20260114,34441,3160,52100,164.6
TXSD_DELTAE_V3_OFF_20260114,34451,3156,51000,161.0
TXSD_DELTAE_V3_OFF_20260114,34461,3160,52200,165.0
TXSD_DELTAE_V3_OFF_20260114,34471,3152,51100,161.1
TXSD_DELTAE_V3_OFF_20260114,34481,3160,52100,164.6
TXSD_DELTAE_V3_OFF_20260114,34491,3156,51200,161.6
TXSD_DELTAE_V3_OFF_20260114,34501,3160,52000,164.3
TXSD_DELTAE_V3_OFF_20260114,34511,3156,51300,161.9
TXSD_DELTAE_V3_OFF_20260114,34521,3156,51600,162.8
TXSD_DELTAE_V3_OFF_20260114,34531,3156,51700,163.2
TXSD_DELTAE_V3_OFF_20260114,34541,3156,51300,161.9
TXSD_DELTAE_V3_OFF_20260114,34551,3156,52000,164.1
TXSD_DELTAE_V3_OFF_20260114,34561,3156,51100,161.3
TXSD_DELTAE_V3_OFF_20260114,34571,3160,52100,164.6
TXSD_DELTAE_V3_OFF_20260114,34581,3156,51000,161.0
TXSD_DELTAE_V3_OFF_20260114,34591,3156,52100,164.4
TXSD_DELTAE_V3_OFF_20260114,34601,3152,51000,160.8
TXSD_DELTAE_V3_OFF_20260114,34611,3160,52100,164.6
TXSD_DELTAE_V3_OFF_20260114,34621,3152,51200,161.4
TXSD_DELTAE_V3_OFF_20260114,34631,3160,51900,164.0
TXSD_DELTAE_V3_OFF_20260114,34641,3156,51300,161.9
TXSD_DELTAE_V3_OFF_20260114,34651,3160,51800,163.7
TXSD_DELTAE_V3_OFF_20260114,34661,3156,51400,162.2
TXSD_DELTAE_V3_OFF_20260114,34671,3156,51400,162.2
TXSD_DELTAE_V3_OFF_20260114,34681,3156,51700,163.2
TXSD_DELTAE_V3_OFF_20260114,34691,3156,51200,161.6
TXSD_DELTAE_V3_OFF_20260114,34701,3156,52000,164.1
TXSD_DELTAE_V3_OFF_20260114,34711,3156,51100,161.3
TXSD_DELTAE_V3_OFF_20260114,34721,3160,52100,164.6
TXSD_DELTAE_V3_OFF_20260114,34731,3156,51000,161.0
TXSD_DELTAE_V3_OFF_20260114,34741,3156,52200,164.7
TXSD_DELTAE_V3_OFF_20260114,34751,3152,51100,161.1
TXSD_DELTAE_V3_OFF_20260114,34761,3160,52000,164.3
TXSD_DELTAE_V3_OFF_20260114,34771,3156,51200,161.6
TXSD_DELTAE_V3_OFF_20260114,34781,3156,51900,163.8
TXSD_DELTAE_V3_OFF_20260114,34791,3156,51200,161.6
TXSD_DELTAE_V3_OFF_20260114,34801,3160,51700,163.4
TXSD_DELTAE_V3_OFF_20260114,34811,3156,51600,162.8
TXSD_DELTAE_V3_OFF_20260114,34821,3156,51300,161.9
TXSD_DELTAE_V3_OFF_20260114,34831,3156,51900,163.8
TXSD_DELTAE_V3_OFF_20260114,34841,3156,51100,161.3
TXSD_DELTAE_V3_OFF_20260114,34851,3160,52000,164.3
TXSD_DELTAE_V3_OFF_20260114,34861,3156,51100,161.3
TXSD_DELTAE_V3_OFF_20260114,34871,3160,52100,164.6
TXSD_DELTAE_V3_OFF_20260114,34881,3156,50900,160.6
TXSD_DELTAE_V3_OFF_20260114,34891,3160,52200,165.0
TXSD_DELTAE_V3_OFF_20260114,34901,3156,51100,161.3
TXSD_DELTAE_V3_OFF_20260114,34911,3160,52000,164.3
TXSD_DELTAE_V3_OFF_20260114,34921,3152,51100,161.1
TXSD_DELTAE_V3_OFF_20260114,34931,3156,51900,163.8
TXSD_DELTAE_V3_OFF_20260114,34941,3156,51300,161.9
TXSD_DELTAE_V3_OFF_20260114,34951,3160,51600,163.1
TXSD_DELTAE_V3_OFF_20260114,34961,3156,51700,163.2
TXSD_DELTAE_V3_OFF_20260114,34971,3156,51300,161.9
TXSD_DELTAE_V3_OFF_20260114,34981,3156,51900,163.8
TXSD_DELTAE_V3_OFF_20260114,34991,3156,51100,161.3
TXSD_DELTAE_V3_OFF_20260114,35001,3160,52000,164.3
TXSD_DELTAE_V3_OFF_20260114,35011,3152,51100,161.1
TXSD_DELTAE_V3_OFF_20260114,35021,3160,52100,164.6
TXSD_DELTAE_V3_OFF_20260114,35031,3156,50900,160.6
TXSD_DELTAE_V3_OFF_20260114,35041,3160,52100,164.6
TXSD_DELTAE_V3_OFF_20260114,35051,3156,51200,161.6
TXSD_DELTAE_V3_OFF_20260114,35061,3160,52000,164.3
TXSD_DELTAE_V3_OFF_20260114,35071,3156,51200,161.6
TXSD_DELTAE_V3_OFF_20260114,35081,3160,51800,163.7
TXSD_DELTAE_V3_OFF_20260114,35091,3156,51400,162.2
TXSD_DELTAE_V3_OFF_20260114,35101,3156,51400,162.2
TXSD_DELTAE_V3_OFF_20260114,35111,3156,51800,163.5
TXSD_DELTAE_V3_OFF_20260114,35121,3156,51200,161.6
TXSD_DELTAE_V3_OFF_20260114,35131,3160,52000,164.3
TXSD_DELTAE_V3_OFF_20260114,35141,3156,51000,161.0
TXSD_DELTAE_V3_OFF_20260114,35151,3160,52100,164.6
TXSD_DELTAE_V3_OFF_20260114,35161,3156,51000,161.0
TXSD_DELTAE_V3_OFF_20260114,35171,3160,52200,165.0
TXSD_DELTAE_V3_OFF_20260114,35181,3152,51000,160.8
TXSD_DELTAE_V3_OFF_20260114,35191,3160,52000,164.3
TXSD_DELTAE_V3_OFF_20260114,35201,3156,51100,161.3
TXSD_DELTAE_V3_OFF_20260114,35211,3160,51900,164.0
TXSD_DELTAE_V3_OFF_20260114,35221,3156,51200,161.6
TXSD_DELTAE_V3_OFF_20260114,35231,3160,51700,163.4
TXSD_DELTAE_V3_OFF_20260114,35241,3156,51600,162.8
TXSD_DELTAE_V3_OFF_20260114,35251,3156,51300,161.9
TXSD_DELTAE_V3_OFF_20260114,35261,3160,51900,164.0
TXSD_DELTAE_V3_OFF_20260114,35271,3156,51100,161.3
TXSD_DELTAE_V3_OFF_20260114,35281,3156,52000,164.1
TXSD_DELTAE_V3_OFF_20260114,35291,3156,51000,161.0
TXSD_DELTAE_V3_OFF_20260114,35301,3160,52100,164.6
TXSD_DELTAE_V3_OFF_20260114,35311,3156,50900,160.6
TXSD_DELTAE_V3_OFF_20260114,35321,3160,52200,165.0
TXSD_DELTAE_V3_OFF_20260114,35331,3156,51100,161.3
TXSD_DELTAE_V3_OFF_20260114,35341,3160,52000,164.3
TXSD_DELTAE_V3_OFF_20260114,35351,3156,51200,161.6
TXSD_DELTAE_V3_OFF_20260114,35361,3160,51900,164.0
TXSD_DELTAE_V3_OFF_20260114,35371,3156,51300,161.9
TXSD_DELTAE_V3_OFF_20260114,35381,3156,51500,162.5
TXSD_DELTAE_V3_OFF_20260114,35391,3156,51700,163.2
TXSD_DELTAE_V3_OFF_20260114,35401,3156,51200,161.6
TXSD_DELTAE_V3_OFF_20260114,35411,3160,51900,164.0
TXSD_DELTAE_V3_OFF_20260114,35421,3156,51100,161.3
TXSD_DELTAE_V3_OFF_20260114,35431,3160,52000,164.3
TXSD_DELTAE_V3_OFF_20260114,35441,3156,50900,160.6
TXSD_DELTAE_V3_OFF_20260114,35451,3160,52100,164.6
TXSD_DELTAE_V3_OFF_20260114,35461,3152,51100,161.1
TXSD_DELTAE_V3_OFF_20260114,35471,3160,52100,164.6
TXSD_DELTAE_V3_OFF_20260114,35481,3156,51200,161.6
TXSD_DELTAE_V3_OFF_20260114,35491,3160,52000,164.3
TXSD_DELTAE_V3_OFF_20260114,35501,3156,51200,161.6
TXSD_DELTAE_V3_OFF_20260114,35511,3156,51800,163.5
TXSD_DELTAE_V3_OFF_20260114,35521,3156,51400,162.2
TXSD_DELTAE_V3_OFF_20260114,35531,3156,51500,162.5
TXSD_DELTAE_V3_OFF_20260114,35541,3156,51800,163.5
TXSD_DELTAE_V3_OFF_20260114,35551,3156,51200,161.6
TXSD_DELTAE_V3_OFF_20260114,35561,3160,51900,164.0
TXSD_DELTAE_V3_OFF_20260114,35571,3156,51100,161.3
TXSD_DELTAE_V3_OFF_20260114,35581,3160,52100,164.6
TXSD_DELTAE_V3_OFF_20260114,35591,3156,50900,160.6
TXSD_DELTAE_V3_OFF_20260114,35601,3160,52100,164.6
TXSD_DELTAE_V3_OFF_20260114,35611,3156,51100,161.3
TXSD_DELTAE_V3_OFF_20260114,35621,3160,52000,164.3
TXSD_DELTAE_V3_OFF_20260114,35631,3156,51200,161.6
TXSD_DELTAE_V3_OFF_20260114,35641,3160,51900,164.0
TXSD_DELTAE_V3_OFF_20260114,35651,3156,51300,161.9
TXSD_DELTAE_V3_OFF_20260114,35661,3160,51600,163.1
TXSD_DELTAE_V3_OFF_20260114,35671,3156,51600,162.8
TXSD_DELTAE_V3_OFF_20260114,35681,3156,51300,161.9
TXSD_DELTAE_V3_OFF_20260114,35691,3160,51900,164.0
TXSD_DELTAE_V3_OFF_20260114,35701,3156,51100,161.3
TXSD_DELTAE_V3_OFF_20260114,35711,3160,52000,164.3
TXSD_DELTAE_V3_OFF_20260114,35721,3156,51000,161.0
TXSD_DELTAE_V3_OFF_20260114,35731,3160,52100,164.6
TXSD_DELTAE_V3_OFF_20260114,35741,3156,50900,160.6
TXSD_DELTAE_V3_OFF_20260114,35751,3160,52200,165.0
TXSD_DELTAE_V3_OFF_20260114,35761,3156,51100,161.3
TXSD_DELTAE_V3_OFF_20260114,35771,3160,52000,164.3
TXSD_DELTAE_V3_OFF_20260114,35781,3156,51200,161.6
TXSD_DELTAE_V3_OFF_20260114,35791,3160,51900,164.0
TXSD_DELTAE_V3_OFF_20260114,35801,3156,51300,161.9
TXSD_DELTAE_V3_OFF_20260114,35811,3156,51500,162.5
TXSD_DELTAE_V3_OFF_20260114,35821,3156,51700,163.2
TXSD_DELTAE_V3_OFF_20260114,35831,3156,51300,161.9
TXSD_DELTAE_V3_OFF_20260114,35841,3160,52000,164.3
TXSD_DELTAE_V3_OFF_20260114,35851,3156,51100,161.3
TXSD_DELTAE_V3_OFF_20260114,35861,3160,52100,164.6
TXSD_DELTAE_V3_OFF_20260114,35871,3152,51000,160.8
TXSD_DELTAE_V3_OFF_20260114,35881,3160,52100,164.6
TXSD_DELTAE_V3_OFF_20260114,35891,3152,51000,160.8
TXSD_DELTAE_V3_OFF_20260114,35901,3160,52100,164.6
TXSD_DELTAE_V3_OFF_20260114,35911,3156,51100,161.3
TXSD_DELTAE_V3_OFF_20260114,35921,3156,51900,163.8
TXSD_DELTAE_V3_OFF_20260114,35931,3156,51200,161.6
TXSD_DELTAE_V3_OFF_20260114,35941,3160,51700,163.4
TXSD_DELTAE_V3_OFF_20260114,35951,3156,51500,162.5
TXSD_DELTAE_V3_OFF_20260114,35961,3156,51400,162.2
TXSD_DELTAE_V3_OFF_20260114,35971,3156,51800,163.5
TXSD_DELTAE_V3_OFF_20260114,35981,3156,51200,161.6
TXSD_DELTAE_V3_OFF_20260114,35991,3156,52000,164.1
TXSD_DELTAE_V3_OFF_20260114,36001,3156,51000,161.0
TXSD_DELTAE_V3_OFF_20260114,36011,3160,52100,164.6
TXSD_DELTAE_V3_OFF_20260114,36021,3156,51000,161.0
TXSD_DELTAE_V3_OFF_20260114,36031,3156,52200,164.7
TXSD_DELTAE_V3_OFF_20260114,36041,3152,51100,161.1
TXSD_DELTAE_V3_OFF_20260114,36051,3160,52100,164.6
TXSD_DELTAE_V3_OFF_20260114,36061,3156,51100,161.3
TXSD_DELTAE_V3_OFF_20260114,36071,3160,51900,164.0
TXSD_DELTAE_V3_OFF_20260114,36081,3156,51300,161.9
TXSD_DELTAE_V3_OFF_20260114,36091,3156,51600,162.8
TXSD_DELTAE_V3_OFF_20260114,36101,3156,51600,162.8
TXSD_DELTAE_V3_OFF_20260114,36111,3156,51300,161.9
TXSD_DELTAE_V3_OFF_20260114,36121,3156,51900,163.8
TXSD_DELTAE_V3_OFF_20260114,36131,3156,51200,161.6
TXSD_DELTAE_V3_OFF_20260114,36141,3160,52100,164.6
TXSD_DELTAE_V3_OFF_20260114,36151,3156,51000,161.0
TXSD_DELTAE_V3_OFF_20260114,36161,3160,52100,164.6
TXSD_DELTAE_V3_OFF_20260114,36171,3156,51000,161.0
TXSD_DELTAE_V3_OFF_20260114,36181,3160,52200,165.0
TXSD_DELTAE_V3_OFF_20260114,36191,3156,51200,161.6
TXSD_DELTAE_V3_OFF_20260114,36201,3160,52000,164.3
TXSD_DELTAE_V3_OFF_20260114,36211,3156,51200,161.6
TXSD_DELTAE_V3_OFF_20260114,36221,3160,51900,164.0
TXSD_DELTAE_V3_OFF_20260114,36231,3156,51300,161.9
TXSD_DELTAE_V3_OFF_20260114,36241,3156,51500,162.5
TXSD_DELTAE_V3_OFF_20260114,36251,3160,51700,163.4
TXSD_DELTAE_V3_OFF_20260114,36261,3156,51200,161.6
TXSD_DELTAE_V3_OFF_20260114,36271,3160,51900,164.0
TXSD_DELTAE_V3_OFF_20260114,36281,3156,51100,161.3
TXSD_DELTAE_V3_OFF_20260114,36291,3156,52000,164.1
TXSD_DELTAE_V3_OFF_20260114,36301,3156,51000,161.0
TXSD_DELTAE_V3_OFF_20260114,36311,3160,52100,164.6
TXSD_DELTAE_V3_OFF_20260114,36321,3152,51000,160.8
TXSD_DELTAE_V3_OFF_20260114,36331,3160,52100,164.6
TXSD_DELTAE_V3_OFF_20260114,36341,3156,51200,161.6
TXSD_DELTAE_V3_OFF_20260114,36351,3160,52000,164.3
TXSD_DELTAE_V3_OFF_20260114,36361,3156,51200,161.6
TXSD_DELTAE_V3_OFF_20260114,36371,3160,51800,163.7
TXSD_DELTAE_V3_OFF_20260114,36381,3156,51500,162.5
TXSD_DELTAE_V3_OFF_20260114,36391,3156,51400,162.2
TXSD_DELTAE_V3_OFF_20260114,36401,3156,51800,163.5
TXSD_DELTAE_V3_OFF_20260114,36411,3156,51200,161.6
TXSD_DELTAE_V3_OFF_20260114,36421,3160,52000,164.3
TXSD_DELTAE_V3_OFF_20260114,36431,3156,51100,161.3
TXSD_DELTAE_V3_OFF_20260114,36441,3160,52100,164.6
TXSD_DELTAE_V3_OFF_20260114,36451,3152,51000,160.8
TXSD_DELTAE_V3_OFF_20260114,36461,3160,52200,165.0
TXSD_DELTAE_V3_OFF_20260114,36471,3152,51100,161.1
TXSD_DELTAE_V3_OFF_20260114,36481,3160,52000,164.3
TXSD_DELTAE_V3_OFF_20260114,36491,3156,51200,161.6
TXSD_DELTAE_V3_OFF_20260114,36501,3160,51900,164.0
TXSD_DELTAE_V3_OFF_20260114,36511,3156,51300,161.9
TXSD_DELTAE_V3_OFF_20260114,36521,3156,51600,162.8
TXSD_DELTAE_V3_OFF_20260114,36531,3156,51600,162.8
TXSD_DELTAE_V3_OFF_20260114,36541,3156,51300,161.9
TXSD_DELTAE_V3_OFF_20260114,36551,3156,51900,163.8
TXSD_DELTAE_V3_OFF_20260114,36561,3156,51200,161.6
TXSD_DELTAE_V3_OFF_20260114,36571,3156,52000,164.1
TXSD_DELTAE_V3_OFF_20260114,36581,3156,51100,161.3
TXSD_DELTAE_V3_OFF_20260114,36591,3160,52200,165.0
TXSD_DELTAE_V3_OFF_20260114,36601,3152,50900,160.4
TXSD_DELTAE_V3_OFF_20260114,36611,3160,52200,165.0
TXSD_DELTAE_V3_OFF_20260114,36621,3156,51200,161.6
TXSD_DELTAE_V3_OFF_20260114,36631,3160,52000,164.3
TXSD_DELTAE_V3_OFF_20260114,36641,3156,51200,161.6
TXSD_DELTAE_V3_OFF_20260114,36651,3156,51900,163.8
TXSD_DELTAE_V3_OFF_20260114,36661,3156,51400,162.2
TXSD_DELTAE_V3_OFF_20260114,36671,3156,51500,162.5
TXSD_DELTAE_V3_OFF_20260114,36681,3156,51800,163.5
TXSD_DELTAE_V3_OFF_20260114,36691,3156,51200,161.6
TXSD_DELTAE_V3_OFF_20260114,36701,3156,51900,163.8
TXSD_DELTAE_V3_OFF_20260114,36711,3156,51100,161.3
TXSD_DELTAE_V3_OFF_20260114,36721,3160,52100,164.6
TXSD_DELTAE_V3_OFF_20260114,36731,3156,51100,161.3
TXSD_DELTAE_V3_OFF_20260114,36741,3160,52200,165.0
TXSD_DELTAE_V3_OFF_20260114,36751,3152,51100,161.1
TXSD_DELTAE_V3_OFF_20260114,36761,3160,52100,164.6
TXSD_DELTAE_V3_OFF_20260114,36771,3156,51200,161.6
TXSD_DELTAE_V3_OFF_20260114,36781,3156,51900,163.8
TXSD_DELTAE_V3_OFF_20260114,36791,3152,51200,161.4
TXSD_DELTAE_V3_OFF_20260114,36801,3156,51700,163.2
TXSD_DELTAE_V3_OFF_20260114,36811,3156,51600,162.8
TXSD_DELTAE_V3_OFF_20260114,36821,3156,51500,162.5
TXSD_DELTAE_V3_OFF_20260114,36831,3156,51900,163.8
TXSD_DELTAE_V3_OFF_20260114,36841,3156,51200,161.6
TXSD_DELTAE_V3_OFF_20260114,36851,3160,52000,164.3
TXSD_DELTAE_V3_OFF_20260114,36861,3156,51100,161.3
TXSD_DELTAE_V3_OFF_20260114,36871,3160,52100,164.6
TXSD_DELTAE_V3_OFF_20260114,36881,3152,50900,160.4
TXSD_DELTAE_V3_OFF_20260114,36891,3160,52200,165.0
TXSD_DELTAE_V3_OFF_20260114,36901,3152,51100,161.1
TXSD_DELTAE_V3_OFF_20260114,36911,3160,52000,164.3
TXSD_DELTAE_V3_OFF_20260114,36921,3156,51100,161.3
TXSD_DELTAE_V3_OFF_20260114,36931,3156,51900,163.8
TXSD_DELTAE_V3_OFF_20260114,36941,3156,51300,161.9
TXSD_DELTAE_V3_OFF_20260114,36951,3156,51600,162.8
TXSD_DELTAE_V3_OFF_20260114,36961,3156,51700,163.2
TXSD_DELTAE_V3_OFF_20260114,36971,3156,51300,161.9
TXSD_DELTAE_V3_OFF_20260114,36981,3156,51900,163.8
TXSD_DELTAE_V3_OFF_20260114,36991,3156,51100,161.3
TXSD_DELTAE_V3_OFF_20260114,37001,3160,52000,164.3
TXSD_DELTAE_V3_OFF_20260114,37011,3156,51000,161.0
TXSD_DELTAE_V3_OFF_20260114,37021,3160,52100,164.6
TXSD_DELTAE_V3_OFF_20260114,37031,3152,51100,161.1
TXSD_DELTAE_V3_OFF_20260114,37041,3160,52200,165.0
TXSD_DELTAE_V3_OFF_20260114,37051,3156,51200,161.6
TXSD_DELTAE_V3_OFF_20260114,37061,3160,52000,164.3
TXSD_DELTAE_V3_OFF_20260114,37071,3156,51100,161.3
TXSD_DELTAE_V3_OFF_20260114,37081,3156,51900,163.8
TXSD_DELTAE_V3_OFF_20260114,37091,3156,51400,162.2
TXSD_DELTAE_V3_OFF_20260114,37101,3156,51500,162.5
TXSD_DELTAE_V3_OFF_20260114,37111,3156,51700,163.2
TXSD_DELTAE_V3_OFF_20260114,37121,3156,51200,161.6
TXSD_DELTAE_V3_OFF_20260114,37131,3156,52000,164.1
TXSD_DELTAE_V3_OFF_20260114,37141,3156,51100,161.3
TXSD_DELTAE_V3_OFF_20260114,37151,3160,52100,164.6
TXSD_DELTAE_V3_OFF_20260114,37161,3156,51000,161.0
TXSD_DELTAE_V3_OFF_20260114,37171,3160,52200,165.0
TXSD_DELTAE_V3_OFF_20260114,37181,3156,51100,161.3
TXSD_DELTAE_V3_OFF_20260114,37191,3160,52100,164.6
TXSD_DELTAE_V3_OFF_20260114,37201,3156,51200,161.6
TXSD_DELTAE_V3_OFF_20260114,37211,3160,51900,164.0
TXSD_DELTAE_V3_OFF_20260114,37221,3156,51300,161.9
TXSD_DELTAE_V3_OFF_20260114,37231,3160,51700,163.4
TXSD_DELTAE_V3_OFF_20260114,37241,3156,51600,162.8
TXSD_DELTAE_V3_OFF_20260114,37251,3156,51300,161.9
TXSD_DELTAE_V3_OFF_20260114,37261,3156,51900,163.8
TXSD_DELTAE_V3_OFF_20260114,37271,3156,51300,161.9
TXSD_DELTAE_V3_OFF_20260114,37281,3160,52000,164.3
TXSD_DELTAE_V3_OFF_20260114,37291,3156,51100,161.3
TXSD_DELTAE_V3_OFF_20260114,37301,3156,52100,164.4
TXSD_DELTAE_V3_OFF_20260114,37311,3156,51000,161.0
TXSD_DELTAE_V3_OFF_20260114,37321,3160,52200,165.0
TXSD_DELTAE_V3_OFF_20260114,37331,3152,51100,161.1
TXSD_DELTAE_V3_OFF_20260114,37341,3160,52100,164.6
TXSD_DELTAE_V3_OFF_20260114,37351,3156,51200,161.6
TXSD_DELTAE_V3_OFF_20260114,37361,3156,51900,163.8
TXSD_DELTAE_V3_OFF_20260114,37371,3156,51300,161.9
TXSD_DELTAE_V3_OFF_20260114,37381,3156,51600,162.8
TXSD_DELTAE_V3_OFF_20260114,37391,3156,51700,163.2
TXSD_DELTAE_V3_OFF_20260114,37401,3156,51300,161.9
TXSD_DELTAE_V3_OFF_20260114,37411,3156,51900,163.8
TXSD_DELTAE_V3_OFF_20260114,37421,3156,51100,161.3
TXSD_DELTAE_V3_OFF_20260114,37431,3160,52100,164.6
TXSD_DELTAE_V3_OFF_20260114,37441,3156,51000,161.0
TXSD_DELTAE_V3_OFF_20260114,37451,3160,52200,165.0
TXSD_DELTAE_V3_OFF_20260114,37461,3156,51000,161.0
TXSD_DELTAE_V3_OFF_20260114,37471,3160,52200,165.0
TXSD_DELTAE_V3_OFF_20260114,37481,3156,51200,161.6
TXSD_DELTAE_V3_OFF_20260114,37491,3156,52000,164.1
TXSD_DELTAE_V3_OFF_20260114,37501,3156,51200,161.6
TXSD_DELTAE_V3_OFF_20260114,37511,3156,51800,163.5
TXSD_DELTAE_V3_OFF_20260114,37521,3156,51400,162.2
TXSD_DELTAE_V3_OFF_20260114,37531,3160,51400,162.4
TXSD_DELTAE_V3_OFF_20260114,37541,3156,51700,163.2
TXSD_DELTAE_V3_OFF_20260114,37551,3156,51200,161.6
TXSD_DELTAE_V3_OFF_20260114,37561,3156,52000,164.1
TXSD_DELTAE_V3_OFF_20260114,37571,3156,51100,161.3
TXSD_DELTAE_V3_OFF_20260114,37581,3156,52100,164.4
TXSD_DELTAE_V3_OFF_20260114,37591,3156,51000,161.0
TXSD_DELTAE_V3_OFF_20260114,37601,3160,52200,165.0
TXSD_DELTAE_V3_OFF_20260114,37611,3156,51100,161.3
TXSD_DELTAE_V3_OFF_20260114,37621,3160,52100,164.6
TXSD_DELTAE_V3_OFF_20260114,37631,3156,51200,161.6
TXSD_DELTAE_V3_OFF_20260114,37641,3160,52000,164.3
TXSD_DELTAE_V3_OFF_20260114,37651,3156,51200,161.6
TXSD_DELTAE_V3_OFF_20260114,37661,3156,51700,163.2
TXSD_DELTAE_V3_OFF_20260114,37671,3156,51600,162.8
TXSD_DELTAE_V3_OFF_20260114,37681,3156,51400,162.2
TXSD_DELTAE_V3_OFF_20260114,37691,3156,51800,163.5
TXSD_DELTAE_V3_OFF_20260114,37701,3156,51200,161.6
TXSD_DELTAE_V3_OFF_20260114,37711,3160,52000,164.3
TXSD_DELTAE_V3_OFF_20260114,37721,3156,51100,161.3
TXSD_DELTAE_V3_OFF_20260114,37731,3160,52100,164.6
TXSD_DELTAE_V3_OFF_20260114,37741,3156,51000,161.0
TXSD_DELTAE_V3_OFF_20260114,37751,3160,52200,165.0
TXSD_DELTAE_V3_OFF_20260114,37761,3152,51200,161.4
TXSD_DELTAE_V3_OFF_20260114,37771,3160,52000,164.3
TXSD_DELTAE_V3_OFF_20260114,37781,3156,51100,161.3
TXSD_DELTAE_V3_OFF_20260114,37791,3160,51900,164.0
TXSD_DELTAE_V3_OFF_20260114,37801,3156,51300,161.9
TXSD_DELTAE_V3_OFF_20260114,37811,3156,51600,162.8
TXSD_DELTAE_V3_OFF_20260114,37821,3156,51700,163.2
TXSD_DELTAE_V3_OFF_20260114,37831,3156,51300,161.9
TXSD_DELTAE_V3_OFF_20260114,37841,3160,52000,164.3
TXSD_DELTAE_V3_OFF_20260114,37851,3152,51100,161.1
TXSD_DELTAE_V3_OFF_20260114,37861,3160,52000,164.3
TXSD_DELTAE_V3_OFF_20260114,37871,3156,51000,161.0
TXSD_DELTAE_V3_OFF_20260114,37881,3156,52200,164.7
TXSD_DELTAE_V3_OFF_20260114,37891,3152,51000,160.8
TXSD_DELTAE_V3_OFF_20260114,37901,3160,52200,165.0
TXSD_DELTAE_V3_OFF_20260114,37911,3156,51200,161.6
TXSD_DELTAE_V3_OFF_20260114,37921,3160,52000,164.3
TXSD_DELTAE_V3_OFF_20260114,37931,3156,51200,161.6
TXSD_DELTAE_V3_OFF_20260114,37941,3160,51800,163.7
TXSD_DELTAE_V3_OFF_20260114,37951,3156,51500,162.5
TXSD_DELTAE_V3_OFF_20260114,37961,3156,51500,162.5
TXSD_DELTAE_V3_OFF_20260114,37971,3156,51800,163.5
TXSD_DELTAE_V3_OFF_20260114,37981,3156,51200,161.6
TXSD_DELTAE_V3_OFF_20260114,37991,3156,52000,164.1
TXSD_DELTAE_V3_OFF_20260114,38001,3156,51100,161.3
TXSD_DELTAE_V3_OFF_20260114,38011,3160,52100,164.6
TXSD_DELTAE_V3_OFF_20260114,38021,3156,51000,161.0
TXSD_DELTAE_V3_OFF_20260114,38031,3160,52200,165.0
TXSD_DELTAE_V3_OFF_20260114,38041,3156,51100,161.3
TXSD_DELTAE_V3_OFF_20260114,38051,3156,52100,164.4
TXSD_DELTAE_V3_OFF_20260114,38061,3156,51200,161.6
TXSD_DELTAE_V3_OFF_20260114,38071,3160,52000,164.3
TXSD_DELTAE_V3_OFF_20260114,38081,3156,51200,161.6
TXSD_DELTAE_V3_OFF_20260114,38091,3156,51700,163.2
TXSD_DELTAE_V3_OFF_20260114,38101,3156,51600,162.8
TXSD_DELTAE_V3_OFF_20260114,38111,3156,51300,161.9
TXSD_DELTAE_V3_OFF_20260114,38121,3156,51800,163.5
TXSD_DELTAE_V3_OFF_20260114,38131,3156,51200,161.6
TXSD_DELTAE_V3_OFF_20260114,38141,3160,52000,164.3
TXSD_DELTAE_V3_OFF_20260114,38151,3156,51000,161.0
TXSD_DELTAE_V3_OFF_20260114,38161,3160,52100,164.6
TXSD_DELTAE_V3_OFF_20260114,38171,3152,51000,160.8
TXSD_DELTAE_V3_OFF_20260114,38181,3160,52200,165.0
TXSD_DELTAE_V3_OFF_20260114,38191,3156,51100,161.3
TXSD_DELTAE_V3_OFF_20260114,38201,3160,52000,164.3
TXSD_DELTAE_V3_OFF_20260114,38211,3156,51200,161.6
TXSD_DELTAE_V3_OFF_20260114,38221,3156,51900,163.8
TXSD_DELTAE_V3_OFF_20260114,38231,3156,51300,161.9
TXSD_DELTAE_V3_OFF_20260114,38241,3156,51600,162.8
TXSD_DELTAE_V3_OFF_20260114,38251,3156,51700,163.2
TXSD_DELTAE_V3_OFF_20260114,38261,3156,51300,161.9
TXSD_DELTAE_V3_OFF_20260114,38271,3160,51900,164.0
TXSD_DELTAE_V3_OFF_20260114,38281,3156,51200,161.6
TXSD_DELTAE_V3_OFF_20260114,38291,3156,52100,164.4
TXSD_DELTAE_V3_OFF_20260114,38301,3152,51100,161.1
TXSD_DELTAE_V3_OFF_20260114,38311,3160,52200,165.0
TXSD_DELTAE_V3_OFF_20260114,38321,3156,51100,161.3
TXSD_DELTAE_V3_OFF_20260114,38331,3160,52100,164.6
TXSD_DELTAE_V3_OFF_20260114,38341,3156,51200,161.6
TXSD_DELTAE_V3_OFF_20260114,38351,3156,52000,164.1
TXSD_DELTAE_V3_OFF_20260114,38361,3156,51200,161.6
TXSD_DELTAE_V3_OFF_20260114,38371,3156,51800,163.5
TXSD_DELTAE_V3_OFF_20260114,38381,3156,51500,162.5
TXSD_DELTAE_V3_OFF_20260114,38391,3156,51500,162.5
TXSD_DELTAE_V3_OFF_20260114,38401,3156,51700,163.2
TXSD_DELTAE_V3_OFF_20260114,38411,3156,51300,161.9
TXSD_DELTAE_V3_OFF_20260114,38421,3156,51900,163.8
TXSD_DELTAE_V3_OFF_20260114,38431,3156,51100,161.3
TXSD_DELTAE_V3_OFF_20260114,38441,3160,52100,164.6
TXSD_DELTAE_V3_OFF_20260114,38451,3156,51000,161.0
TXSD_DELTAE_V3_OFF_20260114,38461,3160,52100,164.6
TXSD_DELTAE_V3_OFF_20260114,38471,3152,51100,161.1
TXSD_DELTAE_V3_OFF_20260114,38481,3160,52200,165.0
TXSD_DELTAE_V3_OFF_20260114,38491,3156,51300,161.9
TXSD_DELTAE_V3_OFF_20260114,38501,3160,51900,164.0
TXSD_DELTAE_V3_OFF_20260114,38511,3156,51200,161.6
TXSD_DELTAE_V3_OFF_20260114,38521,3156,51700,163.2
TXSD_DELTAE_V3_OFF_20260114,38531,3156,51600,162.8
TXSD_DELTAE_V3_OFF_20260114,38541,3156,51300,161.9
TXSD_DELTAE_V3_OFF_20260114,38551,3156,51900,163.8
TXSD_DELTAE_V3_OFF_20260114,38561,3152,51200,161.4
TXSD_DELTAE_V3_OFF_20260114,38571,3160,52000,164.3
TXSD_DELTAE_V3_OFF_20260114,38581,3156,51100,161.3
TXSD_DELTAE_V3_OFF_20260114,38591,3160,52200,165.0
TXSD_DELTAE_V3_OFF_20260114,38601,3156,51000,161.0
TXSD_DELTAE_V3_OFF_20260114,38611,3160,52200,165.0
TXSD_DELTAE_V3_OFF_20260114,38621,3156,51200,161.6
TXSD_DELTAE_V3_OFF_20260114,38631,3160,52000,164.3
TXSD_DELTAE_V3_OFF_20260114,38641,3156,51200,161.6
TXSD_DELTAE_V3_OFF_20260114,38651,3156,51900,163.8
TXSD_DELTAE_V3_OFF_20260114,38661,3160,51300,162.1
TXSD_DELTAE_V3_OFF_20260114,38671,3156,51600,162.8
TXSD_DELTAE_V3_OFF_20260114,38681,3156,51800,163.5
TXSD_DELTAE_V3_OFF_20260114,38691,3156,51300,161.9
TXSD_DELTAE_V3_OFF_20260114,38701,3156,52000,164.1
TXSD_DELTAE_V3_OFF_20260114,38711,3156,51100,161.3
TXSD_DELTAE_V3_OFF_20260114,38721,3156,52100,164.4
TXSD_DELTAE_V3_OFF_20260114,38731,3156,51000,161.0
TXSD_DELTAE_V3_OFF_20260114,38741,3156,52200,164.7
TXSD_DELTAE_V3_OFF_20260114,38751,3156,51100,161.3
TXSD_DELTAE_V3_OFF_20260114,38761,3160,52200,165.0
TXSD_DELTAE_V3_OFF_20260114,38771,3152,51200,161.4
TXSD_DELTAE_V3_OFF_20260114,38781,3160,52000,164.3
TXSD_DELTAE_V3_OFF_20260114,38791,3152,51300,161.7
TXSD_DELTAE_V3_OFF_20260114,38801,3160,51800,163.7
TXSD_DELTAE_V3_OFF_20260114,38811,3156,51500,162.5
TXSD_DELTAE_V3_OFF_20260114,38821,3156,51500,162.5
TXSD_DELTAE_V3_OFF_20260114,38831,3156,51800,163.5
TXSD_DELTAE_V3_OFF_20260114,38841,3156,51300,161.9
TXSD_DELTAE_V3_OFF_20260114,38851,3156,52000,164.1
TXSD_DELTAE_V3_OFF_20260114,38861,3156,51100,161.3
TXSD_DELTAE_V3_OFF_20260114,38871,3160,52100,164.6
TXSD_DELTAE_V3_OFF_20260114,38881,3156,51000,161.0
TXSD_DELTAE_V3_OFF_20260114,38891,3156,52200,164.7
TXSD_DELTAE_V3_OFF_20260114,38901,3156,51000,161.0
TXSD_DELTAE_V3_OFF_20260114,38911,3156,52100,164.4
TXSD_DELTAE_V3_OFF_20260114,38921,3156,51200,161.6
TXSD_DELTAE_V3_OFF_20260114,38931,3156,51900,163.8
TXSD_DELTAE_V3_OFF_20260114,38941,3156,51300,161.9
TXSD_DELTAE_V3_OFF_20260114,38951,3156,51700,163.2
TXSD_DELTAE_V3_OFF_20260114,38961,3156,51600,162.8
TXSD_DELTAE_V3_OFF_20260114,38971,3156,51300,161.9
TXSD_DELTAE_V3_OFF_20260114,38981,3156,51900,163.8
TXSD_DELTAE_V3_OFF_20260114,38991,3156,51100,161.3
TXSD_DELTAE_V3_OFF_20260114,39001,3160,52000,164.3
TXSD_DELTAE_V3_OFF_20260114,39011,3156,51000,161.0
TXSD_DELTAE_V3_OFF_20260114,39021,3160,52100,164.6
TXSD_DELTAE_V3_OFF_20260114,39031,3156,51000,161.0
TXSD_DELTAE_V3_OFF_20260114,39041,3160,52200,165.0
TXSD_DELTAE_V3_OFF_20260114,39051,3156,51100,161.3
TXSD_DELTAE_V3_OFF_20260114,39061,3160,52000,164.3
TXSD_DELTAE_V3_OFF_20260114,39071,3156,51200,161.6
TXSD_DELTAE_V3_OFF_20260114,39081,3156,51900,163.8
TXSD_DELTAE_V3_OFF_20260114,39091,3156,51400,162.2
TXSD_DELTAE_V3_OFF_20260114,39101,3156,51600,162.8
TXSD_DELTAE_V3_OFF_20260114,39111,3156,51700,163.2
TXSD_DELTAE_V3_OFF_20260114,39121,3156,51300,161.9
TXSD_DELTAE_V3_OFF_20260114,39131,3156,51900,163.8
TXSD_DELTAE_V3_OFF_20260114,39141,3156,51100,161.3
TXSD_DELTAE_V3_OFF_20260114,39151,3160,52100,164.6
TXSD_DELTAE_V3_OFF_20260114,39161,3156,51000,161.0
TXSD_DELTAE_V3_OFF_20260114,39171,3160,52100,164.6
TXSD_DELTAE_V3_OFF_20260114,39181,3156,51000,161.0
TXSD_DELTAE_V3_OFF_20260114,39191,3160,52100,164.6
TXSD_DELTAE_V3_OFF_20260114,39201,3156,51200,161.6
TXSD_DELTAE_V3_OFF_20260114,39211,3156,52000,164.1
TXSD_DELTAE_V3_OFF_20260114,39221,3156,51200,161.6
TXSD_DELTAE_V3_OFF_20260114,39231,3156,51800,163.5
TXSD_DELTAE_V3_OFF_20260114,39241,3156,51500,162.5
TXSD_DELTAE_V3_OFF_20260114,39251,3156,51400,162.2
TXSD_DELTAE_V3_OFF_20260114,39261,3156,51800,163.5
TXSD_DELTAE_V3_OFF_20260114,39271,3156,51100,161.3
TXSD_DELTAE_V3_OFF_20260114,39281,3156,52000,164.1
TXSD_DELTAE_V3_OFF_20260114,39291,3156,51000,161.0
TXSD_DELTAE_V3_OFF_20260114,39301,3160,52100,164.6
TXSD_DELTAE_V3_OFF_20260114,39311,3156,50900,160.6
TXSD_DELTAE_V3_OFF_20260114,39321,3160,52200,165.0
TXSD_DELTAE_V3_OFF_20260114,39331,3152,51100,161.1
TXSD_DELTAE_V3_OFF_20260114,39341,3160,52000,164.3
TXSD_DELTAE_V3_OFF_20260114,39351,3156,51200,161.6
TXSD_DELTAE_V3_OFF_20260114,39361,3160,51900,164.0
TXSD_DELTAE_V3_OFF_20260114,39371,3156,51300,161.9
TXSD_DELTAE_V3_OFF_20260114,39381,3156,51600,162.8
TXSD_DELTAE_V3_OFF_20260114,39391,3156,51600,162.8
TXSD_DELTAE_V3_OFF_20260114,39401,3156,51300,161.9
TXSD_DELTAE_V3_OFF_20260114,39411,3156,51900,163.8
TXSD_DELTAE_V3_OFF_20260114,39421,3156,51200,161.6
TXSD_DELTAE_V3_OFF_20260114,39431,3160,52100,164.6
TXSD_DELTAE_V3_OFF_20260114,39441,3152,51000,160.8
TXSD_DELTAE_V3_OFF_20260114,39451,3160,52200,165.0
TXSD_DELTAE_V3_OFF_20260114,39461,3152,51000,160.8
TXSD_DELTAE_V3_OFF_20260114,39471,3160,52100,164.6
TXSD_DELTAE_V3_OFF_20260114,39481,3152,51100,161.1
TXSD_DELTAE_V3_OFF_20260114,39491,3160,52000,164.3
TXSD_DELTAE_V3_OFF_20260114,39501,3156,51200,161.6
TXSD_DELTAE_V3_OFF_20260114,39511,3156,51900,163.8
TXSD_DELTAE_V3_OFF_20260114,39521,3156,51400,162.2
TXSD_DELTAE_V3_OFF_20260114,39531,3156,51500,162.5
TXSD_DELTAE_V3_OFF_20260114,39541,3156,51700,163.2
TXSD_DELTAE_V3_OFF_20260114,39551,3156,51200,161.6
TXSD_DELTAE_V3_OFF_20260114,39561,3156,52000,164.1
TXSD_DELTAE_V3_OFF_20260114,39571,3156,51100,161.3
TXSD_DELTAE_V3_OFF_20260114,39581,3156,52100,164.4
TXSD_DELTAE_V3_OFF_20260114,39591,3156,51100,161.3
TXSD_DELTAE_V3_OFF_20260114,39601,3160,52200,165.0
TXSD_DELTAE_V3_OFF_20260114,39611,3152,51000,160.8
TXSD_DELTAE_V3_OFF_20260114,39621,3156,52100,164.4
TXSD_DELTAE_V3_OFF_20260114,39631,3156,51200,161.6
TXSD_DELTAE_V3_OFF_20260114,39641,3160,51900,164.0
TXSD_DELTAE_V3_OFF_20260114,39651,3156,51200,161.6
TXSD_DELTAE_V3_OFF_20260114,39661,3156,51700,163.2
TXSD_DELTAE_V3_OFF_20260114,39671,3156,51500,162.5
TXSD_DELTAE_V3_OFF_20260114,39681,3156,51300,161.9
TXSD_DELTAE_V3_OFF_20260114,39691,3156,51700,163.2
TXSD_DELTAE_V3_OFF_20260114,39701,3156,51200,161.6
TXSD_DELTAE_V3_OFF_20260114,39711,3160,52000,164.3
TXSD_DELTAE_V3_OFF_20260114,39721,3156,51000,161.0
TXSD_DELTAE_V3_OFF_20260114,39731,3160,52100,164.6
TXSD_DELTAE_V3_OFF_20260114,39741,3156,51000,161.0
TXSD_DELTAE_V3_OFF_20260114,39751,3160,52200,165.0
TXSD_DELTAE_V3_OFF_20260114,39761,3156,51200,161.6
TXSD_DELTAE_V3_OFF_20260114,39771,3160,52100,164.6
TXSD_DELTAE_V3_OFF_20260114,39781,3156,51100,161.3
TXSD_DELTAE_V3_OFF_20260114,39791,3156,51900,163.8
TXSD_DELTAE_V3_OFF_20260114,39801,3156,51300,161.9
TXSD_DELTAE_V3_OFF_20260114,39811,3160,51700,163.4
TXSD_DELTAE_V3_OFF_20260114,39821,3156,51600,162.8
TXSD_DELTAE_V3_OFF_20260114,39831,3156,51300,161.9
TXSD_DELTAE_V3_OFF_20260114,39841,3160,51900,164.0
TXSD_DELTAE_V3_OFF_20260114,39851,3156,51100,161.3
TXSD_DELTAE_V3_OFF_20260114,39861,3160,52000,164.3
TXSD_DELTAE_V3_OFF_20260114,39871,3156,51000,161.0
TXSD_DELTAE_V3_OFF_20260114,39881,3160,52100,164.6
TXSD_DELTAE_V3_OFF_20260114,39891,3156,51000,161.0
TXSD_DELTAE_V3_OFF_20260114,39901,3160,52200,165.0
TXSD_DELTAE_V3_OFF_20260114,39911,3152,51200,161.4
TXSD_DELTAE_V3_OFF_20260114,39921,3156,51900,163.8
TXSD_DELTAE_V3_OFF_20260114,39931,3156,51200,161.6
TXSD_DELTAE_V3_OFF_20260114,39941,3156,51800,163.5
TXSD_DELTAE_V3_OFF_20260114,39951,3156,51300,161.9
TXSD_DELTAE_V3_OFF_20260114,39961,3156,51400,162.2
TXSD_DELTAE_V3_OFF_20260114,39971,3156,51700,163.2
TXSD_DELTAE_V3_OFF_20260114,39981,3156,51300,161.9
TXSD_DELTAE_V3_OFF_20260114,39991,3156,52000,164.1
TXSD_DELTAE_V3_OFF_20260114,40001,3156,51000,161.0
TXSD_DELTAE_V3_OFF_20260114,40011,3156,52100,164.4
TXSD_DELTAE_V3_OFF_20260114,40021,3156,51000,161.0
TXSD_DELTAE_V3_OFF_20260114,40031,3156,52200,164.7
TXSD_DELTAE_V3_OFF_20260114,40041,3156,51000,161.0
TXSD_DELTAE_V3_OFF_20260114,40051,3156,52100,164.4
TXSD_DELTAE_V3_OFF_20260114,40061,3156,51200,161.6
TXSD_DELTAE_V3_OFF_20260114,40071,3160,51900,164.0
TXSD_DELTAE_V3_OFF_20260114,40081,3156,51200,161.6
TXSD_DELTAE_V3_OFF_20260114,40091,3160,51700,163.4
TXSD_DELTAE_V3_OFF_20260114,40101,3156,51500,162.5
TXSD_DELTAE_V3_OFF_20260114,40111,3156,51400,162.2
TXSD_DELTAE_V3_OFF_20260114,40121,3156,51800,163.5
TXSD_DELTAE_V3_OFF_20260114,40131,3156,51200,161.6
TXSD_DELTAE_V3_OFF_20260114,40141,3156,52000,164.1
TXSD_DELTAE_V3_OFF_20260114,40151,3156,51100,161.3
TXSD_DELTAE_V3_OFF_20260114,40161,3156,52100,164.4
TXSD_DELTAE_V3_OFF_20260114,40171,3156,51000,161.0
TXSD_DELTAE_V3_OFF_20260114,40181,3160,52200,165.0
TXSD_DELTAE_V3_OFF_20260114,40191,3156,51100,161.3
TXSD_DELTAE_V3_OFF_20260114,40201,3160,52000,164.3
TXSD_DELTAE_V3_OFF_20260114,40211,3156,51100,161.3
TXSD_DELTAE_V3_OFF_20260114,40221,3156,51900,163.8
TXSD_DELTAE_V3_OFF_20260114,40231,3156,51300,161.9
TXSD_DELTAE_V3_OFF_20260114,40241,3156,51600,162.8
TXSD_DELTAE_V3_OFF_20260114,40251,3156,51700,163.2
TXSD_DELTAE_V3_OFF_20260114,40261,3156,51300,161.9
TXSD_DELTAE_V3_OFF_20260114,40271,3156,51900,163.8
TXSD_DELTAE_V3_OFF_20260114,40281,3156,51100,161.3
TXSD_DELTAE_V3_OFF_20260114,40291,3160,52000,164.3
TXSD_DELTAE_V3_OFF_20260114,40301,3156,51100,161.3
TXSD_DELTAE_V3_OFF_20260114,40311,3160,52100,164.6
TXSD_DELTAE_V3_OFF_20260114,40321,3156,51000,161.0
TXSD_DELTAE_V3_OFF_20260114,40331,3156,52200,164.7
TXSD_DELTAE_V3_OFF_20260114,40341,3156,51100,161.3
TXSD_DELTAE_V3_OFF_20260114,40351,3160,52000,164.3
TXSD_DELTAE_V3_OFF_20260114,40361,3156,51200,161.6
TXSD_DELTAE_V3_OFF_20260114,40371,3156,51900,163.8
TXSD_DELTAE_V3_OFF_20260114,40381,3156,51400,162.2
TXSD_DELTAE_V3_OFF_20260114,40391,3156,51400,162.2
TXSD_DELTAE_V3_OFF_20260114,40401,3156,51800,163.5
TXSD_DELTAE_V3_OFF_20260114,40411,3156,51300,161.9
TXSD_DELTAE_V3_OFF_20260114,40421,3156,52000,164.1
TXSD_DELTAE_V3_OFF_20260114,40431,3152,51100,161.1
TXSD_DELTAE_V3_OFF_20260114,40441,3160,52100,164.6
TXSD_DELTAE_V3_OFF_20260114,40451,3152,51000,160.8
TXSD_DELTAE_V3_OFF_20260114,40461,3160,52100,164.6
TXSD_DELTAE_V3_OFF_20260114,40471,3156,51100,161.3
TXSD_DELTAE_V3_OFF_20260114,40481,3160,52100,164.6
TXSD_DELTAE_V3_OFF_20260114,40491,3156,51200,161.6
TXSD_DELTAE_V3_OFF_20260114,40501,3156,51900,163.8
TXSD_DELTAE_V3_OFF_20260114,40511,3156,51200,161.6
TXSD_DELTAE_V3_OFF_20260114,40521,3156,51700,163.2
TXSD_DELTAE_V3_OFF_20260114,40531,3156,51600,162.8
TXSD_DELTAE_V3_OFF_20260114,40541,3156,51300,161.9
TXSD_DELTAE_V3_OFF_20260114,40551,3160,51800,163.7
TXSD_DELTAE_V3_OFF_20260114,40561,3156,51100,161.3
TXSD_DELTAE_V3_OFF_20260114,40571,3160,52000,164.3
TXSD_DELTAE_V3_OFF_20260114,40581,3156,51100,161.3
TXSD_DELTAE_V3_OFF_20260114,40591,3160,52100,164.6
TXSD_DELTAE_V3_OFF_20260114,40601,3152,51000,160.8
TXSD_DELTAE_V3_OFF_20260114,40611,3160,52200,165.0
TXSD_DELTAE_V3_OFF_20260114,40621,3156,51100,161.3
TXSD_DELTAE_V3_OFF_20260114,40631,3160,52100,164.6
TXSD_DELTAE_V3_OFF_20260114,40641,3156,51200,161.6
TXSD_DELTAE_V3_OFF_20260114,40651,3156,51900,163.8
TXSD_DELTAE_V3_OFF_20260114,40661,3156,51300,161.9
TXSD_DELTAE_V3_OFF_20260114,40671,3160,51500,162.7
TXSD_DELTAE_V3_OFF_20260114,40681,3156,51700,163.2
TXSD_DELTAE_V3_OFF_20260114,40691,3156,51300,161.9
TXSD_DELTAE_V3_OFF_20260114,40701,3160,51900,164.0
TXSD_DELTAE_V3_OFF_20260114,40711,3156,51100,161.3
TXSD_DELTAE_V3_OFF_20260114,40721,3160,52000,164.3
TXSD_DELTAE_V3_OFF_20260114,40731,3152,51000,160.8
TXSD_DELTAE_V3_OFF_20260114,40741,3160,52100,164.6
TXSD_DELTAE_V3_OFF_20260114,40751,3156,51000,161.0
TXSD_DELTAE_V3_OFF_20260114,40761,3160,52100,164.6
TXSD_DELTAE_V3_OFF_20260114,40771,3156,51200,161.6
TXSD_DELTAE_V3_OFF_20260114,40781,3160,52000,164.3
TXSD_DELTAE_V3_OFF_20260114,40791,3152,51200,161.4
TXSD_DELTAE_V3_OFF_20260114,40801,3160,51800,163.7
TXSD_DELTAE_V3_OFF_20260114,40811,3156,51400,162.2
TXSD_DELTAE_V3_OFF_20260114,40821,3156,51400,162.2
TXSD_DELTAE_V3_OFF_20260114,40831,3156,51800,163.5
TXSD_DELTAE_V3_OFF_20260114,40841,3156,51200,161.6
TXSD_DELTAE_V3_OFF_20260114,40851,3156,52000,164.1
TXSD_DELTAE_V3_OFF_20260114,40861,3156,51100,161.3
TXSD_DELTAE_V3_OFF_20260114,40871,3156,52100,164.4
TXSD_DELTAE_V3_OFF_20260114,40881,3152,51000,160.8
TXSD_DELTAE_V3_OFF_20260114,40891,3160,52200,165.0
TXSD_DELTAE_V3_OFF_20260114,40901,3152,51100,161.1
TXSD_DELTAE_V3_OFF_20260114,40911,3160,52100,164.6
TXSD_DELTAE_V3_OFF_20260114,40921,3156,51200,161.6
TXSD_DELTAE_V3_OFF_20260114,40931,3156,51900,163.8
TXSD_DELTAE_V3_OFF_20260114,40941,3156,51200,161.6
TXSD_DELTAE_V3_OFF_20260114,40951,3160,51700,163.4
TXSD_DELTAE_V3_OFF_20260114,40961,3156,51600,162.8
TXSD_DELTAE_V3_OFF_20260114,40971,3156,51400,162.2
TXSD_DELTAE_V3_OFF_20260114,40981,3156,51900,163.8
TXSD_DELTAE_V3_OFF_20260114,40991,3156,51200,161.6
TXSD_DELTAE_V3_OFF_20260114,41001,3156,52100,164.4
TXSD_DELTAE_V3_OFF_20260114,41011,3156,51000,161.0
TXSD_DELTAE_V3_OFF_20260114,41021,3160,52100,164.6
TXSD_DELTAE_V3_OFF_20260114,41031,3152,50900,160.4
TXSD_DELTAE_V3_OFF_20260114,41041,3160,52200,165.0
TXSD_DELTAE_V3_OFF_20260114,41051,3156,51200,161.6
TXSD_DELTAE_V3_OFF_20260114,41061,3156,52100,164.4
TXSD_DELTAE_V3_OFF_20260114,41071,3156,51200,161.6
TXSD_DELTAE_V3_OFF_20260114,41081,3156,51900,163.8
TXSD_DELTAE_V3_OFF_20260114,41091,3156,51300,161.9
TXSD_DELTAE_V3_OFF_20260114,41101,3156,51600,162.8
TXSD_DELTAE_V3_OFF_20260114,41111,3156,51700,163.2
TXSD_DELTAE_V3_OFF_20260114,41121,3156,51200,161.6
TXSD_DELTAE_V3_OFF_20260114,41131,3156,52000,164.1
TXSD_DELTAE_V3_OFF_20260114,41141,3156,51100,161.3
TXSD_DELTAE_V3_OFF_20260114,41151,3156,52000,164.1
TXSD_DELTAE_V3_OFF_20260114,41161,3156,51000,161.0
TXSD_DELTAE_V3_OFF_20260114,41171,3160,52200,165.0
TXSD_DELTAE_V3_OFF_20260114,41181,3156,51000,161.0
TXSD_DELTAE_V3_OFF_20260114,41191,3160,52100,164.6
TXSD_DELTAE_V3_OFF_20260114,41201,3156,51200,161.6
TXSD_DELTAE_V3_OFF_20260114,41211,3156,52000,164.1
TXSD_DELTAE_V3_OFF_20260114,41221,3156,51200,161.6
TXSD_DELTAE_V3_OFF_20260114,41231,3156,51800,163.5
TXSD_DELTAE_V3_OFF_20260114,41241,3156,51500,162.5
TXSD_DELTAE_V3_OFF_20260114,41251,3156,51400,162.2
TXSD_DELTAE_V3_OFF_20260114,41261,3156,51800,163.5
TXSD_DELTAE_V3_OFF_20260114,41271,3156,51200,161.6
TXSD_DELTAE_V3_OFF_20260114,41281,3156,52000,164.1
TXSD_DELTAE_V3_OFF_20260114,41291,3152,51100,161.1
TXSD_DELTAE_V3_OFF_20260114,41301,3160,52100,164.6
TXSD_DELTAE_V3_OFF_20260114,41311,3156,51000,161.0
TXSD_DELTAE_V3_OFF_20260114,41321,3156,52200,164.7
TXSD_DELTAE_V3_OFF_20260114,41331,3152,51100,161.1
TXSD_DELTAE_V3_OFF_20260114,41341,3156,52100,164.4
TXSD_DELTAE_V3_OFF_20260114,41351,3156,51300,161.9
TXSD_DELTAE_V3_OFF_20260114,41361,3156,52000,164.1
TXSD_DELTAE_V3_OFF_20260114,41371,3156,51300,161.9
TXSD_DELTAE_V3_OFF_20260114,41381,3156,51700,163.2
TXSD_DELTAE_V3_OFF_20260114,41391,3156,51600,162.8
TXSD_DELTAE_V3_OFF_20260114,41401,3156,51300,161.9
TXSD_DELTAE_V3_OFF_20260114,41411,3156,51800,163.5
TXSD_DELTAE_V3_OFF_20260114,41421,3156,51100,161.3
TXSD_DELTAE_V3_OFF_20260114,41431,3156,52000,164.1
TXSD_DELTAE_V3_OFF_20260114,41441,3156,51100,161.3
TXSD_DELTAE_V3_OFF_20260114,41451,3160,52200,165.0
TXSD_DELTAE_V3_OFF_20260114,41461,3156,51000,161.0
TXSD_DELTAE_V3_OFF_20260114,41471,3160,52200,165.0
TXSD_DELTAE_V3_OFF_20260114,41481,3152,51200,161.4
TXSD_DELTAE_V3_OFF_20260114,41491,3160,52000,164.3
TXSD_DELTAE_V3_OFF_20260114,41501,3152,51100,161.1
TXSD_DELTAE_V3_OFF_20260114,41511,3156,51900,163.8
TXSD_DELTAE_V3_OFF_20260114,41521,3156,51300,161.9
TXSD_DELTAE_V3_OFF_20260114,41531,3160,51500,162.7
TXSD_DELTAE_V3_OFF_20260114,41541,3156,51700,163.2
TXSD_DELTAE_V3_OFF_20260114,41551,3156,51300,161.9
TXSD_DELTAE_V3_OFF_20260114,41561,3156,52000,164.1
TXSD_DELTAE_V3_OFF_20260114,41571,3156,51100,161.3
TXSD_DELTAE_V3_OFF_20260114,41581,3156,52100,164.4
TXSD_DELTAE_V3_OFF_20260114,41591,3156,51000,161.0
TXSD_DELTAE_V3_OFF_20260114,41601,3160,52100,164.6
TXSD_DELTAE_V3_OFF_20260114,41611,3152,51100,161.1
TXSD_DELTAE_V3_OFF_20260114,41621,3160,52200,165.0
TXSD_DELTAE_V3_OFF_20260114,41631,3156,51200,161.6
TXSD_DELTAE_V3_OFF_20260114,41641,3160,52000,164.3
TXSD_DELTAE_V3_OFF_20260114,41651,3156,51300,161.9
TXSD_DELTAE_V3_OFF_20260114,41661,3160,51800,163.7
TXSD_DELTAE_V3_OFF_20260114,41671,3156,51500,162.5
TXSD_DELTAE_V3_OFF_20260114,41681,3156,51400,162.2
TXSD_DELTAE_V3_OFF_20260114,41691,3156,51800,163.5
TXSD_DELTAE_V3_OFF_20260114,41701,3156,51200,161.6
TXSD_DELTAE_V3_OFF_20260114,41711,3156,52000,164.1
TXSD_DELTAE_V3_OFF_20260114,41721,3156,51000,161.0
TXSD_DELTAE_V3_OFF_20260114,41731,3160,52100,164.6
TXSD_DELTAE_V3_OFF_20260114,41741,3152,51000,160.8
TXSD_DELTAE_V3_OFF_20260114,41751,3160,52200,165.0
TXSD_DELTAE_V3_OFF_20260114,41761,3156,51100,161.3
TXSD_DELTAE_V3_OFF_20260114,41771,3160,52100,164.6
TXSD_DELTAE_V3_OFF_20260114,41781,3156,51300,161.9
TXSD_DELTAE_V3_OFF_20260114,41791,3156,51900,163.8
TXSD_DELTAE_V3_OFF_20260114,41801,3152,51300,161.7
TXSD_DELTAE_V3_OFF_20260114,41811,3156,51600,162.8
TXSD_DELTAE_V3_OFF_20260114,41821,3156,51600,162.8
TXSD_DELTAE_V3_OFF_20260114,41831,3156,51300,161.9
TXSD_DELTAE_V3_OFF_20260114,41841,3156,51900,163.8
TXSD_DELTAE_V3_OFF_20260114,41851,3156,51100,161.3
TXSD_DELTAE_V3_OFF_20260114,41861,3160,52000,164.3
TXSD_DELTAE_V3_OFF_20260114,41871,3156,51000,161.0
TXSD_DELTAE_V3_OFF_20260114,41881,3156,52200,164.7
TXSD_DELTAE_V3_OFF_20260114,41891,3156,50900,160.6
TXSD_DELTAE_V3_OFF_20260114,41901,3160,52200,165.0
TXSD_DELTAE_V3_OFF_20260114,41911,3156,51200,161.6
TXSD_DELTAE_V3_OFF_20260114,41921,3160,52000,164.3
TXSD_DELTAE_V3_OFF_20260114,41931,3156,51200,161.6
TXSD_DELTAE_V3_OFF_20260114,41941,3160,51900,164.0
TXSD_DELTAE_V3_OFF_20260114,41951,3156,51400,162.2
TXSD_DELTAE_V3_OFF_20260114,41961,3156,51500,162.5
TXSD_DELTAE_V3_OFF_20260114,41971,3156,51700,163.2
TXSD_DELTAE_V3_OFF_20260114,41981,3156,51200,161.6
TXSD_DELTAE_V3_OFF_20260114,41991,3156,51900,163.8
TXSD_DELTAE_V3_OFF_20260114,42001,3156,51100,161.3
TXSD_DELTAE_V3_OFF_20260114,42011,3156,52000,164.1
TXSD_DELTAE_V3_OFF_20260114,42021,3156,51000,161.0
TXSD_DELTAE_V3_OFF_20260114,42031,3156,52100,164.4
TXSD_DELTAE_V3_OFF_20260114,42041,3152,51000,160.8
TXSD_DELTAE_V3_OFF_20260114,42051,3160,52100,164.6
TXSD_DELTAE_V3_OFF_20260114,42061,3156,51200,161.6
TXSD_DELTAE_V3_OFF_20260114,42071,3160,52000,164.3
TXSD_DELTAE_V3_OFF_20260114,42081,3156,51200,161.6
TXSD_DELTAE_V3_OFF_20260114,42091,3160,51700,163.4
TXSD_DELTAE_V3_OFF_20260114,42101,3156,51500,162.5
TXSD_DELTAE_V3_OFF_20260114,42111,3156,51300,161.9
TXSD_DELTAE_V3_OFF_20260114,42121,3156,51800,163.5
TXSD_DELTAE_V3_OFF_20260114,42131,3156,51100,161.3
TXSD_DELTAE_V3_OFF_20260114,42141,3156,52000,164.1
TXSD_DELTAE_V3_OFF_20260114,42151,3156,51000,161.0
TXSD_DELTAE_V3_OFF_20260114,42161,3160,52100,164.6
TXSD_DELTAE_V3_OFF_20260114,42171,3156,51000,161.0
TXSD_DELTAE_V3_OFF_20260114,42181,3160,52200,165.0
TXSD_DELTAE_V3_OFF_20260114,42191,3152,51100,161.1
TXSD_DELTAE_V3_OFF_20260114,42201,3156,52000,164.1
TXSD_DELTAE_V3_OFF_20260114,42211,3156,51300,161.9
TXSD_DELTAE_V3_OFF_20260114,42221,3156,51900,163.8
TXSD_DELTAE_V3_OFF_20260114,42231,3156,51300,161.9
TXSD_DELTAE_V3_OFF_20260114,42241,3156,51600,162.8
TXSD_DELTAE_V3_OFF_20260114,42251,3156,51600,162.8
TXSD_DELTAE_V3_OFF_20260114,42261,3156,51300,161.9
TXSD_DELTAE_V3_OFF_20260114,42271,3156,51900,163.8
TXSD_DELTAE_V3_OFF_20260114,42281,3156,51100,161.3
TXSD_DELTAE_V3_OFF_20260114,42291,3156,52100,164.4
TXSD_DELTAE_V3_OFF_20260114,42301,3156,51000,161.0
TXSD_DELTAE_V3_OFF_20260114,42311,3160,52100,164.6
TXSD_DELTAE_V3_OFF_20260114,42321,3156,51000,161.0
TXSD_DELTAE_V3_OFF_20260114,42331,3160,52200,165.0
TXSD_DELTAE_V3_OFF_20260114,42341,3156,51100,161.3
TXSD_DELTAE_V3_OFF_20260114,42351,3156,52000,164.1
TXSD_DELTAE_V3_OFF_20260114,42361,3156,51200,161.6
TXSD_DELTAE_V3_OFF_20260114,42371,3160,51900,164.0
TXSD_DELTAE_V3_OFF_20260114,42381,3156,51400,162.2
TXSD_DELTAE_V3_OFF_20260114,42391,3156,51400,162.2
TXSD_DELTAE_V3_OFF_20260114,42401,3156,51700,163.2
TXSD_DELTAE_V3_OFF_20260114,42411,3156,51200,161.6
TXSD_DELTAE_V3_OFF_20260114,42421,3156,51900,163.8
TXSD_DELTAE_V3_OFF_20260114,42431,3156,51100,161.3
TXSD_DELTAE_V3_OFF_20260114,42441,3160,52100,164.6
TXSD_DELTAE_V3_OFF_20260114,42451,3156,51000,161.0
TXSD_DELTAE_V3_OFF_20260114,42461,3156,52200,164.7
TXSD_DELTAE_V3_OFF_20260114,42471,3152,51000,160.8
TXSD_DELTAE_V3_OFF_20260114,42481,3160,52200,165.0
TXSD_DELTAE_V3_OFF_20260114,42491,3156,51200,161.6
TXSD_DELTAE_V3_OFF_20260114,42501,3156,52000,164.1
TXSD_DELTAE_V3_OFF_20260114,42511,3156,51300,161.9
TXSD_DELTAE_V3_OFF_20260114,42521,3156,51700,163.2
TXSD_DELTAE_V3_OFF_20260114,42531,3156,51500,162.5
TXSD_DELTAE_V3_OFF_20260114,42541,3156,51400,162.2
TXSD_DELTAE_V3_OFF_20260114,42551,3156,51800,163.5
TXSD_DELTAE_V3_OFF_20260114,42561,3156,51300,161.9
TXSD_DELTAE_V3_OFF_20260114,42571,3160,52000,164.3
TXSD_DELTAE_V3_OFF_20260114,42581,3156,51100,161.3
TXSD_DELTAE_V3_OFF_20260114,42591,3160,52100,164.6
TXSD_DELTAE_V3_OFF_20260114,42601,3152,51100,161.1
TXSD_DELTAE_V3_OFF_20260114,42611,3156,52200,164.7
TXSD_DELTAE_V3_OFF_20260114,42621,3156,51100,161.3
TXSD_DELTAE_V3_OFF_20260114,42631,3160,52100,164.6
TXSD_DELTAE_V3_OFF_20260114,42641,3156,51200,161.6
TXSD_DELTAE_V3_OFF_20260114,42651,3156,51900,163.8
TXSD_DELTAE_V3_OFF_20260114,42661,3156,51200,161.6
TXSD_DELTAE_V3_OFF_20260114,42671,3160,51600,163.1
TXSD_DELTAE_V3_OFF_20260114,42681,3156,51700,163.2
TXSD_DELTAE_V3_OFF_20260114,42691,3156,51300,161.9
TXSD_DELTAE_V3_OFF_20260114,42701,3156,51900,163.8
TXSD_DELTAE_V3_OFF_20260114,42711,3156,51100,161.3
TXSD_DELTAE_V3_OFF_20260114,42721,3160,52100,164.6
TXSD_DELTAE_V3_OFF_20260114,42731,3156,51000,161.0
TXSD_DELTAE_V3_OFF_20260114,42741,3160,52200,165.0
TXSD_DELTAE_V3_OFF_20260114,42751,3152,50900,160.4
TXSD_DELTAE_V3_OFF_20260114,42761,3160,52200,165.0
TXSD_DELTAE_V3_OFF_20260114,42771,3152,51200,161.4
TXSD_DELTAE_V3_OFF_20260114,42781,3156,52000,164.1
TXSD_DELTAE_V3_OFF_20260114,42791,3156,51200,161.6
TXSD_DELTAE_V3_OFF_20260114,42801,3160,51900,164.0
TXSD_DELTAE_V3_OFF_20260114,42811,3156,51400,162.2
TXSD_DELTAE_V3_OFF_20260114,42821,3156,51400,162.2
TXSD_DELTAE_V3_OFF_20260114,42831,3156,51700,163.2
TXSD_DELTAE_V3_OFF_20260114,42841,3156,51200,161.6
TXSD_DELTAE_V3_OFF_20260114,42851,3160,51900,164.0
TXSD_DELTAE_V3_OFF_20260114,42861,3156,51100,161.3
TXSD_DELTAE_V3_OFF_20260114,42871,3156,52100,164.4
TXSD_DELTAE_V3_OFF_20260114,42881,3152,51000,160.8
TXSD_DELTAE_V3_OFF_20260114,42891,3160,52200,165.0
TXSD_DELTAE_V3_OFF_20260114,42901,3156,51100,161.3
TXSD_DELTAE_V3_OFF_20260114,42911,3160,52100,164.6
TXSD_DELTAE_V3_OFF_20260114,42921,3156,51300,161.9
TXSD_DELTAE_V3_OFF_20260114,42931,3160,51900,164.0
TXSD_DELTAE_V3_OFF_20260114,42941,3156,51200,161.6
TXSD_DELTAE_V3_OFF_20260114,42951,3156,51800,163.5
TXSD_DELTAE_V3_OFF_20260114,42961,3156,51500,162.5
TXSD_DELTAE_V3_OFF_20260114,42971,3156,51300,161.9
TXSD_DELTAE_V3_OFF_20260114,42981,3156,51800,163.5
TXSD_DELTAE_V3_OFF_20260114,42991,3156,51100,161.3
TXSD_DELTAE_V3_OFF_20260114,43001,3156,52000,164.1
TXSD_DELTAE_V3_OFF_20260114,43011,3156,51000,161.0
TXSD_DELTAE_V3_OFF_20260114,43021,3156,52100,164.4
TXSD_DELTAE_V3_OFF_20260114,43031,3156,50900,160.6
TXSD_DELTAE_V3_OFF_20260114,43041,3160,52200,165.0
TXSD_DELTAE_V3_OFF_20260114,43051,3152,51100,161.1
TXSD_DELTAE_V3_OFF_20260114,43061,3160,52000,164.3
TXSD_DELTAE_V3_OFF_20260114,43071,3156,51300,161.9
TXSD_DELTAE_V3_OFF_20260114,43081,3156,51900,163.8
TXSD_DELTAE_V3_OFF_20260114,43091,3156,51300,161.9
TXSD_DELTAE_V3_OFF_20260114,43101,3156,51500,162.5
TXSD_DELTAE_V3_OFF_20260114,43111,3156,51600,162.8
TXSD_DELTAE_V3_OFF_20260114,43121,3156,51300,161.9
TXSD_DELTAE_V3_OFF_20260114,43131,3156,51900,163.8
TXSD_DELTAE_V3_OFF_20260114,43141,3156,51100,161.3
TXSD_DELTAE_V3_OFF_20260114,43151,3156,52100,164.4
TXSD_DELTAE_V3_OFF_20260114,43161,3156,51000,161.0
TXSD_DELTAE_V3_OFF_20260114,43171,3160,52100,164.6
TXSD_DELTAE_V3_OFF_20260114,43181,3156,51000,161.0
TXSD_DELTAE_V3_OFF_20260114,43191,3160,52200,165.0
TXSD_DELTAE_V3_OFF_20260114,43201,3156,51100,161.3
TXSD_DELTAE_V3_OFF_20260114,43211,3156,52000,164.1
TXSD_DELTAE_V3_OFF_20260114,43221,3156,51200,161.6
TXSD_DELTAE_V3_OFF_20260114,43231,3156,51800,163.5
TXSD_DELTAE_V3_OFF_20260114,43241,3156,51400,162.2
TXSD_DELTAE_V3_OFF_20260114,43251,3156,51400,162.2
TXSD_DELTAE_V3_OFF_20260114,43261,3156,51700,163.2
TXSD_DELTAE_V3_OFF_20260114,43271,3156,51200,161.6
TXSD_DELTAE_V3_OFF_20260114,43281,3156,52000,164.1
TXSD_DELTAE_V3_OFF_20260114,43291,3156,51100,161.3
TXSD_DELTAE_V3_OFF_20260114,43301,3160,52100,164.6
TXSD_DELTAE_V3_OFF_20260114,43311,3152,51000,160.8
TXSD_DELTAE_V3_OFF_20260114,43321,3160,52200,165.0
TXSD_DELTAE_V3_OFF_20260114,43331,3152,51100,161.1
TXSD_DELTAE_V3_OFF_20260114,43341,3160,52000,164.3
TXSD_DELTAE_V3_OFF_20260114,43351,3156,51100,161.3
TXSD_DELTAE_V3_OFF_20260114,43361,3160,51900,164.0
TXSD_DELTAE_V3_OFF_20260114,43371,3156,51300,161.9
TXSD_DELTAE_V3_OFF_20260114,43381,3160,51700,163.4
TXSD_DELTAE_V3_OFF_20260114,43391,3156,51500,162.5
TXSD_DELTAE_V3_OFF_20260114,43401,3156,51300,161.9
TXSD_DELTAE_V3_OFF_20260114,43411,3156,51800,163.5
TXSD_DELTAE_V3_OFF_20260114,43421,3156,51100,161.3
TXSD_DELTAE_V3_OFF_20260114,43431,3160,52000,164.3
TXSD_DELTAE_V3_OFF_20260114,43441,3156,51000,161.0
TXSD_DELTAE_V3_OFF_20260114,43451,3156,52100,164.4
TXSD_DELTAE_V3_OFF_20260114,43461,3156,50900,160.6
TXSD_DELTAE_V3_OFF_20260114,43471,3160,52200,165.0
TXSD_DELTAE_V3_OFF_20260114,43481,3156,51100,161.3
TXSD_DELTAE_V3_OFF_20260114,43491,3160,52000,164.3
TXSD_DELTAE_V3_OFF_20260114,43501,3156,51200,161.6
TXSD_DELTAE_V3_OFF_20260114,43511,3160,51900,164.0
TXSD_DELTAE_V3_OFF_20260114,43521,3152,51300,161.7
TXSD_DELTAE_V3_OFF_20260114,43531,3156,51400,162.2
TXSD_DELTAE_V3_OFF_20260114,43541,3156,51600,162.8
TXSD_DELTAE_V3_OFF_20260114,43551,3156,51200,161.6
TXSD_DELTAE_V3_OFF_20260114,43561,3160,51900,164.0
TXSD_DELTAE_V3_OFF_20260114,43571,3156,51100,161.3
TXSD_DELTAE_V3_OFF_20260114,43581,3160,52100,164.6
TXSD_DELTAE_V3_OFF_20260114,43591,3156,51000,161.0
TXSD_DELTAE_V3_OFF_20260114,43601,3160,52100,164.6
TXSD_DELTAE_V3_OFF_20260114,43611,3156,51000,161.0
TXSD_DELTAE_V3_OFF_20260114,43621,3160,52100,164.6
TXSD_DELTAE_V3_OFF_20260114,43631,3156,51200,161.6
TXSD_DELTAE_V3_OFF_20260114,43641,3156,51900,163.8
TXSD_DELTAE_V3_OFF_20260114,43651,3156,51200,161.6
TXSD_DELTAE_V3_OFF_20260114,43661,3160,51800,163.7
TXSD_DELTAE_V3_OFF_20260114,43671,3156,51400,162.2
TXSD_DELTAE_V3_OFF_20260114,43681,3156,51500,162.5
TXSD_DELTAE_V3_OFF_20260114,43691,3156,51800,163.5
TXSD_DELTAE_V3_OFF_20260114,43701,3156,51200,161.6
TXSD_DELTAE_V3_OFF_20260114,43711,3156,51900,163.8
TXSD_DELTAE_V3_OFF_20260114,43721,3156,51100,161.3
TXSD_DELTAE_V3_OFF_20260114,43731,3156,52100,164.4
TXSD_DELTAE_V3_OFF_20260114,43741,3152,50900,160.4
TXSD_DELTAE_V3_OFF_20260114,43751,3160,52100,164.6
TXSD_DELTAE_V3_OFF_20260114,43761,3156,51100,161.3
TXSD_DELTAE_V3_OFF_20260114,43771,3160,52100,164.6
TXSD_DELTAE_V3_OFF_20260114,43781,3156,51200,161.6
TXSD_DELTAE_V3_OFF_20260114,43791,3160,51900,164.0
TXSD_DELTAE_V3_OFF_20260114,43801,3156,51200,161.6
TXSD_DELTAE_V3_OFF_20260114,43811,3156,51600,162.8
TXSD_DELTAE_V3_OFF_20260114,43821,3156,51500,162.5
TXSD_DELTAE_V3_OFF_20260114,43831,3156,51400,162.2
TXSD_DELTAE_V3_OFF_20260114,43841,3160,51900,164.0
TXSD_DELTAE_V3_OFF_20260114,43851,3156,51100,161.3
TXSD_DELTAE_V3_OFF_20260114,43861,3156,52000,164.1
TXSD_DELTAE_V3_OFF_20260114,43871,3156,51000,161.0
TXSD_DELTAE_V3_OFF_20260114,43881,3156,52100,164.4
TXSD_DELTAE_V3_OFF_20260114,43891,3156,50900,160.6
TXSD_DELTAE_V3_OFF_20260114,43901,3160,52200,165.0
TXSD_DELTAE_V3_OFF_20260114,43911,3152,51100,161.1
TXSD_DELTAE_V3_OFF_20260114,43921,3156,52000,164.1
TXSD_DELTAE_V3_OFF_20260114,43931,3156,51100,161.3
TXSD_DELTAE_V3_OFF_20260114,43941,3156,52000,164.1
TXSD_DELTAE_V3_OFF_20260114,43951,3156,51300,161.9
TXSD_DELTAE_V3_OFF_20260114,43961,3156,51500,162.5
TXSD_DELTAE_V3_OFF_20260114,43971,3156,51700,163.2
TXSD_DELTAE_V3_OFF_20260114,43981,3156,51200,161.6
TXSD_DELTAE_V3_OFF_20260114,43991,3156,51900,163.8
TXSD_DELTAE_V3_OFF_20260114,44001,3156,51100,161.3
TXSD_DELTAE_V3_OFF_20260114,44011,3160,52100,164.6
TXSD_DELTAE_V3_OFF_20260114,44021,3156,51000,161.0
TXSD_DELTAE_V3_OFF_20260114,44031,3160,52100,164.6
TXSD_DELTAE_V3_OFF_20260114,44041,3152,51100,161.1
TXSD_DELTAE_V3_OFF_20260114,44051,3160,52200,165.0
TXSD_DELTAE_V3_OFF_20260114,44061,3152,51200,161.4
TXSD_DELTAE_V3_OFF_20260114,44071,3156,52000,164.1
TXSD_DELTAE_V3_OFF_20260114,44081,3156,51300,161.9
TXSD_DELTAE_V3_OFF_20260114,44091,3160,51800,163.7
TXSD_DELTAE_V3_OFF_20260114,44101,3156,51400,162.2
TXSD_DELTAE_V3_OFF_20260114,44111,3156,51400,162.2
TXSD_DELTAE_V3_OFF_20260114,44121,3156,51800,163.5
TXSD_DELTAE_V3_OFF_20260114,44131,3152,51200,161.4
TXSD_DELTAE_V3_OFF_20260114,44141,3156,52000,164.1
TXSD_DELTAE_V3_OFF_20260114,44151,3156,51000,161.0
TXSD_DELTAE_V3_OFF_20260114,44161,3156,52100,164.4
TXSD_DELTAE_V3_OFF_20260114,44171,3152,51000,160.8
TXSD_DELTAE_V3_OFF_20260114,44181,3160,52200,165.0
TXSD_DELTAE_V3_OFF_20260114,44191,3152,51100,161.1
TXSD_DELTAE_V3_OFF_20260114,44201,3156,52000,164.1
TXSD_DELTAE_V3_OFF_20260114,44211,3156,51200,161.6
TXSD_DELTAE_V3_OFF_20260114,44221,3160,51900,164.0
TXSD_DELTAE_V3_OFF_20260114,44231,3156,51300,161.9
TXSD_DELTAE_V3_OFF_20260114,44241,3156,51600,162.8
TXSD_DELTAE_V3_OFF_20260114,44251,3156,51600,162.8
TXSD_DELTAE_V3_OFF_20260114,44261,3156,51300,161.9
TXSD_DELTAE_V3_OFF_20260114,44271,3156,51800,163.5
TXSD_DELTAE_V3_OFF_20260114,44281,3152,51100,161.1
TXSD_DELTAE_V3_OFF_20260114,44291,3156,52000,164.1
TXSD_DELTAE_V3_OFF_20260114,44301,3156,51000,161.0
TXSD_DELTAE_V3_OFF_20260114,44311,3160,52100,164.6
TXSD_DELTAE_V3_OFF_20260114,44321,3156,51000,161.0
TXSD_DELTAE_V3_OFF_20260114,44331,3156,52100,164.4
TXSD_DELTAE_V3_OFF_20260114,44341,3156,51100,161.3
TXSD_DELTAE_V3_OFF_20260114,44351,3160,52000,164.3
TXSD_DELTAE_V3_OFF_20260114,44361,3156,51100,161.3
TXSD_DELTAE_V3_OFF_20260114,44371,3156,51800,163.5
TXSD_DELTAE_V3_OFF_20260114,44381,3156,51300,161.9
TXSD_DELTAE_V3_OFF_20260114,44391,3156,51500,162.5
TXSD_DELTAE_V3_OFF_20260114,44401,3156,51700,163.2
TXSD_DELTAE_V3_OFF_20260114,44411,3156,51200,161.6
TXSD_DELTAE_V3_OFF_20260114,44421,3156,51900,163.8
TXSD_DELTAE_V3_OFF_20260114,44431,3156,51000,161.0
TXSD_DELTAE_V3_OFF_20260114,44441,3160,52100,164.6
TXSD_DELTAE_V3_OFF_20260114,44451,3156,51000,161.0
TXSD_DELTAE_V3_OFF_20260114,44461,3160,52100,164.6
TXSD_DELTAE_V3_OFF_20260114,44471,3152,51100,161.1
TXSD_DELTAE_V3_OFF_20260114,44481,3160,52100,164.6
TXSD_DELTAE_V3_OFF_20260114,44491,3152,51200,161.4
TXSD_DELTAE_V3_OFF_20260114,44501,3160,52000,164.3
TXSD_DELTAE_V3_OFF_20260114,44511,3156,51200,161.6
TXSD_DELTAE_V3_OFF_20260114,44521,3156,51800,163.5
TXSD_DELTAE_V3_OFF_20260114,44531,3156,51500,162.5
TXSD_DELTAE_V3_OFF_20260114,44541,3156,51400,162.2
TXSD_DELTAE_V3_OFF_20260114,44551,3156,51800,163.5
TXSD_DELTAE_V3_OFF_20260114,44561,3156,51200,161.6
TXSD_DELTAE_V3_OFF_20260114,44571,3156,52000,164.1
TXSD_DELTAE_V3_OFF_20260114,44581,3156,51000,161.0
TXSD_DELTAE_V3_OFF_20260114,44591,3160,52100,164.6
TXSD_DELTAE_V3_OFF_20260114,44601,3152,50900,160.4
TXSD_DELTAE_V3_OFF_20260114,44611,3160,52200,165.0
TXSD_DELTAE_V3_OFF_20260114,44621,3156,51100,161.3
TXSD_DELTAE_V3_OFF_20260114,44631,3160,52000,164.3
TXSD_DELTAE_V3_OFF_20260114,44641,3156,51200,161.6
TXSD_DELTAE_V3_OFF_20260114,44651,3156,51900,163.8
TXSD_DELTAE_V3_OFF_20260114,44661,3156,51300,161.9
TXSD_DELTAE_V3_OFF_20260114,44671,3156,51600,162.8
TXSD_DELTAE_V3_OFF_20260114,44681,3156,51600,162.8
TXSD_DELTAE_V3_OFF_20260114,44691,3156,51300,161.9
TXSD_DELTAE_V3_OFF_20260114,44701,3156,51900,163.8
TXSD_DELTAE_V3_OFF_20260114,44711,3156,51100,161.3
TXSD_DELTAE_V3_OFF_20260114,44721,3160,52100,164.6
TXSD_DELTAE_V3_OFF_20260114,44731,3156,50900,160.6
TXSD_DELTAE_V3_OFF_20260114,44741,3160,52100,164.6
TXSD_DELTAE_V3_OFF_20260114,44751,3152,51000,160.8
TXSD_DELTAE_V3_OFF_20260114,44761,3160,52200,165.0
TXSD_DELTAE_V3_OFF_20260114,44771,3156,51100,161.3
TXSD_DELTAE_V3_OFF_20260114,44781,3156,52000,164.1
TXSD_DELTAE_V3_OFF_20260114,44791,3156,51100,161.3
TXSD_DELTAE_V3_OFF_20260114,44801,3160,51900,164.0
TXSD_DELTAE_V3_OFF_20260114,44811,3156,51400,162.2
TXSD_DELTAE_V3_OFF_20260114,44821,3156,51500,162.5
TXSD_DELTAE_V3_OFF_20260114,44831,3156,51700,163.2
TXSD_DELTAE_V3_OFF_20260114,44841,3156,51200,161.6
TXSD_DELTAE_V3_OFF_20260114,44851,3160,51900,164.0
TXSD_DELTAE_V3_OFF_20260114,44861,3156,51100,161.3
TXSD_DELTAE_V3_OFF_20260114,44871,3160,52100,164.6
TXSD_DELTAE_V3_OFF_20260114,44881,3156,51000,161.0
TXSD_DELTAE_V3_OFF_20260114,44891,3160,52200,165.0
TXSD_DELTAE_V3_OFF_20260114,44901,3156,51100,161.3
TXSD_DELTAE_V3_OFF_20260114,44911,3160,52100,164.6
TXSD_DELTAE_V3_OFF_20260114,44921,3156,51200,161.6
TXSD_DELTAE_V3_OFF_20260114,44931,3160,51900,164.0
TXSD_DELTAE_V3_OFF_20260114,44941,3156,51200,161.6
TXSD_DELTAE_V3_OFF_20260114,44951,3156,51800,163.5
TXSD_DELTAE_V3_OFF_20260114,44961,3156,51600,162.8
TXSD_DELTAE_V3_OFF_20260114,44971,3156,51400,162.2
TXSD_DELTAE_V3_OFF_20260114,44981,3160,51800,163.7
TXSD_DELTAE_V3_OFF_20260114,44991,3152,51200,161.4
TXSD_DELTAE_V3_OFF_20260114,45001,3156,51900,163.8
TXSD_DELTAE_V3_OFF_20260114,45011,3156,51000,161.0
TXSD_DELTAE_V3_OFF_20260114,45021,3160,52100,164.6
TXSD_DELTAE_V3_OFF_20260114,45031,3156,50900,160.6
TXSD_DELTAE_V3_OFF_20260114,45041,3160,52200,165.0
TXSD_DELTAE_V3_OFF_20260114,45051,3156,51100,161.3
TXSD_DELTAE_V3_OFF_20260114,45061,3160,52000,164.3
TXSD_DELTAE_V3_OFF_20260114,45071,3152,51300,161.7
TXSD_DELTAE_V3_OFF_20260114,45081,3156,52000,164.1
TXSD_DELTAE_V3_OFF_20260114,45091,3156,51200,161.6
TXSD_DELTAE_V3_OFF_20260114,45101,3156,51700,163.2
TXSD_DELTAE_V3_OFF_20260114,45111,3156,51600,162.8
TXSD_DELTAE_V3_OFF_20260114,45121,3156,51300,161.9
TXSD_DELTAE_V3_OFF_20260114,45131,3156,51900,163.8
TXSD_DELTAE_V3_OFF_20260114,45141,3156,51100,161.3
TXSD_DELTAE_V3_OFF_20260114,45151,3156,52100,164.4
TXSD_DELTAE_V3_OFF_20260114,45161,3152,51000,160.8
TXSD_DELTAE_V3_OFF_20260114,45171,3160,52100,164.6
TXSD_DELTAE_V3_OFF_20260114,45181,3152,51000,160.8
TXSD_DELTAE_V3_OFF_20260114,45191,3160,52100,164.6
TXSD_DELTAE_V3_OFF_20260114,45201,3152,51200,161.4
TXSD_DELTAE_V3_OFF_20260114,45211,3160,52000,164.3
TXSD_DELTAE_V3_OFF_20260114,45221,3156,51200,161.6
TXSD_DELTAE_V3_OFF_20260114,45231,3156,51900,163.8
TXSD_DELTAE_V3_OFF_20260114,45241,3156,51400,162.2
TXSD_DELTAE_V3_OFF_20260114,45251,3156,51500,162.5
TXSD_DELTAE_V3_OFF_20260114,45261,3156,51800,163.5
TXSD_DELTAE_V3_OFF_20260114,45271,3156,51200,161.6
TXSD_DELTAE_V3_OFF_20260114,45281,3156,52000,164.1
TXSD_DELTAE_V3_OFF_20260114,45291,3152,51100,161.1
TXSD_DELTAE_V3_OFF_20260114,45301,3160,52100,164.6
TXSD_DELTAE_V3_OFF_20260114,45311,3156,51000,161.0
TXSD_DELTAE_V3_OFF_20260114,45321,3156,52200,164.7
TXSD_DELTAE_V3_OFF_20260114,45331,3156,51000,161.0
TXSD_DELTAE_V3_OFF_20260114,45341,3156,52100,164.4
TXSD_DELTAE_V3_OFF_20260114,45351,3152,51200,161.4
TXSD_DELTAE_V3_OFF_20260114,45361,3156,51900,163.8
TXSD_DELTAE_V3_OFF_20260114,45371,3156,51200,161.6
TXSD_DELTAE_V3_OFF_20260114,45381,3156,51700,163.2
TXSD_DELTAE_V3_OFF_20260114,45391,3156,51500,162.5
TXSD_DELTAE_V3_OFF_20260114,45401,3156,51400,162.2
TXSD_DELTAE_V3_OFF_20260114,45411,3156,51800,163.5
TXSD_DELTAE_V3_OFF_20260114,45421,3156,51200,161.6
TXSD_DELTAE_V3_OFF_20260114,45431,3156,52000,164.1
TXSD_DELTAE_V3_OFF_20260114,45441,3156,51100,161.3
TXSD_DELTAE_V3_OFF_20260114,45451,3160,52100,164.6
TXSD_DELTAE_V3_OFF_20260114,45461,3152,50900,160.4
TXSD_DELTAE_V3_OFF_20260114,45471,3160,52200,165.0
TXSD_DELTAE_V3_OFF_20260114,45481,3152,51100,161.1
TXSD_DELTAE_V3_OFF_20260114,45491,3156,52000,164.1
TXSD_DELTAE_V3_OFF_20260114,45501,3156,51200,161.6
TXSD_DELTAE_V3_OFF_20260114,45511,3156,51900,163.8
TXSD_DELTAE_V3_OFF_20260114,45521,3156,51300,161.9
TXSD_DELTAE_V3_OFF_20260114,45531,3156,51600,162.8
TXSD_DELTAE_V3_OFF_20260114,45541,3156,51600,162.8
TXSD_DELTAE_V3_OFF_20260114,45551,3156,51300,161.9
TXSD_DELTAE_V3_OFF_20260114,45561,3156,51900,163.8
TXSD_DELTAE_V3_OFF_20260114,45571,3156,51100,161.3
TXSD_DELTAE_V3_OFF_20260114,45581,3160,52100,164.6
TXSD_DELTAE_V3_OFF_20260114,45591,3152,51000,160.8
TXSD_DELTAE_V3_OFF_20260114,45601,3160,52100,164.6
TXSD_DELTAE_V3_OFF_20260114,45611,3156,51000,161.0
TXSD_DELTAE_V3_OFF_20260114,45621,3160,52100,164.6
TXSD_DELTAE_V3_OFF_20260114,45631,3156,51200,161.6
TXSD_DELTAE_V3_OFF_20260114,45641,3160,52000,164.3
TXSD_DELTAE_V3_OFF_20260114,45651,3152,51200,161.4
TXSD_DELTAE_V3_OFF_20260114,45661,3156,51800,163.5
TXSD_DELTAE_V3_OFF_20260114,45671,3156,51400,162.2
TXSD_DELTAE_V3_OFF_20260114,45681,3156,51500,162.5
TXSD_DELTAE_V3_OFF_20260114,45691,3160,51800,163.7
TXSD_DELTAE_V3_OFF_20260114,45701,3156,51200,161.6
TXSD_DELTAE_V3_OFF_20260114,45711,3160,52000,164.3
TXSD_DELTAE_V3_OFF_20260114,45721,3156,51100,161.3
TXSD_DELTAE_V3_OFF_20260114,45731,3156,52100,164.4
TXSD_DELTAE_V3_OFF_20260114,45741,3156,51000,161.0
TXSD_DELTAE_V3_OFF_20260114,45751,3160,52200,165.0
TXSD_DELTAE_V3_OFF_20260114,45761,3152,51000,160.8
TXSD_DELTAE_V3_OFF_20260114,45771,3156,52000,164.1
TXSD_DELTAE_V3_OFF_20260114,45781,3156,51200,161.6
TXSD_DELTAE_V3_OFF_20260114,45791,3156,51900,163.8
TXSD_DELTAE_V3_OFF_20260114,45801,3156,51300,161.9
TXSD_DELTAE_V3_OFF_20260114,45811,3156,51600,162.8
TXSD_DELTAE_V3_OFF_20260114,45821,3156,51600,162.8
TXSD_DELTAE_V3_OFF_20260114,45831,3156,51400,162.2
TXSD_DELTAE_V3_OFF_20260114,45841,3160,51800,163.7
TXSD_DELTAE_V3_OFF_20260114,45851,3156,51200,161.6
TXSD_DELTAE_V3_OFF_20260114,45861,3156,52000,164.1
TXSD_DELTAE_V3_OFF_20260114,45871,3156,51000,161.0
TXSD_DELTAE_V3_OFF_20260114,45881,3160,52200,165.0
TXSD_DELTAE_V3_OFF_20260114,45891,3152,51000,160.8
TXSD_DELTAE_V3_OFF_20260114,45901,3156,52100,164.4
TXSD_DELTAE_V3_OFF_20260114,45911,3156,51000,161.0
TXSD_DELTAE_V3_OFF_20260114,45921,3160,52000,164.3
TXSD_DELTAE_V3_OFF_20260114,45931,3152,51200,161.4
TXSD_DELTAE_V3_OFF_20260114,45941,3160,51900,164.0
TXSD_DELTAE_V3_OFF_20260114,45951,3156,51200,161.6
TXSD_DELTAE_V3_OFF_20260114,45961,3156,51600,162.8
TXSD_DELTAE_V3_OFF_20260114,45971,3156,51700,163.2
TXSD_DELTAE_V3_OFF_20260114,45981,3156,51300,161.9
TXSD_DELTAE_V3_OFF_20260114,45991,3160,51900,164.0
TXSD_DELTAE_V3_OFF_20260114,46001,3156,51100,161.3
TXSD_DELTAE_V3_OFF_20260114,46011,3156,52000,164.1
TXSD_DELTAE_V3_OFF_20260114,46021,3156,51000,161.0
TXSD_DELTAE_V3_OFF_20260114,46031,3160,52200,165.0
TXSD_DELTAE_V3_OFF_20260114,46041,3152,51000,160.8
TXSD_DELTAE_V3_OFF_20260114,46051,3156,52200,164.7
TXSD_DELTAE_V3_OFF_20260114,46061,3156,51200,161.6
TXSD_DELTAE_V3_OFF_20260114,46071,3160,51900,164.0
TXSD_DELTAE_V3_OFF_20260114,46081,3156,51200,161.6
TXSD_DELTAE_V3_OFF_20260114,46091,3160,51900,164.0
TXSD_DELTAE_V3_OFF_20260114,46101,3156,51400,162.2
TXSD_DELTAE_V3_OFF_20260114,46111,3156,51400,162.2
TXSD_DELTAE_V3_OFF_20260114,46121,3156,51800,163.5
TXSD_DELTAE_V3_OFF_20260114,46131,3152,51200,161.4
TXSD_DELTAE_V3_OFF_20260114,46141,3156,52000,164.1
TXSD_DELTAE_V3_OFF_20260114,46151,3156,51000,161.0
TXSD_DELTAE_V3_OFF_20260114,46161,3160,52100,164.6
TXSD_DELTAE_V3_OFF_20260114,46171,3156,51000,161.0
TXSD_DELTAE_V3_OFF_20260114,46181,3160,52200,165.0
TXSD_DELTAE_V3_OFF_20260114,46191,3156,51100,161.3
TXSD_DELTAE_V3_OFF_20260114,46201,3156,52100,164.4
TXSD_DELTAE_V3_OFF_20260114,46211,3156,51200,161.6
TXSD_DELTAE_V3_OFF_20260114,46221,3156,51900,163.8
TXSD_DELTAE_V3_OFF_20260114,46231,3156,51200,161.6
TXSD_DELTAE_V3_OFF_20260114,46241,3156,51600,162.8
TXSD_DELTAE_V3_OFF_20260114,46251,3156,51500,162.5
TXSD_DELTAE_V3_OFF_20260114,46261,3156,51300,161.9
TXSD_DELTAE_V3_OFF_20260114,46271,3156,51800,163.5
TXSD_DELTAE_V3_OFF_20260114,46281,3156,51100,161.3
TXSD_DELTAE_V3_OFF_20260114,46291,3160,51900,164.0
TXSD_DELTAE_V3_OFF_20260114,46301,3152,51000,160.8
TXSD_DELTAE_V3_OFF_20260114,46311,3160,52100,164.6
TXSD_DELTAE_V3_OFF_20260114,46321,3152,50900,160.4
TXSD_DELTAE_V3_OFF_20260114,46331,3156,52200,164.7
TXSD_DELTAE_V3_OFF_20260114,46341,3156,51100,161.3
TXSD_DELTAE_V3_OFF_20260114,46351,3156,52000,164.1
TXSD_DELTAE_V3_OFF_20260114,46361,3156,51200,161.6
TXSD_DELTAE_V3_OFF_20260114,46371,3160,51900,164.0
TXSD_DELTAE_V3_OFF_20260114,46381,3156,51300,161.9
TXSD_DELTAE_V3_OFF_20260114,46391,3156,51500,162.5
TXSD_DELTAE_V3_OFF_20260114,46401,3156,51700,163.2
TXSD_DELTAE_V3_OFF_20260114,46411,3156,51300,161.9
TXSD_DELTAE_V3_OFF_20260114,46421,3156,51900,163.8
TXSD_DELTAE_V3_OFF_20260114,46431,3156,51100,161.3
TXSD_DELTAE_V3_OFF_20260114,46441,3160,52000,164.3
TXSD_DELTAE_V3_OFF_20260114,46451,3156,51000,161.0
TXSD_DELTAE_V3_OFF_20260114,46461,3160,52100,164.6
TXSD_DELTAE_V3_OFF_20260114,46471,3156,51000,161.0
TXSD_DELTAE_V3_OFF_20260114,46481,3160,52100,164.6
TXSD_DELTAE_V3_OFF_20260114,46491,3152,51100,161.1
TXSD_DELTAE_V3_OFF_20260114,46501,3156,52000,164.1
TXSD_DELTAE_V3_OFF_20260114,46511,3156,51200,161.6
TXSD_DELTAE_V3_OFF_20260114,46521,3156,51800,163.5
TXSD_DELTAE_V3_OFF_20260114,46531,3156,51400,162.2
TXSD_DELTAE_V3_OFF_20260114,46541,3156,51400,162.2
TXSD_DELTAE_V3_OFF_20260114,46551,3156,51800,163.5
TXSD_DELTAE_V3_OFF_20260114,46561,3156,51200,161.6
TXSD_DELTAE_V3_OFF_20260114,46571,3160,52000,164.3
TXSD_DELTAE_V3_OFF_20260114,46581,3156,51100,161.3
TXSD_DELTAE_V3_OFF_20260114,46591,3160,52100,164.6
TXSD_DELTAE_V3_OFF_20260114,46601,3156,51000,161.0
TXSD_DELTAE_V3_OFF_20260114,46611,3156,52200,164.7
TXSD_DELTAE_V3_OFF_20260114,46621,3152,51100,161.1
TXSD_DELTAE_V3_OFF_20260114,46631,3160,52100,164.6
TXSD_DELTAE_V3_OFF_20260114,46641,3156,51200,161.6
TXSD_DELTAE_V3_OFF_20260114,46651,3156,51900,163.8
TXSD_DELTAE_V3_OFF_20260114,46661,3156,51200,161.6
TXSD_DELTAE_V3_OFF_20260114,46671,3156,51600,162.8
TXSD_DELTAE_V3_OFF_20260114,46681,3156,51600,162.8
TXSD_DELTAE_V3_OFF_20260114,46691,3156,51300,161.9
TXSD_DELTAE_V3_OFF_20260114,46701,3156,51900,163.8
TXSD_DELTAE_V3_OFF_20260114,46711,3156,51200,161.6
TXSD_DELTAE_V3_OFF_20260114,46721,3160,52100,164.6
TXSD_DELTAE_V3_OFF_20260114,46731,3156,51000,161.0
TXSD_DELTAE_V3_OFF_20260114,46741,3156,52100,164.4
TXSD_DELTAE_V3_OFF_20260114,46751,3156,50900,160.6
TXSD_DELTAE_V3_OFF_20260114,46761,3156,52200,164.7
TXSD_DELTAE_V3_OFF_20260114,46771,3156,51200,161.6
TXSD_DELTAE_V3_OFF_20260114,46781,3156,51900,163.8
TXSD_DELTAE_V3_OFF_20260114,46791,3156,51100,161.3
TXSD_DELTAE_V3_OFF_20260114,46801,3160,51900,164.0
TXSD_DELTAE_V3_OFF_20260114,46811,3156,51300,161.9
TXSD_DELTAE_V3_OFF_20260114,46821,3156,51500,162.5
TXSD_DELTAE_V3_OFF_20260114,46831,3156,51700,163.2
TXSD_DELTAE_V3_OFF_20260114,46841,3156,51200,161.6
TXSD_DELTAE_V3_OFF_20260114,46851,3160,51900,164.0
TXSD_DELTAE_V3_OFF_20260114,46861,3156,51100,161.3
TXSD_DELTAE_V3_OFF_20260114,46871,3156,52000,164.1
TXSD_DELTAE_V3_OFF_20260114,46881,3156,50900,160.6
TXSD_DELTAE_V3_OFF_20260114,46891,3156,52200,164.7
TXSD_DELTAE_V3_OFF_20260114,46901,3152,51100,161.1
TXSD_DELTAE_V3_OFF_20260114,46911,3156,52100,164.4
TXSD_DELTAE_V3_OFF_20260114,46921,3156,51200,161.6
TXSD_DELTAE_V3_OFF_20260114,46931,3160,52000,164.3
TXSD_DELTAE_V3_OFF_20260114,46941,3156,51200,161.6
TXSD_DELTAE_V3_OFF_20260114,46951,3156,51700,163.2
TXSD_DELTAE_V3_OFF_20260114,46961,3156,51500,162.5
TXSD_DELTAE_V3_OFF_20260114,46971,3156,51300,161.9
TXSD_DELTAE_V3_OFF_20260114,46981,3156,51800,163.5
TXSD_DELTAE_V3_OFF_20260114,46991,3156,51200,161.6
TXSD_DELTAE_V3_OFF_20260114,47001,3156,52000,164.1
TXSD_DELTAE_V3_OFF_20260114,47011,3156,51000,161.0
TXSD_DELTAE_V3_OFF_20260114,47021,3160,52000,164.3
TXSD_DELTAE_V3_OFF_20260114,47031,3156,51000,161.0
TXSD_DELTAE_V3_OFF_20260114,47041,3160,52200,165.0
TXSD_DELTAE_V3_OFF_20260114,47051,3152,51100,161.1
TXSD_DELTAE_V3_OFF_20260114,47061,3156,52100,164.4
TXSD_DELTAE_V3_OFF_20260114,47071,3156,51300,161.9
TXSD_DELTAE_V3_OFF_20260114,47081,3156,51900,163.8
TXSD_DELTAE_V3_OFF_20260114,47091,3156,51300,161.9
TXSD_DELTAE_V3_OFF_20260114,47101,3156,51600,162.8
TXSD_DELTAE_V3_OFF_20260114,47111,3156,51600,162.8
TXSD_DELTAE_V3_OFF_20260114,47121,3156,51300,161.9
TXSD_DELTAE_V3_OFF_20260114,47131,3156,51900,163.8
TXSD_DELTAE_V3_OFF_20260114,47141,3152,51100,161.1
TXSD_DELTAE_V3_OFF_20260114,47151,3160,52000,164.3
TXSD_DELTAE_V3_OFF_20260114,47161,3152,51000,160.8
TXSD_DELTAE_V3_OFF_20260114,47171,3160,52100,164.6
TXSD_DELTAE_V3_OFF_20260114,47181,3156,50900,160.6
TXSD_DELTAE_V3_OFF_20260114,47191,3160,52100,164.6
TXSD_DELTAE_V3_OFF_20260114,47201,3152,51100,161.1
TXSD_DELTAE_V3_OFF_20260114,47211,3160,52000,164.3
TXSD_DELTAE_V3_OFF_20260114,47221,3156,51200,161.6
TXSD_DELTAE_V3_OFF_20260114,47231,3156,51900,163.8
TXSD_DELTAE_V3_OFF_20260114,47241,3156,51300,161.9
TXSD_DELTAE_V3_OFF_20260114,47251,3156,51500,162.5
TXSD_DELTAE_V3_OFF_20260114,47261,3156,51800,163.5
TXSD_DELTAE_V3_OFF_20260114,47271,3152,51200,161.4
TXSD_DELTAE_V3_OFF_20260114,47281,3156,52000,164.1
TXSD_DELTAE_V3_OFF_20260114,47291,3156,51000,161.0
TXSD_DELTAE_V3_OFF_20260114,47301,3160,52100,164.6
TXSD_DELTAE_V3_OFF_20260114,47311,3156,51000,161.0
TXSD_DELTAE_V3_OFF_20260114,47321,3156,52100,164.4
TXSD_DELTAE_V3_OFF_20260114,47331,3156,51000,161.0
TXSD_DELTAE_V3_OFF_20260114,47341,3156,52000,164.1
TXSD_DELTAE_V3_OFF_20260114,47351,3156,51200,161.6
TXSD_DELTAE_V3_OFF_20260114,47361,3156,51900,163.8
TXSD_DELTAE_V3_OFF_20260114,47371,3152,51200,161.4
TXSD_DELTAE_V3_OFF_20260114,47381,3156,51700,163.2
TXSD_DELTAE_V3_OFF_20260114,47391,3156,51500,162.5
TXSD_DELTAE_V3_OFF_20260114,47401,3156,51400,162.2
TXSD_DELTAE_V3_OFF_20260114,47411,3156,51800,163.5
TXSD_DELTAE_V3_OFF_20260114,47421,3156,51200,161.6
TXSD_DELTAE_V3_OFF_20260114,47431,3156,52000,164.1
TXSD_DELTAE_V3_OFF_20260114,47441,3156,51000,161.0
TXSD_DELTAE_V3_OFF_20260114,47451,3160,52100,164.6
TXSD_DELTAE_V3_OFF_20260114,47461,3152,51000,160.8
TXSD_DELTAE_V3_OFF_20260114,47471,3156,52200,164.7
TXSD_DELTAE_V3_OFF_20260114,47481,3156,51100,161.3
TXSD_DELTAE_V3_OFF_20260114,47491,3156,52000,164.1
TXSD_DELTAE_V3_OFF_20260114,47501,3156,51200,161.6
TXSD_DELTAE_V3_OFF_20260114,47511,3156,51900,163.8
TXSD_DELTAE_V3_OFF_20260114,47521,3156,51200,161.6
TXSD_DELTAE_V3_OFF_20260114,47531,3156,51600,162.8
TXSD_DELTAE_V3_OFF_20260114,47541,3156,51600,162.8
TXSD_DELTAE_V3_OFF_20260114,47551,3156,51300,161.9
TXSD_DELTAE_V3_OFF_20260114,47561,3156,51900,163.8
TXSD_DELTAE_V3_OFF_20260114,47571,3156,51100,161.3
TXSD_DELTAE_V3_OFF_20260114,47581,3156,52100,164.4
TXSD_DELTAE_V3_OFF_20260114,47591,3156,51000,161.0
TXSD_DELTAE_V3_OFF_20260114,47601,3156,52100,164.4
TXSD_DELTAE_V3_OFF_20260114,47611,3152,51000,160.8
TXSD_DELTAE_V3_OFF_20260114,47621,3156,52100,164.4
TXSD_DELTAE_V3_OFF_20260114,47631,3156,51200,161.6
TXSD_DELTAE_V3_OFF_20260114,47641,3160,52000,164.3
TXSD_DELTAE_V3_OFF_20260114,47651,3156,51200,161.6
TXSD_DELTAE_V3_OFF_20260114,47661,3156,51800,163.5
TXSD_DELTAE_V3_OFF_20260114,47671,3156,51400,162.2
TXSD_DELTAE_V3_OFF_20260114,47681,3156,51400,162.2
TXSD_DELTAE_V3_OFF_20260114,47691,3156,51800,163.5
TXSD_DELTAE_V3_OFF_20260114,47701,3156,51200,161.6
TXSD_DELTAE_V3_OFF_20260114,47711,3156,51900,163.8
TXSD_DELTAE_V3_OFF_20260114,47721,3156,51100,161.3
TXSD_DELTAE_V3_OFF_20260114,47731,3160,52000,164.3
TXSD_DELTAE_V3_OFF_20260114,47741,3152,51000,160.8
TXSD_DELTAE_V3_OFF_20260114,47751,3156,52200,164.7
TXSD_DELTAE_V3_OFF_20260114,47761,3152,51100,161.1
TXSD_DELTAE_V3_OFF_20260114,47771,3156,52100,164.4
TXSD_DELTAE_V3_OFF_20260114,47781,3156,51200,161.6
TXSD_DELTAE_V3_OFF_20260114,47791,3160,51900,164.0
TXSD_DELTAE_V3_OFF_20260114,47801,3156,51200,161.6
TXSD_DELTAE_V3_OFF_20260114,47811,3156,51700,163.2
TXSD_DELTAE_V3_OFF_20260114,47821,3156,51500,162.5
TXSD_DELTAE_V3_OFF_20260114,47831,3156,51400,162.2
TXSD_DELTAE_V3_OFF_20260114,47841,3156,51800,163.5
TXSD_DELTAE_V3_OFF_20260114,47851,3156,51100,161.3
TXSD_DELTAE_V3_OFF_20260114,47861,3156,52000,164.1
TXSD_DELTAE_V3_OFF_20260114,47871,3156,51100,161.3
TXSD_DELTAE_V3_OFF_20260114,47881,3160,52100,164.6
TXSD_DELTAE_V3_OFF_20260114,47891,3152,50900,160.4
TXSD_DELTAE_V3_OFF_20260114,47901,3160,52200,165.0
TXSD_DELTAE_V3_OFF_20260114,47911,3156,51100,161.3
TXSD_DELTAE_V3_OFF_20260114,47921,3156,52000,164.1
TXSD_DELTAE_V3_OFF_20260114,47931,3152,51300,161.7
TXSD_DELTAE_V3_OFF_20260114,47941,3156,51900,163.8
TXSD_DELTAE_V3_OFF_20260114,47951,3156,51300,161.9
TXSD_DELTAE_V3_OFF_20260114,47961,3156,51600,162.8
TXSD_DELTAE_V3_OFF_20260114,47971,3156,51600,162.8
TXSD_DELTAE_V3_OFF_20260114,47981,3156,51300,161.9
TXSD_DELTAE_V3_OFF_20260114,47991,3156,51900,163.8
TXSD_DELTAE_V3_OFF_20260114,48001,3156,51100,161.3
TXSD_DELTAE_V3_OFF_20260114,48011,3160,52100,164.6
TXSD_DELTAE_V3_OFF_20260114,48021,3152,51000,160.8
TXSD_DELTAE_V3_OFF_20260114,48031,3160,52100,164.6
TXSD_DELTAE_V3_OFF_20260114,48041,3152,51000,160.8
TXSD_DELTAE_V3_OFF_20260114,48051,3160,52100,164.6
TXSD_DELTAE_V3_OFF_20260114,48061,3156,51200,161.6
TXSD_DELTAE_V3_OFF_20260114,48071,3156,52000,164.1
TXSD_DELTAE_V3_OFF_20260114,48081,3156,51300,161.9
TXSD_DELTAE_V3_OFF_20260114,48091,3160,51800,163.7
TXSD_DELTAE_V3_OFF_20260114,48101,3156,51400,162.2
TXSD_DELTAE_V3_OFF_20260114,48111,3156,51500,162.5
TXSD_DELTAE_V3_OFF_20260114,48121,3156,51800,163.5
TXSD_DELTAE_V3_OFF_20260114,48131,3156,51200,161.6
TXSD_DELTAE_V3_OFF_20260114,48141,3156,52000,164.1
TXSD_DELTAE_V3_OFF_20260114,48151,3156,51000,161.0
TXSD_DELTAE_V3_OFF_20260114,48161,3160,52100,164.6
TXSD_DELTAE_V3_OFF_20260114,48171,3152,50900,160.4
TXSD_DELTAE_V3_OFF_20260114,48181,3160,52200,165.0
TXSD_DELTAE_V3_OFF_20260114,48191,3156,51100,161.3
TXSD_DELTAE_V3_OFF_20260114,48201,3156,52100,164.4
TXSD_DELTAE_V3_OFF_20260114,48211,3152,51200,161.4
TXSD_DELTAE_V3_OFF_20260114,48221,3160,51900,164.0
TXSD_DELTAE_V3_OFF_20260114,48231,3156,51200,161.6
TXSD_DELTAE_V3_OFF_20260114,48241,3156,51700,163.2
TXSD_DELTAE_V3_OFF_20260114,48251,3156,51600,162.8
TXSD_DELTAE_V3_OFF_20260114,48261,3156,51300,161.9
TXSD_DELTAE_V3_OFF_20260114,48271,3156,51900,163.8
TXSD_DELTAE_V3_OFF_20260114,48281,3156,51100,161.3
TXSD_DELTAE_V3_OFF_20260114,48291,3160,52100,164.6
TXSD_DELTAE_V3_OFF_20260114,48301,3156,51100,161.3
TXSD_DELTAE_V3_OFF_20260114,48311,3156,52000,164.1
TXSD_DELTAE_V3_OFF_20260114,48321,3152,51000,160.8
TXSD_DELTAE_V3_OFF_20260114,48331,3156,52200,164.7
TXSD_DELTAE_V3_OFF_20260114,48341,3152,51100,161.1
TXSD_DELTAE_V3_OFF_20260114,48351,3160,52000,164.3
TXSD_DELTAE_V3_OFF_20260114,48361,3156,51300,161.9
TXSD_DELTAE_V3_OFF_20260114,48371,3156,51800,163.5
TXSD_DELTAE_V3_OFF_20260114,48381,3156,51300,161.9
TXSD_DELTAE_V3_OFF_20260114,48391,3156,51500,162.5
TXSD_DELTAE_V3_OFF_20260114,48401,3156,51600,162.8
TXSD_DELTAE_V3_OFF_20260114,48411,3156,51300,161.9
TXSD_DELTAE_V3_OFF_20260114,48421,3156,52000,164.1
TXSD_DELTAE_V3_OFF_20260114,48431,3156,51100,161.3
TXSD_DELTAE_V3_OFF_20260114,48441,3160,52000,164.3
TXSD_DELTAE_V3_OFF_20260114,48451,3156,51000,161.0
TXSD_DELTAE_V3_OFF_20260114,48461,3160,52100,164.6
TXSD_DELTAE_V3_OFF_20260114,48471,3156,51000,161.0
TXSD_DELTAE_V3_OFF_20260114,48481,3160,52100,164.6
TXSD_DELTAE_V3_OFF_20260114,48491,3152,51200,161.4
TXSD_DELTAE_V3_OFF_20260114,48501,3160,52000,164.3
TXSD_DELTAE_V3_OFF_20260114,48511,3156,51200,161.6
TXSD_DELTAE_V3_OFF_20260114,48521,3156,51800,163.5
TXSD_DELTAE_V3_OFF_20260114,48531,3156,51400,162.2
TXSD_DELTAE_V3_OFF_20260114,48541,3156,51400,162.2
TXSD_DELTAE_V3_OFF_20260114,48551,3156,51800,163.5
TXSD_DELTAE_V3_OFF_20260114,48561,3156,51200,161.6
TXSD_DELTAE_V3_OFF_20260114,48571,3160,52000,164.3
TXSD_DELTAE_V3_OFF_20260114,48581,3152,51100,161.1
TXSD_DELTAE_V3_OFF_20260114,48591,3160,52100,164.6
TXSD_DELTAE_V3_OFF_20260114,48601,3152,51000,160.8
TXSD_DELTAE_V3_OFF_20260114,48611,3160,52200,165.0
TXSD_DELTAE_V3_OFF_20260114,48621,3152,51100,161.1
TXSD_DELTAE_V3_OFF_20260114,48631,3156,52100,164.4
TXSD_DELTAE_V3_OFF_20260114,48641,3152,51200,161.4
TXSD_DELTAE_V3_OFF_20260114,48651,3156,51900,163.8
TXSD_DELTAE_V3_OFF_20260114,48661,3156,51200,161.6
TXSD_DELTAE_V3_OFF_20260114,48671,3156,51700,163.2
TXSD_DELTAE_V3_OFF_20260114,48681,3156,51600,162.8
TXSD_DELTAE_V3_OFF_20260114,48691,3156,51400,162.2
TXSD_DELTAE_V3_OFF_20260114,48701,3156,51800,163.5
TXSD_DELTAE_V3_OFF_20260114,48711,3156,51100,161.3
TXSD_DELTAE_V3_OFF_20260114,48721,3156,52000,164.1
TXSD_DELTAE_V3_OFF_20260114,48731,3152,51100,161.1
TXSD_DELTAE_V3_OFF_20260114,48741,3156,52100,164.4
TXSD_DELTAE_V3_OFF_20260114,48751,3152,51000,160.8
TXSD_DELTAE_V3_OFF_20260114,48761,3160,52200,165.0
TXSD_DELTAE_V3_OFF_20260114,48771,3156,51100,161.3
TXSD_DELTAE_V3_OFF_20260114,48781,3160,52000,164.3
TXSD_DELTAE_V3_OFF_20260114,48791,3156,51300,161.9
TXSD_DELTAE_V3_OFF_20260114,48801,3156,51800,163.5
TXSD_DELTAE_V3_OFF_20260114,48811,3156,51300,161.9
TXSD_DELTAE_V3_OFF_20260114,48821,3156,51500,162.5
TXSD_DELTAE_V3_OFF_20260114,48831,3156,51700,163.2
TXSD_DELTAE_V3_OFF_20260114,48841,3156,51200,161.6
TXSD_DELTAE_V3_OFF_20260114,48851,3156,51900,163.8
TXSD_DELTAE_V3_OFF_20260114,48861,3156,51000,161.0
TXSD_DELTAE_V3_OFF_20260114,48871,3160,52100,164.6
TXSD_DELTAE_V3_OFF_20260114,48881,3152,51000,160.8
TXSD_DELTAE_V3_OFF_20260114,48891,3160,52100,164.6
TXSD_DELTAE_V3_OFF_20260114,48901,3152,51100,161.1
TXSD_DELTAE_V3_OFF_20260114,48911,3160,52100,164.6
TXSD_DELTAE_V3_OFF_20260114,48921,3152,51200,161.4
TXSD_DELTAE_V3_OFF_20260114,48931,3160,51900,164.0
TXSD_DELTAE_V3_OFF_20260114,48941,3156,51200,161.6
TXSD_DELTAE_V3_OFF_20260114,48951,3160,51700,163.4
TXSD_DELTAE_V3_OFF_20260114,48961,3156,51500,162.5
TXSD_DELTAE_V3_OFF_20260114,48971,3156,51400,162.2
TXSD_DELTAE_V3_OFF_20260114,48981,3156,51800,163.5
TXSD_DELTAE_V3_OFF_20260114,48991,3156,51200,161.6
TXSD_DELTAE_V3_OFF_20260114,49001,3156,52000,164.1
TXSD_DELTAE_V3_OFF_20260114,49011,3152,51100,161.1
TXSD_DELTAE_V3_OFF_20260114,49021,3160,52100,164.6
TXSD_DELTAE_V3_OFF_20260114,49031,3156,50900,160.6
TXSD_DELTAE_V3_OFF_20260114,49041,3156,52200,164.7
TXSD_DELTAE_V3_OFF_20260114,49051,3152,51100,161.1
TXSD_DELTAE_V3_OFF_20260114,49061,3156,52000,164.1
TXSD_DELTAE_V3_OFF_20260114,49071,3152,51200,161.4
TXSD_DELTAE_V3_OFF_20260114,49081,3160,51900,164.0
TXSD_DELTAE_V3_OFF_20260114,49091,3156,51200,161.6
TXSD_DELTAE_V3_OFF_20260114,49101,3156,51600,162.8
TXSD_DELTAE_V3_OFF_20260114,49111,3156,51600,162.8
TXSD_DELTAE_V3_OFF_20260114,49121,3156,51300,161.9
TXSD_DELTAE_V3_OFF_20260114,49131,3156,51900,163.8
TXSD_DELTAE_V3_OFF_20260114,49141,3156,51100,161.3
TXSD_DELTAE_V3_OFF_20260114,49151,3160,52000,164.3
TXSD_DELTAE_V3_OFF_20260114,49161,3156,51000,161.0
TXSD_DELTAE_V3_OFF_20260114,49171,3160,52100,164.6
TXSD_DELTAE_V3_OFF_20260114,49181,3156,50900,160.6
TXSD_DELTAE_V3_OFF_20260114,49191,3160,52200,165.0
TXSD_DELTAE_V3_OFF_20260114,49201,3152,51100,161.1
TXSD_DELTAE_V3_OFF_20260114,49211,3156,51900,163.8
TXSD_DELTAE_V3_OFF_20260114,49221,3156,51200,161.6
TXSD_DELTAE_V3_OFF_20260114,49231,3160,51900,164.0
TXSD_DELTAE_V3_OFF_20260114,49241,3156,51400,162.2
TXSD_DELTAE_V3_OFF_20260114,49251,3156,51500,162.5
TXSD_DELTAE_V3_OFF_20260114,49261,3156,51800,163.5
TXSD_DELTAE_V3_OFF_20260114,49271,3156,51200,161.6
TXSD_DELTAE_V3_OFF_20260114,49281,3156,52000,164.1
TXSD_DELTAE_V3_OFF_20260114,49291,3152,51100,161.1
TXSD_DELTAE_V3_OFF_20260114,49301,3160,52100,164.6
TXSD_DELTAE_V3_OFF_20260114,49311,3152,51000,160.8
TXSD_DELTAE_V3_OFF_20260114,49321,3160,52200,165.0
TXSD_DELTAE_V3_OFF_20260114,49331,3152,51100,161.1
TXSD_DELTAE_V3_OFF_20260114,49341,3160,52100,164.6
TXSD_DELTAE_V3_OFF_20260114,49351,3156,51200,161.6
TXSD_DELTAE_V3_OFF_20260114,49361,3156,51900,163.8
TXSD_DELTAE_V3_OFF_20260114,49371,3156,51200,161.6
TXSD_DELTAE_V3_OFF_20260114,49381,3156,51700,163.2
TXSD_DELTAE_V3_OFF_20260114,49391,3156,51500,162.5
TXSD_DELTAE_V3_OFF_20260114,49401,3156,51400,162.2
TXSD_DELTAE_V3_OFF_20260114,49411,3156,51800,163.5
TXSD_DELTAE_V3_OFF_20260114,49421,3156,51200,161.6
TXSD_DELTAE_V3_OFF_20260114,49431,3156,52000,164.1
TXSD_DELTAE_V3_OFF_20260114,49441,3152,51100,161.1
TXSD_DELTAE_V3_OFF_20260114,49451,3160,52200,165.0
TXSD_DELTAE_V3_OFF_20260114,49461,3152,51000,160.8
TXSD_DELTAE_V3_OFF_20260114,49471,3156,52200,164.7
TXSD_DELTAE_V3_OFF_20260114,49481,3156,51100,161.3
TXSD_DELTAE_V3_OFF_20260114,49491,3156,52000,164.1
TXSD_DELTAE_V3_OFF_20260114,49501,3156,51300,161.9
TXSD_DELTAE_V3_OFF_20260114,49511,3160,51800,163.7
TXSD_DELTAE_V3_OFF_20260114,49521,3156,51300,161.9
TXSD_DELTAE_V3_OFF_20260114,49531,3156,51600,162.8
TXSD_DELTAE_V3_OFF_20260114,49541,3156,51700,163.2
TXSD_DELTAE_V3_OFF_20260114,49551,3156,51300,161.9
TXSD_DELTAE_V3_OFF_20260114,49561,3156,51900,163.8
TXSD_DELTAE_V3_OFF_20260114,49571,3156,51100,161.3
TXSD_DELTAE_V3_OFF_20260114,49581,3160,52000,164.3
TXSD_DELTAE_V3_OFF_20260114,49591,3156,51000,161.0
TXSD_DELTAE_V3_OFF_20260114,49601,3160,52100,164.6
TXSD_DELTAE_V3_OFF_20260114,49611,3152,51000,160.8
TXSD_DELTAE_V3_OFF_20260114,49621,3160,52200,165.0
TXSD_DELTAE_V3_OFF_20260114,49631,3156,51200,161.6
TXSD_DELTAE_V3_OFF_20260114,49641,3156,52000,164.1
TXSD_DELTAE_V3_OFF_20260114,49651,3156,51300,161.9
TXSD_DELTAE_V3_OFF_20260114,49661,3156,51900,163.8
TXSD_DELTAE_V3_OFF_20260114,49671,3156,51400,162.2
TXSD_DELTAE_V3_OFF_20260114,49681,3156,51500,162.5
TXSD_DELTAE_V3_OFF_20260114,49691,3156,51700,163.2
TXSD_DELTAE_V3_OFF_20260114,49701,3156,51200,161.6
TXSD_DELTAE_V3_OFF_20260114,49711,3156,52000,164.1
TXSD_DELTAE_V3_OFF_20260114,49721,3156,51200,161.6
TXSD_DELTAE_V3_OFF_20260114,49731,3160,52000,164.3
TXSD_DELTAE_V3_OFF_20260114,49741,3152,51000,160.8
TXSD_DELTAE_V3_OFF_20260114,49751,3160,52200,165.0
TXSD_DELTAE_V3_OFF_20260114,49761,3152,51200,161.4
TXSD_DELTAE_V3_OFF_20260114,49771,3160,52100,164.6
TXSD_DELTAE_V3_OFF_20260114,49781,3156,51200,161.6
TXSD_DELTAE_V3_OFF_20260114,49791,3156,52000,164.1
TXSD_DELTAE_V3_OFF_20260114,49801,3156,51300,161.9
TXSD_DELTAE_V3_OFF_20260114,49811,3156,51700,163.2
TXSD_DELTAE_V3_OFF_20260114,49821,3156,51600,162.8
TXSD_DELTAE_V3_OFF_20260114,49831,3156,51300,161.9
TXSD_DELTAE_V3_OFF_20260114,49841,3156,51800,163.5
TXSD_DELTAE_V3_OFF_20260114,49851,3156,51200,161.6
TXSD_DELTAE_V3_OFF_20260114,49861,3156,52000,164.1
TXSD_DELTAE_V3_OFF_20260114,49871,3152,51100,161.1
TXSD_DELTAE_V3_OFF_20260114,49881,3160,52100,164.6
TXSD_DELTAE_V3_OFF_20260114,49891,3152,51000,160.8
TXSD_DELTAE_V3_OFF_20260114,49901,3156,52200,164.7
TXSD_DELTAE_V3_OFF_20260114,49911,3156,51100,161.3
TXSD_DELTAE_V3_OFF_20260114,49921,3160,52100,164.6
TXSD_DELTAE_V3_OFF_20260114,49931,3156,51200,161.6
TXSD_DELTAE_V3_OFF_20260114,49941,3156,51800,163.5
TXSD_DELTAE_V3_OFF_20260114,49951,3156,51300,161.9
TXSD_DELTAE_V3_OFF_20260114,49961,3156,51600,162.8
TXSD_DELTAE_V3_OFF_20260114,49971,3156,51700,163.2
TXSD_DELTAE_V3_OFF_20260114,49981,3152,51200,161.4
TXSD_DELTAE_V3_OFF_20260114,49991,3156,52000,164.1
TXSD_DELTAE_V3_OFF_20260114,50001,3156,51100,161.3
TXSD_DELTAE_V3_OFF_20260114,50011,3156,52000,164.1
TXSD_DELTAE_V3_OFF_20260114,50021,3156,51000,161.0
TXSD_DELTAE_V3_OFF_20260114,50031,3156,52200,164.7
TXSD_DELTAE_V3_OFF_20260114,50041,3156,51000,161.0
TXSD_DELTAE_V3_OFF_20260114,50051,3160,52200,165.0
TXSD_DELTAE_V3_OFF_20260114,50061,3156,51200,161.6
TXSD_DELTAE_V3_OFF_20260114,50071,3160,51900,164.0
TXSD_DELTAE_V3_OFF_20260114,50081,3156,51200,161.6
TXSD_DELTAE_V3_OFF_20260114,50091,3156,51800,163.5
TXSD_DELTAE_V3_OFF_20260114,50101,3156,51400,162.2
TXSD_DELTAE_V3_OFF_20260114,50111,3156,51400,162.2
TXSD_DELTAE_V3_OFF_20260114,50121,3156,51700,163.2
TXSD_DELTAE_V3_OFF_20260114,50131,3156,51200,161.6
TXSD_DELTAE_V3_OFF_20260114,50141,3156,52000,164.1
TXSD_DELTAE_V3_OFF_20260114,50151,3156,51000,161.0
TXSD_DELTAE_V3_OFF_20260114,50161,3160,52100,164.6
TXSD_DELTAE_V3_OFF_20260114,50171,3152,51000,160.8
TXSD_DELTAE_V3_OFF_20260114,50181,3160,52200,165.0
TXSD_DELTAE_V3_OFF_20260114,50191,3156,51100,161.3
TXSD_DELTAE_V3_OFF_20260114,50201,3156,52100,164.4
TXSD_DELTAE_V3_OFF_20260114,50211,3156,51200,161.6
TXSD_DELTAE_V3_OFF_20260114,50221,3156,51900,163.8
TXSD_DELTAE_V3_OFF_20260114,50231,3156,51300,161.9
TXSD_DELTAE_V3_OFF_20260114,50241,3156,51700,163.2
TXSD_DELTAE_V3_OFF_20260114,50251,3156,51500,162.5
TXSD_DELTAE_V3_OFF_20260114,50261,3156,51400,162.2
TXSD_DELTAE_V3_OFF_20260114,50271,3156,51900,163.8
TXSD_DELTAE_V3_OFF_20260114,50281,3156,51100,161.3
TXSD_DELTAE_V3_OFF_20260114,50291,3156,52000,164.1
TXSD_DELTAE_V3_OFF_20260114,50301,3156,51000,161.0
TXSD_DELTAE_V3_OFF_20260114,50311,3160,52100,164.6
TXSD_DELTAE_V3_OFF_20260114,50321,3152,51000,160.8
TXSD_DELTAE_V3_OFF_20260114,50331,3160,52200,165.0
TXSD_DELTAE_V3_OFF_20260114,50341,3152,51100,161.1
TXSD_DELTAE_V3_OFF_20260114,50351,3160,52000,164.3
TXSD_DELTAE_V3_OFF_20260114,50361,3156,51200,161.6
TXSD_DELTAE_V3_OFF_20260114,50371,3160,51900,164.0
TXSD_DELTAE_V3_OFF_20260114,50381,3156,51300,161.9
TXSD_DELTAE_V3_OFF_20260114,50391,3156,51500,162.5
TXSD_DELTAE_V3_OFF_20260114,50401,3156,51700,163.2
TXSD_DELTAE_V3_OFF_20260114,50411,3156,51300,161.9
TXSD_DELTAE_V3_OFF_20260114,50421,3156,51900,163.8
TXSD_DELTAE_V3_OFF_20260114,50431,3156,51100,161.3
TXSD_DELTAE_V3_OFF_20260114,50441,3156,52100,164.4
TXSD_DELTAE_V3_OFF_20260114,50451,3152,51000,160.8
TXSD_DELTAE_V3_OFF_20260114,50461,3160,52200,165.0
TXSD_DELTAE_V3_OFF_20260114,50471,3156,51000,161.0
TXSD_DELTAE_V3_OFF_20260114,50481,3160,52100,164.6
TXSD_DELTAE_V3_OFF_20260114,50491,3156,51300,161.9
TXSD_DELTAE_V3_OFF_20260114,50501,3160,52000,164.3
TXSD_DELTAE_V3_OFF_20260114,50511,3156,51300,161.9
TXSD_DELTAE_V3_OFF_20260114,50521,3156,51900,163.8
TXSD_DELTAE_V3_OFF_20260114,50531,3156,51500,162.5
TXSD_DELTAE_V3_OFF_20260114,50541,3156,51400,162.2
TXSD_DELTAE_V3_OFF_20260114,50551,3156,51900,163.8
TXSD_DELTAE_V3_OFF_20260114,50561,3152,51200,161.4
TXSD_DELTAE_V3_OFF_20260114,50571,3156,52000,164.1
TXSD_DELTAE_V3_OFF_20260114,50581,3156,51100,161.3
TXSD_DELTAE_V3_OFF_20260114,50591,3160,52100,164.6
TXSD_DELTAE_V3_OFF_20260114,50601,3156,51000,161.0
TXSD_DELTAE_V3_OFF_20260114,50611,3160,52200,165.0
TXSD_DELTAE_V3_OFF_20260114,50621,3152,51100,161.1
TXSD_DELTAE_V3_OFF_20260114,50631,3160,52100,164.6
TXSD_DELTAE_V3_OFF_20260114,50641,3156,51200,161.6
TXSD_DELTAE_V3_OFF_20260114,50651,3156,51900,163.8
TXSD_DELTAE_V3_OFF_20260114,50661,3156,51300,161.9
TXSD_DELTAE_V3_OFF_20260114,50671,3156,51600,162.8
TXSD_DELTAE_V3_OFF_20260114,50681,3156,51600,162.8
TXSD_DELTAE_V3_OFF_20260114,50691,3156,51300,161.9
TXSD_DELTAE_V3_OFF_20260114,50701,3156,51900,163.8
TXSD_DELTAE_V3_OFF_20260114,50711,3156,51100,161.3
TXSD_DELTAE_V3_OFF_20260114,50721,3156,52000,164.1
TXSD_DELTAE_V3_OFF_20260114,50731,3156,51000,161.0
TXSD_DELTAE_V3_OFF_20260114,50741,3160,52100,164.6
TXSD_DELTAE_V3_OFF_20260114,50751,3152,50900,160.4
TXSD_DELTAE_V3_OFF_20260114,50761,3156,52300,165.1
TXSD_DELTAE_V3_OFF_20260114,50771,3156,51100,161.3
TXSD_DELTAE_V3_OFF_20260114,50781,3160,52100,164.6
TXSD_DELTAE_V3_OFF_20260114,50791,3152,51300,161.7
TXSD_DELTAE_V3_OFF_20260114,50801,3156,51900,163.8
TXSD_DELTAE_V3_OFF_20260114,50811,3156,51300,161.9
TXSD_DELTAE_V3_OFF_20260114,50821,3156,51500,162.5
TXSD_DELTAE_V3_OFF_20260114,50831,3156,51700,163.2
TXSD_DELTAE_V3_OFF_20260114,50841,3156,51200,161.6
TXSD_DELTAE_V3_OFF_20260114,50851,3156,52000,164.1
TXSD_DELTAE_V3_OFF_20260114,50861,3156,51100,161.3
TXSD_DELTAE_V3_OFF_20260114,50871,3156,52100,164.4
TXSD_DELTAE_V3_OFF_20260114,50881,3152,51000,160.8
TXSD_DELTAE_V3_OFF_20260114,50891,3160,52100,164.6
TXSD_DELTAE_V3_OFF_20260114,50901,3152,51000,160.8
TXSD_DELTAE_V3_OFF_20260114,50911,3156,52100,164.4
TXSD_DELTAE_V3_OFF_20260114,50921,3156,51200,161.6
TXSD_DELTAE_V3_OFF_20260114,50931,3156,51900,163.8
TXSD_DELTAE_V3_OFF_20260114,50941,3156,51200,161.6
TXSD_DELTAE_V3_OFF_20260114,50951,3156,51800,163.5
TXSD_DELTAE_V3_OFF_20260114,50961,3156,51500,162.5
TXSD_DELTAE_V3_OFF_20260114,50971,3156,51400,162.2
TXSD_DELTAE_V3_OFF_20260114,50981,3156,51800,163.5
TXSD_DELTAE_V3_OFF_20260114,50991,3156,51200,161.6
TXSD_DELTAE_V3_OFF_20260114,51001,3156,52000,164.1
TXSD_DELTAE_V3_OFF_20260114,51011,3156,51100,161.3
TXSD_DELTAE_V3_OFF_20260114,51021,3160,52100,164.6
TXSD_DELTAE_V3_OFF_20260114,51031,3156,51000,161.0
TXSD_DELTAE_V3_OFF_20260114,51041,3156,52200,164.7
TXSD_DELTAE_V3_OFF_20260114,51051,3152,51100,161.1
TXSD_DELTAE_V3_OFF_20260114,51061,3156,52100,164.4
TXSD_DELTAE_V3_OFF_20260114,51071,3156,51200,161.6
TXSD_DELTAE_V3_OFF_20260114,51081,3156,51900,163.8
TXSD_DELTAE_V3_OFF_20260114,51091,3156,51200,161.6
TXSD_DELTAE_V3_OFF_20260114,51101,3156,51600,162.8
TXSD_DELTAE_V3_OFF_20260114,51111,3156,51700,163.2
TXSD_DELTAE_V3_OFF_20260114,51121,3156,51300,161.9
TXSD_DELTAE_V3_OFF_20260114,51131,3156,51900,163.8
TXSD_DELTAE_V3_OFF_20260114,51141,3156,51100,161.3
TXSD_DELTAE_V3_OFF_20260114,51151,3160,52000,164.3
TXSD_DELTAE_V3_OFF_20260114,51161,3156,51000,161.0
TXSD_DELTAE_V3_OFF_20260114,51171,3156,52100,164.4
TXSD_DELTAE_V3_OFF_20260114,51181,3152,50900,160.4
TXSD_DELTAE_V3_OFF_20260114,51191,3160,52200,165.0
TXSD_DELTAE_V3_OFF_20260114,51201,3152,51200,161.4
TXSD_DELTAE_V3_OFF_20260114,51211,3156,52000,164.1
TXSD_DELTAE_V3_OFF_20260114,51221,3156,51300,161.9
TXSD_DELTAE_V3_OFF_20260114,51231,3156,51900,163.8
TXSD_DELTAE_V3_OFF_20260114,51241,3156,51300,161.9
TXSD_DELTAE_V3_OFF_20260114,51251,3156,51500,162.5
TXSD_DELTAE_V3_OFF_20260114,51261,3156,51700,163.2
TXSD_DELTAE_V3_OFF_20260114,51271,3156,51200,161.6
TXSD_DELTAE_V3_OFF_20260114,51281,3156,52000,164.1
TXSD_DELTAE_V3_OFF_20260114,51291,3152,51100,161.1
TXSD_DELTAE_V3_OFF_20260114,51301,3160,52100,164.6
TXSD_DELTAE_V3_OFF_20260114,51311,3152,51000,160.8
TXSD_DELTAE_V3_OFF_20260114,51321,3160,52100,164.6
TXSD_DELTAE_V3_OFF_20260114,51331,3156,51000,161.0
TXSD_DELTAE_V3_OFF_20260114,51341,3156,52100,164.4
TXSD_DELTAE_V3_OFF_20260114,51351,3152,51200,161.4
TXSD_DELTAE_V3_OFF_20260114,51361,3156,51900,163.8
TXSD_DELTAE_V3_OFF_20260114,51371,3156,51200,161.6
TXSD_DELTAE_V3_OFF_20260114,51381,3160,51700,163.4
TXSD_DELTAE_V3_OFF_20260114,51391,3156,51500,162.5
TXSD_DELTAE_V3_OFF_20260114,51401,3156,51400,162.2
TXSD_DELTAE_V3_OFF_20260114,51411,3156,51800,163.5
TXSD_DELTAE_V3_OFF_20260114,51421,3156,51100,161.3
TXSD_DELTAE_V3_OFF_20260114,51431,3160,52000,164.3
TXSD_DELTAE_V3_OFF_20260114,51441,3152,51000,160.8
TXSD_DELTAE_V3_OFF_20260114,51451,3160,52100,164.6
TXSD_DELTAE_V3_OFF_20260114,51461,3152,51000,160.8
TXSD_DELTAE_V3_OFF_20260114,51471,3160,52200,165.0
TXSD_DELTAE_V3_OFF_20260114,51481,3152,51100,161.1
TXSD_DELTAE_V3_OFF_20260114,51491,3160,52000,164.3
TXSD_DELTAE_V3_OFF_20260114,51501,3156,51200,161.6
TXSD_DELTAE_V3_OFF_20260114,51511,3156,51900,163.8
TXSD_DELTAE_V3_OFF_20260114,51521,3156,51300,161.9
TXSD_DELTAE_V3_OFF_20260114,51531,3156,51500,162.5
TXSD_DELTAE_V3_OFF_20260114,51541,3156,51700,163.2
TXSD_DELTAE_V3_OFF_20260114,51551,3156,51300,161.9
TXSD_DELTAE_V3_OFF_20260114,51561,3160,51800,163.7
TXSD_DELTAE_V3_OFF_20260114,51571,3156,51100,161.3
TXSD_DELTAE_V3_OFF_20260114,51581,3156,52000,164.1
TXSD_DELTAE_V3_OFF_20260114,51591,3156,51100,161.3
TXSD_DELTAE_V3_OFF_20260114,51601,3160,52200,165.0
TXSD_DELTAE_V3_OFF_20260114,51611,3156,51000,161.0
TXSD_DELTAE_V3_OFF_20260114,51621,3160,52200,165.0
TXSD_DELTAE_V3_OFF_20260114,51631,3156,51200,161.6
TXSD_DELTAE_V3_OFF_20260114,51641,3156,52000,164.1
TXSD_DELTAE_V3_OFF_20260114,51651,3156,51300,161.9
TXSD_DELTAE_V3_OFF_20260114,51661,3160,51800,163.7
TXSD_DELTAE_V3_OFF_20260114,51671,3156,51300,161.9
TXSD_DELTAE_V3_OFF_20260114,51681,3156,51500,162.5
TXSD_DELTAE_V3_OFF_20260114,51691,3156,51800,163.5
TXSD_DELTAE_V3_OFF_20260114,51701,3156,51200,161.6
TXSD_DELTAE_V3_OFF_20260114,51711,3160,52000,164.3
TXSD_DELTAE_V3_OFF_20260114,51721,3156,51100,161.3
TXSD_DELTAE_V3_OFF_20260114,51731,3160,52000,164.3
TXSD_DELTAE_V3_OFF_20260114,51741,3156,51000,161.0
TXSD_DELTAE_V3_OFF_20260114,51751,3160,52100,164.6
TXSD_DELTAE_V3_OFF_20260114,51761,3152,51000,160.8
TXSD_DELTAE_V3_OFF_20260114,51771,3160,52100,164.6
TXSD_DELTAE_V3_OFF_20260114,51781,3156,51200,161.6
TXSD_DELTAE_V3_OFF_20260114,51791,3156,51900,163.8
TXSD_DELTAE_V3_OFF_20260114,51801,3156,51300,161.9
TXSD_DELTAE_V3_OFF_20260114,51811,3156,51700,163.2
TXSD_DELTAE_V3_OFF_20260114,51821,3156,51500,162.5
TXSD_DELTAE_V3_OFF_20260114,51831,3156,51300,161.9
TXSD_DELTAE_V3_OFF_20260114,51841,3156,51900,163.8
TXSD_DELTAE_V3_OFF_20260114,51851,3156,51200,161.6
TXSD_DELTAE_V3_OFF_20260114,51861,3156,52000,164.1
TXSD_DELTAE_V3_OFF_20260114,51871,3156,51100,161.3
TXSD_DELTAE_V3_OFF_20260114,51881,3160,52200,165.0
TXSD_DELTAE_V3_OFF_20260114,51891,3156,51000,161.0
TXSD_DELTAE_V3_OFF_20260114,51901,3160,52200,165.0
TXSD_DELTAE_V3_OFF_20260114,51911,3152,51100,161.1
TXSD_DELTAE_V3_OFF_20260114,51921,3156,52100,164.4
TXSD_DELTAE_V3_OFF_20260114,51931,3156,51200,161.6
TXSD_DELTAE_V3_OFF_20260114,51941,3160,51900,164.0
TXSD_DELTAE_V3_OFF_20260114,51951,3156,51200,161.6
TXSD_DELTAE_V3_OFF_20260114,51961,3156,51500,162.5
TXSD_DELTAE_V3_OFF_20260114,51971,3156,51700,163.2
TXSD_DELTAE_V3_OFF_20260114,51981,3156,51300,161.9
TXSD_DELTAE_V3_OFF_20260114,51991,3156,51900,163.8
TXSD_DELTAE_V3_OFF_20260114,52001,3156,51100,161.3
TXSD_DELTAE_V3_OFF_20260114,52011,3156,52000,164.1
TXSD_DELTAE_V3_OFF_20260114,52021,3156,50900,160.6
TXSD_DELTAE_V3_OFF_20260114,52031,3160,52100,164.6
TXSD_DELTAE_V3_OFF_20260114,52041,3156,51000,161.0
TXSD_DELTAE_V3_OFF_20260114,52051,3156,52100,164.4
TXSD_DELTAE_V3_OFF_20260114,52061,3152,51200,161.4
TXSD_DELTAE_V3_OFF_20260114,52071,3160,52000,164.3
TXSD_DELTAE_V3_OFF_20260114,52081,3156,51200,161.6
TXSD_DELTAE_V3_OFF_20260114,52091,3160,51800,163.7
TXSD_DELTAE_V3_OFF_20260114,52101,3156,51400,162.2
TXSD_DELTAE_V3_OFF_20260114,52111,3156,51500,162.5
TXSD_DELTAE_V3_OFF_20260114,52121,3156,51800,163.5
TXSD_DELTAE_V3_OFF_20260114,52131,3156,51200,161.6
TXSD_DELTAE_V3_OFF_20260114,52141,3156,52000,164.1
TXSD_DELTAE_V3_OFF_20260114,52151,3156,51100,161.3
TXSD_DELTAE_V3_OFF_20260114,52161,3156,52100,164.4
TXSD_DELTAE_V3_OFF_20260114,52171,3156,50900,160.6
TXSD_DELTAE_V3_OFF_20260114,52181,3160,52200,165.0
TXSD_DELTAE_V3_OFF_20260114,52191,3152,51000,160.8
TXSD_DELTAE_V3_OFF_20260114,52201,3156,52100,164.4
TXSD_DELTAE_V3_OFF_20260114,52211,3156,51200,161.6
TXSD_DELTAE_V3_OFF_20260114,52221,3156,51900,163.8
TXSD_DELTAE_V3_OFF_20260114,52231,3156,51300,161.9
TXSD_DELTAE_V3_OFF_20260114,52241,3160,51700,163.4
TXSD_DELTAE_V3_OFF_20260114,52251,3156,51500,162.5
TXSD_DELTAE_V3_OFF_20260114,52261,3156,51300,161.9
TXSD_DELTAE_V3_OFF_20260114,52271,3156,51900,163.8
TXSD_DELTAE_V3_OFF_20260114,52281,3156,51100,161.3
TXSD_DELTAE_V3_OFF_20260114,52291,3156,52000,164.1
TXSD_DELTAE_V3_OFF_20260114,52301,3152,51000,160.8
TXSD_DELTAE_V3_OFF_20260114,52311,3160,52100,164.6
TXSD_DELTAE_V3_OFF_20260114,52321,3156,51000,161.0
TXSD_DELTAE_V3_OFF_20260114,52331,3160,52200,165.0
TXSD_DELTAE_V3_OFF_20260114,52341,3152,51100,161.1
TXSD_DELTAE_V3_OFF_20260114,52351,3160,52100,164.6
TXSD_DELTAE_V3_OFF_20260114,52361,3156,51200,161.6
TXSD_DELTAE_V3_OFF_20260114,52371,3156,51900,163.8
TXSD_DELTAE_V3_OFF_20260114,52381,3156,51200,161.6
TXSD_DELTAE_V3_OFF_20260114,52391,3156,51500,162.5
TXSD_DELTAE_V3_OFF_20260114,52401,3156,51700,163.2
TXSD_DELTAE_V3_OFF_20260114,52411,3156,51200,161.6
TXSD_DELTAE_V3_OFF_20260114,52421,3156,51900,163.8
TXSD_DELTAE_V3_OFF_20260114,52431,3156,51100,161.3
TXSD_DELTAE_V3_OFF_20260114,52441,3156,52000,164.1
TXSD_DELTAE_V3_OFF_20260114,52451,3156,51000,161.0
TXSD_DELTAE_V3_OFF_20260114,52461,3156,52100,164.4
TXSD_DELTAE_V3_OFF_20260114,52471,3156,51000,161.0
TXSD_DELTAE_V3_OFF_20260114,52481,3160,52100,164.6
TXSD_DELTAE_V3_OFF_20260114,52491,3156,51100,161.3
TXSD_DELTAE_V3_OFF_20260114,52501,3160,51900,164.0
TXSD_DELTAE_V3_OFF_20260114,52511,3156,51200,161.6
TXSD_DELTAE_V3_OFF_20260114,52521,3156,51700,163.2
TXSD_DELTAE_V3_OFF_20260114,52531,3156,51500,162.5
TXSD_DELTAE_V3_OFF_20260114,52541,3156,51500,162.5
TXSD_DELTAE_V3_OFF_20260114,52551,3156,51800,163.5
TXSD_DELTAE_V3_OFF_20260114,52561,3152,51300,161.7
TXSD_DELTAE_V3_OFF_20260114,52571,3160,52000,164.3
TXSD_DELTAE_V3_OFF_20260114,52581,3152,51000,160.8
TXSD_DELTAE_V3_OFF_20260114,52591,3156,52100,164.4
TXSD_DELTAE_V3_OFF_20260114,52601,3152,51000,160.8
TXSD_DELTAE_V3_OFF_20260114,52611,3160,52100,164.6
TXSD_DELTAE_V3_OFF_20260114,52621,3156,51100,161.3
TXSD_DELTAE_V3_OFF_20260114,52631,3160,52100,164.6
TXSD_DELTAE_V3_OFF_20260114,52641,3156,51200,161.6
TXSD_DELTAE_V3_OFF_20260114,52651,3156,51900,163.8
TXSD_DELTAE_V3_OFF_20260114,52661,3156,51200,161.6
TXSD_DELTAE_V3_OFF_20260114,52671,3156,51600,162.8
TXSD_DELTAE_V3_OFF_20260114,52681,3156,51600,162.8
TXSD_DELTAE_V3_OFF_20260114,52691,3156,51300,161.9
TXSD_DELTAE_V3_OFF_20260114,52701,3156,51800,163.5
TXSD_DELTAE_V3_OFF_20260114,52711,3156,51100,161.3
TXSD_DELTAE_V3_OFF_20260114,52721,3160,52000,164.3
TXSD_DELTAE_V3_OFF_20260114,52731,3156,51000,161.0
TXSD_DELTAE_V3_OFF_20260114,52741,3160,52100,164.6
TXSD_DELTAE_V3_OFF_20260114,52751,3156,51000,161.0
TXSD_DELTAE_V3_OFF_20260114,52761,3160,52200,165.0
TXSD_DELTAE_V3_OFF_20260114,52771,3156,51100,161.3
TXSD_DELTAE_V3_OFF_20260114,52781,3160,52000,164.3
TXSD_DELTAE_V3_OFF_20260114,52791,3156,51300,161.9
TXSD_DELTAE_V3_OFF_20260114,52801,3156,51900,163.8
TXSD_DELTAE_V3_OFF_20260114,52811,3156,51300,161.9
TXSD_DELTAE_V3_OFF_20260114,52821,3156,51500,162.5
TXSD_DELTAE_V3_OFF_20260114,52831,3156,51700,163.2
TXSD_DELTAE_V3_OFF_20260114,52841,3156,51200,161.6
TXSD_DELTAE_V3_OFF_20260114,52851,3160,51900,164.0
TXSD_DELTAE_V3_OFF_20260114,52861,3156,51100,161.3
TXSD_DELTAE_V3_OFF_20260114,52871,3160,52100,164.6
TXSD_DELTAE_V3_OFF_20260114,52881,3152,50900,160.4
TXSD_DELTAE_V3_OFF_20260114,52891,3160,52100,164.6
TXSD_DELTAE_V3_OFF_20260114,52901,3152,51000,160.8
TXSD_DELTAE_V3_OFF_20260114,52911,3156,52100,164.4
TXSD_DELTAE_V3_OFF_20260114,52921,3156,51200,161.6
TXSD_DELTAE_V3_OFF_20260114,52931,3160,52000,164.3
TXSD_DELTAE_V3_OFF_20260114,52941,3156,51300,161.9
TXSD_DELTAE_V3_OFF_20260114,52951,3156,51700,163.2
TXSD_DELTAE_V3_OFF_20260114,52961,3156,51500,162.5
TXSD_DELTAE_V3_OFF_20260114,52971,3156,51300,161.9
TXSD_DELTAE_V3_OFF_20260114,52981,3156,51800,163.5
TXSD_DELTAE_V3_OFF_20260114,52991,3156,51200,161.6
TXSD_DELTAE_V3_OFF_20260114,53001,3160,52000,164.3
TXSD_DELTAE_V3_OFF_20260114,53011,3152,51100,161.1
TXSD_DELTAE_V3_OFF_20260114,53021,3156,52100,164.4
TXSD_DELTAE_V3_OFF_20260114,53031,3156,51000,161.0
TXSD_DELTAE_V3_OFF_20260114,53041,3160,52200,165.0
TXSD_DELTAE_V3_OFF_20260114,53051,3156,51100,161.3
TXSD_DELTAE_V3_OFF_20260114,53061,3160,52000,164.3
TXSD_DELTAE_V3_OFF_20260114,53071,3152,51200,161.4
TXSD_DELTAE_V3_OFF_20260114,53081,3160,51900,164.0
TXSD_DELTAE_V3_OFF_20260114,53091,3156,51300,161.9
TXSD_DELTAE_V3_OFF_20260114,53101,3156,51700,163.2
TXSD_DELTAE_V3_OFF_20260114,53111,3156,51700,163.2
TXSD_DELTAE_V3_OFF_20260114,53121,3156,51300,161.9
TXSD_DELTAE_V3_OFF_20260114,53131,3156,51900,163.8
TXSD_DELTAE_V3_OFF_20260114,53141,3156,51100,161.3
TXSD_DELTAE_V3_OFF_20260114,53151,3156,52100,164.4
TXSD_DELTAE_V3_OFF_20260114,53161,3152,51000,160.8
TXSD_DELTAE_V3_OFF_20260114,53171,3160,52200,165.0
TXSD_DELTAE_V3_OFF_20260114,53181,3152,51000,160.8
TXSD_DELTAE_V3_OFF_20260114,53191,3160,52200,165.0
TXSD_DELTAE_V3_OFF_20260114,53201,3152,51200,161.4
TXSD_DELTAE_V3_OFF_20260114,53211,3156,52000,164.1
TXSD_DELTAE_V3_OFF_20260114,53221,3156,51300,161.9
TXSD_DELTAE_V3_OFF_20260114,53231,3156,51900,163.8
TXSD_DELTAE_V3_OFF_20260114,53241,3156,51400,162.2
TXSD_DELTAE_V3_OFF_20260114,53251,3156,51500,162.5
TXSD_DELTAE_V3_OFF_20260114,53261,3156,51700,163.2
TXSD_DELTAE_V3_OFF_20260114,53271,3156,51200,161.6
TXSD_DELTAE_V3_OFF_20260114,53281,3160,52000,164.3
TXSD_DELTAE_V3_OFF_20260114,53291,3156,51100,161.3
TXSD_DELTAE_V3_OFF_20260114,53301,3160,52100,164.6
TXSD_DELTAE_V3_OFF_20260114,53311,3156,51000,161.0
TXSD_DELTAE_V3_OFF_20260114,53321,3160,52200,165.0
TXSD_DELTAE_V3_OFF_20260114,53331,3152,51100,161.1
TXSD_DELTAE_V3_OFF_20260114,53341,3160,52100,164.6
TXSD_DELTAE_V3_OFF_20260114,53351,3156,51200,161.6
TXSD_DELTAE_V3_OFF_20260114,53361,3160,51900,164.0
TXSD_DELTAE_V3_OFF_20260114,53371,3156,51200,161.6
TXSD_DELTAE_V3_OFF_20260114,53381,3156,51700,163.2
TXSD_DELTAE_V3_OFF_20260114,53391,3156,51500,162.5
TXSD_DELTAE_V3_OFF_20260114,53401,3156,51400,162.2
TXSD_DELTAE_V3_OFF_20260114,53411,3156,51800,163.5
TXSD_DELTAE_V3_OFF_20260114,53421,3152,51200,161.4
TXSD_DELTAE_V3_OFF_20260114,53431,3156,52000,164.1
TXSD_DELTAE_V3_OFF_20260114,53441,3156,51100,161.3
TXSD_DELTAE_V3_OFF_20260114,53451,3156,52100,164.4
TXSD_DELTAE_V3_OFF_20260114,53461,3156,51000,161.0
TXSD_DELTAE_V3_OFF_20260114,53471,3160,52100,164.6
TXSD_DELTAE_V3_OFF_20260114,53481,3152,51100,161.1
TXSD_DELTAE_V3_OFF_20260114,53491,3160,52000,164.3
TXSD_DELTAE_V3_OFF_20260114,53501,3152,51200,161.4
TXSD_DELTAE_V3_OFF_20260114,53511,3156,51900,163.8
TXSD_DELTAE_V3_OFF_20260114,53521,3156,51200,161.6
TXSD_DELTAE_V3_OFF_20260114,53531,3156,51600,162.8
TXSD_DELTAE_V3_OFF_20260114,53541,3156,51600,162.8
TXSD_DELTAE_V3_OFF_20260114,53551,3156,51300,161.9
TXSD_DELTAE_V3_OFF_20260114,53561,3156,51900,163.8
TXSD_DELTAE_V3_OFF_20260114,53571,3156,51100,161.3
TXSD_DELTAE_V3_OFF_20260114,53581,3160,52100,164.6
TXSD_DELTAE_V3_OFF_20260114,53591,3156,51000,161.0
TXSD_DELTAE_V3_OFF_20260114,53601,3156,52100,164.4
TXSD_DELTAE_V3_OFF_20260114,53611,3152,50900,160.4
TXSD_DELTAE_V3_OFF_20260114,53621,3156,52200,164.7
TXSD_DELTAE_V3_OFF_20260114,53631,3156,51200,161.6
TXSD_DELTAE_V3_OFF_20260114,53641,3156,52000,164.1
TXSD_DELTAE_V3_OFF_20260114,53651,3156,51300,161.9
TXSD_DELTAE_V3_OFF_20260114,53661,3156,51900,163.8
TXSD_DELTAE_V3_OFF_20260114,53671,3156,51400,162.2
TXSD_DELTAE_V3_OFF_20260114,53681,3156,51500,162.5
TXSD_DELTAE_V3_OFF_20260114,53691,3156,51800,163.5
TXSD_DELTAE_V3_OFF_20260114,53701,3156,51200,161.6
TXSD_DELTAE_V3_OFF_20260114,53711,3156,52000,164.1
TXSD_DELTAE_V3_OFF_20260114,53721,3152,51100,161.1
TXSD_DELTAE_V3_OFF_20260114,53731,3156,52100,164.4
TXSD_DELTAE_V3_OFF_20260114,53741,3152,51000,160.8
TXSD_DELTAE_V3_OFF_20260114,53751,3156,52200,164.7
TXSD_DELTAE_V3_OFF_20260114,53761,3152,51000,160.8
TXSD_DELTAE_V3_OFF_20260114,53771,3160,52100,164.6
TXSD_DELTAE_V3_OFF_20260114,53781,3156,51200,161.6
TXSD_DELTAE_V3_OFF_20260114,53791,3156,51900,163.8
TXSD_DELTAE_V3_OFF_20260114,53801,3156,51300,161.9
TXSD_DELTAE_V3_OFF_20260114,53811,3156,51700,163.2
TXSD_DELTAE_V3_OFF_20260114,53821,3156,51600,162.8
TXSD_DELTAE_V3_OFF_20260114,53831,3156,51300,161.9
TXSD_DELTAE_V3_OFF_20260114,53841,3156,51800,163.5
TXSD_DELTAE_V3_OFF_20260114,53851,3152,51100,161.1
TXSD_DELTAE_V3_OFF_20260114,53861,3160,52000,164.3
TXSD_DELTAE_V3_OFF_20260114,53871,3152,51000,160.8
TXSD_DELTAE_V3_OFF_20260114,53881,3160,52100,164.6
TXSD_DELTAE_V3_OFF_20260114,53891,3152,51000,160.8
TXSD_DELTAE_V3_OFF_20260114,53901,3160,52200,165.0
TXSD_DELTAE_V3_OFF_20260114,53911,3156,51200,161.6
TXSD_DELTAE_V3_OFF_20260114,53921,3160,52000,164.3
TXSD_DELTAE_V3_OFF_20260114,53931,3156,51200,161.6
TXSD_DELTAE_V3_OFF_20260114,53941,3156,51900,163.8
TXSD_DELTAE_V3_OFF_20260114,53951,3156,51200,161.6
TXSD_DELTAE_V3_OFF_20260114,53961,3156,51600,162.8
TXSD_DELTAE_V3_OFF_20260114,53971,3156,51700,163.2
TXSD_DELTAE_V3_OFF_20260114,53981,3156,51300,161.9
TXSD_DELTAE_V3_OFF_20260114,53991,3156,51900,163.8
TXSD_DELTAE_V3_OFF_20260114,54001,3156,51100,161.3
TXSD_DELTAE_V3_OFF_20260114,54011,3156,52000,164.1
TXSD_DELTAE_V3_OFF_20260114,54021,3152,51000,160.8
TXSD_DELTAE_V3_OFF_20260114,54031,3156,52100,164.4
TXSD_DELTAE_V3_OFF_20260114,54041,3152,51000,160.8
TXSD_DELTAE_V3_OFF_20260114,54051,3160,52100,164.6
TXSD_DELTAE_V3_OFF_20260114,54061,3152,51200,161.4
TXSD_DELTAE_V3_OFF_20260114,54071,3160,52000,164.3
TXSD_DELTAE_V3_OFF_20260114,54081,3156,51100,161.3
TXSD_DELTAE_V3_OFF_20260114,54091,3156,51800,163.5
TXSD_DELTAE_V3_OFF_20260114,54101,3156,51400,162.2
TXSD_DELTAE_V3_OFF_20260114,54111,3156,51500,162.5
TXSD_DELTAE_V3_OFF_20260114,54121,3156,51800,163.5
TXSD_DELTAE_V3_OFF_20260114,54131,3156,51200,161.6
TXSD_DELTAE_V3_OFF_20260114,54141,3156,52000,164.1
TXSD_DELTAE_V3_OFF_20260114,54151,3152,51000,160.8
TXSD_DELTAE_V3_OFF_20260114,54161,3160,52100,164.6
TXSD_DELTAE_V3_OFF_20260114,54171,3156,51000,161.0
TXSD_DELTAE_V3_OFF_20260114,54181,3160,52100,164.6
TXSD_DELTAE_V3_OFF_20260114,54191,3156,51000,161.0
TXSD_DELTAE_V3_OFF_20260114,54201,3156,52100,164.4
TXSD_DELTAE_V3_OFF_20260114,54211,3156,51200,161.6
TXSD_DELTAE_V3_OFF_20260114,54221,3160,51900,164.0
TXSD_DELTAE_V3_OFF_20260114,54231,3156,51300,161.9
TXSD_DELTAE_V3_OFF_20260114,54241,3156,51700,163.2
TXSD_DELTAE_V3_OFF_20260114,54251,3156,51600,162.8
TXSD_DELTAE_V3_OFF_20260114,54261,3156,51300,161.9
TXSD_DELTAE_V3_OFF_20260114,54271,3156,51900,163.8
TXSD_DELTAE_V3_OFF_20260114,54281,3152,51200,161.4
TXSD_DELTAE_V3_OFF_20260114,54291,3156,52000,164.1
TXSD_DELTAE_V3_OFF_20260114,54301,3152,51000,160.8
TXSD_DELTAE_V3_OFF_20260114,54311,3160,52100,164.6
TXSD_DELTAE_V3_OFF_20260114,54321,3152,50900,160.4
TXSD_DELTAE_V3_OFF_20260114,54331,3160,52200,165.0
TXSD_DELTAE_V3_OFF_20260114,54341,3152,51100,161.1
TXSD_DELTAE_V3_OFF_20260114,54351,3156,52000,164.1
TXSD_DELTAE_V3_OFF_20260114,54361,3156,51300,161.9
TXSD_DELTAE_V3_OFF_20260114,54371,3156,51900,163.8
TXSD_DELTAE_V3_OFF_20260114,54381,3156,51300,161.9
TXSD_DELTAE_V3_OFF_20260114,54391,3156,51500,162.5
TXSD_DELTAE_V3_OFF_20260114,54401,3160,51700,163.4
TXSD_DELTAE_V3_OFF_20260114,54411,3152,51300,161.7
TXSD_DELTAE_V3_OFF_20260114,54421,3156,51900,163.8
TXSD_DELTAE_V3_OFF_20260114,54431,3152,51100,161.1
TXSD_DELTAE_V3_OFF_20260114,54441,3156,52100,164.4
TXSD_DELTAE_V3_OFF_20260114,54451,3152,51000,160.8
TXSD_DELTAE_V3_OFF_20260114,54461,3156,52200,164.7
TXSD_DELTAE_V3_OFF_20260114,54471,3156,51100,161.3
TXSD_DELTAE_V3_OFF_20260114,54481,3160,52200,165.0
TXSD_DELTAE_V3_OFF_20260114,54491,3156,51200,161.6
TXSD_DELTAE_V3_OFF_20260114,54501,3156,52000,164.1
TXSD_DELTAE_V3_OFF_20260114,54511,3152,51200,161.4
TXSD_DELTAE_V3_OFF_20260114,54521,3156,51800,163.5
TXSD_DELTAE_V3_OFF_20260114,54531,3156,51500,162.5
TXSD_DELTAE_V3_OFF_20260114,54541,3156,51400,162.2
TXSD_DELTAE_V3_OFF_20260114,54551,3156,51800,163.5
TXSD_DELTAE_V3_OFF_20260114,54561,3156,51200,161.6
TXSD_DELTAE_V3_OFF_20260114,54571,3156,52000,164.1
TXSD_DELTAE_V3_OFF_20260114,54581,3156,51100,161.3
TXSD_DELTAE_V3_OFF_20260114,54591,3156,52100,164.4
TXSD_DELTAE_V3_OFF_20260114,54601,3152,50900,160.4
TXSD_DELTAE_V3_OFF_20260114,54611,3156,52200,164.7
TXSD_DELTAE_V3_OFF_20260114,54621,3152,51100,161.1
TXSD_DELTAE_V3_OFF_20260114,54631,3156,52000,164.1
TXSD_DELTAE_V3_OFF_20260114,54641,3152,51300,161.7
TXSD_DELTAE_V3_OFF_20260114,54651,3156,51900,163.8
TXSD_DELTAE_V3_OFF_20260114,54661,3156,51200,161.6
TXSD_DELTAE_V3_OFF_20260114,54671,3156,51600,162.8
TXSD_DELTAE_V3_OFF_20260114,54681,3156,51600,162.8
TXSD_DELTAE_V3_OFF_20260114,54691,3156,51300,161.9
TXSD_DELTAE_V3_OFF_20260114,54701,3156,51800,163.5
TXSD_DELTAE_V3_OFF_20260114,54711,3152,51100,161.1
TXSD_DELTAE_V3_OFF_20260114,54721,3156,52100,164.4
TXSD_DELTAE_V3_OFF_20260114,54731,3156,51000,161.0
TXSD_DELTAE_V3_OFF_20260114,54741,3156,52100,164.4
TXSD_DELTAE_V3_OFF_20260114,54751,3156,51000,161.0
TXSD_DELTAE_V3_OFF_20260114,54761,3156,52100,164.4
TXSD_DELTAE_V3_OFF_20260114,54771,3156,51100,161.3
TXSD_DELTAE_V3_OFF_20260114,54781,3156,52000,164.1
TXSD_DELTAE_V3_OFF_20260114,54791,3152,51200,161.4
TXSD_DELTAE_V3_OFF_20260114,54801,3156,51800,163.5
TXSD_DELTAE_V3_OFF_20260114,54811,3156,51300,161.9
TXSD_DELTAE_V3_OFF_20260114,54821,3156,51500,162.5
TXSD_DELTAE_V3_OFF_20260114,54831,3156,51700,163.2
TXSD_DELTAE_V3_OFF_20260114,54841,3156,51200,161.6
TXSD_DELTAE_V3_OFF_20260114,54851,3156,51900,163.8
TXSD_DELTAE_V3_OFF_20260114,54861,3156,51100,161.3
TXSD_DELTAE_V3_OFF_20260114,54871,3156,52100,164.4
TXSD_DELTAE_V3_OFF_20260114,54881,3156,51000,161.0
TXSD_DELTAE_V3_OFF_20260114,54891,3160,52100,164.6
TXSD_DELTAE_V3_OFF_20260114,54901,3152,51000,160.8
TXSD_DELTAE_V3_OFF_20260114,54911,3160,52100,164.6
TXSD_DELTAE_V3_OFF_20260114,54921,3156,51200,161.6
TXSD_DELTAE_V3_OFF_20260114,54931,3160,52000,164.3
TXSD_DELTAE_V3_OFF_20260114,54941,3156,51200,161.6
TXSD_DELTAE_V3_OFF_20260114,54951,3156,51700,163.2
TXSD_DELTAE_V3_OFF_20260114,54961,3156,51500,162.5
TXSD_DELTAE_V3_OFF_20260114,54971,3156,51300,161.9
TXSD_DELTAE_V3_OFF_20260114,54981,3156,51800,163.5
TXSD_DELTAE_V3_OFF_20260114,54991,3156,51200,161.6
TXSD_DELTAE_V3_OFF_20260114,55001,3160,52000,164.3
TXSD_DELTAE_V3_OFF_20260114,55011,3156,51100,161.3
TXSD_DELTAE_V3_OFF_20260114,55021,3156,52200,164.7
TXSD_DELTAE_V3_OFF_20260114,55031,3152,51000,160.8
TXSD_DELTAE_V3_OFF_20260114,55041,3160,52200,165.0
TXSD_DELTAE_V3_OFF_20260114,55051,3152,51100,161.1
TXSD_DELTAE_V3_OFF_20260114,55061,3156,52000,164.1
TXSD_DELTAE_V3_OFF_20260114,55071,3156,51200,161.6
TXSD_DELTAE_V3_OFF_20260114,55081,3160,51800,163.7
TXSD_DELTAE_V3_OFF_20260114,55091,3156,51200,161.6
TXSD_DELTAE_V3_OFF_20260114,55101,3156,51600,162.8
TXSD_DELTAE_V3_OFF_20260114,55111,3156,51700,163.2
TXSD_DELTAE_V3_OFF_20260114,55121,3156,51300,161.9
TXSD_DELTAE_V3_OFF_20260114,55131,3156,51900,163.8
TXSD_DELTAE_V3_OFF_20260114,55141,3156,51100,161.3
TXSD_DELTAE_V3_OFF_20260114,55151,3160,52000,164.3
TXSD_DELTAE_V3_OFF_20260114,55161,3156,51000,161.0
TXSD_DELTAE_V3_OFF_20260114,55171,3160,52100,164.6
TXSD_DELTAE_V3_OFF_20260114,55181,3156,51000,161.0
TXSD_DELTAE_V3_OFF_20260114,55191,3160,52200,165.0
TXSD_DELTAE_V3_OFF_20260114,55201,3152,51200,161.4
TXSD_DELTAE_V3_OFF_20260114,55211,3156,52000,164.1
TXSD_DELTAE_V3_OFF_20260114,55221,3156,51200,161.6
TXSD_DELTAE_V3_OFF_20260114,55231,3156,51900,163.8
TXSD_DELTAE_V3_OFF_20260114,55241,3156,51300,161.9
TXSD_DELTAE_V3_OFF_20260114,55251,3156,51500,162.5
TXSD_DELTAE_V3_OFF_20260114,55261,3156,51700,163.2
TXSD_DELTAE_V3_OFF_20260114,55271,3156,51200,161.6
TXSD_DELTAE_V3_OFF_20260114,55281,3156,52000,164.1
TXSD_DELTAE_V3_OFF_20260114,55291,3156,51000,161.0
TXSD_DELTAE_V3_OFF_20260114,55301,3160,52100,164.6
TXSD_DELTAE_V3_OFF_20260114,55311,3156,51100,161.3
TXSD_DELTAE_V3_OFF_20260114,55321,3160,52100,164.6
TXSD_DELTAE_V3_OFF_20260114,55331,3152,51100,161.1
TXSD_DELTAE_V3_OFF_20260114,55341,3160,52100,164.6
TXSD_DELTAE_V3_OFF_20260114,55351,3156,51200,161.6
TXSD_DELTAE_V3_OFF_20260114,55361,3156,51900,163.8
TXSD_DELTAE_V3_OFF_20260114,55371,3156,51300,161.9
TXSD_DELTAE_V3_OFF_20260114,55381,3156,51700,163.2
TXSD_DELTAE_V3_OFF_20260114,55391,3156,51500,162.5
TXSD_DELTAE_V3_OFF_20260114,55401,3156,51400,162.2
TXSD_DELTAE_V3_OFF_20260114,55411,3156,51800,163.5
TXSD_DELTAE_V3_OFF_20260114,55421,3152,51100,161.1
TXSD_DELTAE_V3_OFF_20260114,55431,3160,51900,164.0
TXSD_DELTAE_V3_OFF_20260114,55441,3156,51000,161.0
TXSD_DELTAE_V3_OFF_20260114,55451,3160,52100,164.6
TXSD_DELTAE_V3_OFF_20260114,55461,3152,50900,160.4
TXSD_DELTAE_V3_OFF_20260114,55471,3160,52200,165.0
TXSD_DELTAE_V3_OFF_20260114,55481,3152,51100,161.1
TXSD_DELTAE_V3_OFF_20260114,55491,3156,52100,164.4
TXSD_DELTAE_V3_OFF_20260114,55501,3156,51300,161.9
TXSD_DELTAE_V3_OFF_20260114,55511,3156,51900,163.8
TXSD_DELTAE_V3_OFF_20260114,55521,3156,51300,161.9
TXSD_DELTAE_V3_OFF_20260114,55531,3156,51600,162.8
TXSD_DELTAE_V3_OFF_20260114,55541,3156,51700,163.2
TXSD_DELTAE_V3_OFF_20260114,55551,3152,51300,161.7
TXSD_DELTAE_V3_OFF_20260114,55561,3156,51900,163.8
TXSD_DELTAE_V3_OFF_20260114,55571,3152,51100,161.1
TXSD_DELTAE_V3_OFF_20260114,55581,3156,52000,164.1
TXSD_DELTAE_V3_OFF_20260114,55591,3152,51000,160.8
TXSD_DELTAE_V3_OFF_20260114,55601,3160,52200,165.0
TXSD_DELTAE_V3_OFF_20260114,55611,3156,50900,160.6
TXSD_DELTAE_V3_OFF_20260114,55621,3160,52200,165.0
TXSD_DELTAE_V3_OFF_20260114,55631,3152,51200,161.4
TXSD_DELTAE_V3_OFF_20260114,55641,3156,51900,163.8
TXSD_DELTAE_V3_OFF_20260114,55651,3156,51300,161.9
TXSD_DELTAE_V3_OFF_20260114,55661,3156,51800,163.5
TXSD_DELTAE_V3_OFF_20260114,55671,3156,51400,162.2
TXSD_DELTAE_V3_OFF_20260114,55681,3156,51500,162.5
TXSD_DELTAE_V3_OFF_20260114,55691,3156,51700,163.2
TXSD_DELTAE_V3_OFF_20260114,55701,3156,51200,161.6
TXSD_DELTAE_V3_OFF_20260114,55711,3156,52000,164.1
TXSD_DELTAE_V3_OFF_20260114,55721,3156,51000,161.0
TXSD_DELTAE_V3_OFF_20260114,55731,3160,52100,164.6
TXSD_DELTAE_V3_OFF_20260114,55741,3156,51000,161.0
TXSD_DELTAE_V3_OFF_20260114,55751,3160,52200,165.0
TXSD_DELTAE_V3_OFF_20260114,55761,3152,51100,161.1
TXSD_DELTAE_V3_OFF_20260114,55771,3156,52100,164.4
TXSD_DELTAE_V3_OFF_20260114,55781,3152,51200,161.4
TXSD_DELTAE_V3_OFF_20260114,55791,3156,52000,164.1
TXSD_DELTAE_V3_OFF_20260114,55801,3156,51200,161.6
TXSD_DELTAE_V3_OFF_20260114,55811,3156,51700,163.2
TXSD_DELTAE_V3_OFF_20260114,55821,3156,51600,162.8
TXSD_DELTAE_V3_OFF_20260114,55831,3156,51400,162.2
TXSD_DELTAE_V3_OFF_20260114,55841,3156,51800,163.5
TXSD_DELTAE_V3_OFF_20260114,55851,3152,51200,161.4
TXSD_DELTAE_V3_OFF_20260114,55861,3156,52000,164.1
TXSD_DELTAE_V3_OFF_20260114,55871,3152,51000,160.8
TXSD_DELTAE_V3_OFF_20260114,55881,3160,52100,164.6
TXSD_DELTAE_V3_OFF_20260114,55891,3152,50900,160.4
TXSD_DELTAE_V3_OFF_20260114,55901,3160,52200,165.0
TXSD_DELTAE_V3_OFF_20260114,55911,3156,51100,161.3
TXSD_DELTAE_V3_OFF_20260114,55921,3156,52100,164.4
TXSD_DELTAE_V3_OFF_20260114,55931,3156,51200,161.6
TXSD_DELTAE_V3_OFF_20260114,55941,3156,51900,163.8
TXSD_DELTAE_V3_OFF_20260114,55951,3156,51300,161.9
TXSD_DELTAE_V3_OFF_20260114,55961,3156,51400,162.2
TXSD_DELTAE_V3_OFF_20260114,55971,3156,51700,163.2
TXSD_DELTAE_V3_OFF_20260114,55981,3156,51300,161.9
TXSD_DELTAE_V3_OFF_20260114,55991,3156,51900,163.8
TXSD_DELTAE_V3_OFF_20260114,56001,3156,51100,161.3
TXSD_DELTAE_V3_OFF_20260114,56011,3160,52000,164.3
TXSD_DELTAE_V3_OFF_20260114,56021,3156,51000,161.0
TXSD_DELTAE_V3_OFF_20260114,56031,3156,52200,164.7
TXSD_DELTAE_V3_OFF_20260114,56041,3152,51000,160.8
TXSD_DELTAE_V3_OFF_20260114,56051,3160,52200,165.0
TXSD_DELTAE_V3_OFF_20260114,56061,3156,51100,161.3
TXSD_DELTAE_V3_OFF_20260114,56071,3156,52000,164.1
TXSD_DELTAE_V3_OFF_20260114,56081,3156,51400,162.2
TXSD_DELTAE_V3_OFF_20260114,56091,3156,51800,163.5
TXSD_DELTAE_V3_OFF_20260114,56101,3156,51500,162.5
TXSD_DELTAE_V3_OFF_20260114,56111,3156,51400,162.2
TXSD_DELTAE_V3_OFF_20260114,56121,3156,51800,163.5
TXSD_DELTAE_V3_OFF_20260114,56131,3156,51200,161.6
TXSD_DELTAE_V3_OFF_20260114,56141,3156,51900,163.8
TXSD_DELTAE_V3_OFF_20260114,56151,3152,51100,161.1
TXSD_DELTAE_V3_OFF_20260114,56161,3156,52100,164.4
TXSD_DELTAE_V3_OFF_20260114,56171,3152,50900,160.4
TXSD_DELTAE_V3_OFF_20260114,56181,3156,52200,164.7
TXSD_DELTAE_V3_OFF_20260114,56191,3152,51100,161.1
TXSD_DELTAE_V3_OFF_20260114,56201,3160,52100,164.6
TXSD_DELTAE_V3_OFF_20260114,56211,3156,51200,161.6
TXSD_DELTAE_V3_OFF_20260114,56221,3156,52000,164.1
TXSD_DELTAE_V3_OFF_20260114,56231,3156,51200,161.6
TXSD_DELTAE_V3_OFF_20260114,56241,3156,51700,163.2
TXSD_DELTAE_V3_OFF_20260114,56251,3156,51600,162.8
TXSD_DELTAE_V3_OFF_20260114,56261,3156,51300,161.9
TXSD_DELTAE_V3_OFF_20260114,56271,3156,51900,163.8
TXSD_DELTAE_V3_OFF_20260114,56281,3156,51100,161.3
TXSD_DELTAE_V3_OFF_20260114,56291,3160,52000,164.3
TXSD_DELTAE_V3_OFF_20260114,56301,3152,51100,161.1
TXSD_DELTAE_V3_OFF_20260114,56311,3160,52200,165.0
TXSD_DELTAE_V3_OFF_20260114,56321,3156,50900,160.6
TXSD_DELTAE_V3_OFF_20260114,56331,3160,52100,164.6
TXSD_DELTAE_V3_OFF_20260114,56341,3152,51200,161.4
TXSD_DELTAE_V3_OFF_20260114,56351,3160,52000,164.3
TXSD_DELTAE_V3_OFF_20260114,56361,3152,51300,161.7
TXSD_DELTAE_V3_OFF_20260114,56371,3156,51900,163.8
TXSD_DELTAE_V3_OFF_20260114,56381,3156,51300,161.9
TXSD_DELTAE_V3_OFF_20260114,56391,3156,51500,162.5
TXSD_DELTAE_V3_OFF_20260114,56401,3156,51700,163.2
TXSD_DELTAE_V3_OFF_20260114,56411,3156,51300,161.9
TXSD_DELTAE_V3_OFF_20260114,56421,3156,51900,163.8
TXSD_DELTAE_V3_OFF_20260114,56431,3156,51100,161.3
TXSD_DELTAE_V3_OFF_20260114,56441,3160,52100,164.6
TXSD_DELTAE_V3_OFF_20260114,56451,3156,51000,161.0
TXSD_DELTAE_V3_OFF_20260114,56461,3156,52200,164.7
TXSD_DELTAE_V3_OFF_20260114,56471,3156,51000,161.0
TXSD_DELTAE_V3_OFF_20260114,56481,3160,52100,164.6
TXSD_DELTAE_V3_OFF_20260114,56491,3156,51200,161.6
TXSD_DELTAE_V3_OFF_20260114,56501,3156,51900,163.8
TXSD_DELTAE_V3_OFF_20260114,56511,3156,51400,162.2
TXSD_DELTAE_V3_OFF_20260114,56521,3156,51800,163.5
TXSD_DELTAE_V3_OFF_20260114,56531,3156,51500,162.5
TXSD_DELTAE_V3_OFF_20260114,56541,3156,51400,162.2
TXSD_DELTAE_V3_OFF_20260114,56551,3156,51800,163.5
TXSD_DELTAE_V3_OFF_20260114,56561,3156,51200,161.6
TXSD_DELTAE_V3_OFF_20260114,56571,3156,52000,164.1
TXSD_DELTAE_V3_OFF_20260114,56581,3156,51100,161.3
TXSD_DELTAE_V3_OFF_20260114,56591,3156,52100,164.4
TXSD_DELTAE_V3_OFF_20260114,56601,3156,51000,161.0
TXSD_DELTAE_V3_OFF_20260114,56611,3160,52100,164.6
TXSD_DELTAE_V3_OFF_20260114,56621,3152,51100,161.1
TXSD_DELTAE_V3_OFF_20260114,56631,3160,52100,164.6
TXSD_DELTAE_V3_OFF_20260114,56641,3156,51200,161.6
TXSD_DELTAE_V3_OFF_20260114,56651,3156,51900,163.8
TXSD_DELTAE_V3_OFF_20260114,56661,3156,51300,161.9
TXSD_DELTAE_V3_OFF_20260114,56671,3160,51600,163.1
TXSD_DELTAE_V3_OFF_20260114,56681,3156,51600,162.8
TXSD_DELTAE_V3_OFF_20260114,56691,3156,51300,161.9
TXSD_DELTAE_V3_OFF_20260114,56701,3156,51800,163.5
TXSD_DELTAE_V3_OFF_20260114,56711,3156,51200,161.6
TXSD_DELTAE_V3_OFF_20260114,56721,3160,52100,164.6
TXSD_DELTAE_V3_OFF_20260114,56731,3156,51000,161.0
TXSD_DELTAE_V3_OFF_20260114,56741,3156,52200,164.7
TXSD_DELTAE_V3_OFF_20260114,56751,3152,50900,160.4
TXSD_DELTAE_V3_OFF_20260114,56761,3156,52200,164.7
TXSD_DELTAE_V3_OFF_20260114,56771,3152,51100,161.1
TXSD_DELTAE_V3_OFF_20260114,56781,3160,52000,164.3
TXSD_DELTAE_V3_OFF_20260114,56791,3156,51300,161.9
TXSD_DELTAE_V3_OFF_20260114,56801,3156,51900,163.8
TXSD_DELTAE_V3_OFF_20260114,56811,3156,51400,162.2
TXSD_DELTAE_V3_OFF_20260114,56821,3156,51500,162.5
TXSD_DELTAE_V3_OFF_20260114,56831,3156,51700,163.2
TXSD_DELTAE_V3_OFF_20260114,56841,3156,51300,161.9
TXSD_DELTAE_V3_OFF_20260114,56851,3156,52000,164.1
TXSD_DELTAE_V3_OFF_20260114,56861,3156,51000,161.0
TXSD_DELTAE_V3_OFF_20260114,56871,3160,52100,164.6
TXSD_DELTAE_V3_OFF_20260114,56881,3156,50900,160.6
TXSD_DELTAE_V3_OFF_20260114,56891,3160,52100,164.6
TXSD_DELTAE_V3_OFF_20260114,56901,3152,51100,161.1
TXSD_DELTAE_V3_OFF_20260114,56911,3160,52100,164.6
TXSD_DELTAE_V3_OFF_20260114,56921,3156,51100,161.3
TXSD_DELTAE_V3_OFF_20260114,56931,3156,51900,163.8
TXSD_DELTAE_V3_OFF_20260114,56941,3156,51200,161.6
TXSD_DELTAE_V3_OFF_20260114,56951,3156,51800,163.5
TXSD_DELTAE_V3_OFF_20260114,56961,3156,51500,162.5
TXSD_DELTAE_V3_OFF_20260114,56971,3156,51300,161.9
TXSD_DELTAE_V3_OFF_20260114,56981,3156,51800,163.5
TXSD_DELTAE_V3_OFF_20260114,56991,3156,51200,161.6
TXSD_DELTAE_V3_OFF_20260114,57001,3160,52000,164.3
TXSD_DELTAE_V3_OFF_20260114,57011,3156,51100,161.3
TXSD_DELTAE_V3_OFF_20260114,57021,3156,52100,164.4
TXSD_DELTAE_V3_OFF_20260114,57031,3156,51000,161.0
TXSD_DELTAE_V3_OFF_20260114,57041,3160,52100,164.6
TXSD_DELTAE_V3_OFF_20260114,57051,3152,51100,161.1
TXSD_DELTAE_V3_OFF_20260114,57061,3160,52100,164.6
TXSD_DELTAE_V3_OFF_20260114,57071,3156,51200,161.6
TXSD_DELTAE_V3_OFF_20260114,57081,3156,51900,163.8
TXSD_DELTAE_V3_OFF_20260114,57091,3156,51200,161.6
TXSD_DELTAE_V3_OFF_20260114,57101,3156,51600,162.8
TXSD_DELTAE_V3_OFF_20260114,57111,3156,51700,163.2
TXSD_DELTAE_V3_OFF_20260114,57121,3156,51300,161.9
TXSD_DELTAE_V3_OFF_20260114,57131,3156,51900,163.8
TXSD_DELTAE_V3_OFF_20260114,57141,3156,51100,161.3
TXSD_DELTAE_V3_OFF_20260114,57151,3160,52000,164.3
TXSD_DELTAE_V3_OFF_20260114,57161,3156,51000,161.0
TXSD_DELTAE_V3_OFF_20260114,57171,3156,52100,164.4
TXSD_DELTAE_V3_OFF_20260114,57181,3152,51000,160.8
TXSD_DELTAE_V3_OFF_20260114,57191,3160,52100,164.6
TXSD_DELTAE_V3_OFF_20260114,57201,3152,51100,161.1
TXSD_DELTAE_V3_OFF_20260114,57211,3156,52000,164.1
TXSD_DELTAE_V3_OFF_20260114,57221,3156,51300,161.9
TXSD_DELTAE_V3_OFF_20260114,57231,3156,51800,163.5
TXSD_DELTAE_V3_OFF_20260114,57241,3156,51500,162.5
TXSD_DELTAE_V3_OFF_20260114,57251,3156,51400,162.2
TXSD_DELTAE_V3_OFF_20260114,57261,3156,51800,163.5
TXSD_DELTAE_V3_OFF_20260114,57271,3156,51200,161.6
TXSD_DELTAE_V3_OFF_20260114,57281,3156,51900,163.8
TXSD_DELTAE_V3_OFF_20260114,57291,3156,51100,161.3
TXSD_DELTAE_V3_OFF_20260114,57301,3156,52100,164.4
TXSD_DELTAE_V3_OFF_20260114,57311,3152,51000,160.8
TXSD_DELTAE_V3_OFF_20260114,57321,3160,52200,165.0
TXSD_DELTAE_V3_OFF_20260114,57331,3156,51000,161.0
TXSD_DELTAE_V3_OFF_20260114,57341,3160,52100,164.6
TXSD_DELTAE_V3_OFF_20260114,57351,3156,51200,161.6
TXSD_DELTAE_V3_OFF_20260114,57361,3156,51900,163.8
TXSD_DELTAE_V3_OFF_20260114,57371,3156,51300,161.9
TXSD_DELTAE_V3_OFF_20260114,57381,3156,51700,163.2
TXSD_DELTAE_V3_OFF_20260114,57391,3156,51500,162.5
TXSD_DELTAE_V3_OFF_20260114,57401,3156,51400,162.2
TXSD_DELTAE_V3_OFF_20260114,57411,3156,51900,163.8
TXSD_DELTAE_V3_OFF_20260114,57421,3156,51200,161.6
TXSD_DELTAE_V3_OFF_20260114,57431,3156,52000,164.1
TXSD_DELTAE_V3_OFF_20260114,57441,3152,51100,161.1
TXSD_DELTAE_V3_OFF_20260114,57451,3156,52100,164.4
TXSD_DELTAE_V3_OFF_20260114,57461,3156,50900,160.6
TXSD_DELTAE_V3_OFF_20260114,57471,3160,52200,165.0
TXSD_DELTAE_V3_OFF_20260114,57481,3152,51100,161.1
TXSD_DELTAE_V3_OFF_20260114,57491,3156,52000,164.1
TXSD_DELTAE_V3_OFF_20260114,57501,3156,51200,161.6
TXSD_DELTAE_V3_OFF_20260114,57511,3156,51900,163.8
TXSD_DELTAE_V3_OFF_20260114,57521,3156,51300,161.9
TXSD_DELTAE_V3_OFF_20260114,57531,3156,51600,162.8
TXSD_DELTAE_V3_OFF_20260114,57541,3156,51600,162.8
TXSD_DELTAE_V3_OFF_20260114,57551,3156,51300,161.9
TXSD_DELTAE_V3_OFF_20260114,57561,3156,52000,164.1
TXSD_DELTAE_V3_OFF_20260114,57571,3156,51100,161.3
TXSD_DELTAE_V3_OFF_20260114,57581,3160,52000,164.3
TXSD_DELTAE_V3_OFF_20260114,57591,3152,51000,160.8
TXSD_DELTAE_V3_OFF_20260114,57601,3156,52200,164.7
TXSD_DELTAE_V3_OFF_20260114,57611,3156,51000,161.0
TXSD_DELTAE_V3_OFF_20260114,57621,3160,52100,164.6
TXSD_DELTAE_V3_OFF_20260114,57631,3156,51200,161.6
TXSD_DELTAE_V3_OFF_20260114,57641,3160,51900,164.0
TXSD_DELTAE_V3_OFF_20260114,57651,3152,51400,162.0
TXSD_DELTAE_V3_OFF_20260114,57661,3156,51800,163.5
TXSD_DELTAE_V3_OFF_20260114,57671,3156,51400,162.2
TXSD_DELTAE_V3_OFF_20260114,57681,3156,51500,162.5
TXSD_DELTAE_V3_OFF_20260114,57691,3156,51700,163.2
TXSD_DELTAE_V3_OFF_20260114,57701,3156,51200,161.6
TXSD_DELTAE_V3_OFF_20260114,57711,3160,52000,164.3
TXSD_DELTAE_V3_OFF_20260114,57721,3152,51100,161.1
TXSD_DELTAE_V3_OFF_20260114,57731,3160,52000,164.3
TXSD_DELTAE_V3_OFF_20260114,57741,3152,51000,160.8
TXSD_DELTAE_V3_OFF_20260114,57751,3160,52200,165.0
TXSD_DELTAE_V3_OFF_20260114,57761,3152,51100,161.1
TXSD_DELTAE_V3_OFF_20260114,57771,3160,52100,164.6
TXSD_DELTAE_V3_OFF_20260114,57781,3156,51200,161.6
TXSD_DELTAE_V3_OFF_20260114,57791,3156,51900,163.8
TXSD_DELTAE_V3_OFF_20260114,57801,3156,51200,161.6
TXSD_DELTAE_V3_OFF_20260114,57811,3156,51700,163.2
TXSD_DELTAE_V3_OFF_20260114,57821,3156,51600,162.8
TXSD_DELTAE_V3_OFF_20260114,57831,3156,51300,161.9
TXSD_DELTAE_V3_OFF_20260114,57841,3156,51900,163.8
TXSD_DELTAE_V3_OFF_20260114,57851,3156,51100,161.3
TXSD_DELTAE_V3_OFF_20260114,57861,3156,52000,164.1
TXSD_DELTAE_V3_OFF_20260114,57871,3152,51100,161.1
TXSD_DELTAE_V3_OFF_20260114,57881,3156,52100,164.4
TXSD_DELTAE_V3_OFF_20260114,57891,3156,51000,161.0
TXSD_DELTAE_V3_OFF_20260114,57901,3156,52200,164.7
TXSD_DELTAE_V3_OFF_20260114,57911,3156,51100,161.3
TXSD_DELTAE_V3_OFF_20260114,57921,3160,52000,164.3
TXSD_DELTAE_V3_OFF_20260114,57931,3156,51200,161.6
TXSD_DELTAE_V3_OFF_20260114,57941,3160,51900,164.0
TXSD_DELTAE_V3_OFF_20260114,57951,3156,51300,161.9
TXSD_DELTAE_V3_OFF_20260114,57961,3156,51500,162.5
TXSD_DELTAE_V3_OFF_20260114,57971,3156,51700,163.2
TXSD_DELTAE_V3_OFF_20260114,57981,3156,51200,161.6
TXSD_DELTAE_V3_OFF_20260114,57991,3156,51900,163.8
TXSD_DELTAE_V3_OFF_20260114,58001,3152,51100,161.1
TXSD_DELTAE_V3_OFF_20260114,58011,3156,52100,164.4
TXSD_DELTAE_V3_OFF_20260114,58021,3156,51000,161.0
TXSD_DELTAE_V3_OFF_20260114,58031,3160,52100,164.6
TXSD_DELTAE_V3_OFF_20260114,58041,3156,51000,161.0
TXSD_DELTAE_V3_OFF_20260114,58051,3156,52100,164.4
TXSD_DELTAE_V3_OFF_20260114,58061,3156,51200,161.6
TXSD_DELTAE_V3_OFF_20260114,58071,3156,52000,164.1
TXSD_DELTAE_V3_OFF_20260114,58081,3156,51300,161.9
TXSD_DELTAE_V3_OFF_20260114,58091,3156,51700,163.2
TXSD_DELTAE_V3_OFF_20260114,58101,3156,51500,162.5
TXSD_DELTAE_V3_OFF_20260114,58111,3156,51400,162.2
TXSD_DELTAE_V3_OFF_20260114,58121,3156,51800,163.5
TXSD_DELTAE_V3_OFF_20260114,58131,3156,51200,161.6
TXSD_DELTAE_V3_OFF_20260114,58141,3160,52000,164.3
TXSD_DELTAE_V3_OFF_20260114,58151,3152,51000,160.8
TXSD_DELTAE_V3_OFF_20260114,58161,3156,52100,164.4
TXSD_DELTAE_V3_OFF_20260114,58171,3152,51000,160.8
TXSD_DELTAE_V3_OFF_20260114,58181,3160,52200,165.0
TXSD_DELTAE_V3_OFF_20260114,58191,3152,51100,161.1
TXSD_DELTAE_V3_OFF_20260114,58201,3160,52100,164.6
TXSD_DELTAE_V3_OFF_20260114,58211,3156,51200,161.6
TXSD_DELTAE_V3_OFF_20260114,58221,3156,52000,164.1
TXSD_DELTAE_V3_OFF_20260114,58231,3156,51200,161.6
TXSD_DELTAE_V3_OFF_20260114,58241,3156,51600,162.8
TXSD_DELTAE_V3_OFF_20260114,58251,3156,51600,162.8
TXSD_DELTAE_V3_OFF_20260114,58261,3156,51300,161.9
TXSD_DELTAE_V3_OFF_20260114,58271,3156,51800,163.5
TXSD_DELTAE_V3_OFF_20260114,58281,3156,51100,161.3
TXSD_DELTAE_V3_OFF_20260114,58291,3156,52000,164.1
TXSD_DELTAE_V3_OFF_20260114,58301,3156,51000,161.0
TXSD_DELTAE_V3_OFF_20260114,58311,3160,52200,165.0
TXSD_DELTAE_V3_OFF_20260114,58321,3152,50900,160.4
TXSD_DELTAE_V3_OFF_20260114,58331,3160,52200,165.0
TXSD_DELTAE_V3_OFF_20260114,58341,3156,51100,161.3
TXSD_DELTAE_V3_OFF_20260114,58351,3156,51900,163.8
TXSD_DELTAE_V3_OFF_20260114,58361,3152,51200,161.4
TXSD_DELTAE_V3_OFF_20260114,58371,3156,51900,163.8
TXSD_DELTAE_V3_OFF_20260114,58381,3156,51300,161.9
TXSD_DELTAE_V3_OFF_20260114,58391,3156,51500,162.5
TXSD_DELTAE_V3_OFF_20260114,58401,3156,51700,163.2
TXSD_DELTAE_V3_OFF_20260114,58411,3156,51200,161.6
TXSD_DELTAE_V3_OFF_20260114,58421,3156,52000,164.1
TXSD_DELTAE_V3_OFF_20260114,58431,3152,51100,161.1
TXSD_DELTAE_V3_OFF_20260114,58441,3156,52100,164.4
TXSD_DELTAE_V3_OFF_20260114,58451,3156,51100,161.3
TXSD_DELTAE_V3_OFF_20260114,58461,3160,52100,164.6
TXSD_DELTAE_V3_OFF_20260114,58471,3152,51100,161.1
TXSD_DELTAE_V3_OFF_20260114,58481,3160,52100,164.6
TXSD_DELTAE_V3_OFF_20260114,58491,3152,51100,161.1
TXSD_DELTAE_V3_OFF_20260114,58501,3160,51900,164.0
TXSD_DELTAE_V3_OFF_20260114,58511,3152,51400,162.0
TXSD_DELTAE_V3_OFF_20260114,58521,3160,51800,163.7
TXSD_DELTAE_V3_OFF_20260114,58531,3156,51500,162.5
TXSD_DELTAE_V3_OFF_20260114,58541,3156,51400,162.2
TXSD_DELTAE_V3_OFF_20260114,58551,3156,51800,163.5
TXSD_DELTAE_V3_OFF_20260114,58561,3156,51200,161.6
TXSD_DELTAE_V3_OFF_20260114,58571,3160,52000,164.3
TXSD_DELTAE_V3_OFF_20260114,58581,3156,51100,161.3
TXSD_DELTAE_V3_OFF_20260114,58591,3156,52100,164.4
TXSD_DELTAE_V3_OFF_20260114,58601,3152,51000,160.8
TXSD_DELTAE_V3_OFF_20260114,58611,3156,52200,164.7
TXSD_DELTAE_V3_OFF_20260114,58621,3156,51100,161.3
TXSD_DELTAE_V3_OFF_20260114,58631,3156,52000,164.1
TXSD_DELTAE_V3_OFF_20260114,58641,3152,51300,161.7
TXSD_DELTAE_V3_OFF_20260114,58651,3160,51900,164.0
TXSD_DELTAE_V3_OFF_20260114,58661,3156,51200,161.6
TXSD_DELTAE_V3_OFF_20260114,58671,3156,51600,162.8
TXSD_DELTAE_V3_OFF_20260114,58681,3156,51700,163.2
TXSD_DELTAE_V3_OFF_20260114,58691,3156,51300,161.9
TXSD_DELTAE_V3_OFF_20260114,58701,3156,51900,163.8
TXSD_DELTAE_V3_OFF_20260114,58711,3156,51100,161.3
TXSD_DELTAE_V3_OFF_20260114,58721,3160,52100,164.6
TXSD_DELTAE_V3_OFF_20260114,58731,3152,51000,160.8
TXSD_DELTAE_V3_OFF_20260114,58741,3160,52200,165.0
TXSD_DELTAE_V3_OFF_20260114,58751,3156,51000,161.0
TXSD_DELTAE_V3_OFF_20260114,58761,3160,52200,165.0
TXSD_DELTAE_V3_OFF_20260114,58771,3152,51200,161.4
TXSD_DELTAE_V3_OFF_20260114,58781,3160,52000,164.3
TXSD_DELTAE_V3_OFF_20260114,58791,3156,51300,161.9
TXSD_DELTAE_V3_OFF_20260114,58801,3160,51900,164.0
TXSD_DELTAE_V3_OFF_20260114,58811,3156,51400,162.2
TXSD_DELTAE_V3_OFF_20260114,58821,3156,51500,162.5
TXSD_DELTAE_V3_OFF_20260114,58831,3156,51800,163.5
TXSD_DELTAE_V3_OFF_20260114,58841,3156,51300,161.9
TXSD_DELTAE_V3_OFF_20260114,58851,3156,52000,164.1
TXSD_DELTAE_V3_OFF_20260114,58861,3156,50900,160.6
TXSD_DELTAE_V3_OFF_20260114,58871,3156,51900,163.8
TXSD_DELTAE_V3_OFF_20260114,58881,3156,50800,160.3
TXSD_DELTAE_V3_OFF_20260114,58891,3160,52000,164.3
TXSD_DELTAE_V3_OFF_20260114,58901,3156,50900,160.6
TXSD_DELTAE_V3_OFF_20260114,58911,3160,51900,164.0
TXSD_DELTAE_V3_OFF_20260114,58921,3156,51100,161.3
TXSD_DELTAE_V3_OFF_20260114,58931,3160,51800,163.7
TXSD_DELTAE_V3_OFF_20260114,58941,3156,51100,161.3
TXSD_DELTAE_V3_OFF_20260114,58951,3156,51500,162.5
# summary, ms_total=58955, adv_count=0, E_total_mJ=9597.502, E_per_adv_uJ=0.0
# diag, samples=5895, rate_hz=99.99, mean_v=3.157, mean_i=51.562, mean_p_mW=162.8, parse_drop=0
