condition,n_trials,pout_1s_mean,pout_1s_std,tl_mean_s_mean,tl_mean_s_std,pdr_unique_mean,pdr_unique_std,rx_tag_share100_time_est_mean,rx_tag_share100_time_est_std,avg_power_mW_mean,avg_power_mW_std,adv_count_mean,adv_count_std
S4_ablation_u_shuf,3,0.04878,0.0,1.233508,0.005438,0.788144,0.006908,0.943487,0.000475,208.108,0.262,1715.0,0.0
S4_fixed100,3,0.04878,0.0,1.240289,0.007648,0.786748,0.00675,1.0,0.0,208.185,1.254,1796.0,0.0
S4_fixed500,3,0.130081,0.014082,1.586594,0.057463,0.81337,0.004825,0.000456,0.000395,187.93,0.766,359.0,0.0
S4_policy,3,0.097561,0.02439,1.277996,0.013985,0.789459,0.003852,0.592897,0.008899,200.531,0.771,1227.0,0.0
