k,transition_step,delta_out_rate,cum_frac_of_positive_delta
1,1128,0.3333333333333333,0.5
2,1404,0.3333333333333333,1.0
